strategy,date,event_hour,slot_j,slot_label,old_kwh,new_kwh,delta_kwh,legal
D,2025-01-01,6,41,7:0-7:10,232.0971303817321,524.0331553817336,291.93602500000156,True
D,2025-01-01,6,42,7:10-7:20,788.3634166666665,788.7710166666666,0.40760000000011587,True
D,2025-01-01,6,43,7:20-7:30,743.91305,744.7240166666666,0.8109666666665589,True
D,2025-01-01,6,44,7:30-7:40,699.4626833333332,700.6770166666665,1.214333333333343,True
D,2025-01-01,6,45,7:40-7:50,1488.3456499999998,1489.96335,1.6177000000002408,True
D,2025-01-01,6,65,11:00-11:10,702.4814999999999,796.6017666666665,94.12026666666668,True
D,2025-01-01,6,66,11:10-11:20,703.8131472222221,800.5376055555555,96.72445833333336,True
D,2025-01-01,6,67,11:20-11:30,705.1447944444443,804.4734444444443,99.32865000000004,True
D,2025-01-01,6,68,11:30-11:40,706.4764416666666,808.4092833333333,101.93284166666672,True
D,2025-01-01,6,69,11:40-11:50,707.8080888888888,812.345122222222,104.53703333333317,True
D,2025-01-01,6,70,11:50-12:00,709.139736111111,816.280961111111,107.14122499999996,True
D,2025-01-01,6,71,12:00-12:10,710.4713833333333,820.2167999999999,109.74541666666664,True
D,2025-01-01,6,72,12:10-12:20,701.8540305555555,813.6751027777776,111.82107222222214,True
D,2025-01-01,6,73,12:20-12:30,693.2366777777777,807.1334055555553,113.89672777777764,True
D,2025-01-01,6,74,12:30-12:40,684.6193249999999,800.5917083333333,115.97238333333337,True
D,2025-01-01,6,75,12:40-12:50,676.0019722222222,794.050011111111,118.04803888888875,True
D,2025-01-01,6,76,12:50-13:00,18.198951427702013,610.9851535881961,592.7862021604941,True
D,2025-01-01,6,90,15:10-15:20,1125.187197222222,1122.2159888888887,-2.9712083333333794,True
D,2025-01-01,6,101,17:00-17:10,832.8007333333333,832.8273499999999,0.026616666666654965,True
D,2025-01-01,6,102,17:10-17:20,832.8894999999999,832.9116805555554,0.02218055555556475,True
D,2025-01-01,6,103,17:20-17:30,832.9782666666666,832.9960111111111,0.01774444444447454,True
D,2025-01-01,6,104,17:30-17:40,833.0670333333333,833.0803416666666,0.013308333333384326,True
D,2025-01-01,6,105,17:40-17:50,833.1557999999999,833.1646722222221,0.008872222222180426,True
D,2025-01-01,6,106,17:50-18:00,833.2445666666666,833.2490027777777,0.004436111111090213,True
D,2025-01-01,12,71,12:00-12:10,820.2167999999999,757.4164833333332,-62.80031666666673,True
D,2025-01-01,12,72,12:10-12:20,813.6751027777776,760.8906861111109,-52.78441666666674,True
D,2025-01-01,12,73,12:20-12:30,807.1334055555553,764.3648888888887,-42.76851666666664,True
D,2025-01-01,12,74,12:30-12:40,800.5917083333333,767.8390916666666,-32.752616666666654,True
D,2025-01-01,12,75,12:40-12:50,794.050011111111,771.3132944444444,-22.736716666666553,True
D,2025-01-01,12,76,12:50-13:00,610.9851535881961,774.7874972222221,163.802343634026,True
D,2025-01-01,12,89,15:00-15:10,284.1189950617259,1105.7448,821.6258049382741,True
D,2025-01-01,12,90,15:10-15:20,1122.2159888888887,1157.448011111111,35.23202222222244,True
D,2025-01-01,12,91,15:20-15:30,345.8165444444446,1209.1512222222223,863.3346777777776,True
D,2025-01-01,12,92,15:30-15:40,399.7792249999998,950.0417949462197,550.2625699462199,True
D,2025-01-01,12,93,15:40-15:50,453.7419055555554,479.22431111111104,25.48240555555566,True
D,2025-01-01,12,94,15:50-16:00,507.70458611111127,530.9275222222223,23.222936111110982,True
D,2025-01-01,12,95,16:00-16:10,561.6672666666665,582.6307333333333,20.963466666666818,True
D,2025-01-01,12,96,16:10-16:20,606.8561777777779,624.3349944444445,17.478816666666603,True
D,2025-01-01,12,97,16:20-16:30,652.0450888888887,666.0392555555554,13.994166666666729,True
D,2025-01-01,12,98,16:30-16:40,697.234,707.7435166666666,10.509516666666514,True
D,2025-01-01,12,99,16:40-16:50,742.4229111111114,749.4477777777778,7.024866666666412,True
D,2025-01-01,12,100,16:50-17:00,787.6118222222219,791.1520388888887,3.5402166666667654,True
D,2025-01-01,12,101,17:00-17:10,832.8273499999999,832.8562999999999,0.028950000000008913,True
D,2025-01-01,12,102,17:10-17:20,832.9116805555554,832.9358055555555,0.024125000000026375,True
D,2025-01-01,12,103,17:20-17:30,832.9960111111111,833.015311111111,0.01929999999993015,True
D,2025-01-01,12,104,17:30-17:40,833.0803416666666,833.0948166666666,0.014474999999947613,True
D,2025-01-01,12,105,17:40-17:50,833.1646722222221,833.1743222222221,0.009650000000078762,True
D,2025-01-01,12,106,17:50-18:00,833.2490027777777,833.2538277777777,0.004824999999982538,True
D,2025-01-01,18,115,19:20-19:30,0.0,613.7884628817345,613.7884628817345,True
D,2025-01-01,18,121,20:20-20:30,59.307005381733106,833.3333333333333,774.0263279516001,True
D,2025-01-02,6,36,6:10-6:20,73.30650555555553,73.30228888888882,-0.0042166666667071695,True
D,2025-01-02,6,37,6:20-6:30,885.7954777777777,885.7870444444444,-0.008433333333300652,True
D,2025-01-02,6,38,6:30-6:40,899.4399666666666,899.4273166666666,-0.012650000000007822,True
D,2025-01-02,6,39,6:40-6:50,907.1934055555556,907.1765388888889,-0.01686666666671499,True
D,2025-01-02,6,40,6:50-7:00,906.5167777777776,906.4956944444443,-0.021083333333308474,True
D,2025-01-02,6,41,7:0-7:10,904.5449333333333,904.5196333333333,-0.025300000000015643,True
D,2025-01-02,6,42,7:10-7:20,867.7543333333332,866.9429305555554,-0.8114027777777437,True
D,2025-01-02,6,43,7:20-7:30,1023.6606851851831,1022.0631796296275,-1.5975055555555855,True
D,2025-01-02,6,44,7:30-7:40,1626.7422333333332,1624.3586249999998,-2.3836083333333136,True
D,2025-01-02,6,45,7:40-7:50,1562.91325,1559.743538888889,-3.1697111111111553,True
D,2025-01-02,6,46,7:50-8:00,815.96315,812.0073361111112,-3.9558138888888834,True
D,2025-01-02,6,47,8:00-8:10,148.54453333333333,143.80261666666672,-4.7419166666666115,True
D,2025-01-02,6,48,8:10-8:20,134.69719444444468,123.65613888888902,-11.041055555555658,True
D,2025-01-02,6,49,8:20-8:30,54.63345555555543,37.293261111111065,-17.340194444444364,True
D,2025-01-02,6,50,8:30-8:40,13.610166666666714,0.0,-13.610166666666714,True
D,2025-01-02,6,56,9:30-9:40,179.64427760395574,0.0,-179.64427760395574,True
D,2025-01-02,6,57,9:40-9:50,658.1572166666667,569.6243000000001,-88.53291666666667,True
D,2025-01-02,6,58,9:50-10:00,639.82765,529.3749720483995,-110.45267795160044,True
D,2025-01-02,6,61,10:20-10:30,519.0128555555555,0.0,-519.0128555555555,True
D,2025-01-02,6,62,10:30-10:40,468.82090000000005,379.74389166666674,-89.07700833333331,True
D,2025-01-02,6,64,10:50-11:00,439.78762222222224,365.67994166666676,-74.10768055555548,True
D,2025-01-02,6,65,11:00-11:10,1231.4835666666668,1164.8605499999999,-66.6230166666669,True
D,2025-01-02,6,66,11:10-11:20,1211.4106666666667,1138.0763749999999,-73.33429166666679,True
D,2025-01-02,6,67,11:20-11:30,1211.0800166666666,1131.0344499999999,-80.04556666666667,True
D,2025-01-02,6,68,11:30-11:40,1216.3797,1129.6228583333332,-86.75684166666679,True
D,2025-01-02,6,69,11:40-11:50,1185.32385,1091.8557333333333,-93.46811666666667,True
D,2025-01-02,6,70,11:50-12:00,1126.8655166666663,1026.6861249999997,-100.17939166666656,True
D,2025-01-02,6,71,12:00-12:10,1092.6308333333332,985.7401666666665,-106.89066666666668,True
D,2025-01-02,6,72,12:10-12:20,1118.276061111111,1009.901686111111,-108.37437499999999,True
D,2025-01-02,6,73,12:20-12:30,1092.953022222222,983.0949388888887,-109.8580833333333,True
D,2025-01-02,6,74,12:30-12:40,1033.3987666666667,922.056975,-111.34179166666672,True
D,2025-01-02,6,75,12:40-12:50,1068.055111111111,955.2296111111111,-112.82549999999992,True
D,2025-01-02,6,76,12:50-13:00,1092.0088722222222,977.6996638888888,-114.30920833333334,True
D,2025-01-02,6,77,13:00-13:10,238.45169999999985,122.65878333333319,-115.79291666666666,True
D,2025-01-02,6,93,15:40-15:50,1336.416390316593,848.5863532795586,-487.83003703703434,True
D,2025-01-02,6,94,15:50-16:00,703.8511250000003,721.950627777778,18.09950277777773,True
D,2025-01-02,6,95,16:00-16:10,760.7750000000001,774.3216666666667,13.546666666666624,True
D,2025-01-02,6,96,16:10-16:20,818.4378166666669,829.7697999999997,11.3319833333328,True
D,2025-01-02,6,97,16:20-16:30,861.7280666666661,870.8453666666667,9.117300000000569,True
D,2025-01-02,6,98,16:30-16:40,894.7191166666667,901.6217333333333,6.902616666666631,True
D,2025-01-02,6,99,16:40-16:50,936.3891500000003,941.0770833333331,4.687933333332808,True
D,2025-01-02,6,100,16:50-17:00,997.7696999999995,1000.2429500000001,2.4732500000005757,True
D,2025-01-02,6,101,17:00-17:10,1063.4982333333332,1063.7567999999999,0.2585666666666384,True
D,2025-01-02,6,102,17:10-17:20,1053.0762999999997,1053.2917722222219,0.21547222222216078,True
D,2025-01-02,6,103,17:20-17:30,1027.3488333333332,1027.521211111111,0.17237777777768315,True
D,2025-01-02,6,104,17:30-17:40,1031.3257833333332,1031.4550666666667,0.1292833333334329,True
D,2025-01-02,6,105,17:40-17:50,1076.9694166666666,1077.0556055555555,0.08618888888895526,True
D,2025-01-02,6,106,17:50-18:00,960.4476333333332,960.4907277777777,0.04309444444447763,True
D,2025-01-02,12,71,12:00-12:10,985.7401666666665,1006.9952999999998,21.255133333333333,True
D,2025-01-02,12,72,12:10-12:20,1009.901686111111,1042.9940194444443,33.092333333333386,True
D,2025-01-02,12,73,12:20-12:30,983.0949388888887,1028.0244722222221,44.92953333333344,True
D,2025-01-02,12,74,12:30-12:40,922.056975,978.8237083333335,56.76673333333349,True
D,2025-01-02,12,75,12:40-12:50,955.2296111111111,1023.8335444444444,68.60393333333332,True
D,2025-01-02,12,76,12:50-13:00,977.6996638888888,673.4860631367831,-304.2136007521058,True
D,2025-01-02,12,77,13:00-13:10,122.65878333333319,214.9371166666665,92.27833333333331,True
D,2025-01-02,12,79,13:20-13:30,0.0,62.43822499999766,62.43822499999766,True
D,2025-01-02,12,89,15:00-15:10,1261.1087499999999,1339.816733333333,78.70798333333323,True
D,2025-01-02,12,90,15:10-15:20,1360.4917583333333,1431.2426916666664,70.75093333333302,True
D,2025-01-02,12,91,15:20-15:30,1436.2767833333335,1499.0706666666665,62.79388333333304,True
D,2025-01-02,12,92,15:30-15:40,1463.2985416666663,1518.1353749999998,54.836833333333516,True
D,2025-01-02,12,93,15:40-15:50,848.5863532795586,1538.9862999999998,690.3999467204412,True
D,2025-01-02,12,94,15:50-16:00,721.950627777778,742.7738583333334,20.82323055555537,True
D,2025-01-02,12,95,16:00-16:10,774.3216666666667,791.7406833333334,17.41901666666672,True
D,2025-01-02,12,96,16:10-16:20,829.7697999999997,844.2868388888888,14.517038888889147,True
D,2025-01-02,12,97,16:20-16:30,870.8453666666667,882.4604277777775,11.615061111110776,True
D,2025-01-02,12,98,16:30-16:40,901.6217333333333,910.3348166666666,8.713083333333316,True
D,2025-01-02,12,99,16:40-16:50,941.0770833333331,946.8881888888889,5.811105555555741,True
D,2025-01-02,12,100,16:50-17:00,1000.2429500000001,1003.1520777777775,2.909127777777485,True
D,2025-01-02,12,101,17:00-17:10,1063.7567999999999,1063.76395,0.007150000000137879,True
D,2025-01-02,12,102,17:10-17:20,1053.2917722222219,1053.2977305555553,0.005958333333410337,True
D,2025-01-02,12,103,17:20-17:30,1027.521211111111,1027.5259777777776,0.004766666666682795,True
D,2025-01-02,12,104,17:30-17:40,1031.4550666666667,1031.4586416666666,0.003574999999955253,True
D,2025-01-02,12,105,17:40-17:50,1077.0556055555555,1077.0579888888888,0.0023833333332277107,True
D,2025-01-02,12,106,17:50-18:00,960.4907277777777,960.4919194444443,0.0011916666666138553,True
D,2025-01-02,18,108,18:10-18:20,529.4396887150676,543.3400720484021,13.900383333334503,True
D,2025-01-03,6,36,6:10-6:20,111.84202037037039,111.81811759259267,-0.023902777777720985,True
D,2025-01-03,6,37,6:20-6:30,934.6969648148149,934.6491592592594,-0.04780555555555566,True
D,2025-01-03,6,38,6:30-6:40,917.0638814814814,916.9921731481481,-0.07170833333327664,True
D,2025-01-03,6,39,6:40-6:50,908.7051185185185,908.6095074074074,-0.09561111111111131,True
D,2025-01-03,6,40,6:50-7:00,911.1911388888889,911.0716249999999,-0.11951388888894598,True
D,2025-01-03,6,41,7:0-7:10,917.9592444444445,917.8158277777778,-0.14341666666666697,True
D,2025-01-03,6,42,7:10-7:20,881.207211111111,880.2600555555555,-0.9471555555554687,True
D,2025-01-03,6,43,7:20-7:30,1039.1094462962942,1037.3585518518498,-1.7508944444443841,True
D,2025-01-03,6,44,7:30-7:40,1630.8086722222222,1628.2540388888888,-2.5546333333334132,True
D,2025-01-03,6,45,7:40-7:50,1520.7481259259257,1517.3897537037037,-3.3583722222219876,True
D,2025-01-03,6,46,7:50-8:00,758.5545037037039,754.3923925925927,-4.16211111111113,True
D,2025-01-03,6,47,8:00-8:10,119.3697666666668,114.40391666666687,-4.965849999999932,True
D,2025-01-03,6,48,8:10-8:20,122.28640555555558,110.86654999999996,-11.419855555555614,True
D,2025-01-03,6,49,8:20-8:30,35.34674999999993,17.472888888888974,-17.873861111110955,True
D,2025-01-03,6,57,9:40-9:50,511.69286111111137,453.48506666666685,-58.20779444444452,True
D,2025-01-03,6,58,9:50-10:00,284.83617297432704,0.0,-284.83617297432704,True
D,2025-01-03,6,62,10:30-10:40,355.0002685185186,12.160208159509352,-342.84006035900927,True
D,2025-01-03,6,65,11:00-11:10,1103.0045277777779,1067.763861111111,-35.24066666666681,True
D,2025-01-03,6,66,11:10-11:20,1065.8833833333333,1033.431911111111,-32.451472222222264,True
D,2025-01-03,6,67,11:20-11:30,1045.701624074074,1016.0393462962963,-29.662277777777717,True
D,2025-01-03,6,68,11:30-11:40,1042.4536944444442,1015.580611111111,-26.87308333333317,True
D,2025-01-03,6,69,11:40-11:50,1035.8180277777776,1011.7341388888885,-24.083888888889078,True
D,2025-01-03,6,70,11:50-12:00,979.8548666666666,958.560172222222,-21.29469444444453,True
D,2025-01-03,6,71,12:00-12:10,894.1671203703702,875.6616203703702,-18.505499999999984,True
D,2025-01-03,6,72,12:10-12:20,903.2058953703702,874.2844953703705,-28.92139999999972,True
D,2025-01-03,6,73,12:20-12:30,931.531527777778,892.1942277777779,-39.33730000000014,True
D,2025-01-03,6,74,12:30-12:40,970.907621296296,921.154421296296,-49.75319999999999,True
D,2025-01-03,6,75,12:40-12:50,1034.1486833333333,973.9795833333333,-60.16910000000007,True
D,2025-01-03,6,76,12:50-13:00,1082.3734638888889,1011.7884638888886,-70.58500000000026,True
D,2025-01-03,6,77,13:00-13:10,283.9720111111112,281.98127642770214,-1.9907346834090731,True
D,2025-01-03,6,79,13:20-13:30,0.0,177.87471296296417,177.87471296296417,True
D,2025-01-03,6,89,15:00-15:10,1309.3244907407407,1386.230774074074,76.90628333333325,True
D,2025-01-03,6,90,15:10-15:20,1390.3211370370368,1457.7454175925925,67.4242805555557,True
D,2025-01-03,6,91,15:20-15:30,1434.7549314814814,1492.6972092592594,57.94227777777792,True
D,2025-01-03,6,92,15:30-15:40,1453.6602611111111,1502.1205361111113,48.46027500000014,True
D,2025-01-03,6,93,15:40-15:50,1402.6817695346997,1573.518024074074,170.8362545393743,True
D,2025-01-03,6,94,15:50-16:00,770.5150351851854,800.0113046296299,29.496269444444465,True
D,2025-01-03,6,95,16:00-16:10,809.700475925926,829.7147425925926,20.014266666666686,True
D,2025-01-03,6,96,16:10-16:20,853.6037703703707,870.3017203703703,16.697949999999537,True
D,2025-01-03,6,97,16:20-16:30,892.7310574074072,906.112690740741,13.381633333333752,True
D,2025-01-03,6,98,16:30-16:40,919.4814148148148,929.5467314814814,10.065316666666604,True
D,2025-01-03,6,99,16:40-16:50,962.4384777777781,969.1874777777776,6.748999999999569,True
D,2025-01-03,6,100,16:50-17:00,1012.6078555555555,1016.0405388888893,3.4326833333337845,True
D,2025-01-03,6,101,17:00-17:10,1053.7814277777777,1053.8977944444443,0.11636666666663587,True
D,2025-01-03,6,102,17:10-17:20,1038.4936175925925,1038.5905898148146,0.09697222222212076,True
D,2025-01-03,6,103,17:20-17:30,1022.8364592592594,1022.9140370370372,0.07757777777783303,True
D,2025-01-03,6,104,17:30-17:40,1030.2130287037037,1030.271212037037,0.05818333333331793,True
D,2025-01-03,6,105,17:40-17:50,1052.3748425925926,1052.4136314814814,0.03878888888880283,True
D,2025-01-03,6,106,17:50-18:00,958.4702064814815,958.4896009259259,0.019394444444401415,True
D,2025-01-03,12,71,12:00-12:10,875.6616203703702,68.47313703703685,-807.1884833333334,True
D,2025-01-03,12,72,12:10-12:20,874.2844953703705,67.87014537037021,-806.4143500000002,True
D,2025-01-03,12,73,12:20-12:30,892.1942277777779,86.55401111111132,-805.6402166666666,True
D,2025-01-03,12,74,12:30-12:40,921.154421296296,116.28833796296283,-804.8660833333332,True
D,2025-01-03,12,75,12:40-12:50,973.9795833333333,169.88763333333338,-804.0919499999999,True
D,2025-01-03,12,76,12:50-13:00,1011.7884638888886,208.47064722222206,-803.3178166666665,True
D,2025-01-03,12,77,13:00-13:10,281.98127642770214,233.76076111111115,-48.22051531659099,True
D,2025-01-03,12,79,13:20-13:30,177.87471296296417,7.2059079629608505,-170.66880500000332,True
D,2025-01-03,12,89,15:00-15:10,1386.230774074074,1377.0079240740738,-9.222850000000108,True
D,2025-01-03,12,90,15:10-15:20,1457.7454175925925,1444.951575925926,-12.793841666666594,True
D,2025-01-03,12,91,15:20-15:30,1492.6972092592594,1476.3323759259258,-16.364833333333536,True
D,2025-01-03,12,92,15:30-15:40,1502.1205361111113,1482.1847111111113,-19.935825000000023,True
D,2025-01-03,12,93,15:40-15:50,1573.518024074074,1550.0112074074075,-23.50681666666651,True
D,2025-01-03,12,94,15:50-16:00,800.0113046296299,772.9334962962963,-27.077808333333564,True
D,2025-01-03,12,95,16:00-16:10,829.7147425925926,809.7004759259258,-20.0142666666668,True
D,2025-01-03,12,96,16:10-16:20,870.3017203703703,853.6037703703705,-16.697949999999764,True
D,2025-01-03,12,97,16:20-16:30,906.112690740741,892.7310574074073,-13.381633333333639,True
D,2025-01-03,12,98,16:30-16:40,929.5467314814814,919.4814148148149,-10.06531666666649,True
D,2025-01-03,12,99,16:40-16:50,969.1874777777776,962.4384777777782,-6.748999999999455,True
D,2025-01-03,12,100,16:50-17:00,1016.0405388888893,1012.6078555555556,-3.432683333333671,True
D,2025-01-03,12,101,17:00-17:10,1053.8977944444443,1053.897461111111,-0.00033333333340124227,True
D,2025-01-03,12,102,17:10-17:20,1038.5905898148146,1038.590312037037,-0.0002777777776827861,True
D,2025-01-03,12,103,17:20-17:30,1022.9140370370372,1022.9138148148149,-0.00022222222230539046,True
D,2025-01-03,12,104,17:30-17:40,1030.271212037037,1030.2710453703703,-0.00016666666670062114,True
D,2025-01-03,12,105,17:40-17:50,1052.4136314814814,1052.4135203703704,-0.00011111111098216497,True
D,2025-01-03,12,106,17:50-18:00,958.4896009259259,958.4895453703704,-5.555555549108249e-05,True
D,2025-01-03,18,107,18:00-18:10,793.2579629629629,793.1889629629629,-0.06899999999995998,True
D,2025-01-03,18,108,18:10-18:20,503.4400683446976,503.3710683446983,-0.06899999999927786,True
D,2025-01-03,18,109,18:20-18:30,753.7261703703704,753.6801703703703,-0.04600000000004911,True
D,2025-01-03,18,110,18:30-18:40,752.9235185185188,752.8890185185186,-0.034500000000207365,True
D,2025-01-03,18,111,18:40-18:50,740.2554981481483,740.2324981481481,-0.023000000000138243,True
D,2025-01-04,6,42,7:10-7:20,0.0,176.34932667803156,176.34932667803156,True
D,2025-01-04,6,43,7:20-7:30,0.0,625.6065759259259,625.6065759259259,True
D,2025-01-04,6,44,7:30-7:40,567.0013833333334,581.67785,14.67646666666667,True
D,2025-01-04,6,45,7:40-7:50,861.3199952801175,1358.6119092592592,497.29191397914167,True
D,2025-01-04,6,89,15:00-15:10,259.248662962963,255.17125617284196,-4.077406790121046,True
D,2025-01-04,6,91,15:20-15:30,334.79685555555574,228.98445000000015,-105.81240555555559,True
D,2025-01-04,6,92,15:30-15:40,387.2613111111111,297.1947027777778,-90.0666083333333,True
D,2025-01-04,6,93,15:40-15:50,412.77441296296286,338.4536018518517,-74.32081111111114,True
D,2025-01-04,6,94,15:50-16:00,449.41385000000025,390.8388361111114,-58.57501388888886,True
D,2025-01-04,6,95,16:00-16:10,502.571737037037,459.74252037037036,-42.82921666666664,True
D,2025-01-04,6,96,16:10-16:20,532.7505425925929,496.99972037037026,-35.75082222222261,True
D,2025-01-04,6,97,16:20-16:30,541.202296296296,512.5298685185187,-28.67242777777733,True
D,2025-01-04,6,98,16:30-16:40,558.9808740740742,537.3868407407409,-21.5940333333333,True
D,2025-01-04,6,99,16:40-16:50,614.0894296296299,599.5737907407406,-14.51563888888927,True
D,2025-01-04,6,100,16:50-17:00,633.3533611111109,625.9161166666669,-7.437244444443991,True
D,2025-01-04,6,101,17:00-17:10,621.8155666666665,621.4567166666666,-0.35884999999996126,True
D,2025-01-04,6,102,17:10-17:20,618.8009555555556,618.5019138888889,-0.2990416666666533,True
D,2025-01-04,6,103,17:20-17:30,612.4908259259258,612.2515925925925,-0.2392333333333454,True
D,2025-01-04,6,104,17:30-17:40,597.323801851852,597.1443768518519,-0.17942500000003747,True
D,2025-01-04,6,105,17:40-17:50,615.2186018518519,615.0989851851853,-0.11961666666661586,True
D,2025-01-04,6,106,17:50-18:00,597.9850537037038,597.9252453703705,-0.05980833333330793,True
D,2025-01-04,12,71,12:00-12:10,590.5943981481482,0.0,-590.5943981481482,True
D,2025-01-04,12,72,12:10-12:20,563.9093537037036,0.0,-563.9093537037036,True
D,2025-01-04,12,73,12:20-12:30,569.5184259259261,0.0,-569.5184259259261,True
D,2025-01-04,12,74,12:30-12:40,592.4478925925924,0.0,-592.4478925925924,True
D,2025-01-04,12,75,12:40-12:50,583.263385185185,0.0,-583.263385185185,True
D,2025-01-04,12,89,15:00-15:10,255.17125617284196,166.57244629629633,-88.59880987654563,True
D,2025-01-04,12,90,15:10-15:20,986.6631954732492,539.9787681069964,-446.68442736625275,True
D,2025-01-04,12,91,15:20-15:30,228.98445000000015,262.3671722222223,33.38272222222213,True
D,2025-01-04,12,92,15:30-15:40,297.1947027777778,324.9548944444445,27.760191666666685,True
D,2025-01-04,12,93,15:40-15:50,338.4536018518517,360.5912629629629,22.137661111111186,True
D,2025-01-04,12,94,15:50-16:00,390.8388361111114,407.3539666666668,16.5151305555554,True
D,2025-01-04,12,95,16:00-16:10,459.74252037037036,470.6351203703704,10.892600000000016,True
D,2025-01-04,12,96,16:10-16:20,496.99972037037026,506.06580925925937,9.066088888889112,True
D,2025-01-04,12,97,16:20-16:30,512.5298685185187,519.7694462962962,7.2395777777775265,True
D,2025-01-04,12,98,16:30-16:40,537.3868407407409,542.7999074074075,5.413066666666623,True
D,2025-01-04,12,99,16:40-16:50,599.5737907407406,603.1603462962964,3.586555555555833,True
D,2025-01-04,12,100,16:50-17:00,625.9161166666669,627.676161111111,1.7600444444441337,True
D,2025-01-04,12,101,17:00-17:10,621.4567166666666,621.3902499999999,-0.06646666666665624,True
D,2025-01-04,12,102,17:10-17:20,618.5019138888889,618.446525,-0.05538888888895599,True
D,2025-01-04,12,103,17:20-17:30,612.2515925925925,612.2072814814813,-0.044311111111142054,True
D,2025-01-04,12,104,17:30-17:40,597.1443768518519,597.1111435185186,-0.03323333333332812,True
D,2025-01-04,12,105,17:40-17:50,615.0989851851853,615.0768296296296,-0.02215555555562787,True
D,2025-01-04,12,106,17:50-18:00,597.9252453703705,597.9141675925927,-0.011077777777813935,True
D,2025-01-04,18,124,20:50-21:00,378.6243868632173,378.411995196553,-0.21239166666430265,True
D,2025-01-05,6,44,7:30-7:40,46.514801678031745,580.3435379629632,533.8287362849314,True
D,2025-01-05,6,45,7:40-7:50,424.0718203703702,1234.5198196628344,810.4479992924641,True
D,2025-01-05,6,65,11:00-11:10,75.86879679807117,698.3208592592589,622.4520624611878,True
D,2025-01-05,6,66,11:10-11:20,587.7113796296296,665.6511824074073,77.93980277777769,True
D,2025-01-05,6,67,11:20-11:30,587.3831185185187,682.7260740740744,95.3429555555557,True
D,2025-01-05,6,68,11:30-11:40,604.1425444444442,716.8886527777777,112.7461083333335,True
D,2025-01-05,6,69,11:40-11:50,607.1282759259257,737.2775370370367,130.14926111111106,True
D,2025-01-05,6,70,11:50-12:00,589.7017185185184,737.2541324074074,147.55241388888896,True
D,2025-01-05,6,71,12:00-12:10,531.2472222222225,696.202788888889,164.95556666666653,True
D,2025-01-05,6,72,12:10-12:20,471.6128879629631,628.4027212962964,156.78983333333326,True
D,2025-01-05,6,73,12:20-12:30,521.3434370370375,669.9675370370376,148.6241000000001,True
D,2025-01-05,6,74,12:30-12:40,644.9568990740738,785.4152657407406,140.45836666666673,True
D,2025-01-05,6,75,12:40-12:50,659.1342037037034,791.4268370370368,132.29263333333336,True
D,2025-01-05,6,76,12:50-13:00,0.0,646.9148690202952,646.9148690202952,True
D,2025-01-05,6,89,15:00-15:10,404.05643806584476,921.679041872431,517.6226038065862,True
D,2025-01-05,6,90,15:10-15:20,1110.008860185185,1103.5235185185184,-6.485341666666727,True
D,2025-01-05,12,71,12:00-12:10,696.202788888889,669.8939722222224,-26.308816666666644,True
D,2025-01-05,12,72,12:10-12:20,628.4027212962964,580.0642324074074,-48.338488888888946,True
D,2025-01-05,12,73,12:20-12:30,669.9675370370376,599.5993759259262,-70.36816111111136,True
D,2025-01-05,12,74,12:30-12:40,785.4152657407406,693.017432407407,-92.39783333333355,True
D,2025-01-05,12,75,12:40-12:50,791.4268370370368,676.9993314814812,-114.42750555555551,True
D,2025-01-05,12,76,12:50-13:00,646.9148690202952,635.0398157407406,-11.875053279554663,True
D,2025-01-05,12,89,15:00-15:10,921.679041872431,1074.5247703703703,152.84572849793938,True
D,2025-01-05,12,90,15:10-15:20,1103.5235185185184,1094.553135185185,-8.970383333333302,True
D,2025-01-05,12,91,15:20-15:30,273.5549222222226,747.0443597610353,473.48943753881264,True
D,2025-01-05,12,101,17:00-17:10,586.0396055555556,586.0437055555554,0.0040999999998803105,True
D,2025-01-05,12,102,17:10-17:20,583.018591666667,583.0220083333336,0.0034166666665669254,True
D,2025-01-05,12,103,17:20-17:30,603.9786740740742,603.9814074074077,0.002733333333480914,True
D,2025-01-05,12,104,17:30-17:40,602.365312037037,602.3673620370369,0.0020499999998264684,True
D,2025-01-05,12,105,17:40-17:50,566.7197925925926,566.7211592592594,0.001366666666740457,True
D,2025-01-05,12,106,17:50-18:00,576.4331805555557,576.4338638888889,0.0006833333331996982,True
D,2025-01-05,18,107,18:00-18:10,0.0,587.2128888888889,587.2128888888889,True
D,2025-01-05,18,108,18:10-18:20,0.0,238.9985982521061,238.9985982521061,True
D,2025-01-05,18,109,18:20-18:30,0.0,529.4711814814815,529.4711814814815,True
D,2025-01-05,18,110,18:30-18:40,0.0,581.4891296296297,581.4891296296297,True
D,2025-01-05,18,111,18:40-18:50,0.0,527.7763574074074,527.7763574074074,True
D,2025-01-05,18,124,20:50-21:00,449.64779797432686,524.5413814814814,74.89358350715452,True
D,2025-01-06,6,36,6:10-6:20,112.86724444444451,112.90393055555569,0.03668611111118025,True
D,2025-01-06,6,37,6:20-6:30,581.9870201965471,931.2702925925926,349.2832723960455,True
D,2025-01-06,6,38,6:30-6:40,51.96743888888898,885.4108305555555,833.4433916666666,True
D,2025-01-06,6,39,6:40-6:50,871.3688833333333,871.5156277777778,0.14674444444449364,True
D,2025-01-06,6,40,6:50-7:00,868.7030370370371,868.8864675925927,0.1834305555555602,True
D,2025-01-06,6,41,7:0-7:10,873.0736277777777,873.2937444444443,0.22011666666662677,True
D,2025-01-06,6,42,7:10-7:20,882.099488888889,945.4973203189313,63.39783143004229,True
D,2025-01-06,6,43,7:20-7:30,852.6455944444447,1689.1700555555558,836.5244611111111,True
D,2025-01-06,6,44,7:30-7:40,1590.7689074074074,1595.4455407407409,4.676633333333484,True
D,2025-01-06,6,45,7:40-7:50,1469.6129499999997,1475.7750888888886,6.162138888888876,True
D,2025-01-06,6,46,7:50-8:00,702.7834129629628,710.4310574074071,7.647644444444381,True
D,2025-01-06,6,47,8:00-8:10,50.437149999999974,59.57029999999986,9.133149999999887,True
D,2025-01-06,6,48,8:10-8:20,37.21874629629622,54.05474074074061,16.835994444444395,True
D,2025-01-06,6,57,9:40-9:50,0.0,116.49557204840102,116.49557204840102,True
D,2025-01-06,6,64,10:50-11:00,136.13954537037012,254.04457870370356,117.90503333333345,True
D,2025-01-06,6,66,11:10-11:20,938.940249074074,1042.2596907407408,103.31944166666676,True
D,2025-01-06,6,69,11:40-11:50,937.6510814814814,971.6425898148116,33.991508333330216,True
D,2025-01-06,6,70,11:50-12:00,935.6245990740739,1015.9936074074072,80.36900833333334,True
D,2025-01-06,6,71,12:00-12:10,884.9237666666666,959.5551666666667,74.6314000000001,True
D,2025-01-06,6,72,12:10-12:20,815.0293037037037,893.0814064814815,78.0521027777778,True
D,2025-01-06,6,73,12:20-12:30,815.6914592592594,897.1642648148152,81.47280555555574,True
D,2025-01-06,6,74,12:30-12:40,863.499283333333,948.3927916666664,84.89350833333344,True
D,2025-01-06,6,75,12:40-12:50,850.6572129629626,938.9714240740736,88.31421111111104,True
D,2025-01-06,6,89,15:00-15:10,1478.1551796296296,1343.6627962962964,-134.49238333333324,True
D,2025-01-06,6,90,15:10-15:20,1503.386673148148,1374.3179842592592,-129.0686888888888,True
D,2025-01-06,6,91,15:20-15:30,1493.532974074074,1369.8879796296296,-123.64499444444436,True
D,2025-01-06,6,92,15:30-15:40,1483.5415638888885,1365.3202638888886,-118.22129999999993,True
D,2025-01-06,12,71,12:00-12:10,959.5551666666667,979.36675,19.811583333333374,True
D,2025-01-06,12,72,12:10-12:20,893.0814064814815,903.3150092592593,10.233602777777833,True
D,2025-01-06,12,73,12:20-12:30,897.1642648148152,897.8198870370373,0.6556222222221777,True
D,2025-01-06,12,74,12:30-12:40,948.3927916666664,939.470433333333,-8.922358333333477,True
D,2025-01-06,12,75,12:40-12:50,938.9714240740736,920.4710851851848,-18.50033888888879,True
D,2025-01-06,12,76,12:50-13:00,856.1997296296295,919.856324074074,63.65659444444452,True
D,2025-01-06,12,77,13:00-13:10,66.3159574074074,105.67940740741584,39.36345000000844,True
D,2025-01-06,12,89,15:00-15:10,1343.6627962962964,1345.4789796296297,1.8161833333333561,True
D,2025-01-06,12,90,15:10-15:20,1374.3179842592592,1376.397512037037,2.0795277777776846,True
D,2025-01-06,12,91,15:20-15:30,1369.8879796296296,1372.2308518518516,2.342872222222013,True
D,2025-01-06,12,92,15:30-15:40,1365.3202638888886,1367.9264805555554,2.6062166666667963,True
D,2025-01-06,18,107,18:00-18:10,390.9920370370371,757.0807333333333,366.08869629629623,True
D,2025-01-06,18,108,18:10-18:20,414.4465518518518,414.4612185185185,0.014666666666698802,True
D,2025-01-06,18,109,18:20-18:30,445.3958166666667,709.9512981481482,264.55548148148154,True
D,2025-01-06,18,110,18:30-18:40,442.822962962963,442.83176296296284,0.008799999999837382,True
D,2025-01-06,18,111,18:40-18:50,411.8878851851852,605.5394518518438,193.65156666665854,True
D,2025-01-07,6,36,6:10-6:20,130.47701203703718,130.52436759259274,0.04735555555555493,True
D,2025-01-07,6,37,6:20-6:30,960.8492037037039,960.943914814815,0.09471111111110986,True
D,2025-01-07,6,38,6:30-6:40,326.05151464099185,927.3692268518519,601.31771221086,True
D,2025-01-07,6,39,6:40-6:50,914.6055277777778,914.79495,0.18942222222221972,True
D,2025-01-07,6,40,6:50-7:00,912.8971620370371,913.1339398148149,0.23677777777777465,True
D,2025-01-07,6,41,7:0-7:10,901.6662185185185,901.9503518518518,0.2841333333333296,True
D,2025-01-07,6,42,7:10-7:20,860.4553814814816,861.412214814815,0.9568333333334067,True
D,2025-01-07,6,43,7:20-7:30,828.4914759259259,1209.0782635802452,380.5867876543193,True
D,2025-01-07,6,44,7:30-7:40,1596.3015203703706,1598.603753703704,2.3022333333333336,True
D,2025-01-07,6,45,7:40-7:50,1446.4496129629626,1449.424546296296,2.9749333333334107,True
D,2025-01-07,6,46,7:50-8:00,675.6035777777778,679.251211111111,3.6476333333332605,True
D,2025-01-07,6,47,8:00-8:10,69.96052592592582,74.28085925925916,4.320333333333338,True
D,2025-01-07,6,48,8:10-8:20,67.58764722222213,78.55834166666659,10.970694444444462,True
D,2025-01-07,6,57,9:40-9:50,0.0,419.7874685185185,419.7874685185185,True
D,2025-01-07,6,62,10:30-10:40,0.0,33.216760937288996,33.216760937288996,True
D,2025-01-07,6,64,10:50-11:00,171.73656018518489,301.81652407407375,130.07996388888887,True
D,2025-01-07,6,65,11:00-11:10,988.4562351851847,1119.2605018518516,130.80426666666688,True
D,2025-01-07,6,66,11:10-11:20,951.9390314814814,1093.3738092592591,141.43477777777775,True
D,2025-01-07,6,67,11:20-11:30,924.5769611111114,1076.6422500000003,152.06528888888897,True
D,2025-01-07,6,68,11:30-11:40,935.9559240740739,1098.6517240740739,162.69579999999996,True
D,2025-01-07,6,69,11:40-11:50,972.4402685185183,1145.7665796296296,173.3263111111113,True
D,2025-01-07,6,70,11:50-12:00,967.8072444444443,1151.7640666666666,183.95682222222229,True
D,2025-01-07,6,71,12:00-12:10,893.7412148148147,1088.328548148148,194.58733333333328,True
D,2025-01-07,6,72,12:10-12:20,807.8940842592592,1017.9406814814815,210.04659722222232,True
D,2025-01-07,6,73,12:20-12:30,834.113862962963,1059.6197240740742,225.50586111111113,True
D,2025-01-07,6,74,12:30-12:40,918.7420305555551,1159.7071555555551,240.96512500000006,True
D,2025-01-07,6,75,12:40-12:50,888.3487666666663,1144.7731555555551,256.42438888888887,True
D,2025-01-07,6,76,12:50-13:00,880.1661509259259,1152.0498037037037,271.8836527777778,True
D,2025-01-07,6,77,13:00-13:10,100.85122592592609,388.1941425925927,287.3429166666666,True
D,2025-01-07,6,78,13:10-13:20,0.0,414.5046092592594,414.5046092592594,True
D,2025-01-07,6,79,13:20-13:30,0.0,403.88936111111127,403.88936111111127,True
D,2025-01-07,6,80,13:30-13:40,0.0,408.4727462962968,408.4727462962968,True
D,2025-01-07,6,81,13:40-13:50,0.0,478.29877407407434,478.29877407407434,True
D,2025-01-07,6,89,15:00-15:10,1422.498009259259,1498.8456592592593,76.34765000000016,True
D,2025-01-07,6,90,15:10-15:20,1461.2785046296294,1532.235051851852,70.95654722222253,True
D,2025-01-07,6,91,15:20-15:30,1436.4550833333337,1502.0205277777782,65.56544444444444,True
D,2025-01-07,6,92,15:30-15:40,1415.0140935185182,1475.188435185185,60.174341666666805,True
D,2025-01-07,6,93,15:40-15:50,1139.3155236499235,1594.8473611111112,455.5318374611877,True
D,2025-01-07,6,94,15:50-16:00,764.3010009259258,1121.9399006046567,357.6388996787309,True
D,2025-01-07,6,95,16:00-16:10,741.5427703703704,785.5438037037037,44.00103333333334,True
D,2025-01-07,6,96,16:10-16:20,807.7539388888889,844.5163166666666,36.762377777777715,True
D,2025-01-07,6,97,16:20-16:30,876.1326203703707,905.6563425925928,29.52372222222209,True
D,2025-01-07,6,98,16:30-16:40,909.9645666666664,932.2496333333331,22.285066666666694,True
D,2025-01-07,6,99,16:40-16:50,967.6837592592592,982.7301703703704,15.046411111111183,True
D,2025-01-07,6,100,16:50-17:00,1020.2012648148151,1028.0090203703708,7.807755555555673,True
D,2025-01-07,6,101,17:00-17:10,1040.8903444444445,1041.4594444444444,0.5690999999999349,True
D,2025-01-07,6,102,17:10-17:20,1029.9304055555556,1030.4046555555556,0.47424999999998363,True
D,2025-01-07,6,103,17:20-17:30,1023.1168129629629,1023.4962129629629,0.3794000000000324,True
D,2025-01-07,6,104,17:30-17:40,1023.4405888888887,1023.6222361111112,0.18164722222252294,True
D,2025-01-07,6,105,17:40-17:50,1013.958222222222,1014.147922222222,0.1896999999999025,True
D,2025-01-07,6,106,17:50-18:00,819.5994518518517,819.7972046296294,0.1977527777777368,True
D,2025-01-07,12,71,12:00-12:10,1088.328548148148,1074.808014814815,-13.520533333333105,True
D,2025-01-07,12,72,12:10-12:20,1017.9406814814815,997.0786675925926,-20.862013888888896,True
D,2025-01-07,12,73,12:20-12:30,1059.6197240740742,1031.4162296296297,-28.20349444444446,True
D,2025-01-07,12,74,12:30-12:40,1159.7071555555551,1124.162180555555,-35.54497500000002,True
D,2025-01-07,12,75,12:40-12:50,1144.7731555555551,1101.8866999999996,-42.886455555555585,True
D,2025-01-07,12,76,12:50-13:00,1152.0498037037037,1101.8218675925923,-50.227936111111376,True
D,2025-01-07,12,77,13:00-13:10,388.1941425925927,330.6247259259261,-57.5694166666666,True
D,2025-01-07,12,78,13:10-13:20,414.5046092592594,158.8866614701174,-255.617947789142,True
D,2025-01-07,12,79,13:20-13:30,403.88936111111127,331.66942777777774,-72.21993333333353,True
D,2025-01-07,12,80,13:30-13:40,408.4727462962968,328.92755462963,-79.54519166666682,True
D,2025-01-07,12,81,13:40-13:50,478.29877407407434,391.4283240740742,-86.87045000000012,True
D,2025-01-07,12,89,15:00-15:10,1498.8456592592593,1452.7924425925926,-46.053216666666685,True
D,2025-01-07,12,90,15:10-15:20,1532.235051851852,1489.051351851852,-43.183700000000044,True
D,2025-01-07,12,91,15:20-15:30,1502.0205277777782,1461.7063444444448,-40.3141833333334,True
D,2025-01-07,12,92,15:30-15:40,1475.188435185185,1437.7437685185182,-37.44466666666676,True
D,2025-01-07,12,93,15:40-15:50,1594.8473611111112,1560.2722111111111,-34.57515000000012,True
D,2025-01-07,12,94,15:50-16:00,1121.9399006046567,781.9875037037036,-339.9523969009531,True
D,2025-01-07,12,95,16:00-16:10,785.5438037037037,756.707687037037,-28.836116666666726,True
D,2025-01-07,12,96,16:10-16:20,844.5163166666666,820.4052333333334,-24.111083333333227,True
D,2025-01-07,12,97,16:20-16:30,905.6563425925928,886.2702925925929,-19.38604999999984,True
D,2025-01-07,12,98,16:30-16:40,932.2496333333331,917.5886166666664,-14.661016666666683,True
D,2025-01-07,12,99,16:40-16:50,982.7301703703704,972.7941870370371,-9.935983333333297,True
D,2025-01-07,12,100,16:50-17:00,1028.0090203703708,1022.7980703703705,-5.210950000000253,True
D,2025-01-07,12,101,17:00-17:10,1041.4594444444444,1040.9735277777777,-0.48591666666675337,True
D,2025-01-07,12,102,17:10-17:20,1030.4046555555556,1029.999725,-0.4049305555556657,True
D,2025-01-07,12,103,17:20-17:30,1023.4962129629629,1023.1264157407415,-0.3697972222213366,True
D,2025-01-07,12,104,17:30-17:40,1023.6222361111112,1023.4405888888888,-0.18164722222240925,True
D,2025-01-07,12,105,17:40-17:50,1014.147922222222,1013.958222222222,-0.1896999999999025,True
D,2025-01-07,12,106,17:50-18:00,819.7972046296294,819.7284879629627,-0.06871666666665988,True
D,2025-01-07,18,107,18:00-18:10,436.86537037037044,570.5904374074123,133.72506703704187,True
D,2025-01-08,6,36,6:10-6:20,380.8223155555554,380.7670849999997,-0.05523055555568135,True
D,2025-01-08,6,37,6:20-6:30,1158.8402480555553,1158.7297869444442,-0.11046111111113532,True
D,2025-01-08,6,38,6:30-6:40,1161.608948148148,1161.4432564814815,-0.1656916666665893,True
D,2025-01-08,6,39,6:40-6:50,1197.8274947222224,1197.6065725,-0.22092222222227065,True
D,2025-01-08,6,40,6:50-7:00,1160.053805925926,1159.7776531481481,-0.276152777777952,True
D,2025-01-08,6,41,7:0-7:10,1081.793516666667,1081.462133333334,-0.3313833333331786,True
D,2025-01-08,6,42,7:10-7:20,1090.087491851852,1082.9473640740744,-7.140127777777707,True
D,2025-01-08,6,43,7:20-7:30,1273.8814147222204,1259.9325424999981,-13.948872222222235,True
D,2025-01-08,6,44,7:30-7:40,1851.6707037037036,1830.9130870370368,-20.757616666666763,True
D,2025-01-08,6,45,7:40-7:50,1798.172934351852,1770.606573240741,-27.566361111111064,True
D,2025-01-08,6,46,7:50-8:00,1168.842514537037,1134.4674089814816,-34.375105555555365,True
D,2025-01-08,6,47,8:00-8:10,638.0916129629629,596.907762962963,-41.18384999999989,True
D,2025-01-08,6,48,8:10-8:20,614.9201289814816,569.7414650925928,-45.17866388888888,True
D,2025-01-08,6,49,8:20-8:30,506.6050317592592,457.43155398148133,-49.17347777777786,True
D,2025-01-08,6,50,8:30-8:40,472.1445018518518,418.97621018518544,-53.16829166666639,True
D,2025-01-08,6,51,8:40-8:50,426.95992898148165,369.7968234259263,-57.163105555555376,True
D,2025-01-08,6,52,8:50-9:00,320.4791022222223,259.32118277777795,-61.15791944444436,True
D,2025-01-08,6,53,9:00-9:10,207.4036314814814,142.25089814814817,-65.15273333333323,True
D,2025-01-08,6,54,9:10-9:20,196.4118647222224,133.28295083333342,-63.128913888888974,True
D,2025-01-08,6,55,9:20-9:30,213.02767037037097,151.92257592592648,-61.10509444444449,True
D,2025-01-08,6,56,9:30-9:40,1020.9506953703705,961.8694203703706,-59.08127499999989,True
D,2025-01-08,6,57,9:40-9:50,964.5604527777776,907.5029972222221,-57.05745555555552,True
D,2025-01-08,6,58,9:50-10:00,878.6561125000001,823.6224763888889,-55.03363611111115,True
D,2025-01-08,6,61,10:20-10:30,780.715671574074,709.5552493518518,-71.16042222222222,True
D,2025-01-08,6,62,10:30-10:40,763.2554259259258,683.019700925926,-80.23572499999977,True
D,2025-01-08,6,63,10:40-10:50,692.5971944558073,488.1912305669183,-204.405963888889,True
D,2025-01-08,6,64,10:50-11:00,819.6091755943678,721.2228450388124,-98.38633055555545,True
D,2025-01-08,6,65,11:00-11:10,1566.8299074074075,1459.3682740740742,-107.46163333333334,True
D,2025-01-08,6,66,11:10-11:20,1618.9607473148149,1481.3633889814816,-137.5973583333332,True
D,2025-01-08,6,67,11:20-11:30,1640.6279937037034,1472.89491037037,-167.7330833333333,True
D,2025-01-08,6,68,11:30-11:40,1628.600388888889,1430.7315805555554,-197.86880833333362,True
D,2025-01-08,6,69,11:40-11:50,1581.9483585185185,1353.9438251851852,-228.00453333333326,True
D,2025-01-08,6,70,11:50-12:00,1520.103972037037,1261.9637137037034,-258.1402583333336,True
D,2025-01-08,6,71,12:00-12:10,1502.3363611111108,1214.0603777777778,-288.275983333333,True
D,2025-01-08,6,72,12:10-12:20,1521.3783959259258,1242.7924764814816,-278.58591944444424,True
D,2025-01-08,6,73,12:20-12:30,1467.4587024074071,1198.5628468518516,-268.8958555555555,True
D,2025-01-08,6,74,12:30-12:40,1356.0274842592594,1096.8216925925926,-259.20579166666676,True
D,2025-01-08,6,75,12:40-12:50,1362.6295685185187,1113.1138407407407,-249.515727777778,True
D,2025-01-08,6,76,12:50-13:00,1419.958623425926,1180.132959537037,-239.8256638888888,True
D,2025-01-08,6,77,13:00-13:10,616.553385185185,386.4177851851849,-230.13560000000007,True
D,2025-01-08,6,78,13:10-13:20,635.4070529629629,402.1641724074075,-233.24288055555542,True
D,2025-01-08,6,79,13:20-13:30,625.8749951851851,389.52483407407396,-236.3501611111111,True
D,2025-01-08,6,80,13:30-13:40,640.9908537037037,401.533412037037,-239.45744166666668,True
D,2025-01-08,6,81,13:40-13:50,717.5491854629631,474.984463240741,-242.56472222222214,True
D,2025-01-08,6,82,13:50-14:00,572.8376713888863,0.0,-572.8376713888863,True
D,2025-01-08,6,83,14:00-14:10,57.77172962962993,0.0,-57.77172962962993,True
D,2025-01-08,6,84,14:10-14:20,64.09879518518528,0.0,-64.09879518518528,True
D,2025-01-08,6,85,14:20-14:30,62.89676953703736,0.0,-62.89676953703736,True
D,2025-01-08,6,86,14:30-14:40,106.18975833333332,0.0,-106.18975833333332,True
D,2025-01-08,6,87,14:40-14:50,200.65001759259258,0.0,-200.65001759259258,True
D,2025-01-08,6,88,14:50-15:00,247.77607018518506,12.735495185185073,-235.040575,True
D,2025-01-08,6,89,15:00-15:10,1931.0105462962963,1698.7177129629629,-232.29283333333342,True
D,2025-01-08,6,90,15:10-15:20,1976.9158189814814,1770.6658939814813,-206.24992500000008,True
D,2025-01-08,6,91,15:20-15:30,1998.2946652777775,1818.087648611111,-180.2070166666665,True
D,2025-01-08,6,92,15:30-15:40,1987.7652814814812,1833.601173148148,-154.16410833333316,True
D,2025-01-08,6,93,15:40-15:50,2026.1080941666667,1897.9868941666666,-128.12120000000004,True
D,2025-01-08,6,94,15:50-16:00,2054.8174150925925,1952.739123425926,-102.07829166666647,True
D,2025-01-08,6,95,16:00-16:10,2058.4466555555555,1540.5820932098754,-517.86456234568,True
D,2025-01-08,6,96,16:10-16:20,1277.1744512037035,1213.5655873148148,-63.60886388888866,True
D,2025-01-08,6,97,16:20-16:30,1297.4318199074073,1246.249475462963,-51.182344444444425,True
D,2025-01-08,6,98,16:30-16:40,1300.3216277777778,1261.565802777778,-38.75582499999996,True
D,2025-01-08,6,99,16:40-16:50,1369.9644837962962,1343.6351782407407,-26.329305555555493,True
D,2025-01-08,6,100,16:50-17:00,1456.272309351852,1442.3695232407408,-13.902786111111254,True
D,2025-01-08,6,101,17:00-17:10,1499.3687944444441,1497.8925277777773,-1.4762666666667883,True
D,2025-01-08,6,102,17:10-17:20,1491.3789863888887,1490.1487641666668,-1.2302222222219825,True
D,2025-01-08,6,103,17:20-17:30,1462.0691012037037,1461.0849234259258,-0.9841777777778589,True
D,2025-01-08,6,104,17:30-17:40,1487.1690546296295,1486.4309212962962,-0.7381333333332805,True
D,2025-01-08,6,105,17:40-17:50,1567.9444446296293,1567.4523557407404,-0.49208888888892943,True
D,2025-01-08,6,106,17:50-18:00,1330.0619263888889,1329.8158819444445,-0.24604444444435103,True
D,2025-01-08,12,71,12:00-12:10,1214.0603777777778,349.8293277777776,-864.2310500000002,True
D,2025-01-08,12,72,12:10-12:20,1242.7924764814816,397.1944292592592,-845.5980472222224,True
D,2025-01-08,12,73,12:20-12:30,1198.5628468518516,371.597802407407,-826.9650444444446,True
D,2025-01-08,12,74,12:30-12:40,1096.8216925925926,288.48965092592596,-808.3320416666667,True
D,2025-01-08,12,75,12:40-12:50,1113.1138407407407,323.41480185185196,-789.6990388888887,True
D,2025-01-08,12,76,12:50-13:00,1180.132959537037,409.0669234259261,-771.066036111111,True
D,2025-01-08,12,77,13:00-13:10,386.4177851851849,467.31808518518505,80.90030000000013,True
D,2025-01-08,12,78,13:10-13:20,402.1641724074075,481.5366196296296,79.37244722222215,True
D,2025-01-08,12,79,13:20-13:30,389.52483407407396,467.3694285185186,77.84459444444462,True
D,2025-01-08,12,80,13:30-13:40,401.533412037037,477.85015370370365,76.31674166666664,True
D,2025-01-08,12,81,13:40-13:50,474.984463240741,549.77335212963,74.788888888889,True
D,2025-01-08,12,88,14:50-15:00,12.735495185185073,22.862928518518288,10.127433333333215,True
D,2025-01-08,12,89,15:00-15:10,1698.7177129629629,1696.5239962962964,-2.1937166666664325,True
D,2025-01-08,12,90,15:10-15:20,1770.6658939814813,1768.4380800925924,-2.2278138888889316,True
D,2025-01-08,12,91,15:20-15:30,1818.087648611111,1815.8257374999998,-2.2619111111112034,True
D,2025-01-08,12,92,15:30-15:40,1833.601173148148,1831.3051648148148,-2.2960083333332477,True
D,2025-01-08,12,93,15:40-15:50,1897.9868941666666,1895.656788611111,-2.3301055555555195,True
D,2025-01-08,12,94,15:50-16:00,1952.739123425926,1950.3749206481482,-2.364202777777791,True
D,2025-01-08,12,95,16:00-16:10,1540.5820932098754,1881.2009629629638,340.61886975308835,True
D,2025-01-08,12,96,16:10-16:20,1213.5655873148148,1211.62634287037,-1.9392444444447392,True
D,2025-01-08,12,97,16:20-16:30,1246.249475462963,1244.7692865740742,-1.4801888888887333,True
D,2025-01-08,12,98,16:30-16:40,1261.565802777778,1260.5446694444445,-1.0211333333334096,True
D,2025-01-08,12,99,16:40-16:50,1343.6351782407407,1343.0731004629629,-0.5620777777778585,True
D,2025-01-08,12,100,16:50-17:00,1442.3695232407408,1442.2665010185187,-0.10302222222208002,True
D,2025-01-08,12,101,17:00-17:10,1497.8925277777773,1498.2485611111108,0.3560333333334711,True
D,2025-01-08,12,102,17:10-17:20,1490.1487641666668,1490.445458611111,0.2966944444442561,True
D,2025-01-08,12,103,17:20-17:30,1461.0849234259258,1461.3222789814818,0.23735555555595056,True
D,2025-01-08,12,104,17:30-17:40,1486.4309212962962,1486.608937962963,0.17801666666673555,True
D,2025-01-08,12,105,17:40-17:50,1567.4523557407404,1567.571033518518,0.1186777777777479,True
D,2025-01-08,12,106,17:50-18:00,1329.8158819444445,1329.8752208333333,0.059338888888760266,True
D,2025-01-08,18,107,18:00-18:10,670.9251574074074,670.9436740740741,0.018516666666755555,True
D,2025-01-08,18,109,18:20-18:30,729.0145716666667,729.0286050000019,0.014033333335191855,True
D,2025-01-09,6,36,6:10-6:20,420.5255855555554,420.45384666666655,-0.07173888888883084,True
D,2025-01-09,6,37,6:20-6:30,1198.8968072222222,1198.7533294444443,-0.14347777777788906,True
D,2025-01-09,6,38,6:30-6:40,1175.4889231481482,1175.2737064814814,-0.2152166666667199,True
D,2025-01-09,6,39,6:40-6:50,1191.6015072222222,1191.3145516666666,-0.28695555555555075,True
D,2025-01-09,6,40,6:50-7:00,1158.9826925925927,1158.623998148148,-0.35869444444460896,True
D,2025-01-09,6,41,7:0-7:10,1095.9502166666666,1095.5197833333332,-0.4304333333334398,True
D,2025-01-09,6,42,7:10-7:20,1099.1029485185186,1093.0230207407408,-6.079927777777812,True
D,2025-01-09,6,43,7:20-7:30,1283.179201388887,1271.4497791666647,-11.729422222222183,True
D,2025-01-09,6,44,7:30-7:40,1859.2184120370368,1841.83949537037,-17.378916666666782,True
D,2025-01-09,6,45,7:40-7:50,1775.6949226851852,1752.666511574074,-23.028411111111154,True
D,2025-01-09,6,46,7:50-8:00,1128.9992745370369,1100.3213689814813,-28.677905555555526,True
D,2025-01-09,6,47,8:00-8:10,610.5461629629629,576.218762962963,-34.3273999999999,True
D,2025-01-09,6,48,8:10-8:20,613.3051603703705,567.2326353703704,-46.07252500000004,True
D,2025-01-09,6,49,8:20-8:30,513.6840795370372,455.866429537037,-57.817650000000185,True
D,2025-01-09,6,50,8:30-8:40,473.39713518518533,403.83436018518546,-69.56277499999987,True
D,2025-01-09,6,51,8:40-8:50,433.6636745370372,352.3557745370374,-81.30789999999979,True
D,2025-01-09,6,52,8:50-9:00,352.9115291666669,259.85850416666676,-93.05302500000016,True
D,2025-01-09,6,53,9:00-9:10,262.43201481481515,157.63386481481518,-104.79814999999996,True
D,2025-01-09,6,54,9:10-9:20,218.82116944444465,128.62146666666683,-90.19970277777782,True
D,2025-01-09,6,55,9:20-9:30,198.70961731481498,123.10836175925954,-75.60125555555544,True
D,2025-01-09,6,56,9:30-9:40,978.9986037037035,917.9957953703702,-61.00280833333329,True
D,2025-01-09,6,57,9:40-9:50,895.6364158333332,849.2320547222221,-46.40436111111114,True
D,2025-01-09,6,58,9:50-10:00,817.9414702777779,786.135556388889,-31.80591388888888,True
D,2025-01-09,6,61,10:20-10:30,658.708756574074,641.2752232407406,-17.433533333333344,True
D,2025-01-09,6,62,10:30-10:40,641.6473509259257,624.100784259259,-17.546566666666763,True
D,2025-01-09,6,63,10:40-10:50,398.258006955808,346.0704402891406,-52.18756666666741,True
D,2025-01-09,6,64,10:50-11:00,608.924941427701,591.1523080943679,-17.772633333333147,True
D,2025-01-09,6,65,11:00-11:10,1318.4062407407405,1300.520574074074,-17.885666666666566,True
D,2025-01-09,6,66,11:10-11:20,1395.7940817592594,1357.3256845370372,-38.468397222222166,True
D,2025-01-09,6,67,11:20-11:30,1419.5124017592593,1360.461273981481,-59.05112777777822,True
D,2025-01-09,6,68,11:30-11:40,1390.0777972222222,1310.4439388888886,-79.63385833333359,True
D,2025-01-09,6,69,11:40-11:50,1369.644275462963,1269.4276865740744,-100.21658888888851,True
D,2025-01-09,6,70,11:50-12:00,1347.5126917592593,1226.7133723148147,-120.79931944444456,True
D,2025-01-09,6,71,12:00-12:10,1328.6699277777775,1187.2878777777778,-141.3820499999997,True
D,2025-01-09,6,72,12:10-12:20,1318.4063539814813,1200.916926203704,-117.48942777777734,True
D,2025-01-09,6,73,12:20-12:30,1278.006550185185,1184.4097446296291,-93.59680555555587,True
D,2025-01-09,6,74,12:30-12:40,1223.4552842592589,1153.7511009259256,-69.70418333333328,True
D,2025-01-09,6,75,12:40-12:50,1244.7921915740737,1198.9806304629626,-45.81156111111113,True
D,2025-01-09,6,76,12:50-13:00,1315.6445820370368,1293.7256431481478,-21.918938888888988,True
D,2025-01-09,6,89,15:00-15:10,1806.4473629629629,1788.0909129629629,-18.356449999999995,True
D,2025-01-09,6,90,15:10-15:20,1849.5975103703702,1833.2576687037035,-16.339841666666644,True
D,2025-01-09,6,91,15:20-15:30,1857.7237480555557,1843.4005147222224,-14.323233333333292,True
D,2025-01-09,6,92,15:30-15:40,1838.776023148148,1826.469398148148,-12.30662499999994,True
D,2025-01-09,6,93,15:40-15:50,1908.1527555555558,1897.8627388888892,-10.290016666666588,True
D,2025-01-09,6,94,15:50-16:00,1966.3638070370368,1958.0903987037036,-8.273408333333236,True
D,2025-01-09,12,71,12:00-12:10,1187.2878777777778,428.9599277777777,-758.3279500000001,True
D,2025-01-09,12,72,12:10-12:20,1200.916926203704,444.0905873148149,-756.826338888889,True
D,2025-01-09,12,73,12:20-12:30,1184.4097446296291,429.0850168518516,-755.3247277777775,True
D,2025-01-09,12,74,12:30-12:40,1153.7511009259256,399.92798425925923,-753.8231166666664,True
D,2025-01-09,12,75,12:40-12:50,1198.9806304629626,446.6591249074072,-752.3215055555554,True
D,2025-01-09,12,76,12:50-13:00,1293.7256431481478,542.9057487037036,-750.8198944444442,True
D,2025-01-09,12,89,15:00-15:10,1788.0909129629629,1783.8067796296295,-4.28413333333333,True
D,2025-01-09,12,90,15:10-15:20,1833.2576687037035,1831.27063537037,-1.9870333333335566,True
D,2025-01-09,12,91,15:20-15:30,1843.4005147222224,1843.7105813888888,0.3100666666664438,True
D,2025-01-09,12,92,15:30-15:40,1826.469398148148,1829.076564814815,2.607166666666899,True
D,2025-01-09,12,93,15:40-15:50,1897.8627388888892,1902.7670055555557,4.9042666666664445,True
D,2025-01-09,12,94,15:50-16:00,1958.0903987037036,1965.2917653703703,7.201366666666672,True
D,2025-01-09,18,107,18:00-18:10,811.768,694.5100907407409,-117.25790925925912,True
D,2025-01-09,18,113,19:00-19:10,666.2045092592593,462.35779075210405,-203.8467185071553,True
D,2025-01-09,18,118,19:50-20:00,168.90569677062408,155.7061486111113,-13.199548159512773,True
D,2025-01-10,6,73,12:20-12:30,982.4478905418396,977.3835118518513,-5.0643786899883025,True
D,2025-01-10,6,74,12:30-12:40,1077.4441861111113,924.7700592592591,-152.67412685185218,True
D,2025-01-10,6,75,12:40-12:50,1123.4423002777776,892.9756965740738,-230.46660370370375,True
D,2025-01-10,12,71,12:00-12:10,934.9780851851855,281.88729444444436,-653.0907907407411,True
D,2025-01-10,12,72,12:10-12:20,953.6290685185185,268.0455425925926,-685.5835259259259,True
D,2025-01-10,12,73,12:20-12:30,977.3835118518513,240.11005074074046,-737.2734611111108,True
D,2025-01-10,12,74,12:30-12:40,924.7700592592591,196.76421759259256,-728.0058416666666,True
D,2025-01-10,12,75,12:40-12:50,892.9756965740738,174.23747435185157,-718.7382222222222,True
D,2025-01-10,12,76,12:50-13:00,344.8655462962962,227.53734259259272,-117.32820370370348,True
D,2025-01-10,12,77,13:00-13:10,386.39257407407405,303.7004185185184,-82.69215555555564,True
D,2025-01-11,12,73,12:20-12:30,611.473530462963,223.30672082196438,-388.1668096409986,True
D,2025-01-12,6,37,6:20-6:30,496.962238437294,750.7897544444444,253.8275160071504,True
D,2025-01-12,6,38,6:30-6:40,0.0,749.0059666666664,749.0059666666664,True
D,2025-01-12,6,40,6:50-7:00,790.9033657407406,794.5985027777778,3.6951370370371706,True
D,2025-01-12,6,42,7:10-7:20,796.3046640740743,909.3333956402018,113.02873156612759,True
D,2025-01-12,6,43,7:20-7:30,769.259989351852,1552.5757041666666,783.3157148148146,True
D,2025-01-12,6,44,7:30-7:40,1507.0466509259259,1515.8195092592591,8.77285833333326,True
D,2025-01-12,6,64,10:50-11:00,208.33281129629643,285.42021944444423,77.0874081481478,True
D,2025-01-12,6,66,11:10-11:20,988.2722579629628,1060.4495894444447,72.17733148148181,True
D,2025-01-12,6,69,11:40-11:50,946.9905887962963,1038.0390086807852,91.04841988448891,True
D,2025-01-12,6,70,11:50-12:00,939.843064814815,1079.7394091666663,139.89634435185133,True
D,2025-01-12,6,71,12:00-12:10,901.6293833333335,1047.5932,145.9638166666665,True
D,2025-01-12,6,72,12:10-12:20,911.6342029629628,981.617576111111,69.98337314814819,True
D,2025-01-12,6,73,12:20-12:30,926.9631849074074,993.2812997222226,66.3181148148152,True
D,2025-01-12,6,74,12:30-12:40,927.8183916666668,1006.2063416666665,78.3879499999997,True
D,2025-01-12,6,75,12:40-12:50,918.4373153703702,971.943782037037,53.50646666666671,True
D,2025-01-12,12,71,12:00-12:10,1047.5932,901.6293833333336,-145.9638166666664,True
D,2025-01-12,12,72,12:10-12:20,981.617576111111,911.634202962963,-69.98337314814808,True
D,2025-01-12,12,73,12:20-12:30,993.2812997222226,926.9631849074075,-66.31811481481509,True
D,2025-01-12,12,74,12:30-12:40,1006.2063416666665,927.8183916666667,-78.38794999999982,True
D,2025-01-12,12,75,12:40-12:50,971.943782037037,918.4373153703702,-53.50646666666671,True
D,2025-01-13,12,73,12:20-12:30,1020.0484635185182,462.17753553497107,-557.8709279835472,True
D,2025-01-13,12,75,12:40-12:50,1160.336822222222,1152.7258407407405,-7.610981481481531,True
D,2025-01-14,6,75,12:40-12:50,1194.242806111111,1154.7136857407404,-39.52912037037049,True
D,2025-01-14,12,75,12:40-12:50,1154.7136857407404,1194.242806111111,39.52912037037049,True
D,2025-01-15,6,77,13:00-13:10,0.0,163.43108333333362,163.43108333333362,True
D,2025-01-15,6,89,15:00-15:10,1250.5393499999998,1386.1789166666663,135.6395666666665,True
D,2025-01-15,6,90,15:10-15:20,1320.594043611111,1441.2995647222224,120.70552111111147,True
D,2025-01-15,6,91,15:20-15:30,1387.514341388889,1450.2283652777778,62.71402388888873,True
D,2025-01-15,6,92,15:30-15:40,631.2170833333332,1471.6174999999998,840.4004166666666,True
D,2025-01-15,6,93,15:40-15:50,719.1370669444443,806.830643635852,87.69357669140766,True
D,2025-01-15,6,96,16:10-16:20,752.5110513888891,797.6487316666668,45.13768027777769,True
D,2025-01-15,12,71,12:00-12:10,1021.1270499999999,403.8396611111109,-617.287388888889,True
D,2025-01-15,12,72,12:10-12:20,1029.1063572222226,815.6874542478946,-213.41890297432803,True
D,2025-01-15,12,73,12:20-12:30,1009.8216461111108,401.8937699074071,-607.9278762037037,True
D,2025-01-15,12,74,12:30-12:40,939.3605416666662,323.79013425925916,-615.5704074074071,True
D,2025-01-15,12,76,12:50-13:00,875.8248694444441,430.4241042592595,-445.4007651851846,True
D,2025-01-15,12,77,13:00-13:10,163.43108333333362,0.0,-163.43108333333362,True
D,2025-01-15,12,89,15:00-15:10,1386.1789166666663,1295.5512833333332,-90.62763333333305,True
D,2025-01-15,12,90,15:10-15:20,1441.2995647222224,1332.6305513888888,-108.66901333333362,True
D,2025-01-15,12,91,15:20-15:30,1450.2283652777778,1387.5143413888893,-62.714023888888505,True
D,2025-01-15,12,92,15:30-15:40,1471.6174999999998,660.8388134743254,-810.7786865256744,True
D,2025-01-15,12,93,15:40-15:50,806.830643635852,719.1370669444444,-87.69357669140754,True
D,2025-01-15,12,96,16:10-16:20,797.6487316666668,752.511051388889,-45.137680277777804,True
D,2025-01-16,6,36,6:10-6:20,142.20701972222253,142.6252336111114,0.4182138888888858,True
D,2025-01-16,6,47,8:00-8:10,141.3193500000002,161.1256000000003,19.80625000000009,True
D,2025-01-16,6,67,11:20-11:30,1073.644300277778,1043.9620225,-29.682277777777927,True
D,2025-01-16,6,71,12:00-12:10,947.977985185185,941.0781333333333,-6.899851851851736,True
D,2025-01-16,6,72,12:10-12:20,967.6135140740739,937.8376807407408,-29.77583333333314,True
D,2025-01-16,6,89,15:00-15:10,1239.4356537037036,1342.8070666666663,103.37141296296272,True
D,2025-01-16,6,90,15:10-15:20,1291.3151107407407,1325.7613403703704,34.44622962962967,True
D,2025-01-16,6,91,15:20-15:30,1309.2229003703708,1353.2225633333333,43.999662962962475,True
D,2025-01-16,6,92,15:30-15:40,1112.3120150388133,1385.2617292240816,272.94971418526825,True
D,2025-01-16,6,93,15:40-15:50,678.5528858333334,721.7995913888891,43.24670555555565,True
D,2025-01-16,6,94,15:50-16:00,755.7106310185186,756.2361008333332,0.5254698148146417,True
D,2025-01-16,6,95,16:00-16:10,799.0433034982177,807.9311833333336,8.887879835115882,True
D,2025-01-16,6,96,16:10-16:20,801.2328122222224,873.2227847222222,71.9899724999998,True
D,2025-01-16,6,97,16:20-16:30,865.3472752777781,932.1436336111109,66.79635833333282,True
D,2025-01-16,6,98,16:30-16:40,914.2641249999998,932.3324999999998,18.068374999999946,True
D,2025-01-16,12,71,12:00-12:10,941.0781333333333,947.9779851851852,6.8998518518518495,True
D,2025-01-16,12,72,12:10-12:20,937.8376807407408,967.613514074074,29.775833333333253,True
D,2025-01-16,12,89,15:00-15:10,1342.8070666666663,1239.4356537037036,-103.37141296296272,True
D,2025-01-16,12,90,15:10-15:20,1325.7613403703704,1291.315110740741,-34.44622962962944,True
D,2025-01-16,12,91,15:20-15:30,1353.2225633333333,1309.222900370371,-43.99966296296225,True
D,2025-01-16,12,92,15:30-15:40,1385.2617292240816,1112.3120150388131,-272.9497141852685,True
D,2025-01-16,12,93,15:40-15:50,721.7995913888891,678.5528858333336,-43.246705555555536,True
D,2025-01-16,12,94,15:50-16:00,756.2361008333332,755.7106310185187,-0.525469814814528,True
D,2025-01-16,12,95,16:00-16:10,807.9311833333336,799.0433034982176,-8.887879835115996,True
D,2025-01-16,12,96,16:10-16:20,873.2227847222222,801.2328122222223,-71.98997249999991,True
D,2025-01-16,12,97,16:20-16:30,932.1436336111109,865.3472752777782,-66.7963583333327,True
D,2025-01-16,12,98,16:30-16:40,932.3324999999998,914.2641249999999,-18.068374999999833,True
D,2025-01-17,6,64,10:50-11:00,10.850104074074125,1.1145594444443532,-9.735544629629771,True
D,2025-01-17,6,67,11:20-11:30,789.2392125000003,770.5170475000001,-18.722165000000246,True
D,2025-01-17,6,70,11:50-12:00,807.1297970370373,758.8833766666665,-48.24642037037074,True
D,2025-01-17,6,71,12:00-12:10,787.573866666667,749.1358333333334,-38.43803333333358,True
D,2025-01-17,6,75,12:40-12:50,732.9044923148149,728.5936436111114,-4.3108487037035275,True
D,2025-01-17,12,71,12:00-12:10,749.1358333333334,29.22831666666673,-719.9075166666667,True
D,2025-01-17,12,72,12:10-12:20,764.7532232407408,48.97922861111101,-715.7739946296298,True
D,2025-01-17,12,73,12:20-12:30,776.1450121296297,76.759977222222,-699.3850349074077,True
D,2025-01-17,12,74,12:30-12:40,784.6841416666666,68.16919166666673,-716.5149499999999,True
D,2025-01-17,12,75,12:40-12:50,728.5936436111114,11.75649361111141,-716.83715,True
D,2025-01-17,12,76,12:50-13:00,135.1501179629629,21.393215555555344,-113.75690240740755,True
D,2025-01-18,6,66,11:10-11:20,757.2476668518516,703.7874672222218,-53.460199629629756,True
D,2025-01-18,6,67,11:20-11:30,761.8451122222224,693.9976527777778,-67.84745944444455,True
D,2025-01-18,6,69,11:40-11:50,748.6095785185184,746.0944897222221,-2.515088796296368,True
D,2025-01-18,6,70,11:50-12:00,744.9482959259261,690.7752894444445,-54.17300648148159,True
D,2025-01-18,6,71,12:00-12:10,704.0084833333335,674.0434333333333,-29.965050000000247,True
D,2025-01-18,6,74,12:30-12:40,740.1300916666667,729.2543749999999,-10.87571666666679,True
D,2025-01-18,6,75,12:40-12:50,733.9493112037035,710.8601236111112,-23.089187592592225,True
D,2025-01-18,12,71,12:00-12:10,674.0434333333333,0.0,-674.0434333333333,True
D,2025-01-18,12,72,12:10-12:20,713.3265587962964,0.0,-713.3265587962964,True
D,2025-01-18,12,73,12:20-12:30,731.8728874074075,0.0,-731.8728874074075,True
D,2025-01-18,12,74,12:30-12:40,729.2543749999999,0.0,-729.2543749999999,True
D,2025-01-18,12,75,12:40-12:50,710.8601236111112,0.0,-710.8601236111112,True
D,2025-01-18,12,76,12:50-13:00,142.3962424074075,0.0,-142.3962424074075,True
D,2025-01-18,12,89,15:00-15:10,302.83419074074084,182.85631666666654,-119.9778740740743,True
D,2025-01-18,12,90,15:10-15:20,820.8414253703693,666.3540080864177,-154.48741728395157,True
D,2025-01-18,12,91,15:20-15:30,318.933546388889,290.6183630555556,-28.31518333333338,True
D,2025-01-18,12,92,15:30-15:40,391.2698416666664,360.47309999999976,-30.796741666666662,True
D,2025-01-19,6,37,6:20-6:30,89.79436021598906,506.05214576238143,416.25778554639237,True
D,2025-01-19,6,42,7:10-7:20,747.8914261111112,753.8490883333335,5.957662222222325,True
D,2025-01-19,6,44,7:30-7:40,1454.2556083333334,1491.4532999999997,37.19769166666629,True
D,2025-01-19,6,45,7:40-7:50,1349.7111336111109,1413.2825775000001,63.571443888889235,True
D,2025-01-19,6,46,7:50-8:00,569.0449788888889,606.4074333333333,37.36245444444444,True
D,2025-01-19,6,65,11:00-11:10,83.40275185185203,96.76431666666679,13.361564814814756,True
D,2025-01-19,6,66,11:10-11:20,754.0202491666664,835.3591474999996,81.33889833333319,True
D,2025-01-19,6,67,11:20-11:30,559.7318102229747,771.9170543025264,212.1852440795517,True
D,2025-01-19,6,70,11:50-12:00,721.2189358333331,737.1805844444443,15.961648611111173,True
D,2025-01-19,6,71,12:00-12:10,699.6888833333335,724.13495,24.446066666666525,True
D,2025-01-19,6,72,12:10-12:20,716.3781477777777,760.4802372222225,44.1020894444448,True
D,2025-01-19,6,73,12:20-12:30,740.0804555555558,749.073409444444,8.992953888888223,True
D,2025-01-19,6,75,12:40-12:50,731.933333148148,735.4455905555552,3.512257407407219,True
D,2025-01-19,12,71,12:00-12:10,724.13495,745.0623166666666,20.927366666666558,True
D,2025-01-19,12,72,12:10-12:20,760.4802372222225,759.3800458333334,-1.1001913888891295,True
D,2025-01-19,12,73,12:20-12:30,749.073409444444,794.5689927777777,45.495583333333684,True
D,2025-01-19,12,74,12:30-12:40,756.1697166666668,791.8752749999999,35.7055583333331,True
D,2025-01-19,12,75,12:40-12:50,735.4455905555552,783.3189286111112,47.87333805555602,True
D,2025-01-19,12,76,12:50-13:00,2.6436794444445013,808.8994377777774,806.2557583333329,True
D,2025-01-19,12,77,13:00-13:10,0.0,55.919133333333434,55.919133333333434,True
D,2025-01-19,12,89,15:00-15:10,1102.6493203703703,1194.7501999999995,92.10087962962916,True
D,2025-01-19,12,90,15:10-15:20,1193.663492222222,1215.318909722222,21.655417500000112,True
D,2025-01-19,12,91,15:20-15:30,484.7644623536268,1248.3648519444441,763.6003895908173,True
D,2025-01-19,12,92,15:30-15:40,531.9889249999998,1313.1547583333333,781.1658333333336,True
D,2025-01-19,12,93,15:40-15:50,649.6263505555557,1133.5582028474553,483.93185229189953,True
D,2025-01-19,18,107,18:00-18:10,584.5324074074074,635.9168333333331,51.38442592592571,True
D,2025-01-19,18,108,18:10-18:20,401.4123591780294,595.5289905555557,194.11663137752623,True
D,2025-01-19,18,109,18:20-18:30,621.0180121296295,621.0522787962962,0.034266666666667334,True
D,2025-01-19,18,110,18:30-18:40,612.8979166666667,624.3994166666665,11.50149999999985,True
D,2025-01-19,18,111,18:40-18:50,578.6436450000001,596.6331541666667,17.989509166666608,True
D,2025-01-19,18,112,18:50-19:00,533.7082966666667,565.0223380464959,31.314041379829177,True
D,2025-01-20,12,71,12:00-12:10,789.2959000000002,838.0642333333334,48.7683333333332,True
D,2025-01-20,12,72,12:10-12:20,770.9743086111113,777.8130780555557,6.838769444444438,True
D,2025-01-20,12,73,12:20-12:30,788.4087672222228,792.9008727777781,4.492105555555327,True
D,2025-01-20,12,74,12:30-12:40,816.0725749999998,848.0176750000003,31.94510000000048,True
D,2025-01-20,12,75,12:40-12:50,796.0278314814813,839.6793733333328,43.65154185185156,True
D,2025-01-20,12,76,12:50-13:00,62.852737777777975,189.3797553107111,126.52701753293312,True
D,2025-01-21,6,64,10:50-11:00,292.36103546296306,179.02113527777783,-113.33990018518523,True
D,2025-01-21,6,66,11:10-11:20,993.8217927777778,906.9821258333329,-86.83966694444484,True
D,2025-01-21,6,70,11:50-12:00,910.0389488888887,854.3653408333332,-55.67360805555552,True
D,2025-01-21,6,71,12:00-12:10,862.5450833333337,808.6230333333332,-53.92205000000047,True
D,2025-01-21,6,72,12:10-12:20,874.441141574074,862.7306274999999,-11.710514074074126,True
D,2025-01-21,6,74,12:30-12:40,872.1494750000002,858.9779666666665,-13.17150833333369,True
D,2025-01-21,6,75,12:40-12:50,839.848033148148,821.6834566666666,-18.16457648148139,True
D,2025-01-21,6,77,13:00-13:10,125.0368000000002,64.35547592592593,-60.68132407407427,True
D,2025-01-21,6,79,13:20-13:30,21.81562320160006,0.0,-21.81562320160006,True
D,2025-01-21,6,89,15:00-15:10,1353.6080999999997,1326.0273703703701,-27.58072962962956,True
D,2025-01-21,6,90,15:10-15:20,1424.7662988888887,1399.1483454629629,-25.61795342592586,True
D,2025-01-21,6,93,15:40-15:50,1475.5781191666665,1462.3954167877848,-13.182702378881686,True
D,2025-01-21,6,94,15:50-16:00,859.8412844444443,835.0857122222222,-24.7555722222221,True
D,2025-01-21,6,95,16:00-16:10,885.6394000000001,860.6866666666668,-24.9527333333333,True
D,2025-01-21,6,96,16:10-16:20,987.1998466666665,965.7788466666665,-21.42100000000005,True
D,2025-01-21,12,71,12:00-12:10,808.6230333333332,830.2983666666665,21.675333333333356,True
D,2025-01-21,12,72,12:10-12:20,862.7306274999999,874.4411415740741,11.71051407407424,True
D,2025-01-21,12,73,12:20-12:30,891.1535829629629,571.1994573322929,-319.95412563067,True
D,2025-01-21,12,74,12:30-12:40,858.9779666666665,872.149475,13.171508333333577,True
D,2025-01-21,12,75,12:40-12:50,821.6834566666666,839.848033148148,18.16457648148139,True
D,2025-01-21,12,76,12:50-13:00,106.70256111111121,101.87882222222208,-4.823738888889125,True
D,2025-01-21,12,77,13:00-13:10,64.35547592592593,125.03680000000021,60.68132407407428,True
D,2025-01-21,12,79,13:20-13:30,0.0,21.81562320160006,21.81562320160006,True
D,2025-01-21,12,89,15:00-15:10,1326.0273703703701,1353.6080999999997,27.58072962962956,True
D,2025-01-21,12,90,15:10-15:20,1399.1483454629629,1424.766298888889,25.61795342592609,True
D,2025-01-21,12,93,15:40-15:50,1462.3954167877848,1475.5781191666667,13.182702378881913,True
D,2025-01-21,12,94,15:50-16:00,835.0857122222222,859.8412844444445,24.755572222222213,True
D,2025-01-21,12,95,16:00-16:10,860.6866666666668,885.6393999999999,24.95273333333307,True
D,2025-01-21,12,96,16:10-16:20,965.7788466666665,987.1998466666664,21.420999999999935,True
D,2025-01-22,6,36,6:10-6:20,92.94551888888907,92.9822938888891,0.0367750000000342,True
D,2025-01-22,6,47,8:00-8:10,85.78493333333336,85.94366666666656,0.1587333333332026,True
D,2025-01-22,6,75,12:40-12:50,1210.037081111111,1134.6008533333331,-75.43622777777796,True
D,2025-01-22,12,73,12:20-12:30,1039.417338240741,809.0981223559647,-230.3192158847762,True
D,2025-01-22,12,75,12:40-12:50,1134.6008533333331,1065.0661366666666,-69.53471666666655,True
D,2025-01-22,12,76,12:50-13:00,454.4227651851853,273.0551750000003,-181.367590185185,True
D,2025-01-22,12,77,13:00-13:10,357.8709888888889,331.6882055555558,-26.182783333333134,True
D,2025-01-23,6,47,8:00-8:10,99.95293888888875,100.10635555555552,0.15341666666677156,True
D,2025-01-23,6,57,9:40-9:50,198.8379151111124,511.8494094444444,313.011494333332,True
D,2025-01-23,6,62,10:30-10:40,0.0,270.7473753817329,270.7473753817329,True
D,2025-01-23,6,64,10:50-11:00,195.54476435185177,214.85495583333318,19.31019148148141,True
D,2025-01-23,6,75,12:40-12:50,1124.435656111111,1029.1971116666664,-95.23854444444464,True
D,2025-01-23,12,75,12:40-12:50,1029.1971116666664,1107.810967222222,78.61385555555557,True
D,2025-01-24,12,71,12:00-12:10,594.0278944444445,0.0,-594.0278944444445,True
D,2025-01-24,12,72,12:10-12:20,601.4294646296296,0.0,-601.4294646296296,True
D,2025-01-24,12,73,12:20-12:30,615.8639321296297,0.0,-615.8639321296297,True
D,2025-01-24,12,74,12:30-12:40,611.3528111111111,0.0,-611.3528111111111,True
D,2025-01-24,12,75,12:40-12:50,586.060455648148,0.0,-586.060455648148,True
D,2025-01-25,6,71,12:00-12:10,456.3193722222222,647.2324055555555,190.91303333333326,True
D,2025-01-25,6,72,12:10-12:20,428.8451976851853,608.7013171296295,179.85611944444418,True
D,2025-01-25,6,73,12:20-12:30,49.07645402029158,359.72724197090815,310.6507879506166,True
D,2025-01-25,6,74,12:30-12:40,451.05668611111105,608.7989777777776,157.74229166666657,True
D,2025-01-25,6,75,12:40-12:50,401.95146870370377,544.2903927777775,142.3389240740737,True
D,2025-01-25,6,89,15:00-15:10,0.0,61.69131655555576,61.69131655555576,True
D,2025-01-25,6,90,15:10-15:20,24.209389166666483,120.77018805555542,96.56079888888894,True
D,2025-01-25,6,91,15:20-15:30,83.3441127777777,161.50050722222215,78.15639444444446,True
D,2025-01-25,6,92,15:30-15:40,149.591511111111,221.736736111111,72.14522499999998,True
D,2025-01-25,6,93,15:40-15:50,218.129408611111,284.2634641666665,66.1340555555555,True
D,2025-01-25,6,94,15:50-16:00,228.83873611111107,313.7880511111112,84.94931500000013,True
D,2025-01-25,6,95,16:00-16:10,211.69663888888897,320.0049808333333,108.30834194444435,True
D,2025-01-25,6,96,16:10-16:20,292.337861388889,348.2432458333333,55.90538444444428,True
D,2025-01-25,6,97,16:20-16:30,369.169836944444,425.7560158333333,56.58617888888932,True
D,2025-01-25,6,98,16:30-16:40,431.47410555555547,453.18010555555566,21.706000000000188,True
D,2025-01-25,12,71,12:00-12:10,647.2324055555555,217.32559849560477,-429.9068070599507,True
D,2025-01-25,12,72,12:10-12:20,608.7013171296295,428.8451976851854,-179.85611944444412,True
D,2025-01-25,12,73,12:20-12:30,359.72724197090815,0.0,-359.72724197090815,True
D,2025-01-25,12,74,12:30-12:40,608.7989777777776,0.0,-608.7989777777776,True
D,2025-01-25,12,75,12:40-12:50,544.2903927777775,401.9514687037038,-142.33892407407365,True
D,2025-01-25,12,89,15:00-15:10,61.69131655555576,10.96938333333344,-50.72193322222232,True
D,2025-01-25,12,90,15:10-15:20,120.77018805555542,89.37454083333319,-31.395647222222237,True
D,2025-01-25,12,91,15:20-15:30,161.50050722222215,83.34411277777771,-78.15639444444444,True
D,2025-01-25,12,92,15:30-15:40,221.736736111111,192.82376666666676,-28.91296944444423,True
D,2025-01-25,12,93,15:40-15:50,284.2634641666665,218.12940861111102,-66.13405555555548,True
D,2025-01-25,12,94,15:50-16:00,313.7880511111112,228.8387361111111,-84.9493150000001,True
D,2025-01-25,12,95,16:00-16:10,320.0049808333333,211.69663888888894,-108.30834194444438,True
D,2025-01-25,12,96,16:10-16:20,348.2432458333333,292.33786138888894,-55.90538444444434,True
D,2025-01-25,12,97,16:20-16:30,425.7560158333333,369.16983694444406,-56.586178888889265,True
D,2025-01-25,12,98,16:30-16:40,453.18010555555566,431.47410555555547,-21.706000000000188,True
D,2025-01-26,6,70,11:50-12:00,1031.2351636111111,1028.4042277777776,-2.8309358333335695,True
D,2025-01-26,6,71,12:00-12:10,1015.2193833333336,1008.7670666666666,-6.452316666667002,True
D,2025-01-26,6,72,12:10-12:20,1000.2090352777776,928.9203124999998,-71.28872277777782,True
D,2025-01-26,6,73,12:20-12:30,1023.110850277778,924.5198780555559,-98.59097222222215,True
D,2025-01-26,6,74,12:30-12:40,1066.769775,991.3689333333333,-75.40084166666668,True
D,2025-01-26,6,75,12:40-12:50,1048.0078214814816,1016.6994216666666,-31.30839981481506,True
D,2025-01-26,6,77,13:00-13:10,444.6770666666665,365.6429909647386,-79.03407570192792,True
D,2025-01-26,12,71,12:00-12:10,1008.7670666666666,933.0359499999998,-75.73111666666671,True
D,2025-01-26,12,72,12:10-12:20,928.9203124999998,861.0205263888885,-67.89978611111133,True
D,2025-01-26,12,73,12:20-12:30,924.5198780555559,864.4514225000001,-60.068455555555715,True
D,2025-01-26,12,74,12:30-12:40,991.3689333333333,939.1318083333332,-52.237125000000106,True
D,2025-01-26,12,75,12:40-12:50,1016.6994216666666,972.293627222222,-44.40579444444461,True
D,2025-01-26,12,77,13:00-13:10,365.6429909647386,444.6770666666666,79.03407570192797,True
D,2025-01-27,6,77,13:00-13:10,0.0,16.724114713885427,16.724114713885427,True
D,2025-01-27,6,89,15:00-15:10,1109.8850000000002,1342.5827153268865,232.69771532688628,True
D,2025-01-27,6,90,15:10-15:20,1204.8324163888885,1405.618274722222,200.7858583333334,True
D,2025-01-27,6,91,15:20-15:30,726.2350320038397,1430.5738102777777,704.338778273938,True
D,2025-01-27,6,92,15:30-15:40,505.7569666666667,1446.4318972222222,940.6749305555555,True
D,2025-01-27,6,93,15:40-15:50,563.8526099999997,706.3230822222218,142.47047222222216,True
D,2025-01-27,6,94,15:50-16:00,587.1768708333336,733.7207052777779,146.54383444444431,True
D,2025-01-27,6,95,16:00-16:10,572.3079222222224,737.5152611111112,165.20733888888878,True
D,2025-01-27,6,96,16:10-16:20,703.2571836111108,810.8816974166684,107.62451380555763,True
D,2025-01-27,6,97,16:20-16:30,755.1013744444446,863.8615199999997,108.76014555555514,True
D,2025-01-27,6,98,16:30-16:40,799.3673138888889,856.8216972222223,57.45438333333334,True
D,2025-01-27,6,99,16:40-16:50,863.9076883333335,906.8035105555556,42.89582222222214,True
D,2025-01-27,6,100,16:50-17:00,914.4474144444442,946.9238655555553,32.47645111111103,True
D,2025-01-27,6,101,17:00-17:10,1022.3310944444441,1031.5106944444442,9.17960000000005,True
D,2025-01-27,6,102,17:10-17:20,1030.3142808333332,1041.796530833333,11.482249999999794,True
D,2025-01-27,6,103,17:20-17:30,962.5105991666663,971.317254722222,8.806655555555608,True
D,2025-01-27,6,104,17:30-17:40,1028.8310333333338,1032.549402777778,3.718369444444079,True
D,2025-01-27,6,105,17:40-17:50,1076.3503025000002,1077.4176783333335,1.0673758333332444,True
D,2025-01-27,12,73,12:20-12:30,806.5034701851853,100.17898055555588,-706.3244896296294,True
D,2025-01-27,12,74,12:30-12:40,823.0028666666666,570.7790008515656,-252.22386581510102,True
D,2025-01-27,12,76,12:50-13:00,839.3630006481482,243.51901138888888,-595.8439892592593,True
D,2025-01-27,12,77,13:00-13:10,16.724114713885427,0.0,-16.724114713885427,True
D,2025-01-27,12,89,15:00-15:10,1342.5827153268865,1248.9737000000002,-93.60901532688627,True
D,2025-01-27,12,90,15:10-15:20,1405.618274722222,1307.315836944444,-98.30243777777787,True
D,2025-01-27,12,91,15:20-15:30,1430.5738102777777,1304.5042800688782,-126.06953020889955,True
D,2025-01-27,12,92,15:30-15:40,1446.4318972222222,613.8513583333332,-832.580538888889,True
D,2025-01-27,12,93,15:40-15:50,706.3230822222218,664.8005599999995,-41.52252222222239,True
D,2025-01-27,12,94,15:50-16:00,733.7207052777779,678.2354883333337,-55.48521694444423,True
D,2025-01-27,12,95,16:00-16:10,737.5152611111112,572.3079222222223,-165.2073388888889,True
D,2025-01-27,12,96,16:10-16:20,810.8816974166684,703.2571836111107,-107.62451380555774,True
D,2025-01-27,12,97,16:20-16:30,863.8615199999997,755.1013744444446,-108.76014555555514,True
D,2025-01-27,12,98,16:30-16:40,856.8216972222223,799.367313888889,-57.454383333333226,True
D,2025-01-27,12,99,16:40-16:50,906.8035105555556,863.9076883333336,-42.89582222222202,True
D,2025-01-27,12,100,16:50-17:00,946.9238655555553,914.4474144444443,-32.47645111111092,True
D,2025-01-27,12,101,17:00-17:10,1031.5106944444442,1022.3310944444443,-9.179599999999937,True
D,2025-01-27,12,102,17:10-17:20,1041.796530833333,1030.3142808333332,-11.482249999999794,True
D,2025-01-27,12,103,17:20-17:30,971.317254722222,962.5105991666662,-8.806655555555722,True
D,2025-01-27,12,104,17:30-17:40,1032.549402777778,1028.8310333333338,-3.718369444444079,True
D,2025-01-27,12,105,17:40-17:50,1077.4176783333335,1076.3503025000002,-1.0673758333332444,True
D,2025-01-27,18,107,18:00-18:10,568.1948055555554,678.7567999999999,110.56199444444451,True
D,2025-01-27,18,108,18:10-18:20,470.3886221944454,515.1606842507232,44.772062056277775,True
D,2025-01-28,6,36,6:10-6:20,90.60162611111105,91.27309305555582,0.6714669444447736,True
D,2025-01-28,6,47,8:00-8:10,68.64208888888913,85.44693333333396,16.804844444444825,True
D,2025-01-28,6,48,8:10-8:20,32.29828203703721,53.468457222222355,21.170175185185144,True
D,2025-01-28,6,66,11:10-11:20,1121.3077178703702,1105.7126883333335,-15.59502953703668,True
D,2025-01-28,6,70,11:50-12:00,1130.4976009259262,1124.6357944444442,-5.861806481482063,True
D,2025-01-28,6,71,12:00-12:10,1116.0186333333336,1114.37815,-1.6404833333335773,True
D,2025-01-28,6,72,12:10-12:20,1115.8720479629633,1049.0788638888887,-66.79318407407459,True
D,2025-01-28,6,73,12:20-12:30,1128.5361462962962,1041.721156666667,-86.81498962962928,True
D,2025-01-28,6,74,12:30-12:40,1124.9686527777776,1093.0001444444442,-31.968508333333375,True
D,2025-01-28,6,89,15:00-15:10,1222.1394277777779,1272.9952576131614,50.855829835383474,True
D,2025-01-28,6,90,15:10-15:20,1278.7708980555553,1339.3234911111108,60.55259305555546,True
D,2025-01-28,12,71,12:00-12:10,1114.37815,1024.9380166666665,-89.4401333333335,True
D,2025-01-28,12,72,12:10-12:20,1049.0788638888887,961.5683777777776,-87.51048611111105,True
D,2025-01-28,12,73,12:20-12:30,1041.721156666667,215.49397911288793,-826.227177553779,True
D,2025-01-28,12,74,12:30-12:40,1093.0001444444442,1009.3489527777776,-83.65119166666659,True
D,2025-01-28,12,75,12:40-12:50,1104.5500053703704,1047.8258944444442,-56.7241109259262,True
D,2025-01-28,12,76,12:50-13:00,1116.8866012037038,263.760231388889,-853.1263698148148,True
D,2025-01-28,12,77,13:00-13:10,329.31462592592624,314.6080833333334,-14.706542592592825,True
D,2025-01-28,12,89,15:00-15:10,1272.9952576131614,1222.1394277777779,-50.855829835383474,True
D,2025-01-28,12,90,15:10-15:20,1339.3234911111108,1278.7708980555556,-60.552593055555235,True
D,2025-01-29,6,36,6:10-6:20,100.5840080555555,101.2341969444443,0.6501888888888061,True
D,2025-01-29,6,65,11:00-11:10,281.67863518518527,568.5099124679969,286.8312772828116,True
D,2025-01-29,6,67,11:20-11:30,803.9253304629635,896.9912472222218,93.06591675925824,True
D,2025-01-29,6,75,12:40-12:50,837.4007900925926,865.480425833333,28.0796357407404,True
D,2025-01-29,12,73,12:20-12:30,888.0430877777782,879.4839600000003,-8.559127777777917,True
D,2025-01-29,12,75,12:40-12:50,865.480425833333,837.4007900925926,-28.0796357407404,True
D,2025-01-30,6,93,15:40-15:50,606.634995,668.3925861111111,61.75759111111108,True
D,2025-01-30,6,94,15:50-16:00,619.3868583333333,697.3940655555555,78.00720722222218,True
D,2025-01-30,6,95,16:00-16:10,559.8053944444443,716.7049499999998,156.89955555555548,True
D,2025-01-30,6,96,16:10-16:20,623.9359230555556,779.2290383333334,155.29311527777782,True
D,2025-01-30,6,97,16:20-16:30,698.8032752777775,808.0563211388799,109.25304586110235,True
D,2025-01-30,12,75,12:40-12:50,759.2003948148149,775.0838588888886,15.883464074073686,True
D,2025-01-30,12,76,12:50-13:00,4.0814502777780035,38.121415843618855,34.03996556584085,True
D,2025-01-30,12,90,15:10-15:20,1175.9555751851856,1250.1295542489702,74.1739790637846,True
D,2025-01-30,12,93,15:40-15:50,668.3925861111111,638.7321399999998,-29.66044611111124,True
D,2025-01-30,12,94,15:50-16:00,697.3940655555555,630.5339696913555,-66.86009586419993,True
D,2025-01-30,12,95,16:00-16:10,716.7049499999998,670.8613666666668,-45.84358333333307,True
D,2025-01-30,12,96,16:10-16:20,779.2290383333334,742.5902297222221,-36.638808611111244,True
D,2025-01-30,12,97,16:20-16:30,808.0563211388799,760.7630862901278,-47.293234848752036,True
D,2025-01-31,6,92,15:30-15:40,265.21497499999987,293.6443499999997,28.429374999999823,True
D,2025-01-31,12,71,12:00-12:10,533.1207166666667,0.0,-533.1207166666667,True
D,2025-01-31,12,72,12:10-12:20,511.9576950000002,0.0,-511.9576950000002,True
D,2025-01-31,12,73,12:20-12:30,547.769144166667,0.0,-547.769144166667,True
D,2025-01-31,12,74,12:30-12:40,614.3297833333336,0.0,-614.3297833333336,True
D,2025-01-31,12,75,12:40-12:50,575.5221553703702,0.0,-575.5221553703702,True
D,2025-01-31,12,92,15:30-15:40,293.6443499999997,278.0633721481402,-15.580977851859473,True
D,2025-02-01,6,73,12:20-12:30,528.5427685185185,480.82804555555583,-47.714722962962696,True
D,2025-02-01,6,74,12:30-12:40,533.7143416666667,511.8294166666665,-21.88492500000018,True
D,2025-02-01,12,71,12:00-12:10,467.8787333333337,0.0,-467.8787333333337,True
D,2025-02-01,12,72,12:10-12:20,496.84387185185216,0.0,-496.84387185185216,True
D,2025-02-01,12,73,12:20-12:30,480.82804555555583,0.0,-480.82804555555583,True
D,2025-02-01,12,74,12:30-12:40,511.8294166666665,0.0,-511.8294166666665,True
D,2025-02-01,12,75,12:40-12:50,521.9761375925927,297.7332896422471,-224.24284795034566,True
D,2025-02-02,6,72,12:10-12:20,757.3261077777778,727.3214794444442,-30.004628333333585,True
D,2025-02-02,6,73,12:20-12:30,764.224740555556,724.8369738888891,-39.387766666666835,True
D,2025-02-02,12,72,12:10-12:20,727.3214794444442,747.9013127777777,20.579833333333454,True
D,2025-02-02,12,73,12:20-12:30,724.8369738888891,731.2636238888891,6.426649999999995,True
D,2025-02-02,12,74,12:30-12:40,762.3828083333332,756.3777499999998,-6.005058333333409,True
D,2025-02-02,18,107,18:00-18:10,555.6675740740742,584.6163833333333,28.948809259259065,True
D,2025-02-02,18,108,18:10-18:20,255.99439019346624,502.84451388888897,246.85012369542272,True
D,2025-02-02,18,110,18:30-18:40,561.2156666666668,561.2247333333333,0.009066666666512901,True
D,2025-02-02,18,111,18:40-18:50,586.7823080555556,586.8025358333333,0.020227777777677147,True
D,2025-02-03,6,70,11:50-12:00,1032.1996503703704,1028.060396666666,-4.1392537037042985,True
D,2025-02-03,6,72,12:10-12:20,962.5520188888889,938.2570738888887,-24.29494500000021,True
D,2025-02-03,6,73,12:20-12:30,979.3835919444446,949.5699086111111,-29.813683333333415,True
D,2025-02-03,12,71,12:00-12:10,968.4708500000004,919.7671666666668,-48.70368333333363,True
D,2025-02-03,12,72,12:10-12:20,938.2570738888887,864.4291683333333,-73.82790555555539,True
D,2025-02-03,12,73,12:20-12:30,949.5699086111111,36.042397500000334,-913.5275111111108,True
D,2025-02-03,12,74,12:30-12:40,993.1288999999998,415.8775142569181,-577.2513857430818,True
D,2025-02-03,12,75,12:40-12:50,958.834569259259,946.9437583333331,-11.890810925925848,True
D,2025-02-04,6,65,11:00-11:10,1120.4569351851853,1102.0320833333333,-18.424851851852054,True
D,2025-02-04,6,66,11:10-11:20,1087.215928425926,1010.0623186111109,-77.15360981481513,True
D,2025-02-04,6,67,11:20-11:30,1044.2627263888892,1003.2003780555557,-41.06234833333349,True
D,2025-02-04,6,69,11:40-11:50,1047.6709551851852,1031.6954219444442,-15.975533240741015,True
D,2025-02-04,6,70,11:50-12:00,1001.5785775925929,913.8223488888889,-87.75622870370398,True
D,2025-02-04,6,71,12:00-12:10,912.7377666666667,829.0667166666664,-83.67105000000038,True
D,2025-02-04,6,72,12:10-12:20,936.8378051851852,895.3573494444445,-41.480455740740695,True
D,2025-02-04,6,73,12:20-12:30,981.7119301851852,956.2394730555555,-25.472457129629674,True
D,2025-02-04,6,74,12:30-12:40,986.1549916666665,943.1716583333331,-42.98333333333346,True
D,2025-02-04,6,75,12:40-12:50,959.5799834259259,911.582640277778,-47.997343148147934,True
D,2025-02-04,6,89,15:00-15:10,1491.7796222222219,1429.1012166666665,-62.6784055555554,True
D,2025-02-04,6,90,15:10-15:20,1483.9208022222222,1450.8816583333332,-33.03914388888893,True
D,2025-02-04,6,91,15:20-15:30,1486.0784047222223,1469.9027425,-16.1756622222224,True
D,2025-02-04,12,71,12:00-12:10,829.0667166666664,892.9980499999998,63.93133333333344,True
D,2025-02-04,12,72,12:10-12:20,895.3573494444445,936.8378051851853,41.48045574074081,True
D,2025-02-04,12,73,12:20-12:30,956.2394730555555,179.8063452777776,-776.4331277777779,True
D,2025-02-04,12,74,12:30-12:40,943.1716583333331,274.8385310058935,-668.3331273274396,True
D,2025-02-04,12,75,12:40-12:50,911.582640277778,959.579983425926,47.99734314814805,True
D,2025-02-04,12,76,12:50-13:00,664.109049190059,172.3959461111108,-491.71310307894817,True
D,2025-02-04,12,89,15:00-15:10,1429.1012166666665,1434.3699666666664,5.2687499999999545,True
D,2025-02-04,12,90,15:10-15:20,1450.8816583333332,1456.625438888889,5.743780555555759,True
D,2025-02-04,12,91,15:20-15:30,1469.9027425,1476.121553611111,6.218811111111108,True
D,2025-02-05,6,47,8:00-8:10,44.964083333333406,59.385716666666895,14.421633333333489,True
D,2025-02-06,6,64,10:50-11:00,241.88231435185196,196.50485305555537,-45.37746129629659,True
D,2025-02-06,6,67,11:20-11:30,973.314343888889,973.1553513888891,-0.15899249999984022,True
D,2025-02-06,6,69,11:40-11:50,1086.2500077777777,1033.4902677777777,-52.759739999999965,True
D,2025-02-06,6,70,11:50-12:00,1114.8073795370374,966.8962897222221,-147.91108981481523,True
D,2025-02-06,6,71,12:00-12:10,1077.9637833333334,927.7000333333332,-150.2637500000002,True
D,2025-02-06,6,72,12:10-12:20,1047.607753611111,960.1173813888888,-87.49037222222228,True
D,2025-02-06,6,73,12:20-12:30,1064.821428888889,1006.3251002777776,-58.49632861111138,True
D,2025-02-06,6,74,12:30-12:40,1095.8141166666667,1008.4170499999998,-87.39706666666689,True
D,2025-02-06,6,75,12:40-12:50,1052.0588089814812,967.0407213888888,-85.01808759259245,True
D,2025-02-06,6,77,13:00-13:10,262.7641396317311,201.09765000000004,-61.666489631731054,True
D,2025-02-06,6,78,13:10-13:20,181.04028285900634,0.0,-181.04028285900634,True
D,2025-02-06,6,79,13:20-13:30,314.44601333333344,226.8018800000001,-87.64413333333334,True
D,2025-02-06,6,80,13:30-13:40,361.1641250000001,272.1767083333334,-88.98741666666672,True
D,2025-02-06,6,81,13:40-13:50,397.2967459259262,93.96377456460448,-303.3329713613217,True
D,2025-02-06,6,89,15:00-15:10,1437.53477037037,1415.033683333333,-22.501087037036996,True
D,2025-02-06,6,90,15:10-15:20,1473.9052029629631,1450.7176647222223,-23.187538240740878,True
D,2025-02-06,6,91,15:20-15:30,1474.8792714814815,1451.5141937037038,-23.365077777777742,True
D,2025-02-06,6,92,15:30-15:40,1490.5106444444443,1468.6190527777776,-21.891591666666727,True
D,2025-02-06,6,93,15:40-15:50,1532.9844050000002,1512.5662994444447,-20.418105555555485,True
D,2025-02-06,6,94,15:50-16:00,903.5723794444447,794.4951794444447,-109.07719999999995,True
D,2025-02-06,6,95,16:00-16:10,861.0210500000001,806.9808833333336,-54.04016666666644,True
D,2025-02-06,12,71,12:00-12:10,927.7000333333332,959.1205999999999,31.420566666666673,True
D,2025-02-06,12,72,12:10-12:20,960.1173813888888,977.7158758333333,17.59849444444444,True
D,2025-02-06,12,73,12:20-12:30,1006.3251002777776,176.76818916666662,-829.5569111111109,True
D,2025-02-06,12,74,12:30-12:40,1008.4170499999998,652.5264854215723,-355.89056457842753,True
D,2025-02-06,12,75,12:40-12:50,967.0407213888888,943.1729991666666,-23.86772222222214,True
D,2025-02-06,12,76,12:50-13:00,202.69065583333327,105.69551166666645,-96.99514416666682,True
D,2025-02-06,12,77,13:00-13:10,201.09765000000004,149.58578333333355,-51.51186666666649,True
D,2025-02-06,12,79,13:20-13:30,226.8018800000001,0.0,-226.8018800000001,True
D,2025-02-06,12,80,13:30-13:40,272.1767083333334,0.0,-272.1767083333334,True
D,2025-02-06,12,81,13:40-13:50,93.96377456460448,0.0,-93.96377456460448,True
D,2025-02-06,12,89,15:00-15:10,1415.033683333333,1378.7965166666663,-36.23716666666678,True
D,2025-02-06,12,90,15:10-15:20,1450.7176647222223,1415.9482174999998,-34.769447222222425,True
D,2025-02-06,12,91,15:20-15:30,1451.5141937037038,1452.3391674999998,0.8249737962960353,True
D,2025-02-06,12,92,15:30-15:40,1468.6190527777776,1490.510644444444,21.8915916666665,True
D,2025-02-06,12,93,15:40-15:50,1512.5662994444447,1507.2651333333351,-5.301166111109524,True
D,2025-02-06,12,94,15:50-16:00,794.4951794444447,765.5966100000002,-28.898569444444547,True
D,2025-02-06,12,95,16:00-16:10,806.9808833333336,779.5500333333335,-27.430850000000078,True
D,2025-02-06,18,107,18:00-18:10,694.1548333333334,694.1061833333341,-0.04864999999927022,True
D,2025-02-07,6,69,11:40-11:50,706.5842407407407,701.7223851851853,-4.861855555555394,True
D,2025-02-07,6,70,11:50-12:00,694.9136295370373,683.4879850925928,-11.425644444444515,True
D,2025-02-07,6,71,12:00-12:10,652.8924666666669,634.9030333333334,-17.989433333333523,True
D,2025-02-07,6,72,12:10-12:20,684.3291799074074,665.3883549074072,-18.94082500000013,True
D,2025-02-07,6,73,12:20-12:30,708.8859446296295,689.0658263888887,-19.82011824074084,True
D,2025-02-07,6,74,12:30-12:40,686.7396083333334,665.896,-20.843608333333464,True
D,2025-02-07,6,75,12:40-12:50,648.5063564814816,626.7113564814815,-21.795000000000073,True
D,2025-02-07,12,71,12:00-12:10,634.9030333333334,0.0,-634.9030333333334,True
D,2025-02-07,12,72,12:10-12:20,665.3883549074072,0.0,-665.3883549074072,True
D,2025-02-07,12,73,12:20-12:30,689.0658263888887,0.0,-689.0658263888887,True
D,2025-02-07,12,74,12:30-12:40,665.896,0.0,-665.896,True
D,2025-02-07,12,75,12:40-12:50,626.7113564814815,0.0,-626.7113564814815,True
D,2025-02-07,12,89,15:00-15:10,369.46343361111144,261.5286,-107.93483361111146,True
D,2025-02-07,12,90,15:10-15:20,1136.7493691666666,945.500763888889,-191.24860527777764,True
D,2025-02-07,12,91,15:20-15:30,434.8395216666667,365.59586611111104,-69.24365555555568,True
D,2025-02-07,12,92,15:30-15:40,481.10507899999766,424.9476833333333,-56.15739566666434,True
D,2025-02-07,18,107,18:00-18:10,462.85423420581003,462.7844175391405,-0.06981666666951014,True
D,2025-02-07,18,109,18:20-18:30,541.0594703703705,540.7799175925953,-0.27955277777516585,True
D,2025-02-07,18,111,18:40-18:50,497.43819555555564,497.42047333333335,-0.017722222222289474,True
D,2025-02-08,6,90,15:10-15:20,0.0,47.89137111111086,47.89137111111086,True
D,2025-02-08,6,91,15:20-15:30,0.0,99.16491305555553,99.16491305555553,True
D,2025-02-08,6,92,15:30-15:40,1.6094194444445975,49.96799999999996,48.35858055555536,True
D,2025-02-08,6,93,15:40-15:50,64.90807916666665,123.67887888888879,58.77079972222214,True
D,2025-02-08,6,94,15:50-16:00,90.79295111111111,152.7340002777778,61.94104916666669,True
D,2025-02-08,6,95,16:00-16:10,88.8419999999997,170.9875666666665,82.14556666666681,True
D,2025-02-08,6,96,16:10-16:20,174.63185250000015,282.3027458333332,107.67089333333303,True
D,2025-02-08,6,97,16:20-16:30,271.3743899999995,324.85693388888865,53.482543888889154,True
D,2025-02-08,12,90,15:10-15:20,47.89137111111086,0.0,-47.89137111111086,True
D,2025-02-08,12,91,15:20-15:30,99.16491305555553,61.53785138888861,-37.62706166666692,True
D,2025-02-08,12,92,15:30-15:40,49.96799999999996,61.73093333333338,11.762933333333422,True
D,2025-02-08,12,93,15:40-15:50,123.67887888888879,138.0095344444444,14.330655555555609,True
D,2025-02-08,12,94,15:50-16:00,152.7340002777778,169.63237805555565,16.898377777777853,True
D,2025-02-08,12,95,16:00-16:10,170.9875666666665,190.4536666666666,19.466100000000097,True
D,2025-02-08,12,96,16:10-16:20,282.3027458333332,217.2009709259297,-65.10177490740347,True
D,2025-02-08,12,97,16:20-16:30,324.85693388888865,271.37438999999955,-53.4825438888891,True
D,2025-02-09,6,65,11:00-11:10,1124.260251851852,966.5362333333333,-157.72401851851873,True
D,2025-02-09,6,66,11:10-11:20,1058.1583195370372,887.777033312739,-170.38128622429815,True
D,2025-02-09,6,67,11:20-11:30,976.4538686111114,877.7158202777781,-98.73804833333327,True
D,2025-02-09,6,89,15:00-15:10,164.91510370370372,635.0486234567902,470.1335197530865,True
D,2025-02-09,6,90,15:10-15:20,497.15874669753055,1102.074340833333,604.9155941358025,True
D,2025-02-09,6,91,15:20-15:30,255.64421138888872,321.45113166666584,65.80692027777712,True
D,2025-02-09,6,92,15:30-15:40,326.0200027777779,388.8616527777779,62.841650000000016,True
D,2025-02-09,6,93,15:40-15:50,364.19484027777753,415.4456291666663,51.25078888888879,True
D,2025-02-09,6,94,15:50-16:00,390.67565944444465,424.12391875000094,33.44825930555629,True
D,2025-02-09,6,95,16:00-16:10,407.4579611111112,464.6357999999999,57.17783888888869,True
D,2025-02-09,6,96,16:10-16:20,493.6063411111112,526.0704755555555,32.46413444444431,True
D,2025-02-09,6,97,16:20-16:30,553.0492047222222,586.1662827777776,33.11707805555545,True
D,2025-02-09,6,98,16:30-16:40,572.5781833333333,574.2384504999942,1.6602671666609012,True
D,2025-02-09,12,72,12:10-12:20,757.4406590740741,763.7986052777776,6.357946203703477,True
D,2025-02-09,12,73,12:20-12:30,776.1660212962965,798.5882990740739,22.422277777777367,True
D,2025-02-09,12,74,12:30-12:40,764.9844083333331,784.9875333333334,20.003125000000296,True
D,2025-02-09,12,75,12:40-12:50,712.4452589814815,746.3616663888889,33.916407407407405,True
D,2025-02-09,12,76,12:50-13:00,670.6949325079554,759.6504808333333,88.95554832537789,True
D,2025-02-09,12,89,15:00-15:10,635.0486234567902,255.10276666666664,-379.94585679012357,True
D,2025-02-09,12,90,15:10-15:20,1102.074340833333,791.1546235264859,-310.91971730684713,True
D,2025-02-09,12,91,15:20-15:30,321.45113166666584,269.451366388889,-51.99976527777682,True
D,2025-02-09,12,92,15:30-15:40,388.8616527777779,326.02000277777785,-62.84165000000007,True
D,2025-02-09,12,93,15:40-15:50,415.4456291666663,364.1948402777776,-51.250788888888735,True
D,2025-02-09,12,94,15:50-16:00,424.12391875000094,390.6756594444447,-33.448259305556235,True
D,2025-02-09,12,95,16:00-16:10,464.6357999999999,407.45796111111116,-57.17783888888874,True
D,2025-02-09,12,96,16:10-16:20,526.0704755555555,493.6063411111111,-32.464134444444426,True
D,2025-02-09,12,97,16:20-16:30,586.1662827777776,553.0492047222223,-33.11707805555534,True
D,2025-02-09,12,98,16:30-16:40,574.2384504999942,572.5781833333334,-1.6602671666607876,True
D,2025-02-09,18,107,18:00-18:10,542.7353240740741,571.4221333333332,28.68680925925912,True
D,2025-02-09,18,108,18:10-18:20,273.47775908333426,506.5182974999999,233.04053841666564,True
D,2025-02-10,6,38,6:30-6:40,638.5408609835835,586.6673547335804,-51.87350625000306,True
D,2025-02-10,6,64,10:50-11:00,225.3361719444447,19.92470833333323,-205.41146361111146,True
D,2025-02-10,6,65,11:00-11:10,1014.1221685185187,834.1368666666667,-179.985301851852,True
D,2025-02-10,6,66,11:10-11:20,974.131219537037,739.4036124999998,-234.72760703703727,True
D,2025-02-10,6,67,11:20-11:30,921.3425936111116,726.6927008333337,-194.64989277777795,True
D,2025-02-10,6,68,11:30-11:40,890.2722694444444,785.59275,-104.6795194444444,True
D,2025-02-10,6,69,11:40-11:50,896.7365479629627,735.1463758333332,-161.59017212962954,True
D,2025-02-10,6,70,11:50-12:00,854.7796423148149,625.3952274999999,-229.38441481481493,True
D,2025-02-10,6,71,12:00-12:10,776.6159166666669,555.3031333333334,-221.3127833333334,True
D,2025-02-10,6,72,12:10-12:20,782.1848054629631,611.0972997222223,-171.08750574074088,True
D,2025-02-10,6,73,12:20-12:30,809.5137315740741,662.4689077777776,-147.04482379629644,True
D,2025-02-10,6,74,12:30-12:40,812.5941083333332,656.0730916666665,-156.5210166666667,True
D,2025-02-10,6,75,12:40-12:50,784.6498528703704,631.1495097222224,-153.50034314814798,True
D,2025-02-10,6,76,12:50-13:00,784.9136617877882,604.6943886499254,-180.21927313786284,True
D,2025-02-10,6,89,15:00-15:10,1183.5749555555553,976.4182755555564,-207.15667999999891,True
D,2025-02-10,6,91,15:20-15:30,1243.2682772222224,459.18337611111133,-784.0849011111111,True
D,2025-02-10,6,92,15:30-15:40,711.8416726234572,539.8067166666666,-172.03495595679055,True
D,2025-02-10,12,71,12:00-12:10,555.3031333333334,357.97915745651505,-197.3239758768184,True
D,2025-02-10,12,72,12:10-12:20,611.0972997222223,782.1848054629633,171.087505740741,True
D,2025-02-10,12,73,12:20-12:30,662.4689077777776,46.52123555555545,-615.9476722222222,True
D,2025-02-10,12,74,12:30-12:40,656.0730916666665,26.90990833333342,-629.1631833333331,True
D,2025-02-10,12,75,12:40-12:50,631.1495097222224,784.6498528703704,153.50034314814798,True
D,2025-02-10,12,76,12:50-13:00,604.6943886499254,27.481802222222427,-577.212586427703,True
D,2025-02-10,12,89,15:00-15:10,976.4182755555564,1183.5749555555553,207.15667999999891,True
D,2025-02-10,12,91,15:20-15:30,459.18337611111133,1243.2682772222227,784.0849011111113,True
D,2025-02-10,12,92,15:30-15:40,539.8067166666666,711.841672623457,172.03495595679044,True
D,2025-02-11,6,64,10:50-11:00,126.38257722222238,14.755230277777628,-111.62734694444475,True
D,2025-02-11,6,66,11:10-11:20,820.8667924074073,772.0340899999999,-48.832702407407396,True
D,2025-02-11,6,67,11:20-11:30,845.5896291666667,782.0993975000004,-63.49023166666632,True
D,2025-02-11,6,68,11:30-11:40,866.7160583333333,835.2705916666669,-31.445466666666448,True
D,2025-02-11,6,69,11:40-11:50,841.1800541666667,787.3715658333331,-53.80848833333357,True
D,2025-02-11,6,70,11:50-12:00,779.724521666667,710.8349966666667,-68.88952500000028,True
D,2025-02-11,6,71,12:00-12:10,719.897161111111,691.0676000000002,-28.82956111111082,True
D,2025-02-11,6,72,12:10-12:20,800.3252852777778,737.1721969444445,-63.153088333333244,True
D,2025-02-11,6,73,12:20-12:30,865.025433611111,775.2579530555555,-89.7674805555555,True
D,2025-02-11,6,74,12:30-12:40,867.7007388888885,766.6264833333331,-101.0742555555554,True
D,2025-02-11,6,75,12:40-12:50,860.579448611111,741.4438319444446,-119.13561666666646,True
D,2025-02-11,6,77,13:00-13:10,149.13156666666703,0.0,-149.13156666666703,True
D,2025-02-11,6,79,13:20-13:30,66.95350186826647,0.0,-66.95350186826647,True
D,2025-02-11,6,90,15:10-15:20,1405.4610277777774,1386.301883333333,-19.159144444444337,True
D,2025-02-11,6,91,15:20-15:30,1371.5937083333333,1155.592781798076,-216.00092653525735,True
D,2025-02-11,6,92,15:30-15:40,1430.5796527777775,675.5685416666664,-755.0111111111111,True
D,2025-02-11,6,93,15:40-15:50,1502.8554849999996,744.9711958333335,-757.8842891666661,True
D,2025-02-11,6,94,15:50-16:00,814.3832634282725,776.7022208333334,-37.68104259493907,True
D,2025-02-11,6,95,16:00-16:10,848.636146296296,805.9340333333334,-42.70211296296259,True
D,2025-02-11,12,71,12:00-12:10,691.0676000000002,719.8971611111111,28.829561111110934,True
D,2025-02-11,12,72,12:10-12:20,737.1721969444445,800.3252852777779,63.15308833333336,True
D,2025-02-11,12,73,12:20-12:30,775.2579530555555,865.0254336111111,89.76748055555561,True
D,2025-02-11,12,74,12:30-12:40,766.6264833333331,867.7007388888884,101.07425555555528,True
D,2025-02-11,12,75,12:40-12:50,741.4438319444446,859.5855375000003,118.14170555555575,True
D,2025-02-11,12,90,15:10-15:20,1386.301883333333,1339.8751555555552,-46.42672777777784,True
D,2025-02-11,12,91,15:20-15:30,1155.592781798076,1371.5937083333336,216.00092653525758,True
D,2025-02-11,12,92,15:30-15:40,675.5685416666664,1000.5892081481452,325.02066648147877,True
D,2025-02-11,12,93,15:40-15:50,744.9711958333335,683.8007347222224,-61.17046111111108,True
D,2025-02-11,12,94,15:50-16:00,776.7022208333334,710.6171819444445,-66.0850388888889,True
D,2025-02-11,12,95,16:00-16:10,805.9340333333334,734.9344166666668,-70.99961666666661,True
D,2025-02-11,12,96,16:10-16:20,859.6537427777776,835.3067174999999,-24.347025277777675,True
D,2025-02-12,6,38,6:30-6:40,680.3264613076603,411.88837055555257,-268.43809075210777,True
D,2025-02-12,6,64,10:50-11:00,272.3440866666667,36.3976591666667,-235.94642750000003,True
D,2025-02-12,6,65,11:00-11:10,1080.7310851851848,860.834133333333,-219.89695185185178,True
D,2025-02-12,6,66,11:10-11:20,1028.407211759259,770.5939241666665,-257.8132875925926,True
D,2025-02-12,6,67,11:20-11:30,943.1992005555558,742.289596666667,-200.9096038888888,True
D,2025-02-12,6,68,11:30-11:40,877.3393361111112,783.226075,-94.11326111111111,True
D,2025-02-12,6,69,11:40-11:50,887.1055093518519,752.907565,-134.1979443518519,True
D,2025-02-12,6,70,11:50-12:00,849.1821892592594,664.0159716666667,-185.16621759259272,True
D,2025-02-12,6,71,12:00-12:10,761.3163,601.0476833333331,-160.26861666666684,True
D,2025-02-12,6,72,12:10-12:20,759.6751190740742,663.2390133333336,-96.43610574074069,True
D,2025-02-12,6,73,12:20-12:30,784.0791712962963,725.2929808333332,-58.78619046296308,True
D,2025-02-12,6,74,12:30-12:40,793.0157499999998,738.3605999999999,-54.655149999999935,True
D,2025-02-12,6,75,12:40-12:50,777.9687514814814,739.9415083333333,-38.027243148148045,True
D,2025-02-12,6,76,12:50-13:00,788.2654017592594,783.2060058333329,-5.059395925926424,True
D,2025-02-12,12,71,12:00-12:10,601.0476833333331,761.3163000000001,160.26861666666696,True
D,2025-02-12,12,72,12:10-12:20,663.2390133333336,759.6751190740744,96.4361057407408,True
D,2025-02-12,12,73,12:20-12:30,725.2929808333332,27.166875277777763,-698.1261055555555,True
D,2025-02-12,12,74,12:30-12:40,738.3605999999999,116.51928076131966,-621.8413192386802,True
D,2025-02-12,12,75,12:40-12:50,739.9415083333333,777.9687514814813,38.02724314814793,True
D,2025-02-12,12,76,12:50-13:00,783.2060058333329,40.6031669444443,-742.6028388888886,True
D,2025-02-13,6,37,6:20-6:30,349.95078709469504,168.65397501135988,-181.29681208333517,True
D,2025-02-13,6,64,10:50-11:00,146.0307847222225,0.0,-146.0307847222225,True
D,2025-02-13,6,65,11:00-11:10,956.1054851851852,740.6881000000001,-215.41738518518514,True
D,2025-02-13,6,66,11:10-11:20,944.0449034259258,688.9903130555551,-255.05459037037065,True
D,2025-02-13,6,67,11:20-11:30,890.0958797222227,690.2241036111113,-199.87177611111133,True
D,2025-02-13,6,68,11:30-11:40,830.6372611111112,735.8409583333332,-94.79630277777801,True
D,2025-02-13,6,69,11:40-11:50,838.7762635185186,702.1744080555554,-136.60185546296316,True
D,2025-02-13,6,70,11:50-12:00,817.5879767592595,628.2969786111112,-189.29099814814833,True
D,2025-02-13,6,71,12:00-12:10,762.7733333333335,596.6590666666665,-166.11426666666705,True
D,2025-02-13,6,72,12:10-12:20,776.6625371296295,661.4589924999998,-115.20354462962973,True
D,2025-02-13,6,73,12:20-12:30,806.1751832407405,715.6997649999997,-90.47541824074074,True
D,2025-02-13,6,74,12:30-12:40,809.8675166666667,710.60135,-99.26616666666666,True
D,2025-02-13,6,75,12:40-12:50,785.5324978703704,689.9724491666668,-95.56004870370361,True
D,2025-02-13,12,71,12:00-12:10,596.6590666666665,628.7587258721531,32.09965920548666,True
D,2025-02-13,12,72,12:10-12:20,661.4589924999998,776.6625371296296,115.20354462962985,True
D,2025-02-13,12,73,12:20-12:30,715.6997649999997,11.002848333333077,-704.6969166666667,True
D,2025-02-13,12,74,12:30-12:40,710.60135,9.662358333333373,-700.9389916666667,True
D,2025-02-13,12,75,12:40-12:50,689.9724491666668,785.5324978703704,95.56004870370361,True
D,2025-02-13,12,76,12:50-13:00,422.4213829112484,46.913882499999886,-375.5075004112485,True
D,2025-02-14,6,41,7:0-7:10,319.75518839099055,147.86242278914017,-171.89276560185039,True
D,2025-02-14,6,64,10:50-11:00,72.74846268518536,0.0,-72.74846268518536,True
D,2025-02-14,6,66,11:10-11:20,876.1955514814815,634.7110055555554,-241.4845459259261,True
D,2025-02-14,6,69,11:40-11:50,743.4059977054878,676.6036505555554,-66.80234714993242,True
D,2025-02-14,6,70,11:50-12:00,715.6568003703703,607.9492911111109,-107.70750925925938,True
D,2025-02-14,6,71,12:00-12:10,663.7041333333335,596.1767166666666,-67.52741666666691,True
D,2025-02-14,6,91,15:20-15:30,116.77690416666655,119.0856736111109,2.3087694444443514,True
D,2025-02-14,6,92,15:30-15:40,102.13829483333316,128.28863743827256,26.150342604939397,True
D,2025-02-14,6,93,15:40-15:50,176.23146666666662,204.11317858710456,27.881711920437937,True
D,2025-02-14,6,94,15:50-16:00,232.81950777777774,274.8228911111112,42.00338333333343,True
D,2025-02-14,6,95,16:00-16:10,253.37711111111133,276.550558880428,23.17344776931668,True
D,2025-02-14,6,96,16:10-16:20,254.01603444444459,293.6212552777776,39.60522083333302,True
D,2025-02-14,6,97,16:20-16:30,349.6902955555551,384.89513472222217,35.20483916666706,True
D,2025-02-14,6,98,16:30-16:40,446.7878583333335,482.9012598833304,36.11340154999692,True
D,2025-02-14,12,71,12:00-12:10,596.1767166666666,0.0,-596.1767166666666,True
D,2025-02-14,12,72,12:10-12:20,630.1217965740743,0.0,-630.1217965740743,True
D,2025-02-14,12,73,12:20-12:30,621.4233946296293,0.0,-621.4233946296293,True
D,2025-02-14,12,74,12:30-12:40,593.5195999999997,0.0,-593.5195999999997,True
D,2025-02-14,12,75,12:40-12:50,500.3791764814815,0.0,-500.3791764814815,True
D,2025-02-14,12,89,15:00-15:10,0.0,10.634233333333441,10.634233333333441,True
D,2025-02-14,12,90,15:10-15:20,61.93282833333331,124.03885611111093,62.10602777777762,True
D,2025-02-14,12,91,15:20-15:30,119.0856736111109,127.45891666666671,8.373243055555804,True
D,2025-02-14,12,92,15:30-15:40,128.28863743827256,180.19303333333323,51.904395895060674,True
D,2025-02-14,12,93,15:40-15:50,204.11317858710456,236.31103416666662,32.19785557956206,True
D,2025-02-14,12,94,15:50-16:00,274.8228911111112,271.5010283333334,-3.321862777777767,True
D,2025-02-14,12,95,16:00-16:10,276.550558880428,288.4627333333334,11.91217445290539,True
D,2025-02-14,12,96,16:10-16:20,293.6212552777776,327.5259052777777,33.90465000000012,True
D,2025-02-14,12,97,16:20-16:30,384.89513472222217,413.44821805555546,28.55308333333329,True
D,2025-02-14,12,98,16:30-16:40,482.9012598833304,490.8078333333305,7.90657345000011,True
D,2025-02-14,18,107,18:00-18:10,423.24658333333326,422.5697666666665,-0.6768166666667526,True
D,2025-02-14,18,109,18:20-18:30,532.0125016666667,530.679207314815,-1.3332943518516913,True
D,2025-02-14,18,110,18:30-18:40,414.93583333333333,414.62722058642066,-0.30861274691267226,True
D,2025-02-14,18,124,20:50-21:00,637.2611532150652,637.2424019804974,-0.018751234567730535,True
D,2025-02-15,6,71,12:00-12:10,257.34345641975017,0.0,-257.34345641975017,True
D,2025-02-15,6,72,12:10-12:20,518.3849996296298,0.0,-518.3849996296298,True
D,2025-02-15,6,75,12:40-12:50,491.46614953703704,0.0,-491.46614953703704,True
D,2025-02-16,6,64,10:50-11:00,153.8393280555556,0.0,-153.8393280555556,True
D,2025-02-16,6,65,11:00-11:10,985.2975685185187,710.5864403165925,-274.71112820192616,True
D,2025-02-16,6,66,11:10-11:20,946.4294398148148,701.6218911111109,-244.8075487037039,True
D,2025-02-16,6,67,11:20-11:30,880.4640058333335,684.0984297222224,-196.36557611111118,True
D,2025-02-16,6,68,11:30-11:40,826.4618194444445,728.430875,-98.03094444444446,True
D,2025-02-16,6,69,11:40-11:50,822.808086574074,676.2307477777777,-146.57733879629632,True
D,2025-02-16,6,70,11:50-12:00,798.4800420370369,592.472718888889,-206.00732314814798,True
D,2025-02-16,6,71,12:00-12:10,747.4361166666667,557.8646833333333,-189.5714333333334,True
D,2025-02-16,6,72,12:10-12:20,738.4374618518518,602.9835200000002,-135.4539418518516,True
D,2025-02-16,6,73,12:20-12:30,751.7780276851852,644.2589816666666,-107.51904601851857,True
D,2025-02-16,6,74,12:30-12:40,757.9740999999999,644.8710749999999,-113.103025,True
D,2025-02-16,6,75,12:40-12:50,724.0523384259258,617.8622008333335,-106.19013759259224,True
D,2025-02-16,6,89,15:00-15:10,664.3077554709212,193.0764499999999,-471.23130547092126,True
D,2025-02-16,6,90,15:10-15:20,1139.796107222222,664.9516704321002,-474.8444367901218,True
D,2025-02-16,6,91,15:20-15:30,373.2618741666667,310.3301022222223,-62.93177194444439,True
D,2025-02-16,6,92,15:30-15:40,441.7709833333333,383.09385833333323,-58.677125000000046,True
D,2025-02-16,12,71,12:00-12:10,557.8646833333333,747.4361166666669,189.57143333333352,True
D,2025-02-16,12,72,12:10-12:20,602.9835200000002,738.4374618518519,135.4539418518517,True
D,2025-02-16,12,73,12:20-12:30,644.2589816666666,751.7780276851853,107.51904601851868,True
D,2025-02-16,12,74,12:30-12:40,644.8710749999999,757.9740999999998,113.10302499999989,True
D,2025-02-16,12,75,12:40-12:50,617.8622008333335,724.0523384259259,106.19013759259235,True
D,2025-02-16,12,89,15:00-15:10,193.0764499999999,664.3077554709212,471.23130547092126,True
D,2025-02-16,12,90,15:10-15:20,664.9516704321002,1076.3170661111108,411.3653956790106,True
D,2025-02-16,12,91,15:20-15:30,310.3301022222223,373.26187416666676,62.93177194444445,True
D,2025-02-16,12,92,15:30-15:40,383.09385833333323,441.7709833333332,58.67712499999999,True
D,2025-02-16,18,107,18:00-18:10,549.7620740740741,577.8577166666666,28.095642592592526,True
D,2025-02-16,18,108,18:10-18:20,288.2145631666665,574.4243332407408,286.2097700740743,True
D,2025-02-17,6,37,6:20-6:30,822.0382580555556,579.8370527891402,-242.2012052664154,True
D,2025-02-17,6,38,6:30-6:40,516.1292943169163,130.93639166666685,-385.1929026502495,True
D,2025-02-17,6,64,10:50-11:00,362.0304652777778,7.337951666666413,-354.6925136111114,True
D,2025-02-17,6,65,11:00-11:10,1191.9261351851853,825.0131666666666,-366.9129685185187,True
D,2025-02-17,6,66,11:10-11:20,1167.0405475925922,760.0572822222218,-406.9832653703704,True
D,2025-02-17,6,67,11:20-11:30,1108.6486072222224,756.4150644444446,-352.23354277777776,True
D,2025-02-17,6,68,11:30-11:40,1054.1648111111112,806.57365,-247.5911611111112,True
D,2025-02-17,6,69,11:40-11:50,1063.702292685185,773.8724872222219,-289.8298054629631,True
D,2025-02-17,6,70,11:50-12:00,1055.986123425926,713.0340836111111,-342.95203981481495,True
D,2025-02-17,6,71,12:00-12:10,1020.4748666666669,700.2664666666668,-320.2084000000001,True
D,2025-02-17,6,72,12:10-12:20,1024.1199635185185,742.7380494444446,-281.38191407407385,True
D,2025-02-17,6,73,12:20-12:30,1041.8991435185185,773.1611197222222,-268.73802379629626,True
D,2025-02-17,6,74,12:30-12:40,1054.9782999999998,765.3652916666666,-289.61300833333314,True
D,2025-02-17,6,75,12:40-12:50,1053.8523734259259,755.8612469444447,-297.99112648148116,True
D,2025-02-17,6,76,12:50-13:00,1054.4173753989012,796.6901463888887,-257.7272290100125,True
D,2025-02-17,6,91,15:20-15:30,1200.8686838888889,971.0194842363508,-229.84919965253812,True
D,2025-02-17,6,92,15:30-15:40,854.3599553703704,598.623725,-255.73623037037032,True
D,2025-02-17,12,71,12:00-12:10,700.2664666666668,0.0,-700.2664666666668,True
D,2025-02-17,12,72,12:10-12:20,742.7380494444446,677.6130404503328,-65.1250089941118,True
D,2025-02-17,12,73,12:20-12:30,773.1611197222222,21.597503055555535,-751.5636166666667,True
D,2025-02-17,12,74,12:30-12:40,765.3652916666666,6.180916666666576,-759.184375,True
D,2025-02-17,12,75,12:40-12:50,755.8612469444447,822.3894469444447,66.52819999999997,True
D,2025-02-17,12,76,12:50-13:00,796.6901463888887,22.26425472222229,-774.4258916666664,True
D,2025-02-17,12,91,15:20-15:30,971.0194842363508,724.0447712962999,-246.97471294005084,True
D,2025-02-17,12,92,15:30-15:40,598.623725,557.75325,-40.870475000000056,True
D,2025-02-18,6,35,6:00-6:10,49.052583333333246,49.109149999999886,0.05656666666664023,True
D,2025-02-18,12,73,12:20-12:30,620.5624732407412,22.65868277777804,-597.9037904629631,True
D,2025-02-18,12,74,12:30-12:40,650.431575,601.1216869318201,-49.309888068179816,True
D,2025-02-19,6,71,12:00-12:10,585.1159833333336,576.3912666666666,-8.72471666666695,True
D,2025-02-19,6,72,12:10-12:20,589.8033382407407,551.2196375000002,-38.58370074074048,True
D,2025-02-19,6,73,12:20-12:30,611.668702962963,550.2460649999998,-61.42263796296322,True
D,2025-02-19,6,74,12:30-12:40,619.1702083333334,564.8473916666666,-54.32281666666688,True
D,2025-02-19,12,71,12:00-12:10,576.3912666666666,585.1159833333336,8.72471666666695,True
D,2025-02-19,12,72,12:10-12:20,551.2196375000002,589.8033382407408,38.583700740740596,True
D,2025-02-19,12,73,12:20-12:30,550.2460649999998,525.6050659464996,-24.640999053500195,True
D,2025-02-19,12,74,12:30-12:40,564.8473916666666,619.1702083333334,54.32281666666688,True
D,2025-02-19,12,76,12:50-13:00,0.7408403577539673,0.0,-0.7408403577539673,True
D,2025-02-20,6,64,10:50-11:00,205.2834858333331,166.07951503881324,-39.20397079451985,True
D,2025-02-20,6,65,11:00-11:10,1056.276914814815,1009.6536666666667,-46.623248148148264,True
D,2025-02-20,6,66,11:10-11:20,1018.3132246296294,973.2576930555556,-45.055531574073825,True
D,2025-02-20,6,67,11:20-11:30,1005.9228299999997,888.1325077777775,-117.79032222222224,True
D,2025-02-20,6,68,11:30-11:40,961.3263666666666,826.0241999999997,-135.30216666666684,True
D,2025-02-20,6,69,11:40-11:50,979.662943333333,826.8489322222221,-152.81401111111097,True
D,2025-02-20,6,70,11:50-12:00,913.8468419444446,796.103359444444,-117.7434825000006,True
D,2025-02-20,6,71,12:00-12:10,858.131951851852,724.4025666666665,-133.7293851851855,True
D,2025-02-20,6,72,12:10-12:20,895.4420852777779,692.3541741666667,-203.08791111111123,True
D,2025-02-20,6,73,12:20-12:30,891.4290755555553,673.0909533333331,-218.33812222222218,True
D,2025-02-20,6,74,12:30-12:40,885.4950583333334,651.9067250000002,-233.58833333333325,True
D,2025-02-20,6,75,12:40-12:50,903.2925802777776,654.454035833333,-248.83854444444455,True
D,2025-02-20,6,76,12:50-13:00,973.970746388889,709.8819908333334,-264.0887555555556,True
D,2025-02-20,12,71,12:00-12:10,724.4025666666665,793.3868666666666,68.98430000000008,True
D,2025-02-20,12,72,12:10-12:20,692.3541741666667,764.6081297222224,72.25395555555576,True
D,2025-02-20,12,73,12:20-12:30,673.0909533333331,559.4854247427943,-113.60552859053882,True
D,2025-02-20,12,74,12:30-12:40,651.9067250000002,730.6999916666666,78.79326666666645,True
D,2025-02-20,12,75,12:40-12:50,654.454035833333,736.5169580555554,82.06292222222237,True
D,2025-02-20,12,76,12:50-13:00,709.8819908333334,0.0,-709.8819908333334,True
D,2025-02-20,12,89,15:00-15:10,1171.2547740740742,1122.8807666666667,-48.37400740740759,True
D,2025-02-21,6,71,12:00-12:10,575.1007333333329,545.2047499999998,-29.895983333333106,True
D,2025-02-21,6,72,12:10-12:20,501.5866619444446,484.26551138888897,-17.32115055555562,True
D,2025-02-21,6,73,12:20-12:30,505.8583397222226,480.67218027777767,-25.18615944444491,True
D,2025-02-21,6,74,12:30-12:40,559.6010500000002,502.31307500000014,-57.287975000000074,True
D,2025-02-21,6,75,12:40-12:50,505.7132072222221,494.4899563888888,-11.223250833333282,True
D,2025-02-21,12,71,12:00-12:10,545.2047499999998,0.0,-545.2047499999998,True
D,2025-02-21,12,72,12:10-12:20,484.26551138888897,0.0,-484.26551138888897,True
D,2025-02-21,12,73,12:20-12:30,480.67218027777767,0.0,-480.67218027777767,True
D,2025-02-21,12,74,12:30-12:40,502.31307500000014,0.0,-502.31307500000014,True
D,2025-02-21,12,75,12:40-12:50,494.4899563888888,0.0,-494.4899563888888,True
D,2025-02-21,18,107,18:00-18:10,445.1444999999998,444.7131499999998,-0.431350000000009,True
D,2025-02-21,18,124,20:50-21:00,571.9014083333334,571.341558333336,-0.5598499999973683,True
D,2025-02-22,6,89,15:00-15:10,82.85010277777614,44.51065308641994,-38.3394496913562,True
D,2025-02-22,12,89,15:00-15:10,44.51065308641994,7.843566666666447,-36.667086419753495,True
D,2025-02-23,6,41,7:0-7:10,0.0,235.19538265951132,235.19538265951132,True
D,2025-02-23,6,42,7:10-7:20,0.0,628.262848888889,628.262848888889,True
D,2025-02-23,6,43,7:20-7:30,0.0,543.0623486111112,543.0623486111112,True
D,2025-02-23,6,44,7:30-7:40,436.16751666666664,468.0249249999998,31.857408333333183,True
D,2025-02-23,6,45,7:40-7:50,1176.892731111111,1233.0456305555556,56.15289944444453,True
D,2025-02-23,6,71,12:00-12:10,693.8615166666664,678.671333333333,-15.19018333333338,True
D,2025-02-23,6,72,12:10-12:20,667.9795072222224,628.9274011111113,-39.05210611111113,True
D,2025-02-23,6,73,12:20-12:30,682.8030477777781,599.449177222222,-83.35387055555611,True
D,2025-02-23,6,74,12:30-12:40,731.4871166666668,579.5946749999998,-151.89244166666697,True
D,2025-02-23,6,75,12:40-12:50,730.9723874999999,588.7079144444444,-142.2644730555554,True
D,2025-02-23,12,71,12:00-12:10,678.671333333333,681.7661833333332,3.0948500000001786,True
D,2025-02-23,12,72,12:10-12:20,628.9274011111113,632.8683900000002,3.94098888888891,True
D,2025-02-23,12,73,12:20-12:30,599.449177222222,604.2363049999998,4.787127777777755,True
D,2025-02-23,12,74,12:30-12:40,579.5946749999998,585.2279416666664,5.6332666666666,True
D,2025-02-23,12,75,12:40-12:50,588.7079144444444,595.18732,6.479405555555559,True
D,2025-02-23,12,90,15:10-15:20,1111.0174991666668,1061.3513999999998,-49.66609916666698,True
D,2025-02-23,18,107,18:00-18:10,588.6133333333332,616.8985533333343,28.285220000001118,True
D,2025-02-23,18,108,18:10-18:20,340.78364869444476,377.647401098772,36.863752404327215,True
D,2025-02-24,6,90,15:10-15:20,1335.9280691666665,1273.1148338888888,-62.81323527777772,True
D,2025-02-24,6,95,16:00-16:10,705.2768000000002,686.6754166666668,-18.601383333333388,True
D,2025-02-24,6,96,16:10-16:20,779.0784644444442,746.9046138888888,-32.17385055555542,True
D,2025-02-24,6,97,16:20-16:30,798.9574637654316,783.1159494444443,-15.841514320987358,True
D,2025-02-24,12,90,15:10-15:20,1273.1148338888888,1299.2341116666664,26.119277777777597,True
D,2025-02-24,12,92,15:30-15:40,598.0757916666666,548.5954438454448,-49.48034782122181,True
D,2025-02-24,12,93,15:40-15:50,619.746516388889,589.3432250000003,-30.403291388888647,True
D,2025-02-24,12,94,15:50-16:00,653.066860277778,645.4342216666666,-7.632638611111361,True
D,2025-02-24,12,95,16:00-16:10,686.6754166666668,694.5374166666668,7.861999999999966,True
D,2025-02-24,12,96,16:10-16:20,746.9046138888888,755.3485666666666,8.443952777777781,True
D,2025-02-24,12,97,16:20-16:30,783.1159494444443,792.1418549999999,9.025905555555596,True
D,2025-02-25,6,68,11:30-11:40,796.2047833333332,783.6981999999997,-12.506583333333538,True
D,2025-02-25,6,71,12:00-12:10,800.5404166666664,752.2134833333333,-48.326933333333045,True
D,2025-02-25,6,72,12:10-12:20,762.1602955555556,721.682297777778,-40.47799777777766,True
D,2025-02-25,6,73,12:20-12:30,761.3275752777779,708.2586713888886,-53.06890388888928,True
D,2025-02-25,6,74,12:30-12:40,784.2370333333333,694.3404166666666,-89.89661666666677,True
D,2025-02-25,6,75,12:40-12:50,743.2503224999998,694.6925327777777,-48.55778972222208,True
D,2025-02-25,6,89,15:00-15:10,1237.0787166666667,1226.7378833333332,-10.340833333333421,True
D,2025-02-25,12,71,12:00-12:10,752.2134833333333,0.0,-752.2134833333333,True
D,2025-02-25,12,72,12:10-12:20,721.682297777778,0.0,-721.682297777778,True
D,2025-02-25,12,73,12:20-12:30,708.2586713888886,0.0,-708.2586713888886,True
D,2025-02-25,12,74,12:30-12:40,694.3404166666666,0.0,-694.3404166666666,True
D,2025-02-25,12,75,12:40-12:50,694.6925327777777,0.0,-694.6925327777777,True
D,2025-02-25,12,89,15:00-15:10,1226.7378833333332,742.8253101851851,-483.9125731481481,True
D,2025-02-25,12,90,15:10-15:20,1248.7110752777778,1228.7152594444442,-19.99581583333361,True
D,2025-02-25,12,91,15:20-15:30,952.8644628611137,441.6371380555555,-511.22732480555817,True
D,2025-02-25,12,92,15:30-15:40,516.4338583333332,468.15448333333313,-48.27937500000007,True
D,2025-02-25,12,93,15:40-15:50,585.7403294444448,532.6529119444447,-53.08741750000013,True
D,2025-02-26,12,72,12:10-12:20,590.7628955555556,606.1433991666668,15.38050361111118,True
D,2025-02-26,12,73,12:20-12:30,582.3732477777783,602.4896724899048,20.11642471212656,True
D,2025-02-26,12,74,12:30-12:40,582.6218333333337,589.7623916666665,7.1405583333328195,True
D,2025-02-26,12,75,12:40-12:50,556.7711474999998,589.6926949999998,32.92154750000009,True
D,2025-02-26,12,76,12:50-13:00,0.0,229.5378970987586,229.5378970987586,True
D,2025-02-27,6,71,12:00-12:10,607.7600999999996,564.6923166666664,-43.06778333333318,True
D,2025-02-27,6,72,12:10-12:20,557.3682266666669,505.93354277777814,-51.4346838888888,True
D,2025-02-27,6,73,12:20-12:30,567.5571575000004,487.3157313888887,-80.24142611111165,True
D,2025-02-27,6,74,12:30-12:40,613.9523833333337,480.6674083333336,-133.28497500000014,True
D,2025-02-27,6,75,12:40-12:50,582.883391944444,474.7214077777778,-108.16198416666623,True
D,2025-02-27,12,71,12:00-12:10,564.6923166666664,607.7600999999997,43.067783333333296,True
D,2025-02-27,12,72,12:10-12:20,505.93354277777814,557.368226666667,51.43468388888891,True
D,2025-02-27,12,73,12:20-12:30,487.3157313888887,567.5571575000005,80.24142611111176,True
D,2025-02-27,12,74,12:30-12:40,480.6674083333336,576.5522500000002,95.8848416666666,True
D,2025-02-27,12,75,12:40-12:50,474.7214077777778,578.7692466666667,104.04783888888892,True
D,2025-02-28,12,72,12:10-12:20,375.9802862037033,0.0,-375.9802862037033,True
D,2025-02-28,12,75,12:40-12:50,440.0847097222219,0.0,-440.0847097222219,True
D,2025-03-01,6,71,12:00-12:10,295.85058711419435,0.0,-295.85058711419435,True
D,2025-03-01,6,72,12:10-12:20,476.3708416666666,0.0,-476.3708416666666,True
D,2025-03-01,6,75,12:40-12:50,532.0844436111106,0.0,-532.0844436111106,True
D,2025-03-02,6,43,7:20-7:30,0.0,231.9638833888902,231.9638833888902,True
D,2025-03-02,6,44,7:30-7:40,0.0,389.30581666666683,389.30581666666683,True
D,2025-03-02,6,45,7:40-7:50,0.0,1178.5102666666667,1178.5102666666667,True
D,2025-03-02,6,73,12:20-12:30,749.2211511111112,732.0789805555553,-17.142170555555936,True
D,2025-03-02,6,74,12:30-12:40,807.097875,745.7429333333332,-61.35494166666683,True
D,2025-03-02,6,75,12:40-12:50,800.8893447222218,780.7107694444444,-20.17857527777744,True
D,2025-03-02,6,89,15:00-15:10,1188.1143166666666,1065.9990999999998,-122.11521666666681,True
D,2025-03-02,6,90,15:10-15:20,1194.7679380555555,1145.171759722222,-49.596178333333455,True
D,2025-03-02,6,91,15:20-15:30,714.7168389544418,475.6654113351077,-239.05142761933405,True
D,2025-03-02,6,92,15:30-15:40,466.9634583333333,393.84399999999977,-73.11945833333351,True
D,2025-03-02,6,93,15:40-15:50,529.5495991666667,460.6068322222224,-68.94276694444426,True
D,2025-03-02,12,73,12:20-12:30,732.0789805555553,749.2211511111113,17.14217055555605,True
D,2025-03-02,12,74,12:30-12:40,745.7429333333332,759.4732333333332,13.730299999999943,True
D,2025-03-02,12,75,12:40-12:50,780.7107694444444,785.010697222222,4.2999277777776115,True
D,2025-03-02,12,89,15:00-15:10,1065.9990999999998,1144.7811166666665,78.78201666666678,True
D,2025-03-02,12,90,15:10-15:20,1145.171759722222,1194.7679380555558,49.59617833333368,True
D,2025-03-02,12,91,15:20-15:30,475.6654113351077,714.7168389544419,239.05142761933416,True
D,2025-03-02,12,92,15:30-15:40,393.84399999999977,466.9634583333332,73.11945833333345,True
D,2025-03-02,12,93,15:40-15:50,460.6068322222224,529.5495991666668,68.94276694444437,True
D,2025-03-03,6,66,11:10-11:20,1026.6122119444444,948.653536388889,-77.95867555555537,True
D,2025-03-03,6,67,11:20-11:30,954.7285176622653,869.9265719444439,-84.80194571782135,True
D,2025-03-03,6,68,11:30-11:40,1020.4457083333331,805.5983166666664,-214.84739166666668,True
D,2025-03-03,6,69,11:40-11:50,971.0489827777776,819.519369722222,-151.52961305555561,True
D,2025-03-03,6,70,11:50-12:00,978.4040063888885,812.7339594444439,-165.6700469444446,True
D,2025-03-03,6,71,12:00-12:10,1022.2171999999997,751.5962666666663,-270.62093333333337,True
D,2025-03-03,6,72,12:10-12:20,974.2717597222221,688.1884191666669,-286.0833405555552,True
D,2025-03-03,6,73,12:20-12:30,957.5603069444445,648.7751141666664,-308.7851927777781,True
D,2025-03-03,6,74,12:30-12:40,979.3187333333333,623.2865583333333,-356.03217499999994,True
D,2025-03-03,6,75,12:40-12:50,936.3503113888885,618.4602916666664,-317.89001972222206,True
D,2025-03-03,6,76,12:50-13:00,948.8867491666667,471.2756728165904,-477.61107635007636,True
D,2025-03-03,6,77,13:00-13:10,158.9689333333331,0.0,-158.9689333333331,True
D,2025-03-03,6,89,15:00-15:10,1301.85635,1289.0845333333332,-12.771816666666837,True
D,2025-03-03,6,91,15:20-15:30,1278.363937222222,778.7771250617263,-499.5868121604956,True
D,2025-03-03,6,92,15:30-15:40,1309.766783333333,578.3820999999998,-731.3846833333332,True
D,2025-03-03,12,71,12:00-12:10,751.5962666666663,911.9249333333329,160.32866666666655,True
D,2025-03-03,12,72,12:10-12:20,688.1884191666669,852.8330941666668,164.6446749999999,True
D,2025-03-03,12,73,12:20-12:30,648.7751141666664,71.53998203184582,-577.2351321348206,True
D,2025-03-03,12,74,12:30-12:40,623.2865583333333,796.5632499999999,173.27669166666658,True
D,2025-03-03,12,75,12:40-12:50,618.4602916666664,796.0529916666666,177.59270000000015,True
D,2025-03-03,12,76,12:50-13:00,471.2756728165904,15.96681333333322,-455.30885948325715,True
D,2025-03-03,12,89,15:00-15:10,1289.0845333333332,1301.85635,12.771816666666837,True
D,2025-03-03,12,91,15:20-15:30,778.7771250617263,1278.3639372222221,499.5868121604958,True
D,2025-03-03,12,92,15:30-15:40,578.3820999999998,1056.0721233333327,477.6900233333329,True
D,2025-03-04,6,40,6:50-7:00,674.9562283333332,703.075505,28.119276666666792,True
D,2025-03-04,6,41,7:0-7:10,612.6529333333332,632.8517166666666,20.19878333333338,True
D,2025-03-04,6,43,7:20-7:30,574.4507366666667,605.824267090813,31.373530424146338,True
D,2025-03-04,6,44,7:30-7:40,635.4362180167437,1332.0698867429978,696.6336687262541,True
D,2025-03-04,6,45,7:40-7:50,1283.790183333333,1290.2235588888886,6.433375555555585,True
D,2025-03-04,6,74,12:30-12:40,641.9431416666669,623.8209916666668,-18.122150000000033,True
D,2025-03-04,12,74,12:30-12:40,623.8209916666668,641.9431416666667,18.12214999999992,True
D,2025-03-05,6,68,11:30-11:40,819.45745,726.099583333333,-93.35786666666695,True
D,2025-03-05,6,69,11:40-11:50,811.9777263888886,780.4212911111107,-31.55643527777795,True
D,2025-03-05,6,70,11:50-12:00,811.258524444444,764.045308055555,-47.21321638888901,True
D,2025-03-05,6,71,12:00-12:10,813.4500666666669,659.7696166666667,-153.68045000000018,True
D,2025-03-05,6,72,12:10-12:20,800.7483219444443,649.3406425000004,-151.40767944444394,True
D,2025-03-05,6,73,12:20-12:30,824.9823880555558,668.6080341666665,-156.37435388888935,True
D,2025-03-05,6,74,12:30-12:40,869.4481833333334,683.5620250000001,-185.88615833333336,True
D,2025-03-05,6,75,12:40-12:50,854.0328652777774,724.0240399999998,-130.00882527777765,True
D,2025-03-05,6,89,15:00-15:10,1146.3849833333334,1116.5864833333335,-29.798499999999876,True
D,2025-03-05,6,91,15:20-15:30,1188.8459797222222,605.0858629091803,-583.7601168130419,True
D,2025-03-05,6,92,15:30-15:40,966.4894188271621,454.76799999999974,-511.7214188271624,True
D,2025-03-05,6,93,15:40-15:50,535.8586097222224,528.9413816666669,-6.9172280555554835,True
D,2025-03-05,12,71,12:00-12:10,659.7696166666667,718.7091499999999,58.9395333333332,True
D,2025-03-05,12,72,12:10-12:20,649.3406425000004,691.8903980555558,42.54975555555541,True
D,2025-03-05,12,73,12:20-12:30,668.6080341666665,0.0,-668.6080341666665,True
D,2025-03-05,12,74,12:30-12:40,683.5620250000001,318.5958647918966,-364.9661602081035,True
D,2025-03-05,12,75,12:40-12:50,724.0240399999998,717.404462222222,-6.619577777777749,True
D,2025-03-05,12,76,12:50-13:00,692.3088038351037,0.0,-692.3088038351037,True
D,2025-03-05,12,89,15:00-15:10,1116.5864833333335,1120.6355833333332,4.049099999999726,True
D,2025-03-05,12,91,15:20-15:30,605.0858629091803,762.291558611111,157.20569570193072,True
D,2025-03-05,12,92,15:30-15:40,454.76799999999974,407.6379916666665,-47.13000833333325,True
D,2025-03-05,12,93,15:40-15:50,528.9413816666669,464.7516705555558,-64.18971111111108,True
D,2025-03-05,12,94,15:50-16:00,578.5585861111111,537.9544452777773,-40.60414083333387,True
D,2025-03-06,6,36,6:10-6:20,30.027979722222312,30.861121388888932,0.83314166666662,True
D,2025-03-06,6,37,6:20-6:30,2.4011686111111885,4.796201944444533,2.3950333333333447,True
D,2025-03-06,6,42,7:10-7:20,0.0,412.04828121506466,412.04828121506466,True
D,2025-03-06,6,43,7:20-7:30,335.4445402706231,505.6766725,170.23213222937687,True
D,2025-03-06,6,45,7:40-7:50,1196.7618966666664,1210.57802,13.816123333333508,True
D,2025-03-06,6,68,11:30-11:40,715.8611083333332,703.570108333333,-12.291000000000167,True
D,2025-03-06,6,71,12:00-12:10,746.4266000000002,637.2502166666667,-109.17638333333355,True
D,2025-03-06,6,72,12:10-12:20,695.9499566666668,603.9891438888893,-91.9608127777775,True
D,2025-03-06,6,73,12:20-12:30,677.1293358333335,595.144648611111,-81.98468722222242,True
D,2025-03-06,6,74,12:30-12:40,693.6044916666667,597.0508000000001,-96.55369166666662,True
D,2025-03-06,6,75,12:40-12:50,632.7404558333332,607.0068972222223,-25.73355861111088,True
D,2025-03-06,6,89,15:00-15:10,1278.248516666667,1140.3816499999998,-137.8668666666672,True
D,2025-03-06,6,90,15:10-15:20,1258.1908077777775,1225.0074905555553,-33.183317222222286,True
D,2025-03-06,6,91,15:20-15:30,505.95648277777775,468.05303277777796,-37.90344999999979,True
D,2025-03-06,6,92,15:30-15:40,560.6409083333333,507.6439666666665,-52.99694166666683,True
D,2025-03-06,6,93,15:40-15:50,596.5071218178955,555.3750655555557,-41.1320562623398,True
D,2025-03-06,12,71,12:00-12:10,637.2502166666667,746.4266000000002,109.17638333333355,True
D,2025-03-06,12,72,12:10-12:20,603.9891438888893,695.9499566666669,91.96081277777762,True
D,2025-03-06,12,73,12:20-12:30,595.144648611111,659.9593172610372,64.81466864992615,True
D,2025-03-06,12,74,12:30-12:40,597.0508000000001,693.6044916666667,96.55369166666662,True
D,2025-03-06,12,75,12:40-12:50,607.0068972222223,632.7404558333332,25.73355861111088,True
D,2025-03-06,12,76,12:50-13:00,31.712398649921425,0.0,-31.712398649921425,True
D,2025-03-06,12,89,15:00-15:10,1140.3816499999998,1225.7819666666664,85.40031666666664,True
D,2025-03-06,12,90,15:10-15:20,1225.0074905555553,1258.1908077777778,33.18331722222251,True
D,2025-03-06,12,91,15:20-15:30,468.05303277777796,505.9564827777778,37.90344999999985,True
D,2025-03-06,12,92,15:30-15:40,507.6439666666665,560.6409083333332,52.996941666666714,True
D,2025-03-06,12,93,15:40-15:50,555.3750655555557,596.5071218178956,41.132056262339916,True
D,2025-03-07,6,71,12:00-12:10,520.3044833333332,414.2177333333332,-106.08675000000005,True
D,2025-03-07,6,72,12:10-12:20,520.1811591666665,391.104349166667,-129.07680999999945,True
D,2025-03-07,6,74,12:30-12:40,593.9269666666667,379.84601666666674,-214.08094999999992,True
D,2025-03-07,6,75,12:40-12:50,591.1487424999997,407.68229500000007,-183.46644749999962,True
D,2025-03-07,6,89,15:00-15:10,356.54515000000015,19.605199999999854,-336.9399500000003,True
D,2025-03-07,6,90,15:10-15:20,1105.7350489814812,177.56063064814907,-928.1744183333321,True
D,2025-03-07,6,91,15:20-15:30,309.2288344444444,173.2147347222225,-136.01409972222189,True
D,2025-03-07,6,92,15:30-15:40,365.6493999999998,196.82407499999982,-168.82532499999996,True
D,2025-03-07,6,93,15:40-15:50,383.8602930555554,266.64674361111133,-117.21354944444408,True
D,2025-03-07,12,71,12:00-12:10,414.2177333333332,0.0,-414.2177333333332,True
D,2025-03-07,12,72,12:10-12:20,391.104349166667,0.0,-391.104349166667,True
D,2025-03-07,12,73,12:20-12:30,330.90182481481196,0.0,-330.90182481481196,True
D,2025-03-07,12,74,12:30-12:40,379.84601666666674,0.0,-379.84601666666674,True
D,2025-03-07,12,75,12:40-12:50,407.68229500000007,0.0,-407.68229500000007,True
D,2025-03-07,12,89,15:00-15:10,19.605199999999854,86.63399999999979,67.02879999999993,True
D,2025-03-07,12,90,15:10-15:20,177.56063064814907,440.06406212962946,262.5034314814804,True
D,2025-03-07,12,91,15:20-15:30,173.2147347222225,219.2929347222224,46.078199999999924,True
D,2025-03-07,12,92,15:30-15:40,196.82407499999982,232.42697499999986,35.602900000000034,True
D,2025-03-07,12,93,15:40-15:50,266.64674361111133,291.7743436111113,25.127599999999973,True
D,2025-03-09,6,44,7:30-7:40,0.0,345.5724999999999,345.5724999999999,True
D,2025-03-09,6,45,7:40-7:50,0.0,837.8256435517212,837.8256435517212,True
D,2025-03-09,6,66,11:10-11:20,669.7277442901225,316.8018361499226,-352.92590814019985,True
D,2025-03-09,6,67,11:20-11:30,359.7085471913564,0.0,-359.7085471913564,True
D,2025-03-09,6,68,11:30-11:40,559.5632166666669,0.0,-559.5632166666669,True
D,2025-03-09,6,69,11:40-11:50,617.9598411111107,0.0,-617.9598411111107,True
D,2025-03-09,6,70,11:50-12:00,693.6755352777778,501.16720777777743,-192.5083275000004,True
D,2025-03-09,6,71,12:00-12:10,767.8360333333333,420.70109999999966,-347.1349333333336,True
D,2025-03-09,6,72,12:10-12:20,692.4044947222222,345.75740138888887,-346.6470933333334,True
D,2025-03-09,6,73,12:20-12:30,650.9922611111111,297.59356277777727,-353.39869833333387,True
D,2025-03-09,6,74,12:30-12:40,670.1852416666668,285.48980833333314,-384.69543333333365,True
D,2025-03-09,6,75,12:40-12:50,637.2323530555556,306.6293222222221,-330.6030308333335,True
D,2025-03-09,6,89,15:00-15:10,574.7699060185199,22.886600000000044,-551.8833060185199,True
D,2025-03-09,6,90,15:10-15:20,1065.5010822222223,130.47686728395007,-935.0242149382723,True
D,2025-03-09,6,91,15:20-15:30,280.62355527777765,172.24043861111113,-108.38311666666652,True
D,2025-03-09,6,92,15:30-15:40,321.4139583333332,195.16447499999975,-126.24948333333344,True
D,2025-03-09,6,93,15:40-15:50,305.43243722222235,241.20561722222226,-64.22682000000009,True
D,2025-03-09,12,71,12:00-12:10,420.70109999999966,560.5581166666665,139.85701666666682,True
D,2025-03-09,12,72,12:10-12:20,345.75740138888887,472.18628194444466,126.42888055555579,True
D,2025-03-09,12,73,12:20-12:30,297.59356277777727,410.59430722222214,113.00074444444488,True
D,2025-03-09,12,74,12:30-12:40,285.48980833333314,385.06241666666665,99.5726083333335,True
D,2025-03-09,12,75,12:40-12:50,306.6293222222221,392.77379444444455,86.14447222222248,True
D,2025-03-09,12,89,15:00-15:10,22.886600000000044,574.7699060185199,551.8833060185199,True
D,2025-03-09,12,90,15:10-15:20,130.47686728395007,1065.5010822222225,935.0242149382725,True
D,2025-03-09,12,91,15:20-15:30,172.24043861111113,280.6235552777777,108.38311666666658,True
D,2025-03-09,12,92,15:30-15:40,195.16447499999975,321.41395833333314,126.24948333333339,True
D,2025-03-09,12,93,15:40-15:50,241.20561722222226,305.4324372222224,64.22682000000015,True
D,2025-03-09,18,107,18:00-18:10,546.1746666666666,590.5333166666666,44.35865000000001,True
D,2025-03-10,6,41,7:0-7:10,0.0,76.08418679839224,76.08418679839224,True
D,2025-03-10,6,42,7:10-7:20,198.56027443728783,555.4270791666665,356.8668047293787,True
D,2025-03-10,6,44,7:30-7:40,406.2307500000001,407.88004166666667,1.6492916666665565,True
D,2025-03-10,6,45,7:40-7:50,1204.210933888889,1209.2188783333334,5.00794444444432,True
D,2025-03-10,6,64,10:50-11:00,0.0,6.405450833333589,6.405450833333589,True
D,2025-03-10,6,71,12:00-12:10,854.7484999999999,828.6425833333332,-26.105916666666758,True
D,2025-03-10,6,72,12:10-12:20,793.8794216666668,764.3661338888891,-29.51328777777769,True
D,2025-03-10,6,73,12:20-12:30,773.7208783333334,733.5607744444443,-40.160103888889125,True
D,2025-03-10,6,74,12:30-12:40,800.5206083333334,725.1685583333333,-75.35205000000008,True
D,2025-03-10,6,75,12:40-12:50,741.7889375,716.6340788888889,-25.15485861111108,True
D,2025-03-10,6,90,15:10-15:20,1202.5545641666668,1154.7619958333335,-47.79256833333329,True
D,2025-03-10,6,91,15:20-15:30,413.3053374999997,377.7254875,-35.57984999999974,True
D,2025-03-10,6,92,15:30-15:40,454.7874083333335,396.96905,-57.81835833333349,True
D,2025-03-10,6,93,15:40-15:50,454.75864500000023,454.5908083333336,-0.16783666666663066,True
D,2025-03-10,12,71,12:00-12:10,828.6425833333332,841.9122166666665,13.269633333333331,True
D,2025-03-10,12,72,12:10-12:20,764.3661338888891,786.397072777778,22.030938888888954,True
D,2025-03-10,12,73,12:20-12:30,733.5607744444443,764.3530188888888,30.792244444444464,True
D,2025-03-10,12,74,12:30-12:40,725.1685583333333,764.7221083333333,39.55354999999997,True
D,2025-03-10,12,75,12:40-12:50,716.6340788888889,741.7889375,25.15485861111108,True
D,2025-03-10,12,90,15:10-15:20,1154.7619958333335,1202.554564166667,47.79256833333352,True
D,2025-03-10,12,91,15:20-15:30,377.7254875,413.3053374999998,35.579849999999794,True
D,2025-03-10,12,92,15:30-15:40,396.96905,454.7874083333334,57.818358333333435,True
D,2025-03-10,12,93,15:40-15:50,454.5908083333336,454.7586450000003,0.1678366666666875,True
D,2025-03-11,6,35,6:00-6:10,0.9394999999999527,0.9960666666665929,0.05656666666664023,True
D,2025-03-11,6,36,6:10-6:20,0.0,1.281223333333287,1.281223333333287,True
D,2025-03-11,6,45,7:40-7:50,331.72074749999985,750.5171444135801,418.7963969135803,True
D,2025-03-11,6,66,11:10-11:20,0.0,640.9611638888891,640.9611638888891,True
D,2025-03-11,6,68,11:30-11:40,0.0,518.22381281967,518.22381281967,True
D,2025-03-11,6,69,11:40-11:50,0.0,586.8171836111112,586.8171836111112,True
D,2025-03-11,6,70,11:50-12:00,0.0,564.114609722222,564.114609722222,True
D,2025-03-11,6,71,12:00-12:10,457.15746666666666,583.3900833333335,126.23261666666679,True
D,2025-03-11,6,72,12:10-12:20,431.86043416666644,572.2987674999999,140.4383333333335,True
D,2025-03-11,6,73,12:20-12:30,266.50825256967516,584.7719683333336,318.2637157636584,True
D,2025-03-11,6,74,12:30-12:40,455.71040000000005,606.6429999999997,150.93259999999964,True
D,2025-03-11,6,75,12:40-12:50,424.59834583333316,607.6538291666667,183.05548333333354,True
D,2025-03-11,6,89,15:00-15:10,408.87665000000004,410.1534499999998,1.2767999999997528,True
D,2025-03-11,6,90,15:10-15:20,725.3322668209807,792.9457564166667,67.6134895956859,True
D,2025-03-11,12,71,12:00-12:10,583.3900833333335,596.3693999999999,12.979316666666477,True
D,2025-03-11,12,72,12:10-12:20,572.2987674999999,580.3725044444444,8.073736944444477,True
D,2025-03-11,12,73,12:20-12:30,584.7719683333336,490.50228372841286,-94.26968460492071,True
D,2025-03-11,12,74,12:30-12:40,606.6429999999997,622.4432416666666,15.80024166666692,True
D,2025-03-11,12,75,12:40-12:50,607.6538291666667,607.6908947222223,0.03706555555561408,True
D,2025-03-11,12,89,15:00-15:10,410.1534499999998,408.8766500000001,-1.276799999999696,True
D,2025-03-11,12,90,15:10-15:20,792.9457564166667,725.3322668209809,-67.61348959568579,True
D,2025-03-12,6,65,11:00-11:10,788.1604333333333,7.526850000000081,-780.6335833333333,True
D,2025-03-12,6,67,11:20-11:30,656.1951427777778,606.622194483257,-49.57294829452087,True
D,2025-03-12,6,70,11:50-12:00,683.0618944444457,636.2282574999996,-46.833636944446084,True
D,2025-03-12,6,71,12:00-12:10,743.5386,556.4826999999998,-187.05590000000018,True
D,2025-03-12,6,72,12:10-12:20,715.5946186111112,522.0244586111113,-193.57015999999987,True
D,2025-03-12,6,73,12:20-12:30,698.2688697222221,490.9450047222218,-207.3238650000003,True
D,2025-03-12,6,74,12:30-12:40,697.7450916666667,452.12239166666643,-245.62270000000024,True
D,2025-03-12,6,75,12:40-12:50,664.293156111111,465.760758611111,-198.5323975,True
D,2025-03-12,6,76,12:50-13:00,227.5920072610338,0.0,-227.5920072610338,True
D,2025-03-12,6,89,15:00-15:10,1270.9252666666666,218.95013333333338,-1051.9751333333334,True
D,2025-03-12,6,90,15:10-15:20,1268.5956666666666,687.3232770370371,-581.2723896296295,True
D,2025-03-12,6,91,15:20-15:30,575.8303295370345,348.064745277778,-227.76558425925646,True
D,2025-03-12,6,92,15:30-15:40,553.2129750000001,384.70975000000004,-168.5032250000001,True
D,2025-03-12,6,93,15:40-15:50,604.7998983333335,428.92296472222256,-175.87693361111099,True
D,2025-03-12,6,94,15:50-16:00,623.1182891666667,490.8262511111109,-132.29203805555585,True
D,2025-03-12,6,98,16:30-16:40,737.1307083333335,723.2419529012357,-13.88875543209781,True
D,2025-03-12,6,99,16:40-16:50,762.5655177777777,745.3734163888886,-17.192101388889114,True
D,2025-03-12,12,71,12:00-12:10,556.4826999999998,643.3971499999998,86.91444999999999,True
D,2025-03-12,12,72,12:10-12:20,522.0244586111113,616.2789447222224,94.25448611111108,True
D,2025-03-12,12,73,12:20-12:30,490.9450047222218,0.0,-490.9450047222218,True
D,2025-03-12,12,74,12:30-12:40,452.12239166666643,408.3534813271648,-43.768910339501645,True
D,2025-03-12,12,75,12:40-12:50,465.760758611111,582.0353530555556,116.27459444444457,True
D,2025-03-12,12,89,15:00-15:10,218.95013333333338,760.4807694444437,541.5306361111103,True
D,2025-03-12,12,90,15:10-15:20,687.3232770370371,1236.4124399999996,549.0891629629625,True
D,2025-03-12,12,91,15:20-15:30,348.064745277778,459.0565008333334,110.99175555555541,True
D,2025-03-12,12,92,15:30-15:40,384.70975000000004,492.91947500000003,108.20972499999999,True
D,2025-03-12,12,93,15:40-15:50,428.92296472222256,534.3506591666671,105.42769444444457,True
D,2025-03-12,12,94,15:50-16:00,490.8262511111109,593.4719149999999,102.64566388888898,True
D,2025-03-12,12,98,16:30-16:40,723.2419529012357,737.1307083333335,13.88875543209781,True
D,2025-03-12,12,99,16:40-16:50,745.3734163888886,762.5655177777777,17.192101388889114,True
D,2025-03-13,6,68,11:30-11:40,954.4669166666665,926.6761916666666,-27.790724999999952,True
D,2025-03-13,6,71,12:00-12:10,900.2876166666668,850.5536,-49.73401666666689,True
D,2025-03-13,6,72,12:10-12:20,823.1847899999999,787.9019133333336,-35.28287666666631,True
D,2025-03-13,6,73,12:20-12:30,791.5848483333334,763.5136666666667,-28.07118166666669,True
D,2025-03-13,6,74,12:30-12:40,800.3442333333335,754.9396166666667,-45.40461666666681,True
D,2025-03-13,12,71,12:00-12:10,850.5536,861.4053000000001,10.851700000000164,True
D,2025-03-13,12,72,12:10-12:20,787.9019133333336,813.496146666667,25.594233333333364,True
D,2025-03-13,12,73,12:20-12:30,763.5136666666667,342.90986084128446,-420.60380582538227,True
D,2025-03-13,12,74,12:30-12:40,754.9396166666667,800.3442333333334,45.4046166666667,True
D,2025-03-13,12,76,12:50-13:00,111.7924142054814,33.91259750000006,-77.87981670548135,True
D,2025-03-14,6,93,15:40-15:50,126.13703277777768,172.49163861111106,46.35460583333338,True
D,2025-03-14,6,94,15:50-16:00,173.3234330864209,207.3722525,34.04881941357911,True
D,2025-03-14,6,95,16:00-16:10,168.05799999999988,235.27100000000002,67.21300000000014,True
D,2025-03-14,6,96,16:10-16:20,263.7278419444445,314.93543527777774,51.20759333333325,True
D,2025-03-14,12,93,15:40-15:50,172.49163861111106,126.13703277777769,-46.354605833333366,True
D,2025-03-14,12,94,15:50-16:00,207.3722525,173.32343308642092,-34.04881941357908,True
D,2025-03-14,12,95,16:00-16:10,235.27100000000002,168.05799999999985,-67.21300000000016,True
D,2025-03-14,12,96,16:10-16:20,314.93543527777774,263.7278419444445,-51.20759333333325,True
D,2025-03-15,6,95,16:00-16:10,0.0,57.17179999999996,57.17179999999996,True
D,2025-03-15,6,96,16:10-16:20,14.289853055555682,120.43153477777652,106.14168172222084,True
D,2025-03-15,12,95,16:00-16:10,57.17179999999996,0.0,-57.17179999999996,True
D,2025-03-15,12,96,16:10-16:20,120.43153477777652,14.28985305555568,-106.14168172222084,True
D,2025-03-16,6,44,7:30-7:40,0.0,250.05356765951325,250.05356765951325,True
D,2025-03-16,6,45,7:40-7:50,0.0,306.948177438272,306.948177438272,True
D,2025-03-16,12,71,12:00-12:10,549.0579999999999,547.2851333333332,-1.7728666666666868,True
D,2025-03-16,12,72,12:10-12:20,500.70503361111145,493.6934725000003,-7.011561111111121,True
D,2025-03-16,12,73,12:20-12:30,492.0733780555554,479.82312249999995,-12.25025555555544,True
D,2025-03-16,12,74,12:30-12:40,522.5916583333333,505.1027083333332,-17.488950000000045,True
D,2025-03-16,12,75,12:40-12:50,563.6045969444446,540.8769525000001,-22.727644444444422,True
D,2025-03-16,18,107,18:00-18:10,532.3146666666667,586.6524666666667,54.337800000000016,True
D,2025-03-16,18,108,18:10-18:20,320.89568704839996,541.7282920092603,220.8326049608603,True
D,2025-03-17,6,65,11:00-11:10,844.1765666666665,0.0,-844.1765666666665,True
D,2025-03-17,6,66,11:10-11:20,824.270003888889,667.6437455555558,-156.62625833333323,True
D,2025-03-17,6,67,11:20-11:30,777.9204744444444,0.0,-777.9204744444444,True
D,2025-03-17,6,68,11:30-11:40,759.871675,0.0,-759.871675,True
D,2025-03-17,6,69,11:40-11:50,787.1508672222219,484.89050948325644,-302.26035773896547,True
D,2025-03-17,6,70,11:50-12:00,789.5413227777774,499.3545644444438,-290.1867583333336,True
D,2025-03-17,6,71,12:00-12:10,758.3534499999998,434.77656666666644,-323.5768833333334,True
D,2025-03-17,6,72,12:10-12:20,729.252299166667,409.62354083333366,-319.6287583333333,True
D,2025-03-17,6,73,12:20-12:30,731.677958333333,415.9973249999998,-315.68063333333316,True
D,2025-03-17,6,74,12:30-12:40,747.1697583333333,435.4372499999997,-311.7325083333336,True
D,2025-03-17,6,75,12:40-12:50,765.4757891666666,457.6914058333332,-307.7843833333334,True
D,2025-03-17,6,76,12:50-13:00,336.1869678158252,0.0,-336.1869678158252,True
D,2025-03-17,6,89,15:00-15:10,216.33577805555396,121.30389999999977,-95.03187805555419,True
D,2025-03-17,6,90,15:10-15:20,961.3970977777778,334.52346898148073,-626.8736287962971,True
D,2025-03-17,12,71,12:00-12:10,434.77656666666644,552.2326999999998,117.45613333333336,True
D,2025-03-17,12,72,12:10-12:20,409.62354083333366,532.9217658333336,123.29822499999989,True
D,2025-03-17,12,73,12:20-12:30,415.9973249999998,254.3278891666689,-161.6694358333309,True
D,2025-03-17,12,74,12:30-12:40,435.4372499999997,570.4196583333331,134.9824083333334,True
D,2025-03-17,12,75,12:40-12:50,457.6914058333332,598.5159058333331,140.82449999999994,True
D,2025-03-17,12,89,15:00-15:10,121.30389999999977,216.33577805555396,95.03187805555419,True
D,2025-03-17,12,90,15:10-15:20,334.52346898148073,861.4764739197564,526.9530049382756,True
D,2025-03-18,6,37,6:20-6:30,240.28009538173058,22.86213361111129,-217.41796177061929,True
D,2025-03-18,6,38,6:30-6:40,0.7580000000002656,0.0,-0.7580000000002656,True
D,2025-03-18,6,39,6:40-6:50,712.1155341666664,248.6761852428449,-463.4393489238215,True
D,2025-03-18,6,42,7:10-7:20,622.7787594444445,622.4435094444445,-0.3352499999999736,True
D,2025-03-18,6,64,10:50-11:00,192.95747175000318,0.0,-192.95747175000318,True
D,2025-03-18,6,65,11:00-11:10,939.0932833333331,869.3176833333331,-69.77560000000005,True
D,2025-03-18,6,66,11:10-11:20,911.0548241666668,814.0265908333333,-97.02823333333345,True
D,2025-03-18,6,67,11:20-11:30,852.509495,728.228628333333,-124.28086666666707,True
D,2025-03-18,6,68,11:30-11:40,846.4214916666666,694.8879916666666,-151.5335,True
D,2025-03-18,6,69,11:40-11:50,906.9049499999996,728.1188166666665,-178.78613333333317,True
D,2025-03-18,6,70,11:50-12:00,912.0768124999997,706.0380458333331,-206.03876666666667,True
D,2025-03-18,6,71,12:00-12:10,856.5879499999998,623.2965499999997,-233.29140000000007,True
D,2025-03-18,6,72,12:10-12:20,830.1083877777778,588.0654655555559,-242.04292222222193,True
D,2025-03-18,6,73,12:20-12:30,825.9462430555554,575.151798611111,-250.79444444444448,True
D,2025-03-18,6,74,12:30-12:40,833.2812916666667,573.735325,-259.5459666666667,True
D,2025-03-18,6,75,12:40-12:50,872.1739227777776,603.8764338888888,-268.2974888888889,True
D,2025-03-18,6,76,12:50-13:00,842.9624575868221,489.33684114992514,-353.62561643689696,True
D,2025-03-18,12,71,12:00-12:10,623.2965499999997,0.0,-623.2965499999997,True
D,2025-03-18,12,72,12:10-12:20,588.0654655555559,0.0,-588.0654655555559,True
D,2025-03-18,12,73,12:20-12:30,575.151798611111,0.0,-575.151798611111,True
D,2025-03-18,12,74,12:30-12:40,573.735325,0.0,-573.735325,True
D,2025-03-18,12,75,12:40-12:50,603.8764338888888,0.0,-603.8764338888888,True
D,2025-03-18,12,76,12:50-13:00,489.33684114992514,0.0,-489.33684114992514,True
D,2025-03-18,12,89,15:00-15:10,1003.7884166666665,673.3329536111094,-330.4554630555572,True
D,2025-03-18,18,107,18:00-18:10,649.1914658055568,633.0482055277779,-16.14326027777895,True
D,2025-03-18,18,108,18:10-18:20,659.0379991666666,643.5378047222222,-15.500194444444446,True
D,2025-03-18,18,109,18:20-18:30,746.018455,727.0152730555556,-19.003181944444464,True
D,2025-03-18,18,110,18:30-18:40,721.5767500000001,710.5095547222227,-11.067195277777387,True
D,2025-03-19,6,43,7:20-7:30,286.1149259928451,304.26305746506966,18.148131472224577,True
D,2025-03-19,6,44,7:30-7:40,383.3770583333333,405.9766665980809,22.599608264747587,True
D,2025-03-19,6,45,7:40-7:50,1129.0479063888888,1160.5392313888888,31.49132499999996,True
D,2025-03-19,6,66,11:10-11:20,680.6581655555553,655.5391794444441,-25.118986111111212,True
D,2025-03-19,6,69,11:40-11:50,539.5547761111105,539.281426111111,-0.27334999999948195,True
D,2025-03-19,6,89,15:00-15:10,124.45753333333334,239.20091666666656,114.74338333333321,True
D,2025-03-19,6,90,15:10-15:20,143.50298222222239,367.01912540123703,223.51614317901465,True
D,2025-03-19,6,91,15:20-15:30,201.29980299382865,263.2692194444445,61.96941645061585,True
D,2025-03-19,6,92,15:30-15:40,235.6470750000001,303.62150833333345,67.97443333333337,True
D,2025-03-19,6,93,15:40-15:50,304.06792805555574,340.85920166666676,36.79127361111102,True
D,2025-03-19,6,94,15:50-16:00,329.80150111111124,357.0672816666668,27.26578055555558,True
D,2025-03-19,6,95,16:00-16:10,359.2605333333332,427.4725666666667,68.21203333333347,True
D,2025-03-19,6,96,16:10-16:20,428.3921272222227,439.07817101851447,10.686043796291756,True
D,2025-03-19,12,89,15:00-15:10,239.20091666666656,124.45753333333334,-114.74338333333321,True
D,2025-03-19,12,90,15:10-15:20,367.01912540123703,143.5029822222224,-223.51614317901462,True
D,2025-03-19,12,91,15:20-15:30,263.2692194444445,201.29980299382868,-61.969416450615824,True
D,2025-03-19,12,92,15:30-15:40,303.62150833333345,235.64707500000006,-67.9744333333334,True
D,2025-03-19,12,93,15:40-15:50,340.85920166666676,304.0679280555558,-36.79127361111097,True
D,2025-03-19,12,94,15:50-16:00,357.0672816666668,329.80150111111124,-27.26578055555558,True
D,2025-03-19,12,95,16:00-16:10,427.4725666666667,359.26053333333317,-68.21203333333352,True
D,2025-03-19,12,96,16:10-16:20,439.07817101851447,428.39212722222265,-10.686043796291813,True
D,2025-03-20,6,65,11:00-11:10,723.2228166666666,0.0,-723.2228166666666,True
D,2025-03-20,6,66,11:10-11:20,781.3654344444442,762.1202511111109,-19.24518333333333,True
D,2025-03-20,6,67,11:20-11:30,745.1101666666665,292.13011892770254,-452.98004773896395,True
D,2025-03-20,6,68,11:30-11:40,614.9093083333331,536.1140666666666,-78.79524166666647,True
D,2025-03-20,6,69,11:40-11:50,682.8456141666662,585.6262252777775,-97.21938888888872,True
D,2025-03-20,6,70,11:50-12:00,756.6787774999999,641.0352413888885,-115.64353611111142,True
D,2025-03-20,6,71,12:00-12:10,728.1373833333331,594.0696999999999,-134.0676833333332,True
D,2025-03-20,6,72,12:10-12:20,688.5493377777776,516.2805461111112,-172.2687916666664,True
D,2025-03-20,6,73,12:20-12:30,704.8156780555555,494.3457780555558,-210.4698999999997,True
D,2025-03-20,6,74,12:30-12:40,768.6146416666666,519.9436333333335,-248.67100833333302,True
D,2025-03-20,6,75,12:40-12:50,794.2624452777777,507.3903286111108,-286.8721166666669,True
D,2025-03-20,6,76,12:50-13:00,670.8908847610363,0.0,-670.8908847610363,True
D,2025-03-20,6,89,15:00-15:10,1230.6187666666665,257.0995833333336,-973.5191833333329,True
D,2025-03-20,6,90,15:10-15:20,1254.5918986111112,1037.2061514506172,-217.38574716049402,True
D,2025-03-20,6,91,15:20-15:30,899.4341352160423,334.42849888888895,-565.0056363271533,True
D,2025-03-20,6,92,15:30-15:40,562.3911583333332,387.18894166666666,-175.20221666666657,True
D,2025-03-20,6,93,15:40-15:50,575.344086111111,441.57930777777784,-133.76477833333314,True
D,2025-03-20,6,94,15:50-16:00,585.2101538888892,497.28685722222235,-87.92329666666683,True
D,2025-03-20,6,95,16:00-16:10,611.9832709833312,548.59255,-63.39072098333122,True
D,2025-03-20,6,96,16:10-16:20,601.2658583333331,576.5784105555554,-24.68744777777772,True
D,2025-03-20,6,97,16:20-16:30,670.448015,627.1866161111112,-43.261398888888834,True
D,2025-03-20,12,71,12:00-12:10,594.0696999999999,728.1373833333332,134.06768333333332,True
D,2025-03-20,12,72,12:10-12:20,516.2805461111112,673.5304655555558,157.24991944444457,True
D,2025-03-20,12,73,12:20-12:30,494.3457780555558,669.2197336111111,174.8739555555553,True
D,2025-03-20,12,74,12:30-12:40,519.9436333333335,712.4416249999998,192.49799166666628,True
D,2025-03-20,12,75,12:40-12:50,507.3903286111108,717.512356388889,210.12202777777816,True
D,2025-03-20,12,76,12:50-13:00,0.0,670.8908847610363,670.8908847610363,True
D,2025-03-20,12,89,15:00-15:10,257.0995833333336,1118.0204,860.9208166666665,True
D,2025-03-20,12,90,15:10-15:20,1037.2061514506172,1147.8752897222223,110.6691382716051,True
D,2025-03-20,12,91,15:20-15:30,334.42849888888895,837.7538299074004,503.3253310185114,True
D,2025-03-20,12,92,15:30-15:40,387.18894166666666,419.1259583333334,31.93701666666675,True
D,2025-03-20,12,93,15:40-15:50,441.57930777777784,474.96616888888894,33.3868611111111,True
D,2025-03-20,12,94,15:50-16:00,497.28685722222235,532.1235627777778,34.836705555555454,True
D,2025-03-20,12,95,16:00-16:10,548.59255,584.8791,36.286550000000034,True
D,2025-03-20,12,96,16:10-16:20,576.5784105555554,601.265858333333,24.687447777777606,True
D,2025-03-20,12,97,16:20-16:30,627.1866161111112,665.8472648765436,38.66064876543237,True
D,2025-03-20,18,107,18:00-18:10,629.1752499999999,603.1539833333333,-26.021266666666634,True
D,2025-03-20,18,108,18:10-18:20,660.128305,638.4439161111111,-21.68438888888886,True
D,2025-03-20,18,109,18:20-18:30,727.2114424999999,711.1770935493828,-16.034348950617073,True
D,2025-03-20,18,110,18:30-18:40,696.5515833333334,683.54095,-13.01063333333343,True
D,2025-03-20,18,111,18:40-18:50,705.8985954629637,696.5417419444443,-9.356853518519415,True
D,2025-03-20,18,112,18:50-19:00,693.6095358333334,688.6425938580244,-4.966941975309055,True
D,2025-03-21,6,75,12:40-12:50,533.0724405555559,0.0,-533.0724405555559,True
D,2025-03-21,6,89,15:00-15:10,149.17331666666678,1.0827166666667836,-148.0906,True
D,2025-03-21,6,90,15:10-15:20,372.85033611110833,3.0414216666667926,-369.80891444444154,True
D,2025-03-21,6,91,15:20-15:30,125.3441055555553,25.534879166666656,-99.80922638888865,True
D,2025-03-21,6,92,15:30-15:40,162.65179999999998,60.95219999999995,-101.69960000000003,True
D,2025-03-21,6,93,15:40-15:50,143.32081222222212,95.32587833333366,-47.994933888888454,True
D,2025-03-21,6,94,15:50-16:00,158.4505486111109,144.0346108333332,-14.415937777777685,True
D,2025-03-21,12,89,15:00-15:10,1.0827166666667836,0.0,-1.0827166666667836,True
D,2025-03-21,12,90,15:10-15:20,3.0414216666667926,0.0,-3.0414216666667926,True
D,2025-03-21,12,91,15:20-15:30,25.534879166666656,26.3135291666664,0.7786499999997432,True
D,2025-03-21,12,92,15:30-15:40,60.95219999999995,71.96753333333334,11.015333333333388,True
D,2025-03-21,12,93,15:40-15:50,95.32587833333366,116.57789500000024,21.252016666666577,True
D,2025-03-21,12,94,15:50-16:00,144.0346108333332,158.45054861111092,14.415937777777714,True
D,2025-03-21,18,107,18:00-18:10,476.18258333333324,444.01992966666893,-32.16265366666431,True
D,2025-03-21,18,108,18:10-18:20,223.6767119999996,212.72399566666752,-10.952716333332091,True
D,2025-03-21,18,109,18:20-18:30,561.135205,527.3605305555554,-33.7746744444446,True
D,2025-03-21,18,110,18:30-18:40,436.7511666666668,422.34541666666667,-14.405750000000126,True
D,2025-03-21,18,111,18:40-18:50,518.787175,509.2427194444444,-9.544455555555658,True
D,2025-03-23,6,45,7:40-7:50,0.0,53.26989222222204,53.26989222222204,True
D,2025-03-23,6,66,11:10-11:20,799.6088933333335,760.5278766666664,-39.0810166666671,True
D,2025-03-23,6,68,11:30-11:40,576.7350083333331,526.1748,-50.560208333333094,True
D,2025-03-23,6,69,11:40-11:50,606.3579288888889,561.4090066666665,-44.948922222222336,True
D,2025-03-23,6,70,11:50-12:00,652.9340886111108,613.5964524999997,-39.337636111111124,True
D,2025-03-23,6,71,12:00-12:10,604.4558833333331,570.7295333333329,-33.72635000000014,True
D,2025-03-23,6,72,12:10-12:20,532.3632841666667,504.7492813888889,-27.61400277777784,True
D,2025-03-23,6,73,12:20-12:30,514.6255766666666,493.12392111111114,-21.50165555555543,True
D,2025-03-23,6,74,12:30-12:40,558.387225,542.9979166666667,-15.389308333333247,True
D,2025-03-23,6,75,12:40-12:50,573.6627600000004,564.385798888889,-9.276961111111405,True
D,2025-03-23,6,89,15:00-15:10,242.72940000000017,202.44963759259429,-40.27976240740588,True
D,2025-03-23,6,91,15:20-15:30,295.91026722222216,169.53753944444452,-126.37272777777764,True
D,2025-03-23,6,92,15:30-15:40,346.29235833333325,224.3846749999999,-121.90768333333335,True
D,2025-03-23,6,93,15:40-15:50,354.8227222222223,253.25577722222238,-101.56694499999992,True
D,2025-03-23,6,94,15:50-16:00,352.51610777777785,297.64470277777775,-54.871405000000095,True
D,2025-03-23,6,95,16:00-16:10,404.2336499999997,353.4103500000001,-50.82329999999962,True
D,2025-03-23,6,96,16:10-16:20,427.31275972222215,390.9287477777776,-36.38401194444458,True
D,2025-03-23,6,97,16:20-16:30,437.3204044444444,427.52450222222205,-9.795902222222367,True
D,2025-03-23,12,71,12:00-12:10,570.7295333333329,503.6679166666663,-67.06161666666662,True
D,2025-03-23,12,72,12:10-12:20,504.7492813888889,461.27549527777785,-43.47378611111105,True
D,2025-03-23,12,73,12:20-12:30,493.12392111111114,473.23796555555543,-19.88595555555571,True
D,2025-03-23,12,74,12:30-12:40,542.9979166666667,546.6997916666666,3.701874999999859,True
D,2025-03-23,12,75,12:40-12:50,564.385798888889,573.6627600000004,9.276961111111405,True
D,2025-03-23,12,89,15:00-15:10,202.44963759259429,35.63578333333339,-166.8138542592609,True
D,2025-03-23,12,90,15:10-15:20,333.5692331481475,299.5025366049358,-34.06669654321166,True
D,2025-03-23,12,91,15:20-15:30,169.53753944444452,123.78975055555543,-45.74778888888909,True
D,2025-03-23,12,92,15:30-15:40,224.3846749999999,191.65839166666638,-32.72628333333353,True
D,2025-03-23,12,93,15:40-15:50,253.25577722222238,233.55099944444464,-19.704777777777736,True
D,2025-03-23,12,94,15:50-16:00,297.64470277777775,290.96143055555547,-6.683272222222286,True
D,2025-03-23,12,95,16:00-16:10,353.4103500000001,359.7485833333334,6.338233333333278,True
D,2025-03-23,12,96,16:10-16:20,390.9287477777776,389.8982949999998,-1.030452777777782,True
D,2025-03-23,12,97,16:20-16:30,427.52450222222205,419.1253633333331,-8.399138888888956,True
D,2025-03-24,6,45,7:40-7:50,1162.3614294444444,1136.355119722222,-26.00630972222234,True
D,2025-03-24,6,64,10:50-11:00,84.82780333333369,0.0,-84.82780333333369,True
D,2025-03-24,6,65,11:00-11:10,956.8035666666667,343.3921919832592,-613.4113746834075,True
D,2025-03-24,6,66,11:10-11:20,937.8962100000003,749.0939516666666,-188.80225833333373,True
D,2025-03-24,6,67,11:20-11:30,867.3324461111109,664.8624516666667,-202.46999444444418,True
D,2025-03-24,6,68,11:30-11:40,738.5438583333333,545.1078916666669,-193.43596666666645,True
D,2025-03-24,6,69,11:40-11:50,746.5500147222223,562.1480758333333,-184.40193888888894,True
D,2025-03-24,6,70,11:50-12:00,757.3091427777778,581.9412316666668,-175.36791111111097,True
D,2025-03-24,6,71,12:00-12:10,698.1393166666662,531.805433333333,-166.33388333333323,True
D,2025-03-24,6,72,12:10-12:20,627.4405205555556,485.18458722222226,-142.25593333333336,True
D,2025-03-24,6,73,12:20-12:30,604.8634844444445,486.6855011111113,-118.17798333333315,True
D,2025-03-24,6,74,12:30-12:40,617.4496333333333,523.3496000000001,-94.10003333333316,True
D,2025-03-24,6,75,12:40-12:50,593.470116388889,523.4480330555555,-70.02208333333351,True
D,2025-03-24,12,71,12:00-12:10,531.805433333333,0.0,-531.805433333333,True
D,2025-03-24,12,72,12:10-12:20,485.18458722222226,0.0,-485.18458722222226,True
D,2025-03-24,12,73,12:20-12:30,486.6855011111113,0.0,-486.6855011111113,True
D,2025-03-24,12,74,12:30-12:40,523.3496000000001,0.0,-523.3496000000001,True
D,2025-03-24,12,75,12:40-12:50,523.4480330555555,0.0,-523.4480330555555,True
D,2025-03-25,6,44,7:30-7:40,1132.4969964118038,725.122598717213,-407.3743976945908,True
D,2025-03-25,6,45,7:40-7:50,1138.1374402777776,1108.0423194444443,-30.09512083333334,True
D,2025-03-25,6,64,10:50-11:00,240.42465888888887,0.0,-240.42465888888887,True
D,2025-03-25,6,65,11:00-11:10,1096.8707499999998,0.0,-1096.8707499999998,True
D,2025-03-25,6,66,11:10-11:20,1127.819958611111,869.5606558333328,-258.2593027777781,True
D,2025-03-25,6,67,11:20-11:30,1063.1707549999996,645.7134236499218,-417.4573313500779,True
D,2025-03-25,6,68,11:30-11:40,897.9866916666666,631.2078916666668,-266.7787999999998,True
D,2025-03-25,6,69,11:40-11:50,922.3111824999997,662.623515833333,-259.6876666666667,True
D,2025-03-25,6,70,11:50-12:00,952.7469358333334,700.1504025,-252.59653333333335,True
D,2025-03-25,6,71,12:00-12:10,887.7164666666665,642.2110666666665,-245.5054,True
D,2025-03-25,6,72,12:10-12:20,837.4531897222219,566.9359175,-270.5172722222219,True
D,2025-03-25,6,73,12:20-12:30,824.1189519444446,528.5898075000002,-295.52914444444434,True
D,2025-03-25,6,74,12:30-12:40,847.9091416666666,527.3681250000001,-320.54101666666656,True
D,2025-03-25,6,75,12:40-12:50,863.9083197222225,518.3554308333333,-345.55288888888913,True
D,2025-03-25,6,76,12:50-13:00,806.4183679904567,0.0,-806.4183679904567,True
D,2025-03-25,6,89,15:00-15:10,1142.6304833333336,217.29830000000027,-925.3321833333333,True
D,2025-03-25,6,90,15:10-15:20,1146.5915988888887,793.8078553703712,-352.78374351851755,True
D,2025-03-25,6,91,15:20-15:30,682.4285699074079,268.91733861111095,-413.51123129629696,True
D,2025-03-25,6,92,15:30-15:40,427.29931666666664,310.9913416666667,-116.30797499999994,True
D,2025-03-25,6,93,15:40-15:50,438.68887638888896,360.37744805555576,-78.3114283333332,True
D,2025-03-25,6,94,15:50-16:00,453.08183499999984,407.1304527777777,-45.95138222222215,True
D,2025-03-25,6,95,16:00-16:10,478.71714999999983,442.5594666666668,-36.15768333333301,True
D,2025-03-25,6,96,16:10-16:20,546.8287797222222,486.5742127777775,-60.25456694444466,True
D,2025-03-25,6,97,16:20-16:30,568.3132669444448,546.5772572222223,-21.736009722222434,True
D,2025-03-25,12,71,12:00-12:10,642.2110666666665,298.7164014814847,-343.4946651851818,True
D,2025-03-25,12,72,12:10-12:20,566.9359175,678.2729258333335,111.33700833333353,True
D,2025-03-25,12,73,12:20-12:30,528.5898075000002,0.0,-528.5898075000002,True
D,2025-03-25,12,74,12:30-12:40,527.3681250000001,0.0,-527.3681250000001,True
D,2025-03-25,12,75,12:40-12:50,518.3554308333333,654.2932141666669,135.93778333333353,True
D,2025-03-25,12,89,15:00-15:10,217.29830000000027,262.1907333333336,44.892433333333315,True
D,2025-03-25,12,90,15:10-15:20,793.8078553703712,1084.5633877777786,290.7555324074075,True
D,2025-03-25,12,91,15:20-15:30,268.91733861111095,323.03582194444436,54.118483333333415,True
D,2025-03-25,12,92,15:30-15:40,310.9913416666667,369.7228499999999,58.73150833333318,True
D,2025-03-25,12,93,15:40-15:50,360.37744805555576,423.72198138888893,63.344533333333175,True
D,2025-03-25,12,94,15:50-16:00,407.1304527777777,453.08183499999996,45.951382222222264,True
D,2025-03-25,12,95,16:00-16:10,442.5594666666668,478.7171499999998,36.157683333332955,True
D,2025-03-25,12,96,16:10-16:20,486.5742127777775,546.8287797222222,60.25456694444466,True
D,2025-03-25,12,97,16:20-16:30,546.5772572222223,568.3132669444448,21.736009722222434,True
D,2025-03-25,18,107,18:00-18:10,661.3980666666666,632.3669748456775,-29.031091820989104,True
D,2025-03-25,18,108,18:10-18:20,654.0844316666667,625.1208483333334,-28.963583333333304,True
D,2025-03-25,18,109,18:20-18:30,749.5229358333333,719.7490427777777,-29.773893055555618,True
D,2025-03-25,18,110,18:30-18:40,729.2633249999999,713.7396499999998,-15.52367500000014,True
D,2025-03-25,18,111,18:40-18:50,699.2606320370371,692.9513669135798,-6.309265123457294,True
D,2025-03-25,18,112,18:50-19:00,669.3658391666665,663.5731224999998,-5.792716666666706,True
D,2025-03-26,6,44,7:30-7:40,40.03037593728743,373.4326916666664,333.402315729379,True
D,2025-03-26,6,45,7:40-7:50,256.56506861111103,619.0295091895819,362.4644405784708,True
D,2025-03-26,6,65,11:00-11:10,597.2992580943685,0.0,-597.2992580943685,True
D,2025-03-26,6,66,11:10-11:20,666.4556005555553,645.3650199999996,-21.090580555555675,True
D,2025-03-26,6,67,11:20-11:30,623.5862297222219,513.7652547610353,-109.82097496118661,True
D,2025-03-26,6,68,11:30-11:40,487.35866666666664,465.14503333333334,-22.21363333333329,True
D,2025-03-26,6,69,11:40-11:50,548.1490244444443,536.7247466666664,-11.424277777777888,True
D,2025-03-26,6,70,11:50-12:00,591.0191938888889,590.3842716666667,-0.6349222222222579,True
D,2025-03-26,6,72,12:10-12:20,514.1747063888888,501.9421813888889,-12.232524999999896,True
D,2025-03-26,6,73,12:20-12:30,556.6239594444448,522.0044761111111,-34.61948333333373,True
D,2025-03-26,6,74,12:30-12:40,628.08755,571.0811083333331,-57.00644166666689,True
D,2025-03-26,6,75,12:40-12:50,662.7060830555557,583.3126830555556,-79.39340000000016,True
D,2025-03-26,12,71,12:00-12:10,527.8637000000001,0.0,-527.8637000000001,True
D,2025-03-26,12,72,12:10-12:20,501.9421813888889,402.52601729189644,-99.41616409699247,True
D,2025-03-26,12,73,12:20-12:30,522.0044761111111,0.0,-522.0044761111111,True
D,2025-03-26,12,74,12:30-12:40,571.0811083333331,0.0,-571.0811083333331,True
D,2025-03-26,12,75,12:40-12:50,583.3126830555556,590.6082219444446,7.295538888889041,True
D,2025-03-26,12,89,15:00-15:10,433.64998333333364,415.61417987654386,-18.03580345678978,True
D,2025-03-26,12,91,15:20-15:30,416.7986583333335,290.3473416666666,-126.45131666666691,True
D,2025-03-26,12,92,15:30-15:40,454.4845843611109,340.5358083333332,-113.94877602777768,True
D,2025-03-26,12,93,15:40-15:50,472.43688694444467,387.9271141666669,-84.50977277777775,True
D,2025-03-26,12,94,15:50-16:00,489.68506555555564,460.43871333333317,-29.24635222222247,True
D,2025-03-26,12,95,16:00-16:10,550.8723333333329,534.2419666666667,-16.63036666666619,True
D,2025-03-26,12,96,16:10-16:20,565.7762519444443,553.2942844444442,-12.48196750000011,True
D,2025-03-27,6,40,6:50-7:00,72.14506677061956,0.0,-72.14506677061956,True
D,2025-03-27,6,41,7:0-7:10,541.3427166666668,210.6030843539587,-330.73963231270807,True
D,2025-03-27,6,45,7:40-7:50,1135.5211455555554,1082.1562524999997,-53.36489305555574,True
D,2025-03-27,6,64,10:50-11:00,32.23881722222234,0.0,-32.23881722222234,True
D,2025-03-27,6,65,11:00-11:10,865.9632833333333,620.7205792054797,-245.24270412785359,True
D,2025-03-27,6,66,11:10-11:20,873.5949897222224,700.8126480555553,-172.7823416666671,True
D,2025-03-27,6,67,11:20-11:30,792.125305555555,626.0640444444444,-166.06126111111053,True
D,2025-03-27,6,68,11:30-11:40,612.4057166666663,475.7673000000001,-136.63841666666622,True
D,2025-03-27,6,69,11:40-11:50,633.2204769444444,526.004904722222,-107.21557222222236,True
D,2025-03-27,6,70,11:50-12:00,657.8281363888885,580.0354086111109,-77.7927277777776,True
D,2025-03-27,6,71,12:00-12:10,571.2901499999999,522.9202666666664,-48.36988333333352,True
D,2025-03-27,6,72,12:10-12:20,536.3444794444445,491.7012100000002,-44.643269444444286,True
D,2025-03-27,6,73,12:20-12:30,551.2732138888891,510.3565583333333,-40.91665555555585,True
D,2025-03-27,6,74,12:30-12:40,617.6350833333332,580.4450416666667,-37.1900416666665,True
D,2025-03-27,6,75,12:40-12:50,671.6537761111111,638.1903483333332,-33.46342777777795,True
D,2025-03-27,6,76,12:50-13:00,8.34903750000035,0.0,-8.34903750000035,True
D,2025-03-27,12,71,12:00-12:10,522.9202666666664,0.0,-522.9202666666664,True
D,2025-03-27,12,72,12:10-12:20,491.7012100000002,443.8629106790145,-47.8382993209857,True
D,2025-03-27,12,73,12:20-12:30,510.3565583333333,0.0,-510.3565583333333,True
D,2025-03-27,12,74,12:30-12:40,580.4450416666667,0.0,-580.4450416666667,True
D,2025-03-27,12,75,12:40-12:50,638.1903483333332,671.6537761111111,33.46342777777795,True
D,2025-03-27,12,89,15:00-15:10,773.0827394159808,531.2149231481467,-241.8678162678341,True
D,2025-03-27,18,108,18:10-18:20,643.1454580555555,620.343321307661,-22.802136747894565,True
D,2025-03-29,6,96,16:10-16:20,0.0,10.17024694444433,10.17024694444433,True
D,2025-03-29,6,97,16:20-16:30,37.37851111111115,67.26989638888892,29.891385277777772,True
D,2025-03-29,6,98,16:30-16:40,89.05913209876539,104.94230000000016,15.88316790123477,True
D,2025-03-29,6,99,16:40-16:50,148.95057472222237,191.96210499999972,43.011530277777354,True
D,2025-03-29,6,100,16:50-17:00,160.6578902777777,214.6030583333333,53.9451680555556,True
D,2025-03-29,6,101,17:00-17:10,117.45366615833453,202.5772333333332,85.12356717499867,True
D,2025-03-29,6,102,17:10-17:20,198.9785458333335,257.49549759259224,58.516951759258745,True
D,2025-03-29,6,103,17:20-17:30,252.7968349166657,299.5087500000001,46.71191508333439,True
D,2025-03-29,6,105,17:40-17:50,356.5321466666669,421.98689944444396,65.45475277777706,True
D,2025-03-29,6,106,17:50-18:00,274.22591347339653,325.9474691780291,51.72155570463258,True
D,2025-03-29,12,95,16:00-16:10,0.0,8.350783333333425,8.350783333333425,True
D,2025-03-29,12,96,16:10-16:20,10.17024694444433,53.42210185185202,43.25185490740769,True
D,2025-03-29,12,97,16:20-16:30,67.26989638888892,84.07806666666659,16.808170277777663,True
D,2025-03-29,12,98,16:30-16:40,104.94230000000016,148.45115833333335,43.508858333333194,True
D,2025-03-29,12,99,16:40-16:50,191.96210499999972,231.95045499999975,39.988350000000025,True
D,2025-03-29,12,100,16:50-17:00,214.6030583333333,177.42146894537245,-37.181589387960855,True
D,2025-03-29,12,101,17:00-17:10,202.5772333333332,177.08514999999994,-25.492083333333255,True
D,2025-03-29,12,102,17:10-17:20,257.49549759259224,251.38156249999997,-6.113935092592271,True
D,2025-03-29,12,103,17:20-17:30,299.5087500000001,294.91711666666663,-4.591633333333448,True
D,2025-03-29,12,105,17:40-17:50,421.98689944444396,360.4893077777769,-61.49759166666706,True
D,2025-03-29,12,106,17:50-18:00,325.9474691780291,274.2259134733966,-51.72155570463252,True
D,2025-03-30,6,70,11:50-12:00,412.513527942387,0.0,-412.513527942387,True
D,2025-03-30,6,71,12:00-12:10,714.310383333333,0.0,-714.310383333333,True
D,2025-03-30,6,72,12:10-12:20,619.7130324999999,0.0,-619.7130324999999,True
D,2025-03-30,6,73,12:20-12:30,580.8738883333332,0.0,-580.8738883333332,True
D,2025-03-30,6,74,12:30-12:40,593.7432999999997,0.0,-593.7432999999997,True
D,2025-03-30,6,75,12:40-12:50,560.9213700000001,0.0,-560.9213700000001,True
D,2025-03-30,12,71,12:00-12:10,0.0,448.1838166666664,448.1838166666664,True
D,2025-03-30,12,72,12:10-12:20,0.0,381.6521297222225,381.6521297222225,True
D,2025-03-30,12,73,12:20-12:30,0.0,370.87864944444436,370.87864944444436,True
D,2025-03-30,12,74,12:30-12:40,0.0,411.81372499999975,411.81372499999975,True
D,2025-03-30,12,75,12:40-12:50,0.0,407.05745888888885,407.05745888888885,True
D,2025-03-30,12,92,15:30-15:40,159.53989999999985,145.76515740740751,-13.774742592592332,True
D,2025-03-30,12,93,15:40-15:50,200.05778166666678,177.3252811111114,-22.73250055555539,True
D,2025-03-31,6,89,15:00-15:10,112.97286666666673,1191.61725,1078.6443833333333,True
D,2025-03-31,6,90,15:10-15:20,138.47374638888869,1227.1034238888892,1088.6296775000005,True
D,2025-03-31,6,91,15:20-15:30,203.0631749999999,581.3662868096195,378.3031118096196,True
D,2025-03-31,6,92,15:30-15:40,258.93529166666656,462.6081999999998,203.67290833333323,True
D,2025-03-31,6,93,15:40-15:50,307.89630944444446,476.860993611111,168.96468416666653,True
D,2025-03-31,6,94,15:50-16:00,347.3092597222225,479.1007002777777,131.7914405555552,True
D,2025-03-31,6,95,16:00-16:10,416.7245666666666,475.2818833333333,58.557316666666736,True
D,2025-03-31,6,96,16:10-16:20,444.6931594444442,504.96667580555027,60.27351636110609,True
D,2025-03-31,6,97,16:20-16:30,496.8772705555556,505.86601222222225,8.98874166666667,True
D,2025-03-31,6,98,16:30-16:40,581.7231583333332,599.9104984444464,18.187340111113144,True
D,2025-03-31,6,99,16:40-16:50,622.4424111111113,656.2151988888886,33.77278777777735,True
D,2025-03-31,6,100,16:50-17:00,661.3068230555555,688.0494752777778,26.74265222222232,True
D,2025-03-31,6,101,17:00-17:10,733.0027499999999,733.2278666666666,0.2251166666667359,True
D,2025-03-31,6,106,17:50-18:00,816.3305352777779,819.2441547222223,2.9136194444444072,True
D,2025-03-31,12,89,15:00-15:10,1191.61725,112.97286666666673,-1078.6443833333333,True
D,2025-03-31,12,90,15:10-15:20,1227.1034238888892,138.47374638888869,-1088.6296775000005,True
D,2025-03-31,12,91,15:20-15:30,581.3662868096195,203.06317499999992,-378.3031118096196,True
D,2025-03-31,12,92,15:30-15:40,462.6081999999998,258.93529166666656,-203.67290833333323,True
D,2025-03-31,12,93,15:40-15:50,476.860993611111,307.8963094444445,-168.96468416666647,True
D,2025-03-31,12,94,15:50-16:00,479.1007002777777,347.3092597222226,-131.79144055555514,True
D,2025-03-31,12,95,16:00-16:10,475.2818833333333,416.72456666666653,-58.55731666666679,True
D,2025-03-31,12,96,16:10-16:20,504.96667580555027,444.6931594444441,-60.27351636110615,True
D,2025-03-31,12,97,16:20-16:30,505.86601222222225,496.8772705555557,-8.988741666666556,True
D,2025-03-31,12,98,16:30-16:40,599.9104984444464,581.7231583333333,-18.18734011111303,True
D,2025-03-31,12,99,16:40-16:50,656.2151988888886,622.4424111111114,-33.77278777777724,True
D,2025-03-31,12,100,16:50-17:00,688.0494752777778,661.3068230555555,-26.74265222222232,True
D,2025-03-31,12,101,17:00-17:10,733.2278666666666,733.0027499999999,-0.2251166666667359,True
D,2025-03-31,12,106,17:50-18:00,819.2441547222223,816.330535277778,-2.9136194444442935,True
D,2025-04-01,6,45,7:40-7:50,1055.0880766666667,1035.6293224999997,-19.45875416666695,True
D,2025-04-01,6,64,10:50-11:00,291.5871802777782,104.46768448325679,-187.1194957945214,True
D,2025-04-01,6,65,11:00-11:10,1146.0714,823.0015500000002,-323.06984999999986,True
D,2025-04-01,6,66,11:10-11:20,1192.6264183333333,916.1391794444443,-276.487238888889,True
D,2025-04-01,6,67,11:20-11:30,1150.3728911111107,875.0647355555553,-275.30815555555535,True
D,2025-04-01,6,68,11:30-11:40,1010.4094416666666,758.9821333333335,-251.42730833333303,True
D,2025-04-01,6,69,11:40-11:50,1072.0658113888887,844.5193502777778,-227.54646111111094,True
D,2025-04-01,6,70,11:50-12:00,1121.089657777778,917.4240438888888,-203.6656138888892,True
D,2025-04-01,6,71,12:00-12:10,1068.8709,889.0861333333334,-179.78476666666654,True
D,2025-04-01,6,72,12:10-12:20,1005.119303888889,838.2576344444448,-166.86166944444426,True
D,2025-04-01,6,73,12:20-12:30,979.805553611111,825.8669813888891,-153.93857222222186,True
D,2025-04-01,6,74,12:30-12:40,975.4267083333333,834.4112333333334,-141.01547499999992,True
D,2025-04-01,6,75,12:40-12:50,963.9035030555557,835.8111252777777,-128.09237777777798,True
D,2025-04-01,12,71,12:00-12:10,889.0861333333334,0.0,-889.0861333333334,True
D,2025-04-01,12,72,12:10-12:20,838.2576344444448,203.89981820987649,-634.3578162345683,True
D,2025-04-01,12,73,12:20-12:30,825.8669813888891,0.0,-825.8669813888891,True
D,2025-04-01,12,74,12:30-12:40,834.4112333333334,0.0,-834.4112333333334,True
D,2025-04-01,12,75,12:40-12:50,835.8111252777777,826.5823530555557,-9.228772222222005,True
D,2025-04-01,12,76,12:50-13:00,248.3259155555554,14.392100277777786,-233.93381527777763,True
D,2025-04-01,18,108,18:10-18:20,623.1522525,614.8385504629646,-8.313702037035455,True
D,2025-04-01,18,109,18:20-18:30,718.3206816666666,685.8175219444443,-32.503159722222335,True
D,2025-04-01,18,110,18:30-18:40,702.72515,690.4162197754999,-12.308930224500045,True
D,2025-04-02,6,64,10:50-11:00,194.12593638888904,69.40519781659046,-124.72073857229859,True
D,2025-04-02,6,66,11:10-11:20,1017.2545949999999,889.3323255555553,-127.92226944444462,True
D,2025-04-02,6,67,11:20-11:30,969.4429444444444,836.6060611111112,-132.83688333333316,True
D,2025-04-02,6,68,11:30-11:40,829.8062916666667,714.7565583333336,-115.04973333333305,True
D,2025-04-02,6,69,11:40-11:50,870.6274280555555,773.3648447222223,-97.26258333333317,True
D,2025-04-02,6,70,11:50-12:00,901.1815777777778,821.7061444444445,-79.47543333333329,True
D,2025-04-02,6,71,12:00-12:10,834.8033999999997,773.1151166666665,-61.688283333333175,True
D,2025-04-02,6,72,12:10-12:20,756.6603263888891,719.472340277778,-37.18798611111106,True
D,2025-04-02,6,73,12:20-12:30,726.1157286111112,713.4280397222224,-12.687688888888829,True
D,2025-04-02,12,71,12:00-12:10,773.1151166666665,322.2775854755935,-450.83753119107297,True
D,2025-04-02,12,72,12:10-12:20,719.472340277778,723.8666875000004,4.394347222222336,True
D,2025-04-02,12,73,12:20-12:30,713.4280397222224,0.0,-713.4280397222224,True
D,2025-04-02,12,74,12:30-12:40,728.9871249999997,0.0,-728.9871249999997,True
D,2025-04-03,6,40,6:50-7:00,307.590858242845,104.5028816317307,-203.0879766111143,True
D,2025-04-03,6,45,7:40-7:50,1155.9826027777776,1124.447409722222,-31.535193055555737,True
D,2025-04-03,6,65,11:00-11:10,773.2729666666667,0.0,-773.2729666666667,True
D,2025-04-03,6,66,11:10-11:20,803.375680833333,706.1869558333332,-97.18872499999986,True
D,2025-04-03,6,67,11:20-11:30,761.1230027777777,292.63321698325797,-468.4897857945198,True
D,2025-04-03,6,68,11:30-11:40,629.7365749999998,522.2877416666669,-107.44883333333291,True
D,2025-04-03,6,69,11:40-11:50,672.817299722222,571.5892941666665,-101.22800555555546,True
D,2025-04-03,6,70,11:50-12:00,730.9234027777778,635.9162250000003,-95.00717777777754,True
D,2025-04-03,6,71,12:00-12:10,709.4369333333331,620.6505833333332,-88.78634999999986,True
D,2025-04-03,6,72,12:10-12:20,637.6773663888888,541.9424663888891,-95.7348999999997,True
D,2025-04-03,6,73,12:20-12:30,604.2038936111111,501.520443611111,-102.68345000000011,True
D,2025-04-03,6,74,12:30-12:40,612.3521333333333,502.72013333333325,-109.63200000000006,True
D,2025-04-03,6,75,12:40-12:50,613.987608888889,497.40705888888886,-116.58055000000013,True
D,2025-04-03,6,96,16:10-16:20,613.8080244444444,532.4790158333333,-81.32900861111113,True
D,2025-04-03,6,97,16:20-16:30,626.9718563888887,570.0521891666667,-56.91966722222196,True
D,2025-04-03,12,71,12:00-12:10,620.6505833333332,0.0,-620.6505833333332,True
D,2025-04-03,12,72,12:10-12:20,541.9424663888891,0.0,-541.9424663888891,True
D,2025-04-03,12,73,12:20-12:30,501.520443611111,0.0,-501.520443611111,True
D,2025-04-03,12,74,12:30-12:40,502.72013333333325,0.0,-502.72013333333325,True
D,2025-04-03,12,75,12:40-12:50,497.40705888888886,0.0,-497.40705888888886,True
D,2025-04-03,12,96,16:10-16:20,532.4790158333333,559.7752158333333,27.2962,True
D,2025-04-03,12,97,16:20-16:30,570.0521891666667,593.3575225000001,23.30533333333335,True
D,2025-04-03,18,108,18:10-18:20,628.3906083333334,610.0346955391391,-18.355912794194296,True
D,2025-04-03,18,110,18:30-18:40,699.7945,674.160809749999,-25.633690250000996,True
D,2025-04-04,12,94,15:50-16:00,0.0,12.686607777777795,12.686607777777795,True
D,2025-04-04,12,95,16:00-16:10,27.388683333333343,36.70743333333348,9.31875000000014,True
D,2025-04-04,12,96,16:10-16:20,66.55929027777789,73.42976277777422,6.870472499996325,True
D,2025-04-05,12,97,16:20-16:30,0.0,32.69514416666641,32.69514416666641,True
D,2025-04-05,12,98,16:30-16:40,0.0,43.644612694445115,43.644612694445115,True
D,2025-04-06,6,70,11:50-12:00,176.22619449141766,0.0,-176.22619449141766,True
D,2025-04-06,6,71,12:00-12:10,727.5548833333331,0.0,-727.5548833333331,True
D,2025-04-06,6,72,12:10-12:20,642.0907877777779,0.0,-642.0907877777779,True
D,2025-04-06,6,73,12:20-12:30,580.1058272222218,0.0,-580.1058272222218,True
D,2025-04-06,6,74,12:30-12:40,543.0829333333332,0.0,-543.0829333333332,True
D,2025-04-06,6,75,12:40-12:50,522.2346552777781,201.71343892770142,-320.52121635007666,True
D,2025-04-06,12,71,12:00-12:10,0.0,502.0995499999998,502.0995499999998,True
D,2025-04-06,12,72,12:10-12:20,0.0,450.804462777778,450.804462777778,True
D,2025-04-06,12,73,12:20-12:30,0.0,422.98851055555565,422.98851055555565,True
D,2025-04-06,12,74,12:30-12:40,0.0,420.1346249999999,420.1346249999999,True
D,2025-04-06,12,75,12:40-12:50,201.71343892770142,433.4553552777779,231.7419163500765,True
D,2025-04-07,6,66,11:10-11:20,731.4873405555554,619.2490461111109,-112.23829444444448,True
D,2025-04-07,6,69,11:40-11:50,590.0164736111109,570.8652902777777,-19.151183333333165,True
D,2025-04-07,6,89,15:00-15:10,0.0,194.2974333333333,194.2974333333333,True
D,2025-04-07,6,90,15:10-15:20,25.60181361111097,285.21541324073723,259.61359962962626,True
D,2025-04-07,6,91,15:20-15:30,0.0,269.53597972222224,269.53597972222224,True
D,2025-04-07,6,92,15:30-15:40,28.618041666666727,317.20674166666674,288.5887,True
D,2025-04-07,6,93,15:40-15:50,130.11868201944492,361.2066180555553,231.08793603611036,True
D,2025-04-07,6,94,15:50-16:00,204.72624305555541,388.23060972222197,183.50436666666656,True
D,2025-04-07,6,95,16:00-16:10,265.3564499999999,353.2345499999999,87.87810000000002,True
D,2025-04-07,6,96,16:10-16:20,301.28008241666646,408.99775,107.71766758333354,True
D,2025-04-07,6,97,16:20-16:30,363.04038722222197,453.7309474999996,90.69056027777765,True
D,2025-04-07,6,98,16:30-16:40,433.2923000000002,480.2549250000002,46.962625,True
D,2025-04-07,6,99,16:40-16:50,493.29127583333366,547.6851169444445,54.39384111111087,True
D,2025-04-07,6,100,16:50-17:00,541.4878559043234,564.2249319722288,22.737076067905377,True
D,2025-04-07,6,101,17:00-17:10,607.4508166666667,621.9436000000001,14.492783333333364,True
D,2025-04-07,6,102,17:10-17:20,647.4323597222224,700.7285377777778,53.2961780555554,True
D,2025-04-07,6,103,17:20-17:30,704.3472902777773,729.9011041666664,25.553813888889067,True
D,2025-04-07,12,71,12:00-12:10,609.7319833333332,0.0,-609.7319833333332,True
D,2025-04-07,12,72,12:10-12:20,556.1532952777776,500.36372351851617,-55.789571759261435,True
D,2025-04-07,12,73,12:20-12:30,528.8399630555556,0.0,-528.8399630555556,True
D,2025-04-07,12,74,12:30-12:40,529.342775,0.0,-529.342775,True
D,2025-04-07,12,89,15:00-15:10,194.2974333333333,145.83428333333325,-48.46315000000004,True
D,2025-04-07,12,90,15:10-15:20,285.21541324073723,229.6793293518528,-55.536083888884434,True
D,2025-04-07,12,91,15:20-15:30,269.53597972222224,190.90240749999987,-78.63357222222237,True
D,2025-04-07,12,92,15:30-15:40,317.20674166666674,211.05754787037048,-106.14919379629626,True
D,2025-04-07,12,93,15:40-15:50,361.2066180555553,216.4952970864177,-144.71132096913757,True
D,2025-04-07,12,94,15:50-16:00,388.23060972222197,289.31511111111104,-98.91549861111093,True
D,2025-04-07,12,95,16:00-16:10,353.2345499999999,296.0146500000002,-57.21989999999971,True
D,2025-04-07,12,96,16:10-16:20,408.99775,301.2800824166664,-107.7176675833336,True
D,2025-04-07,12,97,16:20-16:30,453.7309474999996,363.040387222222,-90.69056027777759,True
D,2025-04-07,12,98,16:30-16:40,480.2549250000002,433.29230000000024,-46.962624999999946,True
D,2025-04-07,12,99,16:40-16:50,547.6851169444445,493.2912758333337,-54.39384111111082,True
D,2025-04-07,12,100,16:50-17:00,564.2249319722288,541.4878559043235,-22.737076067905264,True
D,2025-04-07,12,101,17:00-17:10,621.9436000000001,607.4508166666667,-14.492783333333364,True
D,2025-04-07,12,102,17:10-17:20,700.7285377777778,647.4323597222225,-53.29617805555529,True
D,2025-04-07,12,103,17:20-17:30,729.9011041666664,704.3472902777772,-25.55381388888918,True
D,2025-04-08,6,45,7:40-7:50,1108.5101913888889,1063.4160705555553,-45.09412083333359,True
D,2025-04-08,6,65,11:00-11:10,696.4102833333329,0.0,-696.4102833333329,True
D,2025-04-08,6,66,11:10-11:20,757.412695555555,711.0423538888887,-46.37034166666638,True
D,2025-04-08,6,67,11:20-11:30,731.4403388888887,0.0,-731.4403388888887,True
D,2025-04-08,6,68,11:30-11:40,595.3879249999997,172.98594031659218,-422.4019846834075,True
D,2025-04-08,6,69,11:40-11:50,654.1825044444441,542.9047322222219,-111.27777222222221,True
D,2025-04-08,6,70,11:50-12:00,725.2371897222223,599.8908619444445,-125.34632777777779,True
D,2025-04-08,6,71,12:00-12:10,711.5479833333329,572.1330999999998,-139.41488333333314,True
D,2025-04-08,6,72,12:10-12:20,651.872485,501.04268500000023,-150.82979999999975,True
D,2025-04-08,6,73,12:20-12:30,627.6147791666668,465.37006250000036,-162.24471666666648,True
D,2025-04-08,6,74,12:30-12:40,640.5481249999998,466.8884916666666,-173.6596333333332,True
D,2025-04-08,6,75,12:40-12:50,658.1703541666666,473.09580416666654,-185.07455000000004,True
D,2025-04-08,6,89,15:00-15:10,277.7597999999998,210.18320000000017,-67.57659999999964,True
D,2025-04-08,6,90,15:10-15:20,878.6289493518536,871.1533690740745,-7.475580277779159,True
D,2025-04-08,6,91,15:20-15:30,313.7178694444442,304.30484888888884,-9.413020555555363,True
D,2025-04-08,6,92,15:30-15:40,346.0012499999999,332.2521416666667,-13.749108333333197,True
D,2025-04-08,12,71,12:00-12:10,572.1330999999998,0.0,-572.1330999999998,True
D,2025-04-08,12,72,12:10-12:20,501.04268500000023,0.0,-501.04268500000023,True
D,2025-04-08,12,73,12:20-12:30,465.37006250000036,0.0,-465.37006250000036,True
D,2025-04-08,12,74,12:30-12:40,466.8884916666666,0.0,-466.8884916666666,True
D,2025-04-08,12,75,12:40-12:50,473.09580416666654,137.98910018518893,-335.1067039814776,True
D,2025-04-08,12,89,15:00-15:10,210.18320000000017,103.75570000000016,-106.42750000000001,True
D,2025-04-08,12,90,15:10-15:20,871.1533690740745,612.4086644444449,-258.7447046296296,True
D,2025-04-08,12,91,15:20-15:30,304.30484888888884,220.4271988888887,-83.87765000000013,True
D,2025-04-08,12,92,15:30-15:40,332.2521416666667,259.6494166666665,-72.60272500000019,True
D,2025-04-08,12,93,15:40-15:50,399.71277472222215,341.2427352777779,-58.47003944444424,True
D,2025-04-08,12,94,15:50-16:00,444.20372194444445,435.68536555555545,-8.518356388889003,True
D,2025-04-08,12,95,16:00-16:10,512.9120333333332,509.01346666666666,-3.898566666666511,True
D,2025-04-08,12,96,16:10-16:20,548.0289408333332,533.8699766666665,-14.158964166666692,True
D,2025-04-08,12,97,16:20-16:30,581.4050566666665,577.9210825,-3.483974166666485,True
D,2025-04-09,18,107,18:00-18:10,609.3953964166649,608.4353901203698,-0.9600062962950915,True
D,2025-04-09,18,108,18:10-18:20,612.235856388889,592.2576338888888,-19.978222500000243,True
D,2025-04-09,18,109,18:20-18:30,701.8619627777775,669.9899961111109,-31.871966666666594,True
D,2025-04-09,18,110,18:30-18:40,697.5536666666668,667.8355637499994,-29.718102916667362,True
D,2025-04-09,18,111,18:40-18:50,684.7197580555556,678.9121005555555,-5.8076575000001185,True
D,2025-04-09,18,112,18:50-19:00,675.6353248148138,663.9991494444442,-11.636175370369529,True
D,2025-04-10,12,94,15:50-16:00,584.0718292592582,538.6787012962968,-45.39312796296133,True
D,2025-04-10,12,95,16:00-16:10,605.6571833333333,533.4333333333334,-72.22384999999986,True
D,2025-04-10,12,96,16:10-16:20,617.9064961111111,568.2341813888886,-49.672314722222495,True
D,2025-04-10,12,97,16:20-16:30,665.3116363888888,658.8499002777776,-6.461736111111236,True
D,2025-04-10,18,107,18:00-18:10,600.9279797499983,540.2515993333333,-60.67638041666498,True
D,2025-04-10,18,108,18:10-18:20,614.8611422222223,567.6970866666667,-47.16405555555559,True
D,2025-04-10,18,109,18:20-18:30,716.5611494444443,678.8299049999998,-37.73124444444443,True
D,2025-04-10,18,110,18:30-18:40,706.43325,672.3206887499992,-34.112561250000795,True
D,2025-04-10,18,111,18:40-18:50,678.9406855555557,670.2033891666666,-8.737296388889035,True
D,2025-04-10,18,112,18:50-19:00,670.8567761111111,661.1892808333334,-9.667495277777675,True
D,2025-04-11,6,95,16:00-16:10,0.0,68.30751666666652,68.30751666666652,True
D,2025-04-11,6,96,16:10-16:20,63.149986944444436,136.10648888888863,72.9565019444442,True
D,2025-04-11,6,97,16:20-16:30,131.4428788888889,172.44190111111106,40.99902222222215,True
D,2025-04-11,6,98,16:30-16:40,152.53213333333372,216.7057249999998,64.17359166666608,True
D,2025-04-11,6,99,16:40-16:50,247.33856222222244,279.5503922222223,32.21182999999985,True
D,2025-04-11,6,100,16:50-17:00,265.48587861111054,285.3378419444442,19.851963333333686,True
D,2025-04-11,6,101,17:00-17:10,277.7945166666665,328.14258333333305,50.34806666666657,True
D,2025-04-11,6,102,17:10-17:20,381.5855461111109,403.04069333333285,21.455147222221967,True
D,2025-04-11,6,103,17:20-17:30,406.0595697222223,423.4172172222223,17.357647499999985,True
D,2025-04-11,6,104,17:30-17:40,436.1395749999998,488.45574166666654,52.31616666666673,True
D,2025-04-11,6,105,17:40-17:50,546.3170650000002,607.6680002777775,61.35093527777735,True
D,2025-04-11,6,106,17:50-18:00,488.6493280555555,502.5051108611117,13.855782805556203,True
D,2025-04-11,12,95,16:00-16:10,68.30751666666652,0.0,-68.30751666666652,True
D,2025-04-11,12,96,16:10-16:20,136.10648888888863,69.89849527777778,-66.20799361111085,True
D,2025-04-11,12,97,16:20-16:30,172.44190111111106,131.44287888888894,-40.99902222222212,True
D,2025-04-11,12,98,16:30-16:40,216.7057249999998,198.36666018518443,-18.339064814815373,True
D,2025-04-11,12,99,16:40-16:50,279.5503922222223,264.95512944444454,-14.595262777777748,True
D,2025-04-11,12,100,16:50-17:00,285.3378419444442,295.6892122222239,10.351370277779665,True
D,2025-04-11,12,101,17:00-17:10,328.14258333333305,281.53859999999986,-46.60398333333319,True
D,2025-04-11,12,102,17:10-17:20,403.04069333333285,381.58554611111094,-21.45514722222191,True
D,2025-04-11,12,103,17:20-17:30,423.4172172222223,406.05956972222225,-17.35764750000004,True
D,2025-04-11,12,104,17:30-17:40,488.45574166666654,436.13957499999987,-52.316166666666675,True
D,2025-04-11,12,105,17:40-17:50,607.6680002777775,546.3170650000002,-61.35093527777735,True
D,2025-04-11,12,106,17:50-18:00,502.5051108611117,488.64932805555554,-13.855782805556146,True
D,2025-04-13,6,45,7:40-7:50,0.0,77.25963553395916,77.25963553395916,True
D,2025-04-13,12,75,12:40-12:50,0.0,8.463404205482448,8.463404205482448,True
D,2025-04-13,18,107,18:00-18:10,486.9232166666667,585.1654333333332,98.24221666666654,True
D,2025-04-13,18,108,18:10-18:20,148.3370078333341,588.6003351851864,440.2633273518523,True
D,2025-04-13,18,109,18:20-18:30,590.0339791666665,610.1198891666669,20.085910000000354,True
D,2025-04-13,18,110,18:30-18:40,555.6188916666669,578.5954666666667,22.976574999999798,True
D,2025-04-13,18,111,18:40-18:50,566.2170850000001,609.9251083333334,43.708023333333244,True
D,2025-04-13,18,112,18:50-19:00,459.2933983333332,619.8710399999999,160.5776416666667,True
D,2025-04-13,18,115,19:20-19:30,0.0,116.47977288173217,116.47977288173217,True
D,2025-04-13,18,121,20:20-20:30,0.0,514.7191441666666,514.7191441666666,True
D,2025-04-13,18,124,20:50-21:00,594.6455358333332,645.8280466666665,51.18251083333337,True
D,2025-04-14,6,45,7:40-7:50,1085.5974430555555,1045.453681111111,-40.14376194444435,True
D,2025-04-14,6,89,15:00-15:10,271.2773166666665,148.53588333333323,-122.74143333333325,True
D,2025-04-14,6,90,15:10-15:20,609.243623888889,410.1590208024696,-199.0846030864194,True
D,2025-04-14,6,91,15:20-15:30,357.68496333333326,211.73369666666667,-145.95126666666658,True
D,2025-04-14,6,92,15:30-15:40,360.43804166666644,230.66476666666676,-129.77327499999967,True
D,2025-04-14,6,93,15:40-15:50,397.37471500000004,325.64123500000005,-71.73347999999999,True
D,2025-04-14,6,94,15:50-16:00,440.9753208333337,402.87081416666695,-38.10450666666674,True
D,2025-04-14,6,95,16:00-16:10,510.9295333333333,430.87606666666693,-80.0534666666664,True
D,2025-04-14,6,96,16:10-16:20,536.4538866666663,473.79495138888876,-62.65893527777757,True
D,2025-04-14,6,97,16:20-16:30,582.3967108333335,558.6983444444443,-23.698366388889212,True
D,2025-04-14,12,71,12:00-12:10,307.1591333333337,7.466014295388277,-299.69311903794545,True
D,2025-04-14,12,73,12:20-12:30,269.06212364992615,0.0,-269.06212364992615,True
D,2025-04-14,12,74,12:30-12:40,291.1806166666667,0.0,-291.1806166666667,True
D,2025-04-14,12,89,15:00-15:10,148.53588333333323,128.91793333333328,-19.61794999999995,True
D,2025-04-14,12,90,15:10-15:20,410.1590208024696,292.9278757407411,-117.23114506172851,True
D,2025-04-14,12,91,15:20-15:30,211.73369666666667,177.92747999999983,-33.80621666666684,True
D,2025-04-14,12,92,15:30-15:40,230.66476666666676,189.76441666666676,-40.90035,True
D,2025-04-14,12,93,15:40-15:50,325.64123500000005,277.64675166666655,-47.994483333333505,True
D,2025-04-14,12,94,15:50-16:00,402.87081416666695,347.7821975000003,-55.08861666666667,True
D,2025-04-14,12,95,16:00-16:10,430.87606666666693,368.6933166666669,-62.182750000000055,True
D,2025-04-14,12,96,16:10-16:20,473.79495138888876,413.5080430555554,-60.28690833333337,True
D,2025-04-14,12,97,16:20-16:30,558.6983444444443,500.3072777777775,-58.3910666666668,True
D,2025-04-14,12,98,16:30-16:40,601.076975,581.7455416666669,-19.331433333333052,True
D,2025-04-14,12,99,16:40-16:50,644.0132516666669,596.6576147222223,-47.35563694444454,True
D,2025-04-14,12,100,16:50-17:00,664.0333650000003,661.4929702777781,-2.5403947222222314,True
D,2025-04-14,18,107,18:00-18:10,582.8333630833315,513.1443922777761,-69.68897080555541,True
D,2025-04-14,18,108,18:10-18:20,590.7073477777778,536.3234172222222,-54.383930555555594,True
D,2025-04-14,18,109,18:20-18:30,689.4811872222222,645.9740427777778,-43.50714444444441,True
D,2025-04-14,18,110,18:30-18:40,686.4509416666666,646.9799494166666,-39.470992249999995,True
D,2025-04-14,18,111,18:40-18:50,670.1309394444444,659.6462552777779,-10.484684166666511,True
D,2025-04-14,18,112,18:50-19:00,659.4073380555553,648.5305519444443,-10.876786111111073,True
D,2025-04-15,6,89,15:00-15:10,28.35614999999973,207.76619999999957,179.41004999999984,True
D,2025-04-15,6,90,15:10-15:20,100.55138944444434,229.83659972222222,129.28521027777788,True
D,2025-04-15,6,91,15:20-15:30,64.42975138888869,178.9749991666664,114.54524777777772,True
D,2025-04-15,6,92,15:30-15:40,132.55382499999985,215.92444999999998,83.37062500000013,True
D,2025-04-15,6,93,15:40-15:50,156.92235194444436,234.8883686111111,77.96601666666675,True
D,2025-04-15,6,94,15:50-16:00,193.21823472222212,247.32275805555508,54.10452333333296,True
D,2025-04-15,6,95,16:00-16:10,255.03054749166995,351.53621666666635,96.5056691749964,True
D,2025-04-15,6,96,16:10-16:20,312.6772033333333,399.55843277777797,86.88122944444467,True
D,2025-04-15,12,89,15:00-15:10,207.76619999999957,28.35614999999973,-179.41004999999984,True
D,2025-04-15,12,90,15:10-15:20,229.83659972222222,100.55138944444435,-129.28521027777788,True
D,2025-04-15,12,91,15:20-15:30,178.9749991666664,64.4297513888887,-114.5452477777777,True
D,2025-04-15,12,92,15:30-15:40,215.92444999999998,132.55382499999982,-83.37062500000016,True
D,2025-04-15,12,93,15:40-15:50,234.8883686111111,156.9223519444444,-77.96601666666672,True
D,2025-04-15,12,94,15:50-16:00,247.32275805555508,193.21823472222215,-54.104523333332935,True
D,2025-04-15,12,95,16:00-16:10,351.53621666666635,255.03054749166992,-96.50566917499643,True
D,2025-04-15,12,96,16:10-16:20,399.55843277777797,312.67720333333324,-86.88122944444473,True
D,2025-04-16,6,45,7:40-7:50,1079.5196630555556,1070.4710400000001,-9.048623055555481,True
D,2025-04-16,6,89,15:00-15:10,74.90840000000014,189.90814999999975,114.99974999999961,True
D,2025-04-16,6,90,15:10-15:20,174.54578716049323,210.8611313888889,36.315344228395674,True
D,2025-04-16,6,92,15:30-15:40,231.7345333333334,244.14072727139356,12.40619393806017,True
D,2025-04-16,6,96,16:10-16:20,382.35119722222214,418.18759333333355,35.83639611111141,True
D,2025-04-16,12,89,15:00-15:10,189.90814999999975,74.90840000000014,-114.99974999999961,True
D,2025-04-16,12,90,15:10-15:20,210.8611313888889,174.54578716049326,-36.315344228395645,True
D,2025-04-16,12,92,15:30-15:40,244.14072727139356,231.73453333333336,-12.406193938060198,True
D,2025-04-16,12,96,16:10-16:20,418.18759333333355,382.3511972222221,-35.83639611111147,True
D,2025-04-17,6,75,12:40-12:50,0.0,371.90681782408024,371.90681782408024,True
D,2025-04-17,12,75,12:40-12:50,371.90681782408024,0.0,-371.90681782408024,True
D,2025-04-19,12,96,16:10-16:20,0.0,10.52118999999982,10.52118999999982,True
D,2025-04-19,12,97,16:20-16:30,0.0,20.25874666666713,20.25874666666713,True
D,2025-04-19,12,98,16:30-16:40,0.0,54.07427500000017,54.07427500000017,True
D,2025-04-19,12,99,16:40-16:50,0.0,101.79831250000001,101.79831250000001,True
D,2025-04-19,12,100,16:50-17:00,0.0,115.69405709876449,115.69405709876449,True
D,2025-04-19,12,101,17:00-17:10,0.0,79.29854938271724,79.29854938271724,True
D,2025-04-19,12,102,17:10-17:20,0.0,93.6749531927302,93.6749531927302,True
D,2025-04-19,12,103,17:20-17:30,55.59263388888882,141.25445055555556,85.66181666666674,True
D,2025-04-19,12,105,17:40-17:50,203.83543444444462,211.57281421467783,7.737379770233218,True
D,2025-04-20,6,42,7:10-7:20,0.0,178.2706516666666,178.2706516666666,True
D,2025-04-20,6,43,7:20-7:30,0.0,202.24985666666674,202.24985666666674,True
D,2025-04-20,6,44,7:30-7:40,0.0,122.11154166666677,122.11154166666677,True
D,2025-04-20,6,45,7:40-7:50,0.0,884.5732374999998,884.5732374999998,True
D,2025-04-20,6,94,15:50-16:00,17.97135555555542,28.163880833333508,10.192525277778088,True
D,2025-04-20,6,95,16:00-16:10,94.70120000000031,123.59744999999998,28.896249999999668,True
D,2025-04-20,6,96,16:10-16:20,166.2286658333336,178.9159385833321,12.687272749998499,True
D,2025-04-20,12,93,15:40-15:50,0.0,34.17088805555545,34.17088805555545,True
D,2025-04-20,12,94,15:50-16:00,28.163880833333508,134.09240277777758,105.92852194444407,True
D,2025-04-20,12,95,16:00-16:10,123.59744999999998,210.57639999999992,86.97894999999994,True
D,2025-04-20,12,96,16:10-16:20,178.9159385833321,241.46193305555562,62.545994472223526,True
D,2025-04-20,12,97,16:20-16:30,230.52888083333337,238.94043,8.411549166666617,True
D,2025-04-20,12,98,16:30-16:40,302.6704833333336,329.0092000000002,26.338716666666585,True
D,2025-04-20,12,99,16:40-16:50,310.730616666667,390.72861916666693,79.99800249999993,True
D,2025-04-20,12,100,16:50-17:00,368.8212908333332,394.2407740555557,25.419483222222482,True
D,2025-04-20,18,107,18:00-18:10,406.54498333333333,537.7702999999999,131.22531666666657,True
D,2025-04-20,18,108,18:10-18:20,108.76587871506871,541.2139102777778,432.4480315627091,True
D,2025-04-20,18,109,18:20-18:30,433.99322305555603,577.0480291666667,143.05480611111062,True
D,2025-04-20,18,110,18:30-18:40,435.99215833333335,578.0530583333332,142.06089999999983,True
D,2025-04-20,18,111,18:40-18:50,446.8592466666668,578.6891936111109,131.8299469444441,True
D,2025-04-20,18,112,18:50-19:00,0.0,196.58236697222213,196.58236697222213,True
D,2025-04-20,18,124,20:50-21:00,608.3536049999999,630.6098808333334,22.25627583333346,True
D,2025-04-21,6,45,7:40-7:50,742.7612764118039,293.09775326364877,-449.66352314815515,True
D,2025-04-21,12,71,12:00-12:10,412.4060500000003,0.0,-412.4060500000003,True
D,2025-04-21,12,72,12:10-12:20,395.8830983333333,0.0,-395.8830983333333,True
D,2025-04-21,12,73,12:20-12:30,398.4386141666668,0.0,-398.4386141666668,True
D,2025-04-21,12,74,12:30-12:40,363.69864166666645,0.0,-363.69864166666645,True
D,2025-04-21,12,75,12:40-12:50,292.3570208333332,0.0,-292.3570208333332,True
D,2025-04-21,12,89,15:00-15:10,159.2156,131.94124999999997,-27.274350000000027,True
D,2025-04-21,12,90,15:10-15:20,425.7752621296301,314.40895935185205,-111.36630277777806,True
D,2025-04-21,12,91,15:20-15:30,262.7543605555557,227.18371611111115,-35.570644444444554,True
D,2025-04-21,12,92,15:30-15:40,276.9035166666666,237.18472500000007,-39.718791666666505,True
D,2025-04-21,12,93,15:40-15:50,361.776336111111,317.9093972222222,-43.8669388888888,True
D,2025-04-21,12,94,15:50-16:00,443.8589297222225,395.8438436111114,-48.01508611111109,True
D,2025-04-21,18,107,18:00-18:10,568.0292333333332,507.7460333333333,-60.28319999999991,True
D,2025-04-21,18,108,18:10-18:20,594.173005277778,550.6958844444443,-43.47712083333363,True
D,2025-04-21,18,109,18:20-18:30,657.4316369444443,624.376477222222,-33.055159722222356,True
D,2025-04-21,18,110,18:30-18:40,642.8361003086411,634.820468086416,-8.015632222225122,True
D,2025-04-21,18,111,18:40-18:50,671.2635497222224,649.6651461111109,-21.598403611111507,True
D,2025-04-21,18,112,18:50-19:00,668.1182349999999,581.1548097222222,-86.96342527777767,True
D,2025-04-22,6,89,15:00-15:10,0.0,122.81617219135984,122.81617219135984,True
D,2025-04-22,6,90,15:10-15:20,83.49012824074183,138.6124344444445,55.122306203702664,True
D,2025-04-22,6,93,15:40-15:50,176.73335305555554,195.46852,18.735166944444472,True
D,2025-04-22,6,94,15:50-16:00,193.93385194444448,256.97602666666626,63.04217472222177,True
D,2025-04-22,6,95,16:00-16:10,242.340683333333,295.7710000000001,53.43031666666707,True
D,2025-04-22,6,97,16:20-16:30,334.3747656190659,363.21818694444437,28.843421325378472,True
D,2025-04-22,6,98,16:30-16:40,362.7775416666667,434.5985083333335,71.82096666666678,True
D,2025-04-22,12,89,15:00-15:10,122.81617219135984,0.0,-122.81617219135984,True
D,2025-04-22,12,90,15:10-15:20,138.6124344444445,83.49012824074184,-55.12230620370265,True
D,2025-04-22,12,93,15:40-15:50,195.46852,176.73335305555557,-18.735166944444444,True
D,2025-04-22,12,94,15:50-16:00,256.97602666666626,193.9338519444445,-63.042174722221745,True
D,2025-04-22,12,95,16:00-16:10,295.7710000000001,242.34068333333298,-53.430316666667096,True
D,2025-04-22,12,97,16:20-16:30,363.21818694444437,334.37476561906595,-28.843421325378415,True
D,2025-04-22,12,98,16:30-16:40,434.5985083333335,362.7775416666667,-71.82096666666678,True
D,2025-04-23,6,93,15:40-15:50,36.97891077777664,82.38820249999992,45.40929172222328,True
D,2025-04-23,6,94,15:50-16:00,101.52723638888892,159.26878916666658,57.741552777777656,True
D,2025-04-23,6,95,16:00-16:10,164.66638333333356,200.66778114197498,36.00139780864143,True
D,2025-04-23,6,96,16:10-16:20,234.31177583333363,274.46289749999994,40.15112166666631,True
D,2025-04-23,6,97,16:20-16:30,305.54855666666685,345.1656924999995,39.61713583333267,True
D,2025-04-23,6,98,16:30-16:40,364.71370833333344,398.36924166666654,33.655533333333096,True
D,2025-04-23,6,99,16:40-16:50,334.0953125000003,428.6371916666668,94.54187916666649,True
D,2025-04-23,6,100,16:50-17:00,390.4135183333332,452.6380961718602,62.22457783852701,True
D,2025-04-23,12,71,12:00-12:10,0.0,127.12375615912418,127.12375615912418,True
D,2025-04-23,12,72,12:10-12:20,294.36757307983675,485.27148388888895,190.9039108090522,True
D,2025-04-23,12,75,12:40-12:50,469.84867444444455,478.0149297222222,8.166255277777623,True
D,2025-04-23,12,89,15:00-15:10,0.0,7.104199999999992,7.104199999999992,True
D,2025-04-23,12,90,15:10-15:20,0.0,58.95064873456859,58.95064873456859,True
D,2025-04-23,12,91,15:20-15:30,0.0,77.58734722222209,77.58734722222209,True
D,2025-04-23,12,92,15:30-15:40,18.44380833333332,93.15637899999959,74.71257066666627,True
D,2025-04-23,12,93,15:40-15:50,82.38820249999992,132.96144138888883,50.57323888888891,True
D,2025-04-23,12,94,15:50-16:00,159.26878916666658,147.64671805555577,-11.622071111110813,True
D,2025-04-23,12,95,16:00-16:10,200.66778114197498,195.55520000000024,-5.112581141974744,True
D,2025-04-23,12,96,16:10-16:20,274.46289749999994,243.87107119963434,-30.591826300365597,True
D,2025-04-23,12,97,16:20-16:30,345.1656924999995,305.5485566666669,-39.61713583333261,True
D,2025-04-23,12,98,16:30-16:40,398.36924166666654,364.7137083333335,-33.65553333333304,True
D,2025-04-23,12,99,16:40-16:50,428.6371916666668,334.0953125000004,-94.54187916666643,True
D,2025-04-23,12,100,16:50-17:00,452.6380961718602,390.4135183333332,-62.22457783852701,True
D,2025-04-24,6,70,11:50-12:00,210.55285299725375,0.0,-210.55285299725375,True
D,2025-04-24,6,71,12:00-12:10,454.6407499999999,358.5707255943705,-96.0700244056294,True
D,2025-04-24,6,72,12:10-12:20,438.143005277778,352.734581944444,-85.40842333333399,True
D,2025-04-24,6,73,12:20-12:30,379.7709363888888,0.0,-379.7709363888888,True
D,2025-04-24,6,74,12:30-12:40,375.6744083333334,0.0,-375.6744083333334,True
D,2025-04-24,6,75,12:40-12:50,402.15274861111095,356.78782777777735,-45.3649208333336,True
D,2025-04-24,6,93,15:40-15:50,43.112400777776806,48.65687666666656,5.544475888889757,True
D,2025-04-24,6,94,15:50-16:00,117.0581255555553,120.17260391975388,3.1144783641985754,True
D,2025-04-24,6,95,16:00-16:10,198.6722000000001,220.8372499999998,22.165049999999724,True
D,2025-04-24,6,96,16:10-16:20,277.2925075000005,306.57987638888903,29.287368888888523,True
D,2025-04-24,6,98,16:30-16:40,385.4189583333332,396.32612500000005,10.907166666666853,True
D,2025-04-24,12,71,12:00-12:10,358.5707255943705,218.6980410881959,-139.8726845061746,True
D,2025-04-24,12,72,12:10-12:20,352.734581944444,438.14300527777806,85.40842333333404,True
D,2025-04-24,12,75,12:40-12:50,356.78782777777735,402.15274861111095,45.3649208333336,True
D,2025-04-24,12,92,15:30-15:40,2.1090916666666994,32.114691666666886,30.005600000000186,True
D,2025-04-24,12,93,15:40-15:50,48.65687666666656,129.07925999999986,80.4223833333333,True
D,2025-04-24,12,94,15:50-16:00,120.17260391975388,217.4161209444402,97.24351702468631,True
D,2025-04-24,12,95,16:00-16:10,220.8372499999998,281.7545500000002,60.91730000000041,True
D,2025-04-24,12,96,16:10-16:20,306.57987638888903,389.63929944444465,83.05942305555561,True
D,2025-04-24,12,97,16:20-16:30,341.28392083333335,425.3730967431535,84.08917590982014,True
D,2025-04-24,12,98,16:30-16:40,396.32612500000005,385.41895833333325,-10.907166666666797,True
D,2025-04-25,6,97,16:20-16:30,46.57048319444594,54.74483777777766,8.17435458333172,True
D,2025-04-25,12,97,16:20-16:30,54.74483777777766,46.57048319444594,-8.17435458333172,True
D,2025-04-26,12,98,16:30-16:40,0.0,22.964498888883796,22.964498888883796,True
D,2025-04-27,6,42,7:10-7:20,0.0,134.26972805555607,134.26972805555607,True
D,2025-04-27,6,43,7:20-7:30,0.0,185.27480694444455,185.27480694444455,True
D,2025-04-27,6,44,7:30-7:40,0.0,110.20834166666657,110.20834166666657,True
D,2025-04-27,6,45,7:40-7:50,0.0,747.6409086111113,747.6409086111113,True
D,2025-04-27,12,94,15:50-16:00,30.502953888889014,58.71578225308616,28.212828364197147,True
D,2025-04-27,12,96,16:10-16:20,142.53174750000002,172.48582249999993,29.954074999999904,True
D,2025-04-27,12,97,16:20-16:30,177.39840166666696,191.7820663888889,14.383664722221937,True
D,2025-04-27,18,107,18:00-18:10,354.9756999999999,381.96296996913344,26.987269969133536,True
D,2025-04-28,6,70,11:50-12:00,868.9201238888886,860.6683238888886,-8.251800000000003,True
D,2025-04-28,6,71,12:00-12:10,814.0701166666669,797.8884666666668,-16.181650000000104,True
D,2025-04-28,6,72,12:10-12:20,818.2446872222223,780.0206155555551,-38.224071666667214,True
D,2025-04-28,6,73,12:20-12:30,825.7285261111119,774.2206180555556,-51.5079080555563,True
D,2025-04-28,6,74,12:30-12:40,816.2560750000001,770.7776250000001,-45.478450000000066,True
D,2025-04-28,6,75,12:40-12:50,809.320717222222,742.1934930555551,-67.1272241666669,True
D,2025-04-28,12,71,12:00-12:10,797.8884666666668,796.3289666666667,-1.559500000000071,True
D,2025-04-28,12,72,12:10-12:20,780.0206155555551,771.1682599999998,-8.852355555555278,True
D,2025-04-28,12,73,12:20-12:30,774.2206180555556,528.7410392283934,-245.4795788271622,True
D,2025-04-28,12,74,12:30-12:40,770.7776250000001,700.9296833333334,-69.84794166666666,True
D,2025-04-28,12,75,12:40-12:50,742.1934930555551,711.4625708333331,-30.730922222222034,True
D,2025-04-28,12,76,12:50-13:00,19.033528611111365,0.0,-19.033528611111365,True
D,2025-04-28,12,96,16:10-16:20,553.1681633333332,537.6018355555556,-15.566327777777587,True
D,2025-04-29,6,72,12:10-12:20,529.5999644403349,488.0627822222217,-41.53718221811323,True
D,2025-04-29,6,75,12:40-12:50,749.2059102777775,462.9670638888887,-286.2388463888889,True
D,2025-04-29,12,72,12:10-12:20,488.0627822222217,0.0,-488.0627822222217,True
D,2025-04-29,12,75,12:40-12:50,462.9670638888887,0.0,-462.9670638888887,True
D,2025-04-29,12,90,15:10-15:20,78.52760305555547,79.46682891666765,0.9392258611121775,True
D,2025-04-29,12,96,16:10-16:20,367.1037426851886,385.4343988888887,18.33065620370013,True
D,2025-04-29,12,97,16:20-16:30,383.11918866666656,451.54000564814856,68.420816981482,True
D,2025-04-29,12,98,16:30-16:40,436.13800833333335,450.93966666666677,14.801658333333421,True
D,2025-05-01,6,75,12:40-12:50,499.32940638888886,380.2762397222218,-119.05316666666704,True
D,2025-05-01,6,90,15:10-15:20,583.8213622839519,295.85380043210057,-287.9675618518513,True
D,2025-05-01,12,75,12:40-12:50,380.2762397222218,0.0,-380.2762397222218,True
D,2025-05-01,12,90,15:10-15:20,295.85380043210057,438.7844812962975,142.93068086419692,True
D,2025-05-02,12,75,12:40-12:50,497.43835111111105,0.0,-497.43835111111105,True
D,2025-05-02,18,107,18:00-18:10,469.43103333333346,454.5203166666667,-14.910716666666758,True
D,2025-05-02,18,109,18:20-18:30,523.908248611111,518.6561371944415,-5.25211141666955,True
D,2025-05-02,18,111,18:40-18:50,562.262817777778,560.6907922222222,-1.572025555555797,True
D,2025-05-04,6,44,7:30-7:40,0.0,17.052433333333,17.052433333333,True
D,2025-05-04,6,45,7:40-7:50,0.0,24.134926388888005,24.134926388888005,True
D,2025-05-04,6,75,12:40-12:50,574.7942374999999,478.28736527777767,-96.50687222222223,True
D,2025-05-04,12,75,12:40-12:50,478.28736527777767,532.3753486111108,54.08798333333311,True
D,2025-05-04,12,92,15:30-15:40,87.04387805305336,35.859320061728695,-51.18455799132467,True
D,2025-05-05,12,71,12:00-12:10,227.96476666666663,199.047988981476,-28.916777685190624,True
D,2025-05-05,12,73,12:20-12:30,335.99849194444425,0.0,-335.99849194444425,True
D,2025-05-05,12,74,12:30-12:40,421.9968583333332,0.0,-421.9968583333332,True
D,2025-05-06,6,44,7:30-7:40,0.0,253.7086999999999,253.7086999999999,True
D,2025-05-06,6,45,7:40-7:50,0.0,813.0546769673579,813.0546769673579,True
D,2025-05-08,6,71,12:00-12:10,675.7359333333334,666.1833666666664,-9.552566666666962,True
D,2025-05-08,6,72,12:10-12:20,644.8604475000001,614.1926808333332,-30.66776666666692,True
D,2025-05-08,6,73,12:20-12:30,687.681775833333,635.8988091666663,-51.78296666666665,True
D,2025-05-08,6,74,12:30-12:40,735.6263583333333,662.7281916666667,-72.89816666666661,True
D,2025-05-08,6,75,12:40-12:50,733.7853541666668,639.7719875,-94.0133666666668,True
D,2025-05-08,12,71,12:00-12:10,666.1833666666664,0.0,-666.1833666666664,True
D,2025-05-08,12,72,12:10-12:20,614.1926808333332,0.0,-614.1926808333332,True
D,2025-05-08,12,73,12:20-12:30,635.8988091666663,0.0,-635.8988091666663,True
D,2025-05-08,12,74,12:30-12:40,662.7281916666667,0.0,-662.7281916666667,True
D,2025-05-08,12,75,12:40-12:50,639.7719875,632.0878720370343,-7.6841154629656785,True
D,2025-05-09,6,75,12:40-12:50,596.5802991666664,0.0,-596.5802991666664,True
D,2025-05-09,6,98,16:30-16:40,185.3440723539543,261.3894666666663,76.045394312712,True
D,2025-05-09,6,99,16:40-16:50,234.7084477777779,392.8006336111114,158.09218583333347,True
D,2025-05-09,6,100,16:50-17:00,293.41948805555535,385.3934230555556,91.97393500000027,True
D,2025-05-09,6,101,17:00-17:10,285.3833999999997,347.38103333333316,61.997633333333454,True
D,2025-05-09,6,102,17:10-17:20,326.08238638888884,407.6589649999998,81.57657861111096,True
D,2025-05-09,6,103,17:20-17:30,371.4665819444444,407.11672815950783,35.650146215063444,True
D,2025-05-09,6,104,17:30-17:40,418.6647972500006,455.45044700000045,36.785649749999834,True
D,2025-05-09,6,105,17:40-17:50,531.9670480555553,551.0005816666664,19.033533611111125,True
D,2025-05-09,6,106,17:50-18:00,520.2364819444444,530.2278252777776,9.991343333333134,True
D,2025-05-09,12,98,16:30-16:40,261.3894666666663,185.34407235395432,-76.04539431271198,True
D,2025-05-09,12,99,16:40-16:50,392.8006336111114,239.86457555555558,-152.9360580555558,True
D,2025-05-09,12,100,16:50-17:00,385.3934230555556,293.41948805555535,-91.97393500000027,True
D,2025-05-09,12,101,17:00-17:10,347.38103333333316,285.3833999999997,-61.997633333333454,True
D,2025-05-09,12,102,17:10-17:20,407.6589649999998,326.0823863888889,-81.5765786111109,True
D,2025-05-09,12,103,17:20-17:30,407.11672815950783,371.4665819444444,-35.650146215063444,True
D,2025-05-09,12,104,17:30-17:40,455.45044700000045,418.6647972500007,-36.78564974999978,True
D,2025-05-09,12,105,17:40-17:50,551.0005816666664,531.9670480555554,-19.03353361111101,True
D,2025-05-09,12,106,17:50-18:00,530.2278252777776,520.2364819444446,-9.99134333333302,True
D,2025-05-10,6,96,16:10-16:20,0.0,10.166459444444286,10.166459444444286,True
D,2025-05-10,6,97,16:20-16:30,0.0,44.746592222222034,44.746592222222034,True
D,2025-05-10,6,98,16:30-16:40,14.127108333333013,127.30487499999981,113.1777666666668,True
D,2025-05-10,6,99,16:40-16:50,54.408431388888744,164.8767427777778,110.46831138888905,True
D,2025-05-10,6,100,16:50-17:00,64.75226305555566,171.95126305555573,107.19900000000007,True
D,2025-05-10,6,101,17:00-17:10,78.83169999999984,184.6382499999999,105.80655000000007,True
D,2025-05-10,6,102,17:10-17:20,131.02504383333485,226.51740944444435,95.4923656111095,True
D,2025-05-10,6,103,17:20-17:30,191.96286361111106,289.95360805555555,97.99074444444449,True
D,2025-05-10,6,104,17:30-17:40,238.03807116666718,313.0767474999998,75.0386763333326,True
D,2025-05-10,6,105,17:40-17:50,277.1102305555554,338.4846911111109,61.374460555555515,True
D,2025-05-10,12,96,16:10-16:20,10.166459444444286,0.0,-10.166459444444286,True
D,2025-05-10,12,97,16:20-16:30,44.746592222222034,0.0,-44.746592222222034,True
D,2025-05-10,12,98,16:30-16:40,127.30487499999981,84.49421666666638,-42.810658333333436,True
D,2025-05-10,12,99,16:40-16:50,164.8767427777778,73.32371611111014,-91.55302666666765,True
D,2025-05-10,12,100,16:50-17:00,171.95126305555573,64.75226305555566,-107.19900000000007,True
D,2025-05-10,12,101,17:00-17:10,184.6382499999999,78.83169999999986,-105.80655000000006,True
D,2025-05-10,12,102,17:10-17:20,226.51740944444435,131.02504383333485,-95.4923656111095,True
D,2025-05-10,12,103,17:20-17:30,289.95360805555555,191.96286361111103,-97.99074444444452,True
D,2025-05-10,12,104,17:30-17:40,313.0767474999998,238.0380711666672,-75.03867633333257,True
D,2025-05-10,12,105,17:40-17:50,338.4846911111109,277.1102305555554,-61.374460555555515,True
D,2025-05-10,18,109,18:20-18:30,409.1043019444444,353.8275422222223,-55.276759722222096,True
D,2025-05-10,18,110,18:30-18:40,239.32768232617957,191.98189565951304,-47.34578666666653,True
D,2025-05-10,18,124,20:50-21:00,615.0530208333332,532.4583158333334,-82.59470499999986,True
D,2025-05-11,6,90,15:10-15:20,0.0,12.12311222222263,12.12311222222263,True
D,2025-05-11,6,91,15:20-15:30,0.0,12.798946111111377,12.798946111111377,True
D,2025-05-11,6,92,15:30-15:40,0.0,2.2349166666662086,2.2349166666662086,True
D,2025-05-11,6,93,15:40-15:50,0.0,133.75559388888928,133.75559388888928,True
D,2025-05-11,6,94,15:50-16:00,14.57543749999968,222.11783027777767,207.542392777778,True
D,2025-05-11,6,95,16:00-16:10,86.81061666666676,207.10219999999993,120.29158333333316,True
D,2025-05-11,6,96,16:10-16:20,135.65580083333327,211.627968611111,75.97216777777771,True
D,2025-05-11,6,97,16:20-16:30,189.64065749999975,263.49849055555524,73.85783305555549,True
D,2025-05-11,6,98,16:30-16:40,273.9960333333331,323.06565833333167,49.06962499999855,True
D,2025-05-11,6,99,16:40-16:50,334.5326391666666,359.4129558333334,24.880316666666772,True
D,2025-05-11,6,100,16:50-17:00,356.5407958333335,374.4098375000003,17.869041666666817,True
D,2025-05-11,6,101,17:00-17:10,366.2584499999999,377.11621666666673,10.857766666666805,True
D,2025-05-11,6,102,17:10-17:20,411.880703611111,420.8497619444444,8.969058333333408,True
D,2025-05-11,6,104,17:30-17:40,486.2147648333327,496.56309150000055,10.348326666667845,True
D,2025-05-11,6,105,17:40-17:50,627.3700694444443,630.6730027777776,3.3029333333332715,True
D,2025-05-11,6,107,18:00-18:10,407.96415000000013,409.64134833333173,1.677198333331603,True
D,2025-05-11,12,71,12:00-12:10,0.0,221.6292833333332,221.6292833333332,True
D,2025-05-11,12,72,12:10-12:20,0.0,249.64951861111138,249.64951861111138,True
D,2025-05-11,12,74,12:30-12:40,0.0,112.84448476103717,112.84448476103717,True
D,2025-05-11,12,75,12:40-12:50,394.1895749999997,378.47373388888866,-15.715841111111047,True
D,2025-05-11,12,90,15:10-15:20,12.12311222222263,0.0,-12.12311222222263,True
D,2025-05-11,12,91,15:20-15:30,12.798946111111377,0.0,-12.798946111111377,True
D,2025-05-11,12,92,15:30-15:40,2.2349166666662086,0.0,-2.2349166666662086,True
D,2025-05-11,12,93,15:40-15:50,133.75559388888928,0.0,-133.75559388888928,True
D,2025-05-11,12,94,15:50-16:00,222.11783027777767,43.14948194444423,-178.96834833333344,True
D,2025-05-11,12,95,16:00-16:10,207.10219999999993,128.88081666666676,-78.22138333333316,True
D,2025-05-11,12,96,16:10-16:20,211.627968611111,177.30834249999998,-34.319626111111006,True
D,2025-05-11,12,97,16:20-16:30,263.49849055555524,221.51225172839725,-41.98623882715799,True
D,2025-05-11,12,98,16:30-16:40,323.06565833333167,303.4104666666665,-19.65519166666519,True
D,2025-05-11,12,99,16:40-16:50,359.4129558333334,371.78056611111117,12.367610277777771,True
D,2025-05-11,12,100,16:50-17:00,374.4098375000003,356.54079583333356,-17.86904166666676,True
D,2025-05-11,12,101,17:00-17:10,377.11621666666673,366.25845,-10.857766666666748,True
D,2025-05-11,12,102,17:10-17:20,420.8497619444444,411.8807036111111,-8.96905833333335,True
D,2025-05-11,12,104,17:30-17:40,496.56309150000055,493.68595816666607,-2.877133333334484,True
D,2025-05-11,12,105,17:40-17:50,630.6730027777776,627.3700694444443,-3.3029333333332715,True
D,2025-05-11,12,107,18:00-18:10,409.64134833333173,415.8097495555529,6.168401222221178,True
D,2025-05-11,18,107,18:00-18:10,415.8097495555529,555.22935,139.41960044444704,True
D,2025-05-11,18,108,18:10-18:20,451.48107419444455,567.4206288888888,115.93955469444427,True
D,2025-05-11,18,109,18:20-18:30,558.8765141666667,605.1610227777776,46.28450861111094,True
D,2025-05-11,18,110,18:30-18:40,584.33165,655.9570749999999,71.62542499999995,True
D,2025-05-11,18,111,18:40-18:50,656.5186350925925,691.010351111111,34.49171601851856,True
D,2025-05-11,18,112,18:50-19:00,642.5012080555554,690.5863302777776,48.08512222222225,True
D,2025-05-11,18,113,19:00-19:10,0.0,574.5003333333333,574.5003333333333,True
D,2025-05-11,18,115,19:20-19:30,0.0,579.4925433333333,579.4925433333333,True
D,2025-05-11,18,118,19:50-20:00,0.0,144.51055974284634,144.51055974284634,True
D,2025-05-11,18,121,20:20-20:30,79.54932765025283,587.4654208333333,507.9160931830804,True
D,2025-05-12,6,72,12:10-12:20,0.0,139.6808321684514,139.6808321684514,True
D,2025-05-12,6,75,12:40-12:50,597.6262666666664,667.9457691666672,70.3195025000008,True
D,2025-05-12,6,89,15:00-15:10,0.0,36.70775566666572,36.70775566666572,True
D,2025-05-12,6,90,15:10-15:20,0.0,108.19633444444457,108.19633444444457,True
D,2025-05-12,6,91,15:20-15:30,0.0,124.40352472222273,124.40352472222273,True
D,2025-05-12,6,92,15:30-15:40,62.6040416666666,189.37272499999983,126.76868333333323,True
D,2025-05-12,6,93,15:40-15:50,68.43739722222244,297.01632444444465,228.5789272222222,True
D,2025-05-12,6,94,15:50-16:00,124.14746694444409,392.46349305555543,268.31602611111134,True
D,2025-05-12,6,95,16:00-16:10,246.58128333333343,410.56366666666656,163.98238333333313,True
D,2025-05-12,6,96,16:10-16:20,287.99706000000015,415.18275833333337,127.18569833333322,True
D,2025-05-12,6,97,16:20-16:30,320.74131916666647,453.3354133333331,132.59409416666665,True
D,2025-05-12,6,98,16:30-16:40,391.2855333333331,506.61414999999846,115.32861666666537,True
D,2025-05-12,6,99,16:40-16:50,462.71907583333314,561.381114722222,98.6620388888889,True
D,2025-05-12,6,100,16:50-17:00,513.8644675,613.0379619444445,99.17349444444449,True
D,2025-05-12,6,101,17:00-17:10,559.2097,658.8946500000002,99.68495000000019,True
D,2025-05-12,6,102,17:10-17:20,634.0902591666666,722.2252202777778,88.13496111111124,True
D,2025-05-12,6,103,17:20-17:30,719.8616449999997,796.446617222222,76.58497222222229,True
D,2025-05-12,6,104,17:30-17:40,705.2289064999992,875.4565333333333,170.22762683333406,True
D,2025-05-12,6,105,17:40-17:50,886.0521066666664,939.5371011111108,53.484994444444396,True
D,2025-05-12,6,106,17:50-18:00,770.1848397222224,783.057124722222,12.872284999999692,True
D,2025-05-12,6,107,18:00-18:10,479.4638500000002,509.68148538888715,30.217635388886947,True
D,2025-05-12,12,72,12:10-12:20,139.6808321684514,0.0,-139.6808321684514,True
D,2025-05-12,12,75,12:40-12:50,667.9457691666672,597.6262666666664,-70.3195025000008,True
D,2025-05-12,12,89,15:00-15:10,36.70775566666572,0.0,-36.70775566666572,True
D,2025-05-12,12,90,15:10-15:20,108.19633444444457,14.90525611111093,-93.29107833333364,True
D,2025-05-12,12,91,15:20-15:30,124.40352472222273,36.9513080555555,-87.45221666666723,True
D,2025-05-12,12,92,15:30-15:40,189.37272499999983,112.55250555555556,-76.82021944444428,True
D,2025-05-12,12,93,15:40-15:50,297.01632444444465,139.06926944444444,-157.9470550000002,True
D,2025-05-12,12,94,15:50-16:00,392.46349305555543,188.01653638888854,-204.4469566666669,True
D,2025-05-12,12,95,16:00-16:10,410.56366666666656,303.6875500000001,-106.87611666666646,True
D,2025-05-12,12,96,16:10-16:20,415.18275833333337,351.8951100000003,-63.287648333333095,True
D,2025-05-12,12,97,16:20-16:30,453.3354133333331,391.43115249999994,-61.90426083333318,True
D,2025-05-12,12,98,16:30-16:40,506.61414999999846,468.7671499999999,-37.84699999999856,True
D,2025-05-12,12,99,16:40-16:50,561.381114722222,546.9924758333331,-14.388638888888977,True
D,2025-05-12,12,100,16:50-17:00,613.0379619444445,604.9296508333337,-8.10831111111088,True
D,2025-05-12,12,101,17:00-17:10,658.8946500000002,648.4231833333333,-10.471466666666856,True
D,2025-05-12,12,102,17:10-17:20,722.2252202777778,637.7222299166674,-84.50299036111039,True
D,2025-05-12,12,103,17:20-17:30,796.446617222222,719.8616449999996,-76.5849722222224,True
D,2025-05-12,12,104,17:30-17:40,875.4565333333333,743.289874833333,-132.16665850000027,True
D,2025-05-12,12,105,17:40-17:50,939.5371011111108,886.0521066666664,-53.484994444444396,True
D,2025-05-12,12,106,17:50-18:00,783.057124722222,782.1234480555556,-0.9336766666664289,True
D,2025-05-12,12,107,18:00-18:10,509.68148538888715,479.46385000000026,-30.21763538888689,True
D,2025-05-12,18,107,18:00-18:10,479.46385000000026,583.9410499999999,104.47719999999964,True
D,2025-05-13,6,41,7:0-7:10,304.4750171872912,0.0,-304.4750171872912,True
D,2025-05-13,6,42,7:10-7:20,377.35869694444455,0.0,-377.35869694444455,True
D,2025-05-13,6,43,7:20-7:30,374.9430113888889,0.0,-374.9430113888889,True
D,2025-05-13,6,44,7:30-7:40,343.31655,0.0,-343.31655,True
D,2025-05-13,6,45,7:40-7:50,1056.5375297222222,35.0387283611082,-1021.498801361114,True
D,2025-05-13,6,66,11:10-11:20,712.7875469444444,649.2778858333332,-63.5096611111112,True
D,2025-05-13,6,68,11:30-11:40,790.4271999999996,758.7658833333328,-31.661316666666835,True
D,2025-05-13,6,69,11:40-11:50,815.4829502777777,800.722676666667,-14.760273611110733,True
D,2025-05-13,6,90,15:10-15:20,0.0,37.37352083333349,37.37352083333349,True
D,2025-05-13,6,91,15:20-15:30,0.0,80.75965166666697,80.75965166666697,True
D,2025-05-13,6,92,15:30-15:40,8.40215833333275,81.17270833333293,72.77055000000018,True
D,2025-05-13,6,93,15:40-15:50,124.26546453703818,221.27724916666682,97.01178462962864,True
D,2025-05-13,6,94,15:50-16:00,121.93188638888876,320.5949208333335,198.66303444444475,True
D,2025-05-13,6,95,16:00-16:10,220.44595000000004,322.14573333333317,101.69978333333313,True
D,2025-05-13,6,96,16:10-16:20,266.8309933333335,331.89053888888895,65.05954555555547,True
D,2025-05-13,6,97,16:20-16:30,315.19860749999975,385.8229961111109,70.62438861111116,True
D,2025-05-13,6,98,16:30-16:40,395.8051999999997,449.3205583333281,53.515358333328436,True
D,2025-05-13,6,99,16:40-16:50,463.3465899999999,500.3518177777777,37.005227777777804,True
D,2025-05-13,6,100,16:50-17:00,526.8026383333333,564.475768888889,37.673130555555645,True
D,2025-05-13,6,101,17:00-17:10,587.5768666666664,625.9178999999999,38.341033333333485,True
D,2025-05-13,6,102,17:10-17:20,642.1467583333333,678.7235694444445,36.57681111111117,True
D,2025-05-13,6,103,17:20-17:30,708.23948,743.0520688888888,34.812588888888854,True
D,2025-05-13,6,104,17:30-17:40,686.2213564999992,724.4264081666671,38.20505166666794,True
D,2025-05-13,6,105,17:40-17:50,854.9849475,886.2690919444444,31.28414444444445,True
D,2025-05-13,6,106,17:50-18:00,755.3436797222223,755.8008813888888,0.4572016666664922,True
D,2025-05-13,6,107,18:00-18:10,482.2831666666667,534.5310000000001,52.24783333333335,True
D,2025-05-13,6,108,18:10-18:20,511.7152894722224,524.7862997499994,13.07101027777702,True
D,2025-05-13,6,109,18:20-18:30,664.691324722222,720.4234666666665,55.73214194444449,True
D,2025-05-13,12,71,12:00-12:10,609.7528833333336,0.0,-609.7528833333336,True
D,2025-05-13,12,72,12:10-12:20,546.350317777778,0.0,-546.350317777778,True
D,2025-05-13,12,73,12:20-12:30,565.0589638888886,0.0,-565.0589638888886,True
D,2025-05-13,12,74,12:30-12:40,545.6023166666669,0.0,-545.6023166666669,True
D,2025-05-13,12,75,12:40-12:50,591.8070316666666,0.0,-591.8070316666666,True
D,2025-05-13,12,90,15:10-15:20,37.37352083333349,38.22889342592383,0.8553725925903422,True
D,2025-05-13,12,91,15:20-15:30,80.75965166666697,63.2171230555557,-17.542528611111265,True
D,2025-05-13,12,92,15:30-15:40,81.17270833333293,103.85438055555532,22.68167222222239,True
D,2025-05-13,12,93,15:40-15:50,221.27724916666682,138.2124386111111,-83.06481055555571,True
D,2025-05-13,12,94,15:50-16:00,320.5949208333335,185.10430305555553,-135.49061777777797,True
D,2025-05-13,12,95,16:00-16:10,322.14573333333317,278.30005000000006,-43.84568333333311,True
D,2025-05-13,12,96,16:10-16:20,331.89053888888895,322.3325016666669,-9.558037222222083,True
D,2025-05-13,12,97,16:20-16:30,385.8229961111109,368.3475241666665,-17.475471944444394,True
D,2025-05-13,12,98,16:30-16:40,449.3205583333281,435.19873333333305,-14.121824999995056,True
D,2025-05-13,12,99,16:40-16:50,500.3518177777777,508.6386836111111,8.286865833333422,True
D,2025-05-13,12,100,16:50-17:00,564.475768888889,537.8828148240734,-26.592954064815558,True
D,2025-05-13,12,101,17:00-17:10,625.9178999999999,587.5768666666665,-38.34103333333337,True
D,2025-05-13,12,102,17:10-17:20,678.7235694444445,642.1467583333334,-36.576811111111056,True
D,2025-05-13,12,103,17:20-17:30,743.0520688888888,708.2394799999998,-34.81258888888897,True
D,2025-05-13,12,104,17:30-17:40,724.4264081666671,686.2213564999992,-38.20505166666794,True
D,2025-05-13,12,105,17:40-17:50,886.2690919444444,854.9849475,-31.28414444444445,True
D,2025-05-13,12,106,17:50-18:00,755.8008813888888,755.3436797222224,-0.4572016666663785,True
D,2025-05-13,12,107,18:00-18:10,534.5310000000001,482.2831666666667,-52.24783333333335,True
D,2025-05-13,12,108,18:10-18:20,524.7862997499994,511.7152894722224,-13.07101027777702,True
D,2025-05-13,12,109,18:20-18:30,720.4234666666665,664.691324722222,-55.73214194444449,True
D,2025-05-14,12,71,12:00-12:10,577.4719666666667,0.0,-577.4719666666667,True
D,2025-05-14,12,72,12:10-12:20,596.5177197222222,340.02303197531023,-256.49468774691195,True
D,2025-05-14,12,73,12:20-12:30,587.347401111111,0.0,-587.347401111111,True
D,2025-05-14,12,74,12:30-12:40,546.9041500000002,0.0,-546.9041500000002,True
D,2025-05-14,12,90,15:10-15:20,668.0508709053498,640.6704792592578,-27.380391646091994,True
D,2025-05-14,18,107,18:00-18:10,574.4796833333335,550.4173333333335,-24.062349999999924,True
D,2025-05-14,18,108,18:10-18:20,584.6831305833335,575.5041474999999,-9.178983083333605,True
D,2025-05-14,18,109,18:20-18:30,699.4341244444446,671.3114741666668,-28.12265027777778,True
D,2025-05-14,18,110,18:30-18:40,710.8354166666667,663.6944166666666,-47.141000000000076,True
D,2025-05-14,18,111,18:40-18:50,736.4039114814813,715.7457185648125,-20.65819291666878,True
D,2025-05-14,18,112,18:50-19:00,704.6369608333332,627.2415883333333,-77.3953724999999,True
D,2025-05-15,6,89,15:00-15:10,144.59045000000003,335.5665499999999,190.97609999999986,True
D,2025-05-15,6,90,15:10-15:20,424.6305079115234,556.3690696604924,131.738561748969,True
D,2025-05-15,6,91,15:20-15:30,223.67467333333343,301.8077900000002,78.13311666666675,True
D,2025-05-15,6,92,15:30-15:40,209.03928333333283,301.1053499999997,92.06606666666687,True
D,2025-05-15,6,93,15:40-15:50,328.1326931481492,449.28418333333354,121.15149018518434,True
D,2025-05-15,6,94,15:50-16:00,329.3345169444442,506.2678849074035,176.93336796295932,True
D,2025-05-15,6,95,16:00-16:10,424.72325,492.88495,68.1617,True
D,2025-05-15,6,96,16:10-16:20,479.93549722222235,529.3735777777778,49.438080555555416,True
D,2025-05-15,12,89,15:00-15:10,335.5665499999999,144.59045000000003,-190.97609999999986,True
D,2025-05-15,12,90,15:10-15:20,556.3690696604924,424.63050791152347,-131.73856174896895,True
D,2025-05-15,12,91,15:20-15:30,301.8077900000002,223.67467333333346,-78.13311666666672,True
D,2025-05-15,12,92,15:30-15:40,301.1053499999997,209.0392833333328,-92.0660666666669,True
D,2025-05-15,12,93,15:40-15:50,449.28418333333354,328.13269314814926,-121.15149018518429,True
D,2025-05-15,12,94,15:50-16:00,506.2678849074035,329.3345169444442,-176.93336796295932,True
D,2025-05-15,12,95,16:00-16:10,492.88495,424.72324999999995,-68.16170000000005,True
D,2025-05-15,12,96,16:10-16:20,529.3735777777778,479.9354972222223,-49.43808055555547,True
D,2025-05-15,18,107,18:00-18:10,600.3140666666669,585.1919000000003,-15.122166666666658,True
D,2025-05-15,18,109,18:20-18:30,730.0810294444442,704.1595036111113,-25.921525833332907,True
D,2025-05-15,18,110,18:30-18:40,711.9880666666668,697.8966483950628,-14.09141827160397,True
D,2025-05-15,18,111,18:40-18:50,756.1493598148165,745.8611647222223,-10.288195092594265,True
D,2025-05-15,18,112,18:50-19:00,725.0143433333332,686.4554491975307,-38.55889413580246,True
D,2025-05-16,18,107,18:00-18:10,407.6486500000001,334.81399999999996,-72.83465000000012,True
D,2025-05-16,18,109,18:20-18:30,535.5028297222223,496.9705966975297,-38.53223302469257,True
D,2025-05-16,18,110,18:30-18:40,511.35400000000004,488.557075,-22.796925000000044,True
D,2025-05-16,18,111,18:40-18:50,554.6872486111113,550.9200402777776,-3.767208333333656,True
D,2025-05-16,18,112,18:50-19:00,492.567966111111,306.8388141842024,-185.72915192690857,True
D,2025-05-16,18,124,20:50-21:00,725.6592308333334,718.0061666666666,-7.653064166666809,True
D,2025-05-17,18,110,18:30-18:40,73.42565177062376,22.673730937289974,-50.751920833333784,True
D,2025-05-17,18,124,20:50-21:00,618.4189099999999,535.824205,-82.59470499999986,True
D,2025-05-18,6,75,12:40-12:50,635.6062097222219,627.0705280555555,-8.535681666666392,True
D,2025-05-18,6,100,16:50-17:00,370.5864166666669,371.0858638888891,0.4994472222222157,True
D,2025-05-18,6,101,17:00-17:10,402.9551166666665,410.6372333333333,7.682116666666786,True
D,2025-05-18,6,102,17:10-17:20,460.02032277777766,469.75010611111094,9.729783333333273,True
D,2025-05-18,6,103,17:20-17:30,539.929038888889,551.7064888888891,11.777450000000158,True
D,2025-05-18,6,104,17:30-17:40,608.4006833333334,622.8679630555569,14.467279722223452,True
D,2025-05-18,6,105,17:40-17:50,678.9262897530846,686.716889444444,7.790599691359375,True
D,2025-05-18,6,106,17:50-18:00,580.8216777777777,590.292313888889,9.470636111111276,True
D,2025-05-18,6,107,18:00-18:10,451.92251666666664,485.75785277777806,33.83533611111142,True
D,2025-05-18,6,109,18:20-18:30,632.2339341666662,663.2901613888886,31.056227222222333,True
D,2025-05-18,6,110,18:30-18:40,597.8641,616.2770416666666,18.412941666666597,True
D,2025-05-18,6,111,18:40-18:50,675.0383769444444,676.703896388889,1.6655194444446124,True
D,2025-05-18,12,75,12:40-12:50,627.0705280555555,630.2149169444442,3.1443888888886704,True
D,2025-05-18,12,100,16:50-17:00,371.0858638888891,370.58641666666693,-0.49944722222215887,True
D,2025-05-18,12,101,17:00-17:10,410.6372333333333,402.9551166666666,-7.6821166666667295,True
D,2025-05-18,12,102,17:10-17:20,469.75010611111094,460.0203227777777,-9.729783333333216,True
D,2025-05-18,12,103,17:20-17:30,551.7064888888891,539.929038888889,-11.777450000000158,True
D,2025-05-18,12,104,17:30-17:40,622.8679630555569,608.4006833333335,-14.467279722223338,True
D,2025-05-18,12,105,17:40-17:50,686.716889444444,678.9262897530846,-7.790599691359375,True
D,2025-05-18,12,106,17:50-18:00,590.292313888889,580.8216777777778,-9.470636111111162,True
D,2025-05-18,12,107,18:00-18:10,485.75785277777806,451.92251666666664,-33.83533611111142,True
D,2025-05-18,12,109,18:20-18:30,663.2901613888886,632.2339341666662,-31.056227222222333,True
D,2025-05-18,12,110,18:30-18:40,616.2770416666666,597.8641000000001,-18.412941666666484,True
D,2025-05-18,12,111,18:40-18:50,676.703896388889,675.0383769444445,-1.6655194444444987,True
D,2025-05-18,18,107,18:00-18:10,451.92251666666664,526.2942,74.37168333333341,True
D,2025-05-18,18,108,18:10-18:20,496.4665981944457,560.4328866666666,63.966288472220924,True
D,2025-05-18,18,109,18:20-18:30,632.2339341666662,632.9668502777774,0.7329161111111944,True
D,2025-05-18,18,110,18:30-18:40,597.8641000000001,657.7410916666666,59.87699166666653,True
D,2025-05-18,18,111,18:40-18:50,675.0383769444445,711.74719,36.70881305555554,True
D,2025-05-18,18,112,18:50-19:00,658.9421513888886,683.5553383333333,24.613186944444692,True
D,2025-05-18,18,113,19:00-19:10,0.0,128.1284801163016,128.1284801163016,True
D,2025-05-18,18,115,19:20-19:30,0.0,612.9845124999999,612.9845124999999,True
D,2025-05-18,18,121,20:20-20:30,174.20234385395472,615.983956499998,441.7816126460433,True
D,2025-05-19,6,70,11:50-12:00,583.0273491666663,523.9412797222225,-59.086069444443865,True
D,2025-05-19,6,71,12:00-12:10,497.2429166666666,414.9801333333336,-82.262783333333,True
D,2025-05-19,6,72,12:10-12:20,519.1727052777776,476.4675261111114,-42.7051791666662,True
D,2025-05-19,6,92,15:30-15:40,3.6152416666661793,46.34956666666642,42.73432500000024,True
D,2025-05-19,6,93,15:40-15:50,103.93408148148254,190.6500827777777,86.71600129629516,True
D,2025-05-19,6,94,15:50-16:00,88.06710944444421,211.46513746913612,123.39802802469191,True
D,2025-05-19,6,95,16:00-16:10,204.20061666666663,267.7193333333332,63.51871666666659,True
D,2025-05-19,6,96,16:10-16:20,272.8219650000001,327.3286538888889,54.50668888888879,True
D,2025-05-19,6,97,16:20-16:30,326.8284749999998,372.323136111111,45.49466111111121,True
D,2025-05-19,6,98,16:30-16:40,397.92394999999976,434.4065833333333,36.482633333333524,True
D,2025-05-19,6,99,16:40-16:50,458.63324499999976,485.60957722222037,26.976332222220606,True
D,2025-05-19,12,71,12:00-12:10,414.9801333333336,0.0,-414.9801333333336,True
D,2025-05-19,12,72,12:10-12:20,476.4675261111114,0.0,-476.4675261111114,True
D,2025-05-19,12,73,12:20-12:30,501.71777472222203,0.0,-501.71777472222203,True
D,2025-05-19,12,74,12:30-12:40,433.03287500000005,0.0,-433.03287500000005,True
D,2025-05-19,12,75,12:40-12:50,471.300148611111,0.0,-471.300148611111,True
D,2025-05-19,12,92,15:30-15:40,46.34956666666642,57.12090000000023,10.771333333333814,True
D,2025-05-19,12,93,15:40-15:50,190.6500827777777,107.5989222222222,-83.0511605555555,True
D,2025-05-19,12,94,15:50-16:00,211.46513746913612,148.43920913888758,-63.02592833024855,True
D,2025-05-19,12,95,16:00-16:10,267.7193333333332,204.20061666666663,-63.51871666666659,True
D,2025-05-19,12,96,16:10-16:20,327.3286538888889,272.8219650000001,-54.50668888888879,True
D,2025-05-19,12,97,16:20-16:30,372.323136111111,326.82847499999986,-45.49466111111116,True
D,2025-05-19,12,98,16:30-16:40,434.4065833333333,397.9239499999998,-36.48263333333347,True
D,2025-05-19,12,99,16:40-16:50,485.60957722222037,458.6332449999998,-26.97633222222055,True
D,2025-05-20,6,89,15:00-15:10,0.0,103.55981435185217,103.55981435185217,True
D,2025-05-20,6,90,15:10-15:20,0.0,252.75170222222243,252.75170222222243,True
D,2025-05-20,6,91,15:20-15:30,1.8530549999999266,176.13402250000001,174.2809675000001,True
D,2025-05-20,6,92,15:30-15:40,23.01781666666625,163.2323749999997,140.21455833333346,True
D,2025-05-20,6,93,15:40-15:50,109.96001092592681,264.2487400000001,154.2887290740733,True
D,2025-05-20,6,94,15:50-16:00,106.24224416666652,352.01515916666665,245.77291500000013,True
D,2025-05-20,6,95,16:00-16:10,228.13086666666663,366.7734666666664,138.6425999999998,True
D,2025-05-20,6,96,16:10-16:20,281.92899250000005,374.5943991666667,92.66540666666663,True
D,2025-05-20,6,97,16:20-16:30,340.8128274999999,429.7061216666665,88.89329416666658,True
D,2025-05-20,6,98,16:30-16:40,427.6052833333332,472.8745583333333,45.26927500000011,True
D,2025-05-20,6,99,16:40-16:50,464.8440966666667,489.3928763611101,24.548779694443397,True
D,2025-05-20,12,73,12:20-12:30,546.1915483333332,150.04945519238748,-396.14209314094575,True
D,2025-05-20,12,89,15:00-15:10,103.55981435185217,44.02288333333331,-59.53693101851886,True
D,2025-05-20,12,90,15:10-15:20,252.75170222222243,110.1998050000002,-142.55189722222224,True
D,2025-05-20,12,91,15:20-15:30,176.13402250000001,1.8530549999999268,-174.2809675000001,True
D,2025-05-20,12,92,15:30-15:40,163.2323749999997,23.017816666666242,-140.21455833333346,True
D,2025-05-20,12,93,15:40-15:50,264.2487400000001,109.96001092592682,-154.28872907407327,True
D,2025-05-20,12,94,15:50-16:00,352.01515916666665,106.24224416666654,-245.77291500000013,True
D,2025-05-20,12,95,16:00-16:10,366.7734666666664,228.13086666666658,-138.64259999999985,True
D,2025-05-20,12,96,16:10-16:20,374.5943991666667,281.9289925,-92.66540666666668,True
D,2025-05-20,12,97,16:20-16:30,429.7061216666665,340.81282749999997,-88.89329416666652,True
D,2025-05-20,12,98,16:30-16:40,472.8745583333333,427.60528333333326,-45.26927500000005,True
D,2025-05-20,12,99,16:40-16:50,489.3928763611101,464.84409666666676,-24.54877969444334,True
D,2025-05-20,18,107,18:00-18:10,548.0627000000002,603.7954999999998,55.732799999999656,True
D,2025-05-21,6,72,12:10-12:20,0.0,44.43211986315873,44.43211986315873,True
D,2025-05-21,6,89,15:00-15:10,0.0,181.9081860277821,181.9081860277821,True
D,2025-05-21,6,90,15:10-15:20,0.0,239.1156069444446,239.1156069444446,True
D,2025-05-21,6,91,15:20-15:30,2.3645358333334343,220.54565888888897,218.18112305555553,True
D,2025-05-21,6,92,15:30-15:40,31.143316666666465,215.6842999999999,184.54098333333343,True
D,2025-05-21,6,93,15:40-15:50,167.1760000925938,366.2174236111115,199.0414235185177,True
D,2025-05-21,6,94,15:50-16:00,170.20571833333327,461.1575972222223,290.95187888888904,True
D,2025-05-21,6,95,16:00-16:10,258.2828666666667,442.5306999999998,184.24783333333312,True
D,2025-05-21,6,96,16:10-16:20,307.67033916666674,441.2019847222223,133.53164555555554,True
D,2025-05-21,6,97,16:20-16:30,358.971285833333,483.991824444444,125.02053861111096,True
D,2025-05-21,6,98,16:30-16:40,426.0439666666664,519.8795249999966,93.83555833333025,True
D,2025-05-21,6,99,16:40-16:50,471.59242916666665,534.8419069444445,63.249477777777884,True
D,2025-05-21,6,100,16:50-17:00,509.7650833333332,559.6065138888889,49.84143055555569,True
D,2025-05-21,6,101,17:00-17:10,569.0496499999998,605.4830333333333,36.433383333333495,True
D,2025-05-21,6,102,17:10-17:20,674.3906891666666,704.9804502777778,30.589761111111216,True
D,2025-05-21,6,103,17:20-17:30,759.7162175,784.4623563888889,24.746138888888936,True
D,2025-05-21,6,104,17:30-17:40,810.3335172500003,836.8820166666669,26.548499416666573,True
D,2025-05-21,6,105,17:40-17:50,891.7592838888888,896.3226419444443,4.5633580555554545,True
D,2025-05-21,6,106,17:50-18:00,757.8518308333303,769.8678780555558,12.016047222225552,True
D,2025-05-21,12,72,12:10-12:20,44.43211986315873,0.0,-44.43211986315873,True
D,2025-05-21,12,89,15:00-15:10,181.9081860277821,84.6263944444447,-97.28179158333741,True
D,2025-05-21,12,90,15:10-15:20,239.1156069444446,151.5250097222222,-87.59059722222241,True
D,2025-05-21,12,91,15:20-15:30,220.54565888888897,123.15750249999996,-97.388156388889,True
D,2025-05-21,12,92,15:30-15:40,215.6842999999999,175.033725,-40.65057499999989,True
D,2025-05-21,12,93,15:40-15:50,366.2174236111115,218.7969241666667,-147.42049944444477,True
D,2025-05-21,12,94,15:50-16:00,461.1575972222223,269.05625999999995,-192.10133722222236,True
D,2025-05-21,12,95,16:00-16:10,442.5306999999998,337.4856958638868,-105.045004136113,True
D,2025-05-21,12,96,16:10-16:20,441.2019847222223,307.6703391666667,-133.5316455555556,True
D,2025-05-21,12,97,16:20-16:30,483.991824444444,358.97128583333307,-125.02053861111091,True
D,2025-05-21,12,98,16:30-16:40,519.8795249999966,426.0439666666664,-93.83555833333025,True
D,2025-05-21,12,99,16:40-16:50,534.8419069444445,471.5924291666667,-63.24947777777783,True
D,2025-05-21,12,100,16:50-17:00,559.6065138888889,509.7650833333333,-49.84143055555563,True
D,2025-05-21,12,101,17:00-17:10,605.4830333333333,569.0496499999998,-36.433383333333495,True
D,2025-05-21,12,102,17:10-17:20,704.9804502777778,674.3906891666667,-30.589761111111102,True
D,2025-05-21,12,103,17:20-17:30,784.4623563888889,759.7162175,-24.746138888888936,True
D,2025-05-21,12,104,17:30-17:40,836.8820166666669,810.3335172500005,-26.54849941666646,True
D,2025-05-21,12,105,17:40-17:50,896.3226419444443,891.7592838888888,-4.5633580555554545,True
D,2025-05-21,12,106,17:50-18:00,769.8678780555558,757.8518308333305,-12.016047222225325,True
D,2025-05-21,18,107,18:00-18:10,522.3982166666668,540.9181467592556,18.519930092588766,True
D,2025-05-22,6,89,15:00-15:10,0.0,11.64035000000024,11.64035000000024,True
D,2025-05-22,6,90,15:10-15:20,0.0,36.67656111111137,36.67656111111137,True
D,2025-05-22,6,91,15:20-15:30,12.419634444444455,111.17721722222223,98.75758277777777,True
D,2025-05-22,6,92,15:30-15:40,72.21788333333302,156.91425092777854,84.69636759444552,True
D,2025-05-22,6,93,15:40-15:50,192.78187898148238,254.65881427777464,61.87693529629226,True
D,2025-05-22,6,94,15:50-16:00,193.09054194444434,250.17131138888908,57.08076944444474,True
D,2025-05-22,6,95,16:00-16:10,308.0542999999999,330.9336833333331,22.87938333333318,True
D,2025-05-22,6,96,16:10-16:20,371.19767611111126,437.41825777777774,66.22058166666648,True
D,2025-05-22,6,97,16:20-16:30,439.68330888888875,526.5357622222223,86.85245333333353,True
D,2025-05-22,6,98,16:30-16:40,522.1824916666667,583.8054558333341,61.62296416666743,True
D,2025-05-22,6,101,17:00-17:10,674.4954333333333,675.9557000000001,1.4602666666668256,True
D,2025-05-22,6,102,17:10-17:20,730.3937544444443,731.8852211111113,1.4914666666669518,True
D,2025-05-22,6,103,17:20-17:30,796.8432480555557,798.3659147222223,1.5226666666666233,True
D,2025-05-22,6,104,17:30-17:40,844.9504663888877,853.886733055556,8.936266666668303,True
D,2025-05-22,6,105,17:40-17:50,883.6155294444441,885.2005961111108,1.585066666666762,True
D,2025-05-22,12,89,15:00-15:10,11.64035000000024,0.0,-11.64035000000024,True
D,2025-05-22,12,90,15:10-15:20,36.67656111111137,0.0,-36.67656111111137,True
D,2025-05-22,12,91,15:20-15:30,111.17721722222223,12.419634444444457,-98.75758277777777,True
D,2025-05-22,12,92,15:30-15:40,156.91425092777854,72.217883333333,-84.69636759444553,True
D,2025-05-22,12,93,15:40-15:50,254.65881427777464,192.7818789814824,-61.87693529629223,True
D,2025-05-22,12,94,15:50-16:00,250.17131138888908,193.09054194444437,-57.08076944444471,True
D,2025-05-22,12,95,16:00-16:10,330.9336833333331,308.05429999999984,-22.879383333333237,True
D,2025-05-22,12,96,16:10-16:20,437.41825777777774,371.1976761111112,-66.22058166666653,True
D,2025-05-22,12,97,16:20-16:30,526.5357622222223,439.6833088888888,-86.85245333333347,True
D,2025-05-22,12,98,16:30-16:40,583.8054558333341,522.1824916666668,-61.622964166667316,True
D,2025-05-22,12,101,17:00-17:10,675.9557000000001,674.4954333333333,-1.4602666666668256,True
D,2025-05-22,12,102,17:10-17:20,731.8852211111113,730.3937544444444,-1.4914666666668381,True
D,2025-05-22,12,103,17:20-17:30,798.3659147222223,796.8432480555556,-1.522666666666737,True
D,2025-05-22,12,104,17:30-17:40,853.886733055556,844.9504663888878,-8.936266666668189,True
D,2025-05-22,12,105,17:40-17:50,885.2005961111108,883.6155294444441,-1.585066666666762,True
D,2025-05-23,6,95,16:00-16:10,3.908533333333253,37.532016666666436,33.62348333333318,True
D,2025-05-23,6,96,16:10-16:20,31.27798416666667,60.01343138888876,28.735447222222092,True
D,2025-05-23,6,97,16:20-16:30,58.190954166666415,94.72047111111101,36.529516944444595,True
D,2025-05-23,6,98,16:30-16:40,173.45153333333303,174.55094376851667,1.0994104351836427,True
D,2025-05-23,12,93,15:40-15:50,0.0,3.312427222222027,3.312427222222027,True
D,2025-05-23,12,94,15:50-16:00,0.0,57.11915277777757,57.11915277777757,True
D,2025-05-23,12,95,16:00-16:10,37.532016666666436,179.9604333333333,142.42841666666686,True
D,2025-05-23,12,96,16:10-16:20,60.01343138888876,193.45446750000008,133.44103611111132,True
D,2025-05-23,12,97,16:20-16:30,94.72047111111101,219.17412666666655,124.45365555555554,True
D,2025-05-23,12,98,16:30-16:40,174.55094376851667,286.0599749999999,111.50903123148322,True
D,2025-05-23,12,99,16:40-16:50,210.89257203703662,327.7659933333332,116.87342129629658,True
D,2025-05-23,12,100,16:50-17:00,231.74125500000005,327.0605454166638,95.31929041666373,True
D,2025-05-23,12,101,17:00-17:10,265.8166166666667,303.9589333333336,38.14231666666694,True
D,2025-05-23,12,106,17:50-18:00,423.6192977777775,453.693756111111,30.074458333333496,True
D,2025-05-24,18,107,18:00-18:10,132.63206666666673,127.27265000000011,-5.359416666666618,True
D,2025-05-24,18,109,18:20-18:30,416.14982916666656,382.1809847222222,-33.96884444444436,True
D,2025-05-24,18,110,18:30-18:40,372.25241065951116,98.11831815951399,-274.13409249999717,True
D,2025-05-24,18,111,18:40-18:50,457.79074305555565,456.00427083333324,-1.7864722222224145,True
D,2025-05-24,18,124,20:50-21:00,631.5573224999999,536.7687141666668,-94.78860833333317,True
D,2025-05-25,6,94,15:50-16:00,0.0,10.478232499999876,10.478232499999876,True
D,2025-05-25,6,95,16:00-16:10,56.95219999999995,115.70678333333319,58.754583333333244,True
D,2025-05-25,6,96,16:10-16:20,107.9945866666668,159.1212283333333,51.1266416666665,True
D,2025-05-25,6,97,16:20-16:30,159.49029499999972,202.98899499999982,43.4987000000001,True
D,2025-05-25,6,98,16:30-16:40,240.2081999999998,276.0789583333333,35.87075833333347,True
D,2025-05-25,6,99,16:40-16:50,290.2471866666667,318.49000333333356,28.24281666666684,True
D,2025-05-25,6,100,16:50-17:00,335.38655583333343,356.0014308333334,20.614874999999984,True
D,2025-05-25,6,102,17:10-17:20,416.8620208333332,442.390255092592,25.528234259258795,True
D,2025-05-25,6,103,17:20-17:30,495.75373916666655,504.9634225,9.20968333333343,True
D,2025-05-25,6,104,17:30-17:40,516.9015133024697,533.5595216358035,16.658008333333896,True
D,2025-05-25,6,105,17:40-17:50,638.4093741666665,643.8418074999997,5.432433333333279,True
D,2025-05-25,12,94,15:50-16:00,10.478232499999876,0.0,-10.478232499999876,True
D,2025-05-25,12,95,16:00-16:10,115.70678333333319,56.95219999999994,-58.75458333333325,True
D,2025-05-25,12,96,16:10-16:20,159.1212283333333,107.99458666666679,-51.126641666666515,True
D,2025-05-25,12,97,16:20-16:30,202.98899499999982,159.49029499999975,-43.49870000000007,True
D,2025-05-25,12,98,16:30-16:40,276.0789583333333,240.20819999999983,-35.87075833333344,True
D,2025-05-25,12,99,16:40-16:50,318.49000333333356,290.2471866666668,-28.242816666666783,True
D,2025-05-25,12,100,16:50-17:00,356.0014308333334,335.3865558333335,-20.614874999999927,True
D,2025-05-25,12,102,17:10-17:20,442.390255092592,416.86202083333325,-25.52823425925874,True
D,2025-05-25,12,103,17:20-17:30,504.9634225,495.7537391666665,-9.209683333333487,True
D,2025-05-25,12,104,17:30-17:40,533.5595216358035,516.9015133024697,-16.658008333333896,True
D,2025-05-25,12,105,17:40-17:50,643.8418074999997,638.4093741666665,-5.432433333333279,True
D,2025-05-25,18,107,18:00-18:10,396.5609166666668,455.03740000000005,58.47648333333325,True
D,2025-05-26,6,71,12:00-12:10,399.4258,499.2315166666667,99.80571666666674,True
D,2025-05-26,6,72,12:10-12:20,422.88125138888904,502.61389305555576,79.73264166666672,True
D,2025-05-26,6,74,12:30-12:40,59.03415808950763,70.86873197530974,11.834573885802115,True
D,2025-05-26,6,75,12:40-12:50,426.5289013888888,446.0423180555555,19.51341666666667,True
D,2025-05-26,12,71,12:00-12:10,499.2315166666667,475.51300000000003,-23.718516666666687,True
D,2025-05-26,12,72,12:10-12:20,502.61389305555576,511.2068238888892,8.592930833333412,True
D,2025-05-26,12,73,12:20-12:30,0.0,529.6255394444443,529.6255394444443,True
D,2025-05-26,12,74,12:30-12:40,70.86873197530974,538.2921583333335,467.4234263580238,True
D,2025-05-26,12,75,12:40-12:50,446.0423180555555,468.67122055555615,22.628902500000663,True
D,2025-05-26,18,112,18:50-19:00,720.1448766666666,710.8503749194443,-9.294501747222284,True
D,2025-05-27,6,71,12:00-12:10,0.0,129.3365891944261,129.3365891944261,True
D,2025-05-27,6,72,12:10-12:20,0.0,423.50983861111126,423.50983861111126,True
D,2025-05-27,6,75,12:40-12:50,419.83943,478.14320777777766,58.30377777777767,True
D,2025-05-27,6,89,15:00-15:10,0.0,69.35977824074052,69.35977824074052,True
D,2025-05-27,6,90,15:10-15:20,0.0,262.8809852777779,262.8809852777779,True
D,2025-05-27,6,91,15:20-15:30,0.0,199.39909777777814,199.39909777777814,True
D,2025-05-27,6,92,15:30-15:40,27.732329999999564,208.93643333333296,181.2041033333334,True
D,2025-05-27,6,93,15:40-15:50,162.40254972222203,352.8315380555557,190.42898833333368,True
D,2025-05-27,6,94,15:50-16:00,187.11667638888878,456.53056361111123,269.41388722222246,True
D,2025-05-27,6,95,16:00-16:10,305.11114999999984,457.5333666666663,152.4222166666665,True
D,2025-05-27,6,96,16:10-16:20,330.3662833333334,437.760753888889,107.39447055555559,True
D,2025-05-27,6,97,16:20-16:30,369.92695833333335,474.49876361111103,104.57180527777768,True
D,2025-05-27,6,98,16:30-16:40,442.1418833333332,521.2171500000003,79.07526666666706,True
D,2025-05-27,6,99,16:40-16:50,474.8260333333334,529.0036611111113,54.17762777777796,True
D,2025-05-27,6,100,16:50-17:00,508.41732916666683,554.875351388889,46.45802222222221,True
D,2025-05-27,6,101,17:00-17:10,561.6182833333331,600.3566999999999,38.73841666666681,True
D,2025-05-27,6,102,17:10-17:20,636.0767316666665,669.6760705555555,33.59933888888895,True
D,2025-05-27,6,103,17:20-17:30,713.0244991666666,741.4847602777778,28.46026111111121,True
D,2025-05-27,6,104,17:30-17:40,779.394183916667,810.3613500000001,30.967166083333154,True
D,2025-05-27,6,105,17:40-17:50,852.0500647222223,861.7366338888887,9.686569166666459,True
D,2025-05-27,6,106,17:50-18:00,715.6665108333287,756.3733636111067,40.706852777777954,True
D,2025-05-27,12,71,12:00-12:10,129.3365891944261,0.0,-129.3365891944261,True
D,2025-05-27,12,72,12:10-12:20,423.50983861111126,0.0,-423.50983861111126,True
D,2025-05-27,12,75,12:40-12:50,478.14320777777766,419.83943,-58.30377777777767,True
D,2025-05-27,12,89,15:00-15:10,69.35977824074052,0.0,-69.35977824074052,True
D,2025-05-27,12,90,15:10-15:20,262.8809852777779,0.0,-262.8809852777779,True
D,2025-05-27,12,91,15:20-15:30,199.39909777777814,0.0,-199.39909777777814,True
D,2025-05-27,12,92,15:30-15:40,208.93643333333296,27.73232999999956,-181.2041033333334,True
D,2025-05-27,12,93,15:40-15:50,352.8315380555557,162.40254972222206,-190.42898833333365,True
D,2025-05-27,12,94,15:50-16:00,456.53056361111123,187.1166763888888,-269.41388722222246,True
D,2025-05-27,12,95,16:00-16:10,457.5333666666663,305.1111499999998,-152.42221666666654,True
D,2025-05-27,12,96,16:10-16:20,437.760753888889,330.3662833333334,-107.39447055555559,True
D,2025-05-27,12,97,16:20-16:30,474.49876361111103,369.92695833333335,-104.57180527777768,True
D,2025-05-27,12,98,16:30-16:40,521.2171500000003,442.1418833333333,-79.075266666667,True
D,2025-05-27,12,99,16:40-16:50,529.0036611111113,474.82603333333344,-54.1776277777779,True
D,2025-05-27,12,100,16:50-17:00,554.875351388889,508.4173291666669,-46.458022222222155,True
D,2025-05-27,12,101,17:00-17:10,600.3566999999999,561.6182833333331,-38.73841666666681,True
D,2025-05-27,12,102,17:10-17:20,669.6760705555555,636.0767316666667,-33.59933888888884,True
D,2025-05-27,12,103,17:20-17:30,741.4847602777778,713.0244991666665,-28.460261111111322,True
D,2025-05-27,12,104,17:30-17:40,810.3613500000001,779.3941839166671,-30.96716608333304,True
D,2025-05-27,12,105,17:40-17:50,861.7366338888887,852.0500647222224,-9.686569166666345,True
D,2025-05-27,12,106,17:50-18:00,756.3733636111067,715.6665108333289,-40.70685277777784,True
D,2025-05-27,18,111,18:40-18:50,780.855953611112,778.5857805555556,-2.27017305555637,True
D,2025-05-27,18,112,18:50-19:00,758.9028444444442,746.5775508333337,-12.32529361111051,True
D,2025-05-28,6,71,12:00-12:10,715.8388999999997,698.6819166666666,-17.156983333333187,True
D,2025-05-28,6,72,12:10-12:20,690.4320025,688.5836983333332,-1.8483041666667077,True
D,2025-05-28,6,91,15:20-15:30,0.0,14.789067222222457,14.789067222222457,True
D,2025-05-28,6,92,15:30-15:40,0.0,50.587874999999826,50.587874999999826,True
D,2025-05-28,6,93,15:40-15:50,118.62064342592711,220.14916694444457,101.52852351851746,True
D,2025-05-28,6,94,15:50-16:00,133.95206888888868,319.7475505555557,185.795481666667,True
D,2025-05-28,6,95,16:00-16:10,223.72624999999994,310.3754666666665,86.64921666666658,True
D,2025-05-28,6,96,16:10-16:20,289.8836891666665,322.5574889197515,32.67379975308501,True
D,2025-05-28,6,97,16:20-16:30,335.00275166666626,377.9635155555553,42.96076388888906,True
D,2025-05-28,6,98,16:30-16:40,408.10548333333304,438.43122500000004,30.325741666667,True
D,2025-05-28,6,99,16:40-16:50,439.98741916666654,487.8799469444443,47.89252777777779,True
D,2025-05-28,6,100,16:50-17:00,491.98871083333347,547.0336080555558,55.04489722222229,True
D,2025-05-28,6,101,17:00-17:10,560.6289666666668,622.8262333333336,62.19726666666679,True
D,2025-05-28,6,102,17:10-17:20,649.2009272222222,700.5663133333334,51.365386111111206,True
D,2025-05-28,6,103,17:20-17:30,729.152328611111,769.6858341666667,40.533505555555735,True
D,2025-05-28,6,105,17:40-17:50,840.7976194444444,847.0721471944411,6.2745277499966505,True
D,2025-05-28,6,106,17:50-18:00,723.3677436111062,750.2706038888886,26.902860277782338,True
D,2025-05-28,6,107,18:00-18:10,537.8627004166658,550.6659337499968,12.803233333331036,True
D,2025-05-28,12,71,12:00-12:10,698.6819166666666,0.0,-698.6819166666666,True
D,2025-05-28,12,72,12:10-12:20,688.5836983333332,0.0,-688.5836983333332,True
D,2025-05-28,12,73,12:20-12:30,620.2836208333331,0.0,-620.2836208333331,True
D,2025-05-28,12,74,12:30-12:40,518.1295750000003,0.0,-518.1295750000003,True
D,2025-05-28,12,75,12:40-12:50,531.7945974999999,411.64413559362026,-120.15046190637963,True
D,2025-05-28,12,91,15:20-15:30,14.789067222222457,0.0,-14.789067222222457,True
D,2025-05-28,12,92,15:30-15:40,50.587874999999826,21.074699999999893,-29.513174999999933,True
D,2025-05-28,12,93,15:40-15:50,220.14916694444457,118.62064342592714,-101.52852351851743,True
D,2025-05-28,12,94,15:50-16:00,319.7475505555557,162.25820222222217,-157.4893483333335,True
D,2025-05-28,12,95,16:00-16:10,310.3754666666665,255.70994999999994,-54.665516666666576,True
D,2025-05-28,12,96,16:10-16:20,322.5574889197515,312.207748611111,-10.349740308640492,True
D,2025-05-28,12,97,16:20-16:30,377.9635155555553,359.2535496601861,-18.709965895369237,True
D,2025-05-28,12,98,16:30-16:40,438.43122500000004,408.1054833333331,-30.325741666666943,True
D,2025-05-28,12,99,16:40-16:50,487.8799469444443,439.9874191666666,-47.89252777777773,True
D,2025-05-28,12,100,16:50-17:00,547.0336080555558,491.9887108333335,-55.04489722222223,True
D,2025-05-28,12,101,17:00-17:10,622.8262333333336,560.6289666666669,-62.19726666666668,True
D,2025-05-28,12,102,17:10-17:20,700.5663133333334,649.2009272222222,-51.365386111111206,True
D,2025-05-28,12,103,17:20-17:30,769.6858341666667,729.152328611111,-40.533505555555735,True
D,2025-05-28,12,105,17:40-17:50,847.0721471944411,840.7976194444444,-6.2745277499966505,True
D,2025-05-28,12,106,17:50-18:00,750.2706038888886,723.3677436111064,-26.90286027778211,True
D,2025-05-28,12,107,18:00-18:10,550.6659337499968,537.8627004166658,-12.803233333331036,True
D,2025-05-29,6,89,15:00-15:10,0.0,6.986449999999991,6.986449999999991,True
D,2025-05-29,6,90,15:10-15:20,0.0,86.10122444444471,86.10122444444471,True
D,2025-05-29,6,91,15:20-15:30,5.177389722222415,121.99672472222267,116.81933500000025,True
D,2025-05-29,6,92,15:30-15:40,108.2592916666664,144.77122365363147,36.51193198696507,True
D,2025-05-29,12,73,12:20-12:30,504.40017194444425,0.0,-504.40017194444425,True
D,2025-05-29,12,74,12:30-12:40,423.2587083333337,47.16335407407533,-376.09535425925833,True
D,2025-05-29,12,89,15:00-15:10,6.986449999999991,0.0,-6.986449999999991,True
D,2025-05-29,12,90,15:10-15:20,86.10122444444471,0.0,-86.10122444444471,True
D,2025-05-29,12,91,15:20-15:30,121.99672472222267,5.177389722222416,-116.81933500000025,True
D,2025-05-29,12,92,15:30-15:40,144.77122365363147,108.25929166666639,-36.51193198696508,True
D,2025-05-30,6,95,16:00-16:10,149.00694999999962,171.87358333333327,22.866633333333652,True
D,2025-05-30,6,96,16:10-16:20,138.87042777777765,200.55670145061885,61.686273672841196,True
D,2025-05-30,12,95,16:00-16:10,171.87358333333327,149.0069499999996,-22.86663333333368,True
D,2025-05-30,12,96,16:10-16:20,200.55670145061885,138.87042777777765,-61.686273672841196,True
D,2025-05-31,6,94,15:50-16:00,53.25646638888884,13.352096944444384,-39.904369444444455,True
D,2025-05-31,6,95,16:00-16:10,100.83486280864017,32.59928333333323,-68.23557947530693,True
D,2025-05-31,6,96,16:10-16:20,84.00104944444456,71.40050194444473,-12.600547499999834,True
D,2025-05-31,6,99,16:40-16:50,316.59411777777797,304.67690250000095,-11.917215277777018,True
D,2025-05-31,6,100,16:50-17:00,275.03971388888897,250.2010080555554,-24.838705833333563,True
D,2025-05-31,12,94,15:50-16:00,13.352096944444384,0.0,-13.352096944444384,True
D,2025-05-31,12,95,16:00-16:10,32.59928333333323,8.364899999999807,-24.234383333333426,True
D,2025-05-31,12,96,16:10-16:20,71.40050194444473,44.41509638888908,-26.985405555555644,True
D,2025-05-31,12,97,16:20-16:30,134.54108388888883,119.16005111111122,-15.38103277777762,True
D,2025-05-31,12,98,16:30-16:40,223.6908166666664,209.07549166666672,-14.615324999999672,True
D,2025-05-31,12,99,16:40-16:50,304.67690250000095,233.63007472222216,-71.04682777777879,True
D,2025-05-31,12,100,16:50-17:00,250.2010080555554,212.21151361111112,-37.98949444444429,True
D,2025-05-31,18,107,18:00-18:10,220.95305,212.87190000000004,-8.081149999999951,True
D,2025-05-31,18,109,18:20-18:30,399.27854722222213,331.13888805555206,-68.13965916667007,True
D,2025-05-31,18,111,18:40-18:50,393.10108472222237,390.4073680555555,-2.6937166666668872,True
D,2025-05-31,18,124,20:50-21:00,599.3700499999999,546.7584258333333,-52.611624166666616,True
D,2025-06-01,6,70,11:50-12:00,876.6715427777777,863.7354180555556,-12.93612472222219,True
D,2025-06-01,6,71,12:00-12:10,839.2540666666664,764.8208833333333,-74.43318333333309,True
D,2025-06-01,6,72,12:10-12:20,853.4138819444443,790.533638888889,-62.8802430555553,True
D,2025-06-01,6,73,12:20-12:30,859.525354722222,853.8119852777781,-5.713369444443856,True
D,2025-06-01,6,75,12:40-12:50,889.0955744444443,838.7602038888889,-50.335370555555414,True
D,2025-06-01,6,91,15:20-15:30,211.77488138888918,135.5171036111111,-76.25777777777807,True
D,2025-06-01,6,92,15:30-15:40,268.7732083333332,157.26041666666674,-111.51279166666643,True
D,2025-06-01,6,93,15:40-15:50,336.5978041666664,246.19204888888885,-90.40575527777753,True
D,2025-06-01,6,94,15:50-16:00,417.02257583333324,353.85643611111107,-63.16613972222217,True
D,2025-06-01,6,95,16:00-16:10,456.0205999999998,423.2399833333332,-32.78061666666656,True
D,2025-06-01,6,96,16:10-16:20,482.1673833333333,445.13914972222256,-37.02823361111075,True
D,2025-06-01,12,71,12:00-12:10,764.8208833333333,747.2212500000002,-17.599633333333145,True
D,2025-06-01,12,72,12:10-12:20,790.533638888889,777.8531722222224,-12.680466666666575,True
D,2025-06-01,12,73,12:20-12:30,853.8119852777781,846.050685277778,-7.761300000000119,True
D,2025-06-01,12,75,12:40-12:50,838.7602038888889,840.8372372222224,2.0770333333334747,True
D,2025-06-01,12,90,15:10-15:20,884.3999288888889,852.6277316666663,-31.772197222222644,True
D,2025-06-01,12,91,15:20-15:30,135.5171036111111,211.7748813888892,76.2577777777781,True
D,2025-06-01,12,92,15:30-15:40,157.26041666666674,268.7732083333331,111.51279166666637,True
D,2025-06-01,12,93,15:40-15:50,246.19204888888885,336.59780416666644,90.40575527777759,True
D,2025-06-01,12,94,15:50-16:00,353.85643611111107,417.02257583333324,63.16613972222217,True
D,2025-06-01,12,95,16:00-16:10,423.2399833333332,456.0205999999997,32.7806166666665,True
D,2025-06-01,12,96,16:10-16:20,445.13914972222256,482.16738333333325,37.02823361111069,True
D,2025-06-01,12,99,16:40-16:50,559.3302988888892,532.9023280555555,-26.42797083333369,True
D,2025-06-01,12,100,16:50-17:00,541.9858911111113,526.5381797222219,-15.447711388889388,True
D,2025-06-01,18,107,18:00-18:10,492.8464,556.2213,63.374900000000025,True
D,2025-06-01,18,108,18:10-18:20,528.0259569444445,558.3888741666667,30.362917222222222,True
D,2025-06-01,18,110,18:30-18:40,695.1333853395068,708.100975,12.967589660493104,True
D,2025-06-01,18,112,18:50-19:00,560.5434177777777,691.0081152777777,130.46469750000006,True
D,2025-06-01,18,113,19:00-19:10,0.0,585.2528333333333,585.2528333333333,True
D,2025-06-01,18,115,19:20-19:30,0.0,583.8415716666665,583.8415716666665,True
D,2025-06-01,18,118,19:50-20:00,0.0,276.664221888893,276.664221888893,True
D,2025-06-01,18,121,20:20-20:30,0.0,601.4105175000001,601.4105175000001,True
D,2025-06-02,6,65,11:00-11:10,772.7004492912091,644.4794999999997,-128.22094929120942,True
D,2025-06-02,6,66,11:10-11:20,874.9462455555556,675.7377316666664,-199.20851388888923,True
D,2025-06-02,6,67,11:20-11:30,853.9063461111112,648.6915349999998,-205.21481111111143,True
D,2025-06-02,6,68,11:30-11:40,815.8623333333331,604.6412249999997,-211.2211083333334,True
D,2025-06-02,6,69,11:40-11:50,874.6503997222223,657.4229941666663,-217.22740555555606,True
D,2025-06-02,6,70,11:50-12:00,887.4355669444441,664.2018641666665,-223.23370277777758,True
D,2025-06-02,6,71,12:00-12:10,849.2051666666665,623.1812833333333,-226.02388333333317,True
D,2025-06-02,6,72,12:10-12:20,906.5889691666663,677.8149955555555,-228.77397361111082,True
D,2025-06-02,6,73,12:20-12:30,918.7896158333332,732.879485277778,-185.91013055555516,True
D,2025-06-02,6,74,12:30-12:40,896.2195916666669,732.1472416666667,-164.07235000000026,True
D,2025-06-02,6,75,12:40-12:50,987.0042749999996,727.8660822222223,-259.13819277777725,True
D,2025-06-02,6,76,12:50-13:00,404.32343749999995,210.18011281659068,-194.14332468340928,True
D,2025-06-02,6,77,13:00-13:10,233.28309999999976,0.0,-233.28309999999976,True
D,2025-06-02,6,79,13:20-13:30,288.29573450062117,0.0,-288.29573450062117,True
D,2025-06-02,6,92,15:30-15:40,1227.1349499999997,1015.5185794444427,-211.61637055555695,True
D,2025-06-02,6,93,15:40-15:50,1305.6315219444446,544.0510566666668,-761.5804652777778,True
D,2025-06-02,12,71,12:00-12:10,623.1812833333333,0.0,-623.1812833333333,True
D,2025-06-02,12,72,12:10-12:20,677.8149955555555,0.0,-677.8149955555555,True
D,2025-06-02,12,73,12:20-12:30,732.879485277778,0.0,-732.879485277778,True
D,2025-06-02,12,74,12:30-12:40,732.1472416666667,0.0,-732.1472416666667,True
D,2025-06-02,12,75,12:40-12:50,727.8660822222223,232.12983435980237,-495.73624786241993,True
D,2025-06-02,12,76,12:50-13:00,210.18011281659068,28.996281111111102,-181.18383170547958,True
D,2025-06-02,12,89,15:00-15:10,1196.1034666666665,1155.79245,-40.311016666666546,True
D,2025-06-02,12,90,15:10-15:20,1248.899809444445,1206.701226111111,-42.198583333334,True
D,2025-06-02,12,91,15:20-15:30,1250.0098097222224,1239.3393947222219,-10.670415000000503,True
D,2025-06-02,12,92,15:30-15:40,1015.5185794444427,1126.4665722222194,110.94799277777668,True
D,2025-06-02,12,93,15:40-15:50,544.0510566666668,482.0193011111112,-62.031755555555605,True
D,2025-06-02,12,94,15:50-16:00,577.0809161111108,557.5999513888888,-19.480964722221984,True
D,2025-06-03,6,44,7:30-7:40,1269.9189166666665,1241.2923666666666,-28.626549999999952,True
D,2025-06-03,6,45,7:40-7:50,1202.260222777778,1197.201785,-5.058437777777954,True
D,2025-06-03,6,94,15:50-16:00,444.5590819444444,449.82330333333346,5.264221388889041,True
D,2025-06-03,6,95,16:00-16:10,451.7522166666664,546.7249666666664,94.97275000000002,True
D,2025-06-03,6,96,16:10-16:20,513.064265,516.2380058333364,3.17374083333641,True
D,2025-06-03,6,98,16:30-16:40,543.1169999999997,608.3900583333333,65.27305833333355,True
D,2025-06-03,6,99,16:40-16:50,638.979383888889,660.9615811111111,21.982197222222112,True
D,2025-06-03,6,100,16:50-17:00,645.8293724999999,675.4509038888887,29.621531388888798,True
D,2025-06-03,6,101,17:00-17:10,652.8905136111127,670.7008666666668,17.81035305555406,True
D,2025-06-03,6,102,17:10-17:20,687.3566077777775,707.7875911111109,20.430983333333415,True
D,2025-06-03,6,103,17:20-17:30,741.6554977777776,769.358189722222,27.702691944444496,True
D,2025-06-03,6,105,17:40-17:50,845.5055647222217,877.0445480555552,31.538983333333476,True
D,2025-06-03,12,71,12:00-12:10,683.9560333333332,0.0,-683.9560333333332,True
D,2025-06-03,12,72,12:10-12:20,700.5336483333332,426.86534243826463,-273.66830589506856,True
D,2025-06-03,12,73,12:20-12:30,671.397005,0.0,-671.397005,True
D,2025-06-03,12,74,12:30-12:40,611.7600000000002,0.0,-611.7600000000002,True
D,2025-06-03,12,76,12:50-13:00,49.55662250000012,0.0,-49.55662250000012,True
D,2025-06-03,12,91,15:20-15:30,803.734066018515,740.401518703701,-63.332547314814065,True
D,2025-06-03,12,92,15:30-15:40,332.91460000000023,302.3286166666667,-30.58598333333356,True
D,2025-06-03,12,94,15:50-16:00,449.82330333333346,444.55908194444453,-5.264221388888927,True
D,2025-06-03,12,95,16:00-16:10,546.7249666666664,451.75221666666636,-94.97275000000008,True
D,2025-06-03,12,96,16:10-16:20,516.2380058333364,513.0642649999999,-3.173740833336524,True
D,2025-06-03,12,98,16:30-16:40,608.3900583333333,543.1169999999998,-65.27305833333344,True
D,2025-06-03,12,99,16:40-16:50,660.9615811111111,638.9793838888891,-21.982197222222,True
D,2025-06-03,12,100,16:50-17:00,675.4509038888887,645.8293725,-29.621531388888684,True
D,2025-06-03,12,101,17:00-17:10,670.7008666666668,652.8905136111129,-17.810353055553946,True
D,2025-06-03,12,102,17:10-17:20,707.7875911111109,687.3566077777776,-20.4309833333333,True
D,2025-06-03,12,103,17:20-17:30,769.358189722222,741.6554977777776,-27.702691944444496,True
D,2025-06-03,12,105,17:40-17:50,877.0445480555552,845.5055647222217,-31.538983333333476,True
D,2025-06-04,6,39,6:40-6:50,134.51787707618178,0.0,-134.51787707618178,True
D,2025-06-04,6,40,6:50-7:00,538.1928108333332,531.7925563888887,-6.400254444444499,True
D,2025-06-04,6,41,7:0-7:10,485.05349999999993,469.42363333333316,-15.629866666666771,True
D,2025-06-04,6,42,7:10-7:20,457.4155566666667,444.25234555555556,-13.163211111111139,True
D,2025-06-04,6,43,7:20-7:30,454.28380083333315,444.75267861111104,-9.531122222222109,True
D,2025-06-04,6,44,7:30-7:40,1261.7143250000001,1118.5559780167473,-143.15834698325284,True
D,2025-06-04,6,45,7:40-7:50,1174.1160383333333,1103.506193888889,-70.60984444444443,True
D,2025-06-04,6,46,7:50-8:00,442.02993916666674,0.0,-442.02993916666674,True
D,2025-06-04,6,64,10:50-11:00,158.91386638888855,36.34444138888898,-122.56942499999957,True
D,2025-06-04,6,66,11:10-11:20,1006.8924208333328,899.9529877777776,-106.93943305555524,True
D,2025-06-04,6,67,11:20-11:30,1030.7556633333334,921.108054722222,-109.64760861111131,True
D,2025-06-04,6,68,11:30-11:40,1095.3688833333333,904.6010333333335,-190.76784999999984,True
D,2025-06-04,6,69,11:40-11:50,1104.7887449999998,824.0576894444442,-280.7310555555556,True
D,2025-06-04,6,70,11:50-12:00,1064.00651,762.4009580555551,-301.60555194444487,True
D,2025-06-04,6,71,12:00-12:10,1002.9191333333332,756.3224166666665,-246.59671666666668,True
D,2025-06-04,6,72,12:10-12:20,1049.511027222222,776.6266255555557,-272.88440166666635,True
D,2025-06-04,6,73,12:20-12:30,1056.436051944444,748.0940877777776,-308.34196416666634,True
D,2025-06-04,6,74,12:30-12:40,1029.2824333333338,688.4339249999998,-340.84850833333394,True
D,2025-06-04,6,75,12:40-12:50,1105.5538722222218,673.5297972222221,-432.0240749999997,True
D,2025-06-04,6,76,12:50-13:00,517.8282352777778,271.7093189814865,-246.11891629629133,True
D,2025-06-04,6,77,13:00-13:10,353.26031666666654,0.0,-353.26031666666654,True
D,2025-06-04,6,89,15:00-15:10,1131.1803833333329,72.858833333333,-1058.32155,True
D,2025-06-04,6,90,15:10-15:20,1180.6792675000002,314.028621018517,-866.6506464814831,True
D,2025-06-04,6,91,15:20-15:30,1191.2628341666666,208.81332694444438,-982.4495072222222,True
D,2025-06-04,6,92,15:30-15:40,1198.808708333333,307.3671750000001,-891.4415333333329,True
D,2025-06-04,6,93,15:40-15:50,1322.7945941666667,370.76051138888863,-952.034082777778,True
D,2025-06-04,6,94,15:50-16:00,610.0674755555553,437.14533277777775,-172.9221427777776,True
D,2025-06-04,6,95,16:00-16:10,589.1489999999998,506.24443333333295,-82.90456666666682,True
D,2025-06-04,6,96,16:10-16:20,644.4834005555555,524.2521361111111,-120.23126444444438,True
D,2025-06-04,6,97,16:20-16:30,725.0039594444446,557.8076422222225,-167.1963172222221,True
D,2025-06-04,6,98,16:30-16:40,711.7706166111113,608.4120166666667,-103.35859994444468,True
D,2025-06-04,6,99,16:40-16:50,718.9429461111113,629.3462236111111,-89.59672250000017,True
D,2025-06-04,6,100,16:50-17:00,798.4684013888888,728.2982280555556,-70.1701733333332,True
D,2025-06-04,12,71,12:00-12:10,756.3224166666665,14.127466666666692,-742.1949499999998,True
D,2025-06-04,12,72,12:10-12:20,776.6266255555557,74.46815611111117,-702.1584694444446,True
D,2025-06-04,12,73,12:20-12:30,748.0940877777776,85.97209888888881,-662.1219888888888,True
D,2025-06-04,12,74,12:30-12:40,688.4339249999998,66.34841666666671,-622.0855083333331,True
D,2025-06-04,12,75,12:40-12:50,673.5297972222221,119.14022722222596,-554.3895699999962,True
D,2025-06-04,12,76,12:50-13:00,271.7093189814865,160.24758305555565,-111.46173592593084,True
D,2025-06-04,12,77,13:00-13:10,0.0,173.23200183333321,173.23200183333321,True
D,2025-06-04,12,89,15:00-15:10,72.858833333333,1113.594233333333,1040.7354,True
D,2025-06-04,12,90,15:10-15:20,314.028621018517,1150.203210833333,836.174589814816,True
D,2025-06-04,12,91,15:20-15:30,208.81332694444438,1191.2628341666668,982.4495072222225,True
D,2025-06-04,12,92,15:30-15:40,307.3671750000001,1198.8087083333328,891.4415333333327,True
D,2025-06-04,12,93,15:40-15:50,370.76051138888863,547.4125558333334,176.65204444444475,True
D,2025-06-04,12,94,15:50-16:00,437.14533277777775,606.1098716666667,168.9645388888889,True
D,2025-06-04,12,95,16:00-16:10,506.24443333333295,589.1489999999997,82.90456666666671,True
D,2025-06-04,12,96,16:10-16:20,524.2521361111111,644.4834005555555,120.23126444444438,True
D,2025-06-04,12,97,16:20-16:30,557.8076422222225,725.0039594444447,167.1963172222222,True
D,2025-06-04,12,98,16:30-16:40,608.4120166666667,711.7706166111114,103.35859994444479,True
D,2025-06-04,12,99,16:40-16:50,629.3462236111111,718.9429461111114,89.59672250000028,True
D,2025-06-04,12,100,16:50-17:00,728.2982280555556,798.4684013888889,70.17017333333331,True
D,2025-06-05,6,69,11:40-11:50,965.3534477777777,916.5395477777776,-48.8139000000001,True
D,2025-06-05,6,70,11:50-12:00,948.0598363888887,856.954595555555,-91.10524083333371,True
D,2025-06-05,6,71,12:00-12:10,881.9786333333332,824.4653833333334,-57.51324999999974,True
D,2025-06-05,6,72,12:10-12:20,865.7371805555556,822.3181233333333,-43.41905722222225,True
D,2025-06-05,6,73,12:20-12:30,824.8497527777776,786.3550108333333,-38.494741944444286,True
D,2025-06-05,6,74,12:30-12:40,757.7331000000004,727.1136916666667,-30.619408333333695,True
D,2025-06-05,6,75,12:40-12:50,791.7903605555555,710.3772633333333,-81.41309722222218,True
D,2025-06-05,6,91,15:20-15:30,1102.9379099999999,766.4520442592602,-336.48586574073965,True
D,2025-06-05,6,98,16:30-16:40,379.7360083333333,488.8762916666666,109.14028333333329,True
D,2025-06-05,6,99,16:40-16:50,431.77630305555556,446.9546527222251,15.178349666669533,True
D,2025-06-05,12,71,12:00-12:10,824.4653833333334,810.8815833333333,-13.58380000000011,True
D,2025-06-05,12,72,12:10-12:20,822.3181233333333,835.9436205555554,13.625497222222066,True
D,2025-06-05,12,73,12:20-12:30,786.3550108333333,0.0,-786.3550108333333,True
D,2025-06-05,12,74,12:30-12:40,727.1136916666667,691.0551147677219,-36.05857689894481,True
D,2025-06-05,12,75,12:40-12:50,710.3772633333333,791.7903605555555,81.41309722222218,True
D,2025-06-05,12,76,12:50-13:00,129.01229527777787,0.0,-129.01229527777787,True
D,2025-06-05,12,91,15:20-15:30,766.4520442592602,1102.93791,336.4858657407399,True
D,2025-06-05,12,95,16:00-16:10,383.7353999999997,463.38615000000016,79.65075000000047,True
D,2025-06-05,12,96,16:10-16:20,372.27219194444433,413.0824019166589,40.81020997221458,True
D,2025-06-05,12,97,16:20-16:30,411.2550688888852,441.76774222222207,30.512673333336863,True
D,2025-06-05,12,98,16:30-16:40,488.8762916666666,493.9417166666666,5.065425000000005,True
D,2025-06-05,12,99,16:40-16:50,446.9546527222251,516.0962472222241,69.14159449999897,True
D,2025-06-06,6,71,12:00-12:10,627.2742166666663,599.1615333333331,-28.11268333333328,True
D,2025-06-06,6,72,12:10-12:20,636.6969063888887,608.2018963888887,-28.49500999999998,True
D,2025-06-06,6,73,12:20-12:30,621.2899961111109,583.2427819444445,-38.047214166666436,True
D,2025-06-06,6,74,12:30-12:40,597.5248750000002,552.8764749999997,-44.64840000000049,True
D,2025-06-06,6,75,12:40-12:50,669.6445122222219,559.7259038888888,-109.91860833333317,True
D,2025-06-06,6,89,15:00-15:10,172.97614999999996,90.1248333333333,-82.85131666666666,True
D,2025-06-06,6,90,15:10-15:20,701.4440895576095,542.3571279629632,-159.08696159464625,True
D,2025-06-06,12,71,12:00-12:10,599.1615333333331,0.0,-599.1615333333331,True
D,2025-06-06,12,72,12:10-12:20,608.2018963888887,0.0,-608.2018963888887,True
D,2025-06-06,12,73,12:20-12:30,583.2427819444445,0.0,-583.2427819444445,True
D,2025-06-06,12,74,12:30-12:40,552.8764749999997,0.0,-552.8764749999997,True
D,2025-06-06,12,75,12:40-12:50,559.7259038888888,0.0,-559.7259038888888,True
D,2025-06-06,12,89,15:00-15:10,90.1248333333333,172.97614999999996,82.85131666666666,True
D,2025-06-06,12,90,15:10-15:20,542.3571279629632,701.4440895576096,159.08696159464637,True
D,2025-06-06,18,107,18:00-18:10,446.3208500000002,442.84201666666684,-3.478833333333341,True
D,2025-06-06,18,112,18:50-19:00,662.7354347222222,637.8745033333341,-24.860931388888048,True
D,2025-06-07,6,71,12:00-12:10,660.7112166666666,0.0,-660.7112166666666,True
D,2025-06-07,6,72,12:10-12:20,691.8711441666665,0.0,-691.8711441666665,True
D,2025-06-07,6,74,12:30-12:40,449.6370144399208,0.0,-449.6370144399208,True
D,2025-06-07,6,75,12:40-12:50,730.7674691666664,0.0,-730.7674691666664,True
D,2025-06-07,6,90,15:10-15:20,49.28770376543069,0.0,-49.28770376543069,True
D,2025-06-07,6,92,15:30-15:40,16.161016666666683,3.09360833333335,-13.067408333333333,True
D,2025-06-07,6,93,15:40-15:50,96.3862916666668,57.96785888888871,-38.418432777778094,True
D,2025-06-07,6,94,15:50-16:00,153.90573222222213,128.4777577777777,-25.42797444444443,True
D,2025-06-07,12,90,15:10-15:20,0.0,23.12379194444418,23.12379194444418,True
D,2025-06-07,12,92,15:30-15:40,3.09360833333335,16.16101666666668,13.06740833333333,True
D,2025-06-07,12,93,15:40-15:50,57.96785888888871,96.38629166666682,38.41843277777811,True
D,2025-06-07,12,94,15:50-16:00,128.4777577777777,153.90573222222216,25.42797444444446,True
D,2025-06-08,6,75,12:40-12:50,610.4920741666664,559.8364547222221,-50.655619444444255,True
D,2025-06-08,6,89,15:00-15:10,0.0,199.93281666666633,199.93281666666633,True
D,2025-06-08,6,90,15:10-15:20,0.0,190.36423472222214,190.36423472222214,True
D,2025-06-08,6,91,15:20-15:30,0.0,172.23102333333293,172.23102333333293,True
D,2025-06-08,6,92,15:30-15:40,20.8632333333328,194.54004374166433,173.67681040833153,True
D,2025-06-08,6,93,15:40-15:50,135.49991203703806,285.8567966666669,150.35688462962887,True
D,2025-06-08,6,94,15:50-16:00,132.37304555555545,363.780655,231.40760944444457,True
D,2025-06-08,6,95,16:00-16:10,258.72455,372.56838333333326,113.84383333333324,True
D,2025-06-08,6,96,16:10-16:20,300.47425861111117,375.0481452777776,74.57388666666645,True
D,2025-06-08,6,97,16:20-16:30,277.9763724999998,332.65877973055774,54.68240723055794,True
D,2025-06-08,12,71,12:00-12:10,692.1455000000002,656.4731833333333,-35.672316666666916,True
D,2025-06-08,12,75,12:40-12:50,559.8364547222221,610.4920741666664,50.655619444444255,True
D,2025-06-08,12,89,15:00-15:10,199.93281666666633,12.020250000000033,-187.9125666666663,True
D,2025-06-08,12,90,15:10-15:20,190.36423472222214,72.0130438580249,-118.35119086419724,True
D,2025-06-08,12,91,15:20-15:30,172.23102333333293,89.90327888888885,-82.32774444444408,True
D,2025-06-08,12,92,15:30-15:40,194.54004374166433,162.65399299382398,-31.886050747840358,True
D,2025-06-08,12,93,15:40-15:50,285.8567966666669,135.4999120370381,-150.35688462962884,True
D,2025-06-08,12,94,15:50-16:00,363.780655,132.37304555555548,-231.40760944444455,True
D,2025-06-08,12,95,16:00-16:10,372.56838333333326,258.72454999999997,-113.8438333333333,True
D,2025-06-08,12,96,16:10-16:20,375.0481452777776,300.4742586111111,-74.57388666666651,True
D,2025-06-08,12,97,16:20-16:30,332.65877973055774,277.97637249999985,-54.682407230557885,True
D,2025-06-08,18,107,18:00-18:10,497.2846166666667,556.4027499999997,59.11813333333305,True
D,2025-06-08,18,108,18:10-18:20,471.61738983333333,533.766776425922,62.149386592588655,True
D,2025-06-09,6,40,6:50-7:00,500.3305367984012,130.3128394444413,-370.01769735395993,True
D,2025-06-09,6,44,7:30-7:40,437.9708166666669,436.1018583333334,-1.8689583333335236,True
D,2025-06-09,6,45,7:40-7:50,1208.0848477777777,1166.1331755555555,-41.951672222222214,True
D,2025-06-09,6,64,10:50-11:00,165.77581222222204,139.698051111111,-26.077761111111045,True
D,2025-06-09,6,68,11:30-11:40,1060.4145416666665,991.6045,-68.8100416666665,True
D,2025-06-09,6,69,11:40-11:50,1035.5248855555556,882.9289911111108,-152.59589444444475,True
D,2025-06-09,6,70,11:50-12:00,970.6732294444444,803.3801913888883,-167.29303805555605,True
D,2025-06-09,6,71,12:00-12:10,902.2236999999998,796.1168499999999,-106.1068499999999,True
D,2025-06-09,6,72,12:10-12:20,910.4745516666668,822.2394055555555,-88.23514611111125,True
D,2025-06-09,6,73,12:20-12:30,878.7919916666663,799.2586719444444,-79.5333197222219,True
D,2025-06-09,6,74,12:30-12:40,811.8981583333335,744.0176833333331,-67.88047500000039,True
D,2025-06-09,6,75,12:40-12:50,839.0063825,724.1097297222223,-114.89665277777772,True
D,2025-06-09,12,71,12:00-12:10,796.1168499999999,79.43803333333335,-716.6788166666665,True
D,2025-06-09,12,72,12:10-12:20,822.2394055555555,110.7303111111114,-711.5090944444441,True
D,2025-06-09,12,73,12:20-12:30,799.2586719444444,92.91929972222215,-706.3393722222222,True
D,2025-06-09,12,74,12:30-12:40,744.0176833333331,42.84803333333309,-701.16965,True
D,2025-06-09,12,75,12:40-12:50,724.1097297222223,337.95318135007625,-386.156548372146,True
D,2025-06-09,12,76,12:50-13:00,148.22515666666652,58.952136388889016,-89.2730202777775,True
D,2025-06-09,18,107,18:00-18:10,696.4119000000001,671.7957833333335,-24.616116666666585,True
D,2025-06-09,18,109,18:20-18:30,823.3664283333331,775.3904077777779,-47.97602055555524,True
D,2025-06-09,18,110,18:30-18:40,838.0187416666668,817.3530916666666,-20.66565000000014,True
D,2025-06-09,18,111,18:40-18:50,873.1836700000001,833.3650388888868,-39.81863111111329,True
D,2025-06-09,18,112,18:50-19:00,812.9639266666668,714.6930866666665,-98.27084000000025,True
D,2025-06-10,6,69,11:40-11:50,936.3878708333333,884.8958930555553,-51.49197777777795,True
D,2025-06-10,6,70,11:50-12:00,912.042038333333,841.5998669444436,-70.44217138888939,True
D,2025-06-10,6,71,12:00-12:10,856.5770666666666,843.0680333333331,-13.509033333333491,True
D,2025-06-10,6,72,12:10-12:20,856.5433011111111,847.0697827777777,-9.473518333333345,True
D,2025-06-10,6,73,12:20-12:30,822.2857822222219,807.6779013888887,-14.607880833333184,True
D,2025-06-10,6,74,12:30-12:40,753.8899916666667,737.0987666666663,-16.791225000000395,True
D,2025-06-10,6,75,12:40-12:50,778.4498644444441,700.8062727777776,-77.64359166666645,True
D,2025-06-10,12,71,12:00-12:10,843.0680333333331,856.5770666666667,13.509033333333605,True
D,2025-06-10,12,72,12:10-12:20,847.0697827777777,856.5433011111112,9.473518333333459,True
D,2025-06-10,12,73,12:20-12:30,807.6779013888887,268.62349639814465,-539.054404990744,True
D,2025-06-10,12,74,12:30-12:40,737.0987666666663,753.8899916666666,16.79122500000028,True
D,2025-06-10,12,75,12:40-12:50,700.8062727777776,778.4498644444441,77.64359166666645,True
D,2025-06-11,6,90,15:10-15:20,1227.9204919444446,1213.0931841666666,-14.82730777777806,True
D,2025-06-11,6,91,15:20-15:30,1264.5352322222222,1219.4805308333332,-45.05470138888904,True
D,2025-06-11,6,92,15:30-15:40,1292.6036083333329,1278.9331249999998,-13.670483333333095,True
D,2025-06-11,6,93,15:40-15:50,1398.6350152777777,1295.3792516666667,-103.25576361111098,True
D,2025-06-11,12,90,15:10-15:20,1213.0931841666666,1227.9204919444448,14.827307777778287,True
D,2025-06-11,12,91,15:20-15:30,1219.4805308333332,1264.5352322222225,45.05470138888927,True
D,2025-06-11,12,92,15:30-15:40,1278.9331249999998,1292.6036083333327,13.670483333332868,True
D,2025-06-11,12,93,15:40-15:50,1295.3792516666667,1398.635015277778,103.2557636111112,True
D,2025-06-12,12,71,12:00-12:10,737.6416,22.018499999999904,-715.6231000000001,True
D,2025-06-12,12,72,12:10-12:20,736.9202122222221,290.1000696635829,-446.8201425586392,True
D,2025-06-12,12,73,12:20-12:30,801.1770861111112,61.09178055555549,-740.0853055555557,True
D,2025-06-12,12,74,12:30-12:40,819.0339333333335,107.59564999999998,-711.4382833333335,True
D,2025-06-12,12,76,12:50-13:00,219.56594472222207,161.1590772222222,-58.40686749999986,True
D,2025-06-13,12,71,12:00-12:10,430.6217833333334,0.0,-430.6217833333334,True
D,2025-06-13,12,72,12:10-12:20,434.9812555555555,0.0,-434.9812555555555,True
D,2025-06-13,12,73,12:20-12:30,471.5809877777776,0.0,-471.5809877777776,True
D,2025-06-13,12,74,12:30-12:40,465.9870333333334,0.0,-465.9870333333334,True
D,2025-06-13,12,75,12:40-12:50,534.9627913888891,0.0,-534.9627913888891,True
D,2025-06-15,6,72,12:10-12:20,443.84115555555536,503.7447020384135,59.90354648285813,True
D,2025-06-15,6,75,12:40-12:50,522.5608605555555,612.8146144444445,90.25375388888904,True
D,2025-06-15,12,71,12:00-12:10,427.38870000000003,542.1283833333334,114.7396833333334,True
D,2025-06-15,12,72,12:10-12:20,503.7447020384135,515.1905463888887,11.445844350475227,True
D,2025-06-15,12,73,12:20-12:30,127.15568291358171,558.1762586111112,431.02057569752947,True
D,2025-06-15,12,74,12:30-12:40,499.149875,590.0910916666667,90.94121666666666,True
D,2025-06-15,12,75,12:40-12:50,612.8146144444445,564.699108888889,-48.1155055555555,True
D,2025-06-15,12,76,12:50-13:00,0.0,566.2741127777776,566.2741127777776,True
D,2025-06-15,12,89,15:00-15:10,319.15323333333356,957.4226833333332,638.2694499999997,True
D,2025-06-15,12,90,15:10-15:20,691.09449787037,985.9132188888887,294.81872101851866,True
D,2025-06-15,12,91,15:20-15:30,307.64423277777775,977.2737919444442,669.6295591666665,True
D,2025-06-15,12,92,15:30-15:40,318.0211217777773,993.9334383172818,675.9123165395044,True
D,2025-06-15,18,107,18:00-18:10,560.1203333333333,617.9296333333334,57.80930000000012,True
D,2025-06-15,18,108,18:10-18:20,570.3949363888887,601.9680097222223,31.573073333333582,True
D,2025-06-15,18,109,18:20-18:30,650.2257852777777,656.3457627777776,6.119977499999891,True
D,2025-06-15,18,110,18:30-18:40,682.6021998055562,748.3720583333333,65.76985852777705,True
D,2025-06-15,18,111,18:40-18:50,727.5918416666666,813.1327080555557,85.54086638888907,True
D,2025-06-15,18,112,18:50-19:00,723.3375063888889,748.5931152777779,25.255608888889014,True
D,2025-06-15,18,113,19:00-19:10,83.87078333333342,698.1721166666666,614.3013333333332,True
D,2025-06-15,18,115,19:20-19:30,118.41477861111105,640.5783649999998,522.1635863888888,True
D,2025-06-15,18,118,19:50-20:00,54.15915527777791,101.75874982000346,47.599594542225546,True
D,2025-06-15,18,121,20:20-20:30,542.4930378477832,760.6985575,218.20551965221682,True
D,2025-06-17,6,94,15:50-16:00,586.6115463888891,589.682192611107,3.0706462222178743,True
D,2025-06-17,6,95,16:00-16:10,566.6864000000003,576.7870800000011,10.100680000000807,True
D,2025-06-17,6,97,16:20-16:30,599.6983158333333,637.0010502777782,37.30273444444492,True
D,2025-06-17,12,76,12:50-13:00,320.4958123227594,287.2786608333337,-33.2171514894257,True
D,2025-06-17,12,94,15:50-16:00,589.682192611107,586.6115463888892,-3.0706462222177606,True
D,2025-06-17,12,95,16:00-16:10,576.7870800000011,566.6864000000002,-10.10068000000092,True
D,2025-06-17,12,97,16:20-16:30,637.0010502777782,599.6983158333334,-37.30273444444481,True
D,2025-06-18,12,73,12:20-12:30,965.119351111111,156.4815813888888,-808.6377697222222,True
D,2025-06-18,12,74,12:30-12:40,949.7455500000001,294.5820743906693,-655.1634756093308,True
D,2025-06-18,12,75,12:40-12:50,1028.1332472222218,999.7599444444443,-28.373302777777553,True
D,2025-06-18,12,76,12:50-13:00,252.1093192363496,212.4673972222222,-39.6419220141274,True
D,2025-06-19,6,40,6:50-7:00,512.842015,218.75956038173354,-294.0824546182664,True
D,2025-06-19,6,41,7:0-7:10,422.2395999999999,419.2567499999998,-2.9828500000000986,True
D,2025-06-19,6,42,7:10-7:20,394.2758866666667,388.82060055555553,-5.45528611111115,True
D,2025-06-19,6,43,7:20-7:30,414.04636333333326,407.28407444444446,-6.762288888888804,True
D,2025-06-19,6,44,7:30-7:40,1250.029525,383.77924999999993,-866.250275,True
D,2025-06-19,6,45,7:40-7:50,1178.65841,1100.9392155555556,-77.71919444444438,True
D,2025-06-19,6,46,7:50-8:00,13.899820131734373,0.0,-13.899820131734373,True
D,2025-06-19,6,65,11:00-11:10,880.001283333333,796.5013499999998,-83.49993333333327,True
D,2025-06-19,6,66,11:10-11:20,850.4873755555552,839.3542563888888,-11.13311916666646,True
D,2025-06-19,6,68,11:30-11:40,901.4599999999998,879.7039916666666,-21.75600833333317,True
D,2025-06-19,6,69,11:40-11:50,927.3709038888891,852.2544538888889,-75.11645000000021,True
D,2025-06-19,6,70,11:50-12:00,891.0492719444444,831.6610894444441,-59.38818250000031,True
D,2025-06-19,6,74,12:30-12:40,693.9967166666669,691.6320666666664,-2.364650000000438,True
D,2025-06-19,6,75,12:40-12:50,729.9366297222219,656.2843213888888,-73.65230833333317,True
D,2025-06-19,6,89,15:00-15:10,51.71879888889052,267.5279333333334,215.8091344444429,True
D,2025-06-19,6,90,15:10-15:20,242.77849638888858,509.4457497839531,266.6672533950645,True
D,2025-06-19,6,91,15:20-15:30,202.0137047222222,278.925941388889,76.91223666666679,True
D,2025-06-19,6,92,15:30-15:40,276.97535833333313,320.20514166666635,43.229783333333216,True
D,2025-06-19,6,93,15:40-15:50,447.29266611111143,494.3807286111113,47.088062499999864,True
D,2025-06-19,6,94,15:50-16:00,520.152135555556,601.4993105555553,81.34717499999931,True
D,2025-06-19,6,95,16:00-16:10,530.7740666666667,660.4122666666667,129.63819999999998,True
D,2025-06-19,6,96,16:10-16:20,637.1457611111109,642.876476388889,5.730715277778131,True
D,2025-06-19,6,97,16:20-16:30,575.3944055555555,652.2502444444441,76.85583888888857,True
D,2025-06-19,6,98,16:30-16:40,589.184079012345,656.3494166666668,67.16533765432177,True
D,2025-06-19,6,99,16:40-16:50,566.150934166667,584.4424013107505,18.291467144083526,True
D,2025-06-19,12,71,12:00-12:10,817.4080499999999,141.03616666666676,-676.3718833333331,True
D,2025-06-19,12,72,12:10-12:20,807.5335613888889,264.9213585264663,-542.6122028624226,True
D,2025-06-19,12,73,12:20-12:30,764.3759411111109,90.13513805555556,-674.2408030555554,True
D,2025-06-19,12,74,12:30-12:40,691.6320666666664,19.187533333333363,-672.4445333333331,True
D,2025-06-19,12,75,12:40-12:50,656.2843213888888,729.936629722222,73.65230833333328,True
D,2025-06-19,12,89,15:00-15:10,267.5279333333334,334.5783333333334,67.05039999999997,True
D,2025-06-19,12,90,15:10-15:20,509.4457497839531,1097.242223055553,587.7964732716,True
D,2025-06-19,12,91,15:20-15:30,278.925941388889,340.082241388889,61.15629999999999,True
D,2025-06-19,12,92,15:30-15:40,320.20514166666635,364.79754999999966,44.59240833333331,True
D,2025-06-19,12,93,15:40-15:50,494.3807286111113,484.539388703705,-9.84133990740628,True
D,2025-06-19,12,94,15:50-16:00,601.4993105555553,551.5863013888892,-49.91300916666614,True
D,2025-06-19,12,95,16:00-16:10,660.4122666666667,557.9235638261852,-102.48870284048155,True
D,2025-06-19,12,96,16:10-16:20,642.876476388889,637.1457611111108,-5.730715277778245,True
D,2025-06-19,12,97,16:20-16:30,652.2502444444441,575.3944055555555,-76.85583888888857,True
D,2025-06-19,12,98,16:30-16:40,656.3494166666668,589.1840790123451,-67.16533765432166,True
D,2025-06-19,12,99,16:40-16:50,584.4424013107505,566.1509341666671,-18.291467144083413,True
D,2025-06-20,6,75,12:40-12:50,636.6889227777781,635.2763697222221,-1.4125530555560317,True
D,2025-06-20,12,72,12:10-12:20,242.1571739197423,0.0,-242.1571739197423,True
D,2025-06-20,12,75,12:40-12:50,635.2763697222221,0.0,-635.2763697222221,True
D,2025-06-21,6,97,16:20-16:30,290.08594333333326,255.14289845370376,-34.9430448796295,True
D,2025-06-21,6,98,16:30-16:40,327.429608333333,281.9265174722226,-45.50309086111042,True
D,2025-06-21,6,99,16:40-16:50,365.18607691666654,349.8177136111111,-15.36836330555542,True
D,2025-06-21,12,97,16:20-16:30,255.14289845370376,290.0859433333333,34.943044879629554,True
D,2025-06-21,12,98,16:30-16:40,281.9265174722226,327.4296083333331,45.50309086111048,True
D,2025-06-21,12,99,16:40-16:50,349.8177136111111,365.1860769166666,15.368363305555476,True
D,2025-06-21,18,109,18:20-18:30,511.9583294444443,494.0234394444443,-17.934889999999996,True
D,2025-06-21,18,110,18:30-18:40,492.4954583333335,491.4074666666668,-1.08799166666671,True
D,2025-06-21,18,111,18:40-18:50,573.3100963888887,516.4891136111106,-56.82098277777811,True
D,2025-06-21,18,112,18:50-19:00,555.1694863888888,480.7268758333332,-74.44261055555558,True
D,2025-06-22,6,72,12:10-12:20,0.0,56.64736975308227,56.64736975308227,True
D,2025-06-22,6,75,12:40-12:50,665.9906291666665,733.0963258333333,67.10569666666674,True
D,2025-06-22,6,89,15:00-15:10,84.91531666666685,449.8737801851837,364.95846351851685,True
D,2025-06-22,6,90,15:10-15:20,340.5552448868377,1129.1683836111115,788.6131387242738,True
D,2025-06-22,6,91,15:20-15:30,237.91487305555563,337.7414230555554,99.82654999999977,True
D,2025-06-22,6,92,15:30-15:40,257.53036666666674,341.36294166666676,83.83257500000002,True
D,2025-06-22,6,93,15:40-15:50,283.3361325000003,371.3318047222223,87.99567222222197,True
D,2025-06-22,6,94,15:50-16:00,326.38439599999924,342.29619981481517,15.911803814815926,True
D,2025-06-22,6,113,19:00-19:10,70.36141666666674,70.46796666666671,0.10654999999997017,True
D,2025-06-22,6,117,19:40-19:50,48.540367500000116,48.57588416666681,0.03551666666669462,True
D,2025-06-22,6,118,19:50-20:00,43.76004916666659,43.77780749999988,0.017758333333290466,True
D,2025-06-22,12,71,12:00-12:10,0.0,598.3632812654349,598.3632812654349,True
D,2025-06-22,12,72,12:10-12:20,56.64736975308227,641.8369011111112,585.189531358029,True
D,2025-06-22,12,73,12:20-12:30,0.0,626.250359722222,626.250359722222,True
D,2025-06-22,12,74,12:30-12:40,0.0,701.748375,701.748375,True
D,2025-06-22,12,75,12:40-12:50,733.0963258333333,701.5025758333331,-31.593750000000114,True
D,2025-06-22,12,76,12:50-13:00,0.0,674.944170833333,674.944170833333,True
D,2025-06-22,12,89,15:00-15:10,449.8737801851837,1023.5460333333332,573.6722531481495,True
D,2025-06-22,12,90,15:10-15:20,1129.1683836111115,1046.9085583333333,-82.25982527777819,True
D,2025-06-22,12,91,15:20-15:30,337.7414230555554,1080.8282808333329,743.0868577777775,True
D,2025-06-22,12,92,15:30-15:40,341.36294166666676,1120.6063666666664,779.2434249999997,True
D,2025-06-22,12,93,15:40-15:50,371.3318047222223,848.7682069238674,477.43640220164514,True
D,2025-06-22,12,94,15:50-16:00,342.29619981481517,386.24077750000004,43.94457768518487,True
D,2025-06-22,12,95,16:00-16:10,275.63955,362.3839333333333,86.7443833333333,True
D,2025-06-22,12,113,19:00-19:10,70.46796666666671,70.36141666666676,-0.10654999999995596,True
D,2025-06-22,12,117,19:40-19:50,48.57588416666681,48.54036750000012,-0.03551666666668751,True
D,2025-06-22,12,118,19:50-20:00,43.77780749999988,43.76004916666659,-0.017758333333290466,True
D,2025-06-22,18,107,18:00-18:10,510.89928333333313,581.3154166666668,70.41613333333368,True
D,2025-06-22,18,108,18:10-18:20,413.35859502777737,505.3693797777779,92.01078475000054,True
D,2025-06-22,18,109,18:20-18:30,604.4283047222223,611.5731825000001,7.144877777777879,True
D,2025-06-23,6,75,12:40-12:50,613.2384105555553,711.2622587574862,98.02384820193083,True
D,2025-06-23,12,75,12:40-12:50,711.2622587574862,613.2384105555553,-98.02384820193083,True
D,2025-06-23,18,107,18:00-18:10,692.1909499999999,648.39965,-43.79129999999998,True
D,2025-06-23,18,112,18:50-19:00,816.3770816666669,710.6378733333349,-105.73920833333193,True
D,2025-06-24,6,41,7:0-7:10,105.69484988173292,236.23727685395724,130.54242697222432,True
D,2025-06-24,6,42,7:10-7:20,330.68623277777783,369.143482222222,38.45724944444419,True
D,2025-06-24,6,43,7:20-7:30,302.52187055555555,323.03271111111104,20.51084055555549,True
D,2025-06-24,6,45,7:40-7:50,1012.5985622222222,1040.3973575,27.7987952777778,True
D,2025-06-24,6,64,10:50-11:00,56.85663583333326,86.58052805555542,29.72389222222216,True
D,2025-06-24,6,74,12:30-12:40,904.0132999999997,813.4649,-90.54839999999979,True
D,2025-06-24,6,75,12:40-12:50,953.4134466666663,764.5965655555553,-188.816881111111,True
D,2025-06-24,6,77,13:00-13:10,175.5405333333331,0.0,-175.5405333333331,True
D,2025-06-24,6,92,15:30-15:40,1397.8349249999999,772.0407873227625,-625.7941376772374,True
D,2025-06-24,6,93,15:40-15:50,1301.4041661111162,661.6705588888886,-639.7336072222275,True
D,2025-06-24,6,94,15:50-16:00,813.4991336111112,707.9071869444443,-105.5919466666669,True
D,2025-06-24,12,74,12:30-12:40,813.4649,904.0132999999996,90.54839999999967,True
D,2025-06-24,12,75,12:40-12:50,764.5965655555553,926.1377877777777,161.54122222222236,True
D,2025-06-24,12,77,13:00-13:10,0.0,175.54053333333312,175.54053333333312,True
D,2025-06-24,12,92,15:30-15:40,772.0407873227625,1397.8349249999997,625.7941376772371,True
D,2025-06-24,12,93,15:40-15:50,661.6705588888886,1301.4041661111164,639.7336072222278,True
D,2025-06-24,12,94,15:50-16:00,707.9071869444443,813.4991336111113,105.59194666666701,True
D,2025-06-24,18,107,18:00-18:10,683.7089333333332,625.6965499999998,-58.012383333333446,True
D,2025-06-24,18,109,18:20-18:30,796.3428680555555,757.795063888884,-38.54780416667154,True
D,2025-06-24,18,112,18:50-19:00,816.3624399999999,686.2708858333334,-130.09155416666647,True
D,2025-06-25,6,71,12:00-12:10,701.9090333333331,729.9140124382727,28.004979104939594,True
D,2025-06-25,6,72,12:10-12:20,663.4289077777777,798.4665744444443,135.0376666666666,True
D,2025-06-25,6,89,15:00-15:10,173.21675000000005,298.7033999999999,125.48664999999983,True
D,2025-06-25,6,90,15:10-15:20,909.3650597839496,1152.0370583333329,242.67199854938326,True
D,2025-06-25,6,91,15:20-15:30,362.9217283333335,390.8970067777756,27.975278444442097,True
D,2025-06-25,12,71,12:00-12:10,729.9140124382727,701.9090333333331,-28.004979104939594,True
D,2025-06-25,12,72,12:10-12:20,798.4665744444443,663.4289077777778,-135.0376666666665,True
D,2025-06-25,12,89,15:00-15:10,298.7033999999999,823.7157522222233,525.0123522222234,True
D,2025-06-25,12,90,15:10-15:20,1152.0370583333329,1164.4779805555554,12.440922222222525,True
D,2025-06-25,12,91,15:20-15:30,390.8970067777756,463.5075619444442,72.61055516666863,True
D,2025-06-25,12,92,15:30-15:40,378.7443333333333,439.0308874166663,60.28655408333299,True
D,2025-06-25,12,95,16:00-16:10,471.2720833333331,524.7184333333333,53.44635000000022,True
D,2025-06-25,12,96,16:10-16:20,494.4453497222224,581.8614120895036,87.4160623672812,True
D,2025-06-25,12,97,16:20-16:30,526.811684138887,591.6789288888889,64.86724475000187,True
D,2025-06-25,12,98,16:30-16:40,569.4132833333337,646.6228583333336,77.20957499999997,True
D,2025-06-25,12,99,16:40-16:50,597.5999494444446,626.4630652499952,28.863115805550592,True
D,2025-06-25,18,107,18:00-18:10,637.2465500000002,629.24845,-7.998100000000136,True
D,2025-06-25,18,109,18:20-18:30,728.5272275,715.4782894444446,-13.048938055555368,True
D,2025-06-25,18,111,18:40-18:50,761.1310508333336,761.0978233055471,-0.03322752778649374,True
D,2025-06-25,18,112,18:50-19:00,803.0986083333332,681.3353097222224,-121.76329861111083,True
D,2025-06-25,18,114,19:10-19:20,127.08480333333338,127.06427000000213,-0.020533333331258063,True
D,2025-06-26,18,107,18:00-18:10,611.5932999999999,599.6720499999999,-11.921249999999986,True
D,2025-06-26,18,108,18:10-18:20,616.8742539722216,531.5250728611118,-85.34918111110983,True
D,2025-06-26,18,109,18:20-18:30,765.8899344444444,747.2954844444445,-18.594449999999938,True
D,2025-06-26,18,110,18:30-18:40,774.5038666666669,760.5324166666668,-13.971450000000118,True
D,2025-06-26,18,111,18:40-18:50,795.3135663888892,773.004048888889,-22.309517500000197,True
D,2025-06-26,18,112,18:50-19:00,814.7080786111109,683.942968888889,-130.76510972222184,True
D,2025-06-27,6,89,15:00-15:10,159.0878833333336,80.2220000000001,-78.8658833333335,True
D,2025-06-27,6,90,15:10-15:20,518.928057037036,408.00538768518254,-110.92266935185341,True
D,2025-06-27,6,91,15:20-15:30,328.4728958333334,81.3830838888889,-247.08981194444448,True
D,2025-06-27,6,92,15:30-15:40,367.0738416666668,199.7643999999999,-167.30944166666688,True
D,2025-06-27,6,93,15:40-15:50,499.9959791666662,273.1794394444439,-226.81653972222227,True
D,2025-06-27,6,94,15:50-16:00,563.3182683333334,283.61350972222215,-279.7047586111113,True
D,2025-06-27,6,95,16:00-16:10,513.765883333333,287.65188333333316,-226.11399999999986,True
D,2025-06-27,6,96,16:10-16:20,478.03447638888883,347.4964477777777,-130.53802861111114,True
D,2025-06-27,6,97,16:20-16:30,510.4442002777779,391.1742605555552,-119.26993972222272,True
D,2025-06-27,6,98,16:30-16:40,588.2147666666667,406.81869999999986,-181.39606666666685,True
D,2025-06-27,6,99,16:40-16:50,638.3198766666667,458.17687111111127,-180.14300555555542,True
D,2025-06-27,6,100,16:50-17:00,657.4278569444444,534.9569430555555,-122.47091388888896,True
D,2025-06-27,12,89,15:00-15:10,80.2220000000001,98.24811666666687,18.02611666666678,True
D,2025-06-27,12,90,15:10-15:20,408.00538768518254,235.07110493827182,-172.93428274691072,True
D,2025-06-27,12,91,15:20-15:30,81.3830838888889,82.89547277777785,1.5123888888889496,True
D,2025-06-27,12,92,15:30-15:40,199.7643999999999,193.01992499999994,-6.744474999999966,True
D,2025-06-27,12,93,15:40-15:50,273.1794394444439,258.1781005555554,-15.00133888888854,True
D,2025-06-27,12,94,15:50-16:00,283.61350972222215,260.35530694444424,-23.25820277777791,True
D,2025-06-27,12,95,16:00-16:10,287.65188333333316,256.13681666666645,-31.515066666666712,True
D,2025-06-27,12,96,16:10-16:20,347.4964477777777,321.5224866666665,-25.97396111111118,True
D,2025-06-27,12,97,16:20-16:30,391.1742605555552,370.74140499999953,-20.432855555555648,True
D,2025-06-27,12,98,16:30-16:40,406.81869999999986,391.92694999999975,-14.891750000000116,True
D,2025-06-27,12,99,16:40-16:50,458.17687111111127,448.8262266666669,-9.350644444444356,True
D,2025-06-27,12,100,16:50-17:00,534.9569430555555,531.1474041666667,-3.8095388888888237,True
D,2025-06-27,18,108,18:10-18:20,474.60589591666593,327.0664223055543,-147.53947361111165,True
D,2025-06-27,18,111,18:40-18:50,610.3438975000003,605.7230133333335,-4.6208841666667695,True
D,2025-06-27,18,112,18:50-19:00,641.8109300000001,519.982645277778,-121.82828472222207,True
D,2025-06-28,6,98,16:30-16:40,351.75798333333313,347.7542086111094,-4.0037747222237385,True
D,2025-06-28,6,99,16:40-16:50,378.6673152777777,323.84807694444464,-54.81923833333303,True
D,2025-06-28,12,94,15:50-16:00,318.01989027777785,267.95569518518766,-50.06419509259018,True
D,2025-06-28,12,95,16:00-16:10,243.57381666666646,190.21193333333326,-53.361883333333196,True
D,2025-06-28,12,98,16:30-16:40,347.7542086111094,351.7579833333332,4.003774722223795,True
D,2025-06-28,12,99,16:40-16:50,323.84807694444464,378.6673152777777,54.81923833333303,True
D,2025-06-28,18,107,18:00-18:10,410.2873666666668,349.5577166666667,-60.729650000000106,True
D,2025-06-28,18,108,18:10-18:20,347.5897941666661,52.386957326177026,-295.20283684048906,True
D,2025-06-28,18,109,18:20-18:30,491.9641158333333,443.73009444444455,-48.23402138888878,True
D,2025-06-28,18,111,18:40-18:50,524.7322441666669,502.7932822222224,-21.938961944444486,True
D,2025-06-28,18,112,18:50-19:00,438.3491695484028,436.3690930555557,-1.980076492847104,True
D,2025-06-29,6,66,11:10-11:20,0.0,478.10816027777776,478.10816027777776,True
D,2025-06-29,6,69,11:40-11:50,0.0,131.44151811419476,131.44151811419476,True
D,2025-06-29,6,70,11:50-12:00,0.0,542.5257463888885,542.5257463888885,True
D,2025-06-29,6,71,12:00-12:10,0.0,591.0119333333331,591.0119333333331,True
D,2025-06-29,6,72,12:10-12:20,0.0,618.3107005555556,618.3107005555556,True
D,2025-06-29,6,73,12:20-12:30,0.0,681.1295161111111,681.1295161111111,True
D,2025-06-29,6,74,12:30-12:40,0.0,717.1889333333332,717.1889333333332,True
D,2025-06-29,6,75,12:40-12:50,588.9541769444445,591.6343602777779,2.680183333333389,True
D,2025-06-29,6,89,15:00-15:10,0.0,57.350133333333474,57.350133333333474,True
D,2025-06-29,6,90,15:10-15:20,39.06087416666662,145.12124083333322,106.0603666666666,True
D,2025-06-29,6,91,15:20-15:30,97.55143833333352,129.69104861111123,32.139610277777706,True
D,2025-06-29,6,92,15:30-15:40,165.9147333333334,272.841725,106.9269916666666,True
D,2025-06-29,6,93,15:40-15:50,328.69267916666627,340.1861766388856,11.49349747221936,True
D,2025-06-29,6,95,16:00-16:10,329.38048589506246,329.39341666666667,0.012930771604203528,True
D,2025-06-29,6,96,16:10-16:20,303.40875138888896,390.1447369444444,86.73598555555543,True
D,2025-06-29,6,97,16:20-16:30,392.7461044444444,497.8643097222222,105.11820527777775,True
D,2025-06-29,6,98,16:30-16:40,511.5776750000001,549.8434249999999,38.2657499999998,True
D,2025-06-29,6,99,16:40-16:50,498.50105027777795,567.9635119444447,69.46246166666674,True
D,2025-06-29,6,100,16:50-17:00,504.13799638888884,607.3126001851848,103.17460379629597,True
D,2025-06-29,6,101,17:00-17:10,536.8795666666668,668.4525,131.57293333333314,True
D,2025-06-29,6,102,17:10-17:20,577.4955169444445,696.6988363888888,119.20331944444433,True
D,2025-06-29,6,103,17:20-17:30,604.568761305556,658.2434716666663,53.67471036111033,True
D,2025-06-29,6,105,17:40-17:50,751.8863566666668,752.714144537038,0.8277878703712531,True
D,2025-06-29,6,106,17:50-18:00,664.3477649999999,673.2131791666666,8.86541416666671,True
D,2025-06-29,6,113,19:00-19:10,65.9323333333333,65.95851666666658,0.026183333333278824,True
D,2025-06-29,6,114,19:10-19:20,38.14351527777808,38.1653347222225,0.021819444444417968,True
D,2025-06-29,12,71,12:00-12:10,591.0119333333331,718.9686833333334,127.95675000000028,True
D,2025-06-29,12,72,12:10-12:20,618.3107005555556,712.4824058333336,94.17170527777796,True
D,2025-06-29,12,73,12:20-12:30,681.1295161111111,719.7062958333332,38.57677972222211,True
D,2025-06-29,12,74,12:30-12:40,717.1889333333332,792.8483666666664,75.65943333333314,True
D,2025-06-29,12,75,12:40-12:50,591.6343602777779,730.2844547222226,138.65009444444468,True
D,2025-06-29,12,76,12:50-13:00,0.0,742.694815277778,742.694815277778,True
D,2025-06-29,12,89,15:00-15:10,57.350133333333474,952.7836833333332,895.4335499999997,True
D,2025-06-29,12,90,15:10-15:20,145.12124083333322,1009.1840149999999,864.0627741666667,True
D,2025-06-29,12,91,15:20-15:30,129.69104861111123,907.3616606591908,777.6706120480795,True
D,2025-06-29,12,92,15:30-15:40,272.841725,264.00443333333317,-8.837291666666829,True
D,2025-06-29,12,93,15:40-15:50,340.1861766388856,329.7201941666665,-10.465982472219139,True
D,2025-06-29,12,95,16:00-16:10,329.39341666666667,337.6923333333332,8.298916666666514,True
D,2025-06-29,12,96,16:10-16:20,390.1447369444444,390.48722027777774,0.34248333333334813,True
D,2025-06-29,12,97,16:20-16:30,497.8643097222222,435.60476944442934,-62.25954027779284,True
D,2025-06-29,12,98,16:30-16:40,549.8434249999999,511.57767500000017,-38.26574999999974,True
D,2025-06-29,12,99,16:40-16:50,567.9635119444447,539.8574552777777,-28.106056666666973,True
D,2025-06-29,12,100,16:50-17:00,607.3126001851848,504.1379963888889,-103.17460379629591,True
D,2025-06-29,12,101,17:00-17:10,668.4525,575.0137166666663,-93.43878333333373,True
D,2025-06-29,12,102,17:10-17:20,696.6988363888888,608.9582194444442,-87.74061694444458,True
D,2025-06-29,12,103,17:20-17:30,658.2434716666663,646.4911122222226,-11.752359444443755,True
D,2025-06-29,12,105,17:40-17:50,752.714144537038,751.8863566666668,-0.8277878703712531,True
D,2025-06-29,12,106,17:50-18:00,673.2131791666666,664.347765,-8.865414166666596,True
D,2025-06-29,12,113,19:00-19:10,65.95851666666658,65.93808333333334,-0.020433333333244263,True
D,2025-06-29,12,114,19:10-19:20,38.1653347222225,38.1483069444447,-0.017027777777798292,True
D,2025-06-29,18,107,18:00-18:10,472.47938333333343,612.4538000000001,139.97441666666668,True
D,2025-06-29,18,108,18:10-18:20,408.37170944444415,624.8304344444441,216.45872499999996,True
D,2025-06-29,18,109,18:20-18:30,610.1576469444443,688.8854938888888,78.72784694444454,True
D,2025-06-29,18,110,18:30-18:40,594.4785416666668,697.4367249999999,102.95818333333307,True
D,2025-06-29,18,111,18:40-18:50,655.3033269444446,756.0223769444444,100.71904999999981,True
D,2025-06-29,18,112,18:50-19:00,711.3488280555555,769.4562216666667,58.107393611111206,True
D,2025-06-29,18,113,19:00-19:10,65.93808333333334,134.34382038173408,68.40573704840074,True
D,2025-06-29,18,114,19:10-19:20,38.1483069444447,38.14351527777807,-0.0047916666666267815,True
D,2025-06-29,18,115,19:20-19:30,175.87115204840097,632.9611252777777,457.0899732293767,True
D,2025-06-29,18,118,19:50-20:00,51.711528055555604,51.7144419444445,0.0029138888888979864,True
D,2025-06-29,18,121,20:20-20:30,637.4907899999998,729.2706516666668,91.77986166666699,True
D,2025-06-30,6,100,16:50-17:00,764.9446988888888,799.9548227777777,35.010123888888984,True
D,2025-06-30,6,101,17:00-17:10,790.6808166666668,812.4195083333292,21.738691666662362,True
D,2025-06-30,6,113,19:00-19:10,142.31841666666685,142.41576666666685,0.09735000000000582,True
D,2025-06-30,6,114,19:10-19:20,121.56289861111134,121.64402361111138,0.08112500000004275,True
D,2025-06-30,12,75,12:40-12:50,787.9176547222222,777.6981047222224,-10.2195499999998,True
D,2025-06-30,12,90,15:10-15:20,1239.117183611111,1215.1968255555557,-23.920358055555198,True
D,2025-06-30,12,100,16:50-17:00,799.9548227777777,764.9446988888889,-35.01012388888887,True
D,2025-06-30,12,101,17:00-17:10,812.4195083333292,790.6808166666669,-21.73869166666225,True
D,2025-06-30,12,113,19:00-19:10,142.41576666666685,142.31841666666688,-0.0973499999999774,True
D,2025-06-30,12,114,19:10-19:20,121.64402361111138,121.56289861111132,-0.08112500000005696,True
D,2025-06-30,18,112,18:50-19:00,809.1179677777778,730.1957927777762,-78.92217500000163,True
D,2025-07-01,6,41,7:0-7:10,0.0,299.0250241872821,299.0250241872821,True
D,2025-07-01,6,42,7:10-7:20,0.0,352.5568652777778,352.5568652777778,True
D,2025-07-01,6,43,7:20-7:30,0.0,280.9239280555554,280.9239280555554,True
D,2025-07-01,6,44,7:30-7:40,0.0,274.848125,274.848125,True
D,2025-07-01,6,45,7:40-7:50,0.0,940.9327519444445,940.9327519444445,True
D,2025-07-01,6,66,11:10-11:20,638.9456774999999,666.0909663888888,27.1452888888889,True
D,2025-07-01,6,67,11:20-11:30,269.78515253880994,576.2272587733776,306.44210623456763,True
D,2025-07-01,6,68,11:30-11:40,547.2110999999998,636.6641500000001,89.4530500000003,True
D,2025-07-01,6,69,11:40-11:50,455.62497499999995,653.5525938888893,197.92761888888936,True
D,2025-07-01,6,70,11:50-12:00,407.9667149999998,604.1051477777778,196.138432777778,True
D,2025-07-01,6,71,12:00-12:10,382.2076499999996,600.9524166666666,218.74476666666703,True
D,2025-07-01,6,72,12:10-12:20,332.98449749999963,586.0564227777778,253.07192527777818,True
D,2025-07-01,6,73,12:20-12:30,348.37541750000025,624.5478488888891,276.17243138888887,True
D,2025-07-01,6,74,12:30-12:40,434.3188749999997,640.9142333333333,206.5953583333336,True
D,2025-07-01,6,75,12:40-12:50,440.06309083333326,477.1957408333333,37.13265000000001,True
D,2025-07-01,6,113,19:00-19:10,175.11136666666687,175.11490000000015,0.0035333333332800976,True
D,2025-07-01,6,114,19:10-19:20,133.77160972222237,133.7745541666668,0.002944444444437977,True
D,2025-07-01,12,71,12:00-12:10,600.9524166666666,719.9453666666667,118.99295000000006,True
D,2025-07-01,12,72,12:10-12:20,586.0564227777778,664.6839947222222,78.62757194444441,True
D,2025-07-01,12,73,12:20-12:30,624.5478488888891,641.0001619444446,16.452313055555464,True
D,2025-07-01,12,74,12:30-12:40,640.9142333333333,687.8688666666665,46.95463333333316,True
D,2025-07-01,12,75,12:40-12:50,477.1957408333333,580.5607019444446,103.36496111111137,True
D,2025-07-01,12,76,12:50-13:00,0.0,572.854230555556,572.854230555556,True
D,2025-07-01,12,89,15:00-15:10,89.12399999999968,164.77668136728434,75.65268136728466,True
D,2025-07-01,12,90,15:10-15:20,391.5030226851854,660.2425457407398,268.73952305555446,True
D,2025-07-01,12,91,15:20-15:30,269.25072638888895,329.6819041666665,60.43117777777758,True
D,2025-07-01,12,92,15:30-15:40,317.28664166666664,349.25082499999996,31.964183333333324,True
D,2025-07-01,12,113,19:00-19:10,175.11490000000015,175.11286666666683,-0.002033333333315568,True
D,2025-07-01,12,114,19:10-19:20,133.7745541666668,133.7728597222224,-0.001694444444410692,True
D,2025-07-01,18,107,18:00-18:10,608.7009833333336,704.0362500000002,95.3352666666666,True
D,2025-07-01,18,108,18:10-18:20,531.8940794444443,711.150871111111,179.2567916666667,True
D,2025-07-01,18,109,18:20-18:30,729.0153386111111,777.978468888889,48.96313027777785,True
D,2025-07-01,18,110,18:30-18:40,687.5734833333335,768.2041666666664,80.63068333333297,True
D,2025-07-01,18,111,18:40-18:50,730.3011769444448,816.1299436111112,85.82876666666641,True
D,2025-07-01,18,112,18:50-19:00,799.6976605555553,850.3519875,50.65432694444462,True
D,2025-07-01,18,113,19:00-19:10,175.11286666666683,464.1982018067427,289.08533514007587,True
D,2025-07-01,18,114,19:10-19:20,133.7728597222224,133.77160972222234,-0.0012500000000557066,True
D,2025-07-01,18,115,19:20-19:30,271.829406770624,728.1957055555555,456.3662987849315,True
D,2025-07-01,18,118,19:50-20:00,129.3730394444443,129.3733116666665,0.0002722222222075743,True
D,2025-07-01,18,121,20:20-20:30,748.4522191666665,840.6874950000001,92.23527583333362,True
D,2025-07-02,6,45,7:40-7:50,0.0,129.70757287036997,129.70757287036997,True
D,2025-07-02,6,70,11:50-12:00,0.0,463.7772664277029,463.7772664277029,True
D,2025-07-02,6,71,12:00-12:10,420.5616166666663,585.5616499999999,165.0000333333336,True
D,2025-07-02,6,72,12:10-12:20,377.5764849999997,591.8072797222221,214.2307947222224,True
D,2025-07-02,6,73,12:20-12:30,0.0,613.8775350000001,613.8775350000001,True
D,2025-07-02,6,74,12:30-12:40,184.2060853086365,633.3816666666669,449.1755813580304,True
D,2025-07-02,6,75,12:40-12:50,500.81813499999964,669.2186205555554,168.40048555555575,True
D,2025-07-02,12,71,12:00-12:10,585.5616499999999,610.3984166666664,24.836766666666563,True
D,2025-07-02,12,72,12:10-12:20,591.8072797222221,586.8623794444444,-4.94490027777772,True
D,2025-07-02,12,73,12:20-12:30,613.8775350000001,572.6997955555556,-41.177739444444455,True
D,2025-07-02,12,74,12:30-12:40,633.3816666666669,630.9126666666664,-2.4690000000005057,True
D,2025-07-02,12,75,12:40-12:50,669.2186205555554,630.8760316666664,-38.34258888888894,True
D,2025-07-02,12,76,12:50-13:00,0.0,275.22194614197474,275.22194614197474,True
D,2025-07-02,18,107,18:00-18:10,665.9840333333335,730.2091499999999,64.2251166666664,True
D,2025-07-02,18,108,18:10-18:20,575.0172680555555,725.7609263888888,150.74365833333331,True
D,2025-07-02,18,109,18:20-18:30,782.459845,808.6121419444444,26.1522969444444,True
D,2025-07-02,18,110,18:30-18:40,770.1255333333336,858.4228252777796,88.29729194444599,True
D,2025-07-02,18,111,18:40-18:50,827.0471797222223,901.4697130555554,74.42253333333315,True
D,2025-07-02,18,112,18:50-19:00,862.4685777777779,907.4189713888891,44.95039361111117,True
D,2025-07-02,18,115,19:20-19:30,175.55240288173422,348.7219834095107,173.16958052777647,True
D,2025-07-02,18,118,19:50-20:00,195.55680222222213,195.5764549999999,0.01965277777776464,True
D,2025-07-02,18,121,20:20-20:30,798.0015791666666,890.2368550000001,92.2352758333335,True
D,2025-07-03,6,40,6:50-7:00,0.0,80.53537615951154,80.53537615951154,True
D,2025-07-03,6,41,7:0-7:10,0.0,395.77621666666664,395.77621666666664,True
D,2025-07-03,6,42,7:10-7:20,0.0,364.98533333333336,364.98533333333336,True
D,2025-07-03,6,43,7:20-7:30,0.0,355.3598933333332,355.3598933333332,True
D,2025-07-03,6,44,7:30-7:40,325.24179166666653,346.05870833333336,20.816916666666827,True
D,2025-07-03,6,45,7:40-7:50,400.32833829452085,1029.2833333333333,628.9549950388125,True
D,2025-07-03,6,64,10:50-11:00,0.0,125.89205861111122,125.89205861111122,True
D,2025-07-03,6,65,11:00-11:10,0.0,301.73694852647196,301.73694852647196,True
D,2025-07-03,6,66,11:10-11:20,670.7724933333332,795.1251016666665,124.35260833333336,True
D,2025-07-03,6,67,11:20-11:30,614.8918467054725,833.4445450000001,218.55269829452754,True
D,2025-07-03,6,68,11:30-11:40,720.5070416666663,810.1012499999997,89.59420833333343,True
D,2025-07-03,6,69,11:40-11:50,676.1855599999999,825.7212566666669,149.53569666666704,True
D,2025-07-03,6,70,11:50-12:00,658.5713275,757.7847575000001,99.21343000000002,True
D,2025-07-03,6,71,12:00-12:10,673.1493166666663,746.4359999999999,73.2866833333336,True
D,2025-07-03,6,72,12:10-12:20,603.2108666666667,749.1353447222223,145.9244780555556,True
D,2025-07-03,6,73,12:20-12:30,569.6155500000001,761.5924616666668,191.97691166666675,True
D,2025-07-03,6,74,12:30-12:40,597.3515416666664,760.4393083333334,163.087766666667,True
D,2025-07-03,6,75,12:40-12:50,611.3689525000001,781.6842213888888,170.31526888888868,True
D,2025-07-03,12,71,12:00-12:10,746.4359999999999,673.1493166666664,-73.28668333333349,True
D,2025-07-03,12,72,12:10-12:20,749.1353447222223,603.2108666666668,-145.92447805555548,True
D,2025-07-03,12,73,12:20-12:30,761.5924616666668,569.6155500000002,-191.97691166666664,True
D,2025-07-03,12,74,12:30-12:40,760.4393083333334,597.3515416666663,-163.0877666666671,True
D,2025-07-03,12,75,12:40-12:50,781.6842213888888,611.3689525000001,-170.31526888888868,True
D,2025-07-03,12,94,15:50-16:00,675.3771822222225,674.5440238888947,-0.8331583333277877,True
D,2025-07-03,12,95,16:00-16:10,634.1067666666663,575.5175999999998,-58.58916666666653,True
D,2025-07-03,12,96,16:10-16:20,613.446202222222,612.7011438888889,-0.7450583333331906,True
D,2025-07-03,12,97,16:20-16:30,663.4415986111111,661.540698611111,-1.9009000000000924,True
D,2025-07-03,12,98,16:30-16:40,730.9179083333335,727.8611666666667,-3.056741666666767,True
D,2025-07-03,12,99,16:40-16:50,768.0644930555557,763.8519097222222,-4.212583333333441,True
D,2025-07-03,18,112,18:50-19:00,831.1554522222224,792.7199416111114,-38.435510611111,True
D,2025-07-04,6,89,15:00-15:10,16.027696635799387,239.60325,223.57555336420063,True
D,2025-07-04,6,90,15:10-15:20,133.04222388888877,513.0590933333333,380.0168694444445,True
D,2025-07-04,6,91,15:20-15:30,0.0,268.8968840739805,268.8968840739805,True
D,2025-07-04,6,92,15:30-15:40,8.433674999999994,216.99461666666684,208.56094166666685,True
D,2025-07-04,6,93,15:40-15:50,116.0970658333332,312.4285825000002,196.33151666666697,True
D,2025-07-04,6,94,15:50-16:00,166.42496749999998,327.740663611111,161.31569611111104,True
D,2025-07-04,6,95,16:00-16:10,187.7849666666666,358.8940000000001,171.1090333333335,True
D,2025-07-04,6,96,16:10-16:20,260.11779000000035,383.3833436111113,123.26555361111093,True
D,2025-07-04,6,97,16:20-16:30,350.2753741666668,455.2398769444445,104.96450277777774,True
D,2025-07-04,6,98,16:30-16:40,424.4772833333335,436.2764849064812,11.799201573147684,True
D,2025-07-04,6,102,17:10-17:20,525.511695,583.6532727777776,58.14157777777757,True
D,2025-07-04,12,89,15:00-15:10,239.60325,16.027696635799387,-223.57555336420063,True
D,2025-07-04,12,90,15:10-15:20,513.0590933333333,133.0422238888888,-380.0168694444445,True
D,2025-07-04,12,91,15:20-15:30,268.8968840739805,0.0,-268.8968840739805,True
D,2025-07-04,12,92,15:30-15:40,216.99461666666684,8.433674999999994,-208.56094166666685,True
D,2025-07-04,12,93,15:40-15:50,312.4285825000002,116.09706583333323,-196.33151666666694,True
D,2025-07-04,12,94,15:50-16:00,327.740663611111,166.4249675,-161.315696111111,True
D,2025-07-04,12,95,16:00-16:10,358.8940000000001,187.7849666666666,-171.1090333333335,True
D,2025-07-04,12,96,16:10-16:20,383.3833436111113,260.1177900000003,-123.26555361111099,True
D,2025-07-04,12,97,16:20-16:30,455.2398769444445,350.27537416666684,-104.96450277777768,True
D,2025-07-04,12,98,16:30-16:40,436.2764849064812,424.47728333333356,-11.799201573147627,True
D,2025-07-04,12,102,17:10-17:20,583.6532727777776,525.511695,-58.14157777777757,True
D,2025-07-04,18,107,18:00-18:10,511.9459166666668,500.75916666666683,-11.186749999999961,True
D,2025-07-04,18,108,18:10-18:20,476.45088313888874,421.8563806388895,-54.59450249999924,True
D,2025-07-04,18,109,18:20-18:30,577.9036794444444,570.4625016666666,-7.441177777777739,True
D,2025-07-04,18,110,18:30-18:40,606.7036916666667,588.9333499999997,-17.770341666667036,True
D,2025-07-04,18,111,18:40-18:50,675.0125630555558,656.2710413888888,-18.74152166666704,True
D,2025-07-04,18,112,18:50-19:00,714.374138611111,586.5116594444445,-127.8624791666665,True
D,2025-07-05,18,107,18:00-18:10,409.6746833333334,403.7708000000001,-5.903883333333283,True
D,2025-07-05,18,108,18:10-18:20,403.78148174999984,345.25059329325813,-58.53088845674171,True
D,2025-07-05,18,109,18:20-18:30,490.5030366666666,486.58377,-3.9192666666666014,True
D,2025-07-05,18,110,18:30-18:40,502.86453333333344,487.7356249999998,-15.12890833333364,True
D,2025-07-05,18,111,18:40-18:50,570.9013841666667,553.9208180555553,-16.980566111111443,True
D,2025-07-05,18,112,18:50-19:00,615.3957534877011,496.7525269444445,-118.64322654325656,True
D,2025-07-06,6,40,6:50-7:00,0.0,241.56918527777788,241.56918527777788,True
D,2025-07-06,6,41,7:0-7:10,0.0,257.44355,257.44355,True
D,2025-07-06,6,42,7:10-7:20,0.0,237.73817305555548,237.73817305555548,True
D,2025-07-06,6,43,7:20-7:30,0.0,203.70453361111106,203.70453361111106,True
D,2025-07-06,6,44,7:30-7:40,0.0,622.8428659797012,622.8428659797012,True
D,2025-07-06,6,45,7:40-7:50,0.0,948.427907222222,948.427907222222,True
D,2025-07-06,6,66,11:10-11:20,0.0,649.6251944444446,649.6251944444446,True
D,2025-07-06,6,68,11:30-11:40,0.0,347.4685804091863,347.4685804091863,True
D,2025-07-06,6,69,11:40-11:50,0.0,600.5057202777779,600.5057202777779,True
D,2025-07-06,6,70,11:50-12:00,0.0,569.5368277777778,569.5368277777778,True
D,2025-07-06,6,71,12:00-12:10,0.0,473.6333166666667,473.6333166666667,True
D,2025-07-06,6,72,12:10-12:20,0.0,518.0606661111112,518.0606661111112,True
D,2025-07-06,6,73,12:20-12:30,0.0,621.1663213888888,621.1663213888888,True
D,2025-07-06,6,74,12:30-12:40,0.0,636.7219500000002,636.7219500000002,True
D,2025-07-06,6,75,12:40-12:50,590.4178680555556,711.3795569444446,120.96168888888906,True
D,2025-07-06,6,95,16:00-16:10,442.7664500000001,521.3826833333336,78.61623333333353,True
D,2025-07-06,6,96,16:10-16:20,475.73921916666654,524.9935838888887,49.254364722222135,True
D,2025-07-06,6,103,17:20-17:30,691.4496826995893,725.0096052777778,33.55992257818855,True
D,2025-07-06,6,104,17:30-17:40,589.8932363333327,692.9924662499994,103.09922991666679,True
D,2025-07-06,6,106,17:50-18:00,629.0634736111112,673.6238355555555,44.56036194444425,True
D,2025-07-06,6,118,19:50-20:00,117.74255055555545,117.76132555555546,0.018775000000005093,True
D,2025-07-06,12,71,12:00-12:10,473.6333166666667,305.18228333333343,-168.45103333333327,True
D,2025-07-06,12,72,12:10-12:20,518.0606661111112,448.01085805555556,-70.04980805555567,True
D,2025-07-06,12,73,12:20-12:30,621.1663213888888,0.0,-621.1663213888888,True
D,2025-07-06,12,74,12:30-12:40,636.7219500000002,70.55896320415815,-566.162986795842,True
D,2025-07-06,12,75,12:40-12:50,711.3795569444446,590.4178680555556,-120.96168888888906,True
D,2025-07-06,12,95,16:00-16:10,521.3826833333336,442.76645,-78.61623333333358,True
D,2025-07-06,12,96,16:10-16:20,524.9935838888887,475.7392191666665,-49.25436472222219,True
D,2025-07-06,12,103,17:20-17:30,725.0096052777778,691.4496826995892,-33.55992257818866,True
D,2025-07-06,12,104,17:30-17:40,692.9924662499994,589.8932363333327,-103.09922991666679,True
D,2025-07-06,12,106,17:50-18:00,673.6238355555555,629.0634736111115,-44.560361944444026,True
D,2025-07-06,12,118,19:50-20:00,117.76132555555546,117.74255055555543,-0.018775000000033515,True
D,2025-07-06,18,107,18:00-18:10,528.3553166666667,643.9381000000001,115.5827833333334,True
D,2025-07-06,18,108,18:10-18:20,525.1567714722221,666.0612202777776,140.9044488055555,True
D,2025-07-06,18,109,18:20-18:30,649.8411119444445,774.4939027777777,124.65279083333326,True
D,2025-07-06,18,110,18:30-18:40,669.8903916666667,767.7225666666667,97.832175,True
D,2025-07-06,18,111,18:40-18:50,723.5460013888892,821.582673888889,98.03667249999978,True
D,2025-07-06,18,112,18:50-19:00,751.6405619444442,790.4855009670775,38.8449390226333,True
D,2025-07-06,18,113,19:00-19:10,89.83825000000014,665.1312333333334,575.2929833333333,True
D,2025-07-06,18,115,19:20-19:30,652.7856866666665,652.8870866666665,0.10140000000001237,True
D,2025-07-06,18,118,19:50-20:00,117.74255055555543,529.3020504424337,411.55949988687826,True
D,2025-07-06,18,121,20:20-20:30,748.8764382099231,781.5049741666668,32.62853595674369,True
D,2025-07-07,6,74,12:30-12:40,692.005575,635.1955500000001,-56.81002499999988,True
D,2025-07-07,6,89,15:00-15:10,1088.0536166666666,530.1794053207091,-557.8742113459575,True
D,2025-07-07,6,90,15:10-15:20,1042.6291655555551,980.6825488888887,-61.94661666666639,True
D,2025-07-07,6,91,15:20-15:30,838.6130536111123,346.69803416666673,-491.91501944444553,True
D,2025-07-07,6,92,15:30-15:40,540.4796499999997,362.1969554999998,-178.28269449999988,True
D,2025-07-07,6,93,15:40-15:50,559.3288286111116,417.59715638888906,-141.73167222222253,True
D,2025-07-07,6,94,15:50-16:00,609.7198163888888,481.6956436111111,-128.02417277777772,True
D,2025-07-07,6,95,16:00-16:10,693.6347833333333,539.63275,-154.00203333333332,True
D,2025-07-07,6,96,16:10-16:20,770.9722363888886,627.5340224999999,-143.43821388888875,True
D,2025-07-07,6,97,16:20-16:30,803.6694927777776,646.1895558333327,-157.47993694444483,True
D,2025-07-07,6,98,16:30-16:40,722.7984833333333,689.7401583333333,-33.05832499999997,True
D,2025-07-07,6,99,16:40-16:50,747.6464855555558,704.7929800000002,-42.85350555555567,True
D,2025-07-07,6,100,16:50-17:00,836.873761111111,784.2250750000001,-52.64868611111092,True
D,2025-07-07,6,101,17:00-17:10,977.4907166666667,915.0468500000001,-62.44386666666662,True
D,2025-07-07,6,102,17:10-17:20,1028.9308791666665,965.7129476851838,-63.21793148148265,True
D,2025-07-07,12,74,12:30-12:40,635.1955500000001,692.0055749999999,56.81002499999977,True
D,2025-07-07,12,89,15:00-15:10,530.1794053207091,1088.0536166666666,557.8742113459575,True
D,2025-07-07,12,90,15:10-15:20,980.6825488888887,1042.6291655555553,61.946616666666614,True
D,2025-07-07,12,91,15:20-15:30,346.69803416666673,539.9397582407418,193.24172407407502,True
D,2025-07-07,12,92,15:30-15:40,362.1969554999998,506.3756499999997,144.17869449999995,True
D,2025-07-07,12,93,15:40-15:50,417.59715638888906,523.6640563888894,106.06690000000037,True
D,2025-07-07,12,94,15:50-16:00,481.6956436111111,572.4942719444444,90.79862833333334,True
D,2025-07-07,12,95,16:00-16:10,539.63275,654.8484666666667,115.21571666666671,True
D,2025-07-07,12,96,16:10-16:20,627.5340224999999,739.4612780555555,111.92725555555558,True
D,2025-07-07,12,97,16:20-16:30,646.1895558333327,779.4338927777775,133.24433694444474,True
D,2025-07-07,12,98,16:30-16:40,689.7401583333333,722.7984833333334,33.05832500000008,True
D,2025-07-07,12,99,16:40-16:50,704.7929800000002,747.646485555556,42.853505555555785,True
D,2025-07-07,12,100,16:50-17:00,784.2250750000001,836.8737611111111,52.64868611111103,True
D,2025-07-07,12,101,17:00-17:10,915.0468500000001,977.4907166666668,62.443866666666736,True
D,2025-07-07,12,102,17:10-17:20,965.7129476851838,1028.9308791666667,63.21793148148288,True
D,2025-07-07,18,107,18:00-18:10,636.0743415000001,596.2381737654309,-39.83616773456913,True
D,2025-07-07,18,108,18:10-18:20,606.9197059444446,467.9435733086457,-138.97613263579888,True
D,2025-07-07,18,109,18:20-18:30,804.2845213888886,746.4036816666667,-57.880839722221936,True
D,2025-07-07,18,110,18:30-18:40,755.8665916666667,729.0902583333332,-26.776333333333582,True
D,2025-07-07,18,111,18:40-18:50,795.7785594444446,771.0330433333331,-24.745516111111442,True
D,2025-07-07,18,112,18:50-19:00,838.3154413888888,743.9163113888887,-94.39913000000001,True
D,2025-07-07,18,115,19:20-19:30,744.6719755555556,744.6502422222222,-0.021733333333372684,True
D,2025-07-07,18,121,20:20-20:30,882.0486649999998,881.9460353703705,-0.10262962962929123,True
D,2025-07-08,6,72,12:10-12:20,543.2549516666666,532.4889555555555,-10.765996111111008,True
D,2025-07-08,6,73,12:20-12:30,652.000060833333,520.8067652777775,-131.19329555555555,True
D,2025-07-08,6,74,12:30-12:40,764.0179749999999,541.7659250000002,-222.2520499999997,True
D,2025-07-08,6,75,12:40-12:50,796.8296425000001,637.1621922222223,-159.6674502777778,True
D,2025-07-08,6,76,12:50-13:00,710.9919478165928,702.3504886111111,-8.641459205481624,True
D,2025-07-08,6,89,15:00-15:10,1086.2986499999997,500.66821018518647,-585.6304398148133,True
D,2025-07-08,6,91,15:20-15:30,1134.3271238888888,551.4870269444446,-582.8400969444442,True
D,2025-07-08,6,92,15:30-15:40,592.4529610802517,518.2959221666666,-74.1570389135851,True
D,2025-07-08,6,93,15:40-15:50,605.8923658333334,559.0503102777775,-46.84205555555593,True
D,2025-07-08,6,94,15:50-16:00,678.8597516666666,625.8947288888888,-52.96502277777779,True
D,2025-07-08,6,95,16:00-16:10,790.1392666666669,691.365916666667,-98.77334999999994,True
D,2025-07-08,6,96,16:10-16:20,877.4654427777778,758.0122132499996,-119.45322952777815,True
D,2025-07-08,6,97,16:20-16:30,915.5699080555556,791.1880116666667,-124.38189638888889,True
D,2025-07-08,6,98,16:30-16:40,907.7466534841761,843.2711500000001,-64.47550348417599,True
D,2025-07-08,6,99,16:40-16:50,856.0177369444442,853.8522924999997,-2.1654444444444607,True
D,2025-07-08,6,100,16:50-17:00,923.5667872222223,907.9710066666669,-15.595780555555393,True
D,2025-07-08,6,101,17:00-17:10,1032.5512833333332,1003.5251666666666,-29.026116666666667,True
D,2025-07-08,6,102,17:10-17:20,1091.4636074999999,1087.8301233333336,-3.6334841666662214,True
D,2025-07-08,6,116,19:30-19:40,197.942225,197.98379166666678,0.04156666666676756,True
D,2025-07-08,12,71,12:00-12:10,522.5778666666665,0.0,-522.5778666666665,True
D,2025-07-08,12,72,12:10-12:20,532.4889555555555,0.0,-532.4889555555555,True
D,2025-07-08,12,73,12:20-12:30,520.8067652777775,0.0,-520.8067652777775,True
D,2025-07-08,12,74,12:30-12:40,541.7659250000002,0.0,-541.7659250000002,True
D,2025-07-08,12,75,12:40-12:50,637.1621922222223,0.0,-637.1621922222223,True
D,2025-07-08,12,76,12:50-13:00,702.3504886111111,0.0,-702.3504886111111,True
D,2025-07-08,12,89,15:00-15:10,500.66821018518647,1086.2986499999997,585.6304398148133,True
D,2025-07-08,12,91,15:20-15:30,551.4870269444446,1134.327123888889,582.8400969444444,True
D,2025-07-08,12,92,15:30-15:40,518.2959221666666,592.4529610802516,74.15703891358498,True
D,2025-07-08,12,93,15:40-15:50,559.0503102777775,605.8923658333335,46.842055555556044,True
D,2025-07-08,12,94,15:50-16:00,625.8947288888888,678.8597516666667,52.965022777777904,True
D,2025-07-08,12,95,16:00-16:10,691.365916666667,790.1392666666668,98.77334999999982,True
D,2025-07-08,12,96,16:10-16:20,758.0122132499996,877.4654427777778,119.45322952777815,True
D,2025-07-08,12,97,16:20-16:30,791.1880116666667,906.6442802777777,115.456268611111,True
D,2025-07-08,12,98,16:30-16:40,843.2711500000001,904.1126000000003,60.84145000000012,True
D,2025-07-08,12,99,16:40-16:50,853.8522924999997,856.0177369444443,2.1654444444445744,True
D,2025-07-08,12,100,16:50-17:00,907.9710066666669,923.5667872222224,15.595780555555507,True
D,2025-07-08,12,101,17:00-17:10,1003.5251666666666,1032.5512833333335,29.026116666666894,True
D,2025-07-08,12,102,17:10-17:20,1087.8301233333336,1091.4636074999999,3.6334841666662214,True
D,2025-07-08,12,116,19:30-19:40,197.98379166666678,197.942225,-0.04156666666676756,True
D,2025-07-08,18,112,18:50-19:00,881.9657155555553,831.9406877777783,-50.02502777777704,True
D,2025-07-09,6,89,15:00-15:10,1362.79075,1262.2962499999999,-100.49450000000002,True
D,2025-07-09,6,90,15:10-15:20,1371.4373355555558,1300.682682777778,-70.75465277777789,True
D,2025-07-09,6,91,15:20-15:30,1422.8323636111106,1381.8175580555553,-41.01480555555531,True
D,2025-07-09,12,71,12:00-12:10,685.1732833333332,13.472566666666694,-671.7007166666665,True
D,2025-07-09,12,72,12:10-12:20,686.35189,78.27530244622315,-608.0765875537769,True
D,2025-07-09,12,73,12:20-12:30,569.4828083333332,0.0,-569.4828083333332,True
D,2025-07-09,12,74,12:30-12:40,529.8847166666665,0.0,-529.8847166666665,True
D,2025-07-09,12,76,12:50-13:00,83.20934972222221,38.12294166666652,-45.086408055555694,True
D,2025-07-09,12,89,15:00-15:10,1262.2962499999999,1282.9979166666665,20.701666666666597,True
D,2025-07-09,12,90,15:10-15:20,1300.682682777778,1329.6173549999999,28.934672222221934,True
D,2025-07-09,12,91,15:20-15:30,1381.8175580555553,1418.9852358333333,37.16767777777795,True
D,2025-07-09,12,92,15:30-15:40,1419.9280842054773,1167.483111111108,-252.4449730943693,True
D,2025-07-10,6,44,7:30-7:40,0.0,327.50215000000003,327.50215000000003,True
D,2025-07-10,6,45,7:40-7:50,0.0,411.8230692513099,411.8230692513099,True
D,2025-07-10,12,73,12:20-12:30,364.89150361111115,265.68459117282987,-99.20691243828128,True
D,2025-07-10,18,107,18:00-18:10,691.7215500000002,691.1420833333335,-0.5794666666666899,True
D,2025-07-10,18,109,18:20-18:30,879.7209624999999,867.7664172222221,-11.954545277777811,True
D,2025-07-10,18,110,18:30-18:40,848.2549833333335,847.1586499999999,-1.0963333333336323,True
D,2025-07-10,18,111,18:40-18:50,929.7481591666669,894.440674188523,-35.307484978143975,True
D,2025-07-10,18,112,18:50-19:00,912.3671388888887,851.0761474999999,-61.290991388888756,True
D,2025-07-10,18,113,19:00-19:10,838.7063666666667,838.6077833333333,-0.09858333333340852,True
D,2025-07-10,18,115,19:20-19:30,924.2793916666669,924.0128515432135,-0.26654012345341016,True
D,2025-07-11,12,71,12:00-12:10,578.7093000000001,0.0,-578.7093000000001,True
D,2025-07-11,12,72,12:10-12:20,552.5593472222225,0.0,-552.5593472222225,True
D,2025-07-11,12,74,12:30-12:40,20.59119308641842,0.0,-20.59119308641842,True
D,2025-07-11,12,75,12:40-12:50,508.3018430555551,0.0,-508.3018430555551,True
D,2025-07-13,6,89,15:00-15:10,901.4811065432054,266.5555999999998,-634.9255065432056,True
D,2025-07-13,6,90,15:10-15:20,1264.715575277778,801.2625252777796,-463.4530499999985,True
D,2025-07-13,6,91,15:20-15:30,510.09665138888874,398.2658180555553,-111.83083333333343,True
D,2025-07-13,6,92,15:30-15:40,574.6433166666667,477.00864166666656,-97.63467500000013,True
D,2025-07-13,6,93,15:40-15:50,573.815300277778,490.37678361111136,-83.4385166666666,True
D,2025-07-13,6,94,15:50-16:00,598.3492572222223,529.106898888889,-69.2423583333333,True
D,2025-07-13,6,95,16:00-16:10,647.3011333333334,592.2549333333334,-55.0462,True
D,2025-07-13,6,96,16:10-16:20,662.1095638888888,585.7791916666665,-76.33037222222231,True
D,2025-07-13,6,97,16:20-16:30,705.7743852777776,608.1598408333332,-97.61454444444439,True
D,2025-07-13,6,98,16:30-16:40,806.3628416666668,687.4641250000002,-118.89871666666659,True
D,2025-07-13,6,99,16:40-16:50,896.526821388889,756.3439324999999,-140.182888888889,True
D,2025-07-13,6,100,16:50-17:00,957.760262777778,796.2932016666671,-161.46706111111098,True
D,2025-07-13,6,101,17:00-17:10,1003.0125499999999,820.2613166666665,-182.7512333333334,True
D,2025-07-13,6,102,17:10-17:20,1022.9943324999997,865.8298741666663,-157.1644583333334,True
D,2025-07-13,6,103,17:20-17:30,1047.7506658333332,916.1729824999998,-131.57768333333343,True
D,2025-07-13,6,104,17:30-17:40,1102.0162333333333,996.0253249999998,-105.99090833333344,True
D,2025-07-13,6,105,17:40-17:50,1185.0168133333332,1104.6126799999997,-80.40413333333345,True
D,2025-07-13,12,89,15:00-15:10,266.5555999999998,901.4811065432054,634.9255065432056,True
D,2025-07-13,12,90,15:10-15:20,801.2625252777796,1154.0244280555557,352.7619027777762,True
D,2025-07-13,12,91,15:20-15:30,398.2658180555553,404.0327069444444,5.766888888889071,True
D,2025-07-13,12,92,15:30-15:40,477.00864166666656,473.20657500000004,-3.8020666666665193,True
D,2025-07-13,12,93,15:40-15:50,490.37678361111136,477.005761388889,-13.371022222222336,True
D,2025-07-13,12,94,15:50-16:00,529.106898888889,506.1669211111114,-22.939977777777585,True
D,2025-07-13,12,95,16:00-16:10,592.2549333333334,559.7460000000001,-32.50893333333329,True
D,2025-07-13,12,96,16:10-16:20,585.7791916666665,566.0698972222222,-19.709294444444367,True
D,2025-07-13,12,97,16:20-16:30,608.1598408333332,601.2501852777776,-6.90965555555556,True
D,2025-07-13,12,98,16:30-16:40,687.4641250000002,693.3541083333334,5.889983333333248,True
D,2025-07-13,12,99,16:40-16:50,756.3439324999999,775.0335547222223,18.689622222222397,True
D,2025-07-13,12,100,16:50-17:00,796.2932016666671,827.7824627777784,31.48926111111132,True
D,2025-07-13,12,101,17:00-17:10,820.2613166666665,864.5502166666665,44.28890000000001,True
D,2025-07-13,12,102,17:10-17:20,865.8298741666663,904.3610713888888,38.531197222222545,True
D,2025-07-13,12,103,17:20-17:30,916.1729824999998,948.9464769444443,32.77349444444451,True
D,2025-07-13,12,104,17:30-17:40,996.0253249999998,1023.0411166666665,27.0157916666667,True
D,2025-07-13,12,105,17:40-17:50,1104.6126799999997,1125.8707688888887,21.258088888889006,True
D,2025-07-13,18,107,18:00-18:10,691.2873999999999,611.0593043827168,-80.22809561728309,True
D,2025-07-13,18,109,18:20-18:30,800.9660541666666,788.0434402777776,-12.922613888889032,True
D,2025-07-13,18,110,18:30-18:40,833.5786499999999,807.6078616358013,-25.970788364198597,True
D,2025-07-13,18,112,18:50-19:00,895.8425069444443,890.5073680555554,-5.335138888888878,True
D,2025-07-14,6,68,11:30-11:40,687.0797083333334,682.4799166666664,-4.599791666666988,True
D,2025-07-14,6,69,11:40-11:50,659.4512133333334,613.5133397222224,-45.937873611110945,True
D,2025-07-14,6,70,11:50-12:00,649.2270441666662,632.0184077777777,-17.20863638888852,True
D,2025-07-14,6,72,12:10-12:20,636.8740930555556,586.3854569444446,-50.488636111110964,True
D,2025-07-14,6,73,12:20-12:30,500.33736444444435,445.544242222222,-54.79312222222234,True
D,2025-07-14,6,74,12:30-12:40,468.99694166666666,409.89933333333295,-59.09760833333371,True
D,2025-07-14,6,75,12:40-12:50,604.8751188888886,541.4730244444444,-63.402094444444174,True
D,2025-07-14,12,71,12:00-12:10,664.8521666666668,0.0,-664.8521666666668,True
D,2025-07-14,12,72,12:10-12:20,586.3854569444446,0.0,-586.3854569444446,True
D,2025-07-14,12,73,12:20-12:30,445.544242222222,0.0,-445.544242222222,True
D,2025-07-14,12,74,12:30-12:40,409.89933333333295,0.0,-409.89933333333295,True
D,2025-07-14,12,75,12:40-12:50,541.4730244444444,497.8063008950586,-43.66672354938578,True
D,2025-07-14,12,76,12:50-13:00,53.76817166666683,0.0,-53.76817166666683,True
D,2025-07-15,6,45,7:40-7:50,239.60426979840142,214.1322013888888,-25.472068409512616,True
D,2025-07-15,6,66,11:10-11:20,730.3195374999998,721.4260727777772,-8.893464722222575,True
D,2025-07-15,6,68,11:30-11:40,781.5253166666666,758.6491083333331,-22.87620833333358,True
D,2025-07-15,6,69,11:40-11:50,774.7915024999999,722.3450177777778,-52.44648472222207,True
D,2025-07-15,6,70,11:50-12:00,768.0894024999996,756.1399605555551,-11.949441944444402,True
D,2025-07-15,6,72,12:10-12:20,792.2706486111111,759.2349319444444,-33.03571666666676,True
D,2025-07-15,6,73,12:20-12:30,656.9720347222224,620.0577513888888,-36.914283333333515,True
D,2025-07-15,6,74,12:30-12:40,598.0996333333331,557.3067833333329,-40.79285000000027,True
D,2025-07-15,6,75,12:40-12:50,723.097599444444,678.4261827777774,-44.67141666666657,True
D,2025-07-15,6,89,15:00-15:10,1221.8802166666665,1005.4686848909902,-216.41153177567628,True
D,2025-07-15,6,90,15:10-15:20,1283.666691388889,1177.6532308806145,-106.01346050827442,True
D,2025-07-15,6,91,15:20-15:30,1342.4773802777777,525.6353691666667,-816.842011111111,True
D,2025-07-15,6,92,15:30-15:40,630.8028166666669,568.6429583333334,-62.159858333333545,True
D,2025-07-15,6,93,15:40-15:50,642.8578374298036,618.5714958333335,-24.286341596470038,True
D,2025-07-15,12,71,12:00-12:10,803.8276833333331,134.16503333333333,-669.6626499999998,True
D,2025-07-15,12,72,12:10-12:20,759.2349319444444,153.72944115643003,-605.5054907880144,True
D,2025-07-15,12,73,12:20-12:30,620.0577513888888,0.0,-620.0577513888888,True
D,2025-07-15,12,74,12:30-12:40,557.3067833333329,0.0,-557.3067833333329,True
D,2025-07-15,12,75,12:40-12:50,678.4261827777774,723.097599444444,44.67141666666657,True
D,2025-07-15,12,76,12:50-13:00,145.4039086111111,98.19403944444434,-47.20986916666675,True
D,2025-07-15,12,89,15:00-15:10,1005.4686848909902,1221.8802166666665,216.41153177567628,True
D,2025-07-15,12,90,15:10-15:20,1177.6532308806145,1283.6666913888891,106.01346050827465,True
D,2025-07-15,12,91,15:20-15:30,525.6353691666667,1342.477380277778,816.8420111111112,True
D,2025-07-15,12,92,15:30-15:40,568.6429583333334,630.8028166666668,62.15985833333343,True
D,2025-07-15,12,93,15:40-15:50,618.5714958333335,642.8578374298037,24.28634159647015,True
D,2025-07-16,6,45,7:40-7:50,1131.853961111111,1089.9103555555553,-41.94360555555568,True
D,2025-07-16,6,66,11:10-11:20,736.4550216666667,712.4947605555558,-23.960261111110867,True
D,2025-07-16,12,71,12:00-12:10,638.2130666666668,0.0,-638.2130666666668,True
D,2025-07-16,12,72,12:10-12:20,530.4487205555556,0.0,-530.4487205555556,True
D,2025-07-16,12,73,12:20-12:30,453.23151861111086,0.0,-453.23151861111086,True
D,2025-07-16,12,74,12:30-12:40,445.9907499999999,0.0,-445.9907499999999,True
D,2025-07-16,12,75,12:40-12:50,518.6471555555561,0.0,-518.6471555555561,True
D,2025-07-17,6,66,11:10-11:20,754.1004725000003,697.5088086111114,-56.59166388888889,True
D,2025-07-17,6,89,15:00-15:10,94.41048333333345,1088.8377112407393,994.4272279074058,True
D,2025-07-17,6,90,15:10-15:20,225.03568722222224,1195.3663527777776,970.3306655555554,True
D,2025-07-17,6,91,15:20-15:30,225.16379972222194,528.3714711111112,303.20767138888925,True
D,2025-07-17,6,92,15:30-15:40,282.0360250000001,481.8140583333336,199.7780333333335,True
D,2025-07-17,6,93,15:40-15:50,301.47689611111093,523.6442686111109,222.16737249999994,True
D,2025-07-17,6,94,15:50-16:00,377.78531222222205,563.3697783888899,185.58446616666788,True
D,2025-07-17,6,95,16:00-16:10,444.3143355246937,584.5086500000003,140.1943144753066,True
D,2025-07-17,6,96,16:10-16:20,453.61223211419895,617.6575166666668,164.04528455246782,True
D,2025-07-17,6,97,16:20-16:30,480.0751219444444,719.5669225,239.49180055555564,True
D,2025-07-17,6,98,16:30-16:40,572.6020583333334,672.068125,99.46606666666662,True
D,2025-07-17,6,99,16:40-16:50,667.613261388889,767.0857433333333,99.47248194444433,True
D,2025-07-17,6,100,16:50-17:00,736.6453477777774,814.4387766666663,77.79342888888891,True
D,2025-07-17,6,101,17:00-17:10,781.1465833333335,833.2982166666669,52.15163333333339,True
D,2025-07-17,6,102,17:10-17:20,816.273212777778,903.9455590277781,87.67234625000015,True
D,2025-07-17,6,117,19:40-19:50,241.6974669444446,241.73501694444462,0.037550000000010186,True
D,2025-07-17,6,118,19:50-20:00,243.80689138888874,243.82566638888875,0.018775000000005093,True
D,2025-07-17,12,71,12:00-12:10,680.0634833333334,0.0,-680.0634833333334,True
D,2025-07-17,12,72,12:10-12:20,562.1132961111114,0.0,-562.1132961111114,True
D,2025-07-17,12,73,12:20-12:30,492.57152805555523,0.0,-492.57152805555523,True
D,2025-07-17,12,74,12:30-12:40,515.479091666666,0.0,-515.479091666666,True
D,2025-07-17,12,75,12:40-12:50,587.4779177777782,367.8954462191314,-219.58247155864683,True
D,2025-07-17,12,89,15:00-15:10,1088.8377112407393,318.1116999999998,-770.7260112407395,True
D,2025-07-17,12,90,15:10-15:20,1195.3663527777776,564.662191388888,-630.7041613888896,True
D,2025-07-17,12,91,15:20-15:30,528.3714711111112,298.2728663888888,-230.09860472222238,True
D,2025-07-17,12,92,15:30-15:40,481.8140583333336,403.5664666666669,-78.24759166666672,True
D,2025-07-17,12,93,15:40-15:50,523.6442686111109,453.5167524691393,-70.12751614197157,True
D,2025-07-17,12,94,15:50-16:00,563.3697783888899,462.68151972222233,-100.6882586666676,True
D,2025-07-17,12,95,16:00-16:10,584.5086500000003,503.5541666666669,-80.95448333333343,True
D,2025-07-17,12,96,16:10-16:20,617.6575166666668,551.9728847222221,-65.68463194444462,True
D,2025-07-17,12,97,16:20-16:30,719.5669225,620.1057386111112,-99.46118388888885,True
D,2025-07-17,12,98,16:30-16:40,672.068125,621.1934166666666,-50.87470833333339,True
D,2025-07-17,12,99,16:40-16:50,767.0857433333333,667.6132613888891,-99.47248194444421,True
D,2025-07-17,12,100,16:50-17:00,814.4387766666663,736.6453477777775,-77.7934288888888,True
D,2025-07-17,12,101,17:00-17:10,833.2982166666669,781.1465833333335,-52.15163333333339,True
D,2025-07-17,12,102,17:10-17:20,903.9455590277781,816.2732127777781,-87.67234625000003,True
D,2025-07-17,12,117,19:40-19:50,241.73501694444462,241.69746694444467,-0.03754999999995334,True
D,2025-07-17,12,118,19:50-20:00,243.82566638888875,243.8068913888887,-0.018775000000061937,True
D,2025-07-18,6,72,12:10-12:20,673.321256388889,639.9115258333333,-33.40973055555571,True
D,2025-07-18,12,71,12:00-12:10,719.3724426508901,0.0,-719.3724426508901,True
D,2025-07-18,12,72,12:10-12:20,639.9115258333333,0.0,-639.9115258333333,True
D,2025-07-18,12,75,12:40-12:50,576.9607288888893,0.0,-576.9607288888893,True
D,2025-07-18,12,89,15:00-15:10,515.2909768861388,211.1216000000004,-304.16937688613837,True
D,2025-07-18,12,90,15:10-15:20,1096.0122747222222,658.3289671604937,-437.6833075617285,True
D,2025-07-18,12,91,15:20-15:30,361.27947027777753,344.9949702777776,-16.284499999999923,True
D,2025-07-18,12,92,15:30-15:40,399.872208024692,311.53274999999985,-88.33945802469214,True
D,2025-07-18,12,93,15:40-15:50,355.6807408333331,337.89215305555547,-17.78858777777765,True
D,2025-07-18,12,94,15:50-16:00,383.5623641666668,373.34744361111086,-10.21492055555592,True
D,2025-07-18,12,95,16:00-16:10,430.09346666666664,387.3488166666665,-42.74465000000015,True
D,2025-07-18,12,96,16:10-16:20,445.7425330555553,422.0196391666667,-23.72289388888862,True
D,2025-07-18,18,127,21:20-21:30,947.5676599999999,945.1904441666665,-2.37721583333348,True
D,2025-07-18,18,128,21:30-21:40,1002.8674166666666,996.0216366666665,-6.845780000000104,True
D,2025-07-19,6,89,15:00-15:10,66.75517870370419,0.0,-66.75517870370419,True
D,2025-07-19,6,90,15:10-15:20,152.02123666666648,0.0,-152.02123666666648,True
D,2025-07-19,6,91,15:20-15:30,82.07212916666663,20.00430444444453,-62.0678247222221,True
D,2025-07-19,6,92,15:30-15:40,193.85265000000004,2.9871249999997644,-190.86552500000028,True
D,2025-07-19,6,93,15:40-15:50,188.18271333333337,74.49360236111112,-113.68911097222225,True
D,2025-07-19,6,94,15:50-16:00,249.08361509999798,157.41508805555554,-91.66852704444244,True
D,2025-07-19,6,95,16:00-16:10,268.2176000000003,234.15025000000003,-34.06735000000026,True
D,2025-07-19,6,96,16:10-16:20,310.828531277779,247.16922444444447,-63.65930683333454,True
D,2025-07-19,12,89,15:00-15:10,0.0,46.45473333333371,46.45473333333371,True
D,2025-07-19,12,90,15:10-15:20,0.0,152.0212366666665,152.0212366666665,True
D,2025-07-19,12,91,15:20-15:30,20.00430444444453,82.07212916666664,62.06782472222211,True
D,2025-07-19,12,92,15:30-15:40,2.9871249999997644,193.85265000000004,190.86552500000028,True
D,2025-07-19,12,93,15:40-15:50,74.49360236111112,188.1827133333334,113.68911097222228,True
D,2025-07-19,12,94,15:50-16:00,157.41508805555554,249.083615099998,91.66852704444247,True
D,2025-07-19,12,95,16:00-16:10,234.15025000000003,268.21760000000023,34.067350000000204,True
D,2025-07-19,12,96,16:10-16:20,247.16922444444447,310.82853127777895,63.65930683333448,True
D,2025-07-20,6,66,11:10-11:20,735.828861111111,691.9445194444446,-43.88434166666639,True
D,2025-07-20,6,70,11:50-12:00,907.3648797222221,813.4901047222216,-93.87477500000045,True
D,2025-07-20,6,71,12:00-12:10,928.2530833333332,821.8806999999996,-106.37238333333357,True
D,2025-07-20,6,72,12:10-12:20,806.8393438888888,702.0183105555556,-104.82103333333328,True
D,2025-07-20,6,73,12:20-12:30,697.7908769444438,635.2766052777777,-62.514271666666104,True
D,2025-07-20,6,74,12:30-12:40,664.0693666666663,598.3480166666667,-65.72134999999957,True
D,2025-07-20,6,75,12:40-12:50,735.0535197222229,729.5288180555555,-5.524701666667397,True
D,2025-07-20,6,89,15:00-15:10,143.64555000000018,280.60428333333334,136.95873333333316,True
D,2025-07-20,6,90,15:10-15:20,177.04085419753108,555.5477512654317,378.5068970679006,True
D,2025-07-20,6,91,15:20-15:30,123.11862444444444,287.556645,164.43802055555557,True
D,2025-07-20,6,92,15:30-15:40,196.912241666667,279.4983166666667,82.58607499999971,True
D,2025-07-20,6,93,15:40-15:50,130.83959833333302,338.14164916666675,207.30205083333374,True
D,2025-07-20,6,94,15:50-16:00,210.54080083333338,356.1397154629625,145.59891462962912,True
D,2025-07-20,6,95,16:00-16:10,284.97173333333353,370.31166666666695,85.33993333333342,True
D,2025-07-20,6,96,16:10-16:20,301.30048888888894,376.31378611111097,75.01329722222204,True
D,2025-07-20,6,97,16:20-16:30,401.38774361111143,479.5073380555557,78.11959444444426,True
D,2025-07-20,6,98,16:30-16:40,467.392325,502.66171583333573,35.269390833335706,True
D,2025-07-20,6,99,16:40-16:50,499.29988750000007,559.3353527777778,60.03546527777769,True
D,2025-07-20,6,100,16:50-17:00,545.958073333333,569.0324655555552,23.074392222222173,True
D,2025-07-20,6,101,17:00-17:10,549.1757166666667,605.3946000000001,56.21888333333334,True
D,2025-07-20,6,102,17:10-17:20,551.6915844444445,621.6024136111107,69.91082916666619,True
D,2025-07-20,6,117,19:40-19:50,171.35803527777796,171.39558527777797,0.037550000000010186,True
D,2025-07-20,6,118,19:50-20:00,173.54845222222207,173.56722722222207,0.018775000000005093,True
D,2025-07-20,12,71,12:00-12:10,821.8806999999996,727.3086166666666,-94.57208333333301,True
D,2025-07-20,12,72,12:10-12:20,702.0183105555556,663.5659272222223,-38.45238333333327,True
D,2025-07-20,12,73,12:20-12:30,635.2766052777777,583.3378886111109,-51.93871666666678,True
D,2025-07-20,12,74,12:30-12:40,598.3480166666667,532.9229666666666,-65.42505000000006,True
D,2025-07-20,12,75,12:40-12:50,729.5288180555555,650.6174347222224,-78.9113833333331,True
D,2025-07-20,12,89,15:00-15:10,280.60428333333334,143.64555000000018,-136.95873333333316,True
D,2025-07-20,12,90,15:10-15:20,555.5477512654317,177.0408541975311,-378.5068970679006,True
D,2025-07-20,12,91,15:20-15:30,287.556645,123.11862444444445,-164.43802055555557,True
D,2025-07-20,12,92,15:30-15:40,279.4983166666667,196.91224166666694,-82.58607499999977,True
D,2025-07-20,12,93,15:40-15:50,338.14164916666675,130.83959833333304,-207.3020508333337,True
D,2025-07-20,12,94,15:50-16:00,356.1397154629625,210.5408008333334,-145.5989146296291,True
D,2025-07-20,12,95,16:00-16:10,370.31166666666695,284.97173333333353,-85.33993333333342,True
D,2025-07-20,12,96,16:10-16:20,376.31378611111097,301.30048888888894,-75.01329722222204,True
D,2025-07-20,12,97,16:20-16:30,479.5073380555557,401.3877436111115,-78.1195944444442,True
D,2025-07-20,12,98,16:30-16:40,502.66171583333573,467.3923250000001,-35.26939083333565,True
D,2025-07-20,12,99,16:40-16:50,559.3353527777778,499.2998875000001,-60.03546527777763,True
D,2025-07-20,12,100,16:50-17:00,569.0324655555552,545.9580733333331,-23.07439222222206,True
D,2025-07-20,12,101,17:00-17:10,605.3946000000001,549.1757166666669,-56.218883333333224,True
D,2025-07-20,12,102,17:10-17:20,621.6024136111107,551.6915844444445,-69.91082916666619,True
D,2025-07-20,12,117,19:40-19:50,171.39558527777797,171.358035277778,-0.037549999999981765,True
D,2025-07-20,12,118,19:50-20:00,173.56722722222207,173.54845222222204,-0.018775000000033515,True
D,2025-07-20,18,107,18:00-18:10,651.6818666666668,717.5917333333332,65.9098666666664,True
D,2025-07-20,18,108,18:10-18:20,450.6353605555562,726.7482033333335,276.11284277777736,True
D,2025-07-20,18,109,18:20-18:30,770.7709444444442,797.291305,26.520360555555726,True
D,2025-07-20,18,110,18:30-18:40,764.6041083333333,811.3204416666665,46.71633333333318,True
D,2025-07-20,18,111,18:40-18:50,827.6720616666668,891.6548248333428,63.98276316667602,True
D,2025-07-20,18,112,18:50-19:00,794.0243044444443,880.0456849999999,86.02138055555565,True
D,2025-07-21,6,66,11:10-11:20,872.0963241666668,741.6856797222224,-130.41064444444442,True
D,2025-07-21,6,67,11:20-11:30,901.8877575000001,780.8352852777778,-121.05247222222238,True
D,2025-07-21,6,68,11:30-11:40,889.4021666666666,833.1620833333332,-56.24008333333347,True
D,2025-07-21,6,69,11:40-11:50,919.1933516666671,835.556745555556,-83.63660611111118,True
D,2025-07-21,6,70,11:50-12:00,935.3010291666666,842.3230736111108,-92.97795555555581,True
D,2025-07-21,6,71,12:00-12:10,894.9500500000001,811.3302666666664,-83.61978333333377,True
D,2025-07-21,6,72,12:10-12:20,774.876260277778,692.9939602777779,-81.8823000000001,True
D,2025-07-21,6,73,12:20-12:30,728.1994463888883,688.8100413888887,-39.389404999999556,True
D,2025-07-21,6,74,12:30-12:40,752.8759833333334,710.4656333333335,-42.41034999999988,True
D,2025-07-21,12,71,12:00-12:10,811.3302666666664,0.0,-811.3302666666664,True
D,2025-07-21,12,72,12:10-12:20,692.9939602777779,0.0,-692.9939602777779,True
D,2025-07-21,12,73,12:20-12:30,688.8100413888887,0.0,-688.8100413888887,True
D,2025-07-21,12,74,12:30-12:40,710.4656333333335,0.0,-710.4656333333335,True
D,2025-07-21,12,75,12:40-12:50,785.5328861111116,595.3351554166604,-190.19773069445114,True
D,2025-07-22,6,44,7:30-7:40,154.99447500000008,253.36315000000002,98.36867499999994,True
D,2025-07-22,6,45,7:40-7:50,318.2633953932849,635.1719390123408,316.9085436190559,True
D,2025-07-22,6,65,11:00-11:10,288.21603378881406,981.8686833333331,693.6526495445191,True
D,2025-07-22,6,67,11:20-11:30,861.9985836111109,862.2150305555558,0.21644694444489687,True
D,2025-07-22,6,68,11:30-11:40,775.284125,874.7892333333334,99.5051083333334,True
D,2025-07-22,6,69,11:40-11:50,721.4946588888891,893.4442194444443,171.9495605555552,True
D,2025-07-22,6,70,11:50-12:00,649.6291952777777,814.764486388889,165.13529111111131,True
D,2025-07-22,6,71,12:00-12:10,539.98425,701.1387833333335,161.15453333333357,True
D,2025-07-22,6,72,12:10-12:20,478.10922638888894,774.7998536111115,296.6906272222226,True
D,2025-07-22,6,73,12:20-12:30,452.0880477777772,794.1305422222216,342.0424944444444,True
D,2025-07-22,6,74,12:30-12:40,485.2888999999998,806.8576416666663,321.5687416666665,True
D,2025-07-22,6,75,12:40-12:50,577.1893322222224,888.8354177777774,311.6460855555549,True
D,2025-07-22,6,76,12:50-13:00,0.0,1041.798909722222,1041.798909722222,True
D,2025-07-22,6,77,13:00-13:10,0.0,341.3655833333331,341.3655833333331,True
D,2025-07-22,6,79,13:20-13:30,0.0,365.99298166666665,365.99298166666665,True
D,2025-07-22,6,80,13:30-13:40,0.0,402.74059166666666,402.74059166666666,True
D,2025-07-22,6,81,13:40-13:50,0.0,417.0903138944371,417.0903138944371,True
D,2025-07-22,6,89,15:00-15:10,1065.4993166666668,1364.2634000000003,298.7640833333335,True
D,2025-07-22,6,90,15:10-15:20,1084.0114622222218,1306.8719094444443,222.86044722222255,True
D,2025-07-22,6,91,15:20-15:30,695.6751504629624,1285.6852597222223,590.0101092592599,True
D,2025-07-22,6,92,15:30-15:40,396.7874916666667,1353.5181083333332,956.7306166666665,True
D,2025-07-22,6,93,15:40-15:50,441.5181647222222,1324.5959272222221,883.0777625,True
D,2025-07-22,6,94,15:50-16:00,335.92481583333324,512.7933352777777,176.86851944444447,True
D,2025-07-22,6,95,16:00-16:10,399.6356333333333,549.5195166666667,149.88388333333342,True
D,2025-07-22,6,96,16:10-16:20,456.6074313888889,603.8764119444444,147.26898055555546,True
D,2025-07-22,6,97,16:20-16:30,536.3874336111113,681.0415113888891,144.65407777777784,True
D,2025-07-22,6,98,16:30-16:40,595.4142666666664,634.3686778555572,38.95441118889073,True
D,2025-07-22,6,99,16:40-16:50,660.2400812500002,757.7654627777777,97.52538152777743,True
D,2025-07-22,6,100,16:50-17:00,743.2009074999996,839.4538530555553,96.2529455555557,True
D,2025-07-22,6,101,17:00-17:10,768.0834500000001,841.4990500000001,73.41560000000004,True
D,2025-07-22,6,102,17:10-17:20,791.7537211111111,896.5886066111127,104.83488550000163,True
D,2025-07-22,6,105,17:40-17:50,1153.0951619444445,1154.928744722222,1.8335827777775648,True
D,2025-07-22,6,117,19:40-19:50,259.35122277777805,259.38877277777806,0.037550000000010186,True
D,2025-07-22,6,118,19:50-20:00,257.6269538888889,257.6457288888889,0.018775000000005093,True
D,2025-07-22,12,71,12:00-12:10,701.1387833333335,0.0,-701.1387833333335,True
D,2025-07-22,12,72,12:10-12:20,774.7998536111115,220.96422293210185,-553.8356306790097,True
D,2025-07-22,12,73,12:20-12:30,794.1305422222216,0.0,-794.1305422222216,True
D,2025-07-22,12,74,12:30-12:40,806.8576416666663,0.0,-806.8576416666663,True
D,2025-07-22,12,75,12:40-12:50,888.8354177777774,577.1893322222224,-311.6460855555549,True
D,2025-07-22,12,76,12:50-13:00,1041.798909722222,0.0,-1041.798909722222,True
D,2025-07-22,12,77,13:00-13:10,341.3655833333331,0.0,-341.3655833333331,True
D,2025-07-22,12,79,13:20-13:30,365.99298166666665,0.0,-365.99298166666665,True
D,2025-07-22,12,80,13:30-13:40,402.74059166666666,0.0,-402.74059166666666,True
D,2025-07-22,12,81,13:40-13:50,417.0903138944371,0.0,-417.0903138944371,True
D,2025-07-22,12,89,15:00-15:10,1364.2634000000003,1065.4993166666668,-298.7640833333335,True
D,2025-07-22,12,90,15:10-15:20,1306.8719094444443,1084.0114622222218,-222.86044722222255,True
D,2025-07-22,12,91,15:20-15:30,1285.6852597222223,695.6751504629625,-590.0101092592598,True
D,2025-07-22,12,92,15:30-15:40,1353.5181083333332,396.7874916666666,-956.7306166666666,True
D,2025-07-22,12,93,15:40-15:50,1324.5959272222221,441.51816472222225,-883.0777624999998,True
D,2025-07-22,12,94,15:50-16:00,512.7933352777777,335.9248158333333,-176.86851944444442,True
D,2025-07-22,12,95,16:00-16:10,549.5195166666667,399.63563333333326,-149.88388333333347,True
D,2025-07-22,12,96,16:10-16:20,603.8764119444444,456.60743138888887,-147.26898055555552,True
D,2025-07-22,12,97,16:20-16:30,681.0415113888891,536.3874336111114,-144.65407777777773,True
D,2025-07-22,12,98,16:30-16:40,634.3686778555572,595.4142666666664,-38.95441118889073,True
D,2025-07-22,12,99,16:40-16:50,757.7654627777777,660.2400812500002,-97.52538152777743,True
D,2025-07-22,12,100,16:50-17:00,839.4538530555553,743.2009074999997,-96.25294555555558,True
D,2025-07-22,12,101,17:00-17:10,841.4990500000001,768.0834500000002,-73.41559999999993,True
D,2025-07-22,12,102,17:10-17:20,896.5886066111127,791.7537211111112,-104.83488550000152,True
D,2025-07-22,12,105,17:40-17:50,1154.928744722222,1153.0951619444445,-1.8335827777775648,True
D,2025-07-22,12,117,19:40-19:50,259.38877277777806,259.3512227777781,-0.03754999999995334,True
D,2025-07-22,12,118,19:50-20:00,257.6457288888889,257.6269538888889,-0.018775000000005093,True
D,2025-07-23,6,40,6:50-7:00,616.4896297222223,0.0,-616.4896297222223,True
D,2025-07-23,6,41,7:0-7:10,567.3653666666665,0.0,-567.3653666666665,True
D,2025-07-23,6,42,7:10-7:20,443.1089361111111,14.071378284511354,-429.03755782659977,True
D,2025-07-23,6,44,7:30-7:40,613.1065204858746,438.4279333333335,-174.67858715254113,True
D,2025-07-23,6,45,7:40-7:50,1203.7246669444444,1159.0671724999995,-44.657494444444865,True
D,2025-07-23,6,64,10:50-11:00,252.97852250000017,7.614294722222098,-245.36422777777807,True
D,2025-07-23,6,66,11:10-11:20,1031.1805061111115,776.3324883333332,-254.8480177777783,True
D,2025-07-23,6,67,11:20-11:30,1023.9169572222222,766.7100708333331,-257.2068863888891,True
D,2025-07-23,6,68,11:30-11:40,967.0585749999999,754.4625499999999,-212.59602500000005,True
D,2025-07-23,6,69,11:40-11:50,955.7102927777781,755.5427816666669,-200.16751111111125,True
D,2025-07-23,6,70,11:50-12:00,953.2633622222219,703.0304691666665,-250.23289305555534,True
D,2025-07-23,6,71,12:00-12:10,912.9532999999999,648.7610166666667,-264.1922833333332,True
D,2025-07-23,6,72,12:10-12:20,792.9329872222223,627.6869816666666,-165.2460055555557,True
D,2025-07-23,6,73,12:20-12:30,683.2531519444439,528.0716241666663,-155.18152777777755,True
D,2025-07-23,6,74,12:30-12:40,650.0628916666665,504.94584166666664,-145.11704999999984,True
D,2025-07-23,6,75,12:40-12:50,730.2034997222229,664.1282425308666,-66.07525719135629,True
D,2025-07-23,6,89,15:00-15:10,1324.563533333334,1205.4473666666672,-119.11616666666669,True
D,2025-07-23,6,90,15:10-15:20,1332.6993163888887,1165.3680802777776,-167.33123611111114,True
D,2025-07-23,6,91,15:20-15:30,1353.989923611111,1199.0173847222222,-154.97253888888872,True
D,2025-07-23,6,92,15:30-15:40,976.882212962962,657.5139540432107,-319.36825891975127,True
D,2025-07-23,6,93,15:40-15:50,797.0045588888889,634.8612447222224,-162.14331416666653,True
D,2025-07-23,6,94,15:50-16:00,684.6385950000001,655.5063247222223,-29.13227027777782,True
D,2025-07-23,6,95,16:00-16:10,742.9894666666668,720.3117166666667,-22.67775000000006,True
D,2025-07-23,6,97,16:20-16:30,832.739435277778,821.9292066666669,-10.810228611111143,True
D,2025-07-23,12,71,12:00-12:10,648.7610166666667,0.0,-648.7610166666667,True
D,2025-07-23,12,72,12:10-12:20,627.6869816666666,0.0,-627.6869816666666,True
D,2025-07-23,12,73,12:20-12:30,528.0716241666663,0.0,-528.0716241666663,True
D,2025-07-23,12,74,12:30-12:40,504.94584166666664,0.0,-504.94584166666664,True
D,2025-07-23,12,75,12:40-12:50,664.1282425308666,0.0,-664.1282425308666,True
D,2025-07-23,12,76,12:50-13:00,25.84303250000039,0.0,-25.84303250000039,True
D,2025-07-23,12,89,15:00-15:10,1205.4473666666672,1324.563533333334,119.11616666666669,True
D,2025-07-23,12,90,15:10-15:20,1165.3680802777776,1332.699316388889,167.33123611111137,True
D,2025-07-23,12,91,15:20-15:30,1199.0173847222222,1226.408221574075,27.390836851852782,True
D,2025-07-23,12,92,15:30-15:40,657.5139540432107,677.6101749999996,20.096220956788898,True
D,2025-07-23,12,93,15:40-15:50,634.8612447222224,729.133639166667,94.27239444444456,True
D,2025-07-23,12,94,15:50-16:00,655.5063247222223,684.6385950000002,29.132270277777934,True
D,2025-07-23,12,95,16:00-16:10,720.3117166666667,742.9894666666668,22.67775000000006,True
D,2025-07-23,12,97,16:20-16:30,821.9292066666669,832.7394352777782,10.810228611111256,True
D,2025-07-24,6,42,7:10-7:20,217.1851951039568,0.0,-217.1851951039568,True
D,2025-07-24,6,43,7:20-7:30,291.3116916666665,77.80070877777584,-213.51098288889065,True
D,2025-07-24,6,45,7:40-7:50,1081.5713825,1050.9702936111107,-30.601088888889308,True
D,2025-07-24,6,64,10:50-11:00,126.49965694444461,0.0,-126.49965694444461,True
D,2025-07-24,6,65,11:00-11:10,803.8794115974597,778.9487499999999,-24.93066159745979,True
D,2025-07-24,6,66,11:10-11:20,952.0518522222226,814.1521038888886,-137.89974833333395,True
D,2025-07-24,6,67,11:20-11:30,964.8196302777778,802.3729661111109,-162.4466641666669,True
D,2025-07-24,6,68,11:30-11:40,904.110233333333,764.086383333333,-140.02385000000004,True
D,2025-07-24,6,69,11:40-11:50,911.7565688888891,761.9731855555555,-149.78338333333363,True
D,2025-07-24,6,70,11:50-12:00,913.253626111111,691.2168136111111,-222.03681249999988,True
D,2025-07-24,6,71,12:00-12:10,856.5529666666666,598.3687166666667,-258.1842499999999,True
D,2025-07-24,6,72,12:10-12:20,779.3334097222224,610.1075486111112,-169.22586111111127,True
D,2025-07-24,6,73,12:20-12:30,761.9862786111108,592.8370063888887,-169.14927222222218,True
D,2025-07-24,6,74,12:30-12:40,815.1834999999999,646.1108166666666,-169.07268333333332,True
D,2025-07-24,6,75,12:40-12:50,905.1397305555558,842.3852222839587,-62.75450827159716,True
D,2025-07-24,12,71,12:00-12:10,598.3687166666667,0.0,-598.3687166666667,True
D,2025-07-24,12,72,12:10-12:20,610.1075486111112,0.0,-610.1075486111112,True
D,2025-07-24,12,73,12:20-12:30,592.8370063888887,0.0,-592.8370063888887,True
D,2025-07-24,12,74,12:30-12:40,646.1108166666666,0.0,-646.1108166666666,True
D,2025-07-24,12,75,12:40-12:50,842.3852222839587,0.0,-842.3852222839587,True
D,2025-07-24,12,76,12:50-13:00,206.5800883333336,62.02313944444404,-144.55694888888956,True
D,2025-07-24,12,79,13:20-13:30,229.48396611111133,145.63982722222215,-83.84413888888918,True
D,2025-07-25,6,89,15:00-15:10,0.0,218.03983333333326,218.03983333333326,True
D,2025-07-25,6,90,15:10-15:20,53.89549805555555,838.631869351852,784.7363712962964,True
D,2025-07-25,6,91,15:20-15:30,40.06106694444452,220.50695346296632,180.4458865185218,True
D,2025-07-25,6,92,15:30-15:40,85.7737916666664,225.83247500000016,140.05868333333376,True
D,2025-07-25,6,93,15:40-15:50,141.1189672222224,235.97175305555498,94.85278583333258,True
D,2025-07-25,6,94,15:50-16:00,241.04845388888896,273.11940611111095,32.07095222222199,True
D,2025-07-25,6,96,16:10-16:20,310.7553352777776,338.60075916666653,27.845423888888945,True
D,2025-07-25,6,97,16:20-16:30,304.60186138888866,380.8577139592592,76.25585257037051,True
D,2025-07-25,6,98,16:30-16:40,364.15324166666676,398.8020450222226,34.648803355555856,True
D,2025-07-25,6,99,16:40-16:50,459.83603555555555,493.6381841666665,33.802148611110965,True
D,2025-07-25,6,100,16:50-17:00,497.31167194444436,530.6230174999997,33.31134555555536,True
D,2025-07-25,6,101,17:00-17:10,472.72410000000013,501.5819000000002,28.857800000000054,True
D,2025-07-25,6,102,17:10-17:20,492.6488194444445,535.753609944446,43.10479050000151,True
D,2025-07-25,6,105,17:40-17:50,794.9177044444447,799.5531538888887,4.635449444444021,True
D,2025-07-25,6,117,19:40-19:50,85.4271486111113,85.46469861111132,0.037550000000010186,True
D,2025-07-25,6,118,19:50-20:00,89.63358972222215,89.65236472222216,0.018775000000005093,True
D,2025-07-25,12,89,15:00-15:10,218.03983333333326,0.0,-218.03983333333326,True
D,2025-07-25,12,90,15:10-15:20,838.631869351852,53.895498055555564,-784.7363712962964,True
D,2025-07-25,12,91,15:20-15:30,220.50695346296632,40.061066944444526,-180.4458865185218,True
D,2025-07-25,12,92,15:30-15:40,225.83247500000016,85.77379166666638,-140.05868333333376,True
D,2025-07-25,12,93,15:40-15:50,235.97175305555498,141.1189672222224,-94.85278583333258,True
D,2025-07-25,12,94,15:50-16:00,273.11940611111095,241.048453888889,-32.07095222222196,True
D,2025-07-25,12,96,16:10-16:20,338.60075916666653,310.75533527777753,-27.845423888889,True
D,2025-07-25,12,97,16:20-16:30,380.8577139592592,304.6018613888887,-76.25585257037045,True
D,2025-07-25,12,98,16:30-16:40,398.8020450222226,364.1532416666668,-34.6488033555558,True
D,2025-07-25,12,99,16:40-16:50,493.6381841666665,459.83603555555555,-33.802148611110965,True
D,2025-07-25,12,100,16:50-17:00,530.6230174999997,497.31167194444447,-33.31134555555525,True
D,2025-07-25,12,101,17:00-17:10,501.5819000000002,472.7241000000002,-28.857799999999997,True
D,2025-07-25,12,102,17:10-17:20,535.753609944446,492.64881944444454,-43.10479050000146,True
D,2025-07-25,12,105,17:40-17:50,799.5531538888887,794.9177044444447,-4.635449444444021,True
D,2025-07-25,12,117,19:40-19:50,85.46469861111132,85.42714861111132,-0.037549999999995975,True
D,2025-07-25,12,118,19:50-20:00,89.65236472222216,89.63358972222214,-0.018775000000019304,True
D,2025-07-26,6,92,15:30-15:40,0.0,32.42298333333326,32.42298333333326,True
D,2025-07-26,6,93,15:40-15:50,0.0,92.60128944444455,92.60128944444455,True
D,2025-07-26,6,94,15:50-16:00,0.0,145.38446722222216,145.38446722222216,True
D,2025-07-26,6,95,16:00-16:10,4.06169999999986,193.46052685185117,189.3988268518513,True
D,2025-07-26,6,96,16:10-16:20,12.848431944444542,152.15990638888888,139.31147444444434,True
D,2025-07-26,6,97,16:20-16:30,71.33344805555555,266.5415319444445,195.20808388888895,True
D,2025-07-26,6,98,16:30-16:40,173.4313166666666,387.99416666666656,214.56284999999997,True
D,2025-07-26,6,99,16:40-16:50,253.72105194444418,422.3230145277749,168.6019625833307,True
D,2025-07-26,6,100,16:50-17:00,268.7309880555554,305.1998547222222,36.46886666666683,True
D,2025-07-26,6,101,17:00-17:10,237.57535000000007,239.15152700000112,1.5761770000010529,True
D,2025-07-26,6,109,18:20-18:30,592.5606461111113,598.373660277778,5.813014166666676,True
D,2025-07-26,6,117,19:40-19:50,23.66194861111137,23.69949861111138,0.037550000000010186,True
D,2025-07-26,6,118,19:50-20:00,15.619016388888781,15.637791388888786,0.018775000000005093,True
D,2025-07-26,12,92,15:30-15:40,32.42298333333326,0.0,-32.42298333333326,True
D,2025-07-26,12,93,15:40-15:50,92.60128944444455,0.0,-92.60128944444455,True
D,2025-07-26,12,94,15:50-16:00,145.38446722222216,0.0,-145.38446722222216,True
D,2025-07-26,12,95,16:00-16:10,193.46052685185117,4.06169999999986,-189.3988268518513,True
D,2025-07-26,12,96,16:10-16:20,152.15990638888888,12.84843194444454,-139.31147444444434,True
D,2025-07-26,12,97,16:20-16:30,266.5415319444445,71.33344805555556,-195.20808388888895,True
D,2025-07-26,12,98,16:30-16:40,387.99416666666656,173.43131666666662,-214.56284999999994,True
D,2025-07-26,12,99,16:40-16:50,422.3230145277749,253.7210519444442,-168.60196258333067,True
D,2025-07-26,12,100,16:50-17:00,305.1998547222222,268.73098805555543,-36.46886666666677,True
D,2025-07-26,12,101,17:00-17:10,239.15152700000112,237.5753500000001,-1.5761770000010245,True
D,2025-07-26,12,109,18:20-18:30,598.373660277778,592.5606461111113,-5.813014166666676,True
D,2025-07-26,12,117,19:40-19:50,23.69949861111138,23.661948611111374,-0.037550000000006634,True
D,2025-07-26,12,118,19:50-20:00,15.637791388888786,15.619016388888777,-0.018775000000008646,True
D,2025-07-27,6,66,11:10-11:20,774.3716333333334,639.7702083333334,-134.60142500000006,True
D,2025-07-27,6,70,11:50-12:00,662.0031383333333,527.3774133333332,-134.6257250000001,True
D,2025-07-27,6,71,12:00-12:10,603.7447333333332,469.1129333333331,-134.6318000000001,True
D,2025-07-27,6,72,12:10-12:20,497.85187999999994,388.66881888888895,-109.18306111111099,True
D,2025-07-27,6,73,12:20-12:30,463.25612333333265,420.27721277777744,-42.97891055555522,True
D,2025-07-27,6,74,12:30-12:40,513.1570916666665,490.8684916666666,-22.28859999999986,True
D,2025-07-27,6,89,15:00-15:10,0.0,91.29219999999998,91.29219999999998,True
D,2025-07-27,6,90,15:10-15:20,0.0,205.32428910493687,205.32428910493687,True
D,2025-07-27,6,91,15:20-15:30,0.0,137.64822802469462,137.64822802469462,True
D,2025-07-27,6,92,15:30-15:40,98.12438333333353,228.71390833333373,130.5895250000002,True
D,2025-07-27,6,93,15:40-15:50,129.54163925925815,300.7196725000001,171.17803324074197,True
D,2025-07-27,6,94,15:50-16:00,146.22636722222228,360.5311330898458,214.30476586762353,True
D,2025-07-27,6,95,16:00-16:10,242.35455000000002,379.8100833333335,137.4555333333335,True
D,2025-07-27,6,96,16:10-16:20,286.08534861111127,425.34679305555574,139.26144444444446,True
D,2025-07-27,6,97,16:20-16:30,372.2887138888892,513.3560694444448,141.06735555555554,True
D,2025-07-27,6,98,16:30-16:40,333.70348333333345,593.1678916666667,259.46440833333327,True
D,2025-07-27,6,99,16:40-16:50,440.46164805555577,580.6847151999998,140.22306714444403,True
D,2025-07-27,6,100,16:50-17:00,516.7819627777773,586.4691822222221,69.68721944444485,True
D,2025-07-27,6,101,17:00-17:10,533.9211666666667,604.6895833333332,70.76841666666644,True
D,2025-07-27,6,102,17:10-17:20,552.2643047222225,575.5924667222225,23.32816200000002,True
D,2025-07-27,6,107,18:00-18:10,572.9631028111123,645.57745,72.61434718888768,True
D,2025-07-27,6,117,19:40-19:50,153.91508611111124,153.95263611111125,0.037550000000010186,True
D,2025-07-27,6,118,19:50-20:00,153.99835722222213,154.01713222222213,0.018775000000005093,True
D,2025-07-27,12,71,12:00-12:10,469.1129333333331,482.65454999999974,13.541616666666641,True
D,2025-07-27,12,72,12:10-12:20,388.66881888888895,462.464605,73.79578611111106,True
D,2025-07-27,12,73,12:20-12:30,420.27721277777744,463.2561233333327,42.978910555555274,True
D,2025-07-27,12,74,12:30-12:40,490.8684916666666,513.1570916666665,22.28859999999986,True
D,2025-07-27,12,76,12:50-13:00,0.0,425.26491097394035,425.26491097394035,True
D,2025-07-27,12,89,15:00-15:10,91.29219999999998,0.0,-91.29219999999998,True
D,2025-07-27,12,90,15:10-15:20,205.32428910493687,73.00862484567885,-132.31566425925803,True
D,2025-07-27,12,91,15:20-15:30,137.64822802469462,108.43548083333314,-29.212747191361473,True
D,2025-07-27,12,92,15:30-15:40,228.71390833333373,273.5596916666668,44.84578333333309,True
D,2025-07-27,12,93,15:40-15:50,300.7196725000001,230.56193527777805,-70.15773722222207,True
D,2025-07-27,12,94,15:50-16:00,360.5311330898458,289.44584722222237,-71.08528586762344,True
D,2025-07-27,12,95,16:00-16:10,379.8100833333335,330.10736666666685,-49.702716666666674,True
D,2025-07-27,12,96,16:10-16:20,425.34679305555574,380.23606444444465,-45.110728611111085,True
D,2025-07-27,12,97,16:20-16:30,513.3560694444448,416.72173611111145,-96.6343333333333,True
D,2025-07-27,12,98,16:30-16:40,593.1678916666667,516.7557916666666,-76.41210000000012,True
D,2025-07-27,12,99,16:40-16:50,580.6847151999998,478.173281333333,-102.51143386666678,True
D,2025-07-27,12,100,16:50-17:00,586.4691822222221,516.7819627777773,-69.68721944444485,True
D,2025-07-27,12,101,17:00-17:10,604.6895833333332,533.9211666666669,-70.76841666666633,True
D,2025-07-27,12,102,17:10-17:20,575.5924667222225,552.2643047222226,-23.328161999999907,True
D,2025-07-27,12,107,18:00-18:10,645.57745,572.9631028111123,-72.61434718888768,True
D,2025-07-27,12,117,19:40-19:50,153.95263611111125,153.950813888889,-0.0018222222222448181,True
D,2025-07-27,12,118,19:50-20:00,154.01713222222213,154.016221111111,-0.0009111111111224091,True
D,2025-07-27,18,107,18:00-18:10,572.9631028111123,748.5768833333334,175.61378052222108,True
D,2025-07-27,18,108,18:10-18:20,567.860713805556,715.9823069444451,148.12159313888912,True
D,2025-07-27,18,109,18:20-18:30,728.4295799999999,788.6208858333331,60.19130583333322,True
D,2025-07-27,18,110,18:30-18:40,702.5959769999994,859.3800666666666,156.78408966666723,True
D,2025-07-27,18,111,18:40-18:50,744.24314,893.6686325000001,149.42549250000002,True
D,2025-07-27,18,112,18:50-19:00,769.9828086111111,819.0056372222224,49.02282861111132,True
D,2025-07-27,18,115,19:20-19:30,524.7454139872879,735.151133888889,210.40571990160117,True
D,2025-07-27,18,117,19:40-19:50,153.950813888889,153.95439166666677,0.003577777777763913,True
D,2025-07-27,18,118,19:50-20:00,154.016221111111,154.0180099999999,0.0017888888888819565,True
D,2025-07-27,18,121,20:20-20:30,748.1301941666666,802.598890020625,54.46869585395848,True
D,2025-07-28,6,65,11:00-11:10,708.6696951283232,741.5134999999998,32.84380487167664,True
D,2025-07-28,6,70,11:50-12:00,894.2685747222223,893.2091636111107,-1.059411111111558,True
D,2025-07-28,6,71,12:00-12:10,906.5268666666666,902.8587999999997,-3.6680666666668458,True
D,2025-07-28,6,72,12:10-12:20,801.4032152777778,800.8357930555553,-0.5674222222224898,True
D,2025-07-28,6,76,12:50-13:00,115.51954527777798,362.8619793289324,247.34243405115444,True
D,2025-07-28,6,89,15:00-15:10,1148.807216666667,1221.7678333333338,72.96061666666674,True
D,2025-07-28,6,90,15:10-15:20,1181.478457222222,1219.9961349999999,38.51767777777786,True
D,2025-07-28,6,91,15:20-15:30,1049.0135883641938,1128.7761497222195,79.76256135802578,True
D,2025-07-28,6,92,15:30-15:40,467.05628333333357,508.92252499999995,41.86624166666638,True
D,2025-07-28,6,93,15:40-15:50,418.5684033055528,524.5146294444442,105.94622613889135,True
D,2025-07-28,6,94,15:50-16:00,452.8365991666667,611.2051380555556,158.3685388888889,True
D,2025-07-28,6,95,16:00-16:10,526.3505999999999,699.1951999999999,172.8446,True
D,2025-07-28,6,96,16:10-16:20,546.6379286111111,717.9328841666667,171.2949555555556,True
D,2025-07-28,6,97,16:20-16:30,618.7646855555558,788.5099966666668,169.74531111111094,True
D,2025-07-28,6,98,16:30-16:40,675.4453333333331,864.0151249999999,188.5697916666668,True
D,2025-07-28,6,99,16:40-16:50,687.6155955555555,921.6594541666666,234.0438586111111,True
D,2025-07-28,6,100,16:50-17:00,767.972421111111,863.4339768333328,95.46155572222187,True
D,2025-07-28,6,101,17:00-17:10,786.7836166666667,872.8077666666665,86.02414999999974,True
D,2025-07-28,6,102,17:10-17:20,797.7924397222223,896.1297338888885,98.3372941666662,True
D,2025-07-28,6,103,17:20-17:30,885.6027894444442,946.0327739444444,60.42998450000027,True
D,2025-07-28,6,107,18:00-18:10,676.374769477779,790.8945666666666,114.51979718888765,True
D,2025-07-28,6,109,18:20-18:30,822.8912324999998,852.7994836444448,29.90825114444499,True
D,2025-07-28,6,117,19:40-19:50,246.32930027777797,246.36685027777798,0.037550000000010186,True
D,2025-07-28,6,118,19:50-20:00,253.55809638888877,253.57687138888878,0.018775000000005093,True
D,2025-07-28,12,71,12:00-12:10,902.8587999999997,805.9713666666668,-96.88743333333298,True
D,2025-07-28,12,72,12:10-12:20,800.8357930555553,791.3756680555555,-9.460124999999834,True
D,2025-07-28,12,73,12:20-12:30,744.825980555555,0.0,-744.825980555555,True
D,2025-07-28,12,74,12:30-12:40,776.3661499999997,233.84463550177168,-542.521514498228,True
D,2025-07-28,12,76,12:50-13:00,362.8619793289324,115.51954527777798,-247.34243405115444,True
D,2025-07-28,12,89,15:00-15:10,1221.7678333333338,1148.807216666667,-72.96061666666674,True
D,2025-07-28,12,90,15:10-15:20,1219.9961349999999,1181.4784572222222,-38.517677777777635,True
D,2025-07-28,12,91,15:20-15:30,1128.7761497222195,1049.013588364194,-79.76256135802555,True
D,2025-07-28,12,92,15:30-15:40,508.92252499999995,467.05628333333345,-41.8662416666665,True
D,2025-07-28,12,93,15:40-15:50,524.5146294444442,418.5684033055529,-105.94622613889123,True
D,2025-07-28,12,94,15:50-16:00,611.2051380555556,452.8365991666668,-158.3685388888888,True
D,2025-07-28,12,95,16:00-16:10,699.1951999999999,526.3505999999999,-172.8446,True
D,2025-07-28,12,96,16:10-16:20,717.9328841666667,546.637928611111,-171.2949555555557,True
D,2025-07-28,12,97,16:20-16:30,788.5099966666668,618.764685555556,-169.74531111111082,True
D,2025-07-28,12,98,16:30-16:40,864.0151249999999,675.4453333333332,-188.56979166666667,True
D,2025-07-28,12,99,16:40-16:50,921.6594541666666,687.6155955555556,-234.04385861111098,True
D,2025-07-28,12,100,16:50-17:00,863.4339768333328,767.972421111111,-95.46155572222187,True
D,2025-07-28,12,101,17:00-17:10,872.8077666666665,786.7836166666668,-86.02414999999962,True
D,2025-07-28,12,102,17:10-17:20,896.1297338888885,797.7924397222224,-98.33729416666608,True
D,2025-07-28,12,103,17:20-17:30,946.0327739444444,885.602789444444,-60.42998450000039,True
D,2025-07-28,12,107,18:00-18:10,790.8945666666666,676.374769477779,-114.51979718888765,True
D,2025-07-28,12,109,18:20-18:30,852.7994836444448,822.8912324999998,-29.90825114444499,True
D,2025-07-28,12,117,19:40-19:50,246.36685027777798,246.32930027777803,-0.03754999999995334,True
D,2025-07-28,12,118,19:50-20:00,253.57687138888878,253.55809638888874,-0.018775000000033515,True
D,2025-07-28,18,107,18:00-18:10,676.374769477779,795.8256999999999,119.45093052222092,True
D,2025-07-29,6,41,7:0-7:10,0.0,337.96912982617687,337.96912982617687,True
D,2025-07-29,6,42,7:10-7:20,0.0,430.717237777778,430.717237777778,True
D,2025-07-29,6,43,7:20-7:30,228.30745260395796,362.27439361111107,133.9669410071531,True
D,2025-07-29,6,44,7:30-7:40,247.97612500000014,394.46922500000005,146.4930999999999,True
D,2025-07-29,6,45,7:40-7:50,1088.0157352777778,1160.1575936111112,72.1418583333334,True
D,2025-07-29,6,64,10:50-11:00,0.0,283.0227530555554,283.0227530555554,True
D,2025-07-29,6,65,11:00-11:10,569.9431545110403,1068.9029166666667,498.9597621556263,True
D,2025-07-29,6,66,11:10-11:20,968.7262847222225,1005.5023391666666,36.77605444444407,True
D,2025-07-29,6,67,11:20-11:30,968.0607744444444,976.2227825000002,8.162008055555816,True
D,2025-07-29,6,68,11:30-11:40,909.4777583333333,972.6573416666668,63.179583333333426,True
D,2025-07-29,6,69,11:40-11:50,877.9480205555561,969.30097,91.35294944444388,True
D,2025-07-29,6,70,11:50-12:00,857.5048444444443,897.7724383333334,40.26759388888911,True
D,2025-07-29,6,72,12:10-12:20,703.4486872222222,818.1821199999999,114.7334327777777,True
D,2025-07-29,6,73,12:20-12:30,608.0552819444441,755.322170833333,147.26688888888884,True
D,2025-07-29,6,74,12:30-12:40,582.9779166666667,696.9526416666663,113.97472499999958,True
D,2025-07-29,6,75,12:40-12:50,647.9063322222228,739.1399899999997,91.2336577777769,True
D,2025-07-29,6,76,12:50-13:00,0.0,852.2311191666665,852.2311191666665,True
D,2025-07-29,6,89,15:00-15:10,378.3898666666669,1019.1959994184408,640.8061327517739,True
D,2025-07-29,6,90,15:10-15:20,389.0610702777781,1102.2126269444439,713.1515566666658,True
D,2025-07-29,6,91,15:20-15:30,353.1880813888887,461.345021111111,108.15693972222232,True
D,2025-07-29,6,117,19:40-19:50,262.0901677777779,262.1277177777779,0.037550000000010186,True
D,2025-07-29,6,118,19:50-20:00,270.6132055555556,270.63198055555563,0.018775000000005093,True
D,2025-07-29,12,71,12:00-12:10,813.3671833333334,26.424133333333543,-786.9430499999999,True
D,2025-07-29,12,72,12:10-12:20,818.1821199999999,577.8118347301747,-240.37028526982522,True
D,2025-07-29,12,73,12:20-12:30,755.322170833333,0.0,-755.322170833333,True
D,2025-07-29,12,74,12:30-12:40,696.9526416666663,0.0,-696.9526416666663,True
D,2025-07-29,12,75,12:40-12:50,739.1399899999997,647.9063322222228,-91.2336577777769,True
D,2025-07-29,12,76,12:50-13:00,852.2311191666665,0.0,-852.2311191666665,True
D,2025-07-29,12,89,15:00-15:10,1019.1959994184408,378.3898666666669,-640.8061327517739,True
D,2025-07-29,12,90,15:10-15:20,1102.2126269444439,389.06107027777813,-713.1515566666658,True
D,2025-07-29,12,91,15:20-15:30,461.345021111111,353.18808138888875,-108.15693972222226,True
D,2025-07-29,12,117,19:40-19:50,262.1277177777779,262.09016777777794,-0.03754999999995334,True
D,2025-07-29,12,118,19:50-20:00,270.63198055555563,270.61320555555557,-0.018775000000061937,True
D,2025-07-30,6,41,7:0-7:10,0.0,4.087362326175878,4.087362326175878,True
D,2025-07-30,6,42,7:10-7:20,0.0,471.9459363888889,471.9459363888889,True
D,2025-07-30,6,43,7:20-7:30,32.104279925560945,406.8026566666668,374.69837674110585,True
D,2025-07-30,6,44,7:30-7:40,253.30578333333347,408.99906666666664,155.69328333333317,True
D,2025-07-30,6,45,7:40-7:50,1102.7322175,1179.3998813888888,76.66766388888891,True
D,2025-07-30,6,64,10:50-11:00,0.0,72.2714519444446,72.2714519444446,True
D,2025-07-30,6,65,11:00-11:10,0.0,856.1512833333334,856.1512833333334,True
D,2025-07-30,6,66,11:10-11:20,656.0386808333333,807.2882549999999,151.24957416666666,True
D,2025-07-30,6,67,11:20-11:30,0.0,768.7493708333334,768.7493708333334,True
D,2025-07-30,6,68,11:30-11:40,0.0,740.8474083333333,740.8474083333333,True
D,2025-07-30,6,69,11:40-11:50,383.70314662592216,732.1349841666665,348.43183754074437,True
D,2025-07-30,6,70,11:50-12:00,604.0999799999995,673.5519399999998,69.45196000000033,True
D,2025-07-30,6,71,12:00-12:10,554.0065333333331,586.6666166666669,32.66008333333377,True
D,2025-07-30,6,72,12:10-12:20,475.33630277777763,582.1135605555558,106.77725777777812,True
D,2025-07-30,6,73,12:20-12:30,375.52877055555507,534.8372261111107,159.3084555555556,True
D,2025-07-30,6,74,12:30-12:40,376.02884166666627,522.0428749999999,146.0140333333336,True
D,2025-07-30,6,75,12:40-12:50,419.3396016666668,518.4872516666669,99.14765000000011,True
D,2025-07-30,6,76,12:50-13:00,0.0,476.50823337214536,476.50823337214536,True
D,2025-07-30,6,89,15:00-15:10,0.0,840.398550833332,840.398550833332,True
D,2025-07-30,6,90,15:10-15:20,108.03200796944745,1161.0302977777774,1052.99828980833,True
D,2025-07-30,6,91,15:20-15:30,132.22520222222204,497.65428833333397,365.4290861111119,True
D,2025-07-30,6,92,15:30-15:40,325.8521833333334,513.1410083333334,187.28882499999997,True
D,2025-07-30,6,93,15:40-15:50,299.22943691666416,512.8431324999998,213.61369558333564,True
D,2025-07-30,6,94,15:50-16:00,392.6366755555557,592.8398199999999,200.2031444444442,True
D,2025-07-30,6,95,16:00-16:10,497.3034,661.4653499999998,164.16194999999982,True
D,2025-07-30,6,96,16:10-16:20,494.28773527777764,651.7724556481483,157.4847203703706,True
D,2025-07-30,6,97,16:20-16:30,596.8716722222224,744.1988944444445,147.32722222222208,True
D,2025-07-30,6,98,16:30-16:40,712.6875,805.4773916666667,92.78989166666668,True
D,2025-07-30,6,99,16:40-16:50,696.2834897222222,810.7477555555557,114.46426583333357,True
D,2025-07-30,6,100,16:50-17:00,766.1445977777777,889.0067752777777,122.86217750000003,True
D,2025-07-30,6,101,17:00-17:10,802.8170666666668,939.0263191444426,136.20925247777575,True
D,2025-07-30,6,107,18:00-18:10,660.2337361444459,756.2351500000001,96.00141385555423,True
D,2025-07-30,6,109,18:20-18:30,883.2666897222222,896.8497822222222,13.58309250000002,True
D,2025-07-30,12,71,12:00-12:10,586.6666166666669,177.03847065610023,-409.62814601056664,True
D,2025-07-30,12,72,12:10-12:20,582.1135605555558,475.3363027777777,-106.77725777777806,True
D,2025-07-30,12,73,12:20-12:30,534.8372261111107,0.0,-534.8372261111107,True
D,2025-07-30,12,74,12:30-12:40,522.0428749999999,0.0,-522.0428749999999,True
D,2025-07-30,12,75,12:40-12:50,518.4872516666669,419.3396016666668,-99.14765000000011,True
D,2025-07-30,12,76,12:50-13:00,476.50823337214536,0.0,-476.50823337214536,True
D,2025-07-30,12,89,15:00-15:10,840.398550833332,378.40303333333327,-461.99551749999875,True
D,2025-07-30,12,90,15:10-15:20,1161.0302977777774,963.9530370370354,-197.07726074074196,True
D,2025-07-30,12,91,15:20-15:30,497.65428833333397,368.3512522222218,-129.3030361111122,True
D,2025-07-30,12,92,15:30-15:40,513.1410083333334,523.2669916666667,10.125983333333352,True
D,2025-07-30,12,93,15:40-15:50,512.8431324999998,536.2121886111111,23.369056111111263,True
D,2025-07-30,12,94,15:50-16:00,592.8398199999999,503.77808666666635,-89.06173333333356,True
D,2025-07-30,12,95,16:00-16:10,661.4653499999998,555.1353333333332,-106.33001666666667,True
D,2025-07-30,12,96,16:10-16:20,651.7724556481483,542.5273558055527,-109.24509984259555,True
D,2025-07-30,12,97,16:20-16:30,744.1988944444445,596.8716722222225,-147.32722222222196,True
D,2025-07-30,12,98,16:30-16:40,805.4773916666667,712.6875000000001,-92.78989166666656,True
D,2025-07-30,12,99,16:40-16:50,810.7477555555557,696.2834897222223,-114.46426583333346,True
D,2025-07-30,12,100,16:50-17:00,889.0067752777777,766.1445977777778,-122.86217749999992,True
D,2025-07-30,12,101,17:00-17:10,939.0263191444426,802.8170666666668,-136.20925247777575,True
D,2025-07-30,12,107,18:00-18:10,756.2351500000001,660.2337361444459,-96.00141385555423,True
D,2025-07-30,12,109,18:20-18:30,896.8497822222222,883.2666897222223,-13.583092499999907,True
D,2025-07-31,6,43,7:20-7:30,0.0,120.3800045833309,120.3800045833309,True
D,2025-07-31,6,44,7:30-7:40,214.2796166666668,366.31084999999996,152.03123333333315,True
D,2025-07-31,6,45,7:40-7:50,1056.8852120599531,1164.5658480555558,107.68063599560264,True
D,2025-07-31,6,65,11:00-11:10,622.0390333333332,676.5641333333333,54.525100000000066,True
D,2025-07-31,6,66,11:10-11:20,660.0295377777777,670.2397619444446,10.210224166666876,True
D,2025-07-31,6,70,11:50-12:00,725.9838555555552,728.5366655555556,2.5528100000003633,True
D,2025-07-31,6,72,12:10-12:20,647.6351372222224,701.5048255555555,53.8696883333331,True
D,2025-07-31,6,73,12:20-12:30,566.2808986111107,668.1383152777775,101.85741666666672,True
D,2025-07-31,6,74,12:30-12:40,588.858183333333,672.877708333333,84.01952499999993,True
D,2025-07-31,6,75,12:40-12:50,632.1394327777778,664.7491050000001,32.60967222222234,True
D,2025-07-31,6,76,12:50-13:00,0.0,696.3698375000004,696.3698375000004,True
D,2025-07-31,6,89,15:00-15:10,332.2000045110408,1128.0602833333335,795.8602788222927,True
D,2025-07-31,6,90,15:10-15:20,1030.8964294444445,1126.6990766666663,95.80264722222182,True
D,2025-07-31,6,91,15:20-15:30,238.2413272222218,936.8568669444496,698.6155397222278,True
D,2025-07-31,6,92,15:30-15:40,320.09913333333327,393.1616833333334,73.0625500000001,True
D,2025-07-31,6,93,15:40-15:50,256.1602646944422,393.45315472222205,137.29289002777983,True
D,2025-07-31,6,94,15:50-16:00,303.5095486111111,444.18803194444445,140.67848333333336,True
D,2025-07-31,6,95,16:00-16:10,369.18521666666663,490.6186499999999,121.43343333333326,True
D,2025-07-31,6,96,16:10-16:20,429.4624447222225,545.6259308333333,116.16348611111084,True
D,2025-07-31,6,97,16:20-16:30,552.6266602777779,662.4401158333334,109.81345555555549,True
D,2025-07-31,6,98,16:30-16:40,649.295,707.1785,57.883500000000026,True
D,2025-07-31,6,99,16:40-16:50,666.2443258333335,739.2793770833348,73.03505125000129,True
D,2025-07-31,12,71,12:00-12:10,714.2002333333332,571.9826052777762,-142.21762805555704,True
D,2025-07-31,12,72,12:10-12:20,701.5048255555555,647.6351372222224,-53.8696883333331,True
D,2025-07-31,12,73,12:20-12:30,668.1383152777775,0.0,-668.1383152777775,True
D,2025-07-31,12,74,12:30-12:40,672.877708333333,0.0,-672.877708333333,True
D,2025-07-31,12,75,12:40-12:50,664.7491050000001,632.1394327777778,-32.60967222222234,True
D,2025-07-31,12,76,12:50-13:00,696.3698375000004,0.0,-696.3698375000004,True
D,2025-07-31,12,89,15:00-15:10,1128.0602833333335,339.5084260185171,-788.5518573148163,True
D,2025-07-31,12,90,15:10-15:20,1126.6990766666663,1180.0011235185202,53.3020468518539,True
D,2025-07-31,12,91,15:20-15:30,936.8568669444496,433.35126527777777,-503.50560166667185,True
D,2025-07-31,12,92,15:30-15:40,393.1616833333334,435.84018333333336,42.678499999999985,True
D,2025-07-31,12,93,15:40-15:50,393.45315472222205,439.55846083333347,46.10530611111142,True
D,2025-07-31,12,94,15:50-16:00,444.18803194444445,431.17995499999984,-13.00807694444461,True
D,2025-07-31,12,95,16:00-16:10,490.6186499999999,470.93451666666647,-19.68413333333342,True
D,2025-07-31,12,96,16:10-16:20,545.6259308333333,532.6465161111113,-12.979414722222032,True
D,2025-07-31,12,97,16:20-16:30,662.4401158333334,602.8281936111113,-59.61192222222212,True
D,2025-07-31,12,98,16:30-16:40,707.1785,738.6339583333333,31.455458333333354,True
D,2025-07-31,12,99,16:40-16:50,739.2793770833348,666.2443258333336,-73.03505125000117,True
D,2025-08-02,6,89,15:00-15:10,131.53844683333466,0.0,-131.53844683333466,True
D,2025-08-02,6,90,15:10-15:20,282.36221305555557,28.59083222222182,-253.77138083333375,True
D,2025-08-02,6,92,15:30-15:40,183.54987500000038,62.200437962963306,-121.34943703703708,True
D,2025-08-02,6,93,15:40-15:50,247.82000138888873,106.45392055555544,-141.36608083333329,True
D,2025-08-02,6,94,15:50-16:00,245.05463777777732,195.73440111111108,-49.32023666666623,True
D,2025-08-02,12,90,15:10-15:20,28.59083222222182,44.77159611111074,16.18076388888892,True
D,2025-08-02,12,92,15:30-15:40,62.200437962963306,142.8634641975306,80.66302623456728,True
D,2025-08-02,12,93,15:40-15:50,106.45392055555544,167.47747611111117,61.02355555555573,True
D,2025-08-02,12,94,15:50-16:00,195.73440111111108,245.05463777777737,49.32023666666629,True
D,2025-08-03,6,89,15:00-15:10,0.0,11.569150000000263,11.569150000000263,True
D,2025-08-03,6,90,15:10-15:20,0.0,9.093356388888424,9.093356388888424,True
D,2025-08-03,6,91,15:20-15:30,0.0,24.697003055555797,24.697003055555797,True
D,2025-08-03,6,92,15:30-15:40,0.0,100.80395833333318,100.80395833333318,True
D,2025-08-03,6,93,15:40-15:50,20.968853333333186,192.5533711111109,171.5845177777777,True
D,2025-08-03,6,94,15:50-16:00,132.60298666666688,228.14134138888915,95.53835472222227,True
D,2025-08-03,6,95,16:00-16:10,171.61096666666663,251.19878333333304,79.58781666666641,True
D,2025-08-03,6,96,16:10-16:20,195.23622722222206,371.6351211111107,176.39889388888867,True
D,2025-08-03,6,97,16:20-16:30,246.3782202777778,274.2207933333329,27.84257305555508,True
D,2025-08-03,12,89,15:00-15:10,11.569150000000263,0.0,-11.569150000000263,True
D,2025-08-03,12,90,15:10-15:20,9.093356388888424,0.0,-9.093356388888424,True
D,2025-08-03,12,91,15:20-15:30,24.697003055555797,0.0,-24.697003055555797,True
D,2025-08-03,12,92,15:30-15:40,100.80395833333318,0.0,-100.80395833333318,True
D,2025-08-03,12,93,15:40-15:50,192.5533711111109,20.96885333333319,-171.5845177777777,True
D,2025-08-03,12,94,15:50-16:00,228.14134138888915,132.6029866666669,-95.53835472222224,True
D,2025-08-03,12,95,16:00-16:10,251.19878333333304,171.6109666666666,-79.58781666666644,True
D,2025-08-03,12,96,16:10-16:20,371.6351211111107,195.23622722222203,-176.3988938888887,True
D,2025-08-03,12,97,16:20-16:30,274.2207933333329,246.37822027777784,-27.84257305555505,True
D,2025-08-04,12,71,12:00-12:10,564.0014666666666,0.0,-564.0014666666666,True
D,2025-08-04,12,72,12:10-12:20,524.3769405555557,0.0,-524.3769405555557,True
D,2025-08-04,12,73,12:20-12:30,443.36418777777743,0.0,-443.36418777777743,True
D,2025-08-04,12,74,12:30-12:40,431.5608583333332,0.0,-431.5608583333332,True
D,2025-08-04,12,75,12:40-12:50,460.66792361111106,203.6324554241462,-257.03546818696486,True
D,2025-08-05,12,73,12:20-12:30,336.4648772222217,0.0,-336.4648772222217,True
D,2025-08-05,12,74,12:30-12:40,346.07532499999974,150.70821938271195,-195.3671056172878,True
D,2025-08-06,6,89,15:00-15:10,1446.1402333333335,1133.7976833333332,-312.3425500000003,True
D,2025-08-06,6,90,15:10-15:20,1533.9212938888886,1167.4618455555556,-366.45944833333306,True
D,2025-08-06,6,91,15:20-15:30,1498.522056111111,1285.4646102777774,-213.05744583333353,True
D,2025-08-06,12,71,12:00-12:10,568.6904000000001,343.30580691180637,-225.3845930881937,True
D,2025-08-06,12,72,12:10-12:20,511.25717416666674,505.16825944444395,-6.088914722222796,True
D,2025-08-06,12,73,12:20-12:30,425.9691866666664,0.0,-425.9691866666664,True
D,2025-08-06,12,74,12:30-12:40,461.3809833333332,0.0,-461.3809833333332,True
D,2025-08-06,12,89,15:00-15:10,1133.7976833333332,1288.2113333333332,154.41364999999996,True
D,2025-08-06,12,90,15:10-15:20,1167.4618455555556,1321.171503888889,153.70965833333344,True
D,2025-08-06,12,91,15:20-15:30,1285.4646102777774,1438.4702769444443,153.0056666666669,True
D,2025-08-06,12,93,15:40-15:50,796.9865986111113,720.8233753703744,-76.1632232407369,True
D,2025-08-06,12,94,15:50-16:00,810.947460277778,766.8410124999999,-44.106447777778044,True
D,2025-08-06,12,95,16:00-16:10,815.8643666666668,774.7402795000005,-41.1240871666663,True
D,2025-08-06,12,96,16:10-16:20,841.3251172222222,792.5368925000002,-48.78822472222191,True
D,2025-08-06,18,127,21:20-21:30,1069.3642158333332,1059.4107281666668,-9.953487666666433,True
D,2025-08-06,18,128,21:30-21:40,1066.5332499999997,1045.56825,-20.96499999999969,True
D,2025-08-06,18,129,21:40-21:50,966.1118758333333,949.9935608333333,-16.118315000000052,True
D,2025-08-07,6,42,7:10-7:20,282.0765597222222,0.0,-282.0765597222222,True
D,2025-08-07,6,43,7:20-7:30,256.3643294444444,0.0,-256.3643294444444,True
D,2025-08-07,6,45,7:40-7:50,1071.932667222222,654.8967493827188,-417.0359178395033,True
D,2025-08-07,6,64,10:50-11:00,52.40981777777756,0.0,-52.40981777777756,True
D,2025-08-07,6,65,11:00-11:10,139.82058170548237,0.0,-139.82058170548237,True
D,2025-08-07,6,66,11:10-11:20,913.4568972222219,619.6616130555553,-293.79528416666653,True
D,2025-08-07,6,67,11:20-11:30,900.937007777778,333.8259648536307,-567.1110429241473,True
D,2025-08-07,6,68,11:30-11:40,919.8143833333336,707.293683333333,-212.5207000000006,True
D,2025-08-07,6,69,11:40-11:50,912.5744813888889,689.0474647222223,-223.52701666666655,True
D,2025-08-07,6,70,11:50-12:00,832.8519719444444,530.0922861111111,-302.75968583333326,True
D,2025-08-07,6,71,12:00-12:10,767.0301833333333,359.5170499999999,-407.51313333333337,True
D,2025-08-07,6,72,12:10-12:20,768.649888888889,443.8394658333332,-324.8104230555558,True
D,2025-08-07,6,73,12:20-12:30,726.9627177777774,562.0693425000003,-164.89337527777707,True
D,2025-08-07,6,74,12:30-12:40,721.6727333333333,579.266591666667,-142.40614166666637,True
D,2025-08-07,6,75,12:40-12:50,781.8566963888893,532.6831866666665,-249.17350972222278,True
D,2025-08-07,6,76,12:50-13:00,193.22871138888968,0.0,-193.22871138888968,True
D,2025-08-07,6,97,16:20-16:30,447.9109208333333,505.8716508333298,57.96072999999649,True
D,2025-08-07,12,71,12:00-12:10,359.5170499999999,0.0,-359.5170499999999,True
D,2025-08-07,12,72,12:10-12:20,443.8394658333332,0.0,-443.8394658333332,True
D,2025-08-07,12,73,12:20-12:30,562.0693425000003,0.0,-562.0693425000003,True
D,2025-08-07,12,74,12:30-12:40,579.266591666667,0.0,-579.266591666667,True
D,2025-08-07,12,75,12:40-12:50,532.6831866666665,0.0,-532.6831866666665,True
D,2025-08-07,12,89,15:00-15:10,844.0244045370343,627.8346660493829,-216.18973848765143,True
D,2025-08-07,12,97,16:20-16:30,505.8716508333298,447.91092083333336,-57.96072999999643,True
D,2025-08-10,18,108,18:10-18:20,533.9392690833333,704.8678972222219,170.9286281388886,True
D,2025-08-10,18,109,18:20-18:30,740.4626294444446,765.173548611111,24.710919166666372,True
D,2025-08-10,18,111,18:40-18:50,831.6044286111115,851.8382591666667,20.233830555555187,True
D,2025-08-10,18,112,18:50-19:00,845.5735658333335,866.1010263888887,20.527460555555194,True
D,2025-08-10,18,115,19:20-19:30,451.1875324095101,755.7812617717692,304.5937293622591,True
D,2025-08-11,6,89,15:00-15:10,52.93689638889082,88.3162500000002,35.37935361110937,True
D,2025-08-11,6,90,15:10-15:20,115.11729888888851,183.85222555555572,68.7349266666672,True
D,2025-08-11,6,92,15:30-15:40,240.98646666666696,272.2113166666667,31.22484999999972,True
D,2025-08-11,6,93,15:40-15:50,265.74810555555564,323.58156166666663,57.83345611111099,True
D,2025-08-11,6,94,15:50-16:00,284.54770166666674,337.1244508333334,52.57674916666667,True
D,2025-08-11,6,95,16:00-16:10,351.34721666666667,386.9807999999997,35.633583333333036,True
D,2025-08-11,6,96,16:10-16:20,356.8161641666668,504.18528583333296,147.36912166666616,True
D,2025-08-11,6,97,16:20-16:30,400.2595275,568.9480079722222,168.68848047222218,True
D,2025-08-11,6,98,16:30-16:40,509.3287333333333,573.8063666666663,64.47763333333307,True
D,2025-08-11,12,71,12:00-12:10,545.8345999999999,0.0,-545.8345999999999,True
D,2025-08-11,12,72,12:10-12:20,530.4113158333332,0.0,-530.4113158333332,True
D,2025-08-11,12,73,12:20-12:30,502.28038583333296,0.0,-502.28038583333296,True
D,2025-08-11,12,74,12:30-12:40,557.8566583333328,0.0,-557.8566583333328,True
D,2025-08-11,12,75,12:40-12:50,635.2371891666672,0.0,-635.2371891666672,True
D,2025-08-11,12,89,15:00-15:10,88.3162500000002,60.54611666666676,-27.770133333333433,True
D,2025-08-11,12,90,15:10-15:20,183.85222555555572,156.2356533333334,-27.616572222222317,True
D,2025-08-11,12,92,15:30-15:40,272.2113166666667,240.98646666666693,-31.224849999999748,True
D,2025-08-11,12,93,15:40-15:50,323.58156166666663,265.7481055555557,-57.833456111110934,True
D,2025-08-11,12,94,15:50-16:00,337.1244508333334,305.7761513888888,-31.348299444444592,True
D,2025-08-11,12,95,16:00-16:10,386.9807999999997,373.9336389722233,-13.047161027776383,True
D,2025-08-11,12,96,16:10-16:20,504.18528583333296,356.81616416666674,-147.36912166666622,True
D,2025-08-11,12,97,16:20-16:30,568.9480079722222,400.25952750000005,-168.68848047222212,True
D,2025-08-11,12,98,16:30-16:40,573.8063666666663,509.3287333333334,-64.47763333333296,True
D,2025-08-12,6,66,11:10-11:20,825.9562577777779,795.3987986111115,-30.557459166666376,True
D,2025-08-12,6,68,11:30-11:40,839.2309416666671,837.5634166666667,-1.6675250000004098,True
D,2025-08-12,6,69,11:40-11:50,825.9781319444446,787.1119652777778,-38.8661666666668,True
D,2025-08-12,6,70,11:50-12:00,822.7873946296253,708.468430833333,-114.31896379629234,True
D,2025-08-12,6,71,12:00-12:10,784.4956666666665,666.9859333333329,-117.50973333333354,True
D,2025-08-12,6,72,12:10-12:20,723.5392611111109,539.1933972222222,-184.34586388888874,True
D,2025-08-12,6,73,12:20-12:30,655.5734163888884,598.6392633333336,-56.934153055554816,True
D,2025-08-12,6,74,12:30-12:40,705.6877416666664,659.0823333333333,-46.605408333333116,True
D,2025-08-12,6,75,12:40-12:50,798.450445277778,632.9191799999995,-165.53126527777852,True
D,2025-08-12,12,71,12:00-12:10,666.9859333333329,0.0,-666.9859333333329,True
D,2025-08-12,12,72,12:10-12:20,539.1933972222222,0.0,-539.1933972222222,True
D,2025-08-12,12,73,12:20-12:30,598.6392633333336,0.0,-598.6392633333336,True
D,2025-08-12,12,74,12:30-12:40,659.0823333333333,0.0,-659.0823333333333,True
D,2025-08-12,12,75,12:40-12:50,632.9191799999995,29.13789364992445,-603.7812863500751,True
D,2025-08-12,12,76,12:50-13:00,223.32022666666717,0.0,-223.32022666666717,True
D,2025-08-13,12,71,12:00-12:10,612.5918999999998,319.91375119444,-292.6781488055598,True
D,2025-08-13,12,73,12:20-12:30,515.0686408333328,0.0,-515.0686408333328,True
D,2025-08-13,12,74,12:30-12:40,495.7230666666664,0.0,-495.7230666666664,True
D,2025-08-13,18,107,18:00-18:10,710.8423999999998,752.6076666666664,41.76526666666666,True
D,2025-08-14,6,66,11:10-11:20,316.4951997222224,406.031526944446,89.53632722222358,True
D,2025-08-14,6,70,11:50-12:00,449.38812111111076,538.5274552777778,89.13933416666703,True
D,2025-08-14,6,72,12:10-12:20,500.22472888888876,515.908095,15.68336611111124,True
D,2025-08-14,6,73,12:20-12:30,442.0005902777772,510.82143666666707,68.82084638888989,True
D,2025-08-14,6,74,12:30-12:40,457.8161916666663,496.52899166666634,38.712800000000016,True
D,2025-08-14,6,75,12:40-12:50,515.6998297222226,554.2656858333332,38.565856111110634,True
D,2025-08-14,12,72,12:10-12:20,515.908095,500.2247288888888,-15.683366111111184,True
D,2025-08-14,12,73,12:20-12:30,510.82143666666707,24.55847844848597,-486.2629582181811,True
D,2025-08-14,12,74,12:30-12:40,496.52899166666634,457.81619166666627,-38.71280000000007,True
D,2025-08-14,12,75,12:40-12:50,554.2656858333332,515.6998297222226,-38.565856111110634,True
D,2025-08-15,6,75,12:40-12:50,582.7043247222218,0.0,-582.7043247222218,True
D,2025-08-15,6,89,15:00-15:10,744.5854351851846,189.1225833333333,-555.4628518518513,True
D,2025-08-15,6,90,15:10-15:20,978.635406388889,477.21591925925907,-501.41948712962994,True
D,2025-08-15,6,92,15:30-15:40,311.9163000000002,151.887037962962,-160.0292620370382,True
D,2025-08-15,6,93,15:40-15:50,271.83007805555576,245.6402705555555,-26.189807500000256,True
D,2025-08-15,12,89,15:00-15:10,189.1225833333333,75.01036666666664,-114.11221666666665,True
D,2025-08-15,12,90,15:10-15:20,477.21591925925907,184.32243993827174,-292.89347932098735,True
D,2025-08-15,12,91,15:20-15:30,225.97864777777767,132.08749777777746,-93.89115000000021,True
D,2025-08-15,12,92,15:30-15:40,151.887037962962,62.10304166666663,-89.78399629629538,True
D,2025-08-15,12,93,15:40-15:50,245.6402705555555,167.37185388888918,-78.26841666666633,True
D,2025-08-15,18,107,18:00-18:10,661.6651499999999,632.3325666666666,-29.332583333333332,True
D,2025-08-15,18,109,18:20-18:30,710.1992769444445,681.2048658333333,-28.994411111111162,True
D,2025-08-15,18,110,18:30-18:40,735.2063750000001,720.4618508333338,-14.744524166666338,True
D,2025-08-15,18,112,18:50-19:00,780.391570277778,776.5263980555557,-3.865172222222327,True
D,2025-08-16,6,89,15:00-15:10,58.08668333333344,0.0,-58.08668333333344,True
D,2025-08-16,6,90,15:10-15:20,128.3244565123452,43.47626333333312,-84.84819317901207,True
D,2025-08-16,6,91,15:20-15:30,175.98073166666666,2.6487491666655387,-173.33198250000112,True
D,2025-08-16,6,92,15:30-15:40,204.04167499999994,0.0,-204.04167499999994,True
D,2025-08-16,6,93,15:40-15:50,246.55294500000014,66.04889999999989,-180.50404500000025,True
D,2025-08-16,6,94,15:50-16:00,276.4608641666665,147.89895166666645,-128.56191250000006,True
D,2025-08-16,6,95,16:00-16:10,302.9745833333334,165.37098333333302,-137.60360000000037,True
D,2025-08-16,6,96,16:10-16:20,361.01448638888894,222.58564916666614,-138.4288372222228,True
D,2025-08-16,6,97,16:20-16:30,443.06349777777774,303.4185583333328,-139.64493944444496,True
D,2025-08-16,6,98,16:30-16:40,525.5783250000002,401.8231666666665,-123.75515833333367,True
D,2025-08-16,6,99,16:40-16:50,503.581141083332,476.0582716666664,-27.52286941666557,True
D,2025-08-16,6,104,17:30-17:40,573.0325423333337,486.8241933333334,-86.20834900000028,True
D,2025-08-16,12,90,15:10-15:20,43.47626333333312,6.638147500000411,-36.83811583333271,True
D,2025-08-16,12,91,15:20-15:30,2.6487491666655387,0.0,-2.6487491666655387,True
D,2025-08-16,12,93,15:40-15:50,66.04889999999989,63.57812222222242,-2.470777777777471,True
D,2025-08-16,12,94,15:50-16:00,147.89895166666645,150.90641277777775,3.007461111111297,True
D,2025-08-16,12,95,16:00-16:10,165.37098333333302,173.8566833333332,8.485700000000179,True
D,2025-08-16,12,96,16:10-16:20,222.58564916666614,230.1228186111108,7.5371694444446575,True
D,2025-08-16,12,97,16:20-16:30,303.4185583333328,310.0071972222218,6.588638888889022,True
D,2025-08-16,12,98,16:30-16:40,401.8231666666665,407.4632749999999,5.640108333333387,True
D,2025-08-16,12,99,16:40-16:50,476.0582716666664,480.7498494444444,4.6915777777779795,True
D,2025-08-16,12,104,17:30-17:40,486.8241933333334,543.8659488888885,57.041755555555085,True
D,2025-08-16,18,107,18:00-18:10,538.9318333333331,515.4023999999997,-23.529433333333373,True
D,2025-08-16,18,108,18:10-18:20,417.66403019444533,383.7943007500023,-33.86972944444301,True
D,2025-08-16,18,109,18:20-18:30,589.7656441666669,543.8855552777778,-45.88008888888908,True
D,2025-08-16,18,110,18:30-18:40,636.7166750000001,560.5893083333335,-76.1273666666666,True
D,2025-08-16,18,111,18:40-18:50,677.4886822222223,623.3965416666665,-54.09214055555583,True
D,2025-08-16,18,112,18:50-19:00,681.5809897222224,568.6903016666665,-112.89068805555587,True
D,2025-08-17,12,73,12:20-12:30,8.321393302468637,0.0,-8.321393302468637,True
D,2025-08-17,12,75,12:40-12:50,674.3385277777774,98.35799174360676,-575.9805360341707,True
D,2025-08-17,12,98,16:30-16:40,270.96006666666653,286.969325,16.00925833333349,True
D,2025-08-18,12,71,12:00-12:10,428.14754999999974,0.0,-428.14754999999974,True
D,2025-08-18,12,72,12:10-12:20,390.91529916666644,158.11427327955414,-232.8010258871123,True
D,2025-08-18,12,73,12:20-12:30,353.80697414375,0.0,-353.80697414375,True
D,2025-08-18,12,74,12:30-12:40,432.3881666666664,0.0,-432.3881666666664,True
D,2025-08-18,18,107,18:00-18:10,830.964540969444,765.4041512194419,-65.56038975000206,True
D,2025-08-18,18,108,18:10-18:20,812.8739027777776,770.6371788888889,-42.23672388888872,True
D,2025-08-18,18,109,18:20-18:30,902.3503724722225,868.9522194444444,-33.39815302777811,True
D,2025-08-18,18,110,18:30-18:40,943.18845,936.857725,-6.3307250000000295,True
D,2025-08-19,12,71,12:00-12:10,492.50090000000006,0.0,-492.50090000000006,True
D,2025-08-19,12,72,12:10-12:20,478.70835111111137,0.0,-478.70835111111137,True
D,2025-08-19,12,73,12:20-12:30,468.317140555556,0.0,-468.317140555556,True
D,2025-08-19,12,74,12:30-12:40,491.69508333333346,0.0,-491.69508333333346,True
D,2025-08-19,12,75,12:40-12:50,530.7017152777775,0.0,-530.7017152777775,True
D,2025-08-19,18,107,18:00-18:10,790.3905,790.1440792888866,-0.24642071111338737,True
D,2025-08-19,18,108,18:10-18:20,799.1387541666667,788.4681365444446,-10.67061762222204,True
D,2025-08-20,6,44,7:30-7:40,254.27357657618134,339.07156666666685,84.79799009048551,True
D,2025-08-20,6,45,7:40-7:50,315.82550277777773,402.28923264637353,86.4637298685958,True
D,2025-08-20,6,65,11:00-11:10,862.5119833333331,755.3737878165878,-107.13819551674533,True
D,2025-08-20,6,66,11:10-11:20,892.564087222222,849.9509149999999,-42.61317222222215,True
D,2025-08-20,6,67,11:20-11:30,916.9274761111117,861.0681033333335,-55.85937277777816,True
D,2025-08-20,6,68,11:30-11:40,910.9023416666666,841.5779999999997,-69.3243416666669,True
D,2025-08-20,6,69,11:40-11:50,909.980981111111,849.6211199999999,-60.35986111111106,True
D,2025-08-20,6,70,11:50-12:00,877.4818572222221,826.0864766666668,-51.39538055555522,True
D,2025-08-20,6,71,12:00-12:10,835.9237333333332,793.4928333333334,-42.43089999999984,True
D,2025-08-20,6,72,12:10-12:20,853.2499477777782,793.6718422222224,-59.578105555555794,True
D,2025-08-20,6,73,12:20-12:30,868.9253638888882,792.2000527777778,-76.72531111111039,True
D,2025-08-20,6,74,12:30-12:40,815.3234499999996,721.4509333333333,-93.87251666666634,True
D,2025-08-20,6,75,12:40-12:50,735.6589202777777,624.6391980555552,-111.01972222222253,True
D,2025-08-20,6,76,12:50-13:00,605.810988156082,0.0,-605.810988156082,True
D,2025-08-20,6,89,15:00-15:10,929.5938811419845,195.32760000000007,-734.2662811419845,True
D,2025-08-20,6,90,15:10-15:20,1163.1146680555557,954.661148302469,-208.45351975308677,True
D,2025-08-20,6,91,15:20-15:30,363.81623277777726,286.30704388888853,-77.50918888888873,True
D,2025-08-20,6,92,15:30-15:40,397.53496666666695,349.30144166666685,-48.2335250000001,True
D,2025-08-20,6,93,15:40-15:50,421.45724805555574,402.4993869444444,-18.957861111111356,True
D,2025-08-20,12,71,12:00-12:10,793.4928333333334,783.9075499999998,-9.585283333333564,True
D,2025-08-20,12,72,12:10-12:20,793.6718422222224,796.5330950000001,2.861252777777736,True
D,2025-08-20,12,73,12:20-12:30,792.2000527777778,0.0,-792.2000527777778,True
D,2025-08-20,12,74,12:30-12:40,721.4509333333333,79.55628608819322,-641.89464724514,True
D,2025-08-20,12,75,12:40-12:50,624.6391980555552,664.8400591666664,40.20086111111118,True
D,2025-08-20,12,89,15:00-15:10,195.32760000000007,650.4582990740741,455.1306990740741,True
D,2025-08-20,12,90,15:10-15:20,954.661148302469,1120.9236291666666,166.26248086419764,True
D,2025-08-20,12,91,15:20-15:30,286.30704388888853,344.5213883333331,58.21434444444458,True
D,2025-08-20,12,92,15:30-15:40,349.30144166666685,397.5349666666669,48.23352500000004,True
D,2025-08-20,12,93,15:40-15:50,402.4993869444444,421.4572480555558,18.957861111111413,True
D,2025-08-21,6,65,11:00-11:10,659.8857499999997,626.4202333333333,-33.46551666666642,True
D,2025-08-21,6,66,11:10-11:20,685.4260547222218,657.3805158333334,-28.04553888888836,True
D,2025-08-21,6,67,11:20-11:30,706.950581944445,666.6735925,-40.27698944444501,True
D,2025-08-21,6,68,11:30-11:40,717.0333833333332,664.3061750000002,-52.72720833333301,True
D,2025-08-21,6,69,11:40-11:50,774.8306127777774,732.0826349999999,-42.74797777777758,True
D,2025-08-21,6,70,11:50-12:00,762.9643430555557,730.1955958333333,-32.76874722222237,True
D,2025-08-21,6,71,12:00-12:10,700.7637999999998,677.9742833333333,-22.789516666666486,True
D,2025-08-21,6,72,12:10-12:20,733.481323888889,706.3787266666667,-27.102597222222357,True
D,2025-08-21,6,73,12:20-12:30,762.668305277777,731.2526274999997,-31.41567777777732,True
D,2025-08-21,6,74,12:30-12:40,711.9563999999996,676.2276416666664,-35.72875833333319,True
D,2025-08-21,6,75,12:40-12:50,655.3352238888888,615.2933849999997,-40.04183888888906,True
D,2025-08-21,6,89,15:00-15:10,479.05008333333353,113.61016666666683,-365.4399166666667,True
D,2025-08-21,6,90,15:10-15:20,1126.4103933721476,845.368374853626,-281.04201851852156,True
D,2025-08-21,6,91,15:20-15:30,369.31468972222183,287.07996194444434,-82.2347277777775,True
D,2025-08-21,6,92,15:30-15:40,430.31602499999997,387.62915,-42.686874999999986,True
D,2025-08-21,6,93,15:40-15:50,440.4596452777781,437.32062305555553,-3.139022222222593,True
D,2025-08-21,12,71,12:00-12:10,677.9742833333333,0.0,-677.9742833333333,True
D,2025-08-21,12,72,12:10-12:20,706.3787266666667,0.0,-706.3787266666667,True
D,2025-08-21,12,73,12:20-12:30,731.2526274999997,0.0,-731.2526274999997,True
D,2025-08-21,12,74,12:30-12:40,676.2276416666664,0.0,-676.2276416666664,True
D,2025-08-21,12,75,12:40-12:50,615.2933849999997,0.0,-615.2933849999997,True
D,2025-08-21,12,89,15:00-15:10,113.61016666666683,479.05008333333353,365.4399166666667,True
D,2025-08-21,12,90,15:10-15:20,845.368374853626,1126.4103933721478,281.0420185185218,True
D,2025-08-21,12,91,15:20-15:30,287.07996194444434,369.31468972222194,82.23472777777761,True
D,2025-08-21,12,92,15:30-15:40,387.62915,430.3160249999999,42.68687499999993,True
D,2025-08-21,12,93,15:40-15:50,437.32062305555553,440.4596452777782,3.13902222222265,True
D,2025-08-22,6,89,15:00-15:10,191.67428351851729,0.0,-191.67428351851729,True
D,2025-08-22,6,90,15:10-15:20,422.17151833333344,0.0,-422.17151833333344,True
D,2025-08-22,6,91,15:20-15:30,281.2482902777774,90.28767916666641,-190.960611111111,True
D,2025-08-22,6,92,15:30-15:40,343.21741666666674,176.78970000000004,-166.4277166666667,True
D,2025-08-22,6,93,15:40-15:50,342.92629388888895,201.0314716666668,-141.89482222222216,True
D,2025-08-22,6,94,15:50-16:00,328.59613666666644,263.01124500000026,-65.58489166666618,True
D,2025-08-22,12,89,15:00-15:10,0.0,118.6407333333334,118.6407333333334,True
D,2025-08-22,12,90,15:10-15:20,0.0,351.82695648148047,351.82695648148047,True
D,2025-08-22,12,91,15:20-15:30,90.28767916666641,224.18045694444413,133.89277777777772,True
D,2025-08-22,12,92,15:30-15:40,176.78970000000004,292.87294166666675,116.08324166666671,True
D,2025-08-22,12,93,15:40-15:50,201.0314716666668,299.30517722222237,98.27370555555558,True
D,2025-08-22,12,94,15:50-16:00,263.01124500000026,328.59613666666644,65.58489166666618,True
D,2025-08-23,6,96,16:10-16:20,4.253658611111064,82.68278175925985,78.42912314814879,True
D,2025-08-23,6,97,16:20-16:30,18.56645499999979,128.5187236111111,109.95226861111132,True
D,2025-08-23,6,98,16:30-16:40,93.08119999999963,148.7954249999999,55.71422500000028,True
D,2025-08-23,6,99,16:40-16:50,136.49432500000012,242.34735249999983,105.85302749999971,True
D,2025-08-23,6,100,16:50-17:00,126.66031333333342,230.61237634773204,103.95206301439862,True
D,2025-08-23,6,101,17:00-17:10,129.56771666666657,201.47006666666658,71.90235000000001,True
D,2025-08-23,6,102,17:10-17:20,243.6157297222221,310.17466305555536,66.55893333333324,True
D,2025-08-23,6,103,17:20-17:30,290.2158794444443,374.16935027777777,83.95347083333348,True
D,2025-08-23,6,105,17:40-17:50,430.79713722222226,438.56596717078594,7.768829948563678,True
D,2025-08-23,12,95,16:00-16:10,5.971349999999915,10.36123074999933,4.389880749999414,True
D,2025-08-23,12,96,16:10-16:20,82.68278175925985,126.9163719444453,44.23359018518545,True
D,2025-08-23,12,97,16:20-16:30,128.5187236111111,142.4795330555554,13.960809444444294,True
D,2025-08-23,12,98,16:30-16:40,148.7954249999999,224.08563333333313,75.29020833333323,True
D,2025-08-23,12,99,16:40-16:50,242.34735249999983,289.3908163888891,47.04346388888928,True
D,2025-08-23,12,100,16:50-17:00,230.61237634773204,280.19102869444424,49.578652346712204,True
D,2025-08-23,12,101,17:00-17:10,201.47006666666658,129.5677166666666,-71.90234999999998,True
D,2025-08-23,12,102,17:10-17:20,310.17466305555536,243.61572972222214,-66.55893333333321,True
D,2025-08-23,12,103,17:20-17:30,374.16935027777777,290.2158794444443,-83.95347083333348,True
D,2025-08-23,12,105,17:40-17:50,438.56596717078594,430.79713722222226,-7.768829948563678,True
D,2025-08-24,6,43,7:20-7:30,0.0,114.69727500000067,114.69727500000067,True
D,2025-08-24,6,44,7:30-7:40,0.0,136.96547500000008,136.96547500000008,True
D,2025-08-24,6,45,7:40-7:50,0.0,656.4000755246918,656.4000755246918,True
D,2025-08-24,6,89,15:00-15:10,139.70191666666665,0.0,-139.70191666666665,True
D,2025-08-24,6,90,15:10-15:20,337.3631943518529,0.0,-337.3631943518529,True
D,2025-08-24,6,91,15:20-15:30,179.684991388889,66.2785399999998,-113.4064513888892,True
D,2025-08-24,6,92,15:30-15:40,235.90050833333362,160.54427500000008,-75.35623333333353,True
D,2025-08-24,6,93,15:40-15:50,320.1013108333334,210.2098608333332,-109.89145000000019,True
D,2025-08-24,6,94,15:50-16:00,372.40012666666644,283.6955433333335,-88.70458333333295,True
D,2025-08-24,6,96,16:10-16:20,438.0044766666672,403.9468155555564,-34.057661111110804,True
D,2025-08-24,6,97,16:20-16:30,452.92627333333314,379.4026677777779,-73.52360555555526,True
D,2025-08-24,6,98,16:30-16:40,537.4389583333335,460.9124083333337,-76.52654999999982,True
D,2025-08-24,6,99,16:40-16:50,652.033878611111,599.854547222222,-52.17933138888907,True
D,2025-08-24,12,89,15:00-15:10,0.0,139.70191666666665,139.70191666666665,True
D,2025-08-24,12,90,15:10-15:20,0.0,337.36319435185294,337.36319435185294,True
D,2025-08-24,12,91,15:20-15:30,66.2785399999998,179.68499138888902,113.40645138888922,True
D,2025-08-24,12,92,15:30-15:40,160.54427500000008,235.90050833333356,75.35623333333348,True
D,2025-08-24,12,93,15:40-15:50,210.2098608333332,320.10131083333346,109.89145000000025,True
D,2025-08-24,12,94,15:50-16:00,283.6955433333335,372.4001266666665,88.704583333333,True
D,2025-08-24,12,96,16:10-16:20,403.9468155555564,438.00447666666713,34.05766111111075,True
D,2025-08-24,12,97,16:20-16:30,379.4026677777779,452.9262733333332,73.52360555555532,True
D,2025-08-24,12,98,16:30-16:40,460.9124083333337,537.4389583333335,76.52654999999982,True
D,2025-08-24,12,99,16:40-16:50,599.854547222222,652.033878611111,52.17933138888907,True
D,2025-08-25,6,43,7:20-7:30,255.07978947222216,136.70815260395568,-118.37163686826648,True
D,2025-08-25,6,44,7:30-7:40,406.3377083333334,384.0600166666668,-22.277691666666612,True
D,2025-08-25,6,45,7:40-7:50,1106.086616111111,1092.4919755555552,-13.59464055555577,True
D,2025-08-25,6,65,11:00-11:10,1093.7247166666666,712.2038166666666,-381.5209,True
D,2025-08-25,6,66,11:10-11:20,1144.0746477777777,787.3617061111115,-356.7129416666662,True
D,2025-08-25,6,67,11:20-11:30,1151.583277222223,802.0268655555558,-349.55641166666715,True
D,2025-08-25,6,68,11:30-11:40,1117.7961333333333,775.1774833333332,-342.6186500000001,True
D,2025-08-25,6,69,11:40-11:50,1146.7482591666662,833.4968202777778,-313.2514388888884,True
D,2025-08-25,6,70,11:50-12:00,1143.2994433333333,859.4152155555557,-283.8842277777776,True
D,2025-08-25,6,71,12:00-12:10,1100.6106666666665,846.0936500000001,-254.51701666666634,True
D,2025-08-25,6,72,12:10-12:20,1171.2745125000001,899.1094013888891,-272.16511111111106,True
D,2025-08-25,6,73,12:20-12:30,1213.5398024999995,923.7265969444446,-289.8132055555549,True
D,2025-08-25,6,74,12:30-12:40,1180.5116749999995,873.0503749999998,-307.4612999999997,True
D,2025-08-25,6,75,12:40-12:50,1176.1240624999996,851.0146680555554,-325.1093944444442,True
D,2025-08-25,6,76,12:50-13:00,1223.4601791666664,775.4257386499248,-448.0344405167416,True
D,2025-08-25,6,77,13:00-13:10,464.45326666666654,0.0,-464.45326666666654,True
D,2025-08-25,6,79,13:20-13:30,418.71761194444423,0.0,-418.71761194444423,True
D,2025-08-25,6,80,13:30-13:40,341.8702833333331,0.0,-341.8702833333331,True
D,2025-08-25,6,81,13:40-13:50,279.9303814238205,0.0,-279.9303814238205,True
D,2025-08-25,6,89,15:00-15:10,1404.6193833333332,1206.4871333333328,-198.13225000000034,True
D,2025-08-25,6,90,15:10-15:20,1417.9436663888887,1247.8702969444441,-170.07336944444455,True
D,2025-08-25,6,91,15:20-15:30,1488.462141111111,1263.7052985185169,-224.756842592594,True
D,2025-08-25,6,92,15:30-15:40,1397.6209333333331,616.9250333333333,-780.6958999999998,True
D,2025-08-25,6,93,15:40-15:50,1481.9468624999997,659.6473527777775,-822.2995097222222,True
D,2025-08-25,6,94,15:50-16:00,805.1344886111111,747.296641388889,-57.83784722222208,True
D,2025-08-25,6,95,16:00-16:10,869.68565,839.9066833333335,-29.77896666666652,True
D,2025-08-25,6,96,16:10-16:20,817.6568388888888,802.6883055555558,-14.968533333333085,True
D,2025-08-25,6,97,16:20-16:30,804.2616036111114,804.1035036111111,-0.15810000000021773,True
D,2025-08-25,12,71,12:00-12:10,846.0936500000001,0.0,-846.0936500000001,True
D,2025-08-25,12,72,12:10-12:20,899.1094013888891,0.0,-899.1094013888891,True
D,2025-08-25,12,73,12:20-12:30,923.7265969444446,20.508052499999962,-903.2185444444447,True
D,2025-08-25,12,74,12:30-12:40,873.0503749999998,0.0,-873.0503749999998,True
D,2025-08-25,12,75,12:40-12:50,851.0146680555554,239.42681192153208,-611.5878561340232,True
D,2025-08-25,12,76,12:50-13:00,775.4257386499248,3.3163791666667066,-772.1093594832581,True
D,2025-08-25,12,89,15:00-15:10,1206.4871333333328,1214.8133999999998,8.326266666666925,True
D,2025-08-25,12,90,15:10-15:20,1247.8702969444441,1244.9889719444443,-2.8813249999998334,True
D,2025-08-25,12,91,15:20-15:30,1263.7052985185169,1314.919881851852,51.21458333333521,True
D,2025-08-25,12,92,15:30-15:40,616.9250333333333,591.628525,-25.29650833333335,True
D,2025-08-25,12,93,15:40-15:50,659.6473527777775,623.1432527777777,-36.50409999999988,True
D,2025-08-25,12,94,15:50-16:00,747.296641388889,699.5849497222223,-47.71169166666675,True
D,2025-08-25,12,95,16:00-16:10,839.9066833333335,780.9874000000001,-58.9192833333334,True
D,2025-08-25,12,96,16:10-16:20,802.6883055555558,741.1764166666668,-61.51188888888896,True
D,2025-08-25,12,97,16:20-16:30,804.1035036111111,739.9990091666667,-64.10449444444441,True
D,2025-08-25,12,98,16:30-16:40,878.4553833333335,826.4106166666668,-52.04476666666676,True
D,2025-08-25,12,99,16:40-16:50,933.9739263888887,894.1469874999999,-39.826938888888776,True
D,2025-08-25,12,100,16:50-17:00,967.810202777778,940.2010916666666,-27.609111111111474,True
D,2025-08-25,12,101,17:00-17:10,988.0185333333336,972.6272500000001,-15.39128333333349,True
D,2025-08-25,12,102,17:10-17:20,1035.0350188888885,1024.8287938888884,-10.206225000000131,True
D,2025-08-25,12,103,17:20-17:30,1111.0960177777777,1106.074851111111,-5.021166666666659,True
D,2025-08-26,12,73,12:20-12:30,463.47766749999954,0.0,-463.47766749999954,True
D,2025-08-26,12,74,12:30-12:40,461.3656333333333,333.3034889814843,-128.06214435184899,True
D,2025-08-27,6,89,15:00-15:10,134.58485000000007,325.5573333333331,190.972483333333,True
D,2025-08-27,6,90,15:10-15:20,326.02643916666693,830.0759791975281,504.0495400308612,True
D,2025-08-27,12,71,12:00-12:10,371.7703333333335,0.0,-371.7703333333335,True
D,2025-08-27,12,72,12:10-12:20,357.20523305555577,0.0,-357.20523305555577,True
D,2025-08-27,12,73,12:20-12:30,330.4288369444442,0.0,-330.4288369444442,True
D,2025-08-27,12,74,12:30-12:40,294.94148333333305,0.0,-294.94148333333305,True
D,2025-08-27,12,75,12:40-12:50,389.4265372222218,94.37525295501348,-295.0512842672083,True
D,2025-08-27,12,89,15:00-15:10,325.5573333333331,134.58485000000007,-190.972483333333,True
D,2025-08-27,12,90,15:10-15:20,830.0759791975281,326.026439166667,-504.0495400308611,True
D,2025-08-28,6,89,15:00-15:10,85.8476833333333,270.2625666666663,184.41488333333302,True
D,2025-08-28,6,90,15:10-15:20,240.59541259259208,583.172581759259,342.57716916666686,True
D,2025-08-28,6,91,15:20-15:30,308.73081194444467,410.64516472222215,101.91435277777748,True
D,2025-08-28,6,92,15:30-15:40,383.558575,463.78739999999993,80.22882499999992,True
D,2025-08-28,6,93,15:40-15:50,374.6746038888888,449.3780546944435,74.70345080555472,True
D,2025-08-28,6,94,15:50-16:00,205.29994138888924,484.8755688888891,279.5756274999999,True
D,2025-08-28,6,95,16:00-16:10,343.32861666666656,512.9338333333334,169.60521666666682,True
D,2025-08-28,6,96,16:10-16:20,477.40752999999995,574.3854472222218,96.97791722222189,True
D,2025-08-28,6,97,16:20-16:30,497.4120239666668,670.7009061111111,173.28888214444424,True
D,2025-08-28,6,98,16:30-16:40,517.005611333333,653.0250166666665,136.01940533333345,True
D,2025-08-28,6,99,16:40-16:50,558.7960524999997,690.7635161111108,131.96746361111104,True
D,2025-08-28,6,100,16:50-17:00,640.7287633333335,730.6698455555556,89.94108222222212,True
D,2025-08-28,6,101,17:00-17:10,659.6750169416675,759.1665609972255,99.49154405555794,True
D,2025-08-28,12,89,15:00-15:10,270.2625666666663,85.8476833333333,-184.41488333333302,True
D,2025-08-28,12,90,15:10-15:20,583.172581759259,240.59541259259214,-342.5771691666668,True
D,2025-08-28,12,91,15:20-15:30,410.64516472222215,308.7308119444447,-101.91435277777742,True
D,2025-08-28,12,92,15:30-15:40,463.78739999999993,383.55857499999996,-80.22882499999997,True
D,2025-08-28,12,93,15:40-15:50,449.3780546944435,374.67460388888884,-74.70345080555467,True
D,2025-08-28,12,94,15:50-16:00,484.8755688888891,324.5112997222225,-160.36426916666665,True
D,2025-08-28,12,95,16:00-16:10,512.9338333333334,390.23851666666644,-122.69531666666694,True
D,2025-08-28,12,96,16:10-16:20,574.3854472222218,495.36833256388877,-79.01711465833307,True
D,2025-08-28,12,97,16:20-16:30,670.7009061111111,497.4120239666669,-173.2888821444442,True
D,2025-08-28,12,98,16:30-16:40,653.0250166666665,517.005611333333,-136.01940533333345,True
D,2025-08-28,12,99,16:40-16:50,690.7635161111108,558.7960524999999,-131.96746361111093,True
D,2025-08-28,12,100,16:50-17:00,730.6698455555556,640.7287633333335,-89.94108222222212,True
D,2025-08-28,12,101,17:00-17:10,759.1665609972255,659.6750169416676,-99.49154405555782,True
D,2025-08-29,6,72,12:10-12:20,26.091858456794967,0.0,-26.091858456794967,True
D,2025-08-29,6,75,12:40-12:50,569.2059355555554,0.0,-569.2059355555554,True
D,2025-08-29,6,89,15:00-15:10,308.5018900925928,140.02788333333353,-168.47400675925928,True
D,2025-08-29,6,90,15:10-15:20,403.5194311111111,344.1882091666665,-59.331221944444565,True
D,2025-08-29,6,91,15:20-15:30,340.36335666666673,284.567178888889,-55.79617777777776,True
D,2025-08-29,6,92,15:30-15:40,376.04275000000007,313.4600750000002,-62.58267499999988,True
D,2025-08-29,6,93,15:40-15:50,395.29058499999996,325.92141277777796,-69.369172222222,True
D,2025-08-29,12,89,15:00-15:10,140.02788333333353,0.0,-140.02788333333353,True
D,2025-08-29,12,90,15:10-15:20,344.1882091666665,81.32137583333304,-262.8668333333335,True
D,2025-08-29,12,91,15:20-15:30,284.567178888889,168.64103999999998,-115.926138888889,True
D,2025-08-29,12,92,15:30-15:40,313.4600750000002,217.9784083333335,-95.48166666666668,True
D,2025-08-29,12,93,15:40-15:50,325.92141277777796,250.88421833333348,-75.03719444444448,True
D,2025-08-29,12,94,15:50-16:00,344.247001348766,301.93947083333353,-42.30753051543246,True
D,2025-08-30,12,89,15:00-15:10,269.5546345370355,0.0,-269.5546345370355,True
D,2025-08-30,12,90,15:10-15:20,371.20200027777804,26.503822777777714,-344.6981775000003,True
D,2025-08-30,12,91,15:20-15:30,221.33869624752958,92.7554697222223,-128.58322652530728,True
D,2025-08-30,12,92,15:30-15:40,202.78089166666672,118.63627500000018,-84.14461666666654,True
D,2025-08-30,12,93,15:40-15:50,195.18485638888924,122.78862861111111,-72.39622777777814,True
D,2025-08-30,12,94,15:50-16:00,187.16622777777755,150.83756722222245,-36.3286605555551,True
D,2025-08-31,6,42,7:10-7:20,0.0,43.266743611111906,43.266743611111906,True
D,2025-08-31,6,43,7:20-7:30,0.0,171.9728880555557,171.9728880555557,True
D,2025-08-31,6,44,7:30-7:40,0.0,179.6035166666668,179.6035166666668,True
D,2025-08-31,6,45,7:40-7:50,0.0,416.7583766975306,416.7583766975306,True
D,2025-08-31,12,89,15:00-15:10,239.42142478611282,99.31528333333335,-140.10614145277947,True
D,2025-08-31,12,90,15:10-15:20,425.14922750000034,336.79914800177687,-88.35007949822347,True
D,2025-08-31,12,91,15:20-15:30,309.42093055555557,281.3753061111112,-28.0456244444444,True
D,2025-08-31,12,92,15:30-15:40,378.10815,340.1234333333334,-37.9847166666666,True
D,2025-08-31,12,93,15:40-15:50,352.3378202777781,301.31923138888885,-51.01858888888927,True
D,2025-08-31,12,94,15:50-16:00,340.3124478222209,313.4529594444447,-26.859488377776245,True
D,2025-08-31,18,107,18:00-18:10,717.5048333333333,754.7521666666663,37.24733333333302,True
D,2025-08-31,18,108,18:10-18:20,733.0163770277779,773.5122808333332,40.49590380555526,True
D,2025-08-31,18,110,18:30-18:40,826.7691275833326,874.0152337037042,47.246106120371564,True
D,2025-08-31,18,111,18:40-18:50,883.8469744444445,899.4707741666665,15.623799722221975,True
D,2025-08-31,18,112,18:50-19:00,807.0358363888887,869.5639899999999,62.52815361111118,True
D,2025-08-31,18,113,19:00-19:10,92.49066666666694,276.48542554840117,183.99475888173424,True
D,2025-08-31,18,115,19:20-19:30,396.03463688173434,681.6668308333334,285.63219395159905,True
D,2025-08-31,18,121,20:20-20:30,715.4083966666664,805.0702833333334,89.66188666666699,True
D,2025-08-31,18,124,20:50-21:00,867.4579733333336,885.736305,18.278331666666418,True
D,2025-09-01,6,45,7:40-7:50,1093.9603977777774,1089.3595652777776,-4.600832499999797,True
D,2025-09-01,6,65,11:00-11:10,873.9396333333331,595.4864008721495,-278.4532324611836,True
D,2025-09-01,6,66,11:10-11:20,924.834496944444,909.0708591666665,-15.76363777777749,True
D,2025-09-01,6,67,11:20-11:30,951.631290555556,929.1105550000001,-22.520735555555916,True
D,2025-09-01,6,68,11:30-11:40,953.4643749999997,743.5832499999996,-209.8811250000001,True
D,2025-09-01,6,69,11:40-11:50,992.0243225,755.3679558333334,-236.6563666666666,True
D,2025-09-01,6,70,11:50-12:00,999.5584372222224,773.6457733333333,-225.91266388888914,True
D,2025-09-01,6,71,12:00-12:10,1008.2507833333333,718.0439333333335,-290.2068499999998,True
D,2025-09-01,6,72,12:10-12:20,944.2819438888889,673.3144550000002,-270.96748888888874,True
D,2025-09-01,6,73,12:20-12:30,847.1379227777772,595.409795,-251.72812777777722,True
D,2025-09-01,6,74,12:30-12:40,757.7572333333328,525.2684666666664,-232.48876666666638,True
D,2025-09-01,6,75,12:40-12:50,814.7044930555554,601.4550874999999,-213.24940555555554,True
D,2025-09-01,6,76,12:50-13:00,746.9004347610331,0.0,-746.9004347610331,True
D,2025-09-01,12,71,12:00-12:10,718.0439333333335,0.0,-718.0439333333335,True
D,2025-09-01,12,72,12:10-12:20,673.3144550000002,0.0,-673.3144550000002,True
D,2025-09-01,12,73,12:20-12:30,595.409795,0.0,-595.409795,True
D,2025-09-01,12,74,12:30-12:40,525.2684666666664,0.0,-525.2684666666664,True
D,2025-09-01,12,75,12:40-12:50,601.4550874999999,0.0,-601.4550874999999,True
D,2025-09-01,12,89,15:00-15:10,465.0458833333332,223.4650333333334,-241.58084999999983,True
D,2025-09-01,12,90,15:10-15:20,1083.334390185181,850.4842559259233,-232.85013425925774,True
D,2025-09-01,12,91,15:20-15:30,447.57037249999996,406.6451336111111,-40.925238888888885,True
D,2025-09-01,12,92,15:30-15:40,471.3269666666666,442.5586250000001,-28.76834166666646,True
D,2025-09-01,12,93,15:40-15:50,457.55668000000003,440.94523555555577,-16.61144444444426,True
D,2025-09-01,12,94,15:50-16:00,485.094355,480.63980777777783,-4.454547222222175,True
D,2025-09-01,18,107,18:00-18:10,804.5189000000001,800.0213666666668,-4.497533333333308,True
D,2025-09-01,18,109,18:20-18:30,936.5481552777777,933.3577683333333,-3.1903869444444126,True
D,2025-09-01,18,111,18:40-18:50,958.9866155555559,938.633433981483,-20.35318157407289,True
D,2025-09-01,18,112,18:50-19:00,888.0407067592586,778.2594044444445,-109.78130231481407,True
D,2025-09-02,6,89,15:00-15:10,143.91230000000007,228.90639999999996,84.99409999999989,True
D,2025-09-02,6,94,15:50-16:00,284.10734333333323,289.35368722222233,5.2463438888891005,True
D,2025-09-02,12,71,12:00-12:10,558.5855833333333,0.0,-558.5855833333333,True
D,2025-09-02,12,72,12:10-12:20,490.6313180555559,0.0,-490.6313180555559,True
D,2025-09-02,12,73,12:20-12:30,411.94780944444375,0.0,-411.94780944444375,True
D,2025-09-02,12,74,12:30-12:40,365.00364166666617,0.0,-365.00364166666617,True
D,2025-09-02,12,75,12:40-12:50,439.3868380555556,0.0,-439.3868380555556,True
D,2025-09-02,12,89,15:00-15:10,228.90639999999996,143.91230000000007,-84.99409999999989,True
D,2025-09-02,12,94,15:50-16:00,289.35368722222233,284.1073433333333,-5.246343888889044,True
D,2025-09-03,6,72,12:10-12:20,558.6936336111108,552.1886586111108,-6.504975000000059,True
D,2025-09-03,6,73,12:20-12:30,573.3040455555553,550.1361455555556,-23.16789999999969,True
D,2025-09-03,6,74,12:30-12:40,614.3251583333333,574.4943333333333,-39.830825000000004,True
D,2025-09-03,6,75,12:40-12:50,626.6518177777772,570.1580677777773,-56.493749999999864,True
D,2025-09-03,12,71,12:00-12:10,585.6170833333331,0.0,-585.6170833333331,True
D,2025-09-03,12,72,12:10-12:20,552.1886586111108,0.0,-552.1886586111108,True
D,2025-09-03,12,73,12:20-12:30,550.1361455555556,0.0,-550.1361455555556,True
D,2025-09-03,12,74,12:30-12:40,574.4943333333333,0.0,-574.4943333333333,True
D,2025-09-03,12,75,12:40-12:50,570.1580677777773,0.0,-570.1580677777773,True
D,2025-09-03,18,107,18:00-18:10,787.1082833333332,776.5334333333335,-10.574849999999742,True
D,2025-09-03,18,109,18:20-18:30,878.8199802777779,878.5145925,-0.3053877777778098,True
D,2025-09-03,18,111,18:40-18:50,927.6311597325104,909.2173511213961,-18.41380861111429,True
D,2025-09-03,18,112,18:50-19:00,870.5447444444447,856.5881241666666,-13.956620277778143,True
D,2025-09-04,6,66,11:10-11:20,461.7750230555562,454.54706194444475,-7.227961111111426,True
D,2025-09-04,12,71,12:00-12:10,468.28113333333323,0.0,-468.28113333333323,True
D,2025-09-04,12,72,12:10-12:20,464.4217958333335,0.0,-464.4217958333335,True
D,2025-09-04,12,73,12:20-12:30,467.97338416666673,0.0,-467.97338416666673,True
D,2025-09-04,12,74,12:30-12:40,479.45448333333337,0.0,-479.45448333333337,True
D,2025-09-04,12,75,12:40-12:50,483.1140191666662,0.0,-483.1140191666662,True
D,2025-09-04,12,89,15:00-15:10,902.8481254115288,459.7179972222229,-443.13012818930594,True
D,2025-09-04,12,90,15:10-15:20,1380.0966736111116,1268.4315888888887,-111.6650847222229,True
D,2025-09-04,12,91,15:20-15:30,542.9624988888892,408.63185361111107,-134.3306452777781,True
D,2025-09-04,12,92,15:30-15:40,518.8512666666664,354.7215083333331,-164.12975833333337,True
D,2025-09-04,18,107,18:00-18:10,801.2294,742.2810086419748,-58.94839135802522,True
D,2025-09-04,18,109,18:20-18:30,907.3541919444446,902.8783833024704,-4.47580864197414,True
D,2025-09-07,6,44,7:30-7:40,0.0,46.58132140951247,46.58132140951247,True
D,2025-09-07,6,45,7:40-7:50,0.0,63.43436222222226,63.43436222222226,True
D,2025-09-08,6,65,11:00-11:10,759.14265,667.5335,-91.60915,True
D,2025-09-08,6,66,11:10-11:20,640.605616666667,567.8980444444446,-72.70757222222232,True
D,2025-09-08,6,67,11:20-11:30,634.0749891666666,580.2689947222221,-53.80599444444442,True
D,2025-09-08,6,68,11:30-11:40,708.8214666666665,673.9170499999998,-34.90441666666675,True
D,2025-09-08,6,69,11:40-11:50,679.9358883333333,663.9330494444442,-16.002838888889073,True
D,2025-09-08,6,73,12:20-12:30,638.7110788888889,633.8485066666668,-4.86257222222207,True
D,2025-09-08,6,74,12:30-12:40,649.8118666666664,631.6178500000001,-18.194016666666357,True
D,2025-09-08,6,75,12:40-12:50,656.8654294444442,625.3399683333329,-31.525461111111326,True
D,2025-09-08,6,76,12:50-13:00,604.7494872610345,295.5616072610362,-309.18787999999824,True
D,2025-09-08,12,71,12:00-12:10,716.0498666666665,0.0,-716.0498666666665,True
D,2025-09-08,12,72,12:10-12:20,669.8511977777778,0.0,-669.8511977777778,True
D,2025-09-08,12,73,12:20-12:30,633.8485066666668,0.0,-633.8485066666668,True
D,2025-09-08,12,74,12:30-12:40,631.6178500000001,0.0,-631.6178500000001,True
D,2025-09-08,12,75,12:40-12:50,625.3399683333329,0.0,-625.3399683333329,True
D,2025-09-08,12,76,12:50-13:00,295.5616072610362,0.0,-295.5616072610362,True
D,2025-09-09,6,89,15:00-15:10,248.39679999999998,317.86996666666676,69.47316666666677,True
D,2025-09-09,6,90,15:10-15:20,315.6610930555554,870.1482504629641,554.4871574074087,True
D,2025-09-09,6,91,15:20-15:30,357.29490444444457,358.2074646820916,0.9125602376470283,True
D,2025-09-09,6,92,15:30-15:40,189.87812027777622,341.52536666666674,151.64724638889052,True
D,2025-09-09,6,93,15:40-15:50,152.62562647222285,343.3221163888886,190.69648991666577,True
D,2025-09-09,6,94,15:50-16:00,202.13170638888914,371.8576586111109,169.72595222222174,True
D,2025-09-09,6,95,16:00-16:10,331.0377166666668,439.18084999999974,108.14313333333291,True
D,2025-09-09,6,96,16:10-16:20,305.88602888888886,400.08141333333344,94.19538444444458,True
D,2025-09-09,6,97,16:20-16:30,354.3227352777775,459.46989750000006,105.14716222222256,True
D,2025-09-09,12,71,12:00-12:10,47.16304531658978,0.0,-47.16304531658978,True
D,2025-09-09,12,72,12:10-12:20,309.4848886111108,0.0,-309.4848886111108,True
D,2025-09-09,12,75,12:40-12:50,364.6490144444442,0.0,-364.6490144444442,True
D,2025-09-09,12,89,15:00-15:10,317.86996666666676,248.39679999999998,-69.47316666666677,True
D,2025-09-09,12,90,15:10-15:20,870.1482504629641,315.66109305555545,-554.4871574074086,True
D,2025-09-09,12,91,15:20-15:30,358.2074646820916,357.2949044444446,-0.9125602376469715,True
D,2025-09-09,12,92,15:30-15:40,341.52536666666674,189.8781202777762,-151.64724638889055,True
D,2025-09-09,12,93,15:40-15:50,343.3221163888886,152.62562647222288,-190.69648991666574,True
D,2025-09-09,12,94,15:50-16:00,371.8576586111109,202.13170638888917,-169.7259522222217,True
D,2025-09-09,12,95,16:00-16:10,439.18084999999974,331.03771666666677,-108.14313333333297,True
D,2025-09-09,12,96,16:10-16:20,400.08141333333344,305.8860288888888,-94.19538444444464,True
D,2025-09-09,12,97,16:20-16:30,459.46989750000006,354.3227352777775,-105.14716222222256,True
D,2025-09-10,6,65,11:00-11:10,812.8591166666664,701.7718999999998,-111.08721666666656,True
D,2025-09-10,6,68,11:30-11:40,742.0678333333327,592.852266666666,-149.21556666666675,True
D,2025-09-10,6,69,11:40-11:50,770.3071844444445,608.3821677777779,-161.92501666666658,True
D,2025-09-10,6,70,11:50-12:00,742.603021111111,605.4874988888886,-137.11552222222247,True
D,2025-09-10,6,71,12:00-12:10,687.2225499999998,499.8786333333336,-187.34391666666625,True
D,2025-09-10,6,72,12:10-12:20,686.0424544444443,496.2683655555559,-189.7740888888884,True
D,2025-09-10,6,73,12:20-12:30,675.3377138888885,483.13345277777773,-192.20426111111078,True
D,2025-09-10,6,74,12:30-12:40,669.9420583333331,475.3076249999999,-194.63443333333316,True
D,2025-09-10,6,75,12:40-12:50,783.1467669444442,586.0821613888888,-197.06460555555532,True
D,2025-09-10,6,76,12:50-13:00,854.6719838888888,394.30989142770284,-460.36209246118597,True
D,2025-09-10,12,71,12:00-12:10,499.8786333333336,0.0,-499.8786333333336,True
D,2025-09-10,12,72,12:10-12:20,496.2683655555559,417.2869119444448,-78.98145361111108,True
D,2025-09-10,12,73,12:20-12:30,483.13345277777773,0.0,-483.13345277777773,True
D,2025-09-10,12,74,12:30-12:40,475.3076249999999,0.0,-475.3076249999999,True
D,2025-09-10,12,75,12:40-12:50,586.0821613888888,657.1348724999996,71.05271111111074,True
D,2025-09-10,12,76,12:50-13:00,394.30989142770284,0.0,-394.30989142770284,True
D,2025-09-10,18,112,18:50-19:00,763.2558802777778,745.365613805555,-17.890266472222834,True
D,2025-09-11,6,65,11:00-11:10,322.16780413580295,0.0,-322.16780413580295,True
D,2025-09-11,6,66,11:10-11:20,812.6494458333332,707.1116941666668,-105.5377516666664,True
D,2025-09-11,6,67,11:20-11:30,799.0290825000004,0.0,-799.0290825000004,True
D,2025-09-11,6,68,11:30-11:40,796.6333999999996,138.68523460671304,-657.9481653932866,True
D,2025-09-11,6,69,11:40-11:50,808.4656397222224,507.8918175,-300.57382222222236,True
D,2025-09-11,6,70,11:50-12:00,763.9863,482.7750666666667,-281.2112333333333,True
D,2025-09-11,6,71,12:00-12:10,727.89915,391.01261666666664,-336.8865333333333,True
D,2025-09-11,6,72,12:10-12:20,714.6877788888888,368.57054000000005,-346.1172388888888,True
D,2025-09-11,6,73,12:20-12:30,665.4525427777774,310.10459833333334,-355.347944444444,True
D,2025-09-11,6,74,12:30-12:40,617.3278749999995,252.74922499999957,-364.5786499999999,True
D,2025-09-11,6,75,12:40-12:50,727.2995905555554,353.49023499999976,-373.8093555555556,True
D,2025-09-11,6,76,12:50-13:00,81.75986166666723,0.0,-81.75986166666723,True
D,2025-09-11,6,89,15:00-15:10,1078.8393874691378,452.2334500000004,-626.6059374691374,True
D,2025-09-11,6,90,15:10-15:20,1236.4403549999997,1234.9012799999998,-1.5390749999999116,True
D,2025-09-11,12,71,12:00-12:10,391.01261666666664,0.0,-391.01261666666664,True
D,2025-09-11,12,72,12:10-12:20,368.57054000000005,0.0,-368.57054000000005,True
D,2025-09-11,12,73,12:20-12:30,310.10459833333334,0.0,-310.10459833333334,True
D,2025-09-11,12,74,12:30-12:40,252.74922499999957,0.0,-252.74922499999957,True
D,2025-09-11,12,75,12:40-12:50,353.49023499999976,0.0,-353.49023499999976,True
D,2025-09-11,12,89,15:00-15:10,452.2334500000004,117.88080000000014,-334.35265000000027,True
D,2025-09-11,12,90,15:10-15:20,1234.9012799999998,465.2344951234559,-769.6667848765439,True
D,2025-09-11,12,91,15:20-15:30,489.598455,332.46047722222215,-157.13797777777785,True
D,2025-09-11,12,92,15:30-15:40,509.04861666666665,371.5437416666666,-137.50487500000003,True
D,2025-09-11,12,93,15:40-15:50,484.3482225000001,366.47645027777776,-117.87177222222232,True
D,2025-09-11,12,94,15:50-16:00,507.6855808333334,409.4469113888889,-98.2386694444445,True
D,2025-09-11,12,95,16:00-16:10,599.9894166666663,521.3838499999997,-78.60556666666662,True
D,2025-09-11,12,96,16:10-16:20,683.0552605555554,607.003666111111,-76.05159444444439,True
D,2025-09-14,6,71,12:00-12:10,608.3432166666665,464.2911333333336,-144.05208333333292,True
D,2025-09-14,6,72,12:10-12:20,616.8927,437.0179111111114,-179.8747888888886,True
D,2025-09-14,6,73,12:20-12:30,553.9929258333327,392.88329805555554,-161.10962777777718,True
D,2025-09-14,6,74,12:30-12:40,519.7803499999994,377.435883333333,-142.34446666666645,True
D,2025-09-14,6,75,12:40-12:50,606.4649533333333,482.88564777777776,-123.5793055555555,True
D,2025-09-14,12,71,12:00-12:10,464.2911333333336,416.3812666666663,-47.90986666666731,True
D,2025-09-14,12,72,12:10-12:20,437.0179111111114,414.7681166666665,-22.249794444444888,True
D,2025-09-14,12,73,12:20-12:30,392.88329805555554,0.0,-392.88329805555554,True
D,2025-09-14,12,74,12:30-12:40,377.435883333333,360.93187503881563,-16.504008294517348,True
D,2025-09-14,12,75,12:40-12:50,482.88564777777776,537.6160699999995,54.730422222221705,True
D,2025-09-14,12,89,15:00-15:10,73.11183333333338,42.780933333333564,-30.330899999999815,True
D,2025-09-14,12,90,15:10-15:20,207.31069811728307,166.03084842592466,-41.27984969135841,True
D,2025-09-14,12,91,15:20-15:30,252.57645361111136,198.20343138888904,-54.37302222222232,True
D,2025-09-14,12,92,15:30-15:40,246.00314166666652,219.50632500000006,-26.49681666666646,True
D,2025-09-14,12,94,15:50-16:00,330.9775533333331,297.37082128676116,-33.60673204657195,True
D,2025-09-14,12,95,16:00-16:10,412.8352666666665,392.0575499999999,-20.777716666666606,True
D,2025-09-16,6,65,11:00-11:10,723.3964166666669,705.8664166666664,-17.53000000000054,True
D,2025-09-16,6,71,12:00-12:10,784.7890499999999,736.9879166666668,-47.80113333333304,True
D,2025-09-16,6,72,12:10-12:20,802.2491944444444,704.4946944444446,-97.75449999999978,True
D,2025-09-16,6,73,12:20-12:30,752.4809480555551,659.3609480555555,-93.11999999999966,True
D,2025-09-16,6,74,12:30-12:40,710.8288249999995,622.3433249999999,-88.48549999999955,True
D,2025-09-16,6,75,12:40-12:50,793.4460419444441,709.5950419444442,-83.85099999999989,True
D,2025-09-16,12,71,12:00-12:10,736.9879166666668,0.0,-736.9879166666668,True
D,2025-09-16,12,72,12:10-12:20,704.4946944444446,0.0,-704.4946944444446,True
D,2025-09-16,12,73,12:20-12:30,659.3609480555555,0.0,-659.3609480555555,True
D,2025-09-16,12,74,12:30-12:40,622.3433249999999,0.0,-622.3433249999999,True
D,2025-09-16,12,75,12:40-12:50,709.5950419444442,86.507763333323,-623.0872786111213,True
D,2025-09-16,12,76,12:50-13:00,683.3347572839513,0.0,-683.3347572839513,True
D,2025-09-16,12,89,15:00-15:10,1301.4989,317.2924601851855,-984.2064398148145,True
D,2025-09-16,12,90,15:10-15:20,1352.6705975000002,1177.4262169444446,-175.2443805555556,True
D,2025-09-16,12,91,15:20-15:30,864.8502499462177,410.78145222222224,-454.06879772399543,True
D,2025-09-16,12,92,15:30-15:40,606.9898,443.0062916666668,-163.98350833333313,True
D,2025-09-16,12,93,15:40-15:50,589.548884166667,431.1958119444447,-158.3530722222223,True
D,2025-09-16,12,94,15:50-16:00,592.4000500000002,439.6774138888892,-152.722636111111,True
D,2025-09-16,12,95,16:00-16:10,641.2336166666662,494.1414166666664,-147.09219999999982,True
D,2025-09-16,12,96,16:10-16:20,685.2772180555551,567.061834722222,-118.21538333333308,True
D,2025-09-16,12,97,16:20-16:30,688.6865090455516,663.1011277777777,-25.58538126777387,True
D,2025-09-17,6,89,15:00-15:10,381.15403333333325,194.10741666666672,-187.04661666666652,True
D,2025-09-17,6,90,15:10-15:20,1004.5073619753075,820.1458119753077,-184.36154999999985,True
D,2025-09-17,6,91,15:20-15:30,432.2129199999998,391.91193111111113,-40.300988888888696,True
D,2025-09-17,6,92,15:30-15:40,545.4344416666664,504.9662749999999,-40.46816666666655,True
D,2025-09-17,6,93,15:40-15:50,573.9050183333334,533.2696738888889,-40.63534444444451,True
D,2025-09-17,6,94,15:50-16:00,649.4563733333332,608.6538511111112,-40.802522222222024,True
D,2025-09-17,6,95,16:00-16:10,749.5079166666667,708.5382166666669,-40.96969999999976,True
D,2025-09-17,6,96,16:10-16:20,725.2933761111112,692.3901122222225,-32.90326388888877,True
D,2025-09-17,6,97,16:20-16:30,731.3976622222222,706.5608344444445,-24.83682777777767,True
D,2025-09-17,6,98,16:30-16:40,817.6839749999998,800.9135833333332,-16.77039166666657,True
D,2025-09-17,12,89,15:00-15:10,194.10741666666672,317.91175123457026,123.80433456790354,True
D,2025-09-17,12,90,15:10-15:20,820.1458119753077,1004.5073619753076,184.36154999999997,True
D,2025-09-17,12,91,15:20-15:30,391.91193111111113,363.7537755555554,-28.15815555555571,True
D,2025-09-17,12,92,15:30-15:40,504.9662749999999,468.5638083333332,-36.40246666666667,True
D,2025-09-17,12,93,15:40-15:50,533.2696738888889,488.62289611111123,-44.64677777777763,True
D,2025-09-17,12,94,15:50-16:00,608.6538511111112,555.7627622222222,-52.89108888888893,True
D,2025-09-17,12,95,16:00-16:10,708.5382166666669,647.4028166666668,-61.13540000000012,True
D,2025-09-17,12,96,16:10-16:20,692.3901122222225,633.7027705555556,-58.68734166666684,True
D,2025-09-17,12,97,16:20-16:30,706.5608344444445,650.3215511111109,-56.23928333333356,True
D,2025-09-17,12,98,16:30-16:40,800.9135833333332,747.1223583333331,-53.79122500000017,True
D,2025-09-17,12,99,16:40-16:50,877.8558655555554,839.0689788888886,-38.78688666666676,True
D,2025-09-17,12,100,16:50-17:00,917.8504536111109,907.3260302777774,-10.524423333333516,True
D,2025-09-17,12,102,17:10-17:20,1030.670977222222,1006.6113624074069,-24.059614814815177,True
D,2025-09-18,6,44,7:30-7:40,0.0,128.9894444444427,128.9894444444427,True
D,2025-09-18,6,45,7:40-7:50,0.0,289.2646102777778,289.2646102777778,True
D,2025-09-18,6,70,11:50-12:00,0.0,323.71231501412274,323.71231501412274,True
D,2025-09-18,6,71,12:00-12:10,156.3261440511568,338.0550499999998,181.72890594884302,True
D,2025-09-18,6,72,12:10-12:20,336.2232597222222,449.58406694444466,113.36080722222243,True
D,2025-09-18,6,73,12:20-12:30,0.0,534.3445983333336,534.3445983333336,True
D,2025-09-18,6,74,12:30-12:40,0.0,545.2745666666669,545.2745666666669,True
D,2025-09-18,6,75,12:40-12:50,453.9964972222217,512.525454444444,58.52895722222229,True
D,2025-09-18,12,71,12:00-12:10,338.0550499999998,156.3261440511568,-181.72890594884302,True
D,2025-09-18,12,72,12:10-12:20,449.58406694444466,336.2232597222223,-113.36080722222238,True
D,2025-09-18,12,73,12:20-12:30,534.3445983333336,0.0,-534.3445983333336,True
D,2025-09-18,12,74,12:30-12:40,545.2745666666669,0.0,-545.2745666666669,True
D,2025-09-18,12,75,12:40-12:50,512.525454444444,453.9964972222217,-58.52895722222229,True
D,2025-09-21,6,91,15:20-15:30,138.42565138888858,127.6113458333333,-10.81430555555528,True
D,2025-09-21,12,91,15:20-15:30,127.6113458333333,138.4256513888886,10.814305555555308,True
D,2025-09-21,18,107,18:00-18:10,664.3457666666666,737.1894000000001,72.84363333333351,True
D,2025-09-21,18,108,18:10-18:20,637.7867842500006,725.0895333333333,87.30274908333274,True
D,2025-09-21,18,109,18:20-18:30,688.2927677777775,785.6294597222221,97.33669194444462,True
D,2025-09-21,18,110,18:30-18:40,629.7536333333335,696.6333827777759,66.87974944444238,True
D,2025-09-21,18,111,18:40-18:50,634.9522539814817,700.5623452777778,65.6100912962961,True
D,2025-09-21,18,112,18:50-19:00,623.63011,664.5956238888888,40.965513888888836,True
D,2025-09-21,18,115,19:20-19:30,270.7441560391411,358.2927478333368,87.54859179419572,True
D,2025-09-22,6,66,11:10-11:20,711.7871327777777,683.4431502777779,-28.34398249999981,True
D,2025-09-22,6,72,12:10-12:20,647.8299350000001,634.0407572222226,-13.789177777777468,True
D,2025-09-22,6,73,12:20-12:30,702.0637113888888,677.7226786111113,-24.341032777777514,True
D,2025-09-22,6,74,12:30-12:40,672.3757333333332,654.5065333333333,-17.869199999999864,True
D,2025-09-22,6,75,12:40-12:50,701.8513049999997,605.3334938888886,-96.51781111111109,True
D,2025-09-22,6,89,15:00-15:10,1333.51525,506.2275842592597,-827.2876657407403,True
D,2025-09-22,6,90,15:10-15:20,1356.2693519444447,1152.2984630555557,-203.97088888888902,True
D,2025-09-22,6,91,15:20-15:30,595.5765313888885,412.6546369444443,-182.9218944444442,True
D,2025-09-22,6,92,15:30-15:40,662.9687416666667,501.0958416666667,-161.87290000000002,True
D,2025-09-22,6,93,15:40-15:50,672.0540552777779,531.2301497222222,-140.8239055555557,True
D,2025-09-22,6,94,15:50-16:00,739.4459563888888,619.6710452777779,-119.7749111111109,True
D,2025-09-22,6,95,16:00-16:10,821.19415,722.4682333333334,-98.72591666666665,True
D,2025-09-22,6,96,16:10-16:20,783.1894758333335,697.3088369444446,-85.88063888888894,True
D,2025-09-22,6,97,16:20-16:30,763.5798858333332,690.5445247222219,-73.03536111111123,True
D,2025-09-22,6,98,16:30-16:40,829.4955083333332,781.3867666666669,-48.10874166666633,True
D,2025-09-22,6,99,16:40-16:50,924.6650886111112,898.5805186111112,-26.084569999999985,True
D,2025-09-22,12,72,12:10-12:20,634.0407572222226,647.8299350000001,13.789177777777468,True
D,2025-09-22,12,73,12:20-12:30,677.7226786111113,0.0,-677.7226786111113,True
D,2025-09-22,12,74,12:30-12:40,654.5065333333333,518.5889170061787,-135.91761632715463,True
D,2025-09-22,12,75,12:40-12:50,605.3334938888886,639.3857105555551,34.05221666666648,True
D,2025-09-22,12,89,15:00-15:10,506.2275842592597,488.0490472222218,-18.17853703703787,True
D,2025-09-22,12,90,15:10-15:20,1152.2984630555557,1145.2432297222224,-7.055233333333263,True
D,2025-09-22,12,91,15:20-15:30,412.6546369444443,403.8885036111109,-8.766133333333414,True
D,2025-09-22,12,92,15:30-15:40,501.0958416666667,490.61880833333333,-10.477033333333338,True
D,2025-09-22,12,93,15:40-15:50,531.2301497222222,519.0422163888891,-12.187933333333149,True
D,2025-09-22,12,94,15:50-16:00,619.6710452777779,605.7722119444445,-13.898833333333414,True
D,2025-09-22,12,95,16:00-16:10,722.4682333333334,706.8585,-15.609733333333338,True
D,2025-09-22,12,96,16:10-16:20,697.3088369444446,676.3498563888891,-20.958980555555513,True
D,2025-09-22,12,97,16:20-16:30,690.5445247222219,664.2362969444441,-26.3082277777778,True
D,2025-09-22,12,98,16:30-16:40,781.3867666666669,749.7292916666668,-31.65747500000009,True
D,2025-09-22,12,99,16:40-16:50,898.5805186111112,861.5737963888889,-37.006722222222265,True
D,2025-09-22,12,100,16:50-17:00,971.4920880555553,933.6447952777775,-37.84729277777785,True
D,2025-09-22,12,101,17:00-17:10,985.5469308055549,962.2415833333336,-23.305347472221342,True
D,2025-09-23,12,73,12:20-12:30,584.5461388888888,0.0,-584.5461388888888,True
D,2025-09-23,12,74,12:30-12:40,580.6398333333333,128.52361132716248,-452.1162220061708,True
D,2025-09-24,6,45,7:40-7:50,1215.1261663888888,1205.3082830555554,-9.817883333333384,True
D,2025-09-24,6,89,15:00-15:10,223.67608333333328,118.7800939293075,-104.89598940402578,True
D,2025-09-24,6,91,15:20-15:30,230.64250638888916,106.20241194444486,-124.4400944444443,True
D,2025-09-24,6,92,15:30-15:40,182.72710416666462,169.3409583333331,-13.386145833331511,True
D,2025-09-24,6,93,15:40-15:50,268.73603083333353,238.26115388888877,-30.47487694444476,True
D,2025-09-24,6,94,15:50-16:00,363.94560216049354,360.8922944444446,-3.0533077160489484,True
D,2025-09-24,12,71,12:00-12:10,0.0,453.0594500000001,453.0594500000001,True
D,2025-09-24,12,72,12:10-12:20,0.0,416.6986402777776,416.6986402777776,True
D,2025-09-24,12,74,12:30-12:40,0.0,149.30289611146964,149.30289611146964,True
D,2025-09-24,12,75,12:40-12:50,0.0,427.7808144444441,427.7808144444441,True
D,2025-09-24,12,89,15:00-15:10,118.7800939293075,223.67608333333328,104.89598940402578,True
D,2025-09-24,12,91,15:20-15:30,106.20241194444486,230.6425063888892,124.44009444444433,True
D,2025-09-24,12,92,15:30-15:40,169.3409583333331,182.7271041666646,13.386145833331483,True
D,2025-09-24,12,93,15:40-15:50,238.26115388888877,268.73603083333353,30.47487694444476,True
D,2025-09-24,12,94,15:50-16:00,360.8922944444446,363.94560216049354,3.0533077160489484,True
D,2025-09-25,6,43,7:20-7:30,169.9852300484025,286.7398453261772,116.75461527777469,True
D,2025-09-25,6,44,7:30-7:40,399.12889999999993,414.8701000000001,15.741200000000163,True
D,2025-09-25,6,71,12:00-12:10,624.4037833333333,567.2566499999998,-57.1471333333335,True
D,2025-09-25,6,72,12:10-12:20,613.7689047222223,582.654879444444,-31.114025277778296,True
D,2025-09-25,6,73,12:20-12:30,627.1852827777775,543.6414805555554,-83.5438022222221,True
D,2025-09-25,6,74,12:30-12:40,600.5411249999999,563.9639583333329,-36.577166666666926,True
D,2025-09-25,12,71,12:00-12:10,567.2566499999998,0.0,-567.2566499999998,True
D,2025-09-25,12,72,12:10-12:20,582.654879444444,548.8427547222276,-33.81212472221637,True
D,2025-09-25,12,73,12:20-12:30,543.6414805555554,0.0,-543.6414805555554,True
D,2025-09-25,12,74,12:30-12:40,563.9639583333329,0.0,-563.9639583333329,True
D,2025-09-25,12,96,16:10-16:20,683.4447980555557,657.2618063888891,-26.182991666666567,True
D,2025-09-25,12,97,16:20-16:30,707.9857502777783,682.2390336111115,-25.74671666666677,True
D,2025-09-25,12,98,16:30-16:40,737.8339916666667,712.5235499999999,-25.31044166666686,True
D,2025-09-25,12,99,16:40-16:50,788.0872330555555,763.2130663888887,-24.874166666666838,True
D,2025-09-25,12,100,16:50-17:00,853.9874794444447,829.5495877777779,-24.437891666666815,True
D,2025-09-25,12,101,17:00-17:10,933.2252166666668,909.2236,-24.00161666666679,True
D,2025-09-25,12,102,17:10-17:20,995.9639297222224,975.4502519444445,-20.513677777777843,True
D,2025-09-25,12,103,17:20-17:30,1018.9849861111107,1001.9592472222218,-17.025738888888895,True
D,2025-09-25,18,107,18:00-18:10,718.0261666666668,702.8139416666666,-15.212225000000217,True
D,2025-09-25,18,108,18:10-18:20,704.8104906111116,636.4558892962958,-68.3546013148158,True
D,2025-09-25,18,109,18:20-18:30,787.3851197222222,786.6045663888887,-0.7805533333335006,True
D,2025-09-25,18,111,18:40-18:50,720.3433543518532,685.7596713888888,-34.58368296296442,True
D,2025-09-25,18,112,18:50-19:00,685.6215191666666,668.3651355555555,-17.25638361111112,True
D,2025-09-26,6,75,12:40-12:50,543.4289841666664,0.0,-543.4289841666664,True
D,2025-09-26,6,89,15:00-15:10,331.2575166666667,0.0,-331.2575166666667,True
D,2025-09-26,6,90,15:10-15:20,746.9438087962953,0.0,-746.9438087962953,True
D,2025-09-26,6,91,15:20-15:30,250.86080611111095,0.0,-250.86080611111095,True
D,2025-09-26,6,92,15:30-15:40,182.47246666666683,0.0,-182.47246666666683,True
D,2025-09-26,6,93,15:40-15:50,286.60977138888893,40.05163333333303,-246.5581380555559,True
D,2025-09-26,6,94,15:50-16:00,355.5645258333331,142.40131750000023,-213.16320833333288,True
D,2025-09-26,6,95,16:00-16:10,439.2816833333334,267.00486666666677,-172.2768166666666,True
D,2025-09-26,6,96,16:10-16:20,484.10808972222213,330.5913952777778,-153.51669444444434,True
D,2025-09-26,6,97,16:20-16:30,518.7633727777779,384.0068005555558,-134.75657222222213,True
D,2025-09-26,6,98,16:30-16:40,553.5169833333332,437.5205333333332,-115.99644999999998,True
D,2025-09-26,6,99,16:40-16:50,544.7087116388914,495.67960444444446,-49.02910719444691,True
D,2025-09-26,6,100,16:50-17:00,568.059733888889,532.7264113888889,-35.33332250000012,True
D,2025-09-26,6,101,17:00-17:10,636.6278166666665,580.4827106666668,-56.145105999999714,True
D,2025-09-26,6,102,17:10-17:20,648.9817905555554,567.5950377777779,-81.38675277777759,True
D,2025-09-26,6,103,17:20-17:30,654.5616636111112,589.1942413888888,-65.36742222222233,True
D,2025-09-26,6,104,17:30-17:40,596.5490308333341,592.2133701666673,-4.33566066666674,True
D,2025-09-26,12,89,15:00-15:10,0.0,31.45761666666681,31.45761666666681,True
D,2025-09-26,12,90,15:10-15:20,0.0,37.51749555555591,37.51749555555591,True
D,2025-09-26,12,91,15:20-15:30,0.0,39.85774111111118,39.85774111111118,True
D,2025-09-26,12,92,15:30-15:40,0.0,58.88267499999995,58.88267499999995,True
D,2025-09-26,12,93,15:40-15:50,40.05163333333303,92.16952222222221,52.11788888888918,True
D,2025-09-26,12,94,15:50-16:00,142.40131750000023,167.38115361111113,24.9798361111109,True
D,2025-09-26,12,95,16:00-16:10,267.00486666666677,264.84664999999995,-2.158216666666817,True
D,2025-09-26,12,96,16:10-16:20,330.5913952777778,326.5013730555555,-4.090022222222274,True
D,2025-09-26,12,97,16:20-16:30,384.0068005555558,377.9849727777779,-6.021827777777901,True
D,2025-09-26,12,98,16:30-16:40,437.5205333333332,429.5668999999998,-7.953633333333414,True
D,2025-09-26,12,99,16:40-16:50,495.67960444444446,482.9273059444456,-12.752298499998858,True
D,2025-09-26,12,100,16:50-17:00,532.7264113888889,482.90000888888903,-49.82640249999986,True
D,2025-09-26,12,101,17:00-17:10,580.4827106666668,545.5279333333332,-34.954777333333595,True
D,2025-09-26,12,102,17:10-17:20,567.5950377777779,572.7118877777777,5.116849999999886,True
D,2025-09-26,12,103,17:20-17:30,589.1942413888888,593.1217413888888,3.927500000000009,True
D,2025-09-26,12,104,17:30-17:40,592.2133701666673,596.3454401666668,4.13206999999943,True
D,2025-09-26,18,108,18:10-18:20,443.05542397222223,276.0835054095131,-166.9719185627091,True
D,2025-09-26,18,109,18:20-18:30,595.3776838888888,594.9447638888886,-0.4329200000001947,True
D,2025-09-26,18,112,18:50-19:00,312.6312397706219,0.0,-312.6312397706219,True
D,2025-09-26,18,124,20:50-21:00,639.0665983333332,634.2276841666668,-4.838914166666427,True
D,2025-09-27,18,109,18:20-18:30,489.3079580555555,437.4892261111112,-51.81873194444432,True
D,2025-09-27,18,110,18:30-18:40,334.4604004095078,0.0,-334.4604004095078,True
D,2025-09-27,18,111,18:40-18:50,416.5530630555556,59.785813742845676,-356.7672493127099,True
D,2025-09-27,18,124,20:50-21:00,547.3870583333331,531.8409658333334,-15.546092499999759,True
D,2025-09-28,6,44,7:30-7:40,0.0,239.68394999999987,239.68394999999987,True
D,2025-09-28,6,45,7:40-7:50,0.0,414.74311002291597,414.74311002291597,True
D,2025-09-28,6,66,11:10-11:20,0.0,542.8378216666667,542.8378216666667,True
D,2025-09-28,6,68,11:30-11:40,0.0,97.73990727475223,97.73990727475223,True
D,2025-09-28,6,69,11:40-11:50,0.0,581.2570663888887,581.2570663888887,True
D,2025-09-28,6,70,11:50-12:00,0.0,550.2722519444446,550.2722519444446,True
D,2025-09-28,6,71,12:00-12:10,0.0,480.6215666666668,480.6215666666668,True
D,2025-09-28,6,72,12:10-12:20,204.33952623456344,481.1215119444445,276.78198570988104,True
D,2025-09-28,6,73,12:20-12:30,0.0,522.121981388889,522.121981388889,True
D,2025-09-28,6,74,12:30-12:40,0.0,600.4440583333331,600.4440583333331,True
D,2025-09-28,6,75,12:40-12:50,527.5284186111106,607.2772588888885,79.74884027777784,True
D,2025-09-28,12,71,12:00-12:10,480.6215666666668,0.0,-480.6215666666668,True
D,2025-09-28,12,72,12:10-12:20,481.1215119444445,204.33952623456346,-276.78198570988104,True
D,2025-09-28,12,73,12:20-12:30,522.121981388889,0.0,-522.121981388889,True
D,2025-09-28,12,74,12:30-12:40,600.4440583333331,0.0,-600.4440583333331,True
D,2025-09-28,12,75,12:40-12:50,607.2772588888885,527.5284186111106,-79.74884027777784,True
D,2025-09-28,18,107,18:00-18:10,543.0659666666666,790.1637833333333,247.09781666666674,True
D,2025-09-28,18,108,18:10-18:20,442.8320398261786,713.2216044444444,270.38956461826587,True
D,2025-09-28,18,109,18:20-18:30,691.0575702777776,757.0863332499972,66.02876297221962,True
D,2025-09-28,18,110,18:30-18:40,655.8869833333333,699.3207666666665,43.43378333333317,True
D,2025-09-28,18,111,18:40-18:50,614.1608775000001,765.9550008333333,151.79412333333323,True
D,2025-09-28,18,112,18:50-19:00,624.3704877777778,734.876975,110.50648722222218,True
D,2025-09-28,18,113,19:00-19:10,0.0,18.473975499950818,18.473975499950818,True
D,2025-09-28,18,115,19:20-19:30,0.0,575.0983366666666,575.0983366666666,True
D,2025-09-28,18,121,20:20-20:30,0.0,607.3987855916649,607.3987855916649,True
D,2025-09-29,6,45,7:40-7:50,1193.7028533333332,1103.3969430555553,-90.30591027777791,True
D,2025-09-29,6,65,11:00-11:10,291.5967413042432,0.0,-291.5967413042432,True
D,2025-09-29,6,66,11:10-11:20,657.3233283333332,0.0,-657.3233283333332,True
D,2025-09-29,6,67,11:20-11:30,562.9494283333331,0.0,-562.9494283333331,True
D,2025-09-29,6,68,11:30-11:40,442.06807500000014,0.0,-442.06807500000014,True
D,2025-09-29,6,69,11:40-11:50,399.01102249999985,0.0,-399.01102249999985,True
D,2025-09-29,6,70,11:50-12:00,424.7019533333332,0.0,-424.7019533333332,True
D,2025-09-29,6,71,12:00-12:10,486.96529999999973,238.59474999999998,-248.37054999999975,True
D,2025-09-29,6,72,12:10-12:20,500.30680638888873,212.84765916666709,-287.45914722222165,True
D,2025-09-29,6,73,12:20-12:30,562.0839144444442,47.44144253881518,-514.642471905629,True
D,2025-09-29,6,74,12:30-12:40,600.9730916666666,327.3001333333335,-273.6729583333331,True
D,2025-09-29,6,75,12:40-12:50,661.8332505555552,349.47511583333323,-312.35813472222196,True
D,2025-09-29,6,89,15:00-15:10,1092.6020861111085,64.58058333333338,-1028.0215027777751,True
D,2025-09-29,6,90,15:10-15:20,1225.5580516666669,149.95319888888912,-1075.6048527777778,True
D,2025-09-29,6,91,15:20-15:30,418.0922575925934,194.53098861111152,-223.56126898148187,True
D,2025-09-29,6,92,15:30-15:40,374.8371583333334,266.32096666666655,-108.51619166666683,True
D,2025-09-29,6,93,15:40-15:50,484.9512813888889,325.634982222222,-159.3162991666669,True
D,2025-09-29,6,94,15:50-16:00,575.3877749382711,434.0548561111113,-141.33291882715986,True
D,2025-09-29,6,95,16:00-16:10,680.8182333333332,581.6078499999999,-99.21038333333331,True
D,2025-09-29,6,96,16:10-16:20,729.7717705555557,637.540581666667,-92.23118888888871,True
D,2025-09-29,6,97,16:20-16:30,780.3050286111113,695.0530341666669,-85.25199444444445,True
D,2025-09-29,6,98,16:30-16:40,845.1627416666663,766.8899416666662,-78.27280000000007,True
D,2025-09-29,6,99,16:40-16:50,883.9294322222221,812.6358266666666,-71.29360555555547,True
D,2025-09-29,6,100,16:50-17:00,916.0627536111111,851.7483424999999,-64.31441111111121,True
D,2025-09-29,6,101,17:00-17:10,977.9997499999998,920.6645333333331,-57.335216666666724,True
D,2025-09-29,6,102,17:10-17:20,1052.7424088888888,1004.8544172222223,-47.887991666666494,True
D,2025-09-29,6,103,17:20-17:30,1072.392066111111,1033.9512994444442,-38.44076666666683,True
D,2025-09-29,6,104,17:30-17:40,1087.6912775,1075.9066749999997,-11.784602500000346,True
D,2025-09-29,6,106,17:50-18:00,971.1713613888891,969.330191049379,-1.8411703395100858,True
D,2025-09-29,12,71,12:00-12:10,238.59474999999998,486.9652999999998,248.3705499999998,True
D,2025-09-29,12,72,12:10-12:20,212.84765916666709,500.3068063888888,287.4591472222217,True
D,2025-09-29,12,73,12:20-12:30,47.44144253881518,562.0839144444443,514.6424719056291,True
D,2025-09-29,12,74,12:30-12:40,327.3001333333335,600.9730916666665,273.672958333333,True
D,2025-09-29,12,75,12:40-12:50,349.47511583333323,661.8332505555552,312.35813472222196,True
D,2025-09-29,12,89,15:00-15:10,64.58058333333338,1061.8379166666668,997.2573333333335,True
D,2025-09-29,12,90,15:10-15:20,149.95319888888912,1088.3341683333338,938.3809694444446,True
D,2025-09-29,12,91,15:20-15:30,194.53098861111152,292.56687750000026,98.03588888888873,True
D,2025-09-29,12,92,15:30-15:40,266.32096666666655,331.41279999999995,65.0918333333334,True
D,2025-09-29,12,93,15:40-15:50,325.634982222222,357.78275999999994,32.14777777777795,True
D,2025-09-29,12,94,15:50-16:00,434.0548561111113,433.25857833333345,-0.7962777777778456,True
D,2025-09-29,12,95,16:00-16:10,581.6078499999999,547.8675166666665,-33.74033333333341,True
D,2025-09-29,12,96,16:10-16:20,637.540581666667,603.6899872222224,-33.850594444444596,True
D,2025-09-29,12,97,16:20-16:30,695.0530341666669,661.0921786111113,-33.960855555555554,True
D,2025-09-29,12,98,16:30-16:40,766.8899416666662,732.8188249999996,-34.071116666666626,True
D,2025-09-29,12,99,16:40-16:50,812.6358266666666,778.4544488888888,-34.18137777777781,True
D,2025-09-29,12,100,16:50-17:00,851.7483424999999,817.456703611111,-34.29163888888888,True
D,2025-09-29,12,101,17:00-17:10,920.6645333333331,886.2626333333333,-34.40189999999984,True
D,2025-09-29,12,102,17:10-17:20,1004.8544172222223,975.7824811111112,-29.071936111111086,True
D,2025-09-29,12,103,17:20-17:30,1033.9512994444442,1010.209327222222,-23.741972222222216,True
D,2025-09-29,12,104,17:30-17:40,1075.9066749999997,1042.2589210493786,-33.64775395062111,True
D,2025-09-29,12,106,17:50-18:00,969.330191049379,955.2544033333335,-14.075787716045511,True
D,2025-09-29,18,107,18:00-18:10,680.3587,675.5937333333334,-4.7649666666666235,True
D,2025-09-29,18,108,18:10-18:20,608.0801392500009,597.826431688267,-10.253707561733904,True
D,2025-09-29,18,111,18:40-18:50,716.9835366666667,662.0866255555557,-54.89691111111108,True
D,2025-09-29,18,112,18:50-19:00,676.7972508333335,612.3055483333334,-64.49170250000009,True
D,2025-09-30,6,43,7:20-7:30,0.0,292.84163696506346,292.84163696506346,True
D,2025-09-30,6,44,7:30-7:40,409.09472500000004,430.06525833333353,20.970533333333492,True
D,2025-09-30,6,45,7:40-7:50,785.7836014735319,1160.0392555555554,374.2556540820235,True
D,2025-09-30,6,73,12:20-12:30,415.6947130555552,360.3577608333329,-55.336952222222294,True
D,2025-09-30,6,74,12:30-12:40,479.586233333333,349.19921666666664,-130.38701666666634,True
D,2025-09-30,6,75,12:40-12:50,568.8026477777775,490.52881000000014,-78.27383777777732,True
D,2025-09-30,6,89,15:00-15:10,1270.14705,922.327000833332,-347.820049166668,True
D,2025-09-30,6,90,15:10-15:20,1295.600910277778,1116.815368611111,-178.7855416666671,True
D,2025-09-30,6,91,15:20-15:30,1316.32469,468.87685999999974,-847.4478300000002,True
D,2025-09-30,6,92,15:30-15:40,1141.778854907404,525.7915749999997,-615.9872799074042,True
D,2025-09-30,6,93,15:40-15:50,523.9425858333335,413.57263111111115,-110.36995472222236,True
D,2025-09-30,6,94,15:50-16:00,636.700653333333,497.35867222222225,-139.34198111111073,True
D,2025-09-30,6,95,16:00-16:10,721.2569666666667,635.5647333333335,-85.6922333333332,True
D,2025-09-30,6,96,16:10-16:20,794.0615239814822,697.2011711111114,-96.86035287037078,True
D,2025-09-30,6,97,16:20-16:30,802.663870277778,728.5891313888891,-74.07473888888887,True
D,2025-09-30,6,98,16:30-16:40,835.1359333333332,762.6464916666666,-72.48944166666661,True
D,2025-09-30,6,99,16:40-16:50,879.8200972222221,808.9159527777779,-70.90414444444423,True
D,2025-09-30,6,100,16:50-17:00,922.3323944444445,853.0135472222222,-69.3188472222223,True
D,2025-09-30,6,101,17:00-17:10,984.7663833333331,917.0328333333331,-67.73355000000004,True
D,2025-09-30,6,102,17:10-17:20,1065.1332255555553,1008.5799561111111,-56.553269444444254,True
D,2025-09-30,6,103,17:20-17:30,1073.3972586111108,1028.0242697222218,-45.37298888888904,True
D,2025-09-30,12,73,12:20-12:30,360.3577608333329,415.69471305555527,55.33695222222235,True
D,2025-09-30,12,74,12:30-12:40,349.19921666666664,479.5862333333329,130.38701666666628,True
D,2025-09-30,12,75,12:40-12:50,490.52881000000014,568.8026477777775,78.27383777777732,True
D,2025-09-30,12,89,15:00-15:10,922.327000833332,1208.6130666666668,286.28606583333476,True
D,2025-09-30,12,90,15:10-15:20,1116.815368611111,1228.7784325000002,111.96306388888934,True
D,2025-09-30,12,91,15:20-15:30,468.87685999999974,1262.6390416666663,793.7621816666666,True
D,2025-09-30,12,92,15:30-15:40,525.7915749999997,1141.7788549074037,615.987279907404,True
D,2025-09-30,12,93,15:40-15:50,413.57263111111115,523.9425858333335,110.36995472222236,True
D,2025-09-30,12,94,15:50-16:00,497.35867222222225,636.7006533333331,139.34198111111084,True
D,2025-09-30,12,95,16:00-16:10,635.5647333333335,721.2569666666667,85.6922333333332,True
D,2025-09-30,12,96,16:10-16:20,697.2011711111114,794.0615239814821,96.86035287037066,True
D,2025-09-30,12,97,16:20-16:30,728.5891313888891,802.6638702777781,74.07473888888899,True
D,2025-09-30,12,98,16:30-16:40,762.6464916666666,827.2776662037033,64.63117453703671,True
D,2025-09-30,12,99,16:40-16:50,808.9159527777779,802.2850472222221,-6.630905555555728,True
D,2025-09-30,12,100,16:50-17:00,853.0135472222222,848.7298194444444,-4.283727777777813,True
D,2025-09-30,12,101,17:00-17:10,917.0328333333331,915.0962833333332,-1.9365499999998974,True
D,2025-09-30,12,102,17:10-17:20,1008.5799561111111,1006.5624783333333,-2.017477777777799,True
D,2025-09-30,12,103,17:20-17:30,1028.0242697222218,1025.925864166666,-2.0984055555557006,True
D,2025-09-30,18,108,18:10-18:20,690.1574108333332,639.3371202901192,-50.820290543214014,True
D,2025-09-30,18,111,18:40-18:50,752.23954447531,726.0355941666668,-26.203950308643243,True
D,2025-09-30,18,112,18:50-19:00,727.64147,663.7550563888889,-63.88641361111115,True
D,2025-10-01,6,72,12:10-12:20,569.6737855555554,517.0034161111115,-52.67036944444385,True
D,2025-10-01,6,73,12:20-12:30,547.1097569444439,474.72535138888884,-72.38440555555508,True
D,2025-10-01,6,74,12:30-12:40,519.9193749999994,427.8209333333331,-92.0984416666663,True
D,2025-10-01,6,75,12:40-12:50,657.0467572222219,545.2342794444444,-111.81247777777753,True
D,2025-10-01,12,71,12:00-12:10,496.9804666666666,0.0,-496.9804666666666,True
D,2025-10-01,12,72,12:10-12:20,517.0034161111115,0.0,-517.0034161111115,True
D,2025-10-01,12,73,12:20-12:30,474.72535138888884,0.0,-474.72535138888884,True
D,2025-10-01,12,74,12:30-12:40,427.8209333333331,0.0,-427.8209333333331,True
D,2025-10-01,12,75,12:40-12:50,545.2342794444444,0.0,-545.2342794444444,True
D,2025-10-01,12,89,15:00-15:10,382.4285166666665,233.75529259259216,-148.67322407407434,True
D,2025-10-01,12,91,15:20-15:30,467.8275308333335,412.3188252777776,-55.508705555555935,True
D,2025-10-01,12,92,15:30-15:40,495.12370833333324,439.4344249999999,-55.68928333333332,True
D,2025-10-01,12,93,15:40-15:50,435.29493694444227,430.8750280555555,-4.419908888886766,True
D,2025-10-01,12,94,15:50-16:00,491.5706863888887,475.5585177777781,-16.01216861111061,True
D,2025-10-02,6,65,11:00-11:10,748.5486000000003,648.7169166666664,-99.8316833333339,True
D,2025-10-02,6,72,12:10-12:20,585.4718483333335,544.5366483333336,-40.935199999999895,True
D,2025-10-02,6,73,12:20-12:30,554.6943849999997,521.1940350000001,-33.50034999999957,True
D,2025-10-02,6,74,12:30-12:40,520.4130499999999,494.3475500000002,-26.0654999999997,True
D,2025-10-02,6,75,12:40-12:50,614.9240299999996,596.2933799999997,-18.630649999999832,True
D,2025-10-02,6,96,16:10-16:20,752.4287056481456,713.2794616666665,-39.14924398147912,True
D,2025-10-02,12,71,12:00-12:10,535.7771000000001,0.0,-535.7771000000001,True
D,2025-10-02,12,72,12:10-12:20,544.5366483333336,0.0,-544.5366483333336,True
D,2025-10-02,12,73,12:20-12:30,521.1940350000001,0.0,-521.1940350000001,True
D,2025-10-02,12,74,12:30-12:40,494.3475500000002,0.0,-494.3475500000002,True
D,2025-10-02,12,75,12:40-12:50,596.2933799999997,0.0,-596.2933799999997,True
D,2025-10-02,12,89,15:00-15:10,781.5472071296324,103.38051666666684,-678.1666904629656,True
D,2025-10-02,12,90,15:10-15:20,1175.4833325000002,326.4996498148152,-848.9836826851849,True
D,2025-10-02,12,91,15:20-15:30,537.6264402777779,309.2072458333331,-228.41919444444477,True
D,2025-10-02,12,92,15:30-15:40,589.6810083333332,359.1660750000001,-230.51493333333315,True
D,2025-10-02,12,93,15:40-15:50,596.9213672222223,364.3106950000001,-232.6106722222222,True
D,2025-10-02,12,94,15:50-16:00,641.5898319444448,406.8834208333335,-234.70641111111127,True
D,2025-10-02,12,95,16:00-16:10,742.3986999999997,505.59655,-236.80214999999976,True
D,2025-10-02,12,96,16:10-16:20,713.2794616666665,583.8474477777776,-129.43201388888895,True
D,2025-10-02,12,97,16:20-16:30,749.0964152777777,665.1875255555552,-83.90888972222251,True
D,2025-10-02,12,98,16:30-16:40,771.7236749999996,731.3166666666662,-40.407008333333465,True
D,2025-10-02,12,99,16:40-16:50,857.3161622222221,741.4403894444442,-115.87577277777791,True
D,2025-10-04,12,94,15:50-16:00,107.28987999999973,88.79817962963014,-18.491700370369585,True
D,2025-10-05,6,66,11:10-11:20,684.3020097222221,0.0,-684.3020097222221,True
D,2025-10-05,6,67,11:20-11:30,29.74612916666638,0.0,-29.74612916666638,True
D,2025-10-05,6,68,11:30-11:40,467.61174166666694,0.0,-467.61174166666694,True
D,2025-10-05,6,69,11:40-11:50,442.8022313888886,0.0,-442.8022313888886,True
D,2025-10-05,6,70,11:50-12:00,501.15348527777803,0.0,-501.15348527777803,True
D,2025-10-05,6,71,12:00-12:10,592.4243166666668,74.15242364992753,-518.2718930167392,True
D,2025-10-05,6,72,12:10-12:20,589.9040522222223,257.5904355555559,-332.31361666666635,True
D,2025-10-05,6,73,12:20-12:30,497.83983777777723,0.0,-497.83983777777723,True
D,2025-10-05,6,74,12:30-12:40,424.25926666666624,0.0,-424.25926666666624,True
D,2025-10-05,6,75,12:40-12:50,512.9126363888887,294.530619722222,-218.3820166666667,True
D,2025-10-05,12,71,12:00-12:10,74.15242364992753,0.0,-74.15242364992753,True
D,2025-10-05,12,72,12:10-12:20,257.5904355555559,0.0,-257.5904355555559,True
D,2025-10-05,12,75,12:40-12:50,294.530619722222,0.0,-294.530619722222,True
D,2025-10-06,6,45,7:40-7:50,7.03648788173507,188.87864640951548,181.8421585277804,True
D,2025-10-07,6,45,7:40-7:50,491.31254881921336,559.1793201772368,67.86677135802347,True
D,2025-10-07,6,72,12:10-12:20,536.596432777778,522.0472383333337,-14.54919444444431,True
D,2025-10-07,6,73,12:20-12:30,486.25924138888865,471.25928583333337,-14.999955555555289,True
D,2025-10-07,6,74,12:30-12:40,434.3939999999998,418.9432833333333,-15.450716666666494,True
D,2025-10-07,6,75,12:40-12:50,546.5474952777778,530.6460175000001,-15.9014777777777,True
D,2025-10-07,12,71,12:00-12:10,495.55253333333354,399.12289999999734,-96.4296333333362,True
D,2025-10-07,12,72,12:10-12:20,522.0472383333337,536.596432777778,14.54919444444431,True
D,2025-10-07,12,73,12:20-12:30,471.25928583333337,0.0,-471.25928583333337,True
D,2025-10-07,12,74,12:30-12:40,418.9432833333333,0.0,-418.9432833333333,True
D,2025-10-07,12,75,12:40-12:50,530.6460175000001,546.5474952777778,15.9014777777777,True
D,2025-10-08,6,44,7:30-7:40,0.0,41.72069692706583,41.72069692706583,True
D,2025-10-08,6,66,11:10-11:20,395.06598343387077,0.0,-395.06598343387077,True
D,2025-10-08,6,70,11:50-12:00,454.34148694444457,0.0,-454.34148694444457,True
D,2025-10-08,6,71,12:00-12:10,545.2923666666666,216.15551337214924,-329.1368532945173,True
D,2025-10-08,6,72,12:10-12:20,545.9267841666666,364.3391091666666,-181.587675,True
D,2025-10-08,6,73,12:20-12:30,568.7141824999998,0.0,-568.7141824999998,True
D,2025-10-08,6,74,12:30-12:40,558.3663749999998,0.0,-558.3663749999998,True
D,2025-10-08,6,75,12:40-12:50,611.6248216666664,390.47612583333307,-221.14869583333336,True
D,2025-10-08,6,89,15:00-15:10,234.95354999999984,0.0,-234.95354999999984,True
D,2025-10-08,6,90,15:10-15:20,460.28785157407447,1.699858055555751,-458.5879935185187,True
D,2025-10-08,6,91,15:20-15:30,263.25208027777774,92.61751361111124,-170.6345666666665,True
D,2025-10-08,6,92,15:30-15:40,249.4614958333334,187.9974166666666,-61.46407916666681,True
D,2025-10-08,6,93,15:40-15:50,329.6108261111111,249.17455472222196,-80.43627138888917,True
D,2025-10-08,6,94,15:50-16:00,411.1012027160491,356.2030394444448,-54.89816327160429,True
D,2025-10-08,6,95,16:00-16:10,508.7231666666669,503.50226666666697,-5.220899999999915,True
D,2025-10-08,6,96,16:10-16:20,560.7286625000002,556.5364486111113,-4.192213888888887,True
D,2025-10-08,6,97,16:20-16:30,608.4372283333335,605.2737005555558,-3.163527777777631,True
D,2025-10-08,6,98,16:30-16:40,672.6915166666663,670.5566749999996,-2.1348416666667163,True
D,2025-10-08,6,99,16:40-16:50,717.0360191666668,715.9298636111114,-1.1061555555554605,True
D,2025-10-08,6,100,16:50-17:00,769.7214725,769.6440030555556,-0.07746944444443216,True
D,2025-10-08,12,71,12:00-12:10,216.15551337214924,545.2923666666667,329.13685329451744,True
D,2025-10-08,12,72,12:10-12:20,364.3391091666666,545.9267841666667,181.5876750000001,True
D,2025-10-08,12,73,12:20-12:30,0.0,568.7141824999999,568.7141824999999,True
D,2025-10-08,12,74,12:30-12:40,0.0,558.3663749999997,558.3663749999997,True
D,2025-10-08,12,75,12:40-12:50,390.47612583333307,611.6248216666664,221.14869583333336,True
D,2025-10-08,12,89,15:00-15:10,0.0,234.95354999999984,234.95354999999984,True
D,2025-10-08,12,90,15:10-15:20,1.699858055555751,460.2878515740745,458.5879935185188,True
D,2025-10-08,12,91,15:20-15:30,92.61751361111124,200.18988583333328,107.57237222222204,True
D,2025-10-08,12,92,15:30-15:40,187.9974166666666,249.46149583333337,61.46407916666678,True
D,2025-10-08,12,93,15:40-15:50,249.17455472222196,329.6108261111112,80.43627138888922,True
D,2025-10-08,12,94,15:50-16:00,356.2030394444448,395.56664212962835,39.36360268518354,True
D,2025-10-08,12,95,16:00-16:10,503.50226666666697,508.7231666666668,5.220899999999858,True
D,2025-10-08,12,96,16:10-16:20,556.5364486111113,560.7286625000002,4.192213888888887,True
D,2025-10-08,12,97,16:20-16:30,605.2737005555558,608.4372283333336,3.1635277777777446,True
D,2025-10-08,12,98,16:30-16:40,670.5566749999996,672.6915166666664,2.13484166666683,True
D,2025-10-08,12,99,16:40-16:50,715.9298636111114,707.9863025000001,-7.943561111111308,True
D,2025-10-08,12,100,16:50-17:00,769.6440030555556,756.8066725,-12.837330555555582,True
D,2025-10-08,12,101,17:00-17:10,855.6239500000001,838.8440666666668,-16.779883333333373,True
D,2025-10-08,12,102,17:10-17:20,941.3474400000002,926.8518733333335,-14.495566666666718,True
D,2025-10-08,12,103,17:20-17:30,967.4943149999998,955.2830649999997,-12.211250000000064,True
D,2025-10-08,18,121,20:20-20:30,286.364637323093,140.16474837247506,-146.19988895061795,True
D,2025-10-09,6,36,6:10-6:20,21.51481555555563,21.060329444444505,-0.45448611111112314,True
D,2025-10-09,6,40,6:50-7:00,672.7795222222221,0.0,-672.7795222222221,True
D,2025-10-09,6,41,7:0-7:10,642.9592166666666,114.26822865950521,-528.6909880071614,True
D,2025-10-09,6,44,7:30-7:40,569.6423938809422,490.0711333333336,-79.57126054760863,True
D,2025-10-09,6,45,7:40-7:50,1256.2326491666665,1150.3981777777776,-105.83447138888891,True
D,2025-10-09,6,65,11:00-11:10,121.27028333333328,0.0,-121.27028333333328,True
D,2025-10-09,6,66,11:10-11:20,806.9155641666666,0.0,-806.9155641666666,True
D,2025-10-09,6,68,11:30-11:40,584.8825215820191,0.0,-584.8825215820191,True
D,2025-10-09,6,69,11:40-11:50,547.291750833333,0.0,-547.291750833333,True
D,2025-10-09,6,70,11:50-12:00,554.9435925000002,0.0,-554.9435925000002,True
D,2025-10-09,6,71,12:00-12:10,608.6854000000001,0.0,-608.6854000000001,True
D,2025-10-09,6,72,12:10-12:20,608.0427469444446,0.0,-608.0427469444446,True
D,2025-10-09,6,73,12:20-12:30,640.0908155555553,0.0,-640.0908155555553,True
D,2025-10-09,6,74,12:30-12:40,632.4045499999999,0.0,-632.4045499999999,True
D,2025-10-09,6,75,12:40-12:50,662.8476577777777,0.0,-662.8476577777777,True
D,2025-10-09,6,89,15:00-15:10,1264.7562166666667,5.929216666666662,-1258.827,True
D,2025-10-09,6,90,15:10-15:20,1261.7826161111116,45.67186611111117,-1216.1107500000003,True
D,2025-10-09,6,91,15:20-15:30,913.8886600308608,102.99365472222235,-810.8950053086385,True
D,2025-10-09,6,92,15:30-15:40,425.7804939197534,182.80934166666646,-242.97115225308693,True
D,2025-10-09,6,93,15:40-15:50,505.00508166666657,257.8678769444442,-247.13720472222235,True
D,2025-10-09,6,94,15:50-16:00,616.5825799999997,362.8815572222225,-253.70102277777715,True
D,2025-10-09,6,95,16:00-16:10,671.5005333333332,493.8574666666668,-177.6430666666664,True
D,2025-10-09,6,96,16:10-16:20,709.0866758333334,560.7192091666669,-148.36746666666647,True
D,2025-10-09,6,97,16:20-16:30,739.1521375000004,611.6133708333338,-127.53876666666667,True
D,2025-10-09,6,98,16:30-16:40,769.2102833333332,662.5002166666665,-106.71006666666676,True
D,2025-10-09,6,99,16:40-16:50,802.4756874999999,716.5943208333335,-85.8813666666664,True
D,2025-10-09,6,100,16:50-17:00,835.2836691666668,770.2310025,-65.05266666666671,True
D,2025-10-09,6,101,17:00-17:10,896.2665166666666,852.0425499999999,-44.22396666666668,True
D,2025-10-09,6,102,17:10-17:20,999.2029622222224,962.2410122222225,-36.96194999999989,True
D,2025-10-09,6,103,17:20-17:30,1021.2829527777775,991.583019444444,-29.699933333333547,True
D,2025-10-09,12,75,12:40-12:50,0.0,381.32176062523774,381.32176062523774,True
D,2025-10-09,12,89,15:00-15:10,5.929216666666662,197.55746666666653,191.62824999999987,True
D,2025-10-09,12,90,15:10-15:20,45.67186611111117,402.4849799999995,356.8131138888883,True
D,2025-10-09,12,91,15:20-15:30,102.99365472222235,231.3900713888887,128.39641666666637,True
D,2025-10-09,12,92,15:30-15:40,182.80934166666646,279.58984166666664,96.78050000000019,True
D,2025-10-09,12,93,15:40-15:50,257.8678769444442,323.03246027777755,65.16458333333333,True
D,2025-10-09,12,94,15:50-16:00,362.8815572222225,396.4302238888891,33.54866666666658,True
D,2025-10-09,12,95,16:00-16:10,493.8574666666668,495.79021666666677,1.9327499999999418,True
D,2025-10-09,12,96,16:10-16:20,560.7192091666669,561.1091925000003,0.38998333333336177,True
D,2025-10-09,12,97,16:20-16:30,611.6133708333338,610.4605875000003,-1.1527833333334456,True
D,2025-10-09,12,98,16:30-16:40,662.5002166666665,659.8046666666664,-2.6955500000000256,True
D,2025-10-09,12,99,16:40-16:50,716.5943208333335,712.3560041666668,-4.238316666666719,True
D,2025-10-09,12,100,16:50-17:00,770.2310025,764.4499191666667,-5.781083333333299,True
D,2025-10-09,12,101,17:00-17:10,852.0425499999999,844.7186999999999,-7.323849999999993,True
D,2025-10-09,12,102,17:10-17:20,962.2410122222225,955.734117777778,-6.50689444444447,True
D,2025-10-09,12,103,17:20-17:30,991.583019444444,985.8930805555551,-5.6899388888888325,True
D,2025-10-10,6,89,15:00-15:10,165.08409509259462,0.0,-165.08409509259462,True
D,2025-10-10,6,90,15:10-15:20,217.72743027777756,0.0,-217.72743027777756,True
D,2025-10-10,6,91,15:20-15:30,161.18872777777767,11.410949999999957,-149.77777777777771,True
D,2025-10-10,6,92,15:30-15:40,119.8255615020559,52.183716666666555,-67.64184483538935,True
D,2025-10-10,6,93,15:40-15:50,217.48148277777784,122.54478916666642,-94.93669361111142,True
D,2025-10-10,6,94,15:50-16:00,310.7728227160489,223.6956316666667,-87.07719104938218,True
D,2025-10-10,6,95,16:00-16:10,391.03058333333354,335.9520500000002,-55.078533333333326,True
D,2025-10-10,6,96,16:10-16:20,436.4075766666667,391.9234572222224,-44.48411944444433,True
D,2025-10-10,6,97,16:20-16:30,480.5466741666671,446.65696861111144,-33.88970555555568,True
D,2025-10-10,6,98,16:30-16:40,530.0410833333332,506.74579166666643,-23.295291666666742,True
D,2025-10-10,6,99,16:40-16:50,570.1880258333332,557.4871480555556,-12.700877777777578,True
D,2025-10-10,6,100,16:50-17:00,577.320095,575.213631111111,-2.1064638888890386,True
D,2025-10-10,12,91,15:20-15:30,11.410949999999957,0.0,-11.410949999999957,True
D,2025-10-10,12,92,15:30-15:40,52.183716666666555,12.660083333333318,-39.52363333333324,True
D,2025-10-10,12,93,15:40-15:50,122.54478916666642,67.74575027777769,-54.79903888888873,True
D,2025-10-10,12,94,15:50-16:00,223.6956316666667,153.62118722222226,-70.07444444444445,True
D,2025-10-10,12,95,16:00-16:10,335.9520500000002,250.60220000000015,-85.34985000000006,True
D,2025-10-10,12,96,16:10-16:20,391.9234572222224,313.9376266666668,-77.9858305555556,True
D,2025-10-10,12,97,16:20-16:30,446.65696861111144,376.0351575000003,-70.62181111111113,True
D,2025-10-10,12,98,16:30-16:40,506.74579166666643,443.4879999999998,-63.25779166666666,True
D,2025-10-10,12,99,16:40-16:50,557.4871480555556,501.5933758333333,-55.89377222222231,True
D,2025-10-10,12,100,16:50-17:00,575.213631111111,526.6838783333333,-48.52975277777773,True
D,2025-10-10,12,101,17:00-17:10,592.5296666666667,559.8518833333333,-32.67778333333342,True
D,2025-10-10,18,109,18:20-18:30,527.1750669444444,446.6390758333334,-80.53599111111106,True
D,2025-10-10,18,110,18:30-18:40,379.669028853963,109.64548096506905,-270.023547888894,True
D,2025-10-10,18,124,20:50-21:00,585.8516174999997,539.9499858333332,-45.9016316666665,True
D,2025-10-11,6,93,15:40-15:50,8.874750277777707,0.0,-8.874750277777707,True
D,2025-10-11,12,94,15:50-16:00,78.67852611111097,20.460245555555616,-58.21828055555535,True
D,2025-10-11,12,95,16:00-16:10,171.11531666666687,117.68371666666678,-53.43160000000009,True
D,2025-10-11,12,96,16:10-16:20,228.43799000000007,181.331303888889,-47.10668611111106,True
D,2025-10-11,12,97,16:20-16:30,255.30950250000015,154.53324225000404,-100.77626024999611,True
D,2025-10-11,18,107,18:00-18:10,278.52141666666665,0.0,-278.52141666666665,True
D,2025-10-11,18,109,18:20-18:30,311.5448138539607,0.0,-311.5448138539607,True
D,2025-10-11,18,124,20:50-21:00,477.7243366666665,201.16033013173427,-276.5640065349322,True
D,2025-10-12,6,66,11:10-11:20,295.0250702160485,0.0,-295.0250702160485,True
D,2025-10-12,6,70,11:50-12:00,363.29817444444416,0.0,-363.29817444444416,True
D,2025-10-12,6,71,12:00-12:10,414.5572333333331,15.20343948325899,-399.3537938500741,True
D,2025-10-12,6,73,12:20-12:30,456.62749777777753,0.0,-456.62749777777753,True
D,2025-10-12,6,74,12:30-12:40,513.4593333333331,0.0,-513.4593333333331,True
D,2025-10-12,6,75,12:40-12:50,543.953187222222,484.8137197222221,-59.13946749999991,True
D,2025-10-12,6,98,16:30-16:40,317.91182499999985,423.1499388888908,105.23811388889095,True
D,2025-10-12,12,71,12:00-12:10,15.20343948325899,414.55723333333316,399.35379385007417,True
D,2025-10-12,12,73,12:20-12:30,0.0,450.71987087214677,450.71987087214677,True
D,2025-10-12,12,74,12:30-12:40,0.0,504.1488833333332,504.1488833333332,True
D,2025-10-12,12,75,12:40-12:50,484.8137197222221,526.4698538888889,41.65613416666679,True
D,2025-10-12,12,91,15:20-15:30,58.23552111111099,22.9437655555555,-35.29175555555549,True
D,2025-10-12,12,92,15:30-15:40,85.9513499999998,57.984016666666435,-27.96733333333337,True
D,2025-10-12,12,98,16:30-16:40,423.1499388888908,317.9118249999999,-105.2381138888909,True
D,2025-10-12,18,107,18:00-18:10,431.0183333333332,577.9642166666666,146.94588333333343,True
D,2025-10-13,6,65,11:00-11:10,753.7220666666665,0.0,-753.7220666666665,True
D,2025-10-13,6,66,11:10-11:20,757.9204213888888,0.0,-757.9204213888888,True
D,2025-10-13,6,67,11:20-11:30,735.3491819444448,0.0,-735.3491819444448,True
D,2025-10-13,6,68,11:30-11:40,685.7778249999999,0.0,-685.7778249999999,True
D,2025-10-13,6,69,11:40-11:50,666.338166388889,0.0,-666.338166388889,True
D,2025-10-13,6,70,11:50-12:00,609.0161511111107,0.0,-609.0161511111107,True
D,2025-10-13,6,71,12:00-12:10,521.2086666666664,358.73048333333315,-162.47818333333328,True
D,2025-10-13,6,72,12:10-12:20,535.2401613888886,358.2185530555555,-177.02160833333312,True
D,2025-10-13,6,73,12:20-12:30,599.9121519444443,206.8490733721452,-393.0630785722991,True
D,2025-10-13,6,74,12:30-12:40,688.9865916666665,413.85354166666684,-275.1330499999997,True
D,2025-10-13,6,75,12:40-12:50,765.5798163888887,381.6247433333331,-383.95507305555566,True
D,2025-10-13,6,76,12:50-13:00,722.3180844832563,0.0,-722.3180844832563,True
D,2025-10-13,6,89,15:00-15:10,862.0901174382725,48.737879944444394,-813.352237493828,True
D,2025-10-13,6,90,15:10-15:20,1178.7356925,155.6577730555556,-1023.0779194444443,True
D,2025-10-13,6,91,15:20-15:30,415.5370441666664,96.25865055555585,-319.2783936111106,True
D,2025-10-13,6,92,15:30-15:40,442.97187499999984,169.73906666666653,-273.2328083333333,True
D,2025-10-13,6,93,15:40-15:50,477.03535861111106,245.89692527777754,-231.13843333333352,True
D,2025-10-13,6,94,15:50-16:00,539.086202222222,350.042143888889,-189.04405833333306,True
D,2025-10-13,6,95,16:00-16:10,622.3937499999998,482.99741666666677,-139.39633333333308,True
D,2025-10-13,6,96,16:10-16:20,656.304509722222,574.2395030555557,-82.06500666666625,True
D,2025-10-13,6,97,16:20-16:30,693.1794547222224,627.1492002777783,-66.03025444444415,True
D,2025-10-13,12,71,12:00-12:10,358.73048333333315,407.4916833333334,48.76120000000026,True
D,2025-10-13,12,72,12:10-12:20,358.2185530555555,393.2705280555555,35.05197499999997,True
D,2025-10-13,12,73,12:20-12:30,206.8490733721452,429.68986861111125,222.84079523896605,True
D,2025-10-13,12,74,12:30-12:40,413.85354166666684,490.51165833333334,76.6581166666665,True
D,2025-10-13,12,75,12:40-12:50,381.6247433333331,538.8522330555552,157.22748972222212,True
D,2025-10-13,12,76,12:50-13:00,0.0,50.040147106715324,50.040147106715324,True
D,2025-10-13,12,89,15:00-15:10,48.737879944444394,155.93076666666673,107.19288672222234,True
D,2025-10-13,12,90,15:10-15:20,155.6577730555556,327.15257666666525,171.49480361110966,True
D,2025-10-13,12,91,15:20-15:30,96.25865055555585,204.94594500000005,108.6872944444442,True
D,2025-10-13,12,92,15:30-15:40,169.73906666666653,253.85556666666662,84.11650000000009,True
D,2025-10-13,12,93,15:40-15:50,245.89692527777754,305.44263083333317,59.54570555555563,True
D,2025-10-13,12,94,15:50-16:00,350.042143888889,385.017055,34.974911111111055,True
D,2025-10-13,12,95,16:00-16:10,482.99741666666677,493.40153333333336,10.404116666666596,True
D,2025-10-13,12,96,16:10-16:20,574.2395030555557,581.0710669444445,6.831563888888809,True
D,2025-10-13,12,97,16:20-16:30,627.1492002777783,630.4082113888893,3.259011111111022,True
D,2025-10-14,6,65,11:00-11:10,792.9208499999997,0.0,-792.9208499999997,True
D,2025-10-14,6,66,11:10-11:20,787.3617016666665,0.0,-787.3617016666665,True
D,2025-10-14,6,67,11:20-11:30,758.7176533333334,0.0,-758.7176533333334,True
D,2025-10-14,6,68,11:30-11:40,710.3549250000001,0.0,-710.3549250000001,True
D,2025-10-14,6,69,11:40-11:50,691.4145691666668,0.0,-691.4145691666668,True
D,2025-10-14,6,70,11:50-12:00,619.1148458333332,0.0,-619.1148458333332,True
D,2025-10-14,6,71,12:00-12:10,518.9254999999999,0.0,-518.9254999999999,True
D,2025-10-14,6,72,12:10-12:20,542.6397766666665,0.0,-542.6397766666665,True
D,2025-10-14,6,73,12:20-12:30,604.3087433333332,0.0,-604.3087433333332,True
D,2025-10-14,6,74,12:30-12:40,665.6895583333331,0.0,-665.6895583333331,True
D,2025-10-14,6,75,12:40-12:50,724.4503291666663,0.0,-724.4503291666663,True
D,2025-10-14,6,76,12:50-13:00,742.9261775388129,0.0,-742.9261775388129,True
D,2025-10-14,6,89,15:00-15:10,1100.2012499999998,112.66103333333353,-987.5402166666663,True
D,2025-10-14,6,90,15:10-15:20,1164.6236141666664,191.33365444444428,-973.2899597222221,True
D,2025-10-14,6,91,15:20-15:30,1187.9702399999999,267.90475722222243,-920.0654827777774,True
D,2025-10-14,6,92,15:30-15:40,872.5321003703671,307.92082883333114,-564.6112715370359,True
D,2025-10-14,6,93,15:40-15:50,515.9709674999999,329.68905472222207,-186.28191277777785,True
D,2025-10-14,6,94,15:50-16:00,553.0607655555555,447.76607111111144,-105.29469444444402,True
D,2025-10-14,6,95,16:00-16:10,652.0230666666665,605.4562333333334,-46.56683333333308,True
D,2025-10-14,12,71,12:00-12:10,0.0,518.9255,518.9255,True
D,2025-10-14,12,72,12:10-12:20,0.0,532.1315877777778,532.1315877777778,True
D,2025-10-14,12,73,12:20-12:30,0.0,569.124598888889,569.124598888889,True
D,2025-10-14,12,74,12:30-12:40,0.0,605.8294583333333,605.8294583333333,True
D,2025-10-14,12,75,12:40-12:50,0.0,639.914273611111,639.914273611111,True
D,2025-10-14,12,76,12:50-13:00,0.0,645.1069663888894,645.1069663888894,True
D,2025-10-14,12,89,15:00-15:10,112.66103333333353,1052.5963333333334,939.9352999999999,True
D,2025-10-14,12,90,15:10-15:20,191.33365444444428,1057.1404066666669,865.8067522222226,True
D,2025-10-14,12,91,15:20-15:30,267.90475722222243,792.2070510573332,524.3022938351107,True
D,2025-10-14,12,92,15:30-15:40,307.92082883333114,333.4271583333332,25.50632950000204,True
D,2025-10-14,12,93,15:40-15:50,329.68905472222207,368.0158325000001,38.326777777778034,True
D,2025-10-14,12,94,15:50-16:00,447.76607111111144,449.28833500000013,1.5222638888886877,True
D,2025-10-14,12,95,16:00-16:10,605.4562333333334,570.1739833333335,-35.282249999999976,True
D,2025-10-14,12,96,16:10-16:20,651.3510080555553,616.4372847222224,-34.91372333333288,True
D,2025-10-14,12,97,16:20-16:30,681.7901755555556,652.5152377777778,-29.274937777777836,True
D,2025-10-15,6,45,7:40-7:50,1203.6356530555554,1184.7544252777777,-18.881227777777667,True
D,2025-10-15,6,65,11:00-11:10,778.8023666666663,0.0,-778.8023666666663,True
D,2025-10-15,6,66,11:10-11:20,791.0774924999998,524.7810902857276,-266.29640221427223,True
D,2025-10-15,6,67,11:20-11:30,782.5566058333334,0.0,-782.5566058333334,True
D,2025-10-15,6,68,11:30-11:40,754.0436999999995,0.0,-754.0436999999995,True
D,2025-10-15,6,69,11:40-11:50,757.6588433333332,0.0,-757.6588433333332,True
D,2025-10-15,6,70,11:50-12:00,717.2750999999996,410.8838452777777,-306.3912547222219,True
D,2025-10-15,6,71,12:00-12:10,645.7619499999998,359.8802166666668,-285.88173333333305,True
D,2025-10-15,6,72,12:10-12:20,645.0097708333333,408.00425166666685,-237.00551916666643,True
D,2025-10-15,6,73,12:20-12:30,693.8686416666665,457.5523316666661,-236.31631000000039,True
D,2025-10-15,6,74,12:30-12:40,752.8976333333334,446.79960000000017,-306.0980333333332,True
D,2025-10-15,6,75,12:40-12:50,786.4605866666665,403.48288583333317,-382.9777008333333,True
D,2025-10-15,6,76,12:50-13:00,817.0592691666668,0.0,-817.0592691666668,True
D,2025-10-15,6,77,13:00-13:10,19.119809499998027,0.0,-19.119809499998027,True
D,2025-10-15,6,89,15:00-15:10,1254.850283333333,125.48755000000017,-1129.362733333333,True
D,2025-10-15,6,90,15:10-15:20,1328.2016847222221,210.3055305555556,-1117.8961541666665,True
D,2025-10-15,6,91,15:20-15:30,1340.531199444444,242.9182882181499,-1097.612911226294,True
D,2025-10-15,6,92,15:30-15:40,1366.6658666666665,225.85470833333306,-1140.8111583333334,True
D,2025-10-15,6,93,15:40-15:50,625.3513030555554,286.11216249999995,-339.2391405555554,True
D,2025-10-15,6,94,15:50-16:00,644.6509049999997,383.6153050000001,-261.03559999999965,True
D,2025-10-15,6,95,16:00-16:10,715.6552333333331,510.5638166666667,-205.09141666666636,True
D,2025-10-15,6,96,16:10-16:20,720.9508152777775,583.4825975000001,-137.46821777777734,True
D,2025-10-15,6,97,16:20-16:30,744.3568675000001,633.215274166667,-111.14159333333316,True
D,2025-10-15,12,71,12:00-12:10,359.8802166666668,622.9354333333335,263.05521666666675,True
D,2025-10-15,12,72,12:10-12:20,408.00425166666685,604.4803763888892,196.47612472222238,True
D,2025-10-15,12,73,12:20-12:30,457.5523316666661,635.6363694444444,178.08403777777835,True
D,2025-10-15,12,74,12:30-12:40,446.79960000000017,676.9624833333336,230.1628833333334,True
D,2025-10-15,12,75,12:40-12:50,403.48288583333317,692.8225588888889,289.33967305555575,True
D,2025-10-15,12,76,12:50-13:00,0.0,705.7183636111115,705.7183636111115,True
D,2025-10-15,12,89,15:00-15:10,125.48755000000017,1097.8661149074135,972.3785649074133,True
D,2025-10-15,12,90,15:10-15:20,210.3055305555556,1123.7151577777781,913.4096272222225,True
D,2025-10-15,12,91,15:20-15:30,242.9182882181499,319.9794380555552,77.06114983740528,True
D,2025-10-15,12,92,15:30-15:40,225.85470833333306,351.8334249999997,125.97871666666663,True
D,2025-10-15,12,93,15:40-15:50,286.11216249999995,376.90864027777775,90.7964777777778,True
D,2025-10-15,12,94,15:50-16:00,383.6153050000001,439.22954388888894,55.61423888888885,True
D,2025-10-15,12,95,16:00-16:10,510.5638166666667,530.9958166666667,20.43199999999996,True
D,2025-10-15,12,96,16:10-16:20,583.4825975000001,597.1787947222223,13.696197222222168,True
D,2025-10-15,12,97,16:20-16:30,633.215274166667,640.1756686111113,6.960394444444319,True
D,2025-10-16,6,43,7:20-7:30,509.2492505555554,514.9772777222158,5.728027166660411,True
D,2025-10-16,6,44,7:30-7:40,445.2350833333334,473.0808833333334,27.845799999999997,True
D,2025-10-16,6,45,7:40-7:50,1181.2732377777775,1201.7970544444445,20.523816666667017,True
D,2025-10-16,6,65,11:00-11:10,687.5903333333333,652.7369166666667,-34.85341666666659,True
D,2025-10-16,6,66,11:10-11:20,682.0743322222222,680.6186383333336,-1.455693888888618,True
D,2025-10-16,6,74,12:30-12:40,642.8784166666666,558.8313999999996,-84.04701666666699,True
D,2025-10-16,6,75,12:40-12:50,726.0025427777773,574.747715833333,-151.2548269444443,True
D,2025-10-16,6,76,12:50-13:00,584.4326655943686,0.0,-584.4326655943686,True
D,2025-10-16,6,89,15:00-15:10,1230.8827999999999,296.3437666666665,-934.5390333333334,True
D,2025-10-16,6,90,15:10-15:20,1265.1545890123446,832.0192202469127,-433.13536876543185,True
D,2025-10-16,6,91,15:20-15:30,1272.1222022222219,353.81896333333293,-918.3032388888889,True
D,2025-10-16,6,92,15:30-15:40,800.5244911111113,413.25615000000005,-387.2683411111112,True
D,2025-10-16,6,93,15:40-15:50,557.7858902777776,395.775399722222,-162.01049055555563,True
D,2025-10-16,6,94,15:50-16:00,570.2451561111109,483.02781444444446,-87.21734166666641,True
D,2025-10-16,6,95,16:00-16:10,622.1508666666665,587.4673166666668,-34.68354999999974,True
D,2025-10-16,12,73,12:20-12:30,526.6883780555555,206.84241192153388,-319.84596613402164,True
D,2025-10-16,12,74,12:30-12:40,558.8313999999996,642.8784166666665,84.04701666666688,True
D,2025-10-16,12,75,12:40-12:50,574.747715833333,701.2945483333331,126.54683250000005,True
D,2025-10-16,12,89,15:00-15:10,296.3437666666665,1036.6147021604957,740.2709354938291,True
D,2025-10-16,12,90,15:10-15:20,832.0192202469127,1228.0417408333337,396.022520586421,True
D,2025-10-16,12,91,15:20-15:30,353.81896333333293,397.7013741666667,43.88241083333378,True
D,2025-10-16,12,92,15:30-15:40,413.25615000000005,417.7235916666666,4.467441666666559,True
D,2025-10-16,12,93,15:40-15:50,395.775399722222,442.7650608333332,46.98966111111122,True
D,2025-10-16,12,94,15:50-16:00,483.02781444444446,491.8910783333334,8.863263888888923,True
D,2025-10-16,12,95,16:00-16:10,587.4673166666668,558.2041833333334,-29.26313333333337,True
D,2025-10-16,12,96,16:10-16:20,637.9860711111108,619.4556422222223,-18.530428888888537,True
D,2025-10-16,12,97,16:20-16:30,692.314523888889,674.6490127777779,-17.665511111111073,True
D,2025-10-16,12,98,16:30-16:40,740.5132666666667,731.9606833333331,-8.552583333333587,True
D,2025-10-16,18,107,18:00-18:10,678.6336833333332,689.26405,10.63036666666676,True
D,2025-10-17,6,91,15:20-15:30,0.0,10.728881944444424,10.728881944444424,True
D,2025-10-17,6,92,15:30-15:40,4.466299999999933,67.51570833333324,63.049408333333304,True
D,2025-10-17,6,93,15:40-15:50,1.2880122530827762,115.41884722222187,114.1308349691391,True
D,2025-10-17,6,94,15:50-16:00,23.377203611110986,228.60303027777786,205.22582666666688,True
D,2025-10-17,6,95,16:00-16:10,185.87224999999995,378.52165000000014,192.64940000000018,True
D,2025-10-17,6,96,16:10-16:20,120.4438316666666,353.12479272530436,232.68096105863776,True
D,2025-10-17,6,97,16:20-16:30,208.04446083333295,373.4295402777778,165.38507944444484,True
D,2025-10-17,6,98,16:30-16:40,267.36211666666634,458.14293333333353,190.7808166666672,True
D,2025-10-17,6,99,16:40-16:50,372.40221583333334,497.97257805555546,125.57036222222212,True
D,2025-10-17,6,100,16:50-17:00,477.6612616666664,488.1211036111127,10.459841944446282,True
D,2025-10-17,6,103,17:20-17:30,543.6027852777778,546.2770994444445,2.6743141666667043,True
D,2025-10-17,6,105,17:40-17:50,666.4417722222221,672.3667855555555,5.925013333333368,True
D,2025-10-17,12,91,15:20-15:30,10.728881944444424,19.323587746913947,8.594705802469523,True
D,2025-10-17,12,92,15:30-15:40,67.51570833333324,64.04498333333333,-3.470724999999902,True
D,2025-10-17,12,93,15:40-15:50,115.41884722222187,50.87108941700921,-64.54775780521265,True
D,2025-10-17,12,94,15:50-16:00,228.60303027777786,133.595683055555,-95.00734722222285,True
D,2025-10-17,12,95,16:00-16:10,378.52165000000014,263.08938333333356,-115.43226666666658,True
D,2025-10-17,12,96,16:10-16:20,353.12479272530436,301.82615222222205,-51.29864050308231,True
D,2025-10-17,12,97,16:20-16:30,373.4295402777778,339.68927111111117,-33.74026916666662,True
D,2025-10-17,12,98,16:30-16:40,458.14293333333353,325.7012241666658,-132.44170916666775,True
D,2025-10-17,12,99,16:40-16:50,497.97257805555546,372.40221583333334,-125.57036222222212,True
D,2025-10-17,12,100,16:50-17:00,488.1211036111127,477.66126166666646,-10.459841944446225,True
D,2025-10-17,12,103,17:20-17:30,546.2770994444445,543.6027852777778,-2.6743141666667043,True
D,2025-10-17,12,105,17:40-17:50,672.3667855555555,666.4417722222221,-5.925013333333368,True
D,2025-10-17,18,124,20:50-21:00,575.6047199999998,570.8469122222228,-4.757807777776975,True
D,2025-10-18,6,89,15:00-15:10,24.837116666666475,0.0,-24.837116666666475,True
D,2025-10-18,6,90,15:10-15:20,83.49777361111103,0.0,-83.49777361111103,True
D,2025-10-18,6,91,15:20-15:30,137.6998111111111,0.0,-137.6998111111111,True
D,2025-10-18,6,92,15:30-15:40,158.40494166666656,14.107849999999871,-144.2970916666667,True
D,2025-10-18,6,93,15:40-15:50,161.32392046296167,54.56213472222214,-106.76178574073953,True
D,2025-10-18,6,94,15:50-16:00,158.30403842370256,140.3613927777779,-17.94264564592467,True
D,2025-10-18,6,95,16:00-16:10,283.35308333333325,265.14651666666674,-18.206566666666504,True
D,2025-10-18,12,92,15:30-15:40,14.107849999999871,0.0,-14.107849999999871,True
D,2025-10-18,12,93,15:40-15:50,54.56213472222214,0.0,-54.56213472222214,True
D,2025-10-18,12,94,15:50-16:00,140.3613927777779,63.68766222222234,-76.67373055555555,True
D,2025-10-18,12,95,16:00-16:10,265.14651666666674,168.97153333333335,-96.17498333333339,True
D,2025-10-18,12,96,16:10-16:20,326.94313722222194,242.18335833333344,-84.75977888888849,True
D,2025-10-18,12,97,16:20-16:30,346.5970952777779,271.17600083333343,-75.42109444444446,True
D,2025-10-18,12,98,16:30-16:40,325.79035553555605,307.2903166666665,-18.500038868889533,True
D,2025-10-18,18,124,20:50-21:00,233.33286315951304,200.62493982617764,-32.7079233333354,True
D,2025-10-19,6,45,7:40-7:50,0.0,157.10148111110846,157.10148111110846,True
D,2025-10-19,6,66,11:10-11:20,568.3002952777778,0.0,-568.3002952777778,True
D,2025-10-19,6,67,11:20-11:30,110.84506114992342,0.0,-110.84506114992342,True
D,2025-10-19,6,68,11:30-11:40,477.76944166666647,0.0,-477.76944166666647,True
D,2025-10-19,6,69,11:40-11:50,456.62188777777783,0.0,-456.62188777777783,True
D,2025-10-19,6,70,11:50-12:00,415.8327105555551,0.0,-415.8327105555551,True
D,2025-10-19,6,71,12:00-12:10,350.5236833333331,0.0,-350.5236833333331,True
D,2025-10-19,6,72,12:10-12:20,345.380111111111,138.66200807276573,-206.71810303834525,True
D,2025-10-19,6,73,12:20-12:30,395.7648538888885,0.0,-395.7648538888885,True
D,2025-10-19,6,74,12:30-12:40,477.70964166666636,0.0,-477.70964166666636,True
D,2025-10-19,6,89,15:00-15:10,344.67609999999956,249.73368333333337,-94.94241666666619,True
D,2025-10-19,6,90,15:10-15:20,1002.0886812345684,857.3060239197532,-144.7826573148152,True
D,2025-10-19,6,91,15:20-15:30,430.10514555555517,278.27954583333315,-151.82559972222202,True
D,2025-10-19,6,92,15:30-15:40,434.31218333333317,328.9875333333333,-105.32464999999985,True
D,2025-10-19,6,93,15:40-15:50,441.60051388888894,366.6021044444431,-74.99840944444583,True
D,2025-10-19,6,94,15:50-16:00,488.19415777777766,424.8807022222224,-63.313455555555265,True
D,2025-10-19,6,95,16:00-16:10,556.3031333333331,548.4697166666666,-7.833416666666494,True
D,2025-10-19,12,71,12:00-12:10,0.0,350.5236833333331,350.5236833333331,True
D,2025-10-19,12,72,12:10-12:20,138.66200807276573,345.38011111111103,206.7181030383453,True
D,2025-10-19,12,73,12:20-12:30,0.0,387.72849277777766,387.72849277777766,True
D,2025-10-19,12,74,12:30-12:40,0.0,460.7735583333333,460.7735583333333,True
D,2025-10-19,12,75,12:40-12:50,533.2101594444443,507.3743538888889,-25.835805555555453,True
D,2025-10-19,12,89,15:00-15:10,249.73368333333337,344.67609999999956,94.94241666666619,True
D,2025-10-19,12,90,15:10-15:20,857.3060239197532,1002.0886812345686,144.78265731481542,True
D,2025-10-19,12,91,15:20-15:30,278.27954583333315,430.1051455555552,151.82559972222208,True
D,2025-10-19,12,92,15:30-15:40,328.9875333333333,434.31218333333305,105.32464999999974,True
D,2025-10-19,12,93,15:40-15:50,366.6021044444431,441.60051388888905,74.99840944444594,True
D,2025-10-19,12,94,15:50-16:00,424.8807022222224,422.3640741437537,-2.5166280784686705,True
D,2025-10-19,12,95,16:00-16:10,548.4697166666666,503.77904999999987,-44.69066666666674,True
D,2025-10-19,18,107,18:00-18:10,471.61891666666673,617.5063500000001,145.88743333333338,True
D,2025-10-19,18,108,18:10-18:20,128.73097510395445,593.0516441666666,464.32066906271217,True
D,2025-10-19,18,109,18:20-18:30,589.3948238888888,606.9977647222222,17.602940833333378,True
D,2025-10-19,18,110,18:30-18:40,471.2337500000001,583.7062171111086,112.47246711110847,True
D,2025-10-19,18,111,18:40-18:50,453.6035375000001,558.3992497222221,104.795712222222,True
D,2025-10-20,6,45,7:40-7:50,1258.7529702777776,1217.0409036111112,-41.71206666666649,True
D,2025-10-20,6,64,10:50-11:00,0.006873333333373921,0.0,-0.006873333333373921,True
D,2025-10-20,6,65,11:00-11:10,898.6424166666663,0.0,-898.6424166666663,True
D,2025-10-20,6,66,11:10-11:20,868.986629722222,705.1247491666666,-163.86188055555544,True
D,2025-10-20,6,67,11:20-11:30,813.0380377777776,236.90832355733193,-576.1297142204457,True
D,2025-10-20,6,68,11:30-11:40,741.7131249999995,649.2066499999999,-92.50647499999968,True
D,2025-10-20,6,69,11:40-11:50,713.9416363888888,657.1128641666664,-56.82877222222237,True
D,2025-10-20,6,70,11:50-12:00,630.1830277777772,609.0319583333333,-21.15106944444392,True
D,2025-10-20,6,72,12:10-12:20,502.8679047222221,494.3007797222223,-8.567124999999805,True
D,2025-10-20,6,73,12:20-12:30,552.507329444444,520.8464461111113,-31.660883333332777,True
D,2025-10-20,6,74,12:30-12:40,608.1977749999996,553.443133333333,-54.75464166666666,True
D,2025-10-20,6,75,12:40-12:50,637.2605880555556,559.4121880555555,-77.84840000000008,True
D,2025-10-20,6,76,12:50-13:00,587.1325239277027,0.0,-587.1325239277027,True
D,2025-10-20,6,89,15:00-15:10,1222.9397999999997,574.6369667592602,-648.3028332407395,True
D,2025-10-20,6,90,15:10-15:20,1271.8801911111111,1100.9674197222223,-170.9127713888888,True
D,2025-10-20,6,91,15:20-15:30,1273.0679138888886,298.74739694444463,-974.320516944444,True
D,2025-10-20,6,92,15:30-15:40,920.9687722839515,365.9590249999999,-555.0097472839516,True
D,2025-10-20,6,93,15:40-15:50,592.6605827777777,415.7641422222221,-176.89644055555556,True
D,2025-10-20,6,94,15:50-16:00,620.7245127777778,499.5068627777782,-121.2176499999996,True
D,2025-10-20,6,95,16:00-16:10,701.1163666666667,613.3181500000004,-87.79821666666635,True
D,2025-10-20,6,96,16:10-16:20,711.6094058333332,668.9076186111114,-42.70178722222181,True
D,2025-10-20,12,72,12:10-12:20,494.3007797222223,502.86790472222214,8.567124999999862,True
D,2025-10-20,12,73,12:20-12:30,520.8464461111113,0.0,-520.8464461111113,True
D,2025-10-20,12,74,12:30-12:40,553.443133333333,287.9962489096973,-265.4468844236357,True
D,2025-10-20,12,75,12:40-12:50,559.4121880555555,637.2605880555554,77.84839999999997,True
D,2025-10-20,12,89,15:00-15:10,574.6369667592602,722.8728641975299,148.23589743826972,True
D,2025-10-20,12,90,15:10-15:20,1100.9674197222223,1171.2935280555557,70.32610833333342,True
D,2025-10-20,12,91,15:20-15:30,298.74739694444463,344.32819694444447,45.58079999999984,True
D,2025-10-20,12,92,15:30-15:40,365.9590249999999,386.7945166666665,20.8354916666666,True
D,2025-10-20,12,93,15:40-15:50,415.7641422222221,411.8543255555556,-3.9098166666665293,True
D,2025-10-20,12,94,15:50-16:00,499.5068627777782,470.85173777777806,-28.65512500000017,True
D,2025-10-20,12,95,16:00-16:10,613.3181500000004,559.9177166666669,-53.40043333333347,True
D,2025-10-20,12,96,16:10-16:20,668.9076186111114,622.2645575000001,-46.64306111111125,True
D,2025-10-21,6,36,6:10-6:20,5.3223744444446766,8.420110555555766,3.0977361111110895,True
D,2025-10-21,6,65,11:00-11:10,765.6249333333333,411.1767056252287,-354.4482277081046,True
D,2025-10-21,6,66,11:10-11:20,794.1868136111109,694.3541405555554,-99.83267305555546,True
D,2025-10-21,6,67,11:20-11:30,780.3542672222222,624.6790963888886,-155.6751708333336,True
D,2025-10-21,6,68,11:30-11:40,733.8986916666663,695.5972916080259,-38.30140005864041,True
D,2025-10-21,6,69,11:40-11:50,754.3159161111109,734.2393088888889,-20.076607222222037,True
D,2025-10-21,6,70,11:50-12:00,734.5992913888886,690.2982894444444,-44.301001944444124,True
D,2025-10-21,6,71,12:00-12:10,667.5761999999996,632.4787333333331,-35.09746666666649,True
D,2025-10-21,6,72,12:10-12:20,653.18917,622.5180033333336,-30.67116666666641,True
D,2025-10-21,6,73,12:20-12:30,696.5605049999997,641.5848383333331,-54.9756666666666,True
D,2025-10-21,6,74,12:30-12:40,756.6857499999999,688.3570499999996,-68.32870000000025,True
D,2025-10-21,6,75,12:40-12:50,790.1906833333331,748.3221216666666,-41.86856166666655,True
D,2025-10-21,6,76,12:50-13:00,813.9664491666666,0.0,-813.9664491666666,True
D,2025-10-21,6,77,13:00-13:10,22.72588333333306,0.0,-22.72588333333306,True
D,2025-10-21,6,89,15:00-15:10,1181.2218833333332,985.7451928703687,-195.47669046296448,True
D,2025-10-21,6,90,15:10-15:20,1271.4628644444442,1177.2327136111107,-94.23015083333348,True
D,2025-10-21,6,91,15:20-15:30,1293.7209430555554,445.98106416666644,-847.7398788888889,True
D,2025-10-21,6,92,15:30-15:40,1329.5172583333333,421.92268333333357,-907.5945749999997,True
D,2025-10-21,6,93,15:40-15:50,653.2658167592613,416.16188972222204,-237.10392703703923,True
D,2025-10-21,6,94,15:50-16:00,650.3215222222218,499.3054111111112,-151.0161111111106,True
D,2025-10-21,6,95,16:00-16:10,712.4471666666665,608.1087500000001,-104.33841666666638,True
D,2025-10-21,6,96,16:10-16:20,725.1796947222219,674.1893075000002,-50.990387222221784,True
D,2025-10-21,12,71,12:00-12:10,632.4787333333331,667.5761999999997,35.097466666666605,True
D,2025-10-21,12,72,12:10-12:20,622.5180033333336,653.1891700000001,30.671166666666522,True
D,2025-10-21,12,73,12:20-12:30,641.5848383333331,696.5605049999997,54.9756666666666,True
D,2025-10-21,12,74,12:30-12:40,688.3570499999996,754.0522333333333,65.69518333333372,True
D,2025-10-21,12,75,12:40-12:50,748.3221216666666,764.2889111111109,15.966789444444316,True
D,2025-10-21,12,76,12:50-13:00,0.0,586.2567562345711,586.2567562345711,True
D,2025-10-21,12,89,15:00-15:10,985.7451928703687,1172.2201666666667,186.47497379629806,True
D,2025-10-21,12,90,15:10-15:20,1177.2327136111107,1185.4543375,8.221623888889326,True
D,2025-10-21,12,91,15:20-15:30,445.98106416666644,653.1851325925903,207.20406842592388,True
D,2025-10-21,12,92,15:30-15:40,421.92268333333357,401.2285833333334,-20.694100000000162,True
D,2025-10-21,12,93,15:40-15:50,416.16188972222204,424.3677508333332,8.205861111111176,True
D,2025-10-21,12,94,15:50-16:00,499.3054111111112,482.56905000000006,-16.736361111111137,True
D,2025-10-21,12,95,16:00-16:10,608.1087500000001,566.4301666666667,-41.67858333333345,True
D,2025-10-21,12,96,16:10-16:20,674.1893075000002,637.5238686111112,-36.66543888888896,True
D,2025-10-22,6,89,15:00-15:10,650.1343967592585,198.3191666666669,-451.8152300925916,True
D,2025-10-22,6,90,15:10-15:20,1138.6690766666666,458.5584200308646,-680.1106566358019,True
D,2025-10-22,6,91,15:20-15:30,347.28743777777777,247.01189888888894,-100.27553888888883,True
D,2025-10-22,6,92,15:30-15:40,468.56828333333345,372.36760000000015,-96.2006833333333,True
D,2025-10-22,12,73,12:20-12:30,585.0834963888888,562.433616273378,-22.64988011551077,True
D,2025-10-22,12,76,12:50-13:00,14.967810999032602,0.0,-14.967810999032602,True
D,2025-10-22,12,89,15:00-15:10,198.3191666666669,650.1343967592585,451.8152300925916,True
D,2025-10-22,12,90,15:10-15:20,458.5584200308646,1138.6690766666668,680.1106566358021,True
D,2025-10-22,12,91,15:20-15:30,247.01189888888894,347.2874377777778,100.27553888888889,True
D,2025-10-22,12,92,15:30-15:40,372.36760000000015,468.5682833333334,96.20068333333325,True
D,2025-10-23,6,37,6:20-6:30,725.0649808333333,90.64268666666669,-634.4222941666666,True
D,2025-10-23,6,38,6:30-6:40,631.0034743539612,127.52071666666677,-503.48275768729445,True
D,2025-10-23,6,39,6:40-6:50,690.3365700000002,244.3322980483997,-446.00427195160046,True
D,2025-10-23,6,64,10:50-11:00,209.8077138888891,0.0,-209.8077138888891,True
D,2025-10-23,6,65,11:00-11:10,1127.735383333333,135.83493031659066,-991.9004530167423,True
D,2025-10-23,6,66,11:10-11:20,1102.0870180555553,603.4737125,-498.61330555555526,True
D,2025-10-23,6,67,11:20-11:30,1105.585651111111,594.9238066666666,-510.66184444444445,True
D,2025-10-23,6,68,11:30-11:40,1142.0110166666664,619.3006333333332,-522.7103833333332,True
D,2025-10-23,6,69,11:40-11:50,1158.3684263888883,623.6095041666665,-534.7589222222218,True
D,2025-10-23,6,70,11:50-12:00,1124.0359436111112,577.2284825,-546.8074611111111,True
D,2025-10-23,6,71,12:00-12:10,1081.7279833333332,522.8719833333332,-558.856,True
D,2025-10-23,6,72,12:10-12:20,1043.810787777778,501.3411822222223,-542.4696055555556,True
D,2025-10-23,6,73,12:20-12:30,1052.2777830555553,526.1945719444445,-526.0832111111108,True
D,2025-10-23,6,74,12:30-12:40,1051.1179416666669,541.4211250000001,-509.6968166666668,True
D,2025-10-23,6,75,12:40-12:50,1011.6483227777782,518.3379005555558,-493.3104222222223,True
D,2025-10-23,6,76,12:50-13:00,1004.1736455555553,0.0,-1004.1736455555553,True
D,2025-10-23,6,89,15:00-15:10,1145.2547499999996,413.0313601851857,-732.2233898148139,True
D,2025-10-23,6,90,15:10-15:20,1195.3947508333333,1190.0747077777776,-5.320043055555743,True
D,2025-10-23,6,91,15:20-15:30,1209.9722774999996,381.5471030555557,-828.4251744444439,True
D,2025-10-23,6,92,15:30-15:40,538.437963887579,463.192016666667,-75.24594722091206,True
D,2025-10-23,12,71,12:00-12:10,522.8719833333332,0.0,-522.8719833333332,True
D,2025-10-23,12,72,12:10-12:20,501.3411822222223,0.0,-501.3411822222223,True
D,2025-10-23,12,73,12:20-12:30,526.1945719444445,0.0,-526.1945719444445,True
D,2025-10-23,12,74,12:30-12:40,541.4211250000001,0.0,-541.4211250000001,True
D,2025-10-23,12,75,12:40-12:50,518.3379005555558,0.0,-518.3379005555558,True
D,2025-10-23,12,89,15:00-15:10,413.0313601851857,1145.2547499999996,732.2233898148139,True
D,2025-10-23,12,90,15:10-15:20,1190.0747077777776,1195.3947508333335,5.320043055555971,True
D,2025-10-23,12,91,15:20-15:30,381.5471030555557,1209.9722774999998,828.4251744444441,True
D,2025-10-23,12,92,15:30-15:40,463.192016666667,538.4379638875789,75.24594722091194,True
D,2025-10-24,6,75,12:40-12:50,395.6462833333335,343.2772500000001,-52.36903333333339,True
D,2025-10-24,12,72,12:10-12:20,129.51169027777695,0.0,-129.51169027777695,True
D,2025-10-24,12,75,12:40-12:50,343.2772500000001,0.0,-343.2772500000001,True
D,2025-10-24,18,107,18:00-18:10,418.87441666666666,417.7784833333334,-1.095933333333278,True
D,2025-10-24,18,110,18:30-18:40,387.8135000000001,387.2655333333334,-0.5479666666666958,True
D,2025-10-24,18,111,18:40-18:50,462.78959083333336,462.4569825000014,-0.3326083333319616,True
D,2025-10-26,6,65,11:00-11:10,795.931771427702,0.0,-795.931771427702,True
D,2025-10-26,6,66,11:10-11:20,827.4557763888887,394.1103311499221,-433.3454452389666,True
D,2025-10-26,6,67,11:20-11:30,788.630206111111,0.0,-788.630206111111,True
D,2025-10-26,6,68,11:30-11:40,775.2247000000001,0.0,-775.2247000000001,True
D,2025-10-26,6,69,11:40-11:50,774.5782147222218,0.0,-774.5782147222218,True
D,2025-10-26,6,70,11:50-12:00,709.5993369444446,455.48872583333343,-254.1106111111112,True
D,2025-10-26,6,71,12:00-12:10,612.30175,374.7650666666665,-237.53668333333349,True
D,2025-10-26,6,72,12:10-12:20,590.6476194444446,354.60812777777767,-236.0394916666669,True
D,2025-10-26,6,73,12:20-12:30,621.6039930555553,387.0616930555557,-234.5422999999996,True
D,2025-10-26,6,74,12:30-12:40,632.1344333333334,399.08932500000014,-233.04510833333325,True
D,2025-10-26,6,75,12:40-12:50,593.6491177777777,362.1012011111111,-231.54791666666665,True
D,2025-10-26,12,71,12:00-12:10,374.7650666666665,490.57629999999983,115.81123333333335,True
D,2025-10-26,12,72,12:10-12:20,354.60812777777767,491.32749722222195,136.71936944444428,True
D,2025-10-26,12,73,12:20-12:30,387.0616930555557,544.6891986111111,157.62750555555544,True
D,2025-10-26,12,74,12:30-12:40,399.08932500000014,577.6249666666668,178.5356416666666,True
D,2025-10-26,12,75,12:40-12:50,362.1012011111111,561.5449788888886,199.44377777777754,True
D,2025-10-26,18,107,18:00-18:10,536.1401666666666,611.3415833333333,75.20141666666677,True
D,2025-10-26,18,108,18:10-18:20,249.01034158333226,614.5610688888888,365.55072730555656,True
D,2025-10-26,18,109,18:20-18:30,616.4219033333333,651.9724763888889,35.550573055555674,True
D,2025-10-26,18,110,18:30-18:40,572.7845833333333,636.5236916666665,63.739108333333206,True
D,2025-10-26,18,111,18:40-18:50,575.5352500000002,619.8261749999999,44.290924999999675,True
D,2025-10-26,18,112,18:50-19:00,509.25802916666646,550.7423113888888,41.484282222222305,True
D,2025-10-26,18,124,20:50-21:00,608.4994066666666,634.3777717222257,25.87836505555913,True
D,2025-10-27,6,89,15:00-15:10,244.88724999999965,417.2515833333332,172.36433333333355,True
D,2025-10-27,6,90,15:10-15:20,885.5269019523988,919.2955257098787,33.76862375747987,True
D,2025-10-27,6,91,15:20-15:30,343.75928861111095,488.7738830555551,145.01459444444413,True
D,2025-10-27,6,92,15:30-15:40,393.5522583333335,542.9125166666668,149.36025833333326,True
D,2025-10-27,6,93,15:40-15:50,376.18488611111104,543.3024369444446,167.11755083333355,True
D,2025-10-27,6,94,15:50-16:00,468.01348388888914,569.2270672222221,101.21358333333296,True
D,2025-10-27,12,71,12:00-12:10,513.2776500000001,0.0,-513.2776500000001,True
D,2025-10-27,12,72,12:10-12:20,523.7255125,395.61732864992643,-128.1081838500736,True
D,2025-10-27,12,73,12:20-12:30,556.7871841666665,0.0,-556.7871841666665,True
D,2025-10-27,12,74,12:30-12:40,560.0466583333333,0.0,-560.0466583333333,True
D,2025-10-27,12,89,15:00-15:10,417.2515833333332,244.88724999999968,-172.36433333333352,True
D,2025-10-27,12,90,15:10-15:20,919.2955257098787,885.526901952399,-33.768623757479645,True
D,2025-10-27,12,91,15:20-15:30,488.7738830555551,343.759288611111,-145.01459444444407,True
D,2025-10-27,12,92,15:30-15:40,542.9125166666668,393.55225833333344,-149.36025833333332,True
D,2025-10-27,12,93,15:40-15:50,543.3024369444446,376.1848861111111,-167.1175508333335,True
D,2025-10-27,12,94,15:50-16:00,569.2270672222221,468.01348388888925,-101.21358333333285,True
D,2025-10-28,6,89,15:00-15:10,183.52296666666655,349.7783166666668,166.25535000000025,True
D,2025-10-28,6,90,15:10-15:20,290.21713772400426,584.2891526234596,294.0720148994553,True
D,2025-10-28,6,91,15:20-15:30,264.4311933333331,421.8825322222218,157.4513388888887,True
D,2025-10-28,6,92,15:30-15:40,299.58078333333333,470.65065000000004,171.0698666666667,True
D,2025-10-28,6,93,15:40-15:50,274.1705055555557,472.27052861111133,198.10002305555565,True
D,2025-10-28,6,94,15:50-16:00,375.5268419444445,516.9957613888887,141.46891944444417,True
D,2025-10-28,6,95,16:00-16:10,519.2747333333332,545.4105552499999,26.135821916666714,True
D,2025-10-28,12,73,12:20-12:30,533.9728708333336,0.0,-533.9728708333336,True
D,2025-10-28,12,74,12:30-12:40,568.4634749999999,131.65193497708896,-436.81154002291095,True
D,2025-10-28,12,76,12:50-13:00,0.633840277778063,0.0,-0.633840277778063,True
D,2025-10-28,12,89,15:00-15:10,349.7783166666668,267.89258333333316,-81.88573333333363,True
D,2025-10-28,12,90,15:10-15:20,584.2891526234596,582.4832620679075,-1.8058905555520823,True
D,2025-10-28,12,91,15:20-15:30,421.8825322222218,324.9342266666665,-96.9483055555553,True
D,2025-10-28,12,92,15:30-15:40,470.65065000000004,348.9909666666666,-121.65968333333342,True
D,2025-10-28,12,93,15:40-15:50,472.27052861111133,274.17050555555574,-198.1000230555556,True
D,2025-10-28,12,94,15:50-16:00,516.9957613888887,375.52684194444464,-141.46891944444405,True
D,2025-10-28,12,95,16:00-16:10,545.4105552499999,519.2747333333331,-26.135821916666828,True
D,2025-10-29,6,68,11:30-11:40,905.1454083333334,903.2495,-1.8959083333334092,True
D,2025-10-29,6,69,11:40-11:50,941.1122183333327,931.9624127777774,-9.149805555555304,True
D,2025-10-29,6,70,11:50-12:00,900.9183300000003,884.5146272222224,-16.40370277777788,True
D,2025-10-29,6,71,12:00-12:10,833.4652500000002,809.8076500000002,-23.657600000000002,True
D,2025-10-29,6,72,12:10-12:20,809.6203372222222,770.6629761111109,-38.95736111111137,True
D,2025-10-29,6,73,12:20-12:30,824.0450919444444,769.7879697222223,-54.25712222222205,True
D,2025-10-29,6,74,12:30-12:40,821.6115500000001,752.0546666666667,-69.55688333333342,True
D,2025-10-29,6,75,12:40-12:50,813.8253672222222,728.9687227777779,-84.85664444444433,True
D,2025-10-29,6,76,12:50-13:00,813.2372919444441,713.0808863888889,-100.15640555555524,True
D,2025-10-29,6,90,15:10-15:20,1300.6553011111114,1278.9499802777777,-21.705320833333644,True
D,2025-10-29,6,91,15:20-15:30,1313.3388513888885,1051.7985385573295,-261.54031283155905,True
D,2025-10-29,6,92,15:30-15:40,750.300825063511,565.7563250000001,-184.5445000635109,True
D,2025-10-29,12,71,12:00-12:10,809.8076500000002,797.9847166666666,-11.822933333333594,True
D,2025-10-29,12,72,12:10-12:20,770.6629761111109,781.7744927777775,11.111516666666603,True
D,2025-10-29,12,73,12:20-12:30,769.7879697222223,682.2723688659692,-87.51560085625317,True
D,2025-10-29,12,74,12:30-12:40,752.0546666666667,809.0350833333334,56.98041666666677,True
D,2025-10-29,12,75,12:40-12:50,728.9687227777779,808.8835894444444,79.91486666666651,True
D,2025-10-29,12,76,12:50-13:00,713.0808863888889,0.0,-713.0808863888889,True
D,2025-10-29,12,90,15:10-15:20,1278.9499802777777,1300.6553011111116,21.70532083333387,True
D,2025-10-29,12,91,15:20-15:30,1051.7985385573295,1313.3388513888888,261.5403128315593,True
D,2025-10-29,12,92,15:30-15:40,565.7563250000001,750.3008250635108,184.54450006351078,True
D,2025-10-30,6,65,11:00-11:10,705.9246833333331,678.6771166666666,-27.247566666666444,True
D,2025-10-30,6,66,11:10-11:20,649.8721199999999,643.6101533333334,-6.261966666666467,True
D,2025-10-30,6,75,12:40-12:50,587.0288116666666,576.7219894444445,-10.306822222222081,True
D,2025-10-30,6,76,12:50-13:00,210.58832626310323,124.20947420548066,-86.37885205762257,True
D,2025-10-30,12,73,12:20-12:30,549.8554991666665,534.8012114276995,-15.054287738966991,True
D,2025-10-30,12,75,12:40-12:50,576.7219894444445,587.0288116666666,10.306822222222081,True
D,2025-10-30,12,76,12:50-13:00,124.20947420548066,0.0,-124.20947420548066,True
D,2025-10-31,6,66,11:10-11:20,619.6316094444444,588.8288511111111,-30.80275833333326,True
D,2025-10-31,6,74,12:30-12:40,600.241166666667,578.7683833333336,-21.472783333333382,True
D,2025-10-31,6,75,12:40-12:50,610.0014819444444,545.6203986111112,-64.38108333333321,True
D,2025-10-31,6,89,15:00-15:10,323.2713487654287,261.4024666666668,-61.8688820987619,True
D,2025-10-31,6,90,15:10-15:20,727.2725247976718,700.963594938271,-26.308929859400905,True
D,2025-10-31,6,91,15:20-15:30,309.8273233333332,264.6082344444444,-45.21908888888879,True
D,2025-10-31,6,92,15:30-15:40,378.43281666666667,327.71220000000005,-50.720616666666615,True
D,2025-10-31,12,71,12:00-12:10,500.48875000000004,0.0,-500.48875000000004,True
D,2025-10-31,12,72,12:10-12:20,497.9528494444446,0.0,-497.9528494444446,True
D,2025-10-31,12,73,12:20-12:30,546.1279347222222,0.0,-546.1279347222222,True
D,2025-10-31,12,74,12:30-12:40,578.7683833333336,0.0,-578.7683833333336,True
D,2025-10-31,12,75,12:40-12:50,545.6203986111112,0.0,-545.6203986111112,True
D,2025-10-31,12,89,15:00-15:10,261.4024666666668,323.2713487654287,61.8688820987619,True
D,2025-10-31,12,90,15:10-15:20,700.963594938271,727.272524797672,26.30892985940102,True
D,2025-10-31,12,91,15:20-15:30,264.6082344444444,309.82732333333325,45.21908888888885,True
D,2025-10-31,12,92,15:30-15:40,327.71220000000005,378.43281666666655,50.7206166666665,True
D,2025-11-02,6,42,7:10-7:20,0.0,195.96101215951137,195.96101215951137,True
D,2025-11-02,6,43,7:20-7:30,0.0,494.3089802777777,494.3089802777777,True
D,2025-11-02,6,44,7:30-7:40,397.9828115761782,447.89670358024887,49.91389200407065,True
D,2025-11-02,6,45,7:40-7:50,403.94862722222217,1211.731176111111,807.7825488888888,True
D,2025-11-02,18,107,18:00-18:10,547.3569166666666,553.9975833333333,6.640666666666675,True
D,2025-11-02,18,108,18:10-18:20,408.20096204840115,511.4323660539602,103.23140400555906,True
D,2025-11-02,18,110,18:30-18:40,553.0958333333335,554.3617750000001,1.2659416666665493,True
D,2025-11-02,18,111,18:40-18:50,547.7042241666664,548.5481852777774,0.8439611111109571,True
D,2025-11-03,6,65,11:00-11:10,963.4455999999997,881.83985,-81.60574999999972,True
D,2025-11-03,6,66,11:10-11:20,961.5995847222222,869.1491069444445,-92.45047777777768,True
D,2025-11-03,6,67,11:20-11:30,985.6713961111114,882.3761905555558,-103.29520555555564,True
D,2025-11-03,6,68,11:30-11:40,1021.3800750000001,907.2401416666668,-114.13993333333337,True
D,2025-11-03,6,69,11:40-11:50,1049.1377688888883,924.1531077777777,-124.98466111111065,True
D,2025-11-03,6,70,11:50-12:00,1021.9392227777781,886.109833888889,-135.82938888888907,True
D,2025-11-03,6,71,12:00-12:10,971.1926333333333,824.5185166666668,-146.67411666666658,True
D,2025-11-03,6,72,12:10-12:20,925.2670122222222,779.830237222222,-145.43677500000024,True
D,2025-11-03,6,73,12:20-12:30,942.653291111111,798.4538577777779,-144.1994333333331,True
D,2025-11-03,6,74,12:30-12:40,957.2042166666668,814.242125,-142.96209166666677,True
D,2025-11-03,6,75,12:40-12:50,919.8398138888889,778.115063888889,-141.72474999999986,True
D,2025-11-03,6,76,12:50-13:00,916.0685761111107,775.5811677777778,-140.48740833333295,True
D,2025-11-03,12,71,12:00-12:10,824.5185166666668,803.3978333333332,-21.120683333333545,True
D,2025-11-03,12,72,12:10-12:20,779.830237222222,776.3081761111107,-3.5220611111112703,True
D,2025-11-03,12,73,12:20-12:30,798.4538577777779,0.0,-798.4538577777779,True
D,2025-11-03,12,74,12:30-12:40,814.242125,496.3937920758425,-317.8483329241575,True
D,2025-11-03,12,75,12:40-12:50,778.115063888889,827.3888694444444,49.27380555555533,True
D,2025-11-03,12,76,12:50-13:00,775.5811677777778,9.120262222221868,-766.4609055555559,True
D,2025-11-04,12,73,12:20-12:30,615.0219741666668,218.75644480732842,-396.2655293593384,True
D,2025-11-04,12,76,12:50-13:00,640.2902371406648,0.0,-640.2902371406648,True
D,2025-11-05,6,64,10:50-11:00,202.35108875000014,0.0,-202.35108875000014,True
D,2025-11-05,6,65,11:00-11:10,977.8756999999998,789.4593833333333,-188.4163166666665,True
D,2025-11-05,6,66,11:10-11:20,1026.899983611111,821.0372225000002,-205.8627611111109,True
D,2025-11-05,6,67,11:20-11:30,1015.4764388888889,792.1672333333333,-223.30920555555554,True
D,2025-11-05,6,68,11:30-11:40,966.339866666667,725.5842166666667,-240.7556500000003,True
D,2025-11-05,6,69,11:40-11:50,988.752365277778,730.5502708333335,-258.2020944444446,True
D,2025-11-05,6,70,11:50-12:00,988.8653763888891,713.2168375,-275.6485388888891,True
D,2025-11-05,6,71,12:00-12:10,940.4471166666667,647.3521333333331,-293.09498333333363,True
D,2025-11-05,6,72,12:10-12:20,902.096935,588.1686127777775,-313.9283222222225,True
D,2025-11-05,6,73,12:20-12:30,890.2452308333333,555.4835697222222,-334.76166111111104,True
D,2025-11-05,6,74,12:30-12:40,893.4441250000001,537.8491249999998,-355.59500000000025,True
D,2025-11-05,6,75,12:40-12:50,929.2848058333335,552.8564669444444,-376.42833888888913,True
D,2025-11-05,6,76,12:50-13:00,1008.4317633333332,90.8217322610335,-917.6100310722996,True
D,2025-11-05,6,77,13:00-13:10,268.0003833333333,0.0,-268.0003833333333,True
D,2025-11-05,6,79,13:20-13:30,41.4765120627161,0.0,-41.4765120627161,True
D,2025-11-05,6,89,15:00-15:10,1277.7706833333332,1261.9263518518544,-15.844331481478775,True
D,2025-11-05,6,91,15:20-15:30,1373.205192222222,543.9350430555555,-829.2701491666664,True
D,2025-11-05,6,92,15:30-15:40,1403.1871166666665,590.454975,-812.7321416666665,True
D,2025-11-05,6,93,15:40-15:50,1396.338178611111,651.3616986111115,-744.9764799999996,True
D,2025-11-05,6,94,15:50-16:00,742.1205347222219,714.0461972222223,-28.074337499999615,True
D,2025-11-05,6,95,16:00-16:10,815.66375,781.4654833333336,-34.19826666666643,True
D,2025-11-05,12,71,12:00-12:10,647.3521333333331,812.8621166666667,165.5099833333336,True
D,2025-11-05,12,72,12:10-12:20,588.1686127777775,764.1357405555557,175.96712777777816,True
D,2025-11-05,12,73,12:20-12:30,555.4835697222222,647.7572974770858,92.27372775486356,True
D,2025-11-05,12,74,12:30-12:40,537.8491249999998,734.7305416666669,196.88141666666706,True
D,2025-11-05,12,75,12:40-12:50,552.8564669444444,760.1950280555553,207.33856111111095,True
D,2025-11-05,12,76,12:50-13:00,90.8217322610335,0.0,-90.8217322610335,True
D,2025-11-05,12,89,15:00-15:10,1261.9263518518544,1277.7706833333332,15.844331481478775,True
D,2025-11-05,12,91,15:20-15:30,543.9350430555555,1373.2051922222222,829.2701491666667,True
D,2025-11-05,12,92,15:30-15:40,590.454975,981.6873526851889,391.2323776851889,True
D,2025-11-05,12,93,15:40-15:50,651.3616986111115,726.0172430555557,74.65554444444422,True
D,2025-11-05,12,94,15:50-16:00,714.0461972222223,742.120534722222,28.07433749999973,True
D,2025-11-05,12,95,16:00-16:10,781.4654833333336,815.6637499999999,34.19826666666631,True
D,2025-11-06,6,36,6:10-6:20,29.445358888889018,31.87246444444463,2.427105555555613,True
D,2025-11-06,6,37,6:20-6:30,21.572395277778014,25.49695638888909,3.9245611111110748,True
D,2025-11-06,6,65,11:00-11:10,934.3808333333332,922.1043500000001,-12.27648333333309,True
D,2025-11-06,6,66,11:10-11:20,964.2644700000002,942.7086755555559,-21.555794444444246,True
D,2025-11-06,6,67,11:20-11:30,933.8868508333333,903.0517452777779,-30.8351055555554,True
D,2025-11-06,6,68,11:30-11:40,855.3527833333336,815.2383666666668,-40.114416666666784,True
D,2025-11-06,6,69,11:40-11:50,856.4779300000001,807.0842022222222,-49.39372777777794,True
D,2025-11-06,6,70,11:50-12:00,834.1519174999999,775.4788786111108,-58.673038888889096,True
D,2025-11-06,6,71,12:00-12:10,749.0023999999999,681.0500499999998,-67.95235000000002,True
D,2025-11-06,6,72,12:10-12:20,687.8227875000002,616.503301388889,-71.31948611111125,True
D,2025-11-06,6,73,12:20-12:30,697.3385466666666,622.6519244444441,-74.68662222222247,True
D,2025-11-06,6,74,12:30-12:40,747.6805416666666,669.6267833333332,-78.05375833333346,True
D,2025-11-06,6,75,12:40-12:50,773.9415666666669,692.5206722222222,-81.42089444444468,True
D,2025-11-06,6,76,12:50-13:00,842.50803,757.7199994444443,-84.78803055555568,True
D,2025-11-06,12,71,12:00-12:10,681.0500499999998,749.0024,67.95235000000014,True
D,2025-11-06,12,72,12:10-12:20,616.503301388889,687.8227875000003,71.31948611111136,True
D,2025-11-06,12,73,12:20-12:30,622.6519244444441,697.3385466666666,74.68662222222247,True
D,2025-11-06,12,74,12:30-12:40,669.6267833333332,747.6805416666665,78.05375833333335,True
D,2025-11-06,12,75,12:40-12:50,692.5206722222222,767.0751722222221,74.55449999999996,True
D,2025-11-06,12,76,12:50-13:00,757.7199994444443,809.1440564277026,51.42405698325831,True
D,2025-11-07,12,71,12:00-12:10,459.67754999999994,0.0,-459.67754999999994,True
D,2025-11-07,12,72,12:10-12:20,381.90543333333363,0.0,-381.90543333333363,True
D,2025-11-07,12,73,12:20-12:30,337.5015883333332,0.0,-337.5015883333332,True
D,2025-11-07,12,74,12:30-12:40,336.0415666666667,0.0,-336.0415666666667,True
D,2025-11-07,12,75,12:40-12:50,357.5156850000002,0.0,-357.5156850000002,True
D,2025-11-07,18,108,18:10-18:20,355.4853592706231,256.98209038173445,-98.50326888888867,True
D,2025-11-07,18,109,18:20-18:30,533.9185433333333,512.94704,-20.971503333333317,True
D,2025-11-07,18,124,20:50-21:00,561.1078666666666,520.7227441666666,-40.385122499999966,True
D,2025-11-09,6,40,6:50-7:00,0.0,44.330828048398644,44.330828048398644,True
D,2025-11-09,6,41,7:0-7:10,0.0,609.7584333333332,609.7584333333332,True
D,2025-11-09,6,42,7:10-7:20,330.74923538173476,587.5255474999996,256.7763121182648,True
D,2025-11-09,6,44,7:30-7:40,497.23568333333344,569.9564583333336,72.72077500000012,True
D,2025-11-09,6,45,7:40-7:50,1247.035054444444,1258.899379660491,11.864325216046836,True
D,2025-11-09,6,65,11:00-11:10,518.2681041622717,243.38932059436638,-274.8787835679053,True
D,2025-11-09,6,66,11:10-11:20,748.1307016666668,733.9700397222225,-14.160661944444314,True
D,2025-11-09,6,67,11:20-11:30,743.6520999999999,690.2458377777779,-53.40626222222204,True
D,2025-11-09,6,68,11:30-11:40,702.394341666667,606.9669416666669,-95.42740000000003,True
D,2025-11-09,6,69,11:40-11:50,712.0777883333334,597.6874105555556,-114.39037777777776,True
D,2025-11-09,6,70,11:50-12:00,706.0999641666666,572.7466086111109,-133.3533555555557,True
D,2025-11-09,6,71,12:00-12:10,641.4688833333332,489.1525499999998,-152.31633333333343,True
D,2025-11-09,6,72,12:10-12:20,579.6538355555556,428.1592355555556,-151.4946,True
D,2025-11-09,6,73,12:20-12:30,584.7663319444442,434.0934652777777,-150.67286666666655,True
D,2025-11-09,6,74,12:30-12:40,627.4327583333333,477.5816249999999,-149.85113333333334,True
D,2025-11-09,6,75,12:40-12:50,644.090601388889,495.0612013888889,-149.02940000000012,True
D,2025-11-09,12,71,12:00-12:10,489.1525499999998,641.4688833333333,152.31633333333355,True
D,2025-11-09,12,72,12:10-12:20,428.1592355555556,579.6538355555556,151.4946,True
D,2025-11-09,12,73,12:20-12:30,434.0934652777777,584.7663319444442,150.67286666666655,True
D,2025-11-09,12,74,12:30-12:40,477.5816249999999,625.6121416666666,148.0305166666667,True
D,2025-11-09,12,75,12:40-12:50,495.0612013888889,632.7240347222222,137.6628333333333,True
D,2025-11-10,6,35,6:00-6:10,3.3295000000001664,3.4217000000002145,0.09220000000004802,True
D,2025-11-10,6,36,6:10-6:20,10.972570555555762,13.208462222222352,2.235891666666589,True
D,2025-11-10,6,37,6:20-6:30,0.8932627777782045,4.4699294444448014,3.576666666666597,True
D,2025-11-10,6,39,6:40-6:50,196.9058050960133,549.3314786595128,352.42567356349946,True
D,2025-11-10,6,43,7:20-7:30,699.3602213888887,706.3866630555557,7.026441666666983,True
D,2025-11-10,6,45,7:40-7:50,1345.5855852777775,1367.3820372222222,21.796451944444698,True
D,2025-11-10,6,64,10:50-11:00,35.73742667461186,175.04191027777802,139.30448360316615,True
D,2025-11-10,12,73,12:20-12:30,732.7089008333329,564.2418957486899,-168.467005084643,True
D,2025-11-10,12,76,12:50-13:00,297.04118811288765,16.10670249999987,-280.9344856128878,True
D,2025-11-11,6,64,10:50-11:00,221.60005916666614,159.1233844832567,-62.47667468340944,True
D,2025-11-11,6,65,11:00-11:10,986.8231499999997,858.7309833333334,-128.09216666666634,True
D,2025-11-11,6,66,11:10-11:20,977.7290211111113,892.3376702777781,-85.39135083333315,True
D,2025-11-11,6,67,11:20-11:30,955.0947630555552,848.7808230555554,-106.31393999999977,True
D,2025-11-11,6,68,11:30-11:40,892.4581833333337,762.4461166666669,-130.0120666666669,True
D,2025-11-11,6,69,11:40-11:50,901.3538036111114,770.7017702777779,-130.65203333333352,True
D,2025-11-11,6,70,11:50-12:00,887.025956388889,755.7339563888886,-131.29200000000037,True
D,2025-11-11,6,71,12:00-12:10,811.0403833333334,679.1084166666664,-131.931966666667,True
D,2025-11-11,6,72,12:10-12:20,771.8063027777777,642.1714138888887,-129.634888888889,True
D,2025-11-11,6,73,12:20-12:30,762.7605480555552,635.422736944444,-127.33781111111125,True
D,2025-11-11,6,74,12:30-12:40,769.2778083333333,644.237075,-125.04073333333326,True
D,2025-11-11,6,75,12:40-12:50,801.2719436111113,678.5282880555555,-122.74365555555573,True
D,2025-11-11,6,76,12:50-13:00,841.1801943684417,765.3045569444444,-75.87563742399732,True
D,2025-11-11,12,71,12:00-12:10,679.1084166666664,0.0,-679.1084166666664,True
D,2025-11-11,12,72,12:10-12:20,642.1714138888887,0.0,-642.1714138888887,True
D,2025-11-11,12,73,12:20-12:30,635.422736944444,0.0,-635.422736944444,True
D,2025-11-11,12,74,12:30-12:40,644.237075,0.0,-644.237075,True
D,2025-11-11,12,75,12:40-12:50,678.5282880555555,723.2832711419787,44.75498308642318,True
D,2025-11-11,12,76,12:50-13:00,765.3045569444444,21.717023611111017,-743.5875333333333,True
D,2025-11-12,6,37,6:20-6:30,34.996077499999956,37.689594166666666,2.69351666666671,True
D,2025-11-12,6,39,6:40-6:50,594.0239081595147,734.7350708539565,140.71116269444178,True
D,2025-11-12,6,44,7:30-7:40,1412.2755416666666,1430.9206583333334,18.64511666666681,True
D,2025-11-12,6,45,7:40-7:50,1320.5755552777773,1372.6722163888887,52.096661111111416,True
D,2025-11-12,6,46,7:50-8:00,567.1211822222222,619.4878466666669,52.36666444444472,True
D,2025-11-12,6,75,12:40-12:50,841.1972252777778,824.7326077777775,-16.46461750000026,True
D,2025-11-12,6,90,15:10-15:20,1224.4351625,1235.5171341666667,11.081971666666732,True
D,2025-11-12,6,91,15:20-15:30,405.6897944444444,1084.9153993930065,679.2256049485621,True
D,2025-11-12,6,92,15:30-15:40,484.62300833333325,567.4455499999999,82.82254166666667,True
D,2025-11-12,6,93,15:40-15:50,537.1497030555555,582.1067866666668,44.95708361111133,True
D,2025-11-12,6,94,15:50-16:00,573.0707694444443,620.5863424999997,47.515573055555365,True
D,2025-11-12,6,95,16:00-16:10,608.9799999999999,682.1805833333336,73.20058333333373,True
D,2025-11-12,6,96,16:10-16:20,627.8172944444445,688.4795026851847,60.66220824074014,True
D,2025-11-12,6,97,16:20-16:30,706.4876455555556,722.981018611111,16.49337305555548,True
D,2025-11-12,12,71,12:00-12:10,782.0850833333335,749.5851666666665,-32.49991666666699,True
D,2025-11-12,12,72,12:10-12:20,778.9790477777776,741.9723283333328,-37.0067194444448,True
D,2025-11-12,12,73,12:20-12:30,833.7618955555556,16.152450100538708,-817.609445455017,True
D,2025-11-12,12,74,12:30-12:40,838.4933583333329,821.8025166666666,-16.6908416666663,True
D,2025-11-12,12,75,12:40-12:50,824.7326077777775,790.6700974999999,-34.06251027777762,True
D,2025-11-12,12,76,12:50-13:00,439.6271062116491,0.0,-439.6271062116491,True
D,2025-11-12,12,90,15:10-15:20,1235.5171341666667,1224.4351625000002,-11.081971666666504,True
D,2025-11-12,12,91,15:20-15:30,1084.9153993930065,405.68979444444443,-679.225604948562,True
D,2025-11-12,12,92,15:30-15:40,567.4455499999999,484.62300833333313,-82.82254166666678,True
D,2025-11-12,12,93,15:40-15:50,582.1067866666668,537.1497030555556,-44.957083611111216,True
D,2025-11-12,12,94,15:50-16:00,620.5863424999997,573.0707694444444,-47.51557305555525,True
D,2025-11-12,12,95,16:00-16:10,682.1805833333336,608.9799999999998,-73.20058333333384,True
D,2025-11-12,12,96,16:10-16:20,688.4795026851847,627.8172944444444,-60.662208240740256,True
D,2025-11-12,12,97,16:20-16:30,722.981018611111,706.4876455555557,-16.493373055555367,True
D,2025-11-13,6,65,11:00-11:10,960.6334499999997,891.9521833333332,-68.68126666666649,True
D,2025-11-13,6,66,11:10-11:20,893.1894775000001,863.8714572222221,-29.31802027777792,True
D,2025-11-13,6,67,11:20-11:30,868.8253116666665,861.7665586111115,-7.05875305555503,True
D,2025-11-13,6,89,15:00-15:10,263.8805999999996,562.7863637962931,298.9057637962935,True
D,2025-11-13,6,90,15:10-15:20,325.2980726492358,1155.1633262277053,829.8652535784695,True
D,2025-11-13,6,91,15:20-15:30,306.69170183333216,390.44038527777775,83.74868344444559,True
D,2025-11-13,6,92,15:30-15:40,338.8508333333333,427.6427916666669,88.79195833333358,True
D,2025-11-13,12,71,12:00-12:10,700.2918500000001,16.705534926910694,-683.5863150730894,True
D,2025-11-13,12,73,12:20-12:30,710.8504794444444,9.085901666666814,-701.7645777777776,True
D,2025-11-13,12,74,12:30-12:40,677.1481666666664,19.069058333333487,-658.0791083333329,True
D,2025-11-13,12,89,15:00-15:10,562.7863637962931,400.62358333333316,-162.16278046295997,True
D,2025-11-13,12,90,15:10-15:20,1155.1633262277053,1087.9925273148147,-67.17079891289063,True
D,2025-11-13,12,91,15:20-15:30,390.44038527777775,407.4848930555555,17.044507777777767,True
D,2025-11-13,12,92,15:30-15:40,427.6427916666669,448.01498333333336,20.37219166666648,True
D,2025-11-13,12,93,15:40-15:50,417.72938833333325,436.59251619444245,18.863127861109206,True
D,2025-11-14,6,66,11:10-11:20,756.8526947222225,653.317316111111,-103.53537861111147,True
D,2025-11-14,6,69,11:40-11:50,701.8713513888885,612.1950236111107,-89.67632777777771,True
D,2025-11-14,6,70,11:50-12:00,647.3693344444447,565.1720622222227,-82.19727222222195,True
D,2025-11-14,6,71,12:00-12:10,590.4347333333334,515.7165166666667,-74.71821666666665,True
D,2025-11-14,6,72,12:10-12:20,565.7818094444445,492.4532038888889,-73.32860555555567,True
D,2025-11-14,6,73,12:20-12:30,583.3091072222221,511.3701127777779,-71.93899444444423,True
D,2025-11-14,6,74,12:30-12:40,564.2718999999996,523.0520000000001,-41.219899999999484,True
D,2025-11-14,6,75,12:40-12:50,558.2181402777778,489.0583680555553,-69.1597722222225,True
D,2025-11-14,12,71,12:00-12:10,515.7165166666667,0.0,-515.7165166666667,True
D,2025-11-14,12,72,12:10-12:20,492.4532038888889,0.0,-492.4532038888889,True
D,2025-11-14,12,73,12:20-12:30,511.3701127777779,0.0,-511.3701127777779,True
D,2025-11-14,12,74,12:30-12:40,523.0520000000001,0.0,-523.0520000000001,True
D,2025-11-14,12,75,12:40-12:50,489.0583680555553,0.0,-489.0583680555553,True
D,2025-11-15,6,71,12:00-12:10,535.77075,480.2654666666666,-55.50528333333341,True
D,2025-11-15,6,72,12:10-12:20,535.4025152777776,471.3376458333332,-64.06486944444441,True
D,2025-11-15,6,73,12:20-12:30,568.9748630555556,496.3504075000002,-72.62445555555541,True
D,2025-11-15,6,74,12:30-12:40,555.5982166666662,503.7436583333333,-51.854558333332875,True
D,2025-11-15,6,75,12:40-12:50,564.2320469444446,474.48841916666674,-89.74362777777787,True
D,2025-11-15,12,71,12:00-12:10,480.2654666666666,0.0,-480.2654666666666,True
D,2025-11-15,12,72,12:10-12:20,471.3376458333332,0.0,-471.3376458333332,True
D,2025-11-15,12,73,12:20-12:30,496.3504075000002,0.0,-496.3504075000002,True
D,2025-11-15,12,74,12:30-12:40,503.7436583333333,0.0,-503.7436583333333,True
D,2025-11-15,12,75,12:40-12:50,474.48841916666674,0.0,-474.48841916666674,True
D,2025-11-16,6,40,6:50-7:00,2.6917809372923784,663.3720283333334,660.6802473960411,True
D,2025-11-16,6,42,7:10-7:20,642.1267197222222,646.5564030555556,4.429683333333401,True
D,2025-11-16,6,43,7:20-7:30,589.9266777777775,621.8154083333334,31.888730555555867,True
D,2025-11-16,6,44,7:30-7:40,483.99302499999993,1106.5160162531029,622.5229912531029,True
D,2025-11-16,6,45,7:40-7:50,1222.3623605555551,1285.6330291666666,63.27066861111143,True
D,2025-11-16,6,66,11:10-11:20,839.3618272222224,836.3152680555553,-3.046559166667066,True
D,2025-11-16,6,68,11:30-11:40,811.6396000000002,809.4964750000001,-2.1431250000000546,True
D,2025-11-16,6,89,15:00-15:10,165.2206062962971,350.94103333333305,185.72042703703596,True
D,2025-11-16,6,90,15:10-15:20,216.3445563888887,484.9791635606991,268.6346071718104,True
D,2025-11-16,6,91,15:20-15:30,218.10166111111107,362.18103861111103,144.07937749999996,True
D,2025-11-16,6,92,15:30-15:40,293.1623749999999,407.65705833333334,114.49468333333346,True
D,2025-11-16,6,93,15:40-15:50,353.0098663888889,422.51389249999977,69.50402611111087,True
D,2025-11-16,6,94,15:50-16:00,392.4930412499994,472.13464499999986,79.64160375000046,True
D,2025-11-16,6,95,16:00-16:10,421.2751807500015,492.7798333333333,71.50465258333179,True
D,2025-11-16,6,96,16:10-16:20,475.72084888888884,568.2944461111109,92.57359722222208,True
D,2025-11-16,6,97,16:20-16:30,548.4477730555554,622.7803230555553,74.33254999999986,True
D,2025-11-16,12,76,12:50-13:00,0.0,489.49904194444446,489.49904194444446,True
D,2025-11-16,12,89,15:00-15:10,350.94103333333305,246.69989999999984,-104.24113333333321,True
D,2025-11-16,12,90,15:10-15:20,484.9791635606991,286.71114473353407,-198.268018827165,True
D,2025-11-16,12,91,15:20-15:30,362.18103861111103,218.10166111111113,-144.0793774999999,True
D,2025-11-16,12,92,15:30-15:40,407.65705833333334,293.1623749999998,-114.49468333333351,True
D,2025-11-16,12,93,15:40-15:50,422.51389249999977,353.00986638888895,-69.50402611111082,True
D,2025-11-16,12,94,15:50-16:00,472.13464499999986,392.4930412499995,-79.64160375000034,True
D,2025-11-16,12,95,16:00-16:10,492.7798333333333,421.2751807500014,-71.50465258333185,True
D,2025-11-16,12,96,16:10-16:20,568.2944461111109,475.7208488888888,-92.57359722222213,True
D,2025-11-16,12,97,16:20-16:30,622.7803230555553,548.4477730555556,-74.33254999999974,True
D,2025-11-17,6,43,7:20-7:30,696.8956841666663,714.0507980555556,17.15511388888922,True
D,2025-11-17,6,45,7:40-7:50,1364.3129133333332,1407.4590819444443,43.14616861111108,True
D,2025-11-17,6,64,10:50-11:00,87.13131499999963,92.2215457500038,5.090230750004167,True
D,2025-11-17,6,65,11:00-11:10,873.8562878796314,900.0719166666664,26.21562878703503,True
D,2025-11-17,6,66,11:10-11:20,816.1799466666669,865.0022524999999,48.822305833333075,True
D,2025-11-17,6,67,11:20-11:30,806.2591441666664,839.0877224999999,32.82857833333355,True
D,2025-11-17,6,68,11:30-11:40,818.1621833333335,832.4040583333328,14.241874999999368,True
D,2025-11-17,6,69,11:40-11:50,784.9262666666662,811.7072516666663,26.7809850000001,True
D,2025-11-17,6,70,11:50-12:00,709.1436758333335,782.4410058333331,73.29732999999953,True
D,2025-11-17,6,71,12:00-12:10,634.92945,717.6626166666663,82.7331666666663,True
D,2025-11-17,6,72,12:10-12:20,620.3710963888888,674.6104233333331,54.239326944444315,True
D,2025-11-17,6,73,12:20-12:30,659.4911436111109,702.9041083333333,43.41296472222234,True
D,2025-11-17,6,74,12:30-12:40,660.0098916666665,760.0598583333334,100.04996666666693,True
D,2025-11-17,6,75,12:40-12:50,664.1157422222223,785.2733730555555,121.1576308333332,True
D,2025-11-17,6,76,12:50-13:00,0.0,559.0305165092552,559.0305165092552,True
D,2025-11-17,6,89,15:00-15:10,298.8950833333329,1245.5449833333332,946.6499000000003,True
D,2025-11-17,6,90,15:10-15:20,455.7608311111123,1281.1744783333334,825.413647222221,True
D,2025-11-17,6,91,15:20-15:30,344.9159736111111,1207.8589848487659,862.9430112376548,True
D,2025-11-17,6,92,15:30-15:40,419.75397499999997,568.0344083333334,148.28043333333346,True
D,2025-11-17,6,93,15:40-15:50,499.7029013888889,611.63741,111.93450861111114,True
D,2025-11-17,6,94,15:50-16:00,561.6027462499993,615.0300872222223,53.427340972222964,True
D,2025-11-17,6,95,16:00-16:10,616.3174474166683,656.5435533583321,40.22610594166383,True
D,2025-11-17,6,96,16:10-16:20,688.2057816666664,708.7139636416697,20.508181975003254,True
D,2025-11-17,12,71,12:00-12:10,717.6626166666663,634.9294500000001,-82.7331666666662,True
D,2025-11-17,12,72,12:10-12:20,674.6104233333331,620.3710963888889,-54.2393269444442,True
D,2025-11-17,12,73,12:20-12:30,702.9041083333333,659.491143611111,-43.41296472222223,True
D,2025-11-17,12,74,12:30-12:40,760.0598583333334,660.0098916666664,-100.04996666666705,True
D,2025-11-17,12,75,12:40-12:50,785.2733730555555,664.1157422222223,-121.1576308333332,True
D,2025-11-17,12,76,12:50-13:00,559.0305165092552,0.0,-559.0305165092552,True
D,2025-11-17,12,89,15:00-15:10,1245.5449833333332,362.1669333333333,-883.3780499999999,True
D,2025-11-17,12,90,15:10-15:20,1281.1744783333334,914.0186069704433,-367.15587136289,True
D,2025-11-17,12,91,15:20-15:30,1207.8589848487659,441.0560016666666,-766.8029831820993,True
D,2025-11-17,12,92,15:30-15:40,568.0344083333334,477.70327499999985,-90.33113333333358,True
D,2025-11-17,12,93,15:40-15:50,611.63741,499.70290138888896,-111.93450861111108,True
D,2025-11-17,12,94,15:50-16:00,615.0300872222223,561.6027462499994,-53.42734097222285,True
D,2025-11-17,12,95,16:00-16:10,656.5435533583321,616.3174474166682,-40.226105941663945,True
D,2025-11-17,12,96,16:10-16:20,708.7139636416697,688.2057816666663,-20.508181975003367,True
D,2025-11-18,6,73,12:20-12:30,816.668333611111,806.4819613888889,-10.18637222222219,True
D,2025-11-18,6,75,12:40-12:50,825.7435313888889,781.298420277778,-44.44511111111092,True
D,2025-11-18,6,90,15:10-15:20,1319.6100780555555,1315.4158913888887,-4.1941866666668375,True
D,2025-11-18,12,73,12:20-12:30,806.4819613888889,816.668333611111,10.18637222222219,True
D,2025-11-18,12,75,12:40-12:50,781.298420277778,825.7435313888889,44.44511111111092,True
D,2025-11-18,12,76,12:50-13:00,754.5451132178305,409.36475414375246,-345.180359074078,True
D,2025-11-18,12,90,15:10-15:20,1315.4158913888887,1319.6100780555557,4.194186666667065,True
D,2025-11-19,6,36,6:10-6:20,28.296961944444433,28.7708647222222,0.47390277777776646,True
D,2025-11-19,6,37,6:20-6:30,149.13437538173378,834.8619916666664,685.7276162849327,True
D,2025-11-19,6,38,6:30-6:40,37.975008333333335,477.20916779840184,439.2341594650685,True
D,2025-11-19,6,42,7:10-7:20,738.0505361111111,749.4867297222222,11.436193611111094,True
D,2025-11-19,6,43,7:20-7:30,701.859584722222,716.5850430555557,14.725458333333677,True
D,2025-11-19,6,45,7:40-7:50,1374.3664677777774,1409.0927419444442,34.726274166666826,True
D,2025-11-19,6,64,10:50-11:00,180.133672222222,204.9837225000001,24.85005027777811,True
D,2025-11-19,6,66,11:10-11:20,915.6348491666665,919.4205188888886,3.78566972222211,True
D,2025-11-19,6,68,11:30-11:40,867.787366666667,879.9437666666663,12.15639999999928,True
D,2025-11-19,6,69,11:40-11:50,876.6681983333334,893.3725430555551,16.704344722221663,True
D,2025-11-19,6,70,11:50-12:00,853.1161358333334,875.5677586111108,22.451622777777402,True
D,2025-11-19,6,71,12:00-12:10,774.7814833333333,802.1769666666665,27.39548333333323,True
D,2025-11-19,6,72,12:10-12:20,702.9602061111112,753.4566566666665,50.49645055555527,True
D,2025-11-19,6,73,12:20-12:30,677.7431263888886,767.0636516666667,89.32052527777807,True
D,2025-11-19,6,74,12:30-12:40,678.4768333333335,785.496125,107.0192916666665,True
D,2025-11-19,6,75,12:40-12:50,687.630467777778,803.2598122222221,115.62934444444409,True
D,2025-11-19,6,89,15:00-15:10,920.4706704629625,1213.0226833333331,292.5520128703706,True
D,2025-11-19,6,90,15:10-15:20,1218.1545069444442,1253.1992319444444,35.0447250000002,True
D,2025-11-19,6,91,15:20-15:30,419.9457886111111,1176.5979946604916,756.6522060493805,True
D,2025-11-19,6,92,15:30-15:40,458.7463499999998,542.6261666666664,83.87981666666667,True
D,2025-11-19,6,93,15:40-15:50,509.60255638888907,589.2698094444445,79.66725305555542,True
D,2025-11-19,6,94,15:50-16:00,549.5146144444445,589.7518244444445,40.237210000000005,True
D,2025-11-19,6,95,16:00-16:10,593.7941333333332,619.7339251666664,25.939791833333175,True
D,2025-11-19,6,96,16:10-16:20,646.4785002777779,713.8694558333333,67.39095555555537,True
D,2025-11-19,6,97,16:20-16:30,729.8865422222223,751.4000852777779,21.5135430555556,True
D,2025-11-19,6,98,16:30-16:40,756.4782916666667,798.9354895061738,42.4571978395071,True
D,2025-11-19,6,99,16:40-16:50,827.5967969444443,830.4877141666669,2.8909172222225834,True
D,2025-11-19,12,71,12:00-12:10,802.1769666666665,774.7814833333334,-27.395483333333118,True
D,2025-11-19,12,72,12:10-12:20,753.4566566666665,702.9602061111113,-50.49645055555516,True
D,2025-11-19,12,73,12:20-12:30,767.0636516666667,545.532923186957,-221.53072847970975,True
D,2025-11-19,12,74,12:30-12:40,785.496125,678.4768333333334,-107.01929166666662,True
D,2025-11-19,12,75,12:40-12:50,803.2598122222221,687.630467777778,-115.62934444444409,True
D,2025-11-19,12,76,12:50-13:00,585.3109084956076,17.446155833333364,-567.8647526622742,True
D,2025-11-19,12,89,15:00-15:10,1213.0226833333331,920.4706704629624,-292.55201287037073,True
D,2025-11-19,12,90,15:10-15:20,1253.1992319444444,1218.1545069444444,-35.04472499999997,True
D,2025-11-19,12,91,15:20-15:30,1176.5979946604916,419.94578861111114,-756.6522060493805,True
D,2025-11-19,12,92,15:30-15:40,542.6261666666664,458.74634999999967,-83.87981666666678,True
D,2025-11-19,12,93,15:40-15:50,589.2698094444445,509.6025563888891,-79.66725305555536,True
D,2025-11-19,12,94,15:50-16:00,589.7518244444445,549.5146144444446,-40.23720999999989,True
D,2025-11-19,12,95,16:00-16:10,619.7339251666664,593.7941333333332,-25.939791833333175,True
D,2025-11-19,12,96,16:10-16:20,713.8694558333333,646.4785002777778,-67.39095555555548,True
D,2025-11-19,12,97,16:20-16:30,751.4000852777779,729.8865422222224,-21.513543055555488,True
D,2025-11-19,12,98,16:30-16:40,798.9354895061738,756.4782916666668,-42.45719783950699,True
D,2025-11-19,12,99,16:40-16:50,830.4877141666669,827.5967969444443,-2.8909172222225834,True
D,2025-11-20,6,66,11:10-11:20,718.2393944444445,776.18525,57.945855555555454,True
D,2025-11-20,6,67,11:20-11:30,0.0,427.84367717874096,427.84367717874096,True
D,2025-11-20,6,68,11:30-11:40,538.1977462425288,759.7435333333328,221.54578709080408,True
D,2025-11-20,6,69,11:40-11:50,751.3352727777781,776.1000975,24.764824722221874,True
D,2025-11-20,6,72,12:10-12:20,716.550810277778,696.7494263888888,-19.80138388888929,True
D,2025-11-20,6,73,12:20-12:30,718.9868363888888,690.0549877777776,-28.931848611111263,True
D,2025-11-20,6,74,12:30-12:40,682.2318750000003,722.7565833333333,40.524708333333024,True
D,2025-11-20,6,75,12:40-12:50,633.1628211111109,732.5968263888888,99.43400527777783,True
D,2025-11-20,12,72,12:10-12:20,696.7494263888888,716.5508102777782,19.801383888889404,True
D,2025-11-20,12,73,12:20-12:30,690.0549877777776,718.986836388889,28.931848611111377,True
D,2025-11-20,12,74,12:30-12:40,722.7565833333333,753.2293416666669,30.47275833333356,True
D,2025-11-20,12,75,12:40-12:50,732.5968263888888,727.6294883333334,-4.967338055555388,True
D,2025-11-21,6,66,11:10-11:20,0.0,643.7592194444446,643.7592194444446,True
D,2025-11-21,6,69,11:40-11:50,0.0,530.2341914869836,530.2341914869836,True
D,2025-11-21,6,70,11:50-12:00,0.0,652.9260197222222,652.9260197222222,True
D,2025-11-21,6,71,12:00-12:10,515.9424499999998,644.7552166666665,128.81276666666668,True
D,2025-11-21,6,72,12:10-12:20,505.9411338888891,633.0413866666665,127.10025277777743,True
D,2025-11-21,6,73,12:20-12:30,0.0,586.7758666666664,586.7758666666664,True
D,2025-11-21,6,74,12:30-12:40,27.231340964748796,600.0513916666666,572.8200507019178,True
D,2025-11-21,6,75,12:40-12:50,516.3610422222223,609.4631033333333,93.10206111111097,True
D,2025-11-21,12,71,12:00-12:10,644.7552166666665,0.0,-644.7552166666665,True
D,2025-11-21,12,72,12:10-12:20,633.0413866666665,0.0,-633.0413866666665,True
D,2025-11-21,12,73,12:20-12:30,586.7758666666664,0.0,-586.7758666666664,True
D,2025-11-21,12,74,12:30-12:40,600.0513916666666,0.0,-600.0513916666666,True
D,2025-11-21,12,75,12:40-12:50,609.4631033333333,0.0,-609.4631033333333,True
D,2025-11-22,6,72,12:10-12:20,449.274307222222,408.11172166666654,-41.16258555555544,True
D,2025-11-22,6,74,12:30-12:40,524.0478166666664,393.46322499999997,-130.58459166666648,True
D,2025-11-22,6,75,12:40-12:50,557.532104722222,400.0945224999999,-157.4375822222221,True
D,2025-11-22,12,71,12:00-12:10,466.3960333333334,0.0,-466.3960333333334,True
D,2025-11-22,12,72,12:10-12:20,408.11172166666654,0.0,-408.11172166666654,True
D,2025-11-22,12,73,12:20-12:30,100.3602786889805,0.0,-100.3602786889805,True
D,2025-11-22,12,74,12:30-12:40,393.46322499999997,0.0,-393.46322499999997,True
D,2025-11-22,12,75,12:40-12:50,400.0945224999999,0.0,-400.0945224999999,True
D,2025-11-23,6,39,6:40-6:50,0.0,131.7378426317307,131.7378426317307,True
D,2025-11-23,6,40,6:50-7:00,0.0,723.7530183333332,723.7530183333332,True
D,2025-11-23,6,41,7:0-7:10,167.2210520483991,698.3325833333331,531.111531284934,True
D,2025-11-23,6,43,7:20-7:30,597.0596908333332,605.8492483333334,8.789557500000228,True
D,2025-11-23,6,44,7:30-7:40,527.5978249999998,1365.2645333333335,837.6667083333336,True
D,2025-11-23,6,45,7:40-7:50,1273.3014558333334,1332.03928,58.73782416666654,True
D,2025-11-23,6,46,7:50-8:00,0.0,526.3341375000002,526.3341375000002,True
D,2025-11-23,6,64,10:50-11:00,0.0,11.509247222222143,11.509247222222143,True
D,2025-11-23,6,66,11:10-11:20,642.4539536415868,688.1338230555554,45.679869413968504,True
D,2025-11-23,6,68,11:30-11:40,0.0,470.6585821029039,470.6585821029039,True
D,2025-11-23,6,69,11:40-11:50,368.8602964585714,598.7036338888887,229.84333743031732,True
D,2025-11-23,6,70,11:50-12:00,569.521685,574.7176269444445,5.195941944444485,True
D,2025-11-23,6,71,12:00-12:10,514.2822500000001,521.4935833333333,7.211333333333187,True
D,2025-11-23,6,72,12:10-12:20,476.1153769444445,502.1394638888888,26.02408694444432,True
D,2025-11-23,6,91,15:20-15:30,259.064715,348.52889833333325,89.46418333333327,True
D,2025-11-23,6,92,15:30-15:40,319.45143333333357,378.78458333333333,59.33314999999976,True
D,2025-11-23,12,71,12:00-12:10,521.4935833333333,547.0980833333334,25.604500000000144,True
D,2025-11-23,12,72,12:10-12:20,502.1394638888888,517.7944083333331,15.654944444444254,True
D,2025-11-23,12,76,12:50-13:00,0.0,445.63888583333323,445.63888583333323,True
D,2025-11-23,12,91,15:20-15:30,348.52889833333325,259.06471500000004,-89.46418333333321,True
D,2025-11-23,12,92,15:30-15:40,378.78458333333333,319.4514333333335,-59.33314999999982,True
D,2025-11-23,18,107,18:00-18:10,600.9118333333333,657.5395166666666,56.627683333333266,True
D,2025-11-23,18,108,18:10-18:20,236.57767933333434,610.8414438888889,374.26376455555453,True
D,2025-11-23,18,109,18:20-18:30,594.5133675000001,606.2180794444445,11.704711944444398,True
D,2025-11-23,18,110,18:30-18:40,588.8763333333335,615.9008833333334,27.024549999999863,True
D,2025-11-23,18,111,18:40-18:50,595.9443141666667,643.7383363888888,47.79402222222211,True
D,2025-11-23,18,112,18:50-19:00,425.75241604839886,647.8928937037027,222.14047765530387,True
D,2025-11-23,18,121,20:20-20:30,0.0,136.52410346506508,136.52410346506508,True
D,2025-11-24,6,35,6:00-6:10,4.9694166666668025,4.986550000000079,0.017133333333276823,True
D,2025-11-24,6,37,6:20-6:30,9.686851666666712,12.972351666666782,3.28550000000007,True
D,2025-11-24,6,38,6:30-6:40,19.66781666666668,24.60050000000001,4.93268333333333,True
D,2025-11-24,6,68,11:30-11:40,567.416880983257,607.9066641005478,40.48978311729081,True
D,2025-11-24,6,69,11:40-11:50,631.3399641666667,642.1194919444445,10.77952777777773,True
D,2025-11-24,6,72,12:10-12:20,587.9852827777776,598.7857391666666,10.800456388889074,True
D,2025-11-24,12,71,12:00-12:10,614.6635000000002,668.3470166666668,53.683516666666605,True
D,2025-11-24,12,72,12:10-12:20,598.7857391666666,658.2936002777776,59.50786111111097,True
D,2025-11-24,12,73,12:20-12:30,590.2854155555556,615.9648377777777,25.679422222222115,True
D,2025-11-24,12,74,12:30-12:40,613.502367975313,627.2273416666665,13.724973691353512,True
D,2025-11-25,6,64,10:50-11:00,207.1142133333334,175.3760261111113,-31.73818722222211,True
D,2025-11-25,6,69,11:40-11:50,939.1661808333331,931.6285163888889,-7.537664444444204,True
D,2025-11-25,6,70,11:50-12:00,985.4088108333335,911.6522894444442,-73.75652138888927,True
D,2025-11-25,6,71,12:00-12:10,948.3865666666669,816.1833999999999,-132.20316666666702,True
D,2025-11-25,6,72,12:10-12:20,908.5315191666665,740.9934836111108,-167.53803555555567,True
D,2025-11-25,6,73,12:20-12:30,919.0788483333331,725.5808913888886,-193.49795694444447,True
D,2025-11-25,6,74,12:30-12:40,890.8763716983312,737.5345166666666,-153.34185503166464,True
D,2025-11-25,6,75,12:40-12:50,964.3185441666666,745.5638119444444,-218.75473222222217,True
D,2025-11-25,6,77,13:00-13:10,234.28739999999993,45.63263333333316,-188.65476666666677,True
D,2025-11-25,6,78,13:10-13:20,124.95851220988024,0.0,-124.95851220988024,True
D,2025-11-25,6,79,13:20-13:30,256.75490111111117,119.37026333333336,-137.3846377777778,True
D,2025-11-25,6,80,13:30-13:40,171.29437499999972,61.599809451601615,-109.6945655483981,True
D,2025-11-25,6,81,13:40-13:50,186.48976083333343,0.0,-186.48976083333343,True
D,2025-11-25,6,94,15:50-16:00,838.2820233333331,819.6320091666666,-18.650014166666438,True
D,2025-11-25,6,95,16:00-16:10,892.38155,880.7736333333334,-11.607916666666597,True
D,2025-11-25,12,71,12:00-12:10,816.1833999999999,883.4569333333334,67.27353333333349,True
D,2025-11-25,12,72,12:10-12:20,740.9934836111108,811.0582002777778,70.06471666666698,True
D,2025-11-25,12,73,12:20-12:30,725.5808913888886,0.0,-725.5808913888886,True
D,2025-11-25,12,74,12:30-12:40,737.5345166666666,788.9587114822831,51.42419481561649,True
D,2025-11-25,12,75,12:40-12:50,745.5638119444444,824.002078611111,78.43826666666655,True
D,2025-11-25,12,76,12:50-13:00,323.2839025000002,47.09865388888875,-276.18524861111143,True
D,2025-11-25,12,77,13:00-13:10,45.63263333333316,129.65326666666624,84.02063333333308,True
D,2025-11-25,12,79,13:20-13:30,119.37026333333336,174.737541111111,55.367277777777645,True
D,2025-11-25,12,80,13:30-13:40,61.599809451601615,22.771670388890357,-38.82813906271126,True
D,2025-11-25,12,94,15:50-16:00,819.6320091666666,838.2820233333332,18.65001416666655,True
D,2025-11-25,12,95,16:00-16:10,880.7736333333334,892.3815499999998,11.607916666666483,True
D,2025-11-26,6,35,6:00-6:10,13.95591666666678,13.97790000000009,0.02198333333330993,True
D,2025-11-26,6,37,6:20-6:30,19.76914944444445,521.9722448261768,502.2030953817324,True
D,2025-11-26,6,38,6:30-6:40,32.5212333333335,37.433891666666796,4.912658333333297,True
D,2025-11-26,6,39,6:40-6:50,797.9745978265255,811.6618650000003,13.687267173474766,True
D,2025-11-26,6,40,6:50-7:00,834.7522805555557,836.0977477777778,1.3454672222221689,True
D,2025-11-26,6,44,7:30-7:40,1442.2109914193663,1463.7631666666666,21.552175247300283,True
D,2025-11-26,6,45,7:40-7:50,1357.1172566666667,1391.8880141666666,34.770757499999945,True
D,2025-11-26,6,46,7:50-8:00,596.0190241666664,626.3523441666669,30.333320000000413,True
D,2025-11-26,6,64,10:50-11:00,85.47177777777802,88.74626000000012,3.2744822222221046,True
D,2025-11-26,6,65,11:00-11:10,97.83938333333344,115.26561666666657,17.42623333333313,True
D,2025-11-26,6,71,12:00-12:10,908.8892333333336,859.95275,-48.93648333333351,True
D,2025-11-26,6,72,12:10-12:20,849.0081155555555,768.0196116666666,-80.98850388888889,True
D,2025-11-26,6,73,12:20-12:30,839.7199852777777,803.664451666667,-36.05553361111072,True
D,2025-11-26,6,77,13:00-13:10,128.73046666666664,72.7108499999996,-56.01961666666705,True
D,2025-11-26,6,79,13:20-13:30,218.1187455555555,0.0,-218.1187455555555,True
D,2025-11-26,6,89,15:00-15:10,1269.5559,1212.5764000000001,-56.979499999999916,True
D,2025-11-26,6,90,15:10-15:20,1344.675747222222,1334.3810733333332,-10.294673888888838,True
D,2025-11-26,6,93,15:40-15:50,1440.3860213888888,1321.3049606869645,-119.08106070192434,True
D,2025-11-26,12,71,12:00-12:10,859.95275,885.3273,25.37455,True
D,2025-11-26,12,72,12:10-12:20,768.0196116666666,799.6416755555554,31.62206388888876,True
D,2025-11-26,12,73,12:20-12:30,803.664451666667,839.7199852777778,36.05553361111083,True
D,2025-11-26,12,77,13:00-13:10,72.7108499999996,128.73046666666664,56.01961666666705,True
D,2025-11-26,12,79,13:20-13:30,0.0,218.11874555555553,218.11874555555553,True
D,2025-11-26,12,89,15:00-15:10,1212.5764000000001,1269.5559,56.979499999999916,True
D,2025-11-26,12,90,15:10-15:20,1334.3810733333332,1344.6757472222223,10.294673888889065,True
D,2025-11-26,12,93,15:40-15:50,1321.3049606869645,1440.386021388889,119.08106070192457,True
D,2025-11-27,6,35,6:00-6:10,11.99450000000013,12.01993333333337,0.025433333333239716,True
D,2025-11-27,6,37,6:20-6:30,60.653042499999856,207.2998215206229,146.64677902062306,True
D,2025-11-27,6,39,6:40-6:50,688.3452828817344,797.7754780555557,109.43019517382129,True
D,2025-11-27,6,44,7:30-7:40,1433.4948583333335,1459.6224666666667,26.127608333333228,True
D,2025-11-27,6,45,7:40-7:50,1332.7942558333332,1370.7029355555555,37.90867972222236,True
D,2025-11-27,6,46,7:50-8:00,577.5018241666663,611.5342636111111,34.032439444444776,True
D,2025-11-27,6,64,10:50-11:00,161.68966444444425,168.65814749999993,6.96848305555568,True
D,2025-11-27,6,67,11:20-11:30,92.35021333333339,355.4561861499241,263.10597281659074,True
D,2025-11-27,6,68,11:30-11:40,742.9654253165928,856.5059416666666,113.54051635007374,True
D,2025-11-27,6,70,11:50-12:00,788.4801758333333,801.1608233333334,12.680647500000077,True
D,2025-11-27,6,71,12:00-12:10,725.3738166666668,755.6754,30.301583333333156,True
D,2025-11-27,6,72,12:10-12:20,676.0426913888888,734.5434930555557,58.500801666666916,True
D,2025-11-27,6,73,12:20-12:30,688.9640444444443,763.6302013888888,74.66615694444454,True
D,2025-11-27,6,74,12:30-12:40,734.6014499999999,793.8501083333334,59.24865833333354,True
D,2025-11-27,6,75,12:40-12:50,740.0546549999999,805.5302427777779,65.47558777777795,True
D,2025-11-27,12,71,12:00-12:10,755.6754,725.3738166666668,-30.301583333333156,True
D,2025-11-27,12,72,12:10-12:20,734.5434930555557,676.0426913888889,-58.5008016666668,True
D,2025-11-27,12,73,12:20-12:30,763.6302013888888,688.9640444444444,-74.66615694444442,True
D,2025-11-27,12,74,12:30-12:40,793.8501083333334,734.6014499999998,-59.24865833333365,True
D,2025-11-27,12,75,12:40-12:50,805.5302427777779,740.0546549999999,-65.47558777777795,True
D,2025-11-28,6,71,12:00-12:10,509.9215166666669,549.8024187037133,39.88090203704644,True
D,2025-11-28,6,72,12:10-12:20,471.9806713888888,548.0915274999999,76.11085611111105,True
D,2025-11-28,6,89,15:00-15:10,130.85956777777594,162.73474999999996,31.875182222224026,True
D,2025-11-28,12,71,12:00-12:10,549.8024187037133,0.0,-549.8024187037133,True
D,2025-11-28,12,72,12:10-12:20,548.0915274999999,0.0,-548.0915274999999,True
D,2025-11-28,12,73,12:20-12:30,459.7801419444443,0.0,-459.7801419444443,True
D,2025-11-28,12,74,12:30-12:40,476.261133333333,0.0,-476.261133333333,True
D,2025-11-28,12,75,12:40-12:50,488.61328055555566,0.0,-488.61328055555566,True
D,2025-11-28,12,89,15:00-15:10,162.73474999999996,130.85956777777594,-31.875182222224026,True
D,2025-11-29,6,66,11:10-11:20,757.7008138305864,699.259490277778,-58.4413235528084,True
D,2025-11-29,6,69,11:40-11:50,819.6988666666667,691.4992611111111,-128.19960555555565,True
D,2025-11-29,6,70,11:50-12:00,822.1732616666665,706.3950638888886,-115.7781977777779,True
D,2025-11-29,6,71,12:00-12:10,825.1093333333334,650.3364999999999,-174.77283333333355,True
D,2025-11-29,6,72,12:10-12:20,783.9704294444443,570.8197338888888,-213.15069555555556,True
D,2025-11-29,6,73,12:20-12:30,763.3041955555552,588.7606286111111,-174.54356694444414,True
D,2025-11-29,6,74,12:30-12:40,773.9004166666664,658.1965749999998,-115.70384166666656,True
D,2025-11-29,6,75,12:40-12:50,782.3295527777778,644.056997222222,-138.27255555555587,True
D,2025-11-29,6,76,12:50-13:00,108.3529097222222,30.483416787040937,-77.86949293518126,True
D,2025-11-29,6,89,15:00-15:10,74.56408333333377,0.8387166666668691,-73.7253666666669,True
D,2025-11-29,6,90,15:10-15:20,501.65823545953106,143.6543980277758,-358.00383743175524,True
D,2025-11-29,6,92,15:30-15:40,220.2139333333334,209.79277993827182,-10.421153395061566,True
D,2025-11-29,12,71,12:00-12:10,650.3364999999999,0.0,-650.3364999999999,True
D,2025-11-29,12,72,12:10-12:20,570.8197338888888,0.0,-570.8197338888888,True
D,2025-11-29,12,73,12:20-12:30,588.7606286111111,0.0,-588.7606286111111,True
D,2025-11-29,12,74,12:30-12:40,658.1965749999998,0.0,-658.1965749999998,True
D,2025-11-29,12,75,12:40-12:50,644.056997222222,23.24458540918448,-620.8124118130374,True
D,2025-11-29,12,76,12:50-13:00,30.483416787040937,0.0,-30.483416787040937,True
D,2025-11-29,12,89,15:00-15:10,0.8387166666668691,74.56408333333377,73.7253666666669,True
D,2025-11-29,12,90,15:10-15:20,143.6543980277758,501.6582354595311,358.0038374317553,True
D,2025-11-29,12,92,15:30-15:40,209.79277993827182,220.21393333333336,10.421153395061538,True
D,2025-11-30,6,40,6:50-7:00,311.78894149284406,703.7146530298812,391.92571153703716,True
D,2025-11-30,6,41,7:0-7:10,713.8782333333331,725.5029499999999,11.624716666666814,True
D,2025-11-30,6,44,7:30-7:40,563.4304749999999,1398.3322500000002,834.9017750000003,True
D,2025-11-30,6,45,7:40-7:50,1279.5980874999998,1333.1505049999998,53.55241750000005,True
D,2025-11-30,6,67,11:20-11:30,36.44231611111104,638.7154246655896,602.2731085544785,True
D,2025-11-30,6,71,12:00-12:10,785.3702666666667,777.6807833333332,-7.689483333333442,True
D,2025-11-30,6,72,12:10-12:20,741.6190005555554,725.6662313888886,-15.952769166666826,True
D,2025-11-30,6,89,15:00-15:10,470.0547683209829,820.1960001234556,350.14123180247276,True
D,2025-11-30,6,90,15:10-15:20,1067.002767728396,1135.6385891666669,68.6358214382708,True
D,2025-11-30,6,91,15:20-15:30,376.41072686111085,488.10209611111077,111.69136924999992,True
D,2025-11-30,6,92,15:30-15:40,409.50791666666674,469.9969250000001,60.489008333333345,True
D,2025-11-30,6,93,15:40-15:50,454.76941222222234,492.5290300904864,37.75961786826406,True
D,2025-11-30,12,71,12:00-12:10,777.6807833333332,785.3702666666668,7.6894833333335555,True
D,2025-11-30,12,72,12:10-12:20,725.6662313888886,739.6001022222218,13.93387083333323,True
D,2025-11-30,12,76,12:50-13:00,127.84097361111104,709.7768191666667,581.9358455555556,True
D,2025-11-30,12,89,15:00-15:10,820.1960001234556,1018.2950391399603,198.09903901650466,True
D,2025-11-30,12,90,15:10-15:20,1135.6385891666669,1165.5772558333333,29.93866666666645,True
D,2025-11-30,12,91,15:20-15:30,488.10209611111077,408.7490344444443,-79.35306166666646,True
D,2025-11-30,12,92,15:30-15:40,469.9969250000001,447.10795833333333,-22.88896666666676,True
D,2025-11-30,12,93,15:40-15:50,492.5290300904864,454.7694122222224,-37.759617868264,True
D,2025-12-01,6,71,12:00-12:10,838.3994500000002,780.7306166666667,-57.66883333333351,True
D,2025-12-01,6,72,12:10-12:20,825.6598955555554,733.4562777777778,-92.2036177777776,True
D,2025-12-01,6,73,12:20-12:30,847.997773611111,798.2443622222222,-49.75341138888882,True
D,2025-12-01,6,77,13:00-13:10,305.2898114864436,282.3685458721469,-22.921265614296715,True
D,2025-12-01,12,71,12:00-12:10,780.7306166666667,838.3994500000003,57.66883333333362,True
D,2025-12-01,12,72,12:10-12:20,733.4562777777778,791.5275416666661,58.071263888888325,True
D,2025-12-01,12,73,12:20-12:30,798.2443622222222,847.9977736111111,49.753411388888935,True
D,2025-12-01,12,77,13:00-13:10,282.3685458721469,305.2898114864437,22.92126561429677,True
D,2025-12-02,6,47,8:00-8:10,41.242033333333325,44.68128333333311,3.439249999999788,True
D,2025-12-02,6,68,11:30-11:40,1120.413508333333,1085.4342166666665,-34.97929166666654,True
D,2025-12-02,6,69,11:40-11:50,1124.4066769444444,1103.6818616666665,-20.724815277777907,True
D,2025-12-02,6,70,11:50-12:00,1129.3737963888889,1073.2007541666667,-56.17304222222219,True
D,2025-12-02,6,71,12:00-12:10,1079.5882833333335,961.9586166666666,-117.62966666666694,True
D,2025-12-02,6,72,12:10-12:20,1030.5872269444444,874.6308730555555,-155.95635388888888,True
D,2025-12-02,6,73,12:20-12:30,1026.4851422222218,909.1870919444444,-117.2980502777774,True
D,2025-12-02,6,74,12:30-12:40,1048.2978083333333,1003.20485,-45.092958333333286,True
D,2025-12-02,6,75,12:40-12:50,1064.4453205555556,996.8717155555555,-67.57360500000004,True
D,2025-12-02,6,77,13:00-13:10,404.12896001561234,178.16983333333326,-225.95912668227908,True
D,2025-12-02,6,78,13:10-13:20,256.3323572222224,237.58456277777793,-18.74779444444448,True
D,2025-12-02,6,79,13:20-13:30,350.4475675000001,297.019878888889,-53.42768861111108,True
D,2025-12-02,6,80,13:30-13:40,367.7223416666666,351.58082499999966,-16.141516666666917,True
D,2025-12-02,6,89,15:00-15:10,1338.7009333333333,1317.4150333333334,-21.285899999999856,True
D,2025-12-02,12,71,12:00-12:10,961.9586166666666,973.4600499999998,11.501433333333239,True
D,2025-12-02,12,72,12:10-12:20,874.6308730555555,895.2075730555551,20.57669999999962,True
D,2025-12-02,12,73,12:20-12:30,909.1870919444444,938.8390586111108,29.65196666666634,True
D,2025-12-02,12,74,12:30-12:40,1003.20485,1041.9320833333331,38.727233333333174,True
D,2025-12-02,12,75,12:40-12:50,996.8717155555555,1044.6742155555553,47.80249999999978,True
D,2025-12-02,12,77,13:00-13:10,178.16983333333326,404.12896001561234,225.95912668227908,True
D,2025-12-02,12,78,13:10-13:20,237.58456277777793,256.33235722222236,18.747794444444423,True
D,2025-12-02,12,79,13:20-13:30,297.019878888889,350.44756750000016,53.42768861111114,True
D,2025-12-02,12,80,13:30-13:40,351.58082499999966,367.7223416666666,16.141516666666917,True
D,2025-12-02,12,89,15:00-15:10,1317.4150333333334,1338.7009333333333,21.285899999999856,True
D,2025-12-03,6,35,6:00-6:10,60.356416666666746,60.3824166666667,0.025999999999953616,True
D,2025-12-03,6,36,6:10-6:20,68.58483416666672,68.91679527777774,0.33196111111101345,True
D,2025-12-03,6,37,6:20-6:30,832.2504816666667,873.611016111111,41.36053444444428,True
D,2025-12-03,6,38,6:30-6:40,667.075477326178,862.7925416666666,195.7170643404886,True
D,2025-12-03,6,40,6:50-7:00,861.7256083333333,863.5065724999997,1.780964166666422,True
D,2025-12-03,6,41,7:0-7:10,846.9494999999998,867.2906166666666,20.34111666666672,True
D,2025-12-03,6,42,7:10-7:20,811.0898016666666,813.3292916666668,2.23949000000016,True
D,2025-12-03,6,43,7:20-7:30,775.5880349999998,1085.480844096999,309.89280909699914,True
D,2025-12-03,6,45,7:40-7:50,1446.509925,1460.4277091666665,13.917784166666479,True
D,2025-12-03,6,64,10:50-11:00,20.45836999999983,132.98616083333332,112.52779083333348,True
D,2025-12-03,6,65,11:00-11:10,0.0,842.4464500000001,842.4464500000001,True
D,2025-12-03,6,66,11:10-11:20,792.4447631378661,860.1984955555552,67.7537324176891,True
D,2025-12-03,6,67,11:20-11:30,0.0,834.0035902777778,834.0035902777778,True
D,2025-12-03,6,68,11:30-11:40,662.8739125696773,805.5979666666667,142.72405409698945,True
D,2025-12-03,6,69,11:40-11:50,821.5558852777779,827.7471922222223,6.191306944444477,True
D,2025-12-03,6,70,11:50-12:00,803.778621388889,834.0143227777776,30.23570138888863,True
D,2025-12-03,6,71,12:00-12:10,764.5151666666668,826.5693833333333,62.05421666666655,True
D,2025-12-03,6,72,12:10-12:20,739.8105669444448,866.4061925000002,126.59562555555544,True
D,2025-12-03,6,73,12:20-12:30,752.2743080555556,882.4048613888891,130.13055333333352,True
D,2025-12-03,6,74,12:30-12:40,779.4371833333331,858.1264833333333,78.68930000000023,True
D,2025-12-03,6,75,12:40-12:50,779.8125211111112,876.8823094444444,97.06978833333324,True
D,2025-12-03,6,76,12:50-13:00,117.81883972222226,217.87586744621723,100.05702772399496,True
D,2025-12-03,6,89,15:00-15:10,1183.0682000000004,1248.55415,65.48594999999955,True
D,2025-12-03,6,90,15:10-15:20,1252.7607083333332,1281.4445866666667,28.683878333333496,True
D,2025-12-03,6,91,15:20-15:30,1305.7393483333335,1336.5961866666667,30.856838333333144,True
D,2025-12-03,6,92,15:30-15:40,1000.6170480761283,1227.5662950617298,226.94924698560146,True
D,2025-12-03,6,93,15:40-15:50,688.2418997222222,714.6105775,26.368677777777748,True
D,2025-12-03,12,71,12:00-12:10,826.5693833333333,875.3744833333335,48.80510000000015,True
D,2025-12-03,12,72,12:10-12:20,866.4061925000002,881.7537355555559,15.347543055555661,True
D,2025-12-03,12,73,12:20-12:30,882.4048613888891,905.7037808333333,23.29891944444421,True
D,2025-12-03,12,74,12:30-12:40,858.1264833333333,943.5166416666667,85.39015833333337,True
D,2025-12-03,12,75,12:40-12:50,876.8823094444444,918.2285322222224,41.34622277777794,True
D,2025-12-03,12,76,12:50-13:00,217.87586744621723,945.7894102777777,727.9135428315606,True
D,2025-12-03,12,77,13:00-13:10,0.0,156.15688333333355,156.15688333333355,True
D,2025-12-03,12,89,15:00-15:10,1248.55415,1328.7768833333334,80.22273333333351,True
D,2025-12-03,12,90,15:10-15:20,1281.4445866666667,1358.3957450000003,76.95115833333352,True
D,2025-12-03,12,91,15:20-15:30,1336.5961866666667,1373.64369,37.04750333333345,True
D,2025-12-03,12,92,15:30-15:40,1227.5662950617298,1406.4098249999997,178.84352993826997,True
D,2025-12-03,12,93,15:40-15:50,714.6105775,1231.04690554808,516.4363280480801,True
D,2025-12-03,12,94,15:50-16:00,726.9168099999999,756.710107222222,29.79329722222201,True
D,2025-12-03,12,95,16:00-16:10,775.1783999999996,798.945183333333,23.76678333333348,True
D,2025-12-04,6,35,6:00-6:10,29.72966666666673,29.733683333333374,0.004016666666643687,True
D,2025-12-04,6,38,6:30-6:40,500.4645687706191,861.6584083333333,361.19383956271423,True
D,2025-12-04,6,39,6:40-6:50,840.5852272222222,897.6977327777777,57.11250555555546,True
D,2025-12-04,6,40,6:50-7:00,839.7453452777776,875.892703611111,36.147358333333386,True
D,2025-12-04,6,41,7:0-7:10,825.9905833333332,845.6652333333332,19.67464999999993,True
D,2025-12-04,6,42,7:10-7:20,797.7804200000002,1501.032793942667,703.2523739426668,True
D,2025-12-04,6,43,7:20-7:30,770.3076441666666,1579.1310866666668,808.8234425000002,True
D,2025-12-04,6,44,7:30-7:40,1522.5131249999997,1534.2336333333333,11.720508333333555,True
D,2025-12-04,6,46,7:50-8:00,676.6774294444444,692.4906961111111,15.813266666666664,True
D,2025-12-04,6,72,12:10-12:20,955.1071977777777,939.3200533333332,-15.787144444444493,True
D,2025-12-04,6,73,12:20-12:30,975.843703888889,936.9004316666666,-38.94327222222239,True
D,2025-12-04,6,74,12:30-12:40,1006.7621833333332,954.6424583333335,-52.119724999999676,True
D,2025-12-04,6,75,12:40-12:50,940.0684019444445,935.0013216666667,-5.067080277777791,True
D,2025-12-04,6,77,13:00-13:10,345.5788,174.7630333333334,-170.8157666666666,True
D,2025-12-04,6,78,13:10-13:20,239.95288027777758,142.8267630555555,-97.12611722222209,True
D,2025-12-04,6,79,13:20-13:30,313.51733888888884,247.99962722222222,-65.51771166666663,True
D,2025-12-04,6,80,13:30-13:40,396.896875,180.03639999999973,-216.8604750000003,True
D,2025-12-04,6,81,13:40-13:50,417.9509844444442,193.92844138888915,-224.02254305555505,True
D,2025-12-04,6,89,15:00-15:10,1489.0358668724307,1427.8614499999999,-61.17441687243081,True
D,2025-12-04,6,90,15:10-15:20,1671.7505425,1482.956545038814,-188.79399746118588,True
D,2025-12-04,6,91,15:20-15:30,1540.3060380555553,1509.4960769444442,-30.80996111111108,True
D,2025-12-04,6,92,15:30-15:40,1544.9450500000003,1516.4972583333335,-28.447791666666717,True
D,2025-12-04,6,93,15:40-15:50,1564.988223611111,1538.9026013888888,-26.085622222222128,True
D,2025-12-04,6,94,15:50-16:00,1601.4539847222222,1040.450639907409,-561.0033448148133,True
D,2025-12-04,6,95,16:00-16:10,960.7826666666665,880.0381166666667,-80.74454999999978,True
D,2025-12-04,6,96,16:10-16:20,976.4673152777776,947.9340894444445,-28.533225833333177,True
D,2025-12-04,12,71,12:00-12:10,901.3661125308568,900.3930333333333,-0.9730791975234752,True
D,2025-12-04,12,72,12:10-12:20,939.3200533333332,857.2849199999999,-82.0351333333333,True
D,2025-12-04,12,73,12:20-12:30,936.9004316666666,870.7780150000001,-66.12241666666648,True
D,2025-12-04,12,74,12:30-12:40,954.6424583333335,904.4327583333336,-50.209699999999884,True
D,2025-12-04,12,75,12:40-12:50,935.0013216666667,900.7043383333336,-34.29698333333317,True
D,2025-12-04,12,77,13:00-13:10,174.7630333333334,345.5788,170.8157666666666,True
D,2025-12-04,12,78,13:10-13:20,142.8267630555555,239.95288027777755,97.12611722222206,True
D,2025-12-04,12,79,13:20-13:30,247.99962722222222,313.51733888888884,65.51771166666663,True
D,2025-12-04,12,80,13:30-13:40,180.03639999999973,396.8968750000001,216.86047500000035,True
D,2025-12-04,12,81,13:40-13:50,193.92844138888915,417.95098444444415,224.022543055555,True
D,2025-12-04,12,89,15:00-15:10,1427.8614499999999,1459.069,31.207550000000083,True
D,2025-12-04,12,90,15:10-15:20,1482.956545038814,1537.6796841666662,54.723139127852164,True
D,2025-12-04,12,91,15:20-15:30,1509.4960769444442,1540.3060380555555,30.809961111111306,True
D,2025-12-04,12,92,15:30-15:40,1516.4972583333335,1544.94505,28.44779166666649,True
D,2025-12-04,12,93,15:40-15:50,1538.9026013888888,1564.9882236111112,26.085622222222355,True
D,2025-12-04,12,94,15:50-16:00,1040.450639907409,1601.4539847222225,561.0033448148135,True
D,2025-12-04,12,95,16:00-16:10,880.0381166666667,960.7826666666664,80.74454999999966,True
D,2025-12-04,12,96,16:10-16:20,947.9340894444445,976.4673152777775,28.533225833333063,True
D,2025-12-05,12,71,12:00-12:10,635.9076333333335,0.0,-635.9076333333335,True
D,2025-12-05,12,72,12:10-12:20,649.4301675000004,0.0,-649.4301675000004,True
D,2025-12-05,12,73,12:20-12:30,691.5415574999998,0.0,-691.5415574999998,True
D,2025-12-05,12,74,12:30-12:40,726.8561083333334,0.0,-726.8561083333334,True
D,2025-12-05,12,75,12:40-12:50,662.3945458333335,0.0,-662.3945458333335,True
D,2025-12-05,12,76,12:50-13:00,37.5513055555557,0.0,-37.5513055555557,True
D,2025-12-05,18,107,18:00-18:10,558.6150833333334,558.3856000000003,-0.22948333333306437,True
D,2025-12-06,6,65,11:00-11:10,794.5854666666665,690.8705575388163,-103.7149091278502,True
D,2025-12-06,6,73,12:20-12:30,703.6920211111108,673.8419433333333,-29.850077777777415,True
D,2025-12-06,6,74,12:30-12:40,743.3192,682.973775,-60.34542499999998,True
D,2025-12-06,6,75,12:40-12:50,724.4987030555556,633.6579308333332,-90.84077222222231,True
D,2025-12-06,6,76,12:50-13:00,360.6208011807888,0.0,-360.6208011807888,True
D,2025-12-06,6,89,15:00-15:10,300.1396,268.9321101851867,-31.2074898148133,True
D,2025-12-06,6,91,15:20-15:30,337.4549827777776,297.94425333333317,-39.51072944444445,True
D,2025-12-06,6,92,15:30-15:40,352.46556666666663,327.0005,-25.465066666666644,True
D,2025-12-06,12,71,12:00-12:10,748.5983666666666,0.0,-748.5983666666666,True
D,2025-12-06,12,72,12:10-12:20,694.7198905555555,17.116182631410226,-677.6037079241453,True
D,2025-12-06,12,73,12:20-12:30,673.8419433333333,0.0,-673.8419433333333,True
D,2025-12-06,12,74,12:30-12:40,682.973775,0.0,-682.973775,True
D,2025-12-06,12,75,12:40-12:50,633.6579308333332,634.3945141666668,0.7365833333335559,True
D,2025-12-06,12,89,15:00-15:10,268.9321101851867,300.1396,31.2074898148133,True
D,2025-12-06,12,91,15:20-15:30,297.94425333333317,337.4549827777777,39.51072944444451,True
D,2025-12-06,12,92,15:30-15:40,327.0005,352.4655666666666,25.465066666666587,True
D,2025-12-06,18,107,18:00-18:10,349.1459166666666,349.0864333333333,-0.059483333333332666,True
D,2025-12-06,18,109,18:20-18:30,455.0579391666668,358.9134861111111,-96.14445305555569,True
D,2025-12-06,18,111,18:40-18:50,157.4557848261795,90.71424010395697,-66.74154472222253,True
D,2025-12-06,18,124,20:50-21:00,488.30076583333323,445.27863333333335,-43.022132499999884,True
D,2025-12-07,6,39,6:40-6:50,700.2434003817305,739.7342211595059,39.49082077777541,True
D,2025-12-07,6,40,6:50-7:00,802.2146947222224,802.4069725000002,0.19227777777780375,True
D,2025-12-07,6,41,7:0-7:10,822.4917,822.7224333333334,0.23073333333331902,True
D,2025-12-07,6,42,7:10-7:20,755.8353119444442,760.0494341666665,4.214122222222272,True
D,2025-12-07,6,43,7:20-7:30,708.0898572222221,716.2873683333332,8.197511111111112,True
D,2025-12-07,6,45,7:40-7:50,1436.6738602777777,1448.3305997222224,11.65673944444461,True
D,2025-12-07,6,46,7:50-8:00,603.9626005555555,624.1102783333332,20.147677777777744,True
D,2025-12-07,6,64,10:50-11:00,307.9550044444446,137.91932805555564,-170.035676388889,True
D,2025-12-07,6,65,11:00-11:10,1156.5481333333332,941.1429333333333,-215.40519999999992,True
D,2025-12-07,6,66,11:10-11:20,1109.6103077777782,894.1793066666667,-215.43100111111153,True
D,2025-12-07,6,67,11:20-11:30,1120.7547816666668,882.1392983333335,-238.61548333333326,True
D,2025-12-07,6,68,11:30-11:40,1135.488933333333,901.3884999999997,-234.1004333333334,True
D,2025-12-07,6,69,11:40-11:50,1101.3785074999998,871.7931241666665,-229.5853833333333,True
D,2025-12-07,6,70,11:50-12:00,1031.4613191666667,806.3909858333333,-225.07033333333345,True
D,2025-12-07,6,71,12:00-12:10,959.6340166666665,739.0787333333333,-220.55528333333325,True
D,2025-12-07,6,72,12:10-12:20,915.3256305555556,694.8304277777779,-220.49520277777765,True
D,2025-12-07,6,73,12:20-12:30,936.6797627777776,716.2446405555554,-220.43512222222216,True
D,2025-12-07,6,74,12:30-12:40,988.4248083333333,768.0497666666666,-220.37504166666668,True
D,2025-12-07,6,75,12:40-12:50,987.8363730555554,767.5214119444445,-220.31496111111096,True
D,2025-12-07,6,76,12:50-13:00,1018.5582286111113,798.3033480555557,-220.2548805555556,True
D,2025-12-07,6,77,13:00-13:10,250.11609999999985,0.0,-250.11609999999985,True
D,2025-12-07,6,79,13:20-13:30,166.82390873493173,0.0,-166.82390873493173,True
D,2025-12-07,6,89,15:00-15:10,1438.5307999999995,1282.7829499999998,-155.74784999999974,True
D,2025-12-07,6,90,15:10-15:20,1410.1514255555553,1365.0659188888885,-45.08550666666679,True
D,2025-12-07,6,91,15:20-15:30,1437.836546111111,1398.3480477777775,-39.48849833333338,True
D,2025-12-07,6,92,15:30-15:40,1472.5038333333332,1116.6525449462222,-355.851288387111,True
D,2025-12-07,6,93,15:40-15:50,1450.241525,649.6475113888891,-800.5940136111108,True
D,2025-12-07,12,71,12:00-12:10,739.0787333333333,789.2985666666666,50.21983333333333,True
D,2025-12-07,12,72,12:10-12:20,694.8304277777779,745.2401638888887,50.40973611111076,True
D,2025-12-07,12,73,12:20-12:30,716.2446405555554,766.8442794444443,50.599638888888876,True
D,2025-12-07,12,74,12:30-12:40,768.0497666666666,818.8393083333335,50.78954166666688,True
D,2025-12-07,12,75,12:40-12:50,767.5214119444445,818.5008563888889,50.979444444444425,True
D,2025-12-07,12,76,12:50-13:00,798.3033480555557,849.4726952777777,51.16934722222197,True
D,2025-12-07,12,77,13:00-13:10,0.0,250.1160999999999,250.1160999999999,True
D,2025-12-07,12,79,13:20-13:30,0.0,166.82390873493176,166.82390873493176,True
D,2025-12-07,12,89,15:00-15:10,1282.7829499999998,1343.7918666666665,61.008916666666664,True
D,2025-12-07,12,90,15:10-15:20,1365.0659188888885,1410.1514255555555,45.085506666667015,True
D,2025-12-07,12,91,15:20-15:30,1398.3480477777775,1437.8365461111111,39.48849833333361,True
D,2025-12-07,12,92,15:30-15:40,1116.6525449462222,1472.5038333333332,355.851288387111,True
D,2025-12-07,12,93,15:40-15:50,649.6475113888891,1450.2415250000001,800.594013611111,True
D,2025-12-08,6,65,11:00-11:10,1392.1823,1329.6734833333333,-62.50881666666669,True
D,2025-12-08,6,66,11:10-11:20,1349.5852227777782,1310.91263,-38.67259277777816,True
D,2025-12-08,6,67,11:20-11:30,1348.0248008333335,1310.0297508333333,-37.99505000000022,True
D,2025-12-08,6,68,11:30-11:40,1345.210875,1335.5929,-9.617974999999888,True
D,2025-12-08,6,89,15:00-15:10,1545.9197666666664,1538.2985999999996,-7.621166666666795,True
D,2025-12-08,12,71,12:00-12:10,1159.8198166666668,162.9894983219728,-996.830318344694,True
D,2025-12-08,12,72,12:10-12:20,1100.9816361111111,920.0320027777777,-180.9496333333334,True
D,2025-12-08,12,73,12:20-12:30,1129.547813888889,133.47641388888906,-996.0714,True
D,2025-12-08,12,74,12:30-12:40,1181.7045750000002,203.84474166666678,-977.8598333333334,True
D,2025-12-08,12,75,12:40-12:50,1155.5168352777778,1029.2019019444447,-126.3149333333331,True
D,2025-12-08,12,76,12:50-13:00,1182.3267522222222,240.89005222222204,-941.4367000000002,True
D,2025-12-08,12,77,13:00-13:10,427.08550000000014,367.74003333333326,-59.34546666666688,True
D,2025-12-08,12,89,15:00-15:10,1538.2985999999996,1528.3503666666666,-9.948233333333064,True
D,2025-12-08,18,107,18:00-18:10,692.3086666666668,692.2327666666667,-0.07590000000004693,True
D,2025-12-08,18,112,18:50-19:00,652.9059683333334,652.7162183333342,-0.18974999999920783,True
D,2025-12-09,6,44,7:30-7:40,1690.4679583333332,1688.2670416666667,-2.200916666666444,True
D,2025-12-09,6,64,10:50-11:00,463.405434722222,453.3350430943674,-10.070391627854633,True
D,2025-12-09,6,65,11:00-11:10,1313.429333333333,1147.6115,-165.81783333333306,True
D,2025-12-09,6,66,11:10-11:20,1294.0698511111111,1139.3845277777775,-154.6853233333336,True
D,2025-12-09,6,67,11:20-11:30,1301.1634175,1134.4519230555554,-166.7114944444445,True
D,2025-12-09,6,68,11:30-11:40,1298.5079416666665,1147.4698083333333,-151.03813333333323,True
D,2025-12-09,6,69,11:40-11:50,1282.0406583333329,1146.675886111111,-135.36477222222197,True
D,2025-12-09,6,70,11:50-12:00,1216.6576641666666,1096.9662530555554,-119.69141111111117,True
D,2025-12-09,6,71,12:00-12:10,1136.6551666666664,1032.6371166666665,-104.0180499999999,True
D,2025-12-09,6,72,12:10-12:20,1099.942392777778,984.9924233333335,-114.94996944444449,True
D,2025-12-09,6,73,12:20-12:30,1118.4111313888886,992.5292425,-125.88188888888862,True
D,2025-12-09,6,74,12:30-12:40,1137.8803500000001,1001.0665416666667,-136.81380833333344,True
D,2025-12-09,6,75,12:40-12:50,1118.3459702777777,970.6002425000003,-147.74572777777746,True
D,2025-12-09,6,76,12:50-13:00,1120.6934122222224,962.0157650000003,-158.67764722222205,True
D,2025-12-09,6,77,13:00-13:10,314.34944999999993,175.28621666666663,-139.0632333333333,True
D,2025-12-09,12,71,12:00-12:10,1032.6371166666665,660.0812562461205,-372.5558604205461,True
D,2025-12-09,12,72,12:10-12:20,984.9924233333335,899.9842816666668,-85.00814166666669,True
D,2025-12-09,12,73,12:20-12:30,992.5292425,99.21339250000005,-893.31585,True
D,2025-12-09,12,74,12:30-12:40,1001.0665416666667,132.77631666666707,-868.2902249999996,True
D,2025-12-09,12,75,12:40-12:50,970.6002425000003,960.6689758333335,-9.931266666666716,True
D,2025-12-09,12,76,12:50-13:00,962.0157650000003,143.77679000000012,-818.2389750000002,True
D,2025-12-09,12,77,13:00-13:10,175.28621666666663,215.4061999999999,40.119983333333266,True
D,2025-12-10,6,37,6:20-6:30,896.6927311111111,896.7369977777778,0.04426666666665824,True
D,2025-12-10,6,38,6:30-6:40,779.4605328817332,974.1125000000001,194.65196711826684,True
D,2025-12-10,6,39,6:40-6:50,960.6347888888886,960.7233222222219,0.08853333333331648,True
D,2025-12-10,6,40,6:50-7:00,934.9183194444445,935.0289861111112,0.11066666666670244,True
D,2025-12-10,6,41,7:0-7:10,922.2981166666666,922.4309166666666,0.13279999999997472,True
D,2025-12-10,6,42,7:10-7:20,858.655811111111,861.4403249999999,2.7845138888889096,True
D,2025-12-10,6,43,7:20-7:30,861.6381997222221,978.2985355864204,116.66033586419826,True
D,2025-12-10,6,45,7:40-7:50,1555.4481186111107,1561.6802247222222,6.232106111111534,True
D,2025-12-10,6,46,7:50-8:00,754.8095538888888,768.2009233333332,13.391369444444422,True
D,2025-12-10,6,57,9:40-9:50,0.0,18.079724826176687,18.079724826176687,True
D,2025-12-10,6,89,15:00-15:10,1599.8827499999998,1540.2234166666665,-59.65933333333328,True
D,2025-12-10,6,92,15:30-15:40,1644.9232333333334,1629.3711583333334,-15.552075000000059,True
D,2025-12-10,12,76,12:50-13:00,1092.2809105555557,828.9692987733835,-263.31161178217224,True
D,2025-12-10,12,89,15:00-15:10,1540.2234166666665,1548.8472666666667,8.623850000000175,True
D,2025-12-10,12,92,15:30-15:40,1629.3711583333334,1644.923233333333,15.552074999999604,True
D,2025-12-11,6,67,11:20-11:30,1246.4730925000003,1223.9786258333336,-22.494466666666767,True
D,2025-12-11,6,68,11:30-11:40,1279.5906333333332,1253.5428583333332,-26.047775,True
D,2025-12-11,6,69,11:40-11:50,1279.3661066666664,1249.7650233333331,-29.601083333333236,True
D,2025-12-11,6,70,11:50-12:00,1240.2372624999998,1207.082870833333,-33.154391666666925,True
D,2025-12-11,6,71,12:00-12:10,1193.2751833333332,1156.5674833333333,-36.70769999999993,True
D,2025-12-11,6,72,12:10-12:20,1131.2234711111112,1065.4127377777777,-65.81073333333347,True
D,2025-12-11,6,73,12:20-12:30,1155.8239038888887,1060.9101372222224,-94.91376666666633,True
D,2025-12-11,6,74,12:30-12:40,1201.5165083333331,1077.4997083333333,-124.01679999999988,True
D,2025-12-11,6,75,12:40-12:50,1162.0488944444442,1008.9290611111111,-153.11983333333308,True
D,2025-12-11,6,76,12:50-13:00,1159.595713888889,977.3728472222225,-182.2228666666664,True
D,2025-12-11,6,77,13:00-13:10,373.8297499999999,193.05018333333328,-180.7795666666666,True
D,2025-12-11,6,79,13:20-13:30,402.91011472222215,122.04061570160056,-280.86949902062156,True
D,2025-12-11,6,80,13:30-13:40,375.37615000000017,0.0,-375.37615000000017,True
D,2025-12-11,6,81,13:40-13:50,422.70082808616706,0.0,-422.70082808616706,True
D,2025-12-11,6,89,15:00-15:10,1535.0779833333331,1401.874,-133.2039833333331,True
D,2025-12-11,6,90,15:10-15:20,1504.9847344444443,1471.4363694444442,-33.5483650000001,True
D,2025-12-11,6,91,15:20-15:30,1537.1954280555556,1498.237346388889,-38.95808166666666,True
D,2025-12-11,6,92,15:30-15:40,1584.20185,1519.1818583333334,-65.01999166666656,True
D,2025-12-11,6,94,15:50-16:00,831.7772155555557,825.2997463888888,-6.477469166666879,True
D,2025-12-11,12,71,12:00-12:10,1156.5674833333333,1005.6336833333335,-150.9337999999998,True
D,2025-12-11,12,72,12:10-12:20,1065.4127377777777,940.7281655555554,-124.6845722222223,True
D,2025-12-11,12,73,12:20-12:30,1060.9101372222224,129.14145944444465,-931.7686777777777,True
D,2025-12-11,12,74,12:30-12:40,1077.4997083333333,884.6883377857266,-192.81137054760666,True
D,2025-12-11,12,75,12:40-12:50,1008.9290611111111,962.9921722222222,-45.936888888888916,True
D,2025-12-11,12,76,12:50-13:00,977.3728472222225,124.35185277777771,-853.0209944444448,True
D,2025-12-11,12,77,13:00-13:10,193.05018333333328,199.61175000000003,6.561566666666749,True
D,2025-12-11,12,79,13:20-13:30,122.04061570160056,277.43574611111114,155.39513040951059,True
D,2025-12-11,12,80,13:30-13:40,0.0,273.0318500000001,273.0318500000001,True
D,2025-12-11,12,81,13:40-13:50,0.0,49.62986880555417,49.62986880555417,True
D,2025-12-11,12,89,15:00-15:10,1401.874,1443.0145833333336,41.14058333333355,True
D,2025-12-11,12,90,15:10-15:20,1471.4363694444442,1504.9847344444445,33.54836500000033,True
D,2025-12-11,12,91,15:20-15:30,1498.237346388889,1537.1954280555556,38.95808166666666,True
D,2025-12-11,12,92,15:30-15:40,1519.1818583333334,1573.1788999999999,53.99704166666652,True
D,2025-12-11,12,94,15:50-16:00,825.2997463888888,831.7772155555557,6.477469166666879,True
D,2025-12-12,6,76,12:50-13:00,1005.0226702777779,1002.8800091666669,-2.1426611111110105,True
D,2025-12-12,12,71,12:00-12:10,949.1037833333332,29.337448166667052,-919.7663351666662,True
D,2025-12-12,12,72,12:10-12:20,900.152473888889,0.0,-900.152473888889,True
D,2025-12-12,12,73,12:20-12:30,918.4256444444444,13.019633333333331,-905.4060111111111,True
D,2025-12-12,12,74,12:30-12:40,976.0593,73.97471666666706,-902.084583333333,True
D,2025-12-12,12,75,12:40-12:50,988.6446188888888,89.88146333333361,-898.7631555555552,True
D,2025-12-12,12,76,12:50-13:00,1002.8800091666669,109.5809425000001,-893.2990666666668,True
D,2025-12-12,18,107,18:00-18:10,547.4624166666666,483.11660000000006,-64.34581666666656,True
D,2025-12-12,18,109,18:20-18:30,549.924405,549.7447000617249,-0.17970493827510836,True
D,2025-12-12,18,111,18:40-18:50,526.3090750000001,526.2953527777778,-0.013722222222327218,True
D,2025-12-12,18,112,18:50-19:00,260.7958937150674,120.39236087556378,-140.4035328395036,True
D,2025-12-13,6,65,11:00-11:10,907.1845333333333,823.3499333333333,-83.83460000000002,True
D,2025-12-13,6,66,11:10-11:20,850.515480555556,779.6988933333334,-70.81658722222255,True
D,2025-12-13,6,67,11:20-11:30,859.6997197222222,778.7424641666664,-80.95725555555578,True
D,2025-12-13,6,68,11:30-11:40,877.0268499999999,813.6284583333331,-63.398391666666726,True
D,2025-12-13,6,69,11:40-11:50,834.6875461111108,788.8480183333331,-45.839527777777676,True
D,2025-12-13,6,70,11:50-12:00,791.3563638888887,763.0756999999996,-28.28066388888908,True
D,2025-12-13,6,71,12:00-12:10,758.2011166666665,747.4793166666664,-10.721800000000144,True
D,2025-12-13,6,72,12:10-12:20,695.3885922222222,684.0555922222223,-11.332999999999856,True
D,2025-12-13,6,73,12:20-12:30,706.7514769444442,694.8072769444442,-11.944200000000023,True
D,2025-12-13,6,74,12:30-12:40,771.3667333333336,758.8113333333334,-12.55540000000019,True
D,2025-12-13,6,75,12:40-12:50,755.0247072222222,741.8581072222224,-13.16659999999979,True
D,2025-12-13,6,76,12:50-13:00,770.6554019444446,756.8776019444446,-13.77780000000007,True
D,2025-12-13,12,71,12:00-12:10,747.4793166666664,0.0,-747.4793166666664,True
D,2025-12-13,12,72,12:10-12:20,684.0555922222223,0.0,-684.0555922222223,True
D,2025-12-13,12,73,12:20-12:30,694.8072769444442,0.0,-694.8072769444442,True
D,2025-12-13,12,74,12:30-12:40,758.8113333333334,0.0,-758.8113333333334,True
D,2025-12-13,12,75,12:40-12:50,741.8581072222224,5.221812693137153,-736.6362945290853,True
D,2025-12-13,12,76,12:50-13:00,756.8776019444446,0.0,-756.8776019444446,True
D,2025-12-13,18,107,18:00-18:10,370.4795833333334,370.3984166666667,-0.08116666666666106,True
D,2025-12-13,18,109,18:20-18:30,447.4413108333334,369.8230663888889,-77.61824444444449,True
D,2025-12-13,18,111,18:40-18:50,278.4564351039546,144.3443631595099,-134.11207194444472,True
D,2025-12-13,18,124,20:50-21:00,483.95714250000003,444.05086833333337,-39.90627416666666,True
D,2025-12-14,6,39,6:40-6:50,220.8202439928432,347.74478546506845,126.92454147222526,True
D,2025-12-14,6,42,7:10-7:20,785.634602222222,787.3457605555553,1.7111583333332874,True
D,2025-12-14,6,46,7:50-8:00,662.777966111111,678.1331261111112,15.355160000000183,True
D,2025-12-14,6,64,10:50-11:00,115.29375027777769,123.4030780555554,8.109327777777708,True
D,2025-12-14,6,89,15:00-15:10,1368.800883333333,1336.9442333333332,-31.856649999999945,True
D,2025-12-14,12,89,15:00-15:10,1336.9442333333332,1368.800883333333,31.856649999999945,True
D,2025-12-15,6,36,6:10-6:20,107.6151041666667,107.61693472222225,0.0018305555555571118,True
D,2025-12-15,6,46,7:50-8:00,802.3025747222221,819.1677347222222,16.865160000000174,True
D,2025-12-15,6,49,8:20-8:30,0.8257391666667218,7.81793361111113,6.992194444444408,True
D,2025-12-15,6,57,9:40-9:50,496.5381358333334,559.1602261111113,62.62209027777794,True
D,2025-12-15,6,58,9:50-10:00,0.0,231.778892603957,231.778892603957,True
D,2025-12-15,6,62,10:30-10:40,159.54661871506613,350.7171666666668,191.17054795160067,True
D,2025-12-15,6,64,10:50-11:00,252.45571833333338,285.2103655555554,32.75464722222205,True
D,2025-12-15,12,76,12:50-13:00,993.9473966666667,914.9941999462179,-78.95319672044877,True
D,2025-12-16,6,44,7:30-7:40,1708.4036250000001,1707.0217416666667,-1.3818833333334624,True
D,2025-12-16,6,74,12:30-12:40,1090.9271333333336,1081.5344083333337,-9.392724999999928,True
D,2025-12-16,6,75,12:40-12:50,1091.6398777777777,1059.424338888889,-32.21553888888866,True
D,2025-12-16,6,76,12:50-13:00,1112.0513188888895,1057.0129661111114,-55.03835277777807,True
D,2025-12-16,6,77,13:00-13:10,352.6721000000002,283.22096666666664,-69.45113333333359,True
D,2025-12-16,6,79,13:20-13:30,408.9602022222223,351.4896836111112,-57.47051861111106,True
D,2025-12-16,6,80,13:30-13:40,384.1119666666666,317.3382916666667,-66.77367499999991,True
D,2025-12-16,6,81,13:40-13:50,279.3160096972213,206.45736167382026,-72.85864802340106,True
D,2025-12-16,6,89,15:00-15:10,1609.9668666666666,1465.1940999999997,-144.77276666666694,True
D,2025-12-16,6,90,15:10-15:20,1595.5324886111111,1512.393673611111,-83.13881500000025,True
D,2025-12-16,6,91,15:20-15:30,1553.9731505555555,1535.9956355555555,-17.97751500000004,True
D,2025-12-16,12,73,12:20-12:30,1027.4914255555552,353.32203034745396,-674.1693952081013,True
D,2025-12-16,12,74,12:30-12:40,1081.5344083333337,1084.9286833333335,3.3942749999998796,True
D,2025-12-16,12,75,12:40-12:50,1059.424338888889,1077.6057500000002,18.181411111111174,True
D,2025-12-16,12,76,12:50-13:00,1057.0129661111114,256.64818,-800.3647861111114,True
D,2025-12-16,12,77,13:00-13:10,283.22096666666664,330.97664999999995,47.75568333333331,True
D,2025-12-16,12,79,13:20-13:30,351.4896836111112,408.96020222222234,57.47051861111112,True
D,2025-12-16,12,80,13:30-13:40,317.3382916666667,384.11196666666666,66.77367499999997,True
D,2025-12-16,12,81,13:40-13:50,206.45736167382026,279.31600969722126,72.858648023401,True
D,2025-12-16,12,89,15:00-15:10,1465.1940999999997,1460.0399833333333,-5.1541166666663685,True
D,2025-12-16,12,90,15:10-15:20,1512.393673611111,1514.4155430555554,2.021869444444519,True
D,2025-12-16,12,91,15:20-15:30,1535.9956355555555,1545.1934911111111,9.197855555555634,True
D,2025-12-17,6,44,7:30-7:40,1634.4342583333332,1603.0844833333333,-31.34977499999991,True
D,2025-12-17,6,45,7:40-7:50,1588.363692222222,1586.975874166667,-1.3878180555550443,True
D,2025-12-17,6,58,9:50-10:00,591.1116619444443,512.1952913888888,-78.91637055555555,True
D,2025-12-17,6,61,10:20-10:30,505.46041638888914,421.6409880555557,-83.81942833333346,True
D,2025-12-17,6,62,10:30-10:40,507.5736000000003,398.77166324074057,-108.80193675925972,True
D,2025-12-17,6,64,10:50-11:00,572.7140613888889,464.72940287523534,-107.98465851365359,True
D,2025-12-17,6,65,11:00-11:10,1342.4560166666668,1167.6297333333332,-174.82628333333355,True
D,2025-12-17,6,66,11:10-11:20,1337.101635277778,1184.3073630555555,-152.79427222222262,True
D,2025-12-17,6,67,11:20-11:30,1314.3650622222222,1183.602801111111,-130.76226111111123,True
D,2025-12-17,6,68,11:30-11:40,1276.8917333333334,1168.161483333333,-108.7302500000003,True
D,2025-12-17,6,69,11:40-11:50,1258.5883561111114,1171.8901172222222,-86.69823888888914,True
D,2025-12-17,6,70,11:50-12:00,1188.6377655555552,1123.971537777778,-64.6662277777773,True
D,2025-12-17,6,71,12:00-12:10,1101.3829500000002,1058.7487333333333,-42.634216666666816,True
D,2025-12-17,6,72,12:10-12:20,1131.998590277778,1085.4860069444449,-46.51258333333317,True
D,2025-12-17,6,73,12:20-12:30,1140.4106497222222,1090.019699722222,-50.3909500000002,True
D,2025-12-17,6,74,12:30-12:40,1110.2833416666665,1056.014025,-54.269316666666555,True
D,2025-12-17,6,75,12:40-12:50,1142.0584336111106,1083.9107502777774,-58.147683333333134,True
D,2025-12-17,6,76,12:50-13:00,1186.5171572222223,1124.4911072222224,-62.02604999999994,True
D,2025-12-17,6,77,13:00-13:10,381.4584000000001,315.5539833333336,-65.90441666666652,True
D,2025-12-17,6,79,13:20-13:30,402.22855555555566,319.8934200000001,-82.33513555555555,True
D,2025-12-17,6,89,15:00-15:10,1507.4588833333332,1406.5067499999996,-100.95213333333368,True
D,2025-12-17,6,90,15:10-15:20,1520.3798422222221,1429.209814722222,-91.17002750000006,True
D,2025-12-17,6,91,15:20-15:30,1540.0499394444446,1482.1041311111112,-57.94580833333339,True
D,2025-12-17,12,71,12:00-12:10,1058.7487333333333,1065.5847255277758,6.835992194442497,True
D,2025-12-17,12,72,12:10-12:20,1085.4860069444449,1099.7001319444446,14.21412499999974,True
D,2025-12-17,12,73,12:20-12:30,1090.019699722222,270.92446638888873,-819.0952333333332,True
D,2025-12-17,12,74,12:30-12:40,1056.014025,236.94276666666667,-819.0712583333333,True
D,2025-12-17,12,75,12:40-12:50,1083.9107502777774,1098.1968002777774,14.286049999999932,True
D,2025-12-17,12,76,12:50-13:00,1124.4911072222224,305.46779888888875,-819.0233083333336,True
D,2025-12-17,12,77,13:00-13:10,315.5539833333336,329.8879833333334,14.333999999999833,True
D,2025-12-17,12,79,13:20-13:30,319.8934200000001,402.2285555555557,82.33513555555561,True
D,2025-12-17,12,89,15:00-15:10,1406.5067499999996,1498.6068166666664,92.10006666666686,True
D,2025-12-17,12,90,15:10-15:20,1429.209814722222,1508.6027647222222,79.39295000000016,True
D,2025-12-17,12,91,15:20-15:30,1482.1041311111112,1540.0499394444448,57.945808333333616,True
D,2025-12-17,18,108,18:10-18:20,677.8466288333336,677.8212399444168,-0.02538888891683655,True
D,2025-12-17,18,109,18:20-18:30,741.0283450000001,740.8705672222519,-0.1577777777481515,True
D,2025-12-18,6,48,8:10-8:20,118.65371277777797,152.60762305555568,33.95391027777771,True
D,2025-12-18,6,49,8:20-8:30,73.13418555555563,75.25613027777774,2.1219447222221106,True
D,2025-12-18,6,76,12:50-13:00,1006.5667652777776,1006.3837152777778,-0.1830499999997528,True
D,2025-12-18,12,73,12:20-12:30,943.6489486111112,153.87043194444448,-789.7785166666667,True
D,2025-12-18,12,74,12:30-12:40,919.9238583333331,194.66728806351296,-725.2565702698201,True
D,2025-12-18,12,76,12:50-13:00,1006.3837152777778,202.07732361111096,-804.3063916666669,True
D,2025-12-19,12,71,12:00-12:10,708.8427333333332,16.412116666666407,-692.4306166666668,True
D,2025-12-19,12,72,12:10-12:20,737.3656505555559,35.572625555555646,-701.7930250000003,True
D,2025-12-19,12,73,12:20-12:30,736.4821152777779,6.294471944445053,-730.1876433333329,True
D,2025-12-19,12,74,12:30-12:40,699.3709416666665,0.0,-699.3709416666665,True
D,2025-12-19,12,75,12:40-12:50,733.0247538888887,3.144503888888835,-729.8802499999998,True
D,2025-12-19,12,76,12:50-13:00,443.6592207041351,38.43444194444464,-405.2247787596905,True
D,2025-12-19,18,108,18:10-18:20,267.58411458333205,267.48482075617034,-0.09929382716171631,True
D,2025-12-19,18,109,18:20-18:30,577.7091566666666,577.6597344444443,-0.04942222222223336,True
D,2025-12-19,18,111,18:40-18:50,508.5316483333334,508.51979277777787,-0.011855555555541741,True
D,2025-12-19,18,124,20:50-21:00,600.0166508333333,600.002922438271,-0.013728395062344134,True
D,2025-12-20,6,89,15:00-15:10,335.0303666666665,299.54613569005454,-35.48423097661197,True
D,2025-12-20,6,91,15:20-15:30,310.0690938888889,279.5564861111111,-30.512607777777816,True
D,2025-12-20,6,92,15:30-15:40,368.10937500000006,361.1553166666667,-6.954058333333364,True
D,2025-12-20,12,71,12:00-12:10,635.9866000000002,0.0,-635.9866000000002,True
D,2025-12-20,12,72,12:10-12:20,652.4236119444447,0.0,-652.4236119444447,True
D,2025-12-20,12,73,12:20-12:30,648.5246763888889,0.0,-648.5246763888889,True
D,2025-12-20,12,74,12:30-12:40,632.1192499999999,0.0,-632.1192499999999,True
D,2025-12-20,12,75,12:40-12:50,687.6486669444441,0.0,-687.6486669444441,True
D,2025-12-20,12,76,12:50-13:00,24.65611111111093,0.0,-24.65611111111093,True
D,2025-12-20,12,89,15:00-15:10,299.54613569005454,335.0303666666665,35.48423097661197,True
D,2025-12-20,12,91,15:20-15:30,279.5564861111111,310.069093888889,30.512607777777873,True
D,2025-12-20,12,92,15:30-15:40,361.1553166666667,368.109375,6.9540583333333075,True
D,2025-12-20,18,107,18:00-18:10,370.7801666666669,370.70555000000024,-0.07461666666665678,True
D,2025-12-20,18,124,20:50-21:00,472.66009583333323,470.0038003817335,-2.6562954515997035,True
D,2025-12-21,6,66,11:10-11:20,1067.7928716666668,1066.8497633333332,-0.9431083333336119,True
D,2025-12-21,6,67,11:20-11:30,1031.065385833333,1007.7560191666662,-23.309366666666847,True
D,2025-12-21,6,68,11:30-11:40,1014.7712583333333,969.0956333333329,-45.67562500000042,True
D,2025-12-21,6,69,11:40-11:50,1040.7317891666667,972.6899058333333,-68.04188333333332,True
D,2025-12-21,6,70,11:50-12:00,1010.9222541666666,920.5141125000001,-90.40814166666644,True
D,2025-12-21,6,71,12:00-12:10,945.6267333333333,832.8523333333331,-112.77440000000013,True
D,2025-12-21,6,72,12:10-12:20,946.2561636111113,846.1664302777781,-100.08973333333324,True
D,2025-12-21,6,73,12:20-12:30,939.154322222222,851.7492555555552,-87.40506666666681,True
D,2025-12-21,6,74,12:30-12:40,907.1747499999998,832.4543499999999,-74.72039999999993,True
D,2025-12-21,6,75,12:40-12:50,916.8102494444443,854.7745161111111,-62.035733333333155,True
D,2025-12-21,6,76,12:50-13:00,945.1410797222222,895.7900130555556,-49.35106666666661,True
D,2025-12-21,12,71,12:00-12:10,832.8523333333331,945.6267333333334,112.77440000000024,True
D,2025-12-21,12,72,12:10-12:20,846.1664302777781,946.2561636111114,100.08973333333336,True
D,2025-12-21,12,73,12:20-12:30,851.7492555555552,939.1543222222222,87.40506666666693,True
D,2025-12-21,12,74,12:30-12:40,832.4543499999999,907.1747499999997,74.72039999999981,True
D,2025-12-21,12,75,12:40-12:50,854.7745161111111,916.8102494444443,62.035733333333155,True
D,2025-12-21,12,76,12:50-13:00,895.7900130555556,945.1410797222221,49.3510666666665,True
D,2025-12-22,6,48,8:10-8:20,128.39489472222203,155.64208916666644,27.247194444444403,True
D,2025-12-22,6,49,8:20-8:30,46.647883611110956,70.32750583333313,23.67962222222218,True
D,2025-12-22,12,71,12:00-12:10,909.2079833333333,881.2566431561004,-27.951340177232964,True
D,2025-12-22,12,73,12:20-12:30,973.1911863888889,264.432908611111,-708.758277777778,True
D,2025-12-22,12,74,12:30-12:40,941.6490833333329,222.87838333333332,-718.7706999999996,True
D,2025-12-22,12,76,12:50-13:00,1058.1329613888888,319.3374169444445,-738.7955444444443,True
D,2025-12-22,18,107,18:00-18:10,705.9445000000002,705.8733333333336,-0.07116666666661331,True
D,2025-12-22,18,109,18:20-18:30,726.5899441666667,726.5424997222223,-0.04744444444440887,True
D,2025-12-22,18,110,18:30-18:40,704.8510833333335,704.8155,-0.03558333333342034,True
D,2025-12-22,18,111,18:40-18:50,676.1556258333334,676.1459036111107,-0.00972222222264918,True
D,2025-12-23,6,44,7:30-7:40,1641.8866333333333,1602.279825,-39.60680833333322,True
D,2025-12-23,6,45,7:40-7:50,1607.7776405555553,1595.3804447222224,-12.397195833332944,True
D,2025-12-23,6,52,8:50-9:00,143.6567319444447,40.745231944444754,-102.91149999999993,True
D,2025-12-23,6,53,9:00-9:10,76.93736666666655,0.0,-76.93736666666655,True
D,2025-12-23,6,54,9:10-9:20,68.23324972222224,0.0,-68.23324972222224,True
D,2025-12-23,6,55,9:20-9:30,13.792488611111025,0.0,-13.792488611111025,True
D,2025-12-23,6,57,9:40-9:50,678.1378122222222,552.312101111111,-125.82571111111122,True
D,2025-12-23,6,58,9:50-10:00,611.5990341666667,517.715466388889,-93.88356777777767,True
D,2025-12-23,6,61,10:20-10:30,488.3272975000002,437.28688027777775,-51.04041722222246,True
D,2025-12-23,6,62,10:30-10:40,460.8140750000001,374.39874999999984,-86.41532500000028,True
D,2025-12-23,6,63,10:40-10:50,247.55699621506662,119.06248877061805,-128.49450744444857,True
D,2025-12-23,6,65,11:00-11:10,1229.9642833333332,1191.8460333333333,-38.11824999999999,True
D,2025-12-23,6,66,11:10-11:20,1231.5001322222224,1179.6152488888888,-51.88488333333362,True
D,2025-12-23,6,67,11:20-11:30,1221.364806944444,1155.7132902777773,-65.65151666666657,True
D,2025-12-23,6,68,11:30-11:40,1217.3354083333331,1137.917258333333,-79.4181500000002,True
D,2025-12-23,6,69,11:40-11:50,1228.4182155555557,1135.2334322222223,-93.18478333333337,True
D,2025-12-23,6,70,11:50-12:00,1177.3649127777778,1070.4134961111113,-106.95141666666655,True
D,2025-12-23,6,71,12:00-12:10,1102.2837,981.5656499999997,-120.71805000000029,True
D,2025-12-23,6,72,12:10-12:20,1102.5978044444446,988.0360572222223,-114.56174722222227,True
D,2025-12-23,6,73,12:20-12:30,1086.9035505555553,978.4981061111108,-108.40544444444447,True
D,2025-12-23,6,74,12:30-12:40,1042.2259666666664,939.9768249999996,-102.24914166666679,True
D,2025-12-23,6,75,12:40-12:50,1063.7049961111109,967.6121572222222,-96.09283888888865,True
D,2025-12-23,6,76,12:50-13:00,1073.689513888889,983.752977777778,-89.93653611111097,True
D,2025-12-23,6,77,13:00-13:10,235.18731666666667,165.3624150388124,-69.82490162785427,True
D,2025-12-23,12,71,12:00-12:10,981.5656499999997,269.0431364894423,-712.5225135105574,True
D,2025-12-23,12,72,12:10-12:20,988.0360572222223,1045.5264933333335,57.490436111111194,True
D,2025-12-23,12,73,12:20-12:30,978.4981061111108,209.14942833333305,-769.3486777777778,True
D,2025-12-23,12,74,12:30-12:40,939.9768249999996,177.1223666666665,-762.8544583333331,True
D,2025-12-23,12,75,12:40-12:50,967.6121572222222,1044.5852516666664,76.9730944444442,True
D,2025-12-23,12,76,12:50-13:00,983.752977777778,233.88695833333338,-749.8660194444446,True
D,2025-12-23,12,77,13:00-13:10,165.3624150388124,235.1873166666667,69.8249016278543,True
D,2025-12-24,6,48,8:10-8:20,106.23686027777785,136.23903250000012,30.00217222222227,True
D,2025-12-24,6,49,8:20-8:30,36.638607222222504,62.420301666667,25.781694444444497,True
D,2025-12-24,12,71,12:00-12:10,910.0892333333334,333.29149373456914,-576.7977395987642,True
D,2025-12-24,12,73,12:20-12:30,997.3180772222223,225.53702166666653,-771.7810555555558,True
D,2025-12-24,12,74,12:30-12:40,986.7616083333328,206.0931416666665,-780.6684666666663,True
D,2025-12-24,12,76,12:50-13:00,1083.0207672222223,284.5774783333335,-798.4432888888888,True
D,2025-12-24,18,107,18:00-18:10,715.4865000000001,715.4115,-0.07500000000004547,True
D,2025-12-24,18,108,18:10-18:20,675.5263050000001,675.4638050000001,-0.0625,True
D,2025-12-24,18,109,18:20-18:30,736.6944241666666,736.6545908333289,-0.039833333337696786,True
D,2025-12-25,6,48,8:10-8:20,106.35144916666673,136.72000750000007,30.36855833333334,True
D,2025-12-25,6,49,8:20-8:30,12.710227500000087,34.997994166666786,22.2877666666667,True
D,2025-12-25,6,76,12:50-13:00,1013.3710775000001,1005.1009997222224,-8.270077777777715,True
D,2025-12-25,12,73,12:20-12:30,969.772589166667,303.105675501781,-666.666913664886,True
D,2025-12-25,12,76,12:50-13:00,1005.1009997222224,291.6352552777777,-713.4657444444447,True
D,2025-12-26,12,71,12:00-12:10,740.29575,0.0,-740.29575,True
D,2025-12-26,12,72,12:10-12:20,775.9529408333335,27.38112138888914,-748.5718194444444,True
D,2025-12-26,12,73,12:20-12:30,788.1843641666668,33.56889194444432,-754.6154722222225,True
D,2025-12-26,12,74,12:30-12:40,773.7230249999997,13.063900000000103,-760.6591249999996,True
D,2025-12-26,12,75,12:40-12:50,830.7682533333331,64.0654755555554,-766.7027777777777,True
D,2025-12-26,12,76,12:50-13:00,893.5594166666668,120.81298611111106,-772.7464305555558,True
D,2025-12-26,18,107,18:00-18:10,556.6443333333332,556.4513083333316,-0.1930250000016258,True
D,2025-12-27,6,73,12:20-12:30,701.8311424999999,682.2813313888885,-19.549811111111467,True
D,2025-12-27,6,74,12:30-12:40,704.802783333333,660.5668833333331,-44.2358999999999,True
D,2025-12-27,6,75,12:40-12:50,774.3044183333328,705.3824294444443,-68.92198888888856,True
D,2025-12-27,12,71,12:00-12:10,613.8844500000001,0.0,-613.8844500000001,True
D,2025-12-27,12,72,12:10-12:20,668.625595,0.0,-668.625595,True
D,2025-12-27,12,73,12:20-12:30,682.2813313888885,0.0,-682.2813313888885,True
D,2025-12-27,12,74,12:30-12:40,660.5668833333331,0.0,-660.5668833333331,True
D,2025-12-27,12,75,12:40-12:50,705.3824294444443,644.0768891830811,-61.30554026136315,True
D,2025-12-27,12,76,12:50-13:00,220.50046695844526,0.0,-220.50046695844526,True
D,2025-12-27,18,107,18:00-18:10,338.1997499999999,338.12529999999987,-0.074450000000013,True
D,2025-12-27,18,109,18:20-18:30,481.00636999999983,367.6722641666666,-113.33410583333324,True
D,2025-12-27,18,111,18:40-18:50,66.03566183350001,58.63558538173322,-7.400076451766793,True
D,2025-12-27,18,124,20:50-21:00,463.82233666666656,441.6048258333333,-22.21751083333328,True
D,2025-12-28,6,75,12:40-12:50,913.3000963888886,878.3196519444443,-34.98044444444429,True
D,2025-12-28,6,76,12:50-13:00,985.4571861111112,913.4990055555559,-71.95818055555537,True
D,2025-12-28,6,77,13:00-13:10,200.59874666666494,0.0,-200.59874666666494,True
D,2025-12-28,6,89,15:00-15:10,1342.1496666666665,1257.4614666666664,-84.68820000000005,True
D,2025-12-28,6,90,15:10-15:20,1362.4899766666665,1286.1145908333333,-76.37538583333321,True
D,2025-12-28,6,91,15:20-15:30,1348.7103997222223,1348.2436974999998,-0.46670222222246593,True
D,2025-12-28,6,92,15:30-15:40,1406.0854,731.2261717980718,-674.8592282019281,True
D,2025-12-28,12,75,12:40-12:50,878.3196519444443,913.3000963888886,34.98044444444429,True
D,2025-12-28,12,76,12:50-13:00,913.4990055555559,985.4571861111114,71.95818055555549,True
D,2025-12-28,12,77,13:00-13:10,0.0,200.59874666666497,200.59874666666497,True
D,2025-12-28,12,89,15:00-15:10,1257.4614666666664,1288.839133333333,31.377666666666528,True
D,2025-12-28,12,90,15:10-15:20,1286.1145908333333,1312.665418611111,26.550827777777613,True
D,2025-12-28,12,91,15:20-15:30,1348.2436974999998,1348.7103997222225,0.4667022222226933,True
D,2025-12-28,12,92,15:30-15:40,731.2261717980718,1406.0853999999997,674.8592282019279,True
D,2025-12-29,6,44,7:30-7:40,1629.4818999999998,1609.6238833333332,-19.858016666666572,True
D,2025-12-29,6,47,8:00-8:10,107.4413166666667,115.21656666666672,7.775250000000028,True
D,2025-12-29,6,89,15:00-15:10,1504.45035,1482.1040666666663,-22.34628333333376,True
D,2025-12-29,6,90,15:10-15:20,1537.2262380555553,1510.592427222222,-26.6338108333332,True
D,2025-12-29,12,76,12:50-13:00,1123.5303875,364.6250708333333,-758.9053166666666,True
D,2025-12-29,12,89,15:00-15:10,1482.1040666666663,1504.45035,22.34628333333376,True
D,2025-12-29,12,90,15:10-15:20,1510.592427222222,1537.2262380555555,26.633810833333428,True
D,2025-12-29,18,107,18:00-18:10,692.9099999999999,692.8401833333332,-0.06981666666661113,True
D,2025-12-29,18,109,18:20-18:30,728.8056733333332,728.7721516666628,-0.03352166667036727,True
D,2025-12-29,18,110,18:30-18:40,731.2905833333334,731.2347299999993,-0.05585333333408471,True
D,2025-12-30,6,44,7:30-7:40,1632.8140666666663,1613.5051416666665,-19.308924999999817,True
D,2025-12-30,6,47,8:00-8:10,130.12115000000017,138.99458333333348,8.87343333333331,True
D,2025-12-30,6,68,11:30-11:40,1069.4536916666666,1057.5251416666665,-11.928550000000087,True
D,2025-12-30,6,69,11:40-11:50,1079.6885572222218,1049.2081183333332,-30.480438888888557,True
D,2025-12-30,6,70,11:50-12:00,1045.8472769444443,996.8149491666667,-49.032327777777596,True
D,2025-12-30,6,71,12:00-12:10,998.1567333333331,930.5725166666665,-67.58421666666663,True
D,2025-12-30,6,72,12:10-12:20,1032.8690116666667,975.5483950000003,-57.32061666666641,True
D,2025-12-30,6,73,12:20-12:30,1053.6072624999997,1006.550245833333,-47.057016666666755,True
D,2025-12-30,6,74,12:30-12:40,1043.0088333333329,1006.2154166666663,-36.79341666666653,True
D,2025-12-30,6,75,12:40-12:50,1085.1818958333329,1058.6520791666665,-26.52981666666642,True
D,2025-12-30,6,76,12:50-13:00,1124.3264633333335,1108.060246666667,-16.26621666666665,True
D,2025-12-30,12,71,12:00-12:10,930.5725166666665,998.1567333333332,67.58421666666675,True
D,2025-12-30,12,72,12:10-12:20,975.5483950000003,1032.8690116666667,57.32061666666641,True
D,2025-12-30,12,73,12:20-12:30,1006.550245833333,1053.6072625,47.05701666666698,True
D,2025-12-30,12,74,12:30-12:40,1006.2154166666663,1037.6072999999997,31.39188333333334,True
D,2025-12-30,12,75,12:40-12:50,1058.6520791666665,1066.6998013888885,8.047722222222092,True
D,2025-12-30,12,76,12:50-13:00,1108.060246666667,449.7894207795531,-658.2708258871138,True
D,2025-12-30,12,77,13:00-13:10,313.9511000000002,269.3078833333335,-44.64321666666672,True
D,2025-12-30,12,79,13:20-13:30,386.43313194444437,358.7176895641923,-27.715442380252057,True
D,2025-12-30,12,80,13:30-13:40,321.00267499999933,316.7387749999998,-4.2638999999995235,True
D,2025-12-30,12,89,15:00-15:10,1500.9201833333332,1454.485483333333,-46.43470000000025,True
D,2025-12-30,12,90,15:10-15:20,1529.9997283333335,1474.994556388889,-55.005171944444555,True
D,2025-12-30,18,107,18:00-18:10,679.8643333333333,679.7858166666666,-0.07851666666670098,True
D,2025-12-30,18,108,18:10-18:20,638.7740160833326,638.7544938611094,-0.019522222223258723,True
D,2025-12-30,18,109,18:20-18:30,729.4648258333333,729.4124813888889,-0.05234444444442943,True
D,2025-12-30,18,110,18:30-18:40,721.2299166666668,721.1906583333333,-0.03925833333346418,True
D,2025-12-31,6,44,7:30-7:40,1641.8370499999996,1617.4799833333332,-24.35706666666647,True
D,2025-12-31,6,65,11:00-11:10,1252.7314333333334,1231.58775,-21.143683333333456,True
D,2025-12-31,6,66,11:10-11:20,1284.1907944444445,1254.103147222222,-30.08764722222236,True
D,2025-12-31,6,67,11:20-11:30,1276.6936963888888,1237.6620852777778,-39.03161111111103,True
D,2025-12-31,6,68,11:30-11:40,1235.386425,1187.4108499999998,-47.97557500000016,True
D,2025-12-31,6,69,11:40-11:50,1244.404382777778,1187.4848438888891,-56.91953888888884,True
D,2025-12-31,6,70,11:50-12:00,1201.3069155555554,1135.4434127777777,-65.86350277777774,True
D,2025-12-31,6,71,12:00-12:10,1132.8836666666664,1058.0761999999997,-74.80746666666664,True
D,2025-12-31,6,72,12:10-12:20,1147.823484166667,1081.424395277778,-66.39908888888885,True
D,2025-12-31,6,73,12:20-12:30,1143.7063625,1085.715651388889,-57.99071111111107,True
D,2025-12-31,6,74,12:30-12:40,1092.8410833333332,1043.25875,-49.58233333333328,True
D,2025-12-31,6,75,12:40-12:50,1101.4042824999997,1060.2303269444446,-41.17395555555504,True
D,2025-12-31,6,76,12:50-13:00,1126.4184966666667,1093.6529188888892,-32.76557777777748,True
D,2025-12-31,6,89,15:00-15:10,1521.8842333333332,1488.8835166666665,-33.000716666666676,True
D,2025-12-31,6,90,15:10-15:20,1530.4089977777776,1497.6171230555556,-32.79187472222202,True
D,2025-12-31,12,71,12:00-12:10,1058.0761999999997,1072.171883333333,14.095683333333227,True
D,2025-12-31,12,72,12:10-12:20,1081.424395277778,1101.8253425000003,20.400947222222158,True
D,2025-12-31,12,73,12:20-12:30,1085.715651388889,279.0885291666667,-806.6271222222223,True
D,2025-12-31,12,74,12:30-12:40,1043.25875,961.1366947610376,-82.12205523896239,True
D,2025-12-31,12,75,12:40-12:50,1060.2303269444446,1099.5470658333331,39.316738888888494,True
D,2025-12-31,12,76,12:50-13:00,1093.6529188888892,305.94158833333336,-787.7113305555558,True
D,2025-12-31,12,89,15:00-15:10,1488.8835166666665,1521.8842333333332,33.000716666666676,True
D,2025-12-31,12,90,15:10-15:20,1497.6171230555556,1530.4089977777778,32.791874722222246,True
D,2025-12-31,18,107,18:00-18:10,679.6306666666667,679.5439666666667,-0.0866999999999507,True
D,2025-12-31,18,108,18:10-18:20,644.5506485833326,644.5202152500012,-0.03043333333141618,True
D,2025-12-31,18,109,18:20-18:30,727.655395,727.597595,-0.05780000000004293,True
D,2025-12-31,18,110,18:30-18:40,712.4630000000001,712.4196499999999,-0.04335000000014588,True
