date,day_index,plan_j,B_kwh,A_kwh,delta_A_minus_B_kwh,price_yuan_per_kwh,plan_reference_fee_yuan,final_regular_fee_yuan
2025-08-01,212,0,0.0,0.0,0.0,0.3876,0.0,0.0
2025-08-01,212,1,0.0,0.0,0.0,0.4233,0.0,0.0
2025-08-01,212,2,0.0,0.0,0.0,0.4714,0.0,0.0
2025-08-01,212,3,670.0288433333335,670.0288433333335,0.0,0.4454,298.4308468206668,298.4308468206668
2025-08-01,212,4,0.017178937636458613,0.017178937636458613,0.0,0.4205,0.007223743276130847,0.007223743276130847
2025-08-01,212,5,0.0,0.0,0.0,0.4263,0.0,0.0
2025-08-01,212,6,0.0,0.0,0.0,0.4195,0.0,0.0
2025-08-01,212,7,653.2434225000001,653.2434225000001,0.0,0.4123,269.33226309675,269.33226309675
2025-08-01,212,8,1488.5181666666667,1488.5181666666667,0.0,0.4187,623.2425563833334,623.2425563833334
2025-08-01,212,9,1474.6151416666667,1474.6151416666667,0.0,0.4343,640.4253560258334,640.4253560258334
2025-08-01,212,10,1405.363942873962,1405.363942873962,0.0,0.4331,608.663123658713,608.663123658713
2025-08-01,212,11,1466.05975,1466.05975,0.0,0.4291,629.0862387249999,629.0862387249999
2025-08-01,212,12,1485.0927775,1485.0927775,0.0,0.4544,674.8261580960001,674.8261580960001
2025-08-01,212,13,669.258715,669.258715,0.0,0.4408,295.00924157200006,295.00924157200006
2025-08-01,212,14,0.0,0.0,0.0,0.4042,0.0,0.0
2025-08-01,212,15,644.8675841666667,644.8675841666667,0.0,0.4253,274.26218354608335,274.26218354608335
2025-08-01,212,16,616.9874041666668,616.9874041666668,0.0,0.4121,254.2605092570834,254.2605092570834
2025-08-01,212,17,0.0,0.0,0.0,0.3902,0.0,0.0
2025-08-01,212,18,612.2549216666665,612.2549216666665,0.0,0.4725,289.2904504874999,289.2904504874999
2025-08-01,212,19,1455.8938391666666,1455.8938391666666,0.0,0.4819,701.5952410944166,701.5952410944166
2025-08-01,212,20,631.4480833333333,631.4480833333333,0.0,0.4037,254.91559124166668,254.91559124166668
2025-08-01,212,21,0.0,0.0,0.0,0.4051,0.0,0.0
2025-08-01,212,22,0.0,0.0,0.0,0.4369,0.0,0.0
2025-08-01,212,23,1423.0880000000002,1423.0880000000002,0.0,0.4402,626.4433376000001,626.4433376000001
2025-08-01,212,24,609.8391916666667,609.8391916666667,0.0,0.4154,253.32720021833333,253.32720021833333
2025-08-01,212,25,0.0,0.0,0.0,0.4088,0.0,0.0
2025-08-01,212,26,603.4605,603.4605,0.0,0.4308,259.9707834,259.9707834
2025-08-01,212,27,619.2268466666667,619.2268466666667,0.0,0.4498,278.52823563066664,278.52823563066664
2025-08-01,212,28,620.6471916666667,620.6471916666667,0.0,0.4512,280.03601288,280.03601288
2025-08-01,212,29,605.0434166666666,605.0434166666666,0.0,0.4344,262.8308602,262.8308602
2025-08-01,212,30,0.0,0.0,0.0,0.409,0.0,0.0
2025-08-01,212,31,574.9366683333333,574.9366683333333,0.0,0.3905,224.51276898416666,224.51276898416666
2025-08-01,212,32,1354.1170208333333,1354.1170208333333,0.0,0.347,469.8786062291666,469.8786062291666
2025-08-01,212,33,1311.3436641666667,1311.3436641666667,0.0,0.2699,353.9316549585833,353.9316549585833
2025-08-01,212,34,478.64823750000005,478.64823750000005,0.0,0.4213,201.65450245875002,201.65450245875002
2025-08-01,212,35,0.0,0.0,0.0,0.7017,0.0,0.0
2025-08-01,212,36,0.0,0.0,0.0,0.7261,0.0,0.0
2025-08-01,212,37,0.0,0.0,0.0,0.6748,0.0,0.0
2025-08-01,212,38,0.0,0.0,0.0,0.6478,0.0,0.0
2025-08-01,212,39,0.0,0.0,0.0,0.5739,0.0,0.0
2025-08-01,212,40,0.0,0.0,0.0,0.5945,0.0,0.0
2025-08-01,212,41,0.0,0.0,0.0,0.6621,0.0,0.0
2025-08-01,212,42,0.0,0.0,0.0,0.5859,0.0,0.0
2025-08-01,212,43,0.0,0.0,0.0,0.5676,0.0,0.0
2025-08-01,212,44,0.0,0.0,0.0,0.6079,0.0,0.0
2025-08-01,212,45,0.0,0.0,0.0,0.5322,0.0,0.0
2025-08-01,212,46,0.0,0.0,0.0,0.651,0.0,0.0
2025-08-01,212,47,0.0,0.0,0.0,0.9139,0.0,0.0
2025-08-01,212,48,0.0,0.0,0.0,0.9211,0.0,0.0
2025-08-01,212,49,0.0,0.0,0.0,0.8125,0.0,0.0
2025-08-01,212,50,0.0,0.0,0.0,0.743,0.0,0.0
2025-08-01,212,51,0.0,0.0,0.0,0.7235,0.0,0.0
2025-08-01,212,52,0.0,0.0,0.0,0.6941,0.0,0.0
2025-08-01,212,53,0.0,0.0,0.0,0.6528,0.0,0.0
2025-08-01,212,54,0.0,0.0,0.0,0.6547,0.0,0.0
2025-08-01,212,55,0.0,0.0,0.0,0.6832,0.0,0.0
2025-08-01,212,56,0.0,0.0,0.0,0.6749,0.0,0.0
2025-08-01,212,57,0.0,0.0,0.0,0.6037,0.0,0.0
2025-08-01,212,58,0.0,0.0,0.0,0.6905,0.0,0.0
2025-08-01,212,59,0.0,0.0,0.0,0.9111,0.0,0.0
2025-08-01,212,60,0.0,0.0,0.0,0.9936,0.0,0.0
2025-08-01,212,61,0.0,0.0,0.0,0.912,0.0,0.0
2025-08-01,212,62,0.0,0.0,0.0,0.8224,0.0,0.0
2025-08-01,212,63,0.0,0.0,0.0,0.8583,0.0,0.0
2025-08-01,212,64,0.0,0.0,0.0,0.6254,0.0,0.0
2025-08-01,212,65,0.0,0.0,0.0,0.2527,0.0,0.0
2025-08-01,212,66,0.0,0.0,0.0,0.2892,0.0,0.0
2025-08-01,212,67,0.0,0.0,0.0,0.3557,0.0,0.0
2025-08-01,212,68,0.0,0.0,0.0,0.2661,0.0,0.0
2025-08-01,212,69,0.0,0.0,0.0,0.2209,0.0,0.0
2025-08-01,212,70,0.0,0.0,0.0,0.2345,0.0,0.0
2025-08-01,212,71,0.0,0.0,0.0,0.2482,0.0,0.0
2025-08-01,212,72,0.0,0.0,0.0,0.2159,0.0,0.0
2025-08-01,212,73,0.0,0.0,0.0,0.2266,0.0,0.0
2025-08-01,212,74,0.0,0.0,0.0,0.2407,0.0,0.0
2025-08-01,212,75,0.0,0.0,0.0,0.1568,0.0,0.0
2025-08-01,212,76,0.0,0.0,0.0,0.2557,0.0,0.0
2025-08-01,212,77,0.0,0.0,0.0,0.5144,0.0,0.0
2025-08-01,212,78,0.0,0.0,0.0,0.6093,0.0,0.0
2025-08-01,212,79,0.0,0.0,0.0,0.6171,0.0,0.0
2025-08-01,212,80,0.0,0.0,0.0,0.6203,0.0,0.0
2025-08-01,212,81,0.0,0.0,0.0,0.6247,0.0,0.0
2025-08-01,212,82,0.0,0.0,0.0,0.7205,0.0,0.0
2025-08-01,212,83,0.0,0.0,0.0,0.8746,0.0,0.0
2025-08-01,212,84,0.0,0.0,0.0,0.9488,0.0,0.0
2025-08-01,212,85,0.0,0.0,0.0,0.9639,0.0,0.0
2025-08-01,212,86,0.0,0.0,0.0,0.9824,0.0,0.0
2025-08-01,212,87,0.0,0.0,0.0,1.0038,0.0,0.0
2025-08-01,212,88,0.0,0.0,0.0,0.7958,0.0,0.0
2025-08-01,212,89,0.0,0.0,0.0,0.4615,0.0,0.0
2025-08-01,212,90,55.32440509259345,55.32440509259345,0.0,0.3748,20.73558702870403,20.73558702870403
2025-08-01,212,91,55.90036166666664,55.90036166666664,0.0,0.4234,23.668213129666654,23.668213129666654
2025-08-01,212,92,118.2455000000001,118.2455000000001,0.0,0.4942,58.43692610000005,58.43692610000005
2025-08-01,212,93,177.25549416666684,177.25549416666684,0.0,0.5781,102.47140117775008,102.47140117775008
2025-08-01,212,94,216.39019083333358,216.39019083333358,0.0,0.5904,127.75676866800015,127.75676866800015
2025-08-01,212,95,230.41341666666676,230.41341666666676,0.0,0.5716,131.70430896666673,131.70430896666673
2025-08-01,212,96,272.5247391666668,272.5247391666668,0.0,0.6402,174.47033801450007,174.47033801450007
2025-08-01,212,97,326.3280391666668,326.3280391666668,0.0,0.6577,214.62595135991677,214.62595135991677
2025-08-01,212,98,394.1181875000001,394.1181875000001,0.0,0.6198,244.27445261250006,244.27445261250006
2025-08-01,212,99,456.70768583333324,456.70768583333324,0.0,0.663,302.79719570749995,302.79719570749995
2025-08-01,212,100,473.3546200000001,473.3546200000001,0.0,0.6915,327.3247197300001,327.3247197300001
2025-08-01,212,101,470.61656250000016,470.61656250000016,0.0,0.6807,320.3486940937501,320.3486940937501
2025-08-01,212,102,518.6069066666669,518.6069066666669,0.0,0.7109,368.67764994933344,368.67764994933344
2025-08-01,212,103,593.5564325000001,593.5564325000001,0.0,0.7547,447.9570396077501,447.9570396077501
2025-08-01,212,104,662.5590625,662.5590625,0.0,0.7844,519.711328625,519.711328625
2025-08-01,212,105,701.3785891666668,701.3785891666668,0.0,0.8163,572.5353423367501,572.5353423367501
2025-08-01,212,106,685.2482108333334,685.2482108333334,0.0,0.9258,634.4027935895,634.4027935895
2025-08-01,212,107,651.4206875000001,651.4206875000001,0.0,1.0879,708.6805659312502,708.6805659312502
2025-08-01,212,108,671.3180766666667,671.3180766666667,0.0,1.1866,796.5860297726667,796.5860297726667
2025-08-01,212,109,713.8910508333333,713.8910508333333,0.0,1.2055,860.5956617795833,860.5956617795833
2025-08-01,212,110,755.0223125000001,755.0223125000001,0.0,1.2015,907.1593084687502,907.1593084687502
2025-08-01,212,111,798.7734758333335,798.7734758333335,0.0,1.2569,1003.9783817749168,1003.9783817749168
2025-08-01,212,112,630.0672187150692,630.0672187150692,0.0,1.3644,859.6637132148404,859.6637132148404
2025-08-01,212,113,0.0,0.0,0.0,1.4619,0.0,0.0
2025-08-01,212,114,0.0,0.0,0.0,1.4854,0.0,0.0
2025-08-01,212,115,0.0,0.0,0.0,1.4884,0.0,0.0
2025-08-01,212,116,0.0,0.0,0.0,1.4917,0.0,0.0
2025-08-01,212,117,0.0,0.0,0.0,1.4712,0.0,0.0
2025-08-01,212,118,0.0,0.0,0.0,1.4687,0.0,0.0
2025-08-01,212,119,0.0,0.0,0.0,1.4865,0.0,0.0
2025-08-01,212,120,0.0,0.0,0.0,1.482,0.0,0.0
2025-08-01,212,121,0.0,0.0,0.0,1.4635,0.0,0.0
2025-08-01,212,122,0.0,0.0,0.0,1.4987,0.0,0.0
2025-08-01,212,123,0.0,0.0,0.0,1.5892,0.0,0.0
2025-08-01,212,124,810.2890383333335,810.2890383333335,0.0,1.3157,1066.097287735167,1066.097287735167
2025-08-01,212,125,1635.6731666666667,1635.6731666666667,0.0,0.8449,1381.9802585166667,1381.9802585166667
2025-08-01,212,126,1641.8154208333333,1641.8154208333333,0.0,0.8012,1315.4225151716666,1315.4225151716666
2025-08-01,212,127,817.411015,817.411015,0.0,0.8868,724.8800881020001,724.8800881020001
2025-08-01,212,128,164.53591666666694,164.53591666666694,0.0,0.9322,153.38038151666692,153.38038151666692
2025-08-01,212,129,8.591470000000186,8.591470000000186,0.0,1.0184,8.74955304800019,8.74955304800019
2025-08-01,212,130,774.9435741666666,774.9435741666666,0.0,0.7919,613.6778163825834,613.6778163825834
2025-08-01,212,131,680.1035000000002,680.1035000000002,0.0,0.3995,271.7013482500001,271.7013482500001
2025-08-01,212,132,1518.3326558333333,1518.3326558333333,0.0,0.3891,590.78323638475,590.78323638475
2025-08-01,212,133,752.960735436073,752.960735436073,0.0,0.4728,355.99983571417533,355.99983571417533
2025-08-01,212,134,672.5742500000001,672.5742500000001,0.0,0.4609,309.98947182500007,309.98947182500007
2025-08-01,212,135,691.3521166666667,691.3521166666667,0.0,0.4613,318.92073141833333,318.92073141833333
2025-08-01,212,136,687.8667083333333,687.8667083333333,0.0,0.5111,351.56867462916665,351.56867462916665
2025-08-01,212,137,1489.6020833333332,1489.6020833333332,0.0,0.5578,830.9000420833332,830.9000420833332
2025-08-01,212,138,669.4047141666667,669.4047141666667,0.0,0.5174,346.34999910983333,346.34999910983333
2025-08-01,212,139,668.2349966666668,668.2349966666668,0.0,0.4502,300.83939549933336,300.83939549933336
2025-08-01,212,140,1491.2640833333332,1491.2640833333332,0.0,0.4147,618.4272153583333,618.4272153583333
2025-08-01,212,141,1527.4625391666668,1527.4625391666668,0.0,0.4172,637.2573713403334,637.2573713403334
2025-08-01,212,142,1520.0530891666667,1520.0530891666667,0.0,0.4132,628.0859364436667,628.0859364436667
2025-08-01,212,143,1516.920625,1516.920625,0.0,0.4042,613.139316625,613.139316625
2025-08-02,213,0,1437.2565383333333,1437.2565383333333,0.0,0.4325,621.6134528291667,621.6134528291667
2025-08-02,213,1,1440.8180633333332,1440.8180633333332,0.0,0.4718,679.7779622806665,679.7779622806665
2025-08-02,213,2,44.66340033739198,44.66340033739198,0.0,0.4821,21.53222530265667,21.53222530265667
2025-08-02,213,3,0.0,0.0,0.0,0.4431,0.0,0.0
2025-08-02,213,4,0.0,0.0,0.0,0.3959,0.0,0.0
2025-08-02,213,5,0.0,0.0,0.0,0.3785,0.0,0.0
2025-08-02,213,6,0.0,0.0,0.0,0.4035,0.0,0.0
2025-08-02,213,7,0.0,0.0,0.0,0.4541,0.0,0.0
2025-08-02,213,8,0.0,0.0,0.0,0.4783,0.0,0.0
2025-08-02,213,9,0.0,0.0,0.0,0.4335,0.0,0.0
2025-08-02,213,10,572.795435,572.795435,0.0,0.4226,242.06335083099998,242.06335083099998
2025-08-02,213,11,598.1093333333333,598.1093333333333,0.0,0.4478,267.83335946666665,267.83335946666665
2025-08-02,213,12,603.9466308333333,603.9466308333333,0.0,0.4167,251.66456106825,251.66456106825
2025-08-02,213,13,1422.58405,1422.58405,0.0,0.4047,575.719765035,575.719765035
2025-08-02,213,14,1412.6912499999999,1412.6912499999999,0.0,0.4333,612.1191186249999,612.1191186249999
2025-08-02,213,15,0.0,0.0,0.0,0.4395,0.0,0.0
2025-08-02,213,16,0.0,0.0,0.0,0.4105,0.0,0.0
2025-08-02,213,17,0.0,0.0,0.0,0.3806,0.0,0.0
2025-08-02,213,18,587.3474233333333,587.3474233333333,0.0,0.3984,233.99921345599995,233.99921345599995
2025-08-02,213,19,1408.7314741890473,1408.7314741890473,0.0,0.434,611.3894597980465,611.3894597980465
2025-08-02,213,20,557.3441666666666,557.3441666666666,0.0,0.451,251.36221916666665,251.36221916666665
2025-08-02,213,21,546.8219408333333,546.8219408333333,0.0,0.4384,239.72673886133333,239.72673886133333
2025-08-02,213,22,0.0,0.0,0.0,0.4293,0.0,0.0
2025-08-02,213,23,0.0,0.0,0.0,0.4174,0.0,0.0
2025-08-02,213,24,0.0,0.0,0.0,0.3682,0.0,0.0
2025-08-02,213,25,546.0876916666666,546.0876916666666,0.0,0.3335,182.12024517083333,182.12024517083333
2025-08-02,213,26,548.6389166666667,548.6389166666667,0.0,0.3367,184.72672324166666,184.72672324166666
2025-08-02,213,27,1306.1090804629641,1306.1090804629641,0.0,0.355,463.66872356435226,463.66872356435226
2025-08-02,213,28,557.5565033333334,557.5565033333334,0.0,0.381,212.42902777,212.42902777
2025-08-02,213,29,560.46675,560.46675,0.0,0.4004,224.41088670000002,224.41088670000002
2025-08-02,213,30,566.5068766666667,566.5068766666667,0.0,0.398,225.46973691333335,225.46973691333335
2025-08-02,213,31,536.3383775000001,536.3383775000001,0.0,0.3989,213.94537878475003,213.94537878475003
2025-08-02,213,32,1307.424875,1307.424875,0.0,0.3786,494.991057675,494.991057675
2025-08-02,213,33,1265.1854025,1265.1854025,0.0,0.3171,401.19029113275,401.19029113275
2025-08-02,213,34,0.0,0.0,0.0,0.4376,0.0,0.0
2025-08-02,213,35,0.0,0.0,0.0,0.6607,0.0,0.0
2025-08-02,213,36,0.0,0.0,0.0,0.6677,0.0,0.0
2025-08-02,213,37,0.0,0.0,0.0,0.6299,0.0,0.0
2025-08-02,213,38,0.0,0.0,0.0,0.6432,0.0,0.0
2025-08-02,213,39,0.0,0.0,0.0,0.6219,0.0,0.0
2025-08-02,213,40,0.0,0.0,0.0,0.5617,0.0,0.0
2025-08-02,213,41,0.0,0.0,0.0,0.526,0.0,0.0
2025-08-02,213,42,0.0,0.0,0.0,0.5808,0.0,0.0
2025-08-02,213,43,0.0,0.0,0.0,0.6275,0.0,0.0
2025-08-02,213,44,0.0,0.0,0.0,0.5986,0.0,0.0
2025-08-02,213,45,0.0,0.0,0.0,0.5442,0.0,0.0
2025-08-02,213,46,0.0,0.0,0.0,0.6781,0.0,0.0
2025-08-02,213,47,0.0,0.0,0.0,0.8875,0.0,0.0
2025-08-02,213,48,0.0,0.0,0.0,0.841,0.0,0.0
2025-08-02,213,49,0.0,0.0,0.0,0.7842,0.0,0.0
2025-08-02,213,50,0.0,0.0,0.0,0.7903,0.0,0.0
2025-08-02,213,51,0.0,0.0,0.0,0.7062,0.0,0.0
2025-08-02,213,52,0.0,0.0,0.0,0.7364,0.0,0.0
2025-08-02,213,53,0.0,0.0,0.0,0.8268,0.0,0.0
2025-08-02,213,54,0.0,0.0,0.0,0.706,0.0,0.0
2025-08-02,213,55,0.0,0.0,0.0,0.6279,0.0,0.0
2025-08-02,213,56,0.0,0.0,0.0,0.6372,0.0,0.0
2025-08-02,213,57,0.0,0.0,0.0,0.5605,0.0,0.0
2025-08-02,213,58,0.0,0.0,0.0,0.7064,0.0,0.0
2025-08-02,213,59,0.0,0.0,0.0,0.9721,0.0,0.0
2025-08-02,213,60,0.0,0.0,0.0,0.911,0.0,0.0
2025-08-02,213,61,0.0,0.0,0.0,0.829,0.0,0.0
2025-08-02,213,62,0.0,0.0,0.0,0.8931,0.0,0.0
2025-08-02,213,63,0.0,0.0,0.0,0.9153,0.0,0.0
2025-08-02,213,64,0.0,0.0,0.0,0.6401,0.0,0.0
2025-08-02,213,65,0.0,0.0,0.0,0.2402,0.0,0.0
2025-08-02,213,66,0.0,0.0,0.0,0.1627,0.0,0.0
2025-08-02,213,67,0.0,0.0,0.0,0.1952,0.0,0.0
2025-08-02,213,68,0.0,0.0,0.0,0.1858,0.0,0.0
2025-08-02,213,69,0.0,0.0,0.0,0.1969,0.0,0.0
2025-08-02,213,70,0.0,0.0,0.0,0.2244,0.0,0.0
2025-08-02,213,71,0.0,0.0,0.0,0.2368,0.0,0.0
2025-08-02,213,72,0.0,0.0,0.0,0.2122,0.0,0.0
2025-08-02,213,73,0.0,0.0,0.0,0.196,0.0,0.0
2025-08-02,213,74,0.0,0.0,0.0,0.1721,0.0,0.0
2025-08-02,213,75,0.0,0.0,0.0,0.1219,0.0,0.0
2025-08-02,213,76,0.0,0.0,0.0,0.3108,0.0,0.0
2025-08-02,213,77,0.0,0.0,0.0,0.6256,0.0,0.0
2025-08-02,213,78,0.0,0.0,0.0,0.6668,0.0,0.0
2025-08-02,213,79,0.0,0.0,0.0,0.6771,0.0,0.0
2025-08-02,213,80,0.0,0.0,0.0,0.7203,0.0,0.0
2025-08-02,213,81,0.0,0.0,0.0,0.6301,0.0,0.0
2025-08-02,213,82,0.0,0.0,0.0,0.6814,0.0,0.0
2025-08-02,213,83,0.0,0.0,0.0,0.8782,0.0,0.0
2025-08-02,213,84,0.0,0.0,0.0,0.9314,0.0,0.0
2025-08-02,213,85,0.0,0.0,0.0,0.9174,0.0,0.0
2025-08-02,213,86,0.0,0.0,0.0,0.9587,0.0,0.0
2025-08-02,213,87,0.0,0.0,0.0,1.0447,0.0,0.0
2025-08-02,213,88,0.0,0.0,0.0,0.8561,0.0,0.0
2025-08-02,213,89,0.0,0.0,0.0,0.5178,0.0,0.0
2025-08-02,213,90,0.0,0.0,0.0,0.4871,0.0,0.0
2025-08-02,213,91,0.0,0.0,0.0,0.4846,0.0,0.0
2025-08-02,213,92,0.0,0.0,0.0,0.4452,0.0,0.0
2025-08-02,213,93,0.0,0.0,0.0,0.5856,0.0,0.0
2025-08-02,213,94,17.52975749999996,17.52975749999996,0.0,0.6486,11.369800714499974,11.369800714499974
2025-08-02,213,95,68.58214583333336,68.58214583333336,0.0,0.5888,40.38116746666668,40.38116746666668
2025-08-02,213,96,106.6800575000002,106.6800575000002,0.0,0.6148,65.58689935100013,65.58689935100013
2025-08-02,213,97,149.52071333333333,149.52071333333333,0.0,0.6244,93.36073340533332,93.36073340533332
2025-08-02,213,98,216.81954166666685,216.81954166666685,0.0,0.6178,133.95111284166677,133.95111284166677
2025-08-02,213,99,275.5560366666667,275.5560366666667,0.0,0.7056,194.43233947200005,194.43233947200005
2025-08-02,213,100,286.04571500000026,286.04571500000026,0.0,0.7122,203.7217582230002,203.7217582230002
2025-08-02,213,101,272.6804583333334,272.6804583333334,0.0,0.6329,172.5794620791667,172.5794620791667
2025-08-02,213,102,315.0051475000001,315.0051475000001,0.0,0.6505,204.91084844875004,204.91084844875004
2025-08-02,213,103,382.9678908333334,382.9678908333334,0.0,0.7217,276.38792681441674,276.38792681441674
2025-08-02,213,104,445.9934583333334,445.9934583333334,0.0,0.7664,341.8093864666667,341.8093864666667
2025-08-02,213,105,495.79249833333336,495.79249833333336,0.0,0.7751,384.28876545816667,384.28876545816667
2025-08-02,213,106,529.5183925,529.5183925,0.0,0.9201,487.20987293925003,487.20987293925003
2025-08-02,213,107,550.1888958333333,550.1888958333333,0.0,1.1435,629.1410023854165,629.1410023854165
2025-08-02,213,108,567.7801291666667,567.7801291666667,0.0,1.2059,684.6860577620834,684.6860577620834
2025-08-02,213,109,605.4568383333335,605.4568383333335,0.0,1.2358,748.2235608123335,748.2235608123335
2025-08-02,213,110,661.0394375000001,661.0394375000001,0.0,1.2585,831.91813209375,831.91813209375
2025-08-02,213,111,710.6358008333333,710.6358008333333,0.0,1.1932,847.9306375543333,847.9306375543333
2025-08-02,213,112,0.0,0.0,0.0,1.3098,0.0,0.0
2025-08-02,213,113,0.0,0.0,0.0,1.5378,0.0,0.0
2025-08-02,213,114,0.0,0.0,0.0,1.5202,0.0,0.0
2025-08-02,213,115,0.0,0.0,0.0,1.464,0.0,0.0
2025-08-02,213,116,0.0,0.0,0.0,1.4811,0.0,0.0
2025-08-02,213,117,0.0,0.0,0.0,1.4788,0.0,0.0
2025-08-02,213,118,0.0,0.0,0.0,1.5025,0.0,0.0
2025-08-02,213,119,0.0,0.0,0.0,1.5259,0.0,0.0
2025-08-02,213,120,0.0,0.0,0.0,1.4676,0.0,0.0
2025-08-02,213,121,0.0,0.0,0.0,1.4532,0.0,0.0
2025-08-02,213,122,0.0,0.0,0.0,1.5197,0.0,0.0
2025-08-02,213,123,0.0,0.0,0.0,1.5372,0.0,0.0
2025-08-02,213,124,283.0261378817324,283.0261378817324,0.0,1.2928,365.8961910535036,365.8961910535036
2025-08-02,213,125,701.84025,701.84025,0.0,0.9296,652.4306964,652.4306964
2025-08-02,213,126,1542.7467334259263,1542.7467334259263,0.0,0.8363,1290.1990931641024,1290.1990931641024
2025-08-02,213,127,727.8129941666666,727.8129941666666,0.0,0.889,647.0257518141666,647.0257518141666
2025-08-02,213,128,739.6513333333335,739.6513333333335,0.0,0.9404,695.5681138666667,695.5681138666667
2025-08-02,213,129,0.0,0.0,0.0,0.9259,0.0,0.0
2025-08-02,213,130,680.8157625,680.8157625,0.0,0.6912,470.57985504000004,470.57985504000004
2025-08-02,213,131,1424.81025,1424.81025,0.0,0.3966,565.07974515,565.07974515
2025-08-02,213,132,1437.7828275,1437.7828275,0.0,0.395,567.9242168625,567.9242168625
2025-08-02,213,133,627.7110058333334,627.7110058333334,0.0,0.4673,293.3293530259167,293.3293530259167
2025-08-02,213,134,1448.45325,1448.45325,0.0,0.4552,659.3359194,659.3359194
2025-08-02,213,135,1458.0713383333332,1458.0713383333332,0.0,0.415,605.0996054083332,605.0996054083332
2025-08-02,213,136,1473.038795,1473.038795,0.0,0.4262,627.809134429,627.809134429
2025-08-02,213,137,640.1525833333334,640.1525833333334,0.0,0.4487,287.23646414166666,287.23646414166666
2025-08-02,213,138,640.7187366666668,640.7187366666668,0.0,0.3835,245.71563551166673,245.71563551166673
2025-08-02,213,139,622.5199325,622.5199325,0.0,0.3796,236.30856637699998,236.30856637699998
2025-08-02,213,140,1431.6288333333332,1431.6288333333332,0.0,0.4437,635.2137133499999,635.2137133499999
2025-08-02,213,141,1419.9193558333332,1419.9193558333332,0.0,0.4443,630.8701697967499,630.8701697967499
2025-08-02,213,142,715.1536579360737,715.1536579360737,0.0,0.5075,362.9404814025574,362.9404814025574
2025-08-02,213,143,0.0,0.0,0.0,0.5967,0.0,0.0
2025-08-03,214,0,0.012166939254711906,0.012166939254711906,0.0,0.5292,0.006438744253593541,0.006438744253593541
2025-08-03,214,1,692.65557,692.65557,0.0,0.4482,310.448226474,310.448226474
2025-08-03,214,2,695.3091666666667,695.3091666666667,0.0,0.4459,310.03835741666666,310.03835741666666
2025-08-03,214,3,684.6916749999999,684.6916749999999,0.0,0.4823,330.22679485249995,330.22679485249995
2025-08-03,214,4,679.7576466666667,679.7576466666667,0.0,0.5261,357.62049791133336,357.62049791133336
2025-08-03,214,5,0.0,0.0,0.0,0.5453,0.0,0.0
2025-08-03,214,6,671.8410283333333,671.8410283333333,0.0,0.5228,351.2384896126667,351.2384896126667
2025-08-03,214,7,0.0,0.0,0.0,0.5179,0.0,0.0
2025-08-03,214,8,0.0,0.0,0.0,0.5357,0.0,0.0
2025-08-03,214,9,688.2705333333333,688.2705333333333,0.0,0.5231,360.0343159866667,360.0343159866667
2025-08-03,214,10,1484.337225,1484.337225,0.0,0.4886,725.2471681349999,725.2471681349999
2025-08-03,214,11,668.5191666666668,668.5191666666668,0.0,0.4674,312.4658585000001,312.4658585000001
2025-08-03,214,12,0.0,0.0,0.0,0.4874,0.0,0.0
2025-08-03,214,13,668.0471216666667,668.0471216666667,0.0,0.5089,339.9691802161667,339.9691802161667
2025-08-03,214,14,654.5275,654.5275,0.0,0.5205,340.68156375,340.68156375
2025-08-03,214,15,675.272865,675.272865,0.0,0.5362,362.081310213,362.081310213
2025-08-03,214,16,670.5099158333335,670.5099158333335,0.0,0.4943,331.4330513964168,331.4330513964168
2025-08-03,214,17,638.0985833333333,638.0985833333333,0.0,0.4463,284.78339774166665,284.78339774166665
2025-08-03,214,18,1475.8356658333332,1475.8356658333332,0.0,0.5081,749.8721018099166,749.8721018099166
2025-08-03,214,19,1485.2373375,1485.2373375,0.0,0.5318,789.8492160825001,789.8492160825001
2025-08-03,214,20,648.8716666666667,648.8716666666667,0.0,0.4914,318.855537,318.855537
2025-08-03,214,21,649.3151891666668,649.3151891666668,0.0,0.5062,328.6833487561667,328.6833487561667
2025-08-03,214,22,0.0,0.0,0.0,0.5223,0.0,0.0
2025-08-03,214,23,0.0,0.0,0.0,0.5011,0.0,0.0
2025-08-03,214,24,638.2215141666667,638.2215141666667,0.0,0.4731,301.94259835225,301.94259835225
2025-08-03,214,25,1460.6080299999999,1460.6080299999999,0.0,0.5017,732.787048651,732.787048651
2025-08-03,214,26,632.3450000000001,632.3450000000001,0.0,0.5581,352.9117445000001,352.9117445000001
2025-08-03,214,27,1490.6215508333332,1490.6215508333332,0.0,0.5472,815.6681126159999,815.6681126159999
2025-08-03,214,28,1346.715165094387,1346.715165094387,0.0,0.5068,682.5152456698354,682.5152456698354
2025-08-03,214,29,628.0704166666667,628.0704166666667,0.0,0.4835,303.67204645833334,303.67204645833334
2025-08-03,214,30,614.4475841666667,614.4475841666667,0.0,0.4871,299.2974182475833,299.2974182475833
2025-08-03,214,31,605.9790800000001,605.9790800000001,0.0,0.4841,293.354472628,293.354472628
2025-08-03,214,32,1403.2279166666667,1403.2279166666667,0.0,0.4438,622.7525494166666,622.7525494166666
2025-08-03,214,33,1333.7205716666665,1333.7205716666665,0.0,0.4038,538.5563668389999,538.5563668389999
2025-08-03,214,34,0.0,0.0,0.0,0.603,0.0,0.0
2025-08-03,214,35,0.0,0.0,0.0,0.9309,0.0,0.0
2025-08-03,214,36,0.0,0.0,0.0,1.0,0.0,0.0
2025-08-03,214,37,0.0,0.0,0.0,0.9098,0.0,0.0
2025-08-03,214,38,0.0,0.0,0.0,0.821,0.0,0.0
2025-08-03,214,39,0.0,0.0,0.0,0.8006,0.0,0.0
2025-08-03,214,40,0.0,0.0,0.0,0.8024,0.0,0.0
2025-08-03,214,41,0.0,0.0,0.0,0.7756,0.0,0.0
2025-08-03,214,42,0.0,0.0,0.0,0.716,0.0,0.0
2025-08-03,214,43,0.0,0.0,0.0,0.7081,0.0,0.0
2025-08-03,214,44,0.0,0.0,0.0,0.6945,0.0,0.0
2025-08-03,214,45,0.0,0.0,0.0,0.5848,0.0,0.0
2025-08-03,214,46,0.0,0.0,0.0,0.7843,0.0,0.0
2025-08-03,214,47,0.0,0.0,0.0,1.1641,0.0,0.0
2025-08-03,214,48,0.0,0.0,0.0,1.1565,0.0,0.0
2025-08-03,214,49,0.0,0.0,0.0,1.0672,0.0,0.0
2025-08-03,214,50,0.0,0.0,0.0,1.0791,0.0,0.0
2025-08-03,214,51,0.0,0.0,0.0,1.0569,0.0,0.0
2025-08-03,214,52,0.0,0.0,0.0,0.985,0.0,0.0
2025-08-03,214,53,0.0,0.0,0.0,0.9339,0.0,0.0
2025-08-03,214,54,0.0,0.0,0.0,0.9759,0.0,0.0
2025-08-03,214,55,0.0,0.0,0.0,0.9864,0.0,0.0
2025-08-03,214,56,0.0,0.0,0.0,0.9047,0.0,0.0
2025-08-03,214,57,0.0,0.0,0.0,0.8164,0.0,0.0
2025-08-03,214,58,0.0,0.0,0.0,0.9226,0.0,0.0
2025-08-03,214,59,0.0,0.0,0.0,1.1133,0.0,0.0
2025-08-03,214,60,0.0,0.0,0.0,1.0763,0.0,0.0
2025-08-03,214,61,0.0,0.0,0.0,1.0351,0.0,0.0
2025-08-03,214,62,0.0,0.0,0.0,1.0985,0.0,0.0
2025-08-03,214,63,0.0,0.0,0.0,1.1082,0.0,0.0
2025-08-03,214,64,0.0,0.0,0.0,0.8652,0.0,0.0
2025-08-03,214,65,0.0,0.0,0.0,0.5184,0.0,0.0
2025-08-03,214,66,387.3911908333332,387.3911908333332,0.0,0.4453,172.50529727808328,172.50529727808328
2025-08-03,214,67,0.0,0.0,0.0,0.5194,0.0,0.0
2025-08-03,214,68,0.0,0.0,0.0,0.5638,0.0,0.0
2025-08-03,214,69,0.0,0.0,0.0,0.5168,0.0,0.0
2025-08-03,214,70,45.67562170548706,45.67562170548706,0.0,0.456,20.8280834977021,20.8280834977021
2025-08-03,214,71,0.0,0.0,0.0,0.4224,0.0,0.0
2025-08-03,214,72,0.0,0.0,0.0,0.399,0.0,0.0
2025-08-03,214,73,0.0,0.0,0.0,0.4159,0.0,0.0
2025-08-03,214,74,0.0,0.0,0.0,0.4175,0.0,0.0
2025-08-03,214,75,0.0,0.0,0.0,0.3408,0.0,0.0
2025-08-03,214,76,0.0,0.0,0.0,0.4662,0.0,0.0
2025-08-03,214,77,0.0,0.0,0.0,0.7392,0.0,0.0
2025-08-03,214,78,0.0,0.0,0.0,0.808,0.0,0.0
2025-08-03,214,79,0.0,0.0,0.0,0.8126,0.0,0.0
2025-08-03,214,80,0.0,0.0,0.0,0.8298,0.0,0.0
2025-08-03,214,81,0.0,0.0,0.0,0.806,0.0,0.0
2025-08-03,214,82,0.0,0.0,0.0,0.9185,0.0,0.0
2025-08-03,214,83,0.0,0.0,0.0,1.1152,0.0,0.0
2025-08-03,214,84,0.0,0.0,0.0,1.1464,0.0,0.0
2025-08-03,214,85,0.0,0.0,0.0,1.1248,0.0,0.0
2025-08-03,214,86,0.0,0.0,0.0,1.1806,0.0,0.0
2025-08-03,214,87,0.0,0.0,0.0,1.2773,0.0,0.0
2025-08-03,214,88,0.0,0.0,0.0,1.04,0.0,0.0
2025-08-03,214,89,79.05845833333342,79.05845833333342,0.0,0.6198,49.00043247500005,49.00043247500005
2025-08-03,214,90,138.5477299999999,138.5477299999999,0.0,0.579,80.21913566999993,80.21913566999993
2025-08-03,214,91,1.526606712332068e-05,1.526606712332068e-05,0.0,0.6954,1.0616023077557202e-05,1.0616023077557202e-05
2025-08-03,214,92,372.5310284080748,372.5310284080748,0.0,0.7464,278.057159603787,278.057159603787
2025-08-03,214,93,223.2006941666666,223.2006941666666,0.0,0.7346,163.9632299348333,163.9632299348333
2025-08-03,214,94,300.57731416666707,300.57731416666707,0.0,0.7481,224.86188872808364,224.86188872808364
2025-08-03,214,95,333.2883750000001,333.2883750000001,0.0,0.7947,264.86427161250003,264.86427161250003
2025-08-03,214,96,382.4689599999999,382.4689599999999,0.0,0.8128,310.87077068799994,310.87077068799994
2025-08-03,214,97,426.9243325000001,426.9243325000001,0.0,0.858,366.3010772850001,366.3010772850001
2025-08-03,214,98,473.44054166666683,473.44054166666683,0.0,0.9304,440.48907996666685,440.48907996666685
2025-08-03,214,99,530.0290541666667,530.0290541666667,0.0,0.9624,510.0999617300001,510.0999617300001
2025-08-03,214,100,564.7451475,564.7451475,0.0,0.9613,542.8895102917501,542.8895102917501
2025-08-03,214,101,579.9904166666669,579.9904166666669,0.0,0.9617,557.7767837083335,557.7767837083335
2025-08-03,214,102,621.0512658333334,621.0512658333334,0.0,0.9971,619.2502171624168,619.2502171624168
2025-08-03,214,103,657.3765658333334,657.3765658333334,0.0,1.0647,699.9088296427501,699.9088296427501
2025-08-03,214,104,710.4263333333336,710.4263333333336,0.0,1.1274,800.9346482000002,800.9346482000002
2025-08-03,214,105,803.4293850000003,803.4293850000003,0.0,1.1519,925.4703085815003,925.4703085815003
2025-08-03,214,106,779.3646450000001,779.3646450000001,0.0,1.2166,948.175027107,948.175027107
2025-08-03,214,107,679.8904791666669,679.8904791666669,0.0,1.3183,896.2996186854169,896.2996186854169
2025-08-03,214,108,715.5641191666668,715.5641191666668,0.0,1.3672,978.3192637246669,978.3192637246669
2025-08-03,214,109,784.1233266666667,784.1233266666667,0.0,1.3698,1074.092132868,1074.092132868
2025-08-03,214,110,810.5564999999999,810.5564999999999,0.0,1.3533,1096.9261114499998,1096.9261114499998
2025-08-03,214,111,829.5465708333335,829.5465708333335,0.0,1.3578,1126.3583338775002,1126.3583338775002
2025-08-03,214,112,856.8790225000001,856.8790225000001,0.0,1.4834,1271.0943419765003,1271.0943419765003
2025-08-03,214,113,37.9763333333334,37.9763333333334,0.0,1.6533,62.78627190000011,62.78627190000011
2025-08-03,214,114,27.388972500000094,27.388972500000094,0.0,1.6769,45.92856798525016,45.92856798525016
2025-08-03,214,115,79.37856204839989,79.37856204839989,0.0,1.6701,132.57013647703263,132.57013647703263
2025-08-03,214,116,26.645083333333446,26.645083333333446,0.0,1.6877,44.968907141666854,44.968907141666854
2025-08-03,214,117,30.87996750000014,30.87996750000014,0.0,1.6713,51.609689682750236,51.609689682750236
2025-08-03,214,118,35.31777500000014,35.31777500000014,0.0,1.665,58.80409537500023,58.80409537500023
2025-08-03,214,119,38.159583333333444,38.159583333333444,0.0,1.669,63.68834458333352,63.68834458333352
2025-08-03,214,120,22.48215333333343,22.48215333333343,0.0,1.6407,36.88646897400016,36.88646897400016
2025-08-03,214,121,26.39834583333344,26.39834583333344,0.0,1.6447,43.41735939208351,43.41735939208351
2025-08-03,214,122,48.20358333333343,48.20358333333343,0.0,1.692,81.56046300000015,81.56046300000015
2025-08-03,214,123,51.83831583333352,51.83831583333352,0.0,1.6873,87.46679030558364,87.46679030558364
2025-08-03,214,124,882.19933,882.19933,0.0,1.4471,1276.6306504430001,1276.6306504430001
2025-08-03,214,125,874.1234166666667,874.1234166666667,0.0,1.1107,970.8888788916666,970.8888788916666
2025-08-03,214,126,847.4332716666668,847.4332716666668,0.0,1.0321,874.6358796871668,874.6358796871668
2025-08-03,214,127,849.7007966666667,849.7007966666667,0.0,1.0566,897.793861758,897.793861758
2025-08-03,214,128,877.5041666666667,877.5041666666667,0.0,1.0961,961.8323170833335,961.8323170833335
2025-08-03,214,129,865.30481,865.30481,0.0,1.1681,1010.7625485609999,1010.7625485609999
2025-08-03,214,130,779.0292883333333,779.0292883333333,0.0,0.9506,740.5452414896666,740.5452414896666
2025-08-03,214,131,1518.2670833333334,1518.2670833333334,0.0,0.5623,853.7215809583334,853.7215809583334
2025-08-03,214,132,1520.1770241666668,1520.1770241666668,0.0,0.4834,734.8535734821668,734.8535734821668
2025-08-03,214,133,715.8462983333334,715.8462983333334,0.0,0.5328,381.4029077520001,381.4029077520001
2025-08-03,214,134,711.5365833333334,711.5365833333334,0.0,0.5623,400.0970208083334,400.0970208083334
2025-08-03,214,135,692.3982466666668,692.3982466666668,0.0,0.5969,413.2925134353334,413.2925134353334
2025-08-03,214,136,1527.0396033333332,1527.0396033333332,0.0,0.5448,831.9311758959998,831.9311758959998
2025-08-03,214,137,1536.3988333333332,1536.3988333333332,0.0,0.4461,685.38751955,685.38751955
2025-08-03,214,138,1529.5044225000001,1529.5044225000001,0.0,0.453,692.8655033925,692.8655033925
2025-08-03,214,139,698.7306308333334,698.7306308333334,0.0,0.5157,360.33538632075005,360.33538632075005
2025-08-03,214,140,714.7161666666667,714.7161666666667,0.0,0.5583,399.02603585,399.02603585
2025-08-03,214,141,761.0702704360737,761.0702704360737,0.0,0.5481,417.14261522601197,417.14261522601197
2025-08-03,214,142,1566.5358116666666,1566.5358116666666,0.0,0.5228,818.9849223393334,818.9849223393334
2025-08-03,214,143,771.870875,771.870875,0.0,0.5148,397.35912645,397.35912645
2025-08-04,215,0,0.0,0.0,0.0,0.5307,0.0,0.0
2025-08-04,215,1,0.0,0.0,0.0,0.563,0.0,0.0
2025-08-04,215,2,712.8621666666667,712.8621666666667,0.0,0.5718,407.6145869,407.6145869
2025-08-04,215,3,746.4490291666666,746.4490291666666,0.0,0.5222,389.7956830308333,389.7956830308333
2025-08-04,215,4,760.4061716666666,760.4061716666666,0.0,0.5133,390.31648791649997,390.31648791649997
2025-08-04,215,5,1584.3439166666667,1584.3439166666667,0.0,0.5264,833.9986377333333,833.9986377333333
2025-08-04,215,6,752.7558274999999,752.7558274999999,0.0,0.4516,339.944531699,339.944531699
2025-08-04,215,7,1567.4473808333332,1567.4473808333332,0.0,0.4123,646.2585551175833,646.2585551175833
2025-08-04,215,8,1541.6159166666666,1541.6159166666666,0.0,0.4526,697.7353638833333,697.7353638833333
2025-08-04,215,9,737.1166358333335,737.1166358333335,0.0,0.4917,362.4402498392501,362.4402498392501
2025-08-04,215,10,0.0,0.0,0.0,0.5074,0.0,0.0
2025-08-04,215,11,718.6883333333334,718.6883333333334,0.0,0.5109,367.17786950000004,367.17786950000004
2025-08-04,215,12,738.0626991666668,738.0626991666668,0.0,0.5188,382.9069283276668,382.9069283276668
2025-08-04,215,13,0.0,0.0,0.0,0.5053,0.0,0.0
2025-08-04,215,14,0.0,0.0,0.0,0.4865,0.0,0.0
2025-08-04,215,15,714.2057634239128,714.2057634239128,0.0,0.5069,362.0309014795814,362.0309014795814
2025-08-04,215,16,712.80475,712.80475,0.0,0.5161,367.878531475,367.878531475
2025-08-04,215,17,710.8213333333333,710.8213333333333,0.0,0.4856,345.17483946666664,345.17483946666664
2025-08-04,215,18,714.7869141666667,714.7869141666667,0.0,0.4439,317.2939111985834,317.2939111985834
2025-08-04,215,19,716.896685,716.896685,0.0,0.457,327.621785045,327.621785045
2025-08-04,215,20,709.8882500000001,709.8882500000001,0.0,0.5114,363.03685105,363.03685105
2025-08-04,215,21,1525.6459758333333,1525.6459758333333,0.0,0.528,805.54107524,805.54107524
2025-08-04,215,22,1510.1767591666667,1510.1767591666667,0.0,0.5219,788.1612506090834,788.1612506090834
2025-08-04,215,23,1509.9888333333333,1509.9888333333333,0.0,0.5201,785.3451922166666,785.3451922166666
2025-08-04,215,24,1536.1051483333333,1536.1051483333333,0.0,0.5298,813.8285075870001,813.8285075870001
2025-08-04,215,25,1535.9558625,1535.9558625,0.0,0.529,812.5206512625,812.5206512625
2025-08-04,215,26,1518.7344166666667,1518.7344166666667,0.0,0.5184,787.3119216,787.3119216
2025-08-04,215,27,1535.1641224999998,1535.1641224999998,0.0,0.516,792.1446872099999,792.1446872099999
2025-08-04,215,28,702.6935425,702.6935425,0.0,0.4906,344.7414519505,344.7414519505
2025-08-04,215,29,681.9251666666668,681.9251666666668,0.0,0.4552,310.4123358666667,310.4123358666667
2025-08-04,215,30,675.6935766666667,675.6935766666667,0.0,0.4677,316.021885807,316.021885807
2025-08-04,215,31,751.530297557649,751.530297557649,0.0,0.5326,400.2650364792038,400.2650364792038
2025-08-04,215,32,1452.6364166666667,1452.6364166666667,0.0,0.5291,768.5899280583334,768.5899280583334
2025-08-04,215,33,1399.6350683333333,1399.6350683333333,0.0,0.374,523.4635155566666,523.4635155566666
2025-08-04,215,34,606.2895283333335,606.2895283333335,0.0,0.5483,332.4285483851667,332.4285483851667
2025-08-04,215,35,0.0,0.0,0.0,0.9439,0.0,0.0
2025-08-04,215,36,0.0,0.0,0.0,0.9539,0.0,0.0
2025-08-04,215,37,0.0,0.0,0.0,0.8834,0.0,0.0
2025-08-04,215,38,0.0,0.0,0.0,0.8939,0.0,0.0
2025-08-04,215,39,0.0,0.0,0.0,0.832,0.0,0.0
2025-08-04,215,40,0.0,0.0,0.0,0.7994,0.0,0.0
2025-08-04,215,41,0.0,0.0,0.0,0.8231,0.0,0.0
2025-08-04,215,42,0.0,0.0,0.0,0.8089,0.0,0.0
2025-08-04,215,43,0.0,0.0,0.0,0.751,0.0,0.0
2025-08-04,215,44,0.0,0.0,0.0,0.6514,0.0,0.0
2025-08-04,215,45,0.0,0.0,0.0,0.5631,0.0,0.0
2025-08-04,215,46,0.0,0.0,0.0,0.782,0.0,0.0
2025-08-04,215,47,0.0,0.0,0.0,1.1456,0.0,0.0
2025-08-04,215,48,0.0,0.0,0.0,1.157,0.0,0.0
2025-08-04,215,49,0.0,0.0,0.0,1.0486,0.0,0.0
2025-08-04,215,50,0.0,0.0,0.0,1.023,0.0,0.0
2025-08-04,215,51,0.0,0.0,0.0,1.049,0.0,0.0
2025-08-04,215,52,0.0,0.0,0.0,1.0384,0.0,0.0
2025-08-04,215,53,0.0,0.0,0.0,0.9926,0.0,0.0
2025-08-04,215,54,0.0,0.0,0.0,0.9825,0.0,0.0
2025-08-04,215,55,0.0,0.0,0.0,0.9539,0.0,0.0
2025-08-04,215,56,0.0,0.0,0.0,0.9044,0.0,0.0
2025-08-04,215,57,0.0,0.0,0.0,0.9096,0.0,0.0
2025-08-04,215,58,0.0,0.0,0.0,1.0133,0.0,0.0
2025-08-04,215,59,0.0,0.0,0.0,1.1265,0.0,0.0
2025-08-04,215,60,0.0,0.0,0.0,1.1055,0.0,0.0
2025-08-04,215,61,0.0,0.0,0.0,1.0793,0.0,0.0
2025-08-04,215,62,0.0,0.0,0.0,1.1311,0.0,0.0
2025-08-04,215,63,0.0,0.0,0.0,1.1713,0.0,0.0
2025-08-04,215,64,0.0,0.0,0.0,0.9045,0.0,0.0
2025-08-04,215,65,0.0,0.0,0.0,0.5038,0.0,0.0
2025-08-04,215,66,628.0969825,628.0969825,0.0,0.4625,290.49485440625,290.49485440625
2025-08-04,215,67,0.0,0.0,0.0,0.4936,0.0,0.0
2025-08-04,215,68,0.0,0.0,0.0,0.4533,0.0,0.0
2025-08-04,215,69,631.4538358333336,631.4538358333336,0.0,0.4823,304.5501850224168,304.5501850224168
2025-08-04,215,70,572.7171308333334,572.7171308333334,0.0,0.4891,280.11594869058337,280.11594869058337
2025-08-04,215,71,540.7601041666667,540.7601041666667,0.0,0.4391,237.44776173958334,237.44776173958334
2025-08-04,215,72,192.62893148148987,192.62893148148987,0.0,0.4098,78.93933612111455,78.93933612111455
2025-08-04,215,73,0.0,0.0,0.0,0.4476,0.0,0.0
2025-08-04,215,74,576.5660625,576.5660625,0.0,0.4689,270.35182670625,270.35182670625
2025-08-04,215,75,564.0048633333333,564.0048633333333,0.0,0.379,213.75784320333332,213.75784320333332
2025-08-04,215,76,0.0,0.0,0.0,0.5034,0.0,0.0
2025-08-04,215,77,0.0,0.0,0.0,0.8077,0.0,0.0
2025-08-04,215,78,0.0,0.0,0.0,0.909,0.0,0.0
2025-08-04,215,79,0.0,0.0,0.0,0.8891,0.0,0.0
2025-08-04,215,80,0.0,0.0,0.0,0.8575,0.0,0.0
2025-08-04,215,81,0.0,0.0,0.0,0.8496,0.0,0.0
2025-08-04,215,82,0.0,0.0,0.0,0.973,0.0,0.0
2025-08-04,215,83,0.0,0.0,0.0,1.1541,0.0,0.0
2025-08-04,215,84,0.0,0.0,0.0,1.1873,0.0,0.0
2025-08-04,215,85,0.0,0.0,0.0,1.142,0.0,0.0
2025-08-04,215,86,0.0,0.0,0.0,1.165,0.0,0.0
2025-08-04,215,87,0.0,0.0,0.0,1.2882,0.0,0.0
2025-08-04,215,88,0.0,0.0,0.0,1.0887,0.0,0.0
2025-08-04,215,89,161.84068750000029,161.84068750000029,0.0,0.7026,113.7092670375002,113.7092670375002
2025-08-04,215,90,549.0617725925938,549.0617725925938,0.0,0.7132,391.59085621303785,391.59085621303785
2025-08-04,215,91,255.86510083333314,255.86510083333314,0.0,0.8142,208.32536509849984,208.32536509849984
2025-08-04,215,92,323.8396041666666,323.8396041666666,0.0,0.8069,261.30617660208327,261.30617660208327
2025-08-04,215,93,379.1111900000001,379.1111900000001,0.0,0.8027,304.31255221300006,304.31255221300006
2025-08-04,215,94,422.137306666667,422.137306666667,0.0,0.8099,341.8890046693336,341.8890046693336
2025-08-04,215,95,457.2105416666668,457.2105416666668,0.0,0.8481,387.7602603875001,387.7602603875001
2025-08-04,215,96,533.7954366666668,533.7954366666668,0.0,0.9458,504.86372399933344,504.86372399933344
2025-08-04,215,97,604.5880425000001,604.5880425000001,0.0,1.009,610.0293348825,610.0293348825
2025-08-04,215,98,656.701291666667,656.701291666667,0.0,0.9782,642.3852035083336,642.3852035083336
2025-08-04,215,99,691.3198466666668,691.3198466666668,0.0,0.8929,617.2794910886668,617.2794910886668
2025-08-04,215,100,728.2618883333332,728.2618883333332,0.0,0.9162,667.2335420909999,667.2335420909999
2025-08-04,215,101,782.3536041666667,782.3536041666667,0.0,1.0354,810.0489217541668,810.0489217541668
2025-08-04,215,102,858.4028275000002,858.4028275000002,0.0,1.0831,929.7361024652502,929.7361024652502
2025-08-04,215,103,888.8975441666666,888.8975441666666,0.0,1.0922,970.8538977388333,970.8538977388333
2025-08-04,215,104,923.5201250000001,923.5201250000001,0.0,1.0891,1005.8057681375001,1005.8057681375001
2025-08-04,215,105,1029.5626991666668,1029.5626991666668,0.0,1.0774,1109.2508520821666,1109.2508520821666
2025-08-04,215,106,971.2321666666667,971.2321666666667,0.0,1.1926,1158.2914819666669,1158.2914819666669
2025-08-04,215,107,790.0340833333335,790.0340833333335,0.0,1.3546,1070.1801692833335,1070.1801692833335
2025-08-04,215,108,797.4744558333334,797.4744558333334,0.0,1.3368,1066.063852558,1066.063852558
2025-08-04,215,109,859.9458183333334,859.9458183333334,0.0,1.3147,1130.5707673628333,1130.5707673628333
2025-08-04,215,110,882.2956041666666,882.2956041666666,0.0,1.3558,1196.2163801291665,1196.2163801291665
2025-08-04,215,111,921.0102683333334,921.0102683333334,0.0,1.3684,1260.3104511873335,1260.3104511873335
2025-08-04,215,112,941.3926166666668,941.3926166666668,0.0,1.4643,1378.481208585,1378.481208585
2025-08-04,215,113,164.9101720483999,164.9101720483999,0.0,1.6137,266.1155446345029,266.1155446345029
2025-08-04,215,114,127.79541500000018,127.79541500000018,0.0,1.641,209.7122760150003,209.7122760150003
2025-08-04,215,115,131.67005166666686,131.67005166666686,0.0,1.567,206.32697096166697,206.32697096166697
2025-08-04,215,116,118.8932500000002,118.8932500000002,0.0,1.5282,181.6926646500003,181.6926646500003
2025-08-04,215,117,135.4918283333335,135.4918283333335,0.0,1.6409,222.32854111216696,222.32854111216696
2025-08-04,215,118,149.40158250000013,149.40158250000013,0.0,1.6947,253.19086186275024,253.19086186275024
2025-08-04,215,119,141.31066666666686,141.31066666666686,0.0,1.6381,231.48100306666697,231.48100306666697
2025-08-04,215,120,115.18481833333357,115.18481833333357,0.0,1.6173,186.28840669050038,186.28840669050038
2025-08-04,215,121,114.0594075000002,114.0594075000002,0.0,1.6082,183.43033914150033,183.43033914150033
2025-08-04,215,122,137.5675000000001,137.5675000000001,0.0,1.6271,223.83607925000018,223.83607925000018
2025-08-04,215,123,148.07250500000004,148.07250500000004,0.0,1.6894,250.15368994700006,250.15368994700006
2025-08-04,215,124,975.2895258333334,975.2895258333334,0.0,1.4872,1450.4505828193335,1450.4505828193335
2025-08-04,215,125,970.9305833333334,970.9305833333334,0.0,1.1255,1092.7823715416666,1092.7823715416666
2025-08-04,215,126,983.441445,983.441445,0.0,1.0462,1028.876439759,1028.876439759
2025-08-04,215,127,997.8759933333334,997.8759933333334,0.0,1.0686,1066.330286476,1066.330286476
2025-08-04,215,128,1010.1550000000001,1010.1550000000001,0.0,1.0934,1104.503477,1104.503477
2025-08-04,215,129,1010.3247925000001,1010.3247925000001,0.0,1.1624,1174.4015388020002,1174.4015388020002
2025-08-04,215,130,908.4910825000001,908.4910825000001,0.0,0.9389,852.98227735925,852.98227735925
2025-08-04,215,131,1605.3603333333335,1605.3603333333335,0.0,0.5455,875.7240618333334,875.7240618333334
2025-08-04,215,132,1600.0317116666665,1600.0317116666665,0.0,0.4805,768.8152374558332,768.8152374558332
2025-08-04,215,133,788.7967758333334,788.7967758333334,0.0,0.5283,416.72133667275006,416.72133667275006
2025-08-04,215,134,1616.5085,1616.5085,0.0,0.5308,858.0427118,858.0427118
2025-08-04,215,135,879.130335361879,879.130335361879,0.0,0.5485,482.2029889459906,482.2029889459906
2025-08-04,215,136,1611.6953258333333,1611.6953258333333,0.0,0.5519,889.4946503274166,889.4946503274166
2025-08-04,215,137,1555.6041666666665,1555.6041666666665,0.0,0.5458,849.0487541666665,849.0487541666665
2025-08-04,215,138,1574.6675324999999,1574.6675324999999,0.0,0.5699,897.4030267717499,897.4030267717499
2025-08-04,215,139,775.9143083333332,775.9143083333332,0.0,0.5673,440.1761871175,440.1761871175
2025-08-04,215,140,786.18775,786.18775,0.0,0.531,417.46569525000007,417.46569525000007
2025-08-04,215,141,0.023264316775112093,0.023264316775112093,0.0,0.5187,0.012067201111250644,0.012067201111250644
2025-08-04,215,142,755.2497183333334,755.2497183333334,0.0,0.5455,411.9887213508333,411.9887213508333
2025-08-04,215,143,1595.5312083333333,1595.5312083333333,0.0,0.5816,927.9609507666667,927.9609507666667
2025-08-05,216,0,911.3529016140496,911.3529016140496,0.0,0.5767,525.5772183608224,525.5772183608224
2025-08-05,216,1,0.0,0.0,0.0,0.5351,0.0,0.0
2025-08-05,216,2,0.0,0.0,0.0,0.4983,0.0,0.0
2025-08-05,216,3,762.7101275,762.7101275,0.0,0.5076,387.15166071900006,387.15166071900006
2025-08-05,216,4,1572.7300708333332,1572.7300708333332,0.0,0.5127,806.3387073162501,806.3387073162501
2025-08-05,216,5,721.3136666666668,721.3136666666668,0.0,0.5087,366.9322622333334,366.9322622333334
2025-08-05,216,6,710.9064375,710.9064375,0.0,0.5348,380.19276277500006,380.19276277500006
2025-08-05,216,7,1553.1012341666665,1553.1012341666665,0.0,0.5365,833.2388121304165,833.2388121304165
2025-08-05,216,8,730.4674655812825,730.4674655812825,0.0,0.5241,382.83799871115014,382.83799871115014
2025-08-05,216,9,0.0,0.0,0.0,0.5574,0.0,0.0
2025-08-05,216,10,0.0,0.0,0.0,0.5446,0.0,0.0
2025-08-05,216,11,0.0,0.0,0.0,0.4942,0.0,0.0
2025-08-05,216,12,0.0,0.0,0.0,0.5077,0.0,0.0
2025-08-05,216,13,702.6313333333335,702.6313333333335,0.0,0.5086,357.35829613333345,357.35829613333345
2025-08-05,216,14,1531.3675833333332,1531.3675833333332,0.0,0.5062,775.1782706833333,775.1782706833333
2025-08-05,216,15,720.6396541666669,720.6396541666669,0.0,0.5786,416.9621039008335,416.9621039008335
2025-08-05,216,16,715.6758791666667,715.6758791666667,0.0,0.5647,404.1421689654167,404.1421689654167
2025-08-05,216,17,1519.1393333333333,1519.1393333333333,0.0,0.4857,737.8459742,737.8459742
2025-08-05,216,18,689.3383733333334,689.3383733333334,0.0,0.5241,361.28224146400004,361.28224146400004
2025-08-05,216,19,711.5297841666666,711.5297841666666,0.0,0.5389,383.4434006874166,383.4434006874166
2025-08-05,216,20,725.8190000000001,725.8190000000001,0.0,0.4914,356.66745660000004,356.66745660000004
2025-08-05,216,21,719.9821983333334,719.9821983333334,0.0,0.4979,358.4791365501667,358.4791365501667
2025-08-05,216,22,711.8753624999999,711.8753624999999,0.0,0.5472,389.53819835999997,389.53819835999997
2025-08-05,216,23,704.4116666666666,704.4116666666666,0.0,0.5683,400.3171501666667,400.3171501666667
2025-08-05,216,24,1527.9037366666666,1527.9037366666666,0.0,0.5036,769.4523217853334,769.4523217853334
2025-08-05,216,25,1531.6644849999998,1531.6644849999998,0.0,0.4506,690.1680169409999,690.1680169409999
2025-08-05,216,26,1538.0406666666668,1538.0406666666668,0.0,0.4727,727.0318231333334,727.0318231333334
2025-08-05,216,27,1520.4411774999999,1520.4411774999999,0.0,0.5396,820.4300593789999,820.4300593789999
2025-08-05,216,28,1503.0958316666665,1503.0958316666665,0.0,0.5408,812.8742257653332,812.8742257653332
2025-08-05,216,29,668.5702500000001,668.5702500000001,0.0,0.48,320.91372,320.91372
2025-08-05,216,30,667.1912708333333,667.1912708333333,0.0,0.4597,306.7078272020833,306.7078272020833
2025-08-05,216,31,1489.5645541666668,1489.5645541666668,0.0,0.4469,665.6863992570834,665.6863992570834
2025-08-05,216,32,1453.0952708333334,1453.0952708333334,0.0,0.4078,592.5722514458333,592.5722514458333
2025-08-05,216,33,1403.6848033333333,1403.6848033333333,0.0,0.392,550.2444429066667,550.2444429066667
2025-08-05,216,34,604.034915,604.034915,0.0,0.6236,376.676172994,376.676172994
2025-08-05,216,35,0.0,0.0,0.0,0.9409,0.0,0.0
2025-08-05,216,36,0.0,0.0,0.0,0.9296,0.0,0.0
2025-08-05,216,37,0.0,0.0,0.0,0.8665,0.0,0.0
2025-08-05,216,38,0.0,0.0,0.0,0.8991,0.0,0.0
2025-08-05,216,39,0.0,0.0,0.0,0.9,0.0,0.0
2025-08-05,216,40,0.0,0.0,0.0,0.8685,0.0,0.0
2025-08-05,216,41,0.0,0.0,0.0,0.8066,0.0,0.0
2025-08-05,216,42,0.0,0.0,0.0,0.7153,0.0,0.0
2025-08-05,216,43,0.0,0.0,0.0,0.7114,0.0,0.0
2025-08-05,216,44,0.0,0.0,0.0,0.7159,0.0,0.0
2025-08-05,216,45,169.11773416666665,169.11773416666665,0.0,0.5819,98.40960951158333,98.40960951158333
2025-08-05,216,46,0.0,0.0,0.0,0.762,0.0,0.0
2025-08-05,216,47,0.0,0.0,0.0,1.1605,0.0,0.0
2025-08-05,216,48,0.0,0.0,0.0,1.1967,0.0,0.0
2025-08-05,216,49,0.0,0.0,0.0,1.1417,0.0,0.0
2025-08-05,216,50,0.0,0.0,0.0,1.1369,0.0,0.0
2025-08-05,216,51,0.0,0.0,0.0,1.0418,0.0,0.0
2025-08-05,216,52,0.0,0.0,0.0,0.9815,0.0,0.0
2025-08-05,216,53,0.0,0.0,0.0,0.9865,0.0,0.0
2025-08-05,216,54,0.0,0.0,0.0,0.9568,0.0,0.0
2025-08-05,216,55,0.0,0.0,0.0,0.9282,0.0,0.0
2025-08-05,216,56,0.0,0.0,0.0,0.9126,0.0,0.0
2025-08-05,216,57,0.0,0.0,0.0,0.901,0.0,0.0
2025-08-05,216,58,0.0,0.0,0.0,1.0269,0.0,0.0
2025-08-05,216,59,0.0,0.0,0.0,1.188,0.0,0.0
2025-08-05,216,60,0.0,0.0,0.0,1.1327,0.0,0.0
2025-08-05,216,61,0.0,0.0,0.0,1.0903,0.0,0.0
2025-08-05,216,62,0.0,0.0,0.0,1.155,0.0,0.0
2025-08-05,216,63,0.0,0.0,0.0,1.1556,0.0,0.0
2025-08-05,216,64,0.0,0.0,0.0,0.9059,0.0,0.0
2025-08-05,216,65,0.0,0.0,0.0,0.5578,0.0,0.0
2025-08-05,216,66,0.0,0.0,0.0,0.4703,0.0,0.0
2025-08-05,216,67,0.0,0.0,0.0,0.4836,0.0,0.0
2025-08-05,216,68,368.04973537037824,368.04973537037824,0.0,0.4716,173.57225520067038,173.57225520067038
2025-08-05,216,69,0.0,0.0,0.0,0.4674,0.0,0.0
2025-08-05,216,70,614.4128700000001,614.4128700000001,0.0,0.4696,288.52828375200005,288.52828375200005
2025-08-05,216,71,562.3009375000004,562.3009375000004,0.0,0.4376,246.06289025000015,246.06289025000015
2025-08-05,216,72,541.3709933333332,541.3709933333332,0.0,0.3459,187.26022659399996,187.26022659399996
2025-08-05,216,73,547.4132500000001,547.4132500000001,0.0,0.3346,183.16447345000003,183.16447345000003
2025-08-05,216,74,547.3491875,547.3491875,0.0,0.3887,212.75462918124998,212.75462918124998
2025-08-05,216,75,538.8494458333334,538.8494458333334,0.0,0.3861,208.04977103625004,208.04977103625004
2025-08-05,216,76,0.0,0.0,0.0,0.5443,0.0,0.0
2025-08-05,216,77,0.0,0.0,0.0,0.8101,0.0,0.0
2025-08-05,216,78,0.0,0.0,0.0,0.8718,0.0,0.0
2025-08-05,216,79,0.0,0.0,0.0,0.8143,0.0,0.0
2025-08-05,216,80,0.0,0.0,0.0,0.7732,0.0,0.0
2025-08-05,216,81,0.0,0.0,0.0,0.8197,0.0,0.0
2025-08-05,216,82,0.0,0.0,0.0,0.9708,0.0,0.0
2025-08-05,216,83,0.0,0.0,0.0,1.1354,0.0,0.0
2025-08-05,216,84,0.0,0.0,0.0,1.177,0.0,0.0
2025-08-05,216,85,0.0,0.0,0.0,1.1565,0.0,0.0
2025-08-05,216,86,0.0,0.0,0.0,1.1812,0.0,0.0
2025-08-05,216,87,0.0,0.0,0.0,1.2593,0.0,0.0
2025-08-05,216,88,0.0,0.0,0.0,1.043,0.0,0.0
2025-08-05,216,89,170.48860416666685,170.48860416666685,0.0,0.6811,116.1197882979168,116.1197882979168
2025-08-05,216,90,561.542722500001,561.542722500001,0.0,0.6953,390.4406549542507,390.4406549542507
2025-08-05,216,91,278.98678166666684,278.98678166666684,0.0,0.7751,216.24265446983347,216.24265446983347
2025-08-05,216,92,307.5162291666668,307.5162291666668,0.0,0.7599,233.6815825437501,233.6815825437501
2025-08-05,216,93,354.96363250000013,354.96363250000013,0.0,0.8,283.9709060000001,283.9709060000001
2025-08-05,216,94,432.3512941666668,432.3512941666668,0.0,0.8372,361.96450347633345,361.96450347633345
2025-08-05,216,95,493.28385416666686,493.28385416666686,0.0,0.8385,413.61851171875014,413.61851171875014
2025-08-05,216,96,528.9129875,528.9129875,0.0,0.8458,447.3546048275,447.3546048275
2025-08-05,216,97,584.5127058333334,584.5127058333334,0.0,0.8737,510.6887510865834,510.6887510865834
2025-08-05,216,98,665.4008750000002,665.4008750000002,0.0,0.92,612.1688050000001,612.1688050000001
2025-08-05,216,99,697.4450975000001,697.4450975000001,0.0,0.9699,676.4520000652501,676.4520000652501
2025-08-05,216,100,738.5552916666668,738.5552916666668,0.0,0.9958,735.4533594416667,735.4533594416667
2025-08-05,216,101,801.4292291666668,801.4292291666668,0.0,0.9974,799.3455131708334,799.3455131708334
2025-08-05,216,102,830.0578200000001,830.0578200000001,0.0,1.0009,830.804872038,830.804872038
2025-08-05,216,103,869.0926833333334,869.0926833333334,0.0,1.0157,882.7374384616668,882.7374384616668
2025-08-05,216,104,945.9305,945.9305,0.0,1.0376,981.4974868000002,981.4974868000002
2025-08-05,216,105,1018.4112008333333,1018.4112008333333,0.0,1.0697,1089.3944615314167,1089.3944615314167
2025-08-05,216,106,928.7440983333335,928.7440983333335,0.0,1.1746,1090.9028179023335,1090.9028179023335
2025-08-05,216,107,771.1905833333335,771.1905833333335,0.0,1.3036,1005.3240444333336,1005.3240444333336
2025-08-05,216,108,818.3322908333334,818.3322908333334,0.0,1.3344,1091.9826088880002,1091.9826088880002
2025-08-05,216,109,877.7263525000002,877.7263525000002,0.0,1.3535,1188.00261810875,1188.00261810875
2025-08-05,216,110,872.3575000000001,872.3575000000001,0.0,1.3829,1206.38318675,1206.38318675
2025-08-05,216,111,921.0358266666668,921.0358266666668,0.0,1.3817,1272.5952017053335,1272.5952017053335
2025-08-05,216,112,977.2041150000001,977.2041150000001,0.0,1.5168,1482.2232016320002,1482.2232016320002
2025-08-05,216,113,149.36708333333343,149.36708333333343,0.0,1.6982,253.6551809166668,253.6551809166668
2025-08-05,216,114,114.9303716666668,114.9303716666668,0.0,1.6532,190.00289043933356,190.00289043933356
2025-08-05,216,115,106.68042083333349,106.68042083333349,0.0,1.6059,171.31808781625026,171.31808781625026
2025-08-05,216,116,129.35833333333346,129.35833333333346,0.0,1.6578,214.4502450000002,214.4502450000002
2025-08-05,216,117,128.50576500000025,128.50576500000025,0.0,1.6842,216.42940941300043,216.42940941300043
2025-08-05,216,118,122.0379375000002,122.0379375000002,0.0,1.6587,202.42432693125033,202.42432693125033
2025-08-05,216,119,126.24900000000025,126.24900000000025,0.0,1.6286,205.60912140000042,205.60912140000042
2025-08-05,216,120,122.54526416666671,122.54526416666671,0.0,1.6489,202.06488608441674,202.06488608441674
2025-08-05,216,121,173.84536871506668,173.84536871506668,0.0,1.6276,282.9507221206425,282.9507221206425
2025-08-05,216,122,116.45908333333341,116.45908333333341,0.0,1.6147,188.04648185833346,188.04648185833346
2025-08-05,216,123,135.73283000000018,135.73283000000018,0.0,1.7018,230.9901300940003,230.9901300940003
2025-08-05,216,124,969.3865166666668,969.3865166666668,0.0,1.4624,1417.6308419733334,1417.6308419733334
2025-08-05,216,125,951.4370000000001,951.4370000000001,0.0,1.045,994.2516650000001,994.2516650000001
2025-08-05,216,126,1776.9602168307433,1776.9602168307433,0.0,1.0501,1865.9859236939635,1865.9859236939635
2025-08-05,216,127,943.5069916666667,943.5069916666667,0.0,1.0813,1020.2141100891666,1020.2141100891666
2025-08-05,216,128,960.0093333333334,960.0093333333334,0.0,1.0302,989.0016152000001,989.0016152000001
2025-08-05,216,129,238.4351810189977,238.4351810189977,0.0,1.1447,272.93675171244666,272.93675171244666
2025-08-05,216,130,901.2157191666666,901.2157191666666,0.0,0.9492,855.433960633,855.433960633
2025-08-05,216,131,1588.606,1588.606,0.0,0.5256,834.9713135999999,834.9713135999999
2025-08-05,216,132,1578.7648916666667,1578.7648916666667,0.0,0.4815,760.1752953375,760.1752953375
2025-08-05,216,133,80.56656647579928,80.56656647579928,0.0,0.5606,45.16561716633307,45.16561716633307
2025-08-05,216,134,785.5295,785.5295,0.0,0.5595,439.50375525,439.50375525
2025-08-05,216,135,790.9932566666666,790.9932566666666,0.0,0.5425,429.11384174166665,429.11384174166665
2025-08-05,216,136,1598.3182891666665,1598.3182891666665,0.0,0.5376,859.2559122559999,859.2559122559999
2025-08-05,216,137,1570.4840833333333,1570.4840833333333,0.0,0.5377,844.4492916083333,844.4492916083333
2025-08-05,216,138,1602.2596683333334,1602.2596683333334,0.0,0.5261,842.9488115101667,842.9488115101667
2025-08-05,216,139,788.0099616666668,788.0099616666668,0.0,0.54,425.52537930000005,425.52537930000005
2025-08-05,216,140,772.3241666666667,772.3241666666667,0.0,0.5757,444.62702275,444.62702275
2025-08-05,216,141,756.8411800000002,756.8411800000002,0.0,0.5869,444.1900885420001,444.1900885420001
2025-08-05,216,142,1598.0625758333333,1598.0625758333333,0.0,0.5716,913.4525683463334,913.4525683463334
2025-08-05,216,143,1596.92525,1596.92525,0.0,0.5395,861.541172375,861.541172375
2025-08-06,217,0,755.1432016666668,755.1432016666668,0.0,0.5077,383.3862034861667,383.3862034861667
2025-08-06,217,1,732.8278308333333,732.8278308333333,0.0,0.5178,379.45825080550003,379.45825080550003
2025-08-06,217,2,741.0911666666667,741.0911666666667,0.0,0.5442,403.3018129,403.3018129
2025-08-06,217,3,758.3533866666667,758.3533866666667,0.0,0.5173,392.29620692266667,392.29620692266667
2025-08-06,217,4,757.5721675,757.5721675,0.0,0.4882,369.8467321735,369.8467321735
2025-08-06,217,5,0.0,0.0,0.0,0.5097,0.0,0.0
2025-08-06,217,6,752.1859266666668,752.1859266666668,0.0,0.5773,434.2369354646668,434.2369354646668
2025-08-06,217,7,1567.662880833333,1567.662880833333,0.0,0.5782,906.4226776978333,906.4226776978333
2025-08-06,217,8,1543.1449166666666,1543.1449166666666,0.0,0.5171,797.9602364083333,797.9602364083333
2025-08-06,217,9,733.0065433333334,733.0065433333334,0.0,0.5079,372.29402335900005,372.29402335900005
2025-08-06,217,10,0.0,0.0,0.0,0.5271,0.0,0.0
2025-08-06,217,11,0.0,0.0,0.0,0.536,0.0,0.0
2025-08-06,217,12,0.0,0.0,0.0,0.5243,0.0,0.0
2025-08-06,217,13,96.4717891953809,96.4717891953809,0.0,0.5112,49.316378636678714,49.316378636678714
2025-08-06,217,14,702.2049999999999,702.2049999999999,0.0,0.5123,359.73962149999994,359.73962149999994
2025-08-06,217,15,702.4252675000001,702.4252675000001,0.0,0.5269,370.1078734457501,370.1078734457501
2025-08-06,217,16,705.5380191666667,705.5380191666667,0.0,0.5317,375.13456479091667,375.13456479091667
2025-08-06,217,17,697.0938333333334,697.0938333333334,0.0,0.5163,359.90954615,359.90954615
2025-08-06,217,18,708.9716983333334,708.9716983333334,0.0,0.4919,348.7431784101667,348.7431784101667
2025-08-06,217,19,714.99803,714.99803,0.0,0.4809,343.842552627,343.842552627
2025-08-06,217,20,705.5308333333335,705.5308333333335,0.0,0.5026,354.5997968333334,354.5997968333334
2025-08-06,217,21,1533.6225574999999,1533.6225574999999,0.0,0.547,838.8915389525,838.8915389525
2025-08-06,217,22,1542.3164566666667,1542.3164566666667,0.0,0.5196,801.3876308839999,801.3876308839999
2025-08-06,217,23,1550.7473117004638,1550.7473117004638,0.0,0.4524,701.5580838132898,701.5580838132898
2025-08-06,217,24,699.4792708333334,699.4792708333334,0.0,0.47,328.7552572916667,328.7552572916667
2025-08-06,217,25,692.3206225,692.3206225,0.0,0.4795,331.96773848875,331.96773848875
2025-08-06,217,26,1538.3427499999998,1538.3427499999998,0.0,0.4471,687.7930435249999,687.7930435249999
2025-08-06,217,27,708.6995041666667,708.6995041666667,0.0,0.441,312.5364813375,312.5364813375
2025-08-06,217,28,688.0396066666667,688.0396066666667,0.0,0.4785,329.22695179,329.22695179
2025-08-06,217,29,1500.8868333333335,1500.8868333333335,0.0,0.5218,783.1627496333334,783.1627496333334
2025-08-06,217,30,1504.2310175,1504.2310175,0.0,0.5165,776.9353205387499,776.9353205387499
2025-08-06,217,31,1497.1436366666667,1497.1436366666667,0.0,0.5043,755.009535971,755.009535971
2025-08-06,217,32,1456.1259791666666,1456.1259791666666,0.0,0.4785,696.75628103125,696.75628103125
2025-08-06,217,33,1411.6824325,1411.6824325,0.0,0.4338,612.3878392185001,612.3878392185001
2025-08-06,217,34,597.3917666666669,597.3917666666669,0.0,0.6365,380.2398594833334,380.2398594833334
2025-08-06,217,35,0.0,0.0,0.0,0.9452,0.0,0.0
2025-08-06,217,36,0.0,0.0,0.0,0.9307,0.0,0.0
2025-08-06,217,37,0.0,0.0,0.0,0.9033,0.0,0.0
2025-08-06,217,38,0.0,0.0,0.0,0.9433,0.0,0.0
2025-08-06,217,39,0.0,0.0,0.0,0.8239,0.0,0.0
2025-08-06,217,40,0.0,0.0,0.0,0.7556,0.0,0.0
2025-08-06,217,41,0.0,0.0,0.0,0.7742,0.0,0.0
2025-08-06,217,42,0.0,0.0,0.0,0.7068,0.0,0.0
2025-08-06,217,43,0.0,0.0,0.0,0.6911,0.0,0.0
2025-08-06,217,44,0.0,0.0,0.0,0.7071,0.0,0.0
2025-08-06,217,45,0.0,0.0,0.0,0.625,0.0,0.0
2025-08-06,217,46,0.0,0.0,0.0,0.8083,0.0,0.0
2025-08-06,217,47,0.0,0.0,0.0,1.1677,0.0,0.0
2025-08-06,217,48,0.0,0.0,0.0,1.2074,0.0,0.0
2025-08-06,217,49,0.0,0.0,0.0,1.1137,0.0,0.0
2025-08-06,217,50,0.0,0.0,0.0,1.0615,0.0,0.0
2025-08-06,217,51,0.0,0.0,0.0,1.0357,0.0,0.0
2025-08-06,217,52,0.0,0.0,0.0,1.0117,0.0,0.0
2025-08-06,217,53,0.0,0.0,0.0,0.9736,0.0,0.0
2025-08-06,217,54,0.0,0.0,0.0,0.9274,0.0,0.0
2025-08-06,217,55,0.0,0.0,0.0,0.9272,0.0,0.0
2025-08-06,217,56,0.0,0.0,0.0,0.9269,0.0,0.0
2025-08-06,217,57,0.0,0.0,0.0,0.8518,0.0,0.0
2025-08-06,217,58,0.0,0.0,0.0,0.9413,0.0,0.0
2025-08-06,217,59,0.0,0.0,0.0,1.1263,0.0,0.0
2025-08-06,217,60,0.0,0.0,0.0,1.087,0.0,0.0
2025-08-06,217,61,0.0,0.0,0.0,1.0449,0.0,0.0
2025-08-06,217,62,0.0,0.0,0.0,1.1325,0.0,0.0
2025-08-06,217,63,0.0,0.0,0.0,1.2048,0.0,0.0
2025-08-06,217,64,0.0,0.0,0.0,0.9451,0.0,0.0
2025-08-06,217,65,0.0,0.0,0.0,0.5154,0.0,0.0
2025-08-06,217,66,0.0,0.0,0.0,0.423,0.0,0.0
2025-08-06,217,67,0.0,0.0,0.0,0.4918,0.0,0.0
2025-08-06,217,68,0.0,0.0,0.0,0.539,0.0,0.0
2025-08-06,217,69,0.0,0.0,0.0,0.5439,0.0,0.0
2025-08-06,217,70,23.556621574080964,23.556621574080964,0.0,0.4593,10.819556288975386,10.819556288975386
2025-08-06,217,71,521.3603125,521.3603125,0.0,0.3616,188.52388899999997,188.52388899999997
2025-08-06,217,72,502.55064833333313,502.55064833333313,0.0,0.3925,197.25112947083326,197.25112947083326
2025-08-06,217,73,455.9651000000001,455.9651000000001,0.0,0.4347,198.20802897000004,198.20802897000004
2025-08-06,217,74,449.30987500000015,449.30987500000015,0.0,0.419,188.26083762500005,188.26083762500005
2025-08-06,217,75,506.65785500000015,506.65785500000015,0.0,0.4176,211.58032024800008,211.58032024800008
2025-08-06,217,76,0.0,0.0,0.0,0.596,0.0,0.0
2025-08-06,217,77,0.0,0.0,0.0,0.8522,0.0,0.0
2025-08-06,217,78,0.0,0.0,0.0,0.9094,0.0,0.0
2025-08-06,217,79,0.0,0.0,0.0,0.9386,0.0,0.0
2025-08-06,217,80,0.0,0.0,0.0,0.987,0.0,0.0
2025-08-06,217,81,0.0,0.0,0.0,0.9453,0.0,0.0
2025-08-06,217,82,0.0,0.0,0.0,1.0209,0.0,0.0
2025-08-06,217,83,0.0,0.0,0.0,1.1892,0.0,0.0
2025-08-06,217,84,0.0,0.0,0.0,1.2057,0.0,0.0
2025-08-06,217,85,0.0,0.0,0.0,1.1987,0.0,0.0
2025-08-06,217,86,0.0,0.0,0.0,1.2735,0.0,0.0
2025-08-06,217,87,0.0,0.0,0.0,1.3563,0.0,0.0
2025-08-06,217,88,0.0,0.0,0.0,1.1544,0.0,0.0
2025-08-06,217,89,210.90868750000004,210.90868750000004,0.0,0.812,171.25785425000004,171.25785425000004
2025-08-06,217,90,454.9297880555553,454.9297880555553,0.0,0.791,359.8494623519443,359.8494623519443
2025-08-06,217,91,286.8938466666666,286.8938466666666,0.0,0.8709,249.85585106199994,249.85585106199994
2025-08-06,217,92,331.5771458333336,331.5771458333336,0.0,0.8828,292.7163043416669,292.7163043416669
2025-08-06,217,93,387.15538500000025,387.15538500000025,0.0,0.8814,341.2387563390002,341.2387563390002
2025-08-06,217,94,434.4860491666668,434.4860491666668,0.0,0.9033,392.47124821225015,392.47124821225015
2025-08-06,217,95,477.2124375000003,477.2124375000003,0.0,0.9324,444.9528767250003,444.9528767250003
2025-08-06,217,96,539.6101891666667,539.6101891666667,0.0,0.9333,503.6181895492501,503.6181895492501
2025-08-06,217,97,590.3993,590.3993,0.0,0.9705,572.9825206500001,572.9825206500001
2025-08-06,217,98,626.3786875,626.3786875,0.0,1.0016,627.3808934,627.3808934
2025-08-06,217,99,678.8914050000004,678.8914050000004,0.0,0.9217,625.7342079885003,625.7342079885003
2025-08-06,217,100,728.2978391666668,728.2978391666668,0.0,0.8955,652.1907149737501,652.1907149737501
2025-08-06,217,101,776.4520833333333,776.4520833333333,0.0,0.9668,750.6738741666667,750.6738741666667
2025-08-06,217,102,835.4544191666666,835.4544191666666,0.0,1.0199,852.0799621080834,852.0799621080834
2025-08-06,217,103,858.7034316666668,858.7034316666668,0.0,1.0605,910.6549892825002,910.6549892825002
2025-08-06,217,104,889.433375,889.433375,0.0,1.0858,965.7467585750001,965.7467585750001
2025-08-06,217,105,995.0376033333334,995.0376033333334,0.0,1.0883,1082.8994237076668,1082.8994237076668
2025-08-06,217,106,936.3977616666668,936.3977616666668,0.0,1.1932,1117.309809220667,1117.309809220667
2025-08-06,217,107,774.8982500000002,774.8982500000002,0.0,1.352,1047.6624340000003,1047.6624340000003
2025-08-06,217,108,819.2998108333334,819.2998108333334,0.0,1.3873,1136.6146275690833,1136.6146275690833
2025-08-06,217,109,881.6454308333335,881.6454308333335,0.0,1.4238,1255.2867644205003,1255.2867644205003
2025-08-06,217,110,881.4367291666669,881.4367291666669,0.0,1.4648,1291.1285208833337,1291.1285208833337
2025-08-06,217,111,934.6059991666667,934.6059991666667,0.0,1.4027,1310.9718350310834,1310.9718350310834
2025-08-06,217,112,971.4754691666668,971.4754691666668,0.0,1.4686,1426.7088740181669,1426.7088740181669
2025-08-06,217,113,128.11383333333345,128.11383333333345,0.0,1.6297,208.7871141833335,208.7871141833335
2025-08-06,217,114,101.73708833333356,101.73708833333356,0.0,1.6121,164.01036010216703,164.01036010216703
2025-08-06,217,115,142.22073038173323,142.22073038173323,0.0,1.573,223.71320889046638,223.71320889046638
2025-08-06,217,116,89.49250000000018,89.49250000000018,0.0,1.6058,143.70705650000028,143.70705650000028
2025-08-06,217,117,126.51654083333354,126.51654083333354,0.0,1.6377,207.19613892275032,207.19613892275032
2025-08-06,217,118,137.8122841666668,137.8122841666668,0.0,1.6343,225.2266160135836,225.2266160135836
2025-08-06,217,119,124.45366666666678,124.45366666666678,0.0,1.6323,203.1457201000002,203.1457201000002
2025-08-06,217,120,127.46066000000022,127.46066000000022,0.0,1.6809,214.24862339400036,214.24862339400036
2025-08-06,217,121,130.37868333333356,130.37868333333356,0.0,1.6543,215.68545583833372,215.68545583833372
2025-08-06,217,122,120.84808333333342,120.84808333333342,0.0,1.6176,195.48385960000013,195.48385960000013
2025-08-06,217,123,103.46700583333356,103.46700583333356,0.0,1.7116,177.09412718433373,177.09412718433373
2025-08-06,217,124,936.0394433333335,936.0394433333335,0.0,1.4697,1375.6971698670002,1375.6971698670002
2025-08-06,217,125,953.9234166666668,953.9234166666668,0.0,1.0468,998.5670325666667,998.5670325666667
2025-08-06,217,126,1804.4944091666666,1804.4944091666666,0.0,1.0937,1973.5755353055831,1973.5755353055831
2025-08-06,217,127,959.6618291666667,959.6618291666667,0.0,1.1681,1120.9809826495834,1120.9809826495834
2025-08-06,217,128,950.0790833333335,950.0790833333335,0.0,1.1177,1061.9033914416668,1061.9033914416668
2025-08-06,217,129,232.51798333333352,232.51798333333352,0.0,1.1883,276.3011195950002,276.3011195950002
2025-08-06,217,130,904.4315700000001,904.4315700000001,0.0,0.9601,868.3447503570001,868.3447503570001
2025-08-06,217,131,1595.3380311800554,1595.3380311800554,0.0,0.5357,854.6225833031556,854.6225833031556
2025-08-06,217,132,1597.8519225,1597.8519225,0.0,0.4928,787.421427408,787.421427408
2025-08-06,217,133,796.1998933333334,796.1998933333334,0.0,0.5438,432.97350199466666,432.97350199466666
2025-08-06,217,134,779.09025,779.09025,0.0,0.5225,407.07465562499993,407.07465562499993
2025-08-06,217,135,761.7800283333333,761.7800283333333,0.0,0.5561,423.6258737561667,423.6258737561667
2025-08-06,217,136,766.3468475000001,766.3468475000001,0.0,0.5699,436.74106839025,436.74106839025
2025-08-06,217,137,774.16525,774.16525,0.0,0.5413,419.055649825,419.055649825
2025-08-06,217,138,1574.2506825,1574.2506825,0.0,0.5386,847.8914175945,847.8914175945
2025-08-06,217,139,1569.4013116666667,1569.4013116666667,0.0,0.5623,882.4743575501667,882.4743575501667
2025-08-06,217,140,827.8886417560178,827.8886417560178,0.0,0.5581,462.04465096403356,462.04465096403356
2025-08-06,217,141,1601.3701541666665,1601.3701541666665,0.0,0.4869,779.7071280637499,779.7071280637499
2025-08-06,217,142,1589.9874525,1589.9874525,0.0,0.5051,803.10266225775,803.10266225775
2025-08-06,217,143,754.62675,754.62675,0.0,0.5798,437.53258965,437.53258965
2025-08-07,218,0,1564.9305883333334,1564.9305883333334,0.0,0.5267,824.2489408751666,824.2489408751666
2025-08-07,218,1,1558.0848691666665,1558.0848691666665,0.0,0.503,783.7166891908332,783.7166891908332
2025-08-07,218,2,744.9660833333334,744.9660833333334,0.0,0.5635,419.7883879583334,419.7883879583334
2025-08-07,218,3,757.5096841666667,757.5096841666667,0.0,0.5982,453.1422930685,453.1422930685
2025-08-07,218,4,740.501285,740.501285,0.0,0.5989,443.4862195865,443.4862195865
2025-08-07,218,5,0.0,0.0,0.0,0.5761,0.0,0.0
2025-08-07,218,6,729.4126616666667,729.4126616666667,0.0,0.538,392.42401197666675,392.42401197666675
2025-08-07,218,7,739.9613616666667,739.9613616666667,0.0,0.5172,382.708016254,382.708016254
2025-08-07,218,8,0.0,0.0,0.0,0.5242,0.0,0.0
2025-08-07,218,9,713.8070975000002,713.8070975000002,0.0,0.5385,384.3851220037501,384.3851220037501
2025-08-07,218,10,1536.8784808333332,1536.8784808333332,0.0,0.5294,813.6234677531666,813.6234677531666
2025-08-07,218,11,1538.5246666666667,1538.5246666666667,0.0,0.5165,794.6479903333333,794.6479903333333
2025-08-07,218,12,707.0312208333335,707.0312208333335,0.0,0.5477,387.2409996504167,387.2409996504167
2025-08-07,218,13,0.0,0.0,0.0,0.5752,0.0,0.0
2025-08-07,218,14,0.0,0.0,0.0,0.5523,0.0,0.0
2025-08-07,218,15,1551.9873366666666,1551.9873366666666,0.0,0.4807,746.0403127356667,746.0403127356667
2025-08-07,218,16,1525.9823408333332,1525.9823408333332,0.0,0.449,685.1660710341666,685.1660710341666
2025-08-07,218,17,688.1594166666667,688.1594166666667,0.0,0.4676,321.78334323333337,321.78334323333337
2025-08-07,218,18,690.182825,690.182825,0.0,0.4725,326.1113848125,326.1113848125
2025-08-07,218,19,706.2477383333334,706.2477383333334,0.0,0.4989,352.3469966545,352.3469966545
2025-08-07,218,20,1.267283391825913e-05,1.267283391825913e-05,0.0,0.5284,6.696325442408124e-06,6.696325442408124e-06
2025-08-07,218,21,729.2205891666667,729.2205891666667,0.0,0.4976,362.86016516933336,362.86016516933336
2025-08-07,218,22,708.17481,708.17481,0.0,0.4745,336.02894734499995,336.02894734499995
2025-08-07,218,23,683.2983333333334,683.2983333333334,0.0,0.4882,333.5862463333334,333.5862463333334
2025-08-07,218,24,708.079246725516,708.079246725516,0.0,0.5006,354.46447091079335,354.46447091079335
2025-08-07,218,25,1537.0552925,1537.0552925,0.0,0.4958,762.0720140215,762.0720140215
2025-08-07,218,26,697.9935833333333,697.9935833333333,0.0,0.4798,334.8973212833333,334.8973212833333
2025-08-07,218,27,693.047855,693.047855,0.0,0.4695,325.3859679225,325.3859679225
2025-08-07,218,28,692.4597000000001,692.4597000000001,0.0,0.4623,320.12411931,320.12411931
2025-08-07,218,29,692.1169166666667,692.1169166666667,0.0,0.4835,334.63852920833335,334.63852920833335
2025-08-07,218,30,1515.769095,1515.769095,0.0,0.5543,840.1908093585001,840.1908093585001
2025-08-07,218,31,1499.702135,1499.702135,0.0,0.554,830.83498279,830.83498279
2025-08-07,218,32,1462.1901874999999,1462.1901874999999,0.0,0.4376,639.8544260499999,639.8544260499999
2025-08-07,218,33,1415.939375,1415.939375,0.0,0.3292,466.12724224999994,466.12724224999994
2025-08-07,218,34,0.014712466278865577,0.014712466278865577,0.0,0.559,0.008224268649885859,0.008224268649885859
2025-08-07,218,35,0.0,0.0,0.0,0.94,0.0,0.0
2025-08-07,218,36,0.0,0.0,0.0,0.9368,0.0,0.0
2025-08-07,218,37,0.0,0.0,0.0,0.873,0.0,0.0
2025-08-07,218,38,0.0,0.0,0.0,0.9181,0.0,0.0
2025-08-07,218,39,0.0,0.0,0.0,0.9123,0.0,0.0
2025-08-07,218,40,0.0,0.0,0.0,0.8751,0.0,0.0
2025-08-07,218,41,0.0,0.0,0.0,0.8204,0.0,0.0
2025-08-07,218,42,0.0,0.0,0.0,0.7367,0.0,0.0
2025-08-07,218,43,0.0,0.0,0.0,0.7248,0.0,0.0
2025-08-07,218,44,0.0,0.0,0.0,0.7254,0.0,0.0
2025-08-07,218,45,0.0,0.0,0.0,0.6263,0.0,0.0
2025-08-07,218,46,0.0,0.0,0.0,0.8289,0.0,0.0
2025-08-07,218,47,0.0,0.0,0.0,1.2089,0.0,0.0
2025-08-07,218,48,0.0,0.0,0.0,1.2021,0.0,0.0
2025-08-07,218,49,0.0,0.0,0.0,1.0964,0.0,0.0
2025-08-07,218,50,0.0,0.0,0.0,1.075,0.0,0.0
2025-08-07,218,51,0.0,0.0,0.0,1.0289,0.0,0.0
2025-08-07,218,52,0.0,0.0,0.0,0.9796,0.0,0.0
2025-08-07,218,53,0.0,0.0,0.0,0.9368,0.0,0.0
2025-08-07,218,54,0.0,0.0,0.0,0.8844,0.0,0.0
2025-08-07,218,55,0.0,0.0,0.0,0.8911,0.0,0.0
2025-08-07,218,56,0.0,0.0,0.0,0.9193,0.0,0.0
2025-08-07,218,57,0.0,0.0,0.0,0.8777,0.0,0.0
2025-08-07,218,58,0.0,0.0,0.0,0.9588,0.0,0.0
2025-08-07,218,59,0.0,0.0,0.0,1.1269,0.0,0.0
2025-08-07,218,60,0.0,0.0,0.0,1.133,0.0,0.0
2025-08-07,218,61,0.0,0.0,0.0,1.075,0.0,0.0
2025-08-07,218,62,0.0,0.0,0.0,1.0784,0.0,0.0
2025-08-07,218,63,0.0,0.0,0.0,1.1248,0.0,0.0
2025-08-07,218,64,0.0,0.0,0.0,0.8924,0.0,0.0
2025-08-07,218,65,0.0,0.0,0.0,0.5015,0.0,0.0
2025-08-07,218,66,576.5933924999997,576.5933924999997,0.0,0.4242,244.5909170984999,244.5909170984999
2025-08-07,218,67,578.3933283333333,578.3933283333333,0.0,0.4788,276.934725606,276.934725606
2025-08-07,218,68,0.0,0.0,0.0,0.4932,0.0,0.0
2025-08-07,218,69,0.0,0.0,0.0,0.4723,0.0,0.0
2025-08-07,218,70,0.0,0.0,0.0,0.4146,0.0,0.0
2025-08-07,218,71,473.99541666666687,473.99541666666687,0.0,0.3645,172.77132937500008,172.77132937500008
2025-08-07,218,72,494.39984500000014,494.39984500000014,0.0,0.3831,189.40458061950005,189.40458061950005
2025-08-07,218,73,498.7943366666666,498.7943366666666,0.0,0.4007,199.8668907023333,199.8668907023333
2025-08-07,218,74,0.0,0.0,0.0,0.3742,0.0,0.0
2025-08-07,218,75,408.384017630069,408.384017630069,0.0,0.3533,144.2820734287034,144.2820734287034
2025-08-07,218,76,0.0,0.0,0.0,0.5066,0.0,0.0
2025-08-07,218,77,0.0,0.0,0.0,0.7593,0.0,0.0
2025-08-07,218,78,0.0,0.0,0.0,0.848,0.0,0.0
2025-08-07,218,79,0.0,0.0,0.0,0.8404,0.0,0.0
2025-08-07,218,80,0.0,0.0,0.0,0.8227,0.0,0.0
2025-08-07,218,81,0.0,0.0,0.0,0.8301,0.0,0.0
2025-08-07,218,82,0.0,0.0,0.0,0.9551,0.0,0.0
2025-08-07,218,83,0.0,0.0,0.0,1.1283,0.0,0.0
2025-08-07,218,84,0.0,0.0,0.0,1.1693,0.0,0.0
2025-08-07,218,85,0.0,0.0,0.0,1.1604,0.0,0.0
2025-08-07,218,86,0.0,0.0,0.0,1.2041,0.0,0.0
2025-08-07,218,87,0.0,0.0,0.0,1.2742,0.0,0.0
2025-08-07,218,88,0.0,0.0,0.0,1.042,0.0,0.0
2025-08-07,218,89,275.5210208333335,275.5210208333335,0.0,0.6851,188.7594513729168,188.7594513729168
2025-08-07,218,90,878.7539811111122,878.7539811111122,0.0,0.7276,639.3813966564453,639.3813966564453
2025-08-07,218,91,324.1526308333332,324.1526308333332,0.0,0.778,252.19074678833323,252.19074678833323
2025-08-07,218,92,389.76768749999997,389.76768749999997,0.0,0.7059,275.13701060625,275.13701060625
2025-08-07,218,93,446.4038575000001,446.4038575000001,0.0,0.7793,347.88252614975005,347.88252614975005
2025-08-07,218,94,493.3031600000004,493.3031600000004,0.0,0.8782,433.2188351120003,433.2188351120003
2025-08-07,218,95,527.6659375000003,527.6659375000003,0.0,0.9072,478.69853850000027,478.69853850000027
2025-08-07,218,96,561.0890333333336,561.0890333333336,0.0,0.8964,502.9602094800003,502.9602094800003
2025-08-07,218,97,604.8429116666667,604.8429116666667,0.0,0.8663,523.9754143768333,523.9754143768333
2025-08-07,218,98,649.5125833333335,649.5125833333335,0.0,0.845,548.8381329166668,548.8381329166668
2025-08-07,218,99,685.0902541666667,685.0902541666667,0.0,0.8672,594.1102684133333,594.1102684133333
2025-08-07,218,100,726.335685,726.335685,0.0,0.9446,686.096688051,686.096688051
2025-08-07,218,101,781.297729166667,781.297729166667,0.0,1.0303,804.9710503604169,804.9710503604169
2025-08-07,218,102,831.8132383333334,831.8132383333334,0.0,1.056,878.3947796800002,878.3947796800002
2025-08-07,218,103,877.7449308333333,877.7449308333333,0.0,1.0742,942.8736047011668,942.8736047011668
2025-08-07,218,104,943.3324583333335,943.3324583333335,0.0,1.0988,1036.533705216667,1036.533705216667
2025-08-07,218,105,1032.5668825000002,1032.5668825000002,0.0,1.1038,1139.7473249035002,1139.7473249035002
2025-08-07,218,106,946.5701358333332,946.5701358333332,0.0,1.1765,1113.6397648079167,1113.6397648079167
2025-08-07,218,107,774.0498333333334,774.0498333333334,0.0,1.295,1002.3945341666666,1002.3945341666666
2025-08-07,218,108,806.6751308333334,806.6751308333334,0.0,1.3385,1079.7346626204167,1079.7346626204167
2025-08-07,218,109,876.4026991666667,876.4026991666667,0.0,1.3429,1176.9211847109168,1176.9211847109168
2025-08-07,218,110,900.2826875000001,900.2826875000001,0.0,1.348,1213.5810627500002,1213.5810627500002
2025-08-07,218,111,951.9388566666667,951.9388566666667,0.0,1.371,1305.10817249,1305.10817249
2025-08-07,218,112,945.5425124999999,945.5425124999999,0.0,1.4781,1397.60638772625,1397.60638772625
2025-08-07,218,113,76.03608333333352,76.03608333333352,0.0,1.6101,122.42569777500032,122.42569777500032
2025-08-07,218,114,103.80350333333352,103.80350333333352,0.0,1.6247,168.64955186566698,168.64955186566698
2025-08-07,218,115,117.67280583333354,117.67280583333354,0.0,1.5989,188.147049246917,188.147049246917
2025-08-07,218,116,95.75508333333346,95.75508333333346,0.0,1.6061,153.79223934166689,153.79223934166689
2025-08-07,218,117,107.71862750000008,107.71862750000008,0.0,1.6494,177.67110419850013,177.67110419850013
2025-08-07,218,118,127.66311416666674,127.66311416666674,0.0,1.6879,215.4825704019168,215.4825704019168
2025-08-07,218,119,132.45466666666675,132.45466666666675,0.0,1.7141,227.04054413333347,227.04054413333347
2025-08-07,218,120,132.52563166666675,132.52563166666675,0.0,1.7422,230.8861554896668,230.8861554896668
2025-08-07,218,121,184.91663788173332,184.91663788173332,0.0,1.7043,315.15342594183807,315.15342594183807
2025-08-07,218,122,122.72808333333342,122.72808333333342,0.0,1.6447,201.85087865833347,201.85087865833347
2025-08-07,218,123,131.27426500000018,131.27426500000018,0.0,1.6465,216.14307732250032,216.14307732250032
2025-08-07,218,124,961.7799316666667,961.7799316666667,0.0,1.4368,1381.8854058186669,1381.8854058186669
2025-08-07,218,125,952.5009166666669,952.5009166666669,0.0,1.0955,1043.4647542083335,1043.4647542083335
2025-08-07,218,126,964.9659566666667,964.9659566666667,0.0,1.0107,975.291092403,975.291092403
2025-08-07,218,127,965.9286358333335,965.9286358333335,0.0,1.0339,998.6736165880835,998.6736165880835
2025-08-07,218,128,964.4782500000001,964.4782500000001,0.0,1.0713,1033.245549225,1033.245549225
2025-08-07,218,129,982.9007125,982.9007125,0.0,1.1383,1118.8358810387501,1118.8358810387501
2025-08-07,218,130,901.4603658333333,901.4603658333333,0.0,0.9337,841.6935435785833,841.6935435785833
2025-08-07,218,131,766.9877500000001,766.9877500000001,0.0,0.5982,458.81207205000004,458.81207205000004
2025-08-07,218,132,1595.0516366666666,1595.0516366666666,0.0,0.5995,956.2334561816667,956.2334561816667
2025-08-07,218,133,778.2942558333333,778.2942558333333,0.0,0.6347,493.98336417741666,493.98336417741666
2025-08-07,218,134,765.2200000000001,765.2200000000001,0.0,0.5655,432.7319100000001,432.7319100000001
2025-08-07,218,135,785.9662900000002,785.9662900000002,0.0,0.5569,437.70462690100004,437.70462690100004
2025-08-07,218,136,765.1116683333335,765.1116683333335,0.0,0.5389,412.3186780648334,412.3186780648334
2025-08-07,218,137,1553.7086666666667,1553.7086666666667,0.0,0.5057,785.7104727333334,785.7104727333334
2025-08-07,218,138,1575.0376708333333,1575.0376708333333,0.0,0.5347,842.1726425945833,842.1726425945833
2025-08-07,218,139,1583.2619266666666,1583.2619266666666,0.0,0.5331,844.036933106,844.036933106
2025-08-07,218,140,1574.1,1574.1,0.0,0.507,798.0686999999999,798.0686999999999
2025-08-07,218,141,775.6959966666667,775.6959966666667,0.0,0.549,425.8571021700001,425.8571021700001
2025-08-07,218,142,817.6383604360738,817.6383604360738,0.0,0.5294,432.8577480148574,432.8577480148574
2025-08-07,218,143,1499.6323750000001,1499.6323750000001,0.0,0.4269,640.1930608875001,640.1930608875001
2025-08-08,219,0,1503.4167458333334,1503.4167458333334,0.0,0.3704,556.8655626566667,556.8655626566667
2025-08-08,219,1,665.6011183333335,665.6011183333335,0.0,0.4243,282.4145545088334,282.4145545088334
2025-08-08,219,2,0.0,0.0,0.0,0.4918,0.0,0.0
2025-08-08,219,3,0.0,0.0,0.0,0.4209,0.0,0.0
2025-08-08,219,4,670.7434008333333,670.7434008333333,0.0,0.4007,268.7668807139167,268.7668807139167
2025-08-08,219,5,675.7483333333334,675.7483333333334,0.0,0.4701,317.66929150000004,317.66929150000004
2025-08-08,219,6,643.3411725000001,643.3411725000001,0.0,0.4773,307.06674163425004,307.06674163425004
2025-08-08,219,7,637.955995,637.955995,0.0,0.4583,292.3752325085,292.3752325085
2025-08-08,219,8,659.144,659.144,0.0,0.4417,291.1439048,291.1439048
2025-08-08,219,9,645.8667208333334,645.8667208333334,0.0,0.4093,264.35324883708336,264.35324883708336
2025-08-08,219,10,642.2925391666666,642.2925391666666,0.0,0.3796,243.81424786766667,243.81424786766667
2025-08-08,219,11,661.5465000000002,661.5465000000002,0.0,0.3792,250.85843280000003,250.85843280000003
2025-08-08,219,12,0.0,0.0,0.0,0.4162,0.0,0.0
2025-08-08,219,13,0.0,0.0,0.0,0.4332,0.0,0.0
2025-08-08,219,14,628.5491666666667,628.5491666666667,0.0,0.4067,255.63094608333336,255.63094608333336
2025-08-08,219,15,631.5724116666667,631.5724116666667,0.0,0.3707,234.12389300483332,234.12389300483332
2025-08-08,219,16,620.1682291666667,620.1682291666667,0.0,0.3849,238.70275140625003,238.70275140625003
2025-08-08,219,17,1440.4051666666667,1440.4051666666667,0.0,0.4258,613.3245199666667,613.3245199666667
2025-08-08,219,18,0.0,0.0,0.0,0.4152,0.0,0.0
2025-08-08,219,19,0.0,0.0,0.0,0.4072,0.0,0.0
2025-08-08,219,20,624.85125,624.85125,0.0,0.4027,251.62759837500002,251.62759837500002
2025-08-08,219,21,611.4354458333333,611.4354458333333,0.0,0.3481,212.84067869458335,212.84067869458335
2025-08-08,219,22,598.428925,598.428925,0.0,0.3193,191.0783557525,191.0783557525
2025-08-08,219,23,582.1655151908684,582.1655151908684,0.0,0.3544,206.31945858364375,206.31945858364375
2025-08-08,219,24,611.3783108333333,611.3783108333333,0.0,0.4064,248.46414552266666,248.46414552266666
2025-08-08,219,25,622.6250925,622.6250925,0.0,0.3816,237.593735298,237.593735298
2025-08-08,219,26,613.06075,613.06075,0.0,0.3291,201.75829282499998,201.75829282499998
2025-08-08,219,27,0.0,0.0,0.0,0.3808,0.0,0.0
2025-08-08,219,28,0.0,0.0,0.0,0.3924,0.0,0.0
2025-08-08,219,29,614.2375000000001,614.2375000000001,0.0,0.3316,203.68115500000002,203.68115500000002
2025-08-08,219,30,638.3197783333335,638.3197783333335,0.0,0.3203,204.4538250001667,204.4538250001667
2025-08-08,219,31,1439.0196591666668,1439.0196591666668,0.0,0.3652,525.5299795276668,525.5299795276668
2025-08-08,219,32,1350.4985833333333,1350.4985833333333,0.0,0.3683,497.38862824166665,497.38862824166665
2025-08-08,219,33,1296.8339308333334,1296.8339308333334,0.0,0.2673,346.64370971175,346.64370971175
2025-08-08,219,34,470.0443275,470.0443275,0.0,0.4168,195.914475702,195.914475702
2025-08-08,219,35,0.0,0.0,0.0,0.7395,0.0,0.0
2025-08-08,219,36,0.0,0.0,0.0,0.7757,0.0,0.0
2025-08-08,219,37,0.0,0.0,0.0,0.6746,0.0,0.0
2025-08-08,219,38,0.0,0.0,0.0,0.6281,0.0,0.0
2025-08-08,219,39,0.0,0.0,0.0,0.673,0.0,0.0
2025-08-08,219,40,0.0,0.0,0.0,0.6922,0.0,0.0
2025-08-08,219,41,0.0,0.0,0.0,0.638,0.0,0.0
2025-08-08,219,42,0.0,0.0,0.0,0.57,0.0,0.0
2025-08-08,219,43,0.0,0.0,0.0,0.5461,0.0,0.0
2025-08-08,219,44,0.0,0.0,0.0,0.5481,0.0,0.0
2025-08-08,219,45,0.0,0.0,0.0,0.5299,0.0,0.0
2025-08-08,219,46,0.0,0.0,0.0,0.6227,0.0,0.0
2025-08-08,219,47,0.0,0.0,0.0,0.7956,0.0,0.0
2025-08-08,219,48,0.0,0.0,0.0,0.8608,0.0,0.0
2025-08-08,219,49,0.0,0.0,0.0,0.8294,0.0,0.0
2025-08-08,219,50,0.0,0.0,0.0,0.7486,0.0,0.0
2025-08-08,219,51,0.0,0.0,0.0,0.6652,0.0,0.0
2025-08-08,219,52,0.0,0.0,0.0,0.6825,0.0,0.0
2025-08-08,219,53,0.0,0.0,0.0,0.7571,0.0,0.0
2025-08-08,219,54,0.0,0.0,0.0,0.742,0.0,0.0
2025-08-08,219,55,0.0,0.0,0.0,0.7168,0.0,0.0
2025-08-08,219,56,0.0,0.0,0.0,0.6962,0.0,0.0
2025-08-08,219,57,0.0,0.0,0.0,0.6349,0.0,0.0
2025-08-08,219,58,0.0,0.0,0.0,0.725,0.0,0.0
2025-08-08,219,59,0.0,0.0,0.0,0.8712,0.0,0.0
2025-08-08,219,60,0.0,0.0,0.0,0.7771,0.0,0.0
2025-08-08,219,61,0.0,0.0,0.0,0.7207,0.0,0.0
2025-08-08,219,62,0.0,0.0,0.0,0.8243,0.0,0.0
2025-08-08,219,63,0.0,0.0,0.0,0.8825,0.0,0.0
2025-08-08,219,64,0.0,0.0,0.0,0.6113,0.0,0.0
2025-08-08,219,65,0.0,0.0,0.0,0.2233,0.0,0.0
2025-08-08,219,66,0.0,0.0,0.0,0.2198,0.0,0.0
2025-08-08,219,67,0.0,0.0,0.0,0.2233,0.0,0.0
2025-08-08,219,68,0.0,0.0,0.0,0.1104,0.0,0.0
2025-08-08,219,69,0.0,0.0,0.0,0.1411,0.0,0.0
2025-08-08,219,70,0.0,0.0,0.0,0.1959,0.0,0.0
2025-08-08,219,71,0.0,0.0,0.0,0.1759,0.0,0.0
2025-08-08,219,72,0.0,0.0,0.0,0.1217,0.0,0.0
2025-08-08,219,73,0.0,0.0,0.0,0.139,0.0,0.0
2025-08-08,219,74,0.0,0.0,0.0,0.162,0.0,0.0
2025-08-08,219,75,0.0,0.0,0.0,0.0665,0.0,0.0
2025-08-08,219,76,0.0,0.0,0.0,0.2183,0.0,0.0
2025-08-08,219,77,0.0,0.0,0.0,0.536,0.0,0.0
2025-08-08,219,78,0.0,0.0,0.0,0.5482,0.0,0.0
2025-08-08,219,79,0.0,0.0,0.0,0.4961,0.0,0.0
2025-08-08,219,80,0.0,0.0,0.0,0.5017,0.0,0.0
2025-08-08,219,81,0.0,0.0,0.0,0.4662,0.0,0.0
2025-08-08,219,82,0.0,0.0,0.0,0.6054,0.0,0.0
2025-08-08,219,83,0.0,0.0,0.0,0.8345,0.0,0.0
2025-08-08,219,84,0.0,0.0,0.0,0.8268,0.0,0.0
2025-08-08,219,85,0.0,0.0,0.0,0.8052,0.0,0.0
2025-08-08,219,86,0.0,0.0,0.0,0.8829,0.0,0.0
2025-08-08,219,87,0.0,0.0,0.0,0.9112,0.0,0.0
2025-08-08,219,88,0.0,0.0,0.0,0.7114,0.0,0.0
2025-08-08,219,89,0.0,0.0,0.0,0.4221,0.0,0.0
2025-08-08,219,90,0.0,0.0,0.0,0.3778,0.0,0.0
2025-08-08,219,91,0.0,0.0,0.0,0.4149,0.0,0.0
2025-08-08,219,92,48.97156250000023,48.97156250000023,0.0,0.4304,21.0773605000001,21.0773605000001
2025-08-08,219,93,117.18610666666677,117.18610666666677,0.0,0.4865,57.01104089333339,57.01104089333339
2025-08-08,219,94,176.60908916666665,176.60908916666665,0.0,0.5533,97.71780903591666,97.71780903591666
2025-08-08,219,95,214.9229375000001,214.9229375000001,0.0,0.582,125.08514962500006,125.08514962500006
2025-08-08,219,96,247.77028416666667,247.77028416666667,0.0,0.5602,138.80091319016668,138.80091319016668
2025-08-08,219,97,277.6096183333335,277.6096183333335,0.0,0.591,164.0672844350001,164.0672844350001
2025-08-08,219,98,318.2162083333334,318.2162083333334,0.0,0.6732,214.22315145000005,214.22315145000005
2025-08-08,219,99,392.60095750000005,392.60095750000005,0.0,0.6992,274.5065894840001,274.5065894840001
2025-08-08,219,100,433.04486499999996,433.04486499999996,0.0,0.6694,289.88023263099996,289.88023263099996
2025-08-08,219,101,436.8211458333334,436.8211458333334,0.0,0.6371,278.2987520104167,278.2987520104167
2025-08-08,219,102,471.9328475000001,471.9328475000001,0.0,0.663,312.89147789250006,312.89147789250006
2025-08-08,219,103,542.7147433333333,542.7147433333333,0.0,0.7364,399.6551369906667,399.6551369906667
2025-08-08,219,104,628.9409166666667,628.9409166666667,0.0,0.7576,476.4856384666667,476.4856384666667
2025-08-08,219,105,704.9482716666668,704.9482716666668,0.0,0.672,473.7252385600001,473.7252385600001
2025-08-08,219,106,688.9477991666668,688.9477991666668,0.0,0.8664,596.904373198,596.904373198
2025-08-08,219,107,631.5512291666669,631.5512291666669,0.0,1.2356,780.3446987583336,780.3446987583336
2025-08-08,219,108,654.6666333333334,654.6666333333334,0.0,1.2659,828.7424911366668,828.7424911366668
2025-08-08,219,109,712.3381216666668,712.3381216666668,0.0,1.2089,861.1455552828336,861.1455552828336
2025-08-08,219,110,767.6596041666667,767.6596041666667,0.0,1.2187,935.5467595979165,935.5467595979165
2025-08-08,219,111,816.3759949999999,816.3759949999999,0.0,1.213,990.2640819349999,990.2640819349999
2025-08-08,219,112,554.9225087150678,554.9225087150678,0.0,1.3318,739.0457971067274,739.0457971067274
2025-08-08,219,113,0.0,0.0,0.0,1.4757,0.0,0.0
2025-08-08,219,114,0.0,0.0,0.0,1.3893,0.0,0.0
2025-08-08,219,115,0.0,0.0,0.0,1.3736,0.0,0.0
2025-08-08,219,116,0.0,0.0,0.0,1.4997,0.0,0.0
2025-08-08,219,117,0.0,0.0,0.0,1.5268,0.0,0.0
2025-08-08,219,118,0.0,0.0,0.0,1.4551,0.0,0.0
2025-08-08,219,119,0.0,0.0,0.0,1.4075,0.0,0.0
2025-08-08,219,120,0.0,0.0,0.0,1.4879,0.0,0.0
2025-08-08,219,121,0.0,0.0,0.0,1.5023,0.0,0.0
2025-08-08,219,122,0.0,0.0,0.0,1.4445,0.0,0.0
2025-08-08,219,123,0.0,0.0,0.0,1.4584,0.0,0.0
2025-08-08,219,124,792.3271225000001,792.3271225000001,0.0,1.2563,995.4005639967501,995.4005639967501
2025-08-08,219,125,855.7333694444445,855.7333694444445,0.0,0.9314,797.0300603005556,797.0300603005556
2025-08-08,219,126,1626.7983708333331,1626.7983708333331,0.0,0.9002,1464.4438934241664,1464.4438934241664
2025-08-08,219,127,803.0677175000002,803.0677175000002,0.0,0.9215,740.0269016762502,740.0269016762502
2025-08-08,219,128,809.5532500000002,809.5532500000002,0.0,0.8914,721.6357670500001,721.6357670500001
2025-08-08,219,129,0.0,0.0,0.0,0.92,0.0,0.0
2025-08-08,219,130,754.3319125,754.3319125,0.0,0.763,575.5552492375,575.5552492375
2025-08-08,219,131,1508.80375,1508.80375,0.0,0.4748,716.3800205,716.3800205
2025-08-08,219,132,1524.8366075,1524.8366075,0.0,0.3948,602.0054926409999,602.0054926409999
2025-08-08,219,133,710.6831975,710.6831975,0.0,0.4408,313.269153458,313.269153458
2025-08-08,219,134,1470.9160442032992,1470.9160442032992,0.0,0.4786,703.980418755699,703.980418755699
2025-08-08,219,135,669.9491041666668,669.9491041666668,0.0,0.4605,308.51156246875007,308.51156246875007
2025-08-08,219,136,684.7490483333333,684.7490483333333,0.0,0.4495,307.7946972258334,307.7946972258334
2025-08-08,219,137,0.0,0.0,0.0,0.4586,0.0,0.0
2025-08-08,219,138,0.005415859496603043,0.005415859496603043,0.0,0.4444,0.0024068079602903923,0.0024068079602903923
2025-08-08,219,139,1492.244693333333,1492.244693333333,0.0,0.447,667.0333779199999,667.0333779199999
2025-08-08,219,140,1478.8353333333334,1478.8353333333334,0.0,0.4707,696.0877914,696.0877914
2025-08-08,219,141,1493.15915,1493.15915,0.0,0.4747,708.802648505,708.802648505
2025-08-08,219,142,1479.254415,1479.254415,0.0,0.468,692.2910662200001,692.2910662200001
2025-08-08,219,143,1496.6089583333332,1496.6089583333332,0.0,0.462,691.43333875,691.43333875
2025-08-09,220,0,598.5248875,598.5248875,0.0,0.4599,275.26159576124996,275.26159576124996
2025-08-09,220,1,0.0,0.0,0.0,0.4712,0.0,0.0
2025-08-09,220,2,0.0,0.0,0.0,0.4887,0.0,0.0
2025-08-09,220,3,0.0,0.0,0.0,0.4918,0.0,0.0
2025-08-09,220,4,574.3612908333334,574.3612908333334,0.0,0.4787,274.9467499219167,274.9467499219167
2025-08-09,220,5,1418.065,1418.065,0.0,0.4444,630.188086,630.188086
2025-08-09,220,6,589.0967858333333,589.0967858333333,0.0,0.3886,228.92301097483335,228.92301097483335
2025-08-09,220,7,0.0,0.0,0.0,0.359,0.0,0.0
2025-08-09,220,8,0.0,0.0,0.0,0.3796,0.0,0.0
2025-08-09,220,9,389.591826857535,389.591826857535,0.0,0.4292,167.21281208725404,167.21281208725404
2025-08-09,220,10,556.4302041666666,556.4302041666666,0.0,0.4515,251.22823718125,251.22823718125
2025-08-09,220,11,0.0,0.0,0.0,0.4434,0.0,0.0
2025-08-09,220,12,575.4192608333334,575.4192608333334,0.0,0.4456,256.4068226273334,256.4068226273334
2025-08-09,220,13,571.8473658333334,571.8473658333334,0.0,0.4323,247.20961624975,247.20961624975
2025-08-09,220,14,578.2316666666667,578.2316666666667,0.0,0.4077,235.74505050000002,235.74505050000002
2025-08-09,220,15,0.0,0.0,0.0,0.4104,0.0,0.0
2025-08-09,220,16,550.1534833333334,550.1534833333334,0.0,0.4253,233.9802764616667,233.9802764616667
2025-08-09,220,17,1396.7801666666667,1396.7801666666667,0.0,0.4308,601.7328958,601.7328958
2025-08-09,220,18,566.1368475,566.1368475,0.0,0.4147,234.77695065825003,234.77695065825003
2025-08-09,220,19,0.0,0.0,0.0,0.3729,0.0,0.0
2025-08-09,220,20,0.0,0.0,0.0,0.3416,0.0,0.0
2025-08-09,220,21,0.0,0.0,0.0,0.3712,0.0,0.0
2025-08-09,220,22,544.9734491666667,544.9734491666667,0.0,0.4169,227.19943095758333,227.19943095758333
2025-08-09,220,23,558.2344166666667,558.2344166666667,0.0,0.4243,236.85886299166668,236.85886299166668
2025-08-09,220,24,540.7781208333334,540.7781208333334,0.0,0.3789,204.90082998375004,204.90082998375004
2025-08-09,220,25,1366.1081525,1366.1081525,0.0,0.3655,499.31252973874996,499.31252973874996
2025-08-09,220,26,1375.3495833333332,1375.3495833333332,0.0,0.3759,516.9939083749999,516.9939083749999
2025-08-09,220,27,1370.7477341666668,1370.7477341666668,0.0,0.329,450.9760045408334,450.9760045408334
2025-08-09,220,28,523.7563283333333,523.7563283333333,0.0,0.3192,167.18302000399999,167.18302000399999
2025-08-09,220,29,0.0,0.0,0.0,0.3543,0.0,0.0
2025-08-09,220,30,502.0678408333334,502.0678408333334,0.0,0.3506,176.0249849961667,176.0249849961667
2025-08-09,220,31,231.04804166666804,231.04804166666804,0.0,0.3754,86.73543484166719,86.73543484166719
2025-08-09,220,32,476.7197291666667,476.7197291666667,0.0,0.3741,178.34085068125,178.34085068125
2025-08-09,220,33,1253.7562691666667,1253.7562691666667,0.0,0.2588,324.4721224603333,324.4721224603333
2025-08-09,220,34,0.0,0.0,0.0,0.4259,0.0,0.0
2025-08-09,220,35,0.0,0.0,0.0,0.7734,0.0,0.0
2025-08-09,220,36,0.0,0.0,0.0,0.7756,0.0,0.0
2025-08-09,220,37,0.0,0.0,0.0,0.6877,0.0,0.0
2025-08-09,220,38,0.0,0.0,0.0,0.6546,0.0,0.0
2025-08-09,220,39,0.0,0.0,0.0,0.5738,0.0,0.0
2025-08-09,220,40,0.0,0.0,0.0,0.588,0.0,0.0
2025-08-09,220,41,0.0,0.0,0.0,0.6818,0.0,0.0
2025-08-09,220,42,0.0,0.0,0.0,0.6728,0.0,0.0
2025-08-09,220,43,0.0,0.0,0.0,0.6026,0.0,0.0
2025-08-09,220,44,0.0,0.0,0.0,0.5289,0.0,0.0
2025-08-09,220,45,0.0,0.0,0.0,0.4956,0.0,0.0
2025-08-09,220,46,0.0,0.0,0.0,0.6455,0.0,0.0
2025-08-09,220,47,0.0,0.0,0.0,0.8474,0.0,0.0
2025-08-09,220,48,0.0,0.0,0.0,0.8066,0.0,0.0
2025-08-09,220,49,0.0,0.0,0.0,0.758,0.0,0.0
2025-08-09,220,50,0.0,0.0,0.0,0.7646,0.0,0.0
2025-08-09,220,51,0.0,0.0,0.0,0.6686,0.0,0.0
2025-08-09,220,52,0.0,0.0,0.0,0.6467,0.0,0.0
2025-08-09,220,53,0.0,0.0,0.0,0.6962,0.0,0.0
2025-08-09,220,54,0.0,0.0,0.0,0.6318,0.0,0.0
2025-08-09,220,55,0.0,0.0,0.0,0.5946,0.0,0.0
2025-08-09,220,56,0.0,0.0,0.0,0.6076,0.0,0.0
2025-08-09,220,57,0.0,0.0,0.0,0.5671,0.0,0.0
2025-08-09,220,58,0.0,0.0,0.0,0.6599,0.0,0.0
2025-08-09,220,59,0.0,0.0,0.0,0.8322,0.0,0.0
2025-08-09,220,60,0.0,0.0,0.0,0.8265,0.0,0.0
2025-08-09,220,61,0.0,0.0,0.0,0.8218,0.0,0.0
2025-08-09,220,62,0.0,0.0,0.0,0.9029,0.0,0.0
2025-08-09,220,63,0.0,0.0,0.0,0.918,0.0,0.0
2025-08-09,220,64,0.0,0.0,0.0,0.6193,0.0,0.0
2025-08-09,220,65,0.0,0.0,0.0,0.2164,0.0,0.0
2025-08-09,220,66,0.0,0.0,0.0,0.1954,0.0,0.0
2025-08-09,220,67,0.0,0.0,0.0,0.2465,0.0,0.0
2025-08-09,220,68,0.0,0.0,0.0,0.2005,0.0,0.0
2025-08-09,220,69,0.0,0.0,0.0,0.2002,0.0,0.0
2025-08-09,220,70,0.0,0.0,0.0,0.2541,0.0,0.0
2025-08-09,220,71,0.0,0.0,0.0,0.2779,0.0,0.0
2025-08-09,220,72,0.0,0.0,0.0,0.1949,0.0,0.0
2025-08-09,220,73,0.0,0.0,0.0,0.1714,0.0,0.0
2025-08-09,220,74,0.0,0.0,0.0,0.2321,0.0,0.0
2025-08-09,220,75,0.0,0.0,0.0,0.262,0.0,0.0
2025-08-09,220,76,0.0,0.0,0.0,0.3846,0.0,0.0
2025-08-09,220,77,0.0,0.0,0.0,0.5793,0.0,0.0
2025-08-09,220,78,0.0,0.0,0.0,0.67,0.0,0.0
2025-08-09,220,79,0.0,0.0,0.0,0.6835,0.0,0.0
2025-08-09,220,80,0.0,0.0,0.0,0.6334,0.0,0.0
2025-08-09,220,81,0.0,0.0,0.0,0.5322,0.0,0.0
2025-08-09,220,82,0.0,0.0,0.0,0.6338,0.0,0.0
2025-08-09,220,83,0.0,0.0,0.0,0.8632,0.0,0.0
2025-08-09,220,84,0.0,0.0,0.0,0.8791,0.0,0.0
2025-08-09,220,85,0.0,0.0,0.0,0.829,0.0,0.0
2025-08-09,220,86,0.0,0.0,0.0,0.8607,0.0,0.0
2025-08-09,220,87,0.0,0.0,0.0,0.9333,0.0,0.0
2025-08-09,220,88,0.0,0.0,0.0,0.7773,0.0,0.0
2025-08-09,220,89,0.0,0.0,0.0,0.4862,0.0,0.0
2025-08-09,220,90,0.0,0.0,0.0,0.4341,0.0,0.0
2025-08-09,220,91,0.0,0.0,0.0,0.4535,0.0,0.0
2025-08-09,220,92,0.0,0.0,0.0,0.4446,0.0,0.0
2025-08-09,220,93,0.0,0.0,0.0,0.4813,0.0,0.0
2025-08-09,220,94,13.845052499999952,13.845052499999952,0.0,0.5036,6.972368438999976,6.972368438999976
2025-08-09,220,95,46.13658333333353,46.13658333333353,0.0,0.5255,24.24477454166677,24.24477454166677
2025-08-09,220,96,83.21301416666677,83.21301416666677,0.0,0.6104,50.7932238473334,50.7932238473334
2025-08-09,220,97,144.27283750000026,144.27283750000026,0.0,0.5932,85.58264720500014,85.58264720500014
2025-08-09,220,98,204.45150000000012,204.45150000000012,0.0,0.5393,110.26069395000006,110.26069395000006
2025-08-09,220,99,0.009288474662959732,0.009288474662959732,0.0,0.6811,0.006326380092941874,0.006326380092941874
2025-08-09,220,100,0.0,0.0,0.0,0.7794,0.0,0.0
2025-08-09,220,101,765.551241972597,765.551241972597,0.0,0.7485,573.0151046164889,573.0151046164889
2025-08-09,220,102,299.49726083333337,299.49726083333337,0.0,0.7381,221.05892822108336,221.05892822108336
2025-08-09,220,103,359.3336608333333,359.3336608333333,0.0,0.7388,265.47570862366666,265.47570862366666
2025-08-09,220,104,402.57200000000006,402.57200000000006,0.0,0.7208,290.17389760000003,290.17389760000003
2025-08-09,220,105,466.29700833333345,466.29700833333345,0.0,0.716,333.8686579666667,333.8686579666667
2025-08-09,220,106,517.7312258333333,517.7312258333333,0.0,0.9035,467.7701625404166,467.7701625404166
2025-08-09,220,107,555.4133750000001,555.4133750000001,0.0,1.1728,651.3888062000001,651.3888062000001
2025-08-09,220,108,594.3130358333334,594.3130358333334,0.0,1.2146,721.8526133231667,721.8526133231667
2025-08-09,220,109,632.7208941666668,632.7208941666668,0.0,1.2154,769.0089747701668,769.0089747701668
2025-08-09,220,110,667.9117083333334,667.9117083333334,0.0,1.2556,838.6299409833334,838.6299409833334
2025-08-09,220,111,697.4440308333334,697.4440308333334,0.0,1.2427,866.7136971165834,866.7136971165834
2025-08-09,220,112,0.0,0.0,0.0,1.3196,0.0,0.0
2025-08-09,220,113,0.0,0.0,0.0,1.4745,0.0,0.0
2025-08-09,220,114,0.0,0.0,0.0,1.5273,0.0,0.0
2025-08-09,220,115,0.0,0.0,0.0,1.4894,0.0,0.0
2025-08-09,220,116,0.0,0.0,0.0,1.436,0.0,0.0
2025-08-09,220,117,0.0,0.0,0.0,1.4376,0.0,0.0
2025-08-09,220,118,0.0,0.0,0.0,1.4892,0.0,0.0
2025-08-09,220,119,0.0,0.0,0.0,1.5174,0.0,0.0
2025-08-09,220,120,0.0,0.0,0.0,1.4488,0.0,0.0
2025-08-09,220,121,0.0,0.0,0.0,1.4051,0.0,0.0
2025-08-09,220,122,0.0,0.0,0.0,1.4682,0.0,0.0
2025-08-09,220,123,0.0,0.0,0.0,1.5586,0.0,0.0
2025-08-09,220,124,133.62693621506924,133.62693621506924,0.0,1.3335,178.19151944279483,178.19151944279483
2025-08-09,220,125,729.1595833333333,729.1595833333333,0.0,0.9385,684.3162689583334,684.3162689583334
2025-08-09,220,126,1484.5105729629631,1484.5105729629631,0.0,0.8806,1307.2600105511854,1307.2600105511854
2025-08-09,220,127,692.9585375000001,692.9585375000001,0.0,0.9123,632.1860737612501,632.1860737612501
2025-08-09,220,128,0.0,0.0,0.0,0.903,0.0,0.0
2025-08-09,220,129,703.0832591666666,703.0832591666666,0.0,0.9377,659.2811721205833,659.2811721205833
2025-08-09,220,130,662.7217716666668,662.7217716666668,0.0,0.7387,489.55257273016673,489.55257273016673
2025-08-09,220,131,1442.7125833333334,1442.7125833333334,0.0,0.4206,606.80491255,606.80491255
2025-08-09,220,132,1442.6151708333332,1442.6151708333332,0.0,0.4163,600.5606956179166,600.5606956179166
2025-08-09,220,133,625.1700066666667,625.1700066666667,0.0,0.497,310.7094933133334,310.7094933133334
2025-08-09,220,134,620.3162500000001,620.3162500000001,0.0,0.4807,298.18602137500005,298.18602137500005
2025-08-09,220,135,1438.453105,1438.453105,0.0,0.424,609.90411652,609.90411652
2025-08-09,220,136,1435.9181133333334,1435.9181133333334,0.0,0.4617,662.963392926,662.963392926
2025-08-09,220,137,605.1868333333334,605.1868333333334,0.0,0.5466,330.7951231,330.7951231
2025-08-09,220,138,1424.8259358333335,1424.8259358333335,0.0,0.5025,715.97503275625,715.97503275625
2025-08-09,220,139,1430.7057525,1430.7057525,0.0,0.4273,611.3405680432501,611.3405680432501
2025-08-09,220,140,1451.6454166666667,1451.6454166666667,0.0,0.4,580.6581666666667,580.6581666666667
2025-08-09,220,141,1423.6466592323698,1423.6466592323698,0.0,0.4116,585.9729649400434,585.9729649400434
2025-08-09,220,142,0.0,0.0,0.0,0.4559,0.0,0.0
2025-08-09,220,143,0.0,0.0,0.0,0.521,0.0,0.0
2025-08-10,221,0,0.0,0.0,0.0,0.5777,0.0,0.0
2025-08-10,221,1,1498.4810058333333,1498.4810058333333,0.0,0.5648,846.3420720946666,846.3420720946666
2025-08-10,221,2,1499.5751666666665,1499.5751666666665,0.0,0.5246,786.6771324333332,786.6771324333332
2025-08-10,221,3,704.5219875,704.5219875,0.0,0.5594,394.10959980750005,394.10959980750005
2025-08-10,221,4,221.72318407882264,221.72318407882264,0.0,0.5725,126.93652288512597,126.93652288512597
2025-08-10,221,5,0.0,0.0,0.0,0.5363,0.0,0.0
2025-08-10,221,6,673.9228391666668,673.9228391666668,0.0,0.5214,351.38336834150005,351.38336834150005
2025-08-10,221,7,664.0238116666667,664.0238116666667,0.0,0.511,339.3161677616667,339.3161677616667
2025-08-10,221,8,0.0,0.0,0.0,0.5017,0.0,0.0
2025-08-10,221,9,660.3237041666667,660.3237041666667,0.0,0.517,341.38735505416673,341.38735505416673
2025-08-10,221,10,661.9250566666668,661.9250566666668,0.0,0.5426,359.16053574733337,359.16053574733337
2025-08-10,221,11,1497.34275,1497.34275,0.0,0.5433,813.506316075,813.506316075
2025-08-10,221,12,663.7413366666667,663.7413366666667,0.0,0.4988,331.07417872933337,331.07417872933337
2025-08-10,221,13,658.8804166666666,658.8804166666666,0.0,0.4891,322.2584117916666,322.2584117916666
2025-08-10,221,14,660.7229166666666,660.7229166666666,0.0,0.5312,350.9760133333333,350.9760133333333
2025-08-10,221,15,0.0,0.0,0.0,0.5631,0.0,0.0
2025-08-10,221,16,660.2318008333333,660.2318008333333,0.0,0.5608,370.2579939073333,370.2579939073333
2025-08-10,221,17,1473.9973333333332,1473.9973333333332,0.0,0.5284,778.8601909333332,778.8601909333332
2025-08-10,221,18,620.7643783333333,620.7643783333333,0.0,0.4882,303.05716950233335,303.05716950233335
2025-08-10,221,19,0.0,0.0,0.0,0.4646,0.0,0.0
2025-08-10,221,20,647.5778333333335,647.5778333333335,0.0,0.4718,305.52722176666674,305.52722176666674
2025-08-10,221,21,637.6297658333334,637.6297658333334,0.0,0.5068,323.1507653243334,323.1507653243334
2025-08-10,221,22,635.1364191666669,635.1364191666669,0.0,0.5397,342.7831254242501,342.7831254242501
2025-08-10,221,23,638.7344166666668,638.7344166666668,0.0,0.5386,344.02235681666673,344.02235681666673
2025-08-10,221,24,1467.228574198569,1467.228574198569,0.0,0.4981,730.8265528083073,730.8265528083073
2025-08-10,221,25,633.4293341666668,633.4293341666668,0.0,0.4957,313.9909209464167,313.9909209464167
2025-08-10,221,26,0.0,0.0,0.0,0.5164,0.0,0.0
2025-08-10,221,27,0.0,0.0,0.0,0.4794,0.0,0.0
2025-08-10,221,28,628.4427516666666,628.4427516666666,0.0,0.4873,306.24015288716663,306.24015288716663
2025-08-10,221,29,611.9162500000001,611.9162500000001,0.0,0.5256,321.62318100000005,321.62318100000005
2025-08-10,221,30,588.9731841666667,588.9731841666667,0.0,0.4737,278.99659733975,278.99659733975
2025-08-10,221,31,589.2013816666667,589.2013816666667,0.0,0.4356,256.65612185400005,256.65612185400005
2025-08-10,221,32,1410.2500833333334,1410.2500833333334,0.0,0.4251,599.497310425,599.497310425
2025-08-10,221,33,1346.3052408333333,1346.3052408333333,0.0,0.3918,527.4823933585,527.4823933585
2025-08-10,221,34,0.0,0.0,0.0,0.6,0.0,0.0
2025-08-10,221,35,0.0,0.0,0.0,0.9235,0.0,0.0
2025-08-10,221,36,0.0,0.0,0.0,0.9337,0.0,0.0
2025-08-10,221,37,0.0,0.0,0.0,0.8696,0.0,0.0
2025-08-10,221,38,0.0,0.0,0.0,0.8647,0.0,0.0
2025-08-10,221,39,0.0,0.0,0.0,0.8127,0.0,0.0
2025-08-10,221,40,0.0,0.0,0.0,0.7524,0.0,0.0
2025-08-10,221,41,0.0,0.0,0.0,0.7336,0.0,0.0
2025-08-10,221,42,0.0,0.0,0.0,0.7567,0.0,0.0
2025-08-10,221,43,0.0,0.0,0.0,0.7442,0.0,0.0
2025-08-10,221,44,0.0,0.0,0.0,0.6584,0.0,0.0
2025-08-10,221,45,0.0,0.0,0.0,0.5797,0.0,0.0
2025-08-10,221,46,0.0,0.0,0.0,0.8025,0.0,0.0
2025-08-10,221,47,0.0,0.0,0.0,1.1651,0.0,0.0
2025-08-10,221,48,0.0,0.0,0.0,1.1858,0.0,0.0
2025-08-10,221,49,0.0,0.0,0.0,1.1255,0.0,0.0
2025-08-10,221,50,0.0,0.0,0.0,1.1096,0.0,0.0
2025-08-10,221,51,0.0,0.0,0.0,1.0069,0.0,0.0
2025-08-10,221,52,0.0,0.0,0.0,0.9608,0.0,0.0
2025-08-10,221,53,0.0,0.0,0.0,1.0036,0.0,0.0
2025-08-10,221,54,0.0,0.0,0.0,1.0093,0.0,0.0
2025-08-10,221,55,0.0,0.0,0.0,0.9542,0.0,0.0
2025-08-10,221,56,0.0,0.0,0.0,0.8963,0.0,0.0
2025-08-10,221,57,0.0,0.0,0.0,0.9255,0.0,0.0
2025-08-10,221,58,0.0,0.0,0.0,1.0395,0.0,0.0
2025-08-10,221,59,0.0,0.0,0.0,1.1386,0.0,0.0
2025-08-10,221,60,0.0,0.0,0.0,1.1064,0.0,0.0
2025-08-10,221,61,0.0,0.0,0.0,1.0496,0.0,0.0
2025-08-10,221,62,0.0,0.0,0.0,1.0633,0.0,0.0
2025-08-10,221,63,0.0,0.0,0.0,1.0982,0.0,0.0
2025-08-10,221,64,0.0,0.0,0.0,0.8268,0.0,0.0
2025-08-10,221,65,0.0,0.0,0.0,0.4123,0.0,0.0
2025-08-10,221,66,0.0,0.0,0.0,0.3761,0.0,0.0
2025-08-10,221,67,0.0,0.0,0.0,0.4444,0.0,0.0
2025-08-10,221,68,0.0,0.0,0.0,0.4377,0.0,0.0
2025-08-10,221,69,0.0,0.0,0.0,0.4487,0.0,0.0
2025-08-10,221,70,0.0,0.0,0.0,0.463,0.0,0.0
2025-08-10,221,71,0.0,0.0,0.0,0.4646,0.0,0.0
2025-08-10,221,72,0.0,0.0,0.0,0.469,0.0,0.0
2025-08-10,221,73,0.0,0.0,0.0,0.5008,0.0,0.0
2025-08-10,221,74,0.0,0.0,0.0,0.5168,0.0,0.0
2025-08-10,221,75,0.0,0.0,0.0,0.4775,0.0,0.0
2025-08-10,221,76,0.0,0.0,0.0,0.6169,0.0,0.0
2025-08-10,221,77,0.0,0.0,0.0,0.8749,0.0,0.0
2025-08-10,221,78,0.0,0.0,0.0,0.9291,0.0,0.0
2025-08-10,221,79,0.0,0.0,0.0,0.8595,0.0,0.0
2025-08-10,221,80,0.0,0.0,0.0,0.8104,0.0,0.0
2025-08-10,221,81,0.0,0.0,0.0,0.8674,0.0,0.0
2025-08-10,221,82,0.0,0.0,0.0,1.0386,0.0,0.0
2025-08-10,221,83,0.0,0.0,0.0,1.1949,0.0,0.0
2025-08-10,221,84,0.0,0.0,0.0,1.1706,0.0,0.0
2025-08-10,221,85,0.0,0.0,0.0,1.1227,0.0,0.0
2025-08-10,221,86,0.0,0.0,0.0,1.1692,0.0,0.0
2025-08-10,221,87,0.0,0.0,0.0,1.2422,0.0,0.0
2025-08-10,221,88,0.0,0.0,0.0,1.0371,0.0,0.0
2025-08-10,221,89,0.0,0.0,0.0,0.6912,0.0,0.0
2025-08-10,221,90,0.0,0.0,0.0,0.6675,0.0,0.0
2025-08-10,221,91,37.285464166667,37.285464166667,0.0,0.7469,27.84851318608358,27.84851318608358
2025-08-10,221,92,102.13893750000022,102.13893750000022,0.0,0.7564,77.25789232500017,77.25789232500017
2025-08-10,221,93,144.94663416666674,144.94663416666674,0.0,0.7579,109.85505403491672,109.85505403491672
2025-08-10,221,94,189.30758916666673,189.30758916666673,0.0,0.8551,161.87691949641672,161.87691949641672
2025-08-10,221,95,252.16089583333337,252.16089583333337,0.0,0.9622,242.62921397083338,242.62921397083338
2025-08-10,221,96,314.78251249999994,314.78251249999994,0.0,0.895,281.73034868749994,281.73034868749994
2025-08-10,221,97,371.7231708333336,371.7231708333336,0.0,0.8551,317.86048337958357,317.86048337958357
2025-08-10,221,98,422.3693125000001,422.3693125000001,0.0,0.9186,387.98845046250005,387.98845046250005
2025-08-10,221,99,472.9460866666668,472.9460866666668,0.0,0.9662,456.96050893733343,456.96050893733343
2025-08-10,221,100,510.6258833333335,510.6258833333335,0.0,0.994,507.56212803333347,507.56212803333347
2025-08-10,221,101,550.0659166666667,550.0659166666667,0.0,1.0248,563.7075513999999,563.7075513999999
2025-08-10,221,102,605.0963116666669,605.0963116666669,0.0,1.0729,649.2078327871669,649.2078327871669
2025-08-10,221,103,657.3015575000001,657.3015575000001,0.0,1.1359,746.62883916425,746.62883916425
2025-08-10,221,104,709.3622083333335,709.3622083333335,0.0,1.17,829.9537837500001,829.9537837500001
2025-08-10,221,105,789.5590108333333,789.5590108333333,0.0,1.1397,899.86040464675,899.86040464675
2025-08-10,221,106,772.8825050000002,772.8825050000002,0.0,1.1847,915.6339036735003,915.6339036735003
2025-08-10,221,107,693.8280625000001,693.8280625000001,0.0,1.3034,904.3354966625001,904.3354966625001
2025-08-10,221,108,707.9493558333332,707.9493558333332,0.0,1.3526,957.5722987001666,957.5722987001666
2025-08-10,221,109,759.8922791666668,759.8922791666668,0.0,1.3614,1034.5173488575,1034.5173488575
2025-08-10,221,110,803.7237916666667,803.7237916666667,0.0,1.3736,1103.9950002333333,1103.9950002333333
2025-08-10,221,111,847.2105800000003,847.2105800000003,0.0,1.4107,1195.1599652060004,1195.1599652060004
2025-08-10,221,112,864.4281241666666,864.4281241666666,0.0,1.5236,1317.0426899803333,1317.0426899803333
2025-08-10,221,113,30.83116666666683,30.83116666666683,0.0,1.6435,50.671022416666936,50.671022416666936
2025-08-10,221,114,39.04936500000011,39.04936500000011,0.0,1.6422,64.12686720300019,64.12686720300019
2025-08-10,221,115,37.40291250000024,37.40291250000024,0.0,1.6519,61.785871158750396,61.785871158750396
2025-08-10,221,116,24.30441666666684,24.30441666666684,0.0,1.696,41.220290666666955,41.220290666666955
2025-08-10,221,117,28.6890166666668,28.6890166666668,0.0,1.6663,47.804508471666885,47.804508471666885
2025-08-10,221,118,46.346786666666944,46.346786666666944,0.0,1.6275,75.42939530000045,75.42939530000045
2025-08-10,221,119,55.79666666666685,55.79666666666685,0.0,1.6175,90.25110833333363,90.25110833333363
2025-08-10,221,120,90.05608038173318,90.05608038173318,0.0,1.608,144.81017725382696,144.81017725382696
2025-08-10,221,121,4.613299166666762,4.613299166666762,0.0,1.596,7.3628254700001525,7.3628254700001525
2025-08-10,221,122,6.525250000000256,6.525250000000256,0.0,1.6416,10.711850400000419,10.711850400000419
2025-08-10,221,123,27.87725000000011,27.87725000000011,0.0,1.7523,48.84930517500019,48.84930517500019
2025-08-10,221,124,873.2324991666668,873.2324991666668,0.0,1.5278,1334.1246122268335,1334.1246122268335
2025-08-10,221,125,870.7171666666667,870.7171666666667,0.0,1.1057,962.7519711833332,962.7519711833332
2025-08-10,221,126,1706.9896958333334,1706.9896958333334,0.0,1.05,1792.3391806250002,1792.3391806250002
2025-08-10,221,127,881.2565925000002,881.2565925000002,0.0,1.0837,955.0177692922504,955.0177692922504
2025-08-10,221,128,890.6882500000002,890.6882500000002,0.0,1.0763,958.6477634750001,958.6477634750001
2025-08-10,221,129,143.47225916666673,143.47225916666673,0.0,1.1362,163.01318086516676,163.01318086516676
2025-08-10,221,130,817.2267766666669,817.2267766666669,0.0,0.9032,738.1192246853335,738.1192246853335
2025-08-10,221,131,715.5220833333334,715.5220833333334,0.0,0.5207,372.57234879166674,372.57234879166674
2025-08-10,221,132,1550.21429,1550.21429,0.0,0.5322,825.0240451379999,825.0240451379999
2025-08-10,221,133,1577.3824258333334,1577.3824258333334,0.0,0.5979,943.11695240575,943.11695240575
2025-08-10,221,134,742.1395000000001,742.1395000000001,0.0,0.5418,402.09118110000003,402.09118110000003
2025-08-10,221,135,41.8154489757992,41.8154489757992,0.0,0.5305,22.183095681661474,22.183095681661474
2025-08-10,221,136,720.6281283333334,720.6281283333334,0.0,0.5348,385.39192303266674,385.39192303266674
2025-08-10,221,137,1525.85075,1525.85075,0.0,0.5167,788.4070825250001,788.4070825250001
2025-08-10,221,138,1512.9902533333334,1512.9902533333334,0.0,0.493,745.9041948933334,745.9041948933334
2025-08-10,221,139,1515.8676008333332,1515.8676008333332,0.0,0.52,788.2511524333333,788.2511524333333
2025-08-10,221,140,693.3895833333333,693.3895833333333,0.0,0.5741,398.0749597916667,398.0749597916667
2025-08-10,221,141,694.5010991666667,694.5010991666667,0.0,0.5744,398.92143136133336,398.92143136133336
2025-08-10,221,142,1554.1091325,1554.1091325,0.0,0.5637,876.0513179902499,876.0513179902499
2025-08-10,221,143,1592.437375,1592.437375,0.0,0.5434,865.3304695749999,865.3304695749999
2025-08-11,222,0,0.0,0.0,0.0,0.483,0.0,0.0
2025-08-11,222,1,0.0,0.0,0.0,0.5122,0.0,0.0
2025-08-11,222,2,0.0,0.0,0.0,0.6003,0.0,0.0
2025-08-11,222,3,745.2938475,745.2938475,0.0,0.5798,432.1213727805,432.1213727805
2025-08-11,222,4,754.0113358333333,754.0113358333333,0.0,0.5354,403.6976692051666,403.6976692051666
2025-08-11,222,5,746.9130833333335,746.9130833333335,0.0,0.539,402.5861519166668,402.5861519166668
2025-08-11,222,6,1562.1604058333332,1562.1604058333332,0.0,0.5688,888.5568388379999,888.5568388379999
2025-08-11,222,7,1553.242155833333,1553.242155833333,0.0,0.5443,845.4297054200832,845.4297054200832
2025-08-11,222,8,1557.0126666666665,1557.0126666666665,0.0,0.4885,760.6006876666665,760.6006876666665
2025-08-11,222,9,725.7664591666668,725.7664591666668,0.0,0.5025,364.69764573125,364.69764573125
2025-08-11,222,10,721.8076741666666,721.8076741666666,0.0,0.5351,386.2392864465833,386.2392864465833
2025-08-11,222,11,711.8118333333334,711.8118333333334,0.0,0.5238,372.84703830000007,372.84703830000007
2025-08-11,222,12,694.1403616666666,694.1403616666666,0.0,0.4606,319.7210505836667,319.7210505836667
2025-08-11,222,13,682.2015875,682.2015875,0.0,0.4366,297.84921310249996,297.84921310249996
2025-08-11,222,14,695.3336666666667,695.3336666666667,0.0,0.4501,312.9696833666667,312.9696833666667
2025-08-11,222,15,721.8666641666667,721.8666641666667,0.0,0.4196,302.89525228433337,302.89525228433337
2025-08-11,222,16,723.6482425,723.6482425,0.0,0.4116,297.85361661300004,297.85361661300004
2025-08-11,222,17,697.2100833333333,697.2100833333333,0.0,0.4512,314.58118959999996,314.58118959999996
2025-08-11,222,18,1511.5988483333333,1511.5988483333333,0.0,0.4864,735.2416798293333,735.2416798293333
2025-08-11,222,19,1511.5224108333332,1511.5224108333332,0.0,0.4789,723.8680825480833,723.8680825480833
2025-08-11,222,20,692.6585833333335,692.6585833333335,0.0,0.4511,312.45828694166676,312.45828694166676
2025-08-11,222,21,697.1919375000001,697.1919375000001,0.0,0.4586,319.73222253750004,319.73222253750004
2025-08-11,222,22,697.6081983333333,697.6081983333333,0.0,0.4655,324.7366163241667,324.7366163241667
2025-08-11,222,23,690.9495000000001,690.9495000000001,0.0,0.4497,310.71999015,310.71999015
2025-08-11,222,24,630.4520061256214,630.4520061256214,0.0,0.4336,273.36398985606945,273.36398985606945
2025-08-11,222,25,702.3950075,702.3950075,0.0,0.4638,325.7708044785,325.7708044785
2025-08-11,222,26,706.3874166666667,706.3874166666667,0.0,0.5169,365.13165567500005,365.13165567500005
2025-08-11,222,27,700.9242866666667,700.9242866666667,0.0,0.5143,360.4853606326667,360.4853606326667
2025-08-11,222,28,675.69158,675.69158,0.0,0.4625,312.50735575000004,312.50735575000004
2025-08-11,222,29,1486.5845,1486.5845,0.0,0.4224,627.9332928,627.9332928
2025-08-11,222,30,1497.3808043317576,1497.3808043317576,0.0,0.4508,675.0192665927564,675.0192665927564
2025-08-11,222,31,0.0,0.0,0.0,0.4621,0.0,0.0
2025-08-11,222,32,600.4760833333333,600.4760833333333,0.0,0.415,249.19757458333333,249.19757458333333
2025-08-11,222,33,1389.7116708333333,1389.7116708333333,0.0,0.3878,538.9301859491666,538.9301859491666
2025-08-11,222,34,0.0,0.0,0.0,0.5983,0.0,0.0
2025-08-11,222,35,0.0,0.0,0.0,0.9024,0.0,0.0
2025-08-11,222,36,0.0,0.0,0.0,0.9105,0.0,0.0
2025-08-11,222,37,0.0,0.0,0.0,0.8298,0.0,0.0
2025-08-11,222,38,0.0,0.0,0.0,0.8221,0.0,0.0
2025-08-11,222,39,0.0,0.0,0.0,0.8431,0.0,0.0
2025-08-11,222,40,0.0,0.0,0.0,0.8248,0.0,0.0
2025-08-11,222,41,0.0,0.0,0.0,0.7721,0.0,0.0
2025-08-11,222,42,0.0,0.0,0.0,0.7525,0.0,0.0
2025-08-11,222,43,0.0,0.0,0.0,0.7727,0.0,0.0
2025-08-11,222,44,0.0,0.0,0.0,0.7582,0.0,0.0
2025-08-11,222,45,0.0,0.0,0.0,0.6659,0.0,0.0
2025-08-11,222,46,0.0,0.0,0.0,0.8186,0.0,0.0
2025-08-11,222,47,0.0,0.0,0.0,1.1251,0.0,0.0
2025-08-11,222,48,0.0,0.0,0.0,1.1479,0.0,0.0
2025-08-11,222,49,0.0,0.0,0.0,1.0761,0.0,0.0
2025-08-11,222,50,0.0,0.0,0.0,1.0704,0.0,0.0
2025-08-11,222,51,0.0,0.0,0.0,1.0975,0.0,0.0
2025-08-11,222,52,0.0,0.0,0.0,1.11,0.0,0.0
2025-08-11,222,53,0.0,0.0,0.0,1.0816,0.0,0.0
2025-08-11,222,54,0.0,0.0,0.0,1.023,0.0,0.0
2025-08-11,222,55,0.0,0.0,0.0,1.0017,0.0,0.0
2025-08-11,222,56,0.0,0.0,0.0,0.9954,0.0,0.0
2025-08-11,222,57,0.0,0.0,0.0,0.9379,0.0,0.0
2025-08-11,222,58,0.0,0.0,0.0,0.993,0.0,0.0
2025-08-11,222,59,0.0,0.0,0.0,1.1403,0.0,0.0
2025-08-11,222,60,0.0,0.0,0.0,1.1686,0.0,0.0
2025-08-11,222,61,0.0,0.0,0.0,1.078,0.0,0.0
2025-08-11,222,62,0.0,0.0,0.0,1.0021,0.0,0.0
2025-08-11,222,63,0.0,0.0,0.0,1.0335,0.0,0.0
2025-08-11,222,64,0.0,0.0,0.0,0.8124,0.0,0.0
2025-08-11,222,65,0.0,0.0,0.0,0.4574,0.0,0.0
2025-08-11,222,66,488.0542200388177,488.0542200388177,0.0,0.4688,228.79981835419773,228.79981835419773
2025-08-11,222,67,0.0,0.0,0.0,0.5236,0.0,0.0
2025-08-11,222,68,524.7939375000003,524.7939375000003,0.0,0.4624,242.66471670000013,242.66471670000013
2025-08-11,222,69,0.0,0.0,0.0,0.4472,0.0,0.0
2025-08-11,222,70,0.0,0.0,0.0,0.427,0.0,0.0
2025-08-11,222,71,458.72841666666704,458.72841666666704,0.0,0.3929,180.23439490833348,180.23439490833348
2025-08-11,222,72,456.38340250000033,456.38340250000033,0.0,0.4104,187.29974838600012,187.29974838600012
2025-08-11,222,73,480.03359916666705,480.03359916666705,0.0,0.4443,213.27892810975015,213.27892810975015
2025-08-11,222,74,0.0,0.0,0.0,0.4261,0.0,0.0
2025-08-11,222,75,497.74810916666684,497.74810916666684,0.0,0.3636,180.98121249300004,180.98121249300004
2025-08-11,222,76,0.0,0.0,0.0,0.5717,0.0,0.0
2025-08-11,222,77,0.0,0.0,0.0,0.8992,0.0,0.0
2025-08-11,222,78,0.0,0.0,0.0,0.8629,0.0,0.0
2025-08-11,222,79,0.0,0.0,0.0,0.8094,0.0,0.0
2025-08-11,222,80,0.0,0.0,0.0,0.8718,0.0,0.0
2025-08-11,222,81,0.0,0.0,0.0,0.8478,0.0,0.0
2025-08-11,222,82,0.0,0.0,0.0,0.8876,0.0,0.0
2025-08-11,222,83,0.0,0.0,0.0,1.0269,0.0,0.0
2025-08-11,222,84,0.0,0.0,0.0,1.1195,0.0,0.0
2025-08-11,222,85,0.0,0.0,0.0,1.1246,0.0,0.0
2025-08-11,222,86,0.0,0.0,0.0,1.1432,0.0,0.0
2025-08-11,222,87,0.0,0.0,0.0,1.2605,0.0,0.0
2025-08-11,222,88,0.0,0.0,0.0,1.0747,0.0,0.0
2025-08-11,222,89,123.6448736111123,123.6448736111123,0.0,0.7068,87.39219666833418,87.39219666833418
2025-08-11,222,90,154.76424666666662,154.76424666666662,0.0,0.7092,109.75880373599998,109.75880373599998
2025-08-11,222,91,228.5269808333336,228.5269808333336,0.0,0.7946,181.58753897016686,181.58753897016686
2025-08-11,222,92,302.5393958333334,302.5393958333334,0.0,0.7944,240.33729605000005,240.33729605000005
2025-08-11,222,93,350.25629083333354,350.25629083333354,0.0,0.8304,290.8528239080002,290.8528239080002
2025-08-11,222,94,413.7151450000001,413.7151450000001,0.0,0.8458,349.9202696410001,349.9202696410001
2025-08-11,222,95,485.09618750000016,485.09618750000016,0.0,0.8374,406.21954741250016,406.21954741250016
2025-08-11,222,96,510.4824325000002,510.4824325000002,0.0,0.8731,445.70221181575016,445.70221181575016
2025-08-11,222,97,0.0,0.0,0.0,0.9016,0.0,0.0
2025-08-11,222,98,609.2521458333333,609.2521458333333,0.0,0.9038,550.6420894041667,550.6420894041667
2025-08-11,222,99,1265.3554961111122,1265.3554961111122,0.0,0.9176,1161.0902032315564,1161.0902032315564
2025-08-11,222,100,702.2419175000002,702.2419175000002,0.0,0.9576,672.4668601980002,672.4668601980002
2025-08-11,222,101,767.1585,767.1585,0.0,1.0033,769.69012305,769.69012305
2025-08-11,222,102,849.1860875000001,849.1860875000001,0.0,1.0224,868.2078558600001,868.2078558600001
2025-08-11,222,103,905.9930716666668,905.9930716666668,0.0,1.0471,948.6653453421667,948.6653453421667
2025-08-11,222,104,948.30375,948.30375,0.0,1.0844,1028.3405865,1028.3405865
2025-08-11,222,105,1029.08855,1029.08855,0.0,1.1215,1154.1228088249998,1154.1228088249998
2025-08-11,222,106,946.3772366666669,946.3772366666669,0.0,1.2246,1158.9335640220002,1158.9335640220002
2025-08-11,222,107,778.1260208333335,778.1260208333335,0.0,1.3377,1040.8991780687502,1040.8991780687502
2025-08-11,222,108,807.0842325,807.0842325,0.0,1.3347,1077.21532511775,1077.21532511775
2025-08-11,222,109,868.2925341666669,868.2925341666669,0.0,1.3651,1185.3061383909169,1185.3061383909169
2025-08-11,222,110,881.9304583333335,881.9304583333335,0.0,1.4037,1237.9657843625002,1237.9657843625002
2025-08-11,222,111,932.9372199999999,932.9372199999999,0.0,1.3082,1220.4684712039998,1220.4684712039998
2025-08-11,222,112,960.9876050000001,960.9876050000001,0.0,1.4232,1367.6775594360001,1367.6775594360001
2025-08-11,222,113,113.69883333333348,113.69883333333348,0.0,1.685,191.58253416666693,191.58253416666693
2025-08-11,222,114,97.40841083333345,97.40841083333345,0.0,1.6777,163.42209085508352,163.42209085508352
2025-08-11,222,115,91.23840333333352,91.23840333333352,0.0,1.6907,154.256768515667,154.256768515667
2025-08-11,222,116,153.61342204840003,153.61342204840003,0.0,1.7686,271.6806982348003,271.6806982348003
2025-08-11,222,117,107.01672333333354,107.01672333333354,0.0,1.6547,177.08057209966702,177.08057209966702
2025-08-11,222,118,118.45538250000018,118.45538250000018,0.0,1.5836,187.58594372700028,187.58594372700028
2025-08-11,222,119,124.51475000000016,124.51475000000016,0.0,1.6406,204.27889885000027,204.27889885000027
2025-08-11,222,120,121.74553000000012,121.74553000000012,0.0,1.6691,203.20546412300018,203.20546412300018
2025-08-11,222,121,116.35246833333359,116.35246833333359,0.0,1.6562,192.7029580536671,192.7029580536671
2025-08-11,222,122,119.44841666666684,119.44841666666684,0.0,1.67,199.47885583333363,199.47885583333363
2025-08-11,222,123,128.30912250000014,128.30912250000014,0.0,1.7234,221.12794171650026,221.12794171650026
2025-08-11,222,124,961.1744408333335,961.1744408333335,0.0,1.4702,1413.1186629131669,1413.1186629131669
2025-08-11,222,125,955.4775000000001,955.4775000000001,0.0,1.0571,1010.0352652500001,1010.0352652500001
2025-08-11,222,126,962.1686033333334,962.1686033333334,0.0,1.0126,974.2919277353334,974.2919277353334
2025-08-11,222,127,957.6120758333334,957.6120758333334,0.0,1.0755,1029.91178755875,1029.91178755875
2025-08-11,222,128,955.4208333333335,955.4208333333335,0.0,1.0936,1044.8482233333334,1044.8482233333334
2025-08-11,222,129,980.6692175,980.6692175,0.0,1.1352,1113.2556957059999,1113.2556957059999
2025-08-11,222,130,890.3501108333335,890.3501108333335,0.0,0.9203,819.3892069999168,819.3892069999168
2025-08-11,222,131,807.8212357416045,807.8212357416045,0.0,0.5664,457.5499479240448,457.5499479240448
2025-08-11,222,132,1598.1515883333332,1598.1515883333332,0.0,0.5173,826.7238166448332,826.7238166448332
2025-08-11,222,133,1640.0647358333335,1640.0647358333335,0.0,0.577,946.3173525758334,946.3173525758334
2025-08-11,222,134,1623.431,1623.431,0.0,0.5687,923.2452097,923.2452097
2025-08-11,222,135,772.8184366666667,772.8184366666667,0.0,0.5203,402.0974325976667,402.0974325976667
2025-08-11,222,136,760.5994758333335,760.5994758333335,0.0,0.5335,405.7798203570834,405.7798203570834
2025-08-11,222,137,754.6841871944687,754.6841871944687,0.0,0.5877,443.52789681418926,443.52789681418926
2025-08-11,222,138,764.1919533333333,764.1919533333333,0.0,0.5685,434.44312547,434.44312547
2025-08-11,222,139,771.977205,771.977205,0.0,0.5417,418.18005194849997,418.18005194849997
2025-08-11,222,140,1605.9685,1605.9685,0.0,0.5517,886.0128214499999,886.0128214499999
2025-08-11,222,141,1597.559175,1597.559175,0.0,0.569,909.0111705749999,909.0111705749999
2025-08-11,222,142,1604.898855,1604.898855,0.0,0.5407,867.7688108984999,867.7688108984999
2025-08-11,222,143,778.7375416666667,778.7375416666667,0.0,0.4811,374.65063129583336,374.65063129583336
2025-08-12,223,0,0.0,0.0,0.0,0.4638,0.0,0.0
2025-08-12,223,1,754.6661283333334,754.6661283333334,0.0,0.5054,381.4082612596667,381.4082612596667
2025-08-12,223,2,775.2205833333334,775.2205833333334,0.0,0.551,427.1465414166667,427.1465414166667
2025-08-12,223,3,767.2484133333335,767.2484133333335,0.0,0.5246,402.4985176346667,402.4985176346667
2025-08-12,223,4,747.8986699999999,747.8986699999999,0.0,0.4898,366.32076856599997,366.32076856599997
2025-08-12,223,5,744.7295,744.7295,0.0,0.4956,369.0879402,369.0879402
2025-08-12,223,6,763.5515516666668,763.5515516666668,0.0,0.5267,402.1626022628334,402.1626022628334
2025-08-12,223,7,746.1253216666667,746.1253216666667,0.0,0.5133,382.98612761149997,382.98612761149997
2025-08-12,223,8,706.7180833333333,706.7180833333333,0.0,0.4852,342.89961403333336,342.89961403333336
2025-08-12,223,9,0.0,0.0,0.0,0.5323,0.0,0.0
2025-08-12,223,10,719.1196458333334,719.1196458333334,0.0,0.5406,388.7560805375,388.7560805375
2025-08-12,223,11,691.7645833333333,691.7645833333333,0.0,0.4982,344.63711541666663,344.63711541666663
2025-08-12,223,12,707.9508616666667,707.9508616666667,0.0,0.5073,359.1434721235,359.1434721235
2025-08-12,223,13,712.9745608333334,712.9745608333334,0.0,0.5112,364.47259549800003,364.47259549800003
2025-08-12,223,14,699.2409166666666,699.2409166666666,0.0,0.4828,337.59351456666667,337.59351456666667
2025-08-12,223,15,0.0,0.0,0.0,0.4651,0.0,0.0
2025-08-12,223,16,0.0,0.0,0.0,0.4957,0.0,0.0
2025-08-12,223,17,1491.1546666666666,1491.1546666666666,0.0,0.5481,817.3018728,817.3018728
2025-08-12,223,18,694.6873975,694.6873975,0.0,0.5533,384.37053703675,384.37053703675
2025-08-12,223,19,722.6894258333334,722.6894258333334,0.0,0.5208,376.3766529740001,376.3766529740001
2025-08-12,223,20,1548.59775,1548.59775,0.0,0.5026,778.32522915,778.32522915
2025-08-12,223,21,695.0893341666667,695.0893341666667,0.0,0.5345,371.5252491120834,371.5252491120834
2025-08-12,223,22,280.4502422698167,280.4502422698167,0.0,0.5042,141.4030121524416,141.4030121524416
2025-08-12,223,23,0.0,0.0,0.0,0.4384,0.0,0.0
2025-08-12,223,24,671.0154216666667,671.0154216666667,0.0,0.4738,317.9271067856667,317.9271067856667
2025-08-12,223,25,1503.8240616666667,1503.8240616666667,0.0,0.4908,738.076849466,738.076849466
2025-08-12,223,26,1530.0466666666666,1530.0466666666666,0.0,0.4562,698.0072893333333,698.0072893333333
2025-08-12,223,27,695.4282333333335,695.4282333333335,0.0,0.4656,323.7913854400001,323.7913854400001
2025-08-12,223,28,676.5606766666667,676.5606766666667,0.0,0.5206,352.2174882726667,352.2174882726667
2025-08-12,223,29,1489.5700833333333,1489.5700833333333,0.0,0.5636,839.5216989666666,839.5216989666666
2025-08-12,223,30,1480.3497383333333,1480.3497383333333,0.0,0.5373,795.3919144065,795.3919144065
2025-08-12,223,31,1478.9328074999999,1478.9328074999999,0.0,0.5174,765.1998346004999,765.1998346004999
2025-08-12,223,32,1454.1347708333333,1454.1347708333333,0.0,0.4709,684.7520635854166,684.7520635854166
2025-08-12,223,33,1400.5629441666667,1400.5629441666667,0.0,0.3472,486.2754542146667,486.2754542146667
2025-08-12,223,34,0.0,0.0,0.0,0.566,0.0,0.0
2025-08-12,223,35,0.0,0.0,0.0,0.9804,0.0,0.0
2025-08-12,223,36,0.0,0.0,0.0,0.9792,0.0,0.0
2025-08-12,223,37,0.0,0.0,0.0,0.8224,0.0,0.0
2025-08-12,223,38,0.0,0.0,0.0,0.7682,0.0,0.0
2025-08-12,223,39,0.0,0.0,0.0,0.8131,0.0,0.0
2025-08-12,223,40,0.0,0.0,0.0,0.8247,0.0,0.0
2025-08-12,223,41,0.0,0.0,0.0,0.7637,0.0,0.0
2025-08-12,223,42,0.0,0.0,0.0,0.7097,0.0,0.0
2025-08-12,223,43,0.0,0.0,0.0,0.7183,0.0,0.0
2025-08-12,223,44,0.0,0.0,0.0,0.7186,0.0,0.0
2025-08-12,223,45,0.0,0.0,0.0,0.6293,0.0,0.0
2025-08-12,223,46,0.0,0.0,0.0,0.7819,0.0,0.0
2025-08-12,223,47,0.0,0.0,0.0,1.1022,0.0,0.0
2025-08-12,223,48,0.0,0.0,0.0,1.1537,0.0,0.0
2025-08-12,223,49,0.0,0.0,0.0,1.0855,0.0,0.0
2025-08-12,223,50,0.0,0.0,0.0,1.0534,0.0,0.0
2025-08-12,223,51,0.0,0.0,0.0,1.0565,0.0,0.0
2025-08-12,223,52,0.0,0.0,0.0,1.048,0.0,0.0
2025-08-12,223,53,0.0,0.0,0.0,1.0141,0.0,0.0
2025-08-12,223,54,0.0,0.0,0.0,0.9787,0.0,0.0
2025-08-12,223,55,0.0,0.0,0.0,0.9491,0.0,0.0
2025-08-12,223,56,0.0,0.0,0.0,0.9367,0.0,0.0
2025-08-12,223,57,0.0,0.0,0.0,0.9653,0.0,0.0
2025-08-12,223,58,0.0,0.0,0.0,1.0678,0.0,0.0
2025-08-12,223,59,0.0,0.0,0.0,1.1768,0.0,0.0
2025-08-12,223,60,0.0,0.0,0.0,1.1739,0.0,0.0
2025-08-12,223,61,0.0,0.0,0.0,1.1423,0.0,0.0
2025-08-12,223,62,0.0,0.0,0.0,1.1706,0.0,0.0
2025-08-12,223,63,0.0,0.0,0.0,1.2222,0.0,0.0
2025-08-12,223,64,0.0,0.0,0.0,0.9687,0.0,0.0
2025-08-12,223,65,0.0,0.0,0.0,0.5621,0.0,0.0
2025-08-12,223,66,0.0,0.0,0.0,0.5084,0.0,0.0
2025-08-12,223,67,0.0,0.0,0.0,0.5344,0.0,0.0
2025-08-12,223,68,0.0,0.0,0.0,0.4861,0.0,0.0
2025-08-12,223,69,339.150828372154,339.150828372154,0.0,0.4843,164.2507461806342,164.2507461806342
2025-08-12,223,70,0.0,0.0,0.0,0.4737,0.0,0.0
2025-08-12,223,71,476.00154166666675,476.00154166666675,0.0,0.4298,204.5854626083334,204.5854626083334
2025-08-12,223,72,437.5831508333333,437.5831508333333,0.0,0.4033,176.47728473108333,176.47728473108333
2025-08-12,223,73,419.7195383333335,419.7195383333335,0.0,0.4292,180.14362585266676,180.14362585266676
2025-08-12,223,74,435.4045625000001,435.4045625000001,0.0,0.4621,201.20044833125004,201.20044833125004
2025-08-12,223,75,464.3757599999999,464.3757599999999,0.0,0.4537,210.68728231199995,210.68728231199995
2025-08-12,223,76,0.0,0.0,0.0,0.6301,0.0,0.0
2025-08-12,223,77,0.0,0.0,0.0,0.9014,0.0,0.0
2025-08-12,223,78,0.0,0.0,0.0,0.9211,0.0,0.0
2025-08-12,223,79,0.0,0.0,0.0,0.8538,0.0,0.0
2025-08-12,223,80,0.0,0.0,0.0,0.8483,0.0,0.0
2025-08-12,223,81,0.0,0.0,0.0,0.9059,0.0,0.0
2025-08-12,223,82,0.0,0.0,0.0,1.0259,0.0,0.0
2025-08-12,223,83,0.0,0.0,0.0,1.1433,0.0,0.0
2025-08-12,223,84,0.0,0.0,0.0,1.176,0.0,0.0
2025-08-12,223,85,0.0,0.0,0.0,1.2279,0.0,0.0
2025-08-12,223,86,0.0,0.0,0.0,1.3166,0.0,0.0
2025-08-12,223,87,0.0,0.0,0.0,1.3134,0.0,0.0
2025-08-12,223,88,0.0,0.0,0.0,1.0519,0.0,0.0
2025-08-12,223,89,218.82461527777755,218.82461527777755,0.0,0.7176,157.0285439233332,157.0285439233332
2025-08-12,223,90,198.6948474999998,198.6948474999998,0.0,0.7046,140.00038954849987,140.00038954849987
2025-08-12,223,91,220.70995833333325,220.70995833333325,0.0,0.8091,178.57642728749994,178.57642728749994
2025-08-12,223,92,257.2724583333336,257.2724583333336,0.0,0.8538,219.65922492500022,219.65922492500022
2025-08-12,223,93,333.6653349999999,333.6653349999999,0.0,0.858,286.28485742999993,286.28485742999993
2025-08-12,223,94,389.96745333333365,389.96745333333365,0.0,0.899,350.58074054666696,350.58074054666696
2025-08-12,223,95,419.3887083333334,419.3887083333334,0.0,0.9477,397.45467888750005,397.45467888750005
2025-08-12,223,96,463.8736891666666,463.8736891666666,0.0,0.9132,423.60945294699997,423.60945294699997
2025-08-12,223,97,511.53397166666673,511.53397166666673,0.0,0.9305,475.9823606358334,475.9823606358334
2025-08-12,223,98,567.4795416666667,567.4795416666667,0.0,1.0085,572.3031177708333,572.3031177708333
2025-08-12,223,99,646.7015416666669,646.7015416666669,0.0,1.0181,658.4068395708335,658.4068395708335
2025-08-12,223,100,703.8563641666667,703.8563641666667,0.0,1.0096,710.6133852626667,710.6133852626667
2025-08-12,223,101,743.9693541666668,743.9693541666668,0.0,1.0096,751.1114599666669,751.1114599666669
2025-08-12,223,102,810.0887466666669,810.0887466666669,0.0,0.9971,807.7394893013336,807.7394893013336
2025-08-12,223,103,842.9585525000001,842.9585525000001,0.0,1.0386,875.4967526265001,875.4967526265001
2025-08-12,223,104,871.0039791666668,871.0039791666668,0.0,1.1127,969.1661276187501,969.1661276187501
2025-08-12,223,105,973.1712416666668,973.1712416666668,0.0,1.1404,1109.804483996667,1109.804483996667
2025-08-12,223,106,935.9545708333333,935.9545708333333,0.0,1.2438,1164.1402952024998,1164.1402952024998
2025-08-12,223,107,793.9276875000002,793.9276875000002,0.0,1.3775,1093.6353895312502,1093.6353895312502
2025-08-12,223,108,800.8095883333335,800.8095883333335,0.0,1.3675,1095.1071120458334,1095.1071120458334
2025-08-12,223,109,869.0196625000001,869.0196625000001,0.0,1.3904,1208.2849387400001,1208.2849387400001
2025-08-12,223,110,905.1125625000002,905.1125625000002,0.0,1.4519,1314.1329294937502,1314.1329294937502
2025-08-12,223,111,911.2816441666668,911.2816441666668,0.0,1.3963,1272.422559749917,1272.422559749917
2025-08-12,223,112,933.1645441666667,933.1645441666667,0.0,1.4507,1353.7418042225834,1353.7418042225834
2025-08-12,223,113,132.48608333333334,132.48608333333334,0.0,1.633,216.34977408333336,216.34977408333336
2025-08-12,223,114,117.27633166666685,117.27633166666685,0.0,1.7091,200.43697845150032,200.43697845150032
2025-08-12,223,115,159.62557621506653,159.62557621506653,0.0,1.6704,266.63856250964716,266.63856250964716
2025-08-12,223,116,107.60000000000025,107.60000000000025,0.0,1.604,172.59040000000041,172.59040000000041
2025-08-12,223,117,125.88532666666673,125.88532666666673,0.0,1.6014,201.5927621240001,201.5927621240001
2025-08-12,223,118,123.43940250000013,123.43940250000013,0.0,1.6256,200.6630927040002,200.6630927040002
2025-08-12,223,119,116.2394166666669,116.2394166666669,0.0,1.6399,190.62101939166703,190.62101939166703
2025-08-12,223,120,137.77776000000011,137.77776000000011,0.0,1.6415,226.16219304000018,226.16219304000018
2025-08-12,223,121,133.48170166666677,133.48170166666677,0.0,1.6319,217.8287889498335,217.8287889498335
2025-08-12,223,122,101.45175000000017,101.45175000000017,0.0,1.6449,166.8779835750003,166.8779835750003
2025-08-12,223,123,98.13620500000023,98.13620500000023,0.0,1.6763,164.5057204415004,164.5057204415004
2025-08-12,223,124,931.3067300000001,931.3067300000001,0.0,1.4643,1363.7124447390001,1363.7124447390001
2025-08-12,223,125,933.8465833333333,933.8465833333333,0.0,1.1324,1057.4878709666668,1057.4878709666668
2025-08-12,223,126,961.9546991666668,961.9546991666668,0.0,1.0879,1046.5105172234169,1046.5105172234169
2025-08-12,223,127,958.8516241666667,958.8516241666667,0.0,1.0856,1040.9293231953334,1040.9293231953334
2025-08-12,223,128,1773.9394142501412,1773.9394142501412,0.0,1.0483,1859.620687958423,1859.620687958423
2025-08-12,223,129,222.63760300820653,222.63760300820653,0.0,1.1082,246.72699165369448,246.72699165369448
2025-08-12,223,130,899.3271633333334,899.3271633333334,0.0,0.9175,825.1326723583334,825.1326723583334
2025-08-12,223,131,1602.0123333333333,1602.0123333333333,0.0,0.5691,911.7052189000001,911.7052189000001
2025-08-12,223,132,1607.7323391666664,1607.7323391666664,0.0,0.5382,865.2815449394999,865.2815449394999
2025-08-12,223,133,807.1422275000001,807.1422275000001,0.0,0.5853,472.4203457557501,472.4203457557501
2025-08-12,223,134,793.0264166666667,793.0264166666667,0.0,0.5561,441.0019903083334,441.0019903083334
2025-08-12,223,135,778.3812791666666,778.3812791666666,0.0,0.5411,421.1821101570833,421.1821101570833
2025-08-12,223,136,1606.2109916666666,1606.2109916666666,0.0,0.5318,854.1830053683334,854.1830053683334
2025-08-12,223,137,1595.7748333333334,1595.7748333333334,0.0,0.5103,814.32389745,814.32389745
2025-08-12,223,138,1579.4930241666666,1579.4930241666666,0.0,0.4863,768.10745765225,768.10745765225
2025-08-12,223,139,810.432566269407,810.432566269407,0.0,0.5043,408.7011431696619,408.7011431696619
2025-08-12,223,140,775.2800000000001,775.2800000000001,0.0,0.5447,422.29501600000003,422.29501600000003
2025-08-12,223,141,773.9456358333334,773.9456358333334,0.0,0.5415,419.09156180375004,419.09156180375004
2025-08-12,223,142,762.7390033333334,762.7390033333334,0.0,0.5301,404.32794566700005,404.32794566700005
2025-08-12,223,143,1587.224125,1587.224125,0.0,0.5366,851.7044654749999,851.7044654749999
2025-08-13,224,0,757.4356666666667,757.4356666666667,0.0,0.546,413.5598740000001,413.5598740000001
2025-08-13,224,1,759.3014225000001,759.3014225000001,0.0,0.5258,399.24068795050005,399.24068795050005
2025-08-13,224,2,0.0,0.0,0.0,0.5045,0.0,0.0
2025-08-13,224,3,749.4688850000001,749.4688850000001,0.0,0.542,406.21213567000007,406.21213567000007
2025-08-13,224,4,737.3531958333334,737.3531958333334,0.0,0.5678,418.6691445941667,418.6691445941667
2025-08-13,224,5,733.82725,733.82725,0.0,0.5536,406.2467656,406.2467656
2025-08-13,224,6,0.0,0.0,0.0,0.5411,0.0,0.0
2025-08-13,224,7,0.0,0.0,0.0,0.548,0.0,0.0
2025-08-13,224,8,698.2946666666667,698.2946666666667,0.0,0.5552,387.69319893333335,387.69319893333335
2025-08-13,224,9,718.923295,718.923295,0.0,0.5279,379.51960743050006,379.51960743050006
2025-08-13,224,10,711.9598275000001,711.9598275000001,0.0,0.491,349.57227530250003,349.57227530250003
2025-08-13,224,11,0.030616867664775782,0.030616867664775782,0.0,0.4903,0.015011450216039566,0.015011450216039566
2025-08-13,224,12,687.5194808333333,687.5194808333333,0.0,0.5441,374.0793495214167,374.0793495214167
2025-08-13,224,13,700.7965850000002,700.7965850000002,0.0,0.545,381.9341388250001,381.9341388250001
2025-08-13,224,14,698.3266666666666,698.3266666666666,0.0,0.5041,352.0264726666666,352.0264726666666
2025-08-13,224,15,706.3623808333334,706.3623808333334,0.0,0.5357,378.3983274124167,378.3983274124167
2025-08-13,224,16,696.6930558333333,696.6930558333333,0.0,0.5698,396.9757032138333,396.9757032138333
2025-08-13,224,17,685.7694166666666,685.7694166666666,0.0,0.5575,382.3164497916666,382.3164497916666
2025-08-13,224,18,712.9401275,712.9401275,0.0,0.5232,373.010274708,373.010274708
2025-08-13,224,19,916.5344877057813,916.5344877057813,0.0,0.5074,465.0495990619134,465.0495990619134
2025-08-13,224,20,722.0601666666668,722.0601666666668,0.0,0.498,359.58596300000005,359.58596300000005
2025-08-13,224,21,0.0,0.0,0.0,0.4548,0.0,0.0
2025-08-13,224,22,696.0415575000001,696.0415575000001,0.0,0.4481,311.89622191575,311.89622191575
2025-08-13,224,23,1497.0623333333333,1497.0623333333333,0.0,0.4757,712.1525519666667,712.1525519666667
2025-08-13,224,24,1522.0085933333332,1522.0085933333332,0.0,0.4705,716.1050431633332,716.1050431633332
2025-08-13,224,25,1526.0547875,1526.0547875,0.0,0.5043,769.58942933625,769.58942933625
2025-08-13,224,26,1493.2466666666667,1493.2466666666667,0.0,0.5499,821.1363420000001,821.1363420000001
2025-08-13,224,27,1484.9885966666666,1484.9885966666666,0.0,0.5068,752.5922207906667,752.5922207906667
2025-08-13,224,28,1499.0707575000001,1499.0707575000001,0.0,0.5081,761.6778518857501,761.6778518857501
2025-08-13,224,29,679.1682500000001,679.1682500000001,0.0,0.5363,364.23793247500004,364.23793247500004
2025-08-13,224,30,680.1908725000001,680.1908725000001,0.0,0.4524,307.71835071900006,307.71835071900006
2025-08-13,224,31,674.5278083333334,674.5278083333334,0.0,0.4597,310.08043349083334,310.08043349083334
2025-08-13,224,32,1478.6761875,1478.6761875,0.0,0.5122,757.3779432375,757.3779432375
2025-08-13,224,33,1421.9676908333333,1421.9676908333333,0.0,0.3992,567.6495021806667,567.6495021806667
2025-08-13,224,34,0.0,0.0,0.0,0.5706,0.0,0.0
2025-08-13,224,35,0.0,0.0,0.0,0.9577,0.0,0.0
2025-08-13,224,36,0.0,0.0,0.0,0.9973,0.0,0.0
2025-08-13,224,37,0.0,0.0,0.0,0.8866,0.0,0.0
2025-08-13,224,38,0.0,0.0,0.0,0.8242,0.0,0.0
2025-08-13,224,39,0.0,0.0,0.0,0.8043,0.0,0.0
2025-08-13,224,40,0.0,0.0,0.0,0.7912,0.0,0.0
2025-08-13,224,41,0.0,0.0,0.0,0.7706,0.0,0.0
2025-08-13,224,42,0.0,0.0,0.0,0.7534,0.0,0.0
2025-08-13,224,43,0.0,0.0,0.0,0.7448,0.0,0.0
2025-08-13,224,44,0.0,0.0,0.0,0.7218,0.0,0.0
2025-08-13,224,45,0.0,0.0,0.0,0.6876,0.0,0.0
2025-08-13,224,46,0.0,0.0,0.0,0.8397,0.0,0.0
2025-08-13,224,47,0.0,0.0,0.0,1.0899,0.0,0.0
2025-08-13,224,48,0.0,0.0,0.0,1.1303,0.0,0.0
2025-08-13,224,49,0.0,0.0,0.0,1.104,0.0,0.0
2025-08-13,224,50,0.0,0.0,0.0,1.1069,0.0,0.0
2025-08-13,224,51,0.0,0.0,0.0,1.0919,0.0,0.0
2025-08-13,224,52,0.0,0.0,0.0,1.0894,0.0,0.0
2025-08-13,224,53,0.0,0.0,0.0,1.0856,0.0,0.0
2025-08-13,224,54,0.0,0.0,0.0,1.0297,0.0,0.0
2025-08-13,224,55,0.0,0.0,0.0,0.9829,0.0,0.0
2025-08-13,224,56,0.0,0.0,0.0,0.941,0.0,0.0
2025-08-13,224,57,0.0,0.0,0.0,0.8685,0.0,0.0
2025-08-13,224,58,0.0,0.0,0.0,0.9639,0.0,0.0
2025-08-13,224,59,0.0,0.0,0.0,1.1568,0.0,0.0
2025-08-13,224,60,0.0,0.0,0.0,1.1597,0.0,0.0
2025-08-13,224,61,0.0,0.0,0.0,1.1265,0.0,0.0
2025-08-13,224,62,0.0,0.0,0.0,1.1908,0.0,0.0
2025-08-13,224,63,0.0,0.0,0.0,1.274,0.0,0.0
2025-08-13,224,64,0.0,0.0,0.0,1.0161,0.0,0.0
2025-08-13,224,65,0.0,0.0,0.0,0.5783,0.0,0.0
2025-08-13,224,66,576.6192500000002,576.6192500000002,0.0,0.5127,295.6326894750001,295.6326894750001
2025-08-13,224,67,3.340298917464679e-06,3.340298917464679e-06,0.0,0.5854,1.955410986283823e-06,1.955410986283823e-06
2025-08-13,224,68,0.0,0.0,0.0,0.5652,0.0,0.0
2025-08-13,224,69,0.0,0.0,0.0,0.4629,0.0,0.0
2025-08-13,224,70,452.4181858333336,452.4181858333336,0.0,0.4282,193.72546717383347,193.72546717383347
2025-08-13,224,71,407.48979166666663,407.48979166666663,0.0,0.4489,182.92216747916666,182.92216747916666
2025-08-13,224,72,425.235681666667,425.235681666667,0.0,0.3943,167.6704292811668,167.6704292811668
2025-08-13,224,73,431.94024500000023,431.94024500000023,0.0,0.4242,183.22905192900012,183.22905192900012
2025-08-13,224,74,434.7835,434.7835,0.0,0.4808,209.0439068,209.0439068
2025-08-13,224,75,475.2964508333332,475.2964508333332,0.0,0.3789,180.08982522074996,180.08982522074996
2025-08-13,224,76,0.0,0.0,0.0,0.5605,0.0,0.0
2025-08-13,224,77,0.0,0.0,0.0,0.9243,0.0,0.0
2025-08-13,224,78,0.0,0.0,0.0,0.8963,0.0,0.0
2025-08-13,224,79,0.0,0.0,0.0,0.8087,0.0,0.0
2025-08-13,224,80,0.0,0.0,0.0,0.8559,0.0,0.0
2025-08-13,224,81,0.0,0.0,0.0,0.9082,0.0,0.0
2025-08-13,224,82,0.0,0.0,0.0,1.024,0.0,0.0
2025-08-13,224,83,0.0,0.0,0.0,1.1788,0.0,0.0
2025-08-13,224,84,0.0,0.0,0.0,1.2404,0.0,0.0
2025-08-13,224,85,0.0,0.0,0.0,1.1881,0.0,0.0
2025-08-13,224,86,0.0,0.0,0.0,1.1622,0.0,0.0
2025-08-13,224,87,0.0,0.0,0.0,1.2808,0.0,0.0
2025-08-13,224,88,0.0,0.0,0.0,1.0787,0.0,0.0
2025-08-13,224,89,243.12595833333341,243.12595833333341,0.0,0.6784,164.9366501333334,164.9366501333334
2025-08-13,224,90,662.4919764814816,662.4919764814816,0.0,0.6904,457.3844605628149,457.3844605628149
2025-08-13,224,91,324.69653500000004,324.69653500000004,0.0,0.757,245.79527699500002,245.79527699500002
2025-08-13,224,92,386.37945833333333,386.37945833333333,0.0,0.7121,275.14081227916665,275.14081227916665
2025-08-13,224,93,423.24090833333355,423.24090833333355,0.0,0.758,320.81660851666686,320.81660851666686
2025-08-13,224,94,465.3778808333335,465.3778808333335,0.0,0.8107,377.28184799158345,377.28184799158345
2025-08-13,224,95,520.3372291666667,520.3372291666667,0.0,0.8215,427.4570337604167,427.4570337604167
2025-08-13,224,96,546.4601700000002,546.4601700000002,0.0,0.8458,462.19601178600016,462.19601178600016
2025-08-13,224,97,594.7175625000003,594.7175625000003,0.0,0.9084,540.2414337750002,540.2414337750002
2025-08-13,224,98,0.0,0.0,0.0,0.9623,0.0,0.0
2025-08-13,224,99,667.1317316666667,667.1317316666667,0.0,0.9424,628.7049439226668,628.7049439226668
2025-08-13,224,100,1421.0678212037042,1421.0678212037042,0.0,0.9547,1356.6934489031764,1356.6934489031764
2025-08-13,224,101,750.4933333333333,750.4933333333333,0.0,1.0135,760.6249933333334,760.6249933333334
2025-08-13,224,102,798.094929166667,798.094929166667,0.0,1.0349,825.9484421945837,825.9484421945837
2025-08-13,224,103,844.6858991666668,844.6858991666668,0.0,1.0763,909.1354332730834,909.1354332730834
2025-08-13,224,104,919.3742708333333,919.3742708333333,0.0,1.1278,1036.8703026458331,1036.8703026458331
2025-08-13,224,105,1031.24753,1031.24753,0.0,1.1221,1157.1628534130002,1157.1628534130002
2025-08-13,224,106,963.5567266666666,963.5567266666666,0.0,1.1727,1129.962973362,1129.962973362
2025-08-13,224,107,792.2601875,792.2601875,0.0,1.3036,1032.7903804250002,1032.7903804250002
2025-08-13,224,108,818.1368175000001,818.1368175000001,0.0,1.4094,1153.0820305845002,1153.0820305845002
2025-08-13,224,109,896.6999566666667,896.6999566666667,0.0,1.4174,1270.9825185793334,1270.9825185793334
2025-08-13,224,110,928.8349375000001,928.8349375000001,0.0,1.3526,1256.3421364625003,1256.3421364625003
2025-08-13,224,111,953.6420333333333,953.6420333333333,0.0,1.3301,1268.4392685366668,1268.4392685366668
2025-08-13,224,112,945.8025825000001,945.8025825000001,0.0,1.4617,1382.4796348402501,1382.4796348402501
2025-08-13,224,113,92.3869166666667,92.3869166666667,0.0,1.6401,151.52378202500006,151.52378202500006
2025-08-13,224,114,104.43629083333357,104.43629083333357,0.0,1.6399,171.26507333758371,171.26507333758371
2025-08-13,224,115,162.81211121506658,162.81211121506658,0.0,1.6234,264.3091813465391,264.3091813465391
2025-08-13,224,116,87.64483333333351,87.64483333333351,0.0,1.6445,144.13192841666697,144.13192841666697
2025-08-13,224,117,115.76846666666682,115.76846666666682,0.0,1.6025,185.5189678333336,185.5189678333336
2025-08-13,224,118,129.33276583333358,129.33276583333358,0.0,1.6024,207.24282397133373,207.24282397133373
2025-08-13,224,119,119.65400000000011,119.65400000000011,0.0,1.6477,197.15389580000019,197.15389580000019
2025-08-13,224,120,119.96556000000004,119.96556000000004,0.0,1.6286,195.37591101600006,195.37591101600006
2025-08-13,224,121,117.43569500000011,117.43569500000011,0.0,1.6019,188.1202398205002,188.1202398205002
2025-08-13,224,122,107.30041666666682,107.30041666666682,0.0,1.6475,176.77743645833357,176.77743645833357
2025-08-13,224,123,105.9866250000002,105.9866250000002,0.0,1.7327,183.64302513750033,183.64302513750033
2025-08-13,224,124,941.1196858333334,941.1196858333334,0.0,1.4832,1395.868718028,1395.868718028
2025-08-13,224,125,1783.4131666666667,1783.4131666666667,0.0,1.0639,1897.3732680166668,1897.3732680166668
2025-08-13,224,126,970.6065891666667,970.6065891666667,0.0,1.0384,1007.8778821906667,1007.8778821906667
2025-08-13,224,127,961.7597683333333,961.7597683333333,0.0,1.0857,1044.1825804795,1044.1825804795
2025-08-13,224,128,947.8974166666668,947.8974166666668,0.0,1.0672,1011.5961230666668,1011.5961230666668
2025-08-13,224,129,224.68363250000027,224.68363250000027,0.0,1.1257,252.92636510525028,252.92636510525028
2025-08-13,224,130,903.4913925,903.4913925,0.0,0.9165,828.04986122625,828.04986122625
2025-08-13,224,131,1600.513,1600.513,0.0,0.5487,878.2014830999999,878.2014830999999
2025-08-13,224,132,1578.190525,1578.190525,0.0,0.5178,817.187053845,817.187053845
2025-08-13,224,133,782.9476241666669,782.9476241666669,0.0,0.5584,437.1979533346668,437.1979533346668
2025-08-13,224,134,1632.897,1632.897,0.0,0.5243,856.1278970999999,856.1278970999999
2025-08-13,224,135,779.6390116666666,779.6390116666666,0.0,0.5384,419.7576438813333,419.7576438813333
2025-08-13,224,136,750.4820900000002,750.4820900000002,0.0,0.5376,403.4591715840001,403.4591715840001
2025-08-13,224,137,793.9365896027402,793.9365896027402,0.0,0.5094,404.43129874363586,404.43129874363586
2025-08-13,224,138,1572.61051,1572.61051,0.0,0.5161,811.624284211,811.624284211
2025-08-13,224,139,756.6674766666667,756.6674766666667,0.0,0.5188,392.55908689466673,392.55908689466673
2025-08-13,224,140,767.9771666666668,767.9771666666668,0.0,0.4961,380.99347238333337,380.99347238333337
2025-08-13,224,141,1588.9507166666667,1588.9507166666667,0.0,0.4764,756.97612142,756.97612142
2025-08-13,224,142,1591.0612466666666,1591.0612466666666,0.0,0.5111,813.1914031713334,813.1914031713334
2025-08-13,224,143,786.3821250000001,786.3821250000001,0.0,0.5667,445.6427502375,445.6427502375
2025-08-14,225,0,754.1623108333334,754.1623108333334,0.0,0.5562,419.46507728550006,419.46507728550006
2025-08-14,225,1,732.9301941666666,732.9301941666666,0.0,0.5349,392.04436085975004,392.04436085975004
2025-08-14,225,2,0.0,0.0,0.0,0.5397,0.0,0.0
2025-08-14,225,3,0.0,0.0,0.0,0.5534,0.0,0.0
2025-08-14,225,4,0.0,0.0,0.0,0.5661,0.0,0.0
2025-08-14,225,5,0.0,0.0,0.0,0.563,0.0,0.0
2025-08-14,225,6,723.8717350000001,723.8717350000001,0.0,0.5268,381.33562999800006,381.33562999800006
2025-08-14,225,7,712.6343516666668,712.6343516666668,0.0,0.4617,329.0232801645001,329.0232801645001
2025-08-14,225,8,747.1213333333333,747.1213333333333,0.0,0.4376,326.9402954666666,326.9402954666666
2025-08-14,225,9,730.1278191666668,730.1278191666668,0.0,0.5219,381.0537088230834,381.0537088230834
2025-08-14,225,10,707.6988,707.6988,0.0,0.5387,381.23734356,381.23734356
2025-08-14,225,11,711.0123333333333,711.0123333333333,0.0,0.483,343.418957,343.418957
2025-08-14,225,12,600.0561795200634,600.0561795200634,0.0,0.5119,307.1687582963205,307.1687582963205
2025-08-14,225,13,0.0,0.0,0.0,0.51,0.0,0.0
2025-08-14,225,14,0.0,0.0,0.0,0.4722,0.0,0.0
2025-08-14,225,15,1556.0922575,1556.0922575,0.0,0.5079,790.33925758425,790.33925758425
2025-08-14,225,16,1545.2520841666667,1545.2520841666667,0.0,0.4699,726.1139543499166,726.1139543499166
2025-08-14,225,17,1525.71375,1525.71375,0.0,0.3843,586.3317941249999,586.3317941249999
2025-08-14,225,18,1530.980645,1530.980645,0.0,0.4383,671.0288167035001,671.0288167035001
2025-08-14,225,19,702.8782766666667,702.8782766666667,0.0,0.5126,360.2954046193333,360.2954046193333
2025-08-14,225,20,693.8619166666667,693.8619166666667,0.0,0.5273,365.87338865833334,365.87338865833334
2025-08-14,225,21,684.4214075,684.4214075,0.0,0.5138,351.6557191735,351.6557191735
2025-08-14,225,22,1505.3372008333333,1505.3372008333333,0.0,0.478,719.5511819983333,719.5511819983333
2025-08-14,225,23,1019.7800488468338,1019.7800488468338,0.0,0.4718,481.1322270459362,481.1322270459362
2025-08-14,225,24,688.7282225,688.7282225,0.0,0.5489,378.04292133025007,378.04292133025007
2025-08-14,225,25,698.9219433333334,698.9219433333334,0.0,0.5638,394.0521916513333,394.0521916513333
2025-08-14,225,26,1518.3520833333332,1518.3520833333332,0.0,0.4941,750.2177643749999,750.2177643749999
2025-08-14,225,27,1500.6447083333333,1500.6447083333333,0.0,0.4642,696.5992736083333,696.5992736083333
2025-08-14,225,28,1507.4656833333333,1507.4656833333333,0.0,0.4871,734.2865343516667,734.2865343516667
2025-08-14,225,29,1526.725,1526.725,0.0,0.5299,809.0115775,809.0115775
2025-08-14,225,30,0.0,0.0,0.0,0.5545,0.0,0.0
2025-08-14,225,31,1.920865554438933e-05,1.920865554438933e-05,0.0,0.5636,1.0825998264817826e-05,1.0825998264817826e-05
2025-08-14,225,32,1468.9682916666666,1468.9682916666666,0.0,0.5087,747.2641699708333,747.2641699708333
2025-08-14,225,33,1395.6203283333334,1395.6203283333334,0.0,0.3912,545.966672444,545.966672444
2025-08-14,225,34,0.0,0.0,0.0,0.625,0.0,0.0
2025-08-14,225,35,0.0,0.0,0.0,1.0337,0.0,0.0
2025-08-14,225,36,0.0,0.0,0.0,1.0027,0.0,0.0
2025-08-14,225,37,0.0,0.0,0.0,0.9194,0.0,0.0
2025-08-14,225,38,0.0,0.0,0.0,0.9421,0.0,0.0
2025-08-14,225,39,0.0,0.0,0.0,0.8464,0.0,0.0
2025-08-14,225,40,0.0,0.0,0.0,0.814,0.0,0.0
2025-08-14,225,41,0.0,0.0,0.0,0.8566,0.0,0.0
2025-08-14,225,42,0.0,0.0,0.0,0.79,0.0,0.0
2025-08-14,225,43,0.0,0.0,0.0,0.7458,0.0,0.0
2025-08-14,225,44,0.0,0.0,0.0,0.7324,0.0,0.0
2025-08-14,225,45,0.0,0.0,0.0,0.6574,0.0,0.0
2025-08-14,225,46,0.0,0.0,0.0,0.824,0.0,0.0
2025-08-14,225,47,0.0,0.0,0.0,1.1674,0.0,0.0
2025-08-14,225,48,0.0,0.0,0.0,1.2705,0.0,0.0
2025-08-14,225,49,0.0,0.0,0.0,1.1864,0.0,0.0
2025-08-14,225,50,0.0,0.0,0.0,1.0902,0.0,0.0
2025-08-14,225,51,0.0,0.0,0.0,1.1006,0.0,0.0
2025-08-14,225,52,0.0,0.0,0.0,1.1187,0.0,0.0
2025-08-14,225,53,0.0,0.0,0.0,1.0602,0.0,0.0
2025-08-14,225,54,0.0,0.0,0.0,0.945,0.0,0.0
2025-08-14,225,55,0.0,0.0,0.0,0.9207,0.0,0.0
2025-08-14,225,56,0.0,0.0,0.0,0.9501,0.0,0.0
2025-08-14,225,57,0.0,0.0,0.0,0.8838,0.0,0.0
2025-08-14,225,58,0.0,0.0,0.0,0.9723,0.0,0.0
2025-08-14,225,59,0.0,0.0,0.0,1.1661,0.0,0.0
2025-08-14,225,60,0.0,0.0,0.0,1.1395,0.0,0.0
2025-08-14,225,61,0.0,0.0,0.0,1.0611,0.0,0.0
2025-08-14,225,62,0.0,0.0,0.0,1.0839,0.0,0.0
2025-08-14,225,63,0.0,0.0,0.0,1.1389,0.0,0.0
2025-08-14,225,64,0.0,0.0,0.0,0.8726,0.0,0.0
2025-08-14,225,65,0.0,0.0,0.0,0.4535,0.0,0.0
2025-08-14,225,66,178.12724253881606,178.12724253881606,0.0,0.4291,76.43439977340597,76.43439977340597
2025-08-14,225,67,0.0,0.0,0.0,0.508,0.0,0.0
2025-08-14,225,68,0.0,0.0,0.0,0.4801,0.0,0.0
2025-08-14,225,69,0.0,0.0,0.0,0.4298,0.0,0.0
2025-08-14,225,70,464.0520283333335,464.0520283333335,0.0,0.4268,198.05740569266675,198.05740569266675
2025-08-14,225,71,434.5782708333336,434.5782708333336,0.0,0.4653,202.20926941875013,202.20926941875013
2025-08-14,225,72,403.35665083333356,403.35665083333356,0.0,0.488,196.83804560666678,196.83804560666678
2025-08-14,225,73,389.00205749999986,389.00205749999986,0.0,0.5047,196.32933842024994,196.32933842024994
2025-08-14,225,74,399.40008333333344,399.40008333333344,0.0,0.4801,191.7519800083334,191.7519800083334
2025-08-14,225,75,434.5679683333335,434.5679683333335,0.0,0.3999,173.78373053650006,173.78373053650006
2025-08-14,225,76,0.0,0.0,0.0,0.5613,0.0,0.0
2025-08-14,225,77,0.0,0.0,0.0,0.8696,0.0,0.0
2025-08-14,225,78,0.0,0.0,0.0,0.9121,0.0,0.0
2025-08-14,225,79,0.0,0.0,0.0,0.877,0.0,0.0
2025-08-14,225,80,0.0,0.0,0.0,0.8684,0.0,0.0
2025-08-14,225,81,0.0,0.0,0.0,0.8163,0.0,0.0
2025-08-14,225,82,0.0,0.0,0.0,0.9016,0.0,0.0
2025-08-14,225,83,0.0,0.0,0.0,1.0859,0.0,0.0
2025-08-14,225,84,0.0,0.0,0.0,1.1321,0.0,0.0
2025-08-14,225,85,0.0,0.0,0.0,1.1413,0.0,0.0
2025-08-14,225,86,0.0,0.0,0.0,1.2017,0.0,0.0
2025-08-14,225,87,0.0,0.0,0.0,1.2474,0.0,0.0
2025-08-14,225,88,0.0,0.0,0.0,1.0214,0.0,0.0
2025-08-14,225,89,177.57861249999956,177.57861249999956,0.0,0.6833,121.33946592124971,121.33946592124971
2025-08-14,225,90,206.57623000000012,206.57623000000012,0.0,0.6774,139.9347382020001,139.9347382020001
2025-08-14,225,91,243.33896583333376,243.33896583333376,0.0,0.7454,181.38486513216696,181.38486513216696
2025-08-14,225,92,257.716625,257.716625,0.0,0.7433,191.5607673625,191.5607673625
2025-08-14,225,93,339.04102750000015,339.04102750000015,0.0,0.7844,265.94378197100013,265.94378197100013
2025-08-14,225,94,413.57665166666675,413.57665166666675,0.0,0.8354,345.50193480233344,345.50193480233344
2025-08-14,225,95,448.14370833333373,448.14370833333373,0.0,0.8639,387.151349629167,387.151349629167
2025-08-14,225,96,477.54511416666685,477.54511416666685,0.0,0.8799,420.19194595525016,420.19194595525016
2025-08-14,225,97,523.546131666667,523.546131666667,0.0,0.8979,470.09207162350026,470.09207162350026
2025-08-14,225,98,583.1171249999999,583.1171249999999,0.0,0.9193,536.0595730124999,536.0595730124999
2025-08-14,225,99,646.9243641666669,646.9243641666669,0.0,0.9419,609.3380586085835,609.3380586085835
2025-08-14,225,100,701.6150408333336,701.6150408333336,0.0,0.9976,699.9311647353337,699.9311647353337
2025-08-14,225,101,744.0052083333335,744.0052083333335,0.0,1.0494,780.7590656250003,780.7590656250003
2025-08-14,225,102,795.5347475,795.5347475,0.0,1.0324,821.3100733189999,821.3100733189999
2025-08-14,225,103,845.8552891666667,845.8552891666667,0.0,1.0717,906.5031133999167,906.5031133999167
2025-08-14,225,104,921.8673958333333,921.8673958333333,0.0,1.1452,1055.7225417083332,1055.7225417083332
2025-08-14,225,105,1037.5701008333335,1037.5701008333335,0.0,1.1209,1163.0123260240834,1163.0123260240834
2025-08-14,225,106,957.7596541666668,957.7596541666668,0.0,1.1996,1148.9284811383334,1148.9284811383334
2025-08-14,225,107,770.0489583333334,770.0489583333334,0.0,1.3478,1037.8719860416668,1037.8719860416668
2025-08-14,225,108,803.7500916666668,803.7500916666668,0.0,1.3266,1066.254871605,1066.254871605
2025-08-14,225,109,886.5937708333333,886.5937708333333,0.0,1.3403,1188.3016310479168,1188.3016310479168
2025-08-14,225,110,917.8586875000001,917.8586875000001,0.0,1.4102,1294.3643211125,1294.3643211125
2025-08-14,225,111,956.9181158333333,956.9181158333333,0.0,1.3671,1308.20275615575,1308.20275615575
2025-08-14,225,112,954.5377866666669,954.5377866666669,0.0,1.4499,1383.9843368880004,1383.9843368880004
2025-08-14,225,113,85.06141666666679,85.06141666666679,0.0,1.6435,139.79843829166686,139.79843829166686
2025-08-14,225,114,88.5456416666668,88.5456416666668,0.0,1.6676,147.65871204333354,147.65871204333354
2025-08-14,225,115,174.02887788173348,174.02887788173348,0.0,1.6143,280.9348175644824,280.9348175644824
2025-08-14,225,116,124.29066666666677,124.29066666666677,0.0,1.6015,199.0515026666668,199.0515026666668
2025-08-14,225,117,104.35697416666684,104.35697416666684,0.0,1.649,172.08465040083362,172.08465040083362
2025-08-14,225,118,91.46743250000013,91.46743250000013,0.0,1.6725,152.97928085625023,152.97928085625023
2025-08-14,225,119,106.12175000000013,106.12175000000013,0.0,1.655,175.63149625000023,175.63149625000023
2025-08-14,225,120,134.58376833333355,134.58376833333355,0.0,1.6432,221.1480481253337,221.1480481253337
2025-08-14,225,121,132.8230775000002,132.8230775000002,0.0,1.5799,209.84718014225035,209.84718014225035
2025-08-14,225,122,110.86258333333353,110.86258333333353,0.0,1.5725,174.331412291667,174.331412291667
2025-08-14,225,123,120.5663500000002,120.5663500000002,0.0,1.7384,209.59254284000033,209.59254284000033
2025-08-14,225,124,948.0519033333334,948.0519033333334,0.0,1.5058,1427.5765560393334,1427.5765560393334
2025-08-14,225,125,931.4795833333335,931.4795833333335,0.0,1.0391,967.9004350416667,967.9004350416667
2025-08-14,225,126,1788.6163758333332,1788.6163758333332,0.0,1.0909,1951.2016043965832,1951.2016043965832
2025-08-14,225,127,959.8294741666668,959.8294741666668,0.0,1.1517,1105.4356053977501,1105.4356053977501
2025-08-14,225,128,941.6160833333334,941.6160833333334,0.0,1.0479,986.7194937250001,986.7194937250001
2025-08-14,225,129,198.71461250000027,198.71461250000027,0.0,1.0891,216.42008447375028,216.42008447375028
2025-08-14,225,130,892.3608375,892.3608375,0.0,0.8983,801.60774032625,801.60774032625
2025-08-14,225,131,799.7335000000002,799.7335000000002,0.0,0.5484,438.5738514000001,438.5738514000001
2025-08-14,225,132,789.2015783333334,789.2015783333334,0.0,0.5373,424.03800803850004,424.03800803850004
2025-08-14,225,133,789.7285066666667,789.7285066666667,0.0,0.564,445.40687776,445.40687776
2025-08-14,225,134,764.8776666666666,764.8776666666666,0.0,0.5004,382.74478439999996,382.74478439999996
2025-08-14,225,135,763.10966,763.10966,0.0,0.5276,402.61665661599994,402.61665661599994
2025-08-14,225,136,824.9124112694064,824.9124112694064,0.0,0.549,452.8769137869042,452.8769137869042
2025-08-14,225,137,1587.2401666666665,1587.2401666666665,0.0,0.5416,859.6492742666666,859.6492742666666
2025-08-14,225,138,1574.5614175,1574.5614175,0.0,0.5832,918.2842186860001,918.2842186860001
2025-08-14,225,139,1565.7166891666668,1565.7166891666668,0.0,0.572,895.5899462033334,895.5899462033334
2025-08-14,225,140,1570.1370833333335,1570.1370833333335,0.0,0.5191,815.0581599583335,815.0581599583335
2025-08-14,225,141,743.930865,743.930865,0.0,0.5365,399.1189090725,399.1189090725
2025-08-14,225,142,1544.2526008333334,1544.2526008333334,0.0,0.511,789.1130790258334,789.1130790258334
2025-08-14,225,143,1498.5117500000001,1498.5117500000001,0.0,0.4303,644.8096060250001,644.8096060250001
2025-08-15,226,0,1486.2665158333334,1486.2665158333334,0.0,0.4053,602.38381886725,602.38381886725
2025-08-15,226,1,0.0,0.0,0.0,0.4088,0.0,0.0
2025-08-15,226,2,0.0,0.0,0.0,0.4137,0.0,0.0
2025-08-15,226,3,28.160882524202066,28.160882524202066,0.0,0.4273,12.033145102591543,12.033145102591543
2025-08-15,226,4,657.8768875000001,657.8768875000001,0.0,0.448,294.72884560000006,294.72884560000006
2025-08-15,226,5,0.0,0.0,0.0,0.4489,0.0,0.0
2025-08-15,226,6,0.0,0.0,0.0,0.407,0.0,0.0
2025-08-15,226,7,0.0,0.0,0.0,0.4007,0.0,0.0
2025-08-15,226,8,0.0,0.0,0.0,0.4339,0.0,0.0
2025-08-15,226,9,631.1689108333333,631.1689108333333,0.0,0.4326,273.0436708265,273.0436708265
2025-08-15,226,10,631.6314466666668,631.6314466666668,0.0,0.4119,260.16899288200005,260.16899288200005
2025-08-15,226,11,622.4159166666667,622.4159166666667,0.0,0.386,240.25254383333336,240.25254383333336
2025-08-15,226,12,619.6057333333333,619.6057333333333,0.0,0.3588,222.31453712,222.31453712
2025-08-15,226,13,0.0,0.0,0.0,0.3868,0.0,0.0
2025-08-15,226,14,626.6971666666666,626.6971666666666,0.0,0.4269,267.53702044999994,267.53702044999994
2025-08-15,226,15,1447.7011453702034,1447.7011453702034,0.0,0.3812,551.8636766151216,551.8636766151216
2025-08-15,226,16,596.7130341666667,596.7130341666667,0.0,0.3789,226.09456864575003,226.09456864575003
2025-08-15,226,17,0.0,0.0,0.0,0.4353,0.0,0.0
2025-08-15,226,18,429.7840821668169,429.7840821668169,0.0,0.4296,184.63524169886455,184.63524169886455
2025-08-15,226,19,612.6802625,612.6802625,0.0,0.386,236.494581325,236.494581325
2025-08-15,226,20,626.1550833333332,626.1550833333332,0.0,0.3585,224.47659737499995,224.47659737499995
2025-08-15,226,21,1457.1092041666666,1457.1092041666666,0.0,0.371,540.5875147458333,540.5875147458333
2025-08-15,226,22,1439.6404575,1439.6404575,0.0,0.3616,520.573989432,520.573989432
2025-08-15,226,23,586.5275,586.5275,0.0,0.3522,206.57498550000003,206.57498550000003
2025-08-15,226,24,0.0,0.0,0.0,0.4171,0.0,0.0
2025-08-15,226,25,603.98645,603.98645,0.0,0.4279,258.445801955,258.445801955
2025-08-15,226,26,1445.0774999999999,1445.0774999999999,0.0,0.3784,546.817326,546.817326
2025-08-15,226,27,570.8793175000001,570.8793175000001,0.0,0.3883,221.67243898525,221.67243898525
2025-08-15,226,28,546.4439708333351,546.4439708333351,0.0,0.3883,212.18419387458403,212.18419387458403
2025-08-15,226,29,1391.3068333333333,1391.3068333333333,0.0,0.3557,494.88784061666667,494.88784061666667
2025-08-15,226,30,1392.824665,1392.824665,0.0,0.3517,489.85643468050006,489.85643468050006
2025-08-15,226,31,557.9090616666667,557.9090616666667,0.0,0.3872,216.02238867733334,216.02238867733334
2025-08-15,226,32,536.2166041666667,536.2166041666667,0.0,0.3996,214.27215502500002,214.27215502500002
2025-08-15,226,33,1322.2647375,1322.2647375,0.0,0.351,464.11492286249995,464.11492286249995
2025-08-15,226,34,0.0,0.0,0.0,0.5221,0.0,0.0
2025-08-15,226,35,0.0,0.0,0.0,0.7889,0.0,0.0
2025-08-15,226,36,0.0,0.0,0.0,0.7292,0.0,0.0
2025-08-15,226,37,0.0,0.0,0.0,0.652,0.0,0.0
2025-08-15,226,38,0.0,0.0,0.0,0.697,0.0,0.0
2025-08-15,226,39,0.0,0.0,0.0,0.6998,0.0,0.0
2025-08-15,226,40,0.0,0.0,0.0,0.7024,0.0,0.0
2025-08-15,226,41,0.0,0.0,0.0,0.6983,0.0,0.0
2025-08-15,226,42,0.0,0.0,0.0,0.6231,0.0,0.0
2025-08-15,226,43,0.0,0.0,0.0,0.5913,0.0,0.0
2025-08-15,226,44,0.0,0.0,0.0,0.5725,0.0,0.0
2025-08-15,226,45,0.0,0.0,0.0,0.4608,0.0,0.0
2025-08-15,226,46,0.0,0.0,0.0,0.5884,0.0,0.0
2025-08-15,226,47,0.0,0.0,0.0,0.8535,0.0,0.0
2025-08-15,226,48,0.0,0.0,0.0,0.7953,0.0,0.0
2025-08-15,226,49,0.0,0.0,0.0,0.6836,0.0,0.0
2025-08-15,226,50,0.0,0.0,0.0,0.698,0.0,0.0
2025-08-15,226,51,0.0,0.0,0.0,0.7459,0.0,0.0
2025-08-15,226,52,0.0,0.0,0.0,0.7665,0.0,0.0
2025-08-15,226,53,0.0,0.0,0.0,0.745,0.0,0.0
2025-08-15,226,54,0.0,0.0,0.0,0.6988,0.0,0.0
2025-08-15,226,55,0.0,0.0,0.0,0.6356,0.0,0.0
2025-08-15,226,56,0.0,0.0,0.0,0.5818,0.0,0.0
2025-08-15,226,57,0.0,0.0,0.0,0.5883,0.0,0.0
2025-08-15,226,58,0.0,0.0,0.0,0.7143,0.0,0.0
2025-08-15,226,59,0.0,0.0,0.0,0.8394,0.0,0.0
2025-08-15,226,60,0.0,0.0,0.0,0.7723,0.0,0.0
2025-08-15,226,61,0.0,0.0,0.0,0.7503,0.0,0.0
2025-08-15,226,62,0.0,0.0,0.0,0.8382,0.0,0.0
2025-08-15,226,63,0.0,0.0,0.0,0.8286,0.0,0.0
2025-08-15,226,64,0.0,0.0,0.0,0.5657,0.0,0.0
2025-08-15,226,65,0.0,0.0,0.0,0.2186,0.0,0.0
2025-08-15,226,66,0.0,0.0,0.0,0.139,0.0,0.0
2025-08-15,226,67,0.0,0.0,0.0,0.1798,0.0,0.0
2025-08-15,226,68,0.0,0.0,0.0,0.2015,0.0,0.0
2025-08-15,226,69,0.0,0.0,0.0,0.1976,0.0,0.0
2025-08-15,226,70,0.0,0.0,0.0,0.1534,0.0,0.0
2025-08-15,226,71,0.0,0.0,0.0,0.1119,0.0,0.0
2025-08-15,226,72,0.0,0.0,0.0,0.1423,0.0,0.0
2025-08-15,226,73,0.0,0.0,0.0,0.1773,0.0,0.0
2025-08-15,226,74,0.0,0.0,0.0,0.1878,0.0,0.0
2025-08-15,226,75,0.0,0.0,0.0,0.2266,0.0,0.0
2025-08-15,226,76,0.0,0.0,0.0,0.3734,0.0,0.0
2025-08-15,226,77,0.0,0.0,0.0,0.5484,0.0,0.0
2025-08-15,226,78,0.0,0.0,0.0,0.5712,0.0,0.0
2025-08-15,226,79,0.0,0.0,0.0,0.5189,0.0,0.0
2025-08-15,226,80,0.0,0.0,0.0,0.4828,0.0,0.0
2025-08-15,226,81,0.0,0.0,0.0,0.5092,0.0,0.0
2025-08-15,226,82,0.0,0.0,0.0,0.6628,0.0,0.0
2025-08-15,226,83,0.0,0.0,0.0,0.8616,0.0,0.0
2025-08-15,226,84,0.0,0.0,0.0,0.9213,0.0,0.0
2025-08-15,226,85,0.0,0.0,0.0,0.86,0.0,0.0
2025-08-15,226,86,0.0,0.0,0.0,0.8513,0.0,0.0
2025-08-15,226,87,0.0,0.0,0.0,1.0079,0.0,0.0
2025-08-15,226,88,0.0,0.0,0.0,0.8225,0.0,0.0
2025-08-15,226,89,0.0,0.0,0.0,0.4158,0.0,0.0
2025-08-15,226,90,0.0,0.0,0.0,0.437,0.0,0.0
2025-08-15,226,91,0.0,0.0,0.0,0.5323,0.0,0.0
2025-08-15,226,92,0.0,0.0,0.0,0.5114,0.0,0.0
2025-08-15,226,93,56.412902500000314,56.412902500000314,0.0,0.5431,30.63784734775017,30.63784734775017
2025-08-15,226,94,128.61265500000013,128.61265500000013,0.0,0.5476,70.42828987800007,70.42828987800007
2025-08-15,226,95,165.6497291666667,165.6497291666667,0.0,0.526,87.13175754166669,87.13175754166669
2025-08-15,226,96,204.2916325,204.2916325,0.0,0.5839,119.28588421674999,119.28588421674999
2025-08-15,226,97,273.4405108333335,273.4405108333335,0.0,0.6576,179.81447992400012,179.81447992400012
2025-08-15,226,98,350.54897916666675,350.54897916666675,0.0,0.6863,240.5817644020834,240.5817644020834
2025-08-15,226,99,382.5167200000002,382.5167200000002,0.0,0.6711,256.70697079200016,256.70697079200016
2025-08-15,226,100,415.65013916666703,415.65013916666703,0.0,0.6706,278.7349833251669,278.7349833251669
2025-08-15,226,101,468.2155833333334,468.2155833333334,0.0,0.7018,328.5936963833334,328.5936963833334
2025-08-15,226,102,513.6722258333334,513.6722258333334,0.0,0.7326,376.3162726455001,376.3162726455001
2025-08-15,226,103,563.2781791666667,563.2781791666667,0.0,0.756,425.83830345000007,425.83830345000007
2025-08-15,226,104,0.0,0.0,0.0,0.7525,0.0,0.0
2025-08-15,226,105,1387.787736388888,1387.787736388888,0.0,0.7318,1015.5830654893883,1015.5830654893883
2025-08-15,226,106,707.0635800000002,707.0635800000002,0.0,0.8845,625.3977365100002,625.3977365100002
2025-08-15,226,107,676.0075833333334,676.0075833333334,0.0,1.1358,767.8094131500001,767.8094131500001
2025-08-15,226,108,684.1432533333334,684.1432533333334,0.0,1.2039,823.6400626880001,823.6400626880001
2025-08-15,226,109,722.7979816666667,722.7979816666667,0.0,1.2145,877.8381487341667,877.8381487341667
2025-08-15,226,110,768.6356458333335,768.6356458333335,0.0,1.234,948.4963869583335,948.4963869583335
2025-08-15,226,111,793.7373233333334,793.7373233333334,0.0,1.2193,967.8039183403334,967.8039183403334
2025-08-15,226,112,472.0850628817358,472.0850628817358,0.0,1.3363,630.8472695288635,630.8472695288635
2025-08-15,226,113,0.0,0.0,0.0,1.5156,0.0,0.0
2025-08-15,226,114,0.0,0.0,0.0,1.499,0.0,0.0
2025-08-15,226,115,0.0,0.0,0.0,1.4239,0.0,0.0
2025-08-15,226,116,0.0,0.0,0.0,1.4252,0.0,0.0
2025-08-15,226,117,0.0,0.0,0.0,1.5013,0.0,0.0
2025-08-15,226,118,0.0,0.0,0.0,1.5299,0.0,0.0
2025-08-15,226,119,0.0,0.0,0.0,1.5003,0.0,0.0
2025-08-15,226,120,0.0,0.0,0.0,1.5047,0.0,0.0
2025-08-15,226,121,0.0,0.0,0.0,1.4929,0.0,0.0
2025-08-15,226,122,0.0,0.0,0.0,1.5116,0.0,0.0
2025-08-15,226,123,0.0,0.0,0.0,1.6114,0.0,0.0
2025-08-15,226,124,816.1018891666668,816.1018891666668,0.0,1.3529,1104.1042458535835,1104.1042458535835
2025-08-15,226,125,811.4280000000001,811.4280000000001,0.0,0.8924,724.1183472000001,724.1183472000001
2025-08-15,226,126,821.4699491666665,821.4699491666665,0.0,0.8627,708.6821251460832,708.6821251460832
2025-08-15,226,127,799.5045191666667,799.5045191666667,0.0,0.9402,751.6941489205001,751.6941489205001
2025-08-15,226,128,774.0135,774.0135,0.0,0.9604,743.3625654,743.3625654
2025-08-15,226,129,810.5539733333335,810.5539733333335,0.0,1.0368,840.3823595520001,840.3823595520001
2025-08-15,226,130,774.8592116666667,774.8592116666667,0.0,0.8008,620.5072567026667,620.5072567026667
2025-08-15,226,131,674.2998333333335,674.2998333333335,0.0,0.4029,271.67540285000007,271.67540285000007
2025-08-15,226,132,1484.4919516666664,1484.4919516666664,0.0,0.4062,603.0006307669998,603.0006307669998
2025-08-15,226,133,1498.8671625,1498.8671625,0.0,0.4649,696.8233438462499,696.8233438462499
2025-08-15,226,134,672.5436666666667,672.5436666666667,0.0,0.4135,278.0968061666667,278.0968061666667
2025-08-15,226,135,743.9439271027398,743.9439271027398,0.0,0.4347,323.392425111561,323.392425111561
2025-08-15,226,136,1523.7541891666667,1523.7541891666667,0.0,0.452,688.7368935033334,688.7368935033334
2025-08-15,226,137,1514.2409166666666,1514.2409166666666,0.0,0.442,669.2944851666666,669.2944851666666
2025-08-15,226,138,1496.1415775,1496.1415775,0.0,0.4728,707.375737842,707.375737842
2025-08-15,226,139,1471.9169775,1471.9169775,0.0,0.4926,725.0663031165,725.0663031165
2025-08-15,226,140,633.2545,633.2545,0.0,0.479,303.3289055,303.3289055
2025-08-15,226,141,663.89416,663.89416,0.0,0.4659,309.308289144,309.308289144
2025-08-15,226,142,649.0396566666667,649.0396566666667,0.0,0.4677,303.55584742300005,303.55584742300005
2025-08-15,226,143,655.7581666666667,655.7581666666667,0.0,0.483,316.7311945,316.7311945
2025-08-16,227,0,0.0,0.0,0.0,0.4952,0.0,0.0
2025-08-16,227,1,0.0,0.0,0.0,0.4689,0.0,0.0
2025-08-16,227,2,0.0,0.0,0.0,0.4222,0.0,0.0
2025-08-16,227,3,0.0,0.0,0.0,0.4119,0.0,0.0
2025-08-16,227,4,0.0,0.0,0.0,0.4181,0.0,0.0
2025-08-16,227,5,0.0,0.0,0.0,0.4328,0.0,0.0
2025-08-16,227,6,574.2661400000001,574.2661400000001,0.0,0.4595,263.87529133000004,263.87529133000004
2025-08-16,227,7,1417.1128675,1417.1128675,0.0,0.4239,600.71414453325,600.71414453325
2025-08-16,227,8,1432.4155833333334,1432.4155833333334,0.0,0.3541,507.2183580583334,507.2183580583334
2025-08-16,227,9,564.9669458333334,564.9669458333334,0.0,0.3588,202.71014016500004,202.71014016500004
2025-08-16,227,10,0.0,0.0,0.0,0.3803,0.0,0.0
2025-08-16,227,11,0.0,0.0,0.0,0.3924,0.0,0.0
2025-08-16,227,12,0.0,0.0,0.0,0.4272,0.0,0.0
2025-08-16,227,13,0.0,0.0,0.0,0.4527,0.0,0.0
2025-08-16,227,14,591.6546666666667,591.6546666666667,0.0,0.4423,261.6888590666667,261.6888590666667
2025-08-16,227,15,580.2209841666668,580.2209841666668,0.0,0.4085,237.02027203208337,237.02027203208337
2025-08-16,227,16,561.3913875000001,561.3913875000001,0.0,0.4262,239.26500935250004,239.26500935250004
2025-08-16,227,17,418.0316868575344,418.0316868575344,0.0,0.4649,194.34293122006773,194.34293122006773
2025-08-16,227,18,542.803345,542.803345,0.0,0.4227,229.44297393150003,229.44297393150003
2025-08-16,227,19,542.4697925000002,542.4697925000002,0.0,0.3921,212.70240563925006,212.70240563925006
2025-08-16,227,20,1371.95725,1371.95725,0.0,0.4045,554.956707625,554.956707625
2025-08-16,227,21,873.6892413827221,873.6892413827221,0.0,0.4023,351.4851818082691,351.4851818082691
2025-08-16,227,22,0.004946672216985491,0.004946672216985491,0.0,0.4132,0.002043964960058405,0.002043964960058405
2025-08-16,227,23,0.0,0.0,0.0,0.4195,0.0,0.0
2025-08-16,227,24,545.9068533333334,545.9068533333334,0.0,0.3697,201.82176367733334,201.82176367733334
2025-08-16,227,25,534.0189891666668,534.0189891666668,0.0,0.343,183.16851328416672,183.16851328416672
2025-08-16,227,26,527.7920833333334,527.7920833333334,0.0,0.3808,200.98322533333337,200.98322533333337
2025-08-16,227,27,1360.5459575,1360.5459575,0.0,0.4391,597.41572993825,597.41572993825
2025-08-16,227,28,1358.9154958333334,1358.9154958333334,0.0,0.4261,579.0338927745834,579.0338927745834
2025-08-16,227,29,510.2325000000001,510.2325000000001,0.0,0.3721,189.85751325,189.85751325
2025-08-16,227,30,628.1385805555567,628.1385805555567,0.0,0.395,248.1147393194449,248.1147393194449
2025-08-16,227,31,515.3545725,515.3545725,0.0,0.4274,220.2625442865,220.2625442865
2025-08-16,227,32,512.4297291666667,512.4297291666667,0.0,0.3848,197.18295978333333,197.18295978333333
2025-08-16,227,33,1286.5858858333334,1286.5858858333334,0.0,0.2927,376.5836887834167,376.5836887834167
2025-08-16,227,34,0.0,0.0,0.0,0.472,0.0,0.0
2025-08-16,227,35,0.0,0.0,0.0,0.7633,0.0,0.0
2025-08-16,227,36,0.0,0.0,0.0,0.6762,0.0,0.0
2025-08-16,227,37,0.0,0.0,0.0,0.5911,0.0,0.0
2025-08-16,227,38,0.0,0.0,0.0,0.6576,0.0,0.0
2025-08-16,227,39,0.0,0.0,0.0,0.6452,0.0,0.0
2025-08-16,227,40,0.0,0.0,0.0,0.6194,0.0,0.0
2025-08-16,227,41,0.0,0.0,0.0,0.6332,0.0,0.0
2025-08-16,227,42,0.0,0.0,0.0,0.646,0.0,0.0
2025-08-16,227,43,0.0,0.0,0.0,0.6058,0.0,0.0
2025-08-16,227,44,0.0,0.0,0.0,0.5059,0.0,0.0
2025-08-16,227,45,0.0,0.0,0.0,0.4258,0.0,0.0
2025-08-16,227,46,0.0,0.0,0.0,0.5831,0.0,0.0
2025-08-16,227,47,0.0,0.0,0.0,0.8245,0.0,0.0
2025-08-16,227,48,0.0,0.0,0.0,0.7594,0.0,0.0
2025-08-16,227,49,0.0,0.0,0.0,0.6545,0.0,0.0
2025-08-16,227,50,0.0,0.0,0.0,0.6554,0.0,0.0
2025-08-16,227,51,0.0,0.0,0.0,0.6503,0.0,0.0
2025-08-16,227,52,0.0,0.0,0.0,0.6549,0.0,0.0
2025-08-16,227,53,0.0,0.0,0.0,0.665,0.0,0.0
2025-08-16,227,54,0.0,0.0,0.0,0.6457,0.0,0.0
2025-08-16,227,55,0.0,0.0,0.0,0.6529,0.0,0.0
2025-08-16,227,56,0.0,0.0,0.0,0.6457,0.0,0.0
2025-08-16,227,57,0.0,0.0,0.0,0.5511,0.0,0.0
2025-08-16,227,58,0.0,0.0,0.0,0.6308,0.0,0.0
2025-08-16,227,59,0.0,0.0,0.0,0.8489,0.0,0.0
2025-08-16,227,60,0.0,0.0,0.0,0.8824,0.0,0.0
2025-08-16,227,61,0.0,0.0,0.0,0.7888,0.0,0.0
2025-08-16,227,62,0.0,0.0,0.0,0.7435,0.0,0.0
2025-08-16,227,63,0.0,0.0,0.0,0.8172,0.0,0.0
2025-08-16,227,64,0.0,0.0,0.0,0.6186,0.0,0.0
2025-08-16,227,65,0.0,0.0,0.0,0.2373,0.0,0.0
2025-08-16,227,66,0.0,0.0,0.0,0.1804,0.0,0.0
2025-08-16,227,67,0.0,0.0,0.0,0.2426,0.0,0.0
2025-08-16,227,68,0.0,0.0,0.0,0.2464,0.0,0.0
2025-08-16,227,69,0.0,0.0,0.0,0.2152,0.0,0.0
2025-08-16,227,70,0.0,0.0,0.0,0.1327,0.0,0.0
2025-08-16,227,71,0.0,0.0,0.0,0.0685,0.0,0.0
2025-08-16,227,72,0.0,0.0,0.0,0.13,0.0,0.0
2025-08-16,227,73,0.0,0.0,0.0,0.1879,0.0,0.0
2025-08-16,227,74,0.0,0.0,0.0,0.1755,0.0,0.0
2025-08-16,227,75,0.0,0.0,0.0,0.1707,0.0,0.0
2025-08-16,227,76,0.0,0.0,0.0,0.3259,0.0,0.0
2025-08-16,227,77,0.0,0.0,0.0,0.5599,0.0,0.0
2025-08-16,227,78,0.0,0.0,0.0,0.6278,0.0,0.0
2025-08-16,227,79,0.0,0.0,0.0,0.6253,0.0,0.0
2025-08-16,227,80,0.0,0.0,0.0,0.5975,0.0,0.0
2025-08-16,227,81,0.0,0.0,0.0,0.5231,0.0,0.0
2025-08-16,227,82,0.0,0.0,0.0,0.6511,0.0,0.0
2025-08-16,227,83,0.0,0.0,0.0,0.8833,0.0,0.0
2025-08-16,227,84,0.0,0.0,0.0,0.8623,0.0,0.0
2025-08-16,227,85,0.0,0.0,0.0,0.8431,0.0,0.0
2025-08-16,227,86,0.0,0.0,0.0,0.9561,0.0,0.0
2025-08-16,227,87,0.0,0.0,0.0,1.0268,0.0,0.0
2025-08-16,227,88,0.0,0.0,0.0,0.8106,0.0,0.0
2025-08-16,227,89,0.0,0.0,0.0,0.4509,0.0,0.0
2025-08-16,227,90,0.0,0.0,0.0,0.3592,0.0,0.0
2025-08-16,227,91,0.0,0.0,0.0,0.4165,0.0,0.0
2025-08-16,227,92,0.0,0.0,0.0,0.4928,0.0,0.0
2025-08-16,227,93,0.0,0.0,0.0,0.5743,0.0,0.0
2025-08-16,227,94,0.0,0.0,0.0,0.6072,0.0,0.0
2025-08-16,227,95,0.0,0.0,0.0,0.6076,0.0,0.0
2025-08-16,227,96,0.0,0.0,0.0,0.6369,0.0,0.0
2025-08-16,227,97,117.5882316666665,117.5882316666665,0.0,0.6197,72.86942716383324,72.86942716383324
2025-08-16,227,98,248.22055277777713,248.22055277777713,0.0,0.6003,149.0067978324996,149.0067978324996
2025-08-16,227,99,250.66450250000014,250.66450250000014,0.0,0.6935,173.8358324837501,173.8358324837501
2025-08-16,227,100,268.86251833333347,268.86251833333347,0.0,0.6946,186.75190523433344,186.75190523433344
2025-08-16,227,101,257.5185416666667,257.5185416666667,0.0,0.6253,161.02634410416667,161.02634410416667
2025-08-16,227,102,298.1636166666667,298.1636166666667,0.0,0.7123,212.38194415166672,212.38194415166672
2025-08-16,227,103,356.4725791666668,356.4725791666668,0.0,0.7775,277.1574303020834,277.1574303020834
2025-08-16,227,104,412.5914583333333,412.5914583333333,0.0,0.7345,303.04842614583333,303.04842614583333
2025-08-16,227,105,470.59974250000005,470.59974250000005,0.0,0.7159,336.90235565575,336.90235565575
2025-08-16,227,106,523.2371108333334,523.2371108333334,0.0,0.9278,485.45939143116675,485.45939143116675
2025-08-16,227,107,555.8515625,555.8515625,0.0,1.2277,682.4189632812501,682.4189632812501
2025-08-16,227,108,574.8305475,574.8305475,0.0,1.2555,721.69975238625,721.69975238625
2025-08-16,227,109,616.1734066666668,616.1734066666668,0.0,1.2307,758.3246115846667,758.3246115846667
2025-08-16,227,110,672.992875,672.992875,0.0,1.2663,852.2108776125,852.2108776125
2025-08-16,227,111,693.554295,693.554295,0.0,1.2721,882.2704186695,882.2704186695
2025-08-16,227,112,6.410911215068609,6.410911215068609,0.0,1.3587,8.710505067913719,8.710505067913719
2025-08-16,227,113,0.0,0.0,0.0,1.4906,0.0,0.0
2025-08-16,227,114,0.0,0.0,0.0,1.4967,0.0,0.0
2025-08-16,227,115,0.0,0.0,0.0,1.4588,0.0,0.0
2025-08-16,227,116,0.0,0.0,0.0,1.4561,0.0,0.0
2025-08-16,227,117,0.0,0.0,0.0,1.4853,0.0,0.0
2025-08-16,227,118,0.0,0.0,0.0,1.4888,0.0,0.0
2025-08-16,227,119,0.0,0.0,0.0,1.4599,0.0,0.0
2025-08-16,227,120,0.0,0.0,0.0,1.4498,0.0,0.0
2025-08-16,227,121,0.0,0.0,0.0,1.4826,0.0,0.0
2025-08-16,227,122,0.0,0.0,0.0,1.5409,0.0,0.0
2025-08-16,227,123,0.0,0.0,0.0,1.5402,0.0,0.0
2025-08-16,227,124,0.0,0.0,0.0,1.2808,0.0,0.0
2025-08-16,227,125,705.1144166666668,705.1144166666668,0.0,0.9364,660.2691397666667,660.2691397666667
2025-08-16,227,126,732.7232925000001,732.7232925000001,0.0,0.9137,669.48927235725,669.48927235725
2025-08-16,227,127,740.9824000000001,740.9824000000001,0.0,0.9584,710.1575321600001,710.1575321600001
2025-08-16,227,128,724.6160833333333,724.6160833333333,0.0,0.9347,677.2986530916667,677.2986530916667
2025-08-16,227,129,724.9749258333333,724.9749258333333,0.0,0.9181,665.5994794075833,665.5994794075833
2025-08-16,227,130,673.7345858333333,673.7345858333333,0.0,0.6941,467.6391760269167,467.6391760269167
2025-08-16,227,131,1432.76575,1432.76575,0.0,0.3994,572.2466405499999,572.2466405499999
2025-08-16,227,132,1444.8336625000002,1444.8336625000002,0.0,0.4281,618.53329091625,618.53329091625
2025-08-16,227,133,626.8421800000001,626.8421800000001,0.0,0.5069,317.7463010420001,317.7463010420001
2025-08-16,227,134,613.5138333333334,613.5138333333334,0.0,0.4701,288.4128530500001,288.4128530500001
2025-08-16,227,135,1435.3708766666666,1435.3708766666666,0.0,0.4223,606.1571212163333,606.1571212163333
2025-08-16,227,136,1368.2571098805183,1368.2571098805183,0.0,0.4276,585.0667401849096,585.0667401849096
2025-08-16,227,137,0.0,0.0,0.0,0.4381,0.0,0.0
2025-08-16,227,138,614.6544791666666,614.6544791666666,0.0,0.3739,229.81930976041667,229.81930976041667
2025-08-16,227,139,1439.0736375,1439.0736375,0.0,0.4124,593.4739681049999,593.4739681049999
2025-08-16,227,140,1425.3915,1425.3915,0.0,0.4979,709.7024278499999,709.7024278499999
2025-08-16,227,141,1426.3932158333332,1426.3932158333332,0.0,0.4012,572.2689581923333,572.2689581923333
2025-08-16,227,142,1479.0457325,1479.0457325,0.0,0.3812,563.812233229,563.812233229
2025-08-16,227,143,0.0,0.0,0.0,0.4952,0.0,0.0
2025-08-17,228,0,0.0,0.0,0.0,0.5309,0.0,0.0
2025-08-17,228,1,0.0,0.0,0.0,0.5069,0.0,0.0
2025-08-17,228,2,679.7840833333333,679.7840833333333,0.0,0.5046,343.01904845,343.01904845
2025-08-17,228,3,0.0,0.0,0.0,0.5649,0.0,0.0
2025-08-17,228,4,0.0,0.0,0.0,0.5662,0.0,0.0
2025-08-17,228,5,687.7845833333333,687.7845833333333,0.0,0.4879,335.5700982083333,335.5700982083333
2025-08-17,228,6,682.01522,682.01522,0.0,0.4373,298.245255706,298.245255706
2025-08-17,228,7,672.2812083333333,672.2812083333333,0.0,0.4637,311.73679630416666,311.73679630416666
2025-08-17,228,8,664.2582500000001,664.2582500000001,0.0,0.5238,347.9384713500001,347.9384713500001
2025-08-17,228,9,664.5544383333333,664.5544383333333,0.0,0.5234,347.82779302366663,347.82779302366663
2025-08-17,228,10,657.8462150000001,657.8462150000001,0.0,0.4734,311.4243981810001,311.4243981810001
2025-08-17,228,11,191.5296143575344,191.5296143575344,0.0,0.4429,84.82846619895199,84.82846619895199
2025-08-17,228,12,642.3360475,642.3360475,0.0,0.4927,316.47897060325,316.47897060325
2025-08-17,228,13,637.8251575,637.8251575,0.0,0.5264,335.751162908,335.751162908
2025-08-17,228,14,646.8061666666666,646.8061666666666,0.0,0.5222,337.7621802333333,337.7621802333333
2025-08-17,228,15,0.0,0.0,0.0,0.5392,0.0,0.0
2025-08-17,228,16,0.0,0.0,0.0,0.5119,0.0,0.0
2025-08-17,228,17,642.90425,642.90425,0.0,0.4716,303.1936443,303.1936443
2025-08-17,228,18,639.1809516666667,639.1809516666667,0.0,0.5211,333.0771939135,333.0771939135
2025-08-17,228,19,1463.2356233333335,1463.2356233333335,0.0,0.5381,787.3670889156667,787.3670889156667
2025-08-17,228,20,1443.4503333333332,1443.4503333333332,0.0,0.5009,723.0242719666667,723.0242719666667
2025-08-17,228,21,619.1248300000002,619.1248300000002,0.0,0.5003,309.7481524490001,309.7481524490001
2025-08-17,228,22,0.0,0.0,0.0,0.4545,0.0,0.0
2025-08-17,228,23,427.21630416666744,427.21630416666744,0.0,0.3974,169.77575927583362,169.77575927583362
2025-08-17,228,24,618.7110933333335,618.7110933333335,0.0,0.4553,281.6991607946667,281.6991607946667
2025-08-17,228,25,606.0081816666668,606.0081816666668,0.0,0.4887,296.1561983805001,296.1561983805001
2025-08-17,228,26,628.926,628.926,0.0,0.4593,288.8657118,288.8657118
2025-08-17,228,27,1477.2233216666666,1477.2233216666666,0.0,0.4648,686.6133999106667,686.6133999106667
2025-08-17,228,28,640.3649033333334,640.3649033333334,0.0,0.4732,303.02067225733333,303.02067225733333
2025-08-17,228,29,618.7388333333334,618.7388333333334,0.0,0.4729,292.6015942833334,292.6015942833334
2025-08-17,228,30,1443.7407433333333,1443.7407433333333,0.0,0.4938,712.919179058,712.919179058
2025-08-17,228,31,1427.3921099999998,1427.3921099999998,0.0,0.5141,733.8222837509999,733.8222837509999
2025-08-17,228,32,1389.7406666666666,1389.7406666666666,0.0,0.4628,643.1719805333332,643.1719805333332
2025-08-17,228,33,1352.6782491666668,1352.6782491666668,0.0,0.3386,458.0168551678334,458.0168551678334
2025-08-17,228,34,0.0,0.0,0.0,0.5327,0.0,0.0
2025-08-17,228,35,0.0,0.0,0.0,0.9359,0.0,0.0
2025-08-17,228,36,0.0,0.0,0.0,1.0096,0.0,0.0
2025-08-17,228,37,0.0,0.0,0.0,0.8883,0.0,0.0
2025-08-17,228,38,0.0,0.0,0.0,0.8132,0.0,0.0
2025-08-17,228,39,0.0,0.0,0.0,0.8808,0.0,0.0
2025-08-17,228,40,0.0,0.0,0.0,0.889,0.0,0.0
2025-08-17,228,41,0.0,0.0,0.0,0.8203,0.0,0.0
2025-08-17,228,42,0.0,0.0,0.0,0.8384,0.0,0.0
2025-08-17,228,43,0.0,0.0,0.0,0.8054,0.0,0.0
2025-08-17,228,44,0.0,0.0,0.0,0.6928,0.0,0.0
2025-08-17,228,45,0.0,0.0,0.0,0.6633,0.0,0.0
2025-08-17,228,46,0.0,0.0,0.0,0.88,0.0,0.0
2025-08-17,228,47,0.0,0.0,0.0,1.1535,0.0,0.0
2025-08-17,228,48,0.0,0.0,0.0,1.1142,0.0,0.0
2025-08-17,228,49,0.0,0.0,0.0,1.057,0.0,0.0
2025-08-17,228,50,0.0,0.0,0.0,1.0886,0.0,0.0
2025-08-17,228,51,0.0,0.0,0.0,1.0333,0.0,0.0
2025-08-17,228,52,0.0,0.0,0.0,1.0132,0.0,0.0
2025-08-17,228,53,0.0,0.0,0.0,1.0463,0.0,0.0
2025-08-17,228,54,0.0,0.0,0.0,1.0117,0.0,0.0
2025-08-17,228,55,0.0,0.0,0.0,0.9594,0.0,0.0
2025-08-17,228,56,0.0,0.0,0.0,0.9111,0.0,0.0
2025-08-17,228,57,0.0,0.0,0.0,0.8551,0.0,0.0
2025-08-17,228,58,0.0,0.0,0.0,0.9273,0.0,0.0
2025-08-17,228,59,0.0,0.0,0.0,1.0808,0.0,0.0
2025-08-17,228,60,0.0,0.0,0.0,1.1128,0.0,0.0
2025-08-17,228,61,0.0,0.0,0.0,1.0796,0.0,0.0
2025-08-17,228,62,0.0,0.0,0.0,1.0657,0.0,0.0
2025-08-17,228,63,0.0,0.0,0.0,1.0518,0.0,0.0
2025-08-17,228,64,0.0,0.0,0.0,0.7809,0.0,0.0
2025-08-17,228,65,0.0,0.0,0.0,0.3972,0.0,0.0
2025-08-17,228,66,0.0,0.0,0.0,0.3422,0.0,0.0
2025-08-17,228,67,0.0,0.0,0.0,0.4161,0.0,0.0
2025-08-17,228,68,0.0,0.0,0.0,0.4341,0.0,0.0
2025-08-17,228,69,0.0,0.0,0.0,0.4081,0.0,0.0
2025-08-17,228,70,0.0,0.0,0.0,0.4075,0.0,0.0
2025-08-17,228,71,0.0,0.0,0.0,0.4129,0.0,0.0
2025-08-17,228,72,0.0,0.0,0.0,0.3626,0.0,0.0
2025-08-17,228,73,0.0,0.0,0.0,0.4173,0.0,0.0
2025-08-17,228,74,0.0,0.0,0.0,0.509,0.0,0.0
2025-08-17,228,75,0.0,0.0,0.0,0.4416,0.0,0.0
2025-08-17,228,76,0.0,0.0,0.0,0.6214,0.0,0.0
2025-08-17,228,77,0.0,0.0,0.0,0.9577,0.0,0.0
2025-08-17,228,78,0.0,0.0,0.0,0.9251,0.0,0.0
2025-08-17,228,79,0.0,0.0,0.0,0.8446,0.0,0.0
2025-08-17,228,80,0.0,0.0,0.0,0.8718,0.0,0.0
2025-08-17,228,81,0.0,0.0,0.0,0.8536,0.0,0.0
2025-08-17,228,82,0.0,0.0,0.0,0.9259,0.0,0.0
2025-08-17,228,83,0.0,0.0,0.0,1.078,0.0,0.0
2025-08-17,228,84,0.0,0.0,0.0,1.1299,0.0,0.0
2025-08-17,228,85,0.0,0.0,0.0,1.1184,0.0,0.0
2025-08-17,228,86,0.0,0.0,0.0,1.1335,0.0,0.0
2025-08-17,228,87,0.0,0.0,0.0,1.1813,0.0,0.0
2025-08-17,228,88,0.0,0.0,0.0,0.9709,0.0,0.0
2025-08-17,228,89,0.0,0.0,0.0,0.6467,0.0,0.0
2025-08-17,228,90,0.0,0.0,0.0,0.6727,0.0,0.0
2025-08-17,228,91,33.45609500000012,33.45609500000012,0.0,0.7668,25.65413364600009,25.65413364600009
2025-08-17,228,92,105.51981250000017,105.51981250000017,0.0,0.7768,81.96779035000014,81.96779035000014
2025-08-17,228,93,156.48913333333348,156.48913333333348,0.0,0.8211,128.49322738000012,128.49322738000012
2025-08-17,228,94,221.09224583333332,221.09224583333332,0.0,0.8192,181.11876778666667,181.11876778666667
2025-08-17,228,95,0.0,0.0,0.0,0.8002,0.0,0.0
2025-08-17,228,96,326.7874516666668,326.7874516666668,0.0,0.8839,288.8474285281668,288.8474285281668
2025-08-17,228,97,668.8118912037039,668.8118912037039,0.0,0.9131,610.692137858102,610.692137858102
2025-08-17,228,98,398.44368750000024,398.44368750000024,0.0,0.8919,355.3719248812502,355.3719248812502
2025-08-17,228,99,506.74799166666685,506.74799166666685,0.0,0.9777,495.4475114525002,495.4475114525002
2025-08-17,228,100,557.6982133333336,557.6982133333336,0.0,1.0216,569.7444947413336,569.7444947413336
2025-08-17,228,101,554.5794375,554.5794375,0.0,1.0049,557.29687674375,557.29687674375
2025-08-17,228,102,611.2153000000001,611.2153000000001,0.0,1.0588,647.1547596400001,647.1547596400001
2025-08-17,228,103,676.0316600000001,676.0316600000001,0.0,1.0841,732.8859226060001,732.8859226060001
2025-08-17,228,104,732.490125,732.490125,0.0,1.0727,785.7421570875,785.7421570875
2025-08-17,228,105,795.6815591666668,795.6815591666668,0.0,1.1326,901.1889339121669,901.1889339121669
2025-08-17,228,106,769.0302908333335,769.0302908333335,0.0,1.2326,947.9067364811668,947.9067364811668
2025-08-17,228,107,690.7390000000001,690.7390000000001,0.0,1.3243,914.7456577000003,914.7456577000003
2025-08-17,228,108,719.2937183333333,719.2937183333333,0.0,1.3855,996.5814467508333,996.5814467508333
2025-08-17,228,109,781.27693,781.27693,0.0,1.4212,1110.350772916,1110.350772916
2025-08-17,228,110,822.5079583333334,822.5079583333334,0.0,1.4294,1175.6928756416667,1175.6928756416667
2025-08-17,228,111,853.7973125000001,853.7973125000001,0.0,1.4217,1213.8436391812502,1213.8436391812502
2025-08-17,228,112,863.3161408333334,863.3161408333334,0.0,1.5122,1305.5066681681667,1305.5066681681667
2025-08-17,228,113,20.204416666666816,20.204416666666816,0.0,1.6516,33.36961456666691,33.36961456666691
2025-08-17,228,114,13.290068333333407,13.290068333333407,0.0,1.6723,22.224981273833453,22.224981273833453
2025-08-17,228,115,20.14231333333344,20.14231333333344,0.0,1.6825,33.889442183333514,33.889442183333514
2025-08-17,228,116,30.260250000000042,30.260250000000042,0.0,1.6959,51.31835797500007,51.31835797500007
2025-08-17,228,117,20.956858333333514,20.956858333333514,0.0,1.6199,33.94801481416696,33.94801481416696
2025-08-17,228,118,6.560356666666762,6.560356666666762,0.0,1.591,10.43752745666682,10.43752745666682
2025-08-17,228,119,5.612666666666769,5.612666666666769,0.0,1.6431,9.222172600000167,9.222172600000167
2025-08-17,228,120,19.84486583333344,19.84486583333344,0.0,1.6693,33.12703453558351,33.12703453558351
2025-08-17,228,121,99.70554204839982,99.70554204839982,0.0,1.6485,164.3645860667871,164.3645860667871
2025-08-17,228,122,50.743833333333555,50.743833333333555,0.0,1.6521,83.83388705000036,83.83388705000036
2025-08-17,228,123,37.320749166666786,37.320749166666786,0.0,1.7136,63.952835772000206,63.952835772000206
2025-08-17,228,124,861.4832941666667,861.4832941666667,0.0,1.4634,1260.6946526835002,1260.6946526835002
2025-08-17,228,125,861.9328333333335,861.9328333333335,0.0,1.0553,909.5977190166668,909.5977190166668
2025-08-17,228,126,860.9034633333334,860.9034633333334,0.0,1.046,900.5050226466668,900.5050226466668
2025-08-17,228,127,851.0158175,851.0158175,0.0,1.1208,953.8185282540001,953.8185282540001
2025-08-17,228,128,850.0895,850.0895,0.0,1.1195,951.67519525,951.67519525
2025-08-17,228,129,868.2496158333333,868.2496158333333,0.0,1.1559,1003.60973094175,1003.60973094175
2025-08-17,228,130,793.4240358333334,793.4240358333334,0.0,0.9436,748.6749202123334,748.6749202123334
2025-08-17,228,131,1515.033,1515.033,0.0,0.5847,885.8397951,885.8397951
2025-08-17,228,132,1545.8580808333334,1545.8580808333334,0.0,0.5107,789.4697218815834,789.4697218815834
2025-08-17,228,133,53.12583319220228,53.12583319220228,0.0,0.5129,27.24823984428055,27.24823984428055
2025-08-17,228,134,726.5556666666666,726.5556666666666,0.0,0.4732,343.80614146666665,343.80614146666665
2025-08-17,228,135,1528.4370883333331,1528.4370883333331,0.0,0.4968,759.3275454839999,759.3275454839999
2025-08-17,228,136,1533.9756219817746,1533.9756219817746,0.0,0.5552,851.6632653242813,851.6632653242813
2025-08-17,228,137,1551.3466666666668,1551.3466666666668,0.0,0.5725,888.1459666666667,888.1459666666667
2025-08-17,228,138,1519.9314291666665,1519.9314291666665,0.0,0.5077,771.6691865879167,771.6691865879167
2025-08-17,228,139,1512.8578583333333,1512.8578583333333,0.0,0.4965,751.1339266625,751.1339266625
2025-08-17,228,140,697.69275,697.69275,0.0,0.5457,380.730933675,380.730933675
2025-08-17,228,141,685.0962608333333,685.0962608333333,0.0,0.5397,369.74645197174993,369.74645197174993
2025-08-17,228,142,701.6647725000001,701.6647725000001,0.0,0.5619,394.26543566775007,394.26543566775007
2025-08-17,228,143,762.5653333333335,762.5653333333335,0.0,0.5937,452.73503840000006,452.73503840000006
2025-08-18,229,0,745.2751975000001,745.2751975000001,0.0,0.5275,393.13266668125004,393.13266668125004
2025-08-18,229,1,742.1455083333334,742.1455083333334,0.0,0.5048,374.6350526066667,374.6350526066667
2025-08-18,229,2,0.0,0.0,0.0,0.5395,0.0,0.0
2025-08-18,229,3,0.0,0.0,0.0,0.5127,0.0,0.0
2025-08-18,229,4,435.36352019086735,435.36352019086735,0.0,0.5326,231.87461085365592,231.87461085365592
2025-08-18,229,5,0.0,0.0,0.0,0.5812,0.0,0.0
2025-08-18,229,6,0.0,0.0,0.0,0.5246,0.0,0.0
2025-08-18,229,7,0.0,0.0,0.0,0.4997,0.0,0.0
2025-08-18,229,8,710.4786666666668,710.4786666666668,0.0,0.5578,396.3050002666667,396.3050002666667
2025-08-18,229,9,718.8437758333333,718.8437758333333,0.0,0.6039,434.10975622575,434.10975622575
2025-08-18,229,10,713.7390608333334,713.7390608333334,0.0,0.5819,415.32475949891665,415.32475949891665
2025-08-18,229,11,691.9268333333334,691.9268333333334,0.0,0.522,361.18580700000007,361.18580700000007
2025-08-18,229,12,687.1334750000001,687.1334750000001,0.0,0.5047,346.79626483250007,346.79626483250007
2025-08-18,229,13,1535.9970166666667,1535.9970166666667,0.0,0.5151,791.192063285,791.192063285
2025-08-18,229,14,1551.583872689371,1551.583872689371,0.0,0.5275,818.4604928436431,818.4604928436431
2025-08-18,229,15,1538.7648374999999,1538.7648374999999,0.0,0.5303,816.0069933262499,816.0069933262499
2025-08-18,229,16,1524.3828058333334,1524.3828058333334,0.0,0.5153,785.5144598459167,785.5144598459167
2025-08-18,229,17,1261.4647449032223,1261.4647449032223,0.0,0.4957,625.3080740485273,625.3080740485273
2025-08-18,229,18,709.4094258333333,709.4094258333333,0.0,0.499,353.99530349083335,353.99530349083335
2025-08-18,229,19,709.86867,709.86867,0.0,0.5266,373.81684162199997,373.81684162199997
2025-08-18,229,20,1530.6478333333334,1530.6478333333334,0.0,0.5462,836.0398465666667,836.0398465666667
2025-08-18,229,21,699.8638591666668,699.8638591666668,0.0,0.5225,365.67886641458335,365.67886641458335
2025-08-18,229,22,676.4590425000001,676.4590425000001,0.0,0.5167,349.5263872597501,349.5263872597501
2025-08-18,229,23,1472.90925,1472.90925,0.0,0.5221,769.005919425,769.005919425
2025-08-18,229,24,1494.1194558333332,1494.1194558333332,0.0,0.4771,712.8443923780833,712.8443923780833
2025-08-18,229,25,687.01548,687.01548,0.0,0.4624,317.675957952,317.675957952
2025-08-18,229,26,0.0,0.0,0.0,0.4922,0.0,0.0
2025-08-18,229,27,0.0,0.0,0.0,0.4931,0.0,0.0
2025-08-18,229,28,668.9619875000001,668.9619875000001,0.0,0.4563,305.24735489625004,305.24735489625004
2025-08-18,229,29,1491.8815,1491.8815,0.0,0.4376,652.8473444,652.8473444
2025-08-18,229,30,1486.27877,1486.27877,0.0,0.4974,739.275060198,739.275060198
2025-08-18,229,31,653.4766525,653.4766525,0.0,0.5282,345.1663678505,345.1663678505
2025-08-18,229,32,1465.2218541666666,1465.2218541666666,0.0,0.4704,689.2403601999999,689.2403601999999
2025-08-18,229,33,1402.8576941666668,1402.8576941666668,0.0,0.4094,574.3299399918334,574.3299399918334
2025-08-18,229,34,0.0,0.0,0.0,0.6258,0.0,0.0
2025-08-18,229,35,0.0,0.0,0.0,0.9878,0.0,0.0
2025-08-18,229,36,0.0,0.0,0.0,1.0467,0.0,0.0
2025-08-18,229,37,0.0,0.0,0.0,0.9251,0.0,0.0
2025-08-18,229,38,0.0,0.0,0.0,0.8172,0.0,0.0
2025-08-18,229,39,0.0,0.0,0.0,0.8032,0.0,0.0
2025-08-18,229,40,0.0,0.0,0.0,0.8112,0.0,0.0
2025-08-18,229,41,0.0,0.0,0.0,0.7824,0.0,0.0
2025-08-18,229,42,0.0,0.0,0.0,0.7293,0.0,0.0
2025-08-18,229,43,0.0,0.0,0.0,0.7423,0.0,0.0
2025-08-18,229,44,0.0,0.0,0.0,0.7605,0.0,0.0
2025-08-18,229,45,0.0,0.0,0.0,0.6747,0.0,0.0
2025-08-18,229,46,0.0,0.0,0.0,0.8369,0.0,0.0
2025-08-18,229,47,0.0,0.0,0.0,1.1622,0.0,0.0
2025-08-18,229,48,0.0,0.0,0.0,1.1827,0.0,0.0
2025-08-18,229,49,0.0,0.0,0.0,1.1057,0.0,0.0
2025-08-18,229,50,0.0,0.0,0.0,1.1043,0.0,0.0
2025-08-18,229,51,0.0,0.0,0.0,1.1287,0.0,0.0
2025-08-18,229,52,0.0,0.0,0.0,1.0827,0.0,0.0
2025-08-18,229,53,0.0,0.0,0.0,1.0059,0.0,0.0
2025-08-18,229,54,0.0,0.0,0.0,1.0202,0.0,0.0
2025-08-18,229,55,0.0,0.0,0.0,1.0009,0.0,0.0
2025-08-18,229,56,0.0,0.0,0.0,0.9139,0.0,0.0
2025-08-18,229,57,0.0,0.0,0.0,0.8732,0.0,0.0
2025-08-18,229,58,0.0,0.0,0.0,0.9635,0.0,0.0
2025-08-18,229,59,0.0,0.0,0.0,1.1029,0.0,0.0
2025-08-18,229,60,0.0,0.0,0.0,1.1167,0.0,0.0
2025-08-18,229,61,0.0,0.0,0.0,1.0887,0.0,0.0
2025-08-18,229,62,0.0,0.0,0.0,1.1057,0.0,0.0
2025-08-18,229,63,0.0,0.0,0.0,1.1232,0.0,0.0
2025-08-18,229,64,0.0,0.0,0.0,0.8465,0.0,0.0
2025-08-18,229,65,0.0,0.0,0.0,0.435,0.0,0.0
2025-08-18,229,66,0.0,0.0,0.0,0.3751,0.0,0.0
2025-08-18,229,67,0.0,0.0,0.0,0.4083,0.0,0.0
2025-08-18,229,68,0.0,0.0,0.0,0.387,0.0,0.0
2025-08-18,229,69,0.0,0.0,0.0,0.4137,0.0,0.0
2025-08-18,229,70,0.0,0.0,0.0,0.3915,0.0,0.0
2025-08-18,229,71,466.9021458333334,466.9021458333334,0.0,0.3325,155.24496348958337,155.24496348958337
2025-08-18,229,72,434.67099583333356,434.67099583333356,0.0,0.3663,159.2199857737501,159.2199857737501
2025-08-18,229,73,0.0,0.0,0.0,0.4431,0.0,0.0
2025-08-18,229,74,415.81564170548484,415.81564170548484,0.0,0.462,192.106826467934,192.106826467934
2025-08-18,229,75,486.1174908333335,486.1174908333335,0.0,0.3995,194.20393758791673,194.20393758791673
2025-08-18,229,76,0.0,0.0,0.0,0.5433,0.0,0.0
2025-08-18,229,77,0.0,0.0,0.0,0.8345,0.0,0.0
2025-08-18,229,78,0.0,0.0,0.0,0.906,0.0,0.0
2025-08-18,229,79,0.0,0.0,0.0,0.8521,0.0,0.0
2025-08-18,229,80,0.0,0.0,0.0,0.8213,0.0,0.0
2025-08-18,229,81,0.0,0.0,0.0,0.8839,0.0,0.0
2025-08-18,229,82,0.0,0.0,0.0,1.0548,0.0,0.0
2025-08-18,229,83,0.0,0.0,0.0,1.1999,0.0,0.0
2025-08-18,229,84,0.0,0.0,0.0,1.1526,0.0,0.0
2025-08-18,229,85,0.0,0.0,0.0,1.1477,0.0,0.0
2025-08-18,229,86,0.0,0.0,0.0,1.2523,0.0,0.0
2025-08-18,229,87,0.0,0.0,0.0,1.2673,0.0,0.0
2025-08-18,229,88,0.0,0.0,0.0,1.0224,0.0,0.0
2025-08-18,229,89,137.21643148148078,137.21643148148078,0.0,0.6971,95.65357438574026,95.65357438574026
2025-08-18,229,90,175.81384416666708,175.81384416666708,0.0,0.6629,116.54699729808361,116.54699729808361
2025-08-18,229,91,225.24323166666682,225.24323166666682,0.0,0.7126,160.50832688566678,160.50832688566678
2025-08-18,229,92,272.2798958333335,272.2798958333335,0.0,0.7342,199.90789952083347,199.90789952083347
2025-08-18,229,93,338.7905541666669,338.7905541666669,0.0,0.8166,276.65636653250016,276.65636653250016
2025-08-18,229,94,376.69142250000016,376.69142250000016,0.0,0.8791,331.14942951975013,331.14942951975013
2025-08-18,229,95,403.7268958333334,403.7268958333334,0.0,0.8795,355.0778048854167,355.0778048854167
2025-08-18,229,96,483.95279000000016,483.95279000000016,0.0,0.8652,418.71595390800013,418.71595390800013
2025-08-18,229,97,538.8134216666667,538.8134216666667,0.0,0.9041,487.1412145288334,487.1412145288334
2025-08-18,229,98,569.5751666666667,569.5751666666667,0.0,0.9673,550.9500587166667,550.9500587166667
2025-08-18,229,99,650.2462291666666,650.2462291666666,0.0,0.966,628.137857375,628.137857375
2025-08-18,229,100,710.0783016666669,710.0783016666669,0.0,0.971,689.4860309183335,689.4860309183335
2025-08-18,229,101,746.6618333333334,746.6618333333334,0.0,1.0012,747.5578275333335,747.5578275333335
2025-08-18,229,102,832.4732483333335,832.4732483333335,0.0,1.0147,844.7106050838335,844.7106050838335
2025-08-18,229,103,879.5446391666669,879.5446391666669,0.0,1.0921,960.550700433917,960.550700433917
2025-08-18,229,104,913.6747291666668,913.6747291666668,0.0,1.1808,1078.8671202000003,1078.8671202000003
2025-08-18,229,105,1029.4730141666669,1029.4730141666669,0.0,1.1528,1186.7764907313335,1186.7764907313335
2025-08-18,229,106,973.8914749999999,973.8914749999999,0.0,1.2216,1189.70582586,1189.70582586
2025-08-18,229,107,786.9487916666667,786.9487916666667,0.0,1.387,1091.4979740416668,1091.4979740416668
2025-08-18,229,108,801.0215966666668,801.0215966666668,0.0,1.4195,1137.0501564683336,1137.0501564683336
2025-08-18,229,109,893.2184516666666,893.2184516666666,0.0,1.3749,1228.0860491965,1228.0860491965
2025-08-18,229,110,938.0807916666668,938.0807916666668,0.0,1.3377,1254.8706750125,1254.8706750125
2025-08-18,229,111,928.5188041666667,928.5188041666667,0.0,1.3521,1255.45027511375,1255.45027511375
2025-08-18,229,112,923.3630283333335,923.3630283333335,0.0,1.4774,1364.176538059667,1364.176538059667
2025-08-18,229,113,107.22466666666674,107.22466666666674,0.0,1.6346,175.26944013333346,175.26944013333346
2025-08-18,229,114,120.90896000000012,120.90896000000012,0.0,1.6665,201.4947818400002,201.4947818400002
2025-08-18,229,115,134.95752250000015,134.95752250000015,0.0,1.6693,225.28459230925026,225.28459230925026
2025-08-18,229,116,145.76916666666682,145.76916666666682,0.0,1.6759,244.29454641666692,244.29454641666692
2025-08-18,229,117,136.23478083333364,136.23478083333364,0.0,1.6308,222.17168058300052,222.17168058300052
2025-08-18,229,118,170.53836121506674,170.53836121506674,0.0,1.6327,278.4379823558395,278.4379823558395
2025-08-18,229,119,96.62641666666684,96.62641666666684,0.0,1.6726,161.61734451666698,161.61734451666698
2025-08-18,229,120,111.35496166666684,111.35496166666684,0.0,1.6422,182.86711804900028,182.86711804900028
2025-08-18,229,121,122.75608249999999,122.75608249999999,0.0,1.6227,199.19629507275,199.19629507275
2025-08-18,229,122,119.26150000000018,119.26150000000018,0.0,1.6855,201.0152582500003,201.0152582500003
2025-08-18,229,123,116.29607166666673,116.29607166666673,0.0,1.7616,204.8671598480001,204.8671598480001
2025-08-18,229,124,944.9873733333334,944.9873733333334,0.0,1.483,1401.4162746533334,1401.4162746533334
2025-08-18,229,125,936.4074166666667,936.4074166666667,0.0,1.0296,964.1250762000001,964.1250762000001
2025-08-18,229,126,1770.608841234201,1770.608841234201,0.0,0.9792,1733.7801773365295,1733.7801773365295
2025-08-18,229,127,941.5244441666667,941.5244441666667,0.0,1.0281,967.9812810477501,967.9812810477501
2025-08-18,229,128,954.0991666666667,954.0991666666667,0.0,1.0363,988.7329664166667,988.7329664166667
2025-08-18,229,129,220.31518305588588,220.31518305588588,0.0,1.1223,247.25972994362075,247.25972994362075
2025-08-18,229,130,886.7347050000001,886.7347050000001,0.0,0.905,802.4949080250001,802.4949080250001
2025-08-18,229,131,763.8026666666667,763.8026666666667,0.0,0.5179,395.5734010666667,395.5734010666667
2025-08-18,229,132,1608.7584200000001,1608.7584200000001,0.0,0.5153,828.993213826,828.993213826
2025-08-18,229,133,782.5557633333334,782.5557633333334,0.0,0.5786,452.7867646646667,452.7867646646667
2025-08-18,229,134,750.4114166666668,750.4114166666668,0.0,0.5351,401.54514905833344,401.54514905833344
2025-08-18,229,135,1596.1641083333334,1596.1641083333334,0.0,0.5359,855.3843456558334,855.3843456558334
2025-08-18,229,136,1611.0570400000001,1611.0570400000001,0.0,0.5439,876.2539240560002,876.2539240560002
2025-08-18,229,137,763.0418333333334,763.0418333333334,0.0,0.5301,404.48847585000004,404.48847585000004
2025-08-18,229,138,734.2521675,734.2521675,0.0,0.5152,378.28671669600004,378.28671669600004
2025-08-18,229,139,1563.2195291666667,1563.2195291666667,0.0,0.4828,754.7223886816666,754.7223886816666
2025-08-18,229,140,808.848756269407,808.848756269407,0.0,0.4696,379.83537594411354,379.83537594411354
2025-08-18,229,141,768.3608191666668,768.3608191666668,0.0,0.5321,408.8447918785834,408.8447918785834
2025-08-18,229,142,1605.6796766666666,1605.6796766666666,0.0,0.5584,896.6115314506667,896.6115314506667
2025-08-18,229,143,1593.5748333333333,1593.5748333333333,0.0,0.5318,847.4630963666667,847.4630963666667
2025-08-19,230,0,1610.7561208333332,1610.7561208333332,0.0,0.5391,868.35862474125,868.35862474125
2025-08-19,230,1,773.16609,773.16609,0.0,0.5302,409.932660918,409.932660918
2025-08-19,230,2,0.0,0.0,0.0,0.5147,0.0,0.0
2025-08-19,230,3,712.1543866666668,712.1543866666668,0.0,0.5547,395.03203828400007,395.03203828400007
2025-08-19,230,4,712.2816458333333,712.2816458333333,0.0,0.5489,390.9713953979167,390.9713953979167
2025-08-19,230,5,734.2315000000001,734.2315000000001,0.0,0.5015,368.21709725,368.21709725
2025-08-19,230,6,712.0045575000001,712.0045575000001,0.0,0.518,368.8183607850001,368.8183607850001
2025-08-19,230,7,693.2896691666667,693.2896691666667,0.0,0.5258,364.5317080478334,364.5317080478334
2025-08-19,230,8,711.2215000000001,711.2215000000001,0.0,0.5029,357.67329235000005,357.67329235000005
2025-08-19,230,9,739.2684383333333,739.2684383333333,0.0,0.5064,374.36553717199996,374.36553717199996
2025-08-19,230,10,0.0,0.0,0.0,0.5234,0.0,0.0
2025-08-19,230,11,693.5609166666667,693.5609166666667,0.0,0.531,368.28084675,368.28084675
2025-08-19,230,12,721.9784808333334,721.9784808333334,0.0,0.5197,375.2122164890834,375.2122164890834
2025-08-19,230,13,729.8832058333335,729.8832058333335,0.0,0.5015,366.0364277254167,366.0364277254167
2025-08-19,230,14,1531.1773118495455,1531.1773118495455,0.0,0.5097,780.4410758497135,780.4410758497135
2025-08-19,230,15,1518.7308725,1518.7308725,0.0,0.5605,851.2486540362501,851.2486540362501
2025-08-19,230,16,687.0093591666667,687.0093591666667,0.0,0.5439,373.6643904507501,373.6643904507501
2025-08-19,230,17,0.0,0.0,0.0,0.4883,0.0,0.0
2025-08-19,230,18,0.0,0.0,0.0,0.5288,0.0,0.0
2025-08-19,230,19,724.2968900000001,724.2968900000001,0.0,0.5531,400.60860985900007,400.60860985900007
2025-08-19,230,20,715.1923333333334,715.1923333333334,0.0,0.5154,368.6101286,368.6101286
2025-08-19,230,21,695.8639133333334,695.8639133333334,0.0,0.4873,339.09448496733336,339.09448496733336
2025-08-19,230,22,683.5975608333333,683.5975608333333,0.0,0.4864,332.50185358933334,332.50185358933334
2025-08-19,230,23,1511.1589166666668,1511.1589166666668,0.0,0.4806,726.26297535,726.26297535
2025-08-19,230,24,1508.4750183333335,1508.4750183333335,0.0,0.4352,656.4883279786667,656.4883279786667
2025-08-19,230,25,668.1891158333334,668.1891158333334,0.0,0.4404,294.27048661300006,294.27048661300006
2025-08-19,230,26,1497.49875,1497.49875,0.0,0.5115,765.970610625,765.970610625
2025-08-19,230,27,1505.4775908333334,1505.4775908333334,0.0,0.5647,850.1431955435833,850.1431955435833
2025-08-19,230,28,679.6104200000001,679.6104200000001,0.0,0.5472,371.8828218240001,371.8828218240001
2025-08-19,230,29,0.0,0.0,0.0,0.4886,0.0,0.0
2025-08-19,230,30,437.19875715147873,437.19875715147873,0.0,0.471,205.92061461834646,205.92061461834646
2025-08-19,230,31,673.4584000000001,673.4584000000001,0.0,0.4918,331.20684112000004,331.20684112000004
2025-08-19,230,32,1485.7784583333332,1485.7784583333332,0.0,0.4928,732.1916242666666,732.1916242666666
2025-08-19,230,33,1428.883795,1428.883795,0.0,0.4516,645.283921822,645.283921822
2025-08-19,230,34,0.0,0.0,0.0,0.6089,0.0,0.0
2025-08-19,230,35,0.0,0.0,0.0,0.8839,0.0,0.0
2025-08-19,230,36,0.0,0.0,0.0,0.9307,0.0,0.0
2025-08-19,230,37,0.0,0.0,0.0,0.8857,0.0,0.0
2025-08-19,230,38,0.0,0.0,0.0,0.8663,0.0,0.0
2025-08-19,230,39,0.0,0.0,0.0,0.8515,0.0,0.0
2025-08-19,230,40,0.0,0.0,0.0,0.8372,0.0,0.0
2025-08-19,230,41,0.0,0.0,0.0,0.8071,0.0,0.0
2025-08-19,230,42,0.0,0.0,0.0,0.747,0.0,0.0
2025-08-19,230,43,0.0,0.0,0.0,0.7185,0.0,0.0
2025-08-19,230,44,0.0,0.0,0.0,0.6882,0.0,0.0
2025-08-19,230,45,0.0,0.0,0.0,0.6102,0.0,0.0
2025-08-19,230,46,0.0,0.0,0.0,0.8197,0.0,0.0
2025-08-19,230,47,0.0,0.0,0.0,1.1598,0.0,0.0
2025-08-19,230,48,0.0,0.0,0.0,1.1133,0.0,0.0
2025-08-19,230,49,0.0,0.0,0.0,1.0578,0.0,0.0
2025-08-19,230,50,0.0,0.0,0.0,1.1278,0.0,0.0
2025-08-19,230,51,0.0,0.0,0.0,1.0773,0.0,0.0
2025-08-19,230,52,0.0,0.0,0.0,1.0224,0.0,0.0
2025-08-19,230,53,0.0,0.0,0.0,1.0144,0.0,0.0
2025-08-19,230,54,0.0,0.0,0.0,0.9708,0.0,0.0
2025-08-19,230,55,0.0,0.0,0.0,0.9155,0.0,0.0
2025-08-19,230,56,0.0,0.0,0.0,0.8782,0.0,0.0
2025-08-19,230,57,0.0,0.0,0.0,0.8791,0.0,0.0
2025-08-19,230,58,0.0,0.0,0.0,0.9825,0.0,0.0
2025-08-19,230,59,0.0,0.0,0.0,1.1045,0.0,0.0
2025-08-19,230,60,0.0,0.0,0.0,1.077,0.0,0.0
2025-08-19,230,61,0.0,0.0,0.0,1.0302,0.0,0.0
2025-08-19,230,62,0.0,0.0,0.0,1.0536,0.0,0.0
2025-08-19,230,63,0.0,0.0,0.0,1.0727,0.0,0.0
2025-08-19,230,64,0.0,0.0,0.0,0.8438,0.0,0.0
2025-08-19,230,65,0.0,0.0,0.0,0.496,0.0,0.0
2025-08-19,230,66,0.0,0.0,0.0,0.4324,0.0,0.0
2025-08-19,230,67,0.0,0.0,0.0,0.4994,0.0,0.0
2025-08-19,230,68,0.0,0.0,0.0,0.5239,0.0,0.0
2025-08-19,230,69,1.175156182853243e-05,1.175156182853243e-05,0.0,0.4814,5.657201864255512e-06,5.657201864255512e-06
2025-08-19,230,70,419.5322733333335,419.5322733333335,0.0,0.4456,186.94358099733338,186.94358099733338
2025-08-19,230,71,392.7558750000005,392.7558750000005,0.0,0.4441,174.42288408750022,174.42288408750022
2025-08-19,230,72,378.639456666667,378.639456666667,0.0,0.4468,169.1761092386668,169.1761092386668
2025-08-19,230,73,395.9956150000005,395.9956150000005,0.0,0.4663,184.65275527450024,184.65275527450024
2025-08-19,230,74,429.30806250000023,429.30806250000023,0.0,0.4763,204.4794301687501,204.4794301687501
2025-08-19,230,75,459.07323083333335,459.07323083333335,0.0,0.4574,209.98009578316666,209.98009578316666
2025-08-19,230,76,0.0,0.0,0.0,0.6032,0.0,0.0
2025-08-19,230,77,0.0,0.0,0.0,0.8191,0.0,0.0
2025-08-19,230,78,0.0,0.0,0.0,0.809,0.0,0.0
2025-08-19,230,79,0.0,0.0,0.0,0.8218,0.0,0.0
2025-08-19,230,80,0.0,0.0,0.0,0.8961,0.0,0.0
2025-08-19,230,81,0.0,0.0,0.0,0.839,0.0,0.0
2025-08-19,230,82,0.0,0.0,0.0,0.9178,0.0,0.0
2025-08-19,230,83,0.0,0.0,0.0,1.1315,0.0,0.0
2025-08-19,230,84,0.0,0.0,0.0,1.1855,0.0,0.0
2025-08-19,230,85,0.0,0.0,0.0,1.1544,0.0,0.0
2025-08-19,230,86,0.0,0.0,0.0,1.178,0.0,0.0
2025-08-19,230,87,0.0,0.0,0.0,1.2688,0.0,0.0
2025-08-19,230,88,0.0,0.0,0.0,1.0781,0.0,0.0
2025-08-19,230,89,143.38322916666675,143.38322916666675,0.0,0.7097,101.75907773958339,101.75907773958339
2025-08-19,230,90,333.01603898148164,333.01603898148164,0.0,0.6471,215.49467882491678,215.49467882491678
2025-08-19,230,91,200.36675750000018,200.36675750000018,0.0,0.7309,146.44806305675013,146.44806305675013
2025-08-19,230,92,255.12564583333346,255.12564583333346,0.0,0.7685,196.06405882291676,196.06405882291676
2025-08-19,230,93,340.4936758333333,340.4936758333333,0.0,0.7462,254.07638090683332,254.07638090683332
2025-08-19,230,94,404.7960400000002,404.7960400000002,0.0,0.8218,332.6613856720001,332.6613856720001
2025-08-19,230,95,438.43531250000024,438.43531250000024,0.0,0.9334,409.23552068750024,409.23552068750024
2025-08-19,230,96,482.1898641666668,482.1898641666668,0.0,0.8703,419.6498387842501,419.6498387842501
2025-08-19,230,97,562.9938308333335,562.9938308333335,0.0,0.8609,484.68138896441684,484.68138896441684
2025-08-19,230,98,642.1367291666667,642.1367291666667,0.0,0.9539,612.5342259520833,612.5342259520833
2025-08-19,230,99,676.6922183333335,676.6922183333335,0.0,0.9616,650.7072371493334,650.7072371493334
2025-08-19,230,100,715.0134083333332,715.0134083333332,0.0,0.9153,654.4517726474999,654.4517726474999
2025-08-19,230,101,770.7279166666667,770.7279166666667,0.0,0.9049,697.4316917916667,697.4316917916667
2025-08-19,230,102,802.8916666666669,802.8916666666669,0.0,0.984,790.0454000000002,790.0454000000002
2025-08-19,230,103,863.9188066666668,863.9188066666668,0.0,1.0631,918.4320833673335,918.4320833673335
2025-08-19,230,104,966.6322708333335,966.6322708333335,0.0,1.092,1055.5624397500003,1055.5624397500003
2025-08-19,230,105,1048.6633250000002,1048.6633250000002,0.0,1.1123,1166.4282163975004,1166.4282163975004
2025-08-19,230,106,963.7844708333334,963.7844708333334,0.0,1.2271,1182.6599241595836,1182.6599241595836
2025-08-19,230,107,798.4068958333334,798.4068958333334,0.0,1.3477,1076.0129735145833,1076.0129735145833
2025-08-19,230,108,807.0019675000001,807.0019675000001,0.0,1.2916,1042.3237412230003,1042.3237412230003
2025-08-19,230,109,879.1609241666667,879.1609241666667,0.0,1.3112,1152.7558037673334,1152.7558037673334
2025-08-19,230,110,919.3983958333334,919.3983958333334,0.0,1.4133,1299.38575283125,1299.38575283125
2025-08-19,230,111,932.155825,932.155825,0.0,1.373,1279.849947725,1279.849947725
2025-08-19,230,112,940.5673266666668,940.5673266666668,0.0,1.4453,1359.4019572313334,1359.4019572313334
2025-08-19,230,113,121.20233333333351,121.20233333333351,0.0,1.6197,196.31141930000027,196.31141930000027
2025-08-19,230,114,140.87612250000015,140.87612250000015,0.0,1.6178,227.90939098050023,227.90939098050023
2025-08-19,230,115,136.84941583333355,136.84941583333355,0.0,1.6368,223.99512383600037,223.99512383600037
2025-08-19,230,116,116.26525000000004,116.26525000000004,0.0,1.7202,199.99948305000007,199.99948305000007
2025-08-19,230,117,169.5622187150666,169.5622187150666,0.0,1.6991,288.10316581876964,288.10316581876964
2025-08-19,230,118,126.04319083333338,126.04319083333338,0.0,1.6583,209.01742335891677,209.01742335891677
2025-08-19,230,119,130.72575000000006,130.72575000000006,0.0,1.6622,217.29234165000008,217.29234165000008
2025-08-19,230,120,101.11503083333349,101.11503083333349,0.0,1.6817,170.04514735241693,170.04514735241693
2025-08-19,230,121,100.09407583333353,100.09407583333353,0.0,1.6669,166.84681500658368,166.84681500658368
2025-08-19,230,122,132.42516666666677,132.42516666666677,0.0,1.6467,218.06452195000017,218.06452195000017
2025-08-19,230,123,125.30677333333357,125.30677333333357,0.0,1.6541,207.26993377066705,207.26993377066705
2025-08-19,230,124,948.6884900000002,948.6884900000002,0.0,1.4252,1352.0708359480004,1352.0708359480004
2025-08-19,230,125,952.0611666666668,952.0611666666668,0.0,1.0949,1042.4117713833334,1042.4117713833334
2025-08-19,230,126,950.0511608333334,950.0511608333334,0.0,1.087,1032.7056118258333,1032.7056118258333
2025-08-19,230,127,934.0062491666667,934.0062491666667,0.0,1.1001,1027.5002747082501,1027.5002747082501
2025-08-19,230,128,932.3115,932.3115,0.0,1.0571,985.5464866499999,985.5464866499999
2025-08-19,230,129,969.7170241666668,969.7170241666668,0.0,1.1389,1104.4107188234168,1104.4107188234168
2025-08-19,230,130,902.7527325000001,902.7527325000001,0.0,0.9453,853.3721580322501,853.3721580322501
2025-08-19,230,131,762.7368333333335,762.7368333333335,0.0,0.5722,436.43801603333344,436.43801603333344
2025-08-19,230,132,798.6243887694067,798.6243887694067,0.0,0.5491,438.52465187328124,438.52465187328124
2025-08-19,230,133,767.2728691666667,767.2728691666667,0.0,0.5712,438.26626286800007,438.26626286800007
2025-08-19,230,134,779.2739166666667,779.2739166666667,0.0,0.5094,396.96213314999994,396.96213314999994
2025-08-19,230,135,770.2196758333333,770.2196758333333,0.0,0.5455,420.1548331670833,420.1548331670833
2025-08-19,230,136,1589.2978733333334,1589.2978733333334,0.0,0.5493,873.001321822,873.001321822
2025-08-19,230,137,1583.19225,1583.19225,0.0,0.4993,790.487890425,790.487890425
2025-08-19,230,138,1578.0652958333335,1578.0652958333335,0.0,0.5165,815.0707252979167,815.0707252979167
2025-08-19,230,139,1575.3951441666666,1575.3951441666666,0.0,0.5322,838.4252957255,838.4252957255
2025-08-19,230,140,741.5319166666667,741.5319166666667,0.0,0.5133,380.628332825,380.628332825
2025-08-19,230,141,738.8482908333334,738.8482908333334,0.0,0.5041,372.45342340908337,372.45342340908337
2025-08-19,230,142,1567.9640283333333,1567.9640283333333,0.0,0.5153,807.9718638001666,807.9718638001666
2025-08-19,230,143,1571.8455,1571.8455,0.0,0.5312,834.9643295999999,834.9643295999999
2025-08-20,231,0,742.6962583333333,742.6962583333333,0.0,0.5338,396.4512626983333,396.4512626983333
2025-08-20,231,1,732.6012558333334,732.6012558333334,0.0,0.5599,410.18344314108333,410.18344314108333
2025-08-20,231,2,720.5128333333333,720.5128333333333,0.0,0.5772,415.8800074,415.8800074
2025-08-20,231,3,728.6450066666667,728.6450066666667,0.0,0.5221,380.4255579806667,380.4255579806667
2025-08-20,231,4,0.0,0.0,0.0,0.5276,0.0,0.0
2025-08-20,231,5,0.0,0.0,0.0,0.5707,0.0,0.0
2025-08-20,231,6,731.1056000000001,731.1056000000001,0.0,0.4996,365.26035776000003,365.26035776000003
2025-08-20,231,7,706.3478614828168,706.3478614828168,0.0,0.4638,327.6041381557304,327.6041381557304
2025-08-20,231,8,0.0,0.0,0.0,0.5106,0.0,0.0
2025-08-20,231,9,716.9167075,716.9167075,0.0,0.5325,381.75814674375,381.75814674375
2025-08-20,231,10,1541.8076964071627,1541.8076964071627,0.0,0.5246,808.8323175351975,808.8323175351975
2025-08-20,231,11,1541.25075,1541.25075,0.0,0.5032,775.5573774,775.5573774
2025-08-20,231,12,702.5224350000001,702.5224350000001,0.0,0.4781,335.8759761735001,335.8759761735001
2025-08-20,231,13,698.7902208333334,698.7902208333334,0.0,0.4608,322.00253376,322.00253376
2025-08-20,231,14,708.7120833333333,708.7120833333333,0.0,0.4585,324.9444902083334,324.9444902083334
2025-08-20,231,15,724.3640041666667,724.3640041666667,0.0,0.4743,343.56584717625003,343.56584717625003
2025-08-20,231,16,0.0,0.0,0.0,0.5117,0.0,0.0
2025-08-20,231,17,0.0,0.0,0.0,0.5607,0.0,0.0
2025-08-20,231,18,705.2594441666668,705.2594441666668,0.0,0.5919,417.44306500225,417.44306500225
2025-08-20,231,19,705.9843800000001,705.9843800000001,0.0,0.5583,394.15107935400005,394.15107935400005
2025-08-20,231,20,700.3709166666667,700.3709166666667,0.0,0.4986,349.20493905,349.20493905
2025-08-20,231,21,1531.9366383333333,1531.9366383333333,0.0,0.5037,771.6364847285,771.6364847285
2025-08-20,231,22,1524.6978866666668,1524.6978866666668,0.0,0.5174,788.8786865613333,788.8786865613333
2025-08-20,231,23,1506.3119166666665,1506.3119166666665,0.0,0.5144,774.8468499333333,774.8468499333333
2025-08-20,231,24,1496.7660375,1496.7660375,0.0,0.5189,776.6718968587501,776.6718968587501
2025-08-20,231,25,675.3021433333334,675.3021433333334,0.0,0.4815,325.157982015,325.157982015
2025-08-20,231,26,214.2834788582736,214.2834788582736,0.0,0.4501,96.44899383410895,96.44899383410895
2025-08-20,231,27,695.9141058333335,695.9141058333335,0.0,0.5202,362.01451785450007,362.01451785450007
2025-08-20,231,28,687.8234316666668,687.8234316666668,0.0,0.5208,358.2184432120001,358.2184432120001
2025-08-20,231,29,668.07,668.07,0.0,0.4438,296.489466,296.489466
2025-08-20,231,30,1483.1670625,1483.1670625,0.0,0.4551,674.98933014375,674.98933014375
2025-08-20,231,31,1499.3725466666667,1499.3725466666667,0.0,0.492,737.69129296,737.69129296
2025-08-20,231,32,671.0588125000002,671.0588125000002,0.0,0.4743,318.2831947687501,318.2831947687501
2025-08-20,231,33,1430.0061608333335,1430.0061608333335,0.0,0.4305,615.6176522387501,615.6176522387501
2025-08-20,231,34,0.0,0.0,0.0,0.6376,0.0,0.0
2025-08-20,231,35,0.0,0.0,0.0,0.9743,0.0,0.0
2025-08-20,231,36,0.0,0.0,0.0,1.0151,0.0,0.0
2025-08-20,231,37,0.0,0.0,0.0,0.9515,0.0,0.0
2025-08-20,231,38,0.0,0.0,0.0,0.9199,0.0,0.0
2025-08-20,231,39,0.0,0.0,0.0,0.8674,0.0,0.0
2025-08-20,231,40,0.0,0.0,0.0,0.8378,0.0,0.0
2025-08-20,231,41,0.0,0.0,0.0,0.8333,0.0,0.0
2025-08-20,231,42,0.0,0.0,0.0,0.8071,0.0,0.0
2025-08-20,231,43,0.0,0.0,0.0,0.7839,0.0,0.0
2025-08-20,231,44,0.0,0.0,0.0,0.7338,0.0,0.0
2025-08-20,231,45,0.0,0.0,0.0,0.6436,0.0,0.0
2025-08-20,231,46,0.0,0.0,0.0,0.8377,0.0,0.0
2025-08-20,231,47,0.0,0.0,0.0,1.192,0.0,0.0
2025-08-20,231,48,0.0,0.0,0.0,1.2288,0.0,0.0
2025-08-20,231,49,0.0,0.0,0.0,1.1781,0.0,0.0
2025-08-20,231,50,0.0,0.0,0.0,1.1867,0.0,0.0
2025-08-20,231,51,0.0,0.0,0.0,1.1603,0.0,0.0
2025-08-20,231,52,0.0,0.0,0.0,1.1019,0.0,0.0
2025-08-20,231,53,0.0,0.0,0.0,1.0587,0.0,0.0
2025-08-20,231,54,0.0,0.0,0.0,1.064,0.0,0.0
2025-08-20,231,55,0.0,0.0,0.0,1.0313,0.0,0.0
2025-08-20,231,56,0.0,0.0,0.0,0.9525,0.0,0.0
2025-08-20,231,57,0.0,0.0,0.0,0.9194,0.0,0.0
2025-08-20,231,58,0.0,0.0,0.0,0.9872,0.0,0.0
2025-08-20,231,59,0.0,0.0,0.0,1.097,0.0,0.0
2025-08-20,231,60,0.0,0.0,0.0,1.1282,0.0,0.0
2025-08-20,231,61,0.0,0.0,0.0,1.1236,0.0,0.0
2025-08-20,231,62,0.0,0.0,0.0,1.1593,0.0,0.0
2025-08-20,231,63,0.0,0.0,0.0,1.2155,0.0,0.0
2025-08-20,231,64,0.0,0.0,0.0,0.9522,0.0,0.0
2025-08-20,231,65,0.0,0.0,0.0,0.5295,0.0,0.0
2025-08-20,231,66,0.0,0.0,0.0,0.481,0.0,0.0
2025-08-20,231,67,0.0,0.0,0.0,0.5281,0.0,0.0
2025-08-20,231,68,0.0,0.0,0.0,0.5253,0.0,0.0
2025-08-20,231,69,516.0750066666667,516.0750066666667,0.0,0.5958,307.477488972,307.477488972
2025-08-20,231,70,471.1369525,471.1369525,0.0,0.5778,272.2229311545,272.2229311545
2025-08-20,231,71,448.0515833333334,448.0515833333334,0.0,0.4751,212.8693072416667,212.8693072416667
2025-08-20,231,72,414.1195875000001,414.1195875000001,0.0,0.4713,195.17456158875004,195.17456158875004
2025-08-20,231,73,412.50079083333344,412.50079083333344,0.0,0.5056,208.56039984533342,208.56039984533342
2025-08-20,231,74,217.1974850388192,217.1974850388192,0.0,0.483,104.90638527374966,104.90638527374966
2025-08-20,231,75,439.51594666666665,439.51594666666665,0.0,0.4085,179.5422642133333,179.5422642133333
2025-08-20,231,76,0.0,0.0,0.0,0.5467,0.0,0.0
2025-08-20,231,77,0.0,0.0,0.0,0.8084,0.0,0.0
2025-08-20,231,78,0.0,0.0,0.0,0.833,0.0,0.0
2025-08-20,231,79,0.0,0.0,0.0,0.8374,0.0,0.0
2025-08-20,231,80,0.0,0.0,0.0,0.9036,0.0,0.0
2025-08-20,231,81,0.0,0.0,0.0,0.9071,0.0,0.0
2025-08-20,231,82,0.0,0.0,0.0,1.0225,0.0,0.0
2025-08-20,231,83,0.0,0.0,0.0,1.1997,0.0,0.0
2025-08-20,231,84,0.0,0.0,0.0,1.191,0.0,0.0
2025-08-20,231,85,0.0,0.0,0.0,1.1636,0.0,0.0
2025-08-20,231,86,0.0,0.0,0.0,1.2333,0.0,0.0
2025-08-20,231,87,0.0,0.0,0.0,1.3081,0.0,0.0
2025-08-20,231,88,0.0,0.0,0.0,1.1188,0.0,0.0
2025-08-20,231,89,226.51155092592535,226.51155092592535,0.0,0.763,172.82831335648103,172.82831335648103
2025-08-20,231,90,200.94266916666675,200.94266916666675,0.0,0.6375,128.10095159375004,128.10095159375004
2025-08-20,231,91,212.44380250000017,212.44380250000017,0.0,0.6942,147.47848769550012,147.47848769550012
2025-08-20,231,92,225.7026458333337,225.7026458333337,0.0,0.7876,177.76340385833362,177.76340385833362
2025-08-20,231,93,313.6268283333334,313.6268283333334,0.0,0.8196,257.048548502,257.048548502
2025-08-20,231,94,403.9279008333333,403.9279008333333,0.0,0.8082,326.45452945349996,326.45452945349996
2025-08-20,231,95,454.39300000000014,454.39300000000014,0.0,0.7934,360.5154062000001,360.5154062000001
2025-08-20,231,96,473.3442150000001,473.3442150000001,0.0,0.8105,383.64548625750007,383.64548625750007
2025-08-20,231,97,525.8276108333334,525.8276108333334,0.0,0.8978,472.0880290061668,472.0880290061668
2025-08-20,231,98,600.401375,600.401375,0.0,0.9904,594.6375218,594.6375218
2025-08-20,231,99,643.1825300000002,643.1825300000002,0.0,0.9772,628.5179683160002,628.5179683160002
2025-08-20,231,100,677.9503283333333,677.9503283333333,0.0,0.971,658.2897688116667,658.2897688116667
2025-08-20,231,101,729.0019375000002,729.0019375000002,0.0,1.0071,734.1778512562503,734.1778512562503
2025-08-20,231,102,791.3200283333337,791.3200283333337,0.0,1.021,807.9377489283336,807.9377489283336
2025-08-20,231,103,846.5277316666668,846.5277316666668,0.0,1.0815,915.5197417975,915.5197417975
2025-08-20,231,104,919.2499791666668,919.2499791666668,0.0,1.1527,1059.6194509854167,1059.6194509854167
2025-08-20,231,105,1045.1961816666667,1045.1961816666667,0.0,1.1391,1190.5829705365,1190.5829705365
2025-08-20,231,106,970.3026716666668,970.3026716666668,0.0,1.2506,1213.4605211863334,1213.4605211863334
2025-08-20,231,107,778.4781041666666,778.4781041666666,0.0,1.4337,1116.10405794375,1116.10405794375
2025-08-20,231,108,818.8156525000002,818.8156525000002,0.0,1.4153,1158.8697929832501,1158.8697929832501
2025-08-20,231,109,914.4161433333335,914.4161433333335,0.0,1.3961,1276.6163777076667,1276.6163777076667
2025-08-20,231,110,943.3661666666668,943.3661666666668,0.0,1.4399,1358.3529433833335,1358.3529433833335
2025-08-20,231,111,949.7510758333334,949.7510758333334,0.0,1.4205,1349.1214032212501,1349.1214032212501
2025-08-20,231,112,947.5466016666668,947.5466016666668,0.0,1.4793,1401.7056878455003,1401.7056878455003
2025-08-20,231,113,101.06683333333353,101.06683333333353,0.0,1.6331,165.052245516667,165.052245516667
2025-08-20,231,114,88.48775833333352,88.48775833333352,0.0,1.7251,152.65023190083366,152.65023190083366
2025-08-20,231,115,109.64144750000017,109.64144750000017,0.0,1.6874,185.0089785115003,185.0089785115003
2025-08-20,231,116,143.55741666666677,143.55741666666677,0.0,1.6053,230.45272097500015,230.45272097500015
2025-08-20,231,117,118.29979500000009,118.29979500000009,0.0,1.6281,192.60389623950016,192.60389623950016
2025-08-20,231,118,95.37131833333352,95.37131833333352,0.0,1.6552,157.85860610533365,157.85860610533365
2025-08-20,231,119,96.97708333333355,96.97708333333355,0.0,1.661,161.07893541666704,161.07893541666704
2025-08-20,231,120,121.61051250000013,121.61051250000013,0.0,1.7126,208.27016370750022,208.27016370750022
2025-08-20,231,121,172.77950871506675,172.77950871506675,0.0,1.6994,293.62149711038444,293.62149711038444
2025-08-20,231,122,88.26575000000003,88.26575000000003,0.0,1.6592,146.45053240000004,146.45053240000004
2025-08-20,231,123,104.41681500000018,104.41681500000018,0.0,1.7074,178.2812699310003,178.2812699310003
2025-08-20,231,124,951.7249366666667,951.7249366666667,0.0,1.5144,1441.292244088,1441.292244088
2025-08-20,231,125,948.5960000000002,948.5960000000002,0.0,1.1515,1092.3082940000002,1092.3082940000002
2025-08-20,231,126,958.0709725,958.0709725,0.0,1.0508,1006.740977903,1006.740977903
2025-08-20,231,127,961.3589791666667,961.3589791666667,0.0,1.0402,1000.0056101291667,1000.0056101291667
2025-08-20,231,128,969.2334166666667,969.2334166666667,0.0,1.0277,996.0811823083334,996.0811823083334
2025-08-20,231,129,991.13721,991.13721,0.0,1.0672,1057.7416305119998,1057.7416305119998
2025-08-20,231,130,902.9181191666668,902.9181191666668,0.0,0.8675,783.2814683770835,783.2814683770835
2025-08-20,231,131,759.1933333333335,759.1933333333335,0.0,0.5347,405.9406753333334,405.9406753333334
2025-08-20,231,132,1580.4715075,1580.4715075,0.0,0.4981,787.2328578857499,787.2328578857499
2025-08-20,231,133,758.6931875,758.6931875,0.0,0.5434,412.2738780875,412.2738780875
2025-08-20,231,134,743.1634166666668,743.1634166666668,0.0,0.5225,388.30288520833335,388.30288520833335
2025-08-20,231,135,767.5236091666668,767.5236091666668,0.0,0.5087,390.43925998308345,390.43925998308345
2025-08-20,231,136,767.37852,767.37852,0.0,0.5284,405.48280996799997,405.48280996799997
2025-08-20,231,137,1568.28475,1568.28475,0.0,0.549,860.98832775,860.98832775
2025-08-20,231,138,1555.4525933333334,1555.4525933333334,0.0,0.5259,818.012518834,818.012518834
2025-08-20,231,139,783.5196429360736,783.5196429360736,0.0,0.5401,423.1789591497734,423.1789591497734
2025-08-20,231,140,1559.0425,1559.0425,0.0,0.5843,910.94853275,910.94853275
2025-08-20,231,141,1560.1411166666667,1560.1411166666667,0.0,0.5679,886.004140155,886.004140155
2025-08-20,231,142,1568.3501983333333,1568.3501983333333,0.0,0.5478,859.1422386469999,859.1422386469999
2025-08-20,231,143,756.3280833333333,756.3280833333333,0.0,0.548,414.4677896666667,414.4677896666667
2025-08-21,232,0,0.0,0.0,0.0,0.5358,0.0,0.0
2025-08-21,232,1,736.4261691666668,736.4261691666668,0.0,0.5342,393.3988595688334,393.3988595688334
2025-08-21,232,2,751.85725,751.85725,0.0,0.5451,409.837386975,409.837386975
2025-08-21,232,3,0.0,0.0,0.0,0.5428,0.0,0.0
2025-08-21,232,4,0.0,0.0,0.0,0.5327,0.0,0.0
2025-08-21,232,5,0.0,0.0,0.0,0.5128,0.0,0.0
2025-08-21,232,6,713.4846583333334,713.4846583333334,0.0,0.4779,340.9743182175,340.9743182175
2025-08-21,232,7,1529.9745941666665,1529.9745941666665,0.0,0.4731,723.83098050025,723.83098050025
2025-08-21,232,8,1535.5571666666667,1535.5571666666667,0.0,0.489,750.8874545,750.8874545
2025-08-21,232,9,712.3854283333334,712.3854283333334,0.0,0.4743,337.88440865850004,337.88440865850004
2025-08-21,232,10,714.8596791666669,714.8596791666669,0.0,0.4768,340.84509502666674,340.84509502666674
2025-08-21,232,11,1550.040957489503,1550.040957489503,0.0,0.4964,769.4403312977893,769.4403312977893
2025-08-21,232,12,720.0509191666667,720.0509191666667,0.0,0.4839,348.43263978475005,348.43263978475005
2025-08-21,232,13,711.7939600000001,711.7939600000001,0.0,0.4828,343.6541238880001,343.6541238880001
2025-08-21,232,14,1538.4243333333334,1538.4243333333334,0.0,0.513,789.211683,789.211683
2025-08-21,232,15,716.5005208333334,716.5005208333334,0.0,0.5456,390.9226841666667,390.9226841666667
2025-08-21,232,16,1530.901435,1530.901435,0.0,0.5469,837.2499948015001,837.2499948015001
2025-08-21,232,17,1501.6324166666666,1501.6324166666666,0.0,0.5288,794.0632219333334,794.0632219333334
2025-08-21,232,18,1519.6585075,1519.6585075,0.0,0.5315,807.69849673625,807.69849673625
2025-08-21,232,19,701.4679000000001,701.4679000000001,0.0,0.5262,369.11240898000005,369.11240898000005
2025-08-21,232,20,697.8770000000001,697.8770000000001,0.0,0.5143,358.9181411,358.9181411
2025-08-21,232,21,705.7446108333334,705.7446108333334,0.0,0.5265,371.57453760375,371.57453760375
2025-08-21,232,22,1534.42324,1534.42324,0.0,0.5185,795.59844994,795.59844994
2025-08-21,232,23,1510.3944166666665,1510.3944166666665,0.0,0.4862,734.3537653833333,734.3537653833333
2025-08-21,232,24,570.7465469730998,570.7465469730998,0.0,0.4745,270.8192365387359,270.8192365387359
2025-08-21,232,25,0.0,0.0,0.0,0.4876,0.0,0.0
2025-08-21,232,26,669.7923333333333,669.7923333333333,0.0,0.5063,339.11585836666666,339.11585836666666
2025-08-21,232,27,1496.9371858333334,1496.9371858333334,0.0,0.5097,762.9888836192501,762.9888836192501
2025-08-21,232,28,1485.0572664561669,1485.0572664561669,0.0,0.518,769.2596640242945,769.2596640242945
2025-08-21,232,29,639.8763333333334,639.8763333333334,0.0,0.5114,327.23275686666665,327.23275686666665
2025-08-21,232,30,0.0,0.0,0.0,0.4569,0.0,0.0
2025-08-21,232,31,0.0,0.0,0.0,0.4609,0.0,0.0
2025-08-21,232,32,665.238375,665.238375,0.0,0.4841,322.0418973375,322.0418973375
2025-08-21,232,33,1439.0818483333333,1439.0818483333333,0.0,0.4163,599.0897734611666,599.0897734611666
2025-08-21,232,34,0.0,0.0,0.0,0.5643,0.0,0.0
2025-08-21,232,35,0.0,0.0,0.0,0.8676,0.0,0.0
2025-08-21,232,36,0.0,0.0,0.0,0.9302,0.0,0.0
2025-08-21,232,37,0.0,0.0,0.0,0.8981,0.0,0.0
2025-08-21,232,38,0.0,0.0,0.0,0.8923,0.0,0.0
2025-08-21,232,39,0.0,0.0,0.0,0.876,0.0,0.0
2025-08-21,232,40,0.0,0.0,0.0,0.8485,0.0,0.0
2025-08-21,232,41,0.0,0.0,0.0,0.8105,0.0,0.0
2025-08-21,232,42,0.0,0.0,0.0,0.7639,0.0,0.0
2025-08-21,232,43,0.0,0.0,0.0,0.7474,0.0,0.0
2025-08-21,232,44,0.0,0.0,0.0,0.7059,0.0,0.0
2025-08-21,232,45,0.0,0.0,0.0,0.5922,0.0,0.0
2025-08-21,232,46,0.0,0.0,0.0,0.7779,0.0,0.0
2025-08-21,232,47,0.0,0.0,0.0,1.146,0.0,0.0
2025-08-21,232,48,0.0,0.0,0.0,1.1719,0.0,0.0
2025-08-21,232,49,0.0,0.0,0.0,1.0704,0.0,0.0
2025-08-21,232,50,0.0,0.0,0.0,1.0246,0.0,0.0
2025-08-21,232,51,0.0,0.0,0.0,0.9965,0.0,0.0
2025-08-21,232,52,0.0,0.0,0.0,0.957,0.0,0.0
2025-08-21,232,53,0.0,0.0,0.0,0.9325,0.0,0.0
2025-08-21,232,54,0.0,0.0,0.0,0.9658,0.0,0.0
2025-08-21,232,55,0.0,0.0,0.0,0.9662,0.0,0.0
2025-08-21,232,56,0.0,0.0,0.0,0.9237,0.0,0.0
2025-08-21,232,57,0.0,0.0,0.0,0.928,0.0,0.0
2025-08-21,232,58,0.0,0.0,0.0,1.0029,0.0,0.0
2025-08-21,232,59,0.0,0.0,0.0,1.0974,0.0,0.0
2025-08-21,232,60,0.0,0.0,0.0,1.1247,0.0,0.0
2025-08-21,232,61,0.0,0.0,0.0,1.0889,0.0,0.0
2025-08-21,232,62,0.0,0.0,0.0,1.0852,0.0,0.0
2025-08-21,232,63,0.0,0.0,0.0,1.1559,0.0,0.0
2025-08-21,232,64,0.0,0.0,0.0,0.8916,0.0,0.0
2025-08-21,232,65,527.9715208333334,527.9715208333334,0.0,0.4484,236.74242994166673,236.74242994166673
2025-08-21,232,66,499.36195166666676,499.36195166666676,0.0,0.4266,213.02780858100002,213.02780858100002
2025-08-21,232,67,0.0,0.0,0.0,0.5016,0.0,0.0
2025-08-21,232,68,0.0,0.0,0.0,0.4926,0.0,0.0
2025-08-21,232,69,520.9453641666666,520.9453641666666,0.0,0.5337,278.02854085574995,278.02854085574995
2025-08-21,232,70,504.25923166666666,504.25923166666666,0.0,0.497,250.61683813833332,250.61683813833332
2025-08-21,232,71,492.7528541666668,492.7528541666668,0.0,0.4297,211.73590143541674,211.73590143541674
2025-08-21,232,72,0.0,0.0,0.0,0.5237,0.0,0.0
2025-08-21,232,73,0.0,0.0,0.0,0.5814,0.0,0.0
2025-08-21,232,74,135.65924587215295,135.65924587215295,0.0,0.5167,70.09513234214144,70.09513234214144
2025-08-21,232,75,469.82043666666686,469.82043666666686,0.0,0.4643,218.13762874433343,218.13762874433343
2025-08-21,232,76,0.0,0.0,0.0,0.585,0.0,0.0
2025-08-21,232,77,0.0,0.0,0.0,0.8061,0.0,0.0
2025-08-21,232,78,0.0,0.0,0.0,0.8964,0.0,0.0
2025-08-21,232,79,0.0,0.0,0.0,0.9407,0.0,0.0
2025-08-21,232,80,0.0,0.0,0.0,0.9683,0.0,0.0
2025-08-21,232,81,0.0,0.0,0.0,0.9306,0.0,0.0
2025-08-21,232,82,0.0,0.0,0.0,1.0025,0.0,0.0
2025-08-21,232,83,0.0,0.0,0.0,1.1782,0.0,0.0
2025-08-21,232,84,0.0,0.0,0.0,1.2546,0.0,0.0
2025-08-21,232,85,0.0,0.0,0.0,1.1984,0.0,0.0
2025-08-21,232,86,0.0,0.0,0.0,1.1666,0.0,0.0
2025-08-21,232,87,0.0,0.0,0.0,1.2934,0.0,0.0
2025-08-21,232,88,0.0,0.0,0.0,1.0776,0.0,0.0
2025-08-21,232,89,115.97808333333364,115.97808333333364,0.0,0.6398,74.20277771666687,74.20277771666687
2025-08-21,232,90,271.9355228703709,271.9355228703709,0.0,0.6405,174.17470239847256,174.17470239847256
2025-08-21,232,91,189.43400666666673,189.43400666666673,0.0,0.7806,147.87218560400004,147.87218560400004
2025-08-21,232,92,238.73714583333344,238.73714583333344,0.0,0.8006,191.13295895416675,191.13295895416675
2025-08-21,232,93,323.2610533333336,323.2610533333336,0.0,0.7515,242.9306815800002,242.9306815800002
2025-08-21,232,94,370.2604275,370.2604275,0.0,0.769,284.7302687475,284.7302687475
2025-08-21,232,95,387.5066875000002,387.5066875000002,0.0,0.8617,333.9145126187502,333.9145126187502
2025-08-21,232,96,450.5595358333335,450.5595358333335,0.0,0.9163,412.84770268408346,412.84770268408346
2025-08-21,232,97,548.0456891666666,548.0456891666666,0.0,0.9134,500.5849324848333,500.5849324848333
2025-08-21,232,98,625.3072708333336,625.3072708333336,0.0,0.9037,565.0901806520835,565.0901806520835
2025-08-21,232,99,663.6639725000001,663.6639725000001,0.0,0.9539,633.0690633677501,633.0690633677501
2025-08-21,232,100,720.9132916666667,720.9132916666667,0.0,1.0159,732.3758130041667,732.3758130041667
2025-08-21,232,101,793.0907916666666,793.0907916666666,0.0,1.0321,818.5490060791666,818.5490060791666
2025-08-21,232,102,840.7073283333334,840.7073283333334,0.0,0.9967,837.9329941498335,837.9329941498335
2025-08-21,232,103,882.9137266666668,882.9137266666668,0.0,1.0241,904.1919474793334,904.1919474793334
2025-08-21,232,104,954.1029375000002,954.1029375000002,0.0,1.1018,1051.2306165375,1051.2306165375
2025-08-21,232,105,1036.8839183333334,1036.8839183333334,0.0,1.1196,1160.895234966,1160.895234966
2025-08-21,232,106,980.4585841666668,980.4585841666668,0.0,1.1976,1174.1972003980002,1174.1972003980002
2025-08-21,232,107,838.7415208333334,838.7415208333334,0.0,1.3429,1126.3459883270834,1126.3459883270834
2025-08-21,232,108,821.2692508333334,821.2692508333334,0.0,1.4212,1167.1878592843334,1167.1878592843334
2025-08-21,232,109,875.7279525000001,875.7279525000001,0.0,1.4216,1244.9348572740003,1244.9348572740003
2025-08-21,232,110,925.7458125000002,925.7458125000002,0.0,1.3859,1282.99112154375,1282.99112154375
2025-08-21,232,111,938.5368758333335,938.5368758333335,0.0,1.3764,1291.8021558970004,1291.8021558970004
2025-08-21,232,112,929.7981691666666,929.7981691666666,0.0,1.453,1350.9967397991668,1350.9967397991668
2025-08-21,232,113,92.25091666666685,92.25091666666685,0.0,1.5804,145.7933487000003,145.7933487000003
2025-08-21,232,114,113.5594708333334,113.5594708333334,0.0,1.6516,187.55482202833346,187.55482202833346
2025-08-21,232,115,128.86991333333344,128.86991333333344,0.0,1.6559,213.39568948866685,213.39568948866685
2025-08-21,232,116,119.15316666666683,119.15316666666683,0.0,1.6376,195.1252257333336,195.1252257333336
2025-08-21,232,117,105.80635416666664,105.80635416666664,0.0,1.6505,174.6333875520833,174.6333875520833
2025-08-21,232,118,113.48763416666678,113.48763416666678,0.0,1.6659,189.05904975825018,189.05904975825018
2025-08-21,232,119,120.70708333333357,120.70708333333357,0.0,1.656,199.8909300000004,199.8909300000004
2025-08-21,232,120,124.03817916666675,124.03817916666675,0.0,1.623,201.31396478750014,201.31396478750014
2025-08-21,232,121,115.05890500000008,115.05890500000008,0.0,1.6009,184.19780101450013,184.19780101450013
2025-08-21,232,122,168.65450538173332,168.65450538173332,0.0,1.6403,276.64398517765716,276.64398517765716
2025-08-21,232,123,123.1503925000001,123.1503925000001,0.0,1.7157,211.28912841225016,211.28912841225016
2025-08-21,232,124,968.1695541666668,968.1695541666668,0.0,1.483,1435.7954488291668,1435.7954488291668
2025-08-21,232,125,968.6661666666668,968.6661666666668,0.0,1.0773,1043.54406135,1043.54406135
2025-08-21,232,126,960.2097558333335,960.2097558333335,0.0,1.0051,965.1068255880836,965.1068255880836
2025-08-21,232,127,941.4800191666668,941.4800191666668,0.0,1.0368,976.1264838720001,976.1264838720001
2025-08-21,232,128,934.6509166666667,934.6509166666667,0.0,1.0489,980.3553464916666,980.3553464916666
2025-08-21,232,129,952.6314100000001,952.6314100000001,0.0,1.108,1055.5156022800002,1055.5156022800002
2025-08-21,232,130,877.0050275000002,877.0050275000002,0.0,0.8814,772.9922312385002,772.9922312385002
2025-08-21,232,131,746.1520000000002,746.1520000000002,0.0,0.5087,379.5675224000001,379.5675224000001
2025-08-21,232,132,799.2561854360733,799.2561854360733,0.0,0.5016,400.9069026147344,400.9069026147344
2025-08-21,232,133,749.5453875000001,749.5453875000001,0.0,0.5766,432.18787043250006,432.18787043250006
2025-08-21,232,134,1565.2846666666667,1565.2846666666667,0.0,0.5505,861.689209,861.689209
2025-08-21,232,135,1586.5093266666668,1586.5093266666668,0.0,0.5283,838.152877278,838.152877278
2025-08-21,232,136,768.50337,768.50337,0.0,0.5421,416.605676877,416.605676877
2025-08-21,232,137,760.5475833333334,760.5475833333334,0.0,0.5543,421.5715254416667,421.5715254416667
2025-08-21,232,138,757.5543800000002,757.5543800000002,0.0,0.5111,387.1860436180001,387.1860436180001
2025-08-21,232,139,741.0219625000001,741.0219625000001,0.0,0.4858,359.98846938250006,359.98846938250006
2025-08-21,232,140,1561.8388333333332,1561.8388333333332,0.0,0.5125,800.4424020833333,800.4424020833333
2025-08-21,232,141,1589.2158874999998,1589.2158874999998,0.0,0.5488,872.1616790599998,872.1616790599998
2025-08-21,232,142,1570.5497275,1570.5497275,0.0,0.5322,835.8465649755,835.8465649755
2025-08-21,232,143,1496.2885833333332,1496.2885833333332,0.0,0.4683,700.711943575,700.711943575
2025-08-22,233,0,659.2820300000001,659.2820300000001,0.0,0.4263,281.05192938900007,281.05192938900007
2025-08-22,233,1,660.9145008333334,660.9145008333334,0.0,0.4404,291.066746167,291.066746167
2025-08-22,233,2,486.1094499860536,486.1094499860536,0.0,0.4701,228.52005243844383,228.52005243844383
2025-08-22,233,3,0.0,0.0,0.0,0.4406,0.0,0.0
2025-08-22,233,4,0.0,0.0,0.0,0.3982,0.0,0.0
2025-08-22,233,5,0.0,0.0,0.0,0.3885,0.0,0.0
2025-08-22,233,6,639.7033849999999,639.7033849999999,0.0,0.4142,264.965142067,264.965142067
2025-08-22,233,7,634.2078475000001,634.2078475000001,0.0,0.4338,275.11936424550004,275.11936424550004
2025-08-22,233,8,0.0,0.0,0.0,0.4508,0.0,0.0
2025-08-22,233,9,0.0,0.0,0.0,0.4959,0.0,0.0
2025-08-22,233,10,617.1108258333334,617.1108258333334,0.0,0.4889,301.70548274991665,301.70548274991665
2025-08-22,233,11,628.6370000000001,628.6370000000001,0.0,0.4375,275.02868750000005,275.02868750000005
2025-08-22,233,12,1456.1177341666667,1456.1177341666667,0.0,0.431,627.5867434258333,627.5867434258333
2025-08-22,233,13,623.9522841666667,623.9522841666667,0.0,0.4216,263.05828300466663,263.05828300466663
2025-08-22,233,14,0.0,0.0,0.0,0.4138,0.0,0.0
2025-08-22,233,15,624.79417,624.79417,0.0,0.4614,288.280030038,288.280030038
2025-08-22,233,16,610.8465416666667,610.8465416666667,0.0,0.4742,289.66343005833335,289.66343005833335
2025-08-22,233,17,0.0,0.0,0.0,0.4294,0.0,0.0
2025-08-22,233,18,0.0,0.0,0.0,0.3962,0.0,0.0
2025-08-22,233,19,613.9515825000001,613.9515825000001,0.0,0.3914,240.30064939050004,240.30064939050004
2025-08-22,233,20,1436.3634166666666,1436.3634166666666,0.0,0.4039,580.1471839916666,580.1471839916666
2025-08-22,233,21,1034.5390794868351,1034.5390794868351,0.0,0.4187,433.1615125811379,433.1615125811379
2025-08-22,233,22,1424.7110933333333,1424.7110933333333,0.0,0.456,649.66825856,649.66825856
2025-08-22,233,23,1425.8564999999999,1425.8564999999999,0.0,0.4718,672.7190966999999,672.7190966999999
2025-08-22,233,24,0.0,0.0,0.0,0.402,0.0,0.0
2025-08-22,233,25,0.0,0.0,0.0,0.3874,0.0,0.0
2025-08-22,233,26,578.6182500000001,578.6182500000001,0.0,0.427,247.06999275000004,247.06999275000004
2025-08-22,233,27,575.4024850000001,575.4024850000001,0.0,0.391,224.98237163500005,224.98237163500005
2025-08-22,233,28,587.77855,587.77855,0.0,0.3959,232.70152794499998,232.70152794499998
2025-08-22,233,29,1425.8615,1425.8615,0.0,0.4186,596.8656239000001,596.8656239000001
2025-08-22,233,30,1423.4579216666666,1423.4579216666666,0.0,0.3245,461.91209558083335,461.91209558083335
2025-08-22,233,31,578.3928766666667,578.3928766666667,0.0,0.3315,191.737238615,191.737238615
2025-08-22,233,32,555.7826458333333,555.7826458333333,0.0,0.3982,221.31264957083332,221.31264957083332
2025-08-22,233,33,1352.9250916666665,1352.9250916666665,0.0,0.301,407.2304525916666,407.2304525916666
2025-08-22,233,34,0.0,0.0,0.0,0.4576,0.0,0.0
2025-08-22,233,35,0.0,0.0,0.0,0.7675,0.0,0.0
2025-08-22,233,36,0.0,0.0,0.0,0.687,0.0,0.0
2025-08-22,233,37,0.0,0.0,0.0,0.6066,0.0,0.0
2025-08-22,233,38,0.0,0.0,0.0,0.6856,0.0,0.0
2025-08-22,233,39,0.0,0.0,0.0,0.6856,0.0,0.0
2025-08-22,233,40,0.0,0.0,0.0,0.6624,0.0,0.0
2025-08-22,233,41,0.0,0.0,0.0,0.641,0.0,0.0
2025-08-22,233,42,0.0,0.0,0.0,0.5746,0.0,0.0
2025-08-22,233,43,0.0,0.0,0.0,0.56,0.0,0.0
2025-08-22,233,44,0.0,0.0,0.0,0.564,0.0,0.0
2025-08-22,233,45,0.0,0.0,0.0,0.4865,0.0,0.0
2025-08-22,233,46,0.0,0.0,0.0,0.6046,0.0,0.0
2025-08-22,233,47,0.0,0.0,0.0,0.8509,0.0,0.0
2025-08-22,233,48,0.0,0.0,0.0,0.8493,0.0,0.0
2025-08-22,233,49,0.0,0.0,0.0,0.7465,0.0,0.0
2025-08-22,233,50,0.0,0.0,0.0,0.679,0.0,0.0
2025-08-22,233,51,0.0,0.0,0.0,0.6419,0.0,0.0
2025-08-22,233,52,0.0,0.0,0.0,0.6459,0.0,0.0
2025-08-22,233,53,0.0,0.0,0.0,0.676,0.0,0.0
2025-08-22,233,54,0.0,0.0,0.0,0.6911,0.0,0.0
2025-08-22,233,55,0.0,0.0,0.0,0.6705,0.0,0.0
2025-08-22,233,56,0.0,0.0,0.0,0.6328,0.0,0.0
2025-08-22,233,57,0.0,0.0,0.0,0.6318,0.0,0.0
2025-08-22,233,58,0.0,0.0,0.0,0.7202,0.0,0.0
2025-08-22,233,59,0.0,0.0,0.0,0.8357,0.0,0.0
2025-08-22,233,60,0.0,0.0,0.0,0.8493,0.0,0.0
2025-08-22,233,61,0.0,0.0,0.0,0.8232,0.0,0.0
2025-08-22,233,62,0.0,0.0,0.0,0.8408,0.0,0.0
2025-08-22,233,63,0.0,0.0,0.0,0.8799,0.0,0.0
2025-08-22,233,64,0.0,0.0,0.0,0.6271,0.0,0.0
2025-08-22,233,65,0.0,0.0,0.0,0.2285,0.0,0.0
2025-08-22,233,66,0.0,0.0,0.0,0.1842,0.0,0.0
2025-08-22,233,67,0.0,0.0,0.0,0.2891,0.0,0.0
2025-08-22,233,68,0.0,0.0,0.0,0.3085,0.0,0.0
2025-08-22,233,69,0.0,0.0,0.0,0.209,0.0,0.0
2025-08-22,233,70,0.0,0.0,0.0,0.1452,0.0,0.0
2025-08-22,233,71,0.0,0.0,0.0,0.1545,0.0,0.0
2025-08-22,233,72,0.0,0.0,0.0,0.1444,0.0,0.0
2025-08-22,233,73,0.0,0.0,0.0,0.1503,0.0,0.0
2025-08-22,233,74,0.0,0.0,0.0,0.1691,0.0,0.0
2025-08-22,233,75,0.0,0.0,0.0,0.1758,0.0,0.0
2025-08-22,233,76,0.0,0.0,0.0,0.335,0.0,0.0
2025-08-22,233,77,0.0,0.0,0.0,0.5713,0.0,0.0
2025-08-22,233,78,0.0,0.0,0.0,0.6189,0.0,0.0
2025-08-22,233,79,0.0,0.0,0.0,0.5975,0.0,0.0
2025-08-22,233,80,0.0,0.0,0.0,0.6095,0.0,0.0
2025-08-22,233,81,0.0,0.0,0.0,0.6488,0.0,0.0
2025-08-22,233,82,0.0,0.0,0.0,0.7369,0.0,0.0
2025-08-22,233,83,0.0,0.0,0.0,0.8481,0.0,0.0
2025-08-22,233,84,0.0,0.0,0.0,0.921,0.0,0.0
2025-08-22,233,85,0.0,0.0,0.0,0.9753,0.0,0.0
2025-08-22,233,86,0.0,0.0,0.0,1.0413,0.0,0.0
2025-08-22,233,87,0.0,0.0,0.0,1.0852,0.0,0.0
2025-08-22,233,88,0.0,0.0,0.0,0.8754,0.0,0.0
2025-08-22,233,89,0.0,0.0,0.0,0.5356,0.0,0.0
2025-08-22,233,90,0.0,0.0,0.0,0.4616,0.0,0.0
2025-08-22,233,91,0.0,0.0,0.0,0.5243,0.0,0.0
2025-08-22,233,92,5.500541666666891,5.500541666666891,0.0,0.5606,3.083603658333459,3.083603658333459
2025-08-22,233,93,68.02612250000027,68.02612250000027,0.0,0.5392,36.67968525200015,36.67968525200015
2025-08-22,233,94,108.61633916666688,108.61633916666688,0.0,0.5452,59.217628113666784,59.217628113666784
2025-08-22,233,95,142.5242083333336,142.5242083333336,0.0,0.5839,83.21988524583348,83.21988524583348
2025-08-22,233,96,213.97056500000008,213.97056500000008,0.0,0.5899,126.22123629350004,126.22123629350004
2025-08-22,233,97,290.82050000000004,290.82050000000004,0.0,0.6421,186.73584305000003,186.73584305000003
2025-08-22,233,98,344.72375,344.72375,0.0,0.7208,248.476879,248.476879
2025-08-22,233,99,389.4038750000001,389.4038750000001,0.0,0.7156,278.6574129500001,278.6574129500001
2025-08-22,233,100,421.1413825000001,421.1413825000001,0.0,0.6927,291.72463565775007,291.72463565775007
2025-08-22,233,101,436.77920833333326,436.77920833333326,0.0,0.6958,303.91097315833326,303.91097315833326
2025-08-22,233,102,463.4354966666667,463.4354966666667,0.0,0.7096,328.8538284346667,328.8538284346667
2025-08-22,233,103,514.3144925,514.3144925,0.0,0.7516,386.55877256300005,386.55877256300005
2025-08-22,233,104,594.4503333333334,594.4503333333334,0.0,0.7871,467.8918573666668,467.8918573666668
2025-08-22,233,105,689.9677316666669,689.9677316666669,0.0,0.7805,538.5198145658335,538.5198145658335
2025-08-22,233,106,704.6355825,704.6355825,0.0,0.9268,653.0562578610001,653.0562578610001
2025-08-22,233,107,665.7703541666667,665.7703541666667,0.0,1.1661,776.35480999375,776.35480999375
2025-08-22,233,108,700.7718116666667,700.7718116666667,0.0,1.2283,860.7580162701668,860.7580162701668
2025-08-22,233,109,741.9910716666668,741.9910716666668,0.0,1.2457,924.2982779751669,924.2982779751669
2025-08-22,233,110,759.1289166666667,759.1289166666667,0.0,1.2604,956.8060865666666,956.8060865666666
2025-08-22,233,111,792.8541250000001,792.8541250000001,0.0,1.2015,952.6142311875001,952.6142311875001
2025-08-22,233,112,789.8901733333335,789.8901733333335,0.0,1.3045,1030.4117311133334,1030.4117311133334
2025-08-22,233,113,0.0,0.0,0.0,1.5117,0.0,0.0
2025-08-22,233,114,0.0,0.0,0.0,1.5126,0.0,0.0
2025-08-22,233,115,0.0,0.0,0.0,1.4629,0.0,0.0
2025-08-22,233,116,0.0,0.0,0.0,1.4534,0.0,0.0
2025-08-22,233,117,0.0,0.0,0.0,1.4242,0.0,0.0
2025-08-22,233,118,0.0,0.0,0.0,1.4494,0.0,0.0
2025-08-22,233,119,0.0,0.0,0.0,1.4887,0.0,0.0
2025-08-22,233,120,0.0,0.0,0.0,1.4228,0.0,0.0
2025-08-22,233,121,0.0,0.0,0.0,1.4107,0.0,0.0
2025-08-22,233,122,0.0,0.0,0.0,1.5088,0.0,0.0
2025-08-22,233,123,0.0,0.0,0.0,1.5612,0.0,0.0
2025-08-22,233,124,437.64092788173576,437.64092788173576,0.0,1.2821,561.0994336371734,561.0994336371734
2025-08-22,233,125,872.4596768518521,872.4596768518521,0.0,0.8769,765.0598906313892,765.0598906313892
2025-08-22,233,126,1630.1097208333335,1630.1097208333335,0.0,0.8638,1408.0887768558334,1408.0887768558334
2025-08-22,233,127,798.2936050000002,798.2936050000002,0.0,0.9431,752.8706988755002,752.8706988755002
2025-08-22,233,128,799.2870833333334,799.2870833333334,0.0,0.9518,760.7614459166667,760.7614459166667
2025-08-22,233,129,0.0,0.0,0.0,0.9816,0.0,0.0
2025-08-22,233,130,765.7588533333334,765.7588533333334,0.0,0.7764,594.535173728,594.535173728
2025-08-22,233,131,1491.41375,1491.41375,0.0,0.4442,662.4859877499999,662.4859877499999
2025-08-22,233,132,1498.5461733333334,1498.5461733333334,0.0,0.3934,589.5280645893334,589.5280645893334
2025-08-22,233,133,735.6948746027399,735.6948746027399,0.0,0.4219,310.38966759489597,310.38966759489597
2025-08-22,233,134,1478.9719166666666,1478.9719166666666,0.0,0.4084,604.0121307666666,604.0121307666666
2025-08-22,233,135,1476.8048450000001,1476.8048450000001,0.0,0.4352,642.705468544,642.705468544
2025-08-22,233,136,1488.7622641666667,1488.7622641666667,0.0,0.4502,670.2407713278333,670.2407713278333
2025-08-22,233,137,1499.0471666666667,1499.0471666666667,0.0,0.4308,645.7895194,645.7895194
2025-08-22,233,138,673.0667266666667,673.0667266666667,0.0,0.4133,278.17847813133335,278.17847813133335
2025-08-22,233,139,662.9793291666668,662.9793291666668,0.0,0.4079,270.4292683670834,270.4292683670834
2025-08-22,233,140,645.29175,645.29175,0.0,0.4115,265.537555125,265.537555125
2025-08-22,233,141,660.8594208333334,660.8594208333334,0.0,0.419,276.90009732916667,276.90009732916667
2025-08-22,233,142,658.0616441666667,658.0616441666667,0.0,0.4404,289.81034809100004,289.81034809100004
2025-08-22,233,143,670.0125833333333,670.0125833333333,0.0,0.4507,301.9746713083333,301.9746713083333
2025-08-23,234,0,0.0,0.0,0.0,0.4166,0.0,0.0
2025-08-23,234,1,0.0,0.0,0.0,0.4218,0.0,0.0
2025-08-23,234,2,606.16175,606.16175,0.0,0.4625,280.349809375,280.349809375
2025-08-23,234,3,589.7417908333333,589.7417908333333,0.0,0.4516,266.3273927403333,266.3273927403333
2025-08-23,234,4,564.0450616666667,564.0450616666667,0.0,0.4348,245.24679281266668,245.24679281266668
2025-08-23,234,5,0.0,0.0,0.0,0.4471,0.0,0.0
2025-08-23,234,6,0.0,0.0,0.0,0.4671,0.0,0.0
2025-08-23,234,7,0.0,0.0,0.0,0.4287,0.0,0.0
2025-08-23,234,8,1407.5045,1407.5045,0.0,0.372,523.591674,523.591674
2025-08-23,234,9,1417.6266941666665,1417.6266941666665,0.0,0.4047,573.71352312925,573.71352312925
2025-08-23,234,10,1418.6394899315978,1418.6394899315978,0.0,0.4406,625.052559263862,625.052559263862
2025-08-23,234,11,570.1661666666666,570.1661666666666,0.0,0.4364,248.82051513333332,248.82051513333332
2025-08-23,234,12,0.0,0.0,0.0,0.4341,0.0,0.0
2025-08-23,234,13,0.0,0.0,0.0,0.4434,0.0,0.0
2025-08-23,234,14,0.0,0.0,0.0,0.4493,0.0,0.0
2025-08-23,234,15,582.2847358333333,582.2847358333333,0.0,0.4287,249.62546625175003,249.62546625175003
2025-08-23,234,16,0.0,0.0,0.0,0.3939,0.0,0.0
2025-08-23,234,17,0.0,0.0,0.0,0.3696,0.0,0.0
2025-08-23,234,18,541.1937404190953,541.1937404190953,0.0,0.3726,201.6487876801549,201.6487876801549
2025-08-23,234,19,563.30515,563.30515,0.0,0.3766,212.14071949,212.14071949
2025-08-23,234,20,529.8029166666668,529.8029166666668,0.0,0.3783,200.42444337500004,200.42444337500004
2025-08-23,234,21,530.6155275000001,530.6155275000001,0.0,0.3925,208.26659454375005,208.26659454375005
2025-08-23,234,22,563.9091866666668,563.9091866666668,0.0,0.376,212.0298541866667,212.0298541866667
2025-08-23,234,23,577.70825,577.70825,0.0,0.3436,198.5005547,198.5005547
2025-08-23,234,24,1364.368865,1364.368865,0.0,0.3627,494.8565873355,494.8565873355
2025-08-23,234,25,1345.4470708333333,1345.4470708333333,0.0,0.4126,555.1314614258333,555.1314614258333
2025-08-23,234,26,536.14625,536.14625,0.0,0.4201,225.23503962499998,225.23503962499998
2025-08-23,234,27,0.0,0.0,0.0,0.3401,0.0,0.0
2025-08-23,234,28,0.0,0.0,0.0,0.3492,0.0,0.0
2025-08-23,234,29,1362.4531666666667,1362.4531666666667,0.0,0.421,573.5927831666667,573.5927831666667
2025-08-23,234,30,497.5641958333333,497.5641958333333,0.0,0.3591,178.67530272374998,178.67530272374998
2025-08-23,234,31,0.0,0.0,0.0,0.3131,0.0,0.0
2025-08-23,234,32,509.6266041666667,509.6266041666667,0.0,0.3264,166.34212360000004,166.34212360000004
2025-08-23,234,33,1303.0310375,1303.0310375,0.0,0.3157,411.3668985387499,411.3668985387499
2025-08-23,234,34,0.0,0.0,0.0,0.4581,0.0,0.0
2025-08-23,234,35,0.0,0.0,0.0,0.6938,0.0,0.0
2025-08-23,234,36,0.0,0.0,0.0,0.7527,0.0,0.0
2025-08-23,234,37,0.0,0.0,0.0,0.7342,0.0,0.0
2025-08-23,234,38,0.0,0.0,0.0,0.7111,0.0,0.0
2025-08-23,234,39,0.0,0.0,0.0,0.6561,0.0,0.0
2025-08-23,234,40,0.0,0.0,0.0,0.6282,0.0,0.0
2025-08-23,234,41,0.0,0.0,0.0,0.6301,0.0,0.0
2025-08-23,234,42,0.0,0.0,0.0,0.6067,0.0,0.0
2025-08-23,234,43,0.0,0.0,0.0,0.5824,0.0,0.0
2025-08-23,234,44,0.0,0.0,0.0,0.5367,0.0,0.0
2025-08-23,234,45,0.0,0.0,0.0,0.4544,0.0,0.0
2025-08-23,234,46,0.0,0.0,0.0,0.5876,0.0,0.0
2025-08-23,234,47,0.0,0.0,0.0,0.8397,0.0,0.0
2025-08-23,234,48,0.0,0.0,0.0,0.8346,0.0,0.0
2025-08-23,234,49,0.0,0.0,0.0,0.7343,0.0,0.0
2025-08-23,234,50,0.0,0.0,0.0,0.6847,0.0,0.0
2025-08-23,234,51,0.0,0.0,0.0,0.6823,0.0,0.0
2025-08-23,234,52,0.0,0.0,0.0,0.7436,0.0,0.0
2025-08-23,234,53,0.0,0.0,0.0,0.8079,0.0,0.0
2025-08-23,234,54,0.0,0.0,0.0,0.7823,0.0,0.0
2025-08-23,234,55,0.0,0.0,0.0,0.7708,0.0,0.0
2025-08-23,234,56,0.0,0.0,0.0,0.7791,0.0,0.0
2025-08-23,234,57,0.0,0.0,0.0,0.7295,0.0,0.0
2025-08-23,234,58,0.0,0.0,0.0,0.793,0.0,0.0
2025-08-23,234,59,0.0,0.0,0.0,0.9252,0.0,0.0
2025-08-23,234,60,0.0,0.0,0.0,0.9,0.0,0.0
2025-08-23,234,61,0.0,0.0,0.0,0.8721,0.0,0.0
2025-08-23,234,62,0.0,0.0,0.0,0.9201,0.0,0.0
2025-08-23,234,63,0.0,0.0,0.0,0.9176,0.0,0.0
2025-08-23,234,64,0.0,0.0,0.0,0.6343,0.0,0.0
2025-08-23,234,65,0.0,0.0,0.0,0.2539,0.0,0.0
2025-08-23,234,66,0.0,0.0,0.0,0.2182,0.0,0.0
2025-08-23,234,67,0.0,0.0,0.0,0.2613,0.0,0.0
2025-08-23,234,68,0.0,0.0,0.0,0.2128,0.0,0.0
2025-08-23,234,69,0.0,0.0,0.0,0.1668,0.0,0.0
2025-08-23,234,70,0.0,0.0,0.0,0.1639,0.0,0.0
2025-08-23,234,71,0.0,0.0,0.0,0.2136,0.0,0.0
2025-08-23,234,72,0.0,0.0,0.0,0.2861,0.0,0.0
2025-08-23,234,73,0.0,0.0,0.0,0.2623,0.0,0.0
2025-08-23,234,74,0.0,0.0,0.0,0.1593,0.0,0.0
2025-08-23,234,75,0.0,0.0,0.0,0.1405,0.0,0.0
2025-08-23,234,76,0.0,0.0,0.0,0.3095,0.0,0.0
2025-08-23,234,77,0.0,0.0,0.0,0.5306,0.0,0.0
2025-08-23,234,78,0.0,0.0,0.0,0.562,0.0,0.0
2025-08-23,234,79,0.0,0.0,0.0,0.6134,0.0,0.0
2025-08-23,234,80,0.0,0.0,0.0,0.7059,0.0,0.0
2025-08-23,234,81,0.0,0.0,0.0,0.6673,0.0,0.0
2025-08-23,234,82,0.0,0.0,0.0,0.7512,0.0,0.0
2025-08-23,234,83,0.0,0.0,0.0,0.9378,0.0,0.0
2025-08-23,234,84,0.0,0.0,0.0,0.9313,0.0,0.0
2025-08-23,234,85,0.0,0.0,0.0,0.8594,0.0,0.0
2025-08-23,234,86,0.0,0.0,0.0,0.88,0.0,0.0
2025-08-23,234,87,0.0,0.0,0.0,0.9756,0.0,0.0
2025-08-23,234,88,0.0,0.0,0.0,0.7711,0.0,0.0
2025-08-23,234,89,0.0,0.0,0.0,0.3854,0.0,0.0
2025-08-23,234,90,0.0,0.0,0.0,0.337,0.0,0.0
2025-08-23,234,91,0.0,0.0,0.0,0.4246,0.0,0.0
2025-08-23,234,92,0.0,0.0,0.0,0.47,0.0,0.0
2025-08-23,234,93,0.0,0.0,0.0,0.5046,0.0,0.0
2025-08-23,234,94,0.0,0.0,0.0,0.5608,0.0,0.0
2025-08-23,234,95,22.590500000000134,22.590500000000134,0.0,0.6201,14.008369050000082,14.008369050000082
2025-08-23,234,96,81.04378750000001,81.04378750000001,0.0,0.6374,51.6573101525,51.6573101525
2025-08-23,234,97,133.4420466666669,133.4420466666669,0.0,0.6556,87.48460579466682,87.48460579466682
2025-08-23,234,98,186.35443750000013,186.35443750000013,0.0,0.6758,125.93832886250009,125.93832886250009
2025-08-23,234,99,276.7111450000001,276.7111450000001,0.0,0.662,183.18277799000006,183.18277799000006
2025-08-23,234,100,288.06309166666665,288.06309166666665,0.0,0.6824,196.57425375333332,196.57425375333332
2025-08-23,234,101,244.12756250000018,244.12756250000018,0.0,0.7264,177.33426140000014,177.33426140000014
2025-08-23,234,102,303.3573500000001,303.3573500000001,0.0,0.72,218.41729200000006,218.41729200000006
2025-08-23,234,103,378.89023083333336,378.89023083333336,0.0,0.754,285.68323404833336,285.68323404833336
2025-08-23,234,104,421.59602083333334,421.59602083333334,0.0,0.8009,337.65625308541667,337.65625308541667
2025-08-23,234,105,471.40818083333335,471.40818083333335,0.0,0.7673,361.71149715341664,361.71149715341664
2025-08-23,234,106,521.1764416666666,521.1764416666666,0.0,0.9182,478.5442087383333,478.5442087383333
2025-08-23,234,107,564.1959166666668,564.1959166666668,0.0,1.1833,667.6130281916668,667.6130281916668
2025-08-23,234,108,612.3472941666668,612.3472941666668,0.0,1.2076,739.4705924356667,739.4705924356667
2025-08-23,234,109,660.5372908333334,660.5372908333334,0.0,1.1958,789.8704923785,789.8704923785
2025-08-23,234,110,692.3734375000001,692.3734375000001,0.0,1.2373,856.6736542187502,856.6736542187502
2025-08-23,234,111,708.2049941666668,708.2049941666668,0.0,1.2277,869.4632713384168,869.4632713384168
2025-08-23,234,112,0.0,0.0,0.0,1.3127,0.0,0.0
2025-08-23,234,113,0.0,0.0,0.0,1.4731,0.0,0.0
2025-08-23,234,114,0.0,0.0,0.0,1.5209,0.0,0.0
2025-08-23,234,115,0.0,0.0,0.0,1.5108,0.0,0.0
2025-08-23,234,116,0.0,0.0,0.0,1.4969,0.0,0.0
2025-08-23,234,117,0.0,0.0,0.0,1.4742,0.0,0.0
2025-08-23,234,118,0.0,0.0,0.0,1.4579,0.0,0.0
2025-08-23,234,119,0.0,0.0,0.0,1.465,0.0,0.0
2025-08-23,234,120,0.0,0.0,0.0,1.4923,0.0,0.0
2025-08-23,234,121,0.0,0.0,0.0,1.4761,0.0,0.0
2025-08-23,234,122,0.0,0.0,0.0,1.4589,0.0,0.0
2025-08-23,234,123,0.0,0.0,0.0,1.5064,0.0,0.0
2025-08-23,234,124,84.49484204840189,84.49484204840189,0.0,1.3108,110.7558389570452,110.7558389570452
2025-08-23,234,125,709.8716666666668,709.8716666666668,0.0,0.9683,687.3687348333335,687.3687348333335
2025-08-23,234,126,731.7254783333335,731.7254783333335,0.0,0.9087,664.9189421615001,664.9189421615001
2025-08-23,234,127,724.7927450000001,724.7927450000001,0.0,0.915,663.1853616750001,663.1853616750001
2025-08-23,234,128,707.7631666666666,707.7631666666666,0.0,0.8956,633.8726920666666,633.8726920666666
2025-08-23,234,129,710.2454933333333,710.2454933333333,0.0,0.9455,671.5371139466666,671.5371139466666
2025-08-23,234,130,663.1771275,663.1771275,0.0,0.759,503.3514397725,503.3514397725
2025-08-23,234,131,1428.5976666666666,1428.5976666666666,0.0,0.4254,607.7254474,607.7254474
2025-08-23,234,132,1457.8773824999998,1457.8773824999998,0.0,0.3753,547.14138165225,547.14138165225
2025-08-23,234,133,0.0,0.0,0.0,0.4229,0.0,0.0
2025-08-23,234,134,643.4470833333334,643.4470833333334,0.0,0.4267,274.55887045833333,274.55887045833333
2025-08-23,234,135,1438.7918491666665,1438.7918491666665,0.0,0.4354,626.4499711271666,626.4499711271666
2025-08-23,234,136,1422.2021049999998,1422.2021049999998,0.0,0.439,624.3467240949999,624.3467240949999
2025-08-23,234,137,1204.623185899036,1204.623185899036,0.0,0.417,502.32786851989795,502.32786851989795
2025-08-23,234,138,1426.3453941666667,1426.3453941666667,0.0,0.3752,535.1647918913333,535.1647918913333
2025-08-23,234,139,1429.1712283333331,1429.1712283333331,0.0,0.3933,562.0930441034999,562.0930441034999
2025-08-23,234,140,0.0,0.0,0.0,0.4259,0.0,0.0
2025-08-23,234,141,1407.3236466666667,1407.3236466666667,0.0,0.3644,512.8287368453333,512.8287368453333
2025-08-23,234,142,1442.0273166666666,1442.0273166666666,0.0,0.4093,590.2217807116666,590.2217807116666
2025-08-23,234,143,0.0,0.0,0.0,0.5327,0.0,0.0
2025-08-24,235,0,0.0,0.0,0.0,0.5019,0.0,0.0
2025-08-24,235,1,680.4743058333335,680.4743058333335,0.0,0.4822,328.1247102728334,328.1247102728334
2025-08-24,235,2,691.8793333333333,691.8793333333333,0.0,0.5337,369.25600019999996,369.25600019999996
2025-08-24,235,3,0.0,0.0,0.0,0.5417,0.0,0.0
2025-08-24,235,4,0.0,0.0,0.0,0.5221,0.0,0.0
2025-08-24,235,5,666.1726666666666,666.1726666666666,0.0,0.5204,346.6762557333333,346.6762557333333
2025-08-24,235,6,1489.0064591666667,1489.0064591666667,0.0,0.5516,821.3359628763333,821.3359628763333
2025-08-24,235,7,1488.2297525,1488.2297525,0.0,0.5376,800.0723149439999,800.0723149439999
2025-08-24,235,8,0.0,0.0,0.0,0.4962,0.0,0.0
2025-08-24,235,9,0.0,0.0,0.0,0.5193,0.0,0.0
2025-08-24,235,10,646.7954408333334,646.7954408333334,0.0,0.5219,337.5625405709167,337.5625405709167
2025-08-24,235,11,1470.4108333333334,1470.4108333333334,0.0,0.4986,733.1468415,733.1468415
2025-08-24,235,12,649.4125616666668,649.4125616666668,0.0,0.5298,344.0587751710001,344.0587751710001
2025-08-24,235,13,0.0,0.0,0.0,0.5454,0.0,0.0
2025-08-24,235,14,0.0,0.0,0.0,0.5215,0.0,0.0
2025-08-24,235,15,0.0,0.0,0.0,0.5061,0.0,0.0
2025-08-24,235,16,641.7810083333334,641.7810083333334,0.0,0.4951,317.74577722583336,317.74577722583336
2025-08-24,235,17,636.9906666666667,636.9906666666667,0.0,0.4939,314.6096902666667,314.6096902666667
2025-08-24,235,18,0.008414752433990324,0.008414752433990324,0.0,0.5178,0.00435715881032019,0.00435715881032019
2025-08-24,235,19,0.0,0.0,0.0,0.532,0.0,0.0
2025-08-24,235,20,612.1878333333334,612.1878333333334,0.0,0.5229,320.11301805000005,320.11301805000005
2025-08-24,235,21,639.1048733333334,639.1048733333334,0.0,0.5083,324.8570071153334,324.8570071153334
2025-08-24,235,22,1475.0984325,1475.0984325,0.0,0.4971,733.27143079575,733.27143079575
2025-08-24,235,23,1434.55375,1434.55375,0.0,0.4856,696.619301,696.619301
2025-08-24,235,24,1439.0919125,1439.0919125,0.0,0.4659,670.47292203375,670.47292203375
2025-08-24,235,25,622.4183558333334,622.4183558333334,0.0,0.4506,280.46171113850005,280.46171113850005
2025-08-24,235,26,1453.16825,1453.16825,0.0,0.446,648.1130395,648.1130395
2025-08-24,235,27,815.9097884501123,815.9097884501123,0.0,0.4488,366.18031305641034,366.18031305641034
2025-08-24,235,28,624.1885958333334,624.1885958333334,0.0,0.4627,288.81206329208334,288.81206329208334
2025-08-24,235,29,632.5940000000002,632.5940000000002,0.0,0.4704,297.57221760000004,297.57221760000004
2025-08-24,235,30,620.3060650000001,620.3060650000001,0.0,0.4546,281.99113714900005,281.99113714900005
2025-08-24,235,31,601.0470258333334,601.0470258333334,0.0,0.4839,290.84665580075,290.84665580075
2025-08-24,235,32,1413.2862916666668,1413.2862916666668,0.0,0.4991,705.3711881708334,705.3711881708334
2025-08-24,235,33,1387.0213775,1387.0213775,0.0,0.4114,570.6205947034999,570.6205947034999
2025-08-24,235,34,0.0,0.0,0.0,0.5844,0.0,0.0
2025-08-24,235,35,0.0,0.0,0.0,0.9417,0.0,0.0
2025-08-24,235,36,0.0,0.0,0.0,1.0076,0.0,0.0
2025-08-24,235,37,0.0,0.0,0.0,0.9247,0.0,0.0
2025-08-24,235,38,0.0,0.0,0.0,0.8637,0.0,0.0
2025-08-24,235,39,0.0,0.0,0.0,0.847,0.0,0.0
2025-08-24,235,40,0.0,0.0,0.0,0.8345,0.0,0.0
2025-08-24,235,41,0.0,0.0,0.0,0.8129,0.0,0.0
2025-08-24,235,42,0.0,0.0,0.0,0.7999,0.0,0.0
2025-08-24,235,43,0.0,0.0,0.0,0.777,0.0,0.0
2025-08-24,235,44,0.0,0.0,0.0,0.7147,0.0,0.0
2025-08-24,235,45,0.0,0.0,0.0,0.647,0.0,0.0
2025-08-24,235,46,0.0,0.0,0.0,0.8434,0.0,0.0
2025-08-24,235,47,0.0,0.0,0.0,1.1519,0.0,0.0
2025-08-24,235,48,0.0,0.0,0.0,1.131,0.0,0.0
2025-08-24,235,49,0.0,0.0,0.0,1.0825,0.0,0.0
2025-08-24,235,50,0.0,0.0,0.0,1.1141,0.0,0.0
2025-08-24,235,51,0.0,0.0,0.0,1.038,0.0,0.0
2025-08-24,235,52,0.0,0.0,0.0,1.0128,0.0,0.0
2025-08-24,235,53,0.0,0.0,0.0,1.0542,0.0,0.0
2025-08-24,235,54,0.0,0.0,0.0,1.0114,0.0,0.0
2025-08-24,235,55,0.0,0.0,0.0,0.9941,0.0,0.0
2025-08-24,235,56,0.0,0.0,0.0,0.9827,0.0,0.0
2025-08-24,235,57,0.0,0.0,0.0,0.8619,0.0,0.0
2025-08-24,235,58,0.0,0.0,0.0,0.9037,0.0,0.0
2025-08-24,235,59,0.0,0.0,0.0,1.0895,0.0,0.0
2025-08-24,235,60,0.0,0.0,0.0,1.1047,0.0,0.0
2025-08-24,235,61,0.0,0.0,0.0,1.0116,0.0,0.0
2025-08-24,235,62,0.0,0.0,0.0,0.9871,0.0,0.0
2025-08-24,235,63,0.0,0.0,0.0,1.0878,0.0,0.0
2025-08-24,235,64,0.0,0.0,0.0,0.8534,0.0,0.0
2025-08-24,235,65,0.0,0.0,0.0,0.433,0.0,0.0
2025-08-24,235,66,0.0,0.0,0.0,0.4528,0.0,0.0
2025-08-24,235,67,0.0,0.0,0.0,0.5159,0.0,0.0
2025-08-24,235,68,0.0,0.0,0.0,0.4196,0.0,0.0
2025-08-24,235,69,0.0,0.0,0.0,0.3676,0.0,0.0
2025-08-24,235,70,0.0,0.0,0.0,0.3589,0.0,0.0
2025-08-24,235,71,0.0,0.0,0.0,0.3637,0.0,0.0
2025-08-24,235,72,0.0,0.0,0.0,0.3747,0.0,0.0
2025-08-24,235,73,0.0,0.0,0.0,0.3661,0.0,0.0
2025-08-24,235,74,0.0,0.0,0.0,0.3394,0.0,0.0
2025-08-24,235,75,0.0,0.0,0.0,0.3496,0.0,0.0
2025-08-24,235,76,0.0,0.0,0.0,0.5289,0.0,0.0
2025-08-24,235,77,0.0,0.0,0.0,0.7663,0.0,0.0
2025-08-24,235,78,0.0,0.0,0.0,0.8003,0.0,0.0
2025-08-24,235,79,0.0,0.0,0.0,0.8042,0.0,0.0
2025-08-24,235,80,0.0,0.0,0.0,0.8394,0.0,0.0
2025-08-24,235,81,0.0,0.0,0.0,0.8141,0.0,0.0
2025-08-24,235,82,0.0,0.0,0.0,0.9045,0.0,0.0
2025-08-24,235,83,0.0,0.0,0.0,1.1006,0.0,0.0
2025-08-24,235,84,0.0,0.0,0.0,1.1919,0.0,0.0
2025-08-24,235,85,0.0,0.0,0.0,1.1921,0.0,0.0
2025-08-24,235,86,0.0,0.0,0.0,1.2095,0.0,0.0
2025-08-24,235,87,0.0,0.0,0.0,1.2856,0.0,0.0
2025-08-24,235,88,0.0,0.0,0.0,1.0798,0.0,0.0
2025-08-24,235,89,0.0,0.0,0.0,0.7286,0.0,0.0
2025-08-24,235,90,0.0,0.0,0.0,0.7406,0.0,0.0
2025-08-24,235,91,9.729613333333418,9.729613333333418,0.0,0.8341,8.115470481333404,8.115470481333404
2025-08-24,235,92,66.78189583333346,66.78189583333346,0.0,0.8193,54.71440725625011,54.71440725625011
2025-08-24,235,93,151.43508750000012,151.43508750000012,0.0,0.7901,119.6488626337501,119.6488626337501
2025-08-24,235,94,208.962315,208.962315,0.0,0.7856,164.16079466399998,164.16079466399998
2025-08-24,235,95,252.94493750000026,252.94493750000026,0.0,0.8056,203.77244165000022,203.77244165000022
2025-08-24,235,96,337.11436500000025,337.11436500000025,0.0,0.8381,282.5355493065002,282.5355493065002
2025-08-24,235,97,394.1483475,394.1483475,0.0,0.9124,359.620952259,359.620952259
2025-08-24,235,98,425.42972916666713,425.42972916666713,0.0,0.9927,422.3240921437505,422.3240921437505
2025-08-24,235,99,507.42601833333333,507.42601833333333,0.0,0.9978,506.309681093,506.309681093
2025-08-24,235,100,547.2336383333336,547.2336383333336,0.0,0.9692,530.3788422726669,530.3788422726669
2025-08-24,235,101,543.3394583333334,543.3394583333334,0.0,0.9827,533.9396857041667,533.9396857041667
2025-08-24,235,102,617.4654858333333,617.4654858333333,0.0,1.0748,663.6519041736667,663.6519041736667
2025-08-24,235,103,685.7176741666667,685.7176741666667,0.0,1.1211,768.75808450825,768.75808450825
2025-08-24,235,104,733.4008125,733.4008125,0.0,1.1054,810.7012581375,810.7012581375
2025-08-24,235,105,818.921855,818.921855,0.0,1.1367,930.8684725785001,930.8684725785001
2025-08-24,235,106,792.4563583333334,792.4563583333334,0.0,1.227,972.3439516750001,972.3439516750001
2025-08-24,235,107,692.1125416666669,692.1125416666669,0.0,1.3299,920.4404691625003,920.4404691625003
2025-08-24,235,108,721.613565,721.613565,0.0,1.3855,999.7955943075,999.7955943075
2025-08-24,235,109,799.1048375,799.1048375,0.0,1.4101,1126.81773135875,1126.81773135875
2025-08-24,235,110,843.2203333333335,843.2203333333335,0.0,1.4148,1192.9881276000003,1192.9881276000003
2025-08-24,235,111,860.9097350000001,860.9097350000001,0.0,1.4146,1217.8429111310002,1217.8429111310002
2025-08-24,235,112,853.0065466666666,853.0065466666666,0.0,1.5243,1300.2378790839998,1300.2378790839998
2025-08-24,235,113,4.961500000000115,4.961500000000115,0.0,1.6692,8.281735800000192,8.281735800000192
2025-08-24,235,114,16.059400833333328,16.059400833333328,0.0,1.6465,26.441803472083325,26.441803472083325
2025-08-24,235,115,36.51022916666677,36.51022916666677,0.0,1.5974,58.321440070833496,58.321440070833496
2025-08-24,235,116,47.8040000000002,47.8040000000002,0.0,1.6101,76.96922040000032,76.96922040000032
2025-08-24,235,117,48.27343166666684,48.27343166666684,0.0,1.6379,79.0670537268336,79.0670537268336
2025-08-24,235,118,73.62722204840009,73.62722204840009,0.0,1.66,122.22118860034414,122.22118860034414
2025-08-24,235,119,0.0,0.0,0.0,1.6632,0.0,0.0
2025-08-24,235,120,0.0,0.0,0.0,1.6411,0.0,0.0
2025-08-24,235,121,26.867518333333482,26.867518333333482,0.0,1.6173,43.452837400500236,43.452837400500236
2025-08-24,235,122,38.818666666666786,38.818666666666786,0.0,1.644,63.817888000000195,63.817888000000195
2025-08-24,235,123,24.571385833333437,24.571385833333437,0.0,1.7075,41.955641310416844,41.955641310416844
2025-08-24,235,124,842.7561308333335,842.7561308333335,0.0,1.4732,1241.5483319436669,1241.5483319436669
2025-08-24,235,125,835.9648333333336,835.9648333333336,0.0,1.0766,899.9997395666669,899.9997395666669
2025-08-24,235,126,839.7275200000001,839.7275200000001,0.0,1.0191,855.7663156320001,855.7663156320001
2025-08-24,235,127,846.5345966666669,846.5345966666669,0.0,1.0769,911.6331071503336,911.6331071503336
2025-08-24,235,128,867.3936666666667,867.3936666666667,0.0,1.1191,970.7002523666667,970.7002523666667
2025-08-24,235,129,895.9734275000001,895.9734275000001,0.0,1.19,1066.208378725,1066.208378725
2025-08-24,235,130,823.7123741666667,823.7123741666667,0.0,0.9405,774.70148790375,774.70148790375
2025-08-24,235,131,692.1175833333334,692.1175833333334,0.0,0.5187,359.00139047500005,359.00139047500005
2025-08-24,235,132,1507.7434558333334,1507.7434558333334,0.0,0.4702,708.9409729328333,708.9409729328333
2025-08-24,235,133,1524.6632966666666,1524.6632966666666,0.0,0.5465,833.2284916283332,833.2284916283332
2025-08-24,235,134,1522.2327500000001,1522.2327500000001,0.0,0.5341,813.0245117750001,813.0245117750001
2025-08-24,235,135,1521.6289816666667,1521.6289816666667,0.0,0.4775,726.5778387458333,726.5778387458333
2025-08-24,235,136,711.4555975,711.4555975,0.0,0.4874,346.7634582215,346.7634582215
2025-08-24,235,137,723.2664166666667,723.2664166666667,0.0,0.5476,396.06068976666666,396.06068976666666
2025-08-24,235,138,1512.2952516666667,1512.2952516666667,0.0,0.5438,822.3861578563333,822.3861578563333
2025-08-24,235,139,1492.4220108333334,1492.4220108333334,0.0,0.5278,787.7003373178335,787.7003373178335
2025-08-24,235,140,685.3033333333334,685.3033333333334,0.0,0.5401,370.13233033333336,370.13233033333336
2025-08-24,235,141,758.171801269407,758.171801269407,0.0,0.5625,426.47163821404143,426.47163821404143
2025-08-24,235,142,726.3136675000001,726.3136675000001,0.0,0.5629,408.84196343575,408.84196343575
2025-08-24,235,143,766.2841666666667,766.2841666666667,0.0,0.5519,422.9122315833333,422.9122315833333
2025-08-25,236,0,770.7738250000001,770.7738250000001,0.0,0.5615,432.7895027375001,432.7895027375001
2025-08-25,236,1,748.3639183333333,748.3639183333333,0.0,0.5351,400.4495327001667,400.4495327001667
2025-08-25,236,2,718.705,718.705,0.0,0.5052,363.089766,363.089766
2025-08-25,236,3,717.9076075,717.9076075,0.0,0.5581,400.66423574575003,400.66423574575003
2025-08-25,236,4,732.6027050000001,732.6027050000001,0.0,0.5544,406.15493965200005,406.15493965200005
2025-08-25,236,5,0.0,0.0,0.0,0.4924,0.0,0.0
2025-08-25,236,6,717.6578941666668,717.6578941666668,0.0,0.5101,366.0772918144167,366.0772918144167
2025-08-25,236,7,706.4189066666668,706.4189066666668,0.0,0.5304,374.684588096,374.684588096
2025-08-25,236,8,0.0070005306611165,0.0070005306611165,0.0,0.5122,0.003585671804623871,0.003585671804623871
2025-08-25,236,9,0.0,0.0,0.0,0.4978,0.0,0.0
2025-08-25,236,10,0.0,0.0,0.0,0.4933,0.0,0.0
2025-08-25,236,11,698.2584166666668,698.2584166666668,0.0,0.4933,344.45087694166676,344.45087694166676
2025-08-25,236,12,725.3279299999999,725.3279299999999,0.0,0.4986,361.64850589799994,361.64850589799994
2025-08-25,236,13,734.9897550000001,734.9897550000001,0.0,0.5382,395.57148614100004,395.57148614100004
2025-08-25,236,14,709.6058333333334,709.6058333333334,0.0,0.5674,402.6303498333334,402.6303498333334
2025-08-25,236,15,690.746085,690.746085,0.0,0.5117,353.45477169450004,353.45477169450004
2025-08-25,236,16,688.5979183333334,688.5979183333334,0.0,0.4936,339.8919324893333,339.8919324893333
2025-08-25,236,17,1315.230431933966,1315.230431933966,0.0,0.5229,687.7339928582709,687.7339928582709
2025-08-25,236,18,695.6056283333334,695.6056283333334,0.0,0.4941,343.6987409595,343.6987409595
2025-08-25,236,19,701.00653,701.00653,0.0,0.4867,341.179878151,341.179878151
2025-08-25,236,20,699.947,699.947,0.0,0.5036,352.49330920000006,352.49330920000006
2025-08-25,236,21,685.4405225000002,685.4405225000002,0.0,0.4666,319.8265477985001,319.8265477985001
2025-08-25,236,22,676.5582700000001,676.5582700000001,0.0,0.4699,317.91473107300004,317.91473107300004
2025-08-25,236,23,674.261,674.261,0.0,0.5191,350.0088851,350.0088851
2025-08-25,236,24,1503.7076466666667,1503.7076466666667,0.0,0.5181,779.070931738,779.070931738
2025-08-25,236,25,1502.1169058333335,1502.1169058333335,0.0,0.4916,738.4406709076667,738.4406709076667
2025-08-25,236,26,1503.1882500000002,1503.1882500000002,0.0,0.4553,684.401610225,684.401610225
2025-08-25,236,27,1509.8282975,1509.8282975,0.0,0.404,609.9706321900001,609.9706321900001
2025-08-25,236,28,1501.27188,1501.27188,0.0,0.4095,614.7708348599999,614.7708348599999
2025-08-25,236,29,1478.0415833333332,1478.0415833333332,0.0,0.4568,675.1693952666666,675.1693952666666
2025-08-25,236,30,640.01806954034,640.01806954034,0.0,0.4662,298.3764240197065,298.3764240197065
2025-08-25,236,31,654.8697391666667,654.8697391666667,0.0,0.514,336.6030459316667,336.6030459316667
2025-08-25,236,32,1485.0026041666667,1485.0026041666667,0.0,0.5293,786.0118783854167,786.0118783854167
2025-08-25,236,33,1434.2545716666666,1434.2545716666666,0.0,0.3974,569.9727667803332,569.9727667803332
2025-08-25,236,34,0.0,0.0,0.0,0.5529,0.0,0.0
2025-08-25,236,35,0.0,0.0,0.0,0.9198,0.0,0.0
2025-08-25,236,36,0.0,0.0,0.0,0.9662,0.0,0.0
2025-08-25,236,37,0.0,0.0,0.0,0.9241,0.0,0.0
2025-08-25,236,38,0.0,0.0,0.0,0.9305,0.0,0.0
2025-08-25,236,39,0.0,0.0,0.0,0.8726,0.0,0.0
2025-08-25,236,40,0.0,0.0,0.0,0.8065,0.0,0.0
2025-08-25,236,41,0.0,0.0,0.0,0.7759,0.0,0.0
2025-08-25,236,42,0.0,0.0,0.0,0.768,0.0,0.0
2025-08-25,236,43,0.0,0.0,0.0,0.7752,0.0,0.0
2025-08-25,236,44,0.0,0.0,0.0,0.7362,0.0,0.0
2025-08-25,236,45,0.0,0.0,0.0,0.6325,0.0,0.0
2025-08-25,236,46,0.0,0.0,0.0,0.8151,0.0,0.0
2025-08-25,236,47,0.0,0.0,0.0,1.1597,0.0,0.0
2025-08-25,236,48,0.0,0.0,0.0,1.1662,0.0,0.0
2025-08-25,236,49,0.0,0.0,0.0,1.0889,0.0,0.0
2025-08-25,236,50,0.0,0.0,0.0,1.0803,0.0,0.0
2025-08-25,236,51,0.0,0.0,0.0,1.0357,0.0,0.0
2025-08-25,236,52,0.0,0.0,0.0,1.0055,0.0,0.0
2025-08-25,236,53,0.0,0.0,0.0,1.0073,0.0,0.0
2025-08-25,236,54,0.0,0.0,0.0,0.999,0.0,0.0
2025-08-25,236,55,0.0,0.0,0.0,0.9974,0.0,0.0
2025-08-25,236,56,0.0,0.0,0.0,0.9729,0.0,0.0
2025-08-25,236,57,0.0,0.0,0.0,0.8945,0.0,0.0
2025-08-25,236,58,0.0,0.0,0.0,0.9616,0.0,0.0
2025-08-25,236,59,0.0,0.0,0.0,1.1233,0.0,0.0
2025-08-25,236,60,0.0,0.0,0.0,1.126,0.0,0.0
2025-08-25,236,61,0.0,0.0,0.0,1.1318,0.0,0.0
2025-08-25,236,62,0.0,0.0,0.0,1.215,0.0,0.0
2025-08-25,236,63,0.0,0.0,0.0,1.2271,0.0,0.0
2025-08-25,236,64,0.0,0.0,0.0,0.9289,0.0,0.0
2025-08-25,236,65,0.0,0.0,0.0,0.5074,0.0,0.0
2025-08-25,236,66,449.1711300000004,449.1711300000004,0.0,0.4255,191.12231581500018,191.12231581500018
2025-08-25,236,67,0.0,0.0,0.0,0.4717,0.0,0.0
2025-08-25,236,68,97.90204337215334,97.90204337215334,0.0,0.4865,47.6293441005526,47.6293441005526
2025-08-25,236,69,0.0,0.0,0.0,0.5151,0.0,0.0
2025-08-25,236,70,0.0,0.0,0.0,0.5256,0.0,0.0
2025-08-25,236,71,358.4345833333334,358.4345833333334,0.0,0.5095,182.62242020833335,182.62242020833335
2025-08-25,236,72,360.7718141666667,360.7718141666667,0.0,0.4971,179.33966882225,179.33966882225
2025-08-25,236,73,0.0,0.0,0.0,0.492,0.0,0.0
2025-08-25,236,74,0.0,0.0,0.0,0.4724,0.0,0.0
2025-08-25,236,75,0.0,0.0,0.0,0.4539,0.0,0.0
2025-08-25,236,76,0.0,0.0,0.0,0.6539,0.0,0.0
2025-08-25,236,77,0.0,0.0,0.0,0.9416,0.0,0.0
2025-08-25,236,78,0.0,0.0,0.0,0.9464,0.0,0.0
2025-08-25,236,79,0.0,0.0,0.0,0.9181,0.0,0.0
2025-08-25,236,80,0.0,0.0,0.0,0.9488,0.0,0.0
2025-08-25,236,81,0.0,0.0,0.0,0.9011,0.0,0.0
2025-08-25,236,82,0.0,0.0,0.0,0.9751,0.0,0.0
2025-08-25,236,83,0.0,0.0,0.0,1.1607,0.0,0.0
2025-08-25,236,84,0.0,0.0,0.0,1.2215,0.0,0.0
2025-08-25,236,85,0.0,0.0,0.0,1.2051,0.0,0.0
2025-08-25,236,86,0.0,0.0,0.0,1.2403,0.0,0.0
2025-08-25,236,87,0.0,0.0,0.0,1.352,0.0,0.0
2025-08-25,236,88,0.0,0.0,0.0,1.1478,0.0,0.0
2025-08-25,236,89,148.89249999999993,148.89249999999993,0.0,0.7599,113.14341074999994,113.14341074999994
2025-08-25,236,90,329.28454129629716,329.28454129629716,0.0,0.7395,243.50591828861178,243.50591828861178
2025-08-25,236,91,189.69919500000037,189.69919500000037,0.0,0.8114,153.9219268230003,153.9219268230003
2025-08-25,236,92,240.11058333333358,240.11058333333358,0.0,0.7966,191.27209068333352,191.27209068333352
2025-08-25,236,93,316.4457233333334,316.4457233333334,0.0,0.8064,255.18183129600004,255.18183129600004
2025-08-25,236,94,379.71460416666685,379.71460416666685,0.0,0.8731,331.52882089791683,331.52882089791683
2025-08-25,236,95,421.4877916666667,421.4877916666667,0.0,0.9339,393.6274486375,393.6274486375
2025-08-25,236,96,486.3300725,486.3300725,0.0,0.9076,441.393173801,441.393173801
2025-08-25,236,97,564.2612508333335,564.2612508333335,0.0,0.9169,517.3711408890836,517.3711408890836
2025-08-25,236,98,629.1733333333335,629.1733333333335,0.0,0.9788,615.8348586666668,615.8348586666668
2025-08-25,236,99,659.6930150000001,659.6930150000001,0.0,0.9961,657.1202122415001,657.1202122415001
2025-08-25,236,100,712.7006350000001,712.7006350000001,0.0,1.0377,739.5694489395001,739.5694489395001
2025-08-25,236,101,780.1910000000001,780.1910000000001,0.0,1.0917,851.7345147000001,851.7345147000001
2025-08-25,236,102,832.6391349999999,832.6391349999999,0.0,1.0668,888.2594292179998,888.2594292179998
2025-08-25,236,103,897.41509,897.41509,0.0,1.0434,936.362904906,936.362904906
2025-08-25,236,104,989.4567291666666,989.4567291666666,0.0,1.0741,1062.7754727979166,1062.7754727979166
2025-08-25,236,105,1066.7655441666668,1066.7655441666668,0.0,1.1429,1219.2063404280834,1219.2063404280834
2025-08-25,236,106,973.7454533333334,973.7454533333334,0.0,1.247,1214.260580306667,1214.260580306667
2025-08-25,236,107,807.8193958333334,807.8193958333334,0.0,1.3435,1085.3053583020833,1085.3053583020833
2025-08-25,236,108,837.34058,837.34058,0.0,1.376,1152.1806380799999,1152.1806380799999
2025-08-25,236,109,908.5845691666666,908.5845691666666,0.0,1.4086,1279.8322241281667,1279.8322241281667
2025-08-25,236,110,919.9793958333333,919.9793958333333,0.0,1.4228,1308.9466843916668,1308.9466843916668
2025-08-25,236,111,930.5797016666668,930.5797016666668,0.0,1.3584,1264.0994667440002,1264.0994667440002
2025-08-25,236,112,936.1516183333335,936.1516183333335,0.0,1.4276,1336.450050332667,1336.450050332667
2025-08-25,236,113,100.33841666666683,100.33841666666683,0.0,1.6121,161.7555615083336,161.7555615083336
2025-08-25,236,114,106.6821675000002,106.6821675000002,0.0,1.6716,178.32991119300033,178.32991119300033
2025-08-25,236,115,103.01254250000008,103.01254250000008,0.0,1.6733,172.37088736525013,172.37088736525013
2025-08-25,236,116,89.27666666666664,89.27666666666664,0.0,1.6768,149.69911466666665,149.69911466666665
2025-08-25,236,117,94.9830775000002,94.9830775000002,0.0,1.6619,157.85237649725033,157.85237649725033
2025-08-25,236,118,115.29818333333354,115.29818333333354,0.0,1.6383,188.89301375500034,188.89301375500034
2025-08-25,236,119,120.48650000000009,120.48650000000009,0.0,1.6187,195.03149755000015,195.03149755000015
2025-08-25,236,120,88.53774000000001,88.53774000000001,0.0,1.6139,142.891058586,142.891058586
2025-08-25,236,121,156.4790487150667,156.4790487150667,0.0,1.6494,258.09654295063103,258.09654295063103
2025-08-25,236,122,133.13850000000014,133.13850000000014,0.0,1.7083,227.44049955000023,227.44049955000023
2025-08-25,236,123,129.94258416666682,129.94258416666682,0.0,1.7012,221.0583241843336,221.0583241843336
2025-08-25,236,124,954.4301475000002,954.4301475000002,0.0,1.4478,1381.8239675505004,1381.8239675505004
2025-08-25,236,125,951.1355833333334,951.1355833333334,0.0,1.0971,1043.4908484750001,1043.4908484750001
2025-08-25,236,126,1776.35504,1776.35504,0.0,1.0175,1807.4412532000001,1807.4412532000001
2025-08-25,236,127,945.4366883333334,945.4366883333334,0.0,1.057,999.3265795683334,999.3265795683334
2025-08-25,236,128,967.5099166666668,967.5099166666668,0.0,1.0996,1063.8739043666667,1063.8739043666667
2025-08-25,236,129,228.70637166666688,228.70637166666688,0.0,1.1305,258.5525531691669,258.5525531691669
2025-08-25,236,130,891.2301066666668,891.2301066666668,0.0,0.882,786.0649540800001,786.0649540800001
2025-08-25,236,131,1586.3481666666667,1586.3481666666667,0.0,0.5238,830.9291697000001,830.9291697000001
2025-08-25,236,132,1559.0344475000002,1559.0344475000002,0.0,0.5239,816.7781470452502,816.7781470452502
2025-08-25,236,133,748.7789383333334,748.7789383333334,0.0,0.5511,412.65207291550007,412.65207291550007
2025-08-25,236,134,761.803,761.803,0.0,0.475,361.856425,361.856425
2025-08-25,236,135,752.9888558333334,752.9888558333334,0.0,0.4962,373.6330702645,373.6330702645
2025-08-25,236,136,739.8552583333334,739.8552583333334,0.0,0.5219,386.13045932416674,386.13045932416674
2025-08-25,236,137,1573.2465,1573.2465,0.0,0.5157,811.32322005,811.32322005
2025-08-25,236,138,1595.3302733333335,1595.3302733333335,0.0,0.5474,873.2837916226667,873.2837916226667
2025-08-25,236,139,1586.8625808333331,1586.8625808333331,0.0,0.5756,913.3981015276665,913.3981015276665
2025-08-25,236,140,1560.6565833333334,1560.6565833333334,0.0,0.5593,872.8752270583334,872.8752270583334
2025-08-25,236,141,740.6780516666666,740.6780516666666,0.0,0.5066,375.22750097433334,375.22750097433334
2025-08-25,236,142,756.5351816666666,756.5351816666666,0.0,0.4997,378.0406302788333,378.0406302788333
2025-08-25,236,143,808.7655479360736,808.7655479360736,0.0,0.5246,424.2784064472642,424.2784064472642
2025-08-26,237,0,750.9654975000001,750.9654975000001,0.0,0.4979,373.9057212052501,373.9057212052501
2025-08-26,237,1,735.5933550000001,735.5933550000001,0.0,0.5106,375.5939670630001,375.5939670630001
2025-08-26,237,2,717.0837500000001,717.0837500000001,0.0,0.5492,393.8223955000001,393.8223955000001
2025-08-26,237,3,0.0,0.0,0.0,0.5034,0.0,0.0
2025-08-26,237,4,0.0,0.0,0.0,0.4682,0.0,0.0
2025-08-26,237,5,742.20275,742.20275,0.0,0.484,359.226131,359.226131
2025-08-26,237,6,725.6473758333334,725.6473758333334,0.0,0.4955,359.5582747254167,359.5582747254167
2025-08-26,237,7,706.7531191666668,706.7531191666668,0.0,0.4929,348.3586124372501,348.3586124372501
2025-08-26,237,8,696.5166666666667,696.5166666666667,0.0,0.5021,349.72101833333335,349.72101833333335
2025-08-26,237,9,702.5967691666666,702.5967691666666,0.0,0.5449,382.84497951891666,382.84497951891666
2025-08-26,237,10,714.1867783333333,714.1867783333333,0.0,0.5383,384.44674277683333,384.44674277683333
2025-08-26,237,11,719.7115833333335,719.7115833333335,0.0,0.4674,336.39319405000003,336.39319405000003
2025-08-26,237,12,716.2598841666668,716.2598841666668,0.0,0.4109,294.31118640408334,294.31118640408334
2025-08-26,237,13,706.2064875000001,706.2064875000001,0.0,0.4359,307.83540790125005,307.83540790125005
2025-08-26,237,14,704.31275,704.31275,0.0,0.5159,363.35494772500005,363.35494772500005
2025-08-26,237,15,0.0,0.0,0.0,0.5538,0.0,0.0
2025-08-26,237,16,701.5532685437466,701.5532685437466,0.0,0.5332,374.0682027875257,374.0682027875257
2025-08-26,237,17,1510.5064166666666,1510.5064166666666,0.0,0.4682,707.2191042833333,707.2191042833333
2025-08-26,237,18,692.7654808333334,692.7654808333334,0.0,0.3962,274.4736835061667,274.4736835061667
2025-08-26,237,19,0.0,0.0,0.0,0.4071,0.0,0.0
2025-08-26,237,20,696.4798333333333,696.4798333333333,0.0,0.4866,338.90708689999997,338.90708689999997
2025-08-26,237,21,1512.8175649999998,1512.8175649999998,0.0,0.5268,796.952293242,796.952293242
2025-08-26,237,22,1512.9820841666667,1512.9820841666667,0.0,0.5172,782.514333931,782.514333931
2025-08-26,237,23,1520.587,1520.587,0.0,0.4926,749.0411561999999,749.0411561999999
2025-08-26,237,24,1516.7741841666666,1516.7741841666666,0.0,0.4925,747.0112857020833,747.0112857020833
2025-08-26,237,25,1510.77744,1510.77744,0.0,0.4968,750.5542321920001,750.5542321920001
2025-08-26,237,26,671.7031666666667,671.7031666666667,0.0,0.4773,320.60392145000003,320.60392145000003
2025-08-26,237,27,0.0,0.0,0.0,0.4383,0.0,0.0
2025-08-26,237,28,0.06627168073453049,0.06627168073453049,0.0,0.4788,0.0317308807356932,0.0317308807356932
2025-08-26,237,29,1501.9803333333334,1501.9803333333334,0.0,0.5407,812.1207662333334,812.1207662333334
2025-08-26,237,30,1481.5688074999998,1481.5688074999998,0.0,0.4736,701.6709872319999,701.6709872319999
2025-08-26,237,31,997.4215145922811,997.4215145922811,0.0,0.4681,466.8930109806468,466.8930109806468
2025-08-26,237,32,667.1102291666667,667.1102291666667,0.0,0.5039,336.1568444770834,336.1568444770834
2025-08-26,237,33,1450.3567116666666,1450.3567116666666,0.0,0.4078,591.4554670176666,591.4554670176666
2025-08-26,237,34,0.0,0.0,0.0,0.5609,0.0,0.0
2025-08-26,237,35,0.0,0.0,0.0,0.9007,0.0,0.0
2025-08-26,237,36,0.0,0.0,0.0,0.9521,0.0,0.0
2025-08-26,237,37,0.0,0.0,0.0,0.9166,0.0,0.0
2025-08-26,237,38,0.0,0.0,0.0,0.9185,0.0,0.0
2025-08-26,237,39,0.0,0.0,0.0,0.8673,0.0,0.0
2025-08-26,237,40,0.0,0.0,0.0,0.8197,0.0,0.0
2025-08-26,237,41,0.0,0.0,0.0,0.7945,0.0,0.0
2025-08-26,237,42,0.0,0.0,0.0,0.7561,0.0,0.0
2025-08-26,237,43,0.0,0.0,0.0,0.7567,0.0,0.0
2025-08-26,237,44,0.0,0.0,0.0,0.7444,0.0,0.0
2025-08-26,237,45,0.0,0.0,0.0,0.6571,0.0,0.0
2025-08-26,237,46,0.0,0.0,0.0,0.872,0.0,0.0
2025-08-26,237,47,0.0,0.0,0.0,1.2372,0.0,0.0
2025-08-26,237,48,0.0,0.0,0.0,1.1955,0.0,0.0
2025-08-26,237,49,0.0,0.0,0.0,1.1107,0.0,0.0
2025-08-26,237,50,0.0,0.0,0.0,1.1355,0.0,0.0
2025-08-26,237,51,0.0,0.0,0.0,1.0584,0.0,0.0
2025-08-26,237,52,0.0,0.0,0.0,0.9982,0.0,0.0
2025-08-26,237,53,0.0,0.0,0.0,1.0042,0.0,0.0
2025-08-26,237,54,0.0,0.0,0.0,0.9899,0.0,0.0
2025-08-26,237,55,0.0,0.0,0.0,0.953,0.0,0.0
2025-08-26,237,56,0.0,0.0,0.0,0.9098,0.0,0.0
2025-08-26,237,57,0.0,0.0,0.0,0.8847,0.0,0.0
2025-08-26,237,58,0.0,0.0,0.0,0.9488,0.0,0.0
2025-08-26,237,59,0.0,0.0,0.0,1.0722,0.0,0.0
2025-08-26,237,60,0.0,0.0,0.0,1.1357,0.0,0.0
2025-08-26,237,61,0.0,0.0,0.0,1.1184,0.0,0.0
2025-08-26,237,62,0.0,0.0,0.0,1.0981,0.0,0.0
2025-08-26,237,63,0.0,0.0,0.0,1.1304,0.0,0.0
2025-08-26,237,64,0.0,0.0,0.0,0.9101,0.0,0.0
2025-08-26,237,65,0.0,0.0,0.0,0.5266,0.0,0.0
2025-08-26,237,66,546.9009841666668,546.9009841666668,0.0,0.4113,224.94037478775007,224.94037478775007
2025-08-26,237,67,0.0,0.0,0.0,0.4293,0.0,0.0
2025-08-26,237,68,0.0,0.0,0.0,0.4374,0.0,0.0
2025-08-26,237,69,0.0,0.0,0.0,0.4268,0.0,0.0
2025-08-26,237,70,499.7581133333333,499.7581133333333,0.0,0.3727,186.2598488393333,186.2598488393333
2025-08-26,237,71,486.26660416666687,486.26660416666687,0.0,0.3224,156.7723531833334,156.7723531833334
2025-08-26,237,72,460.6873566666668,460.6873566666668,0.0,0.3629,167.18344173433337,167.18344173433337
2025-08-26,237,73,448.0488408333333,448.0488408333333,0.0,0.4323,193.69151389225,193.69151389225
2025-08-26,237,74,429.66747670548057,429.66747670548057,0.0,0.4366,187.5928203296128,187.5928203296128
2025-08-26,237,75,472.01035999999976,472.01035999999976,0.0,0.368,173.6998124799999,173.6998124799999
2025-08-26,237,76,0.0,0.0,0.0,0.5203,0.0,0.0
2025-08-26,237,77,0.0,0.0,0.0,0.8329,0.0,0.0
2025-08-26,237,78,0.0,0.0,0.0,0.9338,0.0,0.0
2025-08-26,237,79,0.0,0.0,0.0,0.9197,0.0,0.0
2025-08-26,237,80,0.0,0.0,0.0,0.8883,0.0,0.0
2025-08-26,237,81,0.0,0.0,0.0,0.8537,0.0,0.0
2025-08-26,237,82,0.0,0.0,0.0,0.9683,0.0,0.0
2025-08-26,237,83,0.0,0.0,0.0,1.1612,0.0,0.0
2025-08-26,237,84,0.0,0.0,0.0,1.1912,0.0,0.0
2025-08-26,237,85,0.0,0.0,0.0,1.1706,0.0,0.0
2025-08-26,237,86,0.0,0.0,0.0,1.218,0.0,0.0
2025-08-26,237,87,0.0,0.0,0.0,1.2895,0.0,0.0
2025-08-26,237,88,0.0,0.0,0.0,1.0552,0.0,0.0
2025-08-26,237,89,199.37975000000006,199.37975000000006,0.0,0.6874,137.05364015000004,137.05364015000004
2025-08-26,237,90,501.4747490740739,501.4747490740739,0.0,0.7116,356.849431441111,356.849431441111
2025-08-26,237,91,267.7826299999999,267.7826299999999,0.0,0.7956,213.04786042799992,213.04786042799992
2025-08-26,237,92,290.9983958333337,290.9983958333337,0.0,0.7611,221.47887906875027,221.47887906875027
2025-08-26,237,93,348.35341416666665,348.35341416666665,0.0,0.7674,267.32641003149996,267.32641003149996
2025-08-26,237,94,429.89875250000034,429.89875250000034,0.0,0.8245,354.4515214362503,354.4515214362503
2025-08-26,237,95,504.05177083333365,504.05177083333365,0.0,0.9018,454.5538869375003,454.5538869375003
2025-08-26,237,96,513.6767508333335,513.6767508333335,0.0,0.966,496.21174130500015,496.21174130500015
2025-08-26,237,97,548.8750033333332,548.8750033333332,0.0,0.9719,533.4516157396665,533.4516157396665
2025-08-26,237,98,623.4107708333333,623.4107708333333,0.0,0.9501,592.30257336875,592.30257336875
2025-08-26,237,99,681.8980541666666,681.8980541666666,0.0,0.979,667.5781950291666,667.5781950291666
2025-08-26,237,100,719.6040541666667,719.6040541666667,0.0,1.0186,732.9886895741668,732.9886895741668
2025-08-26,237,101,765.4514166666669,765.4514166666669,0.0,1.049,802.9585360833335,802.9585360833335
2025-08-26,237,102,819.5852483333335,819.5852483333335,0.0,1.0883,891.9546257611669,891.9546257611669
2025-08-26,237,103,861.1713333333333,861.1713333333333,0.0,1.1055,952.024909,952.024909
2025-08-26,237,104,918.3434375000002,918.3434375000002,0.0,1.0962,1006.6880761875002,1006.6880761875002
2025-08-26,237,105,1022.0720408333335,1022.0720408333335,0.0,1.1079,1132.3536140392503,1132.3536140392503
2025-08-26,237,106,966.8935083333333,966.8935083333333,0.0,1.2322,1191.4061809683333,1191.4061809683333
2025-08-26,237,107,805.7124791666668,805.7124791666668,0.0,1.3961,1124.8551921645833,1124.8551921645833
2025-08-26,237,108,817.116995,817.116995,0.0,1.4221,1162.0220785894999,1162.0220785894999
2025-08-26,237,109,901.6835958333334,901.6835958333334,0.0,1.4095,1270.9230283270833,1270.9230283270833
2025-08-26,237,110,938.9284166666667,938.9284166666667,0.0,1.4076,1321.6356393,1321.6356393
2025-08-26,237,111,921.2896408333335,921.2896408333335,0.0,1.3857,1276.6310553027502,1276.6310553027502
2025-08-26,237,112,917.5858275,917.5858275,0.0,1.4698,1348.6676492595,1348.6676492595
2025-08-26,237,113,98.9555833333335,98.9555833333335,0.0,1.6205,160.35752279166692,160.35752279166692
2025-08-26,237,114,146.5924145483998,146.5924145483998,0.0,1.6511,242.03873566086293,242.03873566086293
2025-08-26,237,115,109.21039000000015,109.21039000000015,0.0,1.6095,175.77412270500022,175.77412270500022
2025-08-26,237,116,151.0531666666668,151.0531666666668,0.0,1.5879,239.85732335000026,239.85732335000026
2025-08-26,237,117,145.76504500000016,145.76504500000016,0.0,1.634,238.18008353000025,238.18008353000025
2025-08-26,237,118,124.97498833333349,124.97498833333349,0.0,1.6834,210.38289536033358,210.38289536033358
2025-08-26,237,119,121.10416666666686,121.10416666666686,0.0,1.6987,205.71964791666701,205.71964791666701
2025-08-26,237,120,121.9493525000002,121.9493525000002,0.0,1.6906,206.16757533650036,206.16757533650036
2025-08-26,237,121,111.27088333333354,111.27088333333354,0.0,1.6453,183.07398434833368,183.07398434833368
2025-08-26,237,122,90.86466666666672,90.86466666666672,0.0,1.6296,148.0730608000001,148.0730608000001
2025-08-26,237,123,88.43548333333341,88.43548333333341,0.0,1.6866,149.15528619000014,149.15528619000014
2025-08-26,237,124,943.4391300000001,943.4391300000001,0.0,1.4442,1362.514791546,1362.514791546
2025-08-26,237,125,955.3677500000002,955.3677500000002,0.0,1.0422,995.6842690500002,995.6842690500002
2025-08-26,237,126,939.5983508333335,939.5983508333335,0.0,1.0206,958.9540768605001,958.9540768605001
2025-08-26,237,127,930.34473,930.34473,0.0,1.0706,996.0270679380001,996.0270679380001
2025-08-26,237,128,955.6701666666668,955.6701666666668,0.0,1.0654,1018.1709955666666,1018.1709955666666
2025-08-26,237,129,986.253725,986.253725,0.0,1.1418,1126.104503205,1126.104503205
2025-08-26,237,130,899.292335,899.292335,0.0,0.9143,822.2229818905,822.2229818905
2025-08-26,237,131,749.9749166666667,749.9749166666667,0.0,0.5156,386.6870670333333,386.6870670333333
2025-08-26,237,132,733.9033208333333,733.9033208333333,0.0,0.503,369.15337037916663,369.15337037916663
2025-08-26,237,133,748.8591933333333,748.8591933333333,0.0,0.541,405.13282359333334,405.13282359333334
2025-08-26,237,134,1577.6456666666668,1577.6456666666668,0.0,0.4787,755.2189806333334,755.2189806333334
2025-08-26,237,135,774.6451716666668,774.6451716666668,0.0,0.5052,391.350740726,391.350740726
2025-08-26,237,136,768.7797283333332,768.7797283333332,0.0,0.5163,396.9209737384999,396.9209737384999
2025-08-26,237,137,1565.4518333333333,1565.4518333333333,0.0,0.4907,768.1672146166667,768.1672146166667
2025-08-26,237,138,1586.4951266666667,1586.4951266666667,0.0,0.522,828.1504561200001,828.1504561200001
2025-08-26,237,139,760.6455991666668,760.6455991666668,0.0,0.5284,401.9251345996667,401.9251345996667
2025-08-26,237,140,1570.79125,1570.79125,0.0,0.5062,795.13453075,795.13453075
2025-08-26,237,141,1567.3535291666667,1567.3535291666667,0.0,0.5386,844.1766108091666,844.1766108091666
2025-08-26,237,142,1572.0987791666666,1572.0987791666666,0.0,0.5626,884.4627731591667,884.4627731591667
2025-08-26,237,143,791.8367979360737,791.8367979360737,0.0,0.5337,422.6032990584825,422.6032990584825
2025-08-27,238,0,727.1134375,727.1134375,0.0,0.4756,345.81515087500003,345.81515087500003
2025-08-27,238,1,0.0,0.0,0.0,0.4558,0.0,0.0
2025-08-27,238,2,0.0,0.0,0.0,0.5001,0.0,0.0
2025-08-27,238,3,737.3803850000002,737.3803850000002,0.0,0.5672,418.24215437200013,418.24215437200013
2025-08-27,238,4,735.1106841666667,735.1106841666667,0.0,0.5613,412.61762702275007,412.61762702275007
2025-08-27,238,5,0.0,0.0,0.0,0.5088,0.0,0.0
2025-08-27,238,6,725.2712741666667,725.2712741666667,0.0,0.5218,378.4465508601667,378.4465508601667
2025-08-27,238,7,1547.8780183333333,1547.8780183333333,0.0,0.5219,807.8375377681667,807.8375377681667
2025-08-27,238,8,708.1657500000001,708.1657500000001,0.0,0.4884,345.8681523000001,345.8681523000001
2025-08-27,238,9,698.5005966666668,698.5005966666668,0.0,0.4793,334.79133598233335,334.79133598233335
2025-08-27,238,10,686.6198583333334,686.6198583333334,0.0,0.4467,306.7130907175,306.7130907175
2025-08-27,238,11,678.8400833333334,678.8400833333334,0.0,0.4267,289.66106355833335,289.66106355833335
2025-08-27,238,12,1517.955935,1517.955935,0.0,0.5019,761.8620837765,761.8620837765
2025-08-27,238,13,1525.8118166666666,1525.8118166666666,0.0,0.5016,765.34720724,765.34720724
2025-08-27,238,14,1533.8144166666666,1533.8144166666666,0.0,0.4366,669.6633743166666,669.6633743166666
2025-08-27,238,15,1538.57109,1538.57109,0.0,0.4826,742.5144080339999,742.5144080339999
2025-08-27,238,16,710.1749000000001,710.1749000000001,0.0,0.5,355.08745000000005,355.08745000000005
2025-08-27,238,17,0.0,0.0,0.0,0.4618,0.0,0.0
2025-08-27,238,18,0.0,0.0,0.0,0.4833,0.0,0.0
2025-08-27,238,19,0.004334651130648126,0.004334651130648126,0.0,0.4822,0.0020901687751985264,0.0020901687751985264
2025-08-27,238,20,688.2435833333334,688.2435833333334,0.0,0.4613,317.4867649916667,317.4867649916667
2025-08-27,238,21,686.3589491666667,686.3589491666667,0.0,0.5024,344.8267360613333,344.8267360613333
2025-08-27,238,22,686.330365,686.330365,0.0,0.4665,320.1731152725,320.1731152725
2025-08-27,238,23,677.0655833333333,677.0655833333333,0.0,0.3885,263.039979125,263.039979125
2025-08-27,238,24,664.0231925,664.0231925,0.0,0.4501,298.87683894425004,298.87683894425004
2025-08-27,238,25,1494.6604025000001,1494.6604025000001,0.0,0.5084,759.885348631,759.885348631
2025-08-27,238,26,1502.3964166666665,1502.3964166666665,0.0,0.4786,719.0469250166666,719.0469250166666
2025-08-27,238,27,678.9429166666667,678.9429166666667,0.0,0.4251,288.618633875,288.618633875
2025-08-27,238,28,664.7160316666667,664.7160316666667,0.0,0.4365,290.1485478225,290.1485478225
2025-08-27,238,29,1465.5015833333332,1465.5015833333332,0.0,0.4825,707.1045139583332,707.1045139583332
2025-08-27,238,30,1456.2487274999999,1456.2487274999999,0.0,0.4702,684.7281516705,684.7281516705
2025-08-27,238,31,1363.9391581851398,1363.9391581851398,0.0,0.535,729.7074496290498,729.7074496290498
2025-08-27,238,32,1513.7152708333333,1513.7152708333333,0.0,0.6005,908.9860201354167,908.9860201354167
2025-08-27,238,33,1441.4978516666665,1441.4978516666665,0.0,0.4852,699.4147576286666,699.4147576286666
2025-08-27,238,34,0.0,0.0,0.0,0.6388,0.0,0.0
2025-08-27,238,35,0.0,0.0,0.0,0.9839,0.0,0.0
2025-08-27,238,36,0.0,0.0,0.0,0.9599,0.0,0.0
2025-08-27,238,37,0.0,0.0,0.0,0.816,0.0,0.0
2025-08-27,238,38,0.0,0.0,0.0,0.7888,0.0,0.0
2025-08-27,238,39,0.0,0.0,0.0,0.8607,0.0,0.0
2025-08-27,238,40,0.0,0.0,0.0,0.8907,0.0,0.0
2025-08-27,238,41,0.0,0.0,0.0,0.8203,0.0,0.0
2025-08-27,238,42,0.0,0.0,0.0,0.7228,0.0,0.0
2025-08-27,238,43,0.0,0.0,0.0,0.7425,0.0,0.0
2025-08-27,238,44,0.0,0.0,0.0,0.7662,0.0,0.0
2025-08-27,238,45,0.0,0.0,0.0,0.5994,0.0,0.0
2025-08-27,238,46,0.0,0.0,0.0,0.7816,0.0,0.0
2025-08-27,238,47,0.0,0.0,0.0,1.2198,0.0,0.0
2025-08-27,238,48,0.0,0.0,0.0,1.2472,0.0,0.0
2025-08-27,238,49,0.0,0.0,0.0,1.1618,0.0,0.0
2025-08-27,238,50,0.0,0.0,0.0,1.1508,0.0,0.0
2025-08-27,238,51,0.0,0.0,0.0,1.0942,0.0,0.0
2025-08-27,238,52,0.0,0.0,0.0,1.0834,0.0,0.0
2025-08-27,238,53,0.0,0.0,0.0,1.1027,0.0,0.0
2025-08-27,238,54,0.0,0.0,0.0,1.0345,0.0,0.0
2025-08-27,238,55,0.0,0.0,0.0,1.003,0.0,0.0
2025-08-27,238,56,0.0,0.0,0.0,0.9939,0.0,0.0
2025-08-27,238,57,0.0,0.0,0.0,0.8908,0.0,0.0
2025-08-27,238,58,0.0,0.0,0.0,0.9528,0.0,0.0
2025-08-27,238,59,0.0,0.0,0.0,1.1308,0.0,0.0
2025-08-27,238,60,0.0,0.0,0.0,1.0983,0.0,0.0
2025-08-27,238,61,0.0,0.0,0.0,1.0304,0.0,0.0
2025-08-27,238,62,0.0,0.0,0.0,1.0873,0.0,0.0
2025-08-27,238,63,0.0,0.0,0.0,1.1949,0.0,0.0
2025-08-27,238,64,0.0,0.0,0.0,0.9487,0.0,0.0
2025-08-27,238,65,0.0,0.0,0.0,0.5086,0.0,0.0
2025-08-27,238,66,548.0183283333333,548.0183283333333,0.0,0.4649,254.77372084216665,254.77372084216665
2025-08-27,238,67,0.0,0.0,0.0,0.5567,0.0,0.0
2025-08-27,238,68,0.0,0.0,0.0,0.5567,0.0,0.0
2025-08-27,238,69,0.0,0.0,0.0,0.5025,0.0,0.0
2025-08-27,238,70,0.0,0.0,0.0,0.4699,0.0,0.0
2025-08-27,238,71,417.36218750000035,417.36218750000035,0.0,0.4369,182.34553971875016,182.34553971875016
2025-08-27,238,72,446.57372166666687,446.57372166666687,0.0,0.3375,150.71863106250007,150.71863106250007
2025-08-27,238,73,1.884227594928234e-05,1.884227594928234e-05,0.0,0.3386,6.379994636427e-06,6.379994636427e-06
2025-08-27,238,74,483.45208333333335,483.45208333333335,0.0,0.4099,198.16700895833333,198.16700895833333
2025-08-27,238,75,476.7002083333332,476.7002083333332,0.0,0.3848,183.4342401666666,183.4342401666666
2025-08-27,238,76,0.0,0.0,0.0,0.5547,0.0,0.0
2025-08-27,238,77,0.0,0.0,0.0,0.8385,0.0,0.0
2025-08-27,238,78,0.0,0.0,0.0,0.8361,0.0,0.0
2025-08-27,238,79,0.0,0.0,0.0,0.8169,0.0,0.0
2025-08-27,238,80,0.0,0.0,0.0,0.8891,0.0,0.0
2025-08-27,238,81,0.0,0.0,0.0,0.9104,0.0,0.0
2025-08-27,238,82,0.0,0.0,0.0,1.0585,0.0,0.0
2025-08-27,238,83,0.0,0.0,0.0,1.2618,0.0,0.0
2025-08-27,238,84,0.0,0.0,0.0,1.2419,0.0,0.0
2025-08-27,238,85,0.0,0.0,0.0,1.216,0.0,0.0
2025-08-27,238,86,0.0,0.0,0.0,1.2983,0.0,0.0
2025-08-27,238,87,0.0,0.0,0.0,1.341,0.0,0.0
2025-08-27,238,88,0.0,0.0,0.0,1.0891,0.0,0.0
2025-08-27,238,89,0.0,0.0,0.0,0.7095,0.0,0.0
2025-08-27,238,90,619.6126435185209,619.6126435185209,0.0,0.6566,406.83766173426085,406.83766173426085
2025-08-27,238,91,237.5918816666666,237.5918816666666,0.0,0.7573,179.92833198616663,179.92833198616663
2025-08-27,238,92,298.17179166666676,298.17179166666676,0.0,0.8361,249.30143501250006,249.30143501250006
2025-08-27,238,93,352.0604041666668,352.0604041666668,0.0,0.8848,311.5030456066668,311.5030456066668
2025-08-27,238,94,382.52878916666657,382.52878916666657,0.0,0.9216,352.5385320959999,352.5385320959999
2025-08-27,238,95,413.6393750000002,413.6393750000002,0.0,0.9317,385.3878056875002,385.3878056875002
2025-08-27,238,96,493.70390083333336,493.70390083333336,0.0,0.897,442.85239904750006,442.85239904750006
2025-08-27,238,97,575.3336533333334,575.3336533333334,0.0,0.929,534.4849639466668,534.4849639466668
2025-08-27,238,98,635.6288750000001,635.6288750000001,0.0,1.0038,638.0442647250002,638.0442647250002
2025-08-27,238,99,688.2555591666667,688.2555591666667,0.0,0.985,677.9317257791666,677.9317257791666
2025-08-27,238,100,741.1907033333333,741.1907033333333,0.0,0.9563,708.8006695976667,708.8006695976667
2025-08-27,238,101,801.5247083333334,801.5247083333334,0.0,0.995,797.5170847916667,797.5170847916667
2025-08-27,238,102,860.8982250000001,860.8982250000001,0.0,1.0896,938.0347059600001,938.0347059600001
2025-08-27,238,103,891.7676541666667,891.7676541666667,0.0,1.1303,1007.9649795045834,1007.9649795045834
2025-08-27,238,104,929.9506666666668,929.9506666666668,0.0,1.1176,1039.3128650666667,1039.3128650666667
2025-08-27,238,105,1030.0339141666668,1030.0339141666668,0.0,1.1578,1192.5732658221668,1192.5732658221668
2025-08-27,238,106,978.9100666666666,978.9100666666666,0.0,1.2429,1216.6873218599999,1216.6873218599999
2025-08-27,238,107,827.6714791666668,827.6714791666668,0.0,1.3133,1086.9809535895834,1086.9809535895834
2025-08-27,238,108,841.4533775000002,841.4533775000002,0.0,1.3271,1116.6927772802503,1116.6927772802503
2025-08-27,238,109,906.7079608333335,906.7079608333335,0.0,1.3885,1258.9640036170836,1258.9640036170836
2025-08-27,238,110,928.6765416666667,928.6765416666667,0.0,1.446,1342.86627925,1342.86627925
2025-08-27,238,111,931.8096566666668,931.8096566666668,0.0,1.3652,1272.1065432813334,1272.1065432813334
2025-08-27,238,112,918.0785533333335,918.0785533333335,0.0,1.4328,1315.4229512160002,1315.4229512160002
2025-08-27,238,113,70.6854166666667,70.6854166666667,0.0,1.6176,114.34073000000005,114.34073000000005
2025-08-27,238,114,90.94794000000013,90.94794000000013,0.0,1.5976,145.2984289440002,145.2984289440002
2025-08-27,238,115,105.46001083333348,105.46001083333348,0.0,1.578,166.41589709500025,166.41589709500025
2025-08-27,238,116,162.18083871506656,162.18083871506656,0.0,1.6531,268.10114447987655,268.10114447987655
2025-08-27,238,117,111.40881750000021,111.40881750000021,0.0,1.6981,189.18331299675035,189.18331299675035
2025-08-27,238,118,120.12352916666681,120.12352916666681,0.0,1.6999,204.1979872304169,204.1979872304169
2025-08-27,238,119,124.38600000000008,124.38600000000008,0.0,1.6869,209.82674340000014,209.82674340000014
2025-08-27,238,120,130.75855916666677,130.75855916666677,0.0,1.6827,220.0274275097502,220.0274275097502
2025-08-27,238,121,111.01282083333344,111.01282083333344,0.0,1.6536,183.57080053000016,183.57080053000016
2025-08-27,238,122,77.74466666666683,77.74466666666683,0.0,1.6482,128.13875960000027,128.13875960000027
2025-08-27,238,123,87.53326250000012,87.53326250000012,0.0,1.7058,149.3142391725002,149.3142391725002
2025-08-27,238,124,950.9271033333334,950.9271033333334,0.0,1.4661,1394.154226197,1394.154226197
2025-08-27,238,125,958.9325,958.9325,0.0,1.0672,1023.372764,1023.372764
2025-08-27,238,126,942.5711100000001,942.5711100000001,0.0,1.0348,975.372584628,975.372584628
2025-08-27,238,127,937.1242525,937.1242525,0.0,1.0633,996.4442176832499,996.4442176832499
2025-08-27,238,128,956.68675,956.68675,0.0,1.045,999.7376537499999,999.7376537499999
2025-08-27,238,129,963.7935300000001,963.7935300000001,0.0,1.1353,1094.1947946090002,1094.1947946090002
2025-08-27,238,130,873.4680233333333,873.4680233333333,0.0,0.9227,805.9489451296666,805.9489451296666
2025-08-27,238,131,1581.3239999999998,1581.3239999999998,0.0,0.5093,805.3683131999999,805.3683131999999
2025-08-27,238,132,1583.4500125,1583.4500125,0.0,0.458,725.220105725,725.220105725
2025-08-27,238,133,754.9307441666668,754.9307441666668,0.0,0.5466,412.6451447615001,412.6451447615001
2025-08-27,238,134,1551.897,1551.897,0.0,0.5548,860.9924555999999,860.9924555999999
2025-08-27,238,135,1561.8880958333334,1561.8880958333334,0.0,0.4959,774.5403067237501,774.5403067237501
2025-08-27,238,136,1579.5377633333333,1579.5377633333333,0.0,0.4894,773.0257813753333,773.0257813753333
2025-08-27,238,137,739.5475000000001,739.5475000000001,0.0,0.5427,401.35242825000006,401.35242825000006
2025-08-27,238,138,1560.737455,1560.737455,0.0,0.5538,864.3364025789999,864.3364025789999
2025-08-27,238,139,800.2672962694071,800.2672962694071,0.0,0.5294,423.6615066450241,423.6615066450241
2025-08-27,238,140,758.0368333333334,758.0368333333334,0.0,0.5115,387.73584025,387.73584025
2025-08-27,238,141,734.301805,734.301805,0.0,0.5332,391.529722426,391.529722426
2025-08-27,238,142,726.5882941666667,726.5882941666667,0.0,0.5649,410.44972737475,410.44972737475
2025-08-27,238,143,757.1255416666668,757.1255416666668,0.0,0.557,421.7189267083334,421.7189267083334
2025-08-28,239,0,751.0982000000001,751.0982000000001,0.0,0.4869,365.7097135800001,365.7097135800001
2025-08-28,239,1,737.3930908333335,737.3930908333335,0.0,0.4559,336.1775101109168,336.1775101109168
2025-08-28,239,2,0.0,0.0,0.0,0.4936,0.0,0.0
2025-08-28,239,3,0.00965643725044174,0.00965643725044174,0.0,0.5306,0.005123705605084387,0.005123705605084387
2025-08-28,239,4,727.6617033333334,727.6617033333334,0.0,0.5144,374.3091801946667,374.3091801946667
2025-08-28,239,5,719.3446666666666,719.3446666666666,0.0,0.4834,347.7312118666666,347.7312118666666
2025-08-28,239,6,1550.7577916666664,1550.7577916666664,0.0,0.5142,797.3996564749999,797.3996564749999
2025-08-28,239,7,1548.5928908333333,1548.5928908333333,0.0,0.5041,780.6456762690833,780.6456762690833
2025-08-28,239,8,709.8466666666667,709.8466666666667,0.0,0.4629,328.588022,328.588022
2025-08-28,239,9,1539.7703366666665,1539.7703366666665,0.0,0.497,765.2658573233332,765.2658573233332
2025-08-28,239,10,1529.9607091666667,1529.9607091666667,0.0,0.4799,734.2281443290833,734.2281443290833
2025-08-28,239,11,689.4055833333333,689.4055833333333,0.0,0.4415,304.37256504166663,304.37256504166663
2025-08-28,239,12,942.242076317987,942.242076317987,0.0,0.5358,504.8533044911775,504.8533044911775
2025-08-28,239,13,1548.73792,1548.73792,0.0,0.5569,862.4921476479999,862.4921476479999
2025-08-28,239,14,704.9276666666667,704.9276666666667,0.0,0.4892,344.8506145333334,344.8506145333334
2025-08-28,239,15,0.0,0.0,0.0,0.5192,0.0,0.0
2025-08-28,239,16,0.0,0.0,0.0,0.5168,0.0,0.0
2025-08-28,239,17,687.6058333333334,687.6058333333334,0.0,0.4651,319.80547308333337,319.80547308333337
2025-08-28,239,18,683.2152558333333,683.2152558333333,0.0,0.4906,335.1854045118333,335.1854045118333
2025-08-28,239,19,684.54668,684.54668,0.0,0.5158,353.08917754400005,353.08917754400005
2025-08-28,239,20,690.3061666666667,690.3061666666667,0.0,0.5158,356.0599207666667,356.0599207666667
2025-08-28,239,21,695.1723450000001,695.1723450000001,0.0,0.5436,377.895686742,377.895686742
2025-08-28,239,22,688.9744533333334,688.9744533333334,0.0,0.5426,373.8375383786667,373.8375383786667
2025-08-28,239,23,674.2801666666667,674.2801666666667,0.0,0.488,329.04872133333333,329.04872133333333
2025-08-28,239,24,1509.2805875,1509.2805875,0.0,0.4319,651.8582857412499,651.8582857412499
2025-08-28,239,25,677.1898408333335,677.1898408333335,0.0,0.485,328.43707280416675,328.43707280416675
2025-08-28,239,26,664.027,664.027,0.0,0.5728,380.35466560000003,380.35466560000003
2025-08-28,239,27,646.983195,646.983195,0.0,0.5053,326.9206084335,326.9206084335
2025-08-28,239,28,654.1105850000002,654.1105850000002,0.0,0.4256,278.3894649760001,278.3894649760001
2025-08-28,239,29,673.5285000000001,673.5285000000001,0.0,0.4238,285.44137830000005,285.44137830000005
2025-08-28,239,30,1503.5890891666668,1503.5890891666668,0.0,0.4591,690.2977508364168,690.2977508364168
2025-08-28,239,31,1507.1571908333335,1507.1571908333335,0.0,0.5138,774.3773646501668,774.3773646501668
2025-08-28,239,32,667.0479266878185,667.0479266878185,0.0,0.4989,332.7902106245527,332.7902106245527
2025-08-28,239,33,1444.0946266666665,1444.0946266666665,0.0,0.3748,541.2466660746667,541.2466660746667
2025-08-28,239,34,0.0,0.0,0.0,0.5846,0.0,0.0
2025-08-28,239,35,0.0,0.0,0.0,0.9914,0.0,0.0
2025-08-28,239,36,0.0,0.0,0.0,0.9953,0.0,0.0
2025-08-28,239,37,0.0,0.0,0.0,0.9317,0.0,0.0
2025-08-28,239,38,0.0,0.0,0.0,0.9491,0.0,0.0
2025-08-28,239,39,0.0,0.0,0.0,0.853,0.0,0.0
2025-08-28,239,40,0.0,0.0,0.0,0.784,0.0,0.0
2025-08-28,239,41,0.0,0.0,0.0,0.7872,0.0,0.0
2025-08-28,239,42,0.0,0.0,0.0,0.761,0.0,0.0
2025-08-28,239,43,0.0,0.0,0.0,0.7461,0.0,0.0
2025-08-28,239,44,0.0,0.0,0.0,0.729,0.0,0.0
2025-08-28,239,45,0.0,0.0,0.0,0.6837,0.0,0.0
2025-08-28,239,46,0.0,0.0,0.0,0.8808,0.0,0.0
2025-08-28,239,47,0.0,0.0,0.0,1.1979,0.0,0.0
2025-08-28,239,48,0.0,0.0,0.0,1.2066,0.0,0.0
2025-08-28,239,49,0.0,0.0,0.0,1.1164,0.0,0.0
2025-08-28,239,50,0.0,0.0,0.0,1.0961,0.0,0.0
2025-08-28,239,51,0.0,0.0,0.0,1.1012,0.0,0.0
2025-08-28,239,52,0.0,0.0,0.0,1.0653,0.0,0.0
2025-08-28,239,53,0.0,0.0,0.0,1.0356,0.0,0.0
2025-08-28,239,54,0.0,0.0,0.0,1.1061,0.0,0.0
2025-08-28,239,55,0.0,0.0,0.0,1.0995,0.0,0.0
2025-08-28,239,56,0.0,0.0,0.0,1.0087,0.0,0.0
2025-08-28,239,57,0.0,0.0,0.0,1.0179,0.0,0.0
2025-08-28,239,58,0.0,0.0,0.0,1.1194,0.0,0.0
2025-08-28,239,59,0.0,0.0,0.0,1.2308,0.0,0.0
2025-08-28,239,60,0.0,0.0,0.0,1.2685,0.0,0.0
2025-08-28,239,61,0.0,0.0,0.0,1.2413,0.0,0.0
2025-08-28,239,62,0.0,0.0,0.0,1.2373,0.0,0.0
2025-08-28,239,63,0.0,0.0,0.0,1.2981,0.0,0.0
2025-08-28,239,64,0.0,0.0,0.0,1.0805,0.0,0.0
2025-08-28,239,65,515.2187083333331,515.2187083333331,0.0,0.7001,360.7046177041665,360.7046177041665
2025-08-28,239,66,501.2649008333335,501.2649008333335,0.0,0.6409,321.26067494408346,321.26067494408346
2025-08-28,239,67,0.0,0.0,0.0,0.6468,0.0,0.0
2025-08-28,239,68,0.0,0.0,0.0,0.5548,0.0,0.0
2025-08-28,239,69,0.0,0.0,0.0,0.4702,0.0,0.0
2025-08-28,239,70,0.0,0.0,0.0,0.4331,0.0,0.0
2025-08-28,239,71,444.3872916666669,444.3872916666669,0.0,0.4588,203.88488941666677,203.88488941666677
2025-08-28,239,72,0.0,0.0,0.0,0.5342,0.0,0.0
2025-08-28,239,73,0.0,0.0,0.0,0.5571,0.0,0.0
2025-08-28,239,74,0.0,0.0,0.0,0.4933,0.0,0.0
2025-08-28,239,75,453.87295416666666,453.87295416666666,0.0,0.4338,196.8900875175,196.8900875175
2025-08-28,239,76,0.0,0.0,0.0,0.593,0.0,0.0
2025-08-28,239,77,0.0,0.0,0.0,0.8366,0.0,0.0
2025-08-28,239,78,0.0,0.0,0.0,0.8114,0.0,0.0
2025-08-28,239,79,0.0,0.0,0.0,0.7913,0.0,0.0
2025-08-28,239,80,0.0,0.0,0.0,0.8782,0.0,0.0
2025-08-28,239,81,0.0,0.0,0.0,0.9105,0.0,0.0
2025-08-28,239,82,0.0,0.0,0.0,0.9964,0.0,0.0
2025-08-28,239,83,0.0,0.0,0.0,1.1193,0.0,0.0
2025-08-28,239,84,0.0,0.0,0.0,1.1327,0.0,0.0
2025-08-28,239,85,0.0,0.0,0.0,1.1484,0.0,0.0
2025-08-28,239,86,0.0,0.0,0.0,1.2382,0.0,0.0
2025-08-28,239,87,0.0,0.0,0.0,1.3104,0.0,0.0
2025-08-28,239,88,0.0,0.0,0.0,1.0703,0.0,0.0
2025-08-28,239,89,436.78488842592776,436.78488842592776,0.0,0.7005,305.9678143423624,305.9678143423624
2025-08-28,239,90,167.83974833333332,167.83974833333332,0.0,0.704,118.15918282666665,118.15918282666665
2025-08-28,239,91,236.76360250000016,236.76360250000016,0.0,0.7747,183.42076285675014,183.42076285675014
2025-08-28,239,92,317.54331250000007,317.54331250000007,0.0,0.7479,237.49064341875007,237.49064341875007
2025-08-28,239,93,356.44662916666664,356.44662916666664,0.0,0.7685,273.9292345145833,273.9292345145833
2025-08-28,239,94,381.50213166666697,381.50213166666697,0.0,0.8204,312.9843488193336,312.9843488193336
2025-08-28,239,95,430.20950000000016,430.20950000000016,0.0,0.88,378.5843600000001,378.5843600000001
2025-08-28,239,96,512.447685,512.447685,0.0,0.9422,482.828208807,482.828208807
2025-08-28,239,97,583.8312783333336,583.8312783333336,0.0,0.9308,543.4301538726669,543.4301538726669
2025-08-28,239,98,626.2906458333335,626.2906458333335,0.0,0.8863,555.0813994020835,555.0813994020835
2025-08-28,239,99,669.3000966666666,669.3000966666666,0.0,0.9307,622.9175999676665,622.9175999676665
2025-08-28,239,100,723.5049741666669,723.5049741666669,0.0,0.9791,708.3837202065836,708.3837202065836
2025-08-28,239,101,775.873875,775.873875,0.0,1.0149,787.4343957374999,787.4343957374999
2025-08-28,239,102,818.1123741666667,818.1123741666667,0.0,1.1018,901.3962138568332,901.3962138568332
2025-08-28,239,103,859.4804758333336,859.4804758333336,0.0,1.1444,983.589456543667,983.589456543667
2025-08-28,239,104,936.2722916666668,936.2722916666668,0.0,1.1113,1040.4793977291667,1040.4793977291667
2025-08-28,239,105,1047.4066183333334,1047.4066183333334,0.0,1.0887,1140.3115853795,1140.3115853795
2025-08-28,239,106,982.402065,982.402065,0.0,1.2012,1180.061360478,1180.061360478
2025-08-28,239,107,819.5070625000002,819.5070625000002,0.0,1.3591,1113.7920486437501,1113.7920486437501
2025-08-28,239,108,848.5464916666666,848.5464916666666,0.0,1.3525,1147.6591299791667,1147.6591299791667
2025-08-28,239,109,914.4137208333333,914.4137208333333,0.0,1.3737,1256.1301283087498,1256.1301283087498
2025-08-28,239,110,926.8298125,926.8298125,0.0,1.4353,1330.27882988125,1330.27882988125
2025-08-28,239,111,951.9894408333333,951.9894408333333,0.0,1.3751,1309.0806800899168,1309.0806800899168
2025-08-28,239,112,940.7186325,940.7186325,0.0,1.4445,1358.8680646462499,1358.8680646462499
2025-08-28,239,113,131.0833387150666,131.0833387150666,0.0,1.6157,211.79135036193307,211.79135036193307
2025-08-28,239,114,89.95351583333348,89.95351583333348,0.0,1.603,144.19548588083356,144.19548588083356
2025-08-28,239,115,117.45237333333355,117.45237333333355,0.0,1.6194,190.20237337600034,190.20237337600034
2025-08-28,239,116,121.40958333333356,121.40958333333356,0.0,1.683,204.33232875000039,204.33232875000039
2025-08-28,239,117,114.55782166666678,114.55782166666678,0.0,1.5957,182.79991603350018,182.79991603350018
2025-08-28,239,118,114.18999416666692,114.18999416666692,0.0,1.5779,180.18039179558374,180.18039179558374
2025-08-28,239,119,119.82233333333363,119.82233333333363,0.0,1.6819,201.52918243333383,201.52918243333383
2025-08-28,239,120,110.73160750000015,110.73160750000015,0.0,1.7227,190.75734024025024,190.75734024025024
2025-08-28,239,121,105.77290416666678,105.77290416666678,0.0,1.674,177.06384157500017,177.06384157500017
2025-08-28,239,122,111.34383333333346,111.34383333333346,0.0,1.6337,181.90242051666687,181.90242051666687
2025-08-28,239,123,114.02145416666681,114.02145416666681,0.0,1.672,190.6438713666669,190.6438713666669
2025-08-28,239,124,948.7110141666668,948.7110141666668,0.0,1.4456,1371.4566420793335,1371.4566420793335
2025-08-28,239,125,945.985,945.985,0.0,1.0785,1020.2448225,1020.2448225
2025-08-28,239,126,936.4588008333335,936.4588008333335,0.0,1.0632,995.6429970460001,995.6429970460001
2025-08-28,239,127,922.5742850000001,922.5742850000001,0.0,1.0968,1011.8794757880001,1011.8794757880001
2025-08-28,239,128,927.5347500000001,927.5347500000001,0.0,1.0703,992.7404429250001,992.7404429250001
2025-08-28,239,129,954.0514291666667,954.0514291666667,0.0,1.1381,1085.8059315345834,1085.8059315345834
2025-08-28,239,130,885.0177941666669,885.0177941666669,0.0,0.9393,831.2972140607503,831.2972140607503
2025-08-28,239,131,1597.9845833333334,1597.9845833333334,0.0,0.5768,921.7175076666666,921.7175076666666
2025-08-28,239,132,1594.476915,1594.476915,0.0,0.5506,877.918989399,877.918989399
2025-08-28,239,133,766.2781616666668,766.2781616666668,0.0,0.5799,444.3647059505001,444.3647059505001
2025-08-28,239,134,734.3554999999999,734.3554999999999,0.0,0.5161,379.00087354999994,379.00087354999994
2025-08-28,239,135,798.2043021027399,798.2043021027399,0.0,0.5042,402.45460912020144,402.45460912020144
2025-08-28,239,136,738.600415,738.600415,0.0,0.527,389.24241870500003,389.24241870500003
2025-08-28,239,137,725.2175,725.2175,0.0,0.5396,391.32736299999993,391.32736299999993
2025-08-28,239,138,1570.8008441666666,1570.8008441666666,0.0,0.5241,823.25672242775,823.25672242775
2025-08-28,239,139,1573.1900316666665,1573.1900316666665,0.0,0.5011,788.3255248681666,788.3255248681666
2025-08-28,239,140,1568.7111666666665,1568.7111666666665,0.0,0.4908,769.9234405999999,769.9234405999999
2025-08-28,239,141,750.9453175,750.9453175,0.0,0.4917,369.23981261475,369.23981261475
2025-08-28,239,142,730.5796808333334,730.5796808333334,0.0,0.4556,332.8521025876667,332.8521025876667
2025-08-28,239,143,1497.9845416666667,1497.9845416666667,0.0,0.4101,614.3234605375001,614.3234605375001
2025-08-29,240,0,625.8522966666667,625.8522966666667,0.0,0.4278,267.73961251400004,267.73961251400004
2025-08-29,240,1,0.1611651948284397,0.1611651948284397,0.0,0.4198,0.06765714878897898,0.06765714878897898
2025-08-29,240,2,0.0,0.0,0.0,0.3803,0.0,0.0
2025-08-29,240,3,0.0,0.0,0.0,0.3947,0.0,0.0
2025-08-29,240,4,615.4384241666667,615.4384241666667,0.0,0.4186,257.6225243561667,257.6225243561667
2025-08-29,240,5,1462.0005833333332,1462.0005833333332,0.0,0.4239,619.742047275,619.742047275
2025-08-29,240,6,643.4784375,643.4784375,0.0,0.4307,277.14616303125,277.14616303125
2025-08-29,240,7,634.8965416666667,634.8965416666667,0.0,0.4467,283.6082851625,283.6082851625
2025-08-29,240,8,0.0,0.0,0.0,0.4447,0.0,0.0
2025-08-29,240,9,0.0,0.0,0.0,0.3979,0.0,0.0
2025-08-29,240,10,0.0,0.0,0.0,0.4018,0.0,0.0
2025-08-29,240,11,599.5195833333333,599.5195833333333,0.0,0.4423,265.16751170833334,265.16751170833334
2025-08-29,240,12,631.6609350000001,631.6609350000001,0.0,0.4112,259.73897647200005,259.73897647200005
2025-08-29,240,13,640.7143141666666,640.7143141666666,0.0,0.3829,245.32951089441664,245.32951089441664
2025-08-29,240,14,614.7821666666667,614.7821666666667,0.0,0.3995,245.60547558333337,245.60547558333337
2025-08-29,240,15,0.0,0.0,0.0,0.4222,0.0,0.0
2025-08-29,240,16,0.0,0.0,0.0,0.4113,0.0,0.0
2025-08-29,240,17,621.3195833333334,621.3195833333334,0.0,0.3807,236.53636537500003,236.53636537500003
2025-08-29,240,18,956.6116450881937,956.6116450881937,0.0,0.379,362.5558134884254,362.5558134884254
2025-08-29,240,19,1459.3433275,1459.3433275,0.0,0.3795,553.82079278625,553.82079278625
2025-08-29,240,20,603.4227500000001,603.4227500000001,0.0,0.3618,218.31835095000002,218.31835095000002
2025-08-29,240,21,593.3047675,593.3047675,0.0,0.3408,202.19826476400002,202.19826476400002
2025-08-29,240,22,0.0,0.0,0.0,0.3634,0.0,0.0
2025-08-29,240,23,0.0,0.0,0.0,0.4225,0.0,0.0
2025-08-29,240,24,590.7691708333334,590.7691708333334,0.0,0.4544,268.4455112266667,268.4455112266667
2025-08-29,240,25,1419.0235175,1419.0235175,0.0,0.4206,596.8412914605,596.8412914605
2025-08-29,240,26,606.9639166666667,606.9639166666667,0.0,0.3849,233.62041152500004,233.62041152500004
2025-08-29,240,27,1426.0385975,1426.0385975,0.0,0.4451,634.72977974725,634.72977974725
2025-08-29,240,28,742.3522447222233,742.3522447222233,0.0,0.4592,340.88815077644495,340.88815077644495
2025-08-29,240,29,556.7101666666666,556.7101666666666,0.0,0.3889,216.50458381666667,216.50458381666667
2025-08-29,240,30,1387.5569833333334,1387.5569833333334,0.0,0.3435,476.6258237750001,476.6258237750001
2025-08-29,240,31,1397.0173066666666,1397.0173066666666,0.0,0.3628,506.83787885866667,506.83787885866667
2025-08-29,240,32,563.76725,563.76725,0.0,0.3768,212.42749980000002,212.42749980000002
2025-08-29,240,33,1360.7895533333333,1360.7895533333333,0.0,0.3209,436.6773676646667,436.6773676646667
2025-08-29,240,34,0.0,0.0,0.0,0.4933,0.0,0.0
2025-08-29,240,35,0.0,0.0,0.0,0.7705,0.0,0.0
2025-08-29,240,36,0.0,0.0,0.0,0.7195,0.0,0.0
2025-08-29,240,37,0.0,0.0,0.0,0.6987,0.0,0.0
2025-08-29,240,38,0.0,0.0,0.0,0.7908,0.0,0.0
2025-08-29,240,39,0.0,0.0,0.0,0.7161,0.0,0.0
2025-08-29,240,40,0.0,0.0,0.0,0.6529,0.0,0.0
2025-08-29,240,41,0.0,0.0,0.0,0.6794,0.0,0.0
2025-08-29,240,42,0.0,0.0,0.0,0.6816,0.0,0.0
2025-08-29,240,43,0.0,0.0,0.0,0.6541,0.0,0.0
2025-08-29,240,44,0.0,0.0,0.0,0.5898,0.0,0.0
2025-08-29,240,45,0.0,0.0,0.0,0.5141,0.0,0.0
2025-08-29,240,46,0.0,0.0,0.0,0.6875,0.0,0.0
2025-08-29,240,47,0.0,0.0,0.0,0.9665,0.0,0.0
2025-08-29,240,48,0.0,0.0,0.0,0.9192,0.0,0.0
2025-08-29,240,49,0.0,0.0,0.0,0.8005,0.0,0.0
2025-08-29,240,50,0.0,0.0,0.0,0.7749,0.0,0.0
2025-08-29,240,51,0.0,0.0,0.0,0.7607,0.0,0.0
2025-08-29,240,52,0.0,0.0,0.0,0.7586,0.0,0.0
2025-08-29,240,53,0.0,0.0,0.0,0.7644,0.0,0.0
2025-08-29,240,54,0.0,0.0,0.0,0.7513,0.0,0.0
2025-08-29,240,55,0.0,0.0,0.0,0.7169,0.0,0.0
2025-08-29,240,56,0.0,0.0,0.0,0.668,0.0,0.0
2025-08-29,240,57,0.0,0.0,0.0,0.6366,0.0,0.0
2025-08-29,240,58,0.0,0.0,0.0,0.7338,0.0,0.0
2025-08-29,240,59,0.0,0.0,0.0,0.8658,0.0,0.0
2025-08-29,240,60,0.0,0.0,0.0,0.814,0.0,0.0
2025-08-29,240,61,0.0,0.0,0.0,0.7503,0.0,0.0
2025-08-29,240,62,0.0,0.0,0.0,0.7996,0.0,0.0
2025-08-29,240,63,0.0,0.0,0.0,0.869,0.0,0.0
2025-08-29,240,64,0.0,0.0,0.0,0.6092,0.0,0.0
2025-08-29,240,65,0.0,0.0,0.0,0.2093,0.0,0.0
2025-08-29,240,66,0.0,0.0,0.0,0.2248,0.0,0.0
2025-08-29,240,67,0.0,0.0,0.0,0.2929,0.0,0.0
2025-08-29,240,68,0.0,0.0,0.0,0.2374,0.0,0.0
2025-08-29,240,69,0.0,0.0,0.0,0.245,0.0,0.0
2025-08-29,240,70,0.0,0.0,0.0,0.2669,0.0,0.0
2025-08-29,240,71,0.0,0.0,0.0,0.2432,0.0,0.0
2025-08-29,240,72,0.0,0.0,0.0,0.1831,0.0,0.0
2025-08-29,240,73,0.0,0.0,0.0,0.1616,0.0,0.0
2025-08-29,240,74,0.0,0.0,0.0,0.1758,0.0,0.0
2025-08-29,240,75,0.0,0.0,0.0,0.1866,0.0,0.0
2025-08-29,240,76,0.0,0.0,0.0,0.3692,0.0,0.0
2025-08-29,240,77,0.0,0.0,0.0,0.6202,0.0,0.0
2025-08-29,240,78,0.0,0.0,0.0,0.6322,0.0,0.0
2025-08-29,240,79,0.0,0.0,0.0,0.6011,0.0,0.0
2025-08-29,240,80,0.0,0.0,0.0,0.6112,0.0,0.0
2025-08-29,240,81,0.0,0.0,0.0,0.5761,0.0,0.0
2025-08-29,240,82,0.0,0.0,0.0,0.6733,0.0,0.0
2025-08-29,240,83,0.0,0.0,0.0,0.8628,0.0,0.0
2025-08-29,240,84,0.0,0.0,0.0,0.8994,0.0,0.0
2025-08-29,240,85,0.0,0.0,0.0,0.8619,0.0,0.0
2025-08-29,240,86,0.0,0.0,0.0,0.885,0.0,0.0
2025-08-29,240,87,0.0,0.0,0.0,0.9774,0.0,0.0
2025-08-29,240,88,0.0,0.0,0.0,0.7857,0.0,0.0
2025-08-29,240,89,0.0,0.0,0.0,0.4356,0.0,0.0
2025-08-29,240,90,0.0,0.0,0.0,0.4311,0.0,0.0
2025-08-29,240,91,0.0,0.0,0.0,0.5205,0.0,0.0
2025-08-29,240,92,17.772145833333525,17.772145833333525,0.0,0.5337,9.484994231250102,9.484994231250102
2025-08-29,240,93,90.98350250000021,90.98350250000021,0.0,0.5567,50.650515841750114,50.650515841750114
2025-08-29,240,94,154.29839333333325,154.29839333333325,0.0,0.592,91.34464885333328,91.34464885333328
2025-08-29,240,95,189.55093750000015,189.55093750000015,0.0,0.624,118.27978500000009,118.27978500000009
2025-08-29,240,96,254.14923833333341,254.14923833333341,0.0,0.6507,165.37490938350004,165.37490938350004
2025-08-29,240,97,330.7024866666668,330.7024866666668,0.0,0.6995,231.32638942333344,231.32638942333344
2025-08-29,240,98,393.4111666666669,393.4111666666669,0.0,0.737,289.9440298333335,289.9440298333335
2025-08-29,240,99,452.0728833333334,452.0728833333334,0.0,0.6996,316.27018918000005,316.27018918000005
2025-08-29,240,100,467.67118083333344,467.67118083333344,0.0,0.6745,315.4442114720834,315.4442114720834
2025-08-29,240,101,471.6532916666666,471.6532916666666,0.0,0.6928,326.7614004666666,326.7614004666666
2025-08-29,240,102,552.5573583333332,552.5573583333332,0.0,0.7091,391.81842279416657,391.81842279416657
2025-08-29,240,103,621.1863991666668,621.1863991666668,0.0,0.7462,463.52929105816673,463.52929105816673
2025-08-29,240,104,648.1426458333334,648.1426458333334,0.0,0.7821,506.9123633062501,506.9123633062501
2025-08-29,240,105,707.8961966666668,707.8961966666668,0.0,0.7915,560.2998396616667,560.2998396616667
2025-08-29,240,106,704.9659991666667,704.9659991666667,0.0,0.9725,685.5794341895834,685.5794341895834
2025-08-29,240,107,664.6648333333333,664.6648333333333,0.0,1.2292,817.0060131333333,817.0060131333333
2025-08-29,240,108,715.0465366666667,715.0465366666667,0.0,1.2451,890.3044428036668,890.3044428036668
2025-08-29,240,109,777.215665,777.215665,0.0,1.2134,943.0734879109999,943.0734879109999
2025-08-29,240,110,790.0066875000001,790.0066875000001,0.0,1.2379,977.9492784562501,977.9492784562501
2025-08-29,240,111,781.8314141666666,781.8314141666666,0.0,1.2413,970.4873344050833,970.4873344050833
2025-08-29,240,112,437.75368704840236,437.75368704840236,0.0,1.2988,568.554488738465,568.554488738465
2025-08-29,240,113,0.0,0.0,0.0,1.396,0.0,0.0
2025-08-29,240,114,0.0,0.0,0.0,1.4292,0.0,0.0
2025-08-29,240,115,0.0,0.0,0.0,1.4538,0.0,0.0
2025-08-29,240,116,0.0,0.0,0.0,1.482,0.0,0.0
2025-08-29,240,117,0.0,0.0,0.0,1.4657,0.0,0.0
2025-08-29,240,118,0.0,0.0,0.0,1.4509,0.0,0.0
2025-08-29,240,119,0.0,0.0,0.0,1.4853,0.0,0.0
2025-08-29,240,120,0.0,0.0,0.0,1.5608,0.0,0.0
2025-08-29,240,121,0.0,0.0,0.0,1.5469,0.0,0.0
2025-08-29,240,122,0.0,0.0,0.0,1.4894,0.0,0.0
2025-08-29,240,123,0.0,0.0,0.0,1.5154,0.0,0.0
2025-08-29,240,124,792.3382191666667,792.3382191666667,0.0,1.2761,1011.1028014785834,1011.1028014785834
2025-08-29,240,125,863.2891564814817,863.2891564814817,0.0,0.8738,754.3420649335187,754.3420649335187
2025-08-29,240,126,1635.0185883333334,1635.0185883333334,0.0,0.805,1316.1899636083335,1316.1899636083335
2025-08-29,240,127,812.6425291666667,812.6425291666667,0.0,0.8639,702.0418809470833,702.0418809470833
2025-08-29,240,128,807.1707500000001,807.1707500000001,0.0,0.8929,720.7227626750001,720.7227626750001
2025-08-29,240,129,0.0,0.0,0.0,0.9073,0.0,0.0
2025-08-29,240,130,770.3151116666668,770.3151116666668,0.0,0.7117,548.2332649731668,548.2332649731668
2025-08-29,240,131,663.2409166666667,663.2409166666667,0.0,0.4374,290.10157695000004,290.10157695000004
2025-08-29,240,132,1505.7403991666667,1505.7403991666667,0.0,0.4428,666.741848751,666.741848751
2025-08-29,240,133,763.2561221027398,763.2561221027398,0.0,0.4807,366.89721789478705,366.89721789478705
2025-08-29,240,134,1512.8870833333333,1512.8870833333333,0.0,0.4483,678.2272794583333,678.2272794583333
2025-08-29,240,135,631.7864266666668,631.7864266666668,0.0,0.4803,303.44702072800004,303.44702072800004
2025-08-29,240,136,635.3115766666667,635.3115766666667,0.0,0.4705,298.9140968216667,298.9140968216667
2025-08-29,240,137,674.6215000000001,674.6215000000001,0.0,0.414,279.29330100000004,279.29330100000004
2025-08-29,240,138,1494.4849450000002,1494.4849450000002,0.0,0.4226,631.5693377570001,631.5693377570001
2025-08-29,240,139,1472.9245641666666,1472.9245641666666,0.0,0.4204,619.2174867756667,619.2174867756667
2025-08-29,240,140,1477.00625,1477.00625,0.0,0.4126,609.41277875,609.41277875
2025-08-29,240,141,1485.3462749999999,1485.3462749999999,0.0,0.4748,705.2424113699999,705.2424113699999
2025-08-29,240,142,616.2519708333334,616.2519708333334,0.0,0.4554,280.64114751750003,280.64114751750003
2025-08-29,240,143,640.6784583333334,640.6784583333334,0.0,0.3776,241.92018586666669,241.92018586666669
2025-08-30,241,0,589.4511525,589.4511525,0.0,0.4195,247.27475847375,247.27475847375
2025-08-30,241,1,602.7270825,602.7270825,0.0,0.4536,273.397004622,273.397004622
2025-08-30,241,2,0.0,0.0,0.0,0.4295,0.0,0.0
2025-08-30,241,3,0.0,0.0,0.0,0.4303,0.0,0.0
2025-08-30,241,4,0.0,0.0,0.0,0.4475,0.0,0.0
2025-08-30,241,5,0.0,0.0,0.0,0.4433,0.0,0.0
2025-08-30,241,6,0.0,0.0,0.0,0.3973,0.0,0.0
2025-08-30,241,7,562.5390175,562.5390175,0.0,0.3767,211.90844789225,211.90844789225
2025-08-30,241,8,1389.8569166666666,1389.8569166666666,0.0,0.4066,565.1158223166667,565.1158223166667
2025-08-30,241,9,559.0395416666667,559.0395416666667,0.0,0.4464,249.5552514,249.5552514
2025-08-30,241,10,0.0,0.0,0.0,0.4514,0.0,0.0
2025-08-30,241,11,0.0,0.0,0.0,0.4279,0.0,0.0
2025-08-30,241,12,355.79174852420164,355.79174852420164,0.0,0.4179,148.68537170826386,148.68537170826386
2025-08-30,241,13,0.0,0.0,0.0,0.398,0.0,0.0
2025-08-30,241,14,0.0,0.0,0.0,0.3827,0.0,0.0
2025-08-30,241,15,542.8110266666667,542.8110266666667,0.0,0.4176,226.67788473600004,226.67788473600004
2025-08-30,241,16,533.3469541666667,533.3469541666667,0.0,0.4521,241.12615797875003,241.12615797875003
2025-08-30,241,17,541.0636666666667,541.0636666666667,0.0,0.4444,240.44869346666667,240.44869346666667
2025-08-30,241,18,556.9049258333333,556.9049258333333,0.0,0.4015,223.59732772208335,223.59732772208335
2025-08-30,241,19,541.4108008333334,541.4108008333334,0.0,0.3915,211.96232852625002,211.96232852625002
2025-08-30,241,20,511.5950833333334,511.5950833333334,0.0,0.4042,206.78673268333335,206.78673268333335
2025-08-30,241,21,525.4833241666666,525.4833241666666,0.0,0.3694,194.11353994716666,194.11353994716666
2025-08-30,241,22,549.2683075,549.2683075,0.0,0.3506,192.5734686095,192.5734686095
2025-08-30,241,23,1383.6039999999998,1383.6039999999998,0.0,0.3597,497.6823588,497.6823588
2025-08-30,241,24,881.2504080806455,881.2504080806455,0.0,0.3501,308.525767869034,308.525767869034
2025-08-30,241,25,0.00229106075250295,0.00229106075250295,0.0,0.3812,0.0008733523588541245,0.0008733523588541245
2025-08-30,241,26,0.0,0.0,0.0,0.4315,0.0,0.0
2025-08-30,241,27,1365.43914,1365.43914,0.0,0.4115,561.87820611,561.87820611
2025-08-30,241,28,843.6058668518538,843.6058668518538,0.0,0.3903,329.2593698322785,329.2593698322785
2025-08-30,241,29,0.0,0.0,0.0,0.3955,0.0,0.0
2025-08-30,241,30,503.288235,503.288235,0.0,0.3929,197.74194753150002,197.74194753150002
2025-08-30,241,31,1338.0058266666665,1338.0058266666665,0.0,0.4255,569.3214792466666,569.3214792466666
2025-08-30,241,32,1350.0070624999998,1350.0070624999998,0.0,0.437,589.9530863125,589.9530863125
2025-08-30,241,33,1314.5903791666667,1314.5903791666667,0.0,0.351,461.4212230875,461.4212230875
2025-08-30,241,34,0.0,0.0,0.0,0.4667,0.0,0.0
2025-08-30,241,35,0.0,0.0,0.0,0.7225,0.0,0.0
2025-08-30,241,36,0.0,0.0,0.0,0.7356,0.0,0.0
2025-08-30,241,37,0.0,0.0,0.0,0.6544,0.0,0.0
2025-08-30,241,38,0.0,0.0,0.0,0.626,0.0,0.0
2025-08-30,241,39,0.0,0.0,0.0,0.6399,0.0,0.0
2025-08-30,241,40,0.0,0.0,0.0,0.6161,0.0,0.0
2025-08-30,241,41,0.0,0.0,0.0,0.5804,0.0,0.0
2025-08-30,241,42,0.0,0.0,0.0,0.6286,0.0,0.0
2025-08-30,241,43,0.0,0.0,0.0,0.6566,0.0,0.0
2025-08-30,241,44,0.0,0.0,0.0,0.5902,0.0,0.0
2025-08-30,241,45,0.0,0.0,0.0,0.4852,0.0,0.0
2025-08-30,241,46,0.0,0.0,0.0,0.5758,0.0,0.0
2025-08-30,241,47,0.0,0.0,0.0,0.7758,0.0,0.0
2025-08-30,241,48,0.0,0.0,0.0,0.7601,0.0,0.0
2025-08-30,241,49,0.0,0.0,0.0,0.6951,0.0,0.0
2025-08-30,241,50,0.0,0.0,0.0,0.6802,0.0,0.0
2025-08-30,241,51,0.0,0.0,0.0,0.6491,0.0,0.0
2025-08-30,241,52,0.0,0.0,0.0,0.6474,0.0,0.0
2025-08-30,241,53,0.0,0.0,0.0,0.6746,0.0,0.0
2025-08-30,241,54,0.0,0.0,0.0,0.6753,0.0,0.0
2025-08-30,241,55,0.0,0.0,0.0,0.6778,0.0,0.0
2025-08-30,241,56,0.0,0.0,0.0,0.6615,0.0,0.0
2025-08-30,241,57,0.0,0.0,0.0,0.588,0.0,0.0
2025-08-30,241,58,0.0,0.0,0.0,0.6222,0.0,0.0
2025-08-30,241,59,0.0,0.0,0.0,0.748,0.0,0.0
2025-08-30,241,60,0.0,0.0,0.0,0.7772,0.0,0.0
2025-08-30,241,61,0.0,0.0,0.0,0.7633,0.0,0.0
2025-08-30,241,62,0.0,0.0,0.0,0.789,0.0,0.0
2025-08-30,241,63,0.0,0.0,0.0,0.8247,0.0,0.0
2025-08-30,241,64,0.0,0.0,0.0,0.5482,0.0,0.0
2025-08-30,241,65,0.0,0.0,0.0,0.134,0.0,0.0
2025-08-30,241,66,0.0,0.0,0.0,0.115,0.0,0.0
2025-08-30,241,67,0.0,0.0,0.0,0.1928,0.0,0.0
2025-08-30,241,68,0.0,0.0,0.0,0.1914,0.0,0.0
2025-08-30,241,69,0.0,0.0,0.0,0.2213,0.0,0.0
2025-08-30,241,70,0.0,0.0,0.0,0.1987,0.0,0.0
2025-08-30,241,71,0.0,0.0,0.0,0.156,0.0,0.0
2025-08-30,241,72,0.0,0.0,0.0,0.2207,0.0,0.0
2025-08-30,241,73,0.0,0.0,0.0,0.2358,0.0,0.0
2025-08-30,241,74,0.0,0.0,0.0,0.1591,0.0,0.0
2025-08-30,241,75,0.0,0.0,0.0,0.1339,0.0,0.0
2025-08-30,241,76,0.0,0.0,0.0,0.2844,0.0,0.0
2025-08-30,241,77,0.0,0.0,0.0,0.5132,0.0,0.0
2025-08-30,241,78,0.0,0.0,0.0,0.5953,0.0,0.0
2025-08-30,241,79,0.0,0.0,0.0,0.6456,0.0,0.0
2025-08-30,241,80,0.0,0.0,0.0,0.6734,0.0,0.0
2025-08-30,241,81,0.0,0.0,0.0,0.5928,0.0,0.0
2025-08-30,241,82,0.0,0.0,0.0,0.6902,0.0,0.0
2025-08-30,241,83,0.0,0.0,0.0,0.919,0.0,0.0
2025-08-30,241,84,0.0,0.0,0.0,0.9306,0.0,0.0
2025-08-30,241,85,0.0,0.0,0.0,0.8779,0.0,0.0
2025-08-30,241,86,0.0,0.0,0.0,0.9209,0.0,0.0
2025-08-30,241,87,0.0,0.0,0.0,1.0265,0.0,0.0
2025-08-30,241,88,0.0,0.0,0.0,0.898,0.0,0.0
2025-08-30,241,89,0.0,0.0,0.0,0.596,0.0,0.0
2025-08-30,241,90,0.0,0.0,0.0,0.4957,0.0,0.0
2025-08-30,241,91,0.0,0.0,0.0,0.5427,0.0,0.0
2025-08-30,241,92,0.0,0.0,0.0,0.599,0.0,0.0
2025-08-30,241,93,0.0,0.0,0.0,0.5933,0.0,0.0
2025-08-30,241,94,23.179614166666852,23.179614166666852,0.0,0.601,13.930948114166778,13.930948114166778
2025-08-30,241,95,62.1608958333336,62.1608958333336,0.0,0.6313,39.2421735395835,39.2421735395835
2025-08-30,241,96,90.65701750000017,90.65701750000017,0.0,0.6235,56.52465041125011,56.52465041125011
2025-08-30,241,97,153.7413775,153.7413775,0.0,0.6456,99.25543331399999,99.25543331399999
2025-08-30,241,98,230.88827083333342,230.88827083333342,0.0,0.6963,160.76750298125006,160.76750298125006
2025-08-30,241,99,280.0934216666667,280.0934216666667,0.0,0.6983,195.58923634983336,195.58923634983336
2025-08-30,241,100,293.7818358333334,293.7818358333334,0.0,0.6788,199.4191101636667,199.4191101636667
2025-08-30,241,101,297.84302083333336,297.84302083333336,0.0,0.672,200.15051000000003,200.15051000000003
2025-08-30,241,102,334.55074750000006,334.55074750000006,0.0,0.6898,230.77310562550002,230.77310562550002
2025-08-30,241,103,391.82938,391.82938,0.0,0.7346,287.83786254800003,287.83786254800003
2025-08-30,241,104,450.55572916666677,450.55572916666677,0.0,0.7717,347.6938561979168,347.6938561979168
2025-08-30,241,105,504.4326083333334,504.4326083333334,0.0,0.7842,395.5760514550001,395.5760514550001
2025-08-30,241,106,539.5346666666667,539.5346666666667,0.0,0.9492,512.1263056,512.1263056
2025-08-30,241,107,567.4780833333334,567.4780833333334,0.0,1.1939,677.5120836916667,677.5120836916667
2025-08-30,241,108,613.9081991666667,613.9081991666667,0.0,1.2471,765.6049151807501,765.6049151807501
2025-08-30,241,109,658.8614483333333,658.8614483333333,0.0,1.233,812.376165795,812.376165795
2025-08-30,241,110,663.9151203817364,663.9151203817364,0.0,1.2178,808.5158336008786,808.5158336008786
2025-08-30,241,111,698.6980483333333,698.6980483333333,0.0,1.1654,814.2627055276666,814.2627055276666
2025-08-30,241,112,0.0,0.0,0.0,1.2615,0.0,0.0
2025-08-30,241,113,0.0,0.0,0.0,1.4696,0.0,0.0
2025-08-30,241,114,0.0,0.0,0.0,1.5436,0.0,0.0
2025-08-30,241,115,0.0,0.0,0.0,1.5162,0.0,0.0
2025-08-30,241,116,0.0,0.0,0.0,1.4725,0.0,0.0
2025-08-30,241,117,0.0,0.0,0.0,1.4614,0.0,0.0
2025-08-30,241,118,0.0,0.0,0.0,1.4673,0.0,0.0
2025-08-30,241,119,0.0,0.0,0.0,1.486,0.0,0.0
2025-08-30,241,120,0.0,0.0,0.0,1.5187,0.0,0.0
2025-08-30,241,121,0.0,0.0,0.0,1.4897,0.0,0.0
2025-08-30,241,122,0.0,0.0,0.0,1.4801,0.0,0.0
2025-08-30,241,123,0.0,0.0,0.0,1.5978,0.0,0.0
2025-08-30,241,124,0.0,0.0,0.0,1.3863,0.0,0.0
2025-08-30,241,125,696.7794166666667,696.7794166666667,0.0,0.9429,656.9933119750001,656.9933119750001
2025-08-30,241,126,696.7228875000001,696.7228875000001,0.0,0.8568,596.95217001,596.95217001
2025-08-30,241,127,698.5618408333333,698.5618408333333,0.0,0.909,634.9927133175,634.9927133175
2025-08-30,241,128,706.2782500000001,706.2782500000001,0.0,0.9432,666.1616454000001,666.1616454000001
2025-08-30,241,129,723.2536466666667,723.2536466666667,0.0,0.9912,716.889014576,716.889014576
2025-08-30,241,130,678.5389308333334,678.5389308333334,0.0,0.7716,523.560639031,523.560639031
2025-08-30,241,131,649.0232655286654,649.0232655286654,0.0,0.4118,267.26778074470445,267.26778074470445
2025-08-30,241,132,1420.273745,1420.273745,0.0,0.3614,513.286931443,513.286931443
2025-08-30,241,133,1438.2602208333333,1438.2602208333333,0.0,0.4101,589.83051656375,589.83051656375
2025-08-30,241,134,611.3524166666666,611.3524166666666,0.0,0.4106,251.0213022833333,251.0213022833333
2025-08-30,241,135,604.6570233333333,604.6570233333333,0.0,0.4244,256.61644070266664,256.61644070266664
2025-08-30,241,136,608.8079358333334,608.8079358333334,0.0,0.4164,253.50762448100005,253.50762448100005
2025-08-30,241,137,1450.5894166666667,1450.5894166666667,0.0,0.381,552.67456775,552.67456775
2025-08-30,241,138,1433.7024274999999,1433.7024274999999,0.0,0.3693,529.46630647575,529.46630647575
2025-08-30,241,139,1419.8056141666666,1419.8056141666666,0.0,0.4263,605.26313331925,605.26313331925
2025-08-30,241,140,592.0188333333333,592.0188333333333,0.0,0.5073,300.33115415,300.33115415
2025-08-30,241,141,1428.9466258333332,1428.9466258333332,0.0,0.519,741.6232988075,741.6232988075
2025-08-30,241,142,1457.3315991666668,1457.3315991666668,0.0,0.5204,758.3953642063334,758.3953642063334
2025-08-30,241,143,0.0,0.0,0.0,0.5397,0.0,0.0
2025-08-31,242,0,698.8611866666668,698.8611866666668,0.0,0.5409,378.01401586800006,378.01401586800006
2025-08-31,242,1,684.4049858333334,684.4049858333334,0.0,0.5118,350.27847174950006,350.27847174950006
2025-08-31,242,2,0.0,0.0,0.0,0.4892,0.0,0.0
2025-08-31,242,3,0.0,0.0,0.0,0.5215,0.0,0.0
2025-08-31,242,4,696.4139183333334,696.4139183333334,0.0,0.5373,374.1831983205,374.1831983205
2025-08-31,242,5,685.4061666666666,685.4061666666666,0.0,0.5048,345.9930329333333,345.9930329333333
2025-08-31,242,6,0.0,0.0,0.0,0.4629,0.0,0.0
2025-08-31,242,7,0.0,0.0,0.0,0.449,0.0,0.0
2025-08-31,242,8,649.3100000000001,649.3100000000001,0.0,0.4672,303.357632,303.357632
2025-08-31,242,9,656.7555583333334,656.7555583333334,0.0,0.4885,320.82509024583334,320.82509024583334
2025-08-31,242,10,653.9823375000001,653.9823375000001,0.0,0.4817,315.0232919737501,315.0232919737501
2025-08-31,242,11,645.4509166666667,645.4509166666667,0.0,0.4666,301.1673977166667,301.1673977166667
2025-08-31,242,12,198.26410718393475,198.26410718393475,0.0,0.4873,96.61409943073141,96.61409943073141
2025-08-31,242,13,0.0,0.0,0.0,0.4839,0.0,0.0
2025-08-31,242,14,663.6522500000001,663.6522500000001,0.0,0.4448,295.1925208,295.1925208
2025-08-31,242,15,643.5451758333334,643.5451758333334,0.0,0.4231,272.28396389508333,272.28396389508333
2025-08-31,242,16,625.4479191666667,625.4479191666667,0.0,0.4326,270.5687698315,270.5687698315
2025-08-31,242,17,621.2465000000001,621.2465000000001,0.0,0.4788,297.45282420000007,297.45282420000007
2025-08-31,242,18,624.2113466666667,624.2113466666667,0.0,0.545,340.1951839333334,340.1951839333334
2025-08-31,242,19,0.0,0.0,0.0,0.5216,0.0,0.0
2025-08-31,242,20,619.0968333333334,619.0968333333334,0.0,0.4376,270.91677426666666,270.91677426666666
2025-08-31,242,21,615.6564099999999,615.6564099999999,0.0,0.4362,268.54932604199996,268.54932604199996
2025-08-31,242,22,614.2798225,614.2798225,0.0,0.474,291.168635865,291.168635865
2025-08-31,242,23,613.45525,613.45525,0.0,0.5014,307.58646235,307.58646235
2025-08-31,242,24,1027.1082639891872,1027.1082639891872,0.0,0.5126,526.4956961208574,526.4956961208574
2025-08-31,242,25,1450.2521525,1450.2521525,0.0,0.5076,736.1479926090001,736.1479926090001
2025-08-31,242,26,1441.9664166666666,1441.9664166666666,0.0,0.4956,714.6385561,714.6385561
2025-08-31,242,27,1442.4731183333333,1442.4731183333333,0.0,0.4889,705.2251075531667,705.2251075531667
2025-08-31,242,28,1437.3151441666666,1437.3151441666666,0.0,0.4774,686.1742498251666,686.1742498251666
2025-08-31,242,29,588.3875000000002,588.3875000000002,0.0,0.4557,268.12818375000006,268.12818375000006
2025-08-31,242,30,1415.8726233333332,1415.8726233333332,0.0,0.4319,611.5153860176666,611.5153860176666
2025-08-31,242,31,597.2304391666668,597.2304391666668,0.0,0.4283,255.7937970950834,255.7937970950834
2025-08-31,242,32,606.452625,606.452625,0.0,0.4229,256.4688151125,256.4688151125
2025-08-31,242,33,1402.7204683333334,1402.7204683333334,0.0,0.4119,577.7805609065,577.7805609065
2025-08-31,242,34,0.0,0.0,0.0,0.6359,0.0,0.0
2025-08-31,242,35,0.0,0.0,0.0,0.9696,0.0,0.0
2025-08-31,242,36,0.0,0.0,0.0,1.0067,0.0,0.0
2025-08-31,242,37,0.0,0.0,0.0,0.9209,0.0,0.0
2025-08-31,242,38,0.0,0.0,0.0,0.8766,0.0,0.0
2025-08-31,242,39,0.0,0.0,0.0,0.867,0.0,0.0
2025-08-31,242,40,0.0,0.0,0.0,0.8381,0.0,0.0
2025-08-31,242,41,0.0,0.0,0.0,0.8013,0.0,0.0
2025-08-31,242,42,0.0,0.0,0.0,0.8134,0.0,0.0
2025-08-31,242,43,0.0,0.0,0.0,0.815,0.0,0.0
2025-08-31,242,44,0.0,0.0,0.0,0.7663,0.0,0.0
2025-08-31,242,45,0.0,0.0,0.0,0.7176,0.0,0.0
2025-08-31,242,46,0.0,0.0,0.0,0.8695,0.0,0.0
2025-08-31,242,47,0.0,0.0,0.0,1.1221,0.0,0.0
2025-08-31,242,48,0.0,0.0,0.0,1.1568,0.0,0.0
2025-08-31,242,49,0.0,0.0,0.0,1.1199,0.0,0.0
2025-08-31,242,50,0.0,0.0,0.0,1.0967,0.0,0.0
2025-08-31,242,51,0.0,0.0,0.0,1.0301,0.0,0.0
2025-08-31,242,52,0.0,0.0,0.0,1.0119,0.0,0.0
2025-08-31,242,53,0.0,0.0,0.0,1.0308,0.0,0.0
2025-08-31,242,54,0.0,0.0,0.0,0.9821,0.0,0.0
2025-08-31,242,55,0.0,0.0,0.0,0.9551,0.0,0.0
2025-08-31,242,56,0.0,0.0,0.0,0.95,0.0,0.0
2025-08-31,242,57,0.0,0.0,0.0,0.8982,0.0,0.0
2025-08-31,242,58,0.0,0.0,0.0,0.9948,0.0,0.0
2025-08-31,242,59,0.0,0.0,0.0,1.1656,0.0,0.0
2025-08-31,242,60,0.0,0.0,0.0,1.1226,0.0,0.0
2025-08-31,242,61,0.0,0.0,0.0,1.0605,0.0,0.0
2025-08-31,242,62,0.0,0.0,0.0,1.1092,0.0,0.0
2025-08-31,242,63,0.0,0.0,0.0,1.1598,0.0,0.0
2025-08-31,242,64,0.0,0.0,0.0,0.9265,0.0,0.0
2025-08-31,242,65,0.0,0.0,0.0,0.54,0.0,0.0
2025-08-31,242,66,0.0,0.0,0.0,0.445,0.0,0.0
2025-08-31,242,67,0.0,0.0,0.0,0.5116,0.0,0.0
2025-08-31,242,68,0.0,0.0,0.0,0.5382,0.0,0.0
2025-08-31,242,69,0.0,0.0,0.0,0.4579,0.0,0.0
2025-08-31,242,70,0.0,0.0,0.0,0.4263,0.0,0.0
2025-08-31,242,71,0.0,0.0,0.0,0.4803,0.0,0.0
2025-08-31,242,72,0.0,0.0,0.0,0.5102,0.0,0.0
2025-08-31,242,73,0.0,0.0,0.0,0.5101,0.0,0.0
2025-08-31,242,74,0.0,0.0,0.0,0.4685,0.0,0.0
2025-08-31,242,75,0.0,0.0,0.0,0.4046,0.0,0.0
2025-08-31,242,76,0.0,0.0,0.0,0.5758,0.0,0.0
2025-08-31,242,77,0.0,0.0,0.0,0.8569,0.0,0.0
2025-08-31,242,78,0.0,0.0,0.0,0.8518,0.0,0.0
2025-08-31,242,79,0.0,0.0,0.0,0.8345,0.0,0.0
2025-08-31,242,80,0.0,0.0,0.0,0.8815,0.0,0.0
2025-08-31,242,81,0.0,0.0,0.0,0.8163,0.0,0.0
2025-08-31,242,82,0.0,0.0,0.0,0.9107,0.0,0.0
2025-08-31,242,83,0.0,0.0,0.0,1.1532,0.0,0.0
2025-08-31,242,84,0.0,0.0,0.0,1.2219,0.0,0.0
2025-08-31,242,85,0.0,0.0,0.0,1.1546,0.0,0.0
2025-08-31,242,86,0.0,0.0,0.0,1.1439,0.0,0.0
2025-08-31,242,87,0.0,0.0,0.0,1.2889,0.0,0.0
2025-08-31,242,88,0.0,0.0,0.0,1.1051,0.0,0.0
2025-08-31,242,89,8.772604166666724,8.772604166666724,0.0,0.7026,6.1636316875000405,6.1636316875000405
2025-08-31,242,90,49.928375833333575,49.928375833333575,0.0,0.7007,34.98481294641684,34.98481294641684
2025-08-31,242,91,107.62682083333345,107.62682083333345,0.0,0.8054,86.68264149916676,86.68264149916676
2025-08-31,242,92,175.83333333333348,175.83333333333348,0.0,0.8162,143.5151666666668,143.5151666666668
2025-08-31,242,93,187.7760483333335,187.7760483333335,0.0,0.8399,157.71310299516682,157.71310299516682
2025-08-31,242,94,225.68570416666682,225.68570416666682,0.0,0.887,200.18321959583346,200.18321959583346
2025-08-31,242,95,303.8730833333333,303.8730833333333,0.0,0.909,276.22063274999994,276.22063274999994
2025-08-31,242,96,361.98757583333327,361.98757583333327,0.0,0.8717,315.54456985391664,315.54456985391664
2025-08-31,242,97,428.05697666666674,428.05697666666674,0.0,0.9119,390.3451570223334,390.3451570223334
2025-08-31,242,98,498.14452083333356,498.14452083333356,0.0,1.0072,501.7311613833336,501.7311613833336
2025-08-31,242,99,543.4455558333334,543.4455558333334,0.0,0.9996,543.2281776110001,543.2281776110001
2025-08-31,242,100,557.2905566666668,557.2905566666668,0.0,0.9949,554.4483748276668,554.4483748276668
2025-08-31,242,101,571.1190833333334,571.1190833333334,0.0,1.0293,587.8528724750001,587.8528724750001
2025-08-31,242,102,645.4304400000001,645.4304400000001,0.0,1.0375,669.6340815000002,669.6340815000002
2025-08-31,242,103,715.4761608333336,715.4761608333336,0.0,1.0889,779.0819915314169,779.0819915314169
2025-08-31,242,104,777.7943333333335,777.7943333333335,0.0,1.1485,893.2967918333336,893.2967918333336
2025-08-31,242,105,853.3663458333334,853.3663458333334,0.0,1.1165,952.7835251229168,952.7835251229168
2025-08-31,242,106,819.0632283333333,819.0632283333333,0.0,1.1827,968.7060801498334,968.7060801498334
2025-08-31,242,107,729.4846249999999,729.4846249999999,0.0,1.3507,985.3148829874999,985.3148829874999
2025-08-31,242,108,776.94844,776.94844,0.0,1.424,1106.37457856,1106.37457856
2025-08-31,242,109,841.2149425,841.2149425,0.0,1.4441,1214.7984984642499,1214.7984984642499
2025-08-31,242,110,847.6487500000001,847.6487500000001,0.0,1.4221,1205.441287375,1205.441287375
2025-08-31,242,111,837.0773125000001,837.0773125000001,0.0,1.342,1123.3577533750001,1123.3577533750001
2025-08-31,242,112,834.6200191666667,834.6200191666667,0.0,1.4363,1198.7647335290833,1198.7647335290833
2025-08-31,242,113,3.143833333333646,3.143833333333646,0.0,1.651,5.190468833333849,5.190468833333849
2025-08-31,242,114,0.0,0.0,0.0,1.6865,0.0,0.0
2025-08-31,242,115,54.66809788173316,54.66809788173316,0.0,1.6506,90.23516236358876,90.23516236358876
2025-08-31,242,116,14.451333333333423,14.451333333333423,0.0,1.6438,23.75510173333348,23.75510173333348
2025-08-31,242,117,33.11666583333345,33.11666583333345,0.0,1.6521,54.71204362325019,54.71204362325019
2025-08-31,242,118,20.934789166666803,20.934789166666803,0.0,1.6566,34.68057173350023,34.68057173350023
2025-08-31,242,119,0.0,0.0,0.0,1.6608,0.0,0.0
2025-08-31,242,120,6.133020000000106,6.133020000000106,0.0,1.6679,10.229264058000176,10.229264058000176
2025-08-31,242,121,10.183909166666762,10.183909166666762,0.0,1.6021,16.31564087591682,16.31564087591682
2025-08-31,242,122,6.786750000000211,6.786750000000211,0.0,1.5696,10.652482800000332,10.652482800000332
2025-08-31,242,123,35.05545250000009,35.05545250000009,0.0,1.7034,59.71345778850015,59.71345778850015
2025-08-31,242,124,871.1544608333335,871.1544608333335,0.0,1.4694,1280.0743647485003,1280.0743647485003
2025-08-31,242,125,843.1831666666667,843.1831666666667,0.0,0.9882,833.2336053,833.2336053
2025-08-31,242,126,1669.3471583333333,1669.3471583333333,0.0,0.9489,1584.0435185425,1584.0435185425
2025-08-31,242,127,849.8056041666667,849.8056041666667,0.0,1.0369,881.1634309604167,881.1634309604167
2025-08-31,242,128,874.8460000000001,874.8460000000001,0.0,1.0661,932.6733206000001,932.6733206000001
2025-08-31,242,129,141.65702250000004,141.65702250000004,0.0,1.1276,159.73245857100002,159.73245857100002
2025-08-31,242,130,808.8507533333335,808.8507533333335,0.0,0.8953,724.1640794593335,724.1640794593335
2025-08-31,242,131,1515.3954166666667,1515.3954166666667,0.0,0.515,780.4286395833334,780.4286395833334
2025-08-31,242,132,1497.53546,1497.53546,0.0,0.5032,753.559843472,753.559843472
2025-08-31,242,133,695.411165,695.411165,0.0,0.5516,383.588798614,383.588798614
2025-08-31,242,134,1543.6208333333334,1543.6208333333334,0.0,0.5114,789.4076941666666,789.4076941666666
2025-08-31,242,135,1538.5908083333334,1538.5908083333334,0.0,0.5386,828.6850093683333,828.6850093683333
2025-08-31,242,136,1522.34618,1522.34618,0.0,0.5283,804.255486894,804.255486894
2025-08-31,242,137,677.0928333333334,677.0928333333334,0.0,0.478,323.65037433333333,323.65037433333333
2025-08-31,242,138,683.0591616666668,683.0591616666668,0.0,0.5091,347.7454192045001,347.7454192045001
2025-08-31,242,139,1533.3926425,1533.3926425,0.0,0.5539,849.34618468075,849.34618468075
2025-08-31,242,140,771.4720896027403,771.4720896027403,0.0,0.5549,428.0898625205606,428.0898625205606
2025-08-31,242,141,695.3437141666667,695.3437141666667,0.0,0.5183,360.3966470525833,360.3966470525833
2025-08-31,242,142,708.2034124999999,708.2034124999999,0.0,0.4663,330.23525124874993,330.23525124874993
2025-08-31,242,143,744.3527916666667,744.3527916666667,0.0,0.4286,319.0296065083333,319.0296065083333
