date,day_index,plan_j,B_kwh,A_kwh,delta_A_minus_B_kwh,price_yuan_per_kwh,plan_reference_fee_yuan,final_regular_fee_yuan
2025-12-01,334,0,0.20558500806123448,0.20558500806123448,0.0,0.4668,0.09596708176298425,0.09596708176298425
2025-12-01,334,1,574.2506625,574.2506625,0.0,0.459,263.5810540875,263.5810540875
2025-12-01,334,2,1410.2945833333333,1410.2945833333333,0.0,0.4551,641.825064875,641.825064875
2025-12-01,334,3,1400.3296325,1400.3296325,0.0,0.4711,659.69528987075,659.69528987075
2025-12-01,334,4,1406.3492975,1406.3492975,0.0,0.4726,664.6406779985,664.6406779985
2025-12-01,334,5,585.9220833333334,585.9220833333334,0.0,0.4604,269.7585271666667,269.7585271666667
2025-12-01,334,6,582.5517933333334,582.5517933333334,0.0,0.4661,271.52739087266673,271.52739087266673
2025-12-01,334,7,804.933925982672,804.933925982672,0.0,0.4548,366.0839495369192,366.0839495369192
2025-12-01,334,8,1427.9167499999999,1427.9167499999999,0.0,0.4441,634.1378286749999,634.1378286749999
2025-12-01,334,9,1415.9572233333333,1415.9572233333333,0.0,0.4865,688.8631891516667,688.8631891516667
2025-12-01,334,10,581.1217883333334,581.1217883333334,0.0,0.5013,291.3163524915,291.3163524915
2025-12-01,334,11,0.0,0.0,0.0,0.4763,0.0,0.0
2025-12-01,334,12,576.7594883333334,576.7594883333334,0.0,0.4806,277.19061009300003,277.19061009300003
2025-12-01,334,13,1404.3264958333334,1404.3264958333334,0.0,0.4973,698.3715663779167,698.3715663779167
2025-12-01,334,14,1411.7123333333332,1411.7123333333332,0.0,0.4904,692.3037282666666,692.3037282666666
2025-12-01,334,15,1412.0312491666666,1412.0312491666666,0.0,0.4519,638.0969214984167,638.0969214984167
2025-12-01,334,16,579.8129258333333,579.8129258333333,0.0,0.4641,269.09117887925004,269.09117887925004
2025-12-01,334,17,0.0002824553071150149,0.0002824553071150149,0.0,0.4997,0.00014114291696537293,0.00014114291696537293
2025-12-01,334,18,591.5705216666668,591.5705216666668,0.0,0.4567,270.1702572451667,270.1702572451667
2025-12-01,334,19,1247.5108267163255,1247.5108267163255,0.0,0.4576,570.8609543053906,570.8609543053906
2025-12-01,334,20,603.2998333333334,603.2998333333334,0.0,0.5092,307.2002751333333,307.2002751333333
2025-12-01,334,21,608.8229591666667,608.8229591666667,0.0,0.4888,297.5926624406667,297.5926624406667
2025-12-01,334,22,0.0,0.0,0.0,0.4469,0.0,0.0
2025-12-01,334,23,614.0865833333335,614.0865833333335,0.0,0.4453,273.45275555833337,273.45275555833337
2025-12-01,334,24,595.06491,595.06491,0.0,0.4923,292.95045519300004,292.95045519300004
2025-12-01,334,25,592.1835333333333,592.1835333333333,0.0,0.5218,309.00136769333335,309.00136769333335
2025-12-01,334,26,1291.3921833333343,1291.3921833333343,0.0,0.5213,673.2027451716672,673.2027451716672
2025-12-01,334,27,612.2624958333333,612.2624958333333,0.0,0.5318,325.6011952841667,325.6011952841667
2025-12-01,334,28,612.4085258333334,612.4085258333334,0.0,0.525,321.5144760625001,321.5144760625001
2025-12-01,334,29,611.6640833333335,611.6640833333335,0.0,0.51,311.9486825000001,311.9486825000001
2025-12-01,334,30,612.6993,612.6993,0.0,0.5319,325.89475767000005,325.89475767000005
2025-12-01,334,31,494.42070249999966,494.42070249999966,0.0,0.5575,275.6395416437498,275.6395416437498
2025-12-01,334,32,0.0,0.0,0.0,0.5074,0.0,0.0
2025-12-01,334,33,1420.40285,1420.40285,0.0,0.3889,552.394668365,552.394668365
2025-12-01,334,34,657.9709741666667,657.9709741666667,0.0,0.628,413.20577177666667,413.20577177666667
2025-12-01,334,35,804.9135833333335,804.9135833333335,0.0,1.0747,865.0406280083334,865.0406280083334
2025-12-01,334,36,2.897358333333455,2.897358333333455,0.0,1.1227,3.25286420083347,3.25286420083347
2025-12-01,334,37,0.0,0.0,0.0,1.0516,0.0,0.0
2025-12-01,334,38,0.0,0.0,0.0,1.0707,0.0,0.0
2025-12-01,334,39,0.0,0.0,0.0,1.0994,0.0,0.0
2025-12-01,334,40,0.0,0.0,0.0,1.0956,0.0,0.0
2025-12-01,334,41,792.4369791666667,792.4369791666667,0.0,1.058,838.3983239583334,838.3983239583334
2025-12-01,334,42,736.314205,736.314205,0.0,1.0191,750.3778063154999,750.3778063154999
2025-12-01,334,43,676.3031675000001,676.3031675000001,0.0,1.0262,694.0223104885001,694.0223104885001
2025-12-01,334,44,1146.1467383871131,1146.1467383871131,0.0,1.0086,1156.0036003372422,1156.0036003372422
2025-12-01,334,45,1387.2445775,1387.2445775,0.0,0.8959,1242.8324169822502,1242.8324169822502
2025-12-01,334,46,624.9875741666667,624.9875741666667,0.0,1.0789,674.2990937684167,674.2990937684167
2025-12-01,334,47,0.0,0.0,0.0,1.4345,0.0,0.0
2025-12-01,334,48,0.0,0.0,0.0,1.4229,0.0,0.0
2025-12-01,334,49,0.0,0.0,0.0,1.343,0.0,0.0
2025-12-01,334,50,0.0,0.0,0.0,1.3625,0.0,0.0
2025-12-01,334,51,0.0,0.0,0.0,1.3423,0.0,0.0
2025-12-01,334,52,0.0,0.0,0.0,1.3072,0.0,0.0
2025-12-01,334,53,0.0,0.0,0.0,1.2838,0.0,0.0
2025-12-01,334,54,0.0,0.0,0.0,1.2581,0.0,0.0
2025-12-01,334,55,0.0,0.0,0.0,1.2258,0.0,0.0
2025-12-01,334,56,0.0,0.0,0.0,1.186,0.0,0.0
2025-12-01,334,57,0.0,0.0,0.0,1.1638,0.0,0.0
2025-12-01,334,58,0.0,0.0,0.0,1.2789,0.0,0.0
2025-12-01,334,59,0.0,0.0,0.0,1.4359,0.0,0.0
2025-12-01,334,60,152.8339733333337,152.8339733333337,0.0,1.3979,213.64661132266716,213.64661132266716
2025-12-01,334,61,115.67940083333349,115.67940083333349,0.0,1.3137,151.96802887475022,151.96802887475022
2025-12-01,334,62,0.0,0.0,0.0,1.3199,0.0,0.0
2025-12-01,334,63,51.79388500000027,51.79388500000027,0.0,1.3654,70.71937057900037,70.71937057900037
2025-12-01,334,64,119.81260753881091,119.81260753881091,0.0,1.1188,134.04634531442164,134.04634531442164
2025-12-01,334,65,823.5016250000001,823.5016250000001,0.0,0.7142,588.144860575,588.144860575
2025-12-01,334,66,841.3956575,841.3956575,0.0,0.6396,538.156662537,538.156662537
2025-12-01,334,67,832.80898,832.80898,0.0,0.6731,560.563724438,560.563724438
2025-12-01,334,68,808.5203541666665,808.5203541666665,0.0,0.6616,534.9170663166665,534.9170663166665
2025-12-01,334,69,820.3532733333334,820.3532733333334,0.0,0.6732,552.2618236080001,552.2618236080001
2025-12-01,334,70,789.7130083333334,789.7130083333334,0.0,0.6557,517.8148195641667,517.8148195641667
2025-12-01,334,71,726.9264166666667,726.9264166666667,0.0,0.6204,450.98514889999996,450.98514889999996
2025-12-01,334,72,735.7214741666667,735.7214741666667,0.0,0.6407,471.37674849858337,471.37674849858337
2025-12-01,334,73,738.8189350000001,738.8189350000001,0.0,0.6549,483.8525205315001,483.8525205315001
2025-12-01,334,74,720.5651250000001,720.5651250000001,0.0,0.6148,443.00343885000007,443.00343885000007
2025-12-01,334,75,746.6144116666667,746.6144116666667,0.0,0.5703,425.79419897350004,425.79419897350004
2025-12-01,334,76,787.0438016666667,787.0438016666667,0.0,0.7545,593.8245483575,593.8245483575
2025-12-01,334,77,0.0,0.0,0.0,1.0472,0.0,0.0
2025-12-01,334,78,0.0,0.0,0.0,1.0786,0.0,0.0
2025-12-01,334,79,0.0,0.0,0.0,1.0617,0.0,0.0
2025-12-01,334,80,0.0,0.0,0.0,1.0863,0.0,0.0
2025-12-01,334,81,0.0,0.0,0.0,1.0468,0.0,0.0
2025-12-01,334,82,0.0,0.0,0.0,1.1334,0.0,0.0
2025-12-01,334,83,0.0,0.0,0.0,1.3134,0.0,0.0
2025-12-01,334,84,0.0,0.0,0.0,1.3445,0.0,0.0
2025-12-01,334,85,0.0,0.0,0.0,1.3425,0.0,0.0
2025-12-01,334,86,0.0,0.0,0.0,1.3991,0.0,0.0
2025-12-01,334,87,0.0,0.0,0.0,1.4401,0.0,0.0
2025-12-01,334,88,0.0,0.0,0.0,1.2145,0.0,0.0
2025-12-01,334,89,412.2052708333333,412.2052708333333,0.0,0.8635,355.93925136458336,355.93925136458336
2025-12-01,334,90,1277.7279150000004,1277.7279150000004,0.0,0.8135,1039.4316588525003,1039.4316588525003
2025-12-01,334,91,1318.4959825,1318.4959825,0.0,0.8983,1184.40494107975,1184.40494107975
2025-12-01,334,92,867.8011680555569,867.8011680555569,0.0,0.9525,826.580612572918,826.580612572918
2025-12-01,334,93,598.70281,598.70281,0.0,0.9713,581.520039353,581.520039353
2025-12-01,334,94,651.0665833333333,651.0665833333333,0.0,0.9751,634.8550254083333,634.8550254083333
2025-12-01,334,95,719.7916458333332,719.7916458333332,0.0,0.9872,710.5783127666665,710.5783127666665
2025-12-01,334,96,767.2855591666666,767.2855591666666,0.0,1.0175,780.7130564520834,780.7130564520834
2025-12-01,334,97,804.1750975,804.1750975,0.0,1.0291,827.5765928372499,827.5765928372499
2025-12-01,334,98,846.2935625,846.2935625,0.0,1.0325,873.79810328125,873.79810328125
2025-12-01,334,99,901.6923916666667,901.6923916666667,0.0,1.0717,966.3437361491668,966.3437361491668
2025-12-01,334,100,957.9209116666668,957.9209116666668,0.0,1.0924,1046.4328039046668,1046.4328039046668
2025-12-01,334,101,996.6533333333335,996.6533333333335,0.0,1.1036,1099.9066186666669,1099.9066186666669
2025-12-01,334,102,1006.0473208333335,1006.0473208333335,0.0,1.1632,1170.2342435933335,1170.2342435933335
2025-12-01,334,103,998.4334833333334,998.4334833333334,0.0,1.1753,1173.4588729616667,1173.4588729616667
2025-12-01,334,104,1012.6599166666667,1012.6599166666667,0.0,1.1142,1128.30567915,1128.30567915
2025-12-01,334,105,1050.800395,1050.800395,0.0,1.0659,1120.0481410305001,1120.0481410305001
2025-12-01,334,106,921.1296516666666,921.1296516666666,0.0,1.1209,1032.4942265531665,1032.4942265531665
2025-12-01,334,107,699.38325,699.38325,0.0,1.2316,861.3604107,861.3604107
2025-12-01,334,108,0.0,0.0,0.0,1.2633,0.0,0.0
2025-12-01,334,109,0.0,0.0,0.0,1.2811,0.0,0.0
2025-12-01,334,110,715.0328333333334,715.0328333333334,0.0,1.2911,923.1788911166667,923.1788911166667
2025-12-01,334,111,0.0,0.0,0.0,1.2498,0.0,0.0
2025-12-01,334,112,0.0,0.0,0.0,1.3438,0.0,0.0
2025-12-01,334,113,0.0,0.0,0.0,1.5206,0.0,0.0
2025-12-01,334,114,0.0,0.0,0.0,1.5238,0.0,0.0
2025-12-01,334,115,716.5320641666668,716.5320641666668,0.0,1.4688,1052.4422958480004,1052.4422958480004
2025-12-01,334,116,259.7016495484012,259.7016495484012,0.0,1.4632,379.9954536192206,379.9954536192206
2025-12-01,334,117,0.0,0.0,0.0,1.5002,0.0,0.0
2025-12-01,334,118,0.0,0.0,0.0,1.5299,0.0,0.0
2025-12-01,334,119,724.7280833333334,724.7280833333334,0.0,1.5333,1111.2255701750003,1111.2255701750003
2025-12-01,334,120,0.0,0.0,0.0,1.5254,0.0,0.0
2025-12-01,334,121,0.0,0.0,0.0,1.5009,0.0,0.0
2025-12-01,334,122,0.0,0.0,0.0,1.516,0.0,0.0
2025-12-01,334,123,0.0,0.0,0.0,1.5873,0.0,0.0
2025-12-01,334,124,727.7209308333335,727.7209308333335,0.0,1.3316,969.0331914976667,969.0331914976667
2025-12-01,334,125,725.39675,725.39675,0.0,0.9122,661.70691535,661.70691535
2025-12-01,334,126,718.3283383333335,718.3283383333335,0.0,0.902,647.9321611766668,647.9321611766668
2025-12-01,334,127,720.0164341666667,720.0164341666667,0.0,0.9455,680.7755385045834,680.7755385045834
2025-12-01,334,128,733.8108333333333,733.8108333333333,0.0,0.9198,674.9592044999999,674.9592044999999
2025-12-01,334,129,744.0511283333335,744.0511283333335,0.0,1.0124,753.2773623246668,753.2773623246668
2025-12-01,334,130,671.1550666666668,671.1550666666668,0.0,0.7962,534.3736640800001,534.3736640800001
2025-12-01,334,131,556.8975833333334,556.8975833333334,0.0,0.3952,220.08592493333336,220.08592493333336
2025-12-01,334,132,1370.0257175,1370.0257175,0.0,0.4014,549.9283230044999,549.9283230044999
2025-12-01,334,133,1374.8111191666667,1374.8111191666667,0.0,0.4551,625.67654033275,625.67654033275
2025-12-01,334,134,1368.4416666666666,1368.4416666666666,0.0,0.3765,515.2182875,515.2182875
2025-12-01,334,135,1382.603275,1382.603275,0.0,0.361,499.119782275,499.119782275
2025-12-01,334,136,560.3964058333333,560.3964058333333,0.0,0.4017,225.11123622325002,225.11123622325002
2025-12-01,334,137,566.7654166666667,566.7654166666667,0.0,0.4438,251.53049191666668,251.53049191666668
2025-12-01,334,138,582.3655866666667,582.3655866666667,0.0,0.454,264.3939763466667,264.3939763466667
2025-12-01,334,139,579.1216225000001,579.1216225000001,0.0,0.4517,261.58923688325,261.58923688325
2025-12-01,334,140,623.1788396027404,623.1788396027404,0.0,0.4488,279.6826632137099,279.6826632137099
2025-12-01,334,141,567.9916025,567.9916025,0.0,0.4413,250.65469418325,250.65469418325
2025-12-01,334,142,1405.227585,1405.227585,0.0,0.4455,626.0288891175001,626.0288891175001
2025-12-01,334,143,1394.245,1394.245,0.0,0.4603,641.7709735,641.7709735
2025-12-02,335,0,0.020937223680675743,0.020937223680675743,0.0,0.4657,0.009750465068090693,0.009750465068090693
2025-12-02,335,1,0.0,0.0,0.0,0.4542,0.0,0.0
2025-12-02,335,2,582.45275,582.45275,0.0,0.4217,245.62032467500003,245.62032467500003
2025-12-02,335,3,1400.6743625,1400.6743625,0.0,0.378,529.454909025,529.454909025
2025-12-02,335,4,1237.5031927801328,1237.5031927801328,0.0,0.3849,476.3149789010732,476.3149789010732
2025-12-02,335,5,581.6108333333334,581.6108333333334,0.0,0.4267,248.17334258333338,248.17334258333338
2025-12-02,335,6,1410.122445,1410.122445,0.0,0.4272,602.404308504,602.404308504
2025-12-02,335,7,1416.8156974999997,1416.8156974999997,0.0,0.4305,609.9391577737499,609.9391577737499
2025-12-02,335,8,605.2811666666666,605.2811666666666,0.0,0.4567,276.43190881666663,276.43190881666663
2025-12-02,335,9,1441.0486066666667,1441.0486066666667,0.0,0.4808,692.8561700853334,692.8561700853334
2025-12-02,335,10,1437.1187891666666,1437.1187891666666,0.0,0.5121,735.9485319322499,735.9485319322499
2025-12-02,335,11,601.2565833333333,601.2565833333333,0.0,0.5331,320.529884575,320.529884575
2025-12-02,335,12,1427.4864991666666,1427.4864991666666,0.0,0.514,733.7280605716667,733.7280605716667
2025-12-02,335,13,1439.8411108333332,1439.8411108333332,0.0,0.5155,742.2380926345833,742.2380926345833
2025-12-02,335,14,628.1390000000001,628.1390000000001,0.0,0.5234,328.76795260000006,328.76795260000006
2025-12-02,335,15,621.3445775000001,621.3445775000001,0.0,0.4702,292.15622034050006,292.15622034050006
2025-12-02,335,16,618.1945283333334,618.1945283333334,0.0,0.4612,285.1113164673334,285.1113164673334
2025-12-02,335,17,623.9131666666667,623.9131666666667,0.0,0.5016,312.95484440000007,312.95484440000007
2025-12-02,335,18,621.9654041666668,621.9654041666668,0.0,0.4894,304.3898687991667,304.3898687991667
2025-12-02,335,19,512.2840374999997,512.2840374999997,0.0,0.4669,239.18541710874987,239.18541710874987
2025-12-02,335,20,636.1056666666667,636.1056666666667,0.0,0.4724,300.49631693333333,300.49631693333333
2025-12-02,335,21,635.8341174999999,635.8341174999999,0.0,0.4944,314.356387692,314.356387692
2025-12-02,335,22,634.1636258333334,634.1636258333334,0.0,0.4923,312.19875299775003,312.19875299775003
2025-12-02,335,23,0.0,0.0,0.0,0.4717,0.0,0.0
2025-12-02,335,24,639.1703191666668,639.1703191666668,0.0,0.4744,303.22239941266673,303.22239941266673
2025-12-02,335,25,634.8329233333334,634.8329233333334,0.0,0.4754,301.7995717526667,301.7995717526667
2025-12-02,335,26,633.8881666666666,633.8881666666666,0.0,0.4659,295.32849684999996,295.32849684999996
2025-12-02,335,27,653.2108916666666,653.2108916666666,0.0,0.4703,307.2050823508333,307.2050823508333
2025-12-02,335,28,650.0841783333333,650.0841783333333,0.0,0.5079,330.1777541755,330.1777541755
2025-12-02,335,29,636.2776666666667,636.2776666666667,0.0,0.5387,342.76277903333335,342.76277903333335
2025-12-02,335,30,649.7303575,649.7303575,0.0,0.5054,328.37372268049995,328.37372268049995
2025-12-02,335,31,656.65427,656.65427,0.0,0.505,331.61040635,331.61040635
2025-12-02,335,32,631.80975,631.80975,0.0,0.5018,317.04213255,317.04213255
2025-12-02,335,33,1438.70065,1438.70065,0.0,0.4162,598.78721053,598.78721053
2025-12-02,335,34,690.2446158333335,690.2446158333335,0.0,0.6511,449.4182693690834,449.4182693690834
2025-12-02,335,35,832.7865,832.7865,0.0,1.0703,891.3313909500001,891.3313909500001
2025-12-02,335,36,18.867077500000065,18.867077500000065,0.0,1.1,20.75378525000007,20.75378525000007
2025-12-02,335,37,3.5619958333333814,3.5619958333333814,0.0,1.047,3.72940963750005,3.72940963750005
2025-12-02,335,38,838.9084890353798,838.9084890353798,0.0,1.0701,897.71597411676,897.71597411676
2025-12-02,335,39,829.0834050000001,829.0834050000001,0.0,1.0198,845.4992564190002,845.4992564190002
2025-12-02,335,40,826.4423950000001,826.4423950000001,0.0,1.0049,830.4919627355001,830.4919627355001
2025-12-02,335,41,685.0140530130201,685.0140530130201,0.0,1.046,716.5246994516191,716.5246994516191
2025-12-02,335,42,773.9981291666667,773.9981291666667,0.0,1.0397,804.7258548945833,804.7258548945833
2025-12-02,335,43,724.9461366666667,724.9461366666667,0.0,1.0125,734.007963375,734.007963375
2025-12-02,335,44,672.9706458333334,672.9706458333334,0.0,0.9574,644.3020963208334,644.3020963208334
2025-12-02,335,45,1430.4599225,1430.4599225,0.0,0.8801,1258.94777779225,1258.94777779225
2025-12-02,335,46,0.0,0.0,0.0,1.0854,0.0,0.0
2025-12-02,335,47,0.0,0.0,0.0,1.4266,0.0,0.0
2025-12-02,335,48,0.0,0.0,0.0,1.4198,0.0,0.0
2025-12-02,335,49,0.0,0.0,0.0,1.3282,0.0,0.0
2025-12-02,335,50,0.0,0.0,0.0,1.3307,0.0,0.0
2025-12-02,335,51,0.0,0.0,0.0,1.3398,0.0,0.0
2025-12-02,335,52,0.0,0.0,0.0,1.3119,0.0,0.0
2025-12-02,335,53,0.0,0.0,0.0,1.2672,0.0,0.0
2025-12-02,335,54,0.0,0.0,0.0,1.2608,0.0,0.0
2025-12-02,335,55,0.0,0.0,0.0,1.2879,0.0,0.0
2025-12-02,335,56,0.0,0.0,0.0,1.2933,0.0,0.0
2025-12-02,335,57,0.0,0.0,0.0,1.2321,0.0,0.0
2025-12-02,335,58,0.0,0.0,0.0,1.2334,0.0,0.0
2025-12-02,335,59,0.0,0.0,0.0,1.3303,0.0,0.0
2025-12-02,335,60,0.0,0.0,0.0,1.4207,0.0,0.0
2025-12-02,335,61,0.0,0.0,0.0,1.4275,0.0,0.0
2025-12-02,335,62,0.0,0.0,0.0,1.3927,0.0,0.0
2025-12-02,335,63,120.89256666666665,120.89256666666665,0.0,1.3814,167.0009915933333,167.0009915933333
2025-12-02,335,64,195.91387253881226,195.91387253881226,0.0,1.1253,220.46188076792544,220.46188076792544
2025-12-02,335,65,876.6134583333335,876.6134583333335,0.0,0.764,669.7326821666668,669.7326821666668
2025-12-02,335,66,871.9188791666668,871.9188791666668,0.0,0.7448,649.4051812033334,649.4051812033334
2025-12-02,335,67,847.0748366666667,847.0748366666667,0.0,0.788,667.4949712933334,667.4949712933334
2025-12-02,335,68,818.7130208333333,818.7130208333333,0.0,0.7318,599.1341886458333,599.1341886458333
2025-12-02,335,69,823.9518691666669,823.9518691666669,0.0,0.6897,568.2796041642501,568.2796041642501
2025-12-02,335,70,805.9886841666669,805.9886841666669,0.0,0.6556,528.4061813396668,528.4061813396668
2025-12-02,335,71,759.2342708333333,759.2342708333333,0.0,0.6294,477.8620500625,477.8620500625
2025-12-02,335,72,746.4171225000001,746.4171225000001,0.0,0.641,478.4533755225001,478.4533755225001
2025-12-02,335,73,748.3513475,748.3513475,0.0,0.6848,512.471002768,512.471002768
2025-12-02,335,74,746.5536666666667,746.5536666666667,0.0,0.7111,530.8743123666667,530.8743123666667
2025-12-02,335,75,741.1265975000001,741.1265975000001,0.0,0.6928,513.452506748,513.452506748
2025-12-02,335,76,784.1339399999999,784.1339399999999,0.0,0.8163,640.088535222,640.088535222
2025-12-02,335,77,0.0,0.0,0.0,1.0263,0.0,0.0
2025-12-02,335,78,0.0,0.0,0.0,1.066,0.0,0.0
2025-12-02,335,79,0.0,0.0,0.0,1.0501,0.0,0.0
2025-12-02,335,80,0.0,0.0,0.0,1.0595,0.0,0.0
2025-12-02,335,81,0.0,0.0,0.0,1.0689,0.0,0.0
2025-12-02,335,82,0.0,0.0,0.0,1.144,0.0,0.0
2025-12-02,335,83,0.0,0.0,0.0,1.2805,0.0,0.0
2025-12-02,335,84,0.0,0.0,0.0,1.3835,0.0,0.0
2025-12-02,335,85,0.0,0.0,0.0,1.3818,0.0,0.0
2025-12-02,335,86,0.0,0.0,0.0,1.3705,0.0,0.0
2025-12-02,335,87,0.0,0.0,0.0,1.4662,0.0,0.0
2025-12-02,335,88,0.0,0.0,0.0,1.2636,0.0,0.0
2025-12-02,335,89,1242.3181875,1242.3181875,0.0,0.8748,1086.7799504250002,1086.7799504250002
2025-12-02,335,90,1294.1487700000002,1294.1487700000002,0.0,0.8563,1108.179591751,1108.179591751
2025-12-02,335,91,1192.77896583333,1192.77896583333,0.0,0.9537,1137.5532997152468,1137.5532997152468
2025-12-02,335,92,564.4277708333334,564.4277708333334,0.0,0.9683,546.5354104979167,546.5354104979167
2025-12-02,335,93,615.4803733333333,615.4803733333333,0.0,0.9616,591.8459269973333,591.8459269973333
2025-12-02,335,94,651.3029466666667,651.3029466666667,0.0,0.9747,634.824982116,634.824982116
2025-12-02,335,95,684.6652500000001,684.6652500000001,0.0,1.0108,692.0596347000001,692.0596347000001
2025-12-02,335,96,746.4259266666668,746.4259266666668,0.0,1.0418,777.6265304013335,777.6265304013335
2025-12-02,335,97,808.7138925000002,808.7138925000002,0.0,1.0339,836.1292934557501,836.1292934557501
2025-12-02,335,98,864.9946666666668,864.9946666666668,0.0,1.0129,876.1530978666667,876.1530978666667
2025-12-02,335,99,928.7440825,928.7440825,0.0,1.041,966.8225898824999,966.8225898824999
2025-12-02,335,100,974.7929849999999,974.7929849999999,0.0,1.0819,1054.6285304715,1054.6285304715
2025-12-02,335,101,991.8376875000001,991.8376875000001,0.0,1.1001,1091.1206400187502,1091.1206400187502
2025-12-02,335,102,997.0540208333334,997.0540208333334,0.0,1.0981,1094.8650202770834,1094.8650202770834
2025-12-02,335,103,997.3785475000001,997.3785475000001,0.0,1.1233,1120.35532240675,1120.35532240675
2025-12-02,335,104,1015.0297500000001,1015.0297500000001,0.0,1.1399,1157.032412025,1157.032412025
2025-12-02,335,105,1046.1697975,1046.1697975,0.0,1.0808,1130.700317138,1130.700317138
2025-12-02,335,106,924.0645983333334,924.0645983333334,0.0,1.1172,1032.364969258,1032.364969258
2025-12-02,335,107,0.0,0.0,0.0,1.2458,0.0,0.0
2025-12-02,335,108,0.0,0.0,0.0,1.2881,0.0,0.0
2025-12-02,335,109,0.0,0.0,0.0,1.3003,0.0,0.0
2025-12-02,335,110,0.0,0.0,0.0,1.3046,0.0,0.0
2025-12-02,335,111,0.0,0.0,0.0,1.2754,0.0,0.0
2025-12-02,335,112,188.03140538173295,188.03140538173295,0.0,1.3653,256.71927776768,256.71927776768
2025-12-02,335,113,731.1940833333333,731.1940833333333,0.0,1.5134,1106.5891257166668,1106.5891257166668
2025-12-02,335,114,0.0,0.0,0.0,1.497,0.0,0.0
2025-12-02,335,115,0.0,0.0,0.0,1.4731,0.0,0.0
2025-12-02,335,116,0.0,0.0,0.0,1.5157,0.0,0.0
2025-12-02,335,117,0.0,0.0,0.0,1.5369,0.0,0.0
2025-12-02,335,118,0.0,0.0,0.0,1.5226,0.0,0.0
2025-12-02,335,119,717.41675,717.41675,0.0,1.5028,1078.1338919,1078.1338919
2025-12-02,335,120,0.0,0.0,0.0,1.511,0.0,0.0
2025-12-02,335,121,733.1350975000001,733.1350975000001,0.0,1.5058,1103.9548298155003,1103.9548298155003
2025-12-02,335,122,730.147,730.147,0.0,1.5214,1110.8456458,1110.8456458
2025-12-02,335,123,0.0,0.0,0.0,1.584,0.0,0.0
2025-12-02,335,124,707.4613433333334,707.4613433333334,0.0,1.3372,946.0173083053334,946.0173083053334
2025-12-02,335,125,719.3379166666666,719.3379166666666,0.0,0.9353,672.7967534583333,672.7967534583333
2025-12-02,335,126,722.2281191666667,722.2281191666667,0.0,0.9253,668.2776786649167,668.2776786649167
2025-12-02,335,127,725.4786016666667,725.4786016666667,0.0,1.0094,732.2981005223334,732.2981005223334
2025-12-02,335,128,1575.9441666666667,1575.9441666666667,0.0,1.0151,1599.7409235833331,1599.7409235833331
2025-12-02,335,129,11.203596666666954,11.203596666666954,0.0,1.0263,11.498251259000295,11.498251259000295
2025-12-02,335,130,678.3403425000001,678.3403425000001,0.0,0.7991,542.0617676917501,542.0617676917501
2025-12-02,335,131,546.1399166666666,546.1399166666666,0.0,0.4472,244.2337707333333,244.2337707333333
2025-12-02,335,132,1376.20555,1376.20555,0.0,0.383,527.08672565,527.08672565
2025-12-02,335,133,1391.3639425000001,1391.3639425000001,0.0,0.4444,618.3221360470001,618.3221360470001
2025-12-02,335,134,1373.61,1373.61,0.0,0.4736,650.541696,650.541696
2025-12-02,335,135,1073.2868928434814,1073.2868928434814,0.0,0.4672,501.4396363364745,501.4396363364745
2025-12-02,335,136,562.2318250000001,562.2318250000001,0.0,0.4347,244.4021743275,244.4021743275
2025-12-02,335,137,564.6783333333334,564.6783333333334,0.0,0.4112,232.1957306666667,232.1957306666667
2025-12-02,335,138,1396.6698891666665,1396.6698891666665,0.0,0.4332,605.0373959869999,605.0373959869999
2025-12-02,335,139,1395.8165266666665,1395.8165266666665,0.0,0.4488,626.4424571679999,626.4424571679999
2025-12-02,335,140,1402.3971666666666,1402.3971666666666,0.0,0.4526,634.7249576333334,634.7249576333334
2025-12-02,335,141,0.0,0.0,0.0,0.4841,0.0,0.0
2025-12-02,335,142,0.0,0.0,0.0,0.4912,0.0,0.0
2025-12-02,335,143,1394.2589166666667,1394.2589166666667,0.0,0.4423,616.6807188416667,616.6807188416667
2025-12-03,336,0,1401.3401083333333,1401.3401083333333,0.0,0.3713,520.3175822241667,520.3175822241667
2025-12-03,336,1,1401.9728466666666,1401.9728466666666,0.0,0.3875,543.2644780833333,543.2644780833333
2025-12-03,336,2,583.3990833333334,583.3990833333334,0.0,0.4672,272.5640517333334,272.5640517333334
2025-12-03,336,3,574.4680741666666,574.4680741666666,0.0,0.4788,275.055313911,275.055313911
2025-12-03,336,4,577.6715466666667,577.6715466666667,0.0,0.4666,269.5415436746667,269.5415436746667
2025-12-03,336,5,588.6829166666666,588.6829166666666,0.0,0.4809,283.097614625,283.097614625
2025-12-03,336,6,581.2702833333333,581.2702833333333,0.0,0.5121,297.668512095,297.668512095
2025-12-03,336,7,1416.552015344605,1416.552015344605,0.0,0.4744,672.0122760794806,672.0122760794806
2025-12-03,336,8,597.2428333333332,597.2428333333332,0.0,0.406,242.4805903333333,242.4805903333333
2025-12-03,336,9,589.8509500000001,589.8509500000001,0.0,0.4348,256.46719306000006,256.46719306000006
2025-12-03,336,10,595.8213375,595.8213375,0.0,0.4801,286.05382413375,286.05382413375
2025-12-03,336,11,387.71577283232176,387.71577283232176,0.0,0.4969,192.6559675203807,192.6559675203807
2025-12-03,336,12,607.7650825000001,607.7650825000001,0.0,0.5114,310.8110631905,310.8110631905
2025-12-03,336,13,1446.0006391666666,1446.0006391666666,0.0,0.4825,697.6953083979166,697.6953083979166
2025-12-03,336,14,632.0186666666667,632.0186666666667,0.0,0.4379,276.7609741333334,276.7609741333334
2025-12-03,336,15,635.7404183333333,635.7404183333333,0.0,0.4577,290.9783894711667,290.9783894711667
2025-12-03,336,16,629.2566883333334,629.2566883333334,0.0,0.4889,307.6435949261667,307.6435949261667
2025-12-03,336,17,620.0435833333333,620.0435833333333,0.0,0.4938,306.17752145000003,306.17752145000003
2025-12-03,336,18,608.2293841666667,608.2293841666667,0.0,0.4863,295.78194952025,295.78194952025
2025-12-03,336,19,597.7199833333334,597.7199833333334,0.0,0.4874,291.3287198766667,291.3287198766667
2025-12-03,336,20,1439.0225,1439.0225,0.0,0.4754,684.1112965,684.1112965
2025-12-03,336,21,633.7764583333334,633.7764583333334,0.0,0.4221,267.5170430625,267.5170430625
2025-12-03,336,22,644.1825,644.1825,0.0,0.4391,282.86053575,282.86053575
2025-12-03,336,23,1466.3784166666667,1466.3784166666667,0.0,0.5258,771.0217714833334,771.0217714833334
2025-12-03,336,24,628.9613808333335,628.9613808333335,0.0,0.5628,353.9794651330001,353.9794651330001
2025-12-03,336,25,0.0,0.0,0.0,0.5451,0.0,0.0
2025-12-03,336,26,0.0,0.0,0.0,0.5204,0.0,0.0
2025-12-03,336,27,0.0,0.0,0.0,0.5321,0.0,0.0
2025-12-03,336,28,630.1871558333335,630.1871558333335,0.0,0.5232,329.71391993200007,329.71391993200007
2025-12-03,336,29,1468.7834166666667,1468.7834166666667,0.0,0.4879,716.6194289916666,716.6194289916666
2025-12-03,336,30,1491.2342941666666,1491.2342941666666,0.0,0.4863,725.18723725325,725.18723725325
2025-12-03,336,31,661.1127816666666,661.1127816666666,0.0,0.5294,349.99310661433327,349.99310661433327
2025-12-03,336,32,630.9185833333333,630.9185833333333,0.0,0.5343,337.099799075,337.099799075
2025-12-03,336,33,1441.8083858333334,1441.8083858333334,0.0,0.4549,655.8786347155834,655.8786347155834
2025-12-03,336,34,698.3697866666668,698.3697866666668,0.0,0.6865,479.43085854666674,479.43085854666674
2025-12-03,336,35,843.1333333333333,843.1333333333333,0.0,1.0933,921.7976733333333,921.7976733333333
2025-12-03,336,36,40.26164833333347,40.26164833333347,0.0,1.1171,44.97628735316682,44.97628735316682
2025-12-03,336,37,23.112906666666888,23.112906666666888,0.0,1.0617,24.538973008000237,24.538973008000237
2025-12-03,336,38,503.3333262150694,503.3333262150694,0.0,1.091,549.1366589006407,549.1366589006407
2025-12-03,336,39,832.0568650000001,832.0568650000001,0.0,1.0601,882.0634825865002,882.0634825865002
2025-12-03,336,40,823.8357149999999,823.8357149999999,0.0,1.0336,851.516595024,851.516595024
2025-12-03,336,41,810.5993125,810.5993125,0.0,1.0287,833.86351276875,833.86351276875
2025-12-03,336,42,771.9154450000002,771.9154450000002,0.0,0.9914,765.2769721730002,765.2769721730002
2025-12-03,336,43,735.9253908333333,735.9253908333333,0.0,0.9917,729.8172100894167,729.8172100894167
2025-12-03,336,44,1520.1371250000002,1520.1371250000002,0.0,0.9862,1499.159232675,1499.159232675
2025-12-03,336,45,1431.7067550000002,1431.7067550000002,0.0,0.9007,1289.5382742285,1289.5382742285
2025-12-03,336,46,0.0,0.0,0.0,1.0918,0.0,0.0
2025-12-03,336,47,3.9976458333333085,3.9976458333333085,0.0,1.4339,5.732224360416631,5.732224360416631
2025-12-03,336,48,0.0,0.0,0.0,1.4193,0.0,0.0
2025-12-03,336,49,0.0,0.0,0.0,1.3614,0.0,0.0
2025-12-03,336,50,0.0,0.0,0.0,1.3937,0.0,0.0
2025-12-03,336,51,0.0,0.0,0.0,1.3323,0.0,0.0
2025-12-03,336,52,0.0,0.0,0.0,1.2891,0.0,0.0
2025-12-03,336,53,0.0,0.0,0.0,1.2982,0.0,0.0
2025-12-03,336,54,0.0,0.0,0.0,1.2659,0.0,0.0
2025-12-03,336,55,0.0,0.0,0.0,1.2084,0.0,0.0
2025-12-03,336,56,0.0,0.0,0.0,1.1657,0.0,0.0
2025-12-03,336,57,0.0,0.0,0.0,1.1721,0.0,0.0
2025-12-03,336,58,0.0,0.0,0.0,1.2583,0.0,0.0
2025-12-03,336,59,0.0,0.0,0.0,1.3613,0.0,0.0
2025-12-03,336,60,0.0,0.0,0.0,1.3666,0.0,0.0
2025-12-03,336,61,0.0,0.0,0.0,1.3235,0.0,0.0
2025-12-03,336,62,0.0,0.0,0.0,1.3208,0.0,0.0
2025-12-03,336,63,0.0,0.0,0.0,1.3551,0.0,0.0
2025-12-03,336,64,113.74108666666666,113.74108666666666,0.0,1.0897,123.94366214066665,123.94366214066665
2025-12-03,336,65,915.6348750000001,915.6348750000001,0.0,0.6718,615.123509025,615.123509025
2025-12-03,336,66,924.2691858333333,924.2691858333333,0.0,0.6225,575.35756818125,575.35756818125
2025-12-03,336,67,891.2943008333336,891.2943008333336,0.0,0.7007,624.5299165939168,624.5299165939168
2025-12-03,336,68,841.4311875000001,841.4311875000001,0.0,0.7171,603.39030455625,603.39030455625
2025-12-03,336,69,851.9788933333334,851.9788933333334,0.0,0.7215,614.7027715400001,614.7027715400001
2025-12-03,336,70,840.42695,840.42695,0.0,0.7272,611.15847804,611.15847804
2025-12-03,336,71,787.9372083333336,787.9372083333336,0.0,0.7286,574.0910499916669,574.0910499916669
2025-12-03,336,72,778.1800916666668,778.1800916666668,0.0,0.7174,558.2663977616668,558.2663977616668
2025-12-03,336,73,791.3093950000002,791.3093950000002,0.0,0.6967,551.3052554965002,551.3052554965002
2025-12-03,336,74,797.8446041666666,797.8446041666666,0.0,0.6497,518.3596393270833,518.3596393270833
2025-12-03,336,75,791.2309183333334,791.2309183333334,0.0,0.5978,472.9978429796667,472.9978429796667
2025-12-03,336,76,808.3618250000001,808.3618250000001,0.0,0.7912,639.5758759400001,639.5758759400001
2025-12-03,336,77,0.07062791621264353,0.07062791621264353,0.0,1.0954,0.07736581941932971,0.07736581941932971
2025-12-03,336,78,0.0,0.0,0.0,1.0986,0.0,0.0
2025-12-03,336,79,0.0,0.0,0.0,1.0396,0.0,0.0
2025-12-03,336,80,0.0,0.0,0.0,1.0642,0.0,0.0
2025-12-03,336,81,0.0,0.0,0.0,1.0928,0.0,0.0
2025-12-03,336,82,0.0,0.0,0.0,1.1817,0.0,0.0
2025-12-03,336,83,0.0,0.0,0.0,1.3067,0.0,0.0
2025-12-03,336,84,0.0,0.0,0.0,1.3575,0.0,0.0
2025-12-03,336,85,0.0,0.0,0.0,1.3468,0.0,0.0
2025-12-03,336,86,0.0,0.0,0.0,1.3876,0.0,0.0
2025-12-03,336,87,0.0,0.0,0.0,1.5266,0.0,0.0
2025-12-03,336,88,0.0,0.0,0.0,1.3067,0.0,0.0
2025-12-03,336,89,1272.2979791666667,1272.2979791666667,0.0,0.8648,1100.2832923833334,1100.2832923833334
2025-12-03,336,90,1320.33362,1320.33362,0.0,0.8329,1099.705872098,1099.705872098
2025-12-03,336,91,713.6794207800598,713.6794207800598,0.0,0.9511,678.7804971039149,678.7804971039149
2025-12-03,336,92,1398.4618541666669,1398.4618541666669,0.0,0.9745,1362.801076885417,1362.801076885417
2025-12-03,336,93,617.4482466666669,617.4482466666669,0.0,0.9307,574.6590831726669,574.6590831726669
2025-12-03,336,94,674.2306741666666,674.2306741666666,0.0,0.9476,638.9009868403333,638.9009868403333
2025-12-03,336,95,730.8133958333333,730.8133958333333,0.0,1.0165,742.8718168645833,742.8718168645833
2025-12-03,336,96,785.5494083333338,785.5494083333338,0.0,1.0181,799.7678526241671,799.7678526241671
2025-12-03,336,97,827.5547016666669,827.5547016666669,0.0,1.0204,844.4368175806669,844.4368175806669
2025-12-03,336,98,863.5830833333334,863.5830833333334,0.0,1.06,915.3980683333335,915.3980683333335
2025-12-03,336,99,920.9277666666666,920.9277666666666,0.0,1.1001,1013.1126361099999,1013.1126361099999
2025-12-03,336,100,975.69953,975.69953,0.0,1.1313,1103.808878289,1103.808878289
2025-12-03,336,101,1009.3703333333334,1009.3703333333334,0.0,1.1363,1146.9475097666668,1146.9475097666668
2025-12-03,336,102,1019.1951008333335,1019.1951008333335,0.0,1.1027,1123.866437688917,1123.866437688917
2025-12-03,336,103,1010.7623508333335,1010.7623508333335,0.0,1.0978,1109.6149087448337,1109.6149087448337
2025-12-03,336,104,1010.2445833333334,1010.2445833333334,0.0,1.1187,1130.1606153750001,1130.1606153750001
2025-12-03,336,105,1025.3244300000003,1025.3244300000003,0.0,1.1105,1138.6227795150005,1138.6227795150005
2025-12-03,336,106,899.9200750000001,899.9200750000001,0.0,1.1669,1050.1167355175003,1050.1167355175003
2025-12-03,336,107,0.0,0.0,0.0,1.2701,0.0,0.0
2025-12-03,336,108,0.0,0.0,0.0,1.2961,0.0,0.0
2025-12-03,336,109,0.0,0.0,0.0,1.2919,0.0,0.0
2025-12-03,336,110,715.2395,715.2395,0.0,1.2698,908.2111171,908.2111171
2025-12-03,336,111,0.0,0.0,0.0,1.2135,0.0,0.0
2025-12-03,336,112,0.0,0.0,0.0,1.2961,0.0,0.0
2025-12-03,336,113,0.0,0.0,0.0,1.4843,0.0,0.0
2025-12-03,336,114,0.0,0.0,0.0,1.552,0.0,0.0
2025-12-03,336,115,261.9811620484022,261.9811620484022,0.0,1.5206,398.3685550108004,398.3685550108004
2025-12-03,336,116,713.7590833333334,713.7590833333334,0.0,1.4793,1055.863811975,1055.863811975
2025-12-03,336,117,0.0,0.0,0.0,1.4901,0.0,0.0
2025-12-03,336,118,0.0,0.0,0.0,1.4928,0.0,0.0
2025-12-03,336,119,0.0,0.0,0.0,1.4757,0.0,0.0
2025-12-03,336,120,0.0,0.0,0.0,1.487,0.0,0.0
2025-12-03,336,121,723.1355883333334,723.1355883333334,0.0,1.4995,1084.3418147058335,1084.3418147058335
2025-12-03,336,122,716.9780833333334,716.9780833333334,0.0,1.5314,1097.9802368166668,1097.9802368166668
2025-12-03,336,123,0.0,0.0,0.0,1.584,0.0,0.0
2025-12-03,336,124,717.3934758333335,717.3934758333335,0.0,1.3502,968.6246710701669,968.6246710701669
2025-12-03,336,125,725.40875,725.40875,0.0,0.9591,695.739532125,695.739532125
2025-12-03,336,126,736.4231708333334,736.4231708333334,0.0,0.884,650.9980830166668,650.9980830166668
2025-12-03,336,127,736.9428866666667,736.9428866666667,0.0,0.9294,684.914718868,684.914718868
2025-12-03,336,128,736.3501666666668,736.3501666666668,0.0,0.9586,705.8652697666669,705.8652697666669
2025-12-03,336,129,746.7004433333333,746.7004433333333,0.0,0.9919,740.6521697423333,740.6521697423333
2025-12-03,336,130,666.1043791666666,666.1043791666666,0.0,0.7695,512.5673197687499,512.5673197687499
2025-12-03,336,131,1373.0108333333333,1373.0108333333333,0.0,0.4321,593.2779810833333,593.2779810833333
2025-12-03,336,132,1362.2853016666666,1362.2853016666666,0.0,0.4148,565.0759431313332,565.0759431313332
2025-12-03,336,133,1394.1995308333333,1394.1995308333333,0.0,0.4551,634.50020648225,634.50020648225
2025-12-03,336,134,564.2339999999999,564.2339999999999,0.0,0.4255,240.08156699999995,240.08156699999995
2025-12-03,336,135,1238.9494004360731,1238.9494004360731,0.0,0.4585,568.0583000999395,568.0583000999395
2025-12-03,336,136,1364.4245733333332,1364.4245733333332,0.0,0.4727,644.9634958146667,644.9634958146667
2025-12-03,336,137,1373.8860833333333,1373.8860833333333,0.0,0.4385,602.4490475416667,602.4490475416667
2025-12-03,336,138,1403.0599524999998,1403.0599524999998,0.0,0.4195,588.5836500737499,588.5836500737499
2025-12-03,336,139,583.6291216666666,583.6291216666666,0.0,0.4178,243.8402470323333,243.8402470323333
2025-12-03,336,140,577.53375,577.53375,0.0,0.4264,246.26039100000003,246.26039100000003
2025-12-03,336,141,0.0,0.0,0.0,0.4391,0.0,0.0
2025-12-03,336,142,570.9763366666666,570.9763366666666,0.0,0.4251,242.72204071699997,242.72204071699997
2025-12-03,336,143,574.3849583333333,574.3849583333333,0.0,0.413,237.22098779166666,237.22098779166666
2025-12-04,337,0,1398.3689266666665,1398.3689266666665,0.0,0.455,636.2578616333333,636.2578616333333
2025-12-04,337,1,1405.3072258333332,1405.3072258333332,0.0,0.4411,619.8810173150832,619.8810173150832
2025-12-04,337,2,790.5148737848206,790.5148737848206,0.0,0.3853,304.5853808692913,304.5853808692913
2025-12-04,337,3,1424.299015,1424.299015,0.0,0.417,593.932689255,593.932689255
2025-12-04,337,4,1412.4463533333333,1412.4463533333333,0.0,0.4705,664.5560092433333,664.5560092433333
2025-12-04,337,5,576.5895,576.5895,0.0,0.4843,279.24229485,279.24229485
2025-12-04,337,6,592.8989483333334,592.8989483333334,0.0,0.4625,274.2157636041667,274.2157636041667
2025-12-04,337,7,1431.29098,1431.29098,0.0,0.4544,650.3786213120001,650.3786213120001
2025-12-04,337,8,1429.6383333333333,1429.6383333333333,0.0,0.471,673.359655,673.359655
2025-12-04,337,9,612.2312375000001,612.2312375000001,0.0,0.4781,292.7077546487501,292.7077546487501
2025-12-04,337,10,0.0,0.0,0.0,0.4587,0.0,0.0
2025-12-04,337,11,599.4513333333334,599.4513333333334,0.0,0.4512,270.4724416,270.4724416
2025-12-04,337,12,598.2694716666667,598.2694716666667,0.0,0.5034,301.168852037,301.168852037
2025-12-04,337,13,610.63882,610.63882,0.0,0.5079,310.143456678,310.143456678
2025-12-04,337,14,0.4190112704607145,0.4190112704607145,0.0,0.4706,0.19718670387881226,0.19718670387881226
2025-12-04,337,15,616.456805,616.456805,0.0,0.5007,308.65992226350005,308.65992226350005
2025-12-04,337,16,606.9681883333334,606.9681883333334,0.0,0.5117,310.5856219701667,310.5856219701667
2025-12-04,337,17,604.2304166666668,604.2304166666668,0.0,0.4721,285.2571797083334,285.2571797083334
2025-12-04,337,18,609.4345766666667,609.4345766666667,0.0,0.4476,272.782916516,272.782916516
2025-12-04,337,19,611.4757675000001,611.4757675000001,0.0,0.4681,286.23180676675,286.23180676675
2025-12-04,337,20,612.0989166666667,612.0989166666667,0.0,0.5077,310.7626199916667,310.7626199916667
2025-12-04,337,21,613.4458491666667,613.4458491666667,0.0,0.5153,316.10864607558335,316.10864607558335
2025-12-04,337,22,624.87151,624.87151,0.0,0.5181,323.74592933099996,323.74592933099996
2025-12-04,337,23,641.8014166666667,641.8014166666667,0.0,0.5269,338.1651664416667,338.1651664416667
2025-12-04,337,24,645.7064141666667,645.7064141666667,0.0,0.5184,334.734205104,334.734205104
2025-12-04,337,25,635.4040941666667,635.4040941666667,0.0,0.484,307.5355815766667,307.5355815766667
2025-12-04,337,26,624.7544166666667,624.7544166666667,0.0,0.4575,285.825145625,285.825145625
2025-12-04,337,27,1469.6185516666665,1469.6185516666665,0.0,0.4828,709.5318367446666,709.5318367446666
2025-12-04,337,28,1188.9330596840753,1188.9330596840753,0.0,0.4968,590.6619440510486,590.6619440510486
2025-12-04,337,29,0.0,0.0,0.0,0.4864,0.0,0.0
2025-12-04,337,30,626.7950875000001,626.7950875000001,0.0,0.4989,312.7080691537501,312.7080691537501
2025-12-04,337,31,630.7486991666667,630.7486991666667,0.0,0.5107,322.12336066441674,322.12336066441674
2025-12-04,337,32,541.9712500000005,541.9712500000005,0.0,0.4866,263.72321025000025,263.72321025000025
2025-12-04,337,33,1458.9433158333331,1458.9433158333331,0.0,0.4589,669.5090876359166,669.5090876359166
2025-12-04,337,34,706.7668100000001,706.7668100000001,0.0,0.6825,482.36834782500006,482.36834782500006
2025-12-04,337,35,6.794166666666797,6.794166666666797,0.0,1.0356,7.036039000000136,7.036039000000136
2025-12-04,337,36,296.6866987150678,296.6866987150678,0.0,1.1058,328.07615143912193,328.07615143912193
2025-12-04,337,37,826.7538733333333,826.7538733333333,0.0,1.0427,862.0562637246667,862.0562637246667
2025-12-04,337,38,14.142250000000331,14.142250000000331,0.0,1.0187,14.406710075000337,14.406710075000337
2025-12-04,337,39,827.5483025,827.5483025,0.0,1.0579,875.46334921475,875.46334921475
2025-12-04,337,40,819.1189291666666,819.1189291666666,0.0,1.0824,886.6143289299999,886.6143289299999
2025-12-04,337,41,821.0896250000001,821.0896250000001,0.0,1.0626,872.4898355250001,872.4898355250001
2025-12-04,337,42,768.5207325000001,768.5207325000001,0.0,1.036,796.1874788700002,796.1874788700002
2025-12-04,337,43,729.1869666666668,729.1869666666668,0.0,1.0136,739.1039094133334,739.1039094133334
2025-12-04,337,44,695.9434791666667,695.9434791666667,0.0,0.9591,667.4793908687501,667.4793908687501
2025-12-04,337,45,1445.9419091666666,1445.9419091666666,0.0,0.872,1260.8613447933333,1260.8613447933333
2025-12-04,337,46,0.0,0.0,0.0,1.0348,0.0,0.0
2025-12-04,337,47,0.0,0.0,0.0,1.359,0.0,0.0
2025-12-04,337,48,0.0,0.0,0.0,1.4456,0.0,0.0
2025-12-04,337,49,0.0,0.0,0.0,1.4152,0.0,0.0
2025-12-04,337,50,0.0,0.0,0.0,1.3701,0.0,0.0
2025-12-04,337,51,0.0,0.0,0.0,1.2904,0.0,0.0
2025-12-04,337,52,0.0,0.0,0.0,1.2742,0.0,0.0
2025-12-04,337,53,0.0,0.0,0.0,1.3037,0.0,0.0
2025-12-04,337,54,0.0,0.0,0.0,1.262,0.0,0.0
2025-12-04,337,55,0.0,0.0,0.0,1.2205,0.0,0.0
2025-12-04,337,56,0.0,0.0,0.0,1.1869,0.0,0.0
2025-12-04,337,57,0.0,0.0,0.0,1.1221,0.0,0.0
2025-12-04,337,58,0.0,0.0,0.0,1.2303,0.0,0.0
2025-12-04,337,59,0.0,0.0,0.0,1.4358,0.0,0.0
2025-12-04,337,60,186.03779999999983,186.03779999999983,0.0,1.4348,266.92703543999977,266.92703543999977
2025-12-04,337,61,152.94916749999993,152.94916749999993,0.0,1.3735,210.0756815612499,210.0756815612499
2025-12-04,337,62,0.0,0.0,0.0,1.3705,0.0,0.0
2025-12-04,337,63,0.0,0.0,0.0,1.3499,0.0,0.0
2025-12-04,337,64,163.36728753881187,163.36728753881187,0.0,1.0541,172.20545779466158,172.20545779466158
2025-12-04,337,65,860.1462291666671,860.1462291666671,0.0,0.658,565.976218791667,565.976218791667
2025-12-04,337,66,874.5145300000001,874.5145300000001,0.0,0.6277,548.9327704810001,548.9327704810001
2025-12-04,337,67,876.5113858333332,876.5113858333332,0.0,0.7021,615.3986439935832,615.3986439935832
2025-12-04,337,68,866.2134375,866.2134375,0.0,0.7053,610.94033746875,610.94033746875
2025-12-04,337,69,860.4583158333337,860.4583158333337,0.0,0.7066,607.9998459678336,607.9998459678336
2025-12-04,337,70,837.8297991666668,837.8297991666668,0.0,0.6713,562.4351441805834,562.4351441805834
2025-12-04,337,71,808.0454374999999,808.0454374999999,0.0,0.6158,497.59438041249996,497.59438041249996
2025-12-04,337,72,811.3056758333335,811.3056758333335,0.0,0.6157,499.52090461058344,499.52090461058344
2025-12-04,337,73,806.6476958333335,806.6476958333335,0.0,0.6628,534.6460927983334,534.6460927983334
2025-12-04,337,74,788.8352708333337,788.8352708333337,0.0,0.6876,542.4031322250003,542.4031322250003
2025-12-04,337,75,807.1082724999999,807.1082724999999,0.0,0.6502,524.7817987794999,524.7817987794999
2025-12-04,337,76,859.9736116666669,859.9736116666669,0.0,0.7723,664.1576202901668,664.1576202901668
2025-12-04,337,77,83.11089583333353,83.11089583333353,0.0,0.9733,80.89183491458353,80.89183491458353
2025-12-04,337,78,90.31500000000005,90.31500000000005,0.0,0.9478,85.60055700000005,85.60055700000005
2025-12-04,337,79,91.27537500000017,91.27537500000017,0.0,0.9492,86.63858595000016,86.63858595000016
2025-12-04,337,80,111.35066666666671,111.35066666666671,0.0,1.0143,112.94298120000005,112.94298120000005
2025-12-04,337,81,144.73761000000013,144.73761000000013,0.0,0.9549,138.20994378900014,138.20994378900014
2025-12-04,337,82,186.9740241666666,186.9740241666666,0.0,1.1005,205.7649135954166,205.7649135954166
2025-12-04,337,83,0.0,0.0,0.0,1.3891,0.0,0.0
2025-12-04,337,84,0.0,0.0,0.0,1.3943,0.0,0.0
2025-12-04,337,85,265.34012583333356,265.34012583333356,0.0,1.3254,351.6818027795003,351.6818027795003
2025-12-04,337,86,54.867401666666126,54.867401666666126,0.0,1.3723,75.29453530716593,75.29453530716593
2025-12-04,337,87,0.0,0.0,0.0,1.4603,0.0,0.0
2025-12-04,337,88,0.0,0.0,0.0,1.2222,0.0,0.0
2025-12-04,337,89,1289.0151666666666,1289.0151666666666,0.0,0.8251,1063.5664140166666,1063.5664140166666
2025-12-04,337,90,1336.5428816666665,1336.5428816666665,0.0,0.8224,1099.1728658826667,1099.1728658826667
2025-12-04,337,91,555.5051024999999,555.5051024999999,0.0,0.9049,502.6765672522499,502.6765672522499
2025-12-04,337,92,597.2822500000004,597.2822500000004,0.0,0.8998,537.4345685500004,537.4345685500004
2025-12-04,337,93,632.9280525,632.9280525,0.0,0.9506,601.6614067065001,601.6614067065001
2025-12-04,337,94,672.5003883333335,672.5003883333335,0.0,1.0287,691.8011494785002,691.8011494785002
2025-12-04,337,95,720.8303958333335,720.8303958333335,0.0,1.0738,774.0276790458336,774.0276790458336
2025-12-04,337,96,775.1417350000002,775.1417350000002,0.0,1.062,823.2005225700002,823.2005225700002
2025-12-04,337,97,842.5456375000001,842.5456375000001,0.0,1.0513,885.7682287037501,885.7682287037501
2025-12-04,337,98,901.8677291666667,901.8677291666667,0.0,1.0634,959.0461431958332,959.0461431958332
2025-12-04,337,99,932.7773916666666,932.7773916666666,0.0,1.0752,1002.9222515199999,1002.9222515199999
2025-12-04,337,100,969.0493733333335,969.0493733333335,0.0,1.1113,1076.9045685853334,1076.9045685853334
2025-12-04,337,101,1007.8348541666667,1007.8348541666667,0.0,1.139,1147.9238988958334,1147.9238988958334
2025-12-04,337,102,1000.2578808333334,1000.2578808333334,0.0,1.1016,1101.884081526,1101.884081526
2025-12-04,337,103,983.91584,983.91584,0.0,1.1136,1095.688679424,1095.688679424
2025-12-04,337,104,1005.9460000000001,1005.9460000000001,0.0,1.1658,1172.7318468,1172.7318468
2025-12-04,337,105,1051.7168875000002,1051.7168875000002,0.0,1.1418,1200.8503421475002,1200.8503421475002
2025-12-04,337,106,935.5404341666667,935.5404341666667,0.0,1.1569,1082.3267282874167,1082.3267282874167
2025-12-04,337,107,0.0,0.0,0.0,1.2261,0.0,0.0
2025-12-04,337,108,0.0,0.0,0.0,1.2477,0.0,0.0
2025-12-04,337,109,0.0,0.0,0.0,1.2877,0.0,0.0
2025-12-04,337,110,0.0,0.0,0.0,1.3184,0.0,0.0
2025-12-04,337,111,0.0,0.0,0.0,1.2545,0.0,0.0
2025-12-04,337,112,695.6093983333334,695.6093983333334,0.0,1.3163,915.6306510261668,915.6306510261668
2025-12-04,337,113,712.6411666666668,712.6411666666668,0.0,1.4792,1054.1388137333336,1054.1388137333336
2025-12-04,337,114,718.7001225000001,718.7001225000001,0.0,1.493,1073.0192828925003,1073.0192828925003
2025-12-04,337,115,713.4323325,713.4323325,0.0,1.4876,1061.301937827,1061.301937827
2025-12-04,337,116,216.14885288173724,216.14885288173724,0.0,1.5102,326.42799762199957,326.42799762199957
2025-12-04,337,117,0.0,0.0,0.0,1.4774,0.0,0.0
2025-12-04,337,118,0.0,0.0,0.0,1.5001,0.0,0.0
2025-12-04,337,119,0.0,0.0,0.0,1.5736,0.0,0.0
2025-12-04,337,120,0.0,0.0,0.0,1.5711,0.0,0.0
2025-12-04,337,121,0.0,0.0,0.0,1.5412,0.0,0.0
2025-12-04,337,122,0.0,0.0,0.0,1.5545,0.0,0.0
2025-12-04,337,123,0.0,0.0,0.0,1.5836,0.0,0.0
2025-12-04,337,124,712.5895466666667,712.5895466666667,0.0,1.3302,947.886614976,947.886614976
2025-12-04,337,125,755.3937750000005,755.3937750000005,0.0,0.9392,709.4658334800005,709.4658334800005
2025-12-04,337,126,1565.80431,1565.80431,0.0,0.8855,1386.519716505,1386.519716505
2025-12-04,337,127,722.8425133333334,722.8425133333334,0.0,0.9314,673.2555169186667,673.2555169186667
2025-12-04,337,128,737.3110833333335,737.3110833333335,0.0,0.9548,703.9846223666668,703.9846223666668
2025-12-04,337,129,0.0,0.0,0.0,1.0241,0.0,0.0
2025-12-04,337,130,678.3513733333334,678.3513733333334,0.0,0.7983,541.527901332,541.527901332
2025-12-04,337,131,534.918,534.918,0.0,0.4163,222.6863634,222.6863634
2025-12-04,337,132,1370.4396849999998,1370.4396849999998,0.0,0.3976,544.8868187559999,544.8868187559999
2025-12-04,337,133,1384.7709916666668,1384.7709916666668,0.0,0.46,636.9946561666667,636.9946561666667
2025-12-04,337,134,1362.1554999999998,1362.1554999999998,0.0,0.4218,574.5571898999999,574.5571898999999
2025-12-04,337,135,1388.1812983333334,1388.1812983333334,0.0,0.3943,547.3598859328333,547.3598859328333
2025-12-04,337,136,1387.9191616666667,1387.9191616666667,0.0,0.4235,587.7837649658334,587.7837649658334
2025-12-04,337,137,1037.623512750888,1037.623512750888,0.0,0.4528,469.8359265736021,469.8359265736021
2025-12-04,337,138,572.5984025,572.5984025,0.0,0.398,227.89416419500003,227.89416419500003
2025-12-04,337,139,0.0,0.0,0.0,0.3901,0.0,0.0
2025-12-04,337,140,0.0,0.0,0.0,0.441,0.0,0.0
2025-12-04,337,141,580.1829516666667,580.1829516666667,0.0,0.431,250.05885216833332,250.05885216833332
2025-12-04,337,142,1379.6921708333334,1379.6921708333334,0.0,0.4058,559.8790829241667,559.8790829241667
2025-12-04,337,143,1300.9675416666666,1300.9675416666666,0.0,0.3857,501.7831808208333,501.7831808208333
2025-12-05,338,0,1321.7165058333333,1321.7165058333333,0.0,0.3454,456.5208811148333,456.5208811148333
2025-12-05,338,1,1337.9135183333333,1337.9135183333333,0.0,0.35,468.2697314166666,468.2697314166666
2025-12-05,338,2,1068.2342627211037,1068.2342627211037,0.0,0.383,409.13372262218274,409.13372262218274
2025-12-05,338,3,493.40008583333343,493.40008583333343,0.0,0.3599,177.5746908914167,177.5746908914167
2025-12-05,338,4,506.74238750000006,506.74238750000006,0.0,0.3429,173.76196467375001,173.76196467375001
2025-12-05,338,5,518.604,518.604,0.0,0.3666,190.1202264,190.1202264
2025-12-05,338,6,498.6689625000001,498.6689625000001,0.0,0.3945,196.72490570625004,196.72490570625004
2025-12-05,338,7,0.0,0.0,0.0,0.3687,0.0,0.0
2025-12-05,338,8,0.0,0.0,0.0,0.3257,0.0,0.0
2025-12-05,338,9,514.5031366666667,514.5031366666667,0.0,0.3584,184.39792418133334,184.39792418133334
2025-12-05,338,10,1338.1421441666666,1338.1421441666666,0.0,0.3937,526.8265621584167,526.8265621584167
2025-12-05,338,11,1344.3045,1344.3045,0.0,0.3851,517.69166295,517.69166295
2025-12-05,338,12,1347.7477266666665,1347.7477266666665,0.0,0.3631,489.3671995526666,489.3671995526666
2025-12-05,338,13,1354.8119824999999,1354.8119824999999,0.0,0.3816,516.996252522,516.996252522
2025-12-05,338,14,1366.5945833333335,1366.5945833333335,0.0,0.4114,562.2170115833334,562.2170115833334
2025-12-05,338,15,540.7155775,540.7155775,0.0,0.3781,204.44455985275,204.44455985275
2025-12-05,338,16,534.1470233333333,534.1470233333333,0.0,0.3737,199.61074261966664,199.61074261966664
2025-12-05,338,17,524.6296666666667,524.6296666666667,0.0,0.3976,208.5927554666667,208.5927554666667
2025-12-05,338,18,533.8284111408941,533.8284111408941,0.0,0.3561,190.0962972072724,190.0962972072724
2025-12-05,338,19,543.479955,543.479955,0.0,0.3233,175.7070694515,175.7070694515
2025-12-05,338,20,0.0,0.0,0.0,0.3332,0.0,0.0
2025-12-05,338,21,0.0,0.0,0.0,0.3465,0.0,0.0
2025-12-05,338,22,563.8044916666666,563.8044916666666,0.0,0.364,205.22483496666666,205.22483496666666
2025-12-05,338,23,559.1404166666667,559.1404166666667,0.0,0.3945,220.58089437500004,220.58089437500004
2025-12-05,338,24,570.0053366666667,570.0053366666667,0.0,0.433,246.8123107766667,246.8123107766667
2025-12-05,338,25,561.1607841666668,561.1607841666668,0.0,0.4302,241.41136934850005,241.41136934850005
2025-12-05,338,26,0.0,0.0,0.0,0.3856,0.0,0.0
2025-12-05,338,27,552.0615558333334,552.0615558333334,0.0,0.3565,196.80994465458335,196.80994465458335
2025-12-05,338,28,734.4713256481457,734.4713256481457,0.0,0.3898,286.29692273764715,286.29692273764715
2025-12-05,338,29,1389.2268333333332,1389.2268333333332,0.0,0.4325,600.8406054166666,600.8406054166666
2025-12-05,338,30,546.4072950000001,546.4072950000001,0.0,0.3944,215.50303714800003,215.50303714800003
2025-12-05,338,31,547.4216008333334,547.4216008333334,0.0,0.4129,226.03037898408334,226.03037898408334
2025-12-05,338,32,1382.1436666666668,1382.1436666666668,0.0,0.4486,620.0296488666668,620.0296488666668
2025-12-05,338,33,542.8443583333334,542.8443583333334,0.0,0.3587,194.7182713341667,194.7182713341667
2025-12-05,338,34,593.1447491666667,593.1447491666667,0.0,0.5021,297.81797855658334,297.81797855658334
2025-12-05,338,35,0.0,0.0,0.0,0.817,0.0,0.0
2025-12-05,338,36,0.0,0.0,0.0,0.8582,0.0,0.0
2025-12-05,338,37,0.0,0.0,0.0,0.8276,0.0,0.0
2025-12-05,338,38,0.0,0.0,0.0,0.8497,0.0,0.0
2025-12-05,338,39,655.0755583333333,655.0755583333333,0.0,0.84,550.263469,550.263469
2025-12-05,338,40,661.8003500000001,661.8003500000001,0.0,0.8583,568.023240405,568.023240405
2025-12-05,338,41,0.0,0.0,0.0,0.887,0.0,0.0
2025-12-05,338,42,0.0,0.0,0.0,0.8401,0.0,0.0
2025-12-05,338,43,0.0,0.0,0.0,0.8162,0.0,0.0
2025-12-05,338,44,0.0,0.0,0.0,0.8364,0.0,0.0
2025-12-05,338,45,477.22082166666667,477.22082166666667,0.0,0.839,400.3882693783333,400.3882693783333
2025-12-05,338,46,0.0,0.0,0.0,0.9256,0.0,0.0
2025-12-05,338,47,0.0,0.0,0.0,1.0644,0.0,0.0
2025-12-05,338,48,0.0,0.0,0.0,1.098,0.0,0.0
2025-12-05,338,49,0.0,0.0,0.0,1.0658,0.0,0.0
2025-12-05,338,50,0.0,0.0,0.0,1.032,0.0,0.0
2025-12-05,338,51,0.0,0.0,0.0,1.0184,0.0,0.0
2025-12-05,338,52,0.0,0.0,0.0,0.9855,0.0,0.0
2025-12-05,338,53,0.0,0.0,0.0,0.9558,0.0,0.0
2025-12-05,338,54,0.0,0.0,0.0,0.9908,0.0,0.0
2025-12-05,338,55,0.0,0.0,0.0,1.0037,0.0,0.0
2025-12-05,338,56,0.0,0.0,0.0,0.9524,0.0,0.0
2025-12-05,338,57,0.0,0.0,0.0,0.8939,0.0,0.0
2025-12-05,338,58,0.0,0.0,0.0,0.9464,0.0,0.0
2025-12-05,338,59,22.57366704840286,22.57366704840286,0.0,1.0767,24.30506731101536,24.30506731101536
2025-12-05,338,60,0.0,0.0,0.0,1.126,0.0,0.0
2025-12-05,338,61,0.0,0.0,0.0,1.0996,0.0,0.0
2025-12-05,338,62,0.0,0.0,0.0,1.0773,0.0,0.0
2025-12-05,338,63,0.0,0.0,0.0,1.0853,0.0,0.0
2025-12-05,338,64,0.0,0.0,0.0,0.8295,0.0,0.0
2025-12-05,338,65,646.2026875000003,646.2026875000003,0.0,0.4316,278.9010799250001,278.9010799250001
2025-12-05,338,66,641.6164150000001,641.6164150000001,0.0,0.3475,222.96170421250002,222.96170421250002
2025-12-05,338,67,621.6332950000001,621.6332950000001,0.0,0.3942,245.04784488900003,245.04784488900003
2025-12-05,338,68,608.6457291666665,608.6457291666665,0.0,0.4048,246.37979116666656,246.37979116666656
2025-12-05,338,69,605.6502708333333,605.6502708333333,0.0,0.3988,241.53332800833329,241.53332800833329
2025-12-05,338,70,281.99210920548137,281.99210920548137,0.0,0.4127,116.37814346910217,116.37814346910217
2025-12-05,338,71,0.0,0.0,0.0,0.4338,0.0,0.0
2025-12-05,338,72,564.7700125000001,564.7700125000001,0.0,0.4222,238.44589927750008,238.44589927750008
2025-12-05,338,73,575.2947674999998,575.2947674999998,0.0,0.4304,247.60686793199991,247.60686793199991
2025-12-05,338,74,596.09025,596.09025,0.0,0.4217,251.371258425,251.371258425
2025-12-05,338,75,573.3997916666665,573.3997916666665,0.0,0.3396,194.72656924999995,194.72656924999995
2025-12-05,338,76,0.0,0.0,0.0,0.4814,0.0,0.0
2025-12-05,338,77,0.0,0.0,0.0,0.7544,0.0,0.0
2025-12-05,338,78,0.0,0.0,0.0,0.7611,0.0,0.0
2025-12-05,338,79,0.0,0.0,0.0,0.7847,0.0,0.0
2025-12-05,338,80,0.0,0.0,0.0,0.876,0.0,0.0
2025-12-05,338,81,0.0,0.0,0.0,0.8147,0.0,0.0
2025-12-05,338,82,0.0,0.0,0.0,0.9086,0.0,0.0
2025-12-05,338,83,0.0,0.0,0.0,1.1304,0.0,0.0
2025-12-05,338,84,0.0,0.0,0.0,1.1238,0.0,0.0
2025-12-05,338,85,0.0,0.0,0.0,1.0947,0.0,0.0
2025-12-05,338,86,0.0,0.0,0.0,1.1763,0.0,0.0
2025-12-05,338,87,0.0,0.0,0.0,1.2313,0.0,0.0
2025-12-05,338,88,0.0,0.0,0.0,0.9431,0.0,0.0
2025-12-05,338,89,476.63536805555697,476.63536805555697,0.0,0.5389,256.8587998451397,256.8587998451397
2025-12-05,338,90,237.18363750000003,237.18363750000003,0.0,0.588,139.46397885000002,139.46397885000002
2025-12-05,338,91,288.873165,288.873165,0.0,0.7013,202.58675061449998,202.58675061449998
2025-12-05,338,92,342.0451875,342.0451875,0.0,0.6659,227.76789035625,227.76789035625
2025-12-05,338,93,384.9675141666669,384.9675141666669,0.0,0.6536,251.61476725933346,251.61476725933346
2025-12-05,338,94,426.09515250000004,426.09515250000004,0.0,0.6851,291.91778897775004,291.91778897775004
2025-12-05,338,95,472.2276666666668,472.2276666666668,0.0,0.7348,346.9928894666667,346.9928894666667
2025-12-05,338,96,531.6743250000002,531.6743250000002,0.0,0.7707,409.76140227750017,409.76140227750017
2025-12-05,338,97,585.6367516666668,585.6367516666668,0.0,0.756,442.7413842600001,442.7413842600001
2025-12-05,338,98,633.9688958333336,633.9688958333336,0.0,0.7159,453.8583325270835,453.8583325270835
2025-12-05,338,99,680.1650416666669,680.1650416666669,0.0,0.7181,488.4265164208334,488.4265164208334
2025-12-05,338,100,695.8486566666667,695.8486566666667,0.0,0.7488,521.051474112,521.051474112
2025-12-05,338,101,693.7176875000001,693.7176875000001,0.0,0.7941,550.8812156437501,550.8812156437501
2025-12-05,338,102,0.0,0.0,0.0,0.8487,0.0,0.0
2025-12-05,338,103,676.6852780957638,676.6852780957638,0.0,0.86,581.9493391623569,581.9493391623569
2025-12-05,338,104,701.8133333333333,701.8133333333333,0.0,0.8159,572.6094986666666,572.6094986666666
2025-12-05,338,105,1554.3614826713733,1554.3614826713733,0.0,0.7819,1215.355243300747,1215.355243300747
2025-12-05,338,106,682.5987883333333,682.5987883333333,0.0,0.9095,620.8235979891666,620.8235979891666
2025-12-05,338,107,0.0,0.0,0.0,1.1108,0.0,0.0
2025-12-05,338,108,0.0,0.0,0.0,1.1347,0.0,0.0
2025-12-05,338,109,0.0,0.0,0.0,1.1163,0.0,0.0
2025-12-05,338,110,0.0,0.0,0.0,1.1312,0.0,0.0
2025-12-05,338,111,0.0,0.0,0.0,1.1329,0.0,0.0
2025-12-05,338,112,131.89300871506913,131.89300871506913,0.0,1.2178,160.61930601321117,160.61930601321117
2025-12-05,338,113,589.1959166666668,589.1959166666668,0.0,1.3587,800.5404919750001,800.5404919750001
2025-12-05,338,114,0.0,0.0,0.0,1.409,0.0,0.0
2025-12-05,338,115,0.0,0.0,0.0,1.3863,0.0,0.0
2025-12-05,338,116,0.0,0.0,0.0,1.3369,0.0,0.0
2025-12-05,338,117,0.0,0.0,0.0,1.2951,0.0,0.0
2025-12-05,338,118,0.0,0.0,0.0,1.3012,0.0,0.0
2025-12-05,338,119,0.0,0.0,0.0,1.3447,0.0,0.0
2025-12-05,338,120,0.0,0.0,0.0,1.3668,0.0,0.0
2025-12-05,338,121,0.0,0.0,0.0,1.3318,0.0,0.0
2025-12-05,338,122,0.0,0.0,0.0,1.3237,0.0,0.0
2025-12-05,338,123,0.0,0.0,0.0,1.4106,0.0,0.0
2025-12-05,338,124,589.3753908333334,589.3753908333334,0.0,1.1755,692.8107719245835,692.8107719245835
2025-12-05,338,125,571.2161666666667,571.2161666666667,0.0,0.7565,432.12503008333334,432.12503008333334
2025-12-05,338,126,576.6733466666667,576.6733466666667,0.0,0.7355,424.14324647333336,424.14324647333336
2025-12-05,338,127,577.0279116666667,577.0279116666667,0.0,0.78,450.0817711,450.0817711
2025-12-05,338,128,574.5497499999999,574.5497499999999,0.0,0.764,438.95600899999994,438.95600899999994
2025-12-05,338,129,592.4968,592.4968,0.0,0.8597,509.36949896000004,509.36949896000004
2025-12-05,338,130,535.2852875000001,535.2852875000001,0.0,0.6867,367.5804069262501,367.5804069262501
2025-12-05,338,131,442.72108333333335,442.72108333333335,0.0,0.3145,139.23578070833335,139.23578070833335
2025-12-05,338,132,1283.073485,1283.073485,0.0,0.2354,302.035498369,302.035498369
2025-12-05,338,133,1287.3573733333333,1287.3573733333333,0.0,0.2687,345.91292621466664,345.91292621466664
2025-12-05,338,134,720.4327164545919,720.4327164545919,0.0,0.2815,202.8018096819676,202.8018096819676
2025-12-05,338,135,1288.7667166666668,1288.7667166666668,0.0,0.3294,424.51975647000006,424.51975647000006
2025-12-05,338,136,1311.4923133333332,1311.4923133333332,0.0,0.3401,446.0385357646666,446.0385357646666
2025-12-05,338,137,1309.5495833333334,1309.5495833333334,0.0,0.315,412.50811875000005,412.50811875000005
2025-12-05,338,138,1317.4551375,1317.4551375,0.0,0.3348,441.083980035,441.083980035
2025-12-05,338,139,1315.2860291666666,1315.2860291666666,0.0,0.3659,481.2631580720833,481.2631580720833
2025-12-05,338,140,0.0,0.0,0.0,0.3665,0.0,0.0
2025-12-05,338,141,0.0,0.0,0.0,0.3336,0.0,0.0
2025-12-05,338,142,468.37600583333335,468.37600583333335,0.0,0.3302,154.65775712616667,154.65775712616667
2025-12-05,338,143,488.4682083333334,488.4682083333334,0.0,0.3486,170.28001742500004,170.28001742500004
2025-12-06,339,0,1264.8712491666665,1264.8712491666665,0.0,0.3272,413.8658727273333,413.8658727273333
2025-12-06,339,1,1277.2072675,1277.2072675,0.0,0.3342,426.8426687985,426.8426687985
2025-12-06,339,2,443.29475,443.29475,0.0,0.3655,162.024231125,162.024231125
2025-12-06,339,3,432.7793075,432.7793075,0.0,0.3498,151.3862017635,151.3862017635
2025-12-06,339,4,1259.3521458333335,1259.3521458333335,0.0,0.3629,457.0188937229167,457.0188937229167
2025-12-06,339,5,432.12775000000005,432.12775000000005,0.0,0.3951,170.73367402500003,170.73367402500003
2025-12-06,339,6,0.0,0.0,0.0,0.3584,0.0,0.0
2025-12-06,339,7,0.0,0.0,0.0,0.3403,0.0,0.0
2025-12-06,339,8,444.63425,444.63425,0.0,0.3578,159.09013465,159.09013465
2025-12-06,339,9,446.7448566666667,446.7448566666667,0.0,0.3419,152.74206649433333,152.74206649433333
2025-12-06,339,10,0.0,0.0,0.0,0.3387,0.0,0.0
2025-12-06,339,11,480.3476666666667,480.3476666666667,0.0,0.3648,175.23082880000004,175.23082880000004
2025-12-06,339,12,854.6922614660282,854.6922614660282,0.0,0.3847,328.80011298598106,328.80011298598106
2025-12-06,339,13,1296.6634583333332,1296.6634583333332,0.0,0.3916,507.7734102833333,507.7734102833333
2025-12-06,339,14,491.37375000000003,491.37375000000003,0.0,0.3912,192.225411,192.225411
2025-12-06,339,15,1316.7758841666666,1316.7758841666666,0.0,0.3916,515.6494362396667,515.6494362396667
2025-12-06,339,16,480.49821583333335,480.49821583333335,0.0,0.3936,189.124097752,189.124097752
2025-12-06,339,17,0.002675181994789,0.002675181994789,0.0,0.3905,0.0010446585689651046,0.0010446585689651046
2025-12-06,339,18,1310.0183725,1310.0183725,0.0,0.3754,491.7808970365,491.7808970365
2025-12-06,339,19,1295.6408966666665,1295.6408966666665,0.0,0.3614,468.2446200553333,468.2446200553333
2025-12-06,339,20,0.0,0.0,0.0,0.3634,0.0,0.0
2025-12-06,339,21,0.0,0.0,0.0,0.3835,0.0,0.0
2025-12-06,339,22,0.0,0.0,0.0,0.3849,0.0,0.0
2025-12-06,339,23,494.73925,494.73925,0.0,0.3757,185.873536225,185.873536225
2025-12-06,339,24,1314.8273208333333,1314.8273208333333,0.0,0.396,520.67161905,520.67161905
2025-12-06,339,25,1332.4995024999998,1332.4995024999998,0.0,0.3992,531.9338013979999,531.9338013979999
2025-12-06,339,26,523.3225833333333,523.3225833333333,0.0,0.3905,204.3574687916667,204.3574687916667
2025-12-06,339,27,503.14628173078995,503.14628173078995,0.0,0.4259,214.29000138914344,214.29000138914344
2025-12-06,339,28,1325.7140158333332,1325.7140158333332,0.0,0.468,620.43415941,620.43415941
2025-12-06,339,29,504.07383333333337,504.07383333333337,0.0,0.4581,230.91622305,230.91622305
2025-12-06,339,30,497.5037183333334,497.5037183333334,0.0,0.3799,189.00166259483336,189.00166259483336
2025-12-06,339,31,497.4798025,497.4798025,0.0,0.3672,182.67458347800002,182.67458347800002
2025-12-06,339,32,503.9317500000001,503.9317500000001,0.0,0.4013,202.22781127500002,202.22781127500002
2025-12-06,339,33,499.31114,499.31114,0.0,0.3692,184.345672888,184.345672888
2025-12-06,339,34,0.0,0.0,0.0,0.524,0.0,0.0
2025-12-06,339,35,0.0,0.0,0.0,0.8152,0.0,0.0
2025-12-06,339,36,0.0,0.0,0.0,0.899,0.0,0.0
2025-12-06,339,37,0.0,0.0,0.0,0.8424,0.0,0.0
2025-12-06,339,38,0.0,0.0,0.0,0.7915,0.0,0.0
2025-12-06,339,39,0.0,0.0,0.0,0.8261,0.0,0.0
2025-12-06,339,40,0.0,0.0,0.0,0.8763,0.0,0.0
2025-12-06,339,41,0.0,0.0,0.0,0.8833,0.0,0.0
2025-12-06,339,42,0.0,0.0,0.0,0.8482,0.0,0.0
2025-12-06,339,43,0.0,0.0,0.0,0.8174,0.0,0.0
2025-12-06,339,44,0.0,0.0,0.0,0.8055,0.0,0.0
2025-12-06,339,45,0.0,0.0,0.0,0.8056,0.0,0.0
2025-12-06,339,46,0.0,0.0,0.0,0.893,0.0,0.0
2025-12-06,339,47,0.0,0.0,0.0,1.0112,0.0,0.0
2025-12-06,339,48,0.0,0.0,0.0,1.0169,0.0,0.0
2025-12-06,339,49,0.0,0.0,0.0,1.0194,0.0,0.0
2025-12-06,339,50,0.0,0.0,0.0,1.0221,0.0,0.0
2025-12-06,339,51,0.0,0.0,0.0,0.9323,0.0,0.0
2025-12-06,339,52,0.0,0.0,0.0,0.9424,0.0,0.0
2025-12-06,339,53,0.0,0.0,0.0,1.041,0.0,0.0
2025-12-06,339,54,0.0,0.0,0.0,1.0233,0.0,0.0
2025-12-06,339,55,0.0,0.0,0.0,1.0096,0.0,0.0
2025-12-06,339,56,0.0,0.0,0.0,1.0201,0.0,0.0
2025-12-06,339,57,0.0,0.0,0.0,0.963,0.0,0.0
2025-12-06,339,58,0.0,0.0,0.0,1.0245,0.0,0.0
2025-12-06,339,59,0.0,0.0,0.0,1.1715,0.0,0.0
2025-12-06,339,60,0.0,0.0,0.0,1.1692,0.0,0.0
2025-12-06,339,61,0.0,0.0,0.0,1.1326,0.0,0.0
2025-12-06,339,62,0.0,0.0,0.0,1.1584,0.0,0.0
2025-12-06,339,63,0.0,0.0,0.0,1.1756,0.0,0.0
2025-12-06,339,64,0.0,0.0,0.0,0.9001,0.0,0.0
2025-12-06,339,65,0.0,0.0,0.0,0.516,0.0,0.0
2025-12-06,339,66,499.52042416666666,499.52042416666666,0.0,0.5168,258.15215520933333,258.15215520933333
2025-12-06,339,67,481.3105516666667,481.3105516666667,0.0,0.572,275.30963555333335,275.30963555333335
2025-12-06,339,68,492.3070416666667,492.3070416666667,0.0,0.5171,254.57197124583334,254.57197124583334
2025-12-06,339,69,0.0,0.0,0.0,0.507,0.0,0.0
2025-12-06,339,70,0.0,0.0,0.0,0.4716,0.0,0.0
2025-12-06,339,71,0.0,0.0,0.0,0.4151,0.0,0.0
2025-12-06,339,72,0.0,0.0,0.0,0.4362,0.0,0.0
2025-12-06,339,73,0.0,0.0,0.0,0.4731,0.0,0.0
2025-12-06,339,74,0.0,0.0,0.0,0.4463,0.0,0.0
2025-12-06,339,75,446.59239055555486,446.59239055555486,0.0,0.3664,163.6314518995553,163.6314518995553
2025-12-06,339,76,0.0,0.0,0.0,0.4905,0.0,0.0
2025-12-06,339,77,0.0,0.0,0.0,0.7324,0.0,0.0
2025-12-06,339,78,0.0,0.0,0.0,0.7492,0.0,0.0
2025-12-06,339,79,0.0,0.0,0.0,0.7732,0.0,0.0
2025-12-06,339,80,0.0,0.0,0.0,0.8535,0.0,0.0
2025-12-06,339,81,0.0,0.0,0.0,0.8144,0.0,0.0
2025-12-06,339,82,0.0,0.0,0.0,0.8926,0.0,0.0
2025-12-06,339,83,0.0,0.0,0.0,1.08,0.0,0.0
2025-12-06,339,84,0.0,0.0,0.0,1.1152,0.0,0.0
2025-12-06,339,85,0.0,0.0,0.0,1.1198,0.0,0.0
2025-12-06,339,86,0.0,0.0,0.0,1.1838,0.0,0.0
2025-12-06,339,87,0.0,0.0,0.0,1.2158,0.0,0.0
2025-12-06,339,88,0.0,0.0,0.0,0.9489,0.0,0.0
2025-12-06,339,89,62.70989583333346,62.70989583333346,0.0,0.5656,35.4687170833334,35.4687170833334
2025-12-06,339,90,130.01189703703758,130.01189703703758,0.0,0.5554,72.20860761437068,72.20860761437068
2025-12-06,339,91,146.3635591666668,146.3635591666668,0.0,0.6789,99.36622031825007,99.36622031825007
2025-12-06,339,92,189.7874375,189.7874375,0.0,0.7192,136.49512504999998,136.49512504999998
2025-12-06,339,93,235.89671666666686,235.89671666666686,0.0,0.6883,162.36771008166681,162.36771008166681
2025-12-06,339,94,279.2215283333334,279.2215283333334,0.0,0.6672,186.29660370400006,186.29660370400006
2025-12-06,339,95,313.9186666666667,313.9186666666667,0.0,0.6901,216.6352718666667,216.6352718666667
2025-12-06,339,96,347.42483083333343,347.42483083333343,0.0,0.7273,252.68207946508338,252.68207946508338
2025-12-06,339,97,395.3060441666667,395.3060441666667,0.0,0.746,294.89830894833335,294.89830894833335
2025-12-06,339,98,0.0,0.0,0.0,0.7804,0.0,0.0
2025-12-06,339,99,0.0,0.0,0.0,0.8756,0.0,0.0
2025-12-06,339,100,501.8805316666667,501.8805316666667,0.0,0.8578,430.5131200636667,430.5131200636667
2025-12-06,339,101,1312.5513541666667,1312.5513541666667,0.0,0.753,988.3511696875,988.3511696875
2025-12-06,339,102,504.4485258333333,504.4485258333333,0.0,0.7681,387.4669126925833,387.4669126925833
2025-12-06,339,103,0.0,0.0,0.0,0.8143,0.0,0.0
2025-12-06,339,104,509.5438333333334,509.5438333333334,0.0,0.7886,401.8262669666667,401.8262669666667
2025-12-06,339,105,1328.9731017592608,1328.9731017592608,0.0,0.7193,955.9303520954363,955.9303520954363
2025-12-06,339,106,16.00417288173651,16.00417288173651,0.0,0.8877,14.2069042671175,14.2069042671175
2025-12-06,339,107,0.0,0.0,0.0,1.1623,0.0,0.0
2025-12-06,339,108,0.0,0.0,0.0,1.1251,0.0,0.0
2025-12-06,339,109,0.0,0.0,0.0,1.0922,0.0,0.0
2025-12-06,339,110,0.0,0.0,0.0,1.1488,0.0,0.0
2025-12-06,339,111,0.0,0.0,0.0,1.0841,0.0,0.0
2025-12-06,339,112,0.0,0.0,0.0,1.1639,0.0,0.0
2025-12-06,339,113,0.0,0.0,0.0,1.3684,0.0,0.0
2025-12-06,339,114,0.0,0.0,0.0,1.3841,0.0,0.0
2025-12-06,339,115,0.0,0.0,0.0,1.3518,0.0,0.0
2025-12-06,339,116,0.0,0.0,0.0,1.3624,0.0,0.0
2025-12-06,339,117,0.0,0.0,0.0,1.3535,0.0,0.0
2025-12-06,339,118,0.0,0.0,0.0,1.3232,0.0,0.0
2025-12-06,339,119,0.0,0.0,0.0,1.308,0.0,0.0
2025-12-06,339,120,0.0,0.0,0.0,1.3397,0.0,0.0
2025-12-06,339,121,0.0,0.0,0.0,1.3508,0.0,0.0
2025-12-06,339,122,0.0,0.0,0.0,1.3612,0.0,0.0
2025-12-06,339,123,0.0,0.0,0.0,1.4053,0.0,0.0
2025-12-06,339,124,0.0,0.0,0.0,1.1484,0.0,0.0
2025-12-06,339,125,1317.1701666666668,1317.1701666666668,0.0,0.7504,988.4044930666666,988.4044930666666
2025-12-06,339,126,744.5013749074078,744.5013749074078,0.0,0.7409,551.6010686688984,551.6010686688984
2025-12-06,339,127,466.7917666666667,466.7917666666667,0.0,0.7975,372.2664339166667,372.2664339166667
2025-12-06,339,128,0.0,0.0,0.0,0.7822,0.0,0.0
2025-12-06,339,129,0.0,0.0,0.0,0.8451,0.0,0.0
2025-12-06,339,130,470.58010750000005,470.58010750000005,0.0,0.6913,325.31202831475,325.31202831475
2025-12-06,339,131,408.1229166666667,408.1229166666667,0.0,0.3792,154.76021,154.76021
2025-12-06,339,132,1222.6562733333333,1222.6562733333333,0.0,0.3005,367.40821013666664,367.40821013666664
2025-12-06,339,133,1232.4992083333332,1232.4992083333332,0.0,0.3136,386.51175173333326,386.51175173333326
2025-12-06,339,134,1241.2041666666667,1241.2041666666667,0.0,0.3083,382.6632445833333,382.6632445833333
2025-12-06,339,135,792.0732570101471,792.0732570101471,0.0,0.3274,259.32478434512217,259.32478434512217
2025-12-06,339,136,423.2965858333334,423.2965858333334,0.0,0.343,145.19072894083337,145.19072894083337
2025-12-06,339,137,1268.8180833333333,1268.8180833333333,0.0,0.3458,438.75729321666665,438.75729321666665
2025-12-06,339,138,1258.0439433333331,1258.0439433333331,0.0,0.3574,449.62490534733325,449.62490534733325
2025-12-06,339,139,1261.7909966666666,1261.7909966666666,0.0,0.3689,465.47469867033334,465.47469867033334
2025-12-06,339,140,1278.9660833333332,1278.9660833333332,0.0,0.3566,456.0793053166666,456.0793053166666
2025-12-06,339,141,438.12076249999996,438.12076249999996,0.0,0.3201,140.24245607625,140.24245607625
2025-12-06,339,142,0.0,0.0,0.0,0.3702,0.0,0.0
2025-12-06,339,143,0.0,0.0,0.0,0.4549,0.0,0.0
2025-12-07,340,0,1367.8786616666666,1367.8786616666666,0.0,0.4122,563.839584339,563.839584339
2025-12-07,340,1,1361.759445,1361.759445,0.0,0.395,537.894980775,537.894980775
2025-12-07,340,2,0.0,0.0,0.0,0.4543,0.0,0.0
2025-12-07,340,3,0.0,0.0,0.0,0.485,0.0,0.0
2025-12-07,340,4,530.43407,530.43407,0.0,0.4853,257.419654171,257.419654171
2025-12-07,340,5,538.6913333333334,538.6913333333334,0.0,0.4629,249.36021820000002,249.36021820000002
2025-12-07,340,6,1368.3777866666667,1368.3777866666667,0.0,0.4211,576.2238859653334,576.2238859653334
2025-12-07,340,7,1372.8500716666667,1372.8500716666667,0.0,0.4175,573.1649049208334,573.1649049208334
2025-12-07,340,8,553.0676666666667,553.0676666666667,0.0,0.453,250.53965300000002,250.53965300000002
2025-12-07,340,9,549.2650383333333,549.2650383333333,0.0,0.4672,256.6166259093333,256.6166259093333
2025-12-07,340,10,550.4860983333334,550.4860983333334,0.0,0.4348,239.35135555533338,239.35135555533338
2025-12-07,340,11,1302.378874173951,1302.378874173951,0.0,0.4042,526.4215409411111,526.4215409411111
2025-12-07,340,12,1396.2023733333335,1396.2023733333335,0.0,0.4455,622.0081573200001,622.0081573200001
2025-12-07,340,13,1388.2176675,1388.2176675,0.0,0.4646,644.9659283205001,644.9659283205001
2025-12-07,340,14,551.0680000000001,551.0680000000001,0.0,0.4607,253.87702760000005,253.87702760000005
2025-12-07,340,15,558.8374533333333,558.8374533333333,0.0,0.5128,286.57184606933333,286.57184606933333
2025-12-07,340,16,558.4502558333334,558.4502558333334,0.0,0.4866,271.7418944885,271.7418944885
2025-12-07,340,17,549.3036666666667,549.3036666666667,0.0,0.4205,230.98219183333333,230.98219183333333
2025-12-07,340,18,548.45258,548.45258,0.0,0.4892,268.30300213600003,268.30300213600003
2025-12-07,340,19,557.4570633333334,557.4570633333334,0.0,0.5124,285.64099925200003,285.64099925200003
2025-12-07,340,20,0.0,0.0,0.0,0.4586,0.0,0.0
2025-12-07,340,21,595.00174,595.00174,0.0,0.4776,284.17283102400006,284.17283102400006
2025-12-07,340,22,603.7047216666667,603.7047216666667,0.0,0.4895,295.51346125583336,295.51346125583336
2025-12-07,340,23,0.0,0.0,0.0,0.4659,0.0,0.0
2025-12-07,340,24,1413.2158408333332,1413.2158408333332,0.0,0.4714,666.1899473688333,666.1899473688333
2025-12-07,340,25,1415.1588016666667,1415.1588016666667,0.0,0.4958,701.6357338663333,701.6357338663333
2025-12-07,340,26,0.027951385910255526,0.027951385910255526,0.0,0.508,0.014199304042409808,0.014199304042409808
2025-12-07,340,27,592.8155075,592.8155075,0.0,0.4917,291.48738503775,291.48738503775
2025-12-07,340,28,591.8057208333335,591.8057208333335,0.0,0.4941,292.41120666375,292.41120666375
2025-12-07,340,29,1433.0483333333332,1433.0483333333332,0.0,0.5295,758.7990924999999,758.7990924999999
2025-12-07,340,30,594.32649,594.32649,0.0,0.5568,330.920989632,330.920989632
2025-12-07,340,31,425.518565833334,425.518565833334,0.0,0.5119,217.82295385008368,217.82295385008368
2025-12-07,340,32,0.0,0.0,0.0,0.412,0.0,0.0
2025-12-07,340,33,1411.8813175,1411.8813175,0.0,0.3926,554.3046052505,554.3046052505
2025-12-07,340,34,635.5310975000001,635.5310975000001,0.0,0.6912,439.2790945920001,439.2790945920001
2025-12-07,340,35,559.2374462150715,559.2374462150715,0.0,1.0708,598.8314574070986,598.8314574070986
2025-12-07,340,36,0.0,0.0,0.0,1.0237,0.0,0.0
2025-12-07,340,37,0.0,0.0,0.0,0.94,0.0,0.0
2025-12-07,340,38,0.0,0.0,0.0,1.0154,0.0,0.0
2025-12-07,340,39,0.0,0.0,0.0,1.0631,0.0,0.0
2025-12-07,340,40,0.0,0.0,0.0,1.061,0.0,0.0
2025-12-07,340,41,0.0,0.0,0.0,1.0482,0.0,0.0
2025-12-07,340,42,704.6153258333334,704.6153258333334,0.0,1.062,748.3014760350001,748.3014760350001
2025-12-07,340,43,633.8049166666667,633.8049166666667,0.0,1.0712,678.9318267333333,678.9318267333333
2025-12-07,340,44,1415.4998958333333,1415.4998958333333,0.0,1.0061,1424.1344451979166,1424.1344451979166
2025-12-07,340,45,1374.1062075,1374.1062075,0.0,0.8706,1196.2968642495,1196.2968642495
2025-12-07,340,46,0.0,0.0,0.0,1.0258,0.0,0.0
2025-12-07,340,47,0.0,0.0,0.0,1.3762,0.0,0.0
2025-12-07,340,48,0.0,0.0,0.0,1.4438,0.0,0.0
2025-12-07,340,49,0.0,0.0,0.0,1.3934,0.0,0.0
2025-12-07,340,50,0.0,0.0,0.0,1.3502,0.0,0.0
2025-12-07,340,51,0.0,0.0,0.0,1.2674,0.0,0.0
2025-12-07,340,52,0.0,0.0,0.0,1.2338,0.0,0.0
2025-12-07,340,53,0.0,0.0,0.0,1.2557,0.0,0.0
2025-12-07,340,54,0.0,0.0,0.0,1.2523,0.0,0.0
2025-12-07,340,55,0.0,0.0,0.0,1.2649,0.0,0.0
2025-12-07,340,56,0.0,0.0,0.0,1.261,0.0,0.0
2025-12-07,340,57,0.0,0.0,0.0,1.1732,0.0,0.0
2025-12-07,340,58,0.0,0.0,0.0,1.2031,0.0,0.0
2025-12-07,340,59,0.0,0.0,0.0,1.3529,0.0,0.0
2025-12-07,340,60,0.0,0.0,0.0,1.4099,0.0,0.0
2025-12-07,340,61,0.0,0.0,0.0,1.3756,0.0,0.0
2025-12-07,340,62,0.0,0.0,0.0,1.3546,0.0,0.0
2025-12-07,340,63,0.0,0.0,0.0,1.3967,0.0,0.0
2025-12-07,340,64,14.051904166666873,14.051904166666873,0.0,1.1722,16.471642064166907,16.471642064166907
2025-12-07,340,65,832.3147708333336,832.3147708333336,0.0,0.7655,637.1369570729169,637.1369570729169
2025-12-07,340,66,803.1726291666666,803.1726291666666,0.0,0.6287,504.95463195708334,504.95463195708334
2025-12-07,340,67,802.0332208333334,802.0332208333334,0.0,0.649,520.5195603208334,520.5195603208334
2025-12-07,340,68,816.6148749999999,816.6148749999999,0.0,0.6793,554.7264845875,554.7264845875
2025-12-07,340,69,792.7550458333334,792.7550458333334,0.0,0.6876,545.0983695150001,545.0983695150001
2025-12-07,340,70,765.3039475000002,765.3039475000002,0.0,0.6521,499.0547041647501,499.0547041647501
2025-12-07,340,71,734.2765833333333,734.2765833333333,0.0,0.6173,453.2689348916666,453.2689348916666
2025-12-07,340,72,703.7744041666668,703.7744041666668,0.0,0.6567,462.16865121625005,462.16865121625005
2025-12-07,340,73,692.5230283333333,692.5230283333333,0.0,0.7012,485.59714746733334,485.59714746733334
2025-12-07,340,74,696.1617916666665,696.1617916666665,0.0,0.675,469.90920937499993,469.90920937499993
2025-12-07,340,75,698.0030750000001,698.0030750000001,0.0,0.6036,421.31465607000007,421.31465607000007
2025-12-07,340,76,662.0596883721472,662.0596883721472,0.0,0.7832,518.5251479330657,518.5251479330657
2025-12-07,340,77,0.0,0.0,0.0,1.1035,0.0,0.0
2025-12-07,340,78,0.0,0.0,0.0,1.1331,0.0,0.0
2025-12-07,340,79,0.0,0.0,0.0,1.045,0.0,0.0
2025-12-07,340,80,0.0,0.0,0.0,1.008,0.0,0.0
2025-12-07,340,81,0.0,0.0,0.0,1.0425,0.0,0.0
2025-12-07,340,82,0.0,0.0,0.0,1.2062,0.0,0.0
2025-12-07,340,83,0.0,0.0,0.0,1.4002,0.0,0.0
2025-12-07,340,84,0.0,0.0,0.0,1.4309,0.0,0.0
2025-12-07,340,85,0.0,0.0,0.0,1.3938,0.0,0.0
2025-12-07,340,86,0.0,0.0,0.0,1.3973,0.0,0.0
2025-12-07,340,87,0.0,0.0,0.0,1.4245,0.0,0.0
2025-12-07,340,88,0.0,0.0,0.0,1.2215,0.0,0.0
2025-12-07,340,89,1144.0197916666666,1144.0197916666666,0.0,0.9133,1044.8332757291666,1044.8332757291666
2025-12-07,340,90,690.7147588888915,690.7147588888915,0.0,0.9061,625.8566430292246,625.8566430292246
2025-12-07,340,91,415.65646500000014,415.65646500000014,0.0,0.9899,411.45833470350016,411.45833470350016
2025-12-07,340,92,451.4789583333334,451.4789583333334,0.0,1.0058,454.09753629166676,454.09753629166676
2025-12-07,340,93,483.2566125000001,483.2566125000001,0.0,0.9965,481.5652143562501,481.5652143562501
2025-12-07,340,94,527.9814183333335,527.9814183333335,0.0,0.9726,513.5147274710002,513.5147274710002
2025-12-07,340,95,588.0076875,588.0076875,0.0,0.9748,573.189893775,573.189893775
2025-12-07,340,96,649.1033516666668,649.1033516666668,0.0,1.0441,677.7288094751668,677.7288094751668
2025-12-07,340,97,690.7866941666668,690.7866941666668,0.0,1.0708,739.6943921136668,739.6943921136668
2025-12-07,340,98,724.3768333333335,724.3768333333335,0.0,1.0487,759.6539851166668,759.6539851166668
2025-12-07,340,99,781.2728966666668,781.2728966666668,0.0,1.0756,840.3371276546668,840.3371276546668
2025-12-07,340,100,811.0721033333335,811.0721033333335,0.0,1.0987,891.1249199323336,891.1249199323336
2025-12-07,340,101,810.8099583333334,810.8099583333334,0.0,1.0946,887.5125803916667,887.5125803916667
2025-12-07,340,102,817.8156075,817.8156075,0.0,1.0987,898.53400796025,898.53400796025
2025-12-07,340,103,813.79526,813.79526,0.0,1.1075,901.27825045,901.27825045
2025-12-07,340,104,807.37025,807.37025,0.0,1.1137,899.168247425,899.168247425
2025-12-07,340,105,823.3502258333334,823.3502258333334,0.0,1.1216,923.4696132946667,923.4696132946667
2025-12-07,340,106,760.8244358333333,760.8244358333333,0.0,1.1544,878.295728726,878.295728726
2025-12-07,340,107,0.0,0.0,0.0,1.2224,0.0,0.0
2025-12-07,340,108,0.0,0.0,0.0,1.3064,0.0,0.0
2025-12-07,340,109,0.0,0.0,0.0,1.3399,0.0,0.0
2025-12-07,340,110,0.0,0.0,0.0,1.3132,0.0,0.0
2025-12-07,340,111,326.66890704840245,326.66890704840245,0.0,1.2986,424.21224269305543,424.21224269305543
2025-12-07,340,112,624.5609633333333,624.5609633333333,0.0,1.4128,882.3797289973334,882.3797289973334
2025-12-07,340,113,646.8690833333335,646.8690833333335,0.0,1.5685,1014.6141572083336,1014.6141572083336
2025-12-07,340,114,0.0,0.0,0.0,1.5512,0.0,0.0
2025-12-07,340,115,0.0,0.0,0.0,1.4917,0.0,0.0
2025-12-07,340,116,0.0,0.0,0.0,1.4801,0.0,0.0
2025-12-07,340,117,0.0,0.0,0.0,1.4796,0.0,0.0
2025-12-07,340,118,0.0,0.0,0.0,1.4643,0.0,0.0
2025-12-07,340,119,0.0,0.0,0.0,1.4541,0.0,0.0
2025-12-07,340,120,0.0,0.0,0.0,1.486,0.0,0.0
2025-12-07,340,121,0.0,0.0,0.0,1.5031,0.0,0.0
2025-12-07,340,122,0.0,0.0,0.0,1.536,0.0,0.0
2025-12-07,340,123,0.0,0.0,0.0,1.6174,0.0,0.0
2025-12-07,340,124,618.4386791666668,618.4386791666668,0.0,1.3726,848.8689310241668,848.8689310241668
2025-12-07,340,125,618.8095833333334,618.8095833333334,0.0,0.9406,582.0522940833334,582.0522940833334
2025-12-07,340,126,643.7240466666667,643.7240466666667,0.0,0.8762,564.0310096893334,564.0310096893334
2025-12-07,340,127,653.0288058333334,653.0288058333334,0.0,0.9434,616.0673754231667,616.0673754231667
2025-12-07,340,128,643.1633333333334,643.1633333333334,0.0,0.9603,617.6297490000001,617.6297490000001
2025-12-07,340,129,645.1809066666667,645.1809066666667,0.0,0.9523,614.4057774186667,614.4057774186667
2025-12-07,340,130,587.4233483333334,587.4233483333334,0.0,0.7511,441.2136769331667,441.2136769331667
2025-12-07,340,131,1336.2506666666666,1336.2506666666666,0.0,0.4671,624.1626864,624.1626864
2025-12-07,340,132,1331.025095,1331.025095,0.0,0.4168,554.7712595959999,554.7712595959999
2025-12-07,340,133,498.1883174999999,498.1883174999999,0.0,0.4327,215.56608498224995,215.56608498224995
2025-12-07,340,134,1312.4629166666666,1312.4629166666666,0.0,0.4169,547.1657899583333,547.1657899583333
2025-12-07,340,135,1331.6927616666667,1331.6927616666667,0.0,0.4379,583.1482603338334,583.1482603338334
2025-12-07,340,136,1142.239513769407,1142.239513769407,0.0,0.4573,522.3461296467498,522.3461296467498
2025-12-07,340,137,508.9851666666667,508.9851666666667,0.0,0.4514,229.75590423333335,229.75590423333335
2025-12-07,340,138,1346.6230183333332,1346.6230183333332,0.0,0.4392,591.4368296519999,591.4368296519999
2025-12-07,340,139,515.0589075,515.0589075,0.0,0.4362,224.6686954515,224.6686954515
2025-12-07,340,140,0.0,0.0,0.0,0.4516,0.0,0.0
2025-12-07,340,141,516.3320166666667,516.3320166666667,0.0,0.4751,245.30934111833338,245.30934111833338
2025-12-07,340,142,1376.2530841666667,1376.2530841666667,0.0,0.4415,607.6157366595834,607.6157366595834
2025-12-07,340,143,580.4457083333334,580.4457083333334,0.0,0.3908,226.8381828166667,226.8381828166667
2025-12-08,341,0,607.3314516666667,607.3314516666667,0.0,0.4298,261.03105792633335,261.03105792633335
2025-12-08,341,1,610.24104,610.24104,0.0,0.4633,282.724673832,282.724673832
2025-12-08,341,2,1435.5480833333331,1435.5480833333331,0.0,0.4476,642.5513220999999,642.5513220999999
2025-12-08,341,3,599.72004,599.72004,0.0,0.4365,261.77779746000004,261.77779746000004
2025-12-08,341,4,611.3566708333334,611.3566708333334,0.0,0.4585,280.30703357708336,280.30703357708336
2025-12-08,341,5,615.9635833333334,615.9635833333334,0.0,0.4925,303.3620647916667,303.3620647916667
2025-12-08,341,6,593.4368125000001,593.4368125000001,0.0,0.4893,290.36863235625003,290.36863235625003
2025-12-08,341,7,1439.0481375,1439.0481375,0.0,0.4603,662.39385769125,662.39385769125
2025-12-08,341,8,1477.0520000000001,1477.0520000000001,0.0,0.454,670.5816080000001,670.5816080000001
2025-12-08,341,9,629.2737925,629.2737925,0.0,0.5061,318.47546638425,318.47546638425
2025-12-08,341,10,616.6706025,616.6706025,0.0,0.5181,319.49703915525,319.49703915525
2025-12-08,341,11,626.8190833333333,626.8190833333333,0.0,0.4789,300.18365900833334,300.18365900833334
2025-12-08,341,12,629.8219150000001,629.8219150000001,0.0,0.4712,296.7720863480001,296.7720863480001
2025-12-08,341,13,631.1713850000001,631.1713850000001,0.0,0.4722,298.03912799700004,298.03912799700004
2025-12-08,341,14,640.0566666666667,640.0566666666667,0.0,0.4707,301.274673,301.274673
2025-12-08,341,15,1479.8653216666667,1479.8653216666667,0.0,0.4817,712.8511254468334,712.8511254468334
2025-12-08,341,16,643.0910700000001,643.0910700000001,0.0,0.4708,302.767275756,302.767275756
2025-12-08,341,17,642.8251666666667,642.8251666666667,0.0,0.4476,287.7285446,287.7285446
2025-12-08,341,18,1494.6803533333332,1494.6803533333332,0.0,0.4619,690.3928552046666,690.3928552046666
2025-12-08,341,19,1474.9353020098838,1474.9353020098838,0.0,0.4959,731.4204162667014,731.4204162667014
2025-12-08,341,20,0.08418175023712138,0.08418175023712138,0.0,0.5067,0.04265489284514941,0.04265489284514941
2025-12-08,341,21,645.7619991666667,645.7619991666667,0.0,0.4705,303.8310206079166,303.8310206079166
2025-12-08,341,22,1489.5385333333334,1489.5385333333334,0.0,0.4671,695.7634489200001,695.7634489200001
2025-12-08,341,23,1502.6503333333333,1502.6503333333333,0.0,0.4987,749.3717212333332,749.3717212333332
2025-12-08,341,24,664.6971516666667,664.6971516666667,0.0,0.4942,328.4933323536667,328.4933323536667
2025-12-08,341,25,660.9888850000001,660.9888850000001,0.0,0.5024,332.080815824,332.080815824
2025-12-08,341,26,674.1215000000001,674.1215000000001,0.0,0.5297,357.08215855000003,357.08215855000003
2025-12-08,341,27,696.9202457033955,696.9202457033955,0.0,0.5295,369.0192700999479,369.0192700999479
2025-12-08,341,28,687.6385858333334,687.6385858333334,0.0,0.5339,367.13024097641676,367.13024097641676
2025-12-08,341,29,668.9065833333334,668.9065833333334,0.0,0.5309,355.1225050916667,355.1225050916667
2025-12-08,341,30,661.1453051299377,661.1453051299377,0.0,0.4835,319.66375503032486,319.66375503032486
2025-12-08,341,31,0.0,0.0,0.0,0.506,0.0,0.0
2025-12-08,341,32,667.3633333333335,667.3633333333335,0.0,0.5363,357.90695566666676,357.90695566666676
2025-12-08,341,33,1468.9144766666668,1468.9144766666668,0.0,0.4417,648.8195243436667,648.8195243436667
2025-12-08,341,34,748.6563200000003,748.6563200000003,0.0,0.6399,479.0651791680002,479.0651791680002
2025-12-08,341,35,911.4004166666668,911.4004166666668,0.0,1.0215,930.9955256250003,930.9955256250003
2025-12-08,341,36,60.08652500000022,60.08652500000022,0.0,1.0361,62.25564855250023,62.25564855250023
2025-12-08,341,37,860.4148083333334,860.4148083333334,0.0,1.0183,876.1603993258334,876.1603993258334
2025-12-08,341,38,886.317,886.317,0.0,1.0991,974.1510147,974.1510147
2025-12-08,341,39,627.4502878817357,627.4502878817357,0.0,1.0602,665.2227952122162,665.2227952122162
2025-12-08,341,40,879.1392541666668,879.1392541666668,0.0,1.0113,889.0735277387502,889.0735277387502
2025-12-08,341,41,881.1215416666666,881.1215416666666,0.0,1.0113,891.0782150875001,891.0782150875001
2025-12-08,341,42,836.3611874999999,836.3611874999999,0.0,0.9991,835.6084624312499,835.6084624312499
2025-12-08,341,43,794.9690883333333,794.9690883333333,0.0,0.9814,780.1826632903333,780.1826632903333
2025-12-08,341,44,745.7128958333334,745.7128958333334,0.0,0.9549,712.08124423125,712.08124423125
2025-12-08,341,45,1497.7250175,1497.7250175,0.0,0.9367,1402.91902389225,1402.91902389225
2025-12-08,341,46,738.1137741666668,738.1137741666668,0.0,1.125,830.3779959375001,830.3779959375001
2025-12-08,341,47,61.84052083333336,61.84052083333336,0.0,1.4091,87.13947790625004,87.13947790625004
2025-12-08,341,48,30.97722583333359,30.97722583333359,0.0,1.4417,44.659866483917035,44.659866483917035
2025-12-08,341,49,0.0,0.0,0.0,1.3448,0.0,0.0
2025-12-08,341,50,0.0,0.0,0.0,1.2766,0.0,0.0
2025-12-08,341,51,0.0,0.0,0.0,1.2769,0.0,0.0
2025-12-08,341,52,0.0,0.0,0.0,1.2524,0.0,0.0
2025-12-08,341,53,0.0,0.0,0.0,1.1974,0.0,0.0
2025-12-08,341,54,0.0,0.0,0.0,1.1987,0.0,0.0
2025-12-08,341,55,0.0,0.0,0.0,1.2353,0.0,0.0
2025-12-08,341,56,0.0,0.0,0.0,1.2376,0.0,0.0
2025-12-08,341,57,0.0,0.0,0.0,1.1766,0.0,0.0
2025-12-08,341,58,0.0,0.0,0.0,1.2546,0.0,0.0
2025-12-08,341,59,0.0,0.0,0.0,1.4286,0.0,0.0
2025-12-08,341,60,0.0,0.0,0.0,1.4353,0.0,0.0
2025-12-08,341,61,0.0,0.0,0.0,1.3411,0.0,0.0
2025-12-08,341,62,0.0,0.0,0.0,1.2976,0.0,0.0
2025-12-08,341,63,0.0,0.0,0.0,1.3484,0.0,0.0
2025-12-08,341,64,0.0,0.0,0.0,1.1313,0.0,0.0
2025-12-08,341,65,956.7991875,956.7991875,0.0,0.7498,717.4080307875,717.4080307875
2025-12-08,341,66,919.7298816666666,919.7298816666666,0.0,0.6941,638.3845108648334,638.3845108648334
2025-12-08,341,67,897.12687,897.12687,0.0,0.743,666.56526441,666.56526441
2025-12-08,341,68,894.3459791666667,894.3459791666667,0.0,0.7221,645.8072315562499,645.8072315562499
2025-12-08,341,69,915.5677183333332,915.5677183333332,0.0,0.6866,628.6287954076665,628.6287954076665
2025-12-08,341,70,888.7875333333332,888.7875333333332,0.0,0.6861,609.79712662,609.79712662
2025-12-08,341,71,811.7326458333334,811.7326458333334,0.0,0.7076,574.3820201916667,574.3820201916667
2025-12-08,341,72,797.2872258333334,797.2872258333334,0.0,0.6981,556.58621235425,556.58621235425
2025-12-08,341,73,830.9377525000002,830.9377525000002,0.0,0.6759,561.6308269147501,561.6308269147501
2025-12-08,341,74,857.0304791666667,857.0304791666667,0.0,0.6353,544.4714634145834,544.4714634145834
2025-12-08,341,75,847.1199166666668,847.1199166666668,0.0,0.5863,496.66640714166675,496.66640714166675
2025-12-08,341,76,890.6352433333332,890.6352433333332,0.0,0.7543,671.8061640463332,671.8061640463332
2025-12-08,341,77,137.69916666666677,137.69916666666677,0.0,1.0427,143.57892108333343,143.57892108333343
2025-12-08,341,78,0.0,0.0,0.0,1.1048,0.0,0.0
2025-12-08,341,79,0.0,0.0,0.0,1.092,0.0,0.0
2025-12-08,341,80,0.0,0.0,0.0,1.1147,0.0,0.0
2025-12-08,341,81,203.57716166666683,203.57716166666683,0.0,1.1391,231.89474485450017,231.89474485450017
2025-12-08,341,82,0.0,0.0,0.0,1.225,0.0,0.0
2025-12-08,341,83,0.0,0.0,0.0,1.3412,0.0,0.0
2025-12-08,341,84,0.0,0.0,0.0,1.3779,0.0,0.0
2025-12-08,341,85,0.0,0.0,0.0,1.3718,0.0,0.0
2025-12-08,341,86,0.0,0.0,0.0,1.3879,0.0,0.0
2025-12-08,341,87,0.0,0.0,0.0,1.415,0.0,0.0
2025-12-08,341,88,0.0,0.0,0.0,1.197,0.0,0.0
2025-12-08,341,89,1346.1862083333333,1346.1862083333333,0.0,0.8662,1166.0664936583332,1166.0664936583332
2025-12-08,341,90,1377.5248691666666,1377.5248691666666,0.0,0.8439,1162.49323708975,1162.49323708975
2025-12-08,341,91,1418.3398391666665,1418.3398391666665,0.0,0.9204,1305.4399879689997,1305.4399879689997
2025-12-08,341,92,1338.1658130017781,1338.1658130017781,0.0,0.9435,1262.5594445671777,1262.5594445671777
2025-12-08,341,93,683.1844241666668,683.1844241666668,0.0,0.9622,657.3600529331668,657.3600529331668
2025-12-08,341,94,706.4761699999999,706.4761699999999,0.0,0.954,673.9782661799999,673.9782661799999
2025-12-08,341,95,736.1764166666667,736.1764166666667,0.0,0.9555,703.416566125,703.416566125
2025-12-08,341,96,790.7107691666668,790.7107691666668,0.0,1.0271,812.1390310110834,812.1390310110834
2025-12-08,341,97,845.5174666666667,845.5174666666667,0.0,1.0204,862.7660229866667,862.7660229866667
2025-12-08,341,98,893.4719791666668,893.4719791666668,0.0,0.9738,870.0630133125001,870.0630133125001
2025-12-08,341,99,954.5629491666666,954.5629491666666,0.0,1.074,1025.200607405,1025.200607405
2025-12-08,341,100,999.2276916666668,999.2276916666668,0.0,1.147,1146.1141623416668,1146.1141623416668
2025-12-08,341,101,1015.4304375000002,1015.4304375000002,0.0,1.1347,1152.2089174312503,1152.2089174312503
2025-12-08,341,102,1012.8884308333335,1012.8884308333335,0.0,1.1483,1163.099785125917,1163.099785125917
2025-12-08,341,103,1003.4786658333336,1003.4786658333336,0.0,1.1431,1147.0764629140835,1147.0764629140835
2025-12-08,341,104,1016.70225,1016.70225,0.0,1.1075,1125.997741875,1125.997741875
2025-12-08,341,105,1057.9009075,1057.9009075,0.0,1.1006,1164.3257387945,1164.3257387945
2025-12-08,341,106,936.8200275000002,936.8200275000002,0.0,1.166,1092.3321520650002,1092.3321520650002
2025-12-08,341,107,724.7037500000001,724.7037500000001,0.0,1.2556,909.9380285000002,909.9380285000002
2025-12-08,341,108,700.0212425000001,700.0212425000001,0.0,1.2738,891.6870586965001,891.6870586965001
2025-12-08,341,109,731.5645066666667,731.5645066666667,0.0,1.2796,936.1099427306668,936.1099427306668
2025-12-08,341,110,730.22375,730.22375,0.0,1.2843,937.826362125,937.826362125
2025-12-08,341,111,733.9324366666667,733.9324366666667,0.0,1.258,923.2870053266668,923.2870053266668
2025-12-08,341,112,0.0,0.0,0.0,1.3429,0.0,0.0
2025-12-08,341,113,0.0,0.0,0.0,1.4897,0.0,0.0
2025-12-08,341,114,0.0,0.0,0.0,1.4913,0.0,0.0
2025-12-08,341,115,0.0,0.0,0.0,1.4444,0.0,0.0
2025-12-08,341,116,0.0,0.0,0.0,1.4421,0.0,0.0
2025-12-08,341,117,0.0,0.0,0.0,1.4837,0.0,0.0
2025-12-08,341,118,0.0,0.0,0.0,1.5233,0.0,0.0
2025-12-08,341,119,0.0,0.0,0.0,1.5183,0.0,0.0
2025-12-08,341,120,0.0,0.0,0.0,1.4626,0.0,0.0
2025-12-08,341,121,0.0,0.0,0.0,1.4426,0.0,0.0
2025-12-08,341,122,0.0,0.0,0.0,1.5329,0.0,0.0
2025-12-08,341,123,0.0,0.0,0.0,1.6698,0.0,0.0
2025-12-08,341,124,333.8609803817366,333.8609803817366,0.0,1.4071,469.77578549514163,469.77578549514163
2025-12-08,341,125,730.4394166666667,730.4394166666667,0.0,0.9175,670.1781647916667,670.1781647916667
2025-12-08,341,126,1551.393105,1551.393105,0.0,0.854,1324.88971167,1324.88971167
2025-12-08,341,127,713.064295,713.064295,0.0,0.9481,676.0562580895,676.0562580895
2025-12-08,341,128,734.9576666666667,734.9576666666667,0.0,1.0022,736.5745735333334,736.5745735333334
2025-12-08,341,129,3.359381666666991,3.359381666666991,0.0,1.0417,3.4994678821670044,3.4994678821670044
2025-12-08,341,130,674.4293700000001,674.4293700000001,0.0,0.7698,519.1757290260001,519.1757290260001
2025-12-08,341,131,1390.2717499999999,1390.2717499999999,0.0,0.362,503.27837349999993,503.27837349999993
2025-12-08,341,132,1385.4155616666667,1385.4155616666667,0.0,0.3445,477.2756609941666,477.2756609941666
2025-12-08,341,133,561.7726091666667,561.7726091666667,0.0,0.4357,244.76432581391668,244.76432581391668
2025-12-08,341,134,1373.0140833333332,1373.0140833333332,0.0,0.4359,598.496838925,598.496838925
2025-12-08,341,135,1381.2278425,1381.2278425,0.0,0.4216,582.325658398,582.325658398
2025-12-08,341,136,1395.9714,1395.9714,0.0,0.4135,577.2341739,577.2341739
2025-12-08,341,137,630.7165062694069,630.7165062694069,0.0,0.4123,260.04441553487646,260.04441553487646
2025-12-08,341,138,582.3377216666667,582.3377216666667,0.0,0.417,242.834829935,242.834829935
2025-12-08,341,139,582.6944175000001,582.6944175000001,0.0,0.4291,250.03417454925003,250.03417454925003
2025-12-08,341,140,578.4464166666668,578.4464166666668,0.0,0.4388,253.8222876333334,253.8222876333334
2025-12-08,341,141,1418.7990316666667,1418.7990316666667,0.0,0.4338,615.4750199370001,615.4750199370001
2025-12-08,341,142,592.5436358333334,592.5436358333334,0.0,0.4398,260.6006910395,260.6006910395
2025-12-08,341,143,590.9945416666667,590.9945416666667,0.0,0.4536,268.07512410000004,268.07512410000004
2025-12-09,342,0,586.7743150000001,586.7743150000001,0.0,0.4506,264.40050633900006,264.40050633900006
2025-12-09,342,1,658.1214711768138,658.1214711768138,0.0,0.4719,310.56752224833843,310.56752224833843
2025-12-09,342,2,1426.4234999999999,1426.4234999999999,0.0,0.4897,698.51958795,698.51958795
2025-12-09,342,3,1423.66143,1423.66143,0.0,0.4347,618.865623621,618.865623621
2025-12-09,342,4,1429.4042591666666,1429.4042591666666,0.0,0.4116,588.342793073,588.342793073
2025-12-09,342,5,1437.4550833333333,1437.4550833333333,0.0,0.453,651.16715275,651.16715275
2025-12-09,342,6,1436.1723466666667,1436.1723466666667,0.0,0.4822,692.5223055626667,692.5223055626667
2025-12-09,342,7,1446.48815,1446.48815,0.0,0.4542,656.99491773,656.99491773
2025-12-09,342,8,631.4515,631.4515,0.0,0.4091,258.32680865000003,258.32680865000003
2025-12-09,342,9,623.2133450000001,623.2133450000001,0.0,0.4272,266.23674098400005,266.23674098400005
2025-12-09,342,10,625.9990366666667,625.9990366666667,0.0,0.4491,281.13616736700004,281.13616736700004
2025-12-09,342,11,0.0,0.0,0.0,0.4448,0.0,0.0
2025-12-09,342,12,638.5411675,638.5411675,0.0,0.4443,283.70384072025,283.70384072025
2025-12-09,342,13,635.6245391666668,635.6245391666668,0.0,0.4586,291.4974136618334,291.4974136618334
2025-12-09,342,14,0.0,0.0,0.0,0.4723,0.0,0.0
2025-12-09,342,15,651.3233308333333,651.3233308333333,0.0,0.4587,298.76201185325,298.76201185325
2025-12-09,342,16,1489.6110325,1489.6110325,0.0,0.4291,639.19209404575,639.19209404575
2025-12-09,342,17,654.34775,654.34775,0.0,0.4211,275.54583752499997,275.54583752499997
2025-12-09,342,18,637.6640075,637.6640075,0.0,0.4639,295.81233307925,295.81233307925
2025-12-09,342,19,630.8289633333334,630.8289633333334,0.0,0.493,310.99867892333333,310.99867892333333
2025-12-09,342,20,646.4248333333334,646.4248333333334,0.0,0.4917,317.84709055,317.84709055
2025-12-09,342,21,669.6671575,669.6671575,0.0,0.4989,334.09694487675,334.09694487675
2025-12-09,342,22,680.8060300000001,680.8060300000001,0.0,0.4903,333.79919650900007,333.79919650900007
2025-12-09,342,23,677.2209166666668,677.2209166666668,0.0,0.4774,323.3052656166667,323.3052656166667
2025-12-09,342,24,671.27093,671.27093,0.0,0.4978,334.158668954,334.158668954
2025-12-09,342,25,653.0518208333334,653.0518208333334,0.0,0.4887,319.14642484125005,319.14642484125005
2025-12-09,342,26,1177.2070277777766,1177.2070277777766,0.0,0.4695,552.6986995416661,552.6986995416661
2025-12-09,342,27,681.861655,681.861655,0.0,0.5173,352.72703413150003,352.72703413150003
2025-12-09,342,28,697.0126550000001,697.0126550000001,0.0,0.5194,362.028373007,362.028373007
2025-12-09,342,29,0.0,0.0,0.0,0.4645,0.0,0.0
2025-12-09,342,30,708.1261616666667,708.1261616666667,0.0,0.4645,328.9246020941667,328.9246020941667
2025-12-09,342,31,707.9524475000001,707.9524475000001,0.0,0.5213,369.05561088175,369.05561088175
2025-12-09,342,32,669.3308333333334,669.3308333333334,0.0,0.5289,354.0090777500001,354.0090777500001
2025-12-09,342,33,1484.0481616666666,1484.0481616666666,0.0,0.4287,636.2114469065,636.2114469065
2025-12-09,342,34,751.3786758333333,751.3786758333333,0.0,0.6388,479.98069812233337,479.98069812233337
2025-12-09,342,35,225.9919166666656,225.9919166666656,0.0,1.0382,234.6248078833322,234.6248078833322
2025-12-09,342,36,61.245417500000194,61.245417500000194,0.0,1.0664,65.3121132220002,65.3121132220002
2025-12-09,342,37,871.9747700000001,871.9747700000001,0.0,1.0245,893.3381518650001,893.3381518650001
2025-12-09,342,38,890.83125,890.83125,0.0,1.062,946.0627875,946.0627875
2025-12-09,342,39,902.935695,902.935695,0.0,1.026,926.41202307,926.41202307
2025-12-09,342,40,890.411085,890.411085,0.0,1.0406,926.5617750509999,926.5617750509999
2025-12-09,342,41,859.7346458333335,859.7346458333335,0.0,1.0833,931.3505418312501,931.3505418312501
2025-12-09,342,42,821.2097516666669,821.2097516666669,0.0,1.0,821.2097516666669,821.2097516666669
2025-12-09,342,43,786.4345766666667,786.4345766666667,0.0,0.9793,770.1553809296666,770.1553809296666
2025-12-09,342,44,1568.8005833333332,1568.8005833333332,0.0,1.0113,1586.528029925,1586.528029925
2025-12-09,342,45,1504.1875458333334,1504.1875458333334,0.0,0.9381,1411.0783367462502,1411.0783367462502
2025-12-09,342,46,695.8696153817363,695.8696153817363,0.0,1.1276,784.6625783044458,784.6625783044458
2025-12-09,342,47,66.23247916666685,66.23247916666685,0.0,1.4784,97.91809720000026,97.91809720000026
2025-12-09,342,48,38.43989833333342,38.43989833333342,0.0,1.4791,56.85645362483346,56.85645362483346
2025-12-09,342,49,0.0,0.0,0.0,1.3834,0.0,0.0
2025-12-09,342,50,0.0,0.0,0.0,1.3648,0.0,0.0
2025-12-09,342,51,0.0,0.0,0.0,1.3434,0.0,0.0
2025-12-09,342,52,0.0,0.0,0.0,1.3351,0.0,0.0
2025-12-09,342,53,0.0,0.0,0.0,1.3234,0.0,0.0
2025-12-09,342,54,0.0,0.0,0.0,1.2634,0.0,0.0
2025-12-09,342,55,0.0,0.0,0.0,1.2276,0.0,0.0
2025-12-09,342,56,0.0,0.0,0.0,1.2119,0.0,0.0
2025-12-09,342,57,0.0,0.0,0.0,1.1662,0.0,0.0
2025-12-09,342,58,0.0,0.0,0.0,1.2663,0.0,0.0
2025-12-09,342,59,0.0,0.0,0.0,1.4058,0.0,0.0
2025-12-09,342,60,0.0,0.0,0.0,1.2969,0.0,0.0
2025-12-09,342,61,0.0,0.0,0.0,1.2644,0.0,0.0
2025-12-09,342,62,0.0,0.0,0.0,1.3736,0.0,0.0
2025-12-09,342,63,0.0,0.0,0.0,1.3265,0.0,0.0
2025-12-09,342,64,0.0,0.0,0.0,1.0463,0.0,0.0
2025-12-09,342,65,1009.9481666666666,1009.9481666666666,0.0,0.7256,732.8183897333333,732.8183897333333
2025-12-09,342,66,997.4431541666665,997.4431541666665,0.0,0.6568,655.1206636566667,655.1206636566667
2025-12-09,342,67,975.17317,975.17317,0.0,0.6991,681.743563147,681.743563147
2025-12-09,342,68,948.4944791666667,948.4944791666667,0.0,0.7201,683.0108744479166,683.0108744479166
2025-12-09,342,69,936.5011408333332,936.5011408333332,0.0,0.7077,662.7618573677499,662.7618573677499
2025-12-09,342,70,892.3416733333333,892.3416733333333,0.0,0.656,585.3761377066667,585.3761377066667
2025-12-09,342,71,837.4876666666667,837.4876666666667,0.0,0.6048,506.5125408,506.5125408
2025-12-09,342,72,851.2209533333335,851.2209533333335,0.0,0.6141,522.7347874420001,522.7347874420001
2025-12-09,342,73,880.8117625000002,880.8117625000002,0.0,0.6452,568.2997491650001,568.2997491650001
2025-12-09,342,74,887.68425,887.68425,0.0,0.6385,566.786393625,566.786393625
2025-12-09,342,75,893.4701783333336,893.4701783333336,0.0,0.6024,538.2264354280002,538.2264354280002
2025-12-09,342,76,921.9701466666669,921.9701466666669,0.0,0.7826,721.5338367813334,721.5338367813334
2025-12-09,342,77,132.34287500000005,132.34287500000005,0.0,1.0633,140.72017898750005,140.72017898750005
2025-12-09,342,78,166.19301666666695,166.19301666666695,0.0,1.0673,177.37780668833364,177.37780668833364
2025-12-09,342,79,182.23998666666648,182.23998666666648,0.0,1.0432,190.11275409066647,190.11275409066647
2025-12-09,342,80,193.62104166666677,193.62104166666677,0.0,1.0936,211.74397116666677,211.74397116666677
2025-12-09,342,81,0.14214358549327244,0.14214358549327244,0.0,1.0883,0.1546948640923284,0.1546948640923284
2025-12-09,342,82,0.0,0.0,0.0,1.1841,0.0,0.0
2025-12-09,342,83,0.0,0.0,0.0,1.3658,0.0,0.0
2025-12-09,342,84,0.0,0.0,0.0,1.4277,0.0,0.0
2025-12-09,342,85,0.0,0.0,0.0,1.3916,0.0,0.0
2025-12-09,342,86,0.0,0.0,0.0,1.3891,0.0,0.0
2025-12-09,342,87,0.0,0.0,0.0,1.4812,0.0,0.0
2025-12-09,342,88,0.0,0.0,0.0,1.2729,0.0,0.0
2025-12-09,342,89,1334.3919583333334,1334.3919583333334,0.0,0.8811,1175.7327544875,1175.7327544875
2025-12-09,342,90,1378.9346666666665,1378.9346666666665,0.0,0.8469,1167.8197691999999,1167.8197691999999
2025-12-09,342,91,1424.2148675,1424.2148675,0.0,0.9183,1307.85651282525,1307.85651282525
2025-12-09,342,92,635.3666041666667,635.3666041666667,0.0,0.9119,579.3908063395834,579.3908063395834
2025-12-09,342,93,1205.7439017030797,1205.7439017030797,0.0,0.904,1089.992487139584,1089.992487139584
2025-12-09,342,94,692.8040575000002,692.8040575000002,0.0,0.9129,632.4608240917503,632.4608240917503
2025-12-09,342,95,749.4226250000002,749.4226250000002,0.0,0.9483,710.6774752875002,710.6774752875002
2025-12-09,342,96,823.3381566666668,823.3381566666668,0.0,1.017,837.3349053300001,837.3349053300001
2025-12-09,342,97,868.7440858333334,868.7440858333334,0.0,1.0806,938.7648591515001,938.7648591515001
2025-12-09,342,98,891.5174166666668,891.5174166666668,0.0,1.0914,973.0021085500001,973.0021085500001
2025-12-09,342,99,940.5862308333334,940.5862308333334,0.0,1.0399,978.1156214435834,978.1156214435834
2025-12-09,342,100,994.3491125,994.3491125,0.0,1.0526,1046.6518758175,1046.6518758175
2025-12-09,342,101,1026.1525833333333,1026.1525833333333,0.0,1.1331,1162.7334921749998,1162.7334921749998
2025-12-09,342,102,1030.5214233333334,1030.5214233333334,0.0,1.1624,1197.8781024826667,1197.8781024826667
2025-12-09,342,103,1021.7527416666668,1021.7527416666668,0.0,1.1585,1183.7005512208336,1183.7005512208336
2025-12-09,342,104,1023.6441666666667,1023.6441666666667,0.0,1.145,1172.0725708333334,1172.0725708333334
2025-12-09,342,105,1032.2918566666667,1032.2918566666667,0.0,1.1336,1170.2060487173333,1170.2060487173333
2025-12-09,342,106,905.5600983333335,905.5600983333335,0.0,1.2052,1091.3810305113336,1091.3810305113336
2025-12-09,342,107,717.1056666666667,717.1056666666667,0.0,1.3042,935.2492104666667,935.2492104666667
2025-12-09,342,108,703.3229550000001,703.3229550000001,0.0,1.285,903.7699971750001,903.7699971750001
2025-12-09,342,109,727.3695583333334,727.3695583333334,0.0,1.2506,909.6483696516667,909.6483696516667
2025-12-09,342,110,716.13825,716.13825,0.0,1.249,894.45667425,894.45667425
2025-12-09,342,111,725.6709525000001,725.6709525000001,0.0,1.2485,906.0001841962501,906.0001841962501
2025-12-09,342,112,0.0,0.0,0.0,1.3651,0.0,0.0
2025-12-09,342,113,0.0,0.0,0.0,1.5317,0.0,0.0
2025-12-09,342,114,0.0,0.0,0.0,1.5404,0.0,0.0
2025-12-09,342,115,0.0,0.0,0.0,1.4995,0.0,0.0
2025-12-09,342,116,0.0,0.0,0.0,1.4991,0.0,0.0
2025-12-09,342,117,0.0,0.0,0.0,1.5219,0.0,0.0
2025-12-09,342,118,0.0,0.0,0.0,1.5229,0.0,0.0
2025-12-09,342,119,0.0,0.0,0.0,1.5021,0.0,0.0
2025-12-09,342,120,0.0,0.0,0.0,1.4982,0.0,0.0
2025-12-09,342,121,0.0,0.0,0.0,1.5021,0.0,0.0
2025-12-09,342,122,0.0,0.0,0.0,1.5182,0.0,0.0
2025-12-09,342,123,0.0,0.0,0.0,1.5288,0.0,0.0
2025-12-09,342,124,338.9898620484006,338.9898620484006,0.0,1.3346,452.41586988979543,452.41586988979543
2025-12-09,342,125,720.8174166666668,720.8174166666668,0.0,1.0334,744.8927183833335,744.8927183833335
2025-12-09,342,126,730.9531675000001,730.9531675000001,0.0,0.9495,694.0400325412501,694.0400325412501
2025-12-09,342,127,739.4547525,739.4547525,0.0,0.95,702.482014875,702.482014875
2025-12-09,342,128,744.9251666666667,744.9251666666667,0.0,0.9509,708.3493409833333,708.3493409833333
2025-12-09,342,129,758.5473108333334,758.5473108333334,0.0,0.9657,732.5291380717501,732.5291380717501
2025-12-09,342,130,676.74746,676.74746,0.0,0.75,507.56059500000003,507.56059500000003
2025-12-09,342,131,608.5735826803998,608.5735826803998,0.0,0.4209,256.14862095018026,256.14862095018026
2025-12-09,342,132,1373.8016375,1373.8016375,0.0,0.3682,505.8337629275,505.8337629275
2025-12-09,342,133,1400.7504016666667,1400.7504016666667,0.0,0.3774,528.643201589,528.643201589
2025-12-09,342,134,563.20725,563.20725,0.0,0.3545,199.65697012500002,199.65697012500002
2025-12-09,342,135,553.0224258333333,553.0224258333333,0.0,0.4133,228.56416859691663,228.56416859691663
2025-12-09,342,136,1377.6974958333333,1377.6974958333333,0.0,0.4024,554.3854723233333,554.3854723233333
2025-12-09,342,137,1381.9299166666665,1381.9299166666665,0.0,0.3418,472.3436455166666,472.3436455166666
2025-12-09,342,138,1397.2396333333331,1397.2396333333331,0.0,0.4051,566.0217754633333,566.0217754633333
2025-12-09,342,139,571.2812852556732,571.2812852556732,0.0,0.4304,245.87946517404174,245.87946517404174
2025-12-09,342,140,575.6758333333332,575.6758333333332,0.0,0.398,229.11898166666663,229.11898166666663
2025-12-09,342,141,593.7139383333333,593.7139383333333,0.0,0.448,265.98384437333334,265.98384437333334
2025-12-09,342,142,589.2927725000001,589.2927725000001,0.0,0.4505,265.47639401125,265.47639401125
2025-12-09,342,143,1401.620625,1401.620625,0.0,0.3857,540.6050750625,540.6050750625
2025-12-10,343,0,1413.876295,1413.876295,0.0,0.3834,542.0801715030001,542.0801715030001
2025-12-10,343,1,1433.7853741666668,1433.7853741666668,0.0,0.45,645.2034183750001,645.2034183750001
2025-12-10,343,2,606.0730000000001,606.0730000000001,0.0,0.5066,307.0365818000001,307.0365818000001
2025-12-10,343,3,599.6299575,599.6299575,0.0,0.4634,277.8685223055,277.8685223055
2025-12-10,343,4,599.2472333333334,599.2472333333334,0.0,0.398,238.5003988666667,238.5003988666667
2025-12-10,343,5,609.9228333333333,609.9228333333333,0.0,0.3897,237.68692814999997,237.68692814999997
2025-12-10,343,6,0.0,0.0,0.0,0.4528,0.0,0.0
2025-12-10,343,7,618.7861766666667,618.7861766666667,0.0,0.5041,311.9301116576667,311.9301116576667
2025-12-10,343,8,1442.7259999999999,1442.7259999999999,0.0,0.4901,707.0800125999999,707.0800125999999
2025-12-10,343,9,1458.134545,1458.134545,0.0,0.4322,630.2057503489999,630.2057503489999
2025-12-10,343,10,627.017735,627.017735,0.0,0.435,272.75271472500003,272.75271472500003
2025-12-10,343,11,615.5419166666667,615.5419166666667,0.0,0.4875,300.076684375,300.076684375
2025-12-10,343,12,0.022501483113273935,0.022501483113273935,0.0,0.4858,0.010931220496428478,0.010931220496428478
2025-12-10,343,13,636.9604766666668,636.9604766666668,0.0,0.4911,312.81129009100005,312.81129009100005
2025-12-10,343,14,1473.0426666666667,1473.0426666666667,0.0,0.499,735.0482906666667,735.0482906666667
2025-12-10,343,15,1290.077395056057,1290.077395056057,0.0,0.4438,572.5363479258781,572.5363479258781
2025-12-10,343,16,639.3901633333334,639.3901633333334,0.0,0.441,281.97106203000004,281.97106203000004
2025-12-10,343,17,635.7425,635.7425,0.0,0.4826,306.8093305,306.8093305
2025-12-10,343,18,648.6809666666667,648.6809666666667,0.0,0.4498,291.7766988066667,291.7766988066667
2025-12-10,343,19,650.8914524999999,650.8914524999999,0.0,0.4513,293.74731251324994,293.74731251324994
2025-12-10,343,20,645.8258333333333,645.8258333333333,0.0,0.4867,314.3234330833333,314.3234330833333
2025-12-10,343,21,1488.6742683333332,1488.6742683333332,0.0,0.4465,664.6930608108332,664.6930608108332
2025-12-10,343,22,1495.45829,1495.45829,0.0,0.4488,671.161680552,671.161680552
2025-12-10,343,23,664.6304166666666,664.6304166666666,0.0,0.5118,340.15784725000003,340.15784725000003
2025-12-10,343,24,0.0,0.0,0.0,0.5268,0.0,0.0
2025-12-10,343,25,0.0,0.0,0.0,0.5155,0.0,0.0
2025-12-10,343,26,671.726,671.726,0.0,0.5083,341.4383258,341.4383258
2025-12-10,343,27,684.2726966666668,684.2726966666668,0.0,0.5096,348.7053662213334,348.7053662213334
2025-12-10,343,28,689.3905466666668,689.3905466666668,0.0,0.5192,357.9315718293334,357.9315718293334
2025-12-10,343,29,676.5088333333333,676.5088333333333,0.0,0.5322,360.0380011,360.0380011
2025-12-10,343,30,1332.6995523148132,1332.6995523148132,0.0,0.5372,715.9261995035176,715.9261995035176
2025-12-10,343,31,677.5132175,677.5132175,0.0,0.5132,347.699783221,347.699783221
2025-12-10,343,32,689.2360000000001,689.2360000000001,0.0,0.4545,313.25776200000007,313.25776200000007
2025-12-10,343,33,1487.6193275,1487.6193275,0.0,0.4217,627.32907040675,627.32907040675
2025-12-10,343,34,735.3322033333334,735.3322033333334,0.0,0.655,481.64259318333336,481.64259318333336
2025-12-10,343,35,476.788867881733,476.788867881733,0.0,1.0119,482.4626554095256,482.4626554095256
2025-12-10,343,36,52.872392500000196,52.872392500000196,0.0,1.0794,57.07046046450021,57.07046046450021
2025-12-10,343,37,875.7597891666668,875.7597891666668,0.0,1.0602,928.4805284745001,928.4805284745001
2025-12-10,343,38,905.4325000000001,905.4325000000001,0.0,1.0823,979.9495947500002,979.9495947500002
2025-12-10,343,39,888.372045,888.372045,0.0,1.0668,947.7152976059999,947.7152976059999
2025-12-10,343,40,873.5672533333333,873.5672533333333,0.0,1.0407,909.1214405439999,909.1214405439999
2025-12-10,343,41,864.7629583333332,864.7629583333332,0.0,1.0251,886.4685085874999,886.4685085874999
2025-12-10,343,42,813.8540783333335,813.8540783333335,0.0,1.0121,823.7017126811669,823.7017126811669
2025-12-10,343,43,797.6987716666667,797.6987716666667,0.0,1.0126,807.7497761896667,807.7497761896667
2025-12-10,343,44,779.6669583333335,779.6669583333335,0.0,0.9744,759.7074842000002,759.7074842000002
2025-12-10,343,45,1507.73508,1507.73508,0.0,0.8803,1327.259190924,1327.259190924
2025-12-10,343,46,737.6327341666668,737.6327341666668,0.0,1.0998,811.2484810365002,811.2484810365002
2025-12-10,343,47,82.75866666666678,82.75866666666678,0.0,1.4683,121.51455026666683,121.51455026666683
2025-12-10,343,48,51.619528333333506,51.619528333333506,0.0,1.4236,73.48556053533358,73.48556053533358
2025-12-10,343,49,0.0,0.0,0.0,1.3214,0.0,0.0
2025-12-10,343,50,0.0,0.0,0.0,1.3419,0.0,0.0
2025-12-10,343,51,0.0,0.0,0.0,1.3146,0.0,0.0
2025-12-10,343,52,0.0,0.0,0.0,1.3071,0.0,0.0
2025-12-10,343,53,0.0,0.0,0.0,1.3168,0.0,0.0
2025-12-10,343,54,0.0,0.0,0.0,1.2558,0.0,0.0
2025-12-10,343,55,0.0,0.0,0.0,1.2253,0.0,0.0
2025-12-10,343,56,0.0,0.0,0.0,1.2252,0.0,0.0
2025-12-10,343,57,0.0,0.0,0.0,1.1699,0.0,0.0
2025-12-10,343,58,0.0,0.0,0.0,1.2243,0.0,0.0
2025-12-10,343,59,0.0,0.0,0.0,1.3558,0.0,0.0
2025-12-10,343,60,0.0,0.0,0.0,1.3558,0.0,0.0
2025-12-10,343,61,0.0,0.0,0.0,1.3497,0.0,0.0
2025-12-10,343,62,0.0,0.0,0.0,1.4148,0.0,0.0
2025-12-10,343,63,0.0,0.0,0.0,1.4433,0.0,0.0
2025-12-10,343,64,118.53124416666674,118.53124416666674,0.0,1.1504,136.35834328933342,136.35834328933342
2025-12-10,343,65,939.1499166666667,939.1499166666667,0.0,0.7438,698.5397080166667,698.5397080166667
2025-12-10,343,66,919.3712391666668,919.3712391666668,0.0,0.7388,679.2314714963335,679.2314714963335
2025-12-10,343,67,921.4970658333334,921.4970658333334,0.0,0.7639,703.9316085900834,703.9316085900834
2025-12-10,343,68,946.1345416666669,946.1345416666669,0.0,0.6645,628.7064029375001,628.7064029375001
2025-12-10,343,69,938.6141141666667,938.6141141666667,0.0,0.6602,619.6730381728333,619.6730381728333
2025-12-10,343,70,904.3822891666666,904.3822891666666,0.0,0.6872,621.4915091153333,621.4915091153333
2025-12-10,343,71,864.2850208333332,864.2850208333332,0.0,0.6916,597.7395204083332,597.7395204083332
2025-12-10,343,72,854.9698433333335,854.9698433333335,0.0,0.6999,598.3933933490001,598.3933933490001
2025-12-10,343,73,868.5981749999999,868.5981749999999,0.0,0.7182,623.8272092849999,623.8272092849999
2025-12-10,343,74,875.4622708333335,875.4622708333335,0.0,0.7062,618.2514556625001,618.2514556625001
2025-12-10,343,75,882.0897233333335,882.0897233333335,0.0,0.651,574.2404098900001,574.2404098900001
2025-12-10,343,76,909.960665,909.960665,0.0,0.7948,723.2367365419999,723.2367365419999
2025-12-10,343,77,0.0,0.0,0.0,1.064,0.0,0.0
2025-12-10,343,78,0.0,0.0,0.0,1.1209,0.0,0.0
2025-12-10,343,79,179.92075999999997,179.92075999999997,0.0,1.0865,195.48390573999998,195.48390573999998
2025-12-10,343,80,0.0,0.0,0.0,1.0623,0.0,0.0
2025-12-10,343,81,0.0,0.0,0.0,1.0483,0.0,0.0
2025-12-10,343,82,0.0,0.0,0.0,1.1823,0.0,0.0
2025-12-10,343,83,0.0,0.0,0.0,1.3749,0.0,0.0
2025-12-10,343,84,0.0,0.0,0.0,1.3843,0.0,0.0
2025-12-10,343,85,0.0,0.0,0.0,1.4,0.0,0.0
2025-12-10,343,86,0.0,0.0,0.0,1.4906,0.0,0.0
2025-12-10,343,87,0.0,0.0,0.0,1.4855,0.0,0.0
2025-12-10,343,88,0.0,0.0,0.0,1.2006,0.0,0.0
2025-12-10,343,89,1362.1456458333334,1362.1456458333334,0.0,0.8557,1165.5880291395833,1165.5880291395833
2025-12-10,343,90,1378.6148399999997,1378.6148399999997,0.0,0.885,1220.0741333999997,1220.0741333999997
2025-12-10,343,91,935.7148311499242,935.7148311499242,0.0,0.9788,915.8776767295458,915.8776767295458
2025-12-10,343,92,612.7321041666669,612.7321041666669,0.0,0.9717,595.3917856187502,595.3917856187502
2025-12-10,343,93,1486.56823,1486.56823,0.0,0.9976,1483.000466248,1483.000466248
2025-12-10,343,94,1526.3496458333334,1526.3496458333334,0.0,1.0505,1603.4303029479167,1603.4303029479167
2025-12-10,343,95,742.1367708333333,742.1367708333333,0.0,1.0839,804.4020459062501,804.4020459062501
2025-12-10,343,96,802.3565283333335,802.3565283333335,0.0,1.0716,859.8052557620002,859.8052557620002
2025-12-10,343,97,867.8864975000001,867.8864975000001,0.0,1.0698,928.4649750255002,928.4649750255002
2025-12-10,343,98,920.6767500000001,920.6767500000001,0.0,1.0906,1004.0900635500001,1004.0900635500001
2025-12-10,343,99,955.3035525,955.3035525,0.0,1.0963,1047.29928460575,1047.29928460575
2025-12-10,343,100,982.3729391666666,982.3729391666666,0.0,1.1053,1085.8168096609165,1085.8168096609165
2025-12-10,343,101,1006.5321875000002,1006.5321875000002,0.0,1.1223,1129.6310740312504,1129.6310740312504
2025-12-10,343,102,1015.9535825000002,1015.9535825000002,0.0,1.1265,1144.4717106862502,1144.4717106862502
2025-12-10,343,103,1009.6881425000001,1009.6881425000001,0.0,1.1092,1119.946087661,1119.946087661
2025-12-10,343,104,1013.6780000000001,1013.6780000000001,0.0,1.0933,1108.2541574000002,1108.2541574000002
2025-12-10,343,105,1051.7428958333335,1051.7428958333335,0.0,1.1161,1173.8502460395837,1173.8502460395837
2025-12-10,343,106,932.6975908333334,932.6975908333334,0.0,1.163,1084.7272981391668,1084.7272981391668
2025-12-10,343,107,725.9802500000001,725.9802500000001,0.0,1.2306,893.3912956500001,893.3912956500001
2025-12-10,343,108,248.9408645484014,248.9408645484014,0.0,1.3118,326.560626114593,326.560626114593
2025-12-10,343,109,738.3093416666667,738.3093416666667,0.0,1.2941,955.4461190508334,955.4461190508334
2025-12-10,343,110,734.8477500000001,734.8477500000001,0.0,1.2025,883.6544193750001,883.6544193750001
2025-12-10,343,111,712.9291550000002,712.9291550000002,0.0,1.2059,859.7212680145002,859.7212680145002
2025-12-10,343,112,707.8151716666667,707.8151716666667,0.0,1.3794,976.360247797,976.360247797
2025-12-10,343,113,0.0,0.0,0.0,1.5707,0.0,0.0
2025-12-10,343,114,0.0,0.0,0.0,1.5391,0.0,0.0
2025-12-10,343,115,0.0,0.0,0.0,1.4903,0.0,0.0
2025-12-10,343,116,0.0,0.0,0.0,1.5002,0.0,0.0
2025-12-10,343,117,0.0,0.0,0.0,1.4599,0.0,0.0
2025-12-10,343,118,0.0,0.0,0.0,1.4909,0.0,0.0
2025-12-10,343,119,0.0,0.0,0.0,1.572,0.0,0.0
2025-12-10,343,120,0.0,0.0,0.0,1.543,0.0,0.0
2025-12-10,343,121,0.0,0.0,0.0,1.495,0.0,0.0
2025-12-10,343,122,0.0,0.0,0.0,1.5311,0.0,0.0
2025-12-10,343,123,0.0,0.0,0.0,1.6143,0.0,0.0
2025-12-10,343,124,0.0,0.0,0.0,1.3885,0.0,0.0
2025-12-10,343,125,747.6978333333335,747.6978333333335,0.0,0.9799,732.6691068833335,732.6691068833335
2025-12-10,343,126,1579.3814125000001,1579.3814125000001,0.0,0.8926,1409.7558487975,1409.7558487975
2025-12-10,343,127,730.4522275000002,730.4522275000002,0.0,0.9065,662.1549442287501,662.1549442287501
2025-12-10,343,128,731.1264166666667,731.1264166666667,0.0,0.9113,666.2755035083334,666.2755035083334
2025-12-10,343,129,0.7789666666669746,0.7789666666669746,0.0,0.9829,0.7656463366669692,0.7656463366669692
2025-12-10,343,130,675.7698375,675.7698375,0.0,0.7804,527.3707811849999,527.3707811849999
2025-12-10,343,131,550.43875,550.43875,0.0,0.4223,232.45028412500002,232.45028412500002
2025-12-10,343,132,1373.7864033333333,1373.7864033333333,0.0,0.4002,549.789318614,549.789318614
2025-12-10,343,133,552.9191516666666,552.9191516666666,0.0,0.4461,246.65723355849997,246.65723355849997
2025-12-10,343,134,1377.4625847073512,1377.4625847073512,0.0,0.4005,551.6737651752942,551.6737651752942
2025-12-10,343,135,563.2794358333334,563.2794358333334,0.0,0.3834,215.96133569850005,215.96133569850005
2025-12-10,343,136,560.4811083333333,560.4811083333333,0.0,0.4102,229.9093506383333,229.9093506383333
2025-12-10,343,137,542.6678333333334,542.6678333333334,0.0,0.4337,235.35503931666668,235.35503931666668
2025-12-10,343,138,1400.8088591666665,1400.8088591666665,0.0,0.407,570.1292056808333,570.1292056808333
2025-12-10,343,139,1415.2193549999997,1415.2193549999997,0.0,0.4116,582.504286518,582.504286518
2025-12-10,343,140,633.3026715620553,633.3026715620553,0.0,0.4436,280.9330651049277,280.9330651049277
2025-12-10,343,141,583.5595183333332,583.5595183333332,0.0,0.4253,248.18786314716664,248.18786314716664
2025-12-10,343,142,1421.548228333333,1421.548228333333,0.0,0.4467,635.0055935964999,635.0055935964999
2025-12-10,343,143,1421.8152916666666,1421.8152916666666,0.0,0.4821,685.4571521124999,685.4571521124999
2025-12-11,344,0,1424.4190266666667,1424.4190266666667,0.0,0.4181,595.5495950493333,595.5495950493333
2025-12-11,344,1,1429.6346066666665,1429.6346066666665,0.0,0.4158,594.4420694519999,594.4420694519999
2025-12-11,344,2,1422.3350833333334,1422.3350833333334,0.0,0.4898,696.6597238166667,696.6597238166667
2025-12-11,344,3,1416.2836833333333,1416.2836833333333,0.0,0.4862,688.5971268366667,688.5971268366667
2025-12-11,344,4,592.5984416666666,592.5984416666666,0.0,0.4435,262.81740887916663,262.81740887916663
2025-12-11,344,5,609.1935,609.1935,0.0,0.4136,251.9624316,251.9624316
2025-12-11,344,6,602.5685250000001,602.5685250000001,0.0,0.4051,244.10050947750005,244.10050947750005
2025-12-11,344,7,1443.0754875,1443.0754875,0.0,0.4064,586.46587812,586.46587812
2025-12-11,344,8,626.8217500000001,626.8217500000001,0.0,0.4209,263.829274575,263.829274575
2025-12-11,344,9,615.7761125000001,615.7761125000001,0.0,0.4606,283.62647741750004,283.62647741750004
2025-12-11,344,10,708.7616427074767,708.7616427074767,0.0,0.4893,346.79707177676835,346.79707177676835
2025-12-11,344,11,1455.732,1455.732,0.0,0.4892,712.1440944,712.1440944
2025-12-11,344,12,643.7364141666667,643.7364141666667,0.0,0.4762,306.5472804261667,306.5472804261667
2025-12-11,344,13,640.8705225000001,640.8705225000001,0.0,0.4795,307.29741553875004,307.29741553875004
2025-12-11,344,14,625.7909166666667,625.7909166666667,0.0,0.4839,302.820224575,302.820224575
2025-12-11,344,15,646.3623841666667,646.3623841666667,0.0,0.4508,291.38016278233334,291.38016278233334
2025-12-11,344,16,0.03134520573701138,0.03134520573701138,0.0,0.4311,0.013512918193225606,0.013512918193225606
2025-12-11,344,17,644.4365833333334,644.4365833333334,0.0,0.4259,274.46554084166667,274.46554084166667
2025-12-11,344,18,1476.8489058333334,1476.8489058333334,0.0,0.3972,586.604385397,586.604385397
2025-12-11,344,19,661.0752650000001,661.0752650000001,0.0,0.4388,290.07982628200006,290.07982628200006
2025-12-11,344,20,676.72725,676.72725,0.0,0.5105,345.469261125,345.469261125
2025-12-11,344,21,668.7934191666667,668.7934191666667,0.0,0.4719,315.60361450475,315.60361450475
2025-12-11,344,22,532.8531961809482,532.8531961809482,0.0,0.4469,238.13209337326577,238.13209337326577
2025-12-11,344,23,0.0,0.0,0.0,0.4847,0.0,0.0
2025-12-11,344,24,0.00017215238472090277,0.00017215238472090277,0.0,0.5059,8.709189143030472e-05,8.709189143030472e-05
2025-12-11,344,25,686.6675891666667,686.6675891666667,0.0,0.4876,334.8191164776667,334.8191164776667
2025-12-11,344,26,1507.1826666666666,1507.1826666666666,0.0,0.469,706.8686706666666,706.8686706666666
2025-12-11,344,27,687.7352833333334,687.7352833333334,0.0,0.5021,345.3118857616667,345.3118857616667
2025-12-11,344,28,693.8640774999999,693.8640774999999,0.0,0.5091,353.2462018552499,353.2462018552499
2025-12-11,344,29,683.6720833333334,683.6720833333334,0.0,0.4753,324.94934120833335,324.94934120833335
2025-12-11,344,30,683.9909808333333,683.9909808333333,0.0,0.4664,319.01339346066663,319.01339346066663
2025-12-11,344,31,684.7890575,684.7890575,0.0,0.4854,332.3966085105,332.3966085105
2025-12-11,344,32,668.5446666666667,668.5446666666667,0.0,0.4794,320.5003132,320.5003132
2025-12-11,344,33,1487.8869158333332,1487.8869158333332,0.0,0.4385,652.4384125929166,652.4384125929166
2025-12-11,344,34,748.3856041666668,748.3856041666668,0.0,0.6608,494.5332072333334,494.5332072333334
2025-12-11,344,35,886.8959166666667,886.8959166666667,0.0,1.0197,904.3677662250001,904.3677662250001
2025-12-11,344,36,63.66861916666693,63.66861916666693,0.0,1.0587,67.40596711175027,67.40596711175027
2025-12-11,344,37,883.6238650000001,883.6238650000001,0.0,1.0022,885.5678375030001,885.5678375030001
2025-12-11,344,38,903.09475,903.09475,0.0,1.0191,920.3438597249999,920.3438597249999
2025-12-11,344,39,897.5405341666668,897.5405341666668,0.0,1.0507,943.0458392489168,943.0458392489168
2025-12-11,344,40,45.79206833333362,45.79206833333362,0.0,1.0544,48.28315685066696,48.28315685066696
2025-12-11,344,41,866.9984166666667,866.9984166666667,0.0,1.0276,890.9275729666667,890.9275729666667
2025-12-11,344,42,853.3912116666668,853.3912116666668,0.0,0.9991,852.6231595761668,852.6231595761668
2025-12-11,344,43,813.8381083333334,813.8381083333334,0.0,0.9902,805.8624948716666,805.8624948716666
2025-12-11,344,44,1280.5369587574808,1280.5369587574808,0.0,0.9591,1228.1629971442997,1228.1629971442997
2025-12-11,344,45,1482.3644641666667,1482.3644641666667,0.0,0.887,1314.8572797158333,1314.8572797158333
2025-12-11,344,46,724.0672266666669,724.0672266666669,0.0,1.0673,772.7969510213335,772.7969510213335
2025-12-11,344,47,48.751729166666905,48.751729166666905,0.0,1.3899,67.76002836875033,67.76002836875033
2025-12-11,344,48,37.410550000000285,37.410550000000285,0.0,1.4238,53.265141090000405,53.265141090000405
2025-12-11,344,49,0.0,0.0,0.0,1.3722,0.0,0.0
2025-12-11,344,50,0.0,0.0,0.0,1.3603,0.0,0.0
2025-12-11,344,51,0.0,0.0,0.0,1.3074,0.0,0.0
2025-12-11,344,52,0.0,0.0,0.0,1.2731,0.0,0.0
2025-12-11,344,53,0.0,0.0,0.0,1.2737,0.0,0.0
2025-12-11,344,54,0.0,0.0,0.0,1.2571,0.0,0.0
2025-12-11,344,55,0.0,0.0,0.0,1.2193,0.0,0.0
2025-12-11,344,56,0.0,0.0,0.0,1.1811,0.0,0.0
2025-12-11,344,57,0.0,0.0,0.0,1.1792,0.0,0.0
2025-12-11,344,58,0.0,0.0,0.0,1.2597,0.0,0.0
2025-12-11,344,59,0.0,0.0,0.0,1.361,0.0,0.0
2025-12-11,344,60,0.0,0.0,0.0,1.3596,0.0,0.0
2025-12-11,344,61,0.0,0.0,0.0,1.3237,0.0,0.0
2025-12-11,344,62,0.0,0.0,0.0,1.3431,0.0,0.0
2025-12-11,344,63,0.0,0.0,0.0,1.3928,0.0,0.0
2025-12-11,344,64,180.59781166666676,180.59781166666676,0.0,1.1229,202.79328272050012,202.79328272050012
2025-12-11,344,65,969.3019791666668,969.3019791666668,0.0,0.693,671.7262715625001,671.7262715625001
2025-12-11,344,66,964.8633433333334,964.8633433333334,0.0,0.6445,621.8544247783334,621.8544247783334
2025-12-11,344,67,963.3066283333337,963.3066283333337,0.0,0.6985,672.8696798908336,672.8696798908336
2025-12-11,344,68,940.7541666666668,940.7541666666668,0.0,0.6813,640.9358137500001,640.9358137500001
2025-12-11,344,69,917.3840366666666,917.3840366666666,0.0,0.7035,645.3796697949999,645.3796697949999
2025-12-11,344,70,875.2675125000001,875.2675125000001,0.0,0.7444,651.549136305,651.549136305
2025-12-11,344,71,833.7294166666668,833.7294166666668,0.0,0.7307,609.2060847583334,609.2060847583334
2025-12-11,344,72,834.0078841666666,834.0078841666666,0.0,0.625,521.2549276041666,521.2549276041666
2025-12-11,344,73,877.5102658333336,877.5102658333336,0.0,0.5907,518.3453140277502,518.3453140277502
2025-12-11,344,74,915.1729791666667,915.1729791666667,0.0,0.6421,587.6325699229167,587.6325699229167
2025-12-11,344,75,903.3341674999999,903.3341674999999,0.0,0.6605,596.65221763375,596.65221763375
2025-12-11,344,76,917.3078800000001,917.3078800000001,0.0,0.783,718.25207004,718.25207004
2025-12-11,344,77,132.0175208333335,132.0175208333335,0.0,0.9784,129.1659423833335,129.1659423833335
2025-12-11,344,78,142.62675166666668,142.62675166666668,0.0,1.0527,150.14318147950002,150.14318147950002
2025-12-11,344,79,147.49806000000012,147.49806000000012,0.0,1.0879,160.46313947400014,160.46313947400014
2025-12-11,344,80,0.0,0.0,0.0,1.0779,0.0,0.0
2025-12-11,344,81,210.61096250000003,210.61096250000003,0.0,0.9601,202.20758509625003,202.20758509625003
2025-12-11,344,82,0.0,0.0,0.0,1.0625,0.0,0.0
2025-12-11,344,83,0.0,0.0,0.0,1.3498,0.0,0.0
2025-12-11,344,84,0.0,0.0,0.0,1.4266,0.0,0.0
2025-12-11,344,85,0.0,0.0,0.0,1.3148,0.0,0.0
2025-12-11,344,86,0.0,0.0,0.0,1.2643,0.0,0.0
2025-12-11,344,87,0.0,0.0,0.0,1.4462,0.0,0.0
2025-12-11,344,88,0.0,0.0,0.0,1.2782,0.0,0.0
2025-12-11,344,89,1327.2323958333336,1327.2323958333336,0.0,0.8363,1109.964452635417,1109.964452635417
2025-12-11,344,90,1376.8847166666667,1376.8847166666667,0.0,0.8029,1105.5007390116666,1105.5007390116666
2025-12-11,344,91,1075.8452417980757,1075.8452417980757,0.0,0.9065,975.2537116899556,975.2537116899556
2025-12-11,344,92,1467.4661875,1467.4661875,0.0,0.9343,1371.05365898125,1371.05365898125
2025-12-11,344,93,693.6368458333334,693.6368458333334,0.0,0.9601,665.9607356845834,665.9607356845834
2025-12-11,344,94,739.3636133333334,739.3636133333334,0.0,0.9814,725.6114501253335,725.6114501253335
2025-12-11,344,95,773.1409375,773.1409375,0.0,0.9995,772.75436703125,772.75436703125
2025-12-11,344,96,823.2390658333334,823.2390658333334,0.0,1.0324,849.9120115663334,849.9120115663334
2025-12-11,344,97,872.5686100000001,872.5686100000001,0.0,1.0613,926.0570657930001,926.0570657930001
2025-12-11,344,98,915.0141041666669,915.0141041666669,0.0,1.0706,979.6140999208336,979.6140999208336
2025-12-11,344,99,971.7869333333333,971.7869333333333,0.0,1.0647,1034.66154792,1034.66154792
2025-12-11,344,100,1011.3249774999999,1011.3249774999999,0.0,1.0745,1086.6686883237498,1086.6686883237498
2025-12-11,344,101,1024.4668333333334,1024.4668333333334,0.0,1.0933,1120.0495888833334,1120.0495888833334
2025-12-11,344,102,1024.7033683333334,1024.7033683333334,0.0,1.0887,1115.5945571045002,1115.5945571045002
2025-12-11,344,103,1013.5532633333333,1013.5532633333333,0.0,1.0999,1114.8072343403335,1114.8072343403335
2025-12-11,344,104,1015.8630833333334,1015.8630833333334,0.0,1.1225,1140.3063110416667,1140.3063110416667
2025-12-11,344,105,1057.5473191666667,1057.5473191666667,0.0,1.1194,1183.8184690751666,1183.8184690751666
2025-12-11,344,106,942.1564366666668,942.1564366666668,0.0,1.1668,1099.3081303026668,1099.3081303026668
2025-12-11,344,107,732.3300833333334,732.3300833333334,0.0,1.2563,920.0262836916667,920.0262836916667
2025-12-11,344,108,706.635515,706.635515,0.0,1.2917,912.7610947255001,912.7610947255001
2025-12-11,344,109,723.9187025,723.9187025,0.0,1.2765,924.08222374125,924.08222374125
2025-12-11,344,110,285.4665453817376,285.4665453817376,0.0,1.2495,356.69044845448116,356.69044845448116
2025-12-11,344,111,704.6523691666666,704.6523691666666,0.0,1.261,888.5666375191665,888.5666375191665
2025-12-11,344,112,721.7150283333335,721.7150283333335,0.0,1.3693,988.2443882968336,988.2443882968336
2025-12-11,344,113,0.0,0.0,0.0,1.4954,0.0,0.0
2025-12-11,344,114,0.0,0.0,0.0,1.4957,0.0,0.0
2025-12-11,344,115,0.0,0.0,0.0,1.514,0.0,0.0
2025-12-11,344,116,0.0,0.0,0.0,1.5588,0.0,0.0
2025-12-11,344,117,0.0,0.0,0.0,1.4988,0.0,0.0
2025-12-11,344,118,0.0,0.0,0.0,1.47,0.0,0.0
2025-12-11,344,119,0.0,0.0,0.0,1.5194,0.0,0.0
2025-12-11,344,120,0.0,0.0,0.0,1.548,0.0,0.0
2025-12-11,344,121,0.0,0.0,0.0,1.5125,0.0,0.0
2025-12-11,344,122,0.0,0.0,0.0,1.4993,0.0,0.0
2025-12-11,344,123,0.0,0.0,0.0,1.5835,0.0,0.0
2025-12-11,344,124,0.0,0.0,0.0,1.3647,0.0,0.0
2025-12-11,344,125,729.4881666666668,729.4881666666668,0.0,0.9617,701.5487698833334,701.5487698833334
2025-12-11,344,126,1561.6572706481484,1561.6572706481484,0.0,0.9154,1429.5410655513151,1429.5410655513151
2025-12-11,344,127,728.6501150000001,728.6501150000001,0.0,0.9176,668.6093455240001,668.6093455240001
2025-12-11,344,128,731.7558333333334,731.7558333333334,0.0,0.8782,642.6279728333334,642.6279728333334
2025-12-11,344,129,0.0,0.0,0.0,0.9812,0.0,0.0
2025-12-11,344,130,670.4836600000001,670.4836600000001,0.0,0.7893,529.212752838,529.212752838
2025-12-11,344,131,610.7456729360731,610.7456729360731,0.0,0.3945,240.93916797328086,240.93916797328086
2025-12-11,344,132,1381.7651425,1381.7651425,0.0,0.3679,508.35139592574996,508.35139592574996
2025-12-11,344,133,561.7684391666667,561.7684391666667,0.0,0.4518,253.8069808155,253.8069808155
2025-12-11,344,134,543.78175,543.78175,0.0,0.4443,241.60223152499998,241.60223152499998
2025-12-11,344,135,1385.0597441666666,1385.0597441666666,0.0,0.4141,573.5532400594167,573.5532400594167
2025-12-11,344,136,565.9708558333333,565.9708558333333,0.0,0.4249,240.48101664358333,240.48101664358333
2025-12-11,344,137,575.0560833333333,575.0560833333333,0.0,0.4591,264.00824785833333,264.00824785833333
2025-12-11,344,138,1418.5255966666666,1418.5255966666666,0.0,0.4449,631.102037957,631.102037957
2025-12-11,344,139,1421.0399425,1421.0399425,0.0,0.4019,571.11595289075,571.11595289075
2025-12-11,344,140,582.3913333333334,582.3913333333334,0.0,0.3771,219.6197718,219.6197718
2025-12-11,344,141,581.6645983333334,581.6645983333334,0.0,0.3954,229.99018218100002,229.99018218100002
2025-12-11,344,142,1377.3649575,1377.3649575,0.0,0.3835,528.2194612012499,528.2194612012499
2025-12-11,344,143,1315.648125,1315.648125,0.0,0.33,434.16388125,434.16388125
2025-12-12,345,0,1338.2622649999998,1338.2622649999998,0.0,0.3017,403.75372535049996,403.75372535049996
2025-12-12,345,1,1358.3393866666665,1358.3393866666665,0.0,0.3293,447.3011600293333,447.3011600293333
2025-12-12,345,2,517.3331666666667,517.3331666666667,0.0,0.3709,191.87887151666666,191.87887151666666
2025-12-12,345,3,496.36857,496.36857,0.0,0.3534,175.416652638,175.416652638
2025-12-12,345,4,1333.6030758333332,1333.6030758333332,0.0,0.3254,433.95444087616664,433.95444087616664
2025-12-12,345,5,526.13325,526.13325,0.0,0.3252,171.09853289999998,171.09853289999998
2025-12-12,345,6,525.5387175000001,525.5387175000001,0.0,0.3463,181.99405787025003,181.99405787025003
2025-12-12,345,7,516.3181141666668,516.3181141666668,0.0,0.3732,192.68992020700003,192.68992020700003
2025-12-12,345,8,1352.0558333333333,1352.0558333333333,0.0,0.3814,515.6740948333334,515.6740948333334
2025-12-12,345,9,533.1365091666667,533.1365091666667,0.0,0.3572,190.43636107433335,190.43636107433335
2025-12-12,345,10,547.8290250000001,547.8290250000001,0.0,0.3533,193.54799453250004,193.54799453250004
2025-12-12,345,11,549.7876666666667,549.7876666666667,0.0,0.3652,200.7824558666667,200.7824558666667
2025-12-12,345,12,537.5380925000001,537.5380925000001,0.0,0.339,182.22541335750003,182.22541335750003
2025-12-12,345,13,542.4455541666666,542.4455541666666,0.0,0.3144,170.54488222999998,170.54488222999998
2025-12-12,345,14,0.0,0.0,0.0,0.3184,0.0,0.0
2025-12-12,345,15,554.7555166666667,554.7555166666667,0.0,0.3382,187.6183157366667,187.6183157366667
2025-12-12,345,16,565.2363283333334,565.2363283333334,0.0,0.3531,199.58494753450003,199.58494753450003
2025-12-12,345,17,0.0,0.0,0.0,0.3755,0.0,0.0
2025-12-12,345,18,1116.441283213851,1116.441283213851,0.0,0.4257,475.2690542641364,475.2690542641364
2025-12-12,345,19,1367.044375,1367.044375,0.0,0.4197,573.7485241875,573.7485241875
2025-12-12,345,20,1388.4425833333335,1388.4425833333335,0.0,0.3528,489.84254340000007,489.84254340000007
2025-12-12,345,21,1411.5338366666667,1411.5338366666667,0.0,0.3133,442.2335510276667,442.2335510276667
2025-12-12,345,22,581.5933175,581.5933175,0.0,0.3381,196.63670064675,196.63670064675
2025-12-12,345,23,568.09225,568.09225,0.0,0.3976,225.87347860000003,225.87347860000003
2025-12-12,345,24,0.0,0.0,0.0,0.4248,0.0,0.0
2025-12-12,345,25,0.01717794406374651,0.01717794406374651,0.0,0.4112,0.007063570599012564,0.007063570599012564
2025-12-12,345,26,1012.7893208028922,1012.7893208028922,0.0,0.3884,393.3673721998434,393.3673721998434
2025-12-12,345,27,1401.7935183333334,1401.7935183333334,0.0,0.395,553.7084397416667,553.7084397416667
2025-12-12,345,28,574.2502416666666,574.2502416666666,0.0,0.3998,229.58524661833331,229.58524661833331
2025-12-12,345,29,453.20300000000054,453.20300000000054,0.0,0.3827,173.4407881000002,173.4407881000002
2025-12-12,345,30,590.8007666666666,590.8007666666666,0.0,0.3613,213.45631699666666,213.45631699666666
2025-12-12,345,31,593.0445091666666,593.0445091666666,0.0,0.3864,229.15239834199997,229.15239834199997
2025-12-12,345,32,0.0,0.0,0.0,0.4198,0.0,0.0
2025-12-12,345,33,1411.60088,1411.60088,0.0,0.403,568.87515464,568.87515464
2025-12-12,345,34,615.0802875000002,615.0802875000002,0.0,0.5667,348.5659989262501,348.5659989262501
2025-12-12,345,35,693.3935833333335,693.3935833333335,0.0,0.8395,582.1039132083334,582.1039132083334
2025-12-12,345,36,0.0,0.0,0.0,0.8918,0.0,0.0
2025-12-12,345,37,675.9835741666668,675.9835741666668,0.0,0.8539,577.2223739809168,577.2223739809168
2025-12-12,345,38,0.0,0.0,0.0,0.8422,0.0,0.0
2025-12-12,345,39,0.0,0.0,0.0,0.8411,0.0,0.0
2025-12-12,345,40,0.0,0.0,0.0,0.837,0.0,0.0
2025-12-12,345,41,0.0,0.0,0.0,0.8333,0.0,0.0
2025-12-12,345,42,0.0,0.0,0.0,0.8421,0.0,0.0
2025-12-12,345,43,629.5367283333335,629.5367283333335,0.0,0.8505,535.4209874475001,535.4209874475001
2025-12-12,345,44,584.6008958333334,584.6008958333334,0.0,0.8182,478.32045297083346,478.32045297083346
2025-12-12,345,45,466.35353038173747,466.35353038173747,0.0,0.7459,347.853098311738,347.853098311738
2025-12-12,345,46,0.0,0.0,0.0,0.8644,0.0,0.0
2025-12-12,345,47,0.0,0.0,0.0,1.0853,0.0,0.0
2025-12-12,345,48,0.0,0.0,0.0,1.0734,0.0,0.0
2025-12-12,345,49,0.0,0.0,0.0,1.0059,0.0,0.0
2025-12-12,345,50,0.0,0.0,0.0,0.999,0.0,0.0
2025-12-12,345,51,0.0,0.0,0.0,0.9933,0.0,0.0
2025-12-12,345,52,0.0,0.0,0.0,0.9993,0.0,0.0
2025-12-12,345,53,0.0,0.0,0.0,1.0099,0.0,0.0
2025-12-12,345,54,0.0,0.0,0.0,0.9957,0.0,0.0
2025-12-12,345,55,0.0,0.0,0.0,0.9824,0.0,0.0
2025-12-12,345,56,0.0,0.0,0.0,0.9551,0.0,0.0
2025-12-12,345,57,0.0,0.0,0.0,0.9001,0.0,0.0
2025-12-12,345,58,0.0,0.0,0.0,1.0127,0.0,0.0
2025-12-12,345,59,0.0,0.0,0.0,1.2037,0.0,0.0
2025-12-12,345,60,0.0,0.0,0.0,1.1653,0.0,0.0
2025-12-12,345,61,0.0,0.0,0.0,1.0616,0.0,0.0
2025-12-12,345,62,0.0,0.0,0.0,1.0636,0.0,0.0
2025-12-12,345,63,0.0,0.0,0.0,1.1346,0.0,0.0
2025-12-12,345,64,0.0,0.0,0.0,0.8892,0.0,0.0
2025-12-12,345,65,725.2438333333334,725.2438333333334,0.0,0.4756,344.9259671333334,344.9259671333334
2025-12-12,345,66,697.0693458333334,697.0693458333334,0.0,0.4461,310.96263517625005,310.96263517625005
2025-12-12,345,67,682.9440299999999,682.9440299999999,0.0,0.5053,345.09161835899994,345.09161835899994
2025-12-12,345,68,684.7779375000001,684.7779375000001,0.0,0.4702,321.98258621250005,321.98258621250005
2025-12-12,345,69,687.2250383333334,687.2250383333334,0.0,0.4614,317.085632687,317.085632687
2025-12-12,345,70,674.5309774999998,674.5309774999998,0.0,0.4878,329.0362108244999,329.0362108244999
2025-12-12,345,71,656.5216041666669,656.5216041666669,0.0,0.5225,343.03253817708344,343.03253817708344
2025-12-12,345,72,642.3851416666666,642.3851416666666,0.0,0.537,344.960821075,344.960821075
2025-12-12,345,73,635.2806275,635.2806275,0.0,0.5184,329.329477296,329.329477296
2025-12-12,345,74,633.711,633.711,0.0,0.4615,292.4576265,292.4576265
2025-12-12,345,75,642.7883366666669,642.7883366666669,0.0,0.4137,265.9215348790001,265.9215348790001
2025-12-12,345,76,226.60335087214582,226.60335087214582,0.0,0.5962,135.10091778997332,135.10091778997332
2025-12-12,345,77,0.0,0.0,0.0,0.8816,0.0,0.0
2025-12-12,345,78,0.0,0.0,0.0,0.8914,0.0,0.0
2025-12-12,345,79,0.0,0.0,0.0,0.8048,0.0,0.0
2025-12-12,345,80,0.0,0.0,0.0,0.767,0.0,0.0
2025-12-12,345,81,0.0,0.0,0.0,0.7628,0.0,0.0
2025-12-12,345,82,0.0,0.0,0.0,0.8457,0.0,0.0
2025-12-12,345,83,0.0,0.0,0.0,0.9861,0.0,0.0
2025-12-12,345,84,0.0,0.0,0.0,1.0771,0.0,0.0
2025-12-12,345,85,0.0,0.0,0.0,1.1128,0.0,0.0
2025-12-12,345,86,0.0,0.0,0.0,1.1471,0.0,0.0
2025-12-12,345,87,0.0,0.0,0.0,1.1869,0.0,0.0
2025-12-12,345,88,0.0,0.0,0.0,0.9382,0.0,0.0
2025-12-12,345,89,943.6037305555551,943.6037305555551,0.0,0.5645,532.6643058986109,532.6643058986109
2025-12-12,345,90,274.11838166666666,274.11838166666666,0.0,0.5671,155.45253424316667,155.45253424316667
2025-12-12,345,91,326.80778999999995,326.80778999999995,0.0,0.6777,221.47763928299995,221.47763928299995
2025-12-12,345,92,373.23552083333345,373.23552083333345,0.0,0.7022,262.08598272916674,262.08598272916674
2025-12-12,345,93,423.9531541666669,423.9531541666669,0.0,0.708,300.15883315000013,300.15883315000013
2025-12-12,345,94,477.2164516666668,477.2164516666668,0.0,0.7184,342.8322988773334,342.8322988773334
2025-12-12,345,95,526.7193125000001,526.7193125000001,0.0,0.7369,388.1394613812501,388.1394613812501
2025-12-12,345,96,558.0473941666668,558.0473941666668,0.0,0.7613,424.8414811790834,424.8414811790834
2025-12-12,345,97,597.5860858333333,597.5860858333333,0.0,0.7878,470.77831841949995,470.77831841949995
2025-12-12,345,98,642.8266458333333,642.8266458333333,0.0,0.8174,525.4465003041666,525.4465003041666
2025-12-12,345,99,675.5701958333334,675.5701958333334,0.0,0.8437,569.9785742245834,569.9785742245834
2025-12-12,345,100,691.7892758333334,691.7892758333334,0.0,0.8156,564.2233333696666,564.2233333696666
2025-12-12,345,101,704.556875,704.556875,0.0,0.7695,542.1565153125,542.1565153125
2025-12-12,345,102,720.9515616666666,720.9515616666666,0.0,0.7983,575.5356316785,575.5356316785
2025-12-12,345,103,729.5465233333334,729.5465233333334,0.0,0.8264,602.8972468826668,602.8972468826668
2025-12-12,345,104,723.0320833333335,723.0320833333335,0.0,0.7957,575.3166287083335,575.3166287083335
2025-12-12,345,105,725.300385,725.300385,0.0,0.7494,543.540108519,543.540108519
2025-12-12,345,106,670.8300366666667,670.8300366666667,0.0,0.8753,587.1775310943334,587.1775310943334
2025-12-12,345,107,588.134,588.134,0.0,1.0766,633.1850644,633.1850644
2025-12-12,345,108,0.0,0.0,0.0,1.0657,0.0,0.0
2025-12-12,345,109,574.4316741666668,574.4316741666668,0.0,1.06,608.8975746166668,608.8975746166668
2025-12-12,345,110,84.36602371506962,84.36602371506962,0.0,1.1293,95.27455058142812,95.27455058142812
2025-12-12,345,111,0.0,0.0,0.0,1.1374,0.0,0.0
2025-12-12,345,112,0.0,0.0,0.0,1.2264,0.0,0.0
2025-12-12,345,113,0.0,0.0,0.0,1.3748,0.0,0.0
2025-12-12,345,114,0.0,0.0,0.0,1.3933,0.0,0.0
2025-12-12,345,115,0.0,0.0,0.0,1.3604,0.0,0.0
2025-12-12,345,116,0.0,0.0,0.0,1.3444,0.0,0.0
2025-12-12,345,117,0.0,0.0,0.0,1.335,0.0,0.0
2025-12-12,345,118,0.0,0.0,0.0,1.3284,0.0,0.0
2025-12-12,345,119,0.0,0.0,0.0,1.3417,0.0,0.0
2025-12-12,345,120,0.0,0.0,0.0,1.3849,0.0,0.0
2025-12-12,345,121,0.0,0.0,0.0,1.3718,0.0,0.0
2025-12-12,345,122,0.0,0.0,0.0,1.3636,0.0,0.0
2025-12-12,345,123,0.0,0.0,0.0,1.456,0.0,0.0
2025-12-12,345,124,0.0,0.0,0.0,1.2253,0.0,0.0
2025-12-12,345,125,569.8205,569.8205,0.0,0.7798,444.34602590000003,444.34602590000003
2025-12-12,345,126,1242.465117314815,1242.465117314815,0.0,0.6926,860.5313402522409,860.5313402522409
2025-12-12,345,127,568.2334483333334,568.2334483333334,0.0,0.7514,426.9706130776667,426.9706130776667
2025-12-12,345,128,584.2185000000001,584.2185000000001,0.0,0.7854,458.84520990000004,458.84520990000004
2025-12-12,345,129,0.0,0.0,0.0,0.8085,0.0,0.0
2025-12-12,345,130,562.6410475,562.6410475,0.0,0.6092,342.760926137,342.760926137
2025-12-12,345,131,1303.4985833333333,1303.4985833333333,0.0,0.337,439.27902258333336,439.27902258333336
2025-12-12,345,132,1278.8331333333333,1278.8331333333333,0.0,0.3765,481.4806747,481.4806747
2025-12-12,345,133,1302.691005,1302.691005,0.0,0.3934,512.478641367,512.478641367
2025-12-12,345,134,1319.2789166666666,1319.2789166666666,0.0,0.2984,393.67282873333335,393.67282873333335
2025-12-12,345,135,1297.0977522107205,1297.0977522107205,0.0,0.3339,433.10093946315953,433.10093946315953
2025-12-12,345,136,460.34563583333335,460.34563583333335,0.0,0.359,165.26408326416666,165.26408326416666
2025-12-12,345,137,1312.9505,1312.9505,0.0,0.3321,436.03086105,436.03086105
2025-12-12,345,138,468.38034416666665,468.38034416666665,0.0,0.358,167.68016321166664,167.68016321166664
2025-12-12,345,139,474.07476166666675,474.07476166666675,0.0,0.3324,157.582450778,157.582450778
2025-12-12,345,140,500.1620833333334,500.1620833333334,0.0,0.2681,134.0934545416667,134.0934545416667
2025-12-12,345,141,502.41277333333335,502.41277333333335,0.0,0.298,149.71900645333332,149.71900645333332
2025-12-12,345,142,535.0471740586867,535.0471740586867,0.0,0.3539,189.3531948993692,189.3531948993692
2025-12-12,345,143,505.65129166666674,505.65129166666674,0.0,0.3719,188.05171537083336,188.05171537083336
2025-12-13,346,0,1271.544655,1271.544655,0.0,0.3561,452.7970516455,452.7970516455
2025-12-13,346,1,1282.1546374999998,1282.1546374999998,0.0,0.3543,454.26738806624996,454.26738806624996
2025-12-13,346,2,457.16758333333337,457.16758333333337,0.0,0.3863,176.60383744166666,176.60383744166666
2025-12-13,346,3,1288.0313858333334,1288.0313858333334,0.0,0.4239,545.99650445475,545.99650445475
2025-12-13,346,4,454.23572500000006,454.23572500000006,0.0,0.4035,183.28411503750004,183.28411503750004
2025-12-13,346,5,459.99658333333343,459.99658333333343,0.0,0.3706,170.47473378333336,170.47473378333336
2025-12-13,346,6,460.8330166666667,460.8330166666667,0.0,0.4265,196.54528160833334,196.54528160833334
2025-12-13,346,7,1307.4718116666666,1307.4718116666666,0.0,0.4304,562.7358677413333,562.7358677413333
2025-12-13,346,8,550.6510896027393,550.6510896027393,0.0,0.3705,204.01622869781488,204.01622869781488
2025-12-13,346,9,1321.1548016666666,1321.1548016666666,0.0,0.3729,492.6586255415,492.6586255415
2025-12-13,346,10,1316.598315,1316.598315,0.0,0.3614,475.818631041,475.818631041
2025-12-13,346,11,494.5039166666668,494.5039166666668,0.0,0.3439,170.0598969416667,170.0598969416667
2025-12-13,346,12,508.6451483333334,508.6451483333334,0.0,0.4067,206.8659818271667,206.8659818271667
2025-12-13,346,13,498.28324250000003,498.28324250000003,0.0,0.4099,204.24630110075,204.24630110075
2025-12-13,346,14,478.99275000000006,478.99275000000006,0.0,0.3436,164.58190890000003,164.58190890000003
2025-12-13,346,15,500.4820900000001,500.4820900000001,0.0,0.3433,171.815501497,171.815501497
2025-12-13,346,16,508.16703583333333,508.16703583333333,0.0,0.3741,190.10528810525,190.10528810525
2025-12-13,346,17,493.1817500000001,493.1817500000001,0.0,0.3784,186.61997420000003,186.61997420000003
2025-12-13,346,18,501.34263166666676,501.34263166666676,0.0,0.3463,173.6149533461667,173.6149533461667
2025-12-13,346,19,510.19980250000003,510.19980250000003,0.0,0.3624,184.89640842600002,184.89640842600002
2025-12-13,346,20,512.5625833333334,512.5625833333334,0.0,0.4037,206.92151489166667,206.92151489166667
2025-12-13,346,21,523.13646,523.13646,0.0,0.3737,195.496095102,195.496095102
2025-12-13,346,22,527.7997566666667,527.7997566666667,0.0,0.3956,208.79758373733333,208.79758373733333
2025-12-13,346,23,520.6290833333334,520.6290833333334,0.0,0.4556,237.19861036666668,237.19861036666668
2025-12-13,346,24,524.60779,524.60779,0.0,0.4133,216.820399607,216.820399607
2025-12-13,346,25,534.9127616666667,534.9127616666667,0.0,0.3912,209.257872364,209.257872364
2025-12-13,346,26,546.3388333333335,546.3388333333335,0.0,0.4191,228.97060505000005,228.97060505000005
2025-12-13,346,27,0.005641338265945706,0.005641338265945706,0.0,0.4019,0.002267253849083579,0.002267253849083579
2025-12-13,346,28,0.0,0.0,0.0,0.3813,0.0,0.0
2025-12-13,346,29,0.0,0.0,0.0,0.3819,0.0,0.0
2025-12-13,346,30,691.2156449019261,691.2156449019261,0.0,0.3847,265.91065859377096,265.91065859377096
2025-12-13,346,31,1367.8286099999998,1367.8286099999998,0.0,0.4057,554.9280670769999,554.9280670769999
2025-12-13,346,32,532.1976666666667,532.1976666666667,0.0,0.3956,210.53739693333335,210.53739693333335
2025-12-13,346,33,1359.9984124999999,1359.9984124999999,0.0,0.3248,441.7274843799999,441.7274843799999
2025-12-13,346,34,544.3445175,544.3445175,0.0,0.5151,280.39186096425004,280.39186096425004
2025-12-13,346,35,0.0,0.0,0.0,0.8487,0.0,0.0
2025-12-13,346,36,0.0,0.0,0.0,0.8605,0.0,0.0
2025-12-13,346,37,0.0,0.0,0.0,0.798,0.0,0.0
2025-12-13,346,38,0.0,0.0,0.0,0.8141,0.0,0.0
2025-12-13,346,39,0.0,0.0,0.0,0.8162,0.0,0.0
2025-12-13,346,40,0.0,0.0,0.0,0.8385,0.0,0.0
2025-12-13,346,41,0.0,0.0,0.0,0.8767,0.0,0.0
2025-12-13,346,42,0.0,0.0,0.0,0.8784,0.0,0.0
2025-12-13,346,43,0.0,0.0,0.0,0.8892,0.0,0.0
2025-12-13,346,44,0.0,0.0,0.0,0.872,0.0,0.0
2025-12-13,346,45,0.0,0.0,0.0,0.7717,0.0,0.0
2025-12-13,346,46,0.0,0.0,0.0,0.8747,0.0,0.0
2025-12-13,346,47,0.0,0.0,0.0,1.104,0.0,0.0
2025-12-13,346,48,0.0,0.0,0.0,1.0808,0.0,0.0
2025-12-13,346,49,0.0,0.0,0.0,1.0091,0.0,0.0
2025-12-13,346,50,0.0,0.0,0.0,1.0139,0.0,0.0
2025-12-13,346,51,0.0,0.0,0.0,1.0109,0.0,0.0
2025-12-13,346,52,0.0,0.0,0.0,0.9994,0.0,0.0
2025-12-13,346,53,0.0,0.0,0.0,0.9856,0.0,0.0
2025-12-13,346,54,0.0,0.0,0.0,0.9651,0.0,0.0
2025-12-13,346,55,0.0,0.0,0.0,0.9559,0.0,0.0
2025-12-13,346,56,0.0,0.0,0.0,0.9512,0.0,0.0
2025-12-13,346,57,0.0,0.0,0.0,0.9436,0.0,0.0
2025-12-13,346,58,0.0,0.0,0.0,1.0389,0.0,0.0
2025-12-13,346,59,0.0,0.0,0.0,1.1741,0.0,0.0
2025-12-13,346,60,0.0,0.0,0.0,1.1586,0.0,0.0
2025-12-13,346,61,0.0,0.0,0.0,1.075,0.0,0.0
2025-12-13,346,62,0.0,0.0,0.0,1.0602,0.0,0.0
2025-12-13,346,63,0.0,0.0,0.0,1.1266,0.0,0.0
2025-12-13,346,64,0.0,0.0,0.0,0.8832,0.0,0.0
2025-12-13,346,65,239.29318320720466,239.29318320720466,0.0,0.4723,113.01817042876276,113.01817042876276
2025-12-13,346,66,0.0,0.0,0.0,0.4437,0.0,0.0
2025-12-13,346,67,0.0,0.0,0.0,0.4601,0.0,0.0
2025-12-13,346,68,7.503354379423399e-05,7.503354379423399e-05,0.0,0.3842,2.8827887525744697e-05,2.8827887525744697e-05
2025-12-13,346,69,586.1708991666667,586.1708991666667,0.0,0.4209,246.71933145925001,246.71933145925001
2025-12-13,346,70,589.2337908333334,589.2337908333334,0.0,0.4394,258.9093276921667,258.9093276921667
2025-12-13,346,71,609.024875,609.024875,0.0,0.3984,242.63551019999997,242.63551019999997
2025-12-13,346,72,577.9814266666666,577.9814266666666,0.0,0.4109,237.49256821733331,237.49256821733331
2025-12-13,346,73,568.2443758333335,568.2443758333335,0.0,0.4899,278.38291972075007,278.38291972075007
2025-12-13,346,74,582.1006458333334,582.1006458333334,0.0,0.5201,302.7505458979167,302.7505458979167
2025-12-13,346,75,563.2003858333334,563.2003858333334,0.0,0.4091,230.4052778444167,230.4052778444167
2025-12-13,346,76,578.9677383333333,578.9677383333333,0.0,0.5389,312.00571418783335,312.00571418783335
2025-12-13,346,77,0.0,0.0,0.0,0.8349,0.0,0.0
2025-12-13,346,78,0.0,0.0,0.0,0.8366,0.0,0.0
2025-12-13,346,79,0.0,0.0,0.0,0.8243,0.0,0.0
2025-12-13,346,80,0.0,0.0,0.0,0.8975,0.0,0.0
2025-12-13,346,81,0.0,0.0,0.0,0.8766,0.0,0.0
2025-12-13,346,82,0.0,0.0,0.0,0.9424,0.0,0.0
2025-12-13,346,83,0.0,0.0,0.0,1.0947,0.0,0.0
2025-12-13,346,84,0.0,0.0,0.0,1.127,0.0,0.0
2025-12-13,346,85,0.0,0.0,0.0,1.1086,0.0,0.0
2025-12-13,346,86,0.0,0.0,0.0,1.1458,0.0,0.0
2025-12-13,346,87,0.0,0.0,0.0,1.2216,0.0,0.0
2025-12-13,346,88,0.0,0.0,0.0,0.9903,0.0,0.0
2025-12-13,346,89,66.00927083333329,66.00927083333329,0.0,0.6116,40.37127004166664,40.37127004166664
2025-12-13,346,90,186.67860583333217,186.67860583333217,0.0,0.6139,114.60199612108262,114.60199612108262
2025-12-13,346,91,205.07242416666674,205.07242416666674,0.0,0.6714,137.68562558550005,137.68562558550005
2025-12-13,346,92,227.72989583333344,227.72989583333344,0.0,0.6354,144.69957581250006,144.69957581250006
2025-12-13,346,93,275.1282933333333,275.1282933333333,0.0,0.6834,188.022675664,188.022675664
2025-12-13,346,94,315.83119166666677,315.83119166666677,0.0,0.7127,225.0928903008334,225.0928903008334
2025-12-13,346,95,350.0876458333334,350.0876458333334,0.0,0.6961,243.6960102645834,243.6960102645834
2025-12-13,346,96,403.2665800000001,403.2665800000001,0.0,0.7243,292.0859838940001,292.0859838940001
2025-12-13,346,97,452.82233166666674,452.82233166666674,0.0,0.7633,345.6392857611667,345.6392857611667
2025-12-13,346,98,499.46389583333325,499.46389583333325,0.0,0.8012,400.1704733416666,400.1704733416666
2025-12-13,346,99,0.0,0.0,0.0,0.8548,0.0,0.0
2025-12-13,346,100,0.0,0.0,0.0,0.8441,0.0,0.0
2025-12-13,346,101,895.1178412037045,895.1178412037045,0.0,0.7882,705.5318824367599,705.5318824367599
2025-12-13,346,102,508.3828366666667,508.3828366666667,0.0,0.7918,402.5375300726667,402.5375300726667
2025-12-13,346,103,519.5124908333333,519.5124908333333,0.0,0.8082,419.8699950915,419.8699950915
2025-12-13,346,104,487.913,487.913,0.0,0.7725,376.91279249999997,376.91279249999997
2025-12-13,346,105,1318.4568408333332,1318.4568408333332,0.0,0.7062,931.0942209965,931.0942209965
2025-12-13,346,106,88.2460495484014,88.2460495484014,0.0,0.8724,76.98585362602537,76.98585362602537
2025-12-13,346,107,0.0,0.0,0.0,1.1633,0.0,0.0
2025-12-13,346,108,0.0,0.0,0.0,1.1875,0.0,0.0
2025-12-13,346,109,0.0,0.0,0.0,1.1327,0.0,0.0
2025-12-13,346,110,0.0,0.0,0.0,1.1165,0.0,0.0
2025-12-13,346,111,0.0,0.0,0.0,1.0872,0.0,0.0
2025-12-13,346,112,0.0,0.0,0.0,1.1828,0.0,0.0
2025-12-13,346,113,0.0,0.0,0.0,1.3489,0.0,0.0
2025-12-13,346,114,0.0,0.0,0.0,1.3687,0.0,0.0
2025-12-13,346,115,0.0,0.0,0.0,1.343,0.0,0.0
2025-12-13,346,116,0.0,0.0,0.0,1.3416,0.0,0.0
2025-12-13,346,117,0.0,0.0,0.0,1.3393,0.0,0.0
2025-12-13,346,118,0.0,0.0,0.0,1.3778,0.0,0.0
2025-12-13,346,119,0.0,0.0,0.0,1.4166,0.0,0.0
2025-12-13,346,120,0.0,0.0,0.0,1.3646,0.0,0.0
2025-12-13,346,121,0.0,0.0,0.0,1.3248,0.0,0.0
2025-12-13,346,122,0.0,0.0,0.0,1.3651,0.0,0.0
2025-12-13,346,123,0.0,0.0,0.0,1.4072,0.0,0.0
2025-12-13,346,124,0.0,0.0,0.0,1.1482,0.0,0.0
2025-12-13,346,125,494.6260000000001,494.6260000000001,0.0,0.7536,372.7501536000001,372.7501536000001
2025-12-13,346,126,1035.8345710185188,1035.8345710185188,0.0,0.724,749.9442294174075,749.9442294174075
2025-12-13,346,127,499.92458583333337,499.92458583333337,0.0,0.8147,407.2885600784167,407.2885600784167
2025-12-13,346,128,484.03666666666675,484.03666666666675,0.0,0.8362,404.7514606666668,404.7514606666668
2025-12-13,346,129,0.0,0.0,0.0,0.8111,0.0,0.0
2025-12-13,346,130,455.674085,455.674085,0.0,0.6327,288.30499357950004,288.30499357950004
2025-12-13,346,131,427.0309166666667,427.0309166666667,0.0,0.3883,165.81610494166668,165.81610494166668
2025-12-13,346,132,1256.2657508333332,1256.2657508333332,0.0,0.3133,393.5880597360833,393.5880597360833
2025-12-13,346,133,1250.9630158333332,1250.9630158333332,0.0,0.3241,405.43711343158327,405.43711343158327
2025-12-13,346,134,1236.5206666666666,1236.5206666666666,0.0,0.336,415.470944,415.470944
2025-12-13,346,135,1238.290505,1238.290505,0.0,0.3473,430.0582923865,430.0582923865
2025-12-13,346,136,1255.4012108333334,1255.4012108333334,0.0,0.3602,452.1955161421667,452.1955161421667
2025-12-13,346,137,1137.8666451582956,1137.8666451582956,0.0,0.3587,408.1527656182806,408.1527656182806
2025-12-13,346,138,436.09762666666666,436.09762666666666,0.0,0.3309,144.304704664,144.304704664
2025-12-13,346,139,425.11212083333334,425.11212083333334,0.0,0.3503,148.91677592791666,148.91677592791666
2025-12-13,346,140,417.11008333333336,417.11008333333336,0.0,0.3798,158.41840965000003,158.41840965000003
2025-12-13,346,141,1254.2460941666666,1254.2460941666666,0.0,0.3192,400.355353258,400.355353258
2025-12-13,346,142,467.9748366666667,467.9748366666667,0.0,0.3358,157.14595015266667,157.14595015266667
2025-12-13,346,143,0.0,0.0,0.0,0.4216,0.0,0.0
2025-12-14,347,0,1370.94477,1370.94477,0.0,0.4011,549.885947247,549.885947247
2025-12-14,347,1,1373.2347075,1373.2347075,0.0,0.3949,542.29038599175,542.29038599175
2025-12-14,347,2,557.7652499999999,557.7652499999999,0.0,0.4375,244.02229687499997,244.02229687499997
2025-12-14,347,3,567.7976541666668,567.7976541666668,0.0,0.4356,247.33265815500005,247.33265815500005
2025-12-14,347,4,569.4456821500944,569.4456821500944,0.0,0.4318,245.88664555241078,245.88664555241078
2025-12-14,347,5,564.1870000000001,564.1870000000001,0.0,0.459,258.96183300000007,258.96183300000007
2025-12-14,347,6,1383.44132,1383.44132,0.0,0.4935,682.7282914199999,682.7282914199999
2025-12-14,347,7,1395.2948999999999,1395.2948999999999,0.0,0.4731,660.1140171899999,660.1140171899999
2025-12-14,347,8,584.5156666666667,584.5156666666667,0.0,0.4223,246.84096603333333,246.84096603333333
2025-12-14,347,9,572.0487941666668,572.0487941666668,0.0,0.4271,244.32203998858336,244.32203998858336
2025-12-14,347,10,1392.8453366666668,1392.8453366666668,0.0,0.4385,610.7626801283334,610.7626801283334
2025-12-14,347,11,1401.8674999999998,1401.8674999999998,0.0,0.4278,599.7189165,599.7189165
2025-12-14,347,12,577.5560899999999,577.5560899999999,0.0,0.4202,242.68906901799997,242.68906901799997
2025-12-14,347,13,582.6737533333333,582.6737533333333,0.0,0.4345,253.1717458233333,253.1717458233333
2025-12-14,347,14,584.7871666666667,584.7871666666667,0.0,0.4615,269.8792774166667,269.8792774166667
2025-12-14,347,15,0.0,0.0,0.0,0.4725,0.0,0.0
2025-12-14,347,16,504.72795465903636,504.72795465903636,0.0,0.461,232.67958709781578,232.67958709781578
2025-12-14,347,17,1412.4699166666664,1412.4699166666664,0.0,0.4486,633.6340046166665,633.6340046166665
2025-12-14,347,18,590.9770400000001,590.9770400000001,0.0,0.4661,275.4543983440001,275.4543983440001
2025-12-14,347,19,0.0,0.0,0.0,0.491,0.0,0.0
2025-12-14,347,20,1248.2429350467835,1248.2429350467835,0.0,0.4795,598.5324873549326,598.5324873549326
2025-12-14,347,21,587.2706475,587.2706475,0.0,0.4168,244.774405878,244.774405878
2025-12-14,347,22,598.7497075,598.7497075,0.0,0.4289,256.80374954675,256.80374954675
2025-12-14,347,23,604.3895833333333,604.3895833333333,0.0,0.5035,304.3101552083333,304.3101552083333
2025-12-14,347,24,600.3087641666668,600.3087641666668,0.0,0.5068,304.2364816796668,304.2364816796668
2025-12-14,347,25,605.3289191666667,605.3289191666667,0.0,0.5047,305.5095055034167,305.5095055034167
2025-12-14,347,26,620.3102500000001,620.3102500000001,0.0,0.5212,323.30570230000006,323.30570230000006
2025-12-14,347,27,619.5387558333334,619.5387558333334,0.0,0.5129,317.76142786691673,317.76142786691673
2025-12-14,347,28,612.9616191666667,612.9616191666667,0.0,0.5383,329.9572395974167,329.9572395974167
2025-12-14,347,29,0.0,0.0,0.0,0.5822,0.0,0.0
2025-12-14,347,30,0.0,0.0,0.0,0.5628,0.0,0.0
2025-12-14,347,31,386.9488376245622,386.9488376245622,0.0,0.5308,205.39244301111765,205.39244301111765
2025-12-14,347,32,1450.5304166666665,1450.5304166666665,0.0,0.4909,712.0653815416666,712.0653815416666
2025-12-14,347,33,1428.7788366666668,1428.7788366666668,0.0,0.4435,633.6634140616668,633.6634140616668
2025-12-14,347,34,675.8033291666667,675.8033291666667,0.0,0.6694,452.3827485441667,452.3827485441667
2025-12-14,347,35,0.0,0.0,0.0,1.0362,0.0,0.0
2025-12-14,347,36,776.5328383333334,776.5328383333334,0.0,1.0928,848.5950857306667,848.5950857306667
2025-12-14,347,37,1577.7334649999998,1577.7334649999998,0.0,1.0406,1641.7894436789998,1641.7894436789998
2025-12-14,347,38,757.1691666666668,757.1691666666668,0.0,1.0412,788.3645363333334,788.3645363333334
2025-12-14,347,39,0.0,0.0,0.0,1.0564,0.0,0.0
2025-12-14,347,40,0.0,0.0,0.0,1.0822,0.0,0.0
2025-12-14,347,41,268.80542750000063,268.80542750000063,0.0,1.0953,294.42258474075066,294.42258474075066
2025-12-14,347,42,0.0,0.0,0.0,1.0616,0.0,0.0
2025-12-14,347,43,0.0,0.0,0.0,1.0199,0.0,0.0
2025-12-14,347,44,654.0581041666667,654.0581041666667,0.0,0.9526,623.0557500291667,623.0557500291667
2025-12-14,347,45,1429.9694608333334,1429.9694608333334,0.0,0.8551,1222.7668859585833,1222.7668859585833
2025-12-14,347,46,631.3480591666666,631.3480591666666,0.0,1.0542,665.5671239735,665.5671239735
2025-12-14,347,47,0.0,0.0,0.0,1.4291,0.0,0.0
2025-12-14,347,48,0.0,0.0,0.0,1.4903,0.0,0.0
2025-12-14,347,49,0.0,0.0,0.0,1.3909,0.0,0.0
2025-12-14,347,50,0.0,0.0,0.0,1.3327,0.0,0.0
2025-12-14,347,51,0.0,0.0,0.0,1.3594,0.0,0.0
2025-12-14,347,52,0.0,0.0,0.0,1.358,0.0,0.0
2025-12-14,347,53,0.0,0.0,0.0,1.2951,0.0,0.0
2025-12-14,347,54,0.0,0.0,0.0,1.2431,0.0,0.0
2025-12-14,347,55,0.0,0.0,0.0,1.2292,0.0,0.0
2025-12-14,347,56,0.0,0.0,0.0,1.2377,0.0,0.0
2025-12-14,347,57,0.0,0.0,0.0,1.2424,0.0,0.0
2025-12-14,347,58,0.0,0.0,0.0,1.2925,0.0,0.0
2025-12-14,347,59,0.0,0.0,0.0,1.3832,0.0,0.0
2025-12-14,347,60,0.0,0.0,0.0,1.4377,0.0,0.0
2025-12-14,347,61,0.0,0.0,0.0,1.391,0.0,0.0
2025-12-14,347,62,0.0,0.0,0.0,1.3346,0.0,0.0
2025-12-14,347,63,0.0,0.0,0.0,1.3911,0.0,0.0
2025-12-14,347,64,0.0,0.0,0.0,1.2198,0.0,0.0
2025-12-14,347,65,866.2952291666668,866.2952291666668,0.0,0.8645,748.9122256145835,748.9122256145835
2025-12-14,347,66,842.4948024999999,842.4948024999999,0.0,0.7364,620.413172561,620.413172561
2025-12-14,347,67,819.3507016666666,819.3507016666666,0.0,0.7162,586.8189725336666,586.8189725336666
2025-12-14,347,68,804.9638541666668,804.9638541666668,0.0,0.6995,563.0722159895835,563.0722159895835
2025-12-14,347,69,814.7041391666667,814.7041391666667,0.0,0.7193,586.0166873025834,586.0166873025834
2025-12-14,347,70,784.2145033333333,784.2145033333333,0.0,0.7467,585.572969639,585.572969639
2025-12-14,347,71,719.7946249999999,719.7946249999999,0.0,0.7288,524.5863226999999,524.5863226999999
2025-12-14,347,72,708.4559766666667,708.4559766666667,0.0,0.6481,459.1503184776667,459.1503184776667
2025-12-14,347,73,724.9802158333333,724.9802158333333,0.0,0.6457,468.11972536358337,468.11972536358337
2025-12-14,347,74,751.8902083333334,751.8902083333334,0.0,0.6767,508.80410397916665,508.80410397916665
2025-12-14,347,75,751.2309183333336,751.2309183333336,0.0,0.5991,450.0624431735002,450.0624431735002
2025-12-14,347,76,796.6150891666667,796.6150891666667,0.0,0.76,605.4274677666667,605.4274677666667
2025-12-14,347,77,0.0,0.0,0.0,1.0778,0.0,0.0
2025-12-14,347,78,0.0,0.0,0.0,1.1025,0.0,0.0
2025-12-14,347,79,22.047844166666664,22.047844166666664,0.0,1.1048,24.35845823533333,24.35845823533333
2025-12-14,347,80,43.03420833333348,43.03420833333348,0.0,1.1633,50.06169455416684,50.06169455416684
2025-12-14,347,81,84.97548500000016,84.97548500000016,0.0,1.0922,92.81022471700018,92.81022471700018
2025-12-14,347,82,0.0,0.0,0.0,1.1474,0.0,0.0
2025-12-14,347,83,0.0,0.0,0.0,1.344,0.0,0.0
2025-12-14,347,84,0.0,0.0,0.0,1.4151,0.0,0.0
2025-12-14,347,85,0.0,0.0,0.0,1.3903,0.0,0.0
2025-12-14,347,86,0.0,0.0,0.0,1.3993,0.0,0.0
2025-12-14,347,87,0.0,0.0,0.0,1.4851,0.0,0.0
2025-12-14,347,88,0.0,0.0,0.0,1.2822,0.0,0.0
2025-12-14,347,89,1206.4685833333333,1206.4685833333333,0.0,0.9065,1093.6637707916666,1093.6637707916666
2025-12-14,347,90,1229.7880225,1229.7880225,0.0,0.8663,1065.36536389175,1065.36536389175
2025-12-14,347,91,426.7759925000001,426.7759925000001,0.0,0.916,390.9268091300001,390.9268091300001
2025-12-14,347,92,477.8877291666669,477.8877291666669,0.0,0.9176,438.5097802833335,438.5097802833335
2025-12-14,347,93,526.97107,526.97107,0.0,0.9832,518.117956024,518.117956024
2025-12-14,347,94,617.597626574077,617.597626574077,0.0,1.0203,630.1348583935307,630.1348583935307
2025-12-14,347,95,597.9522083333334,597.9522083333334,0.0,0.9973,596.3377373708333,596.3377373708333
2025-12-14,347,96,662.6778983333334,662.6778983333334,0.0,0.9917,657.1776717771667,657.1776717771667
2025-12-14,347,97,705.4914100000001,705.4914100000001,0.0,1.0495,740.4132347950001,740.4132347950001
2025-12-14,347,98,735.5192291666667,735.5192291666667,0.0,1.1255,827.8268924270834,827.8268924270834
2025-12-14,347,99,809.9726733333334,809.9726733333334,0.0,1.1304,915.5931099360001,915.5931099360001
2025-12-14,347,100,841.5762333333334,841.5762333333334,0.0,1.1246,946.4366320066669,946.4366320066669
2025-12-14,347,101,819.9567291666666,819.9567291666666,0.0,1.1304,926.87908665,926.87908665
2025-12-14,347,102,813.8248925000001,813.8248925000001,0.0,1.1168,908.8796399440001,908.8796399440001
2025-12-14,347,103,817.1675383333336,817.1675383333336,0.0,1.1414,932.7150282536669,932.7150282536669
2025-12-14,347,104,820.9384166666667,820.9384166666667,0.0,1.171,961.3188859166668,961.3188859166668
2025-12-14,347,105,841.6161375,841.6161375,0.0,1.126,947.6597708249999,947.6597708249999
2025-12-14,347,106,757.6129733333335,757.6129733333335,0.0,1.1828,896.1046248586669,896.1046248586669
2025-12-14,347,107,626.9160833333334,626.9160833333334,0.0,1.3157,824.8334908416668,824.8334908416668
2025-12-14,347,108,635.0521000000001,635.0521000000001,0.0,1.3124,833.4423760400001,833.4423760400001
2025-12-14,347,109,0.0,0.0,0.0,1.277,0.0,0.0
2025-12-14,347,110,397.21373204840154,397.21373204840154,0.0,1.2714,505.01753892633775,505.01753892633775
2025-12-14,347,111,642.1361033333333,642.1361033333333,0.0,1.2694,815.1275695713333,815.1275695713333
2025-12-14,347,112,0.0,0.0,0.0,1.3793,0.0,0.0
2025-12-14,347,113,0.0,0.0,0.0,1.5267,0.0,0.0
2025-12-14,347,114,0.0,0.0,0.0,1.5127,0.0,0.0
2025-12-14,347,115,0.0,0.0,0.0,1.5058,0.0,0.0
2025-12-14,347,116,0.0,0.0,0.0,1.561,0.0,0.0
2025-12-14,347,117,0.0,0.0,0.0,1.563,0.0,0.0
2025-12-14,347,118,0.0,0.0,0.0,1.5391,0.0,0.0
2025-12-14,347,119,0.0,0.0,0.0,1.5267,0.0,0.0
2025-12-14,347,120,0.0,0.0,0.0,1.5268,0.0,0.0
2025-12-14,347,121,0.0,0.0,0.0,1.5137,0.0,0.0
2025-12-14,347,122,0.0,0.0,0.0,1.5229,0.0,0.0
2025-12-14,347,123,0.0,0.0,0.0,1.5687,0.0,0.0
2025-12-14,347,124,0.0,0.0,0.0,1.3356,0.0,0.0
2025-12-14,347,125,642.3629166666667,642.3629166666667,0.0,0.9663,620.7152863750001,620.7152863750001
2025-12-14,347,126,621.1402025,621.1402025,0.0,0.9413,584.67927261325,584.67927261325
2025-12-14,347,127,619.8961716666668,619.8961716666668,0.0,0.9456,586.1738199280001,586.1738199280001
2025-12-14,347,128,646.51575,646.51575,0.0,0.898,580.5711435000001,580.5711435000001
2025-12-14,347,129,657.2185650000001,657.2185650000001,0.0,0.9931,652.6837569015001,652.6837569015001
2025-12-14,347,130,589.9356075000001,589.9356075000001,0.0,0.802,473.12835721500005,473.12835721500005
2025-12-14,347,131,497.06666666666666,497.06666666666666,0.0,0.4237,210.60714666666667,210.60714666666667
2025-12-14,347,132,1326.7529616666666,1326.7529616666666,0.0,0.421,558.5629968616666,558.5629968616666
2025-12-14,347,133,1346.079115,1346.079115,0.0,0.476,640.73365874,640.73365874
2025-12-14,347,134,1336.8035,1336.8035,0.0,0.4089,546.6189511499999,546.6189511499999
2025-12-14,347,135,1319.0916583333333,1319.0916583333333,0.0,0.3769,497.1656460258333,497.1656460258333
2025-12-14,347,136,491.03047666666674,491.03047666666674,0.0,0.4193,205.88907886633336,205.88907886633336
2025-12-14,347,137,509.82133333333337,509.82133333333337,0.0,0.4598,234.41584906666668,234.41584906666668
2025-12-14,347,138,568.1852371027402,568.1852371027402,0.0,0.4052,230.22865807403034,230.22865807403034
2025-12-14,347,139,1352.6121358333332,1352.6121358333332,0.0,0.4093,553.6241471965833,553.6241471965833
2025-12-14,347,140,537.7663333333334,537.7663333333334,0.0,0.4645,249.79246183333336,249.79246183333336
2025-12-14,347,141,525.7775291666667,525.7775291666667,0.0,0.4151,218.25025235708335,218.25025235708335
2025-12-14,347,142,543.0657241666668,543.0657241666668,0.0,0.4025,218.58395397708338,218.58395397708338
2025-12-14,347,143,1415.945875,1415.945875,0.0,0.4518,639.7243463249999,639.7243463249999
2025-12-15,348,0,1415.5931275,1415.5931275,0.0,0.4399,622.71941678725,622.71941678725
2025-12-15,348,1,570.4748183333334,570.4748183333334,0.0,0.4203,239.77056614550003,239.77056614550003
2025-12-15,348,2,1409.67425,1409.67425,0.0,0.44,620.25667,620.25667
2025-12-15,348,3,1427.095085,1427.095085,0.0,0.4813,686.8608644105,686.8608644105
2025-12-15,348,4,1445.5360974999999,1445.5360974999999,0.0,0.4806,694.7246484584999,694.7246484584999
2025-12-15,348,5,621.326,621.326,0.0,0.4447,276.3036722,276.3036722
2025-12-15,348,6,611.8452158333333,611.8452158333333,0.0,0.4393,268.7836033155833,268.7836033155833
2025-12-15,348,7,1442.6513969912385,1442.6513969912385,0.0,0.4434,639.6716294259152,639.6716294259152
2025-12-15,348,8,1449.3875833333334,1449.3875833333334,0.0,0.4407,638.745107975,638.745107975
2025-12-15,348,9,615.8683425,615.8683425,0.0,0.4439,273.38395723575,273.38395723575
2025-12-15,348,10,0.013364813018824862,0.013364813018824862,0.0,0.47,0.006281462118847685,0.006281462118847685
2025-12-15,348,11,622.47,622.47,0.0,0.4751,295.735497,295.735497
2025-12-15,348,12,638.3244916666666,638.3244916666666,0.0,0.4083,260.62788994749997,260.62788994749997
2025-12-15,348,13,641.0332475,641.0332475,0.0,0.4265,273.40068005875,273.40068005875
2025-12-15,348,14,634.0830000000001,634.0830000000001,0.0,0.5161,327.25023630000004,327.25023630000004
2025-12-15,348,15,647.7730633333333,647.7730633333333,0.0,0.5035,326.1537373883333,326.1537373883333
2025-12-15,348,16,651.1649583333334,651.1649583333334,0.0,0.4668,303.96380255,303.96380255
2025-12-15,348,17,1473.2678333333333,1473.2678333333333,0.0,0.4644,684.1855818,684.1855818
2025-12-15,348,18,1162.6372490671029,1162.6372490671029,0.0,0.4712,547.8346717604189,547.8346717604189
2025-12-15,348,19,652.2353025000001,652.2353025000001,0.0,0.4641,302.7024038902501,302.7024038902501
2025-12-15,348,20,658.0771666666667,658.0771666666667,0.0,0.4525,297.7799179166667,297.7799179166667
2025-12-15,348,21,656.7539408333333,656.7539408333333,0.0,0.4596,301.844111207,301.844111207
2025-12-15,348,22,660.8660083333334,660.8660083333334,0.0,0.4443,293.62276750250004,293.62276750250004
2025-12-15,348,23,664.6465000000001,664.6465000000001,0.0,0.4254,282.7406211,282.7406211
2025-12-15,348,24,662.4670175000001,662.4670175000001,0.0,0.4599,304.66858134825003,304.66858134825003
2025-12-15,348,25,658.368795,658.368795,0.0,0.4593,302.3887875435,302.3887875435
2025-12-15,348,26,669.9053333333334,669.9053333333334,0.0,0.4301,288.12628386666665,288.12628386666665
2025-12-15,348,27,700.8256566666666,700.8256566666666,0.0,0.4686,328.406902714,328.406902714
2025-12-15,348,28,640.9261824999999,640.9261824999999,0.0,0.5012,321.23220266899995,321.23220266899995
2025-12-15,348,29,685.9986666666666,685.9986666666666,0.0,0.4995,342.65633399999996,342.65633399999996
2025-12-15,348,30,685.7404558333335,685.7404558333335,0.0,0.5104,350.0019286573334,350.0019286573334
2025-12-15,348,31,694.5734233333333,694.5734233333333,0.0,0.5255,364.9983339616666,364.9983339616666
2025-12-15,348,32,0.0,0.0,0.0,0.5091,0.0,0.0
2025-12-15,348,33,1502.43625,1502.43625,0.0,0.4781,718.314771125,718.314771125
2025-12-15,348,34,755.7127066666667,755.7127066666667,0.0,0.6922,523.1043355546667,523.1043355546667
2025-12-15,348,35,888.3849166666666,888.3849166666666,0.0,1.0306,915.5694951166666,915.5694951166666
2025-12-15,348,36,891.5649066666666,891.5649066666666,0.0,1.0824,965.029854976,965.029854976
2025-12-15,348,37,866.5567091666668,866.5567091666668,0.0,1.0364,898.0993733803334,898.0993733803334
2025-12-15,348,38,50.37575000000015,50.37575000000015,0.0,1.0443,52.60739572500016,52.60739572500016
2025-12-15,348,39,901.6228841666668,901.6228841666668,0.0,1.0639,959.2365864649169,959.2365864649169
2025-12-15,348,40,896.7781941666668,896.7781941666668,0.0,1.0479,939.7338696672502,939.7338696672502
2025-12-15,348,41,874.2003333333333,874.2003333333333,0.0,1.0126,885.2152575333333,885.2152575333333
2025-12-15,348,42,844.2402116666667,844.2402116666667,0.0,1.0149,856.8193908205,856.8193908205
2025-12-15,348,43,795.8226891666668,795.8226891666668,0.0,1.0193,811.1820670675836,811.1820670675836
2025-12-15,348,44,819.7433634259249,819.7433634259249,0.0,0.9775,801.2991377488416,801.2991377488416
2025-12-15,348,45,1511.1573775,1511.1573775,0.0,0.9196,1389.660324349,1389.660324349
2025-12-15,348,46,751.4630666666667,751.4630666666667,0.0,1.1263,846.3728519866668,846.3728519866668
2025-12-15,348,47,47.20295833333353,47.20295833333353,0.0,1.4416,68.04778473333361,68.04778473333361
2025-12-15,348,48,33.63567083333339,33.63567083333339,0.0,1.4034,47.20430044750008,47.20430044750008
2025-12-15,348,49,0.0,0.0,0.0,1.3081,0.0,0.0
2025-12-15,348,50,0.0,0.0,0.0,1.3364,0.0,0.0
2025-12-15,348,51,0.0,0.0,0.0,1.3736,0.0,0.0
2025-12-15,348,52,0.0,0.0,0.0,1.3695,0.0,0.0
2025-12-15,348,53,0.0,0.0,0.0,1.3246,0.0,0.0
2025-12-15,348,54,0.0,0.0,0.0,1.2734,0.0,0.0
2025-12-15,348,55,0.0,0.0,0.0,1.2586,0.0,0.0
2025-12-15,348,56,0.0,0.0,0.0,1.2487,0.0,0.0
2025-12-15,348,57,0.0,0.0,0.0,1.1918,0.0,0.0
2025-12-15,348,58,0.0,0.0,0.0,1.2485,0.0,0.0
2025-12-15,348,59,0.0,0.0,0.0,1.401,0.0,0.0
2025-12-15,348,60,0.0,0.0,0.0,1.4489,0.0,0.0
2025-12-15,348,61,0.0,0.0,0.0,1.393,0.0,0.0
2025-12-15,348,62,0.0,0.0,0.0,1.3567,0.0,0.0
2025-12-15,348,63,0.0,0.0,0.0,1.411,0.0,0.0
2025-12-15,348,64,23.066607048402943,23.066607048402943,0.0,1.1667,26.911810443371717,26.911810443371717
2025-12-15,348,65,1042.2823333333333,1042.2823333333333,0.0,0.7516,783.3794017333333,783.3794017333333
2025-12-15,348,66,1010.3298325,1010.3298325,0.0,0.7177,725.1137207852499,725.1137207852499
2025-12-15,348,67,981.2845958333332,981.2845958333332,0.0,0.7971,782.18195133875,782.18195133875
2025-12-15,348,68,966.8138958333332,966.8138958333332,0.0,0.769,743.4798858958333,743.4798858958333
2025-12-15,348,69,951.4747708333333,951.4747708333333,0.0,0.6935,659.8477535729166,659.8477535729166
2025-12-15,348,70,920.59494,920.59494,0.0,0.7107,654.266823858,654.266823858
2025-12-15,348,71,887.9890625,887.9890625,0.0,0.7706,684.2843715625,684.2843715625
2025-12-15,348,72,880.9020841666668,880.9020841666668,0.0,0.7019,618.3051728765834,618.3051728765834
2025-12-15,348,73,891.7471516666668,891.7471516666668,0.0,0.6644,592.4768075673334,592.4768075673334
2025-12-15,348,74,905.4752083333333,905.4752083333333,0.0,0.6907,625.4117263958333,625.4117263958333
2025-12-15,348,75,901.8462274999999,901.8462274999999,0.0,0.677,610.5498960175,610.5498960175
2025-12-15,348,76,945.5597849999999,945.5597849999999,0.0,0.8098,765.7143138929999,765.7143138929999
2025-12-15,348,77,185.10254166666653,185.10254166666653,0.0,1.0247,189.67457444583317,189.67457444583317
2025-12-15,348,78,0.0,0.0,0.0,1.0467,0.0,0.0
2025-12-15,348,79,0.0,0.0,0.0,1.0491,0.0,0.0
2025-12-15,348,80,0.0,0.0,0.0,1.088,0.0,0.0
2025-12-15,348,81,0.0,0.0,0.0,1.0594,0.0,0.0
2025-12-15,348,82,0.0,0.0,0.0,1.1421,0.0,0.0
2025-12-15,348,83,0.0,0.0,0.0,1.3308,0.0,0.0
2025-12-15,348,84,0.0,0.0,0.0,1.4139,0.0,0.0
2025-12-15,348,85,0.0,0.0,0.0,1.3868,0.0,0.0
2025-12-15,348,86,0.0,0.0,0.0,1.3725,0.0,0.0
2025-12-15,348,87,0.0,0.0,0.0,1.455,0.0,0.0
2025-12-15,348,88,0.0,0.0,0.0,1.294,0.0,0.0
2025-12-15,348,89,1349.8935416666666,1349.8935416666666,0.0,0.9561,1290.6332151875,1290.6332151875
2025-12-15,348,90,1399.7597391666666,1399.7597391666666,0.0,0.8845,1238.0874892929164,1238.0874892929164
2025-12-15,348,91,1436.6879908333333,1436.6879908333333,0.0,0.9745,1400.0524470670834,1400.0524470670834
2025-12-15,348,92,1477.5179166666667,1477.5179166666667,0.0,1.0413,1538.5394066249999,1538.5394066249999
2025-12-15,348,93,688.7377233333335,688.7377233333335,0.0,1.0102,695.7628481113335,695.7628481113335
2025-12-15,348,94,1369.2438900388172,1369.2438900388172,0.0,0.9913,1357.3314681954794,1357.3314681954794
2025-12-15,348,95,763.5909375000001,763.5909375000001,0.0,1.0274,784.5133291875002,784.5133291875002
2025-12-15,348,96,815.1099791666668,815.1099791666668,0.0,1.0528,858.1477860666668,858.1477860666668
2025-12-15,348,97,861.3140416666666,861.3140416666666,0.0,1.0245,882.4162356874999,882.4162356874999
2025-12-15,348,98,902.4393333333334,902.4393333333334,0.0,0.9997,902.1686015333333,902.1686015333333
2025-12-15,348,99,961.4826325,961.4826325,0.0,1.0701,1028.88256503825,1028.88256503825
2025-12-15,348,100,1005.4657016666669,1005.4657016666669,0.0,1.0993,1105.3084458421667,1105.3084458421667
2025-12-15,348,101,1025.3769583333335,1025.3769583333335,0.0,1.0803,1107.7147280875001,1107.7147280875001
2025-12-15,348,102,1031.2492166666666,1031.2492166666666,0.0,1.1345,1169.9522363083333,1169.9522363083333
2025-12-15,348,103,1026.1484983333335,1026.1484983333335,0.0,1.1544,1184.5858264760002,1184.5858264760002
2025-12-15,348,104,1024.9410833333334,1024.9410833333334,0.0,1.1194,1147.3190486833334,1147.3190486833334
2025-12-15,348,105,1048.7377225,1048.7377225,0.0,1.1288,1183.815141158,1183.815141158
2025-12-15,348,106,915.9472366666668,915.9472366666668,0.0,1.1758,1076.9707608726667,1076.9707608726667
2025-12-15,348,107,707.9434166666667,707.9434166666667,0.0,1.2208,864.2573230666668,864.2573230666668
2025-12-15,348,108,700.6882275,700.6882275,0.0,1.2352,865.4900986080002,865.4900986080002
2025-12-15,348,109,728.0640766666668,728.0640766666668,0.0,1.2481,908.6967740876668,908.6967740876668
2025-12-15,348,110,702.4953333333334,702.4953333333334,0.0,1.2551,881.7018928666669,881.7018928666669
2025-12-15,348,111,702.3995558333335,702.3995558333335,0.0,1.2461,875.2600865239168,875.2600865239168
2025-12-15,348,112,338.9758337150689,338.9758337150689,0.0,1.3715,464.905355940217,464.905355940217
2025-12-15,348,113,0.0,0.0,0.0,1.5428,0.0,0.0
2025-12-15,348,114,0.0,0.0,0.0,1.5121,0.0,0.0
2025-12-15,348,115,0.0,0.0,0.0,1.4991,0.0,0.0
2025-12-15,348,116,0.0,0.0,0.0,1.5558,0.0,0.0
2025-12-15,348,117,0.0,0.0,0.0,1.5167,0.0,0.0
2025-12-15,348,118,0.0,0.0,0.0,1.4916,0.0,0.0
2025-12-15,348,119,0.0,0.0,0.0,1.5233,0.0,0.0
2025-12-15,348,120,0.0,0.0,0.0,1.5319,0.0,0.0
2025-12-15,348,121,0.0,0.0,0.0,1.5076,0.0,0.0
2025-12-15,348,122,0.0,0.0,0.0,1.4985,0.0,0.0
2025-12-15,348,123,0.0,0.0,0.0,1.5154,0.0,0.0
2025-12-15,348,124,0.0,0.0,0.0,1.2845,0.0,0.0
2025-12-15,348,125,719.8589166666668,719.8589166666668,0.0,0.9247,665.6535402416667,665.6535402416667
2025-12-15,348,126,1557.1793825,1557.1793825,0.0,0.8617,1341.82147390025,1341.82147390025
2025-12-15,348,127,722.7843133333333,722.7843133333333,0.0,0.9055,654.4811957233333,654.4811957233333
2025-12-15,348,128,722.8285391666668,722.8285391666668,0.0,0.95,686.6871122083335,686.6871122083335
2025-12-15,348,129,0.0,0.0,0.0,1.032,0.0,0.0
2025-12-15,348,130,679.2974775,679.2974775,0.0,0.8132,552.404708703,552.404708703
2025-12-15,348,131,1391.1090833333333,1391.1090833333333,0.0,0.4249,591.0822495083333,591.0822495083333
2025-12-15,348,132,1380.3209866666666,1380.3209866666666,0.0,0.3752,517.8964341973333,517.8964341973333
2025-12-15,348,133,567.2639283333334,567.2639283333334,0.0,0.4242,240.63335839900006,240.63335839900006
2025-12-15,348,134,558.7124166666666,558.7124166666666,0.0,0.3909,218.400683675,218.400683675
2025-12-15,348,135,1380.8667525,1380.8667525,0.0,0.3509,484.54614345225,484.54614345225
2025-12-15,348,136,1378.3740625,1378.3740625,0.0,0.3947,544.04424246875,544.04424246875
2025-12-15,348,137,1386.59025,1386.59025,0.0,0.4708,652.8066897,652.8066897
2025-12-15,348,138,1401.0992341666665,1401.0992341666665,0.0,0.446,624.8902584383333,624.8902584383333
2025-12-15,348,139,630.263688769407,630.263688769407,0.0,0.4262,268.6183841535213,268.6183841535213
2025-12-15,348,140,566.90875,566.90875,0.0,0.4572,259.19068050000004,259.19068050000004
2025-12-15,348,141,574.9452491666666,574.9452491666666,0.0,0.4748,272.9840043043333,272.9840043043333
2025-12-15,348,142,585.3920941666667,585.3920941666667,0.0,0.4585,268.40227517541666,268.40227517541666
2025-12-15,348,143,577.85275,577.85275,0.0,0.413,238.65318575,238.65318575
2025-12-16,349,0,578.6491883333333,578.6491883333333,0.0,0.3715,214.96817346583333,214.96817346583333
2025-12-16,349,1,590.3664616666667,590.3664616666667,0.0,0.4216,248.89850023866668,248.89850023866668
2025-12-16,349,2,613.2843333333334,613.2843333333334,0.0,0.5027,308.29803436666674,308.29803436666674
2025-12-16,349,3,1431.5867741666666,1431.5867741666666,0.0,0.4653,666.11732601975,666.11732601975
2025-12-16,349,4,1437.5986883333333,1437.5986883333333,0.0,0.4453,640.1626959148333,640.1626959148333
2025-12-16,349,5,631.0697500000001,631.0697500000001,0.0,0.4734,298.7484196500001,298.7484196500001
2025-12-16,349,6,621.1338666666668,621.1338666666668,0.0,0.4463,277.2120446933334,277.2120446933334
2025-12-16,349,7,606.1078458333334,606.1078458333334,0.0,0.4352,263.7781345066667,263.7781345066667
2025-12-16,349,8,1438.4640833333333,1438.4640833333333,0.0,0.4442,638.9657458166666,638.9657458166666
2025-12-16,349,9,1439.3628325,1439.3628325,0.0,0.4089,588.55546220925,588.55546220925
2025-12-16,349,10,615.9686633333333,615.9686633333333,0.0,0.4351,268.0079654163333,268.0079654163333
2025-12-16,349,11,631.2931666666666,631.2931666666666,0.0,0.5096,321.7069977333333,321.7069977333333
2025-12-16,349,12,843.2729991397779,843.2729991397779,0.0,0.5035,424.5879550668781,424.5879550668781
2025-12-16,349,13,628.1389975000001,628.1389975000001,0.0,0.4731,297.17255971725007,297.17255971725007
2025-12-16,349,14,622.6928333333334,622.6928333333334,0.0,0.4626,288.05770470000004,288.05770470000004
2025-12-16,349,15,648.5741899999999,648.5741899999999,0.0,0.4603,298.53869965699994,298.53869965699994
2025-12-16,349,16,1489.3556174999999,1489.3556174999999,0.0,0.4723,703.4226581452499,703.4226581452499
2025-12-16,349,17,1475.83275,1475.83275,0.0,0.4797,707.956970175,707.956970175
2025-12-16,349,18,654.8921641666667,654.8921641666667,0.0,0.4549,297.9104454794167,297.9104454794167
2025-12-16,349,19,662.1085999999999,662.1085999999999,0.0,0.4517,299.0744546199999,299.0744546199999
2025-12-16,349,20,660.3030833333333,660.3030833333333,0.0,0.4693,309.8802370083333,309.8802370083333
2025-12-16,349,21,679.553085,679.553085,0.0,0.4553,309.4005196005,309.4005196005
2025-12-16,349,22,672.7463016666668,672.7463016666668,0.0,0.4503,302.93765964050004,302.93765964050004
2025-12-16,349,23,650.7430833333333,650.7430833333333,0.0,0.4715,306.82536379166663,306.82536379166663
2025-12-16,349,24,670.956235,670.956235,0.0,0.4926,330.513041361,330.513041361
2025-12-16,349,25,669.6966100000001,669.6966100000001,0.0,0.502,336.18769822,336.18769822
2025-12-16,349,26,652.5657500000001,652.5657500000001,0.0,0.5015,327.261723625,327.261723625
2025-12-16,349,27,0.0,0.0,0.0,0.499,0.0,0.0
2025-12-16,349,28,0.0,0.0,0.0,0.4906,0.0,0.0
2025-12-16,349,29,1508.4263333333333,1508.4263333333333,0.0,0.4742,715.2957672666666,715.2957672666666
2025-12-16,349,30,1378.2562912037038,1378.2562912037038,0.0,0.4624,637.3057090525926,637.3057090525926
2025-12-16,349,31,630.6225916666671,630.6225916666671,0.0,0.5026,316.9509145716669,316.9509145716669
2025-12-16,349,32,0.0,0.0,0.0,0.5253,0.0,0.0
2025-12-16,349,33,1483.0836808333333,1483.0836808333333,0.0,0.4528,671.5402906813333,671.5402906813333
2025-12-16,349,34,734.8468949999999,734.8468949999999,0.0,0.6482,476.32775733899996,476.32775733899996
2025-12-16,349,35,883.5928333333335,883.5928333333335,0.0,1.0206,901.7948457000001,901.7948457000001
2025-12-16,349,36,896.5825208333334,896.5825208333334,0.0,1.0895,976.8266564479167,976.8266564479167
2025-12-16,349,37,890.2516758333333,890.2516758333333,0.0,1.0678,950.6107394548333,950.6107394548333
2025-12-16,349,38,913.4488333333334,913.4488333333334,0.0,1.0757,982.5969100166668,982.5969100166668
2025-12-16,349,39,892.4184066666666,892.4184066666666,0.0,1.0184,908.8389053493332,908.8389053493332
2025-12-16,349,40,874.0026966666667,874.0026966666667,0.0,1.0202,891.6575511393333,891.6575511393333
2025-12-16,349,41,120.01414583333337,120.01414583333337,0.0,1.0704,128.46314170000005,128.46314170000005
2025-12-16,349,42,834.6307733333334,834.6307733333334,0.0,1.0246,855.1626903573334,855.1626903573334
2025-12-16,349,43,805.5338991666669,805.5338991666669,0.0,0.9691,780.6429016824168,780.6429016824168
2025-12-16,349,44,767.6470000000003,767.6470000000003,0.0,0.9286,712.8370042000003,712.8370042000003
2025-12-16,349,45,1523.3310116666667,1523.3310116666667,0.0,0.8819,1343.4256191888333,1343.4256191888333
2025-12-16,349,46,766.058594548401,766.058594548401,0.0,1.093,837.3020438414022,837.3020438414022
2025-12-16,349,47,105.80731250000042,105.80731250000042,0.0,1.4263,150.91296981875058,150.91296981875058
2025-12-16,349,48,66.51279333333343,66.51279333333343,0.0,1.4418,95.89814542800015,95.89814542800015
2025-12-16,349,49,0.0,0.0,0.0,1.3616,0.0,0.0
2025-12-16,349,50,0.0,0.0,0.0,1.3465,0.0,0.0
2025-12-16,349,51,0.0,0.0,0.0,1.3384,0.0,0.0
2025-12-16,349,52,0.0,0.0,0.0,1.3271,0.0,0.0
2025-12-16,349,53,0.0,0.0,0.0,1.3109,0.0,0.0
2025-12-16,349,54,0.0,0.0,0.0,1.283,0.0,0.0
2025-12-16,349,55,0.0,0.0,0.0,1.2429,0.0,0.0
2025-12-16,349,56,0.0,0.0,0.0,1.1989,0.0,0.0
2025-12-16,349,57,0.0,0.0,0.0,1.1837,0.0,0.0
2025-12-16,349,58,0.0,0.0,0.0,1.2888,0.0,0.0
2025-12-16,349,59,0.0,0.0,0.0,1.4293,0.0,0.0
2025-12-16,349,60,0.0,0.0,0.0,1.4053,0.0,0.0
2025-12-16,349,61,0.0,0.0,0.0,1.318,0.0,0.0
2025-12-16,349,62,0.0,0.0,0.0,1.319,0.0,0.0
2025-12-16,349,63,0.0,0.0,0.0,1.416,0.0,0.0
2025-12-16,349,64,190.36427833333335,190.36427833333335,0.0,1.1777,224.19201059316669,224.19201059316669
2025-12-16,349,65,1017.4395625,1017.4395625,0.0,0.747,760.0273531875,760.0273531875
2025-12-16,349,66,1023.464555,1023.464555,0.0,0.7185,735.3592827675001,735.3592827675001
2025-12-16,349,67,1012.9058841666667,1012.9058841666667,0.0,0.7784,788.4459402353334,788.4459402353334
2025-12-16,349,68,993.4203125000003,993.4203125000003,0.0,0.7288,724.0047237500002,724.0047237500002
2025-12-16,349,69,970.5055316666668,970.5055316666668,0.0,0.696,675.47185004,675.47185004
2025-12-16,349,70,940.4968550000001,940.4968550000001,0.0,0.6977,656.1846557335001,656.1846557335001
2025-12-16,349,71,903.2086666666667,903.2086666666667,0.0,0.7075,639.0201316666667,639.0201316666667
2025-12-16,349,72,890.9516183333335,890.9516183333335,0.0,0.702,625.4480360700001,625.4480360700001
2025-12-16,349,73,894.0236008333334,894.0236008333334,0.0,0.718,641.9089453983333,641.9089453983333
2025-12-16,349,74,913.2107708333335,913.2107708333335,0.0,0.7197,657.2377917687502,657.2377917687502
2025-12-16,349,75,908.8463283333335,908.8463283333335,0.0,0.6606,600.383884497,600.383884497
2025-12-16,349,76,930.1568900000002,930.1568900000002,0.0,0.7838,729.0569703820003,729.0569703820003
2025-12-16,349,77,0.0,0.0,0.0,1.035,0.0,0.0
2025-12-16,349,78,0.0,0.0,0.0,1.0948,0.0,0.0
2025-12-16,349,79,0.0,0.0,0.0,1.0618,0.0,0.0
2025-12-16,349,80,0.0,0.0,0.0,1.0469,0.0,0.0
2025-12-16,349,81,0.0,0.0,0.0,1.0761,0.0,0.0
2025-12-16,349,82,0.0,0.0,0.0,1.2147,0.0,0.0
2025-12-16,349,83,0.0,0.0,0.0,1.3695,0.0,0.0
2025-12-16,349,84,0.0,0.0,0.0,1.3588,0.0,0.0
2025-12-16,349,85,0.0,0.0,0.0,1.3193,0.0,0.0
2025-12-16,349,86,0.0,0.0,0.0,1.3724,0.0,0.0
2025-12-16,349,87,0.0,0.0,0.0,1.4617,0.0,0.0
2025-12-16,349,88,0.0,0.0,0.0,1.2329,0.0,0.0
2025-12-16,349,89,1378.5935208333333,1378.5935208333333,0.0,0.8588,1183.9361156916666,1183.9361156916666
2025-12-16,349,90,1393.3407750000001,1393.3407750000001,0.0,0.8831,1230.4592384025002,1230.4592384025002
2025-12-16,349,91,591.3907041666666,591.3907041666666,0.0,0.9517,562.8265331554167,562.8265331554167
2025-12-16,349,92,1476.8615,1476.8615,0.0,0.9061,1338.18420515,1338.18420515
2025-12-16,349,93,1518.437205,1518.437205,0.0,0.9436,1432.797346638,1432.797346638
2025-12-16,349,94,1482.898459020299,1482.898459020299,0.0,0.9808,1454.4268086071093,1454.4268086071093
2025-12-16,349,95,753.6205833333333,753.6205833333333,0.0,0.9761,735.6090513916666,735.6090513916666
2025-12-16,349,96,814.4378975000002,814.4378975000002,0.0,0.9908,806.9450688430002,806.9450688430002
2025-12-16,349,97,870.9387133333335,870.9387133333335,0.0,1.0323,899.0700337740001,899.0700337740001
2025-12-16,349,98,912.5194583333334,912.5194583333334,0.0,1.0779,983.6047241375002,983.6047241375002
2025-12-16,349,99,958.54862,958.54862,0.0,1.0976,1052.102965312,1052.102965312
2025-12-16,349,100,994.8146441666667,994.8146441666667,0.0,1.0899,1084.24848067725,1084.24848067725
2025-12-16,349,101,1017.7011249999999,1017.7011249999999,0.0,1.09,1109.29422625,1109.29422625
2025-12-16,349,102,1033.8292241666668,1033.8292241666668,0.0,1.1368,1175.257062032667,1175.257062032667
2025-12-16,349,103,1033.2178525000002,1033.2178525000002,0.0,1.1699,1208.7615656397502,1208.7615656397502
2025-12-16,349,104,1037.3466666666668,1037.3466666666668,0.0,1.1446,1187.346994666667,1187.346994666667
2025-12-16,349,105,1069.75302,1069.75302,0.0,1.0914,1167.528446028,1167.528446028
2025-12-16,349,106,931.2981400000001,931.2981400000001,0.0,1.1714,1090.922641196,1090.922641196
2025-12-16,349,107,706.81825,706.81825,0.0,1.3227,934.908499275,934.908499275
2025-12-16,349,108,696.5043891666668,696.5043891666668,0.0,1.3194,918.9678910665001,918.9678910665001
2025-12-16,349,109,734.8260600000002,734.8260600000002,0.0,1.2916,949.1013390960003,949.1013390960003
2025-12-16,349,110,721.7140000000002,721.7140000000002,0.0,1.2924,932.7431736000002,932.7431736000002
2025-12-16,349,111,720.4243116666667,720.4243116666667,0.0,1.2597,907.5185054065,907.5185054065
2025-12-16,349,112,0.0,0.0,0.0,1.3386,0.0,0.0
2025-12-16,349,113,0.0,0.0,0.0,1.5009,0.0,0.0
2025-12-16,349,114,0.0,0.0,0.0,1.5512,0.0,0.0
2025-12-16,349,115,0.0,0.0,0.0,1.5284,0.0,0.0
2025-12-16,349,116,0.0,0.0,0.0,1.5139,0.0,0.0
2025-12-16,349,117,0.0,0.0,0.0,1.5408,0.0,0.0
2025-12-16,349,118,0.0,0.0,0.0,1.529,0.0,0.0
2025-12-16,349,119,0.0,0.0,0.0,1.4809,0.0,0.0
2025-12-16,349,120,0.0,0.0,0.0,1.4799,0.0,0.0
2025-12-16,349,121,0.0,0.0,0.0,1.4938,0.0,0.0
2025-12-16,349,122,0.0,0.0,0.0,1.5171,0.0,0.0
2025-12-16,349,123,0.0,0.0,0.0,1.5367,0.0,0.0
2025-12-16,349,124,346.0243812150681,346.0243812150681,0.0,1.3021,450.5583467801402,450.5583467801402
2025-12-16,349,125,729.8194166666667,729.8194166666667,0.0,0.942,687.4898905,687.4898905
2025-12-16,349,126,729.1110741666666,729.1110741666666,0.0,0.8726,636.2223233178333,636.2223233178333
2025-12-16,349,127,724.2445941666668,724.2445941666668,0.0,0.9118,660.3662209611668,660.3662209611668
2025-12-16,349,128,729.2808333333335,729.2808333333335,0.0,0.9393,685.0134867500002,685.0134867500002
2025-12-16,349,129,743.0229116666669,743.0229116666669,0.0,0.9747,724.2244320015003,724.2244320015003
2025-12-16,349,130,669.424795,669.424795,0.0,0.7524,503.675215758,503.675215758
2025-12-16,349,131,550.3257500000001,550.3257500000001,0.0,0.4167,229.32074002500005,229.32074002500005
2025-12-16,349,132,1367.0159183333333,1367.0159183333333,0.0,0.4104,561.023332884,561.023332884
2025-12-16,349,133,1384.8657041666665,1384.8657041666665,0.0,0.4491,621.94318774125,621.94318774125
2025-12-16,349,134,1389.1667499999999,1389.1667499999999,0.0,0.3964,550.6656996999999,550.6656996999999
2025-12-16,349,135,570.3288108333334,570.3288108333334,0.0,0.3994,227.78932704683334,227.78932704683334
2025-12-16,349,136,1402.5969253657177,1402.5969253657177,0.0,0.4031,565.3868206149208,565.3868206149208
2025-12-16,349,137,1388.5244166666666,1388.5244166666666,0.0,0.3934,546.2455055166666,546.2455055166666
2025-12-16,349,138,560.8091666666667,560.8091666666667,0.0,0.4231,237.27835841666666,237.27835841666666
2025-12-16,349,139,568.947165,568.947165,0.0,0.4346,247.264437909,247.264437909
2025-12-16,349,140,1408.8835,1408.8835,0.0,0.421,593.1399534999999,593.1399534999999
2025-12-16,349,141,469.36002664665364,469.36002664665364,0.0,0.4358,204.54709961261167,204.54709961261167
2025-12-16,349,142,0.0,0.0,0.0,0.4543,0.0,0.0
2025-12-16,349,143,1403.5752499999999,1403.5752499999999,0.0,0.4579,642.6971069749999,642.6971069749999
2025-12-17,350,0,1408.4550616666666,1408.4550616666666,0.0,0.4508,634.9315417993332,634.9315417993332
2025-12-17,350,1,598.1741758333334,598.1741758333334,0.0,0.4237,253.44639830058335,253.44639830058335
2025-12-17,350,2,0.0,0.0,0.0,0.4151,0.0,0.0
2025-12-17,350,3,609.4955233333334,609.4955233333334,0.0,0.473,288.2913825366667,288.2913825366667
2025-12-17,350,4,1428.2639033333332,1428.2639033333332,0.0,0.4861,694.2790834103332,694.2790834103332
2025-12-17,350,5,1421.650583333333,1421.650583333333,0.0,0.461,655.3809189166666,655.3809189166666
2025-12-17,350,6,597.8713583333334,597.8713583333334,0.0,0.5032,300.84886751333335,300.84886751333335
2025-12-17,350,7,0.0,0.0,0.0,0.4902,0.0,0.0
2025-12-17,350,8,626.3795,626.3795,0.0,0.4412,276.35863539999997,276.35863539999997
2025-12-17,350,9,1441.5775183333333,1441.5775183333333,0.0,0.498,717.9056041299999,717.9056041299999
2025-12-17,350,10,1437.1319675,1437.1319675,0.0,0.502,721.440247685,721.440247685
2025-12-17,350,11,626.3424166666666,626.3424166666666,0.0,0.4364,273.33583063333333,273.33583063333333
2025-12-17,350,12,648.4798233333333,648.4798233333333,0.0,0.448,290.51896085333334,290.51896085333334
2025-12-17,350,13,643.1384333333334,643.1384333333334,0.0,0.4673,300.5385898966667,300.5385898966667
2025-12-17,350,14,0.1979594019489923,0.1979594019489923,0.0,0.4529,0.08965581314269862,0.08965581314269862
2025-12-17,350,15,1470.0924191666666,1470.0924191666666,0.0,0.4437,652.2800063842499,652.2800063842499
2025-12-17,350,16,1479.2203625,1479.2203625,0.0,0.4644,686.949936345,686.949936345
2025-12-17,350,17,639.7128333333334,639.7128333333334,0.0,0.4837,309.42909748333335,309.42909748333335
2025-12-17,350,18,649.0408283333334,649.0408283333334,0.0,0.456,295.96261772,295.96261772
2025-12-17,350,19,664.7965283333334,664.7965283333334,0.0,0.4755,316.11074922250003,316.11074922250003
2025-12-17,350,20,667.1759166666667,667.1759166666667,0.0,0.5273,351.8018608583333,351.8018608583333
2025-12-17,350,21,1481.9006591666666,1481.9006591666666,0.0,0.5041,747.0261222859166,747.0261222859166
2025-12-17,350,22,1218.7972635033273,1218.7972635033273,0.0,0.5003,609.7642709307146,609.7642709307146
2025-12-17,350,23,662.279,662.279,0.0,0.5184,343.3254336,343.3254336
2025-12-17,350,24,544.6089441666649,544.6089441666649,0.0,0.4662,253.89668977049917,253.89668977049917
2025-12-17,350,25,689.1466308333333,689.1466308333333,0.0,0.4447,306.4635067315833,306.4635067315833
2025-12-17,350,26,694.7055,694.7055,0.0,0.4789,332.69446395,332.69446395
2025-12-17,350,27,688.3291908333334,688.3291908333334,0.0,0.4917,338.45146313275006,338.45146313275006
2025-12-17,350,28,685.8848575000001,685.8848575000001,0.0,0.4996,342.66807480700004,342.66807480700004
2025-12-17,350,29,0.0,0.0,0.0,0.5107,0.0,0.0
2025-12-17,350,30,0.0,0.0,0.0,0.507,0.0,0.0
2025-12-17,350,31,683.4474275,683.4474275,0.0,0.4964,339.263303011,339.263303011
2025-12-17,350,32,1510.6220833333332,1510.6220833333332,0.0,0.4738,715.7327430833333,715.7327430833333
2025-12-17,350,33,1489.9757016666667,1489.9757016666667,0.0,0.4687,698.3516113711667,698.3516113711667
2025-12-17,350,34,744.9680566666668,744.9680566666668,0.0,0.7105,529.2998042616668,529.2998042616668
2025-12-17,350,35,891.0138333333333,891.0138333333333,0.0,1.0443,930.48574615,930.48574615
2025-12-17,350,36,910.7023883333335,910.7023883333335,0.0,1.0529,958.8785446761668,958.8785446761668
2025-12-17,350,37,907.0257375000001,907.0257375000001,0.0,0.996,903.3976345500001,903.3976345500001
2025-12-17,350,38,167.15374999999983,167.15374999999983,0.0,1.0287,171.95106262499982,171.95106262499982
2025-12-17,350,39,879.9941691666668,879.9941691666668,0.0,1.0527,926.3698618817501,926.3698618817501
2025-12-17,350,40,852.8888100000001,852.8888100000001,0.0,1.0677,910.6293824370002,910.6293824370002
2025-12-17,350,41,864.5183958333333,864.5183958333333,0.0,1.0626,918.6372474125,918.6372474125
2025-12-17,350,42,849.8953500000001,849.8953500000001,0.0,1.013,860.9439895500001,860.9439895500001
2025-12-17,350,43,812.9606166666667,812.9606166666667,0.0,0.992,806.4569317333334,806.4569317333334
2025-12-17,350,44,752.2381458333336,752.2381458333336,0.0,0.9773,735.1623399229169,735.1623399229169
2025-12-17,350,45,1507.4173041666668,1507.4173041666668,0.0,0.9218,1389.5372709808335,1389.5372709808335
2025-12-17,350,46,760.3146275000004,760.3146275000004,0.0,1.1334,861.7405988085004,861.7405988085004
2025-12-17,350,47,87.89625000000046,87.89625000000046,0.0,1.4762,129.75244425000068,129.75244425000068
2025-12-17,350,48,42.80213833333357,42.80213833333357,0.0,1.4688,62.86778078400036,62.86778078400036
2025-12-17,350,49,0.0,0.0,0.0,1.3682,0.0,0.0
2025-12-17,350,50,0.0,0.0,0.0,1.3384,0.0,0.0
2025-12-17,350,51,0.0,0.0,0.0,1.29,0.0,0.0
2025-12-17,350,52,0.0,0.0,0.0,1.2524,0.0,0.0
2025-12-17,350,53,0.0,0.0,0.0,1.2419,0.0,0.0
2025-12-17,350,54,0.0,0.0,0.0,1.2409,0.0,0.0
2025-12-17,350,55,0.0,0.0,0.0,1.2746,0.0,0.0
2025-12-17,350,56,0.0,0.0,0.0,1.2917,0.0,0.0
2025-12-17,350,57,26.627764548402354,26.627764548402354,0.0,1.2218,32.533802725238,32.533802725238
2025-12-17,350,58,0.0,0.0,0.0,1.2559,0.0,0.0
2025-12-17,350,59,0.0,0.0,0.0,1.3806,0.0,0.0
2025-12-17,350,60,0.0,0.0,0.0,1.3797,0.0,0.0
2025-12-17,350,61,0.0,0.0,0.0,1.3117,0.0,0.0
2025-12-17,350,62,0.0,0.0,0.0,1.3069,0.0,0.0
2025-12-17,350,63,0.0,0.0,0.0,1.3893,0.0,0.0
2025-12-17,350,64,256.3129375000001,256.3129375000001,0.0,1.1831,303.24383635625014,303.24383635625014
2025-12-17,350,65,1043.1058333333335,1043.1058333333335,0.0,0.7845,818.3165262500002,818.3165262500002
2025-12-17,350,66,1026.5743483333333,1026.5743483333333,0.0,0.6929,711.3133659601666,711.3133659601666
2025-12-17,350,67,1015.6377941666667,1015.6377941666667,0.0,0.7384,749.9469472126666,749.9469472126666
2025-12-17,350,68,1008.3238333333335,1008.3238333333335,0.0,0.7452,751.4029206000001,751.4029206000001
2025-12-17,350,69,995.4085325000001,995.4085325000001,0.0,0.7128,709.527201966,709.527201966
2025-12-17,350,70,961.5673191666667,961.5673191666667,0.0,0.6718,645.9809250161667,645.9809250161667
2025-12-17,350,71,920.0992916666669,920.0992916666669,0.0,0.6423,590.9797750375001,590.9797750375001
2025-12-17,350,72,918.8456850000002,918.8456850000002,0.0,0.6365,584.8452785025002,584.8452785025002
2025-12-17,350,73,939.12465,939.12465,0.0,0.6948,652.5038068199999,652.5038068199999
2025-12-17,350,74,955.9255208333336,955.9255208333336,0.0,0.731,698.7815557291668,698.7815557291668
2025-12-17,350,75,954.0488966666667,954.0488966666667,0.0,0.6422,612.6902014393334,612.6902014393334
2025-12-17,350,76,978.3465316666667,978.3465316666667,0.0,0.7717,754.9900184871667,754.9900184871667
2025-12-17,350,77,191.1430416666667,191.1430416666667,0.0,1.0614,202.87922442500002,202.87922442500002
2025-12-17,350,78,0.0,0.0,0.0,1.0969,0.0,0.0
2025-12-17,350,79,212.09803374400457,212.09803374400457,0.0,1.0821,229.51128231438736,229.51128231438736
2025-12-17,350,80,234.21406250000018,234.21406250000018,0.0,1.094,256.2301843750002,256.2301843750002
2025-12-17,350,81,261.9673858333334,261.9673858333334,0.0,1.0228,267.9402422303334,267.9402422303334
2025-12-17,350,82,0.0,0.0,0.0,1.1432,0.0,0.0
2025-12-17,350,83,0.0,0.0,0.0,1.3803,0.0,0.0
2025-12-17,350,84,0.0,0.0,0.0,1.3611,0.0,0.0
2025-12-17,350,85,0.0,0.0,0.0,1.3063,0.0,0.0
2025-12-17,350,86,0.0,0.0,0.0,1.3718,0.0,0.0
2025-12-17,350,87,0.0,0.0,0.0,1.4429,0.0,0.0
2025-12-17,350,88,0.0,0.0,0.0,1.2164,0.0,0.0
2025-12-17,350,89,1330.6590625,1330.6590625,0.0,0.8476,1127.866621375,1127.866621375
2025-12-17,350,90,1374.2587050000002,1374.2587050000002,0.0,0.8163,1121.8073808915,1121.8073808915
2025-12-17,350,91,1201.943516526959,1201.943516526959,0.0,0.8954,1076.220224698239,1076.220224698239
2025-12-17,350,92,1471.1383333333333,1471.1383333333333,0.0,0.9265,1363.0096658333332,1363.0096658333332
2025-12-17,350,93,693.1440991666666,693.1440991666666,0.0,0.977,677.2017848858333,677.2017848858333
2025-12-17,350,94,738.8102875000002,738.8102875000002,0.0,1.0178,751.9611106175003,751.9611106175003
2025-12-17,350,95,778.4988541666668,778.4988541666668,0.0,1.0418,811.0401062708335,811.0401062708335
2025-12-17,350,96,822.8909916666669,822.8909916666669,0.0,1.0709,881.2339629758335,881.2339629758335
2025-12-17,350,97,869.1506641666667,869.1506641666667,0.0,1.051,913.4773480391667,913.4773480391667
2025-12-17,350,98,918.2645,918.2645,0.0,1.0219,938.37449255,938.37449255
2025-12-17,350,99,964.3584358333335,964.3584358333335,0.0,1.0825,1043.9180067895836,1043.9180067895836
2025-12-17,350,100,997.0728183333334,997.0728183333334,0.0,1.1212,1117.9180439153333,1117.9180439153333
2025-12-17,350,101,1015.3371041666666,1015.3371041666666,0.0,1.1077,1124.6889102854166,1124.6889102854166
2025-12-17,350,102,1020.56757,1020.56757,0.0,1.1215,1144.566529755,1144.566529755
2025-12-17,350,103,1016.9181866666668,1016.9181866666668,0.0,1.1403,1159.5918082560001,1159.5918082560001
2025-12-17,350,104,1027.3120000000001,1027.3120000000001,0.0,1.1457,1176.9913584,1176.9913584
2025-12-17,350,105,1056.7289375,1056.7289375,0.0,1.1524,1217.7744275750001,1217.7744275750001
2025-12-17,350,106,919.9134883333334,919.9134883333334,0.0,1.182,1087.3377432099999,1087.3377432099999
2025-12-17,350,107,707.3949166666666,707.3949166666666,0.0,1.224,865.851378,865.851378
2025-12-17,350,108,718.1078358333334,718.1078358333334,0.0,1.2465,895.1214173662501,895.1214173662501
2025-12-17,350,109,742.7412683333334,742.7412683333334,0.0,1.265,939.5677044416667,939.5677044416667
2025-12-17,350,110,698.167,698.167,0.0,1.2674,884.8568558000001,884.8568558000001
2025-12-17,350,111,703.4671691666666,703.4671691666666,0.0,1.2402,872.4399832004999,872.4399832004999
2025-12-17,350,112,234.26694538173405,234.26694538173405,0.0,1.3129,307.5690725916786,307.5690725916786
2025-12-17,350,113,0.0,0.0,0.0,1.4514,0.0,0.0
2025-12-17,350,114,0.0,0.0,0.0,1.4827,0.0,0.0
2025-12-17,350,115,0.0,0.0,0.0,1.4733,0.0,0.0
2025-12-17,350,116,0.0,0.0,0.0,1.4791,0.0,0.0
2025-12-17,350,117,0.0,0.0,0.0,1.4831,0.0,0.0
2025-12-17,350,118,0.0,0.0,0.0,1.4717,0.0,0.0
2025-12-17,350,119,0.0,0.0,0.0,1.4765,0.0,0.0
2025-12-17,350,120,0.0,0.0,0.0,1.533,0.0,0.0
2025-12-17,350,121,0.0,0.0,0.0,1.526,0.0,0.0
2025-12-17,350,122,0.0,0.0,0.0,1.499,0.0,0.0
2025-12-17,350,123,0.0,0.0,0.0,1.5634,0.0,0.0
2025-12-17,350,124,0.0,0.0,0.0,1.3402,0.0,0.0
2025-12-17,350,125,743.6570833333333,743.6570833333333,0.0,0.9489,705.6562063749999,705.6562063749999
2025-12-17,350,126,743.8361558333335,743.8361558333335,0.0,0.9196,684.0317289043335,684.0317289043335
2025-12-17,350,127,727.0085275000001,727.0085275000001,0.0,0.9496,690.3672977140001,690.3672977140001
2025-12-17,350,128,721.0490000000001,721.0490000000001,0.0,0.9241,666.3213809000001,666.3213809000001
2025-12-17,350,129,749.0717533333334,749.0717533333334,0.0,0.9932,743.9780654106667,743.9780654106667
2025-12-17,350,130,678.1036075,678.1036075,0.0,0.7794,528.5139516854999,528.5139516854999
2025-12-17,350,131,1270.1451081212585,1270.1451081212585,0.0,0.3887,493.70540352673316,493.70540352673316
2025-12-17,350,132,1385.1750883333334,1385.1750883333334,0.0,0.3507,485.7809034785,485.7809034785
2025-12-17,350,133,571.2265725000001,571.2265725000001,0.0,0.4182,238.88695261950005,238.88695261950005
2025-12-17,350,134,1389.7334166666667,1389.7334166666667,0.0,0.4089,568.261994075,568.261994075
2025-12-17,350,135,1391.4128591666667,1391.4128591666667,0.0,0.3939,548.07752522575,548.07752522575
2025-12-17,350,136,1395.1064591666668,1395.1064591666668,0.0,0.3967,553.4387323514168,553.4387323514168
2025-12-17,350,137,565.1344166666667,565.1344166666667,0.0,0.413,233.40051408333332,233.40051408333332
2025-12-17,350,138,1416.7114666666666,1416.7114666666666,0.0,0.424,600.6856618666667,600.6856618666667
2025-12-17,350,139,1421.1293791666667,1421.1293791666667,0.0,0.4082,580.1050125758334,580.1050125758334
2025-12-17,350,140,572.01825,572.01825,0.0,0.4101,234.58468432499998,234.58468432499998
2025-12-17,350,141,568.9230233333334,568.9230233333334,0.0,0.4851,275.98455861900004,275.98455861900004
2025-12-17,350,142,585.3828816666667,585.3828816666667,0.0,0.4761,278.7007899615,278.7007899615
2025-12-17,350,143,0.0,0.0,0.0,0.397,0.0,0.0
2025-12-18,351,0,1445.5862808333331,1445.5862808333331,0.0,0.42,607.1462379499999,607.1462379499999
2025-12-18,351,1,1434.3619425,1434.3619425,0.0,0.4523,648.7619065927499,648.7619065927499
2025-12-18,351,2,0.0,0.0,0.0,0.4451,0.0,0.0
2025-12-18,351,3,318.32505897579915,318.32505897579915,0.0,0.4458,141.90931129141126,141.90931129141126
2025-12-18,351,4,602.7035975000001,602.7035975000001,0.0,0.4387,264.40606822325003,264.40606822325003
2025-12-18,351,5,1445.3239166666667,1445.3239166666667,0.0,0.4212,608.7704337,608.7704337
2025-12-18,351,6,1444.0581733333333,1444.0581733333333,0.0,0.421,607.9484909733333,607.9484909733333
2025-12-18,351,7,1440.837395,1440.837395,0.0,0.4641,668.6926350195,668.6926350195
2025-12-18,351,8,1447.0147499999998,1447.0147499999998,0.0,0.4804,695.1458858999999,695.1458858999999
2025-12-18,351,9,625.5408216666667,625.5408216666667,0.0,0.3833,239.76979694483333,239.76979694483333
2025-12-18,351,10,0.0,0.0,0.0,0.3887,0.0,0.0
2025-12-18,351,11,0.0,0.0,0.0,0.5084,0.0,0.0
2025-12-18,351,12,640.8132441666667,640.8132441666667,0.0,0.5305,339.95142603041666,339.95142603041666
2025-12-18,351,13,642.2262083333333,642.2262083333333,0.0,0.4731,303.8372191625,303.8372191625
2025-12-18,351,14,633.0339166666668,633.0339166666668,0.0,0.4287,271.38164007500006,271.38164007500006
2025-12-18,351,15,619.0785575000001,619.0785575000001,0.0,0.4644,287.500082103,287.500082103
2025-12-18,351,16,1462.7763966666666,1462.7763966666666,0.0,0.4934,721.7338741153334,721.7338741153334
2025-12-18,351,17,1483.2681666666667,1483.2681666666667,0.0,0.4978,738.3708933666667,738.3708933666667
2025-12-18,351,18,1466.814425,1466.814425,0.0,0.53,777.4116452500001,777.4116452500001
2025-12-18,351,19,629.6880183333335,629.6880183333335,0.0,0.502,316.1033852033334,316.1033852033334
2025-12-18,351,20,0.0,0.0,0.0,0.4384,0.0,0.0
2025-12-18,351,21,665.1981433333334,665.1981433333334,0.0,0.4629,307.920220549,307.920220549
2025-12-18,351,22,1391.3279292592597,1391.3279292592597,0.0,0.5006,696.4987613871855,696.4987613871855
2025-12-18,351,23,663.1186666666667,663.1186666666667,0.0,0.5053,335.0738622666667,335.0738622666667
2025-12-18,351,24,569.3296458333333,569.3296458333333,0.0,0.5059,288.02386782708334,288.02386782708334
2025-12-18,351,25,650.9890383333334,650.9890383333334,0.0,0.513,333.957376665,333.957376665
2025-12-18,351,26,662.3326666666668,662.3326666666668,0.0,0.5227,346.20128486666675,346.20128486666675
2025-12-18,351,27,667.7998491666667,667.7998491666667,0.0,0.5248,350.46136084266675,350.46136084266675
2025-12-18,351,28,0.0,0.0,0.0,0.52,0.0,0.0
2025-12-18,351,29,671.5067500000001,671.5067500000001,0.0,0.5101,342.5355931750001,342.5355931750001
2025-12-18,351,30,693.0338241666667,693.0338241666667,0.0,0.4971,344.50711399325,344.50711399325
2025-12-18,351,31,705.9210116666667,705.9210116666667,0.0,0.489,345.195374705,345.195374705
2025-12-18,351,32,692.8422500000001,692.8422500000001,0.0,0.4704,325.91299440000006,325.91299440000006
2025-12-18,351,33,1510.907255,1510.907255,0.0,0.4629,699.3989683395,699.3989683395
2025-12-18,351,34,764.8263175000002,764.8263175000002,0.0,0.7143,546.3154385902502,546.3154385902502
2025-12-18,351,35,898.1442500000002,898.1442500000002,0.0,1.0549,947.4523693250002,947.4523693250002
2025-12-18,351,36,156.21474416666672,156.21474416666672,0.0,1.0357,161.79161053341673,161.79161053341673
2025-12-18,351,37,874.0355525000001,874.0355525000001,0.0,0.973,850.4365925825001,850.4365925825001
2025-12-18,351,38,870.1434166666668,870.1434166666668,0.0,1.02,887.5462850000001,887.5462850000001
2025-12-18,351,39,885.6004366666667,885.6004366666667,0.0,1.0172,900.8327641773335,900.8327641773335
2025-12-18,351,40,893.2477216666667,893.2477216666667,0.0,0.9925,886.5483637541668,886.5483637541668
2025-12-18,351,41,890.2913125000002,890.2913125000002,0.0,0.9881,879.6968458812502,879.6968458812502
2025-12-18,351,42,858.0614116666667,858.0614116666667,0.0,1.0077,864.6684845365,864.6684845365
2025-12-18,351,43,799.3402725000001,799.3402725000001,0.0,1.0426,833.3921681085001,833.3921681085001
2025-12-18,351,44,726.0845208333333,726.0845208333333,0.0,1.0182,739.2992591125,739.2992591125
2025-12-18,351,45,1498.9676466666667,1498.9676466666667,0.0,0.909,1362.56159082,1362.56159082
2025-12-18,351,46,749.5697875000002,749.5697875000002,0.0,1.1095,831.6476792312502,831.6476792312502
2025-12-18,351,47,67.78364583333371,67.78364583333371,0.0,1.464,99.23525750000054,99.23525750000054
2025-12-18,351,48,61.304203333333646,61.304203333333646,0.0,1.4008,85.87492802933377,85.87492802933377
2025-12-18,351,49,0.0,0.0,0.0,1.2912,0.0,0.0
2025-12-18,351,50,0.0,0.0,0.0,1.3371,0.0,0.0
2025-12-18,351,51,0.0,0.0,0.0,1.3643,0.0,0.0
2025-12-18,351,52,0.0,0.0,0.0,1.3436,0.0,0.0
2025-12-18,351,53,0.0,0.0,0.0,1.2897,0.0,0.0
2025-12-18,351,54,0.0,0.0,0.0,1.2323,0.0,0.0
2025-12-18,351,55,0.0,0.0,0.0,1.2447,0.0,0.0
2025-12-18,351,56,0.0,0.0,0.0,1.2801,0.0,0.0
2025-12-18,351,57,0.0,0.0,0.0,1.2357,0.0,0.0
2025-12-18,351,58,0.0,0.0,0.0,1.2968,0.0,0.0
2025-12-18,351,59,0.0,0.0,0.0,1.4564,0.0,0.0
2025-12-18,351,60,0.0,0.0,0.0,1.4966,0.0,0.0
2025-12-18,351,61,0.0,0.0,0.0,1.4216,0.0,0.0
2025-12-18,351,62,0.0,0.0,0.0,1.3496,0.0,0.0
2025-12-18,351,63,0.0,0.0,0.0,1.3578,0.0,0.0
2025-12-18,351,64,59.09793954840245,59.09793954840245,0.0,1.1569,68.3704062635468,68.3704062635468
2025-12-18,351,65,1013.8801458333335,1013.8801458333335,0.0,0.8183,829.6581233354168,829.6581233354168
2025-12-18,351,66,1000.12014,1000.12014,0.0,0.7248,724.887077472,724.887077472
2025-12-18,351,67,995.5029200000001,995.5029200000001,0.0,0.7039,700.7345053880001,700.7345053880001
2025-12-18,351,68,996.6525625,996.6525625,0.0,0.6649,662.67428880625,662.67428880625
2025-12-18,351,69,975.1138933333334,975.1138933333334,0.0,0.6948,677.509133088,677.509133088
2025-12-18,351,70,943.9512616666668,943.9512616666668,0.0,0.6922,653.4030633256668,653.4030633256668
2025-12-18,351,71,923.6499791666668,923.6499791666668,0.0,0.6326,584.3009768208334,584.3009768208334
2025-12-18,351,72,905.6211233333335,905.6211233333335,0.0,0.6029,545.9989752576668,545.9989752576668
2025-12-18,351,73,908.6391841666668,908.6391841666668,0.0,0.6289,571.4431829224168,571.4431829224168
2025-12-18,351,74,912.944104166667,912.944104166667,0.0,0.6247,570.3161818729169,570.3161818729169
2025-12-18,351,75,903.3678591666668,903.3678591666668,0.0,0.5193,469.1189292652501,469.1189292652501
2025-12-18,351,76,926.3289933333333,926.3289933333333,0.0,0.6603,611.655034298,611.655034298
2025-12-18,351,77,139.3395833333335,139.3395833333335,0.0,0.9929,138.35027229166684,138.35027229166684
2025-12-18,351,78,5.0752321182635285,5.0752321182635285,0.0,1.0922,5.543168519567426,5.543168519567426
2025-12-18,351,79,0.0,0.0,0.0,1.0784,0.0,0.0
2025-12-18,351,80,0.0,0.0,0.0,1.0612,0.0,0.0
2025-12-18,351,81,206.33808000000022,206.33808000000022,0.0,1.0389,214.3646313120002,214.3646313120002
2025-12-18,351,82,0.0,0.0,0.0,1.1631,0.0,0.0
2025-12-18,351,83,0.0,0.0,0.0,1.3673,0.0,0.0
2025-12-18,351,84,0.0,0.0,0.0,1.4107,0.0,0.0
2025-12-18,351,85,0.0,0.0,0.0,1.3835,0.0,0.0
2025-12-18,351,86,0.0,0.0,0.0,1.395,0.0,0.0
2025-12-18,351,87,0.0,0.0,0.0,1.4213,0.0,0.0
2025-12-18,351,88,0.0,0.0,0.0,1.194,0.0,0.0
2025-12-18,351,89,1314.4852083333337,1314.4852083333337,0.0,0.8604,1130.9830732500004,1130.9830732500004
2025-12-18,351,90,1361.5944166666668,1361.5944166666668,0.0,0.8616,1173.1497494000002,1173.1497494000002
2025-12-18,351,91,1420.4514791666666,1420.4514791666666,0.0,0.9234,1311.6448958624999,1311.6448958624999
2025-12-18,351,92,1473.606291666667,1473.606291666667,0.0,0.9087,1339.0660372375003,1339.0660372375003
2025-12-18,351,93,684.4674341666666,684.4674341666666,0.0,0.9495,649.90182874125,649.90182874125
2025-12-18,351,94,737.9814183333333,737.9814183333333,0.0,0.9714,716.875149769,716.875149769
2025-12-18,351,95,790.5938749999999,790.5938749999999,0.0,0.9657,763.4765050875,763.4765050875
2025-12-18,351,96,820.6434233333335,820.6434233333335,0.0,1.0075,826.7982490083336,826.7982490083336
2025-12-18,351,97,860.1082158333334,860.1082158333334,0.0,1.0298,885.7394406651667,885.7394406651667
2025-12-18,351,98,914.3002916666669,914.3002916666669,0.0,1.0248,936.9749389000002,936.9749389000002
2025-12-18,351,99,947.1183966666667,947.1183966666667,0.0,1.0609,1004.7979070236667,1004.7979070236667
2025-12-18,351,100,991.2664100000001,991.2664100000001,0.0,1.129,1119.1397768900001,1119.1397768900001
2025-12-18,351,101,1032.0482708333334,1032.0482708333334,0.0,1.1776,1215.3400437333335,1215.3400437333335
2025-12-18,351,102,1018.6792200000001,1018.6792200000001,0.0,1.1606,1182.2791027320002,1182.2791027320002
2025-12-18,351,103,1004.0138158333335,1004.0138158333335,0.0,1.1356,1140.1580892603336,1140.1580892603336
2025-12-18,351,104,1026.6991666666668,1026.6991666666668,0.0,1.1219,1151.8537950833334,1151.8537950833334
2025-12-18,351,105,1058.7702241666668,1058.7702241666668,0.0,1.1035,1168.3529423679167,1168.3529423679167
2025-12-18,351,106,930.5812733333333,930.5812733333333,0.0,1.1756,1093.9913449306666,1093.9913449306666
2025-12-18,351,107,720.4619166666668,720.4619166666668,0.0,1.2837,924.8569624250001,924.8569624250001
2025-12-18,351,108,704.05975,704.05975,0.0,1.2664,891.6212674,891.6212674
2025-12-18,351,109,734.1735025,734.1735025,0.0,1.2402,910.5219778005,910.5219778005
2025-12-18,351,110,724.7347500000001,724.7347500000001,0.0,1.245,902.2947637500001,902.2947637500001
2025-12-18,351,111,722.1685583333333,722.1685583333333,0.0,1.2261,885.4508693724999,885.4508693724999
2025-12-18,351,112,0.0,0.0,0.0,1.3303,0.0,0.0
2025-12-18,351,113,0.0,0.0,0.0,1.4969,0.0,0.0
2025-12-18,351,114,0.0,0.0,0.0,1.5034,0.0,0.0
2025-12-18,351,115,0.0,0.0,0.0,1.5122,0.0,0.0
2025-12-18,351,116,0.0,0.0,0.0,1.564,0.0,0.0
2025-12-18,351,117,0.0,0.0,0.0,1.5341,0.0,0.0
2025-12-18,351,118,0.0,0.0,0.0,1.5143,0.0,0.0
2025-12-18,351,119,0.0,0.0,0.0,1.5432,0.0,0.0
2025-12-18,351,120,0.0,0.0,0.0,1.5586,0.0,0.0
2025-12-18,351,121,0.0,0.0,0.0,1.5366,0.0,0.0
2025-12-18,351,122,0.0,0.0,0.0,1.5316,0.0,0.0
2025-12-18,351,123,0.0,0.0,0.0,1.5699,0.0,0.0
2025-12-18,351,124,234.2541453817375,234.2541453817375,0.0,1.3192,309.02806858758805,309.02806858758805
2025-12-18,351,125,716.35925,716.35925,0.0,0.9254,662.91884995,662.91884995
2025-12-18,351,126,721.3800033333334,721.3800033333334,0.0,0.8999,649.1698649996667,649.1698649996667
2025-12-18,351,127,737.2083208333333,737.2083208333333,0.0,0.9574,705.8032463658334,705.8032463658334
2025-12-18,351,128,1582.747776679973,1582.747776679973,0.0,0.9547,1511.0493023963702,1511.0493023963702
2025-12-18,351,129,4.697698488024685,4.697698488024685,0.0,0.9911,4.655888971481265,4.655888971481265
2025-12-18,351,130,675.8254725000002,675.8254725000002,0.0,0.7724,522.0075949590001,522.0075949590001
2025-12-18,351,131,1393.019,1393.019,0.0,0.4348,605.6846612,605.6846612
2025-12-18,351,132,1377.7844108333334,1377.7844108333334,0.0,0.4468,615.5940747603333,615.5940747603333
2025-12-18,351,133,430.6298399926146,430.6298399926146,0.0,0.4896,210.83636966038412,210.83636966038412
2025-12-18,351,134,568.3012500000001,568.3012500000001,0.0,0.4146,235.61769825000005,235.61769825000005
2025-12-18,351,135,551.9245016666667,551.9245016666667,0.0,0.4009,221.26653271816667,221.26653271816667
2025-12-18,351,136,548.3471133333333,548.3471133333333,0.0,0.4489,246.1530191753333,246.1530191753333
2025-12-18,351,137,0.0,0.0,0.0,0.4779,0.0,0.0
2025-12-18,351,138,564.2540116666668,564.2540116666668,0.0,0.4195,236.7045578941667,236.7045578941667
2025-12-18,351,139,1397.8929098887238,1397.8929098887238,0.0,0.3773,527.4249949010156,527.4249949010156
2025-12-18,351,140,1408.5535,1408.5535,0.0,0.4041,569.19646935,569.19646935
2025-12-18,351,141,1427.3064433333334,1427.3064433333334,0.0,0.449,640.8605930566667,640.8605930566667
2025-12-18,351,142,1387.7118775,1387.7118775,0.0,0.4265,591.85911575375,591.85911575375
2025-12-18,351,143,1316.7383333333332,1316.7383333333332,0.0,0.3508,461.9118073333333,461.9118073333333
2025-12-19,352,0,1297.6745641666666,1297.6745641666666,0.0,0.3225,418.50004694375,418.50004694375
2025-12-19,352,1,1324.7554841666665,1324.7554841666665,0.0,0.3573,473.33513449274994,473.33513449274994
2025-12-19,352,2,516.2160000000001,516.2160000000001,0.0,0.3916,202.15018560000004,202.15018560000004
2025-12-19,352,3,521.2776025000001,521.2776025000001,0.0,0.3513,183.12482175825002,183.12482175825002
2025-12-19,352,4,1351.3837133333334,1351.3837133333334,0.0,0.3452,466.4976578426667,466.4976578426667
2025-12-19,352,5,1346.5650833333334,1346.5650833333334,0.0,0.3803,512.0987011916667,512.0987011916667
2025-12-19,352,6,502.50669583333337,502.50669583333337,0.0,0.3568,179.29438907333335,179.29438907333335
2025-12-19,352,7,515.6253516666667,515.6253516666667,0.0,0.334,172.2188674566667,172.2188674566667
2025-12-19,352,8,0.0,0.0,0.0,0.3244,0.0,0.0
2025-12-19,352,9,547.996725,547.996725,0.0,0.2973,162.9194263425,162.9194263425
2025-12-19,352,10,557.9024558333334,557.9024558333334,0.0,0.3881,216.5219431089167,216.5219431089167
2025-12-19,352,11,573.4218333333333,573.4218333333333,0.0,0.4983,285.73609955,285.73609955
2025-12-19,352,12,558.0318041666667,558.0318041666667,0.0,0.3824,213.39136191333336,213.39136191333336
2025-12-19,352,13,1372.0880925,1372.0880925,0.0,0.2982,409.1566691835,409.1566691835
2025-12-19,352,14,1371.2990833333333,1371.2990833333333,0.0,0.3501,480.091809075,480.091809075
2025-12-19,352,15,949.9042728434792,949.9042728434792,0.0,0.3868,367.42297273585774,367.42297273585774
2025-12-19,352,16,566.7076958333334,566.7076958333334,0.0,0.3638,206.1682597441667,206.1682597441667
2025-12-19,352,17,569.0083333333334,569.0083333333334,0.0,0.3448,196.19407333333336,196.19407333333336
2025-12-19,352,18,0.0,0.0,0.0,0.4094,0.0,0.0
2025-12-19,352,19,0.0,0.0,0.0,0.4006,0.0,0.0
2025-12-19,352,20,559.4321666666667,559.4321666666667,0.0,0.3317,185.56364968333335,185.56364968333335
2025-12-19,352,21,1395.6870908333335,1395.6870908333335,0.0,0.3708,517.5207732810001,517.5207732810001
2025-12-19,352,22,1404.5790091666668,1404.5790091666668,0.0,0.393,551.9995506025001,551.9995506025001
2025-12-19,352,23,578.1901666666668,578.1901666666668,0.0,0.3707,214.33509478333335,214.33509478333335
2025-12-19,352,24,0.0,0.0,0.0,0.4038,0.0,0.0
2025-12-19,352,25,422.7148408333332,422.7148408333332,0.0,0.4172,176.3566315956666,176.3566315956666
2025-12-19,352,26,611.7533333333333,611.7533333333333,0.0,0.3882,237.482644,237.482644
2025-12-19,352,27,600.9240108333335,600.9240108333335,0.0,0.3826,229.9135265448334,229.9135265448334
2025-12-19,352,28,584.4761766666667,584.4761766666667,0.0,0.4249,248.34392746566667,248.34392746566667
2025-12-19,352,29,584.2093333333335,584.2093333333335,0.0,0.4532,264.7636698666667,264.7636698666667
2025-12-19,352,30,1432.1036975,1432.1036975,0.0,0.3874,554.7969724115001,554.7969724115001
2025-12-19,352,31,603.177305,603.177305,0.0,0.3622,218.47081987100003,218.47081987100003
2025-12-19,352,32,594.99375,594.99375,0.0,0.3883,231.03607312499997,231.03607312499997
2025-12-19,352,33,601.1996483333334,601.1996483333334,0.0,0.3817,229.47790576883332,229.47790576883332
2025-12-19,352,34,642.3148183333333,642.3148183333333,0.0,0.5759,369.9091038781666,369.9091038781666
2025-12-19,352,35,479.00351837033577,479.00351837033577,0.0,0.8678,415.67925324177736,415.67925324177736
2025-12-19,352,36,0.0,0.0,0.0,0.8798,0.0,0.0
2025-12-19,352,37,0.0,0.0,0.0,0.8006,0.0,0.0
2025-12-19,352,38,0.0,0.0,0.0,0.7816,0.0,0.0
2025-12-19,352,39,0.0,0.0,0.0,0.7924,0.0,0.0
2025-12-19,352,40,690.3603091666668,690.3603091666668,0.0,0.8066,556.8446253738334,556.8446253738334
2025-12-19,352,41,729.5672500000001,729.5672500000001,0.0,0.8437,615.535888825,615.535888825
2025-12-19,352,42,1.9511400523697375e-05,1.9511400523697375e-05,0.0,0.9288,1.8122188806410123e-05,1.8122188806410123e-05
2025-12-19,352,43,0.0,0.0,0.0,0.9466,0.0,0.0
2025-12-19,352,44,615.1400416666667,615.1400416666667,0.0,0.8634,531.111911975,531.111911975
2025-12-19,352,45,1380.592805,1380.592805,0.0,0.7863,1085.5601225715,1085.5601225715
2025-12-19,352,46,0.0,0.0,0.0,0.9015,0.0,0.0
2025-12-19,352,47,0.0,0.0,0.0,1.0978,0.0,0.0
2025-12-19,352,48,0.0,0.0,0.0,1.0728,0.0,0.0
2025-12-19,352,49,0.0,0.0,0.0,1.0132,0.0,0.0
2025-12-19,352,50,0.0,0.0,0.0,1.0123,0.0,0.0
2025-12-19,352,51,0.0,0.0,0.0,0.9844,0.0,0.0
2025-12-19,352,52,0.0,0.0,0.0,1.0,0.0,0.0
2025-12-19,352,53,0.0,0.0,0.0,1.0523,0.0,0.0
2025-12-19,352,54,0.0,0.0,0.0,1.0453,0.0,0.0
2025-12-19,352,55,0.0,0.0,0.0,1.0004,0.0,0.0
2025-12-19,352,56,0.0,0.0,0.0,0.9484,0.0,0.0
2025-12-19,352,57,0.0,0.0,0.0,0.9153,0.0,0.0
2025-12-19,352,58,0.0,0.0,0.0,0.9841,0.0,0.0
2025-12-19,352,59,0.0,0.0,0.0,1.1055,0.0,0.0
2025-12-19,352,60,0.0,0.0,0.0,1.1275,0.0,0.0
2025-12-19,352,61,0.0,0.0,0.0,1.0746,0.0,0.0
2025-12-19,352,62,0.0,0.0,0.0,1.0479,0.0,0.0
2025-12-19,352,63,0.0,0.0,0.0,1.0793,0.0,0.0
2025-12-19,352,64,0.0,0.0,0.0,0.8268,0.0,0.0
2025-12-19,352,65,800.9044375000002,800.9044375000002,0.0,0.4408,353.0386760500001,353.0386760500001
2025-12-19,352,66,774.0143125,774.0143125,0.0,0.4426,342.57873471249997,342.57873471249997
2025-12-19,352,67,739.7411975,739.7411975,0.0,0.5089,376.45429540775,376.45429540775
2025-12-19,352,68,725.8044583333333,725.8044583333333,0.0,0.4502,326.7571671416666,326.7571671416666
2025-12-19,352,69,740.8067208333333,740.8067208333333,0.0,0.412,305.2123689833333,305.2123689833333
2025-12-19,352,70,729.0238524999999,729.0238524999999,0.0,0.4685,341.54767489624993,341.54767489624993
2025-12-19,352,71,700.3975624999999,700.3975624999999,0.0,0.5165,361.75534103124994,361.75534103124994
2025-12-19,352,72,696.5826400000001,696.5826400000001,0.0,0.4034,281.00143697600004,281.00143697600004
2025-12-19,352,73,708.5783366666667,708.5783366666667,0.0,0.3866,273.9363849553333,273.9363849553333
2025-12-19,352,74,703.7555625000001,703.7555625000001,0.0,0.4843,340.8288189187501,340.8288189187501
2025-12-19,352,75,686.0679791666668,686.0679791666668,0.0,0.4826,331.09640674583335,331.09640674583335
2025-12-19,352,76,0.0,0.0,0.0,0.6003,0.0,0.0
2025-12-19,352,77,0.0,0.0,0.0,0.8079,0.0,0.0
2025-12-19,352,78,0.0,0.0,0.0,0.828,0.0,0.0
2025-12-19,352,79,0.0,0.0,0.0,0.8225,0.0,0.0
2025-12-19,352,80,0.0,0.0,0.0,0.8466,0.0,0.0
2025-12-19,352,81,0.0,0.0,0.0,0.808,0.0,0.0
2025-12-19,352,82,0.0,0.0,0.0,0.8956,0.0,0.0
2025-12-19,352,83,0.0,0.0,0.0,1.0851,0.0,0.0
2025-12-19,352,84,0.0,0.0,0.0,1.1454,0.0,0.0
2025-12-19,352,85,0.0,0.0,0.0,1.1601,0.0,0.0
2025-12-19,352,86,0.0,0.0,0.0,1.1942,0.0,0.0
2025-12-19,352,87,0.0,0.0,0.0,1.1819,0.0,0.0
2025-12-19,352,88,0.0,0.0,0.0,0.9506,0.0,0.0
2025-12-19,352,89,1069.5119375000002,1069.5119375000002,0.0,0.6516,696.893978475,696.893978475
2025-12-19,352,90,828.4728506869639,828.4728506869639,0.0,0.6373,527.985747742802,527.985747742802
2025-12-19,352,91,345.35424750000004,345.35424750000004,0.0,0.6783,234.25378607925003,234.25378607925003
2025-12-19,352,92,395.4118125,395.4118125,0.0,0.653,258.2039135625,258.2039135625
2025-12-19,352,93,444.70930750000014,444.70930750000014,0.0,0.6639,295.24250924925013,295.24250924925013
2025-12-19,352,94,484.0553241666667,484.0553241666667,0.0,0.6819,330.07732554925,330.07732554925
2025-12-19,352,95,513.1961875,513.1961875,0.0,0.6919,355.0804421312499,355.0804421312499
2025-12-19,352,96,549.1025708333333,549.1025708333333,0.0,0.7171,393.7614535445833,393.7614535445833
2025-12-19,352,97,598.1633641666667,598.1633641666667,0.0,0.738,441.44456275500005,441.44456275500005
2025-12-19,352,98,657.9391666666668,657.9391666666668,0.0,0.7613,500.8890875833334,500.8890875833334
2025-12-19,352,99,0.0,0.0,0.0,0.8049,0.0,0.0
2025-12-19,352,100,725.0388800000001,725.0388800000001,0.0,0.7869,570.5330946720001,570.5330946720001
2025-12-19,352,101,720.1622291666666,720.1622291666666,0.0,0.7378,531.3356926791666,531.3356926791666
2025-12-19,352,102,728.7522916666667,728.7522916666667,0.0,0.775,564.7830260416667,564.7830260416667
2025-12-19,352,103,722.2123991666667,722.2123991666667,0.0,0.814,587.8808929216667,587.8808929216667
2025-12-19,352,104,704.2434166666666,704.2434166666666,0.0,0.7889,555.5776314083333,555.5776314083333
2025-12-19,352,105,1496.0174083333336,1496.0174083333336,0.0,0.7463,1116.477791839167,1116.477791839167
2025-12-19,352,106,653.357515,653.357515,0.0,0.8871,579.5934515565,579.5934515565
2025-12-19,352,107,44.04348954840259,44.04348954840259,0.0,1.1215,49.394773528533506,49.394773528533506
2025-12-19,352,108,574.9055316666668,574.9055316666668,0.0,1.1504,661.3713236293335,661.3713236293335
2025-12-19,352,109,587.2012866666668,587.2012866666668,0.0,1.1418,670.4664291160001,670.4664291160001
2025-12-19,352,110,0.0,0.0,0.0,1.1706,0.0,0.0
2025-12-19,352,111,0.0,0.0,0.0,1.1528,0.0,0.0
2025-12-19,352,112,0.0,0.0,0.0,1.2154,0.0,0.0
2025-12-19,352,113,0.0,0.0,0.0,1.3384,0.0,0.0
2025-12-19,352,114,0.0,0.0,0.0,1.3625,0.0,0.0
2025-12-19,352,115,0.0,0.0,0.0,1.3717,0.0,0.0
2025-12-19,352,116,0.0,0.0,0.0,1.394,0.0,0.0
2025-12-19,352,117,0.0,0.0,0.0,1.3607,0.0,0.0
2025-12-19,352,118,0.0,0.0,0.0,1.2955,0.0,0.0
2025-12-19,352,119,0.0,0.0,0.0,1.2741,0.0,0.0
2025-12-19,352,120,0.0,0.0,0.0,1.3452,0.0,0.0
2025-12-19,352,121,0.0,0.0,0.0,1.348,0.0,0.0
2025-12-19,352,122,0.0,0.0,0.0,1.3142,0.0,0.0
2025-12-19,352,123,0.0,0.0,0.0,1.3819,0.0,0.0
2025-12-19,352,124,0.0,0.0,0.0,1.1653,0.0,0.0
2025-12-19,352,125,596.1811666666667,596.1811666666667,0.0,0.7741,461.5038411166667,461.5038411166667
2025-12-19,352,126,1424.1499724999999,1424.1499724999999,0.0,0.7457,1061.98863449325,1061.98863449325
2025-12-19,352,127,577.7393608333333,577.7393608333333,0.0,0.8245,476.34610300708334,476.34610300708334
2025-12-19,352,128,406.37928916666704,406.37928916666704,0.0,0.8442,343.0653959145003,343.0653959145003
2025-12-19,352,129,0.0,0.0,0.0,0.8596,0.0,0.0
2025-12-19,352,130,540.3532608333335,540.3532608333335,0.0,0.6506,351.55383149816674,351.55383149816674
2025-12-19,352,131,1299.9071549273792,1299.9071549273792,0.0,0.3254,422.98978821336925,422.98978821336925
2025-12-19,352,132,271.8873145411578,271.8873145411578,0.0,0.2621,71.26166514123746,71.26166514123746
2025-12-19,352,133,0.0,0.0,0.0,0.3226,0.0,0.0
2025-12-19,352,134,1297.0671666666667,1297.0671666666667,0.0,0.3499,453.84380161666667,453.84380161666667
2025-12-19,352,135,1291.326155,1291.326155,0.0,0.3265,421.6179896075,421.6179896075
2025-12-19,352,136,475.1064966666667,475.1064966666667,0.0,0.3331,158.2579740396667,158.2579740396667
2025-12-19,352,137,1326.4429166666666,1326.4429166666666,0.0,0.3684,488.6615705,488.6615705
2025-12-19,352,138,491.1136966666667,491.1136966666667,0.0,0.3547,174.1980282076667,174.1980282076667
2025-12-19,352,139,1312.4421875,1312.4421875,0.0,0.326,427.85615312500005,427.85615312500005
2025-12-19,352,140,1304.0221666666666,1304.0221666666666,0.0,0.3172,413.6358312666666,413.6358312666666
2025-12-19,352,141,1305.2055533333332,1305.2055533333332,0.0,0.3322,433.5892848173333,433.5892848173333
2025-12-19,352,142,459.577055,459.577055,0.0,0.3615,166.13710538249998,166.13710538249998
2025-12-19,352,143,498.66733333333343,498.66733333333343,0.0,0.3917,195.3279944666667,195.3279944666667
2025-12-20,353,0,1279.4752641666666,1279.4752641666666,0.0,0.4043,517.2918493025833,517.2918493025833
2025-12-20,353,1,1286.3051941666668,1286.3051941666668,0.0,0.3686,474.1320945698333,474.1320945698333
2025-12-20,353,2,459.4974166666667,459.4974166666667,0.0,0.3194,146.76347488333334,146.76347488333334
2025-12-20,353,3,0.0,0.0,0.0,0.3326,0.0,0.0
2025-12-20,353,4,476.7350208333334,476.7350208333334,0.0,0.3727,177.67914226458336,177.67914226458336
2025-12-20,353,5,467.12925,467.12925,0.0,0.3844,179.5644837,179.5644837
2025-12-20,353,6,0.0,0.0,0.0,0.3444,0.0,0.0
2025-12-20,353,7,0.0,0.0,0.0,0.3232,0.0,0.0
2025-12-20,353,8,488.73775000000006,488.73775000000006,0.0,0.3512,171.64469780000002,171.64469780000002
2025-12-20,353,9,475.6439833333334,475.6439833333334,0.0,0.391,185.97679748333337,185.97679748333337
2025-12-20,353,10,1316.8578191543056,1316.8578191543056,0.0,0.3913,515.2864646350797,515.2864646350797
2025-12-20,353,11,1344.1785833333333,1344.1785833333333,0.0,0.358,481.21593283333334,481.21593283333334
2025-12-20,353,12,505.98041083333334,505.98041083333334,0.0,0.3439,174.00666328558333,174.00666328558333
2025-12-20,353,13,446.2446731545864,446.2446731545864,0.0,0.3493,155.87326433289704,155.87326433289704
2025-12-20,353,14,1332.2830000000001,1332.2830000000001,0.0,0.361,480.95416300000005,480.95416300000005
2025-12-20,353,15,1332.6256391666666,1332.6256391666666,0.0,0.3692,492.00538598033324,492.00538598033324
2025-12-20,353,16,504.0297658333334,504.0297658333334,0.0,0.3803,191.6825199464167,191.6825199464167
2025-12-20,353,17,507.94166666666666,507.94166666666666,0.0,0.4064,206.42749333333333,206.42749333333333
2025-12-20,353,18,1336.5572416666666,1336.5572416666666,0.0,0.4439,593.2977595758333,593.2977595758333
2025-12-20,353,19,1336.472426202597,1336.472426202597,0.0,0.4258,569.0699590770658,569.0699590770658
2025-12-20,353,20,508.72658333333345,508.72658333333345,0.0,0.3851,195.91060724166672,195.91060724166672
2025-12-20,353,21,510.59701500000006,510.59701500000006,0.0,0.4172,213.02107465800003,213.02107465800003
2025-12-20,353,22,512.7209583333333,512.7209583333333,0.0,0.4111,210.77958597083335,210.77958597083335
2025-12-20,353,23,0.0,0.0,0.0,0.3671,0.0,0.0
2025-12-20,353,24,525.7474358333333,525.7474358333333,0.0,0.3974,208.93203100016663,208.93203100016663
2025-12-20,353,25,527.7694908333334,527.7694908333334,0.0,0.409,215.85772175083335,215.85772175083335
2025-12-20,353,26,297.6713333333338,297.6713333333338,0.0,0.3937,117.1932039333335,117.1932039333335
2025-12-20,353,27,529.4569883333334,529.4569883333334,0.0,0.4357,230.68440981683332,230.68440981683332
2025-12-20,353,28,529.696675,529.696675,0.0,0.441,233.596233675,233.596233675
2025-12-20,353,29,532.86975,532.86975,0.0,0.4007,213.520908825,213.520908825
2025-12-20,353,30,542.5311833333333,542.5311833333333,0.0,0.4102,222.54629140333333,222.54629140333333
2025-12-20,353,31,539.1476349999999,539.1476349999999,0.0,0.4589,247.41484970149995,247.41484970149995
2025-12-20,353,32,523.3945833333335,523.3945833333335,0.0,0.4555,238.4062327083334,238.4062327083334
2025-12-20,353,33,1356.94213,1356.94213,0.0,0.3583,486.192365179,486.192365179
2025-12-20,353,34,559.2722741666666,559.2722741666666,0.0,0.5095,284.94922368791663,284.94922368791663
2025-12-20,353,35,0.0,0.0,0.0,0.8178,0.0,0.0
2025-12-20,353,36,0.0,0.0,0.0,0.8373,0.0,0.0
2025-12-20,353,37,0.0,0.0,0.0,0.8124,0.0,0.0
2025-12-20,353,38,0.0,0.0,0.0,0.8591,0.0,0.0
2025-12-20,353,39,0.0,0.0,0.0,0.8397,0.0,0.0
2025-12-20,353,40,0.0,0.0,0.0,0.8263,0.0,0.0
2025-12-20,353,41,0.0,0.0,0.0,0.8522,0.0,0.0
2025-12-20,353,42,0.0,0.0,0.0,0.8659,0.0,0.0
2025-12-20,353,43,0.0,0.0,0.0,0.8525,0.0,0.0
2025-12-20,353,44,0.0,0.0,0.0,0.7967,0.0,0.0
2025-12-20,353,45,75.40261038173486,75.40261038173486,0.0,0.7248,54.651812004681425,54.651812004681425
2025-12-20,353,46,0.0,0.0,0.0,0.861,0.0,0.0
2025-12-20,353,47,0.0,0.0,0.0,1.1219,0.0,0.0
2025-12-20,353,48,0.0,0.0,0.0,1.1705,0.0,0.0
2025-12-20,353,49,0.0,0.0,0.0,1.0795,0.0,0.0
2025-12-20,353,50,0.0,0.0,0.0,1.0051,0.0,0.0
2025-12-20,353,51,0.0,0.0,0.0,1.0342,0.0,0.0
2025-12-20,353,52,0.0,0.0,0.0,1.0733,0.0,0.0
2025-12-20,353,53,0.0,0.0,0.0,1.0577,0.0,0.0
2025-12-20,353,54,0.0,0.0,0.0,1.012,0.0,0.0
2025-12-20,353,55,0.0,0.0,0.0,1.0141,0.0,0.0
2025-12-20,353,56,0.0,0.0,0.0,1.0149,0.0,0.0
2025-12-20,353,57,0.0,0.0,0.0,0.9152,0.0,0.0
2025-12-20,353,58,0.0,0.0,0.0,0.9618,0.0,0.0
2025-12-20,353,59,0.0,0.0,0.0,1.1247,0.0,0.0
2025-12-20,353,60,0.0,0.0,0.0,1.1106,0.0,0.0
2025-12-20,353,61,0.0,0.0,0.0,1.0264,0.0,0.0
2025-12-20,353,62,0.0,0.0,0.0,1.0233,0.0,0.0
2025-12-20,353,63,0.0,0.0,0.0,1.0906,0.0,0.0
2025-12-20,353,64,0.0,0.0,0.0,0.8362,0.0,0.0
2025-12-20,353,65,631.4824166666666,631.4824166666666,0.0,0.4252,268.50632356666665,268.50632356666665
2025-12-20,353,66,642.1004791666668,642.1004791666668,0.0,0.4342,278.8000280541667,278.8000280541667
2025-12-20,353,67,612.7222075,612.7222075,0.0,0.5002,306.4836481915,306.4836481915
2025-12-20,353,68,570.3615416666668,570.3615416666668,0.0,0.4544,259.17228453333337,259.17228453333337
2025-12-20,353,69,569.0613883333332,569.0613883333332,0.0,0.4865,276.84836542416656,276.84836542416656
2025-12-20,353,70,576.7006050000001,576.7006050000001,0.0,0.4831,278.60406227550004,278.60406227550004
2025-12-20,353,71,567.9243125000003,567.9243125000003,0.0,0.4124,234.21198647500012,234.21198647500012
2025-12-20,353,72,551.4659116666666,551.4659116666666,0.0,0.3823,210.82541803016662,210.82541803016662
2025-12-20,353,73,202.28649503881235,202.28649503881235,0.0,0.407,82.33060348079663,82.33060348079663
2025-12-20,353,74,0.0,0.0,0.0,0.4242,0.0,0.0
2025-12-20,353,75,602.2645075,602.2645075,0.0,0.3918,235.9672340385,235.9672340385
2025-12-20,353,76,0.0,0.0,0.0,0.5358,0.0,0.0
2025-12-20,353,77,0.0,0.0,0.0,0.7799,0.0,0.0
2025-12-20,353,78,0.0,0.0,0.0,0.806,0.0,0.0
2025-12-20,353,79,0.0,0.0,0.0,0.8024,0.0,0.0
2025-12-20,353,80,0.0,0.0,0.0,0.8393,0.0,0.0
2025-12-20,353,81,0.0,0.0,0.0,0.8092,0.0,0.0
2025-12-20,353,82,0.0,0.0,0.0,0.875,0.0,0.0
2025-12-20,353,83,0.0,0.0,0.0,1.0214,0.0,0.0
2025-12-20,353,84,0.0,0.0,0.0,1.0578,0.0,0.0
2025-12-20,353,85,0.0,0.0,0.0,1.0817,0.0,0.0
2025-12-20,353,86,0.0,0.0,0.0,1.1561,0.0,0.0
2025-12-20,353,87,0.0,0.0,0.0,1.1959,0.0,0.0
2025-12-20,353,88,0.0,0.0,0.0,0.9792,0.0,0.0
2025-12-20,353,89,226.58839120370496,226.58839120370496,0.0,0.6555,148.5286904340286,148.5286904340286
2025-12-20,353,90,153.29506500000008,153.29506500000008,0.0,0.6174,94.64437313100004,94.64437313100004
2025-12-20,353,91,185.51425083333345,185.51425083333345,0.0,0.6232,115.6124811193334,115.6124811193334
2025-12-20,353,92,233.5438541666668,233.5438541666668,0.0,0.5689,132.86309863541672,132.86309863541672
2025-12-20,353,93,279.4508900000001,279.4508900000001,0.0,0.603,168.50888667000004,168.50888667000004
2025-12-20,353,94,307.25191750000005,307.25191750000005,0.0,0.6821,209.57653292675005,209.57653292675005
2025-12-20,353,95,337.1251250000001,337.1251250000001,0.0,0.7269,245.05625336250006,245.05625336250006
2025-12-20,353,96,402.45904500000006,402.45904500000006,0.0,0.7018,282.44575778100005,282.44575778100005
2025-12-20,353,97,455.8971666666667,455.8971666666667,0.0,0.6834,311.5601237,311.5601237
2025-12-20,353,98,499.9624166666668,499.9624166666668,0.0,0.7215,360.7228836250001,360.7228836250001
2025-12-20,353,99,0.0,0.0,0.0,0.7901,0.0,0.0
2025-12-20,353,100,392.7455824999993,392.7455824999993,0.0,0.7813,306.85212360724944,306.85212360724944
2025-12-20,353,101,504.8799375,504.8799375,0.0,0.7362,371.69260998749996,371.69260998749996
2025-12-20,353,102,504.4742600000001,504.4742600000001,0.0,0.7975,402.31822235000004,402.31822235000004
2025-12-20,353,103,517.2415183333334,517.2415183333334,0.0,0.8446,436.86218638433337,436.86218638433337
2025-12-20,353,104,504.57183333333336,504.57183333333336,0.0,0.7928,400.02454946666666,400.02454946666666
2025-12-20,353,105,1330.5078250000001,1330.5078250000001,0.0,0.7064,939.8707275800001,939.8707275800001
2025-12-20,353,106,79.38532788173552,79.38532788173552,0.0,0.8186,64.9848294039887,64.9848294039887
2025-12-20,353,107,0.0,0.0,0.0,1.0609,0.0,0.0
2025-12-20,353,108,0.0,0.0,0.0,1.1284,0.0,0.0
2025-12-20,353,109,0.0,0.0,0.0,1.1348,0.0,0.0
2025-12-20,353,110,0.0,0.0,0.0,1.1568,0.0,0.0
2025-12-20,353,111,0.0,0.0,0.0,1.1537,0.0,0.0
2025-12-20,353,112,0.0,0.0,0.0,1.1907,0.0,0.0
2025-12-20,353,113,0.0,0.0,0.0,1.2728,0.0,0.0
2025-12-20,353,114,0.0,0.0,0.0,1.3306,0.0,0.0
2025-12-20,353,115,0.0,0.0,0.0,1.3506,0.0,0.0
2025-12-20,353,116,0.0,0.0,0.0,1.3598,0.0,0.0
2025-12-20,353,117,0.0,0.0,0.0,1.3841,0.0,0.0
2025-12-20,353,118,0.0,0.0,0.0,1.3483,0.0,0.0
2025-12-20,353,119,0.0,0.0,0.0,1.2963,0.0,0.0
2025-12-20,353,120,0.0,0.0,0.0,1.3478,0.0,0.0
2025-12-20,353,121,0.0,0.0,0.0,1.3574,0.0,0.0
2025-12-20,353,122,0.0,0.0,0.0,1.3297,0.0,0.0
2025-12-20,353,123,0.0,0.0,0.0,1.3716,0.0,0.0
2025-12-20,353,124,0.0,0.0,0.0,1.1544,0.0,0.0
2025-12-20,353,125,493.8885,493.8885,0.0,0.7812,385.82569620000004,385.82569620000004
2025-12-20,353,126,1321.0069533333333,1321.0069533333333,0.0,0.7245,957.0695376900001,957.0695376900001
2025-12-20,353,127,241.36981333333352,241.36981333333352,0.0,0.7717,186.2650849493335,186.2650849493335
2025-12-20,353,128,0.0,0.0,0.0,0.7991,0.0,0.0
2025-12-20,353,129,509.9977816666667,509.9977816666667,0.0,0.8613,439.2610893495,439.2610893495
2025-12-20,353,130,467.85399833333344,467.85399833333344,0.0,0.6818,318.9828560636667,318.9828560636667
2025-12-20,353,131,404.90233333333333,404.90233333333333,0.0,0.3614,146.33170326666666,146.33170326666666
2025-12-20,353,132,1229.0058583333332,1229.0058583333332,0.0,0.3072,377.55059967999995,377.55059967999995
2025-12-20,353,133,1243.27867,1243.27867,0.0,0.3098,385.167731966,385.167731966
2025-12-20,353,134,1247.2764166666666,1247.2764166666666,0.0,0.2632,328.2831528666666,328.2831528666666
2025-12-20,353,135,1107.3229883990366,1107.3229883990366,0.0,0.2847,315.2548547972057,315.2548547972057
2025-12-20,353,136,415.13946500000003,415.13946500000003,0.0,0.331,137.411162915,137.411162915
2025-12-20,353,137,434.5798333333334,434.5798333333334,0.0,0.3522,153.05901730000002,153.05901730000002
2025-12-20,353,138,1264.1512741666666,1264.1512741666666,0.0,0.3425,432.97181140208335,432.97181140208335
2025-12-20,353,139,427.6659108333334,427.6659108333334,0.0,0.326,139.4190869316667,139.4190869316667
2025-12-20,353,140,433.98525,433.98525,0.0,0.3172,137.6601213,137.6601213
2025-12-20,353,141,1269.7982808333334,1269.7982808333334,0.0,0.3201,406.46242969475,406.46242969475
2025-12-20,353,142,1306.746535,1306.746535,0.0,0.3649,476.8318106215,476.8318106215
2025-12-20,353,143,0.0,0.0,0.0,0.4221,0.0,0.0
2025-12-21,354,0,1371.3943533333331,1371.3943533333331,0.0,0.4264,584.7625522613332,584.7625522613332
2025-12-21,354,1,1357.482938333333,1357.482938333333,0.0,0.4293,582.7674254264999,582.7674254264999
2025-12-21,354,2,524.6324166666666,524.6324166666666,0.0,0.4388,230.2087044333333,230.2087044333333
2025-12-21,354,3,550.7058775,550.7058775,0.0,0.4138,227.8820921095,227.8820921095
2025-12-21,354,4,564.8730925000001,564.8730925000001,0.0,0.41,231.59796792500003,231.59796792500003
2025-12-21,354,5,556.3725,556.3725,0.0,0.4471,248.75414474999997,248.75414474999997
2025-12-21,354,6,0.0,0.0,0.0,0.4797,0.0,0.0
2025-12-21,354,7,547.9653966666667,547.9653966666667,0.0,0.4466,244.72134615133336,244.72134615133336
2025-12-21,354,8,1390.2043333333334,1390.2043333333334,0.0,0.3961,550.6599364333333,550.6599364333333
2025-12-21,354,9,1399.8940341666666,1399.8940341666666,0.0,0.4368,611.473714124,611.473714124
2025-12-21,354,10,572.3747791666666,572.3747791666666,0.0,0.475,271.87802010416664,271.87802010416664
2025-12-21,354,11,1406.7622686937095,1406.7622686937095,0.0,0.4651,654.2851311694443,654.2851311694443
2025-12-21,354,12,1411.5077366666667,1411.5077366666667,0.0,0.455,642.2360201833334,642.2360201833334
2025-12-21,354,13,583.9086233333334,583.9086233333334,0.0,0.4629,270.291301741,270.291301741
2025-12-21,354,14,587.9305833333333,587.9305833333333,0.0,0.4713,277.091683925,277.091683925
2025-12-21,354,15,583.9706116666667,583.9706116666667,0.0,0.4513,263.5459370451667,263.5459370451667
2025-12-21,354,16,584.0647091666667,584.0647091666667,0.0,0.4352,254.18496142933333,254.18496142933333
2025-12-21,354,17,585.6192500000001,585.6192500000001,0.0,0.4577,268.037930725,268.037930725
2025-12-21,354,18,582.7147433333333,582.7147433333333,0.0,0.5147,299.9232783936667,299.9232783936667
2025-12-21,354,19,0.0,0.0,0.0,0.5083,0.0,0.0
2025-12-21,354,20,287.4079715828998,287.4079715828998,0.0,0.4686,134.67937548374684,134.67937548374684
2025-12-21,354,21,1415.8977091666666,1415.8977091666666,0.0,0.5119,724.7980373224167,724.7980373224167
2025-12-21,354,22,1420.9706895206232,1420.9706895206232,0.0,0.5023,713.753577346209,713.753577346209
2025-12-21,354,23,612.3681666666668,612.3681666666668,0.0,0.4324,264.7879952666667,264.7879952666667
2025-12-21,354,24,610.2836133333334,610.2836133333334,0.0,0.4412,269.2571302026667,269.2571302026667
2025-12-21,354,25,616.0727133333334,616.0727133333334,0.0,0.4805,296.0229387566667,296.0229387566667
2025-12-21,354,26,637.7765833333333,637.7765833333333,0.0,0.5015,319.8449565416666,319.8449565416666
2025-12-21,354,27,644.5722000000001,644.5722000000001,0.0,0.5024,323.83307328,323.83307328
2025-12-21,354,28,629.7807908333333,629.7807908333333,0.0,0.4798,302.1688234418333,302.1688234418333
2025-12-21,354,29,0.0,0.0,0.0,0.4753,0.0,0.0
2025-12-21,354,30,0.0,0.0,0.0,0.535,0.0,0.0
2025-12-21,354,31,634.8770533333334,634.8770533333334,0.0,0.5436,345.119166192,345.119166192
2025-12-21,354,32,1173.2042481481485,1173.2042481481485,0.0,0.468,549.0595881333335,549.0595881333335
2025-12-21,354,33,1457.3690108333335,1457.3690108333335,0.0,0.4338,632.2066768995,632.2066768995
2025-12-21,354,34,670.5270750000001,670.5270750000001,0.0,0.6915,463.6694723625001,463.6694723625001
2025-12-21,354,35,734.3840833333335,734.3840833333335,0.0,1.0594,778.0064978833334,778.0064978833334
2025-12-21,354,36,0.0,0.0,0.0,1.081,0.0,0.0
2025-12-21,354,37,759.3710683333334,759.3710683333334,0.0,1.0359,786.6324896865001,786.6324896865001
2025-12-21,354,38,751.0859166666668,751.0859166666668,0.0,1.0597,795.9257458916668,795.9257458916668
2025-12-21,354,39,738.1072378817373,738.1072378817373,0.0,1.0176,751.0979252684559,751.0979252684559
2025-12-21,354,40,0.0,0.0,0.0,1.0168,0.0,0.0
2025-12-21,354,41,0.0,0.0,0.0,1.0595,0.0,0.0
2025-12-21,354,42,0.0,0.0,0.0,1.0282,0.0,0.0
2025-12-21,354,43,702.1376716666667,702.1376716666667,0.0,0.9987,701.2248926935001,701.2248926935001
2025-12-21,354,44,663.8221041666668,663.8221041666668,0.0,0.9724,645.5006140916669,645.5006140916669
2025-12-21,354,45,1437.9691208333334,1437.9691208333334,0.0,0.9109,1309.8460721670833,1309.8460721670833
2025-12-21,354,46,631.76246,631.76246,0.0,1.0903,688.810610138,688.810610138
2025-12-21,354,47,0.0,0.0,0.0,1.4063,0.0,0.0
2025-12-21,354,48,0.0,0.0,0.0,1.4458,0.0,0.0
2025-12-21,354,49,0.0,0.0,0.0,1.3908,0.0,0.0
2025-12-21,354,50,0.0,0.0,0.0,1.3742,0.0,0.0
2025-12-21,354,51,0.0,0.0,0.0,1.345,0.0,0.0
2025-12-21,354,52,0.0,0.0,0.0,1.3284,0.0,0.0
2025-12-21,354,53,0.0,0.0,0.0,1.3231,0.0,0.0
2025-12-21,354,54,0.0,0.0,0.0,1.2929,0.0,0.0
2025-12-21,354,55,0.0,0.0,0.0,1.2522,0.0,0.0
2025-12-21,354,56,0.0,0.0,0.0,1.2211,0.0,0.0
2025-12-21,354,57,0.0,0.0,0.0,1.2184,0.0,0.0
2025-12-21,354,58,0.0,0.0,0.0,1.2822,0.0,0.0
2025-12-21,354,59,0.0,0.0,0.0,1.3753,0.0,0.0
2025-12-21,354,60,0.0,0.0,0.0,1.4027,0.0,0.0
2025-12-21,354,61,0.0,0.0,0.0,1.3591,0.0,0.0
2025-12-21,354,62,0.0,0.0,0.0,1.3321,0.0,0.0
2025-12-21,354,63,0.0,0.0,0.0,1.3769,0.0,0.0
2025-12-21,354,64,0.0,0.0,0.0,1.1651,0.0,0.0
2025-12-21,354,65,915.2428958333335,915.2428958333335,0.0,0.8057,737.4112011729168,737.4112011729168
2025-12-21,354,66,861.5851283333333,861.5851283333333,0.0,0.7611,655.7524411745,655.7524411745
2025-12-21,354,67,820.2298866666666,820.2298866666666,0.0,0.7807,640.3534725206666,640.3534725206666
2025-12-21,354,68,823.5408749999999,823.5408749999999,0.0,0.7378,607.608457575,607.608457575
2025-12-21,354,69,833.0348116666667,833.0348116666667,0.0,0.7527,627.0253027415,627.0253027415
2025-12-21,354,70,817.2317166666667,817.2317166666667,0.0,0.7117,581.6238127516667,581.6238127516667
2025-12-21,354,71,782.0192499999999,782.0192499999999,0.0,0.6418,501.89995465,501.89995465
2025-12-21,354,72,754.6422716666668,754.6422716666668,0.0,0.6936,523.4198796280001,523.4198796280001
2025-12-21,354,73,759.8434425,759.8434425,0.0,0.7105,539.86876589625,539.86876589625
2025-12-21,354,74,773.3353541666668,773.3353541666668,0.0,0.6294,486.73727191250003,486.73727191250003
2025-12-21,354,75,756.0858600000001,756.0858600000001,0.0,0.5829,440.72244779400006,440.72244779400006
2025-12-21,354,76,784.0068941666666,784.0068941666666,0.0,0.7799,611.4469767605833,611.4469767605833
2025-12-21,354,77,0.0,0.0,0.0,1.0833,0.0,0.0
2025-12-21,354,78,0.0,0.0,0.0,1.1248,0.0,0.0
2025-12-21,354,79,0.0,0.0,0.0,1.0564,0.0,0.0
2025-12-21,354,80,0.0,0.0,0.0,1.0304,0.0,0.0
2025-12-21,354,81,0.0,0.0,0.0,1.0675,0.0,0.0
2025-12-21,354,82,0.0,0.0,0.0,1.1926,0.0,0.0
2025-12-21,354,83,0.0,0.0,0.0,1.3352,0.0,0.0
2025-12-21,354,84,0.0,0.0,0.0,1.3689,0.0,0.0
2025-12-21,354,85,0.0,0.0,0.0,1.3382,0.0,0.0
2025-12-21,354,86,0.0,0.0,0.0,1.3596,0.0,0.0
2025-12-21,354,87,0.0,0.0,0.0,1.4656,0.0,0.0
2025-12-21,354,88,0.0,0.0,0.0,1.2648,0.0,0.0
2025-12-21,354,89,1198.644375,1198.644375,0.0,0.8874,1063.677018375,1063.677018375
2025-12-21,354,90,1249.9481333333333,1249.9481333333333,0.0,0.882,1102.4542536,1102.4542536
2025-12-21,354,91,796.1233030017763,796.1233030017763,0.0,0.9712,773.1949518753252,773.1949518753252
2025-12-21,354,92,465.3372291666667,465.3372291666667,0.0,0.9596,446.53760510833337,446.53760510833337
2025-12-21,354,93,528.1609941666668,528.1609941666668,0.0,0.9392,496.04880572133345,496.04880572133345
2025-12-21,354,94,586.4554791666667,586.4554791666667,0.0,0.9693,568.4512959562501,568.4512959562501
2025-12-21,354,95,623.0667916666669,623.0667916666669,0.0,1.0104,629.5466863000001,629.5466863000001
2025-12-21,354,96,659.4210508333334,659.4210508333334,0.0,0.98,646.2326298166668,646.2326298166668
2025-12-21,354,97,703.5626825,703.5626825,0.0,0.9673,680.5561827822501,680.5561827822501
2025-12-21,354,98,758.9296041666669,758.9296041666669,0.0,1.0182,772.7421229625002,772.7421229625002
2025-12-21,354,99,820.0169325,820.0169325,0.0,1.0861,890.6203903882501,890.6203903882501
2025-12-21,354,100,831.8721483333335,831.8721483333335,0.0,1.1066,920.5497193456669,920.5497193456669
2025-12-21,354,101,810.9801666666667,810.9801666666667,0.0,1.0879,882.2653233166668,882.2653233166668
2025-12-21,354,102,828.7258400000001,828.7258400000001,0.0,1.0972,909.277991648,909.277991648
2025-12-21,354,103,842.9684091666667,842.9684091666667,0.0,1.1283,951.12125606275,951.12125606275
2025-12-21,354,104,840.1765833333333,840.1765833333333,0.0,1.1382,956.28898715,956.28898715
2025-12-21,354,105,847.9895491666667,847.9895491666667,0.0,1.103,935.3324727308334,935.3324727308334
2025-12-21,354,106,755.6775616666667,755.6775616666667,0.0,1.1407,862.0013945931668,862.0013945931668
2025-12-21,354,107,0.0,0.0,0.0,1.2479,0.0,0.0
2025-12-21,354,108,327.7302970484014,327.7302970484014,0.0,1.2957,424.6401458856137,424.6401458856137
2025-12-21,354,109,640.9536258333334,640.9536258333334,0.0,1.2826,822.0871204938334,822.0871204938334
2025-12-21,354,110,625.65975,625.65975,0.0,1.238,774.5667705000001,774.5667705000001
2025-12-21,354,111,618.1363766666667,618.1363766666667,0.0,1.2107,748.3777112303335,748.3777112303335
2025-12-21,354,112,0.0,0.0,0.0,1.3293,0.0,0.0
2025-12-21,354,113,0.0,0.0,0.0,1.5214,0.0,0.0
2025-12-21,354,114,0.0,0.0,0.0,1.5659,0.0,0.0
2025-12-21,354,115,0.0,0.0,0.0,1.5266,0.0,0.0
2025-12-21,354,116,0.0,0.0,0.0,1.4847,0.0,0.0
2025-12-21,354,117,0.0,0.0,0.0,1.4671,0.0,0.0
2025-12-21,354,118,0.0,0.0,0.0,1.5039,0.0,0.0
2025-12-21,354,119,0.0,0.0,0.0,1.5483,0.0,0.0
2025-12-21,354,120,0.0,0.0,0.0,1.5137,0.0,0.0
2025-12-21,354,121,0.0,0.0,0.0,1.4654,0.0,0.0
2025-12-21,354,122,0.0,0.0,0.0,1.488,0.0,0.0
2025-12-21,354,123,0.0,0.0,0.0,1.5616,0.0,0.0
2025-12-21,354,124,0.0,0.0,0.0,1.3465,0.0,0.0
2025-12-21,354,125,636.1458333333334,636.1458333333334,0.0,0.9601,610.7636145833334,610.7636145833334
2025-12-21,354,126,637.9250858333335,637.9250858333335,0.0,0.8829,563.2240582822501,563.2240582822501
2025-12-21,354,127,633.8328166666665,633.8328166666665,0.0,0.9151,580.0204105316666,580.0204105316666
2025-12-21,354,128,635.932,635.932,0.0,0.9345,594.278454,594.278454
2025-12-21,354,129,655.5102825000001,655.5102825000001,0.0,0.9815,643.3833422737501,643.3833422737501
2025-12-21,354,130,605.6150508333334,605.6150508333334,0.0,0.7546,456.9971173588334,456.9971173588334
2025-12-21,354,131,513.8922500000001,513.8922500000001,0.0,0.4001,205.60828922500005,205.60828922500005
2025-12-21,354,132,1067.1315987962964,1067.1315987962964,0.0,0.4032,430.26746063466675,430.26746063466675
2025-12-21,354,133,0.0,0.0,0.0,0.4747,0.0,0.0
2025-12-21,354,134,1337.1244166666665,1337.1244166666665,0.0,0.4323,578.038885325,578.038885325
2025-12-21,354,135,1332.1976475,1332.1976475,0.0,0.3905,520.22318134875,520.22318134875
2025-12-21,354,136,566.8184187694064,566.8184187694064,0.0,0.4205,238.34714509253538,238.34714509253538
2025-12-21,354,137,520.3228333333333,520.3228333333333,0.0,0.4738,246.52895843333332,246.52895843333332
2025-12-21,354,138,1353.5241,1353.5241,0.0,0.4471,605.1606251100001,605.1606251100001
2025-12-21,354,139,1352.4536791666665,1352.4536791666665,0.0,0.4314,583.4485171924999,583.4485171924999
2025-12-21,354,140,517.4617499999999,517.4617499999999,0.0,0.4502,232.96127984999995,232.96127984999995
2025-12-21,354,141,1339.1242716666666,1339.1242716666666,0.0,0.4334,580.3764593403333,580.3764593403333
2025-12-21,354,142,1368.5470316666665,1368.5470316666665,0.0,0.406,555.6300948566667,555.6300948566667
2025-12-21,354,143,588.2626666666666,588.2626666666666,0.0,0.4032,237.1875072,237.1875072
2025-12-22,355,0,1418.5968724999998,1418.5968724999998,0.0,0.4307,610.98967298575,610.98967298575
2025-12-22,355,1,1415.5060600000002,1415.5060600000002,0.0,0.4384,620.5578567040001,620.5578567040001
2025-12-22,355,2,1428.62725,1428.62725,0.0,0.4257,608.166620325,608.166620325
2025-12-22,355,3,587.7265241666666,587.7265241666666,0.0,0.4346,255.42594740283332,255.42594740283332
2025-12-22,355,4,589.1156766666668,589.1156766666668,0.0,0.4258,250.84545512466673,250.84545512466673
2025-12-22,355,5,606.9079166666668,606.9079166666668,0.0,0.4197,254.71925262500005,254.71925262500005
2025-12-22,355,6,1447.1549283333334,1447.1549283333334,0.0,0.4809,695.9368050355,695.9368050355
2025-12-22,355,7,618.4750075000001,618.4750075000001,0.0,0.5333,329.83272149975005,329.83272149975005
2025-12-22,355,8,891.6848230286664,891.6848230286664,0.0,0.5332,475.44634763888496,475.44634763888496
2025-12-22,355,9,612.9577175000001,612.9577175000001,0.0,0.5091,312.05677397925,312.05677397925
2025-12-22,355,10,615.985785,615.985785,0.0,0.5021,309.2864626485,309.2864626485
2025-12-22,355,11,632.964,632.964,0.0,0.4996,316.22881440000003,316.22881440000003
2025-12-22,355,12,1484.6659808333332,1484.6659808333332,0.0,0.4644,689.4788814989998,689.4788814989998
2025-12-22,355,13,1474.3958183333334,1474.3958183333334,0.0,0.4786,705.6458386543334,705.6458386543334
2025-12-22,355,14,0.0,0.0,0.0,0.5312,0.0,0.0
2025-12-22,355,15,0.0,0.0,0.0,0.5176,0.0,0.0
2025-12-22,355,16,645.9139583333333,645.9139583333333,0.0,0.4541,293.30952847916666,293.30952847916666
2025-12-22,355,17,638.69325,638.69325,0.0,0.408,260.586846,260.586846
2025-12-22,355,18,667.5514325,667.5514325,0.0,0.4367,291.51971057275,291.51971057275
2025-12-22,355,19,663.6766700000001,663.6766700000001,0.0,0.4809,319.16211060300003,319.16211060300003
2025-12-22,355,20,642.3805,642.3805,0.0,0.5029,323.05315345,323.05315345
2025-12-22,355,21,688.7397908333334,688.7397908333334,0.0,0.5131,353.3923866765833,353.3923866765833
2025-12-22,355,22,700.3631425000001,700.3631425000001,0.0,0.51,357.185202675,357.185202675
2025-12-22,355,23,1499.4856666666665,1499.4856666666665,0.0,0.5083,762.1885643666666,762.1885643666666
2025-12-22,355,24,670.7017008333333,670.7017008333333,0.0,0.5269,353.39272616908335,353.39272616908335
2025-12-22,355,25,669.6228725000001,669.6228725000001,0.0,0.5278,353.42695210550005,353.42695210550005
2025-12-22,355,26,1491.4942499999997,1491.4942499999997,0.0,0.5048,752.9062973999999,752.9062973999999
2025-12-22,355,27,682.0577733333334,682.0577733333334,0.0,0.4925,335.9134533666667,335.9134533666667
2025-12-22,355,28,687.3589325000002,687.3589325000002,0.0,0.5013,344.57303286225005,344.57303286225005
2025-12-22,355,29,673.5853333333334,673.5853333333334,0.0,0.5078,342.04663226666673,342.04663226666673
2025-12-22,355,30,691.6696691666667,691.6696691666667,0.0,0.4853,335.66729044658337,335.66729044658337
2025-12-22,355,31,703.8168741666667,703.8168741666667,0.0,0.4957,348.8820245244167,348.8820245244167
2025-12-22,355,32,683.5500833333334,683.5500833333334,0.0,0.5027,343.62062689166675,343.62062689166675
2025-12-22,355,33,664.3520450000001,664.3520450000001,0.0,0.4529,300.8850411805001,300.8850411805001
2025-12-22,355,34,760.1624350000001,760.1624350000001,0.0,0.6836,519.647040566,519.647040566
2025-12-22,355,35,901.7695833333335,901.7695833333335,0.0,1.0671,962.2783223750001,962.2783223750001
2025-12-22,355,36,151.94114333333334,151.94114333333334,0.0,1.0979,166.8161812656667,166.8161812656667
2025-12-22,355,37,893.8372258333334,893.8372258333334,0.0,1.0081,901.0773073625834,901.0773073625834
2025-12-22,355,38,918.8697500000001,918.8697500000001,0.0,1.0026,921.25881135,921.25881135
2025-12-22,355,39,891.0304375000001,891.0304375000001,0.0,1.0502,935.7601654625001,935.7601654625001
2025-12-22,355,40,869.4997583333334,869.4997583333334,0.0,1.0527,915.3223955975,915.3223955975
2025-12-22,355,41,883.5033125000001,883.5033125000001,0.0,1.0166,898.1694674875,898.1694674875
2025-12-22,355,42,865.6314725,865.6314725,0.0,1.0301,891.68697982225,891.68697982225
2025-12-22,355,43,822.3407816666668,822.3407816666668,0.0,1.0337,850.0536660088335,850.0536660088335
2025-12-22,355,44,754.6157083333335,754.6157083333335,0.0,0.9831,741.8627028625001,741.8627028625001
2025-12-22,355,45,1518.4446858333333,1518.4446858333333,0.0,0.9346,1419.1384033798333,1419.1384033798333
2025-12-22,355,46,772.4587116666668,772.4587116666668,0.0,1.1155,861.6776928641667,861.6776928641667
2025-12-22,355,47,93.86368750000031,93.86368750000031,0.0,1.4025,131.64382171875044,131.64382171875044
2025-12-22,355,48,52.838970833333406,52.838970833333406,0.0,1.4258,75.33780461416677,75.33780461416677
2025-12-22,355,49,0.0,0.0,0.0,1.388,0.0,0.0
2025-12-22,355,50,0.0,0.0,0.0,1.402,0.0,0.0
2025-12-22,355,51,0.0,0.0,0.0,1.3739,0.0,0.0
2025-12-22,355,52,0.0,0.0,0.0,1.3342,0.0,0.0
2025-12-22,355,53,0.0,0.0,0.0,1.3023,0.0,0.0
2025-12-22,355,54,0.0,0.0,0.0,1.2619,0.0,0.0
2025-12-22,355,55,0.0,0.0,0.0,1.236,0.0,0.0
2025-12-22,355,56,0.0,0.0,0.0,1.2265,0.0,0.0
2025-12-22,355,57,355.325437881733,355.325437881733,0.0,1.2238,434.84727087966485,434.84727087966485
2025-12-22,355,58,0.0,0.0,0.0,1.2896,0.0,0.0
2025-12-22,355,59,0.0,0.0,0.0,1.3748,0.0,0.0
2025-12-22,355,60,0.0,0.0,0.0,1.3568,0.0,0.0
2025-12-22,355,61,0.0,0.0,0.0,1.3286,0.0,0.0
2025-12-22,355,62,0.0,0.0,0.0,1.3573,0.0,0.0
2025-12-22,355,63,0.0,0.0,0.0,1.3734,0.0,0.0
2025-12-22,355,64,261.7571200000002,261.7571200000002,0.0,1.1066,289.6604289920002,289.6604289920002
2025-12-22,355,65,1084.3835416666668,1084.3835416666668,0.0,0.7213,782.1658486041669,782.1658486041669
2025-12-22,355,66,1102.529425,1102.529425,0.0,0.6815,751.3738031375,751.3738031375
2025-12-22,355,67,1091.3071750000001,1091.3071750000001,0.0,0.7274,793.8168390950002,793.8168390950002
2025-12-22,355,68,1053.5296875000001,1053.5296875000001,0.0,0.7057,743.4759004687501,743.4759004687501
2025-12-22,355,69,1015.6838533333333,1015.6838533333333,0.0,0.7139,725.0967028946667,725.0967028946667
2025-12-22,355,70,973.8465441666667,973.8465441666667,0.0,0.6882,670.2011916955,670.2011916955
2025-12-22,355,71,935.9403125,935.9403125,0.0,0.6429,601.71602690625,601.71602690625
2025-12-22,355,72,927.8718058333334,927.8718058333334,0.0,0.6752,626.4990432986667,626.4990432986667
2025-12-22,355,73,927.6725833333333,927.6725833333333,0.0,0.7284,675.7167097,675.7167097
2025-12-22,355,74,922.6996250000002,922.6996250000002,0.0,0.73,673.5707262500001,673.5707262500001
2025-12-22,355,75,928.6594125000003,928.6594125000003,0.0,0.6851,636.2245635037502,636.2245635037502
2025-12-22,355,76,966.3345241666666,966.3345241666666,0.0,0.8026,775.5800890961666,775.5800890961666
2025-12-22,355,77,180.44066666666663,180.44066666666663,0.0,1.0278,185.45691719999996,185.45691719999996
2025-12-22,355,78,205.77180166666676,205.77180166666676,0.0,1.0847,223.20067326783342,223.20067326783342
2025-12-22,355,79,204.8340733333332,204.8340733333332,0.0,1.0655,218.2507051366665,218.2507051366665
2025-12-22,355,80,208.8238541666667,208.8238541666667,0.0,1.053,219.89151843750003,219.89151843750003
2025-12-22,355,81,236.50672250000014,236.50672250000014,0.0,1.0512,248.6158666920001,248.6158666920001
2025-12-22,355,82,0.0,0.0,0.0,1.1597,0.0,0.0
2025-12-22,355,83,0.0,0.0,0.0,1.3296,0.0,0.0
2025-12-22,355,84,0.0,0.0,0.0,1.3987,0.0,0.0
2025-12-22,355,85,0.0,0.0,0.0,1.4394,0.0,0.0
2025-12-22,355,86,0.0,0.0,0.0,1.5053,0.0,0.0
2025-12-22,355,87,0.0,0.0,0.0,1.5251,0.0,0.0
2025-12-22,355,88,0.0,0.0,0.0,1.2648,0.0,0.0
2025-12-22,355,89,1371.3505,1371.3505,0.0,0.8954,1227.9072377,1227.9072377
2025-12-22,355,90,1405.8148700000002,1405.8148700000002,0.0,0.8647,1215.608118089,1215.608118089
2025-12-22,355,91,1453.4049591666667,1453.4049591666667,0.0,0.9535,1385.8216285654166,1385.8216285654166
2025-12-22,355,92,674.1092916666668,674.1092916666668,0.0,0.9871,665.4132818041668,665.4132818041668
2025-12-22,355,93,690.2299125000001,690.2299125000001,0.0,1.001,690.9201424125,690.9201424125
2025-12-22,355,94,1101.8960057795573,1101.8960057795573,0.0,1.0096,1112.474207435041,1112.474207435041
2025-12-22,355,95,784.0271041666668,784.0271041666668,0.0,1.0103,792.1025833395835,792.1025833395835
2025-12-22,355,96,808.1869200000002,808.1869200000002,0.0,0.9988,807.2170956960002,807.2170956960002
2025-12-22,355,97,844.9540025000001,844.9540025000001,0.0,0.9976,842.9261128940002,842.9261128940002
2025-12-22,355,98,908.0908958333333,908.0908958333333,0.0,1.033,938.0578953958333,938.0578953958333
2025-12-22,355,99,963.5228491666667,963.5228491666667,0.0,1.1028,1062.572998061,1062.572998061
2025-12-22,355,100,1000.3859474999999,1000.3859474999999,0.0,1.1122,1112.6292508095,1112.6292508095
2025-12-22,355,101,1018.3267708333334,1018.3267708333334,0.0,1.0909,1110.8926743020834,1110.8926743020834
2025-12-22,355,102,1022.9800216666669,1022.9800216666669,0.0,1.155,1181.5419250250002,1181.5419250250002
2025-12-22,355,103,1027.6680725,1027.6680725,0.0,1.1802,1212.8538591645001,1212.8538591645001
2025-12-22,355,104,1045.3106666666667,1045.3106666666667,0.0,1.132,1183.2916746666667,1183.2916746666667
2025-12-22,355,105,1064.6985125,1064.6985125,0.0,1.1115,1183.41239664375,1183.41239664375
2025-12-22,355,106,916.9003608333335,916.9003608333335,0.0,1.1542,1058.2863964738333,1058.2863964738333
2025-12-22,355,107,697.4951666666668,697.4951666666668,0.0,1.2311,858.6862996833336,858.6862996833336
2025-12-22,355,108,694.2918116666667,694.2918116666667,0.0,1.2786,887.7215103970001,887.7215103970001
2025-12-22,355,109,733.1800216666668,733.1800216666668,0.0,1.282,939.9367877766668,939.9367877766668
2025-12-22,355,110,712.7579166666667,712.7579166666667,0.0,1.2627,899.999421375,899.999421375
2025-12-22,355,111,714.8445558333334,714.8445558333334,0.0,1.2699,907.7811014527501,907.7811014527501
2025-12-22,355,112,0.0,0.0,0.0,1.3664,0.0,0.0
2025-12-22,355,113,0.0,0.0,0.0,1.4941,0.0,0.0
2025-12-22,355,114,0.0,0.0,0.0,1.5226,0.0,0.0
2025-12-22,355,115,0.0,0.0,0.0,1.5246,0.0,0.0
2025-12-22,355,116,0.0,0.0,0.0,1.5553,0.0,0.0
2025-12-22,355,117,0.0,0.0,0.0,1.5876,0.0,0.0
2025-12-22,355,118,0.0,0.0,0.0,1.5482,0.0,0.0
2025-12-22,355,119,0.0,0.0,0.0,1.4974,0.0,0.0
2025-12-22,355,120,0.0,0.0,0.0,1.5581,0.0,0.0
2025-12-22,355,121,0.0,0.0,0.0,1.5364,0.0,0.0
2025-12-22,355,122,0.0,0.0,0.0,1.4711,0.0,0.0
2025-12-22,355,123,0.0,0.0,0.0,1.5491,0.0,0.0
2025-12-22,355,124,339.7627787150683,339.7627787150683,0.0,1.3281,451.23894641148223,451.23894641148223
2025-12-22,355,125,710.289,710.289,0.0,0.9179,651.9742731,651.9742731
2025-12-22,355,126,1536.5068340740743,1536.5068340740743,0.0,0.9066,1392.9970957715557,1392.9970957715557
2025-12-22,355,127,706.5336,706.5336,0.0,0.9646,681.5223105599999,681.5223105599999
2025-12-22,355,128,716.08375,716.08375,0.0,0.9438,675.83984325,675.83984325
2025-12-22,355,129,0.0,0.0,0.0,0.9933,0.0,0.0
2025-12-22,355,130,677.5774725,677.5774725,0.0,0.7975,540.36803431875,540.36803431875
2025-12-22,355,131,1265.7049194323674,1265.7049194323674,0.0,0.4493,568.6812203009627,568.6812203009627
2025-12-22,355,132,1367.330295,1367.330295,0.0,0.3971,542.9668601445,542.9668601445
2025-12-22,355,133,1386.07568,1386.07568,0.0,0.4076,564.964447168,564.964447168
2025-12-22,355,134,1385.4185833333333,1385.4185833333333,0.0,0.3709,513.8517525583334,513.8517525583334
2025-12-22,355,135,1383.8729541666667,1383.8729541666667,0.0,0.4177,578.0437329554167,578.0437329554167
2025-12-22,355,136,1393.88906,1393.88906,0.0,0.4477,624.044132162,624.044132162
2025-12-22,355,137,576.2265833333333,576.2265833333333,0.0,0.4213,242.76425955833335,242.76425955833335
2025-12-22,355,138,580.2963241666666,580.2963241666666,0.0,0.4086,237.1090780545,237.1090780545
2025-12-22,355,139,573.4594176983771,573.4594176983771,0.0,0.4268,244.75247947366736,244.75247947366736
2025-12-22,355,140,572.6960833333334,572.6960833333334,0.0,0.4507,258.11412475833333,258.11412475833333
2025-12-22,355,141,0.024877141462525287,0.024877141462525287,0.0,0.4436,0.011035499952776218,0.011035499952776218
2025-12-22,355,142,586.3092958333334,586.3092958333334,0.0,0.4347,254.86865089875002,254.86865089875002
2025-12-22,355,143,1400.9260416666666,1400.9260416666666,0.0,0.4409,617.6682917708333,617.6682917708333
2025-12-23,356,0,1425.3250291666668,1425.3250291666668,0.0,0.4493,640.3985356045833,640.3985356045833
2025-12-23,356,1,1439.1704508333332,1439.1704508333332,0.0,0.4425,636.8329244937499,636.8329244937499
2025-12-23,356,2,0.0,0.0,0.0,0.4229,0.0,0.0
2025-12-23,356,3,602.4366808333334,602.4366808333334,0.0,0.4112,247.7219631586667,247.7219631586667
2025-12-23,356,4,1369.6453815471828,1369.6453815471828,0.0,0.4191,574.0183794064243,574.0183794064243
2025-12-23,356,5,612.4576666666667,612.4576666666667,0.0,0.4372,267.7664918666667,267.7664918666667
2025-12-23,356,6,608.9578766666666,608.9578766666666,0.0,0.4429,269.7074435756667,269.7074435756667
2025-12-23,356,7,1451.4756958333332,1451.4756958333332,0.0,0.4374,634.8754693574999,634.8754693574999
2025-12-23,356,8,1465.3711666666666,1465.3711666666666,0.0,0.4371,640.51373695,640.51373695
2025-12-23,356,9,1461.3525766666667,1461.3525766666667,0.0,0.4575,668.568803825,668.568803825
2025-12-23,356,10,1463.6851641666667,1463.6851641666667,0.0,0.4758,696.4214011105,696.4214011105
2025-12-23,356,11,0.0,0.0,0.0,0.4811,0.0,0.0
2025-12-23,356,12,0.041303787544393344,0.041303787544393344,0.0,0.4881,0.02016037870041839,0.02016037870041839
2025-12-23,356,13,640.3139466666667,640.3139466666667,0.0,0.5213,333.79566039733334,333.79566039733334
2025-12-23,356,14,651.5264999999999,651.5264999999999,0.0,0.5409,352.41068385,352.41068385
2025-12-23,356,15,650.2113750000001,650.2113750000001,0.0,0.4839,314.63728436250005,314.63728436250005
2025-12-23,356,16,641.5547341666667,641.5547341666667,0.0,0.4566,292.9338916205,292.9338916205
2025-12-23,356,17,639.40475,639.40475,0.0,0.494,315.8659465,315.8659465
2025-12-23,356,18,653.1572158333335,653.1572158333335,0.0,0.5242,342.3850125398334,342.3850125398334
2025-12-23,356,19,1260.9886455623455,1260.9886455623455,0.0,0.5063,638.4385512482155,638.4385512482155
2025-12-23,356,20,678.57225,678.57225,0.0,0.475,322.32181875000003,322.32181875000003
2025-12-23,356,21,664.6976566666667,664.6976566666667,0.0,0.5023,333.8776329436667,333.8776329436667
2025-12-23,356,22,1494.1397033333333,1494.1397033333333,0.0,0.5431,811.4672728803333,811.4672728803333
2025-12-23,356,23,669.3766666666668,669.3766666666668,0.0,0.5273,352.9623163333334,352.9623163333334
2025-12-23,356,24,677.2546433333333,677.2546433333333,0.0,0.4366,295.6893772793333,295.6893772793333
2025-12-23,356,25,673.9730616666667,673.9730616666667,0.0,0.4271,287.8538946378333,287.8538946378333
2025-12-23,356,26,674.27175,674.27175,0.0,0.5116,344.95742730000006,344.95742730000006
2025-12-23,356,27,696.2278691666668,696.2278691666668,0.0,0.5477,381.3240039425834,381.3240039425834
2025-12-23,356,28,694.1931416666667,694.1931416666667,0.0,0.5225,362.71591652083333,362.71591652083333
2025-12-23,356,29,675.6190000000001,675.6190000000001,0.0,0.4864,328.6210816000001,328.6210816000001
2025-12-23,356,30,692.4083308333333,692.4083308333333,0.0,0.4966,343.8499770918333,343.8499770918333
2025-12-23,356,31,712.4060108333334,712.4060108333334,0.0,0.521,371.1635316441667,371.1635316441667
2025-12-23,356,32,0.0,0.0,0.0,0.4956,0.0,0.0
2025-12-23,356,33,1422.1341147663093,1422.1341147663093,0.0,0.4309,612.7975900528027,612.7975900528027
2025-12-23,356,34,739.9175258333335,739.9175258333335,0.0,0.6505,481.3163505545834,481.3163505545834
2025-12-23,356,35,902.8255833333334,902.8255833333334,0.0,1.0242,924.6739624500001,924.6739624500001
2025-12-23,356,36,69.8954058333335,69.8954058333335,0.0,1.0691,74.72517837641684,74.72517837641684
2025-12-23,356,37,881.6964925,881.6964925,0.0,1.0133,893.4230558502501,893.4230558502501
2025-12-23,356,38,228.70408333333228,228.70408333333228,0.0,1.024,234.19298133333226,234.19298133333226
2025-12-23,356,39,874.8783866666666,874.8783866666666,0.0,1.0388,908.8236680693333,908.8236680693333
2025-12-23,356,40,864.6122075000002,864.6122075000002,0.0,1.0511,908.7938913032501,908.7938913032501
2025-12-23,356,41,882.9215833333334,882.9215833333334,0.0,1.042,920.0042898333335,920.0042898333335
2025-12-23,356,42,863.5872158333335,863.5872158333335,0.0,0.9908,855.6422134476669,855.6422134476669
2025-12-23,356,43,824.856175,824.856175,0.0,0.9793,807.7816521775,807.7816521775
2025-12-23,356,44,1602.1465416666667,1602.1465416666667,0.0,0.9674,1549.9165644083334,1549.9165644083334
2025-12-23,356,45,1540.9676433333334,1540.9676433333334,0.0,0.8817,1358.6711711270002,1358.6711711270002
2025-12-23,356,46,788.4138766666669,788.4138766666669,0.0,1.0807,852.0388765136669,852.0388765136669
2025-12-23,356,47,103.16183333333362,103.16183333333362,0.0,1.4399,148.54272381666706,148.54272381666706
2025-12-23,356,48,81.01653166666705,81.01653166666705,0.0,1.4433,116.93116015450056,116.93116015450056
2025-12-23,356,49,1.2624341666667078,1.2624341666667078,0.0,1.3622,1.7196878218333895,1.7196878218333895
2025-12-23,356,50,0.0,0.0,0.0,1.3597,0.0,0.0
2025-12-23,356,51,0.0,0.0,0.0,1.322,0.0,0.0
2025-12-23,356,52,0.0,0.0,0.0,1.2758,0.0,0.0
2025-12-23,356,53,0.0,0.0,0.0,1.2483,0.0,0.0
2025-12-23,356,54,0.0,0.0,0.0,1.2325,0.0,0.0
2025-12-23,356,55,0.0,0.0,0.0,1.2327,0.0,0.0
2025-12-23,356,56,0.0,0.0,0.0,1.2081,0.0,0.0
2025-12-23,356,57,436.5909678817342,436.5909678817342,0.0,1.1313,493.91536196460584,493.91536196460584
2025-12-23,356,58,0.0,0.0,0.0,1.2114,0.0,0.0
2025-12-23,356,59,0.0,0.0,0.0,1.3983,0.0,0.0
2025-12-23,356,60,0.0,0.0,0.0,1.418,0.0,0.0
2025-12-23,356,61,0.0,0.0,0.0,1.3696,0.0,0.0
2025-12-23,356,62,0.0,0.0,0.0,1.3833,0.0,0.0
2025-12-23,356,63,0.0,0.0,0.0,1.4373,0.0,0.0
2025-12-23,356,64,241.21095750000018,241.21095750000018,0.0,1.1905,287.1616449037502,287.1616449037502
2025-12-23,356,65,1066.7419375000002,1066.7419375000002,0.0,0.7833,835.5789596437502,835.5789596437502
2025-12-23,356,66,1039.20969,1039.20969,0.0,0.726,754.4662349399999,754.4662349399999
2025-12-23,356,67,1028.696565,1028.696565,0.0,0.7786,800.9431455089999,800.9431455089999
2025-12-23,356,68,1045.749875,1045.749875,0.0,0.756,790.5869055,790.5869055
2025-12-23,356,69,1030.2990683333335,1030.2990683333335,0.0,0.7159,737.5911030198334,737.5911030198334
2025-12-23,356,70,983.5604833333334,983.5604833333334,0.0,0.6877,676.3945443883334,676.3945443883334
2025-12-23,356,71,931.0235,931.0235,0.0,0.6731,626.67191785,626.67191785
2025-12-23,356,72,912.7544808333334,912.7544808333334,0.0,0.6635,605.6125980329167,605.6125980329167
2025-12-23,356,73,924.4504633333331,924.4504633333331,0.0,0.6802,628.8112051593332,628.8112051593332
2025-12-23,356,74,943.6773541666666,943.6773541666666,0.0,0.6873,648.58944551875,648.58944551875
2025-12-23,356,75,950.7424808333334,950.7424808333334,0.0,0.6528,620.644691488,620.644691488
2025-12-23,356,76,955.9602525,955.9602525,0.0,0.8045,769.07002313625,769.07002313625
2025-12-23,356,77,143.78847916666678,143.78847916666678,0.0,1.0651,153.14910916041677,153.14910916041677
2025-12-23,356,78,0.0,0.0,0.0,1.1076,0.0,0.0
2025-12-23,356,79,0.0,0.0,0.0,1.0776,0.0,0.0
2025-12-23,356,80,214.17202083333336,214.17202083333336,0.0,1.0669,228.50012902708335,228.50012902708335
2025-12-23,356,81,0.0,0.0,0.0,1.0466,0.0,0.0
2025-12-23,356,82,0.0,0.0,0.0,1.2006,0.0,0.0
2025-12-23,356,83,0.0,0.0,0.0,1.4215,0.0,0.0
2025-12-23,356,84,0.0,0.0,0.0,1.39,0.0,0.0
2025-12-23,356,85,0.0,0.0,0.0,1.3128,0.0,0.0
2025-12-23,356,86,0.0,0.0,0.0,1.3696,0.0,0.0
2025-12-23,356,87,0.0,0.0,0.0,1.4882,0.0,0.0
2025-12-23,356,88,0.0,0.0,0.0,1.264,0.0,0.0
2025-12-23,356,89,1325.419875,1325.419875,0.0,0.8549,1133.1014511375001,1133.1014511375001
2025-12-23,356,90,1367.20944,1367.20944,0.0,0.8378,1145.448068832,1145.448068832
2025-12-23,356,91,935.493020224003,935.493020224003,0.0,0.9055,847.0889298128346,847.0889298128346
2025-12-23,356,92,1485.8145,1485.8145,0.0,0.8817,1310.04264465,1310.04264465
2025-12-23,356,93,1518.8446633333333,1518.8446633333333,0.0,0.9079,1378.9590698403333,1378.9590698403333
2025-12-23,356,94,718.4695708333334,718.4695708333334,0.0,0.9611,690.5211045279167,690.5211045279167
2025-12-23,356,95,767.3218958333333,767.3218958333333,0.0,0.9999,767.24516364375,767.24516364375
2025-12-23,356,96,819.0124716666667,819.0124716666667,0.0,1.0182,833.918498651,833.918498651
2025-12-23,356,97,856.5947225000001,856.5947225000001,0.0,1.0419,892.4860413727502,892.4860413727502
2025-12-23,356,98,891.7947291666669,891.7947291666669,0.0,1.0653,950.0289249812502,950.0289249812502
2025-12-23,356,99,951.01961,951.01961,0.0,1.0654,1013.2162924939998,1013.2162924939998
2025-12-23,356,100,993.605945,993.605945,0.0,1.1026,1095.549914957,1095.549914957
2025-12-23,356,101,1014.501875,1014.501875,0.0,1.148,1164.6481525,1164.6481525
2025-12-23,356,102,1040.5687075,1040.5687075,0.0,1.1119,1157.0083458692502,1157.0083458692502
2025-12-23,356,103,1045.854985,1045.854985,0.0,1.0981,1148.4533590285,1148.4533590285
2025-12-23,356,104,1040.0655000000002,1040.0655000000002,0.0,1.116,1160.7130980000002,1160.7130980000002
2025-12-23,356,105,1055.8464458333333,1055.8464458333333,0.0,1.0861,1146.7548248195833,1146.7548248195833
2025-12-23,356,106,922.5715766666667,922.5715766666667,0.0,1.1435,1054.9605979183334,1054.9605979183334
2025-12-23,356,107,336.79196288173523,336.79196288173523,0.0,1.2652,426.10919143797145,426.10919143797145
2025-12-23,356,108,716.0998883333334,716.0998883333334,0.0,1.281,917.3239569550001,917.3239569550001
2025-12-23,356,109,745.7196308333336,745.7196308333336,0.0,1.2763,951.7619648325837,951.7619648325837
2025-12-23,356,110,716.2846666666667,716.2846666666667,0.0,1.2905,924.3653623333333,924.3653623333333
2025-12-23,356,111,716.8593283333332,716.8593283333332,0.0,1.2872,922.7413274306665,922.7413274306665
2025-12-23,356,112,0.0,0.0,0.0,1.3718,0.0,0.0
2025-12-23,356,113,0.0,0.0,0.0,1.5044,0.0,0.0
2025-12-23,356,114,0.0,0.0,0.0,1.5217,0.0,0.0
2025-12-23,356,115,0.0,0.0,0.0,1.4905,0.0,0.0
2025-12-23,356,116,0.0,0.0,0.0,1.4958,0.0,0.0
2025-12-23,356,117,0.0,0.0,0.0,1.5447,0.0,0.0
2025-12-23,356,118,0.0,0.0,0.0,1.5074,0.0,0.0
2025-12-23,356,119,0.0,0.0,0.0,1.4379,0.0,0.0
2025-12-23,356,120,0.0,0.0,0.0,1.5114,0.0,0.0
2025-12-23,356,121,0.0,0.0,0.0,1.5329,0.0,0.0
2025-12-23,356,122,0.0,0.0,0.0,1.5054,0.0,0.0
2025-12-23,356,123,0.0,0.0,0.0,1.5836,0.0,0.0
2025-12-23,356,124,730.9492458333333,730.9492458333333,0.0,1.3858,1012.9494648758332,1012.9494648758332
2025-12-23,356,125,738.7644166666666,738.7644166666666,0.0,0.9936,734.0363244,734.0363244
2025-12-23,356,126,1572.3575708333333,1572.3575708333333,0.0,0.9085,1428.4868531020832,1428.4868531020832
2025-12-23,356,127,732.0902683333334,732.0902683333334,0.0,0.9198,673.376628813,673.376628813
2025-12-23,356,128,732.4951666666667,732.4951666666667,0.0,0.9313,682.1727487166667,682.1727487166667
2025-12-23,356,129,4.080775000000244,4.080775000000244,0.0,1.0204,4.164022810000249,4.164022810000249
2025-12-23,356,130,679.4364691666667,679.4364691666667,0.0,0.7911,537.5021907577501,537.5021907577501
2025-12-23,356,131,1388.3141666666666,1388.3141666666666,0.0,0.4,555.3256666666666,555.3256666666666
2025-12-23,356,132,1383.9298891666667,1383.9298891666667,0.0,0.4313,596.8889611975834,596.8889611975834
2025-12-23,356,133,555.9614825,555.9614825,0.0,0.5018,278.9814719185,278.9814719185
2025-12-23,356,134,1365.0328333333332,1365.0328333333332,0.0,0.419,571.9487571666666,571.9487571666666
2025-12-23,356,135,1382.8270283333331,1382.8270283333331,0.0,0.3848,532.1118405026666,532.1118405026666
2025-12-23,356,136,1391.8527533333333,1391.8527533333333,0.0,0.4212,586.2483797040001,586.2483797040001
2025-12-23,356,137,1384.1108333333332,1384.1108333333332,0.0,0.4573,632.9538840833333,632.9538840833333
2025-12-23,356,138,571.2991691666667,571.2991691666667,0.0,0.4198,239.8313912161667,239.8313912161667
2025-12-23,356,139,577.5400383333334,577.5400383333334,0.0,0.3944,227.7817911186667,227.7817911186667
2025-12-23,356,140,629.5145896027402,629.5145896027402,0.0,0.4139,260.55608863657415,260.55608863657415
2025-12-23,356,141,588.8669558333333,588.8669558333333,0.0,0.43,253.21279100833334,253.21279100833334
2025-12-23,356,142,598.5929600000001,598.5929600000001,0.0,0.4436,265.53583705600005,265.53583705600005
2025-12-23,356,143,579.225625,579.225625,0.0,0.4566,264.474420375,264.474420375
2025-12-24,357,0,1418.8632618253482,1418.8632618253482,0.0,0.4636,657.7850081822314,657.7850081822314
2025-12-24,357,1,1425.0748724999999,1425.0748724999999,0.0,0.4744,676.0555195139999,676.0555195139999
2025-12-24,357,2,1431.3749166666666,1431.3749166666666,0.0,0.4647,665.159923775,665.159923775
2025-12-24,357,3,601.1057066666666,601.1057066666666,0.0,0.4063,244.22924861866665,244.22924861866665
2025-12-24,357,4,592.2293391666667,592.2293391666667,0.0,0.4011,237.54318793975003,237.54318793975003
2025-12-24,357,5,590.0076666666668,590.0076666666668,0.0,0.4441,262.0224047666667,262.0224047666667
2025-12-24,357,6,0.0,0.0,0.0,0.4343,0.0,0.0
2025-12-24,357,7,624.2157241666667,624.2157241666667,0.0,0.4461,278.46263455075,278.46263455075
2025-12-24,357,8,1442.7060833333333,1442.7060833333333,0.0,0.4662,672.58957605,672.58957605
2025-12-24,357,9,614.9134991666667,614.9134991666667,0.0,0.404,248.4250536633334,248.4250536633334
2025-12-24,357,10,624.2141135829843,624.2141135829843,0.0,0.384,239.69821961586598,239.69821961586598
2025-12-24,357,11,1478.4215833333333,1478.4215833333333,0.0,0.4488,663.5156066,663.5156066
2025-12-24,357,12,1482.1918875000001,1482.1918875000001,0.0,0.5113,757.84471207875,757.84471207875
2025-12-24,357,13,640.3941458333334,640.3941458333334,0.0,0.5171,331.14781281041667,331.14781281041667
2025-12-24,357,14,628.2410833333333,628.2410833333333,0.0,0.4953,311.16780857500004,311.16780857500004
2025-12-24,357,15,1463.5459491666666,1463.5459491666666,0.0,0.5106,747.2865616445,747.2865616445
2025-12-24,357,16,635.8269816666667,635.8269816666667,0.0,0.4783,304.1160453311667,304.1160453311667
2025-12-24,357,17,641.9855,641.9855,0.0,0.424,272.201852,272.201852
2025-12-24,357,18,661.8933616666668,661.8933616666668,0.0,0.4632,306.58900512400004,306.58900512400004
2025-12-24,357,19,667.8047958333334,667.8047958333334,0.0,0.4823,322.0822530304167,322.0822530304167
2025-12-24,357,20,0.0,0.0,0.0,0.4608,0.0,0.0
2025-12-24,357,21,660.0729908333334,660.0729908333334,0.0,0.4871,321.5215538349167,321.5215538349167
2025-12-24,357,22,673.610415,673.610415,0.0,0.4826,325.084386279,325.084386279
2025-12-24,357,23,0.16420119048495962,0.16420119048495962,0.0,0.4464,0.07329941143248599,0.07329941143248599
2025-12-24,357,24,1302.71037302909,1302.71037302909,0.0,0.4656,606.5419496823444,606.5419496823444
2025-12-24,357,25,1484.2872683333335,1484.2872683333335,0.0,0.4957,735.7611989128334,735.7611989128334
2025-12-24,357,26,681.5256666666667,681.5256666666667,0.0,0.4961,338.10488323333334,338.10488323333334
2025-12-24,357,27,700.9759141666667,700.9759141666667,0.0,0.4738,332.1223881321667,332.1223881321667
2025-12-24,357,28,691.2846025,691.2846025,0.0,0.4711,325.66417623775004,325.66417623775004
2025-12-24,357,29,675.92875,675.92875,0.0,0.493,333.23287375,333.23287375
2025-12-24,357,30,691.0586249999999,691.0586249999999,0.0,0.5114,353.4073808249999,353.4073808249999
2025-12-24,357,31,697.341185,697.341185,0.0,0.5448,379.91147758799997,379.91147758799997
2025-12-24,357,32,680.4350000000001,680.4350000000001,0.0,0.5333,362.8759855,362.8759855
2025-12-24,357,33,672.6110700000003,672.6110700000003,0.0,0.4426,297.69765958200014,297.69765958200014
2025-12-24,357,34,759.0155308333334,759.0155308333334,0.0,0.673,510.8174522508334,510.8174522508334
2025-12-24,357,35,888.5255000000001,888.5255000000001,0.0,1.073,953.3878615000001,953.3878615000001
2025-12-24,357,36,911.9821716666668,911.9821716666668,0.0,1.0615,968.0690752241669,968.0690752241669
2025-12-24,357,37,887.92864,887.92864,0.0,0.9681,859.603716384,859.603716384
2025-12-24,357,38,878.85525,878.85525,0.0,1.0054,883.60106835,883.60106835
2025-12-24,357,39,886.8146566666668,886.8146566666668,0.0,1.0497,930.8893451030002,930.8893451030002
2025-12-24,357,40,140.20388166666658,140.20388166666658,0.0,1.0437,146.33079129549992,146.33079129549992
2025-12-24,357,41,887.0536874999999,887.0536874999999,0.0,1.0052,891.666366675,891.666366675
2025-12-24,357,42,863.1384191666666,863.1384191666666,0.0,0.9919,856.1469979714166,856.1469979714166
2025-12-24,357,43,824.2258258333335,824.2258258333335,0.0,1.0017,825.6270097372502,825.6270097372502
2025-12-24,357,44,754.9735208333334,754.9735208333334,0.0,0.9751,736.1746801645834,736.1746801645834
2025-12-24,357,45,1503.1693833333334,1503.1693833333334,0.0,0.9081,1365.028117005,1365.028117005
2025-12-24,357,46,750.1776383333333,750.1776383333333,0.0,1.1585,869.0807940091668,869.0807940091668
2025-12-24,357,47,80.55333333333368,80.55333333333368,0.0,1.541,124.1326866666672,124.1326866666672
2025-12-24,357,48,55.47880250000037,55.47880250000037,0.0,1.4756,81.86452096900055,81.86452096900055
2025-12-24,357,49,0.0,0.0,0.0,1.3246,0.0,0.0
2025-12-24,357,50,0.0,0.0,0.0,1.2984,0.0,0.0
2025-12-24,357,51,0.0,0.0,0.0,1.2595,0.0,0.0
2025-12-24,357,52,0.0,0.0,0.0,1.2547,0.0,0.0
2025-12-24,357,53,0.0,0.0,0.0,1.2813,0.0,0.0
2025-12-24,357,54,0.0,0.0,0.0,1.2621,0.0,0.0
2025-12-24,357,55,0.0,0.0,0.0,1.2215,0.0,0.0
2025-12-24,357,56,0.0,0.0,0.0,1.185,0.0,0.0
2025-12-24,357,57,23.886425381735137,23.886425381735137,0.0,1.1743,28.04982932577157,28.04982932577157
2025-12-24,357,58,0.0,0.0,0.0,1.2909,0.0,0.0
2025-12-24,357,59,0.0,0.0,0.0,1.4393,0.0,0.0
2025-12-24,357,60,0.0,0.0,0.0,1.4003,0.0,0.0
2025-12-24,357,61,0.0,0.0,0.0,1.3204,0.0,0.0
2025-12-24,357,62,0.0,0.0,0.0,1.3413,0.0,0.0
2025-12-24,357,63,0.0,0.0,0.0,1.4167,0.0,0.0
2025-12-24,357,64,222.43355750000023,222.43355750000023,0.0,1.1704,260.3362356980003,260.3362356980003
2025-12-24,357,65,1038.5231041666668,1038.5231041666668,0.0,0.7415,770.0648817395835,770.0648817395835
2025-12-24,357,66,1022.5630675,1022.5630675,0.0,0.666,681.0270029550001,681.0270029550001
2025-12-24,357,67,1017.6402941666668,1017.6402941666668,0.0,0.695,707.2600044458334,707.2600044458334
2025-12-24,357,68,1007.6644166666667,1007.6644166666667,0.0,0.6665,671.6083337083334,671.6083337083334
2025-12-24,357,69,967.0349491666668,967.0349491666668,0.0,0.6716,649.4606718603334,649.4606718603334
2025-12-24,357,70,928.4799074999999,928.4799074999999,0.0,0.6571,610.1041472182499,610.1041472182499
2025-12-24,357,71,913.0771875000003,913.0771875000003,0.0,0.6264,571.9515502500001,571.9515502500001
2025-12-24,357,72,927.6363583333334,927.6363583333334,0.0,0.6483,601.3866511075,601.3866511075
2025-12-24,357,73,956.5787816666667,956.5787816666667,0.0,0.6724,643.2035727926667,643.2035727926667
2025-12-24,357,74,970.8001250000001,970.8001250000001,0.0,0.6526,633.544161575,633.544161575
2025-12-24,357,75,947.2452583333334,947.2452583333334,0.0,0.6243,591.3652147775,591.3652147775
2025-12-24,357,76,955.9570833333335,955.9570833333335,0.0,0.7936,758.6475413333334,758.6475413333334
2025-12-24,357,77,179.6475833333334,179.6475833333334,0.0,1.0666,191.6121123833334,191.6121123833334
2025-12-24,357,78,0.0,0.0,0.0,1.1251,0.0,0.0
2025-12-24,357,79,206.81262083333343,206.81262083333343,0.0,1.1128,230.14108446333344,230.14108446333344
2025-12-24,357,80,0.0,0.0,0.0,1.1257,0.0,0.0
2025-12-24,357,81,236.3115558333334,236.3115558333334,0.0,1.1242,265.6614510678334,265.6614510678334
2025-12-24,357,82,0.0,0.0,0.0,1.1907,0.0,0.0
2025-12-24,357,83,0.0,0.0,0.0,1.3097,0.0,0.0
2025-12-24,357,84,0.0,0.0,0.0,1.3649,0.0,0.0
2025-12-24,357,85,0.0,0.0,0.0,1.358,0.0,0.0
2025-12-24,357,86,0.0,0.0,0.0,1.3737,0.0,0.0
2025-12-24,357,87,0.0,0.0,0.0,1.4483,0.0,0.0
2025-12-24,357,88,0.0,0.0,0.0,1.2375,0.0,0.0
2025-12-24,357,89,1339.1919166666667,1339.1919166666667,0.0,0.8723,1168.1771089083334,1168.1771089083334
2025-12-24,357,90,1379.9887325,1379.9887325,0.0,0.8583,1184.4443291047498,1184.4443291047498
2025-12-24,357,91,1425.4340341666666,1425.4340341666666,0.0,0.9268,1321.0922628656665,1321.0922628656665
2025-12-24,357,92,1466.7759791666667,1466.7759791666667,0.0,0.9224,1352.9541631833333,1352.9541631833333
2025-12-24,357,93,753.708986149928,753.708986149928,0.0,0.9645,726.9523171416056,726.9523171416056
2025-12-24,357,94,727.1493416666668,727.1493416666668,0.0,1.0202,741.8377583683335,741.8377583683335
2025-12-24,357,95,782.0526250000001,782.0526250000001,0.0,1.047,818.8090983750001,818.8090983750001
2025-12-24,357,96,823.3412374999999,823.3412374999999,0.0,1.0419,857.83923535125,857.83923535125
2025-12-24,357,97,864.4283383333334,864.4283383333334,0.0,1.037,896.4121868516667,896.4121868516667
2025-12-24,357,98,916.0584791666666,916.0584791666666,0.0,1.0628,973.5869516583333,973.5869516583333
2025-12-24,357,99,973.8681125,973.8681125,0.0,1.1202,1090.9270596225,1090.9270596225
2025-12-24,357,100,1013.9398375,1013.9398375,0.0,1.1327,1148.48965393625,1148.48965393625
2025-12-24,357,101,1026.290125,1026.290125,0.0,1.1067,1135.7952813375,1135.7952813375
2025-12-24,357,102,1012.0984550000002,1012.0984550000002,0.0,1.1206,1134.1575286730003,1134.1575286730003
2025-12-24,357,103,1000.5678725000001,1000.5678725000001,0.0,1.1365,1137.1453870962503,1137.1453870962503
2025-12-24,357,104,1019.3925,1019.3925,0.0,1.1223,1144.06420275,1144.06420275
2025-12-24,357,105,1065.3498525,1065.3498525,0.0,1.0981,1169.8606730302502,1169.8606730302502
2025-12-24,357,106,932.8283025000001,932.8283025000001,0.0,1.1426,1065.8496184365001,1065.8496184365001
2025-12-24,357,107,707.0371666666667,707.0371666666667,0.0,1.2379,875.2413086166667,875.2413086166667
2025-12-24,357,108,696.5959666666668,696.5959666666668,0.0,1.2828,893.59330604,893.59330604
2025-12-24,357,109,743.2845458333335,743.2845458333335,0.0,1.2857,955.6409405779169,955.6409405779169
2025-12-24,357,110,735.6405,735.6405,0.0,1.2686,933.2335383,933.2335383
2025-12-24,357,111,719.7063375000001,719.7063375000001,0.0,1.2613,907.7656034887502,907.7656034887502
2025-12-24,357,112,192.26072288173555,192.26072288173555,0.0,1.3767,264.6853371912853,264.6853371912853
2025-12-24,357,113,0.0,0.0,0.0,1.5382,0.0,0.0
2025-12-24,357,114,0.0,0.0,0.0,1.5385,0.0,0.0
2025-12-24,357,115,0.0,0.0,0.0,1.4838,0.0,0.0
2025-12-24,357,116,0.0,0.0,0.0,1.4694,0.0,0.0
2025-12-24,357,117,0.0,0.0,0.0,1.4874,0.0,0.0
2025-12-24,357,118,0.0,0.0,0.0,1.4859,0.0,0.0
2025-12-24,357,119,0.0,0.0,0.0,1.4839,0.0,0.0
2025-12-24,357,120,0.0,0.0,0.0,1.5367,0.0,0.0
2025-12-24,357,121,0.0,0.0,0.0,1.5284,0.0,0.0
2025-12-24,357,122,0.0,0.0,0.0,1.4961,0.0,0.0
2025-12-24,357,123,0.0,0.0,0.0,1.547,0.0,0.0
2025-12-24,357,124,0.0,0.0,0.0,1.3083,0.0,0.0
2025-12-24,357,125,717.19925,717.19925,0.0,0.9167,657.456552475,657.456552475
2025-12-24,357,126,724.5992391666667,724.5992391666667,0.0,0.9153,663.22568360925,663.22568360925
2025-12-24,357,127,729.2889583333334,729.2889583333334,0.0,0.9648,703.6179870000001,703.6179870000001
2025-12-24,357,128,738.89975,738.89975,0.0,0.9362,691.75794595,691.75794595
2025-12-24,357,129,758.652895,758.652895,0.0,1.0055,762.8254859225,762.8254859225
2025-12-24,357,130,681.3494075000001,681.3494075000001,0.0,0.8382,571.1070733665,571.1070733665
2025-12-24,357,131,1384.7023333333334,1384.7023333333334,0.0,0.4804,665.2110009333334,665.2110009333334
2025-12-24,357,132,1365.1734175,1365.1734175,0.0,0.3591,490.23377422424994,490.23377422424994
2025-12-24,357,133,554.3042091666666,554.3042091666666,0.0,0.3791,210.1367256950833,210.1367256950833
2025-12-24,357,134,1393.8490833333333,1393.8490833333333,0.0,0.4001,557.6790182416667,557.6790182416667
2025-12-24,357,135,1396.8456816666667,1396.8456816666667,0.0,0.392,547.5635072133333,547.5635072133333
2025-12-24,357,136,1392.7507041666668,1392.7507041666668,0.0,0.4007,558.0752071595833,558.0752071595833
2025-12-24,357,137,554.4285833333333,554.4285833333333,0.0,0.4303,238.57061940833336,238.57061940833336
2025-12-24,357,138,566.2977475,566.2977475,0.0,0.438,248.038413405,248.038413405
2025-12-24,357,139,1409.7252991666667,1409.7252991666667,0.0,0.4302,606.4638237015,606.4638237015
2025-12-24,357,140,1125.90823960274,1125.90823960274,0.0,0.4166,469.0533726185015,469.0533726185015
2025-12-24,357,141,0.0,0.0,0.0,0.4045,0.0,0.0
2025-12-24,357,142,0.0,0.0,0.0,0.4283,0.0,0.0
2025-12-24,357,143,1403.4185416666667,1403.4185416666667,0.0,0.456,639.958855,639.958855
2025-12-25,358,0,1424.4573816666666,1424.4573816666666,0.0,0.4223,601.5483522778334,601.5483522778334
2025-12-25,358,1,604.7908716666666,604.7908716666666,0.0,0.4125,249.47623456249997,249.47623456249997
2025-12-25,358,2,729.5243933064424,729.5243933064424,0.0,0.4362,318.2185403602702,318.2185403602702
2025-12-25,358,3,595.2457883333334,595.2457883333334,0.0,0.4213,250.77705062483335,250.77705062483335
2025-12-25,358,4,1431.11353,1431.11353,0.0,0.4229,605.2179118370001,605.2179118370001
2025-12-25,358,5,1440.3359166666667,1440.3359166666667,0.0,0.4533,652.904271025,652.904271025
2025-12-25,358,6,1423.1062625,1423.1062625,0.0,0.4669,664.4483139612499,664.4483139612499
2025-12-25,358,7,590.514525,590.514525,0.0,0.4861,287.04911060250004,287.04911060250004
2025-12-25,358,8,613.0140833333334,613.0140833333334,0.0,0.4877,298.96696844166667,298.96696844166667
2025-12-25,358,9,1446.8721974999999,1446.8721974999999,0.0,0.4237,613.03975008075,613.03975008075
2025-12-25,358,10,1466.4255775000001,1466.4255775000001,0.0,0.3972,582.4642393830001,582.4642393830001
2025-12-25,358,11,476.3314333333342,476.3314333333342,0.0,0.4425,210.7766592500004,210.7766592500004
2025-12-25,358,12,0.0,0.0,0.0,0.49,0.0,0.0
2025-12-25,358,13,628.9034916666667,628.9034916666667,0.0,0.4837,304.2006189191667,304.2006189191667
2025-12-25,358,14,1458.47675,1458.47675,0.0,0.4558,664.77370265,664.77370265
2025-12-25,358,15,631.9927533333334,631.9927533333334,0.0,0.4833,305.44209768600007,305.44209768600007
2025-12-25,358,16,647.8759916666667,647.8759916666667,0.0,0.4952,320.8281910733333,320.8281910733333
2025-12-25,358,17,661.4493333333332,661.4493333333332,0.0,0.4695,310.5504619999999,310.5504619999999
2025-12-25,358,18,0.0,0.0,0.0,0.46,0.0,0.0
2025-12-25,358,19,662.25744,662.25744,0.0,0.474,313.91002655999995,313.91002655999995
2025-12-25,358,20,1488.9600833333334,1488.9600833333334,0.0,0.4922,732.8661530166668,732.8661530166668
2025-12-25,358,21,649.6268083333334,649.6268083333334,0.0,0.4928,320.13609114666673,320.13609114666673
2025-12-25,358,22,669.9966850000001,669.9966850000001,0.0,0.4971,333.0553521135,333.0553521135
2025-12-25,358,23,696.4580000000001,696.4580000000001,0.0,0.5195,361.809931,361.809931
2025-12-25,358,24,681.9985433333333,681.9985433333333,0.0,0.5417,369.4386109236666,369.4386109236666
2025-12-25,358,25,677.09081,677.09081,0.0,0.4918,332.99326035800004,332.99326035800004
2025-12-25,358,26,1.9492152953835102,1.9492152953835102,0.0,0.4245,0.8274418928903001,0.8274418928903001
2025-12-25,358,27,0.0,0.0,0.0,0.4749,0.0,0.0
2025-12-25,358,28,662.8868433333334,662.8868433333334,0.0,0.5433,360.14642198300004,360.14642198300004
2025-12-25,358,29,660.0331666666666,660.0331666666666,0.0,0.549,362.3582085,362.3582085
2025-12-25,358,30,680.4098208333334,680.4098208333334,0.0,0.5027,342.0420169329167,342.0420169329167
2025-12-25,358,31,696.0426408333334,696.0426408333334,0.0,0.4618,321.43249153683337,321.43249153683337
2025-12-25,358,32,1386.9761681903146,1386.9761681903146,0.0,0.4381,607.6342592841768,607.6342592841768
2025-12-25,358,33,1522.2847266666665,1522.2847266666665,0.0,0.4385,667.5218526433333,667.5218526433333
2025-12-25,358,34,764.963365,764.963365,0.0,0.6613,505.8702732745,505.8702732745
2025-12-25,358,35,126.70191666666665,126.70191666666665,0.0,1.0146,128.55176464999997,128.55176464999997
2025-12-25,358,36,891.1896750000001,891.1896750000001,0.0,1.1569,1031.0173350075002,1031.0173350075002
2025-12-25,358,37,865.6620941666666,865.6620941666666,0.0,1.1031,954.91185607525,954.91185607525
2025-12-25,358,38,861.9901666666667,861.9901666666667,0.0,1.0115,871.9030535833334,871.9030535833334
2025-12-25,358,39,878.9760666666667,878.9760666666667,0.0,1.0289,904.3784749933334,904.3784749933334
2025-12-25,358,40,892.0464966666667,892.0464966666667,0.0,1.0622,947.5317887593334,947.5317887593334
2025-12-25,358,41,891.1104583333333,891.1104583333333,0.0,1.0402,926.9330987583334,926.9330987583334
2025-12-25,358,42,861.3025641666668,861.3025641666668,0.0,0.991,853.5508410891667,853.5508410891667
2025-12-25,358,43,827.8522741666667,827.8522741666667,0.0,0.9994,827.3555628021667,827.3555628021667
2025-12-25,358,44,773.3956041666667,773.3956041666667,0.0,1.0126,783.1403887791666,783.1403887791666
2025-12-25,358,45,1518.011405,1518.011405,0.0,0.9391,1425.5645104355,1425.5645104355
2025-12-25,358,46,759.9789091666667,759.9789091666667,0.0,1.1136,846.312513248,846.312513248
2025-12-25,358,47,94.79722916666708,94.79722916666708,0.0,1.4216,134.76374098333392,134.76374098333392
2025-12-25,358,48,73.1060416666669,73.1060416666669,0.0,1.3908,101.67588275000033,101.67588275000033
2025-12-25,358,49,0.0,0.0,0.0,1.3313,0.0,0.0
2025-12-25,358,50,0.0,0.0,0.0,1.377,0.0,0.0
2025-12-25,358,51,0.0,0.0,0.0,1.3482,0.0,0.0
2025-12-25,358,52,0.0,0.0,0.0,1.319,0.0,0.0
2025-12-25,358,53,0.0,0.0,0.0,1.3135,0.0,0.0
2025-12-25,358,54,327.34830761534863,327.34830761534863,0.0,1.2665,414.58663159483905,414.58663159483905
2025-12-25,358,55,0.0,0.0,0.0,1.2232,0.0,0.0
2025-12-25,358,56,0.0,0.0,0.0,1.1962,0.0,0.0
2025-12-25,358,57,2.663852001205669e-07,2.663852001205669e-07,0.0,1.1718,3.1215017750128025e-07,3.1215017750128025e-07
2025-12-25,358,58,0.0,0.0,0.0,1.2657,0.0,0.0
2025-12-25,358,59,0.0,0.0,0.0,1.4117,0.0,0.0
2025-12-25,358,60,0.0,0.0,0.0,1.4042,0.0,0.0
2025-12-25,358,61,0.0,0.0,0.0,1.3355,0.0,0.0
2025-12-25,358,62,0.0,0.0,0.0,1.335,0.0,0.0
2025-12-25,358,63,0.0,0.0,0.0,1.3997,0.0,0.0
2025-12-25,358,64,211.00906250000025,211.00906250000025,0.0,1.1777,248.5053729062503,248.5053729062503
2025-12-25,358,65,1041.6558333333335,1041.6558333333335,0.0,0.7862,818.9498161666668,818.9498161666668
2025-12-25,358,66,1015.1581483333332,1015.1581483333332,0.0,0.7223,733.2487305411667,733.2487305411667
2025-12-25,358,67,968.2818575000001,968.2818575000001,0.0,0.7885,763.49024463875,763.49024463875
2025-12-25,358,68,932.0479583333336,932.0479583333336,0.0,0.7919,738.0887782041669,738.0887782041669
2025-12-25,358,69,937.3526041666667,937.3526041666667,0.0,0.7409,694.4845444270833,694.4845444270833
2025-12-25,358,70,913.0257825000001,913.0257825000001,0.0,0.7108,648.9787262010001,648.9787262010001
2025-12-25,358,71,864.0942708333334,864.0942708333334,0.0,0.728,629.0606291666667,629.0606291666667
2025-12-25,358,72,860.9729525,860.9729525,0.0,0.7513,646.84897921325,646.84897921325
2025-12-25,358,73,871.4394541666668,871.4394541666668,0.0,0.7251,631.88074821625,631.88074821625
2025-12-25,358,74,868.3195625000002,868.3195625000002,0.0,0.6465,561.3685971562501,561.3685971562501
2025-12-25,358,75,870.4916366666666,870.4916366666666,0.0,0.5999,522.2079328363333,522.2079328363333
2025-12-25,358,76,906.20177,906.20177,0.0,0.7822,708.831024494,708.831024494
2025-12-25,358,77,131.02777083333342,131.02777083333342,0.0,1.0795,141.4444786145834,141.4444786145834
2025-12-25,358,78,0.0,0.0,0.0,1.1512,0.0,0.0
2025-12-25,358,79,0.0,0.0,0.0,1.0986,0.0,0.0
2025-12-25,358,80,0.0,0.0,0.0,1.0425,0.0,0.0
2025-12-25,358,81,243.66359333333344,243.66359333333344,0.0,1.0248,249.70645044800008,249.70645044800008
2025-12-25,358,82,0.0,0.0,0.0,1.1446,0.0,0.0
2025-12-25,358,83,0.0,0.0,0.0,1.3199,0.0,0.0
2025-12-25,358,84,0.0,0.0,0.0,1.3473,0.0,0.0
2025-12-25,358,85,0.0,0.0,0.0,1.3208,0.0,0.0
2025-12-25,358,86,0.0,0.0,0.0,1.3554,0.0,0.0
2025-12-25,358,87,0.0,0.0,0.0,1.4321,0.0,0.0
2025-12-25,358,88,0.0,0.0,0.0,1.238,0.0,0.0
2025-12-25,358,89,1349.2636666666667,1349.2636666666667,0.0,0.8843,1193.1538604333334,1193.1538604333334
2025-12-25,358,90,1381.4764841666665,1381.4764841666665,0.0,0.8228,1136.6788511723332,1136.6788511723332
2025-12-25,358,91,1422.6971999999998,1422.6971999999998,0.0,0.8888,1264.4932713599999,1264.4932713599999
2025-12-25,358,92,1482.1863541666667,1482.1863541666667,0.0,0.9369,1388.66039521875,1388.66039521875
2025-12-25,358,93,1016.786307538817,1016.786307538817,0.0,0.9852,1001.7378701872425,1001.7378701872425
2025-12-25,358,94,732.6964725,732.6964725,0.0,0.9923,727.05470966175,727.05470966175
2025-12-25,358,95,762.6305833333336,762.6305833333336,0.0,0.9726,741.7345053500003,741.7345053500003
2025-12-25,358,96,821.24699,821.24699,0.0,0.9935,815.908884565,815.908884565
2025-12-25,358,97,870.0615050000001,870.0615050000001,0.0,1.0422,906.7781005110002,906.7781005110002
2025-12-25,358,98,906.7372708333336,906.7372708333336,0.0,1.0836,982.5405066750002,982.5405066750002
2025-12-25,358,99,960.4786358333334,960.4786358333334,0.0,1.0953,1052.01224982825,1052.01224982825
2025-12-25,358,100,1016.6044300000001,1016.6044300000001,0.0,1.1089,1127.312652427,1127.312652427
2025-12-25,358,101,1046.7004583333335,1046.7004583333335,0.0,1.1227,1175.1306045708336,1175.1306045708336
2025-12-25,358,102,1035.0668791666667,1035.0668791666667,0.0,1.1089,1147.7856623079167,1147.7856623079167
2025-12-25,358,103,1020.1333716666667,1020.1333716666667,0.0,1.1199,1142.4473629294998,1142.4473629294998
2025-12-25,358,104,1025.6365,1025.6365,0.0,1.1329,1161.9435908500002,1161.9435908500002
2025-12-25,358,105,1043.0014666666666,1043.0014666666666,0.0,1.0903,1137.1844991066666,1137.1844991066666
2025-12-25,358,106,916.69061,916.69061,0.0,1.1647,1067.669553467,1067.669553467
2025-12-25,358,107,722.5855,722.5855,0.0,1.3148,950.0554154,950.0554154
2025-12-25,358,108,704.7190091666666,704.7190091666666,0.0,1.3139,925.9303061440834,925.9303061440834
2025-12-25,358,109,727.4293725,727.4293725,0.0,1.2755,927.83616462375,927.83616462375
2025-12-25,358,110,708.0398333333334,708.0398333333334,0.0,1.2636,894.6791334000001,894.6791334000001
2025-12-25,358,111,713.3736225000001,713.3736225000001,0.0,1.242,886.0100391450002,886.0100391450002
2025-12-25,358,112,0.0,0.0,0.0,1.3194,0.0,0.0
2025-12-25,358,113,0.0,0.0,0.0,1.4613,0.0,0.0
2025-12-25,358,114,0.0,0.0,0.0,1.5024,0.0,0.0
2025-12-25,358,115,0.0,0.0,0.0,1.4768,0.0,0.0
2025-12-25,358,116,0.0,0.0,0.0,1.4649,0.0,0.0
2025-12-25,358,117,0.0,0.0,0.0,1.5121,0.0,0.0
2025-12-25,358,118,0.0,0.0,0.0,1.5464,0.0,0.0
2025-12-25,358,119,0.0,0.0,0.0,1.5368,0.0,0.0
2025-12-25,358,120,0.0,0.0,0.0,1.5153,0.0,0.0
2025-12-25,358,121,0.0,0.0,0.0,1.4898,0.0,0.0
2025-12-25,358,122,0.0,0.0,0.0,1.522,0.0,0.0
2025-12-25,358,123,0.0,0.0,0.0,1.6252,0.0,0.0
2025-12-25,358,124,273.205559548403,273.205559548403,0.0,1.403,383.30740004640944,383.30740004640944
2025-12-25,358,125,729.4644166666667,729.4644166666667,0.0,0.9749,711.1548598083333,711.1548598083333
2025-12-25,358,126,730.1280283333334,730.1280283333334,0.0,0.8883,648.5727275685001,648.5727275685001
2025-12-25,358,127,721.8536949999999,721.8536949999999,0.0,0.9356,675.3663170419999,675.3663170419999
2025-12-25,358,128,723.6579166666668,723.6579166666668,0.0,0.9565,692.1787972916668,692.1787972916668
2025-12-25,358,129,750.5171916666668,750.5171916666668,0.0,0.9662,725.1497105883334,725.1497105883334
2025-12-25,358,130,676.1079625,676.1079625,0.0,0.7279,492.13898590375,492.13898590375
2025-12-25,358,131,1173.7381861111112,1173.7381861111112,0.0,0.3915,459.51849986250005,459.51849986250005
2025-12-25,358,132,544.0887975,544.0887975,0.0,0.3827,208.22278280325,208.22278280325
2025-12-25,358,133,0.0,0.0,0.0,0.4346,0.0,0.0
2025-12-25,358,134,1385.8728333333333,1385.8728333333333,0.0,0.4075,564.7431795833334,564.7431795833334
2025-12-25,358,135,1392.2534133333334,1392.2534133333334,0.0,0.423,588.92319384,588.92319384
2025-12-25,358,136,575.1697558333333,575.1697558333333,0.0,0.4285,246.46024037458332,246.46024037458332
2025-12-25,358,137,0.0,0.0,0.0,0.3992,0.0,0.0
2025-12-25,358,138,1403.5969008333332,1403.5969008333332,0.0,0.3822,536.4547354984999,536.4547354984999
2025-12-25,358,139,1397.1737283333332,1397.1737283333332,0.0,0.4118,575.3561413276666,575.3561413276666
2025-12-25,358,140,1404.328,1404.328,0.0,0.4623,649.2208344,649.2208344
2025-12-25,358,141,581.3877741666668,581.3877741666668,0.0,0.459,266.8569883425001,266.8569883425001
2025-12-25,358,142,1249.740468954592,1249.740468954592,0.0,0.3601,450.03154287054855,450.03154287054855
2025-12-25,358,143,1312.402125,1312.402125,0.0,0.2502,328.363011675,328.363011675
2025-12-26,359,0,1320.8901825,1320.8901825,0.0,0.278,367.207470735,367.207470735
2025-12-26,359,1,500.3468858333334,500.3468858333334,0.0,0.3767,188.48067189341668,188.48067189341668
2025-12-26,359,2,0.0,0.0,0.0,0.4273,0.0,0.0
2025-12-26,359,3,511.6409550000001,511.6409550000001,0.0,0.365,186.74894857500001,186.74894857500001
2025-12-26,359,4,1354.2816916666666,1354.2816916666666,0.0,0.3247,439.73526528416664,439.73526528416664
2025-12-26,359,5,518.52725,518.52725,0.0,0.3518,182.41788655,182.41788655
2025-12-26,359,6,513.506785,513.506785,0.0,0.3695,189.74075705750002,189.74075705750002
2025-12-26,359,7,1362.9811116666665,1362.9811116666665,0.0,0.3718,506.75637731766665,506.75637731766665
2025-12-26,359,8,1379.4559166666666,1379.4559166666666,0.0,0.3809,525.4347586583333,525.4347586583333
2025-12-26,359,9,1348.3589175,1348.3589175,0.0,0.409,551.4787972575,551.4787972575
2025-12-26,359,10,519.1663625,519.1663625,0.0,0.3977,206.47246236625,206.47246236625
2025-12-26,359,11,0.0,0.0,0.0,0.3669,0.0,0.0
2025-12-26,359,12,568.6252208333334,568.6252208333334,0.0,0.3972,225.85793771500002,225.85793771500002
2025-12-26,359,13,1381.2879916666666,1381.2879916666666,0.0,0.4309,595.1969956091666,595.1969956091666
2025-12-26,359,14,1050.4071569175562,1050.4071569175562,0.0,0.4269,448.4188152881047,448.4188152881047
2025-12-26,359,15,569.3763925000001,569.3763925000001,0.0,0.3963,225.64386434775002,225.64386434775002
2025-12-26,359,16,570.8493375,570.8493375,0.0,0.3517,200.76771199875003,200.76771199875003
2025-12-26,359,17,1382.8215833333334,1382.8215833333334,0.0,0.3459,478.317985675,478.317985675
2025-12-26,359,18,0.0,0.0,0.0,0.4267,0.0,0.0
2025-12-26,359,19,394.9369025000005,394.9369025000005,0.0,0.468,184.83047037000023,184.83047037000023
2025-12-26,359,20,1394.2570833333334,1394.2570833333334,0.0,0.4291,598.2757144583334,598.2757144583334
2025-12-26,359,21,553.2175841666667,553.2175841666667,0.0,0.3892,215.31228375766668,215.31228375766668
2025-12-26,359,22,573.12161,573.12161,0.0,0.3872,221.912687392,221.912687392
2025-12-26,359,23,599.7719999999999,599.7719999999999,0.0,0.4139,248.24563079999996,248.24563079999996
2025-12-26,359,24,599.9650683333333,599.9650683333333,0.0,0.4251,255.04515054849998,255.04515054849998
2025-12-26,359,25,579.3934191666667,579.3934191666667,0.0,0.3862,223.7617384821667,223.7617384821667
2025-12-26,359,26,570.3975,570.3975,0.0,0.3414,194.7337065,194.7337065
2025-12-26,359,27,589.5360958333334,589.5360958333334,0.0,0.3727,219.72010291708335,219.72010291708335
2025-12-26,359,28,0.04092181329372124,0.04092181329372124,0.0,0.4123,0.016872063621001267,0.016872063621001267
2025-12-26,359,29,0.0,0.0,0.0,0.4003,0.0,0.0
2025-12-26,359,30,613.5116825,613.5116825,0.0,0.3467,212.70450032275,212.70450032275
2025-12-26,359,31,1438.5156041666664,1438.5156041666664,0.0,0.3515,505.63823486458324,505.63823486458324
2025-12-26,359,32,578.9568333333334,578.9568333333334,0.0,0.3926,227.29845276666668,227.29845276666668
2025-12-26,359,33,1084.3878113185633,1084.3878113185633,0.0,0.3817,413.9108275802956,413.9108275802956
2025-12-26,359,34,624.1056425,624.1056425,0.0,0.525,327.65546231250005,327.65546231250005
2025-12-26,359,35,0.0,0.0,0.0,0.7597,0.0,0.0
2025-12-26,359,36,0.0,0.0,0.0,0.7978,0.0,0.0
2025-12-26,359,37,694.49838,694.49838,0.0,0.8181,568.169124678,568.169124678
2025-12-26,359,38,690.2315833333334,690.2315833333334,0.0,0.8788,606.5755154333334,606.5755154333334
2025-12-26,359,39,680.6262633333334,680.6262633333334,0.0,0.8533,580.7783905023334,580.7783905023334
2025-12-26,359,40,703.6887991666667,703.6887991666667,0.0,0.8338,586.7357207451668,586.7357207451668
2025-12-26,359,41,362.43323871506925,362.43323871506925,0.0,0.8634,312.92485830659075,312.92485830659075
2025-12-26,359,42,0.0,0.0,0.0,0.8867,0.0,0.0
2025-12-26,359,43,0.0,0.0,0.0,0.8772,0.0,0.0
2025-12-26,359,44,0.0,0.0,0.0,0.8251,0.0,0.0
2025-12-26,359,45,561.8510666666668,561.8510666666668,0.0,0.7674,431.1645085600001,431.1645085600001
2025-12-26,359,46,0.0,0.0,0.0,0.8829,0.0,0.0
2025-12-26,359,47,0.0,0.0,0.0,1.0797,0.0,0.0
2025-12-26,359,48,0.0,0.0,0.0,1.0748,0.0,0.0
2025-12-26,359,49,0.0,0.0,0.0,1.0391,0.0,0.0
2025-12-26,359,50,0.0,0.0,0.0,1.0475,0.0,0.0
2025-12-26,359,51,0.0,0.0,0.0,1.0077,0.0,0.0
2025-12-26,359,52,0.0,0.0,0.0,1.0054,0.0,0.0
2025-12-26,359,53,0.0,0.0,0.0,1.0493,0.0,0.0
2025-12-26,359,54,0.0,0.0,0.0,1.0473,0.0,0.0
2025-12-26,359,55,0.0,0.0,0.0,0.9949,0.0,0.0
2025-12-26,359,56,0.0,0.0,0.0,0.9151,0.0,0.0
2025-12-26,359,57,0.0,0.0,0.0,0.8549,0.0,0.0
2025-12-26,359,58,0.0,0.0,0.0,0.9353,0.0,0.0
2025-12-26,359,59,0.0,0.0,0.0,1.0894,0.0,0.0
2025-12-26,359,60,0.0,0.0,0.0,1.1101,0.0,0.0
2025-12-26,359,61,0.0,0.0,0.0,1.0522,0.0,0.0
2025-12-26,359,62,0.0,0.0,0.0,1.0487,0.0,0.0
2025-12-26,359,63,0.0,0.0,0.0,1.1234,0.0,0.0
2025-12-26,359,64,0.0,0.0,0.0,0.8537,0.0,0.0
2025-12-26,359,65,780.4541875,780.4541875,0.0,0.3852,300.630953025,300.630953025
2025-12-26,359,66,785.8066750000003,785.8066750000003,0.0,0.3194,250.9866519950001,250.9866519950001
2025-12-26,359,67,780.1990991666667,780.1990991666667,0.0,0.3774,294.4471400255,294.4471400255
2025-12-26,359,68,743.5477083333333,743.5477083333333,0.0,0.3928,292.0655398333333,292.0655398333333
2025-12-26,359,69,723.7208233333334,723.7208233333334,0.0,0.4766,344.92534440066675,344.92534440066675
2025-12-26,359,70,723.9426241666666,723.9426241666666,0.0,0.4951,358.4239932249166,358.4239932249166
2025-12-26,359,71,738.8366458333333,738.8366458333333,0.0,0.4397,324.86647317291664,324.86647317291664
2025-12-26,359,72,729.5275100000001,729.5275100000001,0.0,0.4461,325.44222221100006,325.44222221100006
2025-12-26,359,73,723.8196016666666,723.8196016666666,0.0,0.4675,338.38566377916663,338.38566377916663
2025-12-26,359,74,720.9679166666668,720.9679166666668,0.0,0.4598,331.5010480833334,331.5010480833334
2025-12-26,359,75,718.2093616666667,718.2093616666667,0.0,0.4549,326.71343862216673,326.71343862216673
2025-12-26,359,76,632.695930038813,632.695930038813,0.0,0.5829,368.79845761962406,368.79845761962406
2025-12-26,359,77,0.0,0.0,0.0,0.7904,0.0,0.0
2025-12-26,359,78,0.0,0.0,0.0,0.8784,0.0,0.0
2025-12-26,359,79,0.0,0.0,0.0,0.8902,0.0,0.0
2025-12-26,359,80,0.0,0.0,0.0,0.869,0.0,0.0
2025-12-26,359,81,0.0,0.0,0.0,0.8317,0.0,0.0
2025-12-26,359,82,0.0,0.0,0.0,0.933,0.0,0.0
2025-12-26,359,83,0.0,0.0,0.0,1.1089,0.0,0.0
2025-12-26,359,84,0.0,0.0,0.0,1.1283,0.0,0.0
2025-12-26,359,85,0.0,0.0,0.0,1.0992,0.0,0.0
2025-12-26,359,86,0.0,0.0,0.0,1.1487,0.0,0.0
2025-12-26,359,87,0.0,0.0,0.0,1.2418,0.0,0.0
2025-12-26,359,88,0.0,0.0,0.0,1.0004,0.0,0.0
2025-12-26,359,89,406.0326157628039,406.0326157628039,0.0,0.5793,235.21469431139232,235.21469431139232
2025-12-26,359,90,1161.7081475,1161.7081475,0.0,0.5456,633.827965276,633.827965276
2025-12-26,359,91,359.64252666666675,359.64252666666675,0.0,0.6514,234.27114187066672,234.27114187066672
2025-12-26,359,92,400.57611757053076,400.57611757053076,0.0,0.6952,278.480516935033,278.480516935033
2025-12-26,359,93,451.19886500000007,451.19886500000007,0.0,0.7247,326.98381746550007,326.98381746550007
2025-12-26,359,94,491.2033583333333,491.2033583333333,0.0,0.7594,373.0198303183333,373.0198303183333
2025-12-26,359,95,521.3443541666668,521.3443541666668,0.0,0.7696,401.2266149666667,401.2266149666667
2025-12-26,359,96,567.5758283333334,567.5758283333334,0.0,0.7199,408.59783881716675,408.59783881716675
2025-12-26,359,97,614.2876083333334,614.2876083333334,0.0,0.702,431.22990105,431.22990105
2025-12-26,359,98,660.1466041666666,660.1466041666666,0.0,0.7543,497.94858352291664,497.94858352291664
2025-12-26,359,99,711.4313883333334,711.4313883333334,0.0,0.8224,585.0811737653335,585.0811737653335
2025-12-26,359,100,724.1839975,724.1839975,0.0,0.8264,598.465655534,598.465655534
2025-12-26,359,101,710.8446666666666,710.8446666666666,0.0,0.8022,570.2395916,570.2395916
2025-12-26,359,102,725.7637783333334,725.7637783333334,0.0,0.8493,616.3911769385002,616.3911769385002
2025-12-26,359,103,727.9330766666667,727.9330766666667,0.0,0.8454,615.3946230140001,615.3946230140001
2025-12-26,359,104,709.26225,709.26225,0.0,0.7677,544.500629325,544.500629325
2025-12-26,359,105,714.5774391666666,714.5774391666666,0.0,0.7463,533.2891428500833,533.2891428500833
2025-12-26,359,106,671.4984683333333,671.4984683333333,0.0,0.8861,595.0147927901667,595.0147927901667
2025-12-26,359,107,589.0394166666666,589.0394166666666,0.0,1.0859,639.6379025583334,639.6379025583334
2025-12-26,359,108,182.12429621506737,182.12429621506737,0.0,1.1245,204.79877109384327,204.79877109384327
2025-12-26,359,109,564.2820758333334,564.2820758333334,0.0,1.0871,613.4310446384167,613.4310446384167
2025-12-26,359,110,0.0,0.0,0.0,1.0635,0.0,0.0
2025-12-26,359,111,0.0,0.0,0.0,1.078,0.0,0.0
2025-12-26,359,112,0.0,0.0,0.0,1.1819,0.0,0.0
2025-12-26,359,113,0.0,0.0,0.0,1.315,0.0,0.0
2025-12-26,359,114,0.0,0.0,0.0,1.3494,0.0,0.0
2025-12-26,359,115,0.0,0.0,0.0,1.3585,0.0,0.0
2025-12-26,359,116,0.0,0.0,0.0,1.3661,0.0,0.0
2025-12-26,359,117,0.0,0.0,0.0,1.332,0.0,0.0
2025-12-26,359,118,0.0,0.0,0.0,1.3557,0.0,0.0
2025-12-26,359,119,0.0,0.0,0.0,1.41,0.0,0.0
2025-12-26,359,120,0.0,0.0,0.0,1.3658,0.0,0.0
2025-12-26,359,121,0.0,0.0,0.0,1.3347,0.0,0.0
2025-12-26,359,122,0.0,0.0,0.0,1.3907,0.0,0.0
2025-12-26,359,123,0.0,0.0,0.0,1.4434,0.0,0.0
2025-12-26,359,124,0.0,0.0,0.0,1.1666,0.0,0.0
2025-12-26,359,125,578.8909166666667,578.8909166666667,0.0,0.7502,434.28396568333335,434.28396568333335
2025-12-26,359,126,1412.9404833333333,1412.9404833333333,0.0,0.7326,1035.12019809,1035.12019809
2025-12-26,359,127,584.2530849999999,584.2530849999999,0.0,0.769,449.290622365,449.290622365
2025-12-26,359,128,438.6036491666666,438.6036491666666,0.0,0.742,325.44390768166664,325.44390768166664
2025-12-26,359,129,0.0,0.0,0.0,0.837,0.0,0.0
2025-12-26,359,130,539.2026733333333,539.2026733333333,0.0,0.6618,356.84432921200005,356.84432921200005
2025-12-26,359,131,1284.11175,1284.11175,0.0,0.3153,404.880434775,404.880434775
2025-12-26,359,132,1271.6282808333333,1271.6282808333333,0.0,0.3221,409.59146925641664,409.59146925641664
2025-12-26,359,133,1294.7404408333332,1294.7404408333332,0.0,0.3673,475.5581639180833,475.5581639180833
2025-12-26,359,134,470.5701666666667,470.5701666666667,0.0,0.3094,145.59440956666668,145.59440956666668
2025-12-26,359,135,1296.418565,1296.418565,0.0,0.3324,430.92953100599993,430.92953100599993
2025-12-26,359,136,463.72614999999996,463.72614999999996,0.0,0.3634,168.51808290999998,168.51808290999998
2025-12-26,359,137,477.40066666666667,477.40066666666667,0.0,0.3559,169.90689726666668,169.90689726666668
2025-12-26,359,138,485.8956350000001,485.8956350000001,0.0,0.3477,168.94591228950003,168.94591228950003
2025-12-26,359,139,1316.6679208333333,1316.6679208333333,0.0,0.3366,443.1904221525,443.1904221525
2025-12-26,359,140,1321.3955,1321.3955,0.0,0.3203,423.24297865,423.24297865
2025-12-26,359,141,1128.7654042323697,1128.7654042323697,0.0,0.3063,345.7408433163749,345.7408433163749
2025-12-26,359,142,492.2131500000001,492.2131500000001,0.0,0.2975,146.43341212500002,146.43341212500002
2025-12-26,359,143,0.0,0.0,0.0,0.2929,0.0,0.0
2025-12-27,360,0,0.0,0.0,0.0,0.2902,0.0,0.0
2025-12-27,360,1,466.9494158333334,466.9494158333334,0.0,0.2946,137.5632979045,137.5632979045
2025-12-27,360,2,1290.8517499999998,1290.8517499999998,0.0,0.3285,424.04479987499997,424.04479987499997
2025-12-27,360,3,1290.5647749999998,1290.5647749999998,0.0,0.3975,512.9994980624999,512.9994980624999
2025-12-27,360,4,463.3548058333334,463.3548058333334,0.0,0.3861,178.90129053225002,178.90129053225002
2025-12-27,360,5,466.37750000000005,466.37750000000005,0.0,0.3316,154.65077900000003,154.65077900000003
2025-12-27,360,6,1303.0493591666666,1303.0493591666666,0.0,0.3785,493.2041824445833,493.2041824445833
2025-12-27,360,7,1303.97359,1303.97359,0.0,0.3764,490.815659276,490.815659276
2025-12-27,360,8,1309.9381121025235,1309.9381121025235,0.0,0.301,394.29137174285955,394.29137174285955
2025-12-27,360,9,498.59183750000005,498.59183750000005,0.0,0.2861,142.64712470875003,142.64712470875003
2025-12-27,360,10,257.03323641686205,257.03323641686205,0.0,0.2926,75.20792497557385,75.20792497557385
2025-12-27,360,11,498.19816666666674,498.19816666666674,0.0,0.2965,147.7157564166667,147.7157564166667
2025-12-27,360,12,1339.5814233333333,1339.5814233333333,0.0,0.3213,430.40751131699994,430.40751131699994
2025-12-27,360,13,1345.4727116666668,1345.4727116666668,0.0,0.3394,456.6534383396667,456.6534383396667
2025-12-27,360,14,504.9519166666667,504.9519166666667,0.0,0.3477,175.571781425,175.571781425
2025-12-27,360,15,498.5607550000001,498.5607550000001,0.0,0.3735,186.21244199250003,186.21244199250003
2025-12-27,360,16,493.85128083333336,493.85128083333336,0.0,0.4118,203.36795744716667,203.36795744716667
2025-12-27,360,17,491.14066666666673,491.14066666666673,0.0,0.4209,206.7211066,206.7211066
2025-12-27,360,18,0.0,0.0,0.0,0.3662,0.0,0.0
2025-12-27,360,19,250.28178583333312,250.28178583333312,0.0,0.3503,87.67370957741659,87.67370957741659
2025-12-27,360,20,521.2706666666668,521.2706666666668,0.0,0.3964,206.6316922666667,206.6316922666667
2025-12-27,360,21,505.18163833333335,505.18163833333335,0.0,0.4287,216.57136835350002,216.57136835350002
2025-12-27,360,22,511.26694833333335,511.26694833333335,0.0,0.4321,220.91844837483333,220.91844837483333
2025-12-27,360,23,1374.3861666666667,1374.3861666666667,0.0,0.4187,575.4554879833333,575.4554879833333
2025-12-27,360,24,543.4904441666667,543.4904441666667,0.0,0.4068,221.09191268700002,221.09191268700002
2025-12-27,360,25,535.8034558333334,535.8034558333334,0.0,0.3949,211.58878470858335,211.58878470858335
2025-12-27,360,26,537.08,537.08,0.0,0.3738,200.76050400000003,200.76050400000003
2025-12-27,360,27,544.3178416666667,544.3178416666667,0.0,0.3422,186.26556541833335,186.26556541833335
2025-12-27,360,28,539.08378,539.08378,0.0,0.3415,184.09711087000002,184.09711087000002
2025-12-27,360,29,530.6035833333333,530.6035833333333,0.0,0.3862,204.91910388333332,204.91910388333332
2025-12-27,360,30,536.6740374999999,536.6740374999999,0.0,0.4424,237.42459419,237.42459419
2025-12-27,360,31,0.0,0.0,0.0,0.4389,0.0,0.0
2025-12-27,360,32,338.77851416666607,338.77851416666607,0.0,0.3706,125.55131735016644,125.55131735016644
2025-12-27,360,33,1380.1691791666667,1380.1691791666667,0.0,0.3353,462.77072577458335,462.77072577458335
2025-12-27,360,34,545.5245525,545.5245525,0.0,0.5258,286.8368097045,286.8368097045
2025-12-27,360,35,0.0,0.0,0.0,0.8135,0.0,0.0
2025-12-27,360,36,0.0,0.0,0.0,0.852,0.0,0.0
2025-12-27,360,37,0.0,0.0,0.0,0.7933,0.0,0.0
2025-12-27,360,38,0.0,0.0,0.0,0.7832,0.0,0.0
2025-12-27,360,39,0.0,0.0,0.0,0.8171,0.0,0.0
2025-12-27,360,40,0.0,0.0,0.0,0.831,0.0,0.0
2025-12-27,360,41,0.0,0.0,0.0,0.8316,0.0,0.0
2025-12-27,360,42,0.0,0.0,0.0,0.8744,0.0,0.0
2025-12-27,360,43,0.0,0.0,0.0,0.8753,0.0,0.0
2025-12-27,360,44,0.0,0.0,0.0,0.7886,0.0,0.0
2025-12-27,360,45,294.4161712150714,294.4161712150714,0.0,0.6887,202.76441711581967,202.76441711581967
2025-12-27,360,46,0.0,0.0,0.0,0.817,0.0,0.0
2025-12-27,360,47,0.0,0.0,0.0,1.0789,0.0,0.0
2025-12-27,360,48,0.0,0.0,0.0,1.1201,0.0,0.0
2025-12-27,360,49,0.0,0.0,0.0,1.0512,0.0,0.0
2025-12-27,360,50,0.0,0.0,0.0,0.9987,0.0,0.0
2025-12-27,360,51,0.0,0.0,0.0,0.978,0.0,0.0
2025-12-27,360,52,0.0,0.0,0.0,0.9781,0.0,0.0
2025-12-27,360,53,0.0,0.0,0.0,0.9723,0.0,0.0
2025-12-27,360,54,0.0,0.0,0.0,0.9457,0.0,0.0
2025-12-27,360,55,0.0,0.0,0.0,0.9637,0.0,0.0
2025-12-27,360,56,0.0,0.0,0.0,0.9867,0.0,0.0
2025-12-27,360,57,0.0,0.0,0.0,0.9274,0.0,0.0
2025-12-27,360,58,0.0,0.0,0.0,0.9933,0.0,0.0
2025-12-27,360,59,0.0,0.0,0.0,1.1534,0.0,0.0
2025-12-27,360,60,0.0,0.0,0.0,1.1555,0.0,0.0
2025-12-27,360,61,0.0,0.0,0.0,1.1115,0.0,0.0
2025-12-27,360,62,0.0,0.0,0.0,1.1318,0.0,0.0
2025-12-27,360,63,0.0,0.0,0.0,1.1614,0.0,0.0
2025-12-27,360,64,0.0,0.0,0.0,0.8937,0.0,0.0
2025-12-27,360,65,586.8750625,586.8750625,0.0,0.4908,288.038280675,288.038280675
2025-12-27,360,66,565.8754950000001,565.8754950000001,0.0,0.4522,255.88889883900003,255.88889883900003
2025-12-27,360,67,0.0,0.0,0.0,0.5164,0.0,0.0
2025-12-27,360,68,586.2484791666668,586.2484791666668,0.0,0.4872,285.6202590500001,285.6202590500001
2025-12-27,360,69,124.77044587214516,124.77044587214516,0.0,0.4286,53.476613100801416,53.476613100801416
2025-12-27,360,70,587.6852008333334,587.6852008333334,0.0,0.3992,234.6039321726667,234.6039321726667
2025-12-27,360,71,569.6211666666667,569.6211666666667,0.0,0.4165,237.24721591666668,237.24721591666668
2025-12-27,360,72,555.311775,555.311775,0.0,0.4563,253.3887629325,253.3887629325
2025-12-27,360,73,562.7699624999999,562.7699624999999,0.0,0.476,267.8785021499999,267.8785021499999
2025-12-27,360,74,582.3498958333333,582.3498958333333,0.0,0.4631,269.68623676041665,269.68623676041665
2025-12-27,360,75,601.0714391666666,601.0714391666666,0.0,0.4652,279.61843350033325,279.61843350033325
2025-12-27,360,76,0.0,0.0,0.0,0.6206,0.0,0.0
2025-12-27,360,77,0.0,0.0,0.0,0.8246,0.0,0.0
2025-12-27,360,78,0.0,0.0,0.0,0.8198,0.0,0.0
2025-12-27,360,79,0.0,0.0,0.0,0.791,0.0,0.0
2025-12-27,360,80,0.0,0.0,0.0,0.8096,0.0,0.0
2025-12-27,360,81,0.0,0.0,0.0,0.7873,0.0,0.0
2025-12-27,360,82,0.0,0.0,0.0,0.8949,0.0,0.0
2025-12-27,360,83,0.0,0.0,0.0,1.0955,0.0,0.0
2025-12-27,360,84,0.0,0.0,0.0,1.1502,0.0,0.0
2025-12-27,360,85,0.0,0.0,0.0,1.1117,0.0,0.0
2025-12-27,360,86,0.0,0.0,0.0,1.1216,0.0,0.0
2025-12-27,360,87,0.0,0.0,0.0,1.2182,0.0,0.0
2025-12-27,360,88,0.0,0.0,0.0,1.0035,0.0,0.0
2025-12-27,360,89,0.0,0.0,0.0,0.6127,0.0,0.0
2025-12-27,360,90,172.18724583333335,172.18724583333335,0.0,0.6031,103.84612796208334,103.84612796208334
2025-12-27,360,91,199.69811833333347,199.69811833333347,0.0,0.6645,132.69939963250008,132.69939963250008
2025-12-27,360,92,600.548568981482,600.548568981482,0.0,0.6404,384.5913035757411,384.5913035757411
2025-12-27,360,93,269.2763400000001,269.2763400000001,0.0,0.6904,185.90838513600008,185.90838513600008
2025-12-27,360,94,317.52606916666673,317.52606916666673,0.0,0.7326,232.61959827150005,232.61959827150005
2025-12-27,360,95,364.5260625000001,364.5260625000001,0.0,0.7298,266.03112041250006,266.03112041250006
2025-12-27,360,96,422.5417758333334,422.5417758333334,0.0,0.7431,313.9907936217501,313.9907936217501
2025-12-27,360,97,467.5918375,467.5918375,0.0,0.7921,370.37949448375,370.37949448375
2025-12-27,360,98,510.99716666666666,510.99716666666666,0.0,0.8415,430.00411575,430.00411575
2025-12-27,360,99,566.2053658333334,566.2053658333334,0.0,0.8353,472.9513420805834,472.9513420805834
2025-12-27,360,100,547.6090216666666,547.6090216666666,0.0,0.808,442.4680895066667,442.4680895066667
2025-12-27,360,101,490.1501875000001,490.1501875000001,0.0,0.7988,391.53196977500005,391.53196977500005
2025-12-27,360,102,286.69423545325014,286.69423545325014,0.0,0.8173,234.31519863594136,234.31519863594136
2025-12-27,360,103,0.0,0.0,0.0,0.8285,0.0,0.0
2025-12-27,360,104,497.22058333333337,497.22058333333337,0.0,0.7871,391.3623211416667,391.3623211416667
2025-12-27,360,105,1339.4401441666666,1339.4401441666666,0.0,0.7151,957.8336470935833,957.8336470935833
2025-12-27,360,106,0.0,0.0,0.0,0.8821,0.0,0.0
2025-12-27,360,107,0.0,0.0,0.0,1.1686,0.0,0.0
2025-12-27,360,108,0.0,0.0,0.0,1.1616,0.0,0.0
2025-12-27,360,109,0.0,0.0,0.0,1.0694,0.0,0.0
2025-12-27,360,110,0.0,0.0,0.0,1.055,0.0,0.0
2025-12-27,360,111,0.0,0.0,0.0,1.0921,0.0,0.0
2025-12-27,360,112,0.0,0.0,0.0,1.2167,0.0,0.0
2025-12-27,360,113,0.0,0.0,0.0,1.3518,0.0,0.0
2025-12-27,360,114,0.0,0.0,0.0,1.3574,0.0,0.0
2025-12-27,360,115,0.0,0.0,0.0,1.3585,0.0,0.0
2025-12-27,360,116,0.0,0.0,0.0,1.3904,0.0,0.0
2025-12-27,360,117,0.0,0.0,0.0,1.3723,0.0,0.0
2025-12-27,360,118,0.0,0.0,0.0,1.3802,0.0,0.0
2025-12-27,360,119,0.0,0.0,0.0,1.404,0.0,0.0
2025-12-27,360,120,0.0,0.0,0.0,1.3533,0.0,0.0
2025-12-27,360,121,0.0,0.0,0.0,1.3233,0.0,0.0
2025-12-27,360,122,0.0,0.0,0.0,1.3713,0.0,0.0
2025-12-27,360,123,0.0,0.0,0.0,1.4076,0.0,0.0
2025-12-27,360,124,0.0,0.0,0.0,1.1248,0.0,0.0
2025-12-27,360,125,487.00141666666667,487.00141666666667,0.0,0.7306,355.8032350166667,355.8032350166667
2025-12-27,360,126,1036.1620465872072,1036.1620465872072,0.0,0.7619,789.4518632947932,789.4518632947932
2025-12-27,360,127,490.9060291666667,490.9060291666667,0.0,0.8185,401.8065848729167,401.8065848729167
2025-12-27,360,128,487.59675000000004,487.59675000000004,0.0,0.7768,378.7651554000001,378.7651554000001
2025-12-27,360,129,0.0,0.0,0.0,0.862,0.0,0.0
2025-12-27,360,130,473.11983583333335,473.11983583333335,0.0,0.656,310.3666123066667,310.3666123066667
2025-12-27,360,131,422.4404166666667,422.4404166666667,0.0,0.2681,113.25627570833335,113.25627570833335
2025-12-27,360,132,1247.907585,1247.907585,0.0,0.2719,339.30607236149996,339.30607236149996
2025-12-27,360,133,1248.9419966666667,1248.9419966666667,0.0,0.3384,422.64197167199995,422.64197167199995
2025-12-27,360,134,1243.1689166666665,1243.1689166666665,0.0,0.2901,360.643302725,360.643302725
2025-12-27,360,135,1253.9419991666666,1253.9419991666666,0.0,0.2883,361.51147835975,361.51147835975
2025-12-27,360,136,434.08210166666674,434.08210166666674,0.0,0.3089,134.08796120483336,134.08796120483336
2025-12-27,360,137,435.37641666666667,435.37641666666667,0.0,0.3147,137.012958325,137.012958325
2025-12-27,360,138,425.45893250000006,425.45893250000006,0.0,0.3109,132.27518211425001,132.27518211425001
2025-12-27,360,139,1257.2831608333333,1257.2831608333333,0.0,0.3202,402.5820680988333,402.5820680988333
2025-12-27,360,140,1260.4679999999998,1260.4679999999998,0.0,0.3347,421.87863959999993,421.87863959999993
2025-12-27,360,141,1254.9909699999998,1254.9909699999998,0.0,0.332,416.65700203999995,416.65700203999995
2025-12-27,360,142,331.42070980913275,331.42070980913275,0.0,0.3679,121.92967913877993,121.92967913877993
2025-12-27,360,143,0.0,0.0,0.0,0.4321,0.0,0.0
2025-12-28,361,0,1354.9359008333333,1354.9359008333333,0.0,0.4497,609.3146746047499,609.3146746047499
2025-12-28,361,1,1351.1562233333334,1351.1562233333334,0.0,0.4319,583.5643728576667,583.5643728576667
2025-12-28,361,2,532.8464166666666,532.8464166666666,0.0,0.4189,223.20936394166665,223.20936394166665
2025-12-28,361,3,1371.280885,1371.280885,0.0,0.4375,599.9353871874999,599.9353871874999
2025-12-28,361,4,1359.122585,1359.122585,0.0,0.4372,594.208394162,594.208394162
2025-12-28,361,5,521.9880833333334,521.9880833333334,0.0,0.423,220.80095925000003,220.80095925000003
2025-12-28,361,6,562.2700066666667,562.2700066666667,0.0,0.4465,251.0535579766667,251.0535579766667
2025-12-28,361,7,576.5905941666667,576.5905941666667,0.0,0.4502,259.58108549383337,259.58108549383337
2025-12-28,361,8,1391.4315833333333,1391.4315833333333,0.0,0.4345,604.5770229583333,604.5770229583333
2025-12-28,361,9,613.2459083990354,613.2459083990354,0.0,0.4554,279.27218668492077,279.27218668492077
2025-12-28,361,10,561.1421433333334,561.1421433333334,0.0,0.4493,252.12116499966666,252.12116499966666
2025-12-28,361,11,548.5399166666667,548.5399166666667,0.0,0.4189,229.78337109166668,229.78337109166668
2025-12-28,361,12,574.0758575,574.0758575,0.0,0.4382,251.56004075649997,251.56004075649997
2025-12-28,361,13,583.6337883333334,583.6337883333334,0.0,0.4797,279.96912826350007,279.96912826350007
2025-12-28,361,14,570.90725,570.90725,0.0,0.4905,280.030006125,280.030006125
2025-12-28,361,15,587.3874916666667,587.3874916666667,0.0,0.4506,264.67680374500003,264.67680374500003
2025-12-28,361,16,1416.1183041666666,1416.1183041666666,0.0,0.459,649.9983016125,649.9983016125
2025-12-28,361,17,567.2965,567.2965,0.0,0.5117,290.28561905000004,290.28561905000004
2025-12-28,361,18,0.0,0.0,0.0,0.5091,0.0,0.0
2025-12-28,361,19,344.36652583333193,344.36652583333193,0.0,0.4975,171.32234660208263,171.32234660208263
2025-12-28,361,20,598.0066666666667,598.0066666666667,0.0,0.5028,300.677752,300.677752
2025-12-28,361,21,0.0,0.0,0.0,0.5017,0.0,0.0
2025-12-28,361,22,646.1351033333334,646.1351033333334,0.0,0.5076,327.97817845200007,327.97817845200007
2025-12-28,361,23,1449.9781666666668,1449.9781666666668,0.0,0.5239,759.6435615166668,759.6435615166668
2025-12-28,361,24,1438.8687016666668,1438.8687016666668,0.0,0.5311,764.1831674551668,764.1831674551668
2025-12-28,361,25,613.4767466666667,613.4767466666667,0.0,0.4994,306.37028728533335,306.37028728533335
2025-12-28,361,26,625.8028333333334,625.8028333333334,0.0,0.4613,288.6828470166667,288.6828470166667
2025-12-28,361,27,629.17695,629.17695,0.0,0.4806,302.38244217000005,302.38244217000005
2025-12-28,361,28,622.1080450000001,622.1080450000001,0.0,0.492,306.07715814000005,306.07715814000005
2025-12-28,361,29,622.8645,622.8645,0.0,0.4586,285.6456597,285.6456597
2025-12-28,361,30,0.0,0.0,0.0,0.4218,0.0,0.0
2025-12-28,361,31,0.0,0.0,0.0,0.4814,0.0,0.0
2025-12-28,361,32,1213.0423842592588,1213.0423842592588,0.0,0.5321,645.4598526643516,645.4598526643516
2025-12-28,361,33,1445.320480833333,1445.320480833333,0.0,0.421,608.4799224308332,608.4799224308332
2025-12-28,361,34,677.48994,677.48994,0.0,0.6462,437.793999228,437.793999228
2025-12-28,361,35,721.5046755624293,721.5046755624293,0.0,1.0782,777.9263411914113,777.9263411914113
2025-12-28,361,36,0.0,0.0,0.0,1.0584,0.0,0.0
2025-12-28,361,37,762.4116175,762.4116175,0.0,0.9664,736.7945871520001,736.7945871520001
2025-12-28,361,38,0.0,0.0,0.0,1.0292,0.0,0.0
2025-12-28,361,39,753.1873316666668,753.1873316666668,0.0,1.0784,812.2372184693335,812.2372184693335
2025-12-28,361,40,768.2222883333333,768.2222883333333,0.0,1.0491,805.9420026904999,805.9420026904999
2025-12-28,361,41,0.00012231931054884626,0.00012231931054884626,0.0,0.9905,0.00012115727709863223,0.00012115727709863223
2025-12-28,361,42,755.3090833333333,755.3090833333333,0.0,0.9997,755.0824906083334,755.0824906083334
2025-12-28,361,43,705.4214025000001,705.4214025000001,0.0,1.0322,728.1359716605001,728.1359716605001
2025-12-28,361,44,673.6545416666668,673.6545416666668,0.0,1.0127,682.2099543458334,682.2099543458334
2025-12-28,361,45,1437.9739399999999,1437.9739399999999,0.0,0.9498,1365.7876482119998,1365.7876482119998
2025-12-28,361,46,0.0,0.0,0.0,1.1456,0.0,0.0
2025-12-28,361,47,0.0,0.0,0.0,1.4817,0.0,0.0
2025-12-28,361,48,0.0,0.0,0.0,1.5094,0.0,0.0
2025-12-28,361,49,0.0,0.0,0.0,1.4229,0.0,0.0
2025-12-28,361,50,0.0,0.0,0.0,1.371,0.0,0.0
2025-12-28,361,51,0.0,0.0,0.0,1.3109,0.0,0.0
2025-12-28,361,52,0.0,0.0,0.0,1.2797,0.0,0.0
2025-12-28,361,53,0.0,0.0,0.0,1.2942,0.0,0.0
2025-12-28,361,54,0.0,0.0,0.0,1.3198,0.0,0.0
2025-12-28,361,55,0.0,0.0,0.0,1.2941,0.0,0.0
2025-12-28,361,56,0.0,0.0,0.0,1.2158,0.0,0.0
2025-12-28,361,57,0.0,0.0,0.0,1.1626,0.0,0.0
2025-12-28,361,58,0.0,0.0,0.0,1.2479,0.0,0.0
2025-12-28,361,59,0.0,0.0,0.0,1.4092,0.0,0.0
2025-12-28,361,60,0.0,0.0,0.0,1.4456,0.0,0.0
2025-12-28,361,61,0.0,0.0,0.0,1.3462,0.0,0.0
2025-12-28,361,62,0.0,0.0,0.0,1.2754,0.0,0.0
2025-12-28,361,63,0.0,0.0,0.0,1.3678,0.0,0.0
2025-12-28,361,64,0.0,0.0,0.0,1.1665,0.0,0.0
2025-12-28,361,65,959.4009583333334,959.4009583333334,0.0,0.7515,720.9898201875,720.9898201875
2025-12-28,361,66,924.9939208333333,924.9939208333333,0.0,0.6869,635.3783242204166,635.3783242204166
2025-12-28,361,67,891.3508958333334,891.3508958333334,0.0,0.7365,656.4799347812501,656.4799347812501
2025-12-28,361,68,868.0762291666667,868.0762291666667,0.0,0.7248,629.1816509,629.1816509
2025-12-28,361,69,866.8356466666665,866.8356466666665,0.0,0.7216,625.5086026346665,625.5086026346665
2025-12-28,361,70,816.3009458333332,816.3009458333332,0.0,0.7097,579.3287812579166,579.3287812579166
2025-12-28,361,71,759.5157916666666,759.5157916666666,0.0,0.6822,518.141673075,518.141673075
2025-12-28,361,72,784.7109125,784.7109125,0.0,0.6633,520.49874826125,520.49874826125
2025-12-28,361,73,809.1024283333335,809.1024283333335,0.0,0.6632,536.5967304706668,536.5967304706668
2025-12-28,361,74,793.5581666666667,793.5581666666667,0.0,0.6518,517.2412130333333,517.2412130333333
2025-12-28,361,75,799.0286341666667,799.0286341666667,0.0,0.6201,495.47765604675004,495.47765604675004
2025-12-28,361,76,842.4349825,842.4349825,0.0,0.7743,652.29740694975,652.29740694975
2025-12-28,361,77,0.0,0.0,0.0,1.0289,0.0,0.0
2025-12-28,361,78,0.0,0.0,0.0,1.0736,0.0,0.0
2025-12-28,361,79,0.0,0.0,0.0,1.0753,0.0,0.0
2025-12-28,361,80,53.22433333333345,53.22433333333345,0.0,1.1048,58.802243466666795,58.802243466666795
2025-12-28,361,81,0.0,0.0,0.0,1.0794,0.0,0.0
2025-12-28,361,82,0.0,0.0,0.0,1.1677,0.0,0.0
2025-12-28,361,83,0.0,0.0,0.0,1.3356,0.0,0.0
2025-12-28,361,84,0.0,0.0,0.0,1.3594,0.0,0.0
2025-12-28,361,85,0.0,0.0,0.0,1.3277,0.0,0.0
2025-12-28,361,86,0.0,0.0,0.0,1.3418,0.0,0.0
2025-12-28,361,87,0.0,0.0,0.0,1.3739,0.0,0.0
2025-12-28,361,88,0.0,0.0,0.0,1.171,0.0,0.0
2025-12-28,361,89,1205.4206458333333,1205.4206458333333,0.0,0.8558,1031.5989887041667,1031.5989887041667
2025-12-28,361,90,1251.688955,1251.688955,0.0,0.8303,1039.2773393365,1039.2773393365
2025-12-28,361,91,468.79569916666674,468.79569916666674,0.0,0.9004,422.1036475296667,422.1036475296667
2025-12-28,361,92,509.90862500000003,509.90862500000003,0.0,0.9237,471.0025969125,471.0025969125
2025-12-28,361,93,1011.7635340202985,1011.7635340202985,0.0,0.9493,960.4671228454694,960.4671228454694
2025-12-28,361,94,566.5394708333332,566.5394708333332,0.0,0.9695,549.2600169729166,549.2600169729166
2025-12-28,361,95,623.0649791666667,623.0649791666667,0.0,0.9698,604.2484167958334,604.2484167958334
2025-12-28,361,96,658.3121800000001,658.3121800000001,0.0,0.9644,634.8762663920002,634.8762663920002
2025-12-28,361,97,695.6623041666668,695.6623041666668,0.0,1.0353,720.2191835037502,720.2191835037502
2025-12-28,361,98,753.1772916666667,753.1772916666667,0.0,1.1274,849.1320786250001,849.1320786250001
2025-12-28,361,99,809.09883,809.09883,0.0,1.0953,886.205948499,886.205948499
2025-12-28,361,100,831.6924183333334,831.6924183333334,0.0,1.0464,870.2829465440001,870.2829465440001
2025-12-28,361,101,827.4244791666667,827.4244791666667,0.0,1.0654,881.5380401041666,881.5380401041666
2025-12-28,361,102,826.1824883333335,826.1824883333335,0.0,1.1314,934.7428673003335,934.7428673003335
2025-12-28,361,103,838.3749558333334,838.3749558333334,0.0,1.1576,970.5028488726667,970.5028488726667
2025-12-28,361,104,847.0611666666667,847.0611666666667,0.0,1.1262,953.9602859000001,953.9602859000001
2025-12-28,361,105,838.7855883333333,838.7855883333333,0.0,1.1047,926.6064394318333,926.6064394318333
2025-12-28,361,106,748.2369808333334,748.2369808333334,0.0,1.1573,865.9346579184167,865.9346579184167
2025-12-28,361,107,634.4574166666666,634.4574166666666,0.0,1.2434,788.8843518833334,788.8843518833334
2025-12-28,361,108,0.0,0.0,0.0,1.2643,0.0,0.0
2025-12-28,361,109,377.83530288173677,377.83530288173677,0.0,1.2939,488.8810983986792,488.8810983986792
2025-12-28,361,110,623.6612500000001,623.6612500000001,0.0,1.3104,817.2457020000002,817.2457020000002
2025-12-28,361,111,644.8670358333334,644.8670358333334,0.0,1.2363,797.24911640075,797.24911640075
2025-12-28,361,112,0.0,0.0,0.0,1.3159,0.0,0.0
2025-12-28,361,113,0.0,0.0,0.0,1.5023,0.0,0.0
2025-12-28,361,114,0.0,0.0,0.0,1.4918,0.0,0.0
2025-12-28,361,115,0.0,0.0,0.0,1.4383,0.0,0.0
2025-12-28,361,116,0.0,0.0,0.0,1.4697,0.0,0.0
2025-12-28,361,117,0.0,0.0,0.0,1.5442,0.0,0.0
2025-12-28,361,118,0.0,0.0,0.0,1.5287,0.0,0.0
2025-12-28,361,119,0.0,0.0,0.0,1.4697,0.0,0.0
2025-12-28,361,120,0.0,0.0,0.0,1.5327,0.0,0.0
2025-12-28,361,121,0.0,0.0,0.0,1.5651,0.0,0.0
2025-12-28,361,122,0.0,0.0,0.0,1.5431,0.0,0.0
2025-12-28,361,123,0.0,0.0,0.0,1.5538,0.0,0.0
2025-12-28,361,124,0.0,0.0,0.0,1.3082,0.0,0.0
2025-12-28,361,125,606.5021666666668,606.5021666666668,0.0,0.9346,566.8369249666667,566.8369249666667
2025-12-28,361,126,1332.3762504926972,1332.3762504926972,0.0,0.898,1196.473872942442,1196.473872942442
2025-12-28,361,127,626.851975,626.851975,0.0,0.9691,607.4822489725,607.4822489725
2025-12-28,361,128,637.2460000000001,637.2460000000001,0.0,0.9944,633.6774224000001,633.6774224000001
2025-12-28,361,129,0.10275330657248105,0.10275330657248105,0.0,1.0029,0.10305129116154124,0.10305129116154124
2025-12-28,361,130,591.3830425000001,591.3830425000001,0.0,0.7549,446.4350587832501,446.4350587832501
2025-12-28,361,131,1332.3454166666666,1332.3454166666666,0.0,0.3992,531.8722903333332,531.8722903333332
2025-12-28,361,132,1311.9962591666667,1311.9962591666667,0.0,0.3669,481.37142748825005,481.37142748825005
2025-12-28,361,133,494.69643833333333,494.69643833333333,0.0,0.3961,195.94925922383334,195.94925922383334
2025-12-28,361,134,503.27616666666665,503.27616666666665,0.0,0.3477,174.98912315,174.98912315
2025-12-28,361,135,1332.9094066666667,1332.9094066666667,0.0,0.3512,468.11778362133333,468.11778362133333
2025-12-28,361,136,1335.1805325,1335.1805325,0.0,0.403,538.0777545975001,538.0777545975001
2025-12-28,361,137,511.3688333333333,511.3688333333333,0.0,0.4343,222.08748431666666,222.08748431666666
2025-12-28,361,138,513.6068475,513.6068475,0.0,0.3914,201.0257201115,201.0257201115
2025-12-28,361,139,571.5408979360736,571.5408979360736,0.0,0.3918,223.92972381135363,223.92972381135363
2025-12-28,361,140,512.5226666666666,512.5226666666666,0.0,0.4485,229.866416,229.866416
2025-12-28,361,141,520.73676,520.73676,0.0,0.4552,237.039373152,237.039373152
2025-12-28,361,142,1372.7952708333332,1372.7952708333332,0.0,0.4166,571.9065098291667,571.9065098291667
2025-12-28,361,143,1411.0222083333333,1411.0222083333333,0.0,0.3839,541.6914257791667,541.6914257791667
2025-12-29,362,0,1451.9241625,1451.9241625,0.0,0.3987,578.88216358875,578.88216358875
2025-12-29,362,1,1449.9859575,1449.9859575,0.0,0.4023,583.32935070225,583.32935070225
2025-12-29,362,2,1421.5243333333333,1421.5243333333333,0.0,0.3902,554.6787948666666,554.6787948666666
2025-12-29,362,3,1434.5376041666666,1434.5376041666666,0.0,0.4169,598.0587271770833,598.0587271770833
2025-12-29,362,4,1446.83646,1446.83646,0.0,0.4546,657.731854716,657.731854716
2025-12-29,362,5,1440.9311666666667,1440.9311666666667,0.0,0.4721,680.2636037833335,680.2636037833335
2025-12-29,362,6,617.5584441666667,617.5584441666667,0.0,0.464,286.5471180933334,286.5471180933334
2025-12-29,362,7,0.0,0.0,0.0,0.4511,0.0,0.0
2025-12-29,362,8,0.0,0.0,0.0,0.4529,0.0,0.0
2025-12-29,362,9,620.7011883333334,620.7011883333334,0.0,0.4749,294.7709943395,294.7709943395
2025-12-29,362,10,625.5218491666668,625.5218491666668,0.0,0.4968,310.75925466600006,310.75925466600006
2025-12-29,362,11,638.9543333333334,638.9543333333334,0.0,0.495,316.282395,316.282395
2025-12-29,362,12,1465.9244660737354,1465.9244660737354,0.0,0.4654,682.2412465107165,682.2412465107165
2025-12-29,362,13,637.6593100000001,637.6593100000001,0.0,0.4687,298.87091859700007,298.87091859700007
2025-12-29,362,14,0.0,0.0,0.0,0.4941,0.0,0.0
2025-12-29,362,15,93.01752800943383,93.01752800943383,0.0,0.4746,44.146118793277296,44.146118793277296
2025-12-29,362,16,1485.7604783333331,1485.7604783333331,0.0,0.4629,687.7585254204998,687.7585254204998
2025-12-29,362,17,1468.73625,1468.73625,0.0,0.4836,710.2808504999999,710.2808504999999
2025-12-29,362,18,1488.3471566666667,1488.3471566666667,0.0,0.5036,749.5316280973334,749.5316280973334
2025-12-29,362,19,677.3431266666668,677.3431266666668,0.0,0.4941,334.67523888600005,334.67523888600005
2025-12-29,362,20,681.8769166666666,681.8769166666666,0.0,0.4646,316.8000154833333,316.8000154833333
2025-12-29,362,21,683.7905741666667,683.7905741666667,0.0,0.4551,311.19309030325,311.19309030325
2025-12-29,362,22,685.1507533333335,685.1507533333335,0.0,0.4842,331.74999476400006,331.74999476400006
2025-12-29,362,23,686.5435,686.5435,0.0,0.5212,357.8264722,357.8264722
2025-12-29,362,24,605.0697125000004,605.0697125000004,0.0,0.5145,311.3083670812502,311.3083670812502
2025-12-29,362,25,0.0,0.0,0.0,0.4993,0.0,0.0
2025-12-29,362,26,657.96675,657.96675,0.0,0.4948,325.5619479,325.5619479
2025-12-29,362,27,691.4079025,691.4079025,0.0,0.4877,337.19963404925,337.19963404925
2025-12-29,362,28,704.8824766666667,704.8824766666667,0.0,0.4883,344.19411335633333,344.19411335633333
2025-12-29,362,29,690.4558333333333,690.4558333333333,0.0,0.5015,346.26360041666663,346.26360041666663
2025-12-29,362,30,694.6182983333333,694.6182983333333,0.0,0.5177,359.6038930471667,359.6038930471667
2025-12-29,362,31,712.0507991666667,712.0507991666667,0.0,0.5155,367.06218697041663,367.06218697041663
2025-12-29,362,32,695.7160000000001,695.7160000000001,0.0,0.4863,338.32669080000005,338.32669080000005
2025-12-29,362,33,1478.7284858333333,1478.7284858333333,0.0,0.4751,702.5439036194167,702.5439036194167
2025-12-29,362,34,733.8967075,733.8967075,0.0,0.6643,487.52758279225003,487.52758279225003
2025-12-29,362,35,897.2641666666667,897.2641666666667,0.0,0.9497,852.1317790833334,852.1317790833334
2025-12-29,362,36,62.62557083333355,62.62557083333355,0.0,1.0182,63.765356222500216,63.765356222500216
2025-12-29,362,37,863.5428841666667,863.5428841666667,0.0,1.0009,864.3200727624165,864.3200727624165
2025-12-29,362,38,878.7141666666666,878.7141666666666,0.0,1.0193,895.6733500833334,895.6733500833334
2025-12-29,362,39,885.587725,885.587725,0.0,1.0587,937.5717244575,937.5717244575
2025-12-29,362,40,884.0737108333335,884.0737108333335,0.0,1.0584,935.7036155460002,935.7036155460002
2025-12-29,362,41,886.7658749999999,886.7658749999999,0.0,1.0192,903.7917798000001,903.7917798000001
2025-12-29,362,42,874.06799,874.06799,0.0,0.9946,869.3480228540001,869.3480228540001
2025-12-29,362,43,840.2319066666668,840.2319066666668,0.0,0.963,809.1433261200001,809.1433261200001
2025-12-29,362,44,872.3325717592583,872.3325717592583,0.0,0.9058,790.1588434995361,790.1588434995361
2025-12-29,362,45,1546.4290716666667,1546.4290716666667,0.0,0.8706,1346.3211497930001,1346.3211497930001
2025-12-29,362,46,790.3536725000001,790.3536725000001,0.0,1.065,841.7266612125001,841.7266612125001
2025-12-29,362,47,103.74818750000006,103.74818750000006,0.0,1.3594,141.03528608750008,141.03528608750008
2025-12-29,362,48,77.98409250000014,77.98409250000014,0.0,1.39,108.3978885750002,108.3978885750002
2025-12-29,362,49,0.0,0.0,0.0,1.3544,0.0,0.0
2025-12-29,362,50,0.0,0.0,0.0,1.3661,0.0,0.0
2025-12-29,362,51,0.0,0.0,0.0,1.3354,0.0,0.0
2025-12-29,362,52,0.0,0.0,0.0,1.2748,0.0,0.0
2025-12-29,362,53,0.0,0.0,0.0,1.2391,0.0,0.0
2025-12-29,362,54,0.0,0.0,0.0,1.2625,0.0,0.0
2025-12-29,362,55,0.0,0.0,0.0,1.2462,0.0,0.0
2025-12-29,362,56,0.0,0.0,0.0,1.1932,0.0,0.0
2025-12-29,362,57,268.25566121506654,268.25566121506654,0.0,1.2102,324.6430012024735,324.6430012024735
2025-12-29,362,58,0.0,0.0,0.0,1.2771,0.0,0.0
2025-12-29,362,59,0.0,0.0,0.0,1.3373,0.0,0.0
2025-12-29,362,60,0.0,0.0,0.0,1.3458,0.0,0.0
2025-12-29,362,61,0.0,0.0,0.0,1.3189,0.0,0.0
2025-12-29,362,62,0.0,0.0,0.0,1.3237,0.0,0.0
2025-12-29,362,63,0.0,0.0,0.0,1.3739,0.0,0.0
2025-12-29,362,64,228.28246666666655,228.28246666666655,0.0,1.1509,262.7302908866665,262.7302908866665
2025-12-29,362,65,1052.127416666667,1052.127416666667,0.0,0.7584,797.9334328000002,797.9334328000002
2025-12-29,362,66,1027.8884791666667,1027.8884791666667,0.0,0.6549,673.1641650062501,673.1641650062501
2025-12-29,362,67,1016.5252833333333,1016.5252833333333,0.0,0.6999,711.4660458049999,711.4660458049999
2025-12-29,362,68,1032.9043333333332,1032.9043333333332,0.0,0.7386,762.9031405999999,762.9031405999999
2025-12-29,362,69,1021.9484008333333,1021.9484008333333,0.0,0.7496,766.0525212646667,766.0525212646667
2025-12-29,362,70,972.7922566666668,972.7922566666668,0.0,0.6862,667.5300465246668,667.5300465246668
2025-12-29,362,71,920.1966874999998,920.1966874999998,0.0,0.6145,565.46086446875,565.46086446875
2025-12-29,362,72,901.7560541666667,901.7560541666667,0.0,0.6628,597.6839127016666,597.6839127016666
2025-12-29,362,73,912.1932391666667,912.1932391666667,0.0,0.727,663.1644848741666,663.1644848741666
2025-12-29,362,74,934.1031875,934.1031875,0.0,0.7147,667.60354810625,667.60354810625
2025-12-29,362,75,953.5633841666665,953.5633841666665,0.0,0.6575,626.9679250895832,626.9679250895832
2025-12-29,362,76,962.1447266666668,962.1447266666668,0.0,0.7823,752.6858196713334,752.6858196713334
2025-12-29,362,77,159.02447916666665,159.02447916666665,0.0,1.021,162.36399322916662,162.36399322916662
2025-12-29,362,78,220.65398500000003,220.65398500000003,0.0,1.08,238.30630380000005,238.30630380000005
2025-12-29,362,79,241.20096166666679,241.20096166666679,0.0,1.1268,271.78524360600017,271.78524360600017
2025-12-29,362,80,225.3268958333333,225.3268958333333,0.0,1.1705,263.74513157291665,263.74513157291665
2025-12-29,362,81,237.7689600000001,237.7689600000001,0.0,1.0646,253.1288348160001,253.1288348160001
2025-12-29,362,82,0.0,0.0,0.0,1.1289,0.0,0.0
2025-12-29,362,83,0.0,0.0,0.0,1.3389,0.0,0.0
2025-12-29,362,84,0.0,0.0,0.0,1.3474,0.0,0.0
2025-12-29,362,85,0.0,0.0,0.0,1.3568,0.0,0.0
2025-12-29,362,86,0.0,0.0,0.0,1.4662,0.0,0.0
2025-12-29,362,87,0.0,0.0,0.0,1.5131,0.0,0.0
2025-12-29,362,88,0.0,0.0,0.0,1.2905,0.0,0.0
2025-12-29,362,89,1315.4408958333333,1315.4408958333333,0.0,0.9552,1256.5091437,1256.5091437
2025-12-29,362,90,1370.1429891666667,1370.1429891666667,0.0,0.8918,1221.8935177388335,1221.8935177388335
2025-12-29,362,91,1422.7285175000002,1422.7285175000002,0.0,0.9147,1301.36977495725,1301.36977495725
2025-12-29,362,92,945.4211454091828,945.4211454091828,0.0,0.8827,834.5232450526858,834.5232450526858
2025-12-29,362,93,683.9297483333335,683.9297483333335,0.0,0.8531,583.4604683031667,583.4604683031667
2025-12-29,362,94,730.0126991666666,730.0126991666666,0.0,0.9071,662.1945194140833,662.1945194140833
2025-12-29,362,95,773.8760208333333,773.8760208333333,0.0,0.997,771.5543927708333,771.5543927708333
2025-12-29,362,96,813.4671125000002,813.4671125000002,0.0,0.9997,813.2230723662502,813.2230723662502
2025-12-29,362,97,849.4385091666666,849.4385091666666,0.0,1.0163,863.2843568660832,863.2843568660832
2025-12-29,362,98,895.7594375000001,895.7594375000001,0.0,1.0842,971.1823821375002,971.1823821375002
2025-12-29,362,99,958.1491158333334,958.1491158333334,0.0,1.1319,1084.52898421175,1084.52898421175
2025-12-29,362,100,999.3832700000002,999.3832700000002,0.0,1.1374,1136.698531298,1136.698531298
2025-12-29,362,101,1017.25225,1017.25225,0.0,1.1176,1136.8811145999998,1136.8811145999998
2025-12-29,362,102,1033.2585733333333,1033.2585733333333,0.0,1.1064,1143.197285536,1143.197285536
2025-12-29,362,103,1030.7929183333335,1030.7929183333335,0.0,1.1046,1138.6138575910002,1138.6138575910002
2025-12-29,362,104,1026.8914166666666,1026.8914166666666,0.0,1.0978,1127.3213972166668,1127.3213972166668
2025-12-29,362,105,1060.6200491666668,1060.6200491666668,0.0,1.0874,1153.3182414638334,1153.3182414638334
2025-12-29,362,106,936.4563316666666,936.4563316666666,0.0,1.1586,1084.978305869,1084.978305869
2025-12-29,362,107,725.3050833333333,725.3050833333333,0.0,1.256,910.9831846666666,910.9831846666666
2025-12-29,362,108,704.8953233333334,704.8953233333334,0.0,1.2384,872.942368416,872.942368416
2025-12-29,362,109,735.39544,735.39544,0.0,1.2603,926.8188730319999,926.8188730319999
2025-12-29,362,110,725.9942500000001,725.9942500000001,0.0,1.3244,961.5067847000001,961.5067847000001
2025-12-29,362,111,726.2748358333333,726.2748358333333,0.0,1.2914,937.9113229951668,937.9113229951668
2025-12-29,362,112,0.0,0.0,0.0,1.3502,0.0,0.0
2025-12-29,362,113,0.0,0.0,0.0,1.4986,0.0,0.0
2025-12-29,362,114,0.0,0.0,0.0,1.5276,0.0,0.0
2025-12-29,362,115,0.0,0.0,0.0,1.5031,0.0,0.0
2025-12-29,362,116,0.0,0.0,0.0,1.4935,0.0,0.0
2025-12-29,362,117,0.0,0.0,0.0,1.4983,0.0,0.0
2025-12-29,362,118,0.0,0.0,0.0,1.5127,0.0,0.0
2025-12-29,362,119,0.0,0.0,0.0,1.5207,0.0,0.0
2025-12-29,362,120,0.0,0.0,0.0,1.5046,0.0,0.0
2025-12-29,362,121,0.0,0.0,0.0,1.4831,0.0,0.0
2025-12-29,362,122,0.0,0.0,0.0,1.4996,0.0,0.0
2025-12-29,362,123,0.0,0.0,0.0,1.5396,0.0,0.0
2025-12-29,362,124,325.43426538173543,325.43426538173543,0.0,1.3173,428.69455778736005,428.69455778736005
2025-12-29,362,125,729.2925,729.2925,0.0,0.9552,696.6201960000001,696.6201960000001
2025-12-29,362,126,730.9449450000001,730.9449450000001,0.0,0.8936,653.172402852,653.172402852
2025-12-29,362,127,731.8143275000001,731.8143275000001,0.0,0.9475,693.3940753062501,693.3940753062501
2025-12-29,362,128,739.5960833333335,739.5960833333335,0.0,0.979,724.0645655833334,724.0645655833334
2025-12-29,362,129,747.1950283333335,747.1950283333335,0.0,0.9985,746.0742357908335,746.0742357908335
2025-12-29,362,130,669.2691533333334,669.2691533333334,0.0,0.7923,530.261950186,530.261950186
2025-12-29,362,131,550.9514166666667,550.9514166666667,0.0,0.4623,254.704839925,254.704839925
2025-12-29,362,132,1367.2678875000001,1367.2678875000001,0.0,0.3684,503.70148975500007,503.70148975500007
2025-12-29,362,133,1372.918565833333,1372.918565833333,0.0,0.4098,562.6220282784999,562.6220282784999
2025-12-29,362,134,1363.2279166666667,1363.2279166666667,0.0,0.448,610.7261066666667,610.7261066666667
2025-12-29,362,135,1381.6393516666667,1381.6393516666667,0.0,0.447,617.592790195,617.592790195
2025-12-29,362,136,560.72932,560.72932,0.0,0.4539,254.51503834800002,254.51503834800002
2025-12-29,362,137,1386.6365,1386.6365,0.0,0.46,637.85279,637.85279
2025-12-29,362,138,1383.2278583333332,1383.2278583333332,0.0,0.4148,573.7629156366667,573.7629156366667
2025-12-29,362,139,613.8042062694069,613.8042062694069,0.0,0.3959,243.00508526205817,243.00508526205817
2025-12-29,362,140,566.32075,566.32075,0.0,0.4121,233.38078107500002,233.38078107500002
2025-12-29,362,141,585.0988158333334,585.0988158333334,0.0,0.3987,233.27889787275004,233.27889787275004
2025-12-29,362,142,590.6272833333334,590.6272833333334,0.0,0.3995,235.9555996916667,235.9555996916667
2025-12-29,362,143,579.9597916666668,579.9597916666668,0.0,0.4211,244.22106827083337,244.22106827083337
2025-12-30,363,0,580.0391400000001,580.0391400000001,0.0,0.425,246.51663450000004,246.51663450000004
2025-12-30,363,1,751.3379237688434,751.3379237688434,0.0,0.4505,338.477734657864,338.477734657864
2025-12-30,363,2,1436.2633333333333,1436.2633333333333,0.0,0.4839,695.007827,695.007827
2025-12-30,363,3,1426.0239566666664,1426.0239566666664,0.0,0.4612,657.6822488146665,657.6822488146665
2025-12-30,363,4,1418.2472075,1418.2472075,0.0,0.4094,580.6304067505,580.6304067505
2025-12-30,363,5,1431.951,1431.951,0.0,0.3875,554.8810125,554.8810125
2025-12-30,363,6,620.0942657413018,620.0942657413018,0.0,0.4304,266.8885719750563,266.8885719750563
2025-12-30,363,7,1446.701575,1446.701575,0.0,0.4458,644.939562135,644.939562135
2025-12-30,363,8,1429.2470833333332,1429.2470833333332,0.0,0.4332,619.1498364999999,619.1498364999999
2025-12-30,363,9,622.8923408333335,622.8923408333335,0.0,0.4756,296.24759730033344,296.24759730033344
2025-12-30,363,10,645.9911216666668,645.9911216666668,0.0,0.5009,323.5769528428334,323.5769528428334
2025-12-30,363,11,644.6770833333334,644.6770833333334,0.0,0.4813,310.28308020833333,310.28308020833333
2025-12-30,363,12,638.7625258333333,638.7625258333333,0.0,0.4619,295.04441068241664,295.04441068241664
2025-12-30,363,13,533.6296608333337,533.6296608333337,0.0,0.442,235.8643100883335,235.8643100883335
2025-12-30,363,14,0.0,0.0,0.0,0.4406,0.0,0.0
2025-12-30,363,15,647.4150958333335,647.4150958333335,0.0,0.486,314.64373657500005,314.64373657500005
2025-12-30,363,16,1486.6631775,1486.6631775,0.0,0.5147,765.1855374592501,765.1855374592501
2025-12-30,363,17,659.2305833333334,659.2305833333334,0.0,0.5001,329.681214725,329.681214725
2025-12-30,363,18,463.0824458333325,463.0824458333325,0.0,0.4726,218.85276390083294,218.85276390083294
2025-12-30,363,19,678.3972175,678.3972175,0.0,0.4511,306.02498481425,306.02498481425
2025-12-30,363,20,685.8958333333334,685.8958333333334,0.0,0.4271,292.94611041666667,292.94611041666667
2025-12-30,363,21,660.5254941666667,660.5254941666667,0.0,0.3975,262.55888393125,262.55888393125
2025-12-30,363,22,0.0,0.0,0.0,0.4681,0.0,0.0
2025-12-30,363,23,0.0,0.0,0.0,0.5689,0.0,0.0
2025-12-30,363,24,1497.9374116666665,1497.9374116666665,0.0,0.5126,767.8427172203332,767.8427172203332
2025-12-30,363,25,1493.1430575,1493.1430575,0.0,0.451,673.4075189325,673.4075189325
2025-12-30,363,26,685.5055,685.5055,0.0,0.4768,326.84902239999997,326.84902239999997
2025-12-30,363,27,0.0,0.0,0.0,0.5299,0.0,0.0
2025-12-30,363,28,706.310485,706.310485,0.0,0.5299,374.2739260015,374.2739260015
2025-12-30,363,29,694.9304166666667,694.9304166666667,0.0,0.4953,344.19903537500005,344.19903537500005
2025-12-30,363,30,685.7775083333335,685.7775083333335,0.0,0.5082,348.51212973500003,348.51212973500003
2025-12-30,363,31,683.8466316666667,683.8466316666667,0.0,0.4994,341.51300785433335,341.51300785433335
2025-12-30,363,32,672.6043333333333,672.6043333333333,0.0,0.4432,298.0982405333333,298.0982405333333
2025-12-30,363,33,1481.0920916666669,1481.0920916666669,0.0,0.4311,638.4988007175001,638.4988007175001
2025-12-30,363,34,726.729915,726.729915,0.0,0.6764,491.560114506,491.560114506
2025-12-30,363,35,865.0426666666667,865.0426666666667,0.0,1.0114,874.9041530666668,874.9041530666668
2025-12-30,363,36,146.6391666666667,146.6391666666667,0.0,1.0314,151.24363650000006,151.24363650000006
2025-12-30,363,37,886.8310366666667,886.8310366666667,0.0,1.0105,896.1427625516667,896.1427625516667
2025-12-30,363,38,890.1446666666668,890.1446666666668,0.0,1.0554,939.4586812,939.4586812
2025-12-30,363,39,882.3790983333334,882.3790983333334,0.0,1.0015,883.7026669808334,883.7026669808334
2025-12-30,363,40,877.6306083333334,877.6306083333334,0.0,0.9597,842.2620948175,842.2620948175
2025-12-30,363,41,880.1103958333334,880.1103958333334,0.0,0.9805,862.9482431145834,862.9482431145834
2025-12-30,363,42,855.4736600000001,855.4736600000001,0.0,0.9986,854.2759968760001,854.2759968760001
2025-12-30,363,43,818.3191891666668,818.3191891666668,0.0,1.0159,831.3304642744168,831.3304642744168
2025-12-30,363,44,761.2557708333334,761.2557708333334,0.0,0.991,754.4044688958334,754.4044688958334
2025-12-30,363,45,1520.6501725,1520.6501725,0.0,0.912,1386.83295732,1386.83295732
2025-12-30,363,46,762.1732050000002,762.1732050000002,0.0,1.1103,846.2409095115003,846.2409095115003
2025-12-30,363,47,81.59089583333343,81.59089583333343,0.0,1.4566,118.84529887083347,118.84529887083347
2025-12-30,363,48,48.61902333333353,48.61902333333353,0.0,1.463,71.12963113666696,71.12963113666696
2025-12-30,363,49,0.0,0.0,0.0,1.3818,0.0,0.0
2025-12-30,363,50,0.0,0.0,0.0,1.3714,0.0,0.0
2025-12-30,363,51,0.0,0.0,0.0,1.3343,0.0,0.0
2025-12-30,363,52,0.0,0.0,0.0,1.2895,0.0,0.0
2025-12-30,363,53,0.0,0.0,0.0,1.2797,0.0,0.0
2025-12-30,363,54,0.0,0.0,0.0,1.3122,0.0,0.0
2025-12-30,363,55,0.0,0.0,0.0,1.2949,0.0,0.0
2025-12-30,363,56,0.0,0.0,0.0,1.2118,0.0,0.0
2025-12-30,363,57,277.78215954839936,277.78215954839936,0.0,1.155,320.83839427840127,320.83839427840127
2025-12-30,363,58,0.0,0.0,0.0,1.2343,0.0,0.0
2025-12-30,363,59,0.0,0.0,0.0,1.3794,0.0,0.0
2025-12-30,363,60,0.0,0.0,0.0,1.3988,0.0,0.0
2025-12-30,363,61,0.0,0.0,0.0,1.3475,0.0,0.0
2025-12-30,363,62,0.0,0.0,0.0,1.346,0.0,0.0
2025-12-30,363,63,0.0,0.0,0.0,1.4093,0.0,0.0
2025-12-30,363,64,0.0,0.0,0.0,1.1546,0.0,0.0
2025-12-30,363,65,1059.955375,1059.955375,0.0,0.738,782.24706675,782.24706675
2025-12-30,363,66,1025.5109375000002,1025.5109375000002,0.0,0.7239,742.3673676562502,742.3673676562502
2025-12-30,363,67,1008.4444033333332,1008.4444033333332,0.0,0.7726,779.1241460153332,779.1241460153332
2025-12-30,363,68,1006.9297500000002,1006.9297500000002,0.0,0.713,717.9409117500002,717.9409117500002
2025-12-30,363,69,986.6937249999999,986.6937249999999,0.0,0.7093,699.8618591425,699.8618591425
2025-12-30,363,70,947.3415366666666,947.3415366666666,0.0,0.6689,633.6767538763334,633.6767538763334
2025-12-30,363,71,920.3204375,920.3204375,0.0,0.5988,551.087877975,551.087877975
2025-12-30,363,72,926.6751224999999,926.6751224999999,0.0,0.6218,576.2065911705,576.2065911705
2025-12-30,363,73,949.2992566666665,949.2992566666665,0.0,0.6508,617.8039562386666,617.8039562386666
2025-12-30,363,74,963.7818333333333,963.7818333333333,0.0,0.6233,600.7252167166666,600.7252167166666
2025-12-30,363,75,955.4653433333333,955.4653433333333,0.0,0.5983,571.6549149163334,571.6549149163334
2025-12-30,363,76,970.3084258333334,970.3084258333334,0.0,0.7844,761.1099292236668,761.1099292236668
2025-12-30,363,77,0.0,0.0,0.0,1.0351,0.0,0.0
2025-12-30,363,78,0.0,0.0,0.0,0.9888,0.0,0.0
2025-12-30,363,79,0.0,0.0,0.0,0.9711,0.0,0.0
2025-12-30,363,80,0.0,0.0,0.0,1.0546,0.0,0.0
2025-12-30,363,81,56.12241795159915,56.12241795159915,0.0,1.0082,56.582621778802256,56.582621778802256
2025-12-30,363,82,0.0,0.0,0.0,1.0872,0.0,0.0
2025-12-30,363,83,0.0,0.0,0.0,1.2959,0.0,0.0
2025-12-30,363,84,0.0,0.0,0.0,1.3518,0.0,0.0
2025-12-30,363,85,0.0,0.0,0.0,1.3342,0.0,0.0
2025-12-30,363,86,0.0,0.0,0.0,1.3686,0.0,0.0
2025-12-30,363,87,0.0,0.0,0.0,1.4445,0.0,0.0
2025-12-30,363,88,0.0,0.0,0.0,1.226,0.0,0.0
2025-12-30,363,89,1340.8184583333332,1340.8184583333332,0.0,0.8625,1156.4559203125,1156.4559203125
2025-12-30,363,90,1378.428085,1378.428085,0.0,0.8681,1196.6134205885,1196.6134205885
2025-12-30,363,91,1415.4390858333331,1415.4390858333331,0.0,0.9639,1364.3417348347498,1364.3417348347498
2025-12-30,363,92,1458.4229791666667,1458.4229791666667,0.0,0.9497,1385.0643033145834,1385.0643033145834
2025-12-30,363,93,1500.3902583333333,1500.3902583333333,0.0,0.9107,1366.4054082641667,1366.4054082641667
2025-12-30,363,94,711.632425,711.632425,0.0,0.9355,665.7321335875,665.7321335875
2025-12-30,363,95,765.6612083333335,765.6612083333335,0.0,0.9981,764.2064520375002,764.2064520375002
2025-12-30,363,96,822.3663833333334,822.3663833333334,0.0,1.0026,824.50453593,824.50453593
2025-12-30,363,97,879.2979650000001,879.2979650000001,0.0,1.0172,894.4218899980002,894.4218899980002
2025-12-30,363,98,926.1797291666667,926.1797291666667,0.0,1.0539,976.10081656875,976.10081656875
2025-12-30,363,99,958.6888783333332,958.6888783333332,0.0,1.0516,1008.1572244553332,1008.1572244553332
2025-12-30,363,100,997.8845650000002,997.8845650000002,0.0,1.0489,1046.6811202285,1046.6811202285
2025-12-30,363,101,1035.4865,1035.4865,0.0,1.0763,1114.49411995,1114.49411995
2025-12-30,363,102,1029.7807133333333,1029.7807133333333,0.0,1.1216,1155.0020480746666,1155.0020480746666
2025-12-30,363,103,1015.8564958333335,1015.8564958333335,0.0,1.1354,1153.4034653691667,1153.4034653691667
2025-12-30,363,104,1028.0068333333334,1028.0068333333334,0.0,1.108,1139.0315713333334,1139.0315713333334
2025-12-30,363,105,1057.9246216666668,1057.9246216666668,0.0,1.0878,1150.8104034490002,1150.8104034490002
2025-12-30,363,106,927.6564483333334,927.6564483333334,0.0,1.1585,1074.6899953941668,1074.6899953941668
2025-12-30,363,107,718.1898333333334,718.1898333333334,0.0,1.279,918.5647968333333,918.5647968333333
2025-12-30,363,108,699.2774008333333,699.2774008333333,0.0,1.3155,919.89942079625,919.89942079625
2025-12-30,363,109,736.0547625000002,736.0547625000002,0.0,1.2943,952.6756791037502,952.6756791037502
2025-12-30,363,110,729.13675,729.13675,0.0,1.2629,920.826801575,920.826801575
2025-12-30,363,111,717.3173666666668,717.3173666666668,0.0,1.2586,902.8156376866667,902.8156376866667
2025-12-30,363,112,310.9532670484012,310.9532670484012,0.0,1.3537,420.9374376034207,420.9374376034207
2025-12-30,363,113,0.0,0.0,0.0,1.486,0.0,0.0
2025-12-30,363,114,0.0,0.0,0.0,1.507,0.0,0.0
2025-12-30,363,115,0.0,0.0,0.0,1.492,0.0,0.0
2025-12-30,363,116,0.0,0.0,0.0,1.4952,0.0,0.0
2025-12-30,363,117,0.0,0.0,0.0,1.4969,0.0,0.0
2025-12-30,363,118,0.0,0.0,0.0,1.4949,0.0,0.0
2025-12-30,363,119,0.0,0.0,0.0,1.5003,0.0,0.0
2025-12-30,363,120,0.0,0.0,0.0,1.5189,0.0,0.0
2025-12-30,363,121,0.0,0.0,0.0,1.5113,0.0,0.0
2025-12-30,363,122,0.0,0.0,0.0,1.5147,0.0,0.0
2025-12-30,363,123,0.0,0.0,0.0,1.5554,0.0,0.0
2025-12-30,363,124,0.0,0.0,0.0,1.2929,0.0,0.0
2025-12-30,363,125,726.9879166666667,726.9879166666667,0.0,0.8932,649.3456071666667,649.3456071666667
2025-12-30,363,126,1556.3034724066733,1556.3034724066733,0.0,0.8985,1398.338669957396,1398.338669957396
2025-12-30,363,127,721.5539950000001,721.5539950000001,0.0,0.9737,702.5771249315001,702.5771249315001
2025-12-30,363,128,739.5475833333334,739.5475833333334,0.0,0.9678,715.73415115,715.73415115
2025-12-30,363,129,10.659359583994046,10.659359583994046,0.0,1.0231,10.905590790384307,10.905590790384307
2025-12-30,363,130,683.3357991666667,683.3357991666667,0.0,0.8354,570.8587266238334,570.8587266238334
2025-12-30,363,131,1386.6966666666667,1386.6966666666667,0.0,0.4765,660.7609616666666,660.7609616666666
2025-12-30,363,132,527.3536083333333,527.3536083333333,0.0,0.3684,194.27706931,194.27706931
2025-12-30,363,133,0.0,0.0,0.0,0.3717,0.0,0.0
2025-12-30,363,134,1394.4286666666667,1394.4286666666667,0.0,0.3775,526.3968216666667,526.3968216666667
2025-12-30,363,135,1406.1673441666667,1406.1673441666667,0.0,0.4239,596.07433719225,596.07433719225
2025-12-30,363,136,1243.6452302508878,1243.6452302508878,0.0,0.4363,542.6024139584624,542.6024139584624
2025-12-30,363,137,563.2758333333334,563.2758333333334,0.0,0.4046,227.90140216666668,227.90140216666668
2025-12-30,363,138,1389.1063483333332,1389.1063483333332,0.0,0.3938,547.0300799736666,547.0300799736666
2025-12-30,363,139,1396.5868008333332,1396.5868008333332,0.0,0.3936,549.696564808,549.696564808
2025-12-30,363,140,1412.3315,1412.3315,0.0,0.398,562.107937,562.107937
2025-12-30,363,141,579.4898266666668,579.4898266666668,0.0,0.4128,239.21340044800004,239.21340044800004
2025-12-30,363,142,582.1981891666667,582.1981891666667,0.0,0.3986,232.06419820183334,232.06419820183334
2025-12-30,363,143,579.708375,579.708375,0.0,0.4023,233.2166792625,233.2166792625
2025-12-31,364,0,606.3696175,606.3696175,0.0,0.4993,302.76035001775,302.76035001775
2025-12-31,364,1,611.0280216666666,611.0280216666666,0.0,0.4961,303.1310015488333,303.1310015488333
2025-12-31,364,2,610.172,610.172,0.0,0.3954,241.2620088,241.2620088
2025-12-31,364,3,1427.3779508333332,1427.3779508333332,0.0,0.3932,561.2450102676667,561.2450102676667
2025-12-31,364,4,1415.3934433333334,1415.3934433333334,0.0,0.4065,575.357434715,575.357434715
2025-12-31,364,5,1418.52325,1418.52325,0.0,0.406,575.9204395,575.9204395
2025-12-31,364,6,1440.3674341666667,1440.3674341666667,0.0,0.4544,654.5029620853334,654.5029620853334
2025-12-31,364,7,743.8347470167629,743.8347470167629,0.0,0.4799,356.9662950933445,356.9662950933445
2025-12-31,364,8,612.2018333333334,612.2018333333334,0.0,0.4552,278.67427453333335,278.67427453333335
2025-12-31,364,9,1439.1925575,1439.1925575,0.0,0.4269,614.39130279675,614.39130279675
2025-12-31,364,10,1447.6073841666666,1447.6073841666666,0.0,0.4183,605.5341687969167,605.5341687969167
2025-12-31,364,11,634.7352500000001,634.7352500000001,0.0,0.4463,283.28234207500003,283.28234207500003
2025-12-31,364,12,0.0,0.0,0.0,0.5016,0.0,0.0
2025-12-31,364,13,0.0,0.0,0.0,0.4754,0.0,0.0
2025-12-31,364,14,636.5603333333335,636.5603333333335,0.0,0.4108,261.49898493333336,261.49898493333336
2025-12-31,364,15,428.60167991746357,428.60167991746357,0.0,0.4612,197.6710947779342,197.6710947779342
2025-12-31,364,16,646.0234725,646.0234725,0.0,0.5149,332.63748599025,332.63748599025
2025-12-31,364,17,1470.7728333333332,1470.7728333333332,0.0,0.4945,727.2971660833333,727.2971660833333
2025-12-31,364,18,641.5708916666667,641.5708916666667,0.0,0.4412,283.06107740333334,283.06107740333334
2025-12-31,364,19,657.1900925,657.1900925,0.0,0.4549,298.95577307825,298.95577307825
2025-12-31,364,20,663.6744166666667,663.6744166666667,0.0,0.5061,335.885622275,335.885622275
2025-12-31,364,21,645.7962716666667,645.7962716666667,0.0,0.4746,306.49491053300005,306.49491053300005
2025-12-31,364,22,661.7811791666667,661.7811791666667,0.0,0.4448,294.3602684933333,294.3602684933333
2025-12-31,364,23,1534.633336011018,1534.633336011018,0.0,0.4549,698.104704551412,698.104704551412
2025-12-31,364,24,699.21068,699.21068,0.0,0.4611,322.406044548,322.406044548
2025-12-31,364,25,681.6251599999999,681.6251599999999,0.0,0.4832,329.36127731199997,329.36127731199997
2025-12-31,364,26,681.3351666666667,681.3351666666667,0.0,0.4987,339.7818476166667,339.7818476166667
2025-12-31,364,27,685.4075641666667,685.4075641666667,0.0,0.4625,317.00099842708335,317.00099842708335
2025-12-31,364,28,678.1010450000001,678.1010450000001,0.0,0.4711,319.45340229950006,319.45340229950006
2025-12-31,364,29,668.31275,668.31275,0.0,0.5096,340.57217740000004,340.57217740000004
2025-12-31,364,30,684.381535,684.381535,0.0,0.4745,324.73903835749996,324.73903835749996
2025-12-31,364,31,0.0,0.0,0.0,0.4894,0.0,0.0
2025-12-31,364,32,651.463594166666,651.463594166666,0.0,0.5143,335.0477264799163,335.0477264799163
2025-12-31,364,33,1511.7472408333333,1511.7472408333333,0.0,0.4257,643.5508004227501,643.5508004227501
2025-12-31,364,34,747.5984241666666,747.5984241666666,0.0,0.6251,467.3237749465833,467.3237749465833
2025-12-31,364,35,117.9104166666666,117.9104166666666,0.0,1.0124,119.37250583333326,119.37250583333326
2025-12-31,364,36,897.3242575,897.3242575,0.0,1.0537,945.5105701277502,945.5105701277502
2025-12-31,364,37,883.7923458333335,883.7923458333335,0.0,1.0102,892.8070277608334,892.8070277608334
2025-12-31,364,38,878.338,878.338,0.0,1.0534,925.2412491999999,925.2412491999999
2025-12-31,364,39,890.2246625000001,890.2246625000001,0.0,1.0779,959.5731637087503,959.5731637087503
2025-12-31,364,40,891.7826166666667,891.7826166666667,0.0,1.0555,941.2765518916668,941.2765518916668
2025-12-31,364,41,878.8022083333334,878.8022083333334,0.0,1.0171,893.8297260958333,893.8297260958333
2025-12-31,364,42,861.5306658333335,861.5306658333335,0.0,1.013,872.7305644891668,872.7305644891668
2025-12-31,364,43,838.8696158333335,838.8696158333335,0.0,1.0193,855.0597994189169,855.0597994189169
2025-12-31,364,44,781.3553333333334,781.3553333333334,0.0,0.974,761.0400946666667,761.0400946666667
2025-12-31,364,45,1522.7080866666668,1522.7080866666668,0.0,0.886,1349.1193647866667,1349.1193647866667
2025-12-31,364,46,771.7400300000002,771.7400300000002,0.0,1.0994,848.4509889820001,848.4509889820001
2025-12-31,364,47,112.19125000000025,112.19125000000025,0.0,1.4683,164.73041237500036,164.73041237500036
2025-12-31,364,48,68.3763141666667,68.3763141666667,0.0,1.4707,100.56104524491671,100.56104524491671
2025-12-31,364,49,0.0,0.0,0.0,1.3657,0.0,0.0
2025-12-31,364,50,0.0,0.0,0.0,1.3494,0.0,0.0
2025-12-31,364,51,0.0,0.0,0.0,1.3593,0.0,0.0
2025-12-31,364,52,0.0,0.0,0.0,1.3554,0.0,0.0
2025-12-31,364,53,0.0,0.0,0.0,1.3049,0.0,0.0
2025-12-31,364,54,0.0,0.0,0.0,1.2066,0.0,0.0
2025-12-31,364,55,0.0,0.0,0.0,1.1847,0.0,0.0
2025-12-31,364,56,0.0,0.0,0.0,1.2213,0.0,0.0
2025-12-31,364,57,238.19321288173418,238.19321288173418,0.0,1.1996,285.7365781729283,285.7365781729283
2025-12-31,364,58,0.0,0.0,0.0,1.2881,0.0,0.0
2025-12-31,364,59,0.0,0.0,0.0,1.4447,0.0,0.0
2025-12-31,364,60,0.0,0.0,0.0,1.4297,0.0,0.0
2025-12-31,364,61,0.0,0.0,0.0,1.3483,0.0,0.0
2025-12-31,364,62,0.0,0.0,0.0,1.3495,0.0,0.0
2025-12-31,364,63,0.0,0.0,0.0,1.4311,0.0,0.0
2025-12-31,364,64,228.56485666666663,228.56485666666663,0.0,1.1987,273.9806936863333,273.9806936863333
2025-12-31,364,65,1040.918875,1040.918875,0.0,0.7735,805.1507498125001,805.1507498125001
2025-12-31,364,66,1029.8883649999998,1029.8883649999998,0.0,0.6991,719.9949559715,719.9949559715
2025-12-31,364,67,1003.4725850000002,1003.4725850000002,0.0,0.7659,768.5596528515002,768.5596528515002
2025-12-31,364,68,961.1398750000001,961.1398750000001,0.0,0.7669,737.0981701375001,737.0981701375001
2025-12-31,364,69,953.5656850000003,953.5656850000003,0.0,0.7108,677.7944888980002,677.7944888980002
2025-12-31,364,70,928.0486116666668,928.0486116666668,0.0,0.6749,626.3400080138335,626.3400080138335
2025-12-31,364,71,882.3488333333331,882.3488333333331,0.0,0.6825,602.2030787499998,602.2030787499998
2025-12-31,364,72,880.8396900000002,880.8396900000002,0.0,0.6953,612.4478364570002,612.4478364570002
2025-12-31,364,73,901.0507283333336,901.0507283333336,0.0,0.7038,634.1595026010002,634.1595026010002
2025-12-31,364,74,920.3101458333335,920.3101458333335,0.0,0.6896,634.6458765666667,634.6458765666667
2025-12-31,364,75,929.6040891666668,929.6040891666668,0.0,0.6647,617.9078380690834,617.9078380690834
2025-12-31,364,76,961.7137950000001,961.7137950000001,0.0,0.8151,783.8929143045001,783.8929143045001
2025-12-31,364,77,179.95304166666665,179.95304166666665,0.0,1.0422,187.54706002499998,187.54706002499998
2025-12-31,364,78,0.0,0.0,0.0,1.0491,0.0,0.0
2025-12-31,364,79,0.0,0.0,0.0,1.0453,0.0,0.0
2025-12-31,364,80,0.0,0.0,0.0,1.099,0.0,0.0
2025-12-31,364,81,0.0,0.0,0.0,1.0866,0.0,0.0
2025-12-31,364,82,0.0,0.0,0.0,1.1879,0.0,0.0
2025-12-31,364,83,0.0,0.0,0.0,1.3642,0.0,0.0
2025-12-31,364,84,0.0,0.0,0.0,1.3716,0.0,0.0
2025-12-31,364,85,0.0,0.0,0.0,1.3308,0.0,0.0
2025-12-31,364,86,0.0,0.0,0.0,1.3859,0.0,0.0
2025-12-31,364,87,0.0,0.0,0.0,1.506,0.0,0.0
2025-12-31,364,88,0.0,0.0,0.0,1.2763,0.0,0.0
2025-12-31,364,89,1347.7597291666668,1347.7597291666668,0.0,0.8508,1146.6739775750002,1146.6739775750002
2025-12-31,364,90,1387.7243641666669,1387.7243641666669,0.0,0.8252,1145.1501453103335,1145.1501453103335
2025-12-31,364,91,1420.5933158333332,1420.5933158333332,0.0,0.918,1304.104663935,1304.104663935
2025-12-31,364,92,1467.0145833333333,1467.0145833333333,0.0,0.9359,1372.9789485416666,1372.9789485416666
2025-12-31,364,93,1157.1021555943714,1157.1021555943714,0.0,0.9738,1126.7860791177989,1126.7860791177989
2025-12-31,364,94,740.0823883333333,740.0823883333333,0.0,1.0228,756.9562667873332,756.9562667873332
2025-12-31,364,95,783.2744791666669,783.2744791666669,0.0,1.0518,823.8480971875002,823.8480971875002
2025-12-31,364,96,826.5371524999999,826.5371524999999,0.0,1.0417,861.00375175925,861.00375175925
2025-12-31,364,97,866.5313383333335,866.5313383333335,0.0,0.9983,865.0582350581667,865.0582350581667
2025-12-31,364,98,908.3469583333333,908.3469583333333,0.0,1.0065,914.2512135625,914.2512135625
2025-12-31,364,99,965.8340741666667,965.8340741666667,0.0,1.1421,1103.0790961057498,1103.0790961057498
2025-12-31,364,100,1012.8242791666668,1012.8242791666668,0.0,1.1669,1181.8646513595836,1181.8646513595836
2025-12-31,364,101,1034.011375,1034.011375,0.0,1.0833,1120.1445225375,1120.1445225375
2025-12-31,364,102,1025.7987066666667,1025.7987066666667,0.0,1.1174,1146.2274748293332,1146.2274748293332
2025-12-31,364,103,1005.95775,1005.95775,0.0,1.1203,1126.9744673250002,1126.9744673250002
2025-12-31,364,104,1006.3620833333334,1006.3620833333334,0.0,1.0628,1069.5616221666667,1069.5616221666667
2025-12-31,364,105,1039.1951483333332,1039.1951483333332,0.0,1.0894,1132.099194594333,1132.099194594333
2025-12-31,364,106,919.3343733333334,919.3343733333334,0.0,1.171,1076.5405511733334,1076.5405511733334
2025-12-31,364,107,717.9561666666667,717.9561666666667,0.0,1.2475,895.6503179166667,895.6503179166667
2025-12-31,364,108,705.0540333333333,705.0540333333333,0.0,1.2863,906.9110030766667,906.9110030766667
2025-12-31,364,109,734.2451000000001,734.2451000000001,0.0,1.3025,956.3542427500001,956.3542427500001
2025-12-31,364,110,720.3698333333333,720.3698333333333,0.0,1.2917,930.5017137166667,930.5017137166667
2025-12-31,364,111,726.8968025000001,726.8968025000001,0.0,1.2576,914.1454188240002,914.1454188240002
2025-12-31,364,112,0.0,0.0,0.0,1.3495,0.0,0.0
2025-12-31,364,113,0.0,0.0,0.0,1.489,0.0,0.0
2025-12-31,364,114,0.0,0.0,0.0,1.4483,0.0,0.0
2025-12-31,364,115,0.0,0.0,0.0,1.4484,0.0,0.0
2025-12-31,364,116,0.0,0.0,0.0,1.5352,0.0,0.0
2025-12-31,364,117,0.0,0.0,0.0,1.5299,0.0,0.0
2025-12-31,364,118,0.0,0.0,0.0,1.5097,0.0,0.0
2025-12-31,364,119,0.0,0.0,0.0,1.5135,0.0,0.0
2025-12-31,364,120,0.0,0.0,0.0,1.4925,0.0,0.0
2025-12-31,364,121,0.0,0.0,0.0,1.468,0.0,0.0
2025-12-31,364,122,0.0,0.0,0.0,1.4968,0.0,0.0
2025-12-31,364,123,0.0,0.0,0.0,1.5632,0.0,0.0
2025-12-31,364,124,251.53941288173547,251.53941288173547,0.0,1.3174,331.3780225303983,331.3780225303983
2025-12-31,364,125,722.9708333333334,722.9708333333334,0.0,0.9294,671.9290925,671.9290925
2025-12-31,364,126,733.7695933333334,733.7695933333334,0.0,0.9382,688.4226324653334,688.4226324653334
2025-12-31,364,127,729.6046608333334,729.6046608333334,0.0,0.9633,702.82816978075,702.82816978075
2025-12-31,364,128,733.2342500000001,733.2342500000001,0.0,0.8942,655.6580663500001,655.6580663500001
2025-12-31,364,129,760.5111375,760.5111375,0.0,0.967,735.4142699625,735.4142699625
2025-12-31,364,130,678.0838025,678.0838025,0.0,0.8063,546.73896995575,546.73896995575
2025-12-31,364,131,535.757,535.757,0.0,0.4669,250.14494329999997,250.14494329999997
2025-12-31,364,132,1359.2599774999999,1359.2599774999999,0.0,0.4194,570.0736345634999,570.0736345634999
2025-12-31,364,133,1391.49379,1391.49379,0.0,0.4535,631.042433765,631.042433765
2025-12-31,364,134,1399.2519166666666,1399.2519166666666,0.0,0.4211,589.2249821083333,589.2249821083333
2025-12-31,364,135,1407.744615,1407.744615,0.0,0.3995,562.3939736925,562.3939736925
2025-12-31,364,136,1411.2910458333333,1411.2910458333333,0.0,0.4114,580.6051362558333,580.6051362558333
2025-12-31,364,137,569.3268333333333,569.3268333333333,0.0,0.4303,244.9813363833333,244.9813363833333
2025-12-31,364,138,560.67787,560.67787,0.0,0.4108,230.326468996,230.326468996
2025-12-31,364,139,553.905275,553.905275,0.0,0.3666,203.06167381499998,203.06167381499998
2025-12-31,364,140,620.5015896027403,620.5015896027403,0.0,0.3518,218.29245922224405,218.29245922224405
2025-12-31,364,141,1414.9505049999998,1414.9505049999998,0.0,0.4149,587.0629645244999,587.0629645244999
2025-12-31,364,142,587.8723375,587.8723375,0.0,0.481,282.76659433749995,282.76659433749995
2025-12-31,364,143,583.847375,583.847375,0.0,0.462,269.73748725,269.73748725
