date,day_index,plan_j,B_kwh,A_kwh,delta_A_minus_B_kwh,price_yuan_per_kwh,plan_reference_fee_yuan,final_regular_fee_yuan
2025-09-01,243,0,0.0,0.0,0.0,0.4298,0.0,0.0
2025-09-01,243,1,707.1937683333334,707.1937683333334,0.0,0.4584,324.17762340400003,324.17762340400003
2025-09-01,243,2,709.3702500000002,709.3702500000002,0.0,0.4849,343.97363422500007,343.97363422500007
2025-09-01,243,3,0.0,0.0,0.0,0.4795,0.0,0.0
2025-09-01,243,4,0.0,0.0,0.0,0.4458,0.0,0.0
2025-09-01,243,5,727.7049999999999,727.7049999999999,0.0,0.4251,309.34739549999995,309.34739549999995
2025-09-01,243,6,728.0266058333333,728.0266058333333,0.0,0.4557,331.76172427824997,331.76172427824997
2025-09-01,243,7,709.9643675,709.9643675,0.0,0.4519,320.83289767325,320.83289767325
2025-09-01,243,8,697.0206666666667,697.0206666666667,0.0,0.4113,286.6846002,286.6846002
2025-09-01,243,9,714.4574191666668,714.4574191666668,0.0,0.4164,297.500069341,297.500069341
2025-09-01,243,10,708.8824266666668,708.8824266666668,0.0,0.4363,309.28540275466673,309.28540275466673
2025-09-01,243,11,681.7464166666667,681.7464166666667,0.0,0.4564,311.14906456666665,311.14906456666665
2025-09-01,243,12,690.1070183333334,690.1070183333334,0.0,0.4895,337.80738547416667,337.80738547416667
2025-09-01,243,13,693.4809591666667,693.4809591666667,0.0,0.479,332.17737944083336,332.17737944083336
2025-09-01,243,14,0.0,0.0,0.0,0.4488,0.0,0.0
2025-09-01,243,15,679.7923141666668,679.7923141666668,0.0,0.4764,323.853058469,323.853058469
2025-09-01,243,16,679.3414191666667,679.3414191666667,0.0,0.4672,317.3883110346667,317.3883110346667
2025-09-01,243,17,682.4811666666668,682.4811666666668,0.0,0.4157,283.7074209833334,283.7074209833334
2025-09-01,243,18,684.4063108333334,684.4063108333334,0.0,0.4127,282.4544844809167,282.4544844809167
2025-09-01,243,19,1507.2805358333333,1507.2805358333333,0.0,0.4051,610.5993450660833,610.5993450660833
2025-09-01,243,20,656.87775,656.87775,0.0,0.3967,260.583403425,260.583403425
2025-09-01,243,21,1486.6689241666668,1486.6689241666668,0.0,0.4475,665.2843435645834,665.2843435645834
2025-09-01,243,22,1498.497625,1498.497625,0.0,0.4732,709.08907615,709.08907615
2025-09-01,243,23,679.2454166666668,679.2454166666668,0.0,0.4376,297.23779433333334,297.23779433333334
2025-09-01,243,24,688.7711975,688.7711975,0.0,0.3971,273.51104252724997,273.51104252724997
2025-09-01,243,25,1301.3250073281679,1301.3250073281679,0.0,0.4298,559.3094881496465,559.3094881496465
2025-09-01,243,26,1517.407333333333,1517.407333333333,0.0,0.492,746.5644079999998,746.5644079999998
2025-09-01,243,27,1480.7061708333333,1480.7061708333333,0.0,0.4623,684.5304627762499,684.5304627762499
2025-09-01,243,28,1474.9761216666666,1474.9761216666666,0.0,0.4113,606.6576788415,606.6576788415
2025-09-01,243,29,1492.9934166666667,1492.9934166666667,0.0,0.4004,597.7945640333334,597.7945640333334
2025-09-01,243,30,1478.8259083333332,1478.8259083333332,0.0,0.4238,626.7264199516667,626.7264199516667
2025-09-01,243,31,637.1577191666667,637.1577191666667,0.0,0.4404,280.604259521,280.604259521
2025-09-01,243,32,635.2576041666666,635.2576041666666,0.0,0.4089,259.75683434375,259.75683434375
2025-09-01,243,33,1440.1719783333333,1440.1719783333333,0.0,0.3616,520.7661873653333,520.7661873653333
2025-09-01,243,34,0.007558280260582251,0.007558280260582251,0.0,0.5758,0.0043520577740432595,0.0043520577740432595
2025-09-01,243,35,0.0,0.0,0.0,0.9181,0.0,0.0
2025-09-01,243,36,0.0,0.0,0.0,0.9524,0.0,0.0
2025-09-01,243,37,0.0,0.0,0.0,0.9029,0.0,0.0
2025-09-01,243,38,0.0,0.0,0.0,0.9055,0.0,0.0
2025-09-01,243,39,0.0,0.0,0.0,0.8678,0.0,0.0
2025-09-01,243,40,0.0,0.0,0.0,0.8199,0.0,0.0
2025-09-01,243,41,0.0,0.0,0.0,0.7865,0.0,0.0
2025-09-01,243,42,0.0,0.0,0.0,0.757,0.0,0.0
2025-09-01,243,43,0.0,0.0,0.0,0.7348,0.0,0.0
2025-09-01,243,44,0.0,0.0,0.0,0.6812,0.0,0.0
2025-09-01,243,45,0.0,0.0,0.0,0.5948,0.0,0.0
2025-09-01,243,46,0.0,0.0,0.0,0.7854,0.0,0.0
2025-09-01,243,47,0.0,0.0,0.0,1.1258,0.0,0.0
2025-09-01,243,48,0.0,0.0,0.0,1.1479,0.0,0.0
2025-09-01,243,49,0.0,0.0,0.0,1.0671,0.0,0.0
2025-09-01,243,50,0.0,0.0,0.0,1.0506,0.0,0.0
2025-09-01,243,51,0.0,0.0,0.0,1.0418,0.0,0.0
2025-09-01,243,52,0.0,0.0,0.0,0.994,0.0,0.0
2025-09-01,243,53,0.0,0.0,0.0,0.9383,0.0,0.0
2025-09-01,243,54,0.0,0.0,0.0,0.9427,0.0,0.0
2025-09-01,243,55,0.0,0.0,0.0,0.933,0.0,0.0
2025-09-01,243,56,0.0,0.0,0.0,0.9079,0.0,0.0
2025-09-01,243,57,0.0,0.0,0.0,0.9379,0.0,0.0
2025-09-01,243,58,0.0,0.0,0.0,0.95,0.0,0.0
2025-09-01,243,59,0.0,0.0,0.0,0.9189,0.0,0.0
2025-09-01,243,60,0.0,0.0,0.0,0.8954,0.0,0.0
2025-09-01,243,61,0.0,0.0,0.0,0.8933,0.0,0.0
2025-09-01,243,62,0.0,0.0,0.0,0.9055,0.0,0.0
2025-09-01,243,63,0.0,0.0,0.0,0.8903,0.0,0.0
2025-09-01,243,64,0.0,0.0,0.0,0.7226,0.0,0.0
2025-09-01,243,65,0.0,0.0,0.0,0.5024,0.0,0.0
2025-09-01,243,66,528.5561541666666,528.5561541666666,0.0,0.477,252.12128553749997,252.12128553749997
2025-09-01,243,67,528.2648941666666,528.2648941666666,0.0,0.5044,266.4568126176666,266.4568126176666
2025-09-01,243,68,507.25558333333356,507.25558333333356,0.0,0.4902,248.65668695000014,248.65668695000014
2025-09-01,243,69,0.0,0.0,0.0,0.4766,0.0,0.0
2025-09-01,243,70,0.0,0.0,0.0,0.4646,0.0,0.0
2025-09-01,243,71,0.0,0.0,0.0,0.4421,0.0,0.0
2025-09-01,243,72,0.0,0.0,0.0,0.4106,0.0,0.0
2025-09-01,243,73,0.00033900021333010955,0.00033900021333010955,0.0,0.4243,0.00014383779051596547,0.00014383779051596547
2025-09-01,243,74,451.4740833333335,451.4740833333335,0.0,0.4467,201.67347302500008,201.67347302500008
2025-09-01,243,75,459.72820833333344,459.72820833333344,0.0,0.4113,189.08621208750003,189.08621208750003
2025-09-01,243,76,0.0,0.0,0.0,0.5353,0.0,0.0
2025-09-01,243,77,0.0,0.0,0.0,0.7803,0.0,0.0
2025-09-01,243,78,0.0,0.0,0.0,0.865,0.0,0.0
2025-09-01,243,79,0.0,0.0,0.0,0.8465,0.0,0.0
2025-09-01,243,80,0.0,0.0,0.0,0.8232,0.0,0.0
2025-09-01,243,81,0.0,0.0,0.0,0.8245,0.0,0.0
2025-09-01,243,82,0.0,0.0,0.0,0.8004,0.0,0.0
2025-09-01,243,83,0.0,0.0,0.0,0.785,0.0,0.0
2025-09-01,243,84,0.0,0.0,0.0,0.8546,0.0,0.0
2025-09-01,243,85,0.0,0.0,0.0,0.8532,0.0,0.0
2025-09-01,243,86,0.0,0.0,0.0,0.8234,0.0,0.0
2025-09-01,243,87,0.0,0.0,0.0,0.9364,0.0,0.0
2025-09-01,243,88,0.0,0.0,0.0,0.8625,0.0,0.0
2025-09-01,243,89,195.18947916666662,195.18947916666662,0.0,0.6294,122.85225818749996,122.85225818749996
2025-09-01,243,90,508.13606583333376,508.13606583333376,0.0,0.6147,312.3512396677503,312.3512396677503
2025-09-01,243,91,310.4399983333333,310.4399983333333,0.0,0.6654,206.56677489099997,206.56677489099997
2025-09-01,243,92,348.93937500000015,348.93937500000015,0.0,0.6924,241.60562325000012,241.60562325000012
2025-09-01,243,93,388.96857250000005,388.96857250000005,0.0,0.7691,299.15572910975004,299.15572910975004
2025-09-01,243,94,451.5693083333333,451.5693083333333,0.0,0.8144,367.7580447066667,367.7580447066667
2025-09-01,243,95,509.89570833333346,509.89570833333346,0.0,0.7914,403.5314635750001,403.5314635750001
2025-09-01,243,96,535.132595,535.132595,0.0,0.7562,404.66726833900003,404.66726833900003
2025-09-01,243,97,584.1694783333336,584.1694783333336,0.0,0.7926,463.0127285270002,463.0127285270002
2025-09-01,243,98,656.2683541666667,656.2683541666667,0.0,0.8774,575.8098539458333,575.8098539458333
2025-09-01,243,99,710.5666750000001,710.5666750000001,0.0,0.9089,645.8340509075001,645.8340509075001
2025-09-01,243,100,760.5000325000001,760.5000325000001,0.0,0.9228,701.789429991,701.789429991
2025-09-01,243,101,809.512375,809.512375,0.0,0.951,769.846268625,769.846268625
2025-09-01,243,102,859.4113858333334,859.4113858333334,0.0,0.9856,847.0358618773334,847.0358618773334
2025-09-01,243,103,890.8859825000002,890.8859825000002,0.0,1.0153,904.5165380322503,904.5165380322503
2025-09-01,243,104,946.0288333333333,946.0288333333333,0.0,1.0256,970.2471714666667,970.2471714666667
2025-09-01,243,105,1051.4730558333335,1051.4730558333335,0.0,1.0247,1077.4444403124169,1077.4444403124169
2025-09-01,243,106,983.4273116666667,983.4273116666667,0.0,1.1139,1095.4396824655,1095.4396824655
2025-09-01,243,107,814.9015208333334,814.9015208333334,0.0,1.2654,1031.1763844625002,1031.1763844625002
2025-09-01,243,108,855.5765316666666,855.5765316666666,0.0,1.3332,1140.6546320179998,1140.6546320179998
2025-09-01,243,109,924.6882325,924.6882325,0.0,1.3115,1212.7286169237502,1212.7286169237502
2025-09-01,243,110,918.1280833333334,918.1280833333334,0.0,1.2683,1164.4618480916668,1164.4618480916668
2025-09-01,243,111,909.5401383333335,909.5401383333335,0.0,1.2818,1165.848549315667,1165.848549315667
2025-09-01,243,112,909.4407366666668,909.4407366666668,0.0,1.3238,1203.9176471993335,1203.9176471993335
2025-09-01,243,113,140.25292204840002,140.25292204840002,0.0,1.3576,190.40736697290785,190.40736697290785
2025-09-01,243,114,95.55813833333355,95.55813833333355,0.0,1.366,130.53241696333365,130.53241696333365
2025-09-01,243,115,110.3533966666669,110.3533966666669,0.0,1.3358,147.41006726733366,147.41006726733366
2025-09-01,243,116,115.86050000000023,115.86050000000023,0.0,1.2925,149.74969625000028,149.74969625000028
2025-09-01,243,117,107.6178716666668,107.6178716666668,0.0,1.285,138.28896509166682,138.28896509166682
2025-09-01,243,118,100.11082416666676,100.11082416666676,0.0,1.2999,130.13406033425014,130.13406033425014
2025-09-01,243,119,103.63083333333338,103.63083333333338,0.0,1.2985,134.5646370833334,134.5646370833334
2025-09-01,243,120,108.41195583333345,108.41195583333345,0.0,1.2608,136.68579391466682,136.68579391466682
2025-09-01,243,121,110.20833166666677,110.20833166666677,0.0,1.273,140.2952062116668,140.2952062116668
2025-09-01,243,122,113.55916666666678,113.55916666666678,0.0,1.344,152.62352000000016,152.62352000000016
2025-09-01,243,123,128.24727000000004,128.24727000000004,0.0,1.367,175.31401809000005,175.31401809000005
2025-09-01,243,124,955.4570325000001,955.4570325000001,0.0,1.2026,1149.0326272845,1149.0326272845
2025-09-01,243,125,929.47675,929.47675,0.0,0.9629,894.993162575,894.993162575
2025-09-01,243,126,914.0684416666667,914.0684416666667,0.0,0.9195,840.4859321125,840.4859321125
2025-09-01,243,127,911.410985,911.410985,0.0,0.9561,871.4000427584999,871.4000427584999
2025-09-01,243,128,930.1165000000002,930.1165000000002,0.0,0.9847,915.8857175500002,915.8857175500002
2025-09-01,243,129,965.3086833333333,965.3086833333333,0.0,0.9911,956.7174360516666,956.7174360516666
2025-09-01,243,130,886.7253983333335,886.7253983333335,0.0,0.7584,672.4925420960001,672.4925420960001
2025-09-01,243,131,804.0822562694065,804.0822562694065,0.0,0.4429,356.1280313017201,356.1280313017201
2025-09-01,243,132,720.0904916666668,720.0904916666668,0.0,0.4515,325.1208569875001,325.1208569875001
2025-09-01,243,133,734.3195633333333,734.3195633333333,0.0,0.5051,370.9048114396667,370.9048114396667
2025-09-01,243,134,1562.6295833333334,1562.6295833333334,0.0,0.4549,710.8401974583334,710.8401974583334
2025-09-01,243,135,1569.8266216666666,1569.8266216666666,0.0,0.4258,668.4321755056667,668.4321755056667
2025-09-01,243,136,1584.2674491666664,1584.2674491666664,0.0,0.413,654.3024565058332,654.3024565058332
2025-09-01,243,137,1594.9594166666666,1594.9594166666666,0.0,0.4215,672.2753941249999,672.2753941249999
2025-09-01,243,138,762.0336400000001,762.0336400000001,0.0,0.474,361.20394536000003,361.20394536000003
2025-09-01,243,139,752.4533591666668,752.4533591666668,0.0,0.4878,367.0467486015001,367.0467486015001
2025-09-01,243,140,742.2255,742.2255,0.0,0.4553,337.93527015,337.93527015
2025-09-01,243,141,1559.9597899999999,1559.9597899999999,0.0,0.4423,689.970215117,689.970215117
2025-09-01,243,142,1542.9449508333332,1542.9449508333332,0.0,0.4048,624.5841160973333,624.5841160973333
2025-09-01,243,143,745.5315000000002,745.5315000000002,0.0,0.3663,273.0881884500001,273.0881884500001
2025-09-02,244,0,695.599375,695.599375,0.0,0.4078,283.665425125,283.665425125
2025-09-02,244,1,691.5566258333334,691.5566258333334,0.0,0.455,314.65826475416674,314.65826475416674
2025-09-02,244,2,0.0,0.0,0.0,0.4641,0.0,0.0
2025-09-02,244,3,670.8764633333334,670.8764633333334,0.0,0.46,308.60317313333337,308.60317313333337
2025-09-02,244,4,1376.3052361629793,1376.3052361629793,0.0,0.4578,630.0725371154119,630.0725371154119
2025-09-02,244,5,672.5475833333333,672.5475833333333,0.0,0.4481,301.36857209166664,301.36857209166664
2025-09-02,244,6,697.1514166666666,697.1514166666666,0.0,0.4193,292.3155890083333,292.3155890083333
2025-09-02,244,7,690.9525425,690.9525425,0.0,0.434,299.873403445,299.873403445
2025-09-02,244,8,658.6015000000002,658.6015000000002,0.0,0.4854,319.6851681000001,319.6851681000001
2025-09-02,244,9,0.0,0.0,0.0,0.5019,0.0,0.0
2025-09-02,244,10,0.0,0.0,0.0,0.4988,0.0,0.0
2025-09-02,244,11,1461.5203333333334,1461.5203333333334,0.0,0.4831,706.0604730333333,706.0604730333333
2025-09-02,244,12,1476.8435650000001,1476.8435650000001,0.0,0.4428,653.9463305820001,653.9463305820001
2025-09-02,244,13,1492.9061183333333,1492.9061183333333,0.0,0.4183,624.4826292988333,624.4826292988333
2025-09-02,244,14,665.9280833333333,665.9280833333333,0.0,0.4215,280.688687125,280.688687125
2025-09-02,244,15,0.0,0.0,0.0,0.4287,0.0,0.0
2025-09-02,244,16,0.0,0.0,0.0,0.438,0.0,0.0
2025-09-02,244,17,1488.5196666666666,1488.5196666666666,0.0,0.4454,662.9866595333333,662.9866595333333
2025-09-02,244,18,1478.6526308333332,1478.6526308333332,0.0,0.4396,650.0156965143333,650.0156965143333
2025-09-02,244,19,1489.7677925,1489.7677925,0.0,0.4151,618.4026106667501,618.4026106667501
2025-09-02,244,20,676.1611666666668,676.1611666666668,0.0,0.4013,271.34347618333334,271.34347618333334
2025-09-02,244,21,0.00686697752166765,0.00686697752166765,0.0,0.4347,0.0029850751286689273,0.0029850751286689273
2025-09-02,244,22,658.2835291666667,658.2835291666667,0.0,0.4518,297.4124984775,297.4124984775
2025-09-02,244,23,635.6829166666668,635.6829166666668,0.0,0.44,279.70048333333335,279.70048333333335
2025-09-02,244,24,635.6040275,635.6040275,0.0,0.4433,281.76326539075,281.76326539075
2025-09-02,244,25,653.5653458333334,653.5653458333334,0.0,0.4306,281.42523791583335,281.42523791583335
2025-09-02,244,26,666.0630833333333,666.0630833333333,0.0,0.4147,276.2163606583334,276.2163606583334
2025-09-02,244,27,1482.4984949999998,1482.4984949999998,0.0,0.4418,654.967835091,654.967835091
2025-09-02,244,28,629.7321983333334,629.7321983333334,0.0,0.4421,278.40460488316666,278.40460488316666
2025-09-02,244,29,0.0,0.0,0.0,0.4242,0.0,0.0
2025-09-02,244,30,627.2278625,627.2278625,0.0,0.4656,292.03729278000003,292.03729278000003
2025-09-02,244,31,1473.6968733333333,1473.6968733333333,0.0,0.4892,720.9325104346667,720.9325104346667
2025-09-02,244,32,634.8594583333334,634.8594583333334,0.0,0.4387,278.5128443708333,278.5128443708333
2025-09-02,244,33,1416.3770916666667,1416.3770916666667,0.0,0.3771,534.1158012675,534.1158012675
2025-09-02,244,34,0.0,0.0,0.0,0.5795,0.0,0.0
2025-09-02,244,35,0.0,0.0,0.0,0.9216,0.0,0.0
2025-09-02,244,36,0.0,0.0,0.0,0.9731,0.0,0.0
2025-09-02,244,37,0.0,0.0,0.0,0.8816,0.0,0.0
2025-09-02,244,38,0.0,0.0,0.0,0.8391,0.0,0.0
2025-09-02,244,39,0.0,0.0,0.0,0.887,0.0,0.0
2025-09-02,244,40,0.0,0.0,0.0,0.8916,0.0,0.0
2025-09-02,244,41,0.0,0.0,0.0,0.8158,0.0,0.0
2025-09-02,244,42,0.0,0.0,0.0,0.754,0.0,0.0
2025-09-02,244,43,0.0,0.0,0.0,0.7656,0.0,0.0
2025-09-02,244,44,0.0,0.0,0.0,0.7562,0.0,0.0
2025-09-02,244,45,0.0,0.0,0.0,0.6265,0.0,0.0
2025-09-02,244,46,0.0,0.0,0.0,0.8037,0.0,0.0
2025-09-02,244,47,0.0,0.0,0.0,1.1748,0.0,0.0
2025-09-02,244,48,0.0,0.0,0.0,1.1743,0.0,0.0
2025-09-02,244,49,0.0,0.0,0.0,1.1032,0.0,0.0
2025-09-02,244,50,0.0,0.0,0.0,1.1268,0.0,0.0
2025-09-02,244,51,0.0,0.0,0.0,1.1018,0.0,0.0
2025-09-02,244,52,0.0,0.0,0.0,1.0865,0.0,0.0
2025-09-02,244,53,0.0,0.0,0.0,1.0743,0.0,0.0
2025-09-02,244,54,0.0,0.0,0.0,0.9859,0.0,0.0
2025-09-02,244,55,0.0,0.0,0.0,0.9215,0.0,0.0
2025-09-02,244,56,0.0,0.0,0.0,0.9291,0.0,0.0
2025-09-02,244,57,0.0,0.0,0.0,0.9562,0.0,0.0
2025-09-02,244,58,0.0,0.0,0.0,0.9448,0.0,0.0
2025-09-02,244,59,0.0,0.0,0.0,0.8988,0.0,0.0
2025-09-02,244,60,0.0,0.0,0.0,0.8703,0.0,0.0
2025-09-02,244,61,0.0,0.0,0.0,0.8581,0.0,0.0
2025-09-02,244,62,0.0,0.0,0.0,0.8621,0.0,0.0
2025-09-02,244,63,0.0,0.0,0.0,0.8633,0.0,0.0
2025-09-02,244,64,0.0,0.0,0.0,0.7153,0.0,0.0
2025-09-02,244,65,0.0,0.0,0.0,0.4832,0.0,0.0
2025-09-02,244,66,260.2001475388199,260.2001475388199,0.0,0.3995,103.94995894175857,103.94995894175857
2025-09-02,244,67,0.0,0.0,0.0,0.3959,0.0,0.0
2025-09-02,244,68,0.0,0.0,0.0,0.4009,0.0,0.0
2025-09-02,244,69,0.0,0.0,0.0,0.4095,0.0,0.0
2025-09-02,244,70,462.9446883333335,462.9446883333335,0.0,0.3906,180.82619526300007,180.82619526300007
2025-09-02,244,71,412.5563541666668,412.5563541666668,0.0,0.3523,145.34360357291672,145.34360357291672
2025-09-02,244,72,372.6754633333335,372.6754633333335,0.0,0.3413,127.19413563566671,127.19413563566671
2025-09-02,244,73,0.0,0.0,0.0,0.3703,0.0,0.0
2025-09-02,244,74,0.0,0.0,0.0,0.3759,0.0,0.0
2025-09-02,244,75,431.96142583333335,431.96142583333335,0.0,0.3185,137.57971412791667,137.57971412791667
2025-09-02,244,76,0.0,0.0,0.0,0.4999,0.0,0.0
2025-09-02,244,77,0.0,0.0,0.0,0.8032,0.0,0.0
2025-09-02,244,78,0.0,0.0,0.0,0.7882,0.0,0.0
2025-09-02,244,79,0.0,0.0,0.0,0.7281,0.0,0.0
2025-09-02,244,80,0.0,0.0,0.0,0.7786,0.0,0.0
2025-09-02,244,81,0.0,0.0,0.0,0.8218,0.0,0.0
2025-09-02,244,82,0.0,0.0,0.0,0.8504,0.0,0.0
2025-09-02,244,83,0.0,0.0,0.0,0.8867,0.0,0.0
2025-09-02,244,84,0.0,0.0,0.0,0.9387,0.0,0.0
2025-09-02,244,85,0.0,0.0,0.0,0.9615,0.0,0.0
2025-09-02,244,86,0.0,0.0,0.0,0.942,0.0,0.0
2025-09-02,244,87,0.0,0.0,0.0,0.8975,0.0,0.0
2025-09-02,244,88,0.0,0.0,0.0,0.7961,0.0,0.0
2025-09-02,244,89,170.81632407407344,170.81632407407344,0.0,0.7064,120.66465132592548,120.66465132592548
2025-09-02,244,90,147.93882250000024,147.93882250000024,0.0,0.7399,109.45993476775018,109.45993476775018
2025-09-02,244,91,186.40262000000007,186.40262000000007,0.0,0.7352,137.04320622400004,137.04320622400004
2025-09-02,244,92,243.43460416666653,243.43460416666653,0.0,0.6822,166.07108696249992,166.07108696249992
2025-09-02,244,93,319.97276250000016,319.97276250000016,0.0,0.7303,233.6761084537501,233.6761084537501
2025-09-02,244,94,367.9962025000002,367.9962025000002,0.0,0.7887,290.23860491175014,290.23860491175014
2025-09-02,244,95,406.6404583333334,406.6404583333334,0.0,0.7883,320.5546733041667,320.5546733041667
2025-09-02,244,96,486.1572225,486.1572225,0.0,0.7567,367.87517026575,367.87517026575
2025-09-02,244,97,554.5490041666667,554.5490041666667,0.0,0.7686,426.2263646025,426.2263646025
2025-09-02,244,98,596.3828333333336,596.3828333333336,0.0,0.8152,486.17128573333355,486.17128573333355
2025-09-02,244,99,658.4677825,658.4677825,0.0,0.8305,546.85749336625,546.85749336625
2025-09-02,244,100,723.6342983333334,723.6342983333334,0.0,0.8876,642.2978032006666,642.2978032006666
2025-09-02,244,101,771.6997708333336,771.6997708333336,0.0,0.9841,759.4297444770835,759.4297444770835
2025-09-02,244,102,831.0062683333333,831.0062683333333,0.0,1.0311,856.8505632784999,856.8505632784999
2025-09-02,244,103,855.7397958333335,855.7397958333335,0.0,1.039,889.1136478708333,889.1136478708333
2025-09-02,244,104,891.0110208333333,891.0110208333333,0.0,1.0184,907.4056236166666,907.4056236166666
2025-09-02,244,105,997.5047641666667,997.5047641666667,0.0,0.9897,987.2304650957501,987.2304650957501
2025-09-02,244,106,929.4091966666667,929.4091966666667,0.0,1.1062,1028.1124533526668,1028.1124533526668
2025-09-02,244,107,754.1995208333334,754.1995208333334,0.0,1.299,979.7051775625,979.7051775625
2025-09-02,244,108,791.9718841666668,791.9718841666668,0.0,1.3286,1052.2138453038335,1052.2138453038335
2025-09-02,244,109,873.7375758333334,873.7375758333334,0.0,1.2921,1128.9563217342502,1128.9563217342502
2025-09-02,244,110,878.8307500000001,878.8307500000001,0.0,1.2872,1131.2309414000001,1131.2309414000001
2025-09-02,244,111,866.9946183333334,866.9946183333334,0.0,1.314,1139.2309284900002,1139.2309284900002
2025-09-02,244,112,863.44212,863.44212,0.0,1.3272,1145.960381664,1145.960381664
2025-09-02,244,113,45.09133333333352,45.09133333333352,0.0,1.3354,60.21496653333358,60.21496653333358
2025-09-02,244,114,68.02192083333347,68.02192083333347,0.0,1.3791,93.80903102125019,93.80903102125019
2025-09-02,244,115,63.99289750000024,63.99289750000024,0.0,1.3776,88.15661559600032,88.15661559600032
2025-09-02,244,116,106.1142553817333,106.1142553817333,0.0,1.3352,141.6837537856903,141.6837537856903
2025-09-02,244,117,64.90190833333348,64.90190833333348,0.0,1.3383,86.8582239225002,86.8582239225002
2025-09-02,244,118,80.18371583333341,80.18371583333341,0.0,1.3398,107.43014247350011,107.43014247350011
2025-09-02,244,119,75.3160833333335,75.3160833333335,0.0,1.3352,100.56203446666687,100.56203446666687
2025-09-02,244,120,64.22466250000004,64.22466250000004,0.0,1.3604,87.37123086500006,87.37123086500006
2025-09-02,244,121,39.67909500000006,39.67909500000006,0.0,1.3125,52.07881218750008,52.07881218750008
2025-09-02,244,122,27.133250000000203,27.133250000000203,0.0,1.2525,33.98439562500025,33.98439562500025
2025-09-02,244,123,54.31701750000011,54.31701750000011,0.0,1.3244,71.93745797700015,71.93745797700015
2025-09-02,244,124,893.5796516666668,893.5796516666668,0.0,1.2256,1095.1712210826668,1095.1712210826668
2025-09-02,244,125,878.5500833333334,878.5500833333334,0.0,0.9976,876.4415631333335,876.4415631333335
2025-09-02,244,126,1734.4522441666668,1734.4522441666668,0.0,0.9925,1721.443852335417,1721.443852335417
2025-09-02,244,127,906.8025441666666,906.8025441666666,0.0,0.9847,892.9284652409167,892.9284652409167
2025-09-02,244,128,895.7656666666668,895.7656666666668,0.0,0.9279,831.1809621000001,831.1809621000001
2025-09-02,244,129,162.86720666666668,162.86720666666668,0.0,0.9748,158.76295305866668,158.76295305866668
2025-09-02,244,130,832.6089775000002,832.6089775000002,0.0,0.7848,653.4315255420001,653.4315255420001
2025-09-02,244,131,1541.8947112704573,1541.8947112704573,0.0,0.4374,674.4247467096981,674.4247467096981
2025-09-02,244,132,1553.6049508333333,1553.6049508333333,0.0,0.3938,611.8096296381666,611.8096296381666
2025-09-02,244,133,724.8985650000001,724.8985650000001,0.0,0.4638,336.207954447,336.207954447
2025-09-02,244,134,1511.4214166666666,1511.4214166666666,0.0,0.4683,707.7986494249999,707.7986494249999
2025-09-02,244,135,1516.0359675,1516.0359675,0.0,0.4208,637.947935124,637.947935124
2025-09-02,244,136,750.6402533322826,750.6402533322826,0.0,0.3842,288.39598533026293,288.39598533026293
2025-09-02,244,137,1506.7801666666664,1506.7801666666664,0.0,0.3911,589.3017231833333,589.3017231833333
2025-09-02,244,138,679.8108366666668,679.8108366666668,0.0,0.4274,290.5511515913334,290.5511515913334
2025-09-02,244,139,696.0914108333334,696.0914108333334,0.0,0.4575,318.46182045625005,318.46182045625005
2025-09-02,244,140,1538.4231666666665,1538.4231666666665,0.0,0.4698,722.7512036999999,722.7512036999999
2025-09-02,244,141,688.2800475,688.2800475,0.0,0.4698,323.35396631550003,323.35396631550003
2025-09-02,244,142,664.5343758333335,664.5343758333335,0.0,0.4223,280.63286691441675,280.63286691441675
2025-09-02,244,143,723.0339166666668,723.0339166666668,0.0,0.4115,297.52845670833335,297.52845670833335
2025-09-03,245,0,701.9001216666667,701.9001216666667,0.0,0.5529,388.0805772695,388.0805772695
2025-09-03,245,1,1531.1766166666666,1531.1766166666666,0.0,0.5825,891.9103792083333,891.9103792083333
2025-09-03,245,2,673.4860833333335,673.4860833333335,0.0,0.4591,309.1974608583334,309.1974608583334
2025-09-03,245,3,0.0,0.0,0.0,0.4057,0.0,0.0
2025-09-03,245,4,0.0,0.0,0.0,0.4239,0.0,0.0
2025-09-03,245,5,648.6604166666666,648.6604166666666,0.0,0.453,293.84316874999996,293.84316874999996
2025-09-03,245,6,0.003426234093808489,0.003426234093808489,0.0,0.4471,0.0015318692633417754,0.0015318692633417754
2025-09-03,245,7,0.0018288036178546463,0.0018288036178546463,0.0,0.4288,0.0007841909913360724,0.0007841909913360724
2025-09-03,245,8,675.60725,675.60725,0.0,0.412,278.350187,278.350187
2025-09-03,245,9,681.2665816666668,681.2665816666668,0.0,0.3913,266.5796134061667,266.5796134061667
2025-09-03,245,10,1490.9760016666667,1490.9760016666667,0.0,0.3851,574.1748582418334,574.1748582418334
2025-09-03,245,11,1460.9653333333333,1460.9653333333333,0.0,0.4058,592.8597322666667,592.8597322666667
2025-09-03,245,12,645.5573216666667,645.5573216666667,0.0,0.4419,285.2717804445,285.2717804445
2025-09-03,245,13,665.9094500000001,665.9094500000001,0.0,0.4415,293.99902217500005,293.99902217500005
2025-09-03,245,14,1491.4890833333334,1491.4890833333334,0.0,0.4099,611.3613752583333,611.3613752583333
2025-09-03,245,15,643.3626925000001,643.3626925000001,0.0,0.4067,261.65560703975007,261.65560703975007
2025-09-03,245,16,647.5631308333335,647.5631308333335,0.0,0.4382,283.76216393116675,283.76216393116675
2025-09-03,245,17,1206.4614330793559,1206.4614330793559,0.0,0.4768,575.2408112922369,575.2408112922369
2025-09-03,245,18,637.9702458333334,637.9702458333334,0.0,0.4811,306.9274852704167,306.9274852704167
2025-09-03,245,19,634.6345641666667,634.6345641666667,0.0,0.4365,277.01798725875,277.01798725875
2025-09-03,245,20,1482.8174999999999,1482.8174999999999,0.0,0.3948,585.416349,585.416349
2025-09-03,245,21,653.2336150000001,653.2336150000001,0.0,0.4242,277.10169948300006,277.10169948300006
2025-09-03,245,22,647.0235258333333,647.0235258333333,0.0,0.426,275.632022005,275.632022005
2025-09-03,245,23,1472.65,1472.65,0.0,0.3939,580.076835,580.076835
2025-09-03,245,24,1467.9544449999999,1467.9544449999999,0.0,0.4199,616.3940714554999,616.3940714554999
2025-09-03,245,25,638.460465,638.460465,0.0,0.4549,290.4356655285,290.4356655285
2025-09-03,245,26,644.855,644.855,0.0,0.4599,296.5688145,296.5688145
2025-09-03,245,27,1482.72256,1482.72256,0.0,0.4507,668.2630577919999,668.2630577919999
2025-09-03,245,28,1470.82428,1470.82428,0.0,0.4689,689.669504892,689.669504892
2025-09-03,245,29,623.8024166666667,623.8024166666667,0.0,0.4831,301.35894749166664,301.35894749166664
2025-09-03,245,30,630.5865066666667,630.5865066666667,0.0,0.4313,271.9719603253333,271.9719603253333
2025-09-03,245,31,311.6988278817347,311.6988278817347,0.0,0.4406,137.3345035646923,137.3345035646923
2025-09-03,245,32,0.0,0.0,0.0,0.4649,0.0,0.0
2025-09-03,245,33,609.6123108333333,609.6123108333333,0.0,0.3744,228.23884917599997,228.23884917599997
2025-09-03,245,34,0.0,0.0,0.0,0.5597,0.0,0.0
2025-09-03,245,35,0.0,0.0,0.0,0.9419,0.0,0.0
2025-09-03,245,36,0.0,0.0,0.0,1.0082,0.0,0.0
2025-09-03,245,37,0.0,0.0,0.0,0.9106,0.0,0.0
2025-09-03,245,38,0.0,0.0,0.0,0.8441,0.0,0.0
2025-09-03,245,39,0.0,0.0,0.0,0.8392,0.0,0.0
2025-09-03,245,40,0.0,0.0,0.0,0.7936,0.0,0.0
2025-09-03,245,41,0.0,0.0,0.0,0.7293,0.0,0.0
2025-09-03,245,42,0.0,0.0,0.0,0.7576,0.0,0.0
2025-09-03,245,43,0.0,0.0,0.0,0.7348,0.0,0.0
2025-09-03,245,44,0.0,0.0,0.0,0.6262,0.0,0.0
2025-09-03,245,45,0.0,0.0,0.0,0.5833,0.0,0.0
2025-09-03,245,46,0.0,0.0,0.0,0.7898,0.0,0.0
2025-09-03,245,47,0.0,0.0,0.0,1.0958,0.0,0.0
2025-09-03,245,48,0.0,0.0,0.0,1.1374,0.0,0.0
2025-09-03,245,49,0.0,0.0,0.0,1.0502,0.0,0.0
2025-09-03,245,50,0.0,0.0,0.0,1.0011,0.0,0.0
2025-09-03,245,51,0.0,0.0,0.0,1.019,0.0,0.0
2025-09-03,245,52,0.0,0.0,0.0,0.9783,0.0,0.0
2025-09-03,245,53,0.0,0.0,0.0,0.8936,0.0,0.0
2025-09-03,245,54,0.0,0.0,0.0,0.901,0.0,0.0
2025-09-03,245,55,0.0,0.0,0.0,0.9169,0.0,0.0
2025-09-03,245,56,0.0,0.0,0.0,0.9259,0.0,0.0
2025-09-03,245,57,0.0,0.0,0.0,0.9888,0.0,0.0
2025-09-03,245,58,0.0,0.0,0.0,0.9778,0.0,0.0
2025-09-03,245,59,0.0,0.0,0.0,0.8801,0.0,0.0
2025-09-03,245,60,0.0,0.0,0.0,0.8202,0.0,0.0
2025-09-03,245,61,0.0,0.0,0.0,0.818,0.0,0.0
2025-09-03,245,62,0.0,0.0,0.0,0.8559,0.0,0.0
2025-09-03,245,63,0.0,0.0,0.0,0.8792,0.0,0.0
2025-09-03,245,64,0.0,0.0,0.0,0.7314,0.0,0.0
2025-09-03,245,65,0.0,0.0,0.0,0.5096,0.0,0.0
2025-09-03,245,66,204.14169087215123,204.14169087215123,0.0,0.4818,98.35546666220246,98.35546666220246
2025-09-03,245,67,0.0,0.0,0.0,0.4925,0.0,0.0
2025-09-03,245,68,0.0,0.0,0.0,0.4533,0.0,0.0
2025-09-03,245,69,0.0,0.0,0.0,0.4308,0.0,0.0
2025-09-03,245,70,0.0,0.0,0.0,0.4093,0.0,0.0
2025-09-03,245,71,380.15241666666657,380.15241666666657,0.0,0.3875,147.3090614583333,147.3090614583333
2025-09-03,245,72,355.10248666666666,355.10248666666666,0.0,0.3908,138.77405178933333,138.77405178933333
2025-09-03,245,73,376.24603249999996,376.24603249999996,0.0,0.4047,152.26676935274998,152.26676935274998
2025-09-03,245,74,384.96352083333363,384.96352083333363,0.0,0.4053,156.0257149937501,156.0257149937501
2025-09-03,245,75,373.88451583333335,373.88451583333335,0.0,0.4048,151.34845200933333,151.34845200933333
2025-09-03,245,76,0.0,0.0,0.0,0.546,0.0,0.0
2025-09-03,245,77,0.0,0.0,0.0,0.7501,0.0,0.0
2025-09-03,245,78,0.0,0.0,0.0,0.7818,0.0,0.0
2025-09-03,245,79,0.0,0.0,0.0,0.7855,0.0,0.0
2025-09-03,245,80,0.0,0.0,0.0,0.8491,0.0,0.0
2025-09-03,245,81,0.0,0.0,0.0,0.9026,0.0,0.0
2025-09-03,245,82,0.0,0.0,0.0,0.8694,0.0,0.0
2025-09-03,245,83,0.0,0.0,0.0,0.8185,0.0,0.0
2025-09-03,245,84,0.0,0.0,0.0,0.8895,0.0,0.0
2025-09-03,245,85,0.0,0.0,0.0,0.9333,0.0,0.0
2025-09-03,245,86,0.0,0.0,0.0,0.9396,0.0,0.0
2025-09-03,245,87,0.0,0.0,0.0,1.0168,0.0,0.0
2025-09-03,245,88,0.0,0.0,0.0,0.9135,0.0,0.0
2025-09-03,245,89,133.64649999999983,133.64649999999983,0.0,0.7021,93.83320764999988,93.83320764999988
2025-09-03,245,90,301.1582375000001,301.1582375000001,0.0,0.7206,217.0146259425001,217.0146259425001
2025-09-03,245,91,177.68820166666694,177.68820166666694,0.0,0.7233,128.5218762655002,128.5218762655002
2025-09-03,245,92,265.55975000000024,265.55975000000024,0.0,0.6839,181.61631302500015,181.61631302500015
2025-09-03,245,93,333.9620633333334,333.9620633333334,0.0,0.8238,275.117947774,275.117947774
2025-09-03,245,94,389.99436083333353,389.99436083333353,0.0,0.8907,347.3679771942502,347.3679771942502
2025-09-03,245,95,419.7788333333333,419.7788333333333,0.0,0.8256,346.5694048,346.5694048
2025-09-03,245,96,437.0254458333335,437.0254458333335,0.0,0.8299,362.68741749708346,362.68741749708346
2025-09-03,245,97,519.4155733333336,519.4155733333336,0.0,0.8839,459.11142526933355,459.11142526933355
2025-09-03,245,98,619.5070833333336,619.5070833333336,0.0,0.9249,572.9821013750003,572.9821013750003
2025-09-03,245,99,636.9041483333333,636.9041483333333,0.0,0.9257,589.5821701121666,589.5821701121666
2025-09-03,245,100,663.3719000000003,663.3719000000003,0.0,0.935,620.2527265000003,620.2527265000003
2025-09-03,245,101,742.0467083333335,742.0467083333335,0.0,0.9577,710.6581325708335,710.6581325708335
2025-09-03,245,102,819.81107,819.81107,0.0,0.9608,787.674476056,787.674476056
2025-09-03,245,103,867.1095941666667,867.1095941666667,0.0,1.0042,870.7514544621667,870.7514544621667
2025-09-03,245,104,922.1785208333334,922.1785208333334,0.0,1.0824,998.1660309500002,998.1660309500002
2025-09-03,245,105,1007.1489141666667,1007.1489141666667,0.0,1.1295,1137.57469855125,1137.57469855125
2025-09-03,245,106,940.3650866666667,940.3650866666667,0.0,1.1937,1122.513803954,1122.513803954
2025-09-03,245,107,787.7669375,787.7669375,0.0,1.2806,1008.8143401625,1008.8143401625
2025-09-03,245,108,798.7508166666667,798.7508166666667,0.0,1.3335,1065.134214025,1065.134214025
2025-09-03,245,109,865.728005,865.728005,0.0,1.3369,1157.3917698845,1157.3917698845
2025-09-03,245,110,890.9793541666667,890.9793541666667,0.0,1.3229,1178.6765876270833,1178.6765876270833
2025-09-03,245,111,899.9793633333334,899.9793633333334,0.0,1.3412,1207.0523221026667,1207.0523221026667
2025-09-03,245,112,896.5688083333335,896.5688083333335,0.0,1.3638,1222.7405408050001,1222.7405408050001
2025-09-03,245,113,58.451083333333486,58.451083333333486,0.0,1.3579,79.37072605833355,79.37072605833355
2025-09-03,245,114,57.320282500000125,57.320282500000125,0.0,1.3218,75.76594940850018,75.76594940850018
2025-09-03,245,115,118.38272288173323,118.38272288173323,0.0,1.3148,155.64960404490284,155.64960404490284
2025-09-03,245,116,62.38975000000005,62.38975000000005,0.0,1.3299,82.97212852500007,82.97212852500007
2025-09-03,245,117,62.65601500000002,62.65601500000002,0.0,1.3024,81.60319393600003,81.60319393600003
2025-09-03,245,118,65.18163500000024,65.18163500000024,0.0,1.2636,82.36351398600031,82.36351398600031
2025-09-03,245,119,66.94166666666683,66.94166666666683,0.0,1.2588,84.2661700000002,84.2661700000002
2025-09-03,245,120,68.93508000000011,68.93508000000011,0.0,1.3034,89.84998327200015,89.84998327200015
2025-09-03,245,121,45.010990833333615,45.010990833333615,0.0,1.3427,60.436257391917046,60.436257391917046
2025-09-03,245,122,23.876500000000192,23.876500000000192,0.0,1.3657,32.60813605000026,32.60813605000026
2025-09-03,245,123,51.81549666666687,51.81549666666687,0.0,1.3826,71.64010569133362,71.64010569133362
2025-09-03,245,124,893.4688933333333,893.4688933333333,0.0,1.2555,1121.75019558,1121.75019558
2025-09-03,245,125,878.5496666666668,878.5496666666668,0.0,1.0487,921.3350354333335,921.3350354333335
2025-09-03,245,126,888.2407808333334,888.2407808333334,0.0,0.9876,877.2265951510001,877.2265951510001
2025-09-03,245,127,878.8432033333333,878.8432033333333,0.0,0.9849,865.5726709630001,865.5726709630001
2025-09-03,245,128,867.1685833333333,867.1685833333333,0.0,0.9991,866.3881316083333,866.3881316083333
2025-09-03,245,129,907.5440591666668,907.5440591666668,0.0,1.0351,939.3988556434167,939.3988556434167
2025-09-03,245,130,835.7483808333334,835.7483808333334,0.0,0.799,667.7629562858334,667.7629562858334
2025-09-03,245,131,1524.6063333333332,1524.6063333333332,0.0,0.4414,672.9612355333333,672.9612355333333
2025-09-03,245,132,1530.3301999999999,1530.3301999999999,0.0,0.4379,670.13159458,670.13159458
2025-09-03,245,133,721.2805341666668,721.2805341666668,0.0,0.4955,357.3945046795834,357.3945046795834
2025-09-03,245,134,695.3093333333334,695.3093333333334,0.0,0.4617,321.02431920000004,321.02431920000004
2025-09-03,245,135,1530.1345133333334,1530.1345133333334,0.0,0.4769,729.7211494086667,729.7211494086667
2025-09-03,245,136,1529.4162425,1529.4162425,0.0,0.5006,765.6257709955,765.6257709955
2025-09-03,245,137,679.3267500000001,679.3267500000001,0.0,0.4951,336.334673925,336.334673925
2025-09-03,245,138,682.7107983333334,682.7107983333334,0.0,0.4784,326.6088459226667,326.6088459226667
2025-09-03,245,139,1525.4803975,1525.4803975,0.0,0.4823,735.73919571425,735.73919571425
2025-09-03,245,140,1527.8170833333334,1527.8170833333334,0.0,0.488,745.5747366666667,745.5747366666667
2025-09-03,245,141,756.8926554360736,756.8926554360736,0.0,0.4487,339.6177344941662,339.6177344941662
2025-09-03,245,142,687.3011441666666,687.3011441666666,0.0,0.4151,285.29870494358335,285.29870494358335
2025-09-03,245,143,731.0810416666667,731.0810416666667,0.0,0.4092,299.15836225000004,299.15836225000004
2025-09-04,246,0,683.6805941666667,683.6805941666667,0.0,0.4033,275.72838362741663,275.72838362741663
2025-09-04,246,1,1513.7869316666665,1513.7869316666665,0.0,0.389,588.8631164183333,588.8631164183333
2025-09-04,246,2,664.1456666666667,664.1456666666667,0.0,0.3955,262.6696111666667,262.6696111666667
2025-09-04,246,3,659.5781383333334,659.5781383333334,0.0,0.447,294.83142783500006,294.83142783500006
2025-09-04,246,4,670.0343125,670.0343125,0.0,0.4254,285.0325965375,285.0325965375
2025-09-04,246,5,681.2951666666668,681.2951666666668,0.0,0.3556,242.26856126666672,242.26856126666672
2025-09-04,246,6,688.8362791666667,688.8362791666667,0.0,0.3807,262.23997147875,262.23997147875
2025-09-04,246,7,665.8478141666667,665.8478141666667,0.0,0.4055,270.0012886445834,270.0012886445834
2025-09-04,246,8,1472.7846666666667,1472.7846666666667,0.0,0.4002,589.4084236,589.4084236
2025-09-04,246,9,654.7035483333333,654.7035483333333,0.0,0.4307,281.9808182671667,281.9808182671667
2025-09-04,246,10,1484.6701531171161,1484.6701531171161,0.0,0.4428,657.4119438002591,657.4119438002591
2025-09-04,246,11,1471.9775833333333,1471.9775833333333,0.0,0.4095,602.774820375,602.774820375
2025-09-04,246,12,37.82589862127213,37.82589862127213,0.0,0.3712,14.040973568216215,14.040973568216215
2025-09-04,246,13,0.0,0.0,0.0,0.3977,0.0,0.0
2025-09-04,246,14,648.6675833333334,648.6675833333334,0.0,0.4632,300.46282460000003,300.46282460000003
2025-09-04,246,15,659.6078741666666,659.6078741666666,0.0,0.4707,310.47742637025,310.47742637025
2025-09-04,246,16,663.0484208333334,663.0484208333334,0.0,0.4469,296.3163392704167,296.3163392704167
2025-09-04,246,17,1483.15925,1483.15925,0.0,0.437,648.1405922499999,648.1405922499999
2025-09-04,246,18,664.2335991666666,664.2335991666666,0.0,0.4514,299.83504666383334,299.83504666383334
2025-09-04,246,19,670.450745,670.450745,0.0,0.421,282.25976364499996,282.25976364499996
2025-09-04,246,20,651.3697500000001,651.3697500000001,0.0,0.3844,250.38653190000005,250.38653190000005
2025-09-04,246,21,0.0,0.0,0.0,0.4441,0.0,0.0
2025-09-04,246,22,0.0,0.0,0.0,0.4568,0.0,0.0
2025-09-04,246,23,645.3074166666668,645.3074166666668,0.0,0.42,271.02911500000005,271.02911500000005
2025-09-04,246,24,1456.7960916666666,1456.7960916666666,0.0,0.4744,691.1040658866666,691.1040658866666
2025-09-04,246,25,629.00718,629.00718,0.0,0.5266,331.23518098799997,331.23518098799997
2025-09-04,246,26,0.0,0.0,0.0,0.4895,0.0,0.0
2025-09-04,246,27,628.2340425000001,628.2340425000001,0.0,0.3823,240.17387444775002,240.17387444775002
2025-09-04,246,28,1451.3314308333333,1451.3314308333333,0.0,0.3717,539.45989284075,539.45989284075
2025-09-04,246,29,1473.7170833333334,1473.7170833333334,0.0,0.4477,659.7831382083334,659.7831382083334
2025-09-04,246,30,1486.3322033333334,1486.3322033333334,0.0,0.4497,668.403591839,668.403591839
2025-09-04,246,31,645.1086041666667,645.1086041666667,0.0,0.4575,295.13718640625007,295.13718640625007
2025-09-04,246,32,616.4978333333333,616.4978333333333,0.0,0.4702,289.87728123333335,289.87728123333335
2025-09-04,246,33,1419.2455591666667,1419.2455591666667,0.0,0.4354,617.9395164611667,617.9395164611667
2025-09-04,246,34,0.0,0.0,0.0,0.6435,0.0,0.0
2025-09-04,246,35,0.0,0.0,0.0,0.9789,0.0,0.0
2025-09-04,246,36,0.0,0.0,0.0,0.9988,0.0,0.0
2025-09-04,246,37,0.0,0.0,0.0,0.9146,0.0,0.0
2025-09-04,246,38,0.0,0.0,0.0,0.8916,0.0,0.0
2025-09-04,246,39,0.0,0.0,0.0,0.8806,0.0,0.0
2025-09-04,246,40,0.0,0.0,0.0,0.8401,0.0,0.0
2025-09-04,246,41,0.0,0.0,0.0,0.7832,0.0,0.0
2025-09-04,246,42,0.0,0.0,0.0,0.7587,0.0,0.0
2025-09-04,246,43,0.0,0.0,0.0,0.7561,0.0,0.0
2025-09-04,246,44,0.0,0.0,0.0,0.7234,0.0,0.0
2025-09-04,246,45,0.0,0.0,0.0,0.6613,0.0,0.0
2025-09-04,246,46,0.0,0.0,0.0,0.8639,0.0,0.0
2025-09-04,246,47,0.0,0.0,0.0,1.1937,0.0,0.0
2025-09-04,246,48,0.0,0.0,0.0,1.1895,0.0,0.0
2025-09-04,246,49,0.0,0.0,0.0,1.1054,0.0,0.0
2025-09-04,246,50,0.0,0.0,0.0,1.0957,0.0,0.0
2025-09-04,246,51,0.0,0.0,0.0,1.0578,0.0,0.0
2025-09-04,246,52,0.0,0.0,0.0,0.9972,0.0,0.0
2025-09-04,246,53,0.0,0.0,0.0,0.946,0.0,0.0
2025-09-04,246,54,0.0,0.0,0.0,0.9223,0.0,0.0
2025-09-04,246,55,0.0,0.0,0.0,0.901,0.0,0.0
2025-09-04,246,56,0.0,0.0,0.0,0.8725,0.0,0.0
2025-09-04,246,57,0.0,0.0,0.0,0.8446,0.0,0.0
2025-09-04,246,58,0.0,0.0,0.0,0.7953,0.0,0.0
2025-09-04,246,59,0.0,0.0,0.0,0.7817,0.0,0.0
2025-09-04,246,60,0.0,0.0,0.0,0.8716,0.0,0.0
2025-09-04,246,61,0.0,0.0,0.0,0.8417,0.0,0.0
2025-09-04,246,62,0.0,0.0,0.0,0.7243,0.0,0.0
2025-09-04,246,63,0.0,0.0,0.0,0.7561,0.0,0.0
2025-09-04,246,64,0.0,0.0,0.0,0.6883,0.0,0.0
2025-09-04,246,65,0.0,0.0,0.0,0.4984,0.0,0.0
2025-09-04,246,66,0.0,0.0,0.0,0.4386,0.0,0.0
2025-09-04,246,67,0.0,0.0,0.0,0.4598,0.0,0.0
2025-09-04,246,68,0.0,0.0,0.0,0.4783,0.0,0.0
2025-09-04,246,69,490.77096416666654,490.77096416666654,0.0,0.4629,227.17787931274992,227.17787931274992
2025-09-04,246,70,460.82986916666664,460.82986916666664,0.0,0.4193,193.22596414158332,193.22596414158332
2025-09-04,246,71,423.04245833333357,423.04245833333357,0.0,0.3743,158.34479215416675,158.34479215416675
2025-09-04,246,72,0.0,0.0,0.0,0.3639,0.0,0.0
2025-09-04,246,73,0.0,0.0,0.0,0.4077,0.0,0.0
2025-09-04,246,74,3.8508784427904175e-06,3.8508784427904175e-06,0.0,0.4322,1.6643496629740183e-06,1.6643496629740183e-06
2025-09-04,246,75,415.13483999999994,415.13483999999994,0.0,0.37,153.59989079999997,153.59989079999997
2025-09-04,246,76,0.0,0.0,0.0,0.5145,0.0,0.0
2025-09-04,246,77,0.0,0.0,0.0,0.8037,0.0,0.0
2025-09-04,246,78,0.0,0.0,0.0,0.8551,0.0,0.0
2025-09-04,246,79,0.0,0.0,0.0,0.7845,0.0,0.0
2025-09-04,246,80,0.0,0.0,0.0,0.7527,0.0,0.0
2025-09-04,246,81,0.0,0.0,0.0,0.8081,0.0,0.0
2025-09-04,246,82,0.0,0.0,0.0,0.8874,0.0,0.0
2025-09-04,246,83,0.0,0.0,0.0,0.9152,0.0,0.0
2025-09-04,246,84,0.0,0.0,0.0,0.8712,0.0,0.0
2025-09-04,246,85,0.0,0.0,0.0,0.888,0.0,0.0
2025-09-04,246,86,0.0,0.0,0.0,0.9987,0.0,0.0
2025-09-04,246,87,0.0,0.0,0.0,1.0721,0.0,0.0
2025-09-04,246,88,0.0,0.0,0.0,0.89,0.0,0.0
2025-09-04,246,89,218.42521342592744,218.42521342592744,0.0,0.6252,136.55944343388984,136.55944343388984
2025-09-04,246,90,193.99500833333343,193.99500833333343,0.0,0.6795,131.81960816250006,131.81960816250006
2025-09-04,246,91,196.8677108333335,196.8677108333335,0.0,0.7425,146.17427529375013,146.17427529375013
2025-09-04,246,92,212.01777083333332,212.01777083333332,0.0,0.7018,148.79407157083332,148.79407157083332
2025-09-04,246,93,311.7536325000001,311.7536325000001,0.0,0.7506,234.00227655450007,234.00227655450007
2025-09-04,246,94,393.0892483333332,393.0892483333332,0.0,0.7912,311.01221328133323,311.01221328133323
2025-09-04,246,95,421.0267500000002,421.0267500000002,0.0,0.8052,339.0107391000002,339.0107391000002
2025-09-04,246,96,470.355495,470.355495,0.0,0.8802,414.006906699,414.006906699
2025-09-04,246,97,523.3365033333337,523.3365033333337,0.0,0.9066,474.4568739220003,474.4568739220003
2025-09-04,246,98,569.6867500000003,569.6867500000003,0.0,0.8875,505.5969906250002,505.5969906250002
2025-09-04,246,99,643.6211583333335,643.6211583333335,0.0,0.9405,605.3256994125002,605.3256994125002
2025-09-04,246,100,700.3540516666665,700.3540516666665,0.0,0.9909,693.9808297964998,693.9808297964998
2025-09-04,246,101,751.9413541666669,751.9413541666669,0.0,1.0026,753.8964016875002,753.8964016875002
2025-09-04,246,102,834.3422425000001,834.3422425000001,0.0,1.0193,850.4450477802502,850.4450477802502
2025-09-04,246,103,895.7757058333334,895.7757058333334,0.0,1.0499,940.4749135544168,940.4749135544168
2025-09-04,246,104,944.6963541666667,944.6963541666667,0.0,1.0721,1012.8089613020834,1012.8089613020834
2025-09-04,246,105,1012.4487624999999,1012.4487624999999,0.0,1.0758,1089.1923786975,1089.1923786975
2025-09-04,246,106,922.387145,922.387145,0.0,1.1735,1082.4213146575,1082.4213146575
2025-09-04,246,107,763.7078333333334,763.7078333333334,0.0,1.316,1005.0395086666667,1005.0395086666667
2025-09-04,246,108,817.9651025000001,817.9651025000001,0.0,1.3292,1087.239214243,1087.239214243
2025-09-04,246,109,884.1261416666667,884.1261416666667,0.0,1.3064,1155.0223914733335,1155.0223914733335
2025-09-04,246,110,868.6257291666668,868.6257291666668,0.0,1.3241,1150.1473279895836,1150.1473279895836
2025-09-04,246,111,881.1337858333334,881.1337858333334,0.0,1.3619,1200.0161029264168,1200.0161029264168
2025-09-04,246,112,899.9997158333334,899.9997158333334,0.0,1.3552,1219.6796148973335,1219.6796148973335
2025-09-04,246,113,63.72874999999999,63.72874999999999,0.0,1.3322,84.89944075,84.89944075
2025-09-04,246,114,47.07110750000017,47.07110750000017,0.0,1.3716,64.56273104700023,64.56273104700023
2025-09-04,246,115,45.4043458333334,45.4043458333334,0.0,1.3524,61.40483730500009,61.40483730500009
2025-09-04,246,116,46.10333333333347,46.10333333333347,0.0,1.2978,59.83290600000018,59.83290600000018
2025-09-04,246,117,24.24994583333342,24.24994583333342,0.0,1.3544,32.844126636666786,32.844126636666786
2025-09-04,246,118,95.90866288173345,95.90866288173345,0.0,1.3884,133.15958754499871,133.15958754499871
2025-09-04,246,119,75.29991666666683,75.29991666666683,0.0,1.35,101.65488750000023,101.65488750000023
2025-09-04,246,120,66.70970000000015,66.70970000000015,0.0,1.3234,88.2836169800002,88.2836169800002
2025-09-04,246,121,26.71893416666667,26.71893416666667,0.0,1.3087,34.967069143916675,34.967069143916675
2025-09-04,246,122,14.583416666666722,14.583416666666722,0.0,1.3313,19.414902608333406,19.414902608333406
2025-09-04,246,123,53.659977500000196,53.659977500000196,0.0,1.3949,74.85030261475028,74.85030261475028
2025-09-04,246,124,899.1775458333333,899.1775458333333,0.0,1.2424,1117.1381829433333,1117.1381829433333
2025-09-04,246,125,874.2037499999999,874.2037499999999,0.0,0.9608,839.9349629999999,839.9349629999999
2025-09-04,246,126,885.4741633333333,885.4741633333333,0.0,0.9112,806.8440576293333,806.8440576293333
2025-09-04,246,127,884.85329,884.85329,0.0,0.9184,812.649261536,812.649261536
2025-09-04,246,128,877.31875,877.31875,0.0,0.9282,814.32726375,814.32726375
2025-09-04,246,129,904.4691391666668,904.4691391666668,0.0,1.0208,923.2820972613333,923.2820972613333
2025-09-04,246,130,833.6838733333334,833.6838733333334,0.0,0.8067,672.5327806180001,672.5327806180001
2025-09-04,246,131,706.5393333333334,706.5393333333334,0.0,0.4149,293.14316940000003,293.14316940000003
2025-09-04,246,132,705.9145108333335,705.9145108333335,0.0,0.397,280.2480608008334,280.2480608008334
2025-09-04,246,133,718.1230183333333,718.1230183333333,0.0,0.4529,325.2379150031667,325.2379150031667
2025-09-04,246,134,739.3257562694066,739.3257562694066,0.0,0.4142,306.22872824678825,306.22872824678825
2025-09-04,246,135,1489.0230366666665,1489.0230366666665,0.0,0.4246,632.2391813686666,632.2391813686666
2025-09-04,246,136,690.9945858333334,690.9945858333334,0.0,0.4685,323.73096346291675,323.73096346291675
2025-09-04,246,137,738.9003333333333,738.9003333333333,0.0,0.4869,359.77057229999997,359.77057229999997
2025-09-04,246,138,709.8788125000001,709.8788125000001,0.0,0.4501,319.51645350625006,319.51645350625006
2025-09-04,246,139,1509.6749325,1509.6749325,0.0,0.443,668.7859950975001,668.7859950975001
2025-09-04,246,140,1519.2784166666665,1519.2784166666665,0.0,0.4803,729.7094235249999,729.7094235249999
2025-09-04,246,141,1523.9659124999998,1523.9659124999998,0.0,0.4892,745.524124395,745.524124395
2025-09-04,246,142,1468.1463283333333,1468.1463283333333,0.0,0.4454,653.9123746396666,653.9123746396666
2025-09-04,246,143,1427.7287499999998,1427.7287499999998,0.0,0.3788,540.8236505,540.8236505
2025-09-05,247,0,0.0,0.0,0.0,0.3455,0.0,0.0
2025-09-05,247,1,580.1595433333333,580.1595433333333,0.0,0.3394,196.9061490073333,196.9061490073333
2025-09-05,247,2,557.6680000000001,557.6680000000001,0.0,0.3357,187.20914760000005,187.20914760000005
2025-09-05,247,3,565.1064808333333,565.1064808333333,0.0,0.3183,179.87339284925,179.87339284925
2025-09-05,247,4,579.3389,579.3389,0.0,0.3149,182.43381961,182.43381961
2025-09-05,247,5,0.0,0.0,0.0,0.3255,0.0,0.0
2025-09-05,247,6,0.0,0.0,0.0,0.3238,0.0,0.0
2025-09-05,247,7,0.0,0.0,0.0,0.33,0.0,0.0
2025-09-05,247,8,0.0,0.0,0.0,0.3455,0.0,0.0
2025-09-05,247,9,568.3111358333333,568.3111358333333,0.0,0.3462,196.7493152255,196.7493152255
2025-09-05,247,10,554.7528066666667,554.7528066666667,0.0,0.3343,185.45386326866668,185.45386326866668
2025-09-05,247,11,0.0,0.0,0.0,0.3388,0.0,0.0
2025-09-05,247,12,550.7169641666667,550.7169641666667,0.0,0.3804,209.49273316900002,209.49273316900002
2025-09-05,247,13,558.0223725000001,558.0223725000001,0.0,0.3718,207.47271809550003,207.47271809550003
2025-09-05,247,14,563.53,563.53,0.0,0.3392,191.149376,191.149376
2025-09-05,247,15,0.04796019517303624,0.04796019517303624,0.0,0.3888,0.01864692388327649,0.01864692388327649
2025-09-05,247,16,556.0027075,556.0027075,0.0,0.3911,217.45265890325,217.45265890325
2025-09-05,247,17,560.4118333333333,560.4118333333333,0.0,0.3408,190.9883528,190.9883528
2025-09-05,247,18,1379.6331308333333,1379.6331308333333,0.0,0.3655,504.25590931958334,504.25590931958334
2025-09-05,247,19,601.4026951804015,601.4026951804015,0.0,0.3892,234.06592896421225,234.06592896421225
2025-09-05,247,20,1379.3004166666665,1379.3004166666665,0.0,0.3659,504.68602245833324,504.68602245833324
2025-09-05,247,21,1372.2549908333333,1372.2549908333333,0.0,0.3361,461.21490241908333,461.21490241908333
2025-09-05,247,22,1381.5669541666666,1381.5669541666666,0.0,0.3502,483.82474734916667,483.82474734916667
2025-09-05,247,23,0.0,0.0,0.0,0.3671,0.0,0.0
2025-09-05,247,24,0.0,0.0,0.0,0.3111,0.0,0.0
2025-09-05,247,25,561.4753308333334,561.4753308333334,0.0,0.3283,184.33235111258332,184.33235111258332
2025-09-05,247,26,559.8054166666667,559.8054166666667,0.0,0.3931,220.05950929166667,220.05950929166667
2025-09-05,247,27,0.0,0.0,0.0,0.3354,0.0,0.0
2025-09-05,247,28,0.0,0.0,0.0,0.3119,0.0,0.0
2025-09-05,247,29,532.4305,532.4305,0.0,0.3532,188.05445260000002,188.05445260000002
2025-09-05,247,30,1365.7279633333333,1365.7279633333333,0.0,0.3311,452.19252865966666,452.19252865966666
2025-09-05,247,31,1381.9236108333332,1381.9236108333332,0.0,0.3179,439.31351588391664,439.31351588391664
2025-09-05,247,32,1388.5361041666665,1388.5361041666665,0.0,0.3204,444.88696777499996,444.88696777499996
2025-09-05,247,33,1361.9016683333334,1361.9016683333334,0.0,0.2987,406.80002833116674,406.80002833116674
2025-09-05,247,34,0.0,0.0,0.0,0.4815,0.0,0.0
2025-09-05,247,35,0.0,0.0,0.0,0.7578,0.0,0.0
2025-09-05,247,36,0.0,0.0,0.0,0.7633,0.0,0.0
2025-09-05,247,37,0.0,0.0,0.0,0.7369,0.0,0.0
2025-09-05,247,38,0.0,0.0,0.0,0.7568,0.0,0.0
2025-09-05,247,39,0.0,0.0,0.0,0.6648,0.0,0.0
2025-09-05,247,40,0.0,0.0,0.0,0.6098,0.0,0.0
2025-09-05,247,41,0.0,0.0,0.0,0.615,0.0,0.0
2025-09-05,247,42,0.0,0.0,0.0,0.5548,0.0,0.0
2025-09-05,247,43,0.0,0.0,0.0,0.5282,0.0,0.0
2025-09-05,247,44,0.0,0.0,0.0,0.5204,0.0,0.0
2025-09-05,247,45,0.0,0.0,0.0,0.4408,0.0,0.0
2025-09-05,247,46,0.0,0.0,0.0,0.5612,0.0,0.0
2025-09-05,247,47,0.0,0.0,0.0,0.8005,0.0,0.0
2025-09-05,247,48,0.0,0.0,0.0,0.781,0.0,0.0
2025-09-05,247,49,0.0,0.0,0.0,0.7096,0.0,0.0
2025-09-05,247,50,0.0,0.0,0.0,0.7139,0.0,0.0
2025-09-05,247,51,0.0,0.0,0.0,0.7116,0.0,0.0
2025-09-05,247,52,0.0,0.0,0.0,0.7005,0.0,0.0
2025-09-05,247,53,0.0,0.0,0.0,0.6827,0.0,0.0
2025-09-05,247,54,0.0,0.0,0.0,0.6478,0.0,0.0
2025-09-05,247,55,0.0,0.0,0.0,0.6085,0.0,0.0
2025-09-05,247,56,0.0,0.0,0.0,0.5949,0.0,0.0
2025-09-05,247,57,0.0,0.0,0.0,0.6237,0.0,0.0
2025-09-05,247,58,0.0,0.0,0.0,0.6174,0.0,0.0
2025-09-05,247,59,0.0,0.0,0.0,0.5776,0.0,0.0
2025-09-05,247,60,0.0,0.0,0.0,0.5747,0.0,0.0
2025-09-05,247,61,0.0,0.0,0.0,0.546,0.0,0.0
2025-09-05,247,62,0.0,0.0,0.0,0.5131,0.0,0.0
2025-09-05,247,63,0.0,0.0,0.0,0.538,0.0,0.0
2025-09-05,247,64,0.0,0.0,0.0,0.3879,0.0,0.0
2025-09-05,247,65,0.0,0.0,0.0,0.1454,0.0,0.0
2025-09-05,247,66,0.0,0.0,0.0,0.1488,0.0,0.0
2025-09-05,247,67,0.0,0.0,0.0,0.2051,0.0,0.0
2025-09-05,247,68,0.0,0.0,0.0,0.1955,0.0,0.0
2025-09-05,247,69,0.0,0.0,0.0,0.191,0.0,0.0
2025-09-05,247,70,0.0,0.0,0.0,0.1776,0.0,0.0
2025-09-05,247,71,0.0,0.0,0.0,0.161,0.0,0.0
2025-09-05,247,72,0.0,0.0,0.0,0.1742,0.0,0.0
2025-09-05,247,73,0.0,0.0,0.0,0.1865,0.0,0.0
2025-09-05,247,74,0.0,0.0,0.0,0.183,0.0,0.0
2025-09-05,247,75,0.0,0.0,0.0,0.2021,0.0,0.0
2025-09-05,247,76,0.0,0.0,0.0,0.357,0.0,0.0
2025-09-05,247,77,0.0,0.0,0.0,0.5391,0.0,0.0
2025-09-05,247,78,0.0,0.0,0.0,0.5143,0.0,0.0
2025-09-05,247,79,0.0,0.0,0.0,0.495,0.0,0.0
2025-09-05,247,80,0.0,0.0,0.0,0.5579,0.0,0.0
2025-09-05,247,81,0.0,0.0,0.0,0.5679,0.0,0.0
2025-09-05,247,82,0.0,0.0,0.0,0.54,0.0,0.0
2025-09-05,247,83,0.0,0.0,0.0,0.5327,0.0,0.0
2025-09-05,247,84,0.0,0.0,0.0,0.5782,0.0,0.0
2025-09-05,247,85,0.0,0.0,0.0,0.593,0.0,0.0
2025-09-05,247,86,0.0,0.0,0.0,0.6022,0.0,0.0
2025-09-05,247,87,0.0,0.0,0.0,0.6813,0.0,0.0
2025-09-05,247,88,0.0,0.0,0.0,0.5776,0.0,0.0
2025-09-05,247,89,0.0,0.0,0.0,0.3546,0.0,0.0
2025-09-05,247,90,0.0,0.0,0.0,0.348,0.0,0.0
2025-09-05,247,91,2.79205166666668,2.79205166666668,0.0,0.3946,1.101743587666672,1.101743587666672
2025-09-05,247,92,46.14279166666677,46.14279166666677,0.0,0.3919,18.083360054166707,18.083360054166707
2025-09-05,247,93,83.38298250000003,83.38298250000003,0.0,0.4124,34.38714198300001,34.38714198300001
2025-09-05,247,94,141.4613291666666,141.4613291666666,0.0,0.4679,66.18975591708329,66.18975591708329
2025-09-05,247,95,197.95737500000007,197.95737500000007,0.0,0.5378,106.46147627500002,106.46147627500002
2025-09-05,247,96,240.45371250000005,240.45371250000005,0.0,0.5892,141.67532740500002,141.67532740500002
2025-09-05,247,97,298.2951433333335,298.2951433333335,0.0,0.6025,179.72282385833344,179.72282385833344
2025-09-05,247,98,363.0345625,363.0345625,0.0,0.6054,219.7811241375,219.7811241375
2025-09-05,247,99,411.15960083333346,411.15960083333346,0.0,0.6427,264.25227545558346,264.25227545558346
2025-09-05,247,100,440.7147408333334,440.7147408333334,0.0,0.6579,289.9462279942501,289.9462279942501
2025-09-05,247,101,479.8444583333333,479.8444583333333,0.0,0.6376,305.9488266333333,305.9488266333333
2025-09-05,247,102,525.7280566666668,525.7280566666668,0.0,0.629,330.6829476433334,330.6829476433334
2025-09-05,247,103,558.031495,558.031495,0.0,0.6432,358.92585758399997,358.92585758399997
2025-09-05,247,104,597.5201041666667,597.5201041666667,0.0,0.6578,393.0487245208334,393.0487245208334
2025-09-05,247,105,684.3654033333333,684.3654033333333,0.0,0.671,459.2091856366667,459.2091856366667
2025-09-05,247,106,687.6901758333335,687.6901758333335,0.0,0.8466,582.1985028605001,582.1985028605001
2025-09-05,247,107,631.7462708333334,631.7462708333334,0.0,1.1115,702.18598003125,702.18598003125
2025-09-05,247,108,684.0918683333333,684.0918683333333,0.0,1.1942,816.9425091636666,816.9425091636666
2025-09-05,247,109,717.9788016666666,717.9788016666666,0.0,1.14,818.4958338999999,818.4958338999999
2025-09-05,247,110,703.3435208333334,703.3435208333334,0.0,1.0638,748.2168374625002,748.2168374625002
2025-09-05,247,111,725.9112525,725.9112525,0.0,1.0511,763.00531750275,763.00531750275
2025-09-05,247,112,0.0,0.0,0.0,1.1216,0.0,0.0
2025-09-05,247,113,0.0,0.0,0.0,1.2039,0.0,0.0
2025-09-05,247,114,0.0,0.0,0.0,1.1953,0.0,0.0
2025-09-05,247,115,0.0,0.0,0.0,1.1617,0.0,0.0
2025-09-05,247,116,0.0,0.0,0.0,1.1545,0.0,0.0
2025-09-05,247,117,0.0,0.0,0.0,1.1629,0.0,0.0
2025-09-05,247,118,0.0,0.0,0.0,1.162,0.0,0.0
2025-09-05,247,119,0.0,0.0,0.0,1.1692,0.0,0.0
2025-09-05,247,120,0.0,0.0,0.0,1.2118,0.0,0.0
2025-09-05,247,121,0.0,0.0,0.0,1.1838,0.0,0.0
2025-09-05,247,122,0.0,0.0,0.0,1.1434,0.0,0.0
2025-09-05,247,123,0.0,0.0,0.0,1.2232,0.0,0.0
2025-09-05,247,124,458.5958420484013,458.5958420484013,0.0,1.0868,498.4019611382026,498.4019611382026
2025-09-05,247,125,725.0464999999999,725.0464999999999,0.0,0.8001,580.1097046499999,580.1097046499999
2025-09-05,247,126,1533.911741203704,1533.911741203704,0.0,0.7829,1200.89950218838,1200.89950218838
2025-09-05,247,127,709.5823733333334,709.5823733333334,0.0,0.7969,565.4661933093334,565.4661933093334
2025-09-05,247,128,699.1336666666667,699.1336666666667,0.0,0.78,545.3242600000001,545.3242600000001
2025-09-05,247,129,0.0,0.0,0.0,0.8797,0.0,0.0
2025-09-05,247,130,685.6894733333334,685.6894733333334,0.0,0.7191,493.079300274,493.079300274
2025-09-05,247,131,1430.25625,1430.25625,0.0,0.3773,539.635683125,539.635683125
2025-09-05,247,132,682.0495771027398,682.0495771027398,0.0,0.3455,235.64812888899658,235.64812888899658
2025-09-05,247,133,633.1780758333334,633.1780758333334,0.0,0.41,259.6030110916667,259.6030110916667
2025-09-05,247,134,588.6730833333334,588.6730833333334,0.0,0.3857,227.05120824166667,227.05120824166667
2025-09-05,247,135,580.1187916666667,580.1187916666667,0.0,0.3139,182.09928870416667,182.09928870416667
2025-09-05,247,136,597.3127291666667,597.3127291666667,0.0,0.2943,175.78913619375,175.78913619375
2025-09-05,247,137,1441.66375,1441.66375,0.0,0.3429,494.34649987499995,494.34649987499995
2025-09-05,247,138,1445.4487658333333,1445.4487658333333,0.0,0.3859,557.7986787350833,557.7986787350833
2025-09-05,247,139,1436.032045833333,1436.032045833333,0.0,0.3779,542.6765101204165,542.6765101204165
2025-09-05,247,140,1432.22825,1432.22825,0.0,0.3576,512.1648221999999,512.1648221999999
2025-09-05,247,141,606.2492508333333,606.2492508333333,0.0,0.3968,240.55970273066666,240.55970273066666
2025-09-05,247,142,583.6421458333334,583.6421458333334,0.0,0.4015,234.33232155208339,234.33232155208339
2025-09-05,247,143,1413.15425,1413.15425,0.0,0.3532,499.1260811,499.1260811
2025-09-06,248,0,548.5993358333335,548.5993358333335,0.0,0.331,181.5863801608334,181.5863801608334
2025-09-06,248,1,0.0,0.0,0.0,0.331,0.0,0.0
2025-09-06,248,2,0.0,0.0,0.0,0.3388,0.0,0.0
2025-09-06,248,3,0.0,0.0,0.0,0.3494,0.0,0.0
2025-09-06,248,4,0.0,0.0,0.0,0.3513,0.0,0.0
2025-09-06,248,5,0.0,0.0,0.0,0.3566,0.0,0.0
2025-09-06,248,6,506.41243916666673,506.41243916666673,0.0,0.3818,193.34826927383335,193.34826927383335
2025-09-06,248,7,1340.4040125,1340.4040125,0.0,0.3615,484.55605051874994,484.55605051874994
2025-09-06,248,8,514.79425,514.79425,0.0,0.3142,161.74835335,161.74835335
2025-09-06,248,9,0.0,0.0,0.0,0.3282,0.0,0.0
2025-09-06,248,10,0.0,0.0,0.0,0.3559,0.0,0.0
2025-09-06,248,11,0.0,0.0,0.0,0.3442,0.0,0.0
2025-09-06,248,12,529.3791658333333,529.3791658333333,0.0,0.2923,154.73753017308334,154.73753017308334
2025-09-06,248,13,524.78722,524.78722,0.0,0.2839,148.98709175800002,148.98709175800002
2025-09-06,248,14,518.1387500000001,518.1387500000001,0.0,0.33,170.98578750000004,170.98578750000004
2025-09-06,248,15,506.6445283333334,506.6445283333334,0.0,0.3601,182.44269465283335,182.44269465283335
2025-09-06,248,16,0.0,0.0,0.0,0.3513,0.0,0.0
2025-09-06,248,17,0.0,0.0,0.0,0.3226,0.0,0.0
2025-09-06,248,18,504.61299333333335,504.61299333333335,0.0,0.315,158.9530929,158.9530929
2025-09-06,248,19,498.0579608333333,498.0579608333333,0.0,0.3427,170.68446317758332,170.68446317758332
2025-09-06,248,20,478.2208333333333,478.2208333333333,0.0,0.3863,184.73670791666663,184.73670791666663
2025-09-06,248,21,1289.0084083333334,1289.0084083333334,0.0,0.4033,519.8570910808334,519.8570910808334
2025-09-06,248,22,1301.7479325,1301.7479325,0.0,0.3682,479.3035887465,479.3035887465
2025-09-06,248,23,1336.4826666666665,1336.4826666666665,0.0,0.3205,428.34269466666666,428.34269466666666
2025-09-06,248,24,1341.0535691666666,1341.0535691666666,0.0,0.3304,443.0840992526667,443.0840992526667
2025-09-06,248,25,676.9112958967681,676.9112958967681,0.0,0.3506,237.32510034140694,237.32510034140694
2025-09-06,248,26,0.0,0.0,0.0,0.3538,0.0,0.0
2025-09-06,248,27,500.2712433333334,500.2712433333334,0.0,0.3595,179.84751197833336,179.84751197833336
2025-09-06,248,28,494.2681750000001,494.2681750000001,0.0,0.3698,182.78037111500004,182.78037111500004
2025-09-06,248,29,490.6550833333333,490.6550833333333,0.0,0.3871,189.93258275833333,189.93258275833333
2025-09-06,248,30,483.9411108333333,483.9411108333333,0.0,0.4072,197.06082033133333,197.06082033133333
2025-09-06,248,31,0.010069217110577984,0.010069217110577984,0.0,0.384,0.003866579370461946,0.003866579370461946
2025-09-06,248,32,0.0,0.0,0.0,0.3241,0.0,0.0
2025-09-06,248,33,1309.80929,1309.80929,0.0,0.3127,409.57736498299994,409.57736498299994
2025-09-06,248,34,0.0,0.0,0.0,0.482,0.0,0.0
2025-09-06,248,35,0.0,0.0,0.0,0.7035,0.0,0.0
2025-09-06,248,36,0.0,0.0,0.0,0.7003,0.0,0.0
2025-09-06,248,37,0.0,0.0,0.0,0.6769,0.0,0.0
2025-09-06,248,38,0.0,0.0,0.0,0.6948,0.0,0.0
2025-09-06,248,39,0.0,0.0,0.0,0.6198,0.0,0.0
2025-09-06,248,40,0.0,0.0,0.0,0.5934,0.0,0.0
2025-09-06,248,41,0.0,0.0,0.0,0.654,0.0,0.0
2025-09-06,248,42,0.0,0.0,0.0,0.6862,0.0,0.0
2025-09-06,248,43,0.0,0.0,0.0,0.6577,0.0,0.0
2025-09-06,248,44,0.0,0.0,0.0,0.5712,0.0,0.0
2025-09-06,248,45,0.0,0.0,0.0,0.4856,0.0,0.0
2025-09-06,248,46,0.0,0.0,0.0,0.6215,0.0,0.0
2025-09-06,248,47,0.0,0.0,0.0,0.8705,0.0,0.0
2025-09-06,248,48,0.0,0.0,0.0,0.8829,0.0,0.0
2025-09-06,248,49,0.0,0.0,0.0,0.8155,0.0,0.0
2025-09-06,248,50,0.0,0.0,0.0,0.7821,0.0,0.0
2025-09-06,248,51,0.0,0.0,0.0,0.7444,0.0,0.0
2025-09-06,248,52,0.0,0.0,0.0,0.7458,0.0,0.0
2025-09-06,248,53,0.0,0.0,0.0,0.7636,0.0,0.0
2025-09-06,248,54,0.0,0.0,0.0,0.7304,0.0,0.0
2025-09-06,248,55,0.0,0.0,0.0,0.7453,0.0,0.0
2025-09-06,248,56,0.0,0.0,0.0,0.7759,0.0,0.0
2025-09-06,248,57,0.0,0.0,0.0,0.6943,0.0,0.0
2025-09-06,248,58,0.0,0.0,0.0,0.6763,0.0,0.0
2025-09-06,248,59,0.0,0.0,0.0,0.7174,0.0,0.0
2025-09-06,248,60,0.0,0.0,0.0,0.6342,0.0,0.0
2025-09-06,248,61,0.0,0.0,0.0,0.555,0.0,0.0
2025-09-06,248,62,0.0,0.0,0.0,0.5719,0.0,0.0
2025-09-06,248,63,0.0,0.0,0.0,0.6161,0.0,0.0
2025-09-06,248,64,0.0,0.0,0.0,0.4616,0.0,0.0
2025-09-06,248,65,0.0,0.0,0.0,0.2054,0.0,0.0
2025-09-06,248,66,0.0,0.0,0.0,0.1776,0.0,0.0
2025-09-06,248,67,0.0,0.0,0.0,0.2064,0.0,0.0
2025-09-06,248,68,0.0,0.0,0.0,0.1874,0.0,0.0
2025-09-06,248,69,0.0,0.0,0.0,0.1832,0.0,0.0
2025-09-06,248,70,0.0,0.0,0.0,0.1412,0.0,0.0
2025-09-06,248,71,0.0,0.0,0.0,0.0886,0.0,0.0
2025-09-06,248,72,0.0,0.0,0.0,0.1187,0.0,0.0
2025-09-06,248,73,0.0,0.0,0.0,0.1472,0.0,0.0
2025-09-06,248,74,0.0,0.0,0.0,0.1143,0.0,0.0
2025-09-06,248,75,0.0,0.0,0.0,0.07,0.0,0.0
2025-09-06,248,76,0.0,0.0,0.0,0.207,0.0,0.0
2025-09-06,248,77,0.0,0.0,0.0,0.4371,0.0,0.0
2025-09-06,248,78,0.0,0.0,0.0,0.4672,0.0,0.0
2025-09-06,248,79,0.0,0.0,0.0,0.4443,0.0,0.0
2025-09-06,248,80,0.0,0.0,0.0,0.4637,0.0,0.0
2025-09-06,248,81,0.0,0.0,0.0,0.4764,0.0,0.0
2025-09-06,248,82,0.0,0.0,0.0,0.5136,0.0,0.0
2025-09-06,248,83,0.0,0.0,0.0,0.5449,0.0,0.0
2025-09-06,248,84,0.0,0.0,0.0,0.5074,0.0,0.0
2025-09-06,248,85,0.0,0.0,0.0,0.5381,0.0,0.0
2025-09-06,248,86,0.0,0.0,0.0,0.6573,0.0,0.0
2025-09-06,248,87,0.0,0.0,0.0,0.7129,0.0,0.0
2025-09-06,248,88,0.0,0.0,0.0,0.5445,0.0,0.0
2025-09-06,248,89,0.0,0.0,0.0,0.297,0.0,0.0
2025-09-06,248,90,0.0,0.0,0.0,0.2979,0.0,0.0
2025-09-06,248,91,0.0,0.0,0.0,0.3901,0.0,0.0
2025-09-06,248,92,0.0,0.0,0.0,0.4396,0.0,0.0
2025-09-06,248,93,0.0,0.0,0.0,0.4703,0.0,0.0
2025-09-06,248,94,0.0,0.0,0.0,0.5401,0.0,0.0
2025-09-06,248,95,18.377916666666806,18.377916666666806,0.0,0.6015,11.054316875000085,11.054316875000085
2025-09-06,248,96,60.00923083333339,60.00923083333339,0.0,0.5529,33.179103727750025,33.179103727750025
2025-09-06,248,97,113.95558833333348,113.95558833333348,0.0,0.5194,59.18853258033341,59.18853258033341
2025-09-06,248,98,192.45754166666688,192.45754166666688,0.0,0.5656,108.8539855666668,108.8539855666668
2025-09-06,248,99,249.3208533333334,249.3208533333334,0.0,0.6309,157.29652636800003,157.29652636800003
2025-09-06,248,100,252.84223333333335,252.84223333333335,0.0,0.6349,160.52953394333335,160.52953394333335
2025-09-06,248,101,232.55533333333335,232.55533333333335,0.0,0.605,140.69597666666667,140.69597666666667
2025-09-06,248,102,276.3640216666667,276.3640216666667,0.0,0.6447,178.17188476850004,178.17188476850004
2025-09-06,248,103,345.9038016666669,345.9038016666669,0.0,0.716,247.66712199333347,247.66712199333347
2025-09-06,248,104,404.3455625,404.3455625,0.0,0.745,301.2374440625,301.2374440625
2025-09-06,248,105,467.27936,467.27936,0.0,0.7198,336.347683328,336.347683328
2025-09-06,248,106,507.54742500000003,507.54742500000003,0.0,0.856,434.4605958,434.4605958
2025-09-06,248,107,539.7543541666668,539.7543541666668,0.0,1.1092,598.6955296416668,598.6955296416668
2025-09-06,248,108,0.0,0.0,0.0,1.2017,0.0,0.0
2025-09-06,248,109,526.7739295484034,526.7739295484034,0.0,1.1865,625.0172674091807,625.0172674091807
2025-09-06,248,110,619.29025,619.29025,0.0,1.1636,720.6061349,720.6061349
2025-09-06,248,111,597.5217091666668,597.5217091666668,0.0,1.173,700.8929648525002,700.8929648525002
2025-09-06,248,112,0.0,0.0,0.0,1.1729,0.0,0.0
2025-09-06,248,113,0.0,0.0,0.0,1.1525,0.0,0.0
2025-09-06,248,114,0.0,0.0,0.0,1.147,0.0,0.0
2025-09-06,248,115,0.0,0.0,0.0,1.1726,0.0,0.0
2025-09-06,248,116,0.0,0.0,0.0,1.2079,0.0,0.0
2025-09-06,248,117,0.0,0.0,0.0,1.2141,0.0,0.0
2025-09-06,248,118,0.0,0.0,0.0,1.2139,0.0,0.0
2025-09-06,248,119,0.0,0.0,0.0,1.2147,0.0,0.0
2025-09-06,248,120,0.0,0.0,0.0,1.1975,0.0,0.0
2025-09-06,248,121,0.0,0.0,0.0,1.158,0.0,0.0
2025-09-06,248,122,0.0,0.0,0.0,1.1365,0.0,0.0
2025-09-06,248,123,0.0,0.0,0.0,1.1581,0.0,0.0
2025-09-06,248,124,0.0,0.0,0.0,1.0401,0.0,0.0
2025-09-06,248,125,628.9175833333334,628.9175833333334,0.0,0.8484,533.5736777000001,533.5736777000001
2025-09-06,248,126,1368.9452057407411,1368.9452057407411,0.0,0.8401,1150.0508673427967,1150.0508673427967
2025-09-06,248,127,642.90644,642.90644,0.0,0.8415,541.00576926,541.00576926
2025-09-06,248,128,640.4571666666667,640.4571666666667,0.0,0.8197,524.9827395166667,524.9827395166667
2025-09-06,248,129,0.0,0.0,0.0,0.8792,0.0,0.0
2025-09-06,248,130,624.0531291666666,624.0531291666666,0.0,0.69,430.5966591249999,430.5966591249999
2025-09-06,248,131,1381.001083333333,1381.001083333333,0.0,0.3428,473.4071713666666,473.4071713666666
2025-09-06,248,132,1366.6159416666665,1366.6159416666665,0.0,0.2951,403.28836438583323,403.28836438583323
2025-09-06,248,133,1389.8273241666666,1389.8273241666666,0.0,0.3517,488.8022699094167,488.8022699094167
2025-09-06,248,134,1405.6166666666668,1405.6166666666668,0.0,0.3468,487.46786000000003,487.46786000000003
2025-09-06,248,135,1391.8021566666666,1391.8021566666666,0.0,0.3152,438.6960397813333,438.6960397813333
2025-09-06,248,136,1374.8444858333332,1374.8444858333332,0.0,0.2979,409.56617232975,409.56617232975
2025-09-06,248,137,1369.7368333333334,1369.7368333333334,0.0,0.313,428.72762883333337,428.72762883333337
2025-09-06,248,138,1372.446625,1372.446625,0.0,0.3495,479.6700954375,479.6700954375
2025-09-06,248,139,1386.0648350000001,1386.0648350000001,0.0,0.3708,513.952840818,513.952840818
2025-09-06,248,140,162.92378397580063,162.92378397580063,0.0,0.3493,56.90927774274716,56.90927774274716
2025-09-06,248,141,0.0,0.0,0.0,0.3,0.0,0.0
2025-09-06,248,142,0.0,0.0,0.0,0.3415,0.0,0.0
2025-09-06,248,143,0.0,0.0,0.0,0.4396,0.0,0.0
2025-09-07,249,0,0.0,0.0,0.0,0.4387,0.0,0.0
2025-09-07,249,1,0.0,0.0,0.0,0.4059,0.0,0.0
2025-09-07,249,2,611.1968333333333,611.1968333333333,0.0,0.3855,235.61637925,235.61637925
2025-09-07,249,3,0.0,0.0,0.0,0.3572,0.0,0.0
2025-09-07,249,4,0.0,0.0,0.0,0.3664,0.0,0.0
2025-09-07,249,5,0.0,0.0,0.0,0.4082,0.0,0.0
2025-09-07,249,6,592.741285,592.741285,0.0,0.4285,253.98964062249996,253.98964062249996
2025-09-07,249,7,588.4753583333332,588.4753583333332,0.0,0.4431,260.75343127749994,260.75343127749994
2025-09-07,249,8,601.5829166666667,601.5829166666667,0.0,0.4546,273.4795939166667,273.4795939166667
2025-09-07,249,9,597.5636133333333,597.5636133333333,0.0,0.443,264.72068070666666,264.72068070666666
2025-09-07,249,10,590.8925366666667,590.8925366666667,0.0,0.4261,251.77930987366668,251.77930987366668
2025-09-07,249,11,590.7280833333333,590.7280833333333,0.0,0.4179,246.86526602499998,246.86526602499998
2025-09-07,249,12,589.1611375,589.1611375,0.0,0.4162,245.2088654275,245.2088654275
2025-09-07,249,13,597.9026633333334,597.9026633333334,0.0,0.4085,244.24323797166667,244.24323797166667
2025-09-07,249,14,1436.729433467637,1436.729433467637,0.0,0.416,597.6794443225369,597.6794443225369
2025-09-07,249,15,1415.4107833333333,1415.4107833333333,0.0,0.4641,656.892144545,656.892144545
2025-09-07,249,16,1406.3012866666668,1406.3012866666668,0.0,0.4566,642.117167492,642.117167492
2025-09-07,249,17,586.4822500000001,586.4822500000001,0.0,0.4009,235.12073402500005,235.12073402500005
2025-09-07,249,18,0.0,0.0,0.0,0.4018,0.0,0.0
2025-09-07,249,19,0.0,0.0,0.0,0.4171,0.0,0.0
2025-09-07,249,20,1395.7940833333332,1395.7940833333332,0.0,0.429,598.7956617499999,598.7956617499999
2025-09-07,249,21,1419.3056066666668,1419.3056066666668,0.0,0.4569,648.480731686,648.480731686
2025-09-07,249,22,594.4067383333332,594.4067383333332,0.0,0.4215,250.54244020749996,250.54244020749996
2025-09-07,249,23,0.0,0.0,0.0,0.3668,0.0,0.0
2025-09-07,249,24,0.0,0.0,0.0,0.4222,0.0,0.0
2025-09-07,249,25,0.0,0.0,0.0,0.4728,0.0,0.0
2025-09-07,249,26,288.9725500699948,288.9725500699948,0.0,0.4442,128.3616067410917,128.3616067410917
2025-09-07,249,27,572.2825750000002,572.2825750000002,0.0,0.3809,217.98243281750007,217.98243281750007
2025-09-07,249,28,561.2372891666668,561.2372891666668,0.0,0.3842,215.62736649783335,215.62736649783335
2025-09-07,249,29,575.93525,575.93525,0.0,0.449,258.59492725,258.59492725
2025-09-07,249,30,1415.5411883333334,1415.5411883333334,0.0,0.481,680.8753115883334,680.8753115883334
2025-09-07,249,31,1398.0716533333332,1398.0716533333332,0.0,0.5022,702.1115843039998,702.1115843039998
2025-09-07,249,32,1377.8193333333334,1377.8193333333334,0.0,0.474,653.086364,653.086364
2025-09-07,249,33,1390.7359658333335,1390.7359658333335,0.0,0.3739,519.9961776250834,519.9961776250834
2025-09-07,249,34,0.0,0.0,0.0,0.5792,0.0,0.0
2025-09-07,249,35,0.0,0.0,0.0,0.9552,0.0,0.0
2025-09-07,249,36,0.0,0.0,0.0,0.9635,0.0,0.0
2025-09-07,249,37,0.0,0.0,0.0,0.888,0.0,0.0
2025-09-07,249,38,0.0,0.0,0.0,0.9028,0.0,0.0
2025-09-07,249,39,0.0,0.0,0.0,0.8882,0.0,0.0
2025-09-07,249,40,0.0,0.0,0.0,0.8397,0.0,0.0
2025-09-07,249,41,0.0,0.0,0.0,0.7905,0.0,0.0
2025-09-07,249,42,0.0,0.0,0.0,0.7715,0.0,0.0
2025-09-07,249,43,0.0,0.0,0.0,0.7803,0.0,0.0
2025-09-07,249,44,0.0,0.0,0.0,0.7342,0.0,0.0
2025-09-07,249,45,0.0,0.0,0.0,0.6011,0.0,0.0
2025-09-07,249,46,0.0,0.0,0.0,0.8084,0.0,0.0
2025-09-07,249,47,0.0,0.0,0.0,1.2261,0.0,0.0
2025-09-07,249,48,0.0,0.0,0.0,1.2577,0.0,0.0
2025-09-07,249,49,0.0,0.0,0.0,1.1236,0.0,0.0
2025-09-07,249,50,0.0,0.0,0.0,1.0576,0.0,0.0
2025-09-07,249,51,0.0,0.0,0.0,1.0685,0.0,0.0
2025-09-07,249,52,0.0,0.0,0.0,1.0606,0.0,0.0
2025-09-07,249,53,0.0,0.0,0.0,1.015,0.0,0.0
2025-09-07,249,54,0.0,0.0,0.0,0.9945,0.0,0.0
2025-09-07,249,55,0.0,0.0,0.0,0.9837,0.0,0.0
2025-09-07,249,56,0.0,0.0,0.0,0.9677,0.0,0.0
2025-09-07,249,57,0.0,0.0,0.0,0.948,0.0,0.0
2025-09-07,249,58,0.0,0.0,0.0,0.9095,0.0,0.0
2025-09-07,249,59,0.0,0.0,0.0,0.8899,0.0,0.0
2025-09-07,249,60,0.0,0.0,0.0,0.9354,0.0,0.0
2025-09-07,249,61,0.0,0.0,0.0,0.9073,0.0,0.0
2025-09-07,249,62,0.0,0.0,0.0,0.8203,0.0,0.0
2025-09-07,249,63,0.0,0.0,0.0,0.803,0.0,0.0
2025-09-07,249,64,0.0,0.0,0.0,0.6515,0.0,0.0
2025-09-07,249,65,0.0,0.0,0.0,0.4278,0.0,0.0
2025-09-07,249,66,0.0,0.0,0.0,0.4307,0.0,0.0
2025-09-07,249,67,0.0,0.0,0.0,0.5047,0.0,0.0
2025-09-07,249,68,0.0,0.0,0.0,0.5032,0.0,0.0
2025-09-07,249,69,0.0,0.0,0.0,0.4353,0.0,0.0
2025-09-07,249,70,0.0,0.0,0.0,0.4214,0.0,0.0
2025-09-07,249,71,0.0,0.0,0.0,0.4438,0.0,0.0
2025-09-07,249,72,0.0,0.0,0.0,0.3916,0.0,0.0
2025-09-07,249,73,0.0,0.0,0.0,0.427,0.0,0.0
2025-09-07,249,74,0.0,0.0,0.0,0.5203,0.0,0.0
2025-09-07,249,75,0.0,0.0,0.0,0.4891,0.0,0.0
2025-09-07,249,76,0.0,0.0,0.0,0.574,0.0,0.0
2025-09-07,249,77,0.0,0.0,0.0,0.7802,0.0,0.0
2025-09-07,249,78,0.0,0.0,0.0,0.8491,0.0,0.0
2025-09-07,249,79,0.0,0.0,0.0,0.8424,0.0,0.0
2025-09-07,249,80,0.0,0.0,0.0,0.8349,0.0,0.0
2025-09-07,249,81,0.0,0.0,0.0,0.8331,0.0,0.0
2025-09-07,249,82,0.0,0.0,0.0,0.8552,0.0,0.0
2025-09-07,249,83,0.0,0.0,0.0,0.8777,0.0,0.0
2025-09-07,249,84,0.0,0.0,0.0,0.8587,0.0,0.0
2025-09-07,249,85,0.0,0.0,0.0,0.8617,0.0,0.0
2025-09-07,249,86,0.0,0.0,0.0,0.9211,0.0,0.0
2025-09-07,249,87,0.0,0.0,0.0,0.9814,0.0,0.0
2025-09-07,249,88,0.0,0.0,0.0,0.8641,0.0,0.0
2025-09-07,249,89,0.0,0.0,0.0,0.6446,0.0,0.0
2025-09-07,249,90,0.0,0.0,0.0,0.5961,0.0,0.0
2025-09-07,249,91,46.355056666666655,46.355056666666655,0.0,0.6469,29.98708615766666,29.98708615766666
2025-09-07,249,92,90.77379166666685,90.77379166666685,0.0,0.6938,62.97885665833346,62.97885665833346
2025-09-07,249,93,144.29819750000013,144.29819750000013,0.0,0.7144,103.0866322940001,103.0866322940001
2025-09-07,249,94,211.94641666666655,211.94641666666655,0.0,0.7763,164.53400325833323,164.53400325833323
2025-09-07,249,95,269.76068750000013,269.76068750000013,0.0,0.8656,233.5048511000001,233.5048511000001
2025-09-07,249,96,295.6374925000001,295.6374925000001,0.0,0.8912,263.4721333160001,263.4721333160001
2025-09-07,249,97,349.65729583333325,349.65729583333325,0.0,0.8662,302.8731496508332,302.8731496508332
2025-09-07,249,98,423.4302500000001,423.4302500000001,0.0,0.8367,354.2840901750001,354.2840901750001
2025-09-07,249,99,473.2406233333335,473.2406233333335,0.0,0.8457,400.2195951530001,400.2195951530001
2025-09-07,249,100,517.3955625,517.3955625,0.0,0.8948,462.965549325,462.965549325
2025-09-07,249,101,556.1672916666666,556.1672916666666,0.0,0.9651,536.7570531875,536.7570531875
2025-09-07,249,102,594.7962916666668,594.7962916666668,0.0,1.0275,611.1531896875001,611.1531896875001
2025-09-07,249,103,657.6777500000002,657.6777500000002,0.0,1.0559,694.4419362250002,694.4419362250002
2025-09-07,249,104,737.3415416666668,737.3415416666668,0.0,1.0504,774.5035553666668,774.5035553666668
2025-09-07,249,105,796.5493391666666,796.5493391666666,0.0,1.0525,838.3681794729166,838.3681794729166
2025-09-07,249,106,749.3504258333334,749.3504258333334,0.0,1.1617,870.5203896905833,870.5203896905833
2025-09-07,249,107,679.1752500000001,679.1752500000001,0.0,1.3135,892.096690875,892.096690875
2025-09-07,249,108,758.6860466666667,758.6860466666667,0.0,1.3247,1005.0314060193334,1005.0314060193334
2025-09-07,249,109,803.7612141666667,803.7612141666667,0.0,1.2514,1005.8267834081668,1005.8267834081668
2025-09-07,249,110,767.9364791666668,767.9364791666668,0.0,1.2213,937.8808220062502,937.8808220062502
2025-09-07,249,111,772.5188350000002,772.5188350000002,0.0,1.3095,1011.6134144325003,1011.6134144325003
2025-09-07,249,112,780.8384808333335,780.8384808333335,0.0,1.3485,1052.9606914037502,1052.9606914037502
2025-09-07,249,113,0.0,0.0,0.0,1.3037,0.0,0.0
2025-09-07,249,114,0.0,0.0,0.0,1.3025,0.0,0.0
2025-09-07,249,115,0.0,0.0,0.0,1.3441,0.0,0.0
2025-09-07,249,116,0.0,0.0,0.0,1.3781,0.0,0.0
2025-09-07,249,117,0.0,0.0,0.0,1.3635,0.0,0.0
2025-09-07,249,118,0.0,0.0,0.0,1.3571,0.0,0.0
2025-09-07,249,119,0.0,0.0,0.0,1.3704,0.0,0.0
2025-09-07,249,120,0.0,0.0,0.0,1.3553,0.0,0.0
2025-09-07,249,121,0.0,0.0,0.0,1.3109,0.0,0.0
2025-09-07,249,122,0.0,0.0,0.0,1.3079,0.0,0.0
2025-09-07,249,123,0.0,0.0,0.0,1.3878,0.0,0.0
2025-09-07,249,124,306.33482538173655,306.33482538173655,0.0,1.2581,385.39984381276275,385.39984381276275
2025-09-07,249,125,846.7845592592591,846.7845592592591,0.0,1.008,853.5588357333332,853.5588357333332
2025-09-07,249,126,1595.4938633333334,1595.4938633333334,0.0,1.0263,1637.455351939,1637.455351939
2025-09-07,249,127,769.6769783333334,769.6769783333334,0.0,1.0488,807.237214876,807.237214876
2025-09-07,249,128,791.4341666666667,791.4341666666667,0.0,0.9944,787.0021353333333,787.0021353333333
2025-09-07,249,129,0.0,0.0,0.0,1.0079,0.0,0.0
2025-09-07,249,130,735.3098916666668,735.3098916666668,0.0,0.7587,557.8796148075002,557.8796148075002
2025-09-07,249,131,660.8580896027398,660.8580896027398,0.0,0.3751,247.8878694099877,247.8878694099877
2025-09-07,249,132,1446.5646108333333,1446.5646108333333,0.0,0.3684,532.914402631,532.914402631
2025-09-07,249,133,641.5461033333333,641.5461033333333,0.0,0.4664,299.21710259466664,299.21710259466664
2025-09-07,249,134,1450.0540833333332,1450.0540833333332,0.0,0.4684,679.2053326333332,679.2053326333332
2025-09-07,249,135,599.2922950000001,599.2922950000001,0.0,0.444,266.08577898000004,266.08577898000004
2025-09-07,249,136,619.9663333333333,619.9663333333333,0.0,0.4438,275.1410587333333,275.1410587333333
2025-09-07,249,137,1484.2656666666667,1484.2656666666667,0.0,0.4542,674.1534658,674.1534658
2025-09-07,249,138,1473.9705033333332,1473.9705033333332,0.0,0.4326,637.639639742,637.639639742
2025-09-07,249,139,628.7819016666666,628.7819016666666,0.0,0.4453,279.9965808121666,279.9965808121666
2025-09-07,249,140,633.9853333333334,633.9853333333334,0.0,0.4766,302.15740986666674,302.15740986666674
2025-09-07,249,141,623.1606133333333,623.1606133333333,0.0,0.4409,274.75151441866666,274.75151441866666
2025-09-07,249,142,1455.879053333333,1455.879053333333,0.0,0.4083,594.4354174759999,594.4354174759999
2025-09-07,249,143,1462.8465,1462.8465,0.0,0.4135,604.88702775,604.88702775
2025-09-08,250,0,633.2040383333333,633.2040383333333,0.0,0.424,268.4785122533333,268.4785122533333
2025-09-08,250,1,631.7609233333334,631.7609233333334,0.0,0.4392,277.469397528,277.469397528
2025-09-08,250,2,0.0,0.0,0.0,0.4386,0.0,0.0
2025-09-08,250,3,0.0,0.0,0.0,0.402,0.0,0.0
2025-09-08,250,4,597.9306133333334,597.9306133333334,0.0,0.4187,250.35354780266672,250.35354780266672
2025-09-08,250,5,630.1610000000001,630.1610000000001,0.0,0.4713,296.99487930000004,296.99487930000004
2025-09-08,250,6,637.9429108333334,637.9429108333334,0.0,0.4547,290.0726415559167,290.0726415559167
2025-09-08,250,7,624.9752616666667,624.9752616666667,0.0,0.4499,281.1763702238334,281.1763702238334
2025-09-08,250,8,1441.8546666666666,1441.8546666666666,0.0,0.4547,655.6113169333333,655.6113169333333
2025-09-08,250,9,1322.5100704440842,1322.5100704440842,0.0,0.3921,518.5561986211254,518.5561986211254
2025-09-08,250,10,610.903635,610.903635,0.0,0.3998,244.239273273,244.239273273
2025-09-08,250,11,609.9054166666667,609.9054166666667,0.0,0.4605,280.861444375,280.861444375
2025-09-08,250,12,0.0,0.0,0.0,0.4217,0.0,0.0
2025-09-08,250,13,0.0,0.0,0.0,0.423,0.0,0.0
2025-09-08,250,14,603.4463333333334,603.4463333333334,0.0,0.4707,284.04218910000003,284.04218910000003
2025-09-08,250,15,0.0,0.0,0.0,0.4272,0.0,0.0
2025-09-08,250,16,0.00796212025738896,0.00796212025738896,0.0,0.4067,0.0032381943086800904,0.0032381943086800904
2025-09-08,250,17,1429.7161666666666,1429.7161666666666,0.0,0.4568,653.0943449333333,653.0943449333333
2025-09-08,250,18,1441.2483691666666,1441.2483691666666,0.0,0.4958,714.5709414328334,714.5709414328334
2025-09-08,250,19,1454.2578833333332,1454.2578833333332,0.0,0.458,666.0501105666666,666.0501105666666
2025-09-08,250,20,1456.589,1456.589,0.0,0.3886,566.0304854,566.0304854
2025-09-08,250,21,613.1974025000001,613.1974025000001,0.0,0.3973,243.62332801325002,243.62332801325002
2025-09-08,250,22,0.0,0.0,0.0,0.4326,0.0,0.0
2025-09-08,250,23,599.1374166666667,599.1374166666667,0.0,0.4529,271.34933600833335,271.34933600833335
2025-09-08,250,24,1434.76953,1434.76953,0.0,0.463,664.29829239,664.29829239
2025-09-08,250,25,616.0256175000001,616.0256175000001,0.0,0.4457,274.56261771975,274.56261771975
2025-09-08,250,26,0.0,0.0,0.0,0.4335,0.0,0.0
2025-09-08,250,27,613.6748083333332,613.6748083333332,0.0,0.4731,290.3295518224999,290.3295518224999
2025-09-08,250,28,1435.4164341666665,1435.4164341666665,0.0,0.4547,652.6838526155832,652.6838526155832
2025-09-08,250,29,1440.7030833333333,1440.7030833333333,0.0,0.3897,561.441991575,561.441991575
2025-09-08,250,30,615.4416683333334,615.4416683333334,0.0,0.4038,248.515345673,248.515345673
2025-09-08,250,31,624.0972700000001,624.0972700000001,0.0,0.4375,273.04255562500003,273.04255562500003
2025-09-08,250,32,1451.3415833333333,1451.3415833333333,0.0,0.432,626.979564,626.979564
2025-09-08,250,33,1420.9369141666666,1420.9369141666666,0.0,0.428,608.1609992633333,608.1609992633333
2025-09-08,250,34,0.0,0.0,0.0,0.6497,0.0,0.0
2025-09-08,250,35,0.0,0.0,0.0,0.9629,0.0,0.0
2025-09-08,250,36,0.0,0.0,0.0,0.9835,0.0,0.0
2025-09-08,250,37,0.0,0.0,0.0,0.9309,0.0,0.0
2025-09-08,250,38,0.0,0.0,0.0,0.9181,0.0,0.0
2025-09-08,250,39,0.0,0.0,0.0,0.8449,0.0,0.0
2025-09-08,250,40,0.0,0.0,0.0,0.8037,0.0,0.0
2025-09-08,250,41,0.0,0.0,0.0,0.8233,0.0,0.0
2025-09-08,250,42,0.0,0.0,0.0,0.8296,0.0,0.0
2025-09-08,250,43,0.0,0.0,0.0,0.7937,0.0,0.0
2025-09-08,250,44,0.0,0.0,0.0,0.7001,0.0,0.0
2025-09-08,250,45,0.0,0.0,0.0,0.6016,0.0,0.0
2025-09-08,250,46,0.0,0.0,0.0,0.8031,0.0,0.0
2025-09-08,250,47,0.0,0.0,0.0,1.173,0.0,0.0
2025-09-08,250,48,0.0,0.0,0.0,1.2365,0.0,0.0
2025-09-08,250,49,0.0,0.0,0.0,1.1376,0.0,0.0
2025-09-08,250,50,0.0,0.0,0.0,1.051,0.0,0.0
2025-09-08,250,51,0.0,0.0,0.0,1.0096,0.0,0.0
2025-09-08,250,52,0.0,0.0,0.0,0.9976,0.0,0.0
2025-09-08,250,53,0.0,0.0,0.0,0.9949,0.0,0.0
2025-09-08,250,54,0.0,0.0,0.0,0.9883,0.0,0.0
2025-09-08,250,55,0.0,0.0,0.0,0.97,0.0,0.0
2025-09-08,250,56,0.0,0.0,0.0,0.9466,0.0,0.0
2025-09-08,250,57,0.0,0.0,0.0,0.9407,0.0,0.0
2025-09-08,250,58,0.0,0.0,0.0,0.9817,0.0,0.0
2025-09-08,250,59,0.0,0.0,0.0,1.0117,0.0,0.0
2025-09-08,250,60,0.0,0.0,0.0,0.9382,0.0,0.0
2025-09-08,250,61,0.0,0.0,0.0,0.8811,0.0,0.0
2025-09-08,250,62,0.0,0.0,0.0,0.9082,0.0,0.0
2025-09-08,250,63,0.0,0.0,0.0,0.9339,0.0,0.0
2025-09-08,250,64,0.0,0.0,0.0,0.7021,0.0,0.0
2025-09-08,250,65,0.0,0.0,0.0,0.3897,0.0,0.0
2025-09-08,250,66,0.0,0.0,0.0,0.4436,0.0,0.0
2025-09-08,250,67,0.0,0.0,0.0,0.5109,0.0,0.0
2025-09-08,250,68,0.0,0.0,0.0,0.4331,0.0,0.0
2025-09-08,250,69,0.0,0.0,0.0,0.4062,0.0,0.0
2025-09-08,250,70,0.0,0.0,0.0,0.4478,0.0,0.0
2025-09-08,250,71,0.0,0.0,0.0,0.4767,0.0,0.0
2025-09-08,250,72,409.8340541666664,409.8340541666664,0.0,0.4196,171.9663691283332,171.9663691283332
2025-09-08,250,73,1.2821337463719829e-05,1.2821337463719829e-05,0.0,0.4253,5.452914823320043e-06,5.452914823320043e-06
2025-09-08,250,74,0.0,0.0,0.0,0.457,0.0,0.0
2025-09-08,250,75,450.8546183333335,450.8546183333335,0.0,0.3635,163.88565376416673,163.88565376416673
2025-09-08,250,76,0.0,0.0,0.0,0.4777,0.0,0.0
2025-09-08,250,77,0.0,0.0,0.0,0.7698,0.0,0.0
2025-09-08,250,78,0.0,0.0,0.0,0.8573,0.0,0.0
2025-09-08,250,79,0.0,0.0,0.0,0.8835,0.0,0.0
2025-09-08,250,80,0.0,0.0,0.0,0.9254,0.0,0.0
2025-09-08,250,81,0.0,0.0,0.0,0.9021,0.0,0.0
2025-09-08,250,82,0.0,0.0,0.0,0.9075,0.0,0.0
2025-09-08,250,83,0.0,0.0,0.0,0.9625,0.0,0.0
2025-09-08,250,84,0.0,0.0,0.0,0.9906,0.0,0.0
2025-09-08,250,85,0.0,0.0,0.0,1.0008,0.0,0.0
2025-09-08,250,86,0.0,0.0,0.0,1.0197,0.0,0.0
2025-09-08,250,87,0.0,0.0,0.0,1.0392,0.0,0.0
2025-09-08,250,88,0.0,0.0,0.0,0.9423,0.0,0.0
2025-09-08,250,89,25.94766666666692,25.94766666666692,0.0,0.785,20.368918333333532,20.368918333333532
2025-09-08,250,90,58.99256833333436,58.99256833333436,0.0,0.7572,44.669172742000775,44.669172742000775
2025-09-08,250,91,83.92081250000024,83.92081250000024,0.0,0.7863,65.98693486875018,65.98693486875018
2025-09-08,250,92,135.3005625000003,135.3005625000003,0.0,0.8003,108.28104016875024,108.28104016875024
2025-09-08,250,93,216.8090266666668,216.8090266666668,0.0,0.8008,173.62066855466676,173.62066855466676
2025-09-08,250,94,292.32542750000016,292.32542750000016,0.0,0.8064,235.73122473600014,235.73122473600014
2025-09-08,250,95,348.83495833333336,348.83495833333336,0.0,0.8246,287.64930664166667,287.64930664166667
2025-09-08,250,96,395.99162833333355,395.99162833333355,0.0,0.8501,336.6324832461668,336.6324832461668
2025-09-08,250,97,465.99202333333346,465.99202333333346,0.0,0.8837,411.7971510196668,411.7971510196668
2025-09-08,250,98,533.7644375000001,533.7644375000001,0.0,0.9217,491.97068204375006,491.97068204375006
2025-09-08,250,99,589.3877491666667,589.3877491666667,0.0,0.9577,564.4566473769167,564.4566473769167
2025-09-08,250,100,644.0455733333332,644.0455733333332,0.0,1.0015,645.0116416933332,645.0116416933332
2025-09-08,250,101,697.9650208333335,697.9650208333335,0.0,1.0408,726.4419936833334,726.4419936833334
2025-09-08,250,102,758.9011583333335,758.9011583333335,0.0,1.0486,795.7837546283334,795.7837546283334
2025-09-08,250,103,803.2388041666667,803.2388041666667,0.0,1.0463,840.4287607995833,840.4287607995833
2025-09-08,250,104,855.8586666666667,855.8586666666667,0.0,1.0527,900.9624184,900.9624184
2025-09-08,250,105,970.5896425,970.5896425,0.0,1.0819,1050.0809342207501,1050.0809342207501
2025-09-08,250,106,893.5250091666669,893.5250091666669,0.0,1.182,1056.1465608350002,1056.1465608350002
2025-09-08,250,107,710.3372083333334,710.3372083333334,0.0,1.2986,922.4438987416667,922.4438987416667
2025-09-08,250,108,0.0,0.0,0.0,1.3175,0.0,0.0
2025-09-08,250,109,0.0,0.0,0.0,1.3278,0.0,0.0
2025-09-08,250,110,772.2008125,772.2008125,0.0,1.358,1048.648703375,1048.648703375
2025-09-08,250,111,803.8843116666667,803.8843116666667,0.0,1.345,1081.2243991916666,1081.2243991916666
2025-09-08,250,112,0.0,0.0,0.0,1.312,0.0,0.0
2025-09-08,250,113,0.0,0.0,0.0,1.2982,0.0,0.0
2025-09-08,250,114,10.488634166666793,10.488634166666793,0.0,1.3193,13.8376550560835,13.8376550560835
2025-09-08,250,115,5.642095000000186,5.642095000000186,0.0,1.3284,7.494958998000247,7.494958998000247
2025-09-08,250,116,0.0,0.0,0.0,1.3169,0.0,0.0
2025-09-08,250,117,723.3439562150674,723.3439562150674,0.0,1.3192,954.2353470389168,954.2353470389168
2025-09-08,250,118,0.0,0.0,0.0,1.3241,0.0,0.0
2025-09-08,250,119,0.0,0.0,0.0,1.3135,0.0,0.0
2025-09-08,250,120,818.9061208333334,818.9061208333334,0.0,1.2828,1050.492771805,1050.492771805
2025-09-08,250,121,814.4957400000001,814.4957400000001,0.0,1.2642,1029.685514508,1029.685514508
2025-09-08,250,122,0.0,0.0,0.0,1.2826,0.0,0.0
2025-09-08,250,123,0.0,0.0,0.0,1.3117,0.0,0.0
2025-09-08,250,124,820.7778908333335,820.7778908333335,0.0,1.1959,981.5682796475835,981.5682796475835
2025-09-08,250,125,818.5040833333335,818.5040833333335,0.0,0.9944,813.9204604666668,813.9204604666668
2025-09-08,250,126,842.5315375,842.5315375,0.0,0.9392,791.30562002,791.30562002
2025-09-08,250,127,835.5914533333334,835.5914533333334,0.0,0.9679,808.7689676813334,808.7689676813334
2025-09-08,250,128,808.5676666666667,808.5676666666667,0.0,1.0147,820.4536113666667,820.4536113666667
2025-09-08,250,129,818.0252708333335,818.0252708333335,0.0,1.0381,849.1920336520835,849.1920336520835
2025-09-08,250,130,745.9369208333335,745.9369208333335,0.0,0.8204,611.9666498516668,611.9666498516668
2025-09-08,250,131,1425.9368247879252,1425.9368247879252,0.0,0.4892,697.568294686253,697.568294686253
2025-09-08,250,132,648.3167491666667,648.3167491666667,0.0,0.4184,271.25572785133335,271.25572785133335
2025-09-08,250,133,0.0,0.0,0.0,0.4178,0.0,0.0
2025-09-08,250,134,623.8252500000001,623.8252500000001,0.0,0.389,242.66802225000004,242.66802225000004
2025-09-08,250,135,1454.3043275,1454.3043275,0.0,0.4221,613.86185663775,613.86185663775
2025-09-08,250,136,1448.7507233333333,1448.7507233333333,0.0,0.4213,610.3586797403333,610.3586797403333
2025-09-08,250,137,1440.0084166666666,1440.0084166666666,0.0,0.4192,603.6515282666667,603.6515282666667
2025-09-08,250,138,631.5174591666666,631.5174591666666,0.0,0.5317,335.77783303891664,335.77783303891664
2025-09-08,250,139,639.2838166666667,639.2838166666667,0.0,0.5127,327.760812805,327.760812805
2025-09-08,250,140,625.474,625.474,0.0,0.3736,233.6770864,233.6770864
2025-09-08,250,141,1462.9730975,1462.9730975,0.0,0.3871,566.31688604225,566.31688604225
2025-09-08,250,142,1459.99367,1459.99367,0.0,0.4757,694.518988819,694.518988819
2025-09-08,250,143,1447.3532916666668,1447.3532916666668,0.0,0.5142,744.2290625750001,744.2290625750001
2025-09-09,251,0,1480.6534441666668,1480.6534441666668,0.0,0.4592,679.9160615613333,679.9160615613333
2025-09-09,251,1,640.3211383333334,640.3211383333334,0.0,0.416,266.37359354666665,266.37359354666665
2025-09-09,251,2,607.3015,607.3015,0.0,0.4204,255.30955060000002,255.30955060000002
2025-09-09,251,3,602.6872275000001,602.6872275000001,0.0,0.4197,252.94782938175004,252.94782938175004
2025-09-09,251,4,611.30911,611.30911,0.0,0.4312,263.596488232,263.596488232
2025-09-09,251,5,614.7066666666667,614.7066666666667,0.0,0.4359,267.95063600000003,267.95063600000003
2025-09-09,251,6,1442.5668008333332,1442.5668008333332,0.0,0.3926,566.3517260071666,566.3517260071666
2025-09-09,251,7,606.8311275000001,606.8311275000001,0.0,0.3885,235.75389303375005,235.75389303375005
2025-09-09,251,8,0.0,0.0,0.0,0.4343,0.0,0.0
2025-09-09,251,9,0.0,0.0,0.0,0.4569,0.0,0.0
2025-09-09,251,10,0.0,0.0,0.0,0.4795,0.0,0.0
2025-09-09,251,11,0.0031353625649899186,0.0031353625649899186,0.0,0.4771,0.0014958814797566902,0.0014958814797566902
2025-09-09,251,12,593.3238691666667,593.3238691666667,0.0,0.3998,237.21088289283333,237.21088289283333
2025-09-09,251,13,1431.9848808333334,1431.9848808333334,0.0,0.3831,548.59340784725,548.59340784725
2025-09-09,251,14,1445.8020782055798,1445.8020782055798,0.0,0.4305,622.4177946675021,622.4177946675021
2025-09-09,251,15,602.596935,602.596935,0.0,0.4192,252.60863515200003,252.60863515200003
2025-09-09,251,16,598.5775733333334,598.5775733333334,0.0,0.4316,258.3460806506667,258.3460806506667
2025-09-09,251,17,606.0339166666668,606.0339166666668,0.0,0.4689,284.16930352500003,284.16930352500003
2025-09-09,251,18,603.5763641666666,603.5763641666666,0.0,0.4431,267.44468696225,267.44468696225
2025-09-09,251,19,1440.1667966666669,1440.1667966666669,0.0,0.4442,639.7220910793334,639.7220910793334
2025-09-09,251,20,1448.0808333333332,1448.0808333333332,0.0,0.4805,695.8028404166665,695.8028404166665
2025-09-09,251,21,613.3869658333334,613.3869658333334,0.0,0.4625,283.6914716979167,283.6914716979167
2025-09-09,251,22,610.3126783333335,610.3126783333335,0.0,0.421,256.94163757833337,256.94163757833337
2025-09-09,251,23,607.3735,607.3735,0.0,0.418,253.882123,253.882123
2025-09-09,251,24,600.4518300000001,600.4518300000001,0.0,0.4757,285.63493553100005,285.63493553100005
2025-09-09,251,25,606.6939816666667,606.6939816666667,0.0,0.4661,282.78006485483337,282.78006485483337
2025-09-09,251,26,1461.541,1461.541,0.0,0.402,587.539482,587.539482
2025-09-09,251,27,642.8047358333333,642.8047358333333,0.0,0.4208,270.49223283866667,270.49223283866667
2025-09-09,251,28,632.8514275000001,632.8514275000001,0.0,0.4478,283.39086923450003,283.39086923450003
2025-09-09,251,29,810.4685910480936,810.4685910480936,0.0,0.4273,346.3132289548504,346.3132289548504
2025-09-09,251,30,629.8036874999999,629.8036874999999,0.0,0.3935,247.82775103125,247.82775103125
2025-09-09,251,31,0.0,0.0,0.0,0.4367,0.0,0.0
2025-09-09,251,32,609.245625,609.245625,0.0,0.4847,295.30135443750004,295.30135443750004
2025-09-09,251,33,1431.0378775,1431.0378775,0.0,0.4135,591.73416234625,591.73416234625
2025-09-09,251,34,0.0,0.0,0.0,0.573,0.0,0.0
2025-09-09,251,35,0.0,0.0,0.0,0.9107,0.0,0.0
2025-09-09,251,36,0.0,0.0,0.0,0.9897,0.0,0.0
2025-09-09,251,37,0.0,0.0,0.0,0.9247,0.0,0.0
2025-09-09,251,38,0.0,0.0,0.0,0.8657,0.0,0.0
2025-09-09,251,39,0.0,0.0,0.0,0.8373,0.0,0.0
2025-09-09,251,40,0.0,0.0,0.0,0.8002,0.0,0.0
2025-09-09,251,41,0.0,0.0,0.0,0.7586,0.0,0.0
2025-09-09,251,42,0.0,0.0,0.0,0.764,0.0,0.0
2025-09-09,251,43,0.0,0.0,0.0,0.8213,0.0,0.0
2025-09-09,251,44,0.0,0.0,0.0,0.8168,0.0,0.0
2025-09-09,251,45,0.0,0.0,0.0,0.6702,0.0,0.0
2025-09-09,251,46,0.0,0.0,0.0,0.828,0.0,0.0
2025-09-09,251,47,0.0,0.0,0.0,1.1872,0.0,0.0
2025-09-09,251,48,0.0,0.0,0.0,1.1747,0.0,0.0
2025-09-09,251,49,0.0,0.0,0.0,1.0582,0.0,0.0
2025-09-09,251,50,0.0,0.0,0.0,1.0338,0.0,0.0
2025-09-09,251,51,0.0,0.0,0.0,1.0224,0.0,0.0
2025-09-09,251,52,0.0,0.0,0.0,0.9983,0.0,0.0
2025-09-09,251,53,0.0,0.0,0.0,0.9567,0.0,0.0
2025-09-09,251,54,0.0,0.0,0.0,0.9104,0.0,0.0
2025-09-09,251,55,0.0,0.0,0.0,0.9176,0.0,0.0
2025-09-09,251,56,0.0,0.0,0.0,0.9306,0.0,0.0
2025-09-09,251,57,0.0,0.0,0.0,0.8458,0.0,0.0
2025-09-09,251,58,0.0,0.0,0.0,0.7995,0.0,0.0
2025-09-09,251,59,0.0,0.0,0.0,0.8275,0.0,0.0
2025-09-09,251,60,0.0,0.0,0.0,0.8293,0.0,0.0
2025-09-09,251,61,0.0,0.0,0.0,0.8057,0.0,0.0
2025-09-09,251,62,0.0,0.0,0.0,0.788,0.0,0.0
2025-09-09,251,63,0.0,0.0,0.0,0.7758,0.0,0.0
2025-09-09,251,64,0.0,0.0,0.0,0.6382,0.0,0.0
2025-09-09,251,65,0.0,0.0,0.0,0.4475,0.0,0.0
2025-09-09,251,66,0.0,0.0,0.0,0.4226,0.0,0.0
2025-09-09,251,67,0.0,0.0,0.0,0.4353,0.0,0.0
2025-09-09,251,68,0.0,0.0,0.0,0.4303,0.0,0.0
2025-09-09,251,69,0.0,0.0,0.0,0.4713,0.0,0.0
2025-09-09,251,70,0.0,0.0,0.0,0.4521,0.0,0.0
2025-09-09,251,71,366.53254166666693,366.53254166666693,0.0,0.361,132.31824754166675,132.31824754166675
2025-09-09,251,72,373.83112333333327,373.83112333333327,0.0,0.3025,113.0839148083333,113.0839148083333
2025-09-09,251,73,383.1487583333335,383.1487583333335,0.0,0.2911,111.5346035508334,111.5346035508334
2025-09-09,251,74,191.52210170548176,191.52210170548176,0.0,0.2815,53.91347163009311,53.91347163009311
2025-09-09,251,75,377.37779666666677,377.37779666666677,0.0,0.2568,96.91061818400001,96.91061818400001
2025-09-09,251,76,0.0,0.0,0.0,0.4426,0.0,0.0
2025-09-09,251,77,0.0,0.0,0.0,0.7306,0.0,0.0
2025-09-09,251,78,0.0,0.0,0.0,0.7632,0.0,0.0
2025-09-09,251,79,0.0,0.0,0.0,0.755,0.0,0.0
2025-09-09,251,80,0.0,0.0,0.0,0.819,0.0,0.0
2025-09-09,251,81,0.0,0.0,0.0,0.852,0.0,0.0
2025-09-09,251,82,0.0,0.0,0.0,0.8787,0.0,0.0
2025-09-09,251,83,0.0,0.0,0.0,0.9092,0.0,0.0
2025-09-09,251,84,0.0,0.0,0.0,0.9154,0.0,0.0
2025-09-09,251,85,0.0,0.0,0.0,0.9156,0.0,0.0
2025-09-09,251,86,0.0,0.0,0.0,0.9558,0.0,0.0
2025-09-09,251,87,0.0,0.0,0.0,1.0295,0.0,0.0
2025-09-09,251,88,0.0,0.0,0.0,0.8796,0.0,0.0
2025-09-09,251,89,122.96220833333348,122.96220833333348,0.0,0.6307,77.55226479583342,77.55226479583342
2025-09-09,251,90,158.21898999999985,158.21898999999985,0.0,0.6805,107.66802269499989,107.66802269499989
2025-09-09,251,91,183.2411541666669,183.2411541666669,0.0,0.7535,138.07220966458348,138.07220966458348
2025-09-09,251,92,286.757228703704,286.757228703704,0.0,0.74,212.20034924074096,212.20034924074096
2025-09-09,251,93,272.76963166666656,272.76963166666656,0.0,0.801,218.4884749649999,218.4884749649999
2025-09-09,251,94,338.24044416666675,338.24044416666675,0.0,0.8316,281.2807533690001,281.2807533690001
2025-09-09,251,95,385.9632291666669,385.9632291666669,0.0,0.8275,319.3845721354169,319.3845721354169
2025-09-09,251,96,401.0463800000002,401.0463800000002,0.0,0.8941,358.5755683580002,358.5755683580002
2025-09-09,251,97,460.9221183333332,460.9221183333332,0.0,0.9019,415.7056585248332,415.7056585248332
2025-09-09,251,98,554.0571041666667,554.0571041666667,0.0,0.8665,480.0904807604167,480.0904807604167
2025-09-09,251,99,591.170415,591.170415,0.0,0.9404,555.9366582660001,555.9366582660001
2025-09-09,251,100,639.1218608333332,639.1218608333332,0.0,1.0065,643.2761529287499,643.2761529287499
2025-09-09,251,101,720.4325208333335,720.4325208333335,0.0,1.0089,726.84437026875,726.84437026875
2025-09-09,251,102,782.6895950000002,782.6895950000002,0.0,1.0097,790.2816840715002,790.2816840715002
2025-09-09,251,103,817.4006383333334,817.4006383333334,0.0,1.0191,833.0129905255,833.0129905255
2025-09-09,251,104,873.4823125,873.4823125,0.0,1.0414,909.6444802375001,909.6444802375001
2025-09-09,251,105,967.3322033333335,967.3322033333335,0.0,1.0947,1058.9385629890003,1058.9385629890003
2025-09-09,251,106,902.9619525000002,902.9619525000002,0.0,1.2113,1093.7578130632503,1093.7578130632503
2025-09-09,251,107,746.4668958333334,746.4668958333334,0.0,1.3344,996.0854258000002,996.0854258000002
2025-09-09,251,108,0.0,0.0,0.0,1.3604,0.0,0.0
2025-09-09,251,109,818.4208333333335,818.4208333333335,0.0,1.3669,1118.6994370833336,1118.6994370833336
2025-09-09,251,110,813.3750624999999,813.3750624999999,0.0,1.377,1120.0174610625,1120.0174610625
2025-09-09,251,111,738.8107753817332,738.8107753817332,0.0,1.3377,988.3071742281444,988.3071742281444
2025-09-09,251,112,0.0,0.0,0.0,1.2931,0.0,0.0
2025-09-09,251,113,0.0,0.0,0.0,1.2851,0.0,0.0
2025-09-09,251,114,6.690358333333428,6.690358333333428,0.0,1.3134,8.787116635000125,8.787116635000125
2025-09-09,251,115,0.0,0.0,0.0,1.3235,0.0,0.0
2025-09-09,251,116,0.0,0.0,0.0,1.3164,0.0,0.0
2025-09-09,251,117,0.0,0.0,0.0,1.3314,0.0,0.0
2025-09-09,251,118,0.9669383333334574,0.9669383333334574,0.0,1.2915,1.2488008575001603,1.2488008575001603
2025-09-09,251,119,0.0,0.0,0.0,1.2397,0.0,0.0
2025-09-09,251,120,0.0,0.0,0.0,1.3049,0.0,0.0
2025-09-09,251,121,810.0050133333333,810.0050133333333,0.0,1.3632,1104.198834176,1104.198834176
2025-09-09,251,122,794.9612500000001,794.9612500000001,0.0,1.368,1087.50699,1087.50699
2025-09-09,251,123,0.0,0.0,0.0,1.3602,0.0,0.0
2025-09-09,251,124,825.7374699999999,825.7374699999999,0.0,1.1781,972.8013134069998,972.8013134069998
2025-09-09,251,125,825.8259166666669,825.8259166666669,0.0,0.9395,775.8634487083335,775.8634487083335
2025-09-09,251,126,834.6433541666667,834.6433541666667,0.0,0.9533,795.6655095270834,795.6655095270834
2025-09-09,251,127,816.9747408333333,816.9747408333333,0.0,0.9776,798.6745066386666,798.6745066386666
2025-09-09,251,128,800.4446666666668,800.4446666666668,0.0,0.9492,759.7820776000001,759.7820776000001
2025-09-09,251,129,838.9247675000001,838.9247675000001,0.0,1.0007,839.51201483725,839.51201483725
2025-09-09,251,130,764.5888033333333,764.5888033333333,0.0,0.793,606.3189210433334,606.3189210433334
2025-09-09,251,131,625.3106666666666,625.3106666666666,0.0,0.4456,278.63843306666666,278.63843306666666
2025-09-09,251,132,1474.7334766666668,1474.7334766666668,0.0,0.4478,660.3856508513334,660.3856508513334
2025-09-09,251,133,662.6565016666667,662.6565016666667,0.0,0.4689,310.7196336315,310.7196336315
2025-09-09,251,134,624.932,624.932,0.0,0.3948,246.7231536,246.7231536
2025-09-09,251,135,1464.7708066666667,1464.7708066666667,0.0,0.4482,656.510275548,656.510275548
2025-09-09,251,136,1471.8373575,1471.8373575,0.0,0.4929,725.46863351175,725.46863351175
2025-09-09,251,137,1462.5975833333332,1462.5975833333332,0.0,0.4816,704.3869961333332,704.3869961333332
2025-09-09,251,138,689.1027046027403,689.1027046027403,0.0,0.5009,345.17154473551267,345.17154473551267
2025-09-09,251,139,623.8541841666668,623.8541841666668,0.0,0.4512,281.48300789600006,281.48300789600006
2025-09-09,251,140,617.4603333333334,617.4603333333334,0.0,0.3706,228.83079953333336,228.83079953333336
2025-09-09,251,141,626.9179425,626.9179425,0.0,0.4131,258.97980204675,258.97980204675
2025-09-09,251,142,1462.6069049999999,1462.6069049999999,0.0,0.4554,666.071184537,666.071184537
2025-09-09,251,143,1431.923625,1431.923625,0.0,0.4428,634.05578115,634.05578115
2025-09-10,252,0,0.0,0.0,0.0,0.4366,0.0,0.0
2025-09-10,252,1,0.0,0.0,0.0,0.4073,0.0,0.0
2025-09-10,252,2,636.5200833333334,636.5200833333334,0.0,0.3985,253.65325320833338,253.65325320833338
2025-09-10,252,3,1446.8950458333334,1446.8950458333334,0.0,0.4895,708.2551249354167,708.2551249354167
2025-09-10,252,4,611.0580108333334,611.0580108333334,0.0,0.521,318.36122364416667,318.36122364416667
2025-09-10,252,5,620.9394166666667,620.9394166666667,0.0,0.4646,288.4884529833334,288.4884529833334
2025-09-10,252,6,608.6569008333333,608.6569008333333,0.0,0.4467,271.88703760225,271.88703760225
2025-09-10,252,7,603.5253166666668,603.5253166666668,0.0,0.4493,271.16392477833335,271.16392477833335
2025-09-10,252,8,1439.2261778124023,1439.2261778124023,0.0,0.4595,661.3244287047988,661.3244287047988
2025-09-10,252,9,1430.8207683333335,1430.8207683333335,0.0,0.4897,700.6729302528335,700.6729302528335
2025-09-10,252,10,1429.2226041666668,1429.2226041666668,0.0,0.4843,692.1725071979167,692.1725071979167
2025-09-10,252,11,1437.7503333333334,1437.7503333333334,0.0,0.4448,639.5113482666667,639.5113482666667
2025-09-10,252,12,613.4017258333334,613.4017258333334,0.0,0.4309,264.31480366158337,264.31480366158337
2025-09-10,252,13,616.9466166666667,616.9466166666667,0.0,0.4361,269.05041952833335,269.05041952833335
2025-09-10,252,14,1448.6864999999998,1448.6864999999998,0.0,0.4269,618.44426685,618.44426685
2025-09-10,252,15,1442.4811949999998,1442.4811949999998,0.0,0.3861,556.9419893894999,556.9419893894999
2025-09-10,252,16,611.2135108333333,611.2135108333333,0.0,0.3952,241.55157948133333,241.55157948133333
2025-09-10,252,17,0.0,0.0,0.0,0.4565,0.0,0.0
2025-09-10,252,18,0.0,0.0,0.0,0.487,0.0,0.0
2025-09-10,252,19,620.2917133333335,620.2917133333335,0.0,0.478,296.4994389733334,296.4994389733334
2025-09-10,252,20,1434.0644166666666,1434.0644166666666,0.0,0.446,639.5927298333334,639.5927298333334
2025-09-10,252,21,578.4169925,578.4169925,0.0,0.4163,240.79499397775,240.79499397775
2025-09-10,252,22,587.3421999999999,587.3421999999999,0.0,0.4235,248.73942169999995,248.73942169999995
2025-09-10,252,23,1448.9085833333334,1448.9085833333334,0.0,0.45,652.0088625000001,652.0088625000001
2025-09-10,252,24,615.8905133333334,615.8905133333334,0.0,0.449,276.5348404866667,276.5348404866667
2025-09-10,252,25,609.6399133333333,609.6399133333333,0.0,0.471,287.14039918,287.14039918
2025-09-10,252,26,224.86659265970457,224.86659265970457,0.0,0.5042,113.37773601902303,113.37773601902303
2025-09-10,252,27,609.3898116666667,609.3898116666667,0.0,0.4784,291.53208590133335,291.53208590133335
2025-09-10,252,28,0.0,0.0,0.0,0.4355,0.0,0.0
2025-09-10,252,29,0.0,0.0,0.0,0.4182,0.0,0.0
2025-09-10,252,30,610.5323800000001,610.5323800000001,0.0,0.4281,261.368911878,261.368911878
2025-09-10,252,31,617.8457058333332,617.8457058333332,0.0,0.4186,258.6302124618333,258.6302124618333
2025-09-10,252,32,0.0,0.0,0.0,0.3718,0.0,0.0
2025-09-10,252,33,1429.8497233333333,1429.8497233333333,0.0,0.3604,515.3178402893333,515.3178402893333
2025-09-10,252,34,0.0,0.0,0.0,0.6356,0.0,0.0
2025-09-10,252,35,0.0,0.0,0.0,1.0052,0.0,0.0
2025-09-10,252,36,0.0,0.0,0.0,0.9882,0.0,0.0
2025-09-10,252,37,0.0,0.0,0.0,0.8876,0.0,0.0
2025-09-10,252,38,0.0,0.0,0.0,0.8784,0.0,0.0
2025-09-10,252,39,0.0,0.0,0.0,0.8478,0.0,0.0
2025-09-10,252,40,0.0,0.0,0.0,0.8462,0.0,0.0
2025-09-10,252,41,0.0,0.0,0.0,0.8592,0.0,0.0
2025-09-10,252,42,0.0,0.0,0.0,0.807,0.0,0.0
2025-09-10,252,43,0.0,0.0,0.0,0.7767,0.0,0.0
2025-09-10,252,44,0.0,0.0,0.0,0.7448,0.0,0.0
2025-09-10,252,45,0.0,0.0,0.0,0.6442,0.0,0.0
2025-09-10,252,46,0.0,0.0,0.0,0.8247,0.0,0.0
2025-09-10,252,47,0.0,0.0,0.0,1.1761,0.0,0.0
2025-09-10,252,48,0.0,0.0,0.0,1.2107,0.0,0.0
2025-09-10,252,49,0.0,0.0,0.0,1.1832,0.0,0.0
2025-09-10,252,50,0.0,0.0,0.0,1.2034,0.0,0.0
2025-09-10,252,51,0.0,0.0,0.0,1.1188,0.0,0.0
2025-09-10,252,52,0.0,0.0,0.0,1.067,0.0,0.0
2025-09-10,252,53,0.0,0.0,0.0,1.0757,0.0,0.0
2025-09-10,252,54,0.0,0.0,0.0,1.0378,0.0,0.0
2025-09-10,252,55,0.0,0.0,0.0,1.0429,0.0,0.0
2025-09-10,252,56,0.0,0.0,0.0,1.0714,0.0,0.0
2025-09-10,252,57,0.0,0.0,0.0,0.9998,0.0,0.0
2025-09-10,252,58,0.0,0.0,0.0,0.9275,0.0,0.0
2025-09-10,252,59,0.0,0.0,0.0,0.9143,0.0,0.0
2025-09-10,252,60,0.0,0.0,0.0,0.9213,0.0,0.0
2025-09-10,252,61,0.0,0.0,0.0,0.9072,0.0,0.0
2025-09-10,252,62,0.0,0.0,0.0,0.8697,0.0,0.0
2025-09-10,252,63,0.0,0.0,0.0,0.8223,0.0,0.0
2025-09-10,252,64,0.0,0.0,0.0,0.696,0.0,0.0
2025-09-10,252,65,0.0,0.0,0.0,0.541,0.0,0.0
2025-09-10,252,66,0.0,0.0,0.0,0.4937,0.0,0.0
2025-09-10,252,67,0.0,0.0,0.0,0.4806,0.0,0.0
2025-09-10,252,68,0.0,0.0,0.0,0.4591,0.0,0.0
2025-09-10,252,69,0.0,0.0,0.0,0.4566,0.0,0.0
2025-09-10,252,70,0.0,0.0,0.0,0.4405,0.0,0.0
2025-09-10,252,71,318.25862500000017,318.25862500000017,0.0,0.4168,132.65019490000006,132.65019490000006
2025-09-10,252,72,298.7690625,298.7690625,0.0,0.4253,127.06648228125002,127.06648228125002
2025-09-10,252,73,75.42870854031116,75.42870854031116,0.0,0.4254,32.087372613048366,32.087372613048366
2025-09-10,252,74,0.0,0.0,0.0,0.4194,0.0,0.0
2025-09-10,252,75,0.0004589985091456583,0.0004589985091456583,0.0,0.4732,0.0002171980945277255,0.0002171980945277255
2025-09-10,252,76,0.0,0.0,0.0,0.6451,0.0,0.0
2025-09-10,252,77,0.0,0.0,0.0,0.8542,0.0,0.0
2025-09-10,252,78,0.0,0.0,0.0,0.9353,0.0,0.0
2025-09-10,252,79,0.0,0.0,0.0,0.9317,0.0,0.0
2025-09-10,252,80,0.0,0.0,0.0,0.9149,0.0,0.0
2025-09-10,252,81,0.0,0.0,0.0,0.9235,0.0,0.0
2025-09-10,252,82,0.0,0.0,0.0,0.9656,0.0,0.0
2025-09-10,252,83,0.0,0.0,0.0,1.006,0.0,0.0
2025-09-10,252,84,0.0,0.0,0.0,0.993,0.0,0.0
2025-09-10,252,85,0.0,0.0,0.0,0.9533,0.0,0.0
2025-09-10,252,86,0.0,0.0,0.0,0.9559,0.0,0.0
2025-09-10,252,87,0.0,0.0,0.0,1.0194,0.0,0.0
2025-09-10,252,88,0.0,0.0,0.0,0.8902,0.0,0.0
2025-09-10,252,89,101.26360416666671,101.26360416666671,0.0,0.6602,66.85423147083337,66.85423147083337
2025-09-10,252,90,151.6082741666669,151.6082741666669,0.0,0.688,104.30649262666681,104.30649262666681
2025-09-10,252,91,183.69078583333362,183.69078583333362,0.0,0.7575,139.1457702687502,139.1457702687502
2025-09-10,252,92,307.71331111111135,307.71331111111135,0.0,0.7526,231.5850379422224,231.5850379422224
2025-09-10,252,93,325.3626441666669,325.3626441666669,0.0,0.7754,252.2861942868335,252.2861942868335
2025-09-10,252,94,380.55165999999986,380.55165999999986,0.0,0.8041,306.0015898059999,306.0015898059999
2025-09-10,252,95,396.9082708333335,396.9082708333335,0.0,0.8206,325.70292704583346,325.70292704583346
2025-09-10,252,96,451.0392033333334,451.0392033333334,0.0,0.8435,380.4515680116667,380.4515680116667
2025-09-10,252,97,519.7081341666668,519.7081341666668,0.0,0.891,463.05994754250014,463.05994754250014
2025-09-10,252,98,578.9100208333336,578.9100208333336,0.0,0.9358,541.7439974958336,541.7439974958336
2025-09-10,252,99,628.7960683333332,628.7960683333332,0.0,0.9361,588.6159995668332,588.6159995668332
2025-09-10,252,100,675.7788850000002,675.7788850000002,0.0,0.9651,652.1942019135001,652.1942019135001
2025-09-10,252,101,723.3113958333333,723.3113958333333,0.0,1.0132,732.8591062583334,732.8591062583334
2025-09-10,252,102,775.7385375000001,775.7385375000001,0.0,1.0074,781.4790026775001,781.4790026775001
2025-09-10,252,103,827.6805441666668,827.6805441666668,0.0,1.0608,878.003521252,878.003521252
2025-09-10,252,104,901.8295833333334,901.8295833333334,0.0,1.1401,1028.1759079583333,1028.1759079583333
2025-09-10,252,105,995.4851241666668,995.4851241666668,0.0,1.1089,1103.8934541884169,1103.8934541884169
2025-09-10,252,106,914.4777750000002,914.4777750000002,0.0,1.185,1083.6561633750002,1083.6561633750002
2025-09-10,252,107,750.2868958333333,750.2868958333333,0.0,1.3483,1011.6118216520833,1011.6118216520833
2025-09-10,252,108,0.0,0.0,0.0,1.3451,0.0,0.0
2025-09-10,252,109,14.153015000000085,14.153015000000085,0.0,1.2929,18.29843309350011,18.29843309350011
2025-09-10,252,110,0.0,0.0,0.0,1.295,0.0,0.0
2025-09-10,252,111,0.0,0.0,0.0,1.3316,0.0,0.0
2025-09-10,252,112,5.098610833333455,5.098610833333455,0.0,1.339,6.827039905833496,6.827039905833496
2025-09-10,252,113,0.9945000000001301,0.9945000000001301,0.0,1.3073,1.30010985000017,1.30010985000017
2025-09-10,252,114,0.0,0.0,0.0,1.2889,0.0,0.0
2025-09-10,252,115,746.9821920483995,746.9821920483995,0.0,1.3283,992.2164456978891,992.2164456978891
2025-09-10,252,116,0.0,0.0,0.0,1.3717,0.0,0.0
2025-09-10,252,117,809.6569441666667,809.6569441666667,0.0,1.3211,1069.6377889385833,1069.6377889385833
2025-09-10,252,118,798.7637808333334,798.7637808333334,0.0,1.2821,1024.0950434064168,1024.0950434064168
2025-09-10,252,119,814.9510833333334,814.9510833333334,0.0,1.302,1061.0663105,1061.0663105
2025-09-10,252,120,839.3841291666669,839.3841291666669,0.0,1.3239,1111.2606486037503,1111.2606486037503
2025-09-10,252,121,0.0,0.0,0.0,1.3159,0.0,0.0
2025-09-10,252,122,0.0,0.0,0.0,1.3188,0.0,0.0
2025-09-10,252,123,0.0,0.0,0.0,1.3708,0.0,0.0
2025-09-10,252,124,834.71242,834.71242,0.0,1.252,1045.05994984,1045.05994984
2025-09-10,252,125,836.6596666666667,836.6596666666667,0.0,1.025,857.5761583333333,857.5761583333333
2025-09-10,252,126,840.06318,840.06318,0.0,0.9844,826.958194392,826.958194392
2025-09-10,252,127,829.9391791666667,829.9391791666667,0.0,0.9735,807.94579091875,807.94579091875
2025-09-10,252,128,817.6742499999999,817.6742499999999,0.0,0.967,790.69099975,790.69099975
2025-09-10,252,129,827.4220308333333,827.4220308333333,0.0,1.0566,874.2541177785,874.2541177785
2025-09-10,252,130,751.6173116666669,751.6173116666669,0.0,0.8355,627.9762638975002,627.9762638975002
2025-09-10,252,131,1468.7640000000001,1468.7640000000001,0.0,0.4322,634.7998008,634.7998008
2025-09-10,252,132,1471.9128341666667,1471.9128341666667,0.0,0.4106,604.3674097088334,604.3674097088334
2025-09-10,252,133,650.0158558333334,650.0158558333334,0.0,0.4409,286.5919908369167,286.5919908369167
2025-09-10,252,134,1454.7423333333334,1454.7423333333334,0.0,0.3758,546.6921688666667,546.6921688666667
2025-09-10,252,135,689.7370954360737,689.7370954360737,0.0,0.4101,282.86118283833383,282.86118283833383
2025-09-10,252,136,654.3072141666667,654.3072141666667,0.0,0.4611,301.70105645225,301.70105645225
2025-09-10,252,137,662.8026666666667,662.8026666666667,0.0,0.4726,313.2405402666667,313.2405402666667
2025-09-10,252,138,650.0100350000001,650.0100350000001,0.0,0.4758,309.27477465300007,309.27477465300007
2025-09-10,252,139,625.8337641666667,625.8337641666667,0.0,0.4523,283.06461153258334,283.06461153258334
2025-09-10,252,140,607.4708333333334,607.4708333333334,0.0,0.4196,254.89476166666668,254.89476166666668
2025-09-10,252,141,1441.6368825,1441.6368825,0.0,0.4214,607.5057822855,607.5057822855
2025-09-10,252,142,1448.2683166666666,1448.2683166666666,0.0,0.4097,593.3555293383333,593.3555293383333
2025-09-10,252,143,1434.834875,1434.834875,0.0,0.4086,586.273529925,586.273529925
2025-09-11,253,0,601.8442941666667,601.8442941666667,0.0,0.4845,291.59356052375,291.59356052375
2025-09-11,253,1,1425.7064966666667,1425.7064966666667,0.0,0.4967,708.1484168943333,708.1484168943333
2025-09-11,253,2,1431.9980833333334,1431.9980833333334,0.0,0.4177,598.1455994083334,598.1455994083334
2025-09-11,253,3,0.0,0.0,0.0,0.3662,0.0,0.0
2025-09-11,253,4,627.618565,627.618565,0.0,0.3811,239.1854351215,239.1854351215
2025-09-11,253,5,1462.0973333333332,1462.0973333333332,0.0,0.4335,633.8191939999999,633.8191939999999
2025-09-11,253,6,1447.5405283333332,1447.5405283333332,0.0,0.4635,670.9350348825,670.9350348825
2025-09-11,253,7,609.9390483333334,609.9390483333334,0.0,0.4665,284.53656604750006,284.53656604750006
2025-09-11,253,8,1357.535996084222,1357.535996084222,0.0,0.4555,618.3576462163632,618.3576462163632
2025-09-11,253,9,621.6872800000001,621.6872800000001,0.0,0.4452,276.775177056,276.775177056
2025-09-11,253,10,616.7002691666667,616.7002691666667,0.0,0.4434,273.44489934850003,273.44489934850003
2025-09-11,253,11,602.0888333333332,602.0888333333332,0.0,0.4423,266.3038909833333,266.3038909833333
2025-09-11,253,12,1427.7339616666668,1427.7339616666668,0.0,0.4314,615.924431063,615.924431063
2025-09-11,253,13,1440.1508883333333,1440.1508883333333,0.0,0.4439,639.2829793311666,639.2829793311666
2025-09-11,253,14,492.91105655572636,492.91105655572636,0.0,0.4692,231.27386773594682,231.27386773594682
2025-09-11,253,15,0.0,0.0,0.0,0.4612,0.0,0.0
2025-09-11,253,16,605.89547,605.89547,0.0,0.4504,272.89531968800003,272.89531968800003
2025-09-11,253,17,606.9454999999999,606.9454999999999,0.0,0.4471,271.36533304999995,271.36533304999995
2025-09-11,253,18,613.3513016666667,613.3513016666667,0.0,0.4308,264.231740758,264.231740758
2025-09-11,253,19,611.4993533333334,611.4993533333334,0.0,0.4178,255.4844298226667,255.4844298226667
2025-09-11,253,20,1441.2085,1441.2085,0.0,0.4255,613.23421675,613.23421675
2025-09-11,253,21,612.4205241666668,612.4205241666668,0.0,0.4536,277.79394976200007,277.79394976200007
2025-09-11,253,22,611.1417133333334,611.1417133333334,0.0,0.4658,284.6698100706667,284.6698100706667
2025-09-11,253,23,600.6090833333333,600.6090833333333,0.0,0.4402,264.3881184833333,264.3881184833333
2025-09-11,253,24,0.0,0.0,0.0,0.398,0.0,0.0
2025-09-11,253,25,0.0,0.0,0.0,0.4311,0.0,0.0
2025-09-11,253,26,0.0,0.0,0.0,0.4835,0.0,0.0
2025-09-11,253,27,1436.8861066666668,1436.8861066666668,0.0,0.4105,589.8417467866667,589.8417467866667
2025-09-11,253,28,1433.2028575,1433.2028575,0.0,0.3662,524.8388864165,524.8388864165
2025-09-11,253,29,607.4169166666667,607.4169166666667,0.0,0.399,242.35934975,242.35934975
2025-09-11,253,30,622.1842033333334,622.1842033333334,0.0,0.4113,255.90436283100001,255.90436283100001
2025-09-11,253,31,624.0137933333334,624.0137933333334,0.0,0.4461,278.372553206,278.372553206
2025-09-11,253,32,0.0,0.0,0.0,0.479,0.0,0.0
2025-09-11,253,33,586.6681383333333,586.6681383333333,0.0,0.4621,271.0993467238333,271.0993467238333
2025-09-11,253,34,0.0,0.0,0.0,0.6509,0.0,0.0
2025-09-11,253,35,0.0,0.0,0.0,0.9529,0.0,0.0
2025-09-11,253,36,0.0,0.0,0.0,0.9869,0.0,0.0
2025-09-11,253,37,0.0,0.0,0.0,0.9092,0.0,0.0
2025-09-11,253,38,0.0,0.0,0.0,0.8668,0.0,0.0
2025-09-11,253,39,0.0,0.0,0.0,0.855,0.0,0.0
2025-09-11,253,40,0.0,0.0,0.0,0.8548,0.0,0.0
2025-09-11,253,41,0.0,0.0,0.0,0.8272,0.0,0.0
2025-09-11,253,42,0.0,0.0,0.0,0.749,0.0,0.0
2025-09-11,253,43,0.0,0.0,0.0,0.7232,0.0,0.0
2025-09-11,253,44,0.0,0.0,0.0,0.7231,0.0,0.0
2025-09-11,253,45,0.0,0.0,0.0,0.6616,0.0,0.0
2025-09-11,253,46,0.0,0.0,0.0,0.8366,0.0,0.0
2025-09-11,253,47,0.0,0.0,0.0,1.1559,0.0,0.0
2025-09-11,253,48,0.0,0.0,0.0,1.1949,0.0,0.0
2025-09-11,253,49,0.0,0.0,0.0,1.1467,0.0,0.0
2025-09-11,253,50,0.0,0.0,0.0,1.1511,0.0,0.0
2025-09-11,253,51,0.0,0.0,0.0,1.1379,0.0,0.0
2025-09-11,253,52,0.0,0.0,0.0,1.0486,0.0,0.0
2025-09-11,253,53,0.0,0.0,0.0,0.954,0.0,0.0
2025-09-11,253,54,0.0,0.0,0.0,0.9801,0.0,0.0
2025-09-11,253,55,0.0,0.0,0.0,0.988,0.0,0.0
2025-09-11,253,56,0.0,0.0,0.0,0.9451,0.0,0.0
2025-09-11,253,57,0.0,0.0,0.0,0.9445,0.0,0.0
2025-09-11,253,58,0.0,0.0,0.0,0.8951,0.0,0.0
2025-09-11,253,59,0.0,0.0,0.0,0.8271,0.0,0.0
2025-09-11,253,60,0.0,0.0,0.0,0.8714,0.0,0.0
2025-09-11,253,61,0.0,0.0,0.0,0.8917,0.0,0.0
2025-09-11,253,62,0.0,0.0,0.0,0.867,0.0,0.0
2025-09-11,253,63,0.0,0.0,0.0,0.8794,0.0,0.0
2025-09-11,253,64,0.0,0.0,0.0,0.7036,0.0,0.0
2025-09-11,253,65,0.0,0.0,0.0,0.4286,0.0,0.0
2025-09-11,253,66,0.0,0.0,0.0,0.4004,0.0,0.0
2025-09-11,253,67,0.0,0.0,0.0,0.4303,0.0,0.0
2025-09-11,253,68,0.0,0.0,0.0,0.4245,0.0,0.0
2025-09-11,253,69,0.0,0.0,0.0,0.4663,0.0,0.0
2025-09-11,253,70,295.6634751232707,295.6634751232707,0.0,0.4235,125.21348171470514,125.21348171470514
2025-09-11,253,71,380.2987708333336,380.2987708333336,0.0,0.3124,118.80533600833343,118.80533600833343
2025-09-11,253,72,420.1616633333334,420.1616633333334,0.0,0.301,126.46866066333335,126.46866066333335
2025-09-11,253,73,425.1107041666669,425.1107041666669,0.0,0.346,147.08830364166673,147.08830364166673
2025-09-11,253,74,0.0,0.0,0.0,0.3531,0.0,0.0
2025-09-11,253,75,443.72944666666683,443.72944666666683,0.0,0.3017,133.8731740593334,133.8731740593334
2025-09-11,253,76,0.0,0.0,0.0,0.4342,0.0,0.0
2025-09-11,253,77,0.0,0.0,0.0,0.6796,0.0,0.0
2025-09-11,253,78,0.0,0.0,0.0,0.7137,0.0,0.0
2025-09-11,253,79,0.0,0.0,0.0,0.7094,0.0,0.0
2025-09-11,253,80,0.0,0.0,0.0,0.7746,0.0,0.0
2025-09-11,253,81,0.0,0.0,0.0,0.8325,0.0,0.0
2025-09-11,253,82,0.0,0.0,0.0,0.8442,0.0,0.0
2025-09-11,253,83,0.0,0.0,0.0,0.8356,0.0,0.0
2025-09-11,253,84,0.0,0.0,0.0,0.8558,0.0,0.0
2025-09-11,253,85,0.0,0.0,0.0,0.8401,0.0,0.0
2025-09-11,253,86,0.0,0.0,0.0,0.8468,0.0,0.0
2025-09-11,253,87,0.0,0.0,0.0,0.9741,0.0,0.0
2025-09-11,253,88,0.0,0.0,0.0,0.8941,0.0,0.0
2025-09-11,253,89,159.56583472222312,159.56583472222312,0.0,0.6562,104.70710074472281,104.70710074472281
2025-09-11,253,90,138.76174000000015,138.76174000000015,0.0,0.6529,90.5975400460001,90.5975400460001
2025-09-11,253,91,218.28565500000002,218.28565500000002,0.0,0.7138,155.812300539,155.812300539
2025-09-11,253,92,262.72654166666666,262.72654166666666,0.0,0.7237,190.13519820416667,190.13519820416667
2025-09-11,253,93,292.3352683333334,292.3352683333334,0.0,0.7522,219.89458884033337,219.89458884033337
2025-09-11,253,94,349.44841083333324,349.44841083333324,0.0,0.8054,281.4457500851666,281.4457500851666
2025-09-11,253,95,428.63637500000004,428.63637500000004,0.0,0.8433,361.4690550375001,361.4690550375001
2025-09-11,253,96,489.3905008333335,489.3905008333335,0.0,0.8281,405.2642737400834,405.2642737400834
2025-09-11,253,97,517.5571933333335,517.5571933333335,0.0,0.8363,432.8330807846669,432.8330807846669
2025-09-11,253,98,553.0878958333336,553.0878958333336,0.0,0.8884,491.36328665833355,491.36328665833355
2025-09-11,253,99,617.3451683333334,617.3451683333334,0.0,0.9339,576.5386527065,576.5386527065
2025-09-11,253,100,675.5182749999999,675.5182749999999,0.0,0.9773,660.1840101574999,660.1840101574999
2025-09-11,253,101,722.4866875000001,722.4866875000001,0.0,1.0,722.4866875000001,722.4866875000001
2025-09-11,253,102,797.4011466666668,797.4011466666668,0.0,0.9746,777.1471575413335,777.1471575413335
2025-09-11,253,103,851.7809299999999,851.7809299999999,0.0,0.9868,840.537421724,840.537421724
2025-09-11,253,104,902.8080208333336,902.8080208333336,0.0,1.0358,935.1285479791669,935.1285479791669
2025-09-11,253,105,982.1472916666667,982.1472916666667,0.0,1.0532,1034.3975275833332,1034.3975275833332
2025-09-11,253,106,911.5407533333334,911.5407533333334,0.0,1.152,1050.09494784,1050.09494784
2025-09-11,253,107,759.9773958333334,759.9773958333334,0.0,1.2981,986.5266575312501,986.5266575312501
2025-09-11,253,108,0.0,0.0,0.0,1.324,0.0,0.0
2025-09-11,253,109,810.3119075000002,810.3119075000002,0.0,1.3004,1053.7296045130001,1053.7296045130001
2025-09-11,253,110,675.7500620484024,675.7500620484024,0.0,1.3037,880.9753558925022,880.9753558925022
2025-09-11,253,111,0.0,0.0,0.0,1.3371,0.0,0.0
2025-09-11,253,112,3.7312658333335205,3.7312658333335205,0.0,1.3385,4.9942993179169175,4.9942993179169175
2025-09-11,253,113,0.0,0.0,0.0,1.3262,0.0,0.0
2025-09-11,253,114,0.0,0.0,0.0,1.368,0.0,0.0
2025-09-11,253,115,0.0,0.0,0.0,1.3545,0.0,0.0
2025-09-11,253,116,819.1990000000001,819.1990000000001,0.0,1.2886,1055.6198314,1055.6198314
2025-09-11,253,117,4.871942500000129,4.871942500000129,0.0,1.2904,6.286754602000166,6.286754602000166
2025-09-11,253,118,4.032524166666774,4.032524166666774,0.0,1.3189,5.318496123416808,5.318496123416808
2025-09-11,253,119,0.0,0.0,0.0,1.3357,0.0,0.0
2025-09-11,253,120,842.6806841666667,842.6806841666667,0.0,1.3391,1128.4337041675833,1128.4337041675833
2025-09-11,253,121,839.3579158333334,839.3579158333334,0.0,1.2996,1090.8295474170002,1090.8295474170002
2025-09-11,253,122,0.0,0.0,0.0,1.2745,0.0,0.0
2025-09-11,253,123,0.0,0.0,0.0,1.3271,0.0,0.0
2025-09-11,253,124,832.3175458333334,832.3175458333334,0.0,1.1892,989.7920255050001,989.7920255050001
2025-09-11,253,125,829.3968333333333,829.3968333333333,0.0,0.9474,785.7705599000001,785.7705599000001
2025-09-11,253,126,1656.5453233333333,1656.5453233333333,0.0,0.9701,1607.0146181656664,1607.0146181656664
2025-09-11,253,127,892.8986531455921,892.8986531455921,0.0,1.0107,902.4526687342499,902.4526687342499
2025-09-11,253,128,796.1625000000001,796.1625000000001,0.0,0.9891,787.4843287500001,787.4843287500001
2025-09-11,253,129,14.297049002300696,14.297049002300696,0.0,1.0337,14.778859553678231,14.778859553678231
2025-09-11,253,130,769.9819916666668,769.9819916666668,0.0,0.8289,638.2380728925001,638.2380728925001
2025-09-11,253,131,1452.4275833333331,1452.4275833333331,0.0,0.4809,698.4724248249998,698.4724248249998
2025-09-11,253,132,1474.6489191666667,1474.6489191666667,0.0,0.4494,662.7072242735001,662.7072242735001
2025-09-11,253,133,655.9938108333333,655.9938108333333,0.0,0.4797,314.68023105675,314.68023105675
2025-09-11,253,134,1431.4918333333335,1431.4918333333335,0.0,0.4449,636.8707166500001,636.8707166500001
2025-09-11,253,135,1417.2702983333334,1417.2702983333334,0.0,0.4738,671.5026673503334,671.5026673503334
2025-09-11,253,136,623.5640016666667,623.5640016666667,0.0,0.476,296.81646479333335,296.81646479333335
2025-09-11,253,137,667.7345833333334,667.7345833333334,0.0,0.4174,278.7124150833333,278.7124150833333
2025-09-11,253,138,658.4922583333334,658.4922583333334,0.0,0.3794,249.83196281166673,249.83196281166673
2025-09-11,253,139,1463.4229066666667,1463.4229066666667,0.0,0.4403,644.3451058053333,644.3451058053333
2025-09-11,253,140,619.5490833333333,619.5490833333333,0.0,0.5137,318.2623641083334,318.2623641083334
2025-09-11,253,141,627.8890758333334,627.8890758333334,0.0,0.4345,272.8178034495834,272.8178034495834
2025-09-11,253,142,667.1894137694069,667.1894137694069,0.0,0.3637,242.6567897879333,242.6567897879333
2025-09-11,253,143,1390.8005416666667,1390.8005416666667,0.0,0.3585,498.6019941875,498.6019941875
2025-09-12,254,0,540.3649408333334,540.3649408333334,0.0,0.3276,177.02355461700003,177.02355461700003
2025-09-12,254,1,524.7432716666667,524.7432716666667,0.0,0.3293,172.79795935983333,172.79795935983333
2025-09-12,254,2,512.0326666666667,512.0326666666667,0.0,0.3668,187.81358213333337,187.81358213333337
2025-09-12,254,3,1050.3293136941463,1050.3293136941463,0.0,0.3678,386.311121576707,386.311121576707
2025-09-12,254,4,1359.6528541666667,1359.6528541666667,0.0,0.3375,458.88283828125003,458.88283828125003
2025-09-12,254,5,515.3334166666667,515.3334166666667,0.0,0.3123,160.93862602500002,160.93862602500002
2025-09-12,254,6,505.3059241666667,505.3059241666667,0.0,0.325,164.2244253541667,164.2244253541667
2025-09-12,254,7,517.5868941666668,517.5868941666668,0.0,0.3537,183.07048446675003,183.07048446675003
2025-09-12,254,8,526.7333333333333,526.7333333333333,0.0,0.358,188.57053333333334,188.57053333333334
2025-09-12,254,9,505.1332783333334,505.1332783333334,0.0,0.3169,160.07673590383337,160.07673590383337
2025-09-12,254,10,508.3164158333334,508.3164158333334,0.0,0.3021,153.56238922325,153.56238922325
2025-09-12,254,11,534.5550833333333,534.5550833333333,0.0,0.3213,171.75254827499998,171.75254827499998
2025-09-12,254,12,0.0,0.0,0.0,0.3205,0.0,0.0
2025-09-12,254,13,0.0,0.0,0.0,0.3468,0.0,0.0
2025-09-12,254,14,525.6987500000001,525.6987500000001,0.0,0.3906,205.33793175000005,205.33793175000005
2025-09-12,254,15,0.0,0.0,0.0,0.3879,0.0,0.0
2025-09-12,254,16,0.0,0.0,0.0,0.3838,0.0,0.0
2025-09-12,254,17,520.25525,520.25525,0.0,0.3838,199.67396495,199.67396495
2025-09-12,254,18,0.0016756994714547289,0.0016756994714547289,0.0,0.3452,0.0005784514575461724,0.0005784514575461724
2025-09-12,254,19,0.0,0.0,0.0,0.301,0.0,0.0
2025-09-12,254,20,0.0,0.0,0.0,0.282,0.0,0.0
2025-09-12,254,21,504.36570416666666,504.36570416666666,0.0,0.292,147.27478561666666,147.27478561666666
2025-09-12,254,22,501.62282999999996,501.62282999999996,0.0,0.3132,157.108270356,157.108270356
2025-09-12,254,23,0.0,0.0,0.0,0.3329,0.0,0.0
2025-09-12,254,24,1377.3022133333332,1377.3022133333332,0.0,0.3509,483.2953466586666,483.2953466586666
2025-09-12,254,25,543.4948083333335,543.4948083333335,0.0,0.3765,204.62579533750005,204.62579533750005
2025-09-12,254,26,0.0,0.0,0.0,0.3819,0.0,0.0
2025-09-12,254,27,518.7796933333334,518.7796933333334,0.0,0.336,174.30997696000003,174.30997696000003
2025-09-12,254,28,1351.5327524999998,1351.5327524999998,0.0,0.3458,467.3600258144999,467.3600258144999
2025-09-12,254,29,524.8111666666667,524.8111666666667,0.0,0.3792,199.00839440000001,199.00839440000001
2025-09-12,254,30,526.5861591666667,526.5861591666667,0.0,0.3093,162.87309903025002,162.87309903025002
2025-09-12,254,31,1356.2509316666665,1356.2509316666665,0.0,0.3148,426.9477932886666,426.9477932886666
2025-09-12,254,32,515.2729375000001,515.2729375000001,0.0,0.3627,186.88949443125006,186.88949443125006
2025-09-12,254,33,1347.8457791666665,1347.8457791666665,0.0,0.2801,377.5316027445833,377.5316027445833
2025-09-12,254,34,0.0,0.0,0.0,0.4657,0.0,0.0
2025-09-12,254,35,0.0,0.0,0.0,0.7921,0.0,0.0
2025-09-12,254,36,0.0,0.0,0.0,0.713,0.0,0.0
2025-09-12,254,37,0.0,0.0,0.0,0.6696,0.0,0.0
2025-09-12,254,38,0.0,0.0,0.0,0.7701,0.0,0.0
2025-09-12,254,39,0.0,0.0,0.0,0.6786,0.0,0.0
2025-09-12,254,40,0.0,0.0,0.0,0.6176,0.0,0.0
2025-09-12,254,41,0.0,0.0,0.0,0.6609,0.0,0.0
2025-09-12,254,42,0.0,0.0,0.0,0.6434,0.0,0.0
2025-09-12,254,43,0.0,0.0,0.0,0.619,0.0,0.0
2025-09-12,254,44,0.0,0.0,0.0,0.5997,0.0,0.0
2025-09-12,254,45,0.0,0.0,0.0,0.5573,0.0,0.0
2025-09-12,254,46,0.0,0.0,0.0,0.6866,0.0,0.0
2025-09-12,254,47,0.0,0.0,0.0,0.8912,0.0,0.0
2025-09-12,254,48,0.0,0.0,0.0,0.8586,0.0,0.0
2025-09-12,254,49,0.0,0.0,0.0,0.7919,0.0,0.0
2025-09-12,254,50,0.0,0.0,0.0,0.7711,0.0,0.0
2025-09-12,254,51,0.0,0.0,0.0,0.6868,0.0,0.0
2025-09-12,254,52,0.0,0.0,0.0,0.6826,0.0,0.0
2025-09-12,254,53,0.0,0.0,0.0,0.7476,0.0,0.0
2025-09-12,254,54,0.0,0.0,0.0,0.7203,0.0,0.0
2025-09-12,254,55,0.0,0.0,0.0,0.7106,0.0,0.0
2025-09-12,254,56,0.0,0.0,0.0,0.7236,0.0,0.0
2025-09-12,254,57,0.0,0.0,0.0,0.6498,0.0,0.0
2025-09-12,254,58,0.0,0.0,0.0,0.6144,0.0,0.0
2025-09-12,254,59,0.0,0.0,0.0,0.6424,0.0,0.0
2025-09-12,254,60,0.0,0.0,0.0,0.6291,0.0,0.0
2025-09-12,254,61,0.0,0.0,0.0,0.5947,0.0,0.0
2025-09-12,254,62,0.0,0.0,0.0,0.5996,0.0,0.0
2025-09-12,254,63,0.0,0.0,0.0,0.6436,0.0,0.0
2025-09-12,254,64,0.0,0.0,0.0,0.477,0.0,0.0
2025-09-12,254,65,0.0,0.0,0.0,0.2084,0.0,0.0
2025-09-12,254,66,0.0,0.0,0.0,0.2046,0.0,0.0
2025-09-12,254,67,0.0,0.0,0.0,0.1938,0.0,0.0
2025-09-12,254,68,0.0,0.0,0.0,0.112,0.0,0.0
2025-09-12,254,69,0.0,0.0,0.0,0.1684,0.0,0.0
2025-09-12,254,70,0.0,0.0,0.0,0.1904,0.0,0.0
2025-09-12,254,71,0.0,0.0,0.0,0.144,0.0,0.0
2025-09-12,254,72,0.0,0.0,0.0,0.1761,0.0,0.0
2025-09-12,254,73,0.0,0.0,0.0,0.2075,0.0,0.0
2025-09-12,254,74,0.0,0.0,0.0,0.1715,0.0,0.0
2025-09-12,254,75,0.0,0.0,0.0,0.1189,0.0,0.0
2025-09-12,254,76,0.0,0.0,0.0,0.2694,0.0,0.0
2025-09-12,254,77,0.0,0.0,0.0,0.5265,0.0,0.0
2025-09-12,254,78,0.0,0.0,0.0,0.5638,0.0,0.0
2025-09-12,254,79,0.0,0.0,0.0,0.5552,0.0,0.0
2025-09-12,254,80,0.0,0.0,0.0,0.5958,0.0,0.0
2025-09-12,254,81,0.0,0.0,0.0,0.5958,0.0,0.0
2025-09-12,254,82,0.0,0.0,0.0,0.5589,0.0,0.0
2025-09-12,254,83,0.0,0.0,0.0,0.5323,0.0,0.0
2025-09-12,254,84,0.0,0.0,0.0,0.559,0.0,0.0
2025-09-12,254,85,0.0,0.0,0.0,0.5944,0.0,0.0
2025-09-12,254,86,0.0,0.0,0.0,0.6272,0.0,0.0
2025-09-12,254,87,0.0,0.0,0.0,0.6659,0.0,0.0
2025-09-12,254,88,0.0,0.0,0.0,0.5835,0.0,0.0
2025-09-12,254,89,0.0,0.0,0.0,0.4401,0.0,0.0
2025-09-12,254,90,0.0,0.0,0.0,0.4369,0.0,0.0
2025-09-12,254,91,0.0,0.0,0.0,0.4626,0.0,0.0
2025-09-12,254,92,0.0,0.0,0.0,0.4685,0.0,0.0
2025-09-12,254,93,33.20990750000033,33.20990750000033,0.0,0.5203,17.27911487225017,17.27911487225017
2025-09-12,254,94,109.05277166666667,109.05277166666667,0.0,0.569,62.051027078333334,62.051027078333334
2025-09-12,254,95,155.41864583333347,155.41864583333347,0.0,0.5845,90.84219848958341,90.84219848958341
2025-09-12,254,96,200.38508916666683,200.38508916666683,0.0,0.5852,117.26535418033345,117.26535418033345
2025-09-12,254,97,252.88931416666685,252.88931416666685,0.0,0.5887,148.87593924991677,148.87593924991677
2025-09-12,254,98,312.406125,312.406125,0.0,0.6236,194.81645955,194.81645955
2025-09-12,254,99,364.89228166666686,364.89228166666686,0.0,0.6977,254.58534491883347,254.58534491883347
2025-09-12,254,100,404.31906000000004,404.31906000000004,0.0,0.6925,279.99094905000004,279.99094905000004
2025-09-12,254,101,430.3857708333333,430.3857708333333,0.0,0.624,268.560721,268.560721
2025-09-12,254,102,454.80742166666676,454.80742166666676,0.0,0.6301,286.57415639216674,286.57415639216674
2025-09-12,254,103,501.4357916666668,501.4357916666668,0.0,0.6742,338.06801074166674,338.06801074166674
2025-09-12,254,104,575.2886458333334,575.2886458333334,0.0,0.6943,399.4229068020834,399.4229068020834
2025-09-12,254,105,635.6849225000001,635.6849225000001,0.0,0.7028,446.75936353300006,446.75936353300006
2025-09-12,254,106,630.8772183333334,630.8772183333334,0.0,0.9109,574.6660581798334,574.6660581798334
2025-09-12,254,107,601.1705,601.1705,0.0,1.1933,717.37675765,717.37675765
2025-09-12,254,108,0.0,0.0,0.0,1.1938,0.0,0.0
2025-09-12,254,109,0.0,0.0,0.0,1.1623,0.0,0.0
2025-09-12,254,110,658.7501458333335,658.7501458333335,0.0,1.1988,789.7096748250002,789.7096748250002
2025-09-12,254,111,650.4409433333334,650.4409433333334,0.0,1.1548,751.1292013613335,751.1292013613335
2025-09-12,254,112,388.90116871506876,388.90116871506876,0.0,1.1094,431.44695657249724,431.44695657249724
2025-09-12,254,113,0.0,0.0,0.0,1.1161,0.0,0.0
2025-09-12,254,114,0.0,0.0,0.0,1.1476,0.0,0.0
2025-09-12,254,115,0.0,0.0,0.0,1.1935,0.0,0.0
2025-09-12,254,116,0.0,0.0,0.0,1.219,0.0,0.0
2025-09-12,254,117,0.0,0.0,0.0,1.1814,0.0,0.0
2025-09-12,254,118,0.0,0.0,0.0,1.1227,0.0,0.0
2025-09-12,254,119,0.0,0.0,0.0,1.095,0.0,0.0
2025-09-12,254,120,0.0,0.0,0.0,1.1177,0.0,0.0
2025-09-12,254,121,0.0,0.0,0.0,1.1311,0.0,0.0
2025-09-12,254,122,0.0,0.0,0.0,1.1519,0.0,0.0
2025-09-12,254,123,0.0,0.0,0.0,1.2133,0.0,0.0
2025-09-12,254,124,696.5891241666667,696.5891241666667,0.0,1.0497,731.2096036377501,731.2096036377501
2025-09-12,254,125,671.292,671.292,0.0,0.7937,532.8044604,532.8044604
2025-09-12,254,126,683.1738358333334,683.1738358333334,0.0,0.8581,586.2314685285834,586.2314685285834
2025-09-12,254,127,690.1947933333332,690.1947933333332,0.0,0.8977,619.5878659753332,619.5878659753332
2025-09-12,254,128,1450.1887453703705,1450.1887453703705,0.0,0.8354,1211.4876778824075,1211.4876778824075
2025-09-12,254,129,0.0,0.0,0.0,0.8976,0.0,0.0
2025-09-12,254,130,627.9267758333333,627.9267758333333,0.0,0.6976,438.0417188213333,438.0417188213333
2025-09-12,254,131,601.9426729360731,601.9426729360731,0.0,0.3259,196.17311710986624,196.17311710986624
2025-09-12,254,132,1388.4513066666666,1388.4513066666666,0.0,0.3072,426.53224140799995,426.53224140799995
2025-09-12,254,133,574.6449200000001,574.6449200000001,0.0,0.3749,215.43438050800003,215.43438050800003
2025-09-12,254,134,558.52475,558.52475,0.0,0.3701,206.71000997500002,206.71000997500002
2025-09-12,254,135,1374.7908558333334,1374.7908558333334,0.0,0.3986,547.9916351351667,547.9916351351667
2025-09-12,254,136,1358.5098424999999,1358.5098424999999,0.0,0.3859,524.24894822075,524.24894822075
2025-09-12,254,137,1355.7763333333332,1355.7763333333332,0.0,0.3535,479.26693383333327,479.26693383333327
2025-09-12,254,138,550.5867091666667,550.5867091666667,0.0,0.4095,225.46525740374997,225.46525740374997
2025-09-12,254,139,554.7943300000001,554.7943300000001,0.0,0.4341,240.83621865300003,240.83621865300003
2025-09-12,254,140,1368.2275,1368.2275,0.0,0.3738,511.4434395,511.4434395
2025-09-12,254,141,536.3532375000001,536.3532375000001,0.0,0.2984,160.04780607000004,160.04780607000004
2025-09-12,254,142,528.6861525,528.6861525,0.0,0.2702,142.8509984055,142.8509984055
2025-09-12,254,143,1377.2306250000001,1377.2306250000001,0.0,0.3058,421.15712512500005,421.15712512500005
2025-09-13,255,0,459.05356583333344,459.05356583333344,0.0,0.3676,168.74809080033336,168.74809080033336
2025-09-13,255,1,461.73576750000007,461.73576750000007,0.0,0.3731,172.27361485425,172.27361485425
2025-09-13,255,2,487.84383333333335,487.84383333333335,0.0,0.3263,159.18344281666666,159.18344281666666
2025-09-13,255,3,479.9695808333334,479.9695808333334,0.0,0.3097,148.64657918408335,148.64657918408335
2025-09-13,255,4,476.1238466666667,476.1238466666667,0.0,0.3252,154.835474936,154.835474936
2025-09-13,255,5,0.03020628590322078,0.03020628590322078,0.0,0.3367,0.010170456463614436,0.010170456463614436
2025-09-13,255,6,0.0,0.0,0.0,0.3177,0.0,0.0
2025-09-13,255,7,0.0,0.0,0.0,0.3433,0.0,0.0
2025-09-13,255,8,1291.80675,1291.80675,0.0,0.3779,488.173770825,488.173770825
2025-09-13,255,9,454.9196283333334,454.9196283333334,0.0,0.3123,142.07139992850003,142.07139992850003
2025-09-13,255,10,454.2813366666667,454.2813366666667,0.0,0.284,129.01589961333332,129.01589961333332
2025-09-13,255,11,455.3176666666667,455.3176666666667,0.0,0.3254,148.16036873333334,148.16036873333334
2025-09-13,255,12,1290.9079416666666,1290.9079416666666,0.0,0.3353,432.8414328408333,432.8414328408333
2025-09-13,255,13,1305.4887025,1305.4887025,0.0,0.3484,454.832263951,454.832263951
2025-09-13,255,14,490.64175000000006,490.64175000000006,0.0,0.363,178.10295525,178.10295525
2025-09-13,255,15,0.0,0.0,0.0,0.3374,0.0,0.0
2025-09-13,255,16,467.92229083333336,467.92229083333336,0.0,0.3534,165.36373758050001,165.36373758050001
2025-09-13,255,17,469.40833333333336,469.40833333333336,0.0,0.3997,187.62251083333334,187.62251083333334
2025-09-13,255,18,1304.1449983333332,1304.1449983333332,0.0,0.3791,494.4013688681666,494.4013688681666
2025-09-13,255,19,463.9930658333334,463.9930658333334,0.0,0.3467,160.86639592441668,160.86639592441668
2025-09-13,255,20,0.0,0.0,0.0,0.3381,0.0,0.0
2025-09-13,255,21,0.0,0.0,0.0,0.3321,0.0,0.0
2025-09-13,255,22,0.0,0.0,0.0,0.3215,0.0,0.0
2025-09-13,255,23,775.3037247092211,775.3037247092211,0.0,0.325,251.97371053049687,251.97371053049687
2025-09-13,255,24,469.7580050000001,469.7580050000001,0.0,0.3645,171.22679282250002,171.22679282250002
2025-09-13,255,25,464.8674275,464.8674275,0.0,0.3869,179.85720769975,179.85720769975
2025-09-13,255,26,478.5698333333333,478.5698333333333,0.0,0.3818,182.71796236666663,182.71796236666663
2025-09-13,255,27,0.0,0.0,0.0,0.387,0.0,0.0
2025-09-13,255,28,0.0,0.0,0.0,0.3884,0.0,0.0
2025-09-13,255,29,0.0,0.0,0.0,0.379,0.0,0.0
2025-09-13,255,30,0.0,0.0,0.0,0.3681,0.0,0.0
2025-09-13,255,31,0.0,0.0,0.0,0.3469,0.0,0.0
2025-09-13,255,32,467.37437500000004,467.37437500000004,0.0,0.3027,141.47422331250002,141.47422331250002
2025-09-13,255,33,1298.0063933333333,1298.0063933333333,0.0,0.2711,351.8895332326667,351.8895332326667
2025-09-13,255,34,0.0,0.0,0.0,0.46,0.0,0.0
2025-09-13,255,35,0.0,0.0,0.0,0.7339,0.0,0.0
2025-09-13,255,36,0.0,0.0,0.0,0.7256,0.0,0.0
2025-09-13,255,37,0.0,0.0,0.0,0.6765,0.0,0.0
2025-09-13,255,38,0.0,0.0,0.0,0.6974,0.0,0.0
2025-09-13,255,39,0.0,0.0,0.0,0.6626,0.0,0.0
2025-09-13,255,40,0.0,0.0,0.0,0.6467,0.0,0.0
2025-09-13,255,41,0.0,0.0,0.0,0.6653,0.0,0.0
2025-09-13,255,42,0.0,0.0,0.0,0.6486,0.0,0.0
2025-09-13,255,43,0.0,0.0,0.0,0.6284,0.0,0.0
2025-09-13,255,44,0.0,0.0,0.0,0.5794,0.0,0.0
2025-09-13,255,45,0.0,0.0,0.0,0.4805,0.0,0.0
2025-09-13,255,46,0.0,0.0,0.0,0.6412,0.0,0.0
2025-09-13,255,47,0.0,0.0,0.0,0.9268,0.0,0.0
2025-09-13,255,48,0.0,0.0,0.0,0.8737,0.0,0.0
2025-09-13,255,49,0.0,0.0,0.0,0.7964,0.0,0.0
2025-09-13,255,50,0.0,0.0,0.0,0.8199,0.0,0.0
2025-09-13,255,51,0.0,0.0,0.0,0.7575,0.0,0.0
2025-09-13,255,52,0.0,0.0,0.0,0.7254,0.0,0.0
2025-09-13,255,53,0.0,0.0,0.0,0.7393,0.0,0.0
2025-09-13,255,54,0.0,0.0,0.0,0.6798,0.0,0.0
2025-09-13,255,55,0.0,0.0,0.0,0.6079,0.0,0.0
2025-09-13,255,56,0.0,0.0,0.0,0.5802,0.0,0.0
2025-09-13,255,57,0.0,0.0,0.0,0.5954,0.0,0.0
2025-09-13,255,58,0.0,0.0,0.0,0.6255,0.0,0.0
2025-09-13,255,59,0.0,0.0,0.0,0.6147,0.0,0.0
2025-09-13,255,60,0.0,0.0,0.0,0.5292,0.0,0.0
2025-09-13,255,61,0.0,0.0,0.0,0.5036,0.0,0.0
2025-09-13,255,62,0.0,0.0,0.0,0.5527,0.0,0.0
2025-09-13,255,63,0.0,0.0,0.0,0.5348,0.0,0.0
2025-09-13,255,64,0.0,0.0,0.0,0.3418,0.0,0.0
2025-09-13,255,65,0.0,0.0,0.0,0.1071,0.0,0.0
2025-09-13,255,66,0.0,0.0,0.0,0.0904,0.0,0.0
2025-09-13,255,67,0.0,0.0,0.0,0.1366,0.0,0.0
2025-09-13,255,68,0.0,0.0,0.0,0.1183,0.0,0.0
2025-09-13,255,69,0.0,0.0,0.0,0.0589,0.0,0.0
2025-09-13,255,70,0.0,0.0,0.0,0.0436,0.0,0.0
2025-09-13,255,71,0.0,0.0,0.0,0.0606,0.0,0.0
2025-09-13,255,72,0.0,0.0,0.0,0.0376,0.0,0.0
2025-09-13,255,73,0.0,0.0,0.0,0.0983,0.0,0.0
2025-09-13,255,74,0.0,0.0,0.0,0.1787,0.0,0.0
2025-09-13,255,75,0.0,0.0,0.0,0.1113,0.0,0.0
2025-09-13,255,76,0.0,0.0,0.0,0.2457,0.0,0.0
2025-09-13,255,77,0.0,0.0,0.0,0.5318,0.0,0.0
2025-09-13,255,78,0.0,0.0,0.0,0.5515,0.0,0.0
2025-09-13,255,79,0.0,0.0,0.0,0.5259,0.0,0.0
2025-09-13,255,80,0.0,0.0,0.0,0.5803,0.0,0.0
2025-09-13,255,81,0.0,0.0,0.0,0.6022,0.0,0.0
2025-09-13,255,82,0.0,0.0,0.0,0.5754,0.0,0.0
2025-09-13,255,83,0.0,0.0,0.0,0.5601,0.0,0.0
2025-09-13,255,84,0.0,0.0,0.0,0.6219,0.0,0.0
2025-09-13,255,85,0.0,0.0,0.0,0.6562,0.0,0.0
2025-09-13,255,86,0.0,0.0,0.0,0.6744,0.0,0.0
2025-09-13,255,87,0.0,0.0,0.0,0.7542,0.0,0.0
2025-09-13,255,88,0.0,0.0,0.0,0.626,0.0,0.0
2025-09-13,255,89,0.0,0.0,0.0,0.3851,0.0,0.0
2025-09-13,255,90,0.0,0.0,0.0,0.4173,0.0,0.0
2025-09-13,255,91,0.0,0.0,0.0,0.4679,0.0,0.0
2025-09-13,255,92,0.0,0.0,0.0,0.4365,0.0,0.0
2025-09-13,255,93,0.0,0.0,0.0,0.4891,0.0,0.0
2025-09-13,255,94,0.0,0.0,0.0,0.5826,0.0,0.0
2025-09-13,255,95,0.0,0.0,0.0,0.6423,0.0,0.0
2025-09-13,255,96,19.094299166666815,19.094299166666815,0.0,0.6383,12.187891158083428,12.187891158083428
2025-09-13,255,97,74.61794333333341,74.61794333333341,0.0,0.6247,46.613829200333385,46.613829200333385
2025-09-13,255,98,159.86885416666678,159.86885416666678,0.0,0.6439,102.93955519791675,102.93955519791675
2025-09-13,255,99,203.5872833333334,203.5872833333334,0.0,0.6903,140.53630168500004,140.53630168500004
2025-09-13,255,100,204.97717666666676,204.97717666666676,0.0,0.6969,142.84859441900005,142.84859441900005
2025-09-13,255,101,208.5311041666667,208.5311041666667,0.0,0.6876,143.385987225,143.385987225
2025-09-13,255,102,262.4473966666667,262.4473966666667,0.0,0.7435,195.1296394216667,195.1296394216667
2025-09-13,255,103,334.5069308333334,334.5069308333334,0.0,0.7561,252.92069040308337,252.92069040308337
2025-09-13,255,104,396.65172916666677,396.65172916666677,0.0,0.6887,273.1740458770834,273.1740458770834
2025-09-13,255,105,438.19014916666686,438.19014916666686,0.0,0.6529,286.0943483909168,286.0943483909168
2025-09-13,255,106,480.45769583333345,480.45769583333345,0.0,0.8574,411.94442840750014,411.94442840750014
2025-09-13,255,107,533.4682083333333,533.4682083333333,0.0,1.1515,614.2886418958333,614.2886418958333
2025-09-13,255,108,0.0,0.0,0.0,1.158,0.0,0.0
2025-09-13,255,109,0.0,0.0,0.0,1.1139,0.0,0.0
2025-09-13,255,110,0.0,0.0,0.0,1.1562,0.0,0.0
2025-09-13,255,111,0.0,0.0,0.0,1.1833,0.0,0.0
2025-09-13,255,112,0.0,0.0,0.0,1.169,0.0,0.0
2025-09-13,255,113,0.0,0.0,0.0,1.1443,0.0,0.0
2025-09-13,255,114,0.0,0.0,0.0,1.1498,0.0,0.0
2025-09-13,255,115,0.0,0.0,0.0,1.1306,0.0,0.0
2025-09-13,255,116,0.0,0.0,0.0,1.114,0.0,0.0
2025-09-13,255,117,0.0,0.0,0.0,1.1814,0.0,0.0
2025-09-13,255,118,0.0,0.0,0.0,1.2079,0.0,0.0
2025-09-13,255,119,0.0,0.0,0.0,1.162,0.0,0.0
2025-09-13,255,120,0.0,0.0,0.0,1.1359,0.0,0.0
2025-09-13,255,121,0.0,0.0,0.0,1.1342,0.0,0.0
2025-09-13,255,122,119.74263871506861,119.74263871506861,0.0,1.1814,141.46395337798205,141.46395337798205
2025-09-13,255,123,0.0,0.0,0.0,1.2673,0.0,0.0
2025-09-13,255,124,574.845595,574.845595,0.0,1.0912,627.271513264,627.271513264
2025-09-13,255,125,577.7114166666667,577.7114166666667,0.0,0.7816,451.53924326666663,451.53924326666663
2025-09-13,255,126,618.8006725,618.8006725,0.0,0.7884,487.862450199,487.862450199
2025-09-13,255,127,626.1476683333333,626.1476683333333,0.0,0.8507,532.6638214511667,532.6638214511667
2025-09-13,255,128,603.7684166666668,603.7684166666668,0.0,0.8396,506.9239626333334,506.9239626333334
2025-09-13,255,129,608.3390900000002,608.3390900000002,0.0,0.8553,520.3124236770001,520.3124236770001
2025-09-13,255,130,564.0642558333334,564.0642558333334,0.0,0.6735,379.89727630375,379.89727630375
2025-09-13,255,131,1243.6674784916283,1243.6674784916283,0.0,0.3876,482.04551466335516,482.04551466335516
2025-09-13,255,132,1330.57824,1330.57824,0.0,0.3484,463.573458816,463.573458816
2025-09-13,255,133,502.87253000000004,502.87253000000004,0.0,0.3393,170.62464942900002,170.62464942900002
2025-09-13,255,134,483.75475,483.75475,0.0,0.2964,143.3849079,143.3849079
2025-09-13,255,135,1315.7859775,1315.7859775,0.0,0.3697,486.44607588174995,486.44607588174995
2025-09-13,255,136,1321.2403783333334,1321.2403783333334,0.0,0.38,502.0713437666667,502.0713437666667
2025-09-13,255,137,1321.3519999999999,1321.3519999999999,0.0,0.3126,413.05463519999995,413.05463519999995
2025-09-13,255,138,502.806415,502.806415,0.0,0.3346,168.239026459,168.239026459
2025-09-13,255,139,503.6101775000001,503.6101775000001,0.0,0.3473,174.90381464575003,174.90381464575003
2025-09-13,255,140,484.08400000000006,484.08400000000006,0.0,0.3098,149.96922320000002,149.96922320000002
2025-09-13,255,141,1302.4839591666666,1302.4839591666666,0.0,0.299,389.4427037908333,389.4427037908333
2025-09-13,255,142,1333.1535133333332,1333.1535133333332,0.0,0.3507,467.53693712599994,467.53693712599994
2025-09-13,255,143,0.0,0.0,0.0,0.4278,0.0,0.0
2025-09-14,256,0,573.1078525,573.1078525,0.0,0.4516,258.815506189,258.815506189
2025-09-14,256,1,564.7898358333333,564.7898358333333,0.0,0.4221,238.39778970524998,238.39778970524998
2025-09-14,256,2,1384.4806666666666,1384.4806666666666,0.0,0.4034,558.4995009333333,558.4995009333333
2025-09-14,256,3,1365.8438516666668,1365.8438516666668,0.0,0.4571,624.3272245968334,624.3272245968334
2025-09-14,256,4,1378.5583216666666,1378.5583216666666,0.0,0.4681,645.3031503721667,645.3031503721667
2025-09-14,256,5,570.9608333333334,570.9608333333334,0.0,0.4342,247.91119383333336,247.91119383333336
2025-09-14,256,6,558.6668308333334,558.6668308333334,0.0,0.4597,256.81914213408334,256.81914213408334
2025-09-14,256,7,548.2939025000001,548.2939025000001,0.0,0.4491,246.23879161275002,246.23879161275002
2025-09-14,256,8,0.0,0.0,0.0,0.4146,0.0,0.0
2025-09-14,256,9,547.114135,547.114135,0.0,0.4681,256.10412659350004,256.10412659350004
2025-09-14,256,10,555.7087208333334,555.7087208333334,0.0,0.4909,272.79741105708337,272.79741105708337
2025-09-14,256,11,564.9245833333334,564.9245833333334,0.0,0.4479,253.02972087500007,253.02972087500007
2025-09-14,256,12,550.0312783333334,550.0312783333334,0.0,0.4257,234.14831518650004,234.14831518650004
2025-09-14,256,13,541.8308133333334,541.8308133333334,0.0,0.4251,230.332278748,230.332278748
2025-09-14,256,14,550.4985833333334,550.4985833333334,0.0,0.415,228.45691208333335,228.45691208333335
2025-09-14,256,15,0.0,0.0,0.0,0.3785,0.0,0.0
2025-09-14,256,16,0.0,0.0,0.0,0.3833,0.0,0.0
2025-09-14,256,17,1365.4644166666667,1365.4644166666667,0.0,0.4413,602.5794470750001,602.5794470750001
2025-09-14,256,18,605.0786121417939,605.0786121417939,0.0,0.4891,295.94394919855137,295.94394919855137
2025-09-14,256,19,552.1648475000001,552.1648475000001,0.0,0.476,262.83046741000004,262.83046741000004
2025-09-14,256,20,546.8932500000001,546.8932500000001,0.0,0.4428,242.16433110000006,242.16433110000006
2025-09-14,256,21,0.0,0.0,0.0,0.4689,0.0,0.0
2025-09-14,256,22,550.7032608333334,550.7032608333334,0.0,0.4472,246.2744982446667,246.2744982446667
2025-09-14,256,23,1372.4134999999999,1372.4134999999999,0.0,0.3932,539.6329882,539.6329882
2025-09-14,256,24,555.8344050000001,555.8344050000001,0.0,0.4316,239.89812919800002,239.89812919800002
2025-09-14,256,25,0.0,0.0,0.0,0.4516,0.0,0.0
2025-09-14,256,26,569.6960833333334,569.6960833333334,0.0,0.4367,248.78627959166667,248.78627959166667
2025-09-14,256,27,1384.9774116666667,1384.9774116666667,0.0,0.4762,659.5262434356667,659.5262434356667
2025-09-14,256,28,1383.0842233333333,1383.0842233333333,0.0,0.4673,646.3152575636666,646.3152575636666
2025-09-14,256,29,0.011341346587434848,0.011341346587434848,0.0,0.4197,0.004759963162746406,0.004759963162746406
2025-09-14,256,30,0.0,0.0,0.0,0.4516,0.0,0.0
2025-09-14,256,31,0.0,0.0,0.0,0.4717,0.0,0.0
2025-09-14,256,32,0.0,0.0,0.0,0.4213,0.0,0.0
2025-09-14,256,33,1380.3419,1380.3419,0.0,0.3795,523.83975105,523.83975105
2025-09-14,256,34,0.0,0.0,0.0,0.6091,0.0,0.0
2025-09-14,256,35,0.0,0.0,0.0,0.9649,0.0,0.0
2025-09-14,256,36,0.0,0.0,0.0,1.0069,0.0,0.0
2025-09-14,256,37,0.0,0.0,0.0,0.9197,0.0,0.0
2025-09-14,256,38,0.0,0.0,0.0,0.8676,0.0,0.0
2025-09-14,256,39,0.0,0.0,0.0,0.8341,0.0,0.0
2025-09-14,256,40,0.0,0.0,0.0,0.8039,0.0,0.0
2025-09-14,256,41,0.0,0.0,0.0,0.7783,0.0,0.0
2025-09-14,256,42,0.0,0.0,0.0,0.768,0.0,0.0
2025-09-14,256,43,0.0,0.0,0.0,0.7647,0.0,0.0
2025-09-14,256,44,0.0,0.0,0.0,0.7138,0.0,0.0
2025-09-14,256,45,0.0,0.0,0.0,0.6145,0.0,0.0
2025-09-14,256,46,0.0,0.0,0.0,0.8212,0.0,0.0
2025-09-14,256,47,0.0,0.0,0.0,1.1977,0.0,0.0
2025-09-14,256,48,0.0,0.0,0.0,1.2213,0.0,0.0
2025-09-14,256,49,0.0,0.0,0.0,1.1308,0.0,0.0
2025-09-14,256,50,0.0,0.0,0.0,1.123,0.0,0.0
2025-09-14,256,51,0.0,0.0,0.0,1.1465,0.0,0.0
2025-09-14,256,52,0.0,0.0,0.0,1.119,0.0,0.0
2025-09-14,256,53,0.0,0.0,0.0,1.0615,0.0,0.0
2025-09-14,256,54,0.0,0.0,0.0,1.0615,0.0,0.0
2025-09-14,256,55,0.0,0.0,0.0,1.0424,0.0,0.0
2025-09-14,256,56,0.0,0.0,0.0,0.984,0.0,0.0
2025-09-14,256,57,0.0,0.0,0.0,0.9543,0.0,0.0
2025-09-14,256,58,0.0,0.0,0.0,0.9763,0.0,0.0
2025-09-14,256,59,0.0,0.0,0.0,1.0089,0.0,0.0
2025-09-14,256,60,0.0,0.0,0.0,0.9824,0.0,0.0
2025-09-14,256,61,0.0,0.0,0.0,0.9204,0.0,0.0
2025-09-14,256,62,0.0,0.0,0.0,0.8812,0.0,0.0
2025-09-14,256,63,0.0,0.0,0.0,0.8796,0.0,0.0
2025-09-14,256,64,0.0,0.0,0.0,0.7264,0.0,0.0
2025-09-14,256,65,0.0,0.0,0.0,0.4728,0.0,0.0
2025-09-14,256,66,0.0,0.0,0.0,0.3874,0.0,0.0
2025-09-14,256,67,0.0,0.0,0.0,0.4412,0.0,0.0
2025-09-14,256,68,0.0,0.0,0.0,0.5143,0.0,0.0
2025-09-14,256,69,0.0,0.0,0.0,0.5122,0.0,0.0
2025-09-14,256,70,0.0,0.0,0.0,0.4894,0.0,0.0
2025-09-14,256,71,0.0,0.0,0.0,0.4727,0.0,0.0
2025-09-14,256,72,0.0,0.0,0.0,0.4455,0.0,0.0
2025-09-14,256,73,0.0,0.0,0.0,0.4726,0.0,0.0
2025-09-14,256,74,0.0,0.0,0.0,0.4884,0.0,0.0
2025-09-14,256,75,0.0,0.0,0.0,0.3939,0.0,0.0
2025-09-14,256,76,0.0,0.0,0.0,0.5384,0.0,0.0
2025-09-14,256,77,0.0,0.0,0.0,0.8537,0.0,0.0
2025-09-14,256,78,0.0,0.0,0.0,0.8911,0.0,0.0
2025-09-14,256,79,0.0,0.0,0.0,0.797,0.0,0.0
2025-09-14,256,80,0.0,0.0,0.0,0.7645,0.0,0.0
2025-09-14,256,81,0.0,0.0,0.0,0.839,0.0,0.0
2025-09-14,256,82,0.0,0.0,0.0,0.9105,0.0,0.0
2025-09-14,256,83,0.0,0.0,0.0,0.9343,0.0,0.0
2025-09-14,256,84,0.0,0.0,0.0,0.9551,0.0,0.0
2025-09-14,256,85,0.0,0.0,0.0,0.9627,0.0,0.0
2025-09-14,256,86,0.0,0.0,0.0,0.9777,0.0,0.0
2025-09-14,256,87,0.0,0.0,0.0,1.0118,0.0,0.0
2025-09-14,256,88,0.0,0.0,0.0,0.8782,0.0,0.0
2025-09-14,256,89,0.0,0.0,0.0,0.6654,0.0,0.0
2025-09-14,256,90,0.0,0.0,0.0,0.6747,0.0,0.0
2025-09-14,256,91,0.0,0.0,0.0,0.7576,0.0,0.0
2025-09-14,256,92,17.088750000000232,17.088750000000232,0.0,0.7785,13.30359187500018,13.30359187500018
2025-09-14,256,93,82.84096333333343,82.84096333333343,0.0,0.7542,62.47865454600007,62.47865454600007
2025-09-14,256,94,174.10675416666675,174.10675416666675,0.0,0.7934,138.1362987558334,138.1362987558334
2025-09-14,256,95,258.5423125000002,258.5423125000002,0.0,0.8732,225.75914727500017,225.75914727500017
2025-09-14,256,96,314.75615916666686,314.75615916666686,0.0,0.8693,273.61752916358347,273.61752916358347
2025-09-14,256,97,353.4592108333335,353.4592108333335,0.0,0.8593,303.72749986908343,303.72749986908343
2025-09-14,256,98,400.8068750000001,400.8068750000001,0.0,0.8938,358.2411848750001,358.2411848750001
2025-09-14,256,99,468.60779416666674,468.60779416666674,0.0,0.9443,442.5063400315834,442.5063400315834
2025-09-14,256,100,511.3246783333335,511.3246783333335,0.0,0.9855,503.91047049750017,503.91047049750017
2025-09-14,256,101,536.8443541666668,536.8443541666668,0.0,1.0164,545.6486015750002,545.6486015750002
2025-09-14,256,102,605.9992783333335,605.9992783333335,0.0,1.0502,636.4204421056668,636.4204421056668
2025-09-14,256,103,652.6651391666667,652.6651391666667,0.0,1.065,695.0883732125,695.0883732125
2025-09-14,256,104,688.5559166666667,688.5559166666667,0.0,1.0585,728.8364377916666,728.8364377916666
2025-09-14,256,105,778.6446083333335,778.6446083333335,0.0,1.0698,832.9940019950003,832.9940019950003
2025-09-14,256,106,760.6778750000001,760.6778750000001,0.0,1.186,902.16395975,902.16395975
2025-09-14,256,107,0.0,0.0,0.0,1.3403,0.0,0.0
2025-09-14,256,108,0.0,0.0,0.0,1.3642,0.0,0.0
2025-09-14,256,109,697.28984,697.28984,0.0,1.3398,934.2289276320001,934.2289276320001
2025-09-14,256,110,685.8805208333333,685.8805208333333,0.0,1.3196,905.0879352916667,905.0879352916667
2025-09-14,256,111,0.0,0.0,0.0,1.2814,0.0,0.0
2025-09-14,256,112,0.0,0.0,0.0,1.2796,0.0,0.0
2025-09-14,256,113,715.9211666666667,715.9211666666667,0.0,1.3161,942.2238474500001,942.2238474500001
2025-09-14,256,114,708.5699850000001,708.5699850000001,0.0,1.3305,942.7523650425002,942.7523650425002
2025-09-14,256,115,0.0,0.0,0.0,1.305,0.0,0.0
2025-09-14,256,116,0.0,0.0,0.0,1.2711,0.0,0.0
2025-09-14,256,117,0.0,0.0,0.0,1.2819,0.0,0.0
2025-09-14,256,118,0.0,0.0,0.0,1.3265,0.0,0.0
2025-09-14,256,119,0.0,0.0,0.0,1.3713,0.0,0.0
2025-09-14,256,120,0.0,0.0,0.0,1.3811,0.0,0.0
2025-09-14,256,121,0.0,0.0,0.0,1.3413,0.0,0.0
2025-09-14,256,122,250.99579538173595,250.99579538173595,0.0,1.31,328.8044919500741,328.8044919500741
2025-09-14,256,123,0.0,0.0,0.0,1.344,0.0,0.0
2025-09-14,256,124,727.5309833333334,727.5309833333334,0.0,1.2387,901.1926290550001,901.1926290550001
2025-09-14,256,125,740.0628333333335,740.0628333333335,0.0,1.0238,757.6763287666669,757.6763287666669
2025-09-14,256,126,745.7528308333334,745.7528308333334,0.0,0.9493,707.9431623100834,707.9431623100834
2025-09-14,256,127,733.5341225,733.5341225,0.0,0.9516,698.031070971,698.031070971
2025-09-14,256,128,729.7565833333333,729.7565833333333,0.0,0.9808,715.7452569333333,715.7452569333333
2025-09-14,256,129,750.3053166666668,750.3053166666668,0.0,1.0167,762.8354154550001,762.8354154550001
2025-09-14,256,130,682.0918758333333,682.0918758333333,0.0,0.7939,541.5127402240834,541.5127402240834
2025-09-14,256,131,1402.42875,1402.42875,0.0,0.4466,626.32467975,626.32467975
2025-09-14,256,132,1406.1185766666667,1406.1185766666667,0.0,0.4081,573.8369911376667,573.8369911376667
2025-09-14,256,133,569.8373758333333,569.8373758333333,0.0,0.472,268.9632413933333,268.9632413933333
2025-09-14,256,134,536.9576666666667,536.9576666666667,0.0,0.4715,253.17553983333332,253.17553983333332
2025-09-14,256,135,564.3741983333334,564.3741983333334,0.0,0.445,251.14651825833337,251.14651825833337
2025-09-14,256,136,641.4861137694065,641.4861137694065,0.0,0.4357,279.4954997693304,279.4954997693304
2025-09-14,256,137,556.2928333333335,556.2928333333335,0.0,0.4419,245.8258030500001,245.8258030500001
2025-09-14,256,138,1383.0524533333332,1383.0524533333332,0.0,0.4375,605.0854483333333,605.0854483333333
2025-09-14,256,139,562.4150141666668,562.4150141666668,0.0,0.4664,262.3103626073334,262.3103626073334
2025-09-14,256,140,571.3040000000001,571.3040000000001,0.0,0.4896,279.71043840000004,279.71043840000004
2025-09-14,256,141,1390.2545058333335,1390.2545058333335,0.0,0.42,583.9068924500001,583.9068924500001
2025-09-14,256,142,1405.1358808333334,1405.1358808333334,0.0,0.3774,530.2982814265,530.2982814265
2025-09-14,256,143,1458.2189583333334,1458.2189583333334,0.0,0.4168,607.7856618333334,607.7856618333334
2025-09-15,257,0,629.0124175000001,629.0124175000001,0.0,0.4724,297.14546602700005,297.14546602700005
2025-09-15,257,1,609.2046166666667,609.2046166666667,0.0,0.4671,284.55947644500003,284.55947644500003
2025-09-15,257,2,586.1378333333334,586.1378333333334,0.0,0.4252,249.2258067333334,249.2258067333334
2025-09-15,257,3,1417.7872075,1417.7872075,0.0,0.4368,619.289452236,619.289452236
2025-09-15,257,4,1423.037595,1423.037595,0.0,0.4478,637.236235041,637.236235041
2025-09-15,257,5,0.0,0.0,0.0,0.4413,0.0,0.0
2025-09-15,257,6,615.3105083333334,615.3105083333334,0.0,0.4588,282.30446122333336,282.30446122333336
2025-09-15,257,7,605.8330550000001,605.8330550000001,0.0,0.4796,290.557533178,290.557533178
2025-09-15,257,8,578.146,578.146,0.0,0.4758,275.0818668,275.0818668
2025-09-15,257,9,1423.2484308333333,1423.2484308333333,0.0,0.4451,633.4878765639166,633.4878765639166
2025-09-15,257,10,1436.6023666666667,1436.6023666666667,0.0,0.4427,635.9838677233333,635.9838677233333
2025-09-15,257,11,595.5185833333333,595.5185833333333,0.0,0.4642,276.4397263833333,276.4397263833333
2025-09-15,257,12,1425.7927175,1425.7927175,0.0,0.4557,649.73374136475,649.73374136475
2025-09-15,257,13,703.7661636993829,703.7661636993829,0.0,0.4572,321.7618900433579,321.7618900433579
2025-09-15,257,14,0.05573995753286454,0.05573995753286454,0.0,0.4667,0.02601383818058788,0.02601383818058788
2025-09-15,257,15,585.09798,585.09798,0.0,0.4405,257.73566019000003,257.73566019000003
2025-09-15,257,16,1414.1343716666665,1414.1343716666665,0.0,0.4324,611.4717023086666,611.4717023086666
2025-09-15,257,17,596.7213333333334,596.7213333333334,0.0,0.4508,269.0019770666667,269.0019770666667
2025-09-15,257,18,0.0,0.0,0.0,0.4497,0.0,0.0
2025-09-15,257,19,614.039295,614.039295,0.0,0.4441,272.6948509095,272.6948509095
2025-09-15,257,20,1441.6559166666666,1441.6559166666666,0.0,0.4512,650.4751496,650.4751496
2025-09-15,257,21,1447.8391183333333,1447.8391183333333,0.0,0.4663,675.1273808788333,675.1273808788333
2025-09-15,257,22,608.1667,608.1667,0.0,0.4535,275.80359845,275.80359845
2025-09-15,257,23,600.6258333333333,600.6258333333333,0.0,0.4167,250.28078474999998,250.28078474999998
2025-09-15,257,24,620.0935941666667,620.0935941666667,0.0,0.3984,247.04528791599998,247.04528791599998
2025-09-15,257,25,622.8492658333334,622.8492658333334,0.0,0.4039,251.56881847008336,251.56881847008336
2025-09-15,257,26,616.5461666666666,616.5461666666666,0.0,0.437,269.43067483333334,269.43067483333334
2025-09-15,257,27,0.0,0.0,0.0,0.4921,0.0,0.0
2025-09-15,257,28,636.6781275000001,636.6781275000001,0.0,0.4945,314.83733404875005,314.83733404875005
2025-09-15,257,29,1441.26125,1441.26125,0.0,0.4439,639.775868875,639.775868875
2025-09-15,257,30,1447.2398641666666,1447.2398641666666,0.0,0.4199,607.6960189635834,607.6960189635834
2025-09-15,257,31,630.9089108333334,630.9089108333334,0.0,0.4502,284.0351916571667,284.0351916571667
2025-09-15,257,32,622.1491458333334,622.1491458333334,0.0,0.4632,288.17948435,288.17948435
2025-09-15,257,33,595.9602808333334,595.9602808333334,0.0,0.4057,241.78108593408336,241.78108593408336
2025-09-15,257,34,0.0,0.0,0.0,0.6169,0.0,0.0
2025-09-15,257,35,0.0,0.0,0.0,0.9806,0.0,0.0
2025-09-15,257,36,0.0,0.0,0.0,1.013,0.0,0.0
2025-09-15,257,37,0.0,0.0,0.0,0.9658,0.0,0.0
2025-09-15,257,38,0.0,0.0,0.0,0.9772,0.0,0.0
2025-09-15,257,39,0.0,0.0,0.0,0.9249,0.0,0.0
2025-09-15,257,40,0.0,0.0,0.0,0.8561,0.0,0.0
2025-09-15,257,41,0.0,0.0,0.0,0.8091,0.0,0.0
2025-09-15,257,42,0.0,0.0,0.0,0.7752,0.0,0.0
2025-09-15,257,43,0.0,0.0,0.0,0.7745,0.0,0.0
2025-09-15,257,44,0.0,0.0,0.0,0.7549,0.0,0.0
2025-09-15,257,45,0.0,0.0,0.0,0.6804,0.0,0.0
2025-09-15,257,46,0.0,0.0,0.0,0.8764,0.0,0.0
2025-09-15,257,47,0.0,0.0,0.0,1.2123,0.0,0.0
2025-09-15,257,48,0.0,0.0,0.0,1.1959,0.0,0.0
2025-09-15,257,49,0.0,0.0,0.0,1.0686,0.0,0.0
2025-09-15,257,50,0.0,0.0,0.0,1.0408,0.0,0.0
2025-09-15,257,51,0.0,0.0,0.0,1.0882,0.0,0.0
2025-09-15,257,52,0.0,0.0,0.0,1.1315,0.0,0.0
2025-09-15,257,53,0.0,0.0,0.0,1.1045,0.0,0.0
2025-09-15,257,54,0.0,0.0,0.0,1.0039,0.0,0.0
2025-09-15,257,55,0.0,0.0,0.0,0.969,0.0,0.0
2025-09-15,257,56,0.0,0.0,0.0,0.9835,0.0,0.0
2025-09-15,257,57,0.0,0.0,0.0,0.9072,0.0,0.0
2025-09-15,257,58,0.0,0.0,0.0,0.8586,0.0,0.0
2025-09-15,257,59,0.0,0.0,0.0,0.8696,0.0,0.0
2025-09-15,257,60,0.0,0.0,0.0,0.8509,0.0,0.0
2025-09-15,257,61,0.0,0.0,0.0,0.8366,0.0,0.0
2025-09-15,257,62,0.0,0.0,0.0,0.8224,0.0,0.0
2025-09-15,257,63,0.0,0.0,0.0,0.7382,0.0,0.0
2025-09-15,257,64,0.0,0.0,0.0,0.5443,0.0,0.0
2025-09-15,257,65,498.9930208333333,498.9930208333333,0.0,0.3618,180.53567493749998,180.53567493749998
2025-09-15,257,66,0.0,0.0,0.0,0.373,0.0,0.0
2025-09-15,257,67,0.0,0.0,0.0,0.4024,0.0,0.0
2025-09-15,257,68,0.0,0.0,0.0,0.3795,0.0,0.0
2025-09-15,257,69,441.6844199999998,441.6844199999998,0.0,0.389,171.81523937999992,171.81523937999992
2025-09-15,257,70,0.0,0.0,0.0,0.3595,0.0,0.0
2025-09-15,257,71,0.0,0.0,0.0,0.3138,0.0,0.0
2025-09-15,257,72,444.835655,444.835655,0.0,0.3572,158.895295966,158.895295966
2025-09-15,257,73,6.691287694593484e-06,6.691287694593484e-06,0.0,0.384,2.569454474723898e-06,2.569454474723898e-06
2025-09-15,257,74,0.0,0.0,0.0,0.3425,0.0,0.0
2025-09-15,257,75,450.88923,450.88923,0.0,0.3178,143.29259729400002,143.29259729400002
2025-09-15,257,76,0.0,0.0,0.0,0.4976,0.0,0.0
2025-09-15,257,77,0.0,0.0,0.0,0.7582,0.0,0.0
2025-09-15,257,78,0.0,0.0,0.0,0.7781,0.0,0.0
2025-09-15,257,79,0.0,0.0,0.0,0.7764,0.0,0.0
2025-09-15,257,80,0.0,0.0,0.0,0.8406,0.0,0.0
2025-09-15,257,81,0.0,0.0,0.0,0.8374,0.0,0.0
2025-09-15,257,82,0.0,0.0,0.0,0.8274,0.0,0.0
2025-09-15,257,83,0.0,0.0,0.0,0.8597,0.0,0.0
2025-09-15,257,84,0.0,0.0,0.0,0.913,0.0,0.0
2025-09-15,257,85,0.0,0.0,0.0,0.9395,0.0,0.0
2025-09-15,257,86,0.0,0.0,0.0,0.9561,0.0,0.0
2025-09-15,257,87,0.0,0.0,0.0,1.0014,0.0,0.0
2025-09-15,257,88,0.0,0.0,0.0,0.9278,0.0,0.0
2025-09-15,257,89,137.34229166666705,137.34229166666705,0.0,0.7687,105.57501960416697,105.57501960416697
2025-09-15,257,90,277.6855016666673,277.6855016666673,0.0,0.7247,201.23868305783378,201.23868305783378
2025-09-15,257,91,209.80264000000022,209.80264000000022,0.0,0.7507,157.49884184800018,157.49884184800018
2025-09-15,257,92,269.3130416666668,269.3130416666668,0.0,0.7672,206.61696556666675,206.61696556666675
2025-09-15,257,93,304.5858508333333,304.5858508333333,0.0,0.7498,228.37847095483335,228.37847095483335
2025-09-15,257,94,363.88757083333337,363.88757083333337,0.0,0.7758,282.3039774525,282.3039774525
2025-09-15,257,95,434.67462500000033,434.67462500000033,0.0,0.8391,364.73547783750024,364.73547783750024
2025-09-15,257,96,467.6235191666667,467.6235191666667,0.0,0.8548,399.7245841836667,399.7245841836667
2025-09-15,257,97,516.0425616666668,516.0425616666668,0.0,0.8544,440.9067646880001,440.9067646880001
2025-09-15,257,98,594.7476875000002,594.7476875000002,0.0,0.8739,519.7500041062502,519.7500041062502
2025-09-15,257,99,662.4636075000001,662.4636075000001,0.0,0.9153,606.3529399447501,606.3529399447501
2025-09-15,257,100,717.5171541666667,717.5171541666667,0.0,0.947,679.4887449958334,679.4887449958334
2025-09-15,257,101,767.1614166666666,767.1614166666666,0.0,0.9544,732.1788560666666,732.1788560666666
2025-09-15,257,102,809.8485641666668,809.8485641666668,0.0,0.9559,774.1342424869168,774.1342424869168
2025-09-15,257,103,843.7942366666668,843.7942366666668,0.0,0.998,842.1066481933335,842.1066481933335
2025-09-15,257,104,901.7164791666667,901.7164791666667,0.0,1.0595,955.3686096770834,955.3686096770834
2025-09-15,257,105,1002.336569166667,1002.336569166667,0.0,1.0908,1093.3487296470003,1093.3487296470003
2025-09-15,257,106,930.8383208333333,930.8383208333333,0.0,1.2134,1129.4792184991668,1129.4792184991668
2025-09-15,257,107,755.2544791666668,755.2544791666668,0.0,1.361,1027.9013461458335,1027.9013461458335
2025-09-15,257,108,0.0,0.0,0.0,1.3301,0.0,0.0
2025-09-15,257,109,0.0,0.0,0.0,1.283,0.0,0.0
2025-09-15,257,110,0.0,0.0,0.0,1.2985,0.0,0.0
2025-09-15,257,111,0.0,0.0,0.0,1.304,0.0,0.0
2025-09-15,257,112,0.0,0.0,0.0,1.3278,0.0,0.0
2025-09-15,257,113,797.8935833333335,797.8935833333335,0.0,1.3666,1090.4013709833337,1090.4013709833337
2025-09-15,257,114,0.0,0.0,0.0,1.3656,0.0,0.0
2025-09-15,257,115,0.0,0.0,0.0,1.3044,0.0,0.0
2025-09-15,257,116,0.0,0.0,0.0,1.2451,0.0,0.0
2025-09-15,257,117,0.0,0.0,0.0,1.2818,0.0,0.0
2025-09-15,257,118,0.0,0.0,0.0,1.3444,0.0,0.0
2025-09-15,257,119,0.0,0.0,0.0,1.3607,0.0,0.0
2025-09-15,257,120,810.3753600000001,810.3753600000001,0.0,1.3174,1067.5884992640001,1067.5884992640001
2025-09-15,257,121,809.6941283333334,809.6941283333334,0.0,1.2795,1036.0036372025002,1036.0036372025002
2025-09-15,257,122,814.9243333333334,814.9243333333334,0.0,1.3019,1060.9499895666668,1060.9499895666668
2025-09-15,257,123,539.079970381737,539.079970381737,0.0,1.3583,732.2323237695134,732.2323237695134
2025-09-15,257,124,818.37669,818.37669,0.0,1.2306,1007.094354714,1007.094354714
2025-09-15,257,125,846.9859166666669,846.9859166666669,0.0,0.9968,844.2755617333336,844.2755617333336
2025-09-15,257,126,827.8835408333334,827.8835408333334,0.0,0.9625,796.8379080520834,796.8379080520834
2025-09-15,257,127,801.8242558333334,801.8242558333334,0.0,0.976,782.5804736933334,782.5804736933334
2025-09-15,257,128,813.4188333333334,813.4188333333334,0.0,0.9768,794.5475164000001,794.5475164000001
2025-09-15,257,129,843.0090600000001,843.0090600000001,0.0,1.019,859.02623214,859.02623214
2025-09-15,257,130,763.1030916666667,763.1030916666667,0.0,0.8008,611.0929558066667,611.0929558066667
2025-09-15,257,131,632.0869166666666,632.0869166666666,0.0,0.4377,276.664443425,276.664443425
2025-09-15,257,132,1473.1184766666668,1473.1184766666668,0.0,0.3864,569.212979384,569.212979384
2025-09-15,257,133,1488.0189608333333,1488.0189608333333,0.0,0.4402,655.0259465588333,655.0259465588333
2025-09-15,257,134,1450.5323333333333,1450.5323333333333,0.0,0.4558,661.1526375333333,661.1526375333333
2025-09-15,257,135,1426.9506216666666,1426.9506216666666,0.0,0.4927,703.0585712951666,703.0585712951666
2025-09-15,257,136,1442.1199091666667,1442.1199091666667,0.0,0.4878,703.4660916915001,703.4660916915001
2025-09-15,257,137,1467.7069166666665,1467.7069166666665,0.0,0.4418,648.4329157833333,648.4329157833333
2025-09-15,257,138,0.0,0.0,0.0,0.4355,0.0,0.0
2025-09-15,257,139,465.17090730913293,465.17090730913293,0.0,0.4815,223.9797918693475,223.9797918693475
2025-09-15,257,140,1454.5619166666665,1454.5619166666665,0.0,0.5037,732.662837425,732.662837425
2025-09-15,257,141,1437.1568825,1437.1568825,0.0,0.4194,602.7435965205,602.7435965205
2025-09-15,257,142,614.6960291666667,614.6960291666667,0.0,0.3886,238.87087693416666,238.87087693416666
2025-09-15,257,143,0.0,0.0,0.0,0.4564,0.0,0.0
2025-09-16,258,0,637.35693,637.35693,0.0,0.5097,324.860827221,324.860827221
2025-09-16,258,1,1438.08113,1438.08113,0.0,0.5116,735.7223061080001,735.7223061080001
2025-09-16,258,2,581.8982500000001,581.8982500000001,0.0,0.4667,271.57191327500004,271.57191327500004
2025-09-16,258,3,600.1233833333334,600.1233833333334,0.0,0.4065,243.95015532500003,243.95015532500003
2025-09-16,258,4,616.6968266666668,616.6968266666668,0.0,0.3877,239.0933596986667,239.0933596986667
2025-09-16,258,5,605.9755833333334,605.9755833333334,0.0,0.4064,246.26847706666666,246.26847706666666
2025-09-16,258,6,1417.3061941666665,1417.3061941666665,0.0,0.4056,574.859392354,574.859392354
2025-09-16,258,7,1413.1321050000001,1413.1321050000001,0.0,0.3825,540.5230301625,540.5230301625
2025-09-16,258,8,593.6866666666667,593.6866666666667,0.0,0.3741,222.098182,222.098182
2025-09-16,258,9,606.4400483333334,606.4400483333334,0.0,0.4163,252.4609921211667,252.4609921211667
2025-09-16,258,10,0.0,0.0,0.0,0.4448,0.0,0.0
2025-09-16,258,11,0.0,0.0,0.0,0.4326,0.0,0.0
2025-09-16,258,12,1441.6566441666666,1441.6566441666666,0.0,0.4137,596.41335369175,596.41335369175
2025-09-16,258,13,1439.74211,1439.74211,0.0,0.4162,599.220666182,599.220666182
2025-09-16,258,14,607.6595000000001,607.6595000000001,0.0,0.4404,267.6132438000001,267.6132438000001
2025-09-16,258,15,1435.0252794020778,1435.0252794020778,0.0,0.461,661.5466538043579,661.5466538043579
2025-09-16,258,16,599.3357433333334,599.3357433333334,0.0,0.4537,271.9186267503334,271.9186267503334
2025-09-16,258,17,0.0,0.0,0.0,0.4452,0.0,0.0
2025-09-16,258,18,596.5419250000001,596.5419250000001,0.0,0.4756,283.71533953000005,283.71533953000005
2025-09-16,258,19,603.6173875000001,603.6173875000001,0.0,0.4445,268.30792874375004,268.30792874375004
2025-09-16,258,20,0.0,0.0,0.0,0.3782,0.0,0.0
2025-09-16,258,21,596.9994275000001,596.9994275000001,0.0,0.4082,243.69516630550007,243.69516630550007
2025-09-16,258,22,587.2730608333334,587.2730608333334,0.0,0.4405,258.69378329708337,258.69378329708337
2025-09-16,258,23,1434.7521666666667,1434.7521666666667,0.0,0.4389,629.71272595,629.71272595
2025-09-16,258,24,0.0,0.0,0.0,0.4575,0.0,0.0
2025-09-16,258,25,506.215064062332,506.215064062332,0.0,0.4505,228.04988636008056,228.04988636008056
2025-09-16,258,26,1453.8285833333332,1453.8285833333332,0.0,0.4374,635.90462235,635.90462235
2025-09-16,258,27,618.8630141666666,618.8630141666666,0.0,0.4811,297.73499611558333,297.73499611558333
2025-09-16,258,28,619.4786466666668,619.4786466666668,0.0,0.4603,285.1460210606667,285.1460210606667
2025-09-16,258,29,611.0553333333334,611.0553333333334,0.0,0.4072,248.82173173333334,248.82173173333334
2025-09-16,258,30,1420.5311674999998,1420.5311674999998,0.0,0.477,677.5933668974999,677.5933668974999
2025-09-16,258,31,601.9790641666667,601.9790641666667,0.0,0.5218,314.1126756821667,314.1126756821667
2025-09-16,258,32,0.0,0.0,0.0,0.4527,0.0,0.0
2025-09-16,258,33,1434.9117175,1434.9117175,0.0,0.3778,542.1096468715,542.1096468715
2025-09-16,258,34,0.0,0.0,0.0,0.6221,0.0,0.0
2025-09-16,258,35,0.0,0.0,0.0,1.012,0.0,0.0
2025-09-16,258,36,0.0,0.0,0.0,1.0241,0.0,0.0
2025-09-16,258,37,0.0,0.0,0.0,0.9268,0.0,0.0
2025-09-16,258,38,0.0,0.0,0.0,0.9155,0.0,0.0
2025-09-16,258,39,0.0,0.0,0.0,0.9143,0.0,0.0
2025-09-16,258,40,0.0,0.0,0.0,0.8761,0.0,0.0
2025-09-16,258,41,0.0,0.0,0.0,0.8264,0.0,0.0
2025-09-16,258,42,0.0,0.0,0.0,0.8241,0.0,0.0
2025-09-16,258,43,0.0,0.0,0.0,0.8109,0.0,0.0
2025-09-16,258,44,0.0,0.0,0.0,0.7524,0.0,0.0
2025-09-16,258,45,0.0,0.0,0.0,0.7089,0.0,0.0
2025-09-16,258,46,0.0,0.0,0.0,0.8871,0.0,0.0
2025-09-16,258,47,0.0,0.0,0.0,1.1561,0.0,0.0
2025-09-16,258,48,0.0,0.0,0.0,1.1574,0.0,0.0
2025-09-16,258,49,0.0,0.0,0.0,1.1053,0.0,0.0
2025-09-16,258,50,0.0,0.0,0.0,1.1084,0.0,0.0
2025-09-16,258,51,0.0,0.0,0.0,1.0608,0.0,0.0
2025-09-16,258,52,0.0,0.0,0.0,1.0071,0.0,0.0
2025-09-16,258,53,0.0,0.0,0.0,0.9827,0.0,0.0
2025-09-16,258,54,0.0,0.0,0.0,0.976,0.0,0.0
2025-09-16,258,55,0.0,0.0,0.0,0.9831,0.0,0.0
2025-09-16,258,56,0.0,0.0,0.0,0.9729,0.0,0.0
2025-09-16,258,57,0.0,0.0,0.0,0.9145,0.0,0.0
2025-09-16,258,58,0.0,0.0,0.0,0.8914,0.0,0.0
2025-09-16,258,59,0.0,0.0,0.0,0.9098,0.0,0.0
2025-09-16,258,60,0.0,0.0,0.0,0.8912,0.0,0.0
2025-09-16,258,61,0.0,0.0,0.0,0.8456,0.0,0.0
2025-09-16,258,62,0.0,0.0,0.0,0.8373,0.0,0.0
2025-09-16,258,63,0.0,0.0,0.0,0.8851,0.0,0.0
2025-09-16,258,64,0.0,0.0,0.0,0.723,0.0,0.0
2025-09-16,258,65,0.0,0.0,0.0,0.4574,0.0,0.0
2025-09-16,258,66,0.0,0.0,0.0,0.477,0.0,0.0
2025-09-16,258,67,0.0,0.0,0.0,0.5364,0.0,0.0
2025-09-16,258,68,0.0,0.0,0.0,0.497,0.0,0.0
2025-09-16,258,69,0.0,0.0,0.0,0.4697,0.0,0.0
2025-09-16,258,70,0.0,0.0,0.0,0.4799,0.0,0.0
2025-09-16,258,71,0.0,0.0,0.0,0.4849,0.0,0.0
2025-09-16,258,72,0.0,0.0,0.0,0.4354,0.0,0.0
2025-09-16,258,73,0.0,0.0,0.0,0.4273,0.0,0.0
2025-09-16,258,74,0.0,0.0,0.0,0.4537,0.0,0.0
2025-09-16,258,75,0.0,0.0,0.0,0.4406,0.0,0.0
2025-09-16,258,76,0.0,0.0,0.0,0.5886,0.0,0.0
2025-09-16,258,77,0.0,0.0,0.0,0.8303,0.0,0.0
2025-09-16,258,78,0.0,0.0,0.0,0.8731,0.0,0.0
2025-09-16,258,79,0.0,0.0,0.0,0.8669,0.0,0.0
2025-09-16,258,80,0.0,0.0,0.0,0.8883,0.0,0.0
2025-09-16,258,81,0.0,0.0,0.0,0.8634,0.0,0.0
2025-09-16,258,82,0.0,0.0,0.0,0.8652,0.0,0.0
2025-09-16,258,83,0.0,0.0,0.0,0.9035,0.0,0.0
2025-09-16,258,84,0.0,0.0,0.0,0.911,0.0,0.0
2025-09-16,258,85,0.0,0.0,0.0,0.9163,0.0,0.0
2025-09-16,258,86,0.0,0.0,0.0,0.9703,0.0,0.0
2025-09-16,258,87,0.0,0.0,0.0,1.0575,0.0,0.0
2025-09-16,258,88,0.0,0.0,0.0,0.9262,0.0,0.0
2025-09-16,258,89,234.09448472222272,234.09448472222272,0.0,0.6846,160.26108424083367,160.26108424083367
2025-09-16,258,90,173.04074166666692,173.04074166666692,0.0,0.7043,121.87259435583351,121.87259435583351
2025-09-16,258,91,210.8251466666669,210.8251466666669,0.0,0.7503,158.1821075440002,158.1821075440002
2025-09-16,258,92,257.5229166666669,257.5229166666669,0.0,0.7367,189.7171327083335,189.7171327083335
2025-09-16,258,93,319.33620666666695,319.33620666666695,0.0,0.8127,259.5245351580002,259.5245351580002
2025-09-16,258,94,370.81563083333333,370.81563083333333,0.0,0.8523,316.04616215925,316.04616215925
2025-09-16,258,95,410.22879166666667,410.22879166666667,0.0,0.8366,343.1974071083333,343.1974071083333
2025-09-16,258,96,461.3211591666668,461.3211591666668,0.0,0.8804,406.1471485303334,406.1471485303334
2025-09-16,258,97,525.6435858333334,525.6435858333334,0.0,0.92,483.59209896666675,483.59209896666675
2025-09-16,258,98,589.5438125000002,589.5438125000002,0.0,0.9152,539.5504972000001,539.5504972000001
2025-09-16,258,99,637.4256425000001,637.4256425000001,0.0,0.9005,574.0017910712501,574.0017910712501
2025-09-16,258,100,679.0019416666667,679.0019416666667,0.0,0.9281,630.1817020608333,630.1817020608333
2025-09-16,258,101,725.2007291666669,725.2007291666669,0.0,0.9928,719.9792839166669,719.9792839166669
2025-09-16,258,102,768.1927575,768.1927575,0.0,1.0407,799.4582027302499,799.4582027302499
2025-09-16,258,103,819.7184450000002,819.7184450000002,0.0,1.0656,873.4919749920003,873.4919749920003
2025-09-16,258,104,896.4538541666669,896.4538541666669,0.0,1.0681,957.502361635417,957.502361635417
2025-09-16,258,105,992.140245,992.140245,0.0,1.0679,1059.5065676355002,1059.5065676355002
2025-09-16,258,106,935.1806141666667,935.1806141666667,0.0,1.1769,1100.61406481275,1100.61406481275
2025-09-16,258,107,0.0,0.0,0.0,1.3248,0.0,0.0
2025-09-16,258,108,0.0,0.0,0.0,1.3204,0.0,0.0
2025-09-16,258,109,0.0,0.0,0.0,1.302,0.0,0.0
2025-09-16,258,110,0.0,0.0,0.0,1.3348,0.0,0.0
2025-09-16,258,111,0.0,0.0,0.0,1.3458,0.0,0.0
2025-09-16,258,112,807.1536950000001,807.1536950000001,0.0,1.342,1083.2002586900003,1083.2002586900003
2025-09-16,258,113,814.9766666666667,814.9766666666667,0.0,1.3489,1099.3220256666666,1099.3220256666666
2025-09-16,258,114,613.9058703817353,613.9058703817353,0.0,1.3713,841.8491200544736,841.8491200544736
2025-09-16,258,115,0.0,0.0,0.0,1.3479,0.0,0.0
2025-09-16,258,116,0.0,0.0,0.0,1.2973,0.0,0.0
2025-09-16,258,117,1.3320825000001393,1.3320825000001393,0.0,1.3023,1.7347710397501814,1.7347710397501814
2025-09-16,258,118,833.0077458333334,833.0077458333334,0.0,1.316,1096.2381935166668,1096.2381935166668
2025-09-16,258,119,803.4054166666668,803.4054166666668,0.0,1.3178,1058.7276580833336,1058.7276580833336
2025-09-16,258,120,825.0276275,825.0276275,0.0,1.3307,1097.86426391425,1097.86426391425
2025-09-16,258,121,0.0,0.0,0.0,1.32,0.0,0.0
2025-09-16,258,122,0.0,0.0,0.0,1.3141,0.0,0.0
2025-09-16,258,123,0.0,0.0,0.0,1.3525,0.0,0.0
2025-09-16,258,124,802.8380575,802.8380575,0.0,1.2229,981.7906605167501,981.7906605167501
2025-09-16,258,125,819.0986666666668,819.0986666666668,0.0,0.993,813.3649760000001,813.3649760000001
2025-09-16,258,126,820.6931241666666,820.6931241666666,0.0,0.9633,790.57368650975,790.57368650975
2025-09-16,258,127,810.5938316666667,810.5938316666667,0.0,0.9991,809.8642972181667,809.8642972181667
2025-09-16,258,128,809.7155,809.7155,0.0,1.0389,841.21343295,841.21343295
2025-09-16,258,129,817.7957433333335,817.7957433333335,0.0,1.1088,906.7719202080001,906.7719202080001
2025-09-16,258,130,732.8492441666667,732.8492441666667,0.0,0.8678,635.9665740878334,635.9665740878334
2025-09-16,258,131,1443.4940833333333,1443.4940833333333,0.0,0.4674,674.68913455,674.68913455
2025-09-16,258,132,1445.4961383333334,1445.4961383333334,0.0,0.4348,628.5017209473334,628.5017209473334
2025-09-16,258,133,627.8260566666668,627.8260566666668,0.0,0.4709,295.6432900843334,295.6432900843334
2025-09-16,258,134,1444.8259166666667,1444.8259166666667,0.0,0.4254,614.62894495,614.62894495
2025-09-16,258,135,1382.384995158296,1382.384995158296,0.0,0.4529,626.0821643071923,626.0821643071923
2025-09-16,258,136,640.889355,640.889355,0.0,0.4843,310.3827146265,310.3827146265
2025-09-16,258,137,626.29075,626.29075,0.0,0.4709,294.920314175,294.920314175
2025-09-16,258,138,0.0,0.0,0.0,0.4436,0.0,0.0
2025-09-16,258,139,612.0190633333334,612.0190633333334,0.0,0.4301,263.22939913966667,263.22939913966667
2025-09-16,258,140,1431.0634166666664,1431.0634166666664,0.0,0.4358,623.6574369833332,623.6574369833332
2025-09-16,258,141,1432.0151958333333,1432.0151958333333,0.0,0.4482,641.8292107725,641.8292107725
2025-09-16,258,142,607.9288650000001,607.9288650000001,0.0,0.4624,281.10630717600003,281.10630717600003
2025-09-16,258,143,1447.0946250000002,1447.0946250000002,0.0,0.4693,679.1215075125001,679.1215075125001
2025-09-17,259,0,630.5174625000001,630.5174625000001,0.0,0.4588,289.28141179500005,289.28141179500005
2025-09-17,259,1,1463.1018133333332,1463.1018133333332,0.0,0.443,648.1541033066666,648.1541033066666
2025-09-17,259,2,1456.042,1456.042,0.0,0.4237,616.9249954,616.9249954
2025-09-17,259,3,0.0,0.0,0.0,0.4029,0.0,0.0
2025-09-17,259,4,0.0,0.0,0.0,0.4406,0.0,0.0
2025-09-17,259,5,623.1045833333334,623.1045833333334,0.0,0.4946,308.1875269166667,308.1875269166667
2025-09-17,259,6,612.9360033333332,612.9360033333332,0.0,0.4595,281.6440935316666,281.6440935316666
2025-09-17,259,7,604.6192983333334,604.6192983333334,0.0,0.4367,264.0372475821667,264.0372475821667
2025-09-17,259,8,608.0621666666666,608.0621666666666,0.0,0.4462,271.31733876666664,271.31733876666664
2025-09-17,259,9,0.0,0.0,0.0,0.4082,0.0,0.0
2025-09-17,259,10,0.0,0.0,0.0,0.3795,0.0,0.0
2025-09-17,259,11,602.724,602.724,0.0,0.4121,248.38256040000005,248.38256040000005
2025-09-17,259,12,600.4973558333334,600.4973558333334,0.0,0.4903,294.42385356508333,294.42385356508333
2025-09-17,259,13,606.201755,606.201755,0.0,0.4955,300.3729696025,300.3729696025
2025-09-17,259,14,1443.8376666666666,1443.8376666666666,0.0,0.4391,633.9891194333333,633.9891194333333
2025-09-17,259,15,1442.8430466666669,1442.8430466666669,0.0,0.4489,647.6922436486668,647.6922436486668
2025-09-17,259,16,1435.1295733333332,1435.1295733333332,0.0,0.4958,711.5372424586666,711.5372424586666
2025-09-17,259,17,603.0087500000001,603.0087500000001,0.0,0.5193,313.142443875,313.142443875
2025-09-17,259,18,0.0,0.0,0.0,0.4937,0.0,0.0
2025-09-17,259,19,509.6116416026692,509.6116416026692,0.0,0.4894,249.4039374003463,249.4039374003463
2025-09-17,259,20,596.2301666666667,596.2301666666667,0.0,0.4832,288.09841653333336,288.09841653333336
2025-09-17,259,21,1440.57157,1440.57157,0.0,0.4,576.2286280000001,576.2286280000001
2025-09-17,259,22,1445.3746208333332,1445.3746208333332,0.0,0.4121,595.6388812454167,595.6388812454167
2025-09-17,259,23,607.5597500000001,607.5597500000001,0.0,0.4917,298.7371290750001,298.7371290750001
2025-09-17,259,24,620.9841708333333,620.9841708333333,0.0,0.4341,269.56922855875,269.56922855875
2025-09-17,259,25,618.7685016666667,618.7685016666667,0.0,0.3738,231.29566592300003,231.29566592300003
2025-09-17,259,26,0.0,0.0,0.0,0.3841,0.0,0.0
2025-09-17,259,27,0.00013805537139433,0.00013805537139433,0.0,0.4015,5.54292316148235e-05,5.54292316148235e-05
2025-09-17,259,28,614.6517066666668,614.6517066666668,0.0,0.4114,252.8677121226667,252.8677121226667
2025-09-17,259,29,1427.4354166666667,1427.4354166666667,0.0,0.4198,599.2373879166666,599.2373879166666
2025-09-17,259,30,1427.277295075287,1427.277295075287,0.0,0.4382,625.4329107019907,625.4329107019907
2025-09-17,259,31,1443.4610025000002,1443.4610025000002,0.0,0.4701,678.5710172752501,678.5710172752501
2025-09-17,259,32,1444.0618333333334,1444.0618333333334,0.0,0.4563,658.92541455,658.92541455
2025-09-17,259,33,1419.257715,1419.257715,0.0,0.3796,538.750228614,538.750228614
2025-09-17,259,34,0.0,0.0,0.0,0.6058,0.0,0.0
2025-09-17,259,35,0.0,0.0,0.0,1.0013,0.0,0.0
2025-09-17,259,36,0.0,0.0,0.0,1.0304,0.0,0.0
2025-09-17,259,37,0.0,0.0,0.0,0.9202,0.0,0.0
2025-09-17,259,38,0.0,0.0,0.0,0.8658,0.0,0.0
2025-09-17,259,39,0.0,0.0,0.0,0.8386,0.0,0.0
2025-09-17,259,40,0.0,0.0,0.0,0.8302,0.0,0.0
2025-09-17,259,41,0.0,0.0,0.0,0.8193,0.0,0.0
2025-09-17,259,42,0.0,0.0,0.0,0.7834,0.0,0.0
2025-09-17,259,43,0.0,0.0,0.0,0.774,0.0,0.0
2025-09-17,259,44,0.0,0.0,0.0,0.7542,0.0,0.0
2025-09-17,259,45,0.0,0.0,0.0,0.6762,0.0,0.0
2025-09-17,259,46,0.0,0.0,0.0,0.8541,0.0,0.0
2025-09-17,259,47,0.0,0.0,0.0,1.1749,0.0,0.0
2025-09-17,259,48,0.0,0.0,0.0,1.1887,0.0,0.0
2025-09-17,259,49,0.0,0.0,0.0,1.1601,0.0,0.0
2025-09-17,259,50,0.0,0.0,0.0,1.1867,0.0,0.0
2025-09-17,259,51,0.0,0.0,0.0,1.1032,0.0,0.0
2025-09-17,259,52,0.0,0.0,0.0,1.0823,0.0,0.0
2025-09-17,259,53,0.0,0.0,0.0,1.1403,0.0,0.0
2025-09-17,259,54,0.0,0.0,0.0,1.1027,0.0,0.0
2025-09-17,259,55,0.0,0.0,0.0,1.0125,0.0,0.0
2025-09-17,259,56,0.0,0.0,0.0,0.9614,0.0,0.0
2025-09-17,259,57,0.0,0.0,0.0,0.9962,0.0,0.0
2025-09-17,259,58,0.0,0.0,0.0,1.0204,0.0,0.0
2025-09-17,259,59,0.0,0.0,0.0,1.0058,0.0,0.0
2025-09-17,259,60,0.0,0.0,0.0,1.0021,0.0,0.0
2025-09-17,259,61,0.0,0.0,0.0,0.96,0.0,0.0
2025-09-17,259,62,0.0,0.0,0.0,0.9061,0.0,0.0
2025-09-17,259,63,0.0,0.0,0.0,0.9008,0.0,0.0
2025-09-17,259,64,0.0,0.0,0.0,0.7446,0.0,0.0
2025-09-17,259,65,0.0,0.0,0.0,0.5019,0.0,0.0
2025-09-17,259,66,0.0,0.0,0.0,0.4624,0.0,0.0
2025-09-17,259,67,0.0,0.0,0.0,0.5034,0.0,0.0
2025-09-17,259,68,0.0,0.0,0.0,0.5335,0.0,0.0
2025-09-17,259,69,409.8260318518627,409.8260318518627,0.0,0.5648,231.46974278993204,231.46974278993204
2025-09-17,259,70,468.43192916666703,468.43192916666703,0.0,0.4803,224.98785557875019,224.98785557875019
2025-09-17,259,71,420.2200208333335,420.2200208333335,0.0,0.3613,151.82549352708338,151.82549352708338
2025-09-17,259,72,372.2524799999999,372.2524799999999,0.0,0.4197,156.23436585599995,156.23436585599995
2025-09-17,259,73,375.1427133333335,375.1427133333335,0.0,0.469,175.9419325533334,175.9419325533334
2025-09-17,259,74,411.2382916666668,411.2382916666668,0.0,0.4001,164.53644049583338,164.53644049583338
2025-09-17,259,75,0.0,0.0,0.0,0.3228,0.0,0.0
2025-09-17,259,76,0.0,0.0,0.0,0.485,0.0,0.0
2025-09-17,259,77,0.0,0.0,0.0,0.7734,0.0,0.0
2025-09-17,259,78,0.0,0.0,0.0,0.8218,0.0,0.0
2025-09-17,259,79,0.0,0.0,0.0,0.816,0.0,0.0
2025-09-17,259,80,0.0,0.0,0.0,0.8837,0.0,0.0
2025-09-17,259,81,0.0,0.0,0.0,0.9477,0.0,0.0
2025-09-17,259,82,0.0,0.0,0.0,0.9215,0.0,0.0
2025-09-17,259,83,0.0,0.0,0.0,0.8673,0.0,0.0
2025-09-17,259,84,0.0,0.0,0.0,0.9253,0.0,0.0
2025-09-17,259,85,0.0,0.0,0.0,0.9623,0.0,0.0
2025-09-17,259,86,0.0,0.0,0.0,0.9645,0.0,0.0
2025-09-17,259,87,0.0,0.0,0.0,1.0172,0.0,0.0
2025-09-17,259,88,0.0,0.0,0.0,0.8633,0.0,0.0
2025-09-17,259,89,279.68416851852,279.68416851852,0.0,0.6037,168.84533253463053,168.84533253463053
2025-09-17,259,90,160.8764458333335,160.8764458333335,0.0,0.6323,101.72217670041677,101.72217670041677
2025-09-17,259,91,213.23633500000017,213.23633500000017,0.0,0.7398,157.75224063300013,157.75224063300013
2025-09-17,259,92,278.86310416666663,278.86310416666663,0.0,0.7652,213.3860473083333,213.3860473083333
2025-09-17,259,93,329.70632000000023,329.70632000000023,0.0,0.7571,249.6206548720002,249.6206548720002
2025-09-17,259,94,363.48565083333335,363.48565083333335,0.0,0.7839,284.93640168825004,284.93640168825004
2025-09-17,259,95,393.1860833333335,393.1860833333335,0.0,0.848,333.4217986666668,333.4217986666668
2025-09-17,259,96,443.93979249999995,443.93979249999995,0.0,0.8928,396.349446744,396.349446744
2025-09-17,259,97,515.2315025,515.2315025,0.0,0.9004,463.91444485100004,463.91444485100004
2025-09-17,259,98,583.8967083333333,583.8967083333333,0.0,0.9104,531.5795632666667,531.5795632666667
2025-09-17,259,99,625.9465899999999,625.9465899999999,0.0,0.973,609.0460320699999,609.0460320699999
2025-09-17,259,100,679.2890791666666,679.2890791666666,0.0,0.9972,677.387069745,677.387069745
2025-09-17,259,101,746.52225,746.52225,0.0,0.9705,724.499843625,724.499843625
2025-09-17,259,102,798.841015,798.841015,0.0,0.9753,779.1096419295,779.1096419295
2025-09-17,259,103,859.45282,859.45282,0.0,1.0163,873.4619009659999,873.4619009659999
2025-09-17,259,104,939.2945416666668,939.2945416666668,0.0,1.0532,989.2650112833334,989.2650112833334
2025-09-17,259,105,996.1138150000002,996.1138150000002,0.0,1.0588,1054.6853073220002,1054.6853073220002
2025-09-17,259,106,915.2653916666668,915.2653916666668,0.0,1.1492,1051.8229881033335,1051.8229881033335
2025-09-17,259,107,0.0,0.0,0.0,1.2829,0.0,0.0
2025-09-17,259,108,0.0,0.0,0.0,1.2942,0.0,0.0
2025-09-17,259,109,782.1196175,782.1196175,0.0,1.2911,1009.7946381542499,1009.7946381542499
2025-09-17,259,110,778.8289166666667,778.8289166666667,0.0,1.3228,1030.2348909666666,1030.2348909666666
2025-09-17,259,111,0.0,0.0,0.0,1.3284,0.0,0.0
2025-09-17,259,112,3.218080000000046,3.218080000000046,0.0,1.322,4.254301760000061,4.254301760000061
2025-09-17,259,113,634.9271728817357,634.9271728817357,0.0,1.3199,838.040375486603,838.040375486603
2025-09-17,259,114,808.1461983333335,808.1461983333335,0.0,1.3218,1068.2076449570002,1068.2076449570002
2025-09-17,259,115,0.0,0.0,0.0,1.3336,0.0,0.0
2025-09-17,259,116,0.0,0.0,0.0,1.3385,0.0,0.0
2025-09-17,259,117,0.0,0.0,0.0,1.3086,0.0,0.0
2025-09-17,259,118,808.6906308333333,808.6906308333333,0.0,1.2685,1025.8240652120833,1025.8240652120833
2025-09-17,259,119,795.8248333333333,795.8248333333333,0.0,1.2743,1014.1195851166667,1014.1195851166667
2025-09-17,259,120,0.0,0.0,0.0,1.3529,0.0,0.0
2025-09-17,259,121,0.0,0.0,0.0,1.3545,0.0,0.0
2025-09-17,259,122,0.0,0.0,0.0,1.3029,0.0,0.0
2025-09-17,259,123,0.0,0.0,0.0,1.3364,0.0,0.0
2025-09-17,259,124,819.0955899999999,819.0955899999999,0.0,1.2004,983.2423462359998,983.2423462359998
2025-09-17,259,125,831.2325,831.2325,0.0,0.9687,805.2149227499999,805.2149227499999
2025-09-17,259,126,831.5259575,831.5259575,0.0,0.9897,822.96124013775,822.96124013775
2025-09-17,259,127,809.0929591666668,809.0929591666668,0.0,1.0113,818.2357096052502,818.2357096052502
2025-09-17,259,128,806.0840833333333,806.0840833333333,0.0,0.9812,790.9297025666666,790.9297025666666
2025-09-17,259,129,851.1877258333335,851.1877258333335,0.0,1.0579,900.4714951590836,900.4714951590836
2025-09-17,259,130,777.7144508333334,777.7144508333334,0.0,0.8489,660.2017973124167,660.2017973124167
2025-09-17,259,131,628.2210833333335,628.2210833333335,0.0,0.4578,287.59961195000005,287.59961195000005
2025-09-17,259,132,1454.6993625,1454.6993625,0.0,0.4183,608.50074333375,608.50074333375
2025-09-17,259,133,635.3950333333335,635.3950333333335,0.0,0.4503,286.11838351000006,286.11838351000006
2025-09-17,259,134,1443.1284166666665,1443.1284166666665,0.0,0.4242,612.1750743499999,612.1750743499999
2025-09-17,259,135,1436.8559866666667,1436.8559866666667,0.0,0.4946,710.6689710053333,710.6689710053333
2025-09-17,259,136,628.4191141666668,628.4191141666668,0.0,0.5164,324.5156305556667,324.5156305556667
2025-09-17,259,137,585.3118114757995,585.3118114757995,0.0,0.4561,266.96071721411215,266.96071721411215
2025-09-17,259,138,0.0,0.0,0.0,0.4352,0.0,0.0
2025-09-17,259,139,618.0030916666667,618.0030916666667,0.0,0.4387,271.1179563141667,271.1179563141667
2025-09-17,259,140,1447.0464166666666,1447.0464166666666,0.0,0.4489,649.5791364416666,649.5791364416666
2025-09-17,259,141,1433.4005508333335,1433.4005508333335,0.0,0.4703,674.1282790569168,674.1282790569168
2025-09-17,259,142,1442.7317166666667,1442.7317166666667,0.0,0.4631,668.1290579883333,668.1290579883333
2025-09-17,259,143,1447.2125,1447.2125,0.0,0.4233,612.6050512500001,612.6050512500001
2025-09-18,260,0,0.0,0.0,0.0,0.3905,0.0,0.0
2025-09-18,260,1,0.0,0.0,0.0,0.3903,0.0,0.0
2025-09-18,260,2,1423.2690171490813,1423.2690171490813,0.0,0.4153,591.0836228220135,591.0836228220135
2025-09-18,260,3,1418.1737575,1418.1737575,0.0,0.4331,614.2110543732499,614.2110543732499
2025-09-18,260,4,1425.9680433333333,1425.9680433333333,0.0,0.4266,608.317967286,608.317967286
2025-09-18,260,5,609.2751666666668,609.2751666666668,0.0,0.4138,252.1180639666667,252.1180639666667
2025-09-18,260,6,610.9228241666667,610.9228241666667,0.0,0.4281,261.53606102575003,261.53606102575003
2025-09-18,260,7,607.2454358333334,607.2454358333334,0.0,0.444,269.61697351000004,269.61697351000004
2025-09-18,260,8,599.3915,599.3915,0.0,0.441,264.33165149999996,264.33165149999996
2025-09-18,260,9,584.26384,584.26384,0.0,0.4192,244.923401728,244.923401728
2025-09-18,260,10,589.517695,589.517695,0.0,0.382,225.19575949,225.19575949
2025-09-18,260,11,602.2556666666667,602.2556666666667,0.0,0.3772,227.17083746666665,227.17083746666665
2025-09-18,260,12,597.9414641666667,597.9414641666667,0.0,0.4517,270.0901593640834,270.0901593640834
2025-09-18,260,13,594.6701,594.6701,0.0,0.4791,284.90644491000006,284.90644491000006
2025-09-18,260,14,295.2656856079701,295.2656856079701,0.0,0.4387,129.53305627621648,129.53305627621648
2025-09-18,260,15,616.9093908333334,616.9093908333334,0.0,0.432,266.50485684000006,266.50485684000006
2025-09-18,260,16,611.3497041666667,611.3497041666667,0.0,0.4525,276.6357411354167,276.6357411354167
2025-09-18,260,17,598.5198333333334,598.5198333333334,0.0,0.4619,276.4563110166667,276.4563110166667
2025-09-18,260,18,595.7923650000001,595.7923650000001,0.0,0.4368,260.2421050320001,260.2421050320001
2025-09-18,260,19,1443.2138753892452,1443.2138753892452,0.0,0.4229,610.3351479021118,610.3351479021118
2025-09-18,260,20,619.7627500000001,619.7627500000001,0.0,0.433,268.35727075000005,268.35727075000005
2025-09-18,260,21,604.6152066666667,604.6152066666667,0.0,0.4371,264.277306834,264.277306834
2025-09-18,260,22,595.7463425000001,595.7463425000001,0.0,0.4359,259.68583069575004,259.68583069575004
2025-09-18,260,23,599.7245833333334,599.7245833333334,0.0,0.4486,269.03644808333337,269.03644808333337
2025-09-18,260,24,1437.483595,1437.483595,0.0,0.482,692.8670927899999,692.8670927899999
2025-09-18,260,25,612.2373866666667,612.2373866666667,0.0,0.4596,281.384302912,281.384302912
2025-09-18,260,26,0.0,0.0,0.0,0.3924,0.0,0.0
2025-09-18,260,27,1432.1475875,1432.1475875,0.0,0.3817,546.65073414875,546.65073414875
2025-09-18,260,28,1431.8,1431.8,0.0,0.4536,649.46448,649.46448
2025-09-18,260,29,1447.7379166666665,1447.7379166666665,0.0,0.5124,741.8209084999999,741.8209084999999
2025-09-18,260,30,1448.5922099999998,1448.5922099999998,0.0,0.4438,642.8852227979999,642.8852227979999
2025-09-18,260,31,621.8117266666668,621.8117266666668,0.0,0.4519,280.99671928066675,280.99671928066675
2025-09-18,260,32,331.3805778817369,331.3805778817369,0.0,0.4905,162.54217345099192,162.54217345099192
2025-09-18,260,33,599.91195,599.91195,0.0,0.364,218.36794980000002,218.36794980000002
2025-09-18,260,34,0.0,0.0,0.0,0.5671,0.0,0.0
2025-09-18,260,35,0.0,0.0,0.0,0.9959,0.0,0.0
2025-09-18,260,36,0.0,0.0,0.0,1.0098,0.0,0.0
2025-09-18,260,37,0.0,0.0,0.0,0.9075,0.0,0.0
2025-09-18,260,38,0.0,0.0,0.0,0.9017,0.0,0.0
2025-09-18,260,39,0.0,0.0,0.0,0.8965,0.0,0.0
2025-09-18,260,40,0.0,0.0,0.0,0.8798,0.0,0.0
2025-09-18,260,41,0.0,0.0,0.0,0.8512,0.0,0.0
2025-09-18,260,42,0.0,0.0,0.0,0.8093,0.0,0.0
2025-09-18,260,43,0.0,0.0,0.0,0.797,0.0,0.0
2025-09-18,260,44,0.0,0.0,0.0,0.7663,0.0,0.0
2025-09-18,260,45,0.0,0.0,0.0,0.6695,0.0,0.0
2025-09-18,260,46,0.0,0.0,0.0,0.8464,0.0,0.0
2025-09-18,260,47,0.0,0.0,0.0,1.1875,0.0,0.0
2025-09-18,260,48,0.0,0.0,0.0,1.2141,0.0,0.0
2025-09-18,260,49,0.0,0.0,0.0,1.1503,0.0,0.0
2025-09-18,260,50,0.0,0.0,0.0,1.14,0.0,0.0
2025-09-18,260,51,0.0,0.0,0.0,1.0994,0.0,0.0
2025-09-18,260,52,0.0,0.0,0.0,1.0814,0.0,0.0
2025-09-18,260,53,0.0,0.0,0.0,1.0796,0.0,0.0
2025-09-18,260,54,0.0,0.0,0.0,1.0283,0.0,0.0
2025-09-18,260,55,0.0,0.0,0.0,1.0043,0.0,0.0
2025-09-18,260,56,0.0,0.0,0.0,0.9998,0.0,0.0
2025-09-18,260,57,0.0,0.0,0.0,0.9376,0.0,0.0
2025-09-18,260,58,0.0,0.0,0.0,0.9367,0.0,0.0
2025-09-18,260,59,0.0,0.0,0.0,0.9938,0.0,0.0
2025-09-18,260,60,0.0,0.0,0.0,0.9745,0.0,0.0
2025-09-18,260,61,0.0,0.0,0.0,0.9108,0.0,0.0
2025-09-18,260,62,0.0,0.0,0.0,0.8785,0.0,0.0
2025-09-18,260,63,0.0,0.0,0.0,0.8908,0.0,0.0
2025-09-18,260,64,0.0,0.0,0.0,0.7252,0.0,0.0
2025-09-18,260,65,0.0,0.0,0.0,0.4624,0.0,0.0
2025-09-18,260,66,0.0,0.0,0.0,0.4267,0.0,0.0
2025-09-18,260,67,0.0,0.0,0.0,0.4755,0.0,0.0
2025-09-18,260,68,0.0,0.0,0.0,0.4624,0.0,0.0
2025-09-18,260,69,0.0,0.0,0.0,0.3894,0.0,0.0
2025-09-18,260,70,0.0,0.0,0.0,0.3778,0.0,0.0
2025-09-18,260,71,347.97247916666686,347.97247916666686,0.0,0.4304,149.76735503333342,149.76735503333342
2025-09-18,260,72,337.9655191666668,337.9655191666668,0.0,0.4328,146.2714766953334,146.2714766953334
2025-09-18,260,73,302.79460587215044,302.79460587215044,0.0,0.3935,119.1496774106912,119.1496774106912
2025-09-18,260,74,0.0,0.0,0.0,0.3582,0.0,0.0
2025-09-18,260,75,339.2112066666666,339.2112066666666,0.0,0.3912,132.69942404799997,132.69942404799997
2025-09-18,260,76,0.0,0.0,0.0,0.5985,0.0,0.0
2025-09-18,260,77,0.0,0.0,0.0,0.8638,0.0,0.0
2025-09-18,260,78,0.0,0.0,0.0,0.9222,0.0,0.0
2025-09-18,260,79,0.0,0.0,0.0,0.8449,0.0,0.0
2025-09-18,260,80,0.0,0.0,0.0,0.7786,0.0,0.0
2025-09-18,260,81,0.0,0.0,0.0,0.8143,0.0,0.0
2025-09-18,260,82,0.0,0.0,0.0,0.8691,0.0,0.0
2025-09-18,260,83,0.0,0.0,0.0,0.89,0.0,0.0
2025-09-18,260,84,0.0,0.0,0.0,0.896,0.0,0.0
2025-09-18,260,85,0.0,0.0,0.0,0.9023,0.0,0.0
2025-09-18,260,86,0.0,0.0,0.0,0.9339,0.0,0.0
2025-09-18,260,87,0.0,0.0,0.0,0.982,0.0,0.0
2025-09-18,260,88,0.0,0.0,0.0,0.8727,0.0,0.0
2025-09-18,260,89,52.73000000000002,52.73000000000002,0.0,0.6739,35.53474700000002,35.53474700000002
2025-09-18,260,90,111.83332583333448,111.83332583333448,0.0,0.6515,72.85941178041742,72.85941178041742
2025-09-18,260,91,163.84458583333344,163.84458583333344,0.0,0.7296,119.54100982400008,119.54100982400008
2025-09-18,260,92,220.18189583333356,220.18189583333356,0.0,0.7873,173.3492065895835,173.3492065895835
2025-09-18,260,93,289.03821083333355,289.03821083333355,0.0,0.7812,225.79665030300018,225.79665030300018
2025-09-18,260,94,365.62365333333355,365.62365333333355,0.0,0.7996,292.3526732053335,292.3526732053335
2025-09-18,260,95,430.4365416666668,430.4365416666668,0.0,0.8491,365.4836675291668,365.4836675291668
2025-09-18,260,96,465.68337500000007,465.68337500000007,0.0,0.8538,397.60046557500004,397.60046557500004
2025-09-18,260,97,515.4303025000002,515.4303025000002,0.0,0.8606,443.57931833150013,443.57931833150013
2025-09-18,260,98,582.4477708333335,582.4477708333335,0.0,0.8882,517.3301100541668,517.3301100541668
2025-09-18,260,99,643.4194375000002,643.4194375000002,0.0,0.9048,582.1659070500002,582.1659070500002
2025-09-18,260,100,701.6341291666669,701.6341291666669,0.0,0.9167,643.1880062070835,643.1880062070835
2025-09-18,260,101,753.2649791666668,753.2649791666668,0.0,0.9352,704.4534085166667,704.4534085166667
2025-09-18,260,102,795.3426383333335,795.3426383333335,0.0,0.9633,766.1535635065002,766.1535635065002
2025-09-18,260,103,856.4551266666667,856.4551266666667,0.0,0.9891,847.119765786,847.119765786
2025-09-18,260,104,941.9314583333335,941.9314583333335,0.0,1.0126,953.7997947083334,953.7997947083334
2025-09-18,260,105,1003.9341266666668,1003.9341266666668,0.0,1.0581,1062.2626994260002,1062.2626994260002
2025-09-18,260,106,897.5886783333333,897.5886783333333,0.0,1.1816,1060.5907823186667,1060.5907823186667
2025-09-18,260,107,738.6149791666667,738.6149791666667,0.0,1.3309,983.0226757729166,983.0226757729166
2025-09-18,260,108,0.0,0.0,0.0,1.3756,0.0,0.0
2025-09-18,260,109,610.9735737150693,610.9735737150693,0.0,1.3378,817.3604469160198,817.3604469160198
2025-09-18,260,110,0.0,0.0,0.0,1.2903,0.0,0.0
2025-09-18,260,111,0.0,0.0,0.0,1.2941,0.0,0.0
2025-09-18,260,112,0.0,0.0,0.0,1.3168,0.0,0.0
2025-09-18,260,113,0.0,0.0,0.0,1.3358,0.0,0.0
2025-09-18,260,114,0.0,0.0,0.0,1.3503,0.0,0.0
2025-09-18,260,115,0.0,0.0,0.0,1.3205,0.0,0.0
2025-09-18,260,116,800.6210833333333,800.6210833333333,0.0,1.2837,1027.757284675,1027.757284675
2025-09-18,260,117,784.2722900000001,784.2722900000001,0.0,1.318,1033.6708782200003,1033.6708782200003
2025-09-18,260,118,0.0,0.0,0.0,1.3195,0.0,0.0
2025-09-18,260,119,0.0,0.0,0.0,1.2819,0.0,0.0
2025-09-18,260,120,0.0,0.0,0.0,1.3048,0.0,0.0
2025-09-18,260,121,816.8869916666669,816.8869916666669,0.0,1.342,1096.262342816667,1096.262342816667
2025-09-18,260,122,816.5390000000001,816.5390000000001,0.0,1.3804,1127.1504356000003,1127.1504356000003
2025-09-18,260,123,0.0,0.0,0.0,1.4221,0.0,0.0
2025-09-18,260,124,814.45276,814.45276,0.0,1.2608,1026.862039808,1026.862039808
2025-09-18,260,125,806.0243333333334,806.0243333333334,0.0,0.9993,805.4601163000001,805.4601163000001
2025-09-18,260,126,829.493965,829.493965,0.0,0.9703,804.8579942395,804.8579942395
2025-09-18,260,127,831.3081016666667,831.3081016666667,0.0,0.9886,821.8311893076668,821.8311893076668
2025-09-18,260,128,820.6738333333334,820.6738333333334,0.0,1.0017,822.0689788500001,822.0689788500001
2025-09-18,260,129,839.6258408333334,839.6258408333334,0.0,1.0896,914.856316172,914.856316172
2025-09-18,260,130,751.7094616666666,751.7094616666666,0.0,0.8282,622.5657761523333,622.5657761523333
2025-09-18,260,131,614.8700833333335,614.8700833333335,0.0,0.3975,244.41085812500006,244.41085812500006
2025-09-18,260,132,621.6352591666667,621.6352591666667,0.0,0.4376,272.02758941133334,272.02758941133334
2025-09-18,260,133,633.0835733333333,633.0835733333333,0.0,0.5226,330.849475424,330.849475424
2025-09-18,260,134,1359.7445433064436,1359.7445433064436,0.0,0.4401,598.4235735091657,598.4235735091657
2025-09-18,260,135,626.6692066666667,626.6692066666667,0.0,0.4079,255.61836939933335,255.61836939933335
2025-09-18,260,136,641.3834658333334,641.3834658333334,0.0,0.4106,263.3520510711667,263.3520510711667
2025-09-18,260,137,1454.0115,1454.0115,0.0,0.4228,614.7560622000001,614.7560622000001
2025-09-18,260,138,1443.2391158333332,1443.2391158333332,0.0,0.4565,658.8386563779167,658.8386563779167
2025-09-18,260,139,1449.9307625000001,1449.9307625000001,0.0,0.4652,674.507790715,674.507790715
2025-09-18,260,140,0.0,0.0,0.0,0.4532,0.0,0.0
2025-09-18,260,141,1452.4676233333332,1452.4676233333332,0.0,0.4619,670.8947952176666,670.8947952176666
2025-09-18,260,142,1420.2566466666667,1420.2566466666667,0.0,0.4224,599.916407552,599.916407552
2025-09-18,260,143,1369.7823333333333,1369.7823333333333,0.0,0.355,486.2727283333333,486.2727283333333
2025-09-19,261,0,519.7944341666666,519.7944341666666,0.0,0.359,186.60620186583333,186.60620186583333
2025-09-19,261,1,509.01187500000003,509.01187500000003,0.0,0.3809,193.88262318750003,193.88262318750003
2025-09-19,261,2,0.0,0.0,0.0,0.3706,0.0,0.0
2025-09-19,261,3,0.0,0.0,0.0,0.3335,0.0,0.0
2025-09-19,261,4,522.5541091666666,522.5541091666666,0.0,0.3249,169.77783006825,169.77783006825
2025-09-19,261,5,1345.29125,1345.29125,0.0,0.3648,490.762248,490.762248
2025-09-19,261,6,507.26716500000003,507.26716500000003,0.0,0.4122,209.09552541300002,209.09552541300002
2025-09-19,261,7,0.0,0.0,0.0,0.3796,0.0,0.0
2025-09-19,261,8,0.0,0.0,0.0,0.3096,0.0,0.0
2025-09-19,261,9,507.7719025,507.7719025,0.0,0.3343,169.74814700574998,169.74814700574998
2025-09-19,261,10,1337.4305716666668,1337.4305716666668,0.0,0.3815,510.2297630908334,510.2297630908334
2025-09-19,261,11,499.554,499.554,0.0,0.3621,180.8885034,180.8885034
2025-09-19,261,12,521.5114266666667,521.5114266666667,0.0,0.2652,138.304830352,138.304830352
2025-09-19,261,13,525.11103,525.11103,0.0,0.2464,129.38735779200002,129.38735779200002
2025-09-19,261,14,0.0,0.0,0.0,0.3172,0.0,0.0
2025-09-19,261,15,0.0,0.0,0.0,0.3434,0.0,0.0
2025-09-19,261,16,0.0,0.0,0.0,0.3462,0.0,0.0
2025-09-19,261,17,0.0,0.0,0.0,0.3409,0.0,0.0
2025-09-19,261,18,508.3109666666667,508.3109666666667,0.0,0.3124,158.79634598666667,158.79634598666667
2025-09-19,261,19,1345.58269,1345.58269,0.0,0.3086,415.24681813399997,415.24681813399997
2025-09-19,261,20,1355.3873333333331,1355.3873333333331,0.0,0.3381,458.25645739999993,458.25645739999993
2025-09-19,261,21,1348.1094566666666,1348.1094566666666,0.0,0.362,488.01562331333326,488.01562331333326
2025-09-19,261,22,1361.0805566666668,1361.0805566666668,0.0,0.3752,510.67742486133335,510.67742486133335
2025-09-19,261,23,550.7308333333333,550.7308333333333,0.0,0.3702,203.88055449999996,203.88055449999996
2025-09-19,261,24,293.4067191677954,293.4067191677954,0.0,0.3427,100.55048265880349,100.55048265880349
2025-09-19,261,25,0.0,0.0,0.0,0.3422,0.0,0.0
2025-09-19,261,26,0.0,0.0,0.0,0.3659,0.0,0.0
2025-09-19,261,27,519.7953725,519.7953725,0.0,0.3626,188.47780206849998,188.47780206849998
2025-09-19,261,28,521.2514316666667,521.2514316666667,0.0,0.351,182.959252515,182.959252515
2025-09-19,261,29,0.0,0.0,0.0,0.3379,0.0,0.0
2025-09-19,261,30,1358.4476441666666,1358.4476441666666,0.0,0.3186,432.80141943149994,432.80141943149994
2025-09-19,261,31,1367.7739474330426,1367.7739474330426,0.0,0.357,488.2952992335962,488.2952992335962
2025-09-19,261,32,0.0,0.0,0.0,0.3865,0.0,0.0
2025-09-19,261,33,1334.2992041666666,1334.2992041666666,0.0,0.3106,414.43333281416665,414.43333281416665
2025-09-19,261,34,0.0,0.0,0.0,0.4789,0.0,0.0
2025-09-19,261,35,0.0,0.0,0.0,0.8029,0.0,0.0
2025-09-19,261,36,0.0,0.0,0.0,0.8155,0.0,0.0
2025-09-19,261,37,0.0,0.0,0.0,0.733,0.0,0.0
2025-09-19,261,38,0.0,0.0,0.0,0.71,0.0,0.0
2025-09-19,261,39,0.0,0.0,0.0,0.684,0.0,0.0
2025-09-19,261,40,0.0,0.0,0.0,0.6756,0.0,0.0
2025-09-19,261,41,0.0,0.0,0.0,0.672,0.0,0.0
2025-09-19,261,42,0.0,0.0,0.0,0.6292,0.0,0.0
2025-09-19,261,43,0.0,0.0,0.0,0.6024,0.0,0.0
2025-09-19,261,44,0.0,0.0,0.0,0.5957,0.0,0.0
2025-09-19,261,45,0.0,0.0,0.0,0.584,0.0,0.0
2025-09-19,261,46,0.0,0.0,0.0,0.7187,0.0,0.0
2025-09-19,261,47,0.0,0.0,0.0,0.9171,0.0,0.0
2025-09-19,261,48,0.0,0.0,0.0,0.9124,0.0,0.0
2025-09-19,261,49,0.0,0.0,0.0,0.8138,0.0,0.0
2025-09-19,261,50,0.0,0.0,0.0,0.7498,0.0,0.0
2025-09-19,261,51,0.0,0.0,0.0,0.7472,0.0,0.0
2025-09-19,261,52,0.0,0.0,0.0,0.7415,0.0,0.0
2025-09-19,261,53,0.0,0.0,0.0,0.7198,0.0,0.0
2025-09-19,261,54,0.0,0.0,0.0,0.7245,0.0,0.0
2025-09-19,261,55,0.0,0.0,0.0,0.7266,0.0,0.0
2025-09-19,261,56,0.0,0.0,0.0,0.7131,0.0,0.0
2025-09-19,261,57,0.0,0.0,0.0,0.701,0.0,0.0
2025-09-19,261,58,0.0,0.0,0.0,0.6866,0.0,0.0
2025-09-19,261,59,0.0,0.0,0.0,0.6713,0.0,0.0
2025-09-19,261,60,0.0,0.0,0.0,0.6642,0.0,0.0
2025-09-19,261,61,0.0,0.0,0.0,0.662,0.0,0.0
2025-09-19,261,62,0.0,0.0,0.0,0.6617,0.0,0.0
2025-09-19,261,63,0.0,0.0,0.0,0.6399,0.0,0.0
2025-09-19,261,64,0.0,0.0,0.0,0.4892,0.0,0.0
2025-09-19,261,65,0.0,0.0,0.0,0.2941,0.0,0.0
2025-09-19,261,66,0.0,0.0,0.0,0.2636,0.0,0.0
2025-09-19,261,67,0.0,0.0,0.0,0.2612,0.0,0.0
2025-09-19,261,68,0.0,0.0,0.0,0.2432,0.0,0.0
2025-09-19,261,69,0.0,0.0,0.0,0.291,0.0,0.0
2025-09-19,261,70,0.0,0.0,0.0,0.2689,0.0,0.0
2025-09-19,261,71,0.0,0.0,0.0,0.2031,0.0,0.0
2025-09-19,261,72,0.0,0.0,0.0,0.2558,0.0,0.0
2025-09-19,261,73,0.0,0.0,0.0,0.2727,0.0,0.0
2025-09-19,261,74,0.0,0.0,0.0,0.2096,0.0,0.0
2025-09-19,261,75,0.0,0.0,0.0,0.2021,0.0,0.0
2025-09-19,261,76,0.0,0.0,0.0,0.3327,0.0,0.0
2025-09-19,261,77,0.0,0.0,0.0,0.5028,0.0,0.0
2025-09-19,261,78,0.0,0.0,0.0,0.5273,0.0,0.0
2025-09-19,261,79,0.0,0.0,0.0,0.531,0.0,0.0
2025-09-19,261,80,0.0,0.0,0.0,0.5681,0.0,0.0
2025-09-19,261,81,0.0,0.0,0.0,0.5756,0.0,0.0
2025-09-19,261,82,0.0,0.0,0.0,0.616,0.0,0.0
2025-09-19,261,83,0.0,0.0,0.0,0.6608,0.0,0.0
2025-09-19,261,84,0.0,0.0,0.0,0.6184,0.0,0.0
2025-09-19,261,85,0.0,0.0,0.0,0.6319,0.0,0.0
2025-09-19,261,86,0.0,0.0,0.0,0.7337,0.0,0.0
2025-09-19,261,87,0.0,0.0,0.0,0.7815,0.0,0.0
2025-09-19,261,88,0.0,0.0,0.0,0.629,0.0,0.0
2025-09-19,261,89,0.0,0.0,0.0,0.4159,0.0,0.0
2025-09-19,261,90,0.0,0.0,0.0,0.4414,0.0,0.0
2025-09-19,261,91,0.0,0.0,0.0,0.5095,0.0,0.0
2025-09-19,261,92,0.0,0.0,0.0,0.5057,0.0,0.0
2025-09-19,261,93,52.25308916666677,52.25308916666677,0.0,0.5111,26.706553873083386,26.706553873083386
2025-09-19,261,94,108.46315416666664,108.46315416666664,0.0,0.5549,60.18620424708331,60.18620424708331
2025-09-19,261,95,167.66441666666685,167.66441666666685,0.0,0.6032,101.13517613333345,101.13517613333345
2025-09-19,261,96,216.47983250000004,216.47983250000004,0.0,0.6062,131.2300744615,131.2300744615
2025-09-19,261,97,278.41536166666685,278.41536166666685,0.0,0.6394,178.01878224966677,178.01878224966677
2025-09-19,261,98,341.58989583333346,341.58989583333346,0.0,0.6911,236.07277701041676,236.07277701041676
2025-09-19,261,99,0.0,0.0,0.0,0.6771,0.0,0.0
2025-09-19,261,100,425.4744225,425.4744225,0.0,0.6905,293.79008873625,293.79008873625
2025-09-19,261,101,886.4313217592594,886.4313217592594,0.0,0.7362,652.5907390791667,652.5907390791667
2025-09-19,261,102,486.69447333333346,486.69447333333346,0.0,0.7237,352.22079035133345,352.22079035133345
2025-09-19,261,103,536.2494883333335,536.2494883333335,0.0,0.7134,382.5603849770001,382.5603849770001
2025-09-19,261,104,595.68275,595.68275,0.0,0.7084,421.98166010000006,421.98166010000006
2025-09-19,261,105,659.4445725000002,659.4445725000002,0.0,0.682,449.7411984450001,449.7411984450001
2025-09-19,261,106,662.3702375000003,662.3702375000003,0.0,0.856,566.9889233000002,566.9889233000002
2025-09-19,261,107,0.0,0.0,0.0,1.1661,0.0,0.0
2025-09-19,261,108,0.0,0.0,0.0,1.2857,0.0,0.0
2025-09-19,261,109,0.0,0.0,0.0,1.2337,0.0,0.0
2025-09-19,261,110,0.0,0.0,0.0,1.1472,0.0,0.0
2025-09-19,261,111,0.0,0.0,0.0,1.1409,0.0,0.0
2025-09-19,261,112,641.1523708333334,641.1523708333334,0.0,1.1342,727.1950189991668,727.1950189991668
2025-09-19,261,113,667.3568333333335,667.3568333333335,0.0,1.1152,744.2363405333335,744.2363405333335
2025-09-19,261,114,0.0,0.0,0.0,1.1506,0.0,0.0
2025-09-19,261,115,0.0,0.0,0.0,1.1561,0.0,0.0
2025-09-19,261,116,0.0,0.0,0.0,1.1249,0.0,0.0
2025-09-19,261,117,0.0,0.0,0.0,1.1396,0.0,0.0
2025-09-19,261,118,0.0,0.0,0.0,1.1746,0.0,0.0
2025-09-19,261,119,646.188,646.188,0.0,1.1873,767.2190124,767.2190124
2025-09-19,261,120,215.61319788173512,215.61319788173512,0.0,1.1573,249.52915390853204,249.52915390853204
2025-09-19,261,121,0.0,0.0,0.0,1.1084,0.0,0.0
2025-09-19,261,122,0.0,0.0,0.0,1.1019,0.0,0.0
2025-09-19,261,123,0.0,0.0,0.0,1.1598,0.0,0.0
2025-09-19,261,124,687.4870408333333,687.4870408333333,0.0,1.0544,724.8863358546666,724.8863358546666
2025-09-19,261,125,1498.4981666666665,1498.4981666666665,0.0,0.835,1251.2459691666666,1251.2459691666666
2025-09-19,261,126,698.8430891666667,698.8430891666667,0.0,0.7981,557.7466694639168,557.7466694639168
2025-09-19,261,127,0.0,0.0,0.0,0.8743,0.0,0.0
2025-09-19,261,128,676.8923333333335,676.8923333333335,0.0,0.9407,636.7526179666668,636.7526179666668
2025-09-19,261,129,662.2235791666669,662.2235791666669,0.0,0.9069,600.5705639462502,600.5705639462502
2025-09-19,261,130,648.7497925,648.7497925,0.0,0.6553,425.12573902525,425.12573902525
2025-09-19,261,131,1360.649,1360.649,0.0,0.3383,460.30755669999996,460.30755669999996
2025-09-19,261,132,1383.49423,1383.49423,0.0,0.2773,383.642949979,383.642949979
2025-09-19,261,133,576.4805350000001,576.4805350000001,0.0,0.3611,208.16712118850003,208.16712118850003
2025-09-19,261,134,1210.5426275657032,1210.5426275657032,0.0,0.4259,515.570105080233,515.570105080233
2025-09-19,261,135,528.8534125,528.8534125,0.0,0.4041,213.70966399125,213.70966399125
2025-09-19,261,136,523.4543583333334,523.4543583333334,0.0,0.3736,195.56254827333336,195.56254827333336
2025-09-19,261,137,1361.0729999999999,1361.0729999999999,0.0,0.3684,501.41929319999997,501.41929319999997
2025-09-19,261,138,545.2718591666668,545.2718591666668,0.0,0.3565,194.3894177929167,194.3894177929167
2025-09-19,261,139,0.0,0.0,0.0,0.3585,0.0,0.0
2025-09-19,261,140,533.5801666666667,533.5801666666667,0.0,0.3504,186.96649040000003,186.96649040000003
2025-09-19,261,141,1369.0418833333333,1369.0418833333333,0.0,0.2912,398.6649964266667,398.6649964266667
2025-09-19,261,142,1334.84531,1334.84531,0.0,0.3014,402.322376434,402.322376434
2025-09-19,261,143,1348.7221666666665,1348.7221666666665,0.0,0.3762,507.3892790999999,507.3892790999999
2025-09-20,262,0,0.0,0.0,0.0,0.3845,0.0,0.0
2025-09-20,262,1,0.0,0.0,0.0,0.3531,0.0,0.0
2025-09-20,262,2,459.9125,459.9125,0.0,0.3263,150.06944875,150.06944875
2025-09-20,262,3,1279.6157475,1279.6157475,0.0,0.3234,413.82773274150003,413.82773274150003
2025-09-20,262,4,448.9140933333334,448.9140933333334,0.0,0.3552,159.45428595200005,159.45428595200005
2025-09-20,262,5,466.3015833333334,466.3015833333334,0.0,0.3794,176.9148207166667,176.9148207166667
2025-09-20,262,6,1294.8390158333332,1294.8390158333332,0.0,0.3378,437.3966195484999,437.3966195484999
2025-09-20,262,7,455.10339250000004,455.10339250000004,0.0,0.3104,141.264093032,141.264093032
2025-09-20,262,8,0.0,0.0,0.0,0.323,0.0,0.0
2025-09-20,262,9,1301.3869366666668,1301.3869366666668,0.0,0.3273,425.943944371,425.943944371
2025-09-20,262,10,1309.0360725,1309.0360725,0.0,0.3367,440.75244561075,440.75244561075
2025-09-20,262,11,470.1954166666667,470.1954166666667,0.0,0.3359,157.93864045833334,157.93864045833334
2025-09-20,262,12,449.51945500000005,449.51945500000005,0.0,0.2915,131.03492113250002,131.03492113250002
2025-09-20,262,13,445.38867666666664,445.38867666666664,0.0,0.2741,122.08103627433333,122.08103627433333
2025-09-20,262,14,0.0025714600342479025,0.0025714600342479025,0.0,0.3015,0.0007752952003257426,0.0007752952003257426
2025-09-20,262,15,451.29437333333334,451.29437333333334,0.0,0.3197,144.27881115466667,144.27881115466667
2025-09-20,262,16,455.05971666666665,455.05971666666665,0.0,0.3098,140.97750022333332,140.97750022333332
2025-09-20,262,17,0.0,0.0,0.0,0.3208,0.0,0.0
2025-09-20,262,18,0.0,0.0,0.0,0.4049,0.0,0.0
2025-09-20,262,19,456.3168141666667,456.3168141666667,0.0,0.4043,184.48888796758334,184.48888796758334
2025-09-20,262,20,448.3092500000001,448.3092500000001,0.0,0.3241,145.29702792500004,145.29702792500004
2025-09-20,262,21,453.3810866666667,453.3810866666667,0.0,0.3257,147.66621992733334,147.66621992733334
2025-09-20,262,22,743.4721522935215,743.4721522935215,0.0,0.3349,248.98882380310033,248.98882380310033
2025-09-20,262,23,456.22150000000005,456.22150000000005,0.0,0.3329,151.87613735,151.87613735
2025-09-20,262,24,0.0,0.0,0.0,0.374,0.0,0.0
2025-09-20,262,25,0.0,0.0,0.0,0.3463,0.0,0.0
2025-09-20,262,26,0.0,0.0,0.0,0.272,0.0,0.0
2025-09-20,262,27,0.0,0.0,0.0,0.2936,0.0,0.0
2025-09-20,262,28,0.0,0.0,0.0,0.3315,0.0,0.0
2025-09-20,262,29,0.0,0.0,0.0,0.3338,0.0,0.0
2025-09-20,262,30,0.0,0.0,0.0,0.3312,0.0,0.0
2025-09-20,262,31,468.27742916666676,468.27742916666676,0.0,0.3411,159.72943108875003,159.72943108875003
2025-09-20,262,32,1315.8005833333332,1315.8005833333332,0.0,0.3216,423.1614675999999,423.1614675999999
2025-09-20,262,33,1306.001595,1306.001595,0.0,0.2605,340.2134154975,340.2134154975
2025-09-20,262,34,0.0,0.0,0.0,0.4634,0.0,0.0
2025-09-20,262,35,0.0,0.0,0.0,0.7959,0.0,0.0
2025-09-20,262,36,0.0,0.0,0.0,0.7909,0.0,0.0
2025-09-20,262,37,0.0,0.0,0.0,0.7201,0.0,0.0
2025-09-20,262,38,0.0,0.0,0.0,0.7232,0.0,0.0
2025-09-20,262,39,0.0,0.0,0.0,0.6748,0.0,0.0
2025-09-20,262,40,0.0,0.0,0.0,0.6724,0.0,0.0
2025-09-20,262,41,0.0,0.0,0.0,0.7136,0.0,0.0
2025-09-20,262,42,0.0,0.0,0.0,0.6806,0.0,0.0
2025-09-20,262,43,0.0,0.0,0.0,0.63,0.0,0.0
2025-09-20,262,44,0.0,0.0,0.0,0.5929,0.0,0.0
2025-09-20,262,45,0.0,0.0,0.0,0.5649,0.0,0.0
2025-09-20,262,46,0.0,0.0,0.0,0.6736,0.0,0.0
2025-09-20,262,47,0.0,0.0,0.0,0.8518,0.0,0.0
2025-09-20,262,48,0.0,0.0,0.0,0.8873,0.0,0.0
2025-09-20,262,49,0.0,0.0,0.0,0.8931,0.0,0.0
2025-09-20,262,50,0.0,0.0,0.0,0.8907,0.0,0.0
2025-09-20,262,51,0.0,0.0,0.0,0.7954,0.0,0.0
2025-09-20,262,52,0.0,0.0,0.0,0.7897,0.0,0.0
2025-09-20,262,53,0.0,0.0,0.0,0.8523,0.0,0.0
2025-09-20,262,54,0.0,0.0,0.0,0.7823,0.0,0.0
2025-09-20,262,55,0.0,0.0,0.0,0.7373,0.0,0.0
2025-09-20,262,56,0.0,0.0,0.0,0.7505,0.0,0.0
2025-09-20,262,57,0.0,0.0,0.0,0.6936,0.0,0.0
2025-09-20,262,58,0.0,0.0,0.0,0.6541,0.0,0.0
2025-09-20,262,59,0.0,0.0,0.0,0.6459,0.0,0.0
2025-09-20,262,60,0.0,0.0,0.0,0.5939,0.0,0.0
2025-09-20,262,61,0.0,0.0,0.0,0.5831,0.0,0.0
2025-09-20,262,62,0.0,0.0,0.0,0.6366,0.0,0.0
2025-09-20,262,63,0.0,0.0,0.0,0.6512,0.0,0.0
2025-09-20,262,64,0.0,0.0,0.0,0.448,0.0,0.0
2025-09-20,262,65,0.0,0.0,0.0,0.1829,0.0,0.0
2025-09-20,262,66,0.0,0.0,0.0,0.2008,0.0,0.0
2025-09-20,262,67,0.0,0.0,0.0,0.207,0.0,0.0
2025-09-20,262,68,0.0,0.0,0.0,0.1428,0.0,0.0
2025-09-20,262,69,0.0,0.0,0.0,0.2322,0.0,0.0
2025-09-20,262,70,0.0,0.0,0.0,0.2481,0.0,0.0
2025-09-20,262,71,0.0,0.0,0.0,0.1684,0.0,0.0
2025-09-20,262,72,0.0,0.0,0.0,0.2064,0.0,0.0
2025-09-20,262,73,0.0,0.0,0.0,0.2328,0.0,0.0
2025-09-20,262,74,0.0,0.0,0.0,0.1665,0.0,0.0
2025-09-20,262,75,0.0,0.0,0.0,0.0958,0.0,0.0
2025-09-20,262,76,0.0,0.0,0.0,0.2254,0.0,0.0
2025-09-20,262,77,0.0,0.0,0.0,0.4829,0.0,0.0
2025-09-20,262,78,0.0,0.0,0.0,0.5833,0.0,0.0
2025-09-20,262,79,0.0,0.0,0.0,0.6052,0.0,0.0
2025-09-20,262,80,0.0,0.0,0.0,0.6226,0.0,0.0
2025-09-20,262,81,0.0,0.0,0.0,0.6227,0.0,0.0
2025-09-20,262,82,0.0,0.0,0.0,0.6371,0.0,0.0
2025-09-20,262,83,0.0,0.0,0.0,0.6686,0.0,0.0
2025-09-20,262,84,0.0,0.0,0.0,0.685,0.0,0.0
2025-09-20,262,85,0.0,0.0,0.0,0.6807,0.0,0.0
2025-09-20,262,86,0.0,0.0,0.0,0.6819,0.0,0.0
2025-09-20,262,87,0.0,0.0,0.0,0.7028,0.0,0.0
2025-09-20,262,88,0.0,0.0,0.0,0.6196,0.0,0.0
2025-09-20,262,89,0.0,0.0,0.0,0.4655,0.0,0.0
2025-09-20,262,90,0.0,0.0,0.0,0.4182,0.0,0.0
2025-09-20,262,91,0.0,0.0,0.0,0.466,0.0,0.0
2025-09-20,262,92,0.0,0.0,0.0,0.5269,0.0,0.0
2025-09-20,262,93,0.0,0.0,0.0,0.5376,0.0,0.0
2025-09-20,262,94,0.0,0.0,0.0,0.5832,0.0,0.0
2025-09-20,262,95,61.06677083333352,61.06677083333352,0.0,0.6376,38.93617308333345,38.93617308333345
2025-09-20,262,96,115.81299583333328,115.81299583333328,0.0,0.5913,68.48022443624997,68.48022443624997
2025-09-20,262,97,153.34130500000003,153.34130500000003,0.0,0.5904,90.53270647200003,90.53270647200003
2025-09-20,262,98,191.87974999999994,191.87974999999994,0.0,0.6839,131.22656102499997,131.22656102499997
2025-09-20,262,99,248.6937241666667,248.6937241666667,0.0,0.7608,189.20618534600004,189.20618534600004
2025-09-20,262,100,279.98886000000016,279.98886000000016,0.0,0.7281,203.8598889660001,203.8598889660001
2025-09-20,262,101,287.8590833333335,287.8590833333335,0.0,0.6616,190.44756953333342,190.44756953333342
2025-09-20,262,102,0.0,0.0,0.0,0.7226,0.0,0.0
2025-09-20,262,103,0.0,0.0,0.0,0.7711,0.0,0.0
2025-09-20,262,104,404.6494166666667,404.6494166666667,0.0,0.7399,299.4001033916667,299.4001033916667
2025-09-20,262,105,1251.452124537038,1251.452124537038,0.0,0.7302,913.810341336945,913.810341336945
2025-09-20,262,106,516.4635316666668,516.4635316666668,0.0,0.9075,468.69065498750007,468.69065498750007
2025-09-20,262,107,0.0,0.0,0.0,1.166,0.0,0.0
2025-09-20,262,108,0.0,0.0,0.0,1.2154,0.0,0.0
2025-09-20,262,109,427.0926078817328,427.0926078817328,0.0,1.1603,495.55555292517465,495.55555292517465
2025-09-20,262,110,0.0,0.0,0.0,1.1062,0.0,0.0
2025-09-20,262,111,0.0,0.0,0.0,1.074,0.0,0.0
2025-09-20,262,112,0.0,0.0,0.0,1.1427,0.0,0.0
2025-09-20,262,113,0.0,0.0,0.0,1.2342,0.0,0.0
2025-09-20,262,114,0.0,0.0,0.0,1.1802,0.0,0.0
2025-09-20,262,115,0.0,0.0,0.0,1.1331,0.0,0.0
2025-09-20,262,116,0.0,0.0,0.0,1.1509,0.0,0.0
2025-09-20,262,117,0.0,0.0,0.0,1.144,0.0,0.0
2025-09-20,262,118,0.0,0.0,0.0,1.1388,0.0,0.0
2025-09-20,262,119,0.0,0.0,0.0,1.1546,0.0,0.0
2025-09-20,262,120,0.0,0.0,0.0,1.1705,0.0,0.0
2025-09-20,262,121,0.0,0.0,0.0,1.1573,0.0,0.0
2025-09-20,262,122,0.0,0.0,0.0,1.1634,0.0,0.0
2025-09-20,262,123,0.0,0.0,0.0,1.2367,0.0,0.0
2025-09-20,262,124,575.3755491666667,575.3755491666667,0.0,1.1237,646.5495045985833,646.5495045985833
2025-09-20,262,125,589.3764166666667,589.3764166666667,0.0,0.8573,505.27240200833336,505.27240200833336
2025-09-20,262,126,589.259405,589.259405,0.0,0.7473,440.3535533565,440.3535533565
2025-09-20,262,127,585.1944783333333,585.1944783333333,0.0,0.7623,446.0937508335,446.0937508335
2025-09-20,262,128,591.6726666666667,591.6726666666667,0.0,0.8144,481.8582197333334,481.8582197333334
2025-09-20,262,129,601.42385,601.42385,0.0,0.8237,495.392825245,495.392825245
2025-09-20,262,130,562.2452816666668,562.2452816666668,0.0,0.625,351.40330104166674,351.40330104166674
2025-09-20,262,131,491.1075000000001,491.1075000000001,0.0,0.3558,174.73604850000004,174.73604850000004
2025-09-20,262,132,475.87419,475.87419,0.0,0.3436,163.510371684,163.510371684
2025-09-20,262,133,1308.5451158333333,1308.5451158333333,0.0,0.3837,502.08876094525,502.08876094525
2025-09-20,262,134,1314.7395,1314.7395,0.0,0.3482,457.7922939,457.7922939
2025-09-20,262,135,503.53864583333336,503.53864583333336,0.0,0.3132,157.70830387499998,157.70830387499998
2025-09-20,262,136,502.74766666666676,502.74766666666676,0.0,0.3196,160.6781542666667,160.6781542666667
2025-09-20,262,137,1311.11125,1311.11125,0.0,0.3538,463.87116025,463.87116025
2025-09-20,262,138,1299.7773966666666,1299.7773966666666,0.0,0.367,477.01830457666665,477.01830457666665
2025-09-20,262,139,1198.0286379360737,1198.0286379360737,0.0,0.3456,414.0386972707071,414.0386972707071
2025-09-20,262,140,1290.9464166666667,1290.9464166666667,0.0,0.3152,406.9063105333333,406.9063105333333
2025-09-20,262,141,1276.076965,1276.076965,0.0,0.3242,413.704152053,413.704152053
2025-09-20,262,142,473.70457250000004,473.70457250000004,0.0,0.3891,184.31844915975,184.31844915975
2025-09-20,262,143,0.0,0.0,0.0,0.4536,0.0,0.0
2025-09-21,263,0,582.6049891666667,582.6049891666667,0.0,0.4351,253.49143078641666,253.49143078641666
2025-09-21,263,1,562.5826291666667,562.5826291666667,0.0,0.3996,224.80801861500004,224.80801861500004
2025-09-21,263,2,1358.3845833333335,1358.3845833333335,0.0,0.4124,560.1978021666667,560.1978021666667
2025-09-21,263,3,537.8511633333334,537.8511633333334,0.0,0.47,252.79004676666668,252.79004676666668
2025-09-21,263,4,0.0,0.0,0.0,0.4552,0.0,0.0
2025-09-21,263,5,542.4514166666668,542.4514166666668,0.0,0.3859,209.33200169166673,209.33200169166673
2025-09-21,263,6,543.7059575000001,543.7059575000001,0.0,0.3982,216.50371227650004,216.50371227650004
2025-09-21,263,7,535.2435525,535.2435525,0.0,0.4487,240.16378200674998,240.16378200674998
2025-09-21,263,8,1359.0888333333332,1359.0888333333332,0.0,0.4758,646.6544669,646.6544669
2025-09-21,263,9,363.22340854287444,363.22340854287444,0.0,0.4639,168.49933922303944,168.49933922303944
2025-09-21,263,10,0.0,0.0,0.0,0.465,0.0,0.0
2025-09-21,263,11,546.14725,546.14725,0.0,0.4768,260.4030088,260.4030088
2025-09-21,263,12,545.3318533333334,545.3318533333334,0.0,0.4493,245.01760170266667,245.01760170266667
2025-09-21,263,13,547.0420283333334,547.0420283333334,0.0,0.4221,230.90644015950002,230.90644015950002
2025-09-21,263,14,1375.6401666666666,1375.6401666666666,0.0,0.4292,590.4247595333334,590.4247595333334
2025-09-21,263,15,1366.7934258333335,1366.7934258333335,0.0,0.4607,629.6817312814168,629.6817312814168
2025-09-21,263,16,1360.829645,1360.829645,0.0,0.4504,612.917672108,612.917672108
2025-09-21,263,17,536.1577500000001,536.1577500000001,0.0,0.4181,224.16755527500004,224.16755527500004
2025-09-21,263,18,0.0,0.0,0.0,0.4478,0.0,0.0
2025-09-21,263,19,0.0,0.0,0.0,0.4822,0.0,0.0
2025-09-21,263,20,557.3590833333334,557.3590833333334,0.0,0.4809,268.033983175,268.033983175
2025-09-21,263,21,0.0,0.0,0.0,0.4588,0.0,0.0
2025-09-21,263,22,556.1456308333334,556.1456308333334,0.0,0.4437,246.76181640075,246.76181640075
2025-09-21,263,23,1382.1655,1382.1655,0.0,0.4407,609.12033585,609.12033585
2025-09-21,263,24,573.0221441666666,573.0221441666666,0.0,0.4379,250.92639693058334,250.92639693058334
2025-09-21,263,25,572.161015,572.161015,0.0,0.4537,259.5894525055,259.5894525055
2025-09-21,263,26,544.7876666666667,544.7876666666667,0.0,0.4603,250.7657629666667,250.7657629666667
2025-09-21,263,27,0.0,0.0,0.0,0.4123,0.0,0.0
2025-09-21,263,28,557.3611525,557.3611525,0.0,0.4047,225.56405841675002,225.56405841675002
2025-09-21,263,29,1392.436114794065,1392.436114794065,0.0,0.4478,623.5328922047822,623.5328922047822
2025-09-21,263,30,544.9757475000001,544.9757475000001,0.0,0.455,247.96396511250006,247.96396511250006
2025-09-21,263,31,0.0,0.0,0.0,0.4346,0.0,0.0
2025-09-21,263,32,561.394,561.394,0.0,0.4108,230.6206552,230.6206552
2025-09-21,263,33,1365.1936016666666,1365.1936016666666,0.0,0.4309,588.2619229581667,588.2619229581667
2025-09-21,263,34,0.0,0.0,0.0,0.6556,0.0,0.0
2025-09-21,263,35,0.0,0.0,0.0,0.9505,0.0,0.0
2025-09-21,263,36,0.0,0.0,0.0,0.9861,0.0,0.0
2025-09-21,263,37,0.0,0.0,0.0,0.9358,0.0,0.0
2025-09-21,263,38,0.0,0.0,0.0,0.9233,0.0,0.0
2025-09-21,263,39,0.0,0.0,0.0,0.9085,0.0,0.0
2025-09-21,263,40,0.0,0.0,0.0,0.9074,0.0,0.0
2025-09-21,263,41,0.0,0.0,0.0,0.8905,0.0,0.0
2025-09-21,263,42,0.0,0.0,0.0,0.8082,0.0,0.0
2025-09-21,263,43,0.0,0.0,0.0,0.769,0.0,0.0
2025-09-21,263,44,0.0,0.0,0.0,0.7319,0.0,0.0
2025-09-21,263,45,0.0,0.0,0.0,0.6037,0.0,0.0
2025-09-21,263,46,0.0,0.0,0.0,0.8052,0.0,0.0
2025-09-21,263,47,0.0,0.0,0.0,1.2037,0.0,0.0
2025-09-21,263,48,0.0,0.0,0.0,1.2065,0.0,0.0
2025-09-21,263,49,0.0,0.0,0.0,1.1058,0.0,0.0
2025-09-21,263,50,0.0,0.0,0.0,1.0835,0.0,0.0
2025-09-21,263,51,0.0,0.0,0.0,1.0276,0.0,0.0
2025-09-21,263,52,0.0,0.0,0.0,1.0008,0.0,0.0
2025-09-21,263,53,0.0,0.0,0.0,1.0048,0.0,0.0
2025-09-21,263,54,0.0,0.0,0.0,0.9729,0.0,0.0
2025-09-21,263,55,0.0,0.0,0.0,0.9922,0.0,0.0
2025-09-21,263,56,0.0,0.0,0.0,1.0161,0.0,0.0
2025-09-21,263,57,0.0,0.0,0.0,0.9092,0.0,0.0
2025-09-21,263,58,0.0,0.0,0.0,0.864,0.0,0.0
2025-09-21,263,59,0.0,0.0,0.0,0.9205,0.0,0.0
2025-09-21,263,60,0.0,0.0,0.0,0.9245,0.0,0.0
2025-09-21,263,61,0.0,0.0,0.0,0.8935,0.0,0.0
2025-09-21,263,62,0.0,0.0,0.0,0.864,0.0,0.0
2025-09-21,263,63,0.0,0.0,0.0,0.8286,0.0,0.0
2025-09-21,263,64,0.0,0.0,0.0,0.7119,0.0,0.0
2025-09-21,263,65,0.0,0.0,0.0,0.5586,0.0,0.0
2025-09-21,263,66,0.0,0.0,0.0,0.5028,0.0,0.0
2025-09-21,263,67,0.0,0.0,0.0,0.4935,0.0,0.0
2025-09-21,263,68,0.0,0.0,0.0,0.4922,0.0,0.0
2025-09-21,263,69,0.0,0.0,0.0,0.5092,0.0,0.0
2025-09-21,263,70,0.0,0.0,0.0,0.5101,0.0,0.0
2025-09-21,263,71,0.0,0.0,0.0,0.482,0.0,0.0
2025-09-21,263,72,0.0,0.0,0.0,0.4468,0.0,0.0
2025-09-21,263,73,0.0,0.0,0.0,0.433,0.0,0.0
2025-09-21,263,74,0.0,0.0,0.0,0.4219,0.0,0.0
2025-09-21,263,75,0.0,0.0,0.0,0.4025,0.0,0.0
2025-09-21,263,76,0.0,0.0,0.0,0.5719,0.0,0.0
2025-09-21,263,77,0.0,0.0,0.0,0.8345,0.0,0.0
2025-09-21,263,78,0.0,0.0,0.0,0.8735,0.0,0.0
2025-09-21,263,79,0.0,0.0,0.0,0.8573,0.0,0.0
2025-09-21,263,80,0.0,0.0,0.0,0.8941,0.0,0.0
2025-09-21,263,81,0.0,0.0,0.0,0.917,0.0,0.0
2025-09-21,263,82,0.0,0.0,0.0,0.9048,0.0,0.0
2025-09-21,263,83,0.0,0.0,0.0,0.8809,0.0,0.0
2025-09-21,263,84,0.0,0.0,0.0,0.8831,0.0,0.0
2025-09-21,263,85,0.0,0.0,0.0,0.8829,0.0,0.0
2025-09-21,263,86,0.0,0.0,0.0,0.8997,0.0,0.0
2025-09-21,263,87,0.0,0.0,0.0,0.9543,0.0,0.0
2025-09-21,263,88,0.0,0.0,0.0,0.8331,0.0,0.0
2025-09-21,263,89,0.0,0.0,0.0,0.632,0.0,0.0
2025-09-21,263,90,0.0,0.0,0.0,0.6725,0.0,0.0
2025-09-21,263,91,60.3121675000001,60.3121675000001,0.0,0.7164,43.20763679700008,43.20763679700008
2025-09-21,263,92,139.655666666667,139.655666666667,0.0,0.6901,96.37637556666691,96.37637556666691
2025-09-21,263,93,174.12351500000022,174.12351500000022,0.0,0.7577,131.93338731550017,131.93338731550017
2025-09-21,263,94,226.74014333333332,226.74014333333332,0.0,0.8092,183.47812398533333,183.47812398533333
2025-09-21,263,95,297.3898958333334,297.3898958333334,0.0,0.8131,241.80772430208341,241.80772430208341
2025-09-21,263,96,332.118885,332.118885,0.0,0.8604,285.755088654,285.755088654
2025-09-21,263,97,369.50294500000007,369.50294500000007,0.0,0.9335,344.9309991575001,344.9309991575001
2025-09-21,263,98,442.8847708333335,442.8847708333335,0.0,0.9915,439.1202502812502,439.1202502812502
2025-09-21,263,99,513.3147466666667,513.3147466666667,0.0,1.0118,519.3718606773334,519.3718606773334
2025-09-21,263,100,552.5026183333334,552.5026183333334,0.0,1.0203,563.7184214855001,563.7184214855001
2025-09-21,263,101,577.5252708333333,577.5252708333333,0.0,1.0293,594.4467612687499,594.4467612687499
2025-09-21,263,102,637.7704833333333,637.7704833333333,0.0,1.037,661.3679912166666,661.3679912166666
2025-09-21,263,103,690.7300208333335,690.7300208333335,0.0,1.0845,749.0967075937501,749.0967075937501
2025-09-21,263,104,733.6720833333334,733.6720833333334,0.0,1.1253,825.601195375,825.601195375
2025-09-21,263,105,796.7076983333333,796.7076983333333,0.0,1.0831,862.9141080648333,862.9141080648333
2025-09-21,263,106,772.3978400000002,772.3978400000002,0.0,1.1454,884.7044859360002,884.7044859360002
2025-09-21,263,107,0.0,0.0,0.0,1.3068,0.0,0.0
2025-09-21,263,108,0.0,0.0,0.0,1.3615,0.0,0.0
2025-09-21,263,109,0.0,0.0,0.0,1.3414,0.0,0.0
2025-09-21,263,110,0.0,0.0,0.0,1.3285,0.0,0.0
2025-09-21,263,111,711.1184875,711.1184875,0.0,1.3634,969.5389458574999,969.5389458574999
2025-09-21,263,112,708.8661608333333,708.8661608333333,0.0,1.3742,974.1238782171667,974.1238782171667
2025-09-21,263,113,0.0,0.0,0.0,1.3402,0.0,0.0
2025-09-21,263,114,0.0,0.0,0.0,1.3118,0.0,0.0
2025-09-21,263,115,233.6831712150675,233.6831712150675,0.0,1.3045,304.83969685005553,304.83969685005553
2025-09-21,263,116,681.4015833333333,681.4015833333333,0.0,1.3182,898.22356715,898.22356715
2025-09-21,263,117,698.8497300000001,698.8497300000001,0.0,1.3395,936.1092133350002,936.1092133350002
2025-09-21,263,118,0.0,0.0,0.0,1.3287,0.0,0.0
2025-09-21,263,119,0.0,0.0,0.0,1.2995,0.0,0.0
2025-09-21,263,120,0.0,0.0,0.0,1.3013,0.0,0.0
2025-09-21,263,121,0.0,0.0,0.0,1.2918,0.0,0.0
2025-09-21,263,122,0.0,0.0,0.0,1.2938,0.0,0.0
2025-09-21,263,123,0.0,0.0,0.0,1.3523,0.0,0.0
2025-09-21,263,124,744.13652,744.13652,0.0,1.2587,936.644637724,936.644637724
2025-09-21,263,125,763.3712500000001,763.3712500000001,0.0,1.0498,801.3871382500002,801.3871382500002
2025-09-21,263,126,696.9516950000001,696.9516950000001,0.0,0.9822,684.545954829,684.545954829
2025-09-21,263,127,666.0943791666667,666.0943791666667,0.0,0.9608,639.9834795033333,639.9834795033333
2025-09-21,263,128,707.1200000000001,707.1200000000001,0.0,0.9753,689.6541360000001,689.6541360000001
2025-09-21,263,129,722.1781966666667,722.1781966666667,0.0,1.0713,773.669502089,773.669502089
2025-09-21,263,130,659.3436925000001,659.3436925000001,0.0,0.8433,556.0245358852501,556.0245358852501
2025-09-21,263,131,569.7255,569.7255,0.0,0.4338,247.14692190000002,247.14692190000002
2025-09-21,263,132,1403.350875,1403.350875,0.0,0.4176,586.0393254,586.0393254
2025-09-21,263,133,588.1907791666667,588.1907791666667,0.0,0.467,274.6850938708334,274.6850938708334
2025-09-21,263,134,578.9964166666667,578.9964166666667,0.0,0.3954,228.93518315,228.93518315
2025-09-21,263,135,546.255145,546.255145,0.0,0.36,196.65185219999998,196.65185219999998
2025-09-21,263,136,1371.0733216666667,1371.0733216666667,0.0,0.3951,541.7110693905,541.7110693905
2025-09-21,263,137,616.5425896027399,616.5425896027399,0.0,0.4388,270.5388883176823,270.5388883176823
2025-09-21,263,138,1397.5928666666666,1397.5928666666666,0.0,0.4146,579.44200252,579.44200252
2025-09-21,263,139,568.9455658333334,568.9455658333334,0.0,0.4234,240.89155257383334,240.89155257383334
2025-09-21,263,140,568.346,568.346,0.0,0.4592,260.9844832,260.9844832
2025-09-21,263,141,1384.3556966666665,1384.3556966666665,0.0,0.4174,577.8300677886666,577.8300677886666
2025-09-21,263,142,1399.750183333333,1399.750183333333,0.0,0.4017,562.279648645,562.279648645
2025-09-21,263,143,1445.8831666666665,1445.8831666666665,0.0,0.4344,628.0916476,628.0916476
2025-09-22,264,0,613.5526666666667,613.5526666666667,0.0,0.4305,264.134423,264.134423
2025-09-22,264,1,581.6795783333333,581.6795783333333,0.0,0.4164,242.211376418,242.211376418
2025-09-22,264,2,1393.8034166666666,1393.8034166666666,0.0,0.4371,609.231473425,609.231473425
2025-09-22,264,3,1096.3510224059735,1096.3510224059735,0.0,0.4981,546.0924442604154,546.0924442604154
2025-09-22,264,4,616.4698508333335,616.4698508333335,0.0,0.4949,305.09092917741674,305.09092917741674
2025-09-22,264,5,597.94325,597.94325,0.0,0.4291,256.577448575,256.577448575
2025-09-22,264,6,577.7827866666667,577.7827866666667,0.0,0.4078,235.61982040266665,235.61982040266665
2025-09-22,264,7,572.2956366666667,572.2956366666667,0.0,0.426,243.79794122,243.79794122
2025-09-22,264,8,584.4082500000001,584.4082500000001,0.0,0.4481,261.873336825,261.873336825
2025-09-22,264,9,608.160465,608.160465,0.0,0.4453,270.8138550645,270.8138550645
2025-09-22,264,10,609.3067991666667,609.3067991666667,0.0,0.4228,257.61491468766667,257.61491468766667
2025-09-22,264,11,591.90925,591.90925,0.0,0.4079,241.439783075,241.439783075
2025-09-22,264,12,595.884445,595.884445,0.0,0.4311,256.8857842395,256.8857842395
2025-09-22,264,13,600.4125933333333,600.4125933333333,0.0,0.4797,288.017921022,288.017921022
2025-09-22,264,14,593.5840833333333,593.5840833333333,0.0,0.511,303.32146658333335,303.32146658333335
2025-09-22,264,15,587.2494491666667,587.2494491666667,0.0,0.4868,285.87303185433336,285.87303185433336
2025-09-22,264,16,1414.7775025,1414.7775025,0.0,0.4584,648.534007146,648.534007146
2025-09-22,264,17,584.58425,584.58425,0.0,0.4505,263.355204625,263.355204625
2025-09-22,264,18,598.5523566666667,598.5523566666667,0.0,0.444,265.75724636,265.75724636
2025-09-22,264,19,610.68055,610.68055,0.0,0.4384,267.72235312000004,267.72235312000004
2025-09-22,264,20,609.0199166666666,609.0199166666666,0.0,0.4507,274.48527644166666,274.48527644166666
2025-09-22,264,21,605.3734933333334,605.3734933333334,0.0,0.4887,295.84602619200007,295.84602619200007
2025-09-22,264,22,602.9095591666667,602.9095591666667,0.0,0.4785,288.49222406125,288.49222406125
2025-09-22,264,23,1436.0580833333333,1436.0580833333333,0.0,0.4211,604.7240588916667,604.7240588916667
2025-09-22,264,24,1438.7858983333333,1438.7858983333333,0.0,0.3975,571.9173945875,571.9173945875
2025-09-22,264,25,1443.9005233333332,1443.9005233333332,0.0,0.4238,611.9250417886666,611.9250417886666
2025-09-22,264,26,616.8411014613547,616.8411014613547,0.0,0.4533,279.6140712924321,279.6140712924321
2025-09-22,264,27,0.0,0.0,0.0,0.4258,0.0,0.0
2025-09-22,264,28,0.0,0.0,0.0,0.4079,0.0,0.0
2025-09-22,264,29,602.4815833333334,602.4815833333334,0.0,0.4227,254.66896527500006,254.66896527500006
2025-09-22,264,30,1420.0424033333334,1420.0424033333334,0.0,0.4325,614.1683394416667,614.1683394416667
2025-09-22,264,31,598.4736466666666,598.4736466666666,0.0,0.458,274.1009301733333,274.1009301733333
2025-09-22,264,32,618.7703333333333,618.7703333333333,0.0,0.4656,288.0994672,288.0994672
2025-09-22,264,33,1445.3204641666666,1445.3204641666666,0.0,0.43,621.4877995916667,621.4877995916667
2025-09-22,264,34,0.0,0.0,0.0,0.616,0.0,0.0
2025-09-22,264,35,0.0,0.0,0.0,0.9322,0.0,0.0
2025-09-22,264,36,0.0,0.0,0.0,0.991,0.0,0.0
2025-09-22,264,37,0.0,0.0,0.0,0.9327,0.0,0.0
2025-09-22,264,38,0.0,0.0,0.0,0.901,0.0,0.0
2025-09-22,264,39,0.0,0.0,0.0,0.8985,0.0,0.0
2025-09-22,264,40,0.0,0.0,0.0,0.8973,0.0,0.0
2025-09-22,264,41,0.0,0.0,0.0,0.8721,0.0,0.0
2025-09-22,264,42,0.0,0.0,0.0,0.8203,0.0,0.0
2025-09-22,264,43,0.0,0.0,0.0,0.7932,0.0,0.0
2025-09-22,264,44,0.0,0.0,0.0,0.7595,0.0,0.0
2025-09-22,264,45,0.0,0.0,0.0,0.6868,0.0,0.0
2025-09-22,264,46,0.0,0.0,0.0,0.894,0.0,0.0
2025-09-22,264,47,0.0,0.0,0.0,1.2266,0.0,0.0
2025-09-22,264,48,0.0,0.0,0.0,1.181,0.0,0.0
2025-09-22,264,49,0.0,0.0,0.0,1.0899,0.0,0.0
2025-09-22,264,50,0.0,0.0,0.0,1.1106,0.0,0.0
2025-09-22,264,51,0.0,0.0,0.0,1.0726,0.0,0.0
2025-09-22,264,52,0.0,0.0,0.0,1.0526,0.0,0.0
2025-09-22,264,53,0.0,0.0,0.0,1.0705,0.0,0.0
2025-09-22,264,54,0.0,0.0,0.0,1.0514,0.0,0.0
2025-09-22,264,55,0.0,0.0,0.0,1.0259,0.0,0.0
2025-09-22,264,56,0.0,0.0,0.0,0.9999,0.0,0.0
2025-09-22,264,57,0.0,0.0,0.0,0.9478,0.0,0.0
2025-09-22,264,58,0.0,0.0,0.0,0.9295,0.0,0.0
2025-09-22,264,59,0.0,0.0,0.0,0.9504,0.0,0.0
2025-09-22,264,60,0.0,0.0,0.0,0.9469,0.0,0.0
2025-09-22,264,61,0.0,0.0,0.0,0.8869,0.0,0.0
2025-09-22,264,62,0.0,0.0,0.0,0.8361,0.0,0.0
2025-09-22,264,63,0.0,0.0,0.0,0.8689,0.0,0.0
2025-09-22,264,64,0.0,0.0,0.0,0.7554,0.0,0.0
2025-09-22,264,65,0.0,0.0,0.0,0.5334,0.0,0.0
2025-09-22,264,66,0.0,0.0,0.0,0.4838,0.0,0.0
2025-09-22,264,67,0.0,0.0,0.0,0.4848,0.0,0.0
2025-09-22,264,68,0.0,0.0,0.0,0.4676,0.0,0.0
2025-09-22,264,69,0.0,0.0,0.0,0.4869,0.0,0.0
2025-09-22,264,70,177.07396920548354,177.07396920548354,0.0,0.4668,82.65812882511972,82.65812882511972
2025-09-22,264,71,397.67449999999997,397.67449999999997,0.0,0.4029,160.22305604999997,160.22305604999997
2025-09-22,264,72,365.1966024999999,365.1966024999999,0.0,0.381,139.13990555249998,139.13990555249998
2025-09-22,264,73,0.0,0.0,0.0,0.4188,0.0,0.0
2025-09-22,264,74,381.1435208333336,381.1435208333336,0.0,0.4493,171.24778391041676,171.24778391041676
2025-09-22,264,75,401.7304266666665,401.7304266666665,0.0,0.4158,167.03951140799995,167.03951140799995
2025-09-22,264,76,0.0,0.0,0.0,0.5585,0.0,0.0
2025-09-22,264,77,0.0,0.0,0.0,0.8211,0.0,0.0
2025-09-22,264,78,0.0,0.0,0.0,0.8882,0.0,0.0
2025-09-22,264,79,0.0,0.0,0.0,0.8871,0.0,0.0
2025-09-22,264,80,0.0,0.0,0.0,0.9011,0.0,0.0
2025-09-22,264,81,0.0,0.0,0.0,0.88,0.0,0.0
2025-09-22,264,82,0.0,0.0,0.0,0.8743,0.0,0.0
2025-09-22,264,83,0.0,0.0,0.0,0.8959,0.0,0.0
2025-09-22,264,84,0.0,0.0,0.0,0.9,0.0,0.0
2025-09-22,264,85,0.0,0.0,0.0,0.8783,0.0,0.0
2025-09-22,264,86,0.0,0.0,0.0,0.9087,0.0,0.0
2025-09-22,264,87,0.0,0.0,0.0,1.0371,0.0,0.0
2025-09-22,264,88,0.0,0.0,0.0,0.8975,0.0,0.0
2025-09-22,264,89,127.76512500000013,127.76512500000013,0.0,0.6077,77.64286646250008,77.64286646250008
2025-09-22,264,90,243.53200685185192,243.53200685185192,0.0,0.6665,162.3140825667593,162.3140825667593
2025-09-22,264,91,185.56501500000013,185.56501500000013,0.0,0.7634,141.6603324510001,141.6603324510001
2025-09-22,264,92,216.6485,216.6485,0.0,0.7666,166.0827401,166.0827401
2025-09-22,264,93,277.78503750000027,277.78503750000027,0.0,0.8503,236.20061738625023,236.20061738625023
2025-09-22,264,94,353.8910983333335,353.8910983333335,0.0,0.8751,309.69010015150013,309.69010015150013
2025-09-22,264,95,435.3835416666667,435.3835416666667,0.0,0.8357,363.8500257708334,363.8500257708334
2025-09-22,264,96,484.5572808333334,484.5572808333334,0.0,0.8852,428.9301049936667,428.9301049936667
2025-09-22,264,97,523.3073658333333,523.3073658333333,0.0,0.9454,494.7347836588333,494.7347836588333
2025-09-22,264,98,579.1394166666669,579.1394166666669,0.0,0.9612,556.6688073000003,556.6688073000003
2025-09-22,264,99,644.6577583333336,644.6577583333336,0.0,0.9614,619.773968861667,619.773968861667
2025-09-22,264,100,706.6018033333332,706.6018033333332,0.0,0.9757,689.4313795123333,689.4313795123333
2025-09-22,264,101,758.9861250000002,758.9861250000002,0.0,1.0205,774.5453405625002,774.5453405625002
2025-09-22,264,102,813.3778650000002,813.3778650000002,0.0,1.0906,887.0698995690002,887.0698995690002
2025-09-22,264,103,862.9786708333335,862.9786708333335,0.0,1.147,989.8365354458335,989.8365354458335
2025-09-22,264,104,924.6868125000002,924.6868125000002,0.0,1.1576,1070.4174541500001,1070.4174541500001
2025-09-22,264,105,998.4173108333334,998.4173108333334,0.0,1.1352,1133.4033312580002,1133.4033312580002
2025-09-22,264,106,930.3485216666668,930.3485216666668,0.0,1.205,1121.0699686083335,1121.0699686083335
2025-09-22,264,107,0.0,0.0,0.0,1.3214,0.0,0.0
2025-09-22,264,108,0.0,0.0,0.0,1.3135,0.0,0.0
2025-09-22,264,109,797.2205216666667,797.2205216666667,0.0,1.2974,1034.3139048103335,1034.3139048103335
2025-09-22,264,110,784.1413333333333,784.1413333333333,0.0,1.3109,1027.9308738666666,1027.9308738666666
2025-09-22,264,111,0.0,0.0,0.0,1.2819,0.0,0.0
2025-09-22,264,112,0.0,0.0,0.0,1.3035,0.0,0.0
2025-09-22,264,113,0.0,0.0,0.0,1.376,0.0,0.0
2025-09-22,264,114,0.0,0.0,0.0,1.3934,0.0,0.0
2025-09-22,264,115,0.0,0.0,0.0,1.3689,0.0,0.0
2025-09-22,264,116,784.6722500000001,784.6722500000001,0.0,1.339,1050.67614275,1050.67614275
2025-09-22,264,117,807.2516008333334,807.2516008333334,0.0,1.3228,1067.8324175823334,1067.8324175823334
2025-09-22,264,118,0.0,0.0,0.0,1.3043,0.0,0.0
2025-09-22,264,119,0.0,0.0,0.0,1.3131,0.0,0.0
2025-09-22,264,120,0.0,0.0,0.0,1.3812,0.0,0.0
2025-09-22,264,121,802.4979758333333,802.4979758333333,0.0,1.3451,1079.4400272934165,1079.4400272934165
2025-09-22,264,122,555.2576362150685,555.2576362150685,0.0,1.2739,707.3427027743758,707.3427027743758
2025-09-22,264,123,0.0,0.0,0.0,1.3672,0.0,0.0
2025-09-22,264,124,817.65782,817.65782,0.0,1.2456,1018.474580592,1018.474580592
2025-09-22,264,125,816.0560833333334,816.0560833333334,0.0,0.9628,785.6987970333333,785.6987970333333
2025-09-22,264,126,822.07094,822.07094,0.0,0.9753,801.765787782,801.765787782
2025-09-22,264,127,801.4508958333333,801.4508958333333,0.0,1.0396,833.1883513083334,833.1883513083334
2025-09-22,264,128,787.0306666666667,787.0306666666667,0.0,1.0235,805.5258873333333,805.5258873333333
2025-09-22,264,129,825.5464266666667,825.5464266666667,0.0,1.0077,831.903134152,831.903134152
2025-09-22,264,130,749.2448316666668,749.2448316666668,0.0,0.774,579.9154997100001,579.9154997100001
2025-09-22,264,131,1430.1135,1430.1135,0.0,0.4479,640.54783665,640.54783665
2025-09-22,264,132,1431.6440508333333,1431.6440508333333,0.0,0.4196,600.7178437296666,600.7178437296666
2025-09-22,264,133,1453.1140241666667,1453.1140241666667,0.0,0.464,674.2449072133334,674.2449072133334
2025-09-22,264,134,603.5695,603.5695,0.0,0.4413,266.35522034999997,266.35522034999997
2025-09-22,264,135,519.4538793376215,519.4538793376215,0.0,0.4399,228.5077615206197,228.5077615206197
2025-09-22,264,136,619.83148,619.83148,0.0,0.4833,299.56455428400005,299.56455428400005
2025-09-22,264,137,1452.5465477461237,1452.5465477461237,0.0,0.5002,726.563783182611,726.563783182611
2025-09-22,264,138,1435.401285,1435.401285,0.0,0.4096,587.940366336,587.940366336
2025-09-22,264,139,599.3544433333334,599.3544433333334,0.0,0.3852,230.871331572,230.871331572
2025-09-22,264,140,0.0,0.0,0.0,0.4461,0.0,0.0
2025-09-22,264,141,1429.8191708333334,1429.8191708333334,0.0,0.4414,631.1221820058333,631.1221820058333
2025-09-22,264,142,1417.653945,1417.653945,0.0,0.4164,590.311102698,590.311102698
2025-09-22,264,143,611.3733333333334,611.3733333333334,0.0,0.4085,249.7460066666667,249.7460066666667
2025-09-23,265,0,0.0,0.0,0.0,0.4059,0.0,0.0
2025-09-23,265,1,0.0,0.0,0.0,0.4324,0.0,0.0
2025-09-23,265,2,0.009186037910694722,0.009186037910694722,0.0,0.4539,0.004169542607664335,0.004169542607664335
2025-09-23,265,3,1438.9351333333334,1438.9351333333334,0.0,0.4117,592.4095943933334,592.4095943933334
2025-09-23,265,4,1439.4080325,1439.4080325,0.0,0.4114,592.1724645705,592.1724645705
2025-09-23,265,5,1418.3008333333332,1418.3008333333332,0.0,0.4549,645.1850490833333,645.1850490833333
2025-09-23,265,6,1418.58894,1418.58894,0.0,0.4413,626.0232992220001,626.0232992220001
2025-09-23,265,7,1418.86256,1418.86256,0.0,0.4365,619.3335074400001,619.3335074400001
2025-09-23,265,8,1417.2318333333333,1417.2318333333333,0.0,0.4529,641.8642973166667,641.8642973166667
2025-09-23,265,9,599.926545,599.926545,0.0,0.4318,259.048282131,259.048282131
2025-09-23,265,10,614.038765,614.038765,0.0,0.418,256.66820377,256.66820377
2025-09-23,265,11,608.44725,608.44725,0.0,0.4413,268.50777142500004,268.50777142500004
2025-09-23,265,12,1425.7818524999998,1425.7818524999998,0.0,0.4794,683.5198200884998,683.5198200884998
2025-09-23,265,13,855.2687358569119,855.2687358569119,0.0,0.4675,399.83813401310636,399.83813401310636
2025-09-23,265,14,594.971,594.971,0.0,0.4225,251.3752475,251.3752475
2025-09-23,265,15,617.3789916666668,617.3789916666668,0.0,0.4268,263.4973536433334,263.4973536433334
2025-09-23,265,16,620.14245,620.14245,0.0,0.4588,284.52135606,284.52135606
2025-09-23,265,17,608.7608333333334,608.7608333333334,0.0,0.4777,290.80505008333336,290.80505008333336
2025-09-23,265,18,0.0,0.0,0.0,0.4584,0.0,0.0
2025-09-23,265,19,608.0861416666667,608.0861416666667,0.0,0.4106,249.68016976833334,249.68016976833334
2025-09-23,265,20,1436.94075,1436.94075,0.0,0.3812,547.7618139,547.7618139
2025-09-23,265,21,1442.5485258333333,1442.5485258333333,0.0,0.4192,604.7163420293333,604.7163420293333
2025-09-23,265,22,609.5273058333333,609.5273058333333,0.0,0.4681,285.3197318605834,285.3197318605834
2025-09-23,265,23,609.2685833333334,609.2685833333334,0.0,0.4666,284.2847209833334,284.2847209833334
2025-09-23,265,24,629.4352475000001,629.4352475000001,0.0,0.4048,254.79538818800003,254.79538818800003
2025-09-23,265,25,632.0621658333333,632.0621658333333,0.0,0.3873,244.79767682724997,244.79767682724997
2025-09-23,265,26,613.8392500000001,613.8392500000001,0.0,0.4222,259.16293135000006,259.16293135000006
2025-09-23,265,27,0.0,0.0,0.0,0.4225,0.0,0.0
2025-09-23,265,28,606.7750866666668,606.7750866666668,0.0,0.4173,253.20724366600004,253.20724366600004
2025-09-23,265,29,1430.6575833333334,1430.6575833333334,0.0,0.4256,608.8878674666666,608.8878674666666
2025-09-23,265,30,460.43561083333304,460.43561083333304,0.0,0.433,199.3686194908332,199.3686194908332
2025-09-23,265,31,0.0,0.0,0.0,0.4518,0.0,0.0
2025-09-23,265,32,626.9852500000001,626.9852500000001,0.0,0.4325,271.171120625,271.171120625
2025-09-23,265,33,1431.3533524999998,1431.3533524999998,0.0,0.3613,517.14796625825,517.14796625825
2025-09-23,265,34,0.0,0.0,0.0,0.6152,0.0,0.0
2025-09-23,265,35,0.0,0.0,0.0,1.0325,0.0,0.0
2025-09-23,265,36,0.0,0.0,0.0,1.0391,0.0,0.0
2025-09-23,265,37,0.0,0.0,0.0,0.9449,0.0,0.0
2025-09-23,265,38,0.0,0.0,0.0,0.9432,0.0,0.0
2025-09-23,265,39,0.0,0.0,0.0,0.9146,0.0,0.0
2025-09-23,265,40,0.0,0.0,0.0,0.8673,0.0,0.0
2025-09-23,265,41,0.0,0.0,0.0,0.8271,0.0,0.0
2025-09-23,265,42,0.0,0.0,0.0,0.8061,0.0,0.0
2025-09-23,265,43,0.0,0.0,0.0,0.8269,0.0,0.0
2025-09-23,265,44,0.0,0.0,0.0,0.8096,0.0,0.0
2025-09-23,265,45,0.0,0.0,0.0,0.6878,0.0,0.0
2025-09-23,265,46,0.0,0.0,0.0,0.8469,0.0,0.0
2025-09-23,265,47,0.0,0.0,0.0,1.1849,0.0,0.0
2025-09-23,265,48,0.0,0.0,0.0,1.1921,0.0,0.0
2025-09-23,265,49,0.0,0.0,0.0,1.1184,0.0,0.0
2025-09-23,265,50,0.0,0.0,0.0,1.1227,0.0,0.0
2025-09-23,265,51,0.0,0.0,0.0,1.0962,0.0,0.0
2025-09-23,265,52,0.0,0.0,0.0,1.0174,0.0,0.0
2025-09-23,265,53,0.0,0.0,0.0,0.9516,0.0,0.0
2025-09-23,265,54,0.0,0.0,0.0,0.9817,0.0,0.0
2025-09-23,265,55,0.0,0.0,0.0,1.0171,0.0,0.0
2025-09-23,265,56,0.0,0.0,0.0,1.0072,0.0,0.0
2025-09-23,265,57,0.0,0.0,0.0,0.9839,0.0,0.0
2025-09-23,265,58,0.0,0.0,0.0,0.9725,0.0,0.0
2025-09-23,265,59,0.0,0.0,0.0,0.9784,0.0,0.0
2025-09-23,265,60,0.0,0.0,0.0,0.9839,0.0,0.0
2025-09-23,265,61,0.0,0.0,0.0,0.9513,0.0,0.0
2025-09-23,265,62,0.0,0.0,0.0,0.9073,0.0,0.0
2025-09-23,265,63,0.0,0.0,0.0,0.8981,0.0,0.0
2025-09-23,265,64,0.0,0.0,0.0,0.7781,0.0,0.0
2025-09-23,265,65,469.7889921296281,469.7889921296281,0.0,0.5639,264.9140126618973,264.9140126618973
2025-09-23,265,66,0.0,0.0,0.0,0.4409,0.0,0.0
2025-09-23,265,67,0.0,0.0,0.0,0.4252,0.0,0.0
2025-09-23,265,68,0.0,0.0,0.0,0.4696,0.0,0.0
2025-09-23,265,69,0.0,0.0,0.0,0.5048,0.0,0.0
2025-09-23,265,70,0.0,0.0,0.0,0.4546,0.0,0.0
2025-09-23,265,71,0.0,0.0,0.0,0.3613,0.0,0.0
2025-09-23,265,72,389.4183241666667,389.4183241666667,0.0,0.3481,135.55651864241668,135.55651864241668
2025-09-23,265,73,398.8958750000003,398.8958750000003,0.0,0.3859,153.9339181625001,153.9339181625001
2025-09-23,265,74,437.8589166666669,437.8589166666669,0.0,0.387,169.4514007500001,169.4514007500001
2025-09-23,265,75,453.3231616666669,453.3231616666669,0.0,0.3271,148.28200618116676,148.28200618116676
2025-09-23,265,76,0.0,0.0,0.0,0.4936,0.0,0.0
2025-09-23,265,77,0.0,0.0,0.0,0.8213,0.0,0.0
2025-09-23,265,78,0.0,0.0,0.0,0.9285,0.0,0.0
2025-09-23,265,79,0.0,0.0,0.0,0.8854,0.0,0.0
2025-09-23,265,80,0.0,0.0,0.0,0.8377,0.0,0.0
2025-09-23,265,81,0.0,0.0,0.0,0.8574,0.0,0.0
2025-09-23,265,82,0.0,0.0,0.0,0.8948,0.0,0.0
2025-09-23,265,83,0.0,0.0,0.0,0.9188,0.0,0.0
2025-09-23,265,84,0.0,0.0,0.0,0.9422,0.0,0.0
2025-09-23,265,85,0.0,0.0,0.0,0.9638,0.0,0.0
2025-09-23,265,86,0.0,0.0,0.0,1.0143,0.0,0.0
2025-09-23,265,87,0.0,0.0,0.0,1.099,0.0,0.0
2025-09-23,265,88,0.0,0.0,0.0,0.9913,0.0,0.0
2025-09-23,265,89,236.24884351851915,236.24884351851915,0.0,0.7708,182.10060858407456,182.10060858407456
2025-09-23,265,90,177.94887583333343,177.94887583333343,0.0,0.7575,134.79627344375007,134.79627344375007
2025-09-23,265,91,240.11124916666677,240.11124916666677,0.0,0.7846,188.39128609616674,188.39128609616674
2025-09-23,265,92,297.18877083333336,297.18877083333336,0.0,0.7548,224.31808422500004,224.31808422500004
2025-09-23,265,93,348.0416691666669,348.0416691666669,0.0,0.7536,262.2842018840002,262.2842018840002
2025-09-23,265,94,371.0446425000001,371.0446425000001,0.0,0.8148,302.3271747090001,302.3271747090001
2025-09-23,265,95,402.180875,402.180875,0.0,0.8978,361.077989575,361.077989575
2025-09-23,265,96,470.7668883333333,470.7668883333333,0.0,0.9325,438.9901233708333,438.9901233708333
2025-09-23,265,97,553.5076208333335,553.5076208333335,0.0,0.9637,533.4152941970834,533.4152941970834
2025-09-23,265,98,614.33675,614.33675,0.0,0.9927,609.852091725,609.852091725
2025-09-23,265,99,650.5738466666667,650.5738466666667,0.0,0.9735,633.3336397300001,633.3336397300001
2025-09-23,265,100,705.1224883333334,705.1224883333334,0.0,0.9613,677.8342480348334,677.8342480348334
2025-09-23,265,101,778.6050416666667,778.6050416666667,0.0,1.0104,786.7025341,786.7025341
2025-09-23,265,102,831.6094108333333,831.6094108333333,0.0,1.1132,925.7475961396666,925.7475961396666
2025-09-23,265,103,874.1460866666669,874.1460866666669,0.0,1.1301,987.8724925420003,987.8724925420003
2025-09-23,265,104,938.2579791666667,938.2579791666667,0.0,1.0787,1012.0988821270834,1012.0988821270834
2025-09-23,265,105,1015.5689216666667,1015.5689216666667,0.0,1.1143,1131.6484494131669,1131.6484494131669
2025-09-23,265,106,942.6017558333334,942.6017558333334,0.0,1.1899,1121.6018292660833,1121.6018292660833
2025-09-23,265,107,0.0,0.0,0.0,1.26,0.0,0.0
2025-09-23,265,108,0.0,0.0,0.0,1.3273,0.0,0.0
2025-09-23,265,109,794.8733866666668,794.8733866666668,0.0,1.3739,1092.0765459413333,1092.0765459413333
2025-09-23,265,110,0.0,0.0,0.0,1.3863,0.0,0.0
2025-09-23,265,111,0.0,0.0,0.0,1.3617,0.0,0.0
2025-09-23,265,112,0.0,0.0,0.0,1.2989,0.0,0.0
2025-09-23,265,113,0.0,0.0,0.0,1.242,0.0,0.0
2025-09-23,265,114,0.0,0.0,0.0,1.2579,0.0,0.0
2025-09-23,265,115,0.0,0.0,0.0,1.3209,0.0,0.0
2025-09-23,265,116,796.7621666666666,796.7621666666666,0.0,1.3658,1088.2177672333332,1088.2177672333332
2025-09-23,265,117,818.7594441666668,818.7594441666668,0.0,1.3425,1099.1845537937502,1099.1845537937502
2025-09-23,265,118,833.4682016666668,833.4682016666668,0.0,1.3213,1101.2615348621669,1101.2615348621669
2025-09-23,265,119,507.3699895484016,507.3699895484016,0.0,1.3115,665.4157412927287,665.4157412927287
2025-09-23,265,120,0.0,0.0,0.0,1.2687,0.0,0.0
2025-09-23,265,121,0.0,0.0,0.0,1.2951,0.0,0.0
2025-09-23,265,122,798.5170833333334,798.5170833333334,0.0,1.3829,1104.2692745416668,1104.2692745416668
2025-09-23,265,123,0.0,0.0,0.0,1.3866,0.0,0.0
2025-09-23,265,124,809.8579833333333,809.8579833333333,0.0,1.2125,981.9528047916666,981.9528047916666
2025-09-23,265,125,886.1621358187033,886.1621358187033,0.0,0.9884,875.8826550432062,875.8826550432062
2025-09-23,265,126,1669.6495566666667,1669.6495566666667,0.0,0.9549,1594.3483616610001,1594.3483616610001
2025-09-23,265,127,826.6818983333335,826.6818983333335,0.0,0.9828,812.4629696820001,812.4629696820001
2025-09-23,265,128,788.9586666666668,788.9586666666668,0.0,1.0059,793.6135228000002,793.6135228000002
2025-09-23,265,129,8.026316709219827e-05,8.026316709219827e-05,0.0,1.0449,8.386698329463797e-05,8.386698329463797e-05
2025-09-23,265,130,777.6843749999999,777.6843749999999,0.0,0.8538,663.986919375,663.986919375
2025-09-23,265,131,632.2984166666668,632.2984166666668,0.0,0.5154,325.88660395000005,325.88660395000005
2025-09-23,265,132,1426.8568833333334,1426.8568833333334,0.0,0.3997,570.3146962683334,570.3146962683334
2025-09-23,265,133,597.2711633333333,597.2711633333333,0.0,0.4421,264.05358130966664,264.05358130966664
2025-09-23,265,134,1428.9508333333333,1428.9508333333333,0.0,0.4839,691.46930825,691.46930825
2025-09-23,265,135,661.5477229360731,661.5477229360731,0.0,0.4396,290.8163790026977,290.8163790026977
2025-09-23,265,136,623.9770866666667,623.9770866666667,0.0,0.4292,267.81096559733334,267.81096559733334
2025-09-23,265,137,636.1560000000001,636.1560000000001,0.0,0.4608,293.14068480000003,293.14068480000003
2025-09-23,265,138,1448.8420724999999,1448.8420724999999,0.0,0.4279,619.9595228227499,619.9595228227499
2025-09-23,265,139,1451.942395,1451.942395,0.0,0.4124,598.781043698,598.781043698
2025-09-23,265,140,1469.1714166666666,1469.1714166666666,0.0,0.4355,639.8241519583333,639.8241519583333
2025-09-23,265,141,1441.7573375,1441.7573375,0.0,0.4312,621.68576393,621.68576393
2025-09-23,265,142,597.1453741666667,597.1453741666667,0.0,0.4204,251.03991529966666,251.03991529966666
2025-09-23,265,143,626.3302916666668,626.3302916666668,0.0,0.4259,266.7540712208334,266.7540712208334
2025-09-24,266,0,605.6423558333335,605.6423558333335,0.0,0.4429,268.2389993985834,268.2389993985834
2025-09-24,266,1,591.8108075,591.8108075,0.0,0.4414,261.2252904305,261.2252904305
2025-09-24,266,2,1428.74575,1428.74575,0.0,0.4251,607.359818325,607.359818325
2025-09-24,266,3,1426.6270416666666,1426.6270416666666,0.0,0.4244,605.4605164833333,605.4605164833333
2025-09-24,266,4,595.1239491666666,595.1239491666666,0.0,0.4193,249.53547188558332,249.53547188558332
2025-09-24,266,5,0.0,0.0,0.0,0.3983,0.0,0.0
2025-09-24,266,6,610.2383091666667,610.2383091666667,0.0,0.3763,229.6326757394167,229.6326757394167
2025-09-24,266,7,597.2126141666668,597.2126141666668,0.0,0.3861,230.58379032975003,230.58379032975003
2025-09-24,266,8,582.81,582.81,0.0,0.4223,246.12066299999998,246.12066299999998
2025-09-24,266,9,1422.1808099999998,1422.1808099999998,0.0,0.4455,633.5815508549999,633.5815508549999
2025-09-24,266,10,1419.2974516666666,1419.2974516666666,0.0,0.4511,640.2450804468333,640.2450804468333
2025-09-24,266,11,1410.9633333333331,1410.9633333333331,0.0,0.4583,646.6444956666666,646.6444956666666
2025-09-24,266,12,0.0,0.0,0.0,0.4879,0.0,0.0
2025-09-24,266,13,0.0,0.0,0.0,0.5104,0.0,0.0
2025-09-24,266,14,592.7221666666667,592.7221666666667,0.0,0.4918,291.5007615666667,291.5007615666667
2025-09-24,266,15,599.8261908333334,599.8261908333334,0.0,0.432,259.12491444,259.12491444
2025-09-24,266,16,0.0,0.0,0.0,0.4275,0.0,0.0
2025-09-24,266,17,0.0,0.0,0.0,0.4708,0.0,0.0
2025-09-24,266,18,0.0,0.0,0.0,0.4601,0.0,0.0
2025-09-24,266,19,0.0,0.0,0.0,0.4245,0.0,0.0
2025-09-24,266,20,0.045921001310262,0.045921001310262,0.0,0.4023,0.018474018827118403,0.018474018827118403
2025-09-24,266,21,1431.3869733333333,1431.3869733333333,0.0,0.4023,575.846979372,575.846979372
2025-09-24,266,22,1436.1301808333333,1436.1301808333333,0.0,0.414,594.557894865,594.557894865
2025-09-24,266,23,0.0,0.0,0.0,0.4243,0.0,0.0
2025-09-24,266,24,832.2622922864673,832.2622922864673,0.0,0.4241,352.96243815869076,352.96243815869076
2025-09-24,266,25,1425.07719,1425.07719,0.0,0.4135,589.269418065,589.269418065
2025-09-24,266,26,1436.0288333333333,1436.0288333333333,0.0,0.4187,601.2652725166666,601.2652725166666
2025-09-24,266,27,1430.6811275,1430.6811275,0.0,0.4641,663.9791112727501,663.9791112727501
2025-09-24,266,28,1434.7766858333334,1434.7766858333334,0.0,0.4764,683.5276131310001,683.5276131310001
2025-09-24,266,29,1445.0814166666667,1445.0814166666667,0.0,0.4466,645.3733606833333,645.3733606833333
2025-09-24,266,30,605.8252733333334,605.8252733333334,0.0,0.4417,267.59302323133335,267.59302323133335
2025-09-24,266,31,615.3773791666667,615.3773791666667,0.0,0.4726,290.82734939416673,290.82734939416673
2025-09-24,266,32,621.7725833333333,621.7725833333333,0.0,0.4631,287.94288334166663,287.94288334166663
2025-09-24,266,33,1424.1084483333334,1424.1084483333334,0.0,0.3701,527.0625367281667,527.0625367281667
2025-09-24,266,34,320.46442038173603,320.46442038173603,0.0,0.5474,175.4222237169623,175.4222237169623
2025-09-24,266,35,0.0,0.0,0.0,0.9078,0.0,0.0
2025-09-24,266,36,0.0,0.0,0.0,0.9788,0.0,0.0
2025-09-24,266,37,0.0,0.0,0.0,0.9036,0.0,0.0
2025-09-24,266,38,0.0,0.0,0.0,0.8679,0.0,0.0
2025-09-24,266,39,0.0,0.0,0.0,0.9083,0.0,0.0
2025-09-24,266,40,0.0,0.0,0.0,0.9382,0.0,0.0
2025-09-24,266,41,0.0,0.0,0.0,0.9082,0.0,0.0
2025-09-24,266,42,0.0,0.0,0.0,0.8451,0.0,0.0
2025-09-24,266,43,0.0,0.0,0.0,0.8105,0.0,0.0
2025-09-24,266,44,0.0,0.0,0.0,0.7807,0.0,0.0
2025-09-24,266,45,0.0,0.0,0.0,0.7211,0.0,0.0
2025-09-24,266,46,0.0,0.0,0.0,0.9056,0.0,0.0
2025-09-24,266,47,0.0,0.0,0.0,1.2089,0.0,0.0
2025-09-24,266,48,0.0,0.0,0.0,1.2031,0.0,0.0
2025-09-24,266,49,0.0,0.0,0.0,1.1463,0.0,0.0
2025-09-24,266,50,0.0,0.0,0.0,1.1645,0.0,0.0
2025-09-24,266,51,0.0,0.0,0.0,1.1243,0.0,0.0
2025-09-24,266,52,0.0,0.0,0.0,1.0886,0.0,0.0
2025-09-24,266,53,0.0,0.0,0.0,1.0932,0.0,0.0
2025-09-24,266,54,0.0,0.0,0.0,1.0903,0.0,0.0
2025-09-24,266,55,0.0,0.0,0.0,1.0222,0.0,0.0
2025-09-24,266,56,0.0,0.0,0.0,0.9415,0.0,0.0
2025-09-24,266,57,0.0,0.0,0.0,0.9528,0.0,0.0
2025-09-24,266,58,0.0,0.0,0.0,0.9286,0.0,0.0
2025-09-24,266,59,0.0,0.0,0.0,0.8765,0.0,0.0
2025-09-24,266,60,0.0,0.0,0.0,0.9309,0.0,0.0
2025-09-24,266,61,0.0,0.0,0.0,0.9632,0.0,0.0
2025-09-24,266,62,0.0,0.0,0.0,0.9228,0.0,0.0
2025-09-24,266,63,0.0,0.0,0.0,0.8655,0.0,0.0
2025-09-24,266,64,0.0,0.0,0.0,0.6989,0.0,0.0
2025-09-24,266,65,0.0,0.0,0.0,0.4885,0.0,0.0
2025-09-24,266,66,573.5177816666667,573.5177816666667,0.0,0.4302,246.72734967300002,246.72734967300002
2025-09-24,266,67,0.0,0.0,0.0,0.4576,0.0,0.0
2025-09-24,266,68,0.0,0.0,0.0,0.4896,0.0,0.0
2025-09-24,266,69,0.0,0.0,0.0,0.501,0.0,0.0
2025-09-24,266,70,482.3551474999997,482.3551474999997,0.0,0.4821,232.54341660974984,232.54341660974984
2025-09-24,266,71,391.9264166666669,391.9264166666669,0.0,0.4616,180.91323393333346,180.91323393333346
2025-09-24,266,72,370.8350608333335,370.8350608333335,0.0,0.4812,178.4458312730001,178.4458312730001
2025-09-24,266,73,371.4819641666669,371.4819641666669,0.0,0.4959,184.2179060302501,184.2179060302501
2025-09-24,266,74,381.12989583333353,381.12989583333353,0.0,0.4674,178.1401133125001,178.1401133125001
2025-09-24,266,75,387.60231666666687,387.60231666666687,0.0,0.4274,165.66123014333343,165.66123014333343
2025-09-24,266,76,271.92124337214955,271.92124337214955,0.0,0.5596,152.1671277910549,152.1671277910549
2025-09-24,266,77,0.0,0.0,0.0,0.7876,0.0,0.0
2025-09-24,266,78,0.0,0.0,0.0,0.8339,0.0,0.0
2025-09-24,266,79,0.0,0.0,0.0,0.8023,0.0,0.0
2025-09-24,266,80,0.0,0.0,0.0,0.8081,0.0,0.0
2025-09-24,266,81,0.0,0.0,0.0,0.8533,0.0,0.0
2025-09-24,266,82,0.0,0.0,0.0,0.8377,0.0,0.0
2025-09-24,266,83,0.0,0.0,0.0,0.8063,0.0,0.0
2025-09-24,266,84,0.0,0.0,0.0,0.8962,0.0,0.0
2025-09-24,266,85,0.0,0.0,0.0,0.9453,0.0,0.0
2025-09-24,266,86,0.0,0.0,0.0,0.931,0.0,0.0
2025-09-24,266,87,0.0,0.0,0.0,0.9652,0.0,0.0
2025-09-24,266,88,0.0,0.0,0.0,0.8521,0.0,0.0
2025-09-24,266,89,283.91606296296305,283.91606296296305,0.0,0.6581,186.845161035926,186.845161035926
2025-09-24,266,90,178.64481750000016,178.64481750000016,0.0,0.6765,120.85321903875011,120.85321903875011
2025-09-24,266,91,227.75732000000016,227.75732000000016,0.0,0.7492,170.63578414400013,170.63578414400013
2025-09-24,266,92,277.4892083333334,277.4892083333334,0.0,0.7568,210.00383286666673,210.00383286666673
2025-09-24,266,93,311.1312016666668,311.1312016666668,0.0,0.7497,233.25506188950013,233.25506188950013
2025-09-24,266,94,371.9434375000001,371.9434375000001,0.0,0.8252,306.92772462500005,306.92772462500005
2025-09-24,266,95,464.7317291666668,464.7317291666668,0.0,0.9146,425.0436394958335,425.0436394958335
2025-09-24,266,96,514.7441650000001,514.7441650000001,0.0,0.8615,443.45209814750007,443.45209814750007
2025-09-24,266,97,567.8837241666666,567.8837241666666,0.0,0.8522,483.9505097348333,483.9505097348333
2025-09-24,266,98,635.6538125000002,635.6538125000002,0.0,0.9282,590.0138687625002,590.0138687625002
2025-09-24,266,99,682.9369783333333,682.9369783333333,0.0,0.9472,646.8779058773333,646.8779058773333
2025-09-24,266,100,724.6960641666667,724.6960641666667,0.0,0.9589,694.9110559294166,694.9110559294166
2025-09-24,266,101,775.2616458333333,775.2616458333333,0.0,0.9856,764.0978781333333,764.0978781333333
2025-09-24,266,102,829.6983541666668,829.6983541666668,0.0,0.9909,822.1480991437502,822.1480991437502
2025-09-24,266,103,885.1996433333334,885.1996433333334,0.0,1.0128,896.530198768,896.530198768
2025-09-24,266,104,958.02625,958.02625,0.0,1.0629,1018.286101125,1018.286101125
2025-09-24,266,105,1036.8131433333335,1036.8131433333335,0.0,1.1163,1157.3945119030002,1157.3945119030002
2025-09-24,266,106,930.7355608333334,930.7355608333334,0.0,1.1886,1106.2722876065002,1106.2722876065002
2025-09-24,266,107,739.9994583333332,739.9994583333332,0.0,1.2707,940.3173117041665,940.3173117041665
2025-09-24,266,108,759.9050934040155,759.9050934040155,0.0,1.3275,1008.7740114938305,1008.7740114938305
2025-09-24,266,109,809.3466608333334,809.3466608333334,0.0,1.3578,1098.9308960795001,1098.9308960795001
2025-09-24,266,110,0.0,0.0,0.0,1.3523,0.0,0.0
2025-09-24,266,111,0.0,0.0,0.0,1.3039,0.0,0.0
2025-09-24,266,112,0.0,0.0,0.0,1.2815,0.0,0.0
2025-09-24,266,113,0.0,0.0,0.0,1.3111,0.0,0.0
2025-09-24,266,114,0.0,0.0,0.0,1.3507,0.0,0.0
2025-09-24,266,115,0.0,0.0,0.0,1.3385,0.0,0.0
2025-09-24,266,116,0.0,0.0,0.0,1.2978,0.0,0.0
2025-09-24,266,117,0.0,0.0,0.0,1.3141,0.0,0.0
2025-09-24,266,118,778.1327899999999,778.1327899999999,0.0,1.3627,1060.3615529329998,1060.3615529329998
2025-09-24,266,119,803.0199166666667,803.0199166666667,0.0,1.3658,1096.7646021833334,1096.7646021833334
2025-09-24,266,120,0.0,0.0,0.0,1.2793,0.0,0.0
2025-09-24,266,121,0.0,0.0,0.0,1.2802,0.0,0.0
2025-09-24,266,122,603.1848594777217,603.1848594777217,0.0,1.3677,824.97593230768,824.97593230768
2025-09-24,266,123,0.0,0.0,0.0,1.3452,0.0,0.0
2025-09-24,266,124,800.8155108333334,800.8155108333334,0.0,1.1727,939.1163495542502,939.1163495542502
2025-09-24,266,125,822.1270833333334,822.1270833333334,0.0,0.9756,802.0671825000001,802.0671825000001
2025-09-24,266,126,835.6577908333335,835.6577908333335,0.0,0.9371,783.0949157899169,783.0949157899169
2025-09-24,266,127,823.7065600000001,823.7065600000001,0.0,0.9825,809.2916952000002,809.2916952000002
2025-09-24,266,128,818.2104166666667,818.2104166666667,0.0,1.0367,848.2387389583333,848.2387389583333
2025-09-24,266,129,845.4482816666666,845.4482816666666,0.0,1.0462,884.5079922796666,884.5079922796666
2025-09-24,266,130,770.1779191666668,770.1779191666668,0.0,0.7968,613.6777659920001,613.6777659920001
2025-09-24,266,131,624.0365833333334,624.0365833333334,0.0,0.4553,284.12385639166666,284.12385639166666
2025-09-24,266,132,1422.6413708333332,1422.6413708333332,0.0,0.4373,622.1210714654167,622.1210714654167
2025-09-24,266,133,1362.3050985842215,1362.3050985842215,0.0,0.4792,652.8166032415589,652.8166032415589
2025-09-24,266,134,1443.6973333333333,1443.6973333333333,0.0,0.4506,650.5300184,650.5300184
2025-09-24,266,135,620.5495783333334,620.5495783333334,0.0,0.4738,294.0163902143334,294.0163902143334
2025-09-24,266,136,0.0,0.0,0.0,0.4579,0.0,0.0
2025-09-24,266,137,621.6099166666667,621.6099166666667,0.0,0.412,256.10328566666664,256.10328566666664
2025-09-24,266,138,1423.8717183333333,1423.8717183333333,0.0,0.4469,636.3282709231667,636.3282709231667
2025-09-24,266,139,1426.0113383333332,1426.0113383333332,0.0,0.4609,657.2486258378333,657.2486258378333
2025-09-24,266,140,1452.00625,1452.00625,0.0,0.4325,627.9927031249999,627.9927031249999
2025-09-24,266,141,614.7092250000001,614.7092250000001,0.0,0.4481,275.45120372250005,275.45120372250005
2025-09-24,266,142,593.7109600000001,593.7109600000001,0.0,0.4868,289.0184953280001,289.0184953280001
2025-09-24,266,143,1444.5499583333333,1444.5499583333333,0.0,0.4927,711.7297644708334,711.7297644708334
2025-09-25,267,0,1432.1138358333333,1432.1138358333333,0.0,0.4343,621.9670389024167,621.9670389024167
2025-09-25,267,1,1420.70283,1420.70283,0.0,0.3997,567.854921151,567.854921151
2025-09-25,267,2,1398.1843301519505,1398.1843301519505,0.0,0.4211,588.7754214269863,588.7754214269863
2025-09-25,267,3,579.3960916666667,579.3960916666667,0.0,0.4512,261.42351656000005,261.42351656000005
2025-09-25,267,4,595.8925308333334,595.8925308333334,0.0,0.4689,279.41400770775,279.41400770775
2025-09-25,267,5,1426.2836666666667,1426.2836666666667,0.0,0.466,664.6481886666667,664.6481886666667
2025-09-25,267,6,590.97091,590.97091,0.0,0.4471,264.223093861,264.223093861
2025-09-25,267,7,592.0169308333334,592.0169308333334,0.0,0.4432,262.3819037453334,262.3819037453334
2025-09-25,267,8,595.0234166666667,595.0234166666667,0.0,0.449,267.16551408333333,267.16551408333333
2025-09-25,267,9,600.4259733333334,600.4259733333334,0.0,0.4322,259.5041056746667,259.5041056746667
2025-09-25,267,10,1422.9148175,1422.9148175,0.0,0.421,599.0471381675,599.0471381675
2025-09-25,267,11,1411.5,1411.5,0.0,0.4383,618.6604500000001,618.6604500000001
2025-09-25,267,12,600.8423500000001,600.8423500000001,0.0,0.4718,283.47742073000006,283.47742073000006
2025-09-25,267,13,0.0,0.0,0.0,0.456,0.0,0.0
2025-09-25,267,14,600.5528333333333,600.5528333333333,0.0,0.4134,248.26854129999998,248.26854129999998
2025-09-25,267,15,600.9922541666667,600.9922541666667,0.0,0.4344,261.07103521000005,261.07103521000005
2025-09-25,267,16,604.885965,604.885965,0.0,0.4756,287.683764954,287.683764954
2025-09-25,267,17,404.2979251723764,404.2979251723764,0.0,0.4876,197.13566831405072,197.13566831405072
2025-09-25,267,18,597.8699608333333,597.8699608333333,0.0,0.4628,276.6942178736666,276.6942178736666
2025-09-25,267,19,603.6727358333334,603.6727358333334,0.0,0.4461,269.29840745525,269.29840745525
2025-09-25,267,20,619.0985833333334,619.0985833333334,0.0,0.4359,269.86507247500003,269.86507247500003
2025-09-25,267,21,622.453335,622.453335,0.0,0.3991,248.42112599850003,248.42112599850003
2025-09-25,267,22,612.5326741666668,612.5326741666668,0.0,0.4094,250.77087680383337,250.77087680383337
2025-09-25,267,23,600.0441666666667,600.0441666666667,0.0,0.4511,270.67992358333333,270.67992358333333
2025-09-25,267,24,0.0,0.0,0.0,0.4321,0.0,0.0
2025-09-25,267,25,609.2855650000001,609.2855650000001,0.0,0.4203,256.0827229695001,256.0827229695001
2025-09-25,267,26,1441.6523333333332,1441.6523333333332,0.0,0.4365,629.2812435,629.2812435
2025-09-25,267,27,1432.0022125,1432.0022125,0.0,0.4328,619.77055757,619.77055757
2025-09-25,267,28,605.6021866666667,605.6021866666667,0.0,0.4342,262.9524694506667,262.9524694506667
2025-09-25,267,29,0.0,0.0,0.0,0.4546,0.0,0.0
2025-09-25,267,30,612.8318108333334,612.8318108333334,0.0,0.4777,292.74975603508335,292.74975603508335
2025-09-25,267,31,633.1230825,633.1230825,0.0,0.4855,307.38125655375,307.38125655375
2025-09-25,267,32,514.1682499999998,514.1682499999998,0.0,0.4389,225.66844492499993,225.66844492499993
2025-09-25,267,33,1419.4919816666666,1419.4919816666666,0.0,0.362,513.8560973633333,513.8560973633333
2025-09-25,267,34,500.1955712150691,500.1955712150691,0.0,0.5932,296.71601284477896,296.71601284477896
2025-09-25,267,35,0.0,0.0,0.0,0.99,0.0,0.0
2025-09-25,267,36,0.0,0.0,0.0,1.0369,0.0,0.0
2025-09-25,267,37,0.0,0.0,0.0,0.9529,0.0,0.0
2025-09-25,267,38,0.0,0.0,0.0,0.9202,0.0,0.0
2025-09-25,267,39,0.0,0.0,0.0,0.9025,0.0,0.0
2025-09-25,267,40,0.0,0.0,0.0,0.8958,0.0,0.0
2025-09-25,267,41,0.0,0.0,0.0,0.884,0.0,0.0
2025-09-25,267,42,0.0,0.0,0.0,0.8485,0.0,0.0
2025-09-25,267,43,0.0,0.0,0.0,0.8448,0.0,0.0
2025-09-25,267,44,0.0,0.0,0.0,0.8078,0.0,0.0
2025-09-25,267,45,0.0,0.0,0.0,0.6671,0.0,0.0
2025-09-25,267,46,0.0,0.0,0.0,0.8605,0.0,0.0
2025-09-25,267,47,0.0,0.0,0.0,1.2559,0.0,0.0
2025-09-25,267,48,0.0,0.0,0.0,1.251,0.0,0.0
2025-09-25,267,49,0.0,0.0,0.0,1.1419,0.0,0.0
2025-09-25,267,50,0.0,0.0,0.0,1.1385,0.0,0.0
2025-09-25,267,51,0.0,0.0,0.0,1.1454,0.0,0.0
2025-09-25,267,52,0.0,0.0,0.0,1.1235,0.0,0.0
2025-09-25,267,53,0.0,0.0,0.0,1.0768,0.0,0.0
2025-09-25,267,54,0.0,0.0,0.0,1.0243,0.0,0.0
2025-09-25,267,55,0.0,0.0,0.0,0.9453,0.0,0.0
2025-09-25,267,56,0.0,0.0,0.0,0.8907,0.0,0.0
2025-09-25,267,57,0.0,0.0,0.0,0.9356,0.0,0.0
2025-09-25,267,58,0.0,0.0,0.0,0.9341,0.0,0.0
2025-09-25,267,59,0.0,0.0,0.0,0.8887,0.0,0.0
2025-09-25,267,60,0.0,0.0,0.0,0.933,0.0,0.0
2025-09-25,267,61,0.0,0.0,0.0,0.9188,0.0,0.0
2025-09-25,267,62,0.0,0.0,0.0,0.8597,0.0,0.0
2025-09-25,267,63,0.0,0.0,0.0,0.8904,0.0,0.0
2025-09-25,267,64,0.0,0.0,0.0,0.7147,0.0,0.0
2025-09-25,267,65,0.0,0.0,0.0,0.4265,0.0,0.0
2025-09-25,267,66,382.2304917054844,382.2304917054844,0.0,0.4399,168.14319330124258,168.14319330124258
2025-09-25,267,67,0.0,0.0,0.0,0.4608,0.0,0.0
2025-09-25,267,68,0.0,0.0,0.0,0.3954,0.0,0.0
2025-09-25,267,69,503.78904833333354,503.78904833333354,0.0,0.446,224.68991555666676,224.68991555666676
2025-09-25,267,70,457.67757499999993,457.67757499999993,0.0,0.4755,217.62568691249996,217.62568691249996
2025-09-25,267,71,0.0,0.0,0.0,0.4454,0.0,0.0
2025-09-25,267,72,0.0,0.0,0.0,0.4624,0.0,0.0
2025-09-25,267,73,420.77006083333345,420.77006083333345,0.0,0.4679,196.8783114639167,196.8783114639167
2025-09-25,267,74,416.8815000000001,416.8815000000001,0.0,0.4302,179.34242130000004,179.34242130000004
2025-09-25,267,75,445.57559416666675,445.57559416666675,0.0,0.4165,185.5822349704167,185.5822349704167
2025-09-25,267,76,0.0,0.0,0.0,0.5974,0.0,0.0
2025-09-25,267,77,0.0,0.0,0.0,0.8508,0.0,0.0
2025-09-25,267,78,0.0,0.0,0.0,0.8612,0.0,0.0
2025-09-25,267,79,0.0,0.0,0.0,0.8038,0.0,0.0
2025-09-25,267,80,0.0,0.0,0.0,0.8058,0.0,0.0
2025-09-25,267,81,0.0,0.0,0.0,0.8313,0.0,0.0
2025-09-25,267,82,0.0,0.0,0.0,0.8882,0.0,0.0
2025-09-25,267,83,0.0,0.0,0.0,0.9307,0.0,0.0
2025-09-25,267,84,0.0,0.0,0.0,0.8939,0.0,0.0
2025-09-25,267,85,0.0,0.0,0.0,0.894,0.0,0.0
2025-09-25,267,86,0.0,0.0,0.0,0.9666,0.0,0.0
2025-09-25,267,87,0.0,0.0,0.0,1.0102,0.0,0.0
2025-09-25,267,88,0.0,0.0,0.0,0.8955,0.0,0.0
2025-09-25,267,89,85.71302083333353,85.71302083333353,0.0,0.7229,61.96194276041681,61.96194276041681
2025-09-25,267,90,194.59179768518575,194.59179768518575,0.0,0.7259,141.25418593967635,141.25418593967635
2025-09-25,267,91,211.96198750000008,211.96198750000008,0.0,0.7405,156.95785174375007,156.95785174375007
2025-09-25,267,92,259.60193749999996,259.60193749999996,0.0,0.7225,187.56239984374997,187.56239984374997
2025-09-25,267,93,293.54932250000024,293.54932250000024,0.0,0.795,233.3717113875002,233.3717113875002
2025-09-25,267,94,357.1949075,357.1949075,0.0,0.8649,308.93787549675,308.93787549675
2025-09-25,267,95,448.89018750000014,448.89018750000014,0.0,0.8769,393.6318054187501,393.6318054187501
2025-09-25,267,96,497.4243100000002,497.4243100000002,0.0,0.8696,432.5601799760002,432.5601799760002
2025-09-25,267,97,545.6970175000001,545.6970175000001,0.0,0.8803,480.3770845052501,480.3770845052501
2025-09-25,267,98,592.0713958333336,592.0713958333336,0.0,0.9263,548.4357339604169,548.4357339604169
2025-09-25,267,99,644.1256225,644.1256225,0.0,0.9878,636.2672899055,636.2672899055
2025-09-25,267,100,719.1220166666667,719.1220166666667,0.0,0.9772,702.7260346866667,702.7260346866667
2025-09-25,267,101,795.6265625000002,795.6265625000002,0.0,0.9498,755.6861090625001,755.6861090625001
2025-09-25,267,102,834.6686158333334,834.6686158333334,0.0,1.0411,868.9734959440833,868.9734959440833
2025-09-25,267,103,876.8832550000001,876.8832550000001,0.0,1.0782,945.4555255410002,945.4555255410002
2025-09-25,267,104,950.1795208333332,950.1795208333332,0.0,1.0225,971.5585600520832,971.5585600520832
2025-09-25,267,105,1019.2151533333334,1019.2151533333334,0.0,1.0274,1047.141648534667,1047.141648534667
2025-09-25,267,106,918.4618066666668,918.4618066666668,0.0,1.1566,1062.292925590667,1062.292925590667
2025-09-25,267,107,0.0,0.0,0.0,1.2938,0.0,0.0
2025-09-25,267,108,0.0,0.0,0.0,1.2626,0.0,0.0
2025-09-25,267,109,1.5564425000001307,1.5564425000001307,0.0,1.2548,1.953024049000164,1.953024049000164
2025-09-25,267,110,824.1630833333334,824.1630833333334,0.0,1.3213,1088.9666820083332,1088.9666820083332
2025-09-25,267,111,783.2516616666666,783.2516616666666,0.0,1.3288,1040.7848080226665,1040.7848080226665
2025-09-25,267,112,523.2682912150672,523.2682912150672,0.0,1.3455,704.0574858298728,704.0574858298728
2025-09-25,267,113,0.0,0.0,0.0,1.3825,0.0,0.0
2025-09-25,267,114,0.0,0.0,0.0,1.3683,0.0,0.0
2025-09-25,267,115,0.0,0.0,0.0,1.3408,0.0,0.0
2025-09-25,267,116,772.2188333333334,772.2188333333334,0.0,1.3084,1010.3711215333334,1010.3711215333334
2025-09-25,267,117,0.0,0.0,0.0,1.2537,0.0,0.0
2025-09-25,267,118,0.0,0.0,0.0,1.2821,0.0,0.0
2025-09-25,267,119,805.7351666666667,805.7351666666667,0.0,1.3578,1094.0272092999999,1094.0272092999999
2025-09-25,267,120,807.6004949999999,807.6004949999999,0.0,1.3341,1077.4198203795,1077.4198203795
2025-09-25,267,121,0.0,0.0,0.0,1.3039,0.0,0.0
2025-09-25,267,122,0.0,0.0,0.0,1.3298,0.0,0.0
2025-09-25,267,123,0.0,0.0,0.0,1.3524,0.0,0.0
2025-09-25,267,124,812.0967275,812.0967275,0.0,1.2071,980.2819597652501,980.2819597652501
2025-09-25,267,125,800.1633333333333,800.1633333333333,0.0,1.0099,808.0849503333333,808.0849503333333
2025-09-25,267,126,1647.8606633333334,1647.8606633333334,0.0,1.042,1717.0708111933334,1717.0708111933334
2025-09-25,267,127,813.0461891666666,813.0461891666666,0.0,1.0406,846.0558644468333,846.0558644468333
2025-09-25,267,128,816.0450000000002,816.0450000000002,0.0,0.973,794.0117850000001,794.0117850000001
2025-09-25,267,129,103.75957750000009,103.75957750000009,0.0,1.0255,106.4054467262501,106.4054467262501
2025-09-25,267,130,756.2895558333333,756.2895558333333,0.0,0.8104,612.8970560473333,612.8970560473333
2025-09-25,267,131,1422.2997500000001,1422.2997500000001,0.0,0.4216,599.6415746,599.6415746
2025-09-25,267,132,1365.5814327508879,1365.5814327508879,0.0,0.3856,526.5682004687424,526.5682004687424
2025-09-25,267,133,0.0,0.0,0.0,0.4528,0.0,0.0
2025-09-25,267,134,593.0628333333334,593.0628333333334,0.0,0.4451,263.97226711666667,263.97226711666667
2025-09-25,267,135,1421.4898408333333,1421.4898408333333,0.0,0.4427,629.2935525369166,629.2935525369166
2025-09-25,267,136,1431.2189533333333,1431.2189533333333,0.0,0.4709,673.9610051246666,673.9610051246666
2025-09-25,267,137,1440.5655000000002,1440.5655000000002,0.0,0.4977,716.96944935,716.96944935
2025-09-25,267,138,615.0373883333333,615.0373883333333,0.0,0.4751,292.20426319716665,292.20426319716665
2025-09-25,267,139,602.3606533333335,602.3606533333335,0.0,0.4543,273.6524448093334,273.6524448093334
2025-09-25,267,140,592.31425,592.31425,0.0,0.4637,274.656117725,274.656117725
2025-09-25,267,141,624.6959491666667,624.6959491666667,0.0,0.4732,295.6061231456667,295.6061231456667
2025-09-25,267,142,1429.9378141666666,1429.9378141666666,0.0,0.4135,591.2792861579167,591.2792861579167
2025-09-25,267,143,1337.8825833333333,1337.8825833333333,0.0,0.3266,436.95245171666664,436.95245171666664
2025-09-26,268,0,483.11877166666665,483.11877166666665,0.0,0.3283,158.60789273816664,158.60789273816664
2025-09-26,268,1,0.0,0.0,0.0,0.3539,0.0,0.0
2025-09-26,268,2,0.0,0.0,0.0,0.3492,0.0,0.0
2025-09-26,268,3,516.9641966666668,516.9641966666668,0.0,0.3272,169.15068514933338,169.15068514933338
2025-09-26,268,4,1342.0383956331887,1342.0383956331887,0.0,0.3349,449.44865869755483,449.44865869755483
2025-09-26,268,5,0.0,0.0,0.0,0.3395,0.0,0.0
2025-09-26,268,6,0.0,0.0,0.0,0.2731,0.0,0.0
2025-09-26,268,7,0.0,0.0,0.0,0.2664,0.0,0.0
2025-09-26,268,8,1341.9816666666666,1341.9816666666666,0.0,0.3132,420.3086579999999,420.3086579999999
2025-09-26,268,9,517.1449741666668,517.1449741666668,0.0,0.2803,144.9557362589167,144.9557362589167
2025-09-26,268,10,0.0,0.0,0.0,0.2695,0.0,0.0
2025-09-26,268,11,445.26070837099746,445.26070837099746,0.0,0.3082,137.2293503199414,137.2293503199414
2025-09-26,268,12,1347.4861291666666,1347.4861291666666,0.0,0.3199,431.06081272041666,431.06081272041666
2025-09-26,268,13,1341.2877799999999,1341.2877799999999,0.0,0.3519,471.99916978199997,471.99916978199997
2025-09-26,268,14,1329.5978333333333,1329.5978333333333,0.0,0.3823,508.30525168333327,508.30525168333327
2025-09-26,268,15,497.28664083333337,497.28664083333337,0.0,0.3365,167.33695464041668,167.33695464041668
2025-09-26,268,16,516.8254741666667,516.8254741666667,0.0,0.3317,171.43100978108333,171.43100978108333
2025-09-26,268,17,537.1649166666666,537.1649166666666,0.0,0.3656,196.3874935333333,196.3874935333333
2025-09-26,268,18,1362.060145,1362.060145,0.0,0.3237,440.8988689365,440.8988689365
2025-09-26,268,19,1352.5056416666666,1352.5056416666666,0.0,0.3089,417.7889927108333,417.7889927108333
2025-09-26,268,20,514.2485,514.2485,0.0,0.3604,185.3351594,185.3351594
2025-09-26,268,21,503.55800500000004,503.55800500000004,0.0,0.4008,201.826048404,201.826048404
2025-09-26,268,22,0.0,0.0,0.0,0.3709,0.0,0.0
2025-09-26,268,23,0.0,0.0,0.0,0.3291,0.0,0.0
2025-09-26,268,24,512.1723308333333,512.1723308333333,0.0,0.3801,194.67670294974997,194.67670294974997
2025-09-26,268,25,514.2721558333334,514.2721558333334,0.0,0.377,193.88060274916668,193.88060274916668
2025-09-26,268,26,0.0,0.0,0.0,0.3165,0.0,0.0
2025-09-26,268,27,0.0,0.0,0.0,0.3479,0.0,0.0
2025-09-26,268,28,537.1316358333335,537.1316358333335,0.0,0.403,216.4640492408334,216.4640492408334
2025-09-26,268,29,531.9409166666667,531.9409166666667,0.0,0.4038,214.79774215,214.79774215
2025-09-26,268,30,1359.0444825,1359.0444825,0.0,0.3473,471.99614877224997,471.99614877224997
2025-09-26,268,31,515.9276466666669,515.9276466666669,0.0,0.3368,173.7644313973334,173.7644313973334
2025-09-26,268,32,0.0,0.0,0.0,0.3513,0.0,0.0
2025-09-26,268,33,1323.2114525000002,1323.2114525000002,0.0,0.3066,405.69663133650005,405.69663133650005
2025-09-26,268,34,0.0,0.0,0.0,0.4491,0.0,0.0
2025-09-26,268,35,0.0,0.0,0.0,0.7313,0.0,0.0
2025-09-26,268,36,0.0,0.0,0.0,0.8244,0.0,0.0
2025-09-26,268,37,0.0,0.0,0.0,0.7817,0.0,0.0
2025-09-26,268,38,0.0,0.0,0.0,0.7104,0.0,0.0
2025-09-26,268,39,0.0,0.0,0.0,0.6665,0.0,0.0
2025-09-26,268,40,0.0,0.0,0.0,0.683,0.0,0.0
2025-09-26,268,41,0.0,0.0,0.0,0.7093,0.0,0.0
2025-09-26,268,42,0.0,0.0,0.0,0.6579,0.0,0.0
2025-09-26,268,43,0.0,0.0,0.0,0.6078,0.0,0.0
2025-09-26,268,44,0.0,0.0,0.0,0.5764,0.0,0.0
2025-09-26,268,45,0.0,0.0,0.0,0.5347,0.0,0.0
2025-09-26,268,46,0.0,0.0,0.0,0.6637,0.0,0.0
2025-09-26,268,47,0.0,0.0,0.0,0.8759,0.0,0.0
2025-09-26,268,48,0.0,0.0,0.0,0.8734,0.0,0.0
2025-09-26,268,49,0.0,0.0,0.0,0.8007,0.0,0.0
2025-09-26,268,50,0.0,0.0,0.0,0.7833,0.0,0.0
2025-09-26,268,51,0.0,0.0,0.0,0.8088,0.0,0.0
2025-09-26,268,52,0.0,0.0,0.0,0.8469,0.0,0.0
2025-09-26,268,53,0.0,0.0,0.0,0.8777,0.0,0.0
2025-09-26,268,54,0.0,0.0,0.0,0.8876,0.0,0.0
2025-09-26,268,55,0.0,0.0,0.0,0.8372,0.0,0.0
2025-09-26,268,56,0.0,0.0,0.0,0.759,0.0,0.0
2025-09-26,268,57,0.0,0.0,0.0,0.739,0.0,0.0
2025-09-26,268,58,0.0,0.0,0.0,0.7628,0.0,0.0
2025-09-26,268,59,0.0,0.0,0.0,0.7608,0.0,0.0
2025-09-26,268,60,0.0,0.0,0.0,0.678,0.0,0.0
2025-09-26,268,61,0.0,0.0,0.0,0.6295,0.0,0.0
2025-09-26,268,62,0.0,0.0,0.0,0.6677,0.0,0.0
2025-09-26,268,63,0.0,0.0,0.0,0.7036,0.0,0.0
2025-09-26,268,64,0.0,0.0,0.0,0.5207,0.0,0.0
2025-09-26,268,65,0.0,0.0,0.0,0.2374,0.0,0.0
2025-09-26,268,66,0.0,0.0,0.0,0.2072,0.0,0.0
2025-09-26,268,67,0.0,0.0,0.0,0.2706,0.0,0.0
2025-09-26,268,68,0.0,0.0,0.0,0.2758,0.0,0.0
2025-09-26,268,69,0.0,0.0,0.0,0.2323,0.0,0.0
2025-09-26,268,70,0.0,0.0,0.0,0.2317,0.0,0.0
2025-09-26,268,71,0.0,0.0,0.0,0.2806,0.0,0.0
2025-09-26,268,72,0.0,0.0,0.0,0.2953,0.0,0.0
2025-09-26,268,73,0.0,0.0,0.0,0.2473,0.0,0.0
2025-09-26,268,74,0.0,0.0,0.0,0.1786,0.0,0.0
2025-09-26,268,75,0.0,0.0,0.0,0.1871,0.0,0.0
2025-09-26,268,76,0.0,0.0,0.0,0.3618,0.0,0.0
2025-09-26,268,77,0.0,0.0,0.0,0.5668,0.0,0.0
2025-09-26,268,78,0.0,0.0,0.0,0.5601,0.0,0.0
2025-09-26,268,79,0.0,0.0,0.0,0.5518,0.0,0.0
2025-09-26,268,80,0.0,0.0,0.0,0.6187,0.0,0.0
2025-09-26,268,81,0.0,0.0,0.0,0.6295,0.0,0.0
2025-09-26,268,82,0.0,0.0,0.0,0.6154,0.0,0.0
2025-09-26,268,83,0.0,0.0,0.0,0.6145,0.0,0.0
2025-09-26,268,84,0.0,0.0,0.0,0.6232,0.0,0.0
2025-09-26,268,85,0.0,0.0,0.0,0.6208,0.0,0.0
2025-09-26,268,86,0.0,0.0,0.0,0.6448,0.0,0.0
2025-09-26,268,87,0.0,0.0,0.0,0.7272,0.0,0.0
2025-09-26,268,88,0.0,0.0,0.0,0.6438,0.0,0.0
2025-09-26,268,89,0.0,0.0,0.0,0.4515,0.0,0.0
2025-09-26,268,90,0.0,0.0,0.0,0.4432,0.0,0.0
2025-09-26,268,91,0.0,0.0,0.0,0.483,0.0,0.0
2025-09-26,268,92,24.684020833333534,24.684020833333534,0.0,0.4919,12.142069847916765,12.142069847916765
2025-09-26,268,93,80.94535916666666,80.94535916666666,0.0,0.5304,42.933418501999995,42.933418501999995
2025-09-26,268,94,154.3986808333333,154.3986808333333,0.0,0.5513,85.11999274341665,85.11999274341665
2025-09-26,268,95,234.5154583333334,234.5154583333334,0.0,0.5545,130.03882164583337,130.03882164583337
2025-09-26,268,96,282.2356616666667,282.2356616666667,0.0,0.5964,168.32534861800005,168.32534861800005
2025-09-26,268,97,336.03395250000005,336.03395250000005,0.0,0.6548,220.03503209700006,220.03503209700006
2025-09-26,268,98,388.3949583333334,388.3949583333334,0.0,0.7051,273.85728512083335,273.85728512083335
2025-09-26,268,99,428.89291000000003,428.89291000000003,0.0,0.7342,314.893174522,314.893174522
2025-09-26,268,100,456.0929208333333,456.0929208333333,0.0,0.7073,322.5945229054167,322.5945229054167
2025-09-26,268,101,488.4028333333334,488.4028333333334,0.0,0.6531,318.97589045,318.97589045
2025-09-26,268,102,532.3107,532.3107,0.0,0.6537,347.97150459,347.97150459
2025-09-26,268,103,565.1059508333334,565.1059508333334,0.0,0.7268,410.7190050656667,410.7190050656667
2025-09-26,268,104,609.5812708333334,609.5812708333334,0.0,0.7801,475.5343493770834,475.5343493770834
2025-09-26,268,105,693.4791008333334,693.4791008333334,0.0,0.7243,502.28691273358345,502.28691273358345
2025-09-26,268,106,695.5189958333334,695.5189958333334,0.0,0.8377,582.6362628095834,582.6362628095834
2025-09-26,268,107,0.0,0.0,0.0,1.0912,0.0,0.0
2025-09-26,268,108,0.0,0.0,0.0,1.1596,0.0,0.0
2025-09-26,268,109,0.0,0.0,0.0,1.131,0.0,0.0
2025-09-26,268,110,0.0,0.0,0.0,1.1107,0.0,0.0
2025-09-26,268,111,0.0,0.0,0.0,1.1099,0.0,0.0
2025-09-26,268,112,0.0,0.0,0.0,1.124,0.0,0.0
2025-09-26,268,113,614.9798287150672,614.9798287150672,0.0,1.1469,705.3203655533107,705.3203655533107
2025-09-26,268,114,0.0,0.0,0.0,1.1723,0.0,0.0
2025-09-26,268,115,0.0,0.0,0.0,1.1889,0.0,0.0
2025-09-26,268,116,0.0,0.0,0.0,1.1931,0.0,0.0
2025-09-26,268,117,0.0,0.0,0.0,1.1904,0.0,0.0
2025-09-26,268,118,0.0,0.0,0.0,1.182,0.0,0.0
2025-09-26,268,119,0.0,0.0,0.0,1.1594,0.0,0.0
2025-09-26,268,120,0.0,0.0,0.0,1.119,0.0,0.0
2025-09-26,268,121,658.250705,658.250705,0.0,1.1131,732.6988597355,732.6988597355
2025-09-26,268,122,651.6673333333334,651.6673333333334,0.0,1.1608,756.4554405333334,756.4554405333334
2025-09-26,268,123,0.0,0.0,0.0,1.1987,0.0,0.0
2025-09-26,268,124,660.1088625000001,660.1088625000001,0.0,1.035,683.2126726875,683.2126726875
2025-09-26,268,125,676.3245833333334,676.3245833333334,0.0,0.7906,534.7022155833333,534.7022155833333
2025-09-26,268,126,1522.26469,1522.26469,0.0,0.7889,1200.914613941,1200.914613941
2025-09-26,268,127,692.4767516666667,692.4767516666667,0.0,0.8002,554.1198966836668,554.1198966836668
2025-09-26,268,128,0.0,0.0,0.0,0.7794,0.0,0.0
2025-09-26,268,129,610.7661108333336,610.7661108333336,0.0,0.8717,532.4048188134169,532.4048188134169
2025-09-26,268,130,610.7605491666667,610.7605491666667,0.0,0.7018,428.63175340516665,428.63175340516665
2025-09-26,268,131,1362.2085833333333,1362.2085833333333,0.0,0.3567,485.899801675,485.899801675
2025-09-26,268,132,1333.6895425,1333.6895425,0.0,0.3287,438.38375261975,438.38375261975
2025-09-26,268,133,945.2463752508881,945.2463752508881,0.0,0.363,343.1244342160724,343.1244342160724
2025-09-26,268,134,0.0,0.0,0.0,0.3185,0.0,0.0
2025-09-26,268,135,0.0,0.0,0.0,0.3236,0.0,0.0
2025-09-26,268,136,547.3502475,547.3502475,0.0,0.3552,194.418807912,194.418807912
2025-09-26,268,137,543.6660833333334,543.6660833333334,0.0,0.3716,202.02631656666668,202.02631656666668
2025-09-26,268,138,1369.6386708333334,1369.6386708333334,0.0,0.3605,493.75474083541667,493.75474083541667
2025-09-26,268,139,1356.3317849999999,1356.3317849999999,0.0,0.3336,452.472283476,452.472283476
2025-09-26,268,140,1344.917,1344.917,0.0,0.3173,426.7421641,426.7421641
2025-09-26,268,141,1348.68232,1348.68232,0.0,0.3323,448.16713493599997,448.16713493599997
2025-09-26,268,142,1327.30364,1327.30364,0.0,0.3419,453.805114516,453.805114516
2025-09-26,268,143,503.9200000000001,503.9200000000001,0.0,0.3376,170.12339200000002,170.12339200000002
2025-09-27,269,0,0.0,0.0,0.0,0.3432,0.0,0.0
2025-09-27,269,1,0.0,0.0,0.0,0.3449,0.0,0.0
2025-09-27,269,2,450.1308333333334,450.1308333333334,0.0,0.3444,155.025059,155.025059
2025-09-27,269,3,441.95052833333335,441.95052833333335,0.0,0.3567,157.6437534565,157.6437534565
2025-09-27,269,4,0.0,0.0,0.0,0.3483,0.0,0.0
2025-09-27,269,5,0.0,0.0,0.0,0.3343,0.0,0.0
2025-09-27,269,6,0.0,0.0,0.0,0.3613,0.0,0.0
2025-09-27,269,7,432.05180000000007,432.05180000000007,0.0,0.3649,157.65570182000002,157.65570182000002
2025-09-27,269,8,447.72,447.72,0.0,0.3335,149.31462000000002,149.31462000000002
2025-09-27,269,9,445.73974416666664,445.73974416666664,0.0,0.3249,144.82084287975,144.82084287975
2025-09-27,269,10,0.0,0.0,0.0,0.3477,0.0,0.0
2025-09-27,269,11,86.54483000443071,86.54483000443071,0.0,0.3725,32.23794917665044,32.23794917665044
2025-09-27,269,12,1294.1320666666666,1294.1320666666666,0.0,0.3632,470.02876661333335,470.02876661333335
2025-09-27,269,13,1285.0423883333333,1285.0423883333333,0.0,0.3556,456.9610732913334,456.9610732913334
2025-09-27,269,14,1287.8112576145616,1287.8112576145616,0.0,0.3587,461.93789810634325,461.93789810634325
2025-09-27,269,15,458.21615,458.21615,0.0,0.3472,159.09264728000002,159.09264728000002
2025-09-27,269,16,454.4188541666667,454.4188541666667,0.0,0.3396,154.320642875,154.320642875
2025-09-27,269,17,450.3694166666667,450.3694166666667,0.0,0.3584,161.41239893333335,161.41239893333335
2025-09-27,269,18,0.0,0.0,0.0,0.3946,0.0,0.0
2025-09-27,269,19,0.0,0.0,0.0,0.3501,0.0,0.0
2025-09-27,269,20,468.30216666666666,468.30216666666666,0.0,0.2867,134.26223118333334,134.26223118333334
2025-09-27,269,21,447.7017475,447.7017475,0.0,0.3633,162.65004486675002,162.65004486675002
2025-09-27,269,22,445.04603333333336,445.04603333333336,0.0,0.4071,181.17824017,181.17824017
2025-09-27,269,23,463.4735000000001,463.4735000000001,0.0,0.3517,163.00362995000003,163.00362995000003
2025-09-27,269,24,0.0,0.0,0.0,0.3041,0.0,0.0
2025-09-27,269,25,0.0,0.0,0.0,0.3009,0.0,0.0
2025-09-27,269,26,1284.6156666666666,1284.6156666666666,0.0,0.336,431.630864,431.630864
2025-09-27,269,27,1280.6569941666667,1280.6569941666667,0.0,0.3755,480.8867013095833,480.8867013095833
2025-09-27,269,28,466.265665,466.265665,0.0,0.3667,170.9796193555,170.9796193555
2025-09-27,269,29,484.26358333333343,484.26358333333343,0.0,0.3379,163.63266480833335,163.63266480833335
2025-09-27,269,30,470.7037991666668,470.7037991666668,0.0,0.3651,171.85395707575003,171.85395707575003
2025-09-27,269,31,0.0,0.0,0.0,0.3792,0.0,0.0
2025-09-27,269,32,464.72125000000005,464.72125000000005,0.0,0.3393,157.67992012500002,157.67992012500002
2025-09-27,269,33,1291.4601316666667,1291.4601316666667,0.0,0.307,396.4782604216667,396.4782604216667
2025-09-27,269,34,0.0,0.0,0.0,0.4789,0.0,0.0
2025-09-27,269,35,0.0,0.0,0.0,0.7502,0.0,0.0
2025-09-27,269,36,0.0,0.0,0.0,0.7986,0.0,0.0
2025-09-27,269,37,0.0,0.0,0.0,0.7639,0.0,0.0
2025-09-27,269,38,0.0,0.0,0.0,0.7535,0.0,0.0
2025-09-27,269,39,0.0,0.0,0.0,0.7343,0.0,0.0
2025-09-27,269,40,0.0,0.0,0.0,0.7155,0.0,0.0
2025-09-27,269,41,0.0,0.0,0.0,0.7148,0.0,0.0
2025-09-27,269,42,0.0,0.0,0.0,0.7283,0.0,0.0
2025-09-27,269,43,0.0,0.0,0.0,0.6868,0.0,0.0
2025-09-27,269,44,0.0,0.0,0.0,0.5831,0.0,0.0
2025-09-27,269,45,0.0,0.0,0.0,0.513,0.0,0.0
2025-09-27,269,46,0.0,0.0,0.0,0.6558,0.0,0.0
2025-09-27,269,47,0.0,0.0,0.0,0.8724,0.0,0.0
2025-09-27,269,48,0.0,0.0,0.0,0.8305,0.0,0.0
2025-09-27,269,49,0.0,0.0,0.0,0.765,0.0,0.0
2025-09-27,269,50,0.0,0.0,0.0,0.754,0.0,0.0
2025-09-27,269,51,0.0,0.0,0.0,0.659,0.0,0.0
2025-09-27,269,52,0.0,0.0,0.0,0.6699,0.0,0.0
2025-09-27,269,53,0.0,0.0,0.0,0.7722,0.0,0.0
2025-09-27,269,54,0.0,0.0,0.0,0.743,0.0,0.0
2025-09-27,269,55,0.0,0.0,0.0,0.6838,0.0,0.0
2025-09-27,269,56,0.0,0.0,0.0,0.6682,0.0,0.0
2025-09-27,269,57,0.0,0.0,0.0,0.6598,0.0,0.0
2025-09-27,269,58,0.0,0.0,0.0,0.6311,0.0,0.0
2025-09-27,269,59,0.0,0.0,0.0,0.5997,0.0,0.0
2025-09-27,269,60,0.0,0.0,0.0,0.6086,0.0,0.0
2025-09-27,269,61,0.0,0.0,0.0,0.638,0.0,0.0
2025-09-27,269,62,0.0,0.0,0.0,0.6453,0.0,0.0
2025-09-27,269,63,0.0,0.0,0.0,0.5813,0.0,0.0
2025-09-27,269,64,0.0,0.0,0.0,0.405,0.0,0.0
2025-09-27,269,65,0.0,0.0,0.0,0.2264,0.0,0.0
2025-09-27,269,66,0.0,0.0,0.0,0.2236,0.0,0.0
2025-09-27,269,67,0.0,0.0,0.0,0.2568,0.0,0.0
2025-09-27,269,68,0.0,0.0,0.0,0.2437,0.0,0.0
2025-09-27,269,69,0.0,0.0,0.0,0.2319,0.0,0.0
2025-09-27,269,70,0.0,0.0,0.0,0.2345,0.0,0.0
2025-09-27,269,71,0.0,0.0,0.0,0.2347,0.0,0.0
2025-09-27,269,72,0.0,0.0,0.0,0.2123,0.0,0.0
2025-09-27,269,73,0.0,0.0,0.0,0.208,0.0,0.0
2025-09-27,269,74,0.0,0.0,0.0,0.2301,0.0,0.0
2025-09-27,269,75,0.0,0.0,0.0,0.2666,0.0,0.0
2025-09-27,269,76,0.0,0.0,0.0,0.4091,0.0,0.0
2025-09-27,269,77,0.0,0.0,0.0,0.5763,0.0,0.0
2025-09-27,269,78,0.0,0.0,0.0,0.5837,0.0,0.0
2025-09-27,269,79,0.0,0.0,0.0,0.6168,0.0,0.0
2025-09-27,269,80,0.0,0.0,0.0,0.6905,0.0,0.0
2025-09-27,269,81,0.0,0.0,0.0,0.6386,0.0,0.0
2025-09-27,269,82,0.0,0.0,0.0,0.6246,0.0,0.0
2025-09-27,269,83,0.0,0.0,0.0,0.6964,0.0,0.0
2025-09-27,269,84,0.0,0.0,0.0,0.7285,0.0,0.0
2025-09-27,269,85,0.0,0.0,0.0,0.7084,0.0,0.0
2025-09-27,269,86,0.0,0.0,0.0,0.7121,0.0,0.0
2025-09-27,269,87,0.0,0.0,0.0,0.7926,0.0,0.0
2025-09-27,269,88,0.0,0.0,0.0,0.6963,0.0,0.0
2025-09-27,269,89,0.0,0.0,0.0,0.4847,0.0,0.0
2025-09-27,269,90,0.0,0.0,0.0,0.4882,0.0,0.0
2025-09-27,269,91,0.0,0.0,0.0,0.5516,0.0,0.0
2025-09-27,269,92,0.0,0.0,0.0,0.5382,0.0,0.0
2025-09-27,269,93,0.0,0.0,0.0,0.4875,0.0,0.0
2025-09-27,269,94,0.0,0.0,0.0,0.5511,0.0,0.0
2025-09-27,269,95,56.83275000000003,56.83275000000003,0.0,0.6813,38.72015257500002,38.72015257500002
2025-09-27,269,96,106.56716916666676,106.56716916666676,0.0,0.6803,72.4976451840834,72.4976451840834
2025-09-27,269,97,161.93987750000002,161.93987750000002,0.0,0.65,105.26092037500001,105.26092037500001
2025-09-27,269,98,229.4487916666668,229.4487916666668,0.0,0.6715,154.07486360416675,154.07486360416675
2025-09-27,269,99,0.0,0.0,0.0,0.7134,0.0,0.0
2025-09-27,269,100,303.5609133333335,303.5609133333335,0.0,0.692,210.06415202666676,210.06415202666676
2025-09-27,269,101,615.0697578703703,615.0697578703703,0.0,0.6532,401.7635658409259,401.7635658409259
2025-09-27,269,102,332.8543816666667,332.8543816666667,0.0,0.7188,239.25572954200004,239.25572954200004
2025-09-27,269,103,392.1822616666667,392.1822616666667,0.0,0.7525,295.1171519041667,295.1171519041667
2025-09-27,269,104,439.6202708333334,439.6202708333334,0.0,0.7262,319.2522406791667,319.2522406791667
2025-09-27,269,105,474.98567000000014,474.98567000000014,0.0,0.7711,366.2614501370001,366.2614501370001
2025-09-27,269,106,504.33103000000006,504.33103000000006,0.0,0.9513,479.77010883900005,479.77010883900005
2025-09-27,269,107,0.0,0.0,0.0,1.149,0.0,0.0
2025-09-27,269,108,0.0,0.0,0.0,1.1716,0.0,0.0
2025-09-27,269,109,0.0,0.0,0.0,1.1742,0.0,0.0
2025-09-27,269,110,347.4308978817379,347.4308978817379,0.0,1.2125,421.2599636816072,421.2599636816072
2025-09-27,269,111,531.4404391666667,531.4404391666667,0.0,1.1913,633.1049951792501,633.1049951792501
2025-09-27,269,112,0.0,0.0,0.0,1.1577,0.0,0.0
2025-09-27,269,113,0.0,0.0,0.0,1.1473,0.0,0.0
2025-09-27,269,114,0.0,0.0,0.0,1.1535,0.0,0.0
2025-09-27,269,115,0.0,0.0,0.0,1.1923,0.0,0.0
2025-09-27,269,116,0.0,0.0,0.0,1.2231,0.0,0.0
2025-09-27,269,117,0.0,0.0,0.0,1.1833,0.0,0.0
2025-09-27,269,118,0.0,0.0,0.0,1.1689,0.0,0.0
2025-09-27,269,119,0.0,0.0,0.0,1.198,0.0,0.0
2025-09-27,269,120,0.0,0.0,0.0,1.1957,0.0,0.0
2025-09-27,269,121,0.0,0.0,0.0,1.1848,0.0,0.0
2025-09-27,269,122,0.0,0.0,0.0,1.1857,0.0,0.0
2025-09-27,269,123,0.0,0.0,0.0,1.1647,0.0,0.0
2025-09-27,269,124,0.0,0.0,0.0,0.9929,0.0,0.0
2025-09-27,269,125,584.6375,584.6375,0.0,0.7923,463.20829125000006,463.20829125000006
2025-09-27,269,126,555.0668533333334,555.0668533333334,0.0,0.8257,458.31870079733335,458.31870079733335
2025-09-27,269,127,531.7176358333334,531.7176358333334,0.0,0.838,445.57937882833335,445.57937882833335
2025-09-27,269,128,545.9306666666668,545.9306666666668,0.0,0.8008,437.18127786666673,437.18127786666673
2025-09-27,269,129,561.4565966666667,561.4565966666667,0.0,0.8924,501.0438668653333,501.0438668653333
2025-09-27,269,130,543.0465358333335,543.0465358333335,0.0,0.7112,386.2146962846668,386.2146962846668
2025-09-27,269,131,498.6799166666667,498.6799166666667,0.0,0.3373,168.20473589166667,168.20473589166667
2025-09-27,269,132,1299.4884841666667,1299.4884841666667,0.0,0.2929,380.62017701241666,380.62017701241666
2025-09-27,269,133,463.9740550000001,463.9740550000001,0.0,0.3528,163.69004660400003,163.69004660400003
2025-09-27,269,134,1309.1965,1309.1965,0.0,0.3561,466.20487365,466.20487365
2025-09-27,269,135,1304.9145108333332,1304.9145108333332,0.0,0.3712,484.3842664213333,484.3842664213333
2025-09-27,269,136,1296.46882,1296.46882,0.0,0.3582,464.39513132400003,464.39513132400003
2025-09-27,269,137,454.314,454.314,0.0,0.3204,145.56220560000003,145.56220560000003
2025-09-27,269,138,450.41655,450.41655,0.0,0.3173,142.917171315,142.917171315
2025-09-27,269,139,1279.0991233333334,1279.0991233333334,0.0,0.344,440.0100984266667,440.0100984266667
2025-09-27,269,140,1275.5568333333333,1275.5568333333333,0.0,0.375,478.3338125,478.3338125
2025-09-27,269,141,1287.0123941666666,1287.0123941666666,0.0,0.3933,506.18197462574994,506.18197462574994
2025-09-27,269,142,392.8753806424662,392.8753806424662,0.0,0.43,168.93641367626046,168.93641367626046
2025-09-27,269,143,0.0,0.0,0.0,0.4657,0.0,0.0
2025-09-28,270,0,529.3930433333335,529.3930433333335,0.0,0.4443,235.20932915300006,235.20932915300006
2025-09-28,270,1,1345.796405,1345.796405,0.0,0.4135,556.4868134675,556.4868134675
2025-09-28,270,2,1359.13025,1359.13025,0.0,0.4117,559.5539239249999,559.5539239249999
2025-09-28,270,3,0.0,0.0,0.0,0.4375,0.0,0.0
2025-09-28,270,4,553.7025791666667,553.7025791666667,0.0,0.473,261.90131994583334,261.90131994583334
2025-09-28,270,5,1367.3224999999998,1367.3224999999998,0.0,0.4796,655.7678709999999,655.7678709999999
2025-09-28,270,6,1371.0933041666667,1371.0933041666667,0.0,0.4298,589.2959021308334,589.2959021308334
2025-09-28,270,7,539.3641650000001,539.3641650000001,0.0,0.4066,219.30546948900005,219.30546948900005
2025-09-28,270,8,0.0,0.0,0.0,0.4305,0.0,0.0
2025-09-28,270,9,535.991695,535.991695,0.0,0.4433,237.60511839350005,237.60511839350005
2025-09-28,270,10,0.06907107134956128,0.06907107134956128,0.0,0.4355,0.030080451572733938,0.030080451572733938
2025-09-28,270,11,0.0,0.0,0.0,0.441,0.0,0.0
2025-09-28,270,12,538.0753258333334,538.0753258333334,0.0,0.4877,262.4193364089167,262.4193364089167
2025-09-28,270,13,546.553225,546.553225,0.0,0.4645,253.87397301250002,253.87397301250002
2025-09-28,270,14,548.8240833333334,548.8240833333334,0.0,0.3972,217.99292590000005,217.99292590000005
2025-09-28,270,15,528.5414975000001,528.5414975000001,0.0,0.4214,222.72738704650004,222.72738704650004
2025-09-28,270,16,520.2323558333334,520.2323558333334,0.0,0.4289,223.1276574169167,223.1276574169167
2025-09-28,270,17,588.6471796698354,588.6471796698354,0.0,0.3879,228.33624099392915,228.33624099392915
2025-09-28,270,18,574.9552625,574.9552625,0.0,0.3864,222.16271343000003,222.16271343000003
2025-09-28,270,19,0.0,0.0,0.0,0.4345,0.0,0.0
2025-09-28,270,20,0.0,0.0,0.0,0.4659,0.0,0.0
2025-09-28,270,21,535.6806091666666,535.6806091666666,0.0,0.4122,220.80754709849998,220.80754709849998
2025-09-28,270,22,554.4208150000001,554.4208150000001,0.0,0.4096,227.09076582400004,227.09076582400004
2025-09-28,270,23,559.2402500000001,559.2402500000001,0.0,0.4587,256.52350267500003,256.52350267500003
2025-09-28,270,24,545.9077633333334,545.9077633333334,0.0,0.4337,236.76019695766666,236.76019695766666
2025-09-28,270,25,550.5535558333333,550.5535558333333,0.0,0.4417,243.17950561158332,243.17950561158332
2025-09-28,270,26,572.9979166666667,572.9979166666667,0.0,0.4772,273.43460583333336,273.43460583333336
2025-09-28,270,27,1403.4513583333332,1403.4513583333332,0.0,0.4265,598.5720043291666,598.5720043291666
2025-09-28,270,28,1385.6320225,1385.6320225,0.0,0.4263,590.69493119175,590.69493119175
2025-09-28,270,29,541.0160000000001,541.0160000000001,0.0,0.4822,260.8779152,260.8779152
2025-09-28,270,30,548.5127433333333,548.5127433333333,0.0,0.463,253.96140016333334,253.96140016333334
2025-09-28,270,31,559.6124041666667,559.6124041666667,0.0,0.463,259.1005431291667,259.1005431291667
2025-09-28,270,32,1394.45625,1394.45625,0.0,0.4698,655.11554625,655.11554625
2025-09-28,270,33,562.1503966666667,562.1503966666667,0.0,0.4112,231.15624310933333,231.15624310933333
2025-09-28,270,34,0.0,0.0,0.0,0.6159,0.0,0.0
2025-09-28,270,35,0.0,0.0,0.0,0.9611,0.0,0.0
2025-09-28,270,36,0.0,0.0,0.0,0.9668,0.0,0.0
2025-09-28,270,37,0.0,0.0,0.0,0.9204,0.0,0.0
2025-09-28,270,38,0.0,0.0,0.0,0.9625,0.0,0.0
2025-09-28,270,39,0.0,0.0,0.0,0.9392,0.0,0.0
2025-09-28,270,40,0.0,0.0,0.0,0.8936,0.0,0.0
2025-09-28,270,41,0.0,0.0,0.0,0.8656,0.0,0.0
2025-09-28,270,42,0.0,0.0,0.0,0.8457,0.0,0.0
2025-09-28,270,43,0.0,0.0,0.0,0.8499,0.0,0.0
2025-09-28,270,44,0.0,0.0,0.0,0.8327,0.0,0.0
2025-09-28,270,45,0.0,0.0,0.0,0.7593,0.0,0.0
2025-09-28,270,46,0.0,0.0,0.0,0.8927,0.0,0.0
2025-09-28,270,47,0.0,0.0,0.0,1.1625,0.0,0.0
2025-09-28,270,48,0.0,0.0,0.0,1.2089,0.0,0.0
2025-09-28,270,49,0.0,0.0,0.0,1.1468,0.0,0.0
2025-09-28,270,50,0.0,0.0,0.0,1.111,0.0,0.0
2025-09-28,270,51,0.0,0.0,0.0,1.1185,0.0,0.0
2025-09-28,270,52,0.0,0.0,0.0,1.1273,0.0,0.0
2025-09-28,270,53,0.0,0.0,0.0,1.115,0.0,0.0
2025-09-28,270,54,0.0,0.0,0.0,1.0909,0.0,0.0
2025-09-28,270,55,0.0,0.0,0.0,1.0543,0.0,0.0
2025-09-28,270,56,0.0,0.0,0.0,1.0046,0.0,0.0
2025-09-28,270,57,0.0,0.0,0.0,0.9534,0.0,0.0
2025-09-28,270,58,0.0,0.0,0.0,0.9429,0.0,0.0
2025-09-28,270,59,0.0,0.0,0.0,0.964,0.0,0.0
2025-09-28,270,60,0.0,0.0,0.0,0.9621,0.0,0.0
2025-09-28,270,61,0.0,0.0,0.0,0.9374,0.0,0.0
2025-09-28,270,62,0.0,0.0,0.0,0.9196,0.0,0.0
2025-09-28,270,63,0.0,0.0,0.0,0.9146,0.0,0.0
2025-09-28,270,64,0.0,0.0,0.0,0.7828,0.0,0.0
2025-09-28,270,65,0.0,0.0,0.0,0.5838,0.0,0.0
2025-09-28,270,66,0.0,0.0,0.0,0.5347,0.0,0.0
2025-09-28,270,67,0.0,0.0,0.0,0.5426,0.0,0.0
2025-09-28,270,68,0.0,0.0,0.0,0.5129,0.0,0.0
2025-09-28,270,69,0.0,0.0,0.0,0.4497,0.0,0.0
2025-09-28,270,70,0.0,0.0,0.0,0.4316,0.0,0.0
2025-09-28,270,71,0.0,0.0,0.0,0.4524,0.0,0.0
2025-09-28,270,72,0.0,0.0,0.0,0.4389,0.0,0.0
2025-09-28,270,73,0.0,0.0,0.0,0.4573,0.0,0.0
2025-09-28,270,74,0.0,0.0,0.0,0.4905,0.0,0.0
2025-09-28,270,75,0.0,0.0,0.0,0.4812,0.0,0.0
2025-09-28,270,76,0.0,0.0,0.0,0.668,0.0,0.0
2025-09-28,270,77,0.0,0.0,0.0,0.9374,0.0,0.0
2025-09-28,270,78,0.0,0.0,0.0,0.912,0.0,0.0
2025-09-28,270,79,0.0,0.0,0.0,0.8546,0.0,0.0
2025-09-28,270,80,0.0,0.0,0.0,0.9043,0.0,0.0
2025-09-28,270,81,0.0,0.0,0.0,0.9307,0.0,0.0
2025-09-28,270,82,0.0,0.0,0.0,0.8842,0.0,0.0
2025-09-28,270,83,0.0,0.0,0.0,0.834,0.0,0.0
2025-09-28,270,84,0.0,0.0,0.0,0.8927,0.0,0.0
2025-09-28,270,85,0.0,0.0,0.0,0.9666,0.0,0.0
2025-09-28,270,86,0.0,0.0,0.0,1.0069,0.0,0.0
2025-09-28,270,87,0.0,0.0,0.0,1.0284,0.0,0.0
2025-09-28,270,88,0.0,0.0,0.0,0.9205,0.0,0.0
2025-09-28,270,89,0.0,0.0,0.0,0.7594,0.0,0.0
2025-09-28,270,90,15.763558333333435,15.763558333333435,0.0,0.7492,11.810057903333409,11.810057903333409
2025-09-28,270,91,38.51073416666668,38.51073416666668,0.0,0.7396,28.48253898966668,28.48253898966668
2025-09-28,270,92,92.55168750000007,92.55168750000007,0.0,0.7049,65.23968451875005,65.23968451875005
2025-09-28,270,93,140.8822150000002,140.8822150000002,0.0,0.7695,108.40886444250015,108.40886444250015
2025-09-28,270,94,220.01450833333342,220.01450833333342,0.0,0.8037,176.82566034750008,176.82566034750008
2025-09-28,270,95,331.4742708333333,331.4742708333333,0.0,0.7934,262.9916864791667,262.9916864791667
2025-09-28,270,96,394.76405666666665,394.76405666666665,0.0,0.8542,337.20745720466664,337.20745720466664
2025-09-28,270,97,431.47984666666673,431.47984666666673,0.0,0.904,390.05778138666676,390.05778138666676
2025-09-28,270,98,478.80902083333353,478.80902083333353,0.0,0.9304,445.48391298333354,445.48391298333354
2025-09-28,270,99,539.7058008333335,539.7058008333335,0.0,1.0009,540.1915360540834,540.1915360540834
2025-09-28,270,100,583.4472466666667,583.4472466666667,0.0,1.0239,597.391635862,597.391635862
2025-09-28,270,101,613.3971666666666,613.3971666666666,0.0,1.009,618.9177411666666,618.9177411666666
2025-09-28,270,102,666.2192175,666.2192175,0.0,1.0645,709.19035702875,709.19035702875
2025-09-28,270,103,703.6772741666667,703.6772741666667,0.0,1.1249,791.5665657100834,791.5665657100834
2025-09-28,270,104,742.9495416666668,742.9495416666668,0.0,1.1412,847.8540169500002,847.8540169500002
2025-09-28,270,105,818.6895233333332,818.6895233333332,0.0,1.1397,933.0604497429998,933.0604497429998
2025-09-28,270,106,780.4879833333333,780.4879833333333,0.0,1.1948,932.5270424866667,932.5270424866667
2025-09-28,270,107,0.0,0.0,0.0,1.2882,0.0,0.0
2025-09-28,270,108,0.0,0.0,0.0,1.3213,0.0,0.0
2025-09-28,270,109,0.0,0.0,0.0,1.2923,0.0,0.0
2025-09-28,270,110,0.0,0.0,0.0,1.2559,0.0,0.0
2025-09-28,270,111,0.0,0.0,0.0,1.2762,0.0,0.0
2025-09-28,270,112,0.0,0.0,0.0,1.3299,0.0,0.0
2025-09-28,270,113,0.0,0.0,0.0,1.347,0.0,0.0
2025-09-28,270,114,0.0,0.0,0.0,1.2853,0.0,0.0
2025-09-28,270,115,134.0162053817354,134.0162053817354,0.0,1.2985,174.02004268818342,174.02004268818342
2025-09-28,270,116,0.0,0.0,0.0,1.3657,0.0,0.0
2025-09-28,270,117,0.0,0.0,0.0,1.322,0.0,0.0
2025-09-28,270,118,0.0,0.0,0.0,1.3137,0.0,0.0
2025-09-28,270,119,710.68825,710.68825,0.0,1.3583,965.327849975,965.327849975
2025-09-28,270,120,708.6545000000001,708.6545000000001,0.0,1.321,936.1325945000001,936.1325945000001
2025-09-28,270,121,711.1142450000001,711.1142450000001,0.0,1.292,918.7596045400002,918.7596045400002
2025-09-28,270,122,713.7481666666666,713.7481666666666,0.0,1.3289,948.4999386833333,948.4999386833333
2025-09-28,270,123,0.0,0.0,0.0,1.3665,0.0,0.0
2025-09-28,270,124,705.2922533333335,705.2922533333335,0.0,1.2258,864.5472441360002,864.5472441360002
2025-09-28,270,125,707.86625,707.86625,0.0,0.9931,702.981972875,702.981972875
2025-09-28,270,126,729.1173108333332,729.1173108333332,0.0,0.9426,687.2659771914999,687.2659771914999
2025-09-28,270,127,1544.4317586111113,1544.4317586111113,0.0,0.9364,1446.2058987634446,1446.2058987634446
2025-09-28,270,128,705.8115000000001,705.8115000000001,0.0,0.9346,659.6514279000002,659.6514279000002
2025-09-28,270,129,0.0,0.0,0.0,1.002,0.0,0.0
2025-09-28,270,130,678.7347508333335,678.7347508333335,0.0,0.8251,560.0240429125834,560.0240429125834
2025-09-28,270,131,546.0509166666667,546.0509166666667,0.0,0.4849,264.7800894916667,264.7800894916667
2025-09-28,270,132,1198.006765065703,1198.006765065703,0.0,0.4096,490.7035709709119,490.7035709709119
2025-09-28,270,133,0.0,0.0,0.0,0.4584,0.0,0.0
2025-09-28,270,134,1356.3245833333333,1356.3245833333333,0.0,0.4715,639.5070410416666,639.5070410416666
2025-09-28,270,135,1376.2505641666667,1376.2505641666667,0.0,0.4414,607.4769990231667,607.4769990231667
2025-09-28,270,136,1395.446105,1395.446105,0.0,0.449,626.555301145,626.555301145
2025-09-28,270,137,552.5470833333334,552.5470833333334,0.0,0.4773,263.730722875,263.730722875
2025-09-28,270,138,1378.2794458333333,1378.2794458333333,0.0,0.4399,606.3051282220833,606.3051282220833
2025-09-28,270,139,548.0980725000001,548.0980725000001,0.0,0.4422,242.36896765950002,242.36896765950002
2025-09-28,270,140,554.2886666666667,554.2886666666667,0.0,0.477,264.395694,264.395694
2025-09-28,270,141,1386.4183966666665,1386.4183966666665,0.0,0.4341,601.8442259929999,601.8442259929999
2025-09-28,270,142,1393.0488858333333,1393.0488858333333,0.0,0.4343,605.0011311174167,605.0011311174167
2025-09-28,270,143,582.9661666666666,582.9661666666666,0.0,0.4891,285.12875211666665,285.12875211666665
2025-09-29,271,0,615.6340916666668,615.6340916666668,0.0,0.4795,295.1965469541667,295.1965469541667
2025-09-29,271,1,1432.909435,1432.909435,0.0,0.4361,624.8918046035,624.8918046035
2025-09-29,271,2,569.4647500000001,569.4647500000001,0.0,0.4072,231.88604620000004,231.88604620000004
2025-09-29,271,3,0.0,0.0,0.0,0.4102,0.0,0.0
2025-09-29,271,4,0.0,0.0,0.0,0.4235,0.0,0.0
2025-09-29,271,5,1419.8298333333332,1419.8298333333332,0.0,0.4268,605.9833728666666,605.9833728666666
2025-09-29,271,6,1413.99942,1413.99942,0.0,0.4213,595.7179556460001,595.7179556460001
2025-09-29,271,7,1406.8778075,1406.8778075,0.0,0.4466,628.3116288295,628.3116288295
2025-09-29,271,8,572.9475833333333,572.9475833333333,0.0,0.4732,271.11879643333333,271.11879643333333
2025-09-29,271,9,605.1803791666667,605.1803791666667,0.0,0.4345,262.9508747479167,262.9508747479167
2025-09-29,271,10,1447.2342800000001,1447.2342800000001,0.0,0.4239,613.482611292,613.482611292
2025-09-29,271,11,1429.3542499999999,1429.3542499999999,0.0,0.4514,645.21050845,645.21050845
2025-09-29,271,12,605.8413041666668,605.8413041666668,0.0,0.4406,266.93367861583334,266.93367861583334
2025-09-29,271,13,0.0,0.0,0.0,0.462,0.0,0.0
2025-09-29,271,14,0.0,0.0,0.0,0.5005,0.0,0.0
2025-09-29,271,15,0.0,0.0,0.0,0.4664,0.0,0.0
2025-09-29,271,16,595.601385,595.601385,0.0,0.4609,274.5126783465,274.5126783465
2025-09-29,271,17,586.4494166666666,586.4494166666666,0.0,0.4888,286.65647486666666,286.65647486666666
2025-09-29,271,18,585.9322041666666,585.9322041666666,0.0,0.4525,265.1343223854166,265.1343223854166
2025-09-29,271,19,598.7263108333334,598.7263108333334,0.0,0.4242,253.97970105550004,253.97970105550004
2025-09-29,271,20,613.6995000000001,613.6995000000001,0.0,0.431,264.50448450000005,264.50448450000005
2025-09-29,271,21,0.0,0.0,0.0,0.4253,0.0,0.0
2025-09-29,271,22,0.05606230797934586,0.05606230797934586,0.0,0.4164,0.023344345042599617,0.023344345042599617
2025-09-29,271,23,1428.3889166666668,1428.3889166666668,0.0,0.425,607.0652895833333,607.0652895833333
2025-09-29,271,24,1438.983995,1438.983995,0.0,0.4566,657.0400921170001,657.0400921170001
2025-09-29,271,25,1446.0943241666666,1446.0943241666666,0.0,0.4703,680.0981606555833,680.0981606555833
2025-09-29,271,26,605.6822500000001,605.6822500000001,0.0,0.4524,274.01064990000003,274.01064990000003
2025-09-29,271,27,1426.4703591666666,1426.4703591666666,0.0,0.4291,612.0984311184167,612.0984311184167
2025-09-29,271,28,1428.1796749999999,1428.1796749999999,0.0,0.4286,612.1178087049999,612.1178087049999
2025-09-29,271,29,1438.8761666666667,1438.8761666666667,0.0,0.4468,642.8898712666667,642.8898712666667
2025-09-29,271,30,604.1261708333334,604.1261708333334,0.0,0.4537,274.09204370708335,274.09204370708335
2025-09-29,271,31,611.8145691666667,611.8145691666667,0.0,0.4453,272.4410276499167,272.4410276499167
2025-09-29,271,32,614.4001666666667,614.4001666666667,0.0,0.4053,249.01638755,249.01638755
2025-09-29,271,33,840.2642511780964,840.2642511780964,0.0,0.3708,311.56998433683816,311.56998433683816
2025-09-29,271,34,438.01477954840175,438.01477954840175,0.0,0.6446,282.34432689689976,282.34432689689976
2025-09-29,271,35,0.0,0.0,0.0,1.0402,0.0,0.0
2025-09-29,271,36,0.0,0.0,0.0,1.0329,0.0,0.0
2025-09-29,271,37,0.0,0.0,0.0,0.9511,0.0,0.0
2025-09-29,271,38,0.0,0.0,0.0,0.9656,0.0,0.0
2025-09-29,271,39,0.0,0.0,0.0,0.9285,0.0,0.0
2025-09-29,271,40,0.0,0.0,0.0,0.9181,0.0,0.0
2025-09-29,271,41,0.0,0.0,0.0,0.9204,0.0,0.0
2025-09-29,271,42,0.0,0.0,0.0,0.8346,0.0,0.0
2025-09-29,271,43,0.0,0.0,0.0,0.8137,0.0,0.0
2025-09-29,271,44,0.0,0.0,0.0,0.8214,0.0,0.0
2025-09-29,271,45,0.0,0.0,0.0,0.71,0.0,0.0
2025-09-29,271,46,0.0,0.0,0.0,0.8773,0.0,0.0
2025-09-29,271,47,0.0,0.0,0.0,1.2209,0.0,0.0
2025-09-29,271,48,0.0,0.0,0.0,1.2122,0.0,0.0
2025-09-29,271,49,0.0,0.0,0.0,1.1599,0.0,0.0
2025-09-29,271,50,0.0,0.0,0.0,1.2007,0.0,0.0
2025-09-29,271,51,0.0,0.0,0.0,1.1498,0.0,0.0
2025-09-29,271,52,0.0,0.0,0.0,1.0852,0.0,0.0
2025-09-29,271,53,0.0,0.0,0.0,1.0516,0.0,0.0
2025-09-29,271,54,0.0,0.0,0.0,1.0081,0.0,0.0
2025-09-29,271,55,0.0,0.0,0.0,0.9829,0.0,0.0
2025-09-29,271,56,0.0,0.0,0.0,0.9877,0.0,0.0
2025-09-29,271,57,0.0,0.0,0.0,0.9971,0.0,0.0
2025-09-29,271,58,0.0,0.0,0.0,0.9804,0.0,0.0
2025-09-29,271,59,0.0,0.0,0.0,0.9427,0.0,0.0
2025-09-29,271,60,0.0,0.0,0.0,0.9173,0.0,0.0
2025-09-29,271,61,0.0,0.0,0.0,0.903,0.0,0.0
2025-09-29,271,62,0.0,0.0,0.0,0.9232,0.0,0.0
2025-09-29,271,63,0.0,0.0,0.0,0.9742,0.0,0.0
2025-09-29,271,64,0.0,0.0,0.0,0.8293,0.0,0.0
2025-09-29,271,65,0.0,0.0,0.0,0.5562,0.0,0.0
2025-09-29,271,66,117.60591087214675,117.60591087214675,0.0,0.4693,55.192453972298466,55.192453972298466
2025-09-29,271,67,0.0,0.0,0.0,0.4713,0.0,0.0
2025-09-29,271,68,513.5325416666667,513.5325416666667,0.0,0.4667,239.66563719583334,239.66563719583334
2025-09-29,271,69,0.0,0.0,0.0,0.4612,0.0,0.0
2025-09-29,271,70,487.10028166666666,487.10028166666666,0.0,0.4333,211.06055204616666,211.06055204616666
2025-09-29,271,71,448.00297916666693,448.00297916666693,0.0,0.398,178.30518570833345,178.30518570833345
2025-09-29,271,72,426.4035158333336,426.4035158333336,0.0,0.4038,172.1817396935001,172.1817396935001
2025-09-29,271,73,447.23831416666667,447.23831416666667,0.0,0.4511,201.74920352058334,201.74920352058334
2025-09-29,271,74,470.151666666667,470.151666666667,0.0,0.4881,229.48102850000015,229.48102850000015
2025-09-29,271,75,491.7816725,491.7816725,0.0,0.4807,236.39944997075003,236.39944997075003
2025-09-29,271,76,0.0,0.0,0.0,0.6114,0.0,0.0
2025-09-29,271,77,0.0,0.0,0.0,0.822,0.0,0.0
2025-09-29,271,78,0.0,0.0,0.0,0.8598,0.0,0.0
2025-09-29,271,79,0.0,0.0,0.0,0.869,0.0,0.0
2025-09-29,271,80,0.0,0.0,0.0,0.9237,0.0,0.0
2025-09-29,271,81,0.0,0.0,0.0,0.9412,0.0,0.0
2025-09-29,271,82,0.0,0.0,0.0,0.9021,0.0,0.0
2025-09-29,271,83,0.0,0.0,0.0,0.8653,0.0,0.0
2025-09-29,271,84,0.0,0.0,0.0,0.9096,0.0,0.0
2025-09-29,271,85,0.0,0.0,0.0,0.9558,0.0,0.0
2025-09-29,271,86,0.0,0.0,0.0,0.9902,0.0,0.0
2025-09-29,271,87,0.0,0.0,0.0,1.0396,0.0,0.0
2025-09-29,271,88,0.0,0.0,0.0,0.8896,0.0,0.0
2025-09-29,271,89,275.9606037037029,275.9606037037029,0.0,0.6594,181.96842208222168,181.96842208222168
2025-09-29,271,90,180.1587033333335,180.1587033333335,0.0,0.7133,128.5072030876668,128.5072030876668
2025-09-29,271,91,234.56713500000023,234.56713500000023,0.0,0.8244,193.3771460940002,193.3771460940002
2025-09-29,271,92,294.3874166666668,294.3874166666668,0.0,0.8247,242.78130252500011,242.78130252500011
2025-09-29,271,93,331.60211500000014,331.60211500000014,0.0,0.7752,257.0579595480001,257.0579595480001
2025-09-29,271,94,373.30577333333326,373.30577333333326,0.0,0.8028,299.68987483199993,299.68987483199993
2025-09-29,271,95,441.6674374999999,441.6674374999999,0.0,0.8892,392.7306854249999,392.7306854249999
2025-09-29,271,96,500.4304491666669,500.4304491666669,0.0,0.9101,455.44175178658355,455.44175178658355
2025-09-29,271,97,572.5860325000001,572.5860325000001,0.0,0.9492,543.4986620490001,543.4986620490001
2025-09-29,271,98,649.4852708333333,649.4852708333333,0.0,0.9926,644.6790798291667,644.6790798291667
2025-09-29,271,99,689.8996050000001,689.8996050000001,0.0,0.9445,651.6101769225,651.6101769225
2025-09-29,271,100,732.2387558333334,732.2387558333334,0.0,0.9756,714.372130191,714.372130191
2025-09-29,271,101,791.0933958333333,791.0933958333333,0.0,1.0743,849.8716351437499,849.8716351437499
2025-09-29,271,102,854.2990025000001,854.2990025000001,0.0,1.0572,903.1649054430001,903.1649054430001
2025-09-29,271,103,903.6654408333335,903.6654408333335,0.0,1.049,947.9450474341668,947.9450474341668
2025-09-29,271,104,965.7722291666665,965.7722291666665,0.0,1.0922,1054.8164286958333,1054.8164286958333
2025-09-29,271,105,1052.2439366666667,1052.2439366666667,0.0,1.1091,1167.043750157,1167.043750157
2025-09-29,271,106,961.8997950000002,961.8997950000002,0.0,1.1822,1137.1579376490001,1137.1579376490001
2025-09-29,271,107,0.0,0.0,0.0,1.2865,0.0,0.0
2025-09-29,271,108,0.0,0.0,0.0,1.2992,0.0,0.0
2025-09-29,271,109,776.4750683333333,776.4750683333333,0.0,1.3037,1012.2905465861667,1012.2905465861667
2025-09-29,271,110,329.576301215068,329.576301215068,0.0,1.3354,440.1161926426018,440.1161926426018
2025-09-29,271,111,757.4402225000001,757.4402225000001,0.0,1.345,1018.7570992625001,1018.7570992625001
2025-09-29,271,112,762.0548333333336,762.0548333333336,0.0,1.3462,1025.8782166333337,1025.8782166333337
2025-09-29,271,113,0.0,0.0,0.0,1.3341,0.0,0.0
2025-09-29,271,114,0.0,0.0,0.0,1.2907,0.0,0.0
2025-09-29,271,115,0.0,0.0,0.0,1.2838,0.0,0.0
2025-09-29,271,116,0.0,0.0,0.0,1.2907,0.0,0.0
2025-09-29,271,117,0.0,0.0,0.0,1.2328,0.0,0.0
2025-09-29,271,118,818.3410066666667,818.3410066666667,0.0,1.2498,1022.762590132,1022.762590132
2025-09-29,271,119,0.0,0.0,0.0,1.3334,0.0,0.0
2025-09-29,271,120,0.0,0.0,0.0,1.3322,0.0,0.0
2025-09-29,271,121,0.0,0.0,0.0,1.3337,0.0,0.0
2025-09-29,271,122,781.4190833333334,781.4190833333334,0.0,1.3651,1066.7151906583335,1066.7151906583335
2025-09-29,271,123,0.0,0.0,0.0,1.3354,0.0,0.0
2025-09-29,271,124,793.7291383333334,793.7291383333334,0.0,1.1719,930.1711772128333,930.1711772128333
2025-09-29,271,125,786.8945833333335,786.8945833333335,0.0,0.9728,765.4910506666668,765.4910506666668
2025-09-29,271,126,830.5668666666667,830.5668666666667,0.0,0.9282,770.93216564,770.93216564
2025-09-29,271,127,820.6995683333333,820.6995683333333,0.0,0.9449,775.4790221181667,775.4790221181667
2025-09-29,271,128,783.1168333333334,783.1168333333334,0.0,0.9886,774.1893014333334,774.1893014333334
2025-09-29,271,129,821.7305925000001,821.7305925000001,0.0,1.0603,871.2809472277501,871.2809472277501
2025-09-29,271,130,762.6444075000002,762.6444075000002,0.0,0.807,615.4540368525002,615.4540368525002
2025-09-29,271,131,617.836,617.836,0.0,0.3951,244.1070036,244.1070036
2025-09-29,271,132,1416.4902025000001,1416.4902025000001,0.0,0.3794,537.4163828285001,537.4163828285001
2025-09-29,271,133,596.3989933333334,596.3989933333334,0.0,0.4466,266.3517904226667,266.3517904226667
2025-09-29,271,134,1335.8291704126755,1335.8291704126755,0.0,0.4244,566.9258999231395,566.9258999231395
2025-09-29,271,135,1402.7682133333333,1402.7682133333333,0.0,0.4559,639.5220284586667,639.5220284586667
2025-09-29,271,136,585.3245766666668,585.3245766666668,0.0,0.4893,286.399315363,286.399315363
2025-09-29,271,137,0.0,0.0,0.0,0.4796,0.0,0.0
2025-09-29,271,138,1451.9157508333333,1451.9157508333333,0.0,0.4467,648.57076589725,648.57076589725
2025-09-29,271,139,1449.5803033333332,1449.5803033333332,0.0,0.4315,625.4939008883333,625.4939008883333
2025-09-29,271,140,618.4426666666667,618.4426666666667,0.0,0.4422,273.4753472,273.4753472
2025-09-29,271,141,601.8343850233973,601.8343850233973,0.0,0.4567,274.85776364018557,274.85776364018557
2025-09-29,271,142,1424.6562791666665,1424.6562791666665,0.0,0.4793,682.8377546045833,682.8377546045833
2025-09-29,271,143,1417.0214583333332,1417.0214583333332,0.0,0.4838,685.5549815416666,685.5549815416666
2025-09-30,272,0,1426.3336033333333,1426.3336033333333,0.0,0.4387,625.7325517823333,625.7325517823333
2025-09-30,272,1,583.6732691666666,583.6732691666666,0.0,0.435,253.89787208749996,253.89787208749996
2025-09-30,272,2,584.7945833333334,584.7945833333334,0.0,0.4695,274.561056875,274.561056875
2025-09-30,272,3,1433.7114508333334,1433.7114508333334,0.0,0.4485,643.01958569875,643.01958569875
2025-09-30,272,4,1432.1172891666665,1432.1172891666665,0.0,0.4142,593.1829811728333,593.1829811728333
2025-09-30,272,5,582.9180833333334,582.9180833333334,0.0,0.4084,238.06374523333332,238.06374523333332
2025-09-30,272,6,582.9974416666668,582.9974416666668,0.0,0.4248,247.65731322000005,247.65731322000005
2025-09-30,272,7,580.5155316666668,580.5155316666668,0.0,0.4107,238.41772885550006,238.41772885550006
2025-09-30,272,8,572.1829166666668,572.1829166666668,0.0,0.3733,213.59588279166672,213.59588279166672
2025-09-30,272,9,585.3015775,585.3015775,0.0,0.369,215.9762820975,215.9762820975
2025-09-30,272,10,1420.0610637406508,1420.0610637406508,0.0,0.3689,523.8605264139261,523.8605264139261
2025-09-30,272,11,579.4371666666667,579.4371666666667,0.0,0.3695,214.10203308333334,214.10203308333334
2025-09-30,272,12,0.0,0.0,0.0,0.4002,0.0,0.0
2025-09-30,272,13,0.0,0.0,0.0,0.4327,0.0,0.0
2025-09-30,272,14,595.8319166666668,595.8319166666668,0.0,0.4348,259.0677173666667,259.0677173666667
2025-09-30,272,15,594.3501158333333,594.3501158333333,0.0,0.4015,238.63157150708335,238.63157150708335
2025-09-30,272,16,591.397665,591.397665,0.0,0.3854,227.924660091,227.924660091
2025-09-30,272,17,0.0,0.0,0.0,0.4052,0.0,0.0
2025-09-30,272,18,609.1049725,609.1049725,0.0,0.4307,262.34151165575,262.34151165575
2025-09-30,272,19,1439.6705908333333,1439.6705908333333,0.0,0.4333,623.8092670080833,623.8092670080833
2025-09-30,272,20,1416.6698333333331,1416.6698333333331,0.0,0.4193,594.0096611166666,594.0096611166666
2025-09-30,272,21,754.0876133718424,754.0876133718424,0.0,0.4198,316.56598009349943,316.56598009349943
2025-09-30,272,22,0.0,0.0,0.0,0.4273,0.0,0.0
2025-09-30,272,23,0.049005574554826126,0.049005574554826126,0.0,0.4415,0.021635961165955734,0.021635961165955734
2025-09-30,272,24,1445.571105,1445.571105,0.0,0.468,676.52727714,676.52727714
2025-09-30,272,25,1441.6908916666666,1441.6908916666666,0.0,0.4685,675.4321827458333,675.4321827458333
2025-09-30,272,26,610.1693333333334,610.1693333333334,0.0,0.4673,285.1321294666667,285.1321294666667
2025-09-30,272,27,609.2370958333333,609.2370958333333,0.0,0.5205,317.10790838124996,317.10790838124996
2025-09-30,272,28,1442.4148941666667,1442.4148941666667,0.0,0.5248,756.9793364586668,756.9793364586668
2025-09-30,272,29,611.2412499999999,611.2412499999999,0.0,0.4684,286.30540149999996,286.30540149999996
2025-09-30,272,30,609.1702975000001,609.1702975000001,0.0,0.4445,270.77619723875006,270.77619723875006
2025-09-30,272,31,611.5749658333333,611.5749658333333,0.0,0.4392,268.60372499399995,268.60372499399995
2025-09-30,272,32,605.2754166666667,605.2754166666667,0.0,0.414,250.5840225,250.5840225
2025-09-30,272,33,1422.7050283333333,1422.7050283333333,0.0,0.3902,555.1395020556666,555.1395020556666
2025-09-30,272,34,655.6655578817373,655.6655578817373,0.0,0.5961,390.84223905330356,390.84223905330356
2025-09-30,272,35,0.0,0.0,0.0,0.9187,0.0,0.0
2025-09-30,272,36,0.0,0.0,0.0,0.9835,0.0,0.0
2025-09-30,272,37,0.0,0.0,0.0,0.9374,0.0,0.0
2025-09-30,272,38,0.0,0.0,0.0,0.9213,0.0,0.0
2025-09-30,272,39,0.0,0.0,0.0,0.9313,0.0,0.0
2025-09-30,272,40,0.0,0.0,0.0,0.9458,0.0,0.0
2025-09-30,272,41,0.0,0.0,0.0,0.9494,0.0,0.0
2025-09-30,272,42,0.0,0.0,0.0,0.9304,0.0,0.0
2025-09-30,272,43,0.0,0.0,0.0,0.8599,0.0,0.0
2025-09-30,272,44,0.0,0.0,0.0,0.7518,0.0,0.0
2025-09-30,272,45,0.0,0.0,0.0,0.7035,0.0,0.0
2025-09-30,272,46,0.0,0.0,0.0,0.9382,0.0,0.0
2025-09-30,272,47,0.0,0.0,0.0,1.2728,0.0,0.0
2025-09-30,272,48,0.0,0.0,0.0,1.2643,0.0,0.0
2025-09-30,272,49,0.0,0.0,0.0,1.1657,0.0,0.0
2025-09-30,272,50,0.0,0.0,0.0,1.1552,0.0,0.0
2025-09-30,272,51,0.0,0.0,0.0,1.1604,0.0,0.0
2025-09-30,272,52,0.0,0.0,0.0,1.1283,0.0,0.0
2025-09-30,272,53,0.0,0.0,0.0,1.1047,0.0,0.0
2025-09-30,272,54,0.0,0.0,0.0,1.1651,0.0,0.0
2025-09-30,272,55,0.0,0.0,0.0,1.1461,0.0,0.0
2025-09-30,272,56,0.0,0.0,0.0,1.0351,0.0,0.0
2025-09-30,272,57,0.0,0.0,0.0,0.9846,0.0,0.0
2025-09-30,272,58,0.0,0.0,0.0,0.9671,0.0,0.0
2025-09-30,272,59,0.0,0.0,0.0,0.9667,0.0,0.0
2025-09-30,272,60,0.0,0.0,0.0,0.9985,0.0,0.0
2025-09-30,272,61,0.0,0.0,0.0,0.9723,0.0,0.0
2025-09-30,272,62,0.0,0.0,0.0,0.9273,0.0,0.0
2025-09-30,272,63,0.0,0.0,0.0,0.9659,0.0,0.0
2025-09-30,272,64,0.0,0.0,0.0,0.833,0.0,0.0
2025-09-30,272,65,0.0,0.0,0.0,0.5791,0.0,0.0
2025-09-30,272,66,579.1651983333334,579.1651983333334,0.0,0.5285,306.0888073191667,306.0888073191667
2025-09-30,272,67,532.5951116666668,532.5951116666668,0.0,0.5281,281.2634784711667,281.2634784711667
2025-09-30,272,68,0.0,0.0,0.0,0.4984,0.0,0.0
2025-09-30,272,69,0.0,0.0,0.0,0.5185,0.0,0.0
2025-09-30,272,70,72.95636503881633,72.95636503881633,0.0,0.5135,37.46309344743218,37.46309344743218
2025-09-30,272,71,393.1917291666666,393.1917291666666,0.0,0.4631,182.08708977708332,182.08708977708332
2025-09-30,272,72,377.29655333333335,377.29655333333335,0.0,0.4257,160.615142754,160.615142754
2025-09-30,272,73,403.0474233333332,403.0474233333332,0.0,0.3931,158.43794211233327,158.43794211233327
2025-09-30,272,74,434.3642500000001,434.3642500000001,0.0,0.3589,155.89332932500002,155.89332932500002
2025-09-30,272,75,426.3007050000002,426.3007050000002,0.0,0.3666,156.28183845300006,156.28183845300006
2025-09-30,272,76,0.0,0.0,0.0,0.5666,0.0,0.0
2025-09-30,272,77,0.0,0.0,0.0,0.8439,0.0,0.0
2025-09-30,272,78,0.0,0.0,0.0,0.9014,0.0,0.0
2025-09-30,272,79,0.0,0.0,0.0,0.8761,0.0,0.0
2025-09-30,272,80,0.0,0.0,0.0,0.8999,0.0,0.0
2025-09-30,272,81,0.0,0.0,0.0,0.9661,0.0,0.0
2025-09-30,272,82,0.0,0.0,0.0,0.9871,0.0,0.0
2025-09-30,272,83,0.0,0.0,0.0,0.9609,0.0,0.0
2025-09-30,272,84,0.0,0.0,0.0,0.9659,0.0,0.0
2025-09-30,272,85,0.0,0.0,0.0,0.9843,0.0,0.0
2025-09-30,272,86,0.0,0.0,0.0,1.0197,0.0,0.0
2025-09-30,272,87,0.0,0.0,0.0,1.071,0.0,0.0
2025-09-30,272,88,0.0,0.0,0.0,0.9448,0.0,0.0
2025-09-30,272,89,153.4114166666668,153.4114166666668,0.0,0.7231,110.93179539166677,110.93179539166677
2025-09-30,272,90,200.56459916666654,200.56459916666654,0.0,0.7076,141.91951037033326,141.91951037033326
2025-09-30,272,91,265.09633166666674,265.09633166666674,0.0,0.7868,208.5777937553334,208.5777937553334
2025-09-30,272,92,320.4371666666666,320.4371666666666,0.0,0.8343,267.34072814999996,267.34072814999996
2025-09-30,272,93,567.7167495370379,567.7167495370379,0.0,0.8342,473.58931246379706,473.58931246379706
2025-09-30,272,94,370.75537166666663,370.75537166666663,0.0,0.843,312.546778315,312.546778315
2025-09-30,272,95,471.6793958333335,471.6793958333335,0.0,0.8851,417.4834332520835,417.4834332520835
2025-09-30,272,96,540.4394066666669,540.4394066666669,0.0,0.9352,505.41893311466686,505.41893311466686
2025-09-30,272,97,590.9890483333334,590.9890483333334,0.0,0.9682,572.1955965963333,572.1955965963333
2025-09-30,272,98,639.9852500000001,639.9852500000001,0.0,0.9737,623.1536379250001,623.1536379250001
2025-09-30,272,99,681.0020916666668,681.0020916666668,0.0,0.9639,656.4179161575001,656.4179161575001
2025-09-30,272,100,733.8088091666667,733.8088091666667,0.0,0.9847,722.5815343864167,722.5815343864167
2025-09-30,272,101,799.5950416666666,799.5950416666666,0.0,1.0278,821.823783825,821.823783825
2025-09-30,272,102,869.6483866666667,869.6483866666667,0.0,1.0458,909.4782827760001,909.4782827760001
2025-09-30,272,103,906.6629625,906.6629625,0.0,1.0785,977.8360050562501,977.8360050562501
2025-09-30,272,104,945.6221666666668,945.6221666666668,0.0,1.126,1064.7705596666667,1064.7705596666667
2025-09-30,272,105,1032.9544400000002,1032.9544400000002,0.0,1.1531,1191.0997647640002,1191.0997647640002
2025-09-30,272,106,949.1352608333333,949.1352608333333,0.0,1.2269,1164.4940515164167,1164.4940515164167
2025-09-30,272,107,754.9233958333333,754.9233958333333,0.0,1.3029,983.5896924312499,983.5896924312499
2025-09-30,272,108,0.0,0.0,0.0,1.2674,0.0,0.0
2025-09-30,272,109,0.0,0.0,0.0,1.2675,0.0,0.0
2025-09-30,272,110,0.0,0.0,0.0,1.3215,0.0,0.0
2025-09-30,272,111,0.0,0.0,0.0,1.3058,0.0,0.0
2025-09-30,272,112,518.1419520484028,518.1419520484028,0.0,1.3088,678.1441868409496,678.1441868409496
2025-09-30,272,113,795.7035000000001,795.7035000000001,0.0,1.3368,1063.6964388000001,1063.6964388000001
2025-09-30,272,114,801.3548483333334,801.3548483333334,0.0,1.303,1044.1653673783333,1044.1653673783333
2025-09-30,272,115,0.0,0.0,0.0,1.2912,0.0,0.0
2025-09-30,272,116,0.0,0.0,0.0,1.3217,0.0,0.0
2025-09-30,272,117,0.0,0.0,0.0,1.3282,0.0,0.0
2025-09-30,272,118,0.0,0.0,0.0,1.329,0.0,0.0
2025-09-30,272,119,0.0,0.0,0.0,1.3356,0.0,0.0
2025-09-30,272,120,805.9654783333334,805.9654783333334,0.0,1.3316,1073.2236309486666,1073.2236309486666
2025-09-30,272,121,818.8426191666669,818.8426191666669,0.0,1.3079,1070.9642616080837,1070.9642616080837
2025-09-30,272,122,0.0,0.0,0.0,1.3131,0.0,0.0
2025-09-30,272,123,0.0,0.0,0.0,1.3781,0.0,0.0
2025-09-30,272,124,802.6881191666668,802.6881191666668,0.0,1.2593,1010.8251484665835,1010.8251484665835
2025-09-30,272,125,813.9943333333334,813.9943333333334,0.0,1.0235,833.1232001666668,833.1232001666668
2025-09-30,272,126,815.0711650000001,815.0711650000001,0.0,0.9892,806.2683964180001,806.2683964180001
2025-09-30,272,127,794.9312558333334,794.9312558333334,0.0,0.976,775.8529056933334,775.8529056933334
2025-09-30,272,128,791.2199166666668,791.2199166666668,0.0,0.9443,747.1489673083335,747.1489673083335
2025-09-30,272,129,829.7604741666668,829.7604741666668,0.0,1.0038,832.9135639685002,832.9135639685002
2025-09-30,272,130,755.6925366666667,755.6925366666667,0.0,0.8065,609.4660308216667,609.4660308216667
2025-09-30,272,131,599.30875,599.30875,0.0,0.4545,272.385826875,272.385826875
2025-09-30,272,132,1388.8306524999998,1388.8306524999998,0.0,0.424,588.86419666,588.86419666
2025-09-30,272,133,588.2418491666666,588.2418491666666,0.0,0.4325,254.4145997645833,254.4145997645833
2025-09-30,272,134,0.0,0.0,0.0,0.3697,0.0,0.0
2025-09-30,272,135,602.4602483333333,602.4602483333333,0.0,0.4163,250.80420138116665,250.80420138116665
2025-09-30,272,136,1424.9570199999998,1424.9570199999998,0.0,0.4492,640.0906933839999,640.0906933839999
2025-09-30,272,137,597.4801666666667,597.4801666666667,0.0,0.4207,251.3599061166667,251.3599061166667
2025-09-30,272,138,1411.970975,1411.970975,0.0,0.4172,589.07429077,589.07429077
2025-09-30,272,139,1412.6145175000001,1412.6145175000001,0.0,0.4395,620.8440804412501,620.8440804412501
2025-09-30,272,140,605.6049166666667,605.6049166666667,0.0,0.4582,277.4881728166667,277.4881728166667
2025-09-30,272,141,1351.7172456212584,1351.7172456212584,0.0,0.4464,603.4065784453297,603.4065784453297
2025-09-30,272,142,1425.0510325,1425.0510325,0.0,0.4175,594.9588060687499,594.9588060687499
2025-09-30,272,143,1397.6319583333334,1397.6319583333334,0.0,0.4052,566.3204695166667,566.3204695166667
