date,day_index,plan_j,B_kwh,A_kwh,delta_A_minus_B_kwh,price_yuan_per_kwh,plan_reference_fee_yuan,final_regular_fee_yuan
2025-02-01,31,0,1281.8339066666665,1281.8339066666665,0.0,0.3281,420.5697047773333,420.5697047773333
2025-02-01,31,1,466.86759833333326,466.86759833333326,0.0,0.3257,152.05877677716663,152.05877677716663
2025-02-01,31,2,1095.4247559963758,1095.4247559963758,0.0,0.3041,333.1186682984979,333.1186682984979
2025-02-01,31,3,459.27606666666657,459.27606666666657,0.0,0.3126,143.56969843999997,143.56969843999997
2025-02-01,31,4,462.860495,462.860495,0.0,0.3286,152.095958657,152.095958657
2025-02-01,31,5,475.24049999999994,475.24049999999994,0.0,0.3438,163.38768389999998,163.38768389999998
2025-02-01,31,6,518.1065424999999,518.1065424999999,0.0,0.3704,191.90666334199997,191.90666334199997
2025-02-01,31,7,1318.0532933333332,1318.0532933333332,0.0,0.3746,493.7427636826666,493.7427636826666
2025-02-01,31,8,436.0571666666666,436.0571666666666,0.0,0.3606,157.24221429999997,157.24221429999997
2025-02-01,31,9,0.0,0.0,0.0,0.3582,0.0,0.0
2025-02-01,31,10,518.5838241666665,518.5838241666665,0.0,0.3041,157.70134092908327,157.70134092908327
2025-02-01,31,11,1258.6941666666664,1258.6941666666664,0.0,0.2537,319.33071008333326,319.33071008333326
2025-02-01,31,12,1310.5630041666664,1310.5630041666664,0.0,0.3346,438.51438119416656,438.51438119416656
2025-02-01,31,13,536.6918316666666,536.6918316666666,0.0,0.3971,213.12032635483334,213.12032635483334
2025-02-01,31,14,1364.0215833333332,1364.0215833333332,0.0,0.367,500.5959210833333,500.5959210833333
2025-02-01,31,15,1366.7244458333332,1366.7244458333332,0.0,0.3185,435.30173599791664,435.30173599791664
2025-02-01,31,16,553.3224175000001,553.3224175000001,0.0,0.3285,181.76641414875004,181.76641414875004
2025-02-01,31,17,556.4369166666667,556.4369166666667,0.0,0.3772,209.88800496666664,209.88800496666664
2025-02-01,31,18,518.2586799999999,518.2586799999999,0.0,0.3815,197.71568641999997,197.71568641999997
2025-02-01,31,19,514.5124716666667,514.5124716666667,0.0,0.3822,196.646666671,196.646666671
2025-02-01,31,20,0.0,0.0,0.0,0.3962,0.0,0.0
2025-02-01,31,21,0.0,0.0,0.0,0.3879,0.0,0.0
2025-02-01,31,22,0.0,0.0,0.0,0.3405,0.0,0.0
2025-02-01,31,23,0.0,0.0,0.0,0.3164,0.0,0.0
2025-02-01,31,24,523.3323983333332,523.3323983333332,0.0,0.3916,204.9369671873333,204.9369671873333
2025-02-01,31,25,1241.5967499074081,1241.5967499074081,0.0,0.4109,510.172104536954,510.172104536954
2025-02-01,31,26,1407.1516666666666,1407.1516666666666,0.0,0.361,507.98175166666664,507.98175166666664
2025-02-01,31,27,1408.764610833333,1408.764610833333,0.0,0.3799,535.1896756555833,535.1896756555833
2025-02-01,31,28,572.4596083333331,572.4596083333331,0.0,0.4094,234.36496365166656,234.36496365166656
2025-02-01,31,29,0.0,0.0,0.0,0.4052,0.0,0.0
2025-02-01,31,30,546.6263349999999,546.6263349999999,0.0,0.3896,212.96562011599997,212.96562011599997
2025-02-01,31,31,1175.8038508333339,1175.8038508333339,0.0,0.3908,459.50414490566686,459.50414490566686
2025-02-01,31,32,577.3897499999999,577.3897499999999,0.0,0.3821,220.62062347499997,220.62062347499997
2025-02-01,31,33,636.5761458333333,636.5761458333333,0.0,0.3475,221.2102106770833,221.2102106770833
2025-02-01,31,34,258.4156445483975,258.4156445483975,0.0,0.5182,133.91098700497957,133.91098700497957
2025-02-01,31,35,0.0,0.0,0.0,0.8102,0.0,0.0
2025-02-01,31,36,0.0,0.0,0.0,0.8756,0.0,0.0
2025-02-01,31,37,0.0,0.0,0.0,0.818,0.0,0.0
2025-02-01,31,38,0.0,0.0,0.0,0.7708,0.0,0.0
2025-02-01,31,39,0.0,0.0,0.0,0.7715,0.0,0.0
2025-02-01,31,40,0.0,0.0,0.0,0.8181,0.0,0.0
2025-02-01,31,41,0.0,0.0,0.0,0.8678,0.0,0.0
2025-02-01,31,42,0.0,0.0,0.0,0.864,0.0,0.0
2025-02-01,31,43,0.0,0.0,0.0,0.8237,0.0,0.0
2025-02-01,31,44,0.0,0.0,0.0,0.7654,0.0,0.0
2025-02-01,31,45,0.0,0.0,0.0,0.7258,0.0,0.0
2025-02-01,31,46,0.0,0.0,0.0,0.8697,0.0,0.0
2025-02-01,31,47,0.0,0.0,0.0,1.0783,0.0,0.0
2025-02-01,31,48,0.0,0.0,0.0,1.0448,0.0,0.0
2025-02-01,31,49,0.0,0.0,0.0,0.9667,0.0,0.0
2025-02-01,31,50,0.0,0.0,0.0,0.9429,0.0,0.0
2025-02-01,31,51,0.0,0.0,0.0,0.893,0.0,0.0
2025-02-01,31,52,0.0,0.0,0.0,0.9266,0.0,0.0
2025-02-01,31,53,0.0,0.0,0.0,0.9995,0.0,0.0
2025-02-01,31,54,0.0,0.0,0.0,0.9415,0.0,0.0
2025-02-01,31,55,0.0,0.0,0.0,0.8825,0.0,0.0
2025-02-01,31,56,0.0,0.0,0.0,0.8929,0.0,0.0
2025-02-01,31,57,0.0,0.0,0.0,0.9059,0.0,0.0
2025-02-01,31,58,0.0,0.0,0.0,0.8581,0.0,0.0
2025-02-01,31,59,0.0,0.0,0.0,0.8084,0.0,0.0
2025-02-01,31,60,0.0,0.0,0.0,0.8605,0.0,0.0
2025-02-01,31,61,0.0,0.0,0.0,0.8292,0.0,0.0
2025-02-01,31,62,0.0,0.0,0.0,0.7446,0.0,0.0
2025-02-01,31,63,0.0,0.0,0.0,0.7982,0.0,0.0
2025-02-01,31,64,0.0,0.0,0.0,0.6917,0.0,0.0
2025-02-01,31,65,0.0,0.0,0.0,0.438,0.0,0.0
2025-02-01,31,66,388.58361666666633,388.5836166666663,-5.684341886080802e-14,0.3671,142.6490456783332,142.64904567833318
2025-02-01,31,67,47.48994142770465,0.0,-47.48994142770465,0.3419,16.23681097413222,8.11840548706611
2025-02-01,31,68,0.0,0.0,0.0,0.308,0.0,0.0
2025-02-01,31,69,0.0,0.0,0.0,0.3563,0.0,0.0
2025-02-01,31,70,0.0,0.0,0.0,0.3499,0.0,0.0
2025-02-01,31,71,507.46163333333345,414.91868750000015,-92.5429458333333,0.2979,151.17282057000003,137.38854878812504
2025-02-01,31,72,483.65407722222244,62.11696930555581,-421.5371079166666,0.3528,170.6331584440001,96.27401260750008
2025-02-01,31,73,509.7599177777781,201.02636944444453,-308.7335483333336,0.4214,214.8128293515557,149.7626707177223
2025-02-01,31,74,563.5140000000002,258.03729791666694,-305.4767020833333,0.4077,229.7446578000001,167.4732320803126
2025-02-01,31,75,575.1564330555558,435.8907547222225,-139.2656783333333,0.3359,193.19504586336117,169.80537518727783
2025-02-01,31,76,0.0,0.0,0.0,0.4541,0.0,0.0
2025-02-01,31,77,0.0,0.0,0.0,0.6884,0.0,0.0
2025-02-01,31,78,0.0,0.0,0.0,0.7168,0.0,0.0
2025-02-01,31,79,0.0,0.0,0.0,0.7194,0.0,0.0
2025-02-01,31,80,0.0,0.0,0.0,0.7375,0.0,0.0
2025-02-01,31,81,0.0,0.0,0.0,0.6413,0.0,0.0
2025-02-01,31,82,0.0,0.0,0.0,0.6761,0.0,0.0
2025-02-01,31,83,0.0,0.0,0.0,0.8225,0.0,0.0
2025-02-01,31,84,0.0,0.0,0.0,0.8111,0.0,0.0
2025-02-01,31,85,0.0,0.0,0.0,0.8061,0.0,0.0
2025-02-01,31,86,0.0,0.0,0.0,0.8727,0.0,0.0
2025-02-01,31,87,0.0,0.0,0.0,0.8717,0.0,0.0
2025-02-01,31,88,0.0,0.0,0.0,0.7054,0.0,0.0
2025-02-01,31,89,510.81809228395247,242.5161434386735,-268.30194884527896,0.5147,262.91807209855034,193.8705655632178
2025-02-01,31,90,281.53437416666696,281.53437416666696,0.0,0.5575,156.95541359791684,156.95541359791684
2025-02-01,31,91,332.7745874999997,191.11859333333337,-141.65599416666635,0.6606,219.8308925024998,173.0419176292499
2025-02-01,31,92,338.5103916666668,196.18570833333325,-142.32468333333355,0.688,232.89514946666674,183.93545840000002
2025-02-01,31,93,371.09995083333325,235.85506916666645,-135.2448816666668,0.6617,245.5568374664166,200.8110683669999
2025-02-01,31,94,409.8028516666667,265.6740633333334,-144.12878833333332,0.6465,264.9375436025,218.34791277375
2025-02-01,31,95,392.50348438889046,290.1769833333331,-102.32650105555734,0.6667,261.6820730420732,227.57153391520322
2025-02-01,31,96,409.42742361111107,347.29236000000003,-62.135063611111036,0.6956,284.79771586388887,263.1871407399444
2025-02-01,31,97,460.9249297222224,422.22926333333294,-38.695666388889435,0.7032,324.1224105806668,310.51701427833325
2025-02-01,31,98,442.32721124999966,398.7483916666659,-43.57881958333377,0.7041,311.44258944112477,296.1006660068121
2025-02-01,31,99,549.5053799999996,549.5053799999997,1.1368683772161603e-13,0.7357,404.2711080659997,404.27110806599984
2025-02-01,31,100,460.57064138888893,460.57064138888893,0.0,0.7466,343.8620408609445,343.8620408609445
2025-02-01,31,101,482.97291666666644,482.9729166666664,-5.684341886080802e-14,0.7383,356.5789043749998,356.57890437499975
2025-02-01,31,102,529.1237961111111,529.123796111111,-1.1368683772161603e-13,0.7642,404.35640498811114,404.3564049881111
2025-02-01,31,103,458.77887777777755,458.7788777777775,-5.684341886080802e-14,0.787,361.05897681111094,361.0589768111109
2025-02-01,31,104,0.018410651841987306,0.01841065184198731,3.469446951953614e-18,0.775,0.014268255177540164,0.014268255177540167
2025-02-01,31,105,1114.8834703251132,1114.8834703251134,2.2737367544323206e-13,0.7557,842.517438524688,842.5174385246883
2025-02-01,31,106,458.96885385395547,458.9688538539555,5.684341886080802e-14,0.8692,398.9357277698581,398.93572776985815
2025-02-01,31,107,0.0,0.0,0.0,1.0662,0.0,0.0
2025-02-01,31,108,0.0,0.0,0.0,1.1465,0.0,0.0
2025-02-01,31,109,0.0,0.0,0.0,1.1653,0.0,0.0
2025-02-01,31,110,0.0,0.0,0.0,1.1644,0.0,0.0
2025-02-01,31,111,0.0,0.0,0.0,1.1265,0.0,0.0
2025-02-01,31,112,0.0,0.0,0.0,1.1134,0.0,0.0
2025-02-01,31,113,0.0,0.0,0.0,1.1312,0.0,0.0
2025-02-01,31,114,0.0,0.0,0.0,1.1292,0.0,0.0
2025-02-01,31,115,0.0,0.0,0.0,1.133,0.0,0.0
2025-02-01,31,116,0.0,0.0,0.0,1.1382,0.0,0.0
2025-02-01,31,117,0.0,0.0,0.0,1.1103,0.0,0.0
2025-02-01,31,118,0.0,0.0,0.0,1.0929,0.0,0.0
2025-02-01,31,119,0.0,0.0,0.0,1.1041,0.0,0.0
2025-02-01,31,120,0.0,0.0,0.0,1.1204,0.0,0.0
2025-02-01,31,121,0.0,0.0,0.0,1.1344,0.0,0.0
2025-02-01,31,122,0.0,0.0,0.0,1.1597,0.0,0.0
2025-02-01,31,123,0.0,0.0,0.0,1.1766,0.0,0.0
2025-02-01,31,124,0.0,0.0,0.0,0.9864,0.0,0.0
2025-02-01,31,125,497.5394166666665,497.5394166666666,1.1368683772161603e-13,0.724,360.2185376666665,360.21853766666663
2025-02-01,31,126,481.49621249999996,481.4962124999999,-5.684341886080802e-14,0.7481,360.20731657125,360.2073165712499
2025-02-01,31,127,485.21139750000003,485.21139750000003,0.0,0.8129,394.42834502775,394.42834502775
2025-02-01,31,128,506.58899999999994,506.58899999999977,-1.7053025658242404e-13,0.8144,412.56608159999996,412.5660815999999
2025-02-01,31,129,529.3181833333333,529.3181833333333,0.0,0.8497,449.7616603783333,449.7616603783333
2025-02-01,31,130,469.8559758333332,469.8559758333332,0.0,0.6531,306.86293781674993,306.86293781674993
2025-02-01,31,131,1219.15925,1219.15925,0.0,0.3205,390.740539625,390.740539625
2025-02-01,31,132,1260.9547433333332,1260.9547433333335,2.2737367544323206e-13,0.2542,320.5346957553333,320.5346957553334
2025-02-01,31,133,1276.9434625,1275.433977685185,-1.5094848148148685,0.273,348.6055652625,348.39952058527774
2025-02-01,31,134,1266.5099166666664,1266.5099166666664,0.0,0.2774,351.3298508833332,351.3298508833332
2025-02-01,31,135,1263.2385949999998,1258.9435756481482,-4.295019351851579,0.3501,442.25983210949994,441.50798897195835
2025-02-01,31,136,1254.8532766666667,1254.7878562037035,-0.06542046296317494,0.378,474.33453858,474.32217411249997
2025-02-01,31,137,1255.6431666666667,1255.6431666666667,0.0,0.3465,435.08035724999996,435.08035724999996
2025-02-01,31,138,1255.5052149999997,1255.5052149999995,-2.2737367544323206e-13,0.3534,443.6955429809999,443.69554298099985
2025-02-01,31,139,448.4867574999999,448.48675749999984,-5.684341886080802e-14,0.3497,156.83581909774998,156.83581909774995
2025-02-01,31,140,0.0,0.0,0.0,0.3245,0.0,0.0
2025-02-01,31,141,28.395020059133117,28.395020059133117,0.0,0.3293,9.350480105472535,9.350480105472535
2025-02-01,31,142,490.90616916666664,420.67588711012206,-70.23028205654458,0.3592,176.33349596466667,163.72013730731126
2025-02-01,31,143,0.0,0.0,0.0,0.4038,0.0,0.0
2025-02-02,32,0,569.9532437311564,569.9532437311564,0.0,0.4523,257.78985213960203,257.78985213960203
2025-02-02,32,1,1366.4165183333332,1366.4165183333332,0.0,0.4559,622.9492907081667,622.9492907081667
2025-02-02,32,2,1344.1587499999998,1344.1587499999998,0.0,0.4264,573.149291,573.149291
2025-02-02,32,3,1354.9937191666666,1354.9937191666666,0.0,0.4251,576.0078300177499,576.0078300177499
2025-02-02,32,4,530.4099100000001,530.4099100000001,0.0,0.4292,227.65193337200006,227.65193337200006
2025-02-02,32,5,539.4144166666666,539.4144166666666,0.0,0.4478,241.5497757833333,241.5497757833333
2025-02-02,32,6,590.59061,590.59061,0.0,0.5032,297.18519495199996,297.18519495199996
2025-02-02,32,7,1408.1735549999999,1408.1735549999999,0.0,0.4672,657.898684896,657.898684896
2025-02-02,32,8,1363.9479999999999,1363.9479999999999,0.0,0.389,530.5757719999999,530.5757719999999
2025-02-02,32,9,0.0,0.0,0.0,0.4462,0.0,0.0
2025-02-02,32,10,0.0,0.0,0.0,0.4778,0.0,0.0
2025-02-02,32,11,1310.7253333333333,1310.7253333333333,0.0,0.4332,567.8062143999999,567.8062143999999
2025-02-02,32,12,0.0,0.0,0.0,0.4262,0.0,0.0
2025-02-02,32,13,0.0,0.0,0.0,0.4412,0.0,0.0
2025-02-02,32,14,1459.1216666666664,1459.1216666666664,0.0,0.4418,644.6399523333333,644.6399523333333
2025-02-02,32,15,612.5332208333333,612.5332208333333,0.0,0.4245,260.02035224375,260.02035224375
2025-02-02,32,16,612.3912783333334,612.3912783333334,0.0,0.4533,277.5969664685,277.5969664685
2025-02-02,32,17,1432.2461666666666,1432.2461666666666,0.0,0.4922,704.9515632333333,704.9515632333333
2025-02-02,32,18,1395.2800116666665,1395.2800116666665,0.0,0.4433,618.5276291718333,618.5276291718333
2025-02-02,32,19,581.6836408333332,581.6836408333332,0.0,0.4219,245.4123280675833,245.4123280675833
2025-02-02,32,20,640.654,640.654,0.0,0.4714,302.0042956,302.0042956
2025-02-02,32,21,636.4946091666667,636.4946091666667,0.0,0.5121,325.94888935425,325.94888935425
2025-02-02,32,22,0.0,0.0,0.0,0.4836,0.0,0.0
2025-02-02,32,23,597.5049166666665,597.5049166666665,0.0,0.4376,261.46815153333324,261.46815153333324
2025-02-02,32,24,1271.7758051851858,1271.7758051851858,0.0,0.4776,607.4001245564448,607.4001245564448
2025-02-02,32,25,618.9283233333332,618.9283233333332,0.0,0.4964,307.2360197026666,307.2360197026666
2025-02-02,32,26,654.2736666666667,654.2736666666667,0.0,0.4723,309.01345276666666,309.01345276666666
2025-02-02,32,27,663.8435924999999,663.8435924999999,0.0,0.4865,322.95990775124994,322.95990775124994
2025-02-02,32,28,552.3466575000002,552.3466575000002,0.0,0.4808,265.56827292600013,265.56827292600013
2025-02-02,32,29,0.0,0.0,0.0,0.4531,0.0,0.0
2025-02-02,32,30,622.3583699999999,622.3583699999999,0.0,0.4678,291.13924548599994,291.13924548599994
2025-02-02,32,31,612.37397,612.37397,0.0,0.4823,295.347965731,295.347965731
2025-02-02,32,32,637.5384166666665,637.5384166666665,0.0,0.4391,279.94311875833324,279.94311875833324
2025-02-02,32,33,1540.0033383333332,1540.0033383333332,0.0,0.3697,569.3392341818333,569.3392341818333
2025-02-02,32,34,743.0360516666665,743.0360516666665,0.0,0.5849,434.6017866198332,434.6017866198332
2025-02-02,32,35,0.0,748.2457499999999,748.2457499999999,0.9636,0.0,1081.5144070499998
2025-02-02,32,36,316.4032578817352,561.1316548298653,244.72839694813007,1.0488,331.8437368663639,716.850450945162
2025-02-02,32,37,802.3298083333332,802.3298083333332,0.0,1.0385,833.2195059541665,833.2195059541665
2025-02-02,32,38,0.0,0.0,0.0,1.0714,0.0,0.0
2025-02-02,32,39,0.0,0.0,0.0,1.0749,0.0,0.0
2025-02-02,32,40,739.9180008333333,739.9180008333333,0.0,1.0446,772.9183436704999,772.9183436704999
2025-02-02,32,41,0.0,0.0,0.0,0.9869,0.0,0.0
2025-02-02,32,42,0.0,0.0,0.0,0.9164,0.0,0.0
2025-02-02,32,43,682.6994516666665,682.6994516666665,0.0,0.9117,622.4170900844998,622.4170900844998
2025-02-02,32,44,1440.9947916666665,1440.9947916666663,-2.2737367544323206e-13,0.9168,1321.1040249999999,1321.1040249999996
2025-02-02,32,45,1365.1480725000001,1355.2955472222225,-9.852525277777659,0.8379,1143.85756994775,1139.7298544826251
2025-02-02,32,46,0.0,0.0,0.0,1.0094,0.0,0.0
2025-02-02,32,47,0.0,0.0,0.0,1.3473,0.0,0.0
2025-02-02,32,48,0.0,0.0,0.0,1.3998,0.0,0.0
2025-02-02,32,49,0.0,0.0,0.0,1.3427,0.0,0.0
2025-02-02,32,50,0.0,0.0,0.0,1.3172,0.0,0.0
2025-02-02,32,51,0.0,0.0,0.0,1.2806,0.0,0.0
2025-02-02,32,52,0.0,0.0,0.0,1.2438,0.0,0.0
2025-02-02,32,53,0.0,0.0,0.0,1.2256,0.0,0.0
2025-02-02,32,54,0.0,0.0,0.0,1.2306,0.0,0.0
2025-02-02,32,55,0.0,0.0,0.0,1.2355,0.0,0.0
2025-02-02,32,56,0.0,0.0,0.0,1.2013,0.0,0.0
2025-02-02,32,57,0.0,0.0,0.0,1.1141,0.0,0.0
2025-02-02,32,58,0.0,0.0,0.0,1.0893,0.0,0.0
2025-02-02,32,59,0.0,0.0,0.0,1.1386,0.0,0.0
2025-02-02,32,60,0.0,0.0,0.0,1.1539,0.0,0.0
2025-02-02,32,61,0.0,0.0,0.0,1.097,0.0,0.0
2025-02-02,32,62,0.0,0.0,0.0,1.0376,0.0,0.0
2025-02-02,32,63,0.0,0.0,0.0,1.0533,0.0,0.0
2025-02-02,32,64,0.0,0.0,0.0,0.9148,0.0,0.0
2025-02-02,32,65,767.4181666666667,767.4181666666667,0.0,0.6806,522.3048042333334,522.3048042333334
2025-02-02,32,66,768.1940761111108,768.1940761111107,-1.1368683772161603e-13,0.6578,505.3180632658887,505.3180632658887
2025-02-02,32,67,780.0064930555556,748.0676433333334,-31.93884972222213,0.6943,541.5585081284722,530.4709364474029
2025-02-02,32,68,772.2695416666667,711.7573361111113,-60.5122055555554,0.6727,519.5057206791666,499.1524403405556
2025-02-02,32,69,810.1202919444446,726.639990740741,-83.48030120370356,0.6265,507.5403629031945,481.3901585511344
2025-02-02,32,70,825.4747305555557,708.9082803703704,-116.5664501851852,0.577,476.29891953055557,442.6694986521297
2025-02-02,32,71,789.7690833333336,666.4091875,-123.35989583333355,0.5556,438.7957027000001,404.5263236375
2025-02-02,32,72,757.3261077777778,537.3232915418214,-220.0028162359564,0.5901,446.8981361996666,381.98630526924774
2025-02-02,32,73,764.224740555556,432.9608477777779,-331.2638927777781,0.6344,484.82417540844466,379.74726861933345
2025-02-02,32,74,792.1824666666669,468.31872291666673,-323.86374375000014,0.6108,483.8650506400001,384.9570632987501
2025-02-02,32,75,793.0779902777779,666.123181388889,-126.95480888888892,0.519,411.6074769541667,378.6627040475001
2025-02-02,32,76,831.3116047222223,695.5344965277777,-135.77710819444462,0.6941,577.0133848376946,529.8919394388125
2025-02-02,32,77,0.0,0.0,0.0,1.0283,0.0,0.0
2025-02-02,32,78,0.0,0.0,0.0,1.0587,0.0,0.0
2025-02-02,32,79,0.0,0.0,0.0,0.9965,0.0,0.0
2025-02-02,32,80,0.0,0.0,0.0,1.0091,0.0,0.0
2025-02-02,32,81,0.0,0.0,0.0,1.0445,0.0,0.0
2025-02-02,32,82,0.0,0.0,0.0,1.052,0.0,0.0
2025-02-02,32,83,0.0,0.0,0.0,1.0369,0.0,0.0
2025-02-02,32,84,0.0,0.0,0.0,1.0441,0.0,0.0
2025-02-02,32,85,0.0,0.0,0.0,1.0639,0.0,0.0
2025-02-02,32,86,0.0,0.0,0.0,1.0889,0.0,0.0
2025-02-02,32,87,0.0,0.0,0.0,1.1026,0.0,0.0
2025-02-02,32,88,0.0,0.0,0.0,0.9951,0.0,0.0
2025-02-02,32,89,1106.9110333333333,1047.1977833333335,-59.71324999999979,0.8205,908.22050285,883.7231420375
2025-02-02,32,90,361.1154761111112,361.11547611111115,-5.684341886080802e-14,0.7696,277.91447041511117,277.9144704151111
2025-02-02,32,91,411.6317180555552,411.6317180555552,0.0,0.8245,339.39035153680527,339.39035153680527
2025-02-02,32,92,1280.634725,1256.6751,-23.95962499999996,0.8914,1141.557793865,1130.8789890024998
2025-02-02,32,93,662.3924297301709,662.3924297301709,0.0,0.8933,591.7151574779616,591.7151574779616
2025-02-02,32,94,523.8206422222222,523.8206422222221,-1.1368683772161603e-13,0.9024,472.69574754133333,472.6957475413333
2025-02-02,32,95,494.15306666666663,525.7120833333332,31.559016666666594,0.9311,460.10592037333333,504.18282100083326
2025-02-02,32,96,548.8021697222224,576.8141593722213,28.011989649998895,0.9295,510.11161675680574,549.1673333263167
2025-02-02,32,97,605.4848252777779,605.4848252777778,-1.1368683772161603e-13,0.9789,592.7090954644168,592.7090954644167
2025-02-02,32,98,503.937976916667,503.93797691666697,-5.684341886080802e-14,1.0591,533.720711352442,533.720711352442
2025-02-02,32,99,735.6258227777776,735.6258227777774,-1.1368683772161603e-13,1.0582,778.4392456634442,778.4392456634442
2025-02-02,32,100,794.2716147222218,794.2716147222218,0.0,1.0373,823.8979459513607,823.8979459513607
2025-02-02,32,101,770.2645833333331,770.2645833333331,0.0,1.0422,802.7697487499997,802.7697487499997
2025-02-02,32,102,819.390981111111,819.390981111111,0.0,1.0598,868.3905617815556,868.3905617815556
2025-02-02,32,103,754.1570407222209,754.1570407222209,0.0,1.0817,815.7716709492264,815.7716709492264
2025-02-02,32,104,829.285,829.285,0.0,1.0782,894.135087,894.135087
2025-02-02,32,105,858.1410605555553,858.1410605555553,0.0,1.0433,895.2985684776107,895.2985684776107
2025-02-02,32,106,755.586549722222,755.586549722222,0.0,1.143,863.6354263324997,863.6354263324997
2025-02-02,32,107,613.7395000000001,1420.8648333333333,807.1253333333332,1.3075,802.4643962500003,2385.43895625
2025-02-02,32,108,0.0,621.5707740940802,621.5707740940802,1.2913,0.0,1203.9515108815285
2025-02-02,32,109,0.0,645.1269941666665,645.1269941666665,1.2583,0.0,1217.6449451398746
2025-02-02,32,110,641.6848333333332,1430.1347499999997,788.4499166666665,1.2799,821.2924181833332,2334.997990695833
2025-02-02,32,111,649.7930524999998,1452.4087958333332,802.6157433333334,1.2635,821.0135218337498,2342.1710093862503
2025-02-02,32,112,613.6017701484045,681.1428349999999,67.54106485159537,1.2481,765.8363693222236,892.2833738841379
2025-02-02,32,113,0.0,0.0,0.0,1.2611,0.0,0.0
2025-02-02,32,114,0.0,0.0,0.0,1.2809,0.0,0.0
2025-02-02,32,115,0.0,0.0,0.0,1.2785,0.0,0.0
2025-02-02,32,116,0.0,0.0,0.0,1.2632,0.0,0.0
2025-02-02,32,117,0.0,0.0,0.0,1.2665,0.0,0.0
2025-02-02,32,118,0.0,0.0,0.0,1.254,0.0,0.0
2025-02-02,32,119,0.0,20.097976800185698,20.097976800185698,1.2366,0.0,37.27973716666445
2025-02-02,32,120,0.0,0.0,0.0,1.2592,0.0,0.0
2025-02-02,32,121,0.0,0.0,0.0,1.254,0.0,0.0
2025-02-02,32,122,0.0,0.0,0.0,1.2362,0.0,0.0
2025-02-02,32,123,0.0,0.0,0.0,1.2676,0.0,0.0
2025-02-02,32,124,0.0,646.6664191666667,646.6664191666667,1.16,0.0,1125.19956935
2025-02-02,32,125,626.3779999999998,642.21475,15.836750000000166,0.9655,604.7679589999998,627.7035321875001
2025-02-02,32,126,624.2102825,617.586519814815,-6.623762685184943,0.9396,586.5079814369999,583.3961377275001
2025-02-02,32,127,626.0037141666666,612.6978483333332,-13.305865833333314,0.9423,589.8832998592499,583.6142411718749
2025-02-02,32,128,633.2301666666667,633.2301666666667,0.0,0.9317,589.9805462833334,589.9805462833334
2025-02-02,32,129,663.2699316666666,657.4395408333331,-5.8303908333334675,0.9705,643.7034686825,640.8742715306249
2025-02-02,32,130,583.2797108333332,583.2797108333332,0.0,0.76,443.29258023333324,443.29258023333324
2025-02-02,32,131,1292.95425,1292.95425,0.0,0.4122,532.95574185,532.95574185
2025-02-02,32,132,1336.463845,1336.4637938944197,-5.1105580268995254e-05,0.3735,499.1692461075,499.1692365635329
2025-02-02,32,133,1348.3968808333332,1326.1541208333333,-22.242759999999862,0.4258,574.1473918588333,569.4119082548334
2025-02-02,32,134,1322.4181666666664,1322.4181666666664,0.0,0.4236,560.1763353999999,560.1763353999999
2025-02-02,32,135,1337.8574599999997,1331.5896506481495,-6.2678093518502465,0.4363,583.7072097979999,582.3398871878939
2025-02-02,32,136,565.4743149999998,565.4743149999998,0.0,0.4193,237.10338027949993,237.10338027949993
2025-02-02,32,137,1367.6437500000002,1296.5005833333332,-71.14316666666696,0.3873,529.6884243750001,515.91155015
2025-02-02,32,138,1351.8610541666665,1338.9506949999998,-12.910359166666694,0.4093,553.3167294704166,550.6746244669582
2025-02-02,32,139,983.0425739983534,983.0425739983535,1.1368683772161603e-13,0.4166,409.53553632771406,409.5355363277141
2025-02-02,32,140,572.4573333333334,572.4573333333333,-1.1368683772161603e-13,0.4029,230.64305960000002,230.6430596
2025-02-02,32,141,522.5287275,522.5287274999998,-1.1368683772161603e-13,0.4308,225.10537580699997,225.10537580699997
2025-02-02,32,142,0.11751146061434246,0.11751146061434245,-1.3877787807814457e-17,0.4514,0.05304467332131419,0.053044673321314184
2025-02-02,32,143,0.0,0.0,0.0,0.4406,0.0,0.0
2025-02-03,33,0,1414.2218724999998,1414.2218724999998,0.0,0.4231,598.3572742547499,598.3572742547499
2025-02-03,33,1,1413.8692908333333,1413.8692908333333,0.0,0.4042,571.4859673548333,571.4859673548333
2025-02-03,33,2,573.1790833333332,573.1790833333332,0.0,0.404,231.56434966666663,231.56434966666663
2025-02-03,33,3,572.7225233333332,572.7225233333332,0.0,0.4367,250.10792593966661,250.10792593966661
2025-02-03,33,4,578.6900386528418,578.6900386528418,0.0,0.4177,241.71882914529206,241.71882914529206
2025-02-03,33,5,599.65025,599.65025,0.0,0.3709,222.41027772500001,222.41027772500001
2025-02-03,33,6,647.5744199999999,647.5744199999999,0.0,0.4008,259.54782753599994,259.54782753599994
2025-02-03,33,7,623.5451808333333,623.5451808333333,0.0,0.4071,253.84524311725002,253.84524311725002
2025-02-03,33,8,578.60025,578.60025,0.0,0.3844,222.4139361,222.4139361
2025-02-03,33,9,0.0,0.0,0.0,0.4296,0.0,0.0
2025-02-03,33,10,1473.0062166666667,1473.0062166666667,0.0,0.4636,682.8856820466667,682.8856820466667
2025-02-03,33,11,1395.3685833333332,1395.3685833333332,0.0,0.4511,629.4507679416666,629.4507679416666
2025-02-03,33,12,1005.4128936295522,1005.4128936295522,0.0,0.4437,446.1017009034323,446.1017009034323
2025-02-03,33,13,659.9026616666669,659.9026616666669,0.0,0.479,316.0933749383334,316.0933749383334
2025-02-03,33,14,1494.2023333333332,1494.2023333333332,0.0,0.505,754.5721783333332,754.5721783333332
2025-02-03,33,15,1508.1938158333332,1508.1938158333332,0.0,0.439,662.0970851508333,662.0970851508333
2025-02-03,33,16,700.6194133333333,700.6194133333333,0.0,0.4139,289.98637517866666,289.98637517866666
2025-02-03,33,17,1526.6550833333333,1526.6550833333333,0.0,0.4635,707.6046311250001,707.6046311250001
2025-02-03,33,18,626.9578591666666,626.9578591666666,0.0,0.4864,304.95230269866664,304.95230269866664
2025-02-03,33,19,615.7450699999999,615.7450699999999,0.0,0.4564,281.026049948,281.026049948
2025-02-03,33,20,667.4713333333333,667.4713333333333,0.0,0.4331,289.08183446666663,289.08183446666663
2025-02-03,33,21,678.9651316666667,678.9651316666667,0.0,0.4884,331.60657030600004,331.60657030600004
2025-02-03,33,22,0.0,0.0,0.0,0.4919,0.0,0.0
2025-02-03,33,23,0.0,0.0,0.0,0.4421,0.0,0.0
2025-02-03,33,24,640.5814141666665,640.5814141666665,0.0,0.47,301.07326465833324,301.07326465833324
2025-02-03,33,25,1320.8416500925925,1320.8416500925925,0.0,0.5162,681.8184597777963,681.8184597777963
2025-02-03,33,26,725.7058333333334,725.7058333333334,0.0,0.5209,378.02016858333343,378.02016858333343
2025-02-03,33,27,1548.1789325,1548.1789325,0.0,0.4891,757.21431588575,757.21431588575
2025-02-03,33,28,707.4818525,707.4818525,0.0,0.485,343.1286984625,343.1286984625
2025-02-03,33,29,720.5125833333333,720.5125833333333,0.0,0.4985,359.17552279166665,359.17552279166665
2025-02-03,33,30,693.3282733333333,693.3282733333333,0.0,0.4617,320.109663798,320.109663798
2025-02-03,33,31,670.4233933333333,670.4233933333333,0.0,0.4288,287.4775510613333,287.4775510613333
2025-02-03,33,32,682.1046666666665,682.1046666666665,0.0,0.4191,285.8700657999999,285.8700657999999
2025-02-03,33,33,730.4023374999999,730.4023374999999,0.0,0.4384,320.20838476,320.20838476
2025-02-03,33,34,798.4448049999997,798.4448049999997,0.0,0.6877,549.0904923984998,549.0904923984998
2025-02-03,33,35,864.4440833333332,864.4440833333332,0.0,1.0257,886.660296275,886.660296275
2025-02-03,33,36,727.3273942030175,795.9821630835353,68.65476888051774,1.0734,780.7132249375189,891.2542683120405
2025-02-03,33,37,89.32883638888873,89.37802837415859,0.04919198526985724,1.0585,94.55457331763873,94.63267789225094
2025-02-03,33,38,73.11495,73.65164184258751,0.5366918425875156,1.0968,80.19247716,81.07544257942497
2025-02-03,33,39,851.9685969444446,851.9685969444446,0.0,1.0751,915.9514385749724,915.9514385749724
2025-02-03,33,40,839.4109880555557,839.4109880555557,0.0,1.0347,868.5385493410834,868.5385493410834
2025-02-03,33,41,26.88698333333346,26.886983333333458,-3.552713678800501e-15,1.0049,27.01872955166679,27.01872955166679
2025-02-03,33,42,821.0155947222221,821.0155947222221,0.0,0.9738,799.5049861404999,799.5049861404999
2025-02-03,33,43,1590.8530601059754,1559.2191958333328,-31.63386427264254,0.9724,1546.9455156470506,1531.5651308376916
2025-02-03,33,44,1512.528725,1491.2429675925928,-21.285757407407118,0.9529,1441.2886220525,1431.1470229357408
2025-02-03,33,45,1420.1066363888888,1367.830338888889,-52.27629749999983,0.8663,1230.2383791036943,1207.5949008415694
2025-02-03,33,46,655.683483611111,655.683483611111,0.0,1.004,658.3062175455555,658.3062175455555
2025-02-03,33,47,0.6029833333335546,0.6029833333335546,0.0,1.2922,0.7791750633336192,0.7791750633336192
2025-02-03,33,48,15.910145277777929,15.910145277777927,-1.7763568394002505e-15,1.3447,21.39437235502798,21.39437235502798
2025-02-03,33,49,0.0,0.0,0.0,1.3206,0.0,0.0
2025-02-03,33,50,0.0,0.0,0.0,1.3219,0.0,0.0
2025-02-03,33,51,0.0,0.0,0.0,1.2765,0.0,0.0
2025-02-03,33,52,0.0,0.0,0.0,1.2084,0.0,0.0
2025-02-03,33,53,0.0,0.0,0.0,1.176,0.0,0.0
2025-02-03,33,54,0.0,0.0,0.0,1.2113,0.0,0.0
2025-02-03,33,55,0.0,0.0,0.0,1.2121,0.0,0.0
2025-02-03,33,56,0.0,0.0,0.0,1.1749,0.0,0.0
2025-02-03,33,57,0.0,0.0,0.0,1.1843,0.0,0.0
2025-02-03,33,58,0.0,0.0,0.0,1.1518,0.0,0.0
2025-02-03,33,59,0.0,0.0,0.0,1.0736,0.0,0.0
2025-02-03,33,60,0.0,0.0,0.0,1.049,0.0,0.0
2025-02-03,33,61,0.0,0.0,0.0,1.0744,0.0,0.0
2025-02-03,33,62,0.0,0.0,0.0,1.1249,0.0,0.0
2025-02-03,33,63,0.0,0.0,0.0,1.1434,0.0,0.0
2025-02-03,33,64,224.96746166666685,157.47525435185185,-67.492207314815,0.9384,211.10946602800018,179.44212235588898
2025-02-03,33,65,1001.50355,987.333235185185,-14.170314814815015,0.6622,663.1956508100001,658.5038595748148
2025-02-03,33,66,999.7991111111107,977.4147553703701,-22.384355740740602,0.6804,680.2633151999997,672.6481573769998
2025-02-03,33,67,1012.6431172222221,954.2118952777778,-58.43122194444436,0.7161,725.1537362428332,704.232437225625
2025-02-03,33,68,1021.9689416666666,942.0487777777776,-79.92016388888908,0.6605,675.0104859708333,648.6168518465278
2025-02-03,33,69,1054.7546394444444,958.9507937962962,-95.80384564814813,0.6707,707.4239366753887,675.2961170372823
2025-02-03,33,70,1054.9882005555553,933.1826198148146,-121.80558074074065,0.6434,678.7794082374443,639.5945529131479
2025-02-03,33,71,1008.0537500000003,720.6361458333336,-287.4176041666667,0.5716,576.2035235000002,494.0595722291668
2025-02-03,33,72,962.5520188888889,775.6128068055557,-186.93921208333325,0.5792,557.5101293404446,503.3725335211112
2025-02-03,33,73,979.3835919444446,528.6007269444444,-450.78286500000013,0.6533,639.8313006173056,492.5830777650556
2025-02-03,33,74,1022.9285583333335,601.815210416667,-421.1133479166665,0.6925,708.3780266458334,562.5675299296877
2025-02-03,33,75,1012.0148647222221,783.5252113888889,-228.4896533333332,0.6327,640.30180490975,568.0191030777501
2025-02-03,33,76,1047.7265169444445,859.2385406944445,-188.48797624999997,0.7523,788.2046586973056,717.3049064308681
2025-02-03,33,77,0.0,0.0,0.0,0.9964,0.0,0.0
2025-02-03,33,78,244.5379049999999,0.0,-244.5379049999999,1.0208,249.6242934239999,124.81214671199994
2025-02-03,33,79,683.0855406869625,683.0855406869624,-1.1368683772161603e-13,0.9956,680.0799643079399,680.0799643079398
2025-02-03,33,80,342.4845250000001,342.484525,-5.684341886080802e-14,1.0193,349.0944763325001,349.0944763325001
2025-02-03,33,81,385.0381033333333,109.38355999999987,-275.65454333333344,1.0122,389.735568194,250.22680381299992
2025-02-03,33,82,0.0,0.0,0.0,1.0024,0.0,0.0
2025-02-03,33,83,0.0,0.0,0.0,1.0153,0.0,0.0
2025-02-03,33,84,0.0,0.0,0.0,1.0397,0.0,0.0
2025-02-03,33,85,0.0,0.0,0.0,1.0457,0.0,0.0
2025-02-03,33,86,0.0,0.0,0.0,1.067,0.0,0.0
2025-02-03,33,87,0.0,0.0,0.0,1.1376,0.0,0.0
2025-02-03,33,88,0.0,0.0,0.0,1.0383,0.0,0.0
2025-02-03,33,89,1364.2814833333332,1161.699845091918,-202.58163824141525,0.8433,1150.498574895,1065.0800271305072
2025-02-03,33,90,1401.0044200000002,1267.8508449999997,-133.1535750000005,0.8556,1198.6993817520001,1141.736282367
2025-02-03,33,91,1425.0481741666663,1324.0730133333332,-100.97516083333312,0.877,1249.7672487441664,1205.4896407187498
2025-02-03,33,92,1464.5659,1377.0497333333333,-87.51616666666678,0.8337,1221.00859083,1184.527476755
2025-02-03,33,93,677.3147741666664,611.0060924999996,-66.30868166666687,0.8602,582.6261687381665,554.106804753333
2025-02-03,33,94,713.4155433333333,652.3506383333333,-61.06490499999995,0.9135,651.705098835,623.8137034762499
2025-02-03,33,95,749.5819833333333,684.8537666666666,-64.72821666666664,0.9559,716.5254178683332,685.5885667124999
2025-02-03,33,96,720.7413824722245,720.7413824722246,1.1368683772161603e-13,0.9917,714.759228997705,714.7592289977051
2025-02-03,33,97,818.8731716666668,818.8731716666671,2.2737367544323206e-13,0.9876,808.7191443380002,808.7191443380005
2025-02-03,33,98,824.2942916666668,824.2942916666668,0.0,0.9791,807.0665409708334,807.0665409708334
2025-02-03,33,99,811.4913652777775,811.4913652777773,-2.2737367544323206e-13,1.0408,844.6002129811108,844.6002129811106
2025-02-03,33,100,859.7155238888886,859.7155238888884,-2.2737367544323206e-13,1.0894,936.5740917245552,936.574091724555
2025-02-03,33,101,966.7360166666666,966.7360166666664,-2.2737367544323206e-13,1.0972,1060.7027574866665,1060.7027574866665
2025-02-03,33,102,1013.9760061111111,1013.9760061111111,0.0,1.1128,1128.3524996004444,1128.3524996004444
2025-02-03,33,103,936.3509011111109,936.3509011111112,2.2737367544323206e-13,1.1065,1036.0722720794442,1036.0722720794447
2025-02-03,33,104,1032.8920916666666,1032.8920916666666,0.0,1.081,1116.5563510916666,1116.5563510916666
2025-02-03,33,105,1078.9173784567895,1078.9173784567897,2.2737367544323206e-13,1.0906,1176.6672929449746,1176.667292944975
2025-02-03,33,106,922.276469722222,922.2764697222221,1.1368683772161603e-13,1.1796,1087.917323684333,1087.9173236843333
2025-02-03,33,107,709.3629166666667,709.3629166666668,1.1368683772161603e-13,1.2907,915.5747165416667,915.5747165416669
2025-02-03,33,108,511.954662298402,511.954662298402,0.0,1.3113,671.3261486718945,671.3261486718945
2025-02-03,33,109,732.5848966666664,732.5848966666664,0.0,1.2989,951.5545222803329,951.5545222803329
2025-02-03,33,110,736.0709166666664,1252.255382350583,516.1844656839165,1.3003,957.1130129416664,1963.9050040348613
2025-02-03,33,111,751.4366841666666,751.4366841666666,0.0,1.3038,979.7231488165,979.7231488165
2025-02-03,33,112,724.1060450000001,724.106045,-1.1368683772161603e-13,1.2861,931.2727844745001,931.2727844745001
2025-02-03,33,113,0.0,0.0,0.0,1.259,0.0,0.0
2025-02-03,33,114,0.0,0.0,0.0,1.2604,0.0,0.0
2025-02-03,33,115,0.0,0.0,0.0,1.281,0.0,0.0
2025-02-03,33,116,0.0,0.0,0.0,1.2957,0.0,0.0
2025-02-03,33,117,0.0,0.0,0.0,1.2883,0.0,0.0
2025-02-03,33,118,0.0,0.0,0.0,1.2905,0.0,0.0
2025-02-03,33,119,0.0,0.0,0.0,1.2925,0.0,0.0
2025-02-03,33,120,0.0,0.0,0.0,1.2534,0.0,0.0
2025-02-03,33,121,0.0,0.0,0.0,1.2226,0.0,0.0
2025-02-03,33,122,0.0,0.0,0.0,1.2568,0.0,0.0
2025-02-03,33,123,0.0,0.0,0.0,1.3325,0.0,0.0
2025-02-03,33,124,0.0,0.0,0.0,1.1898,0.0,0.0
2025-02-03,33,125,706.8014999999999,722.6382500000001,15.836750000000166,0.9345,660.5060017499999,682.7051660625001
2025-02-03,33,126,1535.3189491666667,1521.0837541666665,-14.235195000000203,0.9407,1444.2745354810834,1437.5790115128334
2025-02-03,33,127,716.2826583333334,713.816284219319,-2.4663741140144566,0.9742,697.8025657483333,696.6011949173969
2025-02-03,33,128,727.9376666666666,727.9376666666666,0.0,0.9576,697.0731096,697.0731096
2025-02-03,33,129,9.454309833333127,0.000674702612534172,-9.453635130720594,1.0083,9.532780604949792,4.766730453797005
2025-02-03,33,130,672.6732991666665,672.6732991666667,1.1368683772161603e-13,0.7932,533.5644608989999,533.564460899
2025-02-03,33,131,1360.3319999999999,1360.3319999999997,-2.2737367544323206e-13,0.431,586.303092,586.3030919999999
2025-02-03,33,132,1406.3209625,1400.0887236269114,-6.2322388730885905,0.4127,580.38866122375,579.1026387322881
2025-02-03,33,133,615.2011574999998,615.2011574999999,1.1368683772161603e-13,0.4591,282.4388514082499,282.43885140824995
2025-02-03,33,134,1387.954083333333,1385.9124675000003,-2.0416158333327985,0.4257,590.8520532749999,590.4174953448751
2025-02-03,33,135,1394.2842899999998,1379.9428733333332,-14.341416666666646,0.4447,620.0382237629999,616.8494097671665
2025-02-03,33,136,1396.3150516666665,1349.8286766666665,-46.48637499999995,0.4293,599.4380516804999,589.45975128675
2025-02-03,33,137,1395.8452499999999,1324.7020833333331,-71.14316666666673,0.3831,534.748315275,521.1208416999999
2025-02-03,33,138,601.7979016666666,601.7979016666666,0.0,0.4118,247.82037590633328,247.82037590633328
2025-02-03,33,139,598.1352591666664,598.1352591666664,0.0,0.4357,260.60753241891655,260.60753241891655
2025-02-03,33,140,0.0,0.0,0.0,0.417,0.0,0.0
2025-02-03,33,141,593.477745,593.4777449999999,-1.1368683772161603e-13,0.4004,237.628489098,237.628489098
2025-02-03,33,142,1262.2121096027404,1262.2121096027402,-2.2737367544323206e-13,0.4012,506.39949837261946,506.3994983726194
2025-02-03,33,143,599.5192499999999,599.5192499999999,0.0,0.4074,244.24414244999997,244.24414244999997
2025-02-04,34,0,577.7945016666666,577.7945016666666,0.0,0.4005,231.4066979175,231.4066979175
2025-02-04,34,1,591.4179333333333,591.4179333333333,0.0,0.4108,242.9544870133333,242.9544870133333
2025-02-04,34,2,1337.4849254098826,1337.4849254098826,0.0,0.4217,564.0173930453475,564.0173930453475
2025-02-04,34,3,577.5816008333331,577.5816008333331,0.0,0.3879,224.04390296324993,224.04390296324993
2025-02-04,34,4,590.6044016666667,590.6044016666667,0.0,0.381,225.02027703500002,225.02027703500002
2025-02-04,34,5,611.2158333333333,611.2158333333333,0.0,0.4298,262.70056516666665,262.70056516666665
2025-02-04,34,6,655.2402383333332,655.2402383333332,0.0,0.4852,317.9225636393333,317.9225636393333
2025-02-04,34,7,636.9938816666667,636.9938816666667,0.0,0.4816,306.77625341066664,306.77625341066664
2025-02-04,34,8,1429.1190833333333,1429.1190833333333,0.0,0.4387,626.9545418583333,626.9545418583333
2025-02-04,34,9,640.7125058333332,640.7125058333332,0.0,0.4332,277.55665752699997,277.55665752699997
2025-02-04,34,10,638.3105133333332,638.3105133333332,0.0,0.4211,268.7925571646666,268.7925571646666
2025-02-04,34,11,1419.3255833333333,1419.3255833333333,0.0,0.4079,578.9429054416667,578.9429054416667
2025-02-04,34,12,620.7235876299733,620.7235876299733,0.0,0.4468,277.33929895307205,277.33929895307205
2025-02-04,34,13,1498.9758116666667,1498.9758116666667,0.0,0.4658,698.2229330743334,698.2229330743334
2025-02-04,34,14,1504.1758333333332,1504.1758333333332,0.0,0.4548,684.099169,684.099169
2025-02-04,34,15,1496.3747491666666,1496.3747491666666,0.0,0.4748,710.4787309043332,710.4787309043332
2025-02-04,34,16,0.0,0.0,0.0,0.4967,0.0,0.0
2025-02-04,34,17,684.2790000000001,684.2790000000001,0.0,0.497,340.08666300000004,340.08666300000004
2025-02-04,34,18,1470.3616174999997,1470.3616174999997,0.0,0.4818,708.4202273114998,708.4202273114998
2025-02-04,34,19,644.8217091666666,644.8217091666666,0.0,0.458,295.32834279833327,295.32834279833327
2025-02-04,34,20,697.9271666666666,697.9271666666666,0.0,0.4531,316.23079921666664,316.23079921666664
2025-02-04,34,21,684.9064158333333,684.9064158333333,0.0,0.4868,333.41244322766664,333.41244322766664
2025-02-04,34,22,0.0,0.0,0.0,0.4699,0.0,0.0
2025-02-04,34,23,553.759919166668,553.759919166668,0.0,0.432,239.22428508000058,239.22428508000058
2025-02-04,34,24,1488.9013108333331,1488.9013108333331,0.0,0.4885,727.3282903420832,727.3282903420832
2025-02-04,34,25,701.0669641666666,701.0669641666666,0.0,0.5193,364.06407449175,364.06407449175
2025-02-04,34,26,0.0,0.0,0.0,0.4868,0.0,0.0
2025-02-04,34,27,716.5336974999999,716.5336974999999,0.0,0.4719,338.13225185024993,338.13225185024993
2025-02-04,34,28,694.2898999999999,694.2898999999999,0.0,0.4571,317.35991328999995,317.35991328999995
2025-02-04,34,29,701.9874166666667,701.9874166666667,0.0,0.433,303.9605514166667,303.9605514166667
2025-02-04,34,30,687.3397175,687.3397175,0.0,0.4287,294.66253689225005,294.66253689225005
2025-02-04,34,31,1515.5904575,1515.5904575,0.0,0.4825,731.2723957437499,731.2723957437499
2025-02-04,34,32,701.4917499999999,701.4917499999999,0.0,0.5052,354.39363209999993,354.39363209999993
2025-02-04,34,33,732.4223858333332,732.4223858333332,0.0,0.411,301.0256005774999,301.0256005774999
2025-02-04,34,34,788.2871583333331,788.2871583333331,0.0,0.6163,485.82137568083317,485.82137568083317
2025-02-04,34,35,863.5036666666666,863.5036666666664,-2.2737367544323206e-13,1.0157,877.0606742333333,877.0606742333332
2025-02-04,34,36,78.97571472222235,78.97571472222235,0.0,1.06,83.7142576055557,83.7142576055557
2025-02-04,34,37,81.59081138888874,900.0979635185186,818.5071521296298,1.0074,82.19458339316652,1319.0407409762504
2025-02-04,34,38,898.0647583333332,898.0647583333333,1.1368683772161603e-13,1.0398,933.8077357149999,933.8077357150001
2025-02-04,34,39,868.6957652777779,868.695765277778,1.1368683772161603e-13,1.0663,926.2902945156947,926.2902945156949
2025-02-04,34,40,275.65063611111054,519.6980346585632,244.04739854745264,1.046,288.33056537222166,671.2409336931748
2025-02-04,34,41,879.0015166666668,879.0015166666669,1.1368683772161603e-13,1.014,891.3075379000002,891.3075379000004
2025-02-04,34,42,848.1631580555553,848.1631580555554,1.1368683772161603e-13,1.0283,872.1661754285275,872.1661754285277
2025-02-04,34,43,1624.8126411111111,1610.5008633333332,-14.311777777777934,1.0015,1627.249860072778,1620.0832373505555
2025-02-04,34,44,1539.6016833333333,1539.6016833333333,0.0,0.8948,1377.6355862466667,1377.6355862466667
2025-02-04,34,45,1450.5541755555555,1431.5636280555557,-18.99054749999982,0.8093,1173.933494277111,1166.2489692312363
2025-02-04,34,46,692.0636494444443,692.0636494444443,0.0,1.0382,718.5004808532221,718.5004808532221
2025-02-04,34,47,37.589116666666655,37.589116666666655,0.0,1.3987,52.57589748166665,52.57589748166665
2025-02-04,34,48,43.417403333333255,43.41740333333325,-7.105427357601002e-15,1.3894,60.32414019133322,60.32414019133322
2025-02-04,34,49,0.0,0.0,0.0,1.3081,0.0,0.0
2025-02-04,34,50,0.0,0.0,0.0,1.3044,0.0,0.0
2025-02-04,34,51,0.0,0.0,0.0,1.2383,0.0,0.0
2025-02-04,34,52,0.0,0.0,0.0,1.2197,0.0,0.0
2025-02-04,34,53,0.0,0.0,0.0,1.2392,0.0,0.0
2025-02-04,34,54,0.0,0.0,0.0,1.1757,0.0,0.0
2025-02-04,34,55,0.0,0.0,0.0,1.1966,0.0,0.0
2025-02-04,34,56,0.0,0.0,0.0,1.2647,0.0,0.0
2025-02-04,34,57,59.57591204839963,59.57591204839963,0.0,1.1707,69.74552023506145,69.74552023506145
2025-02-04,34,58,0.0,0.0,0.0,1.1168,0.0,0.0
2025-02-04,34,59,0.0,0.0,0.0,1.1355,0.0,0.0
2025-02-04,34,60,0.0,0.0,0.0,1.061,0.0,0.0
2025-02-04,34,61,0.0,0.0,0.0,1.0296,0.0,0.0
2025-02-04,34,62,0.0,0.0,0.0,1.0852,0.0,0.0
2025-02-04,34,63,0.0,0.0,0.0,1.0968,0.0,0.0
2025-02-04,34,64,202.85233333333326,272.9956722222221,70.14333888888882,0.9288,188.40924719999992,286.13294693999984
2025-02-04,34,65,967.0120666666669,967.0120666666669,0.0,0.714,690.4466156000001,690.4466156000001
2025-02-04,34,66,955.7047313888888,955.7047313888888,0.0,0.7246,692.5036483643888,692.5036483643888
2025-02-04,34,67,962.5180261111111,962.5180261111109,-2.2737367544323206e-13,0.7303,702.9269144689443,702.9269144689443
2025-02-04,34,68,973.0663249999999,973.0663249999998,-1.1368683772161603e-13,0.6588,641.05609491,641.05609491
2025-02-04,34,69,1030.7381397222223,1030.7381397222223,0.0,0.6667,687.1931177528055,687.1931177528055
2025-02-04,34,70,1024.367127777778,996.5394720370372,-27.827655740740852,0.6818,698.413507718889,688.9270598768705
2025-02-04,34,71,952.3206666666667,776.9132291666667,-175.40743750000001,0.6509,619.8655219333334,562.7791713989584
2025-02-04,34,72,923.6480105555555,825.9701512499998,-97.67785930555567,0.6104,563.7947456431111,533.9834629830556
2025-02-04,34,73,962.9290794444448,823.6443006615842,-139.2847787828606,0.6334,609.9192789201113,565.8077894795794
2025-02-04,34,74,1015.9546500000001,638.6050270833334,-377.3496229166667,0.6457,656.0019175050002,534.1745917463543
2025-02-04,34,75,1012.7602788888889,831.8401450000001,-180.9201338888888,0.5451,552.0556280223334,502.7458455309167
2025-02-04,34,76,1063.6652477777777,873.4433687499999,-190.22187902777785,0.709,754.1386606744444,686.7050045590971
2025-02-04,34,77,306.5472166666666,122.84660000000008,-183.70061666666652,1.0348,317.2150598066666,222.16836074333332
2025-02-04,34,78,251.38783277777782,251.38783277777776,-5.684341886080802e-14,1.0198,256.3653118667778,256.3653118667778
2025-02-04,34,79,274.4751855555555,274.4751855555555,0.0,0.9583,263.0295703178889,263.0295703178889
2025-02-04,34,80,380.93770071826606,86.64464166666653,-294.2930590515995,1.0209,388.89929866327776,238.67740667038882
2025-02-04,34,81,0.0,0.0,0.0,1.0769,0.0,0.0
2025-02-04,34,82,0.0,0.0,0.0,1.106,0.0,0.0
2025-02-04,34,83,0.0,0.0,0.0,1.1082,0.0,0.0
2025-02-04,34,84,0.0,0.0,0.0,1.0882,0.0,0.0
2025-02-04,34,85,0.0,0.0,0.0,1.1136,0.0,0.0
2025-02-04,34,86,0.0,0.0,0.0,1.1778,0.0,0.0
2025-02-04,34,87,0.0,0.0,0.0,1.1791,0.0,0.0
2025-02-04,34,88,0.0,0.0,0.0,1.0107,0.0,0.0
2025-02-04,34,89,1579.4447833333334,1269.3975333333333,-310.0472500000001,0.815,1287.2474984166665,1160.9032440416665
2025-02-04,34,90,1616.2711747222227,1336.8250163888888,-279.44615833333387,0.8547,1381.4269730350838,1262.0056572713336
2025-02-04,34,91,1613.022729444444,1371.330535277778,-241.692194166666,0.8875,1431.557672381944,1324.306761220486
2025-02-04,34,92,1611.3676916666668,1388.7100416666667,-222.6576500000001,0.8267,1332.1176707008335,1240.0821310733336
2025-02-04,34,93,1653.5065788888887,1457.6319638888885,-195.87461500000018,0.8268,1367.1192394253333,1286.1446735843333
2025-02-04,34,94,833.9930802777776,833.9930802777776,0.0,0.8717,726.9917680781388,726.9917680781388
2025-02-04,34,95,824.0432666666665,824.0432666666663,-1.1368683772161603e-13,0.9299,766.2778336733331,766.277833673333
2025-02-04,34,96,864.8233113888889,864.8233113888889,0.0,0.9935,859.2019598648611,859.2019598648611
2025-02-04,34,97,886.4281436111113,786.4686038888887,-99.95953972222264,1.0272,910.5389891173335,859.1997695159998
2025-02-04,34,98,888.5969583333338,829.2036833333336,-59.39327500000013,1.0285,913.9219716458338,883.3789799770838
2025-02-04,34,99,941.0373972222218,850.3050460642328,-90.732351157989,1.0322,971.3388014127773,924.5118349801392
2025-02-04,34,100,988.2817577777776,988.2817577777776,0.0,1.0628,1050.345852166222,1050.345852166222
2025-02-04,34,101,981.6658166666665,981.6658166666666,1.1368683772161603e-13,1.0993,1079.1452322616665,1079.1452322616667
2025-02-04,34,102,1033.805393611111,1033.805393611111,0.0,1.0999,1137.0825524328611,1137.0825524328611
2025-02-04,34,103,966.8199532222227,966.8199532222225,-2.2737367544323206e-13,1.1071,1070.3663702123226,1070.3663702123226
2025-02-04,34,104,1043.9424916666667,1043.9424916666667,0.0,1.1202,1169.4243791650001,1169.4243791650001
2025-02-04,34,105,1078.2560263888888,1078.256026388889,2.2737367544323206e-13,1.1068,1193.4137700072222,1193.4137700072226
2025-02-04,34,106,935.9312772222222,929.9136656172846,-6.017611604937656,1.1616,1087.1777716213332,1083.6827428011854
2025-02-04,34,107,725.5525833333334,725.5525833333332,-1.1368683772161603e-13,1.2653,918.0416836916668,918.0416836916668
2025-02-04,34,108,561.9124366317362,561.9124366317363,1.1368683772161603e-13,1.2932,726.6651630521612,726.6651630521615
2025-02-04,34,109,0.0,213.7022498049955,213.7022498049955,1.2831,0.0,411.3020350871845
2025-02-04,34,110,733.5255,733.5255000000001,1.1368683772161603e-13,1.2796,938.6192298,938.6192298000002
2025-02-04,34,111,1561.598235,1561.5982350000002,2.2737367544323206e-13,1.285,2006.6537319749998,2006.6537319750003
2025-02-04,34,112,714.5721125,714.5721125,0.0,1.2788,913.7948174649999,913.7948174649999
2025-02-04,34,113,0.0,0.0,0.0,1.2709,0.0,0.0
2025-02-04,34,114,0.0,0.0,0.0,1.2902,0.0,0.0
2025-02-04,34,115,0.0,0.0,0.0,1.2971,0.0,0.0
2025-02-04,34,116,0.0,0.0,0.0,1.2758,0.0,0.0
2025-02-04,34,117,0.0,0.0,0.0,1.2575,0.0,0.0
2025-02-04,34,118,0.0,0.0,0.0,1.296,0.0,0.0
2025-02-04,34,119,0.0,0.0,0.0,1.3487,0.0,0.0
2025-02-04,34,120,0.0,0.0,0.0,1.3127,0.0,0.0
2025-02-04,34,121,0.0,0.0,0.0,1.252,0.0,0.0
2025-02-04,34,122,0.0,0.0,0.0,1.2517,0.0,0.0
2025-02-04,34,123,0.0,0.0,0.0,1.31,0.0,0.0
2025-02-04,34,124,0.0,0.0,0.0,1.1789,0.0,0.0
2025-02-04,34,125,709.1395833333331,709.1395833333332,1.1368683772161603e-13,0.9263,656.8759960416664,656.8759960416666
2025-02-04,34,126,754.6722215740743,754.6722215740742,-1.1368683772161603e-13,0.88,664.1115549851854,664.1115549851853
2025-02-04,34,127,711.8866650000002,745.9198558333333,34.03319083333304,0.908,646.3930918200002,692.7462977349999
2025-02-04,34,128,718.47575,740.2149722222223,21.739222222222338,0.9437,678.025565275,708.7985212916668
2025-02-04,34,129,717.4724666666665,717.4724666666665,0.0,1.0149,728.1628064199998,728.1628064199998
2025-02-04,34,130,679.6813949999998,679.681395,1.1368683772161603e-13,0.8103,550.7458343684999,550.7458343685
2025-02-04,34,131,1346.1918333333333,1346.191833333333,-2.2737367544323206e-13,0.4447,598.6515082833333,598.6515082833332
2025-02-04,34,132,1380.5266216666666,1367.401066111111,-13.125555555555593,0.3833,529.1558540848333,526.640341362611
2025-02-04,34,133,1394.4873558333331,1388.4417755555555,-6.045580277777617,0.4449,620.4074246102499,619.0625852774583
2025-02-04,34,134,1371.929333333333,1371.929333333333,0.0,0.448,614.6243413333332,614.6243413333332
2025-02-04,34,135,1401.5422866666665,1401.5422866666668,2.2737367544323206e-13,0.4018,563.1396907826665,563.1396907826667
2025-02-04,34,136,0.0,0.0,0.0,0.4056,0.0,0.0
2025-02-04,34,137,574.1057500000001,574.1057500000001,0.0,0.458,262.94043350000004,262.94043350000004
2025-02-04,34,138,612.1772766666666,612.1772766666666,0.0,0.4646,284.4175627393333,284.4175627393333
2025-02-04,34,139,598.9376333333332,598.9376333333331,-1.1368683772161603e-13,0.4437,265.7486279099999,265.74862790999987
2025-02-04,34,140,495.53994764246636,495.5399476424664,5.684341886080802e-14,0.4308,213.4786094443745,213.47860944437454
2025-02-04,34,141,607.7528099999998,607.75281,1.1368683772161603e-13,0.4393,266.98580943299993,266.985809433
2025-02-04,34,142,1419.9019708333333,1397.1846463888887,-22.717324444444557,0.4454,632.4243378091667,627.3651896553888
2025-02-04,34,143,1350.931,1350.9249077548393,-0.006092245160743914,0.4494,607.1083914000001,607.1070224725124
2025-02-05,35,0,1364.0108881588687,1364.0108881588687,0.0,0.4652,634.5378651715057,634.5378651715057
2025-02-05,35,1,579.8217483333333,579.8217483333333,0.0,0.4304,249.55528048266666,249.55528048266666
2025-02-05,35,2,591.8669166666666,591.8669166666666,0.0,0.3734,221.00310668333333,221.00310668333333
2025-02-05,35,3,576.8394391666666,576.8394391666666,0.0,0.3928,226.58253170466662,226.58253170466662
2025-02-05,35,4,574.9966925000001,574.9966925000001,0.0,0.4269,245.46608802825006,245.46608802825006
2025-02-05,35,5,604.9876666666667,604.9876666666667,0.0,0.4498,272.12345246666666,272.12345246666666
2025-02-05,35,6,645.6594108333333,645.6594108333333,0.0,0.4859,313.72590772391663,313.72590772391663
2025-02-05,35,7,615.6584241666667,615.6584241666667,0.0,0.4608,283.695401856,283.695401856
2025-02-05,35,8,1411.9945833333331,1411.9945833333331,0.0,0.4269,602.7804876249999,602.7804876249999
2025-02-05,35,9,1476.0850416666665,1476.0850416666665,0.0,0.5067,747.9322906125,747.9322906125
2025-02-05,35,10,1462.3477116666666,1462.3477116666666,0.0,0.5038,736.7307771376667,736.7307771376667
2025-02-05,35,11,1384.6094999999998,1384.6094999999998,0.0,0.4116,569.9052701999999,569.9052701999999
2025-02-05,35,12,614.0872291666666,614.0872291666666,0.0,0.4274,262.4608817458333,262.4608817458333
2025-02-05,35,13,0.0,0.0,0.0,0.4802,0.0,0.0
2025-02-05,35,14,1499.6749999999997,1499.6749999999997,0.0,0.5012,751.6371099999998,751.6371099999998
2025-02-05,35,15,1490.5496699999999,1490.5496699999999,0.0,0.4976,741.6975157919999,741.6975157919999
2025-02-05,35,16,680.4632691666668,680.4632691666668,0.0,0.4898,333.29090923783343,333.29090923783343
2025-02-05,35,17,685.48175,685.48175,0.0,0.4752,325.7409276,325.7409276
2025-02-05,35,18,616.8778125,616.8778125,0.0,0.439,270.8093596875,270.8093596875
2025-02-05,35,19,615.4041841666666,615.4041841666666,0.0,0.4182,257.3620298185,257.3620298185
2025-02-05,35,20,682.0334999999999,682.0334999999999,0.0,0.4306,293.6836250999999,293.6836250999999
2025-02-05,35,21,475.29734249999996,475.29734249999996,0.0,0.4613,219.25466409524998,219.25466409524998
2025-02-05,35,22,0.0,0.0,0.0,0.493,0.0,0.0
2025-02-05,35,23,0.0,0.0,0.0,0.5062,0.0,0.0
2025-02-05,35,24,644.0783316666665,644.0783316666665,0.0,0.4908,316.1136451819999,316.1136451819999
2025-02-05,35,25,1504.1464091666667,1504.1464091666667,0.0,0.4829,726.3523009865834,726.3523009865834
2025-02-05,35,26,1542.7626666666665,1542.7626666666665,0.0,0.4873,751.7882474666666,751.7882474666666
2025-02-05,35,27,708.5541641666666,708.5541641666666,0.0,0.4792,339.53915546866665,339.53915546866665
2025-02-05,35,28,642.7516171769857,642.7516171769857,0.0,0.4827,310.25620561133104,310.25620561133104
2025-02-05,35,29,1.4271244896804947,1.4271244896804947,0.0,0.5051,0.7208405797376178,0.7208405797376178
2025-02-05,35,30,671.0965599999998,671.0965599999998,0.0,0.5267,353.4665581519999,353.4665581519999
2025-02-05,35,31,669.2621358333333,669.2621358333333,0.0,0.5349,357.98831645725005,357.98831645725005
2025-02-05,35,32,697.8050833333332,697.8050833333332,0.0,0.4858,338.99370948333325,338.99370948333325
2025-02-05,35,33,1571.4054458333333,1571.4054458333333,0.0,0.3944,619.7623078366667,619.7623078366667
2025-02-05,35,34,797.4887366666665,797.4887366666665,0.0,0.6164,491.5720572813332,491.5720572813332
2025-02-05,35,35,866.4140833333332,866.4140833333332,0.0,1.0181,882.0961782416665,882.0961782416665
2025-02-05,35,36,888.4781369444443,888.4781369444443,0.0,1.0785,958.2236706945831,958.2236706945831
2025-02-05,35,37,886.9508055555555,886.9508055555557,2.2737367544323206e-13,1.0229,907.2619790027776,907.2619790027779
2025-02-05,35,38,875.8111749999998,875.8111749999998,0.0,1.0369,908.1286073574997,908.1286073574997
2025-02-05,35,39,859.8453827777779,859.8453827777779,0.0,1.0678,918.1428997301114,918.1428997301114
2025-02-05,35,40,189.4181905555546,239.4552846262571,50.03709407070252,1.0429,197.54423093038787,275.8197590398913
2025-02-05,35,41,17.311183333333474,17.31118333333347,-3.552713678800501e-15,1.0026,17.35619241000014,17.35619241000014
2025-02-05,35,42,803.9647752777776,803.9647752777776,0.0,1.0448,839.982397210222,839.982397210222
2025-02-05,35,43,752.3647447222221,1547.0419980555553,794.6772533333332,1.0447,785.9954488113054,2031.294438647305
2025-02-05,35,44,1518.36225,1518.3622500000001,2.2737367544323206e-13,0.9397,1426.8050063249998,1426.805006325
2025-02-05,35,45,1434.0484152777776,1434.0356233333334,-0.01279194444418863,0.8401,1204.7440736748608,1204.738700418597
2025-02-05,35,46,528.7582831595084,671.6290972222221,142.87081406271363,1.0464,553.2926674981096,777.5426972509449
2025-02-05,35,47,26.072666666666635,26.072666666666635,0.0,1.3848,36.105428799999956,36.105428799999956
2025-02-05,35,48,41.47037944444429,41.47037944444428,-7.105427357601002e-15,1.3646,56.59047978988868,56.590479789888676
2025-02-05,35,49,0.0,0.0,0.0,1.2933,0.0,0.0
2025-02-05,35,50,0.0,0.0,0.0,1.317,0.0,0.0
2025-02-05,35,51,0.0,0.0,0.0,1.2754,0.0,0.0
2025-02-05,35,52,0.0,0.0,0.0,1.2445,0.0,0.0
2025-02-05,35,53,0.0,0.0,0.0,1.2529,0.0,0.0
2025-02-05,35,54,0.0,0.0,0.0,1.238,0.0,0.0
2025-02-05,35,55,0.0,0.0,0.0,1.215,0.0,0.0
2025-02-05,35,56,0.0,0.0,0.0,1.2027,0.0,0.0
2025-02-05,35,57,0.0,446.4080716666666,446.4080716666666,1.1919,0.0,798.1106709292499
2025-02-05,35,58,0.0,0.0,0.0,1.1328,0.0,0.0
2025-02-05,35,59,0.0,0.0,0.0,1.0657,0.0,0.0
2025-02-05,35,60,0.0,0.0,0.0,1.0855,0.0,0.0
2025-02-05,35,61,0.0,0.0,0.0,1.1086,0.0,0.0
2025-02-05,35,62,0.0,0.0,0.0,1.0905,0.0,0.0
2025-02-05,35,63,0.0,0.0,0.0,1.0466,0.0,0.0
2025-02-05,35,64,0.0,67.78725454840124,67.78725454840124,0.9011,0.0,91.62464261034653
2025-02-05,35,65,877.8022000000001,877.8021999999999,-2.2737367544323206e-13,0.7285,639.4789027,639.4789027
2025-02-05,35,66,875.8652474999999,875.8652474999998,-1.1368683772161603e-13,0.7046,617.1346533884999,617.1346533884998
2025-02-05,35,67,873.7054925000002,873.7054925000001,-1.1368683772161603e-13,0.719,628.1942491075001,628.1942491075
2025-02-05,35,68,864.2562333333331,864.2562333333333,2.2737367544323206e-13,0.7199,622.1780623766665,622.1780623766667
2025-02-05,35,69,902.6150183333332,902.6150183333331,-1.1368683772161603e-13,0.7476,674.7949877059999,674.7949877059998
2025-02-05,35,70,917.7241341666665,917.7241341666664,-1.1368683772161603e-13,0.6892,632.4954732676666,632.4954732676665
2025-02-05,35,71,874.0196000000003,762.7247916666668,-111.29480833333355,0.602,526.1597992000002,492.66006189166677
2025-02-05,35,72,815.8913013888887,683.5796295016148,-132.31167188727386,0.6658,543.2204284647221,499.17387289344856
2025-02-05,35,73,833.1158902777781,521.4900391666667,-311.6258511111114,0.7192,599.176948287778,487.11629222822233
2025-02-05,35,74,899.1421500000001,598.7029250000003,-300.43922499999985,0.6577,591.365792055,492.5663529137501
2025-02-05,35,75,909.1209838888889,809.3771708333334,-99.7438130555555,0.5708,518.9262576037778,490.4593733577222
2025-02-05,35,76,956.6256136111112,851.8459783333335,-104.77963527777774,0.7267,695.1798334111945,657.1081529330139
2025-02-05,35,77,0.0,0.0,0.0,0.9954,0.0,0.0
2025-02-05,35,78,0.0,0.0,0.0,0.9781,0.0,0.0
2025-02-05,35,79,0.0,0.0,0.0,0.9522,0.0,0.0
2025-02-05,35,80,0.0,0.0,0.0,1.0253,0.0,0.0
2025-02-05,35,81,0.0,0.0,0.0,1.0274,0.0,0.0
2025-02-05,35,82,0.0,0.0,0.0,1.0467,0.0,0.0
2025-02-05,35,83,0.0,0.0,0.0,1.0931,0.0,0.0
2025-02-05,35,84,0.0,0.0,0.0,1.0776,0.0,0.0
2025-02-05,35,85,0.0,0.0,0.0,1.0956,0.0,0.0
2025-02-05,35,86,0.0,0.0,0.0,1.1572,0.0,0.0
2025-02-05,35,87,0.0,0.0,0.0,1.1515,0.0,0.0
2025-02-05,35,88,0.0,0.0,0.0,1.0216,0.0,0.0
2025-02-05,35,89,1378.766,1235.1284833333334,-143.63751666666667,0.8509,1173.1919894,1112.0814079341667
2025-02-05,35,90,1441.918996388889,1313.4758352777774,-128.44316111111152,0.7979,1150.5071672186946,1099.2647680934165
2025-02-05,35,91,1475.3209311111107,1369.2249980555557,-106.09593305555495,0.82,1209.7631635111106,1166.263830958333
2025-02-05,35,92,1493.0544249999998,1390.5863,-102.46812499999987,0.8433,1259.0927966025,1215.8871116962498
2025-02-05,35,93,1063.9833380943674,1063.9833380943674,0.0,0.8427,896.6187590121234,896.6187590121234
2025-02-05,35,94,686.597572527781,686.597572527781,0.0,0.8992,617.3885372169807,617.3885372169807
2025-02-05,35,95,571.9631127499986,571.9631127499986,0.0,0.9865,564.2416107278736,564.2416107278736
2025-02-05,35,96,796.859987222222,796.8599872222218,-2.2737367544323206e-13,0.9955,793.2741172797221,793.274117279722
2025-02-05,35,97,823.1616894444446,776.0393441666665,-47.122345277778095,1.0155,835.9206956308336,811.9943248160417
2025-02-05,35,98,686.2920519166671,686.2920519166671,0.0,1.0704,734.6070123716005,734.6070123716005
2025-02-05,35,99,877.7252697222219,877.7252697222218,-1.1368683772161603e-13,1.0854,952.6830077564996,952.6830077564996
2025-02-05,35,100,943.9025286111109,943.9025286111109,0.0,1.0619,1002.3300951321388,1002.3300951321388
2025-02-05,35,101,979.4925499999998,979.4925499999997,-1.1368683772161603e-13,1.0444,1022.9820192199998,1022.9820192199998
2025-02-05,35,102,945.3357980555556,945.3357980555556,0.0,1.0744,1015.668781430889,1015.668781430889
2025-02-05,35,103,941.5187211111108,941.518721111111,1.1368683772161603e-13,1.095,1030.9629996166664,1030.9629996166666
2025-02-05,35,104,1008.1003999999998,1008.1003999999997,-1.1368683772161603e-13,1.0823,1091.06706292,1091.0670629199997
2025-02-05,35,105,1152.5049832407396,1152.5049832407394,-2.2737367544323206e-13,1.0766,1240.7868649569803,1240.7868649569803
2025-02-05,35,106,916.8410180555553,916.8410180555554,1.1368683772161603e-13,1.1388,1044.0985513616665,1044.0985513616668
2025-02-05,35,107,725.9330833333333,725.9330833333332,-1.1368683772161603e-13,1.244,903.0607556666666,903.0607556666666
2025-02-05,35,108,681.7502450000002,681.7502450000001,-1.1368683772161603e-13,1.2943,882.3893421035002,882.3893421035002
2025-02-05,35,109,712.3718991666664,712.3718991666665,1.1368683772161603e-13,1.2637,900.2243689769164,900.2243689769166
2025-02-05,35,110,725.98375,725.98375,0.0,1.2186,884.6837977499999,884.6837977499999
2025-02-05,35,111,746.2404158333333,746.2404158333333,0.0,1.2509,933.4721361659165,933.4721361659165
2025-02-05,35,112,474.87301663173554,474.87301663173565,1.1368683772161603e-13,1.2681,602.1864723907038,602.186472390704
2025-02-05,35,113,0.0,0.0,0.0,1.2355,0.0,0.0
2025-02-05,35,114,0.0,0.0,0.0,1.2226,0.0,0.0
2025-02-05,35,115,0.0,0.0,0.0,1.2903,0.0,0.0
2025-02-05,35,116,0.0,0.0,0.0,1.3665,0.0,0.0
2025-02-05,35,117,0.0,0.0,0.0,1.3174,0.0,0.0
2025-02-05,35,118,0.0,0.0,0.0,1.2754,0.0,0.0
2025-02-05,35,119,0.0,0.0,0.0,1.2909,0.0,0.0
2025-02-05,35,120,0.0,0.0,0.0,1.2842,0.0,0.0
2025-02-05,35,121,0.0,0.0,0.0,1.2551,0.0,0.0
2025-02-05,35,122,0.0,0.0,0.0,1.2578,0.0,0.0
2025-02-05,35,123,0.0,0.0,0.0,1.3101,0.0,0.0
2025-02-05,35,124,0.0,243.84712546350767,243.84712546350767,1.1709,0.0,428.2808988078317
2025-02-05,35,125,723.36675,739.2035000000002,15.836750000000166,0.9186,664.48469655,686.3061543750002
2025-02-05,35,126,1528.2378341666665,1514.0026391666665,-14.235194999999976,0.89,1360.1316724083333,1353.7970106333332
2025-02-05,35,127,690.944845,690.9417700057504,-0.0030749942495731375,0.9262,639.953115439,639.951691409163
2025-02-05,35,128,728.7606666666666,728.7606666666666,0.0,0.9375,683.2131249999999,683.2131249999999
2025-02-05,35,129,23.58037583333339,11.909771494824367,-11.670604338509024,0.9549,22.516900883250056,16.944770841828923
2025-02-05,35,130,682.0083141666665,682.0083141666667,1.1368683772161603e-13,0.7248,494.3196261079999,494.319626108
2025-02-05,35,131,1372.06475,1372.0647500000002,2.2737367544323206e-13,0.3809,522.619463275,522.6194632750002
2025-02-05,35,132,588.8927933333333,588.8927933333332,-1.1368683772161603e-13,0.3548,208.93916307466665,208.93916307466665
2025-02-05,35,133,595.4817449999999,595.481745,1.1368683772161603e-13,0.4343,258.6177218535,258.61772185350003
2025-02-05,35,134,1395.9083333333333,1365.7910833333333,-30.117250000000013,0.4293,599.2634475,592.7987797875
2025-02-05,35,135,1387.1593716666666,1372.817955,-14.341416666666646,0.3612,501.04196504600003,498.451905196
2025-02-05,35,136,601.2605608333332,601.2605608333332,0.0,0.3423,205.81148997324996,205.81148997324996
2025-02-05,35,137,1216.9764068249626,1216.9764068249629,2.2737367544323206e-13,0.4004,487.277353292715,487.27735329271513
2025-02-05,35,138,598.3616574999999,598.3616575,1.1368683772161603e-13,0.4565,273.15209664874993,273.15209664875
2025-02-05,35,139,579.6190349999998,579.6190349999997,-1.1368683772161603e-13,0.4335,251.26485167249993,251.2648516724999
2025-02-05,35,140,1408.5414166666665,1362.3609999999999,-46.18041666666659,0.3709,522.4280114416666,513.8638531708333
2025-02-05,35,141,1406.015990833333,1394.2781083333332,-11.737882499999841,0.3866,543.5657820561665,541.2968493689166
2025-02-05,35,142,1405.29288,1359.4533580555542,-45.83952194444578,0.4518,634.9113231839999,624.5561751767497
2025-02-05,35,143,0.0,0.0,0.0,0.488,0.0,0.0
2025-02-06,36,0,1399.783305,1399.783305,0.0,0.4426,619.544090793,619.544090793
2025-02-06,36,1,1418.0182158333332,1418.0182158333332,0.0,0.4119,584.0817031017499,584.0817031017499
2025-02-06,36,2,579.7355,579.7355,0.0,0.4256,246.7354288,246.7354288
2025-02-06,36,3,588.3144366666666,588.3144366666666,0.0,0.4281,251.85741033699995,251.85741033699995
2025-02-06,36,4,593.6993841666667,593.6993841666667,0.0,0.4322,256.59687383683337,256.59687383683337
2025-02-06,36,5,1441.6633333333334,1441.6633333333334,0.0,0.4427,638.2243576666667,638.2243576666667
2025-02-06,36,6,1494.5024416666665,1494.5024416666665,0.0,0.4445,664.3063353208332,664.3063353208332
2025-02-06,36,7,1465.4460791666666,1465.4460791666666,0.0,0.4514,661.5023601358333,661.5023601358333
2025-02-06,36,8,576.68025,576.68025,0.0,0.4564,263.19686609999997,263.19686609999997
2025-02-06,36,9,0.0,0.0,0.0,0.4385,0.0,0.0
2025-02-06,36,10,641.4853858333332,641.4853858333332,0.0,0.4316,276.8650925256666,276.8650925256666
2025-02-06,36,11,1391.605583333333,1391.605583333333,0.0,0.4439,617.7337184416665,617.7337184416665
2025-02-06,36,12,495.58488408770296,495.58488408770296,0.0,0.448,222.02202807129092,222.02202807129092
2025-02-06,36,13,0.0,0.0,0.0,0.4334,0.0,0.0
2025-02-06,36,14,1500.0859166666667,1500.0859166666667,0.0,0.4188,628.2359819,628.2359819
2025-02-06,36,15,1480.154508333333,1480.154508333333,0.0,0.4369,646.6795046908333,646.6795046908333
2025-02-06,36,16,676.5152850000002,676.5152850000002,0.0,0.4747,321.1418057895001,321.1418057895001
2025-02-06,36,17,695.0424166666668,695.0424166666668,0.0,0.4844,336.6785466333334,336.6785466333334
2025-02-06,36,18,621.5222966666666,621.5222966666666,0.0,0.4319,268.4354799303333,268.4354799303333
2025-02-06,36,19,614.1679633333333,614.1679633333333,0.0,0.423,259.79304849,259.79304849
2025-02-06,36,20,646.6871666666661,646.6871666666661,0.0,0.4606,297.86410896666644,297.86410896666644
2025-02-06,36,21,674.2293358333334,674.2293358333334,0.0,0.4547,306.57207900341666,306.57207900341666
2025-02-06,36,22,655.4797358333334,655.4797358333334,0.0,0.4901,321.2506185319167,321.2506185319167
2025-02-06,36,23,664.569,664.569,0.0,0.5369,356.8070961,356.8070961
2025-02-06,36,24,657.3945591666666,657.3945591666666,0.0,0.4707,309.43561899975,309.43561899975
2025-02-06,36,25,674.2683508333332,674.2683508333332,0.0,0.4234,285.4852197428333,285.4852197428333
2025-02-06,36,26,0.0,0.0,0.0,0.4511,0.0,0.0
2025-02-06,36,27,715.0644158333333,715.0644158333333,0.0,0.4809,343.87447757424997,343.87447757424997
2025-02-06,36,28,702.9946291666665,702.9946291666665,0.0,0.4899,344.3970688287499,344.3970688287499
2025-02-06,36,29,1518.9885,1518.9885,0.0,0.4843,735.64613055,735.64613055
2025-02-06,36,30,670.8552599999999,670.8552599999999,0.0,0.4862,326.16982741199996,326.16982741199996
2025-02-06,36,31,669.8287883333331,669.8287883333331,0.0,0.5166,346.0335520529999,346.0335520529999
2025-02-06,36,32,691.4901666666665,691.4901666666665,0.0,0.5163,357.0163730499999,357.0163730499999
2025-02-06,36,33,743.1935491666666,743.1935491666666,0.0,0.4495,334.06550035041664,334.06550035041664
2025-02-06,36,34,806.9638291666664,806.9638291666664,0.0,0.6685,539.4553197979164,539.4553197979164
2025-02-06,36,35,870.27875,870.27875,0.0,1.0461,910.398600375,910.398600375
2025-02-06,36,36,84.03087388888879,85.17391222222196,1.1430383333331662,1.0728,90.1483215079999,91.98769879399963
2025-02-06,36,37,916.3615480555553,916.3615480555554,1.1368683772161603e-13,1.0084,924.058985059222,924.0589850592222
2025-02-06,36,38,56.86463333333334,298.487052880065,241.62241954673166,1.0276,58.43409721333334,430.87089470266557
2025-02-06,36,39,262.17464063146053,262.1746406314606,5.684341886080802e-14,1.0415,273.0548882176662,273.0548882176663
2025-02-06,36,40,839.2907647222221,839.2907647222221,0.0,1.0442,876.3874165229444,876.3874165229444
2025-02-06,36,41,840.3075810352059,840.3075810352059,0.0,1.0426,876.1046839873056,876.1046839873056
2025-02-06,36,42,824.1714174999997,824.1714174999997,0.0,1.0319,850.4624857182498,850.4624857182498
2025-02-06,36,43,1609.8523608333333,1606.8149858333336,-3.037374999999656,1.0025,1613.8769917354166,1612.3545075166667
2025-02-06,36,44,1530.4759666666666,1527.107900925926,-3.368065740740576,0.9172,1403.7525566266668,1402.207961677963
2025-02-06,36,45,1459.9736099999998,1431.1309958333334,-28.842614166666408,0.8011,1169.584858971,1158.0319498665417
2025-02-06,36,46,577.3700237150636,577.3700237150636,0.0,1.0092,582.6818279332422,582.6818279332422
2025-02-06,36,47,64.89901666666645,64.89901666666645,0.0,1.4012,90.93650215333304,90.93650215333304
2025-02-06,36,48,74.54553111111113,74.54553111111115,1.4210854715202004e-14,1.447,107.86738351777781,107.86738351777784
2025-02-06,36,49,21.653073888888798,21.653073888888798,0.0,1.3607,29.463337640610987,29.463337640610987
2025-02-06,36,50,0.0,0.0,0.0,1.3202,0.0,0.0
2025-02-06,36,51,0.0,0.0,0.0,1.2879,0.0,0.0
2025-02-06,36,52,0.0,0.0,0.0,1.2735,0.0,0.0
2025-02-06,36,53,0.0,0.0,0.0,1.25,0.0,0.0
2025-02-06,36,54,0.0,0.0,0.0,1.1769,0.0,0.0
2025-02-06,36,55,0.0,0.0,0.0,1.1599,0.0,0.0
2025-02-06,36,56,0.0,0.0,0.0,1.1969,0.0,0.0
2025-02-06,36,57,0.0,0.0,0.0,1.1742,0.0,0.0
2025-02-06,36,58,0.0,0.0,0.0,1.1111,0.0,0.0
2025-02-06,36,59,0.0,0.0,0.0,1.0659,0.0,0.0
2025-02-06,36,60,0.0,0.0,0.0,1.0786,0.0,0.0
2025-02-06,36,61,0.0,0.0,0.0,1.1009,0.0,0.0
2025-02-06,36,62,0.0,0.0,0.0,1.0987,0.0,0.0
2025-02-06,36,63,0.0,0.0,0.0,1.0491,0.0,0.0
2025-02-06,36,64,0.0,0.0,0.0,0.8445,0.0,0.0
2025-02-06,36,65,916.2746333333337,916.2746333333338,1.1368683772161603e-13,0.6443,590.3557462566669,590.355746256667
2025-02-06,36,66,946.8001811111105,946.8001811111106,1.1368683772161603e-13,0.7323,693.3417726276662,693.3417726276663
2025-02-06,36,67,973.314343888889,973.3143438888891,1.1368683772161603e-13,0.7568,736.6042954551112,736.6042954551114
2025-02-06,36,68,997.3362833333332,997.3362833333334,2.2737367544323206e-13,0.6457,643.9800381483333,643.9800381483335
2025-02-06,36,69,1086.2500077777777,1048.214773240741,-38.035234537036786,0.6665,723.9856301838888,711.3103882744214
2025-02-06,36,70,1137.5959297222223,1049.6134128703704,-87.98251685185187,0.6836,777.6605775581112,747.5881532981482
2025-02-06,36,71,1117.5466833333335,216.61047916666666,-900.9362041666668,0.6396,714.78285866,426.6634605675
2025-02-06,36,72,1047.607753611111,408.2504484722224,-639.3573051388887,0.6356,665.8594881952223,462.6717366220835
2025-02-06,36,73,1064.821428888889,843.3606644444444,-221.46076444444452,0.6717,715.2405537846666,640.862956046
2025-02-06,36,74,1125.6137750000003,618.4585812500002,-507.1551937500001,0.6601,743.0176528775002,575.6310811803127
2025-02-06,36,75,1105.2391044444444,798.9203955555554,-306.318708888889,0.5544,612.744559504,527.8330133999999
2025-02-06,36,76,1110.635877222222,799.4224190277776,-311.21345819444446,0.6972,774.3353335993332,665.8463220727499
2025-02-06,36,77,400.46899451412855,0.0,-400.46899451412855,1.0024,401.4301201009624,200.7150600504812
2025-02-06,36,78,295.49020027777783,43.40086305555565,-252.08933722222218,1.0263,303.2615925450834,173.90194914950007
2025-02-06,36,79,333.8299988888891,18.781876944444548,-315.0481219444446,0.988,329.82403890222247,174.19026666166684
2025-02-06,36,80,429.17713333333336,354.2795007098596,-74.89763262347378,1.0242,439.56321996,401.20814229351913
2025-02-06,36,81,451.3758044444445,451.3758044444445,0.0,1.0421,470.3787258115556,470.3787258115556
2025-02-06,36,82,0.0,0.0,0.0,1.0453,0.0,0.0
2025-02-06,36,83,0.0,0.0,0.0,1.0591,0.0,0.0
2025-02-06,36,84,0.0,0.0,0.0,1.0866,0.0,0.0
2025-02-06,36,85,0.0,0.0,0.0,1.065,0.0,0.0
2025-02-06,36,86,0.0,0.0,0.0,1.0469,0.0,0.0
2025-02-06,36,87,0.0,0.0,0.0,1.1214,0.0,0.0
2025-02-06,36,88,0.0,0.0,0.0,1.018,0.0,0.0
2025-02-06,36,89,1501.5778666666665,1213.8240833333334,-287.7537833333331,0.8173,1227.2395904266666,1109.6490068675
2025-02-06,36,90,1560.3878422222224,1296.1477949999999,-264.24004722222253,0.8765,1367.6799437077777,1251.8767430126388
2025-02-06,36,91,1581.1215877777772,1347.5481491666667,-233.57343861111053,0.9061,1432.6542706854439,1326.8338243226804
2025-02-06,36,92,1583.9446083333332,1362.3183583333332,-221.62625000000003,0.8364,1324.81127041,1232.12717266
2025-02-06,36,93,1609.8347580555555,1407.9041874999998,-201.93057055555573,0.8959,1442.2509597419723,1351.796160661611
2025-02-06,36,94,798.0494894444444,798.0494894444444,0.0,0.9706,774.5868344547777,774.5868344547777
2025-02-06,36,95,822.9094333333331,619.5359053028799,-203.37352803045326,0.9892,814.0220114533331,713.4334644894709
2025-02-06,36,96,732.7017637500003,707.1830936111111,-25.518670138889206,0.9982,731.3829005752502,718.6465323089307
2025-02-06,36,97,845.1779833333337,777.371744722222,-67.80623861111167,0.9849,832.4157957850003,799.0246135809584
2025-02-06,36,98,867.4177416666668,799.130875,-68.28686666666681,0.9703,841.6554347391668,808.5260613758335
2025-02-06,36,99,915.2103047222217,819.3632602777777,-95.84704444444401,1.0073,921.8913399466941,873.6179760122498
2025-02-06,36,100,890.3214150000002,890.3214150000002,0.0,1.08,961.5471282000003,961.5471282000003
2025-02-06,36,101,981.5802999999999,981.5802999999997,-1.1368683772161603e-13,1.131,1110.1673193,1110.1673192999997
2025-02-06,36,102,940.5554125,940.5554125000001,1.1368683772161603e-13,1.1109,1044.8630077462499,1044.86300774625
2025-02-06,36,103,1018.4448027777778,1018.4448027777777,-1.1368683772161603e-13,1.0902,1110.3085239883335,1110.3085239883333
2025-02-06,36,104,1029.616775,1029.6167750000002,2.2737367544323206e-13,1.0908,1123.1059781699998,1123.1059781700003
2025-02-06,36,105,1095.3088161728383,1095.3088161728383,0.0,1.0882,1191.9150537592827,1191.9150537592827
2025-02-06,36,106,917.6056869444442,917.6056869444441,-1.1368683772161603e-13,1.1768,1079.838372396222,1079.8383723962218
2025-02-06,36,107,714.9309166666668,714.9309166666668,0.0,1.3105,936.9169662916669,936.9169662916669
2025-02-06,36,108,697.9575375000002,697.9575375000003,1.1368683772161603e-13,1.3239,924.0259838962503,924.0259838962505
2025-02-06,36,109,601.056941965066,737.6706383333333,136.61369636826726,1.2555,754.6269906371405,1011.9047343226798
2025-02-06,36,110,738.6413333333333,738.6413333333331,-1.1368683772161603e-13,1.2035,888.9548446666665,888.9548446666665
2025-02-06,36,111,753.1722041666665,753.1722041666663,-1.1368683772161603e-13,1.2356,930.6195754683331,930.6195754683331
2025-02-06,36,112,727.585205,775.0085949999999,47.42338999999993,1.2722,925.633897801,1016.1319529379998
2025-02-06,36,113,0.0,0.0,0.0,1.2667,0.0,0.0
2025-02-06,36,114,0.0,0.0,0.0,1.2487,0.0,0.0
2025-02-06,36,115,0.0,0.0,0.0,1.2687,0.0,0.0
2025-02-06,36,116,0.0,0.0,0.0,1.2961,0.0,0.0
2025-02-06,36,117,0.0,0.0,0.0,1.2532,0.0,0.0
2025-02-06,36,118,0.0,0.0,0.0,1.2141,0.0,0.0
2025-02-06,36,119,0.0,0.0,0.0,1.2289,0.0,0.0
2025-02-06,36,120,0.0,0.0,0.0,1.2737,0.0,0.0
2025-02-06,36,121,0.0,0.0,0.0,1.2851,0.0,0.0
2025-02-06,36,122,0.0,0.0,0.0,1.2912,0.0,0.0
2025-02-06,36,123,0.0,0.0,0.0,1.3388,0.0,0.0
2025-02-06,36,124,0.0,356.2898841481274,356.2898841481274,1.1687,0.0,624.5939814058747
2025-02-06,36,125,725.4568333333333,741.2935833333335,15.836750000000166,0.8948,649.1387744666666,670.3948603166668
2025-02-06,36,126,1528.3039291666664,1520.3962191666665,-7.907709999999952,0.9114,1392.8962010424998,1389.2926575954998
2025-02-06,36,127,718.0479003703704,698.7500022222223,-19.29789814814808,0.9498,682.0018957717778,672.8373239412222
2025-02-06,36,128,727.8165,727.8165,0.0,0.9221,671.1195946500001,671.1195946500001
2025-02-06,36,129,0.0,0.0,0.0,0.9682,0.0,0.0
2025-02-06,36,130,677.0199208333331,677.0199208333332,1.1368683772161603e-13,0.7585,513.5196099520831,513.5196099520832
2025-02-06,36,131,1350.9514166666668,1350.951416666667,2.2737367544323206e-13,0.4228,571.1822589666667,571.1822589666668
2025-02-06,36,132,1396.5799975,1364.354735833333,-32.22526166666694,0.4488,626.785102878,619.5537541599999
2025-02-06,36,133,702.4966984916285,702.4966984916285,0.0,0.4557,320.1277455026351,320.1277455026351
2025-02-06,36,134,1387.7001666666665,1387.7001666666663,-2.2737367544323206e-13,0.3383,469.4589663833333,469.45896638333323
2025-02-06,36,135,1394.045620833333,1394.045620833333,0.0,0.3782,527.2280537991666,527.2280537991666
2025-02-06,36,136,604.5920574999999,604.5920574999998,-1.1368683772161603e-13,0.4112,248.60825404399998,248.60825404399995
2025-02-06,36,137,560.8863333333334,560.8863333333334,0.0,0.3712,208.20100693333333,208.20100693333333
2025-02-06,36,138,562.9752683333332,550.0649091666666,-12.910359166666694,0.3749,211.05942809816665,208.63938127237498
2025-02-06,36,139,583.9585041666664,570.7874666666667,-13.171037499999784,0.4146,242.10919582749992,239.37883975374996
2025-02-06,36,140,591.0473333333332,591.0473333333333,1.1368683772161603e-13,0.4522,267.27160413333326,267.2716041333333
2025-02-06,36,141,586.2354249999999,574.5007469704506,-11.734678029549286,0.4534,265.79914169499995,263.1388901857011
2025-02-06,36,142,1380.0470416666667,1287.2237366406596,-92.82330502600712,0.3907,539.1843791791666,521.0513465423362
2025-02-06,36,143,1269.671875,1269.6718750000002,2.2737367544323206e-13,0.3228,409.85008124999996,409.8500812500001
2025-02-07,37,0,1318.2893366666667,1318.2893366666667,0.0,0.3426,451.64592674200003,451.64592674200003
2025-02-07,37,1,1351.7534266666664,1351.7534266666664,0.0,0.3478,470.1398417946666,470.1398417946666
2025-02-07,37,2,453.6994924454218,453.6994924454218,0.0,0.3143,142.5977504755961,142.5977504755961
2025-02-07,37,3,496.12437166666655,496.12437166666655,0.0,0.3177,157.61871287849996,157.61871287849996
2025-02-07,37,4,498.0193716666667,498.0193716666667,0.0,0.3191,158.91798149883334,158.91798149883334
2025-02-07,37,5,525.6464166666666,525.6464166666666,0.0,0.311,163.4760355833333,163.4760355833333
2025-02-07,37,6,1389.6310024999998,1389.6310024999998,0.0,0.3285,456.49378432124996,456.49378432124996
2025-02-07,37,7,1347.2264774999999,1347.2264774999999,0.0,0.3371,454.15004556524997,454.15004556524997
2025-02-07,37,8,1308.5114999999998,1308.5114999999998,0.0,0.3419,447.3800818499999,447.3800818499999
2025-02-07,37,9,0.0,0.0,0.0,0.3771,0.0,0.0
2025-02-07,37,10,559.94084,559.94084,0.0,0.3668,205.38630011200001,205.38630011200001
2025-02-07,37,11,1287.1194999999998,1287.1194999999998,0.0,0.3112,400.5515883999999,400.5515883999999
2025-02-07,37,12,1336.8433333333332,1336.8433333333332,0.0,0.2957,395.30457366666667,395.30457366666667
2025-02-07,37,13,566.0033575000001,566.0033575000001,0.0,0.3289,186.15850428175006,186.15850428175006
2025-02-07,37,14,561.5880833333333,561.5880833333333,0.0,0.3665,205.82203254166666,205.82203254166666
2025-02-07,37,15,47.614277546892815,47.614277546892815,0.0,0.357,16.998297084240733,16.998297084240733
2025-02-07,37,16,601.6910308333333,601.6910308333333,0.0,0.35,210.59186079166665,210.59186079166665
2025-02-07,37,17,609.3668333333334,609.3668333333334,0.0,0.3625,220.89547708333333,220.89547708333333
2025-02-07,37,18,0.0,0.0,0.0,0.3684,0.0,0.0
2025-02-07,37,19,547.4113908333331,547.4113908333331,0.0,0.3991,218.47188608158325,218.47188608158325
2025-02-07,37,20,1420.6453333333332,1420.6453333333332,0.0,0.4316,613.1505258666666,613.1505258666666
2025-02-07,37,21,581.5006874999999,581.5006874999999,0.0,0.4043,235.10072795624995,235.10072795624995
2025-02-07,37,22,0.0,0.0,0.0,0.3742,0.0,0.0
2025-02-07,37,23,581.0604166666665,581.0604166666665,0.0,0.3713,215.74773270833327,215.74773270833327
2025-02-07,37,24,573.1451549999999,573.1451549999999,0.0,0.3696,211.83444928799997,211.83444928799997
2025-02-07,37,25,577.9494233333334,577.9494233333334,0.0,0.3499,202.22450322433335,202.22450322433335
2025-02-07,37,26,1433.1348333333333,1433.1348333333333,0.0,0.3415,489.41554558333337,489.41554558333337
2025-02-07,37,27,615.0664875,615.0664875,0.0,0.385,236.80059768750002,236.80059768750002
2025-02-07,37,28,613.902607870213,613.902607870213,0.0,0.3896,239.176456026235,239.176456026235
2025-02-07,37,29,0.0,0.0,0.0,0.377,0.0,0.0
2025-02-07,37,30,588.5377574999999,588.5377574999999,0.0,0.4484,263.90033046299993,263.90033046299993
2025-02-07,37,31,591.1935616666666,591.1935616666666,0.0,0.4468,264.14528335266664,264.14528335266664
2025-02-07,37,32,1443.045833795808,1443.045833795808,0.0,0.3343,482.41022223793857,482.41022223793857
2025-02-07,37,33,650.235645,650.235645,0.0,0.2743,178.35963742349998,178.35963742349998
2025-02-07,37,34,663.1958741666665,663.1958741666665,0.0,0.4793,317.8697824880833,317.8697824880833
2025-02-07,37,35,668.3101666666665,668.3101666666666,1.1368683772161603e-13,0.7957,531.7743996166665,531.7743996166666
2025-02-07,37,36,470.25156927062085,470.25156927062085,0.0,0.8353,392.8011358117496,392.8011358117496
2025-02-07,37,37,0.0,0.0,0.0,0.7689,0.0,0.0
2025-02-07,37,38,0.0,0.0,0.0,0.7696,0.0,0.0
2025-02-07,37,39,0.0,0.0,0.0,0.8344,0.0,0.0
2025-02-07,37,40,0.0,0.0,0.0,0.8305,0.0,0.0
2025-02-07,37,41,0.0,224.84814145634817,224.84814145634817,0.7723,0.0,260.47532947010654
2025-02-07,37,42,688.0269216666666,688.0269216666666,0.0,0.7936,546.0181650346666,546.0181650346666
2025-02-07,37,43,624.3885383333331,624.388538333333,-1.1368683772161603e-13,0.7972,497.7625427593332,497.76254275933314
2025-02-07,37,44,549.8244583333333,549.8244583333332,-1.1368683772161603e-13,0.7193,395.48873287916666,395.4887328791666
2025-02-07,37,45,485.6531725,485.6531724999999,-5.684341886080802e-14,0.633,307.4184581925,307.41845819249994
2025-02-07,37,46,0.0,0.0,0.0,0.7689,0.0,0.0
2025-02-07,37,47,0.0,0.0,0.0,1.0274,0.0,0.0
2025-02-07,37,48,0.0,0.0,0.0,1.0625,0.0,0.0
2025-02-07,37,49,0.0,0.0,0.0,1.008,0.0,0.0
2025-02-07,37,50,0.0,0.0,0.0,0.989,0.0,0.0
2025-02-07,37,51,0.0,0.0,0.0,0.9914,0.0,0.0
2025-02-07,37,52,0.0,0.0,0.0,0.9788,0.0,0.0
2025-02-07,37,53,0.0,0.0,0.0,0.9625,0.0,0.0
2025-02-07,37,54,0.0,0.0,0.0,0.9779,0.0,0.0
2025-02-07,37,55,0.0,0.0,0.0,0.9531,0.0,0.0
2025-02-07,37,56,0.0,0.0,0.0,0.9018,0.0,0.0
2025-02-07,37,57,0.0,0.0,0.0,0.9093,0.0,0.0
2025-02-07,37,58,0.0,0.0,0.0,0.8979,0.0,0.0
2025-02-07,37,59,0.0,0.0,0.0,0.8738,0.0,0.0
2025-02-07,37,60,0.0,0.0,0.0,0.9124,0.0,0.0
2025-02-07,37,61,0.0,0.0,0.0,0.8775,0.0,0.0
2025-02-07,37,62,0.0,0.0,0.0,0.787,0.0,0.0
2025-02-07,37,63,0.0,0.0,0.0,0.7709,0.0,0.0
2025-02-07,37,64,0.0,0.0,0.0,0.5933,0.0,0.0
2025-02-07,37,65,668.3654833333334,668.3654833333334,0.0,0.3427,229.04885113833336,229.04885113833336
2025-02-07,37,66,672.753433611111,672.7534336111108,-1.1368683772161603e-13,0.3689,248.17874165913884,248.1787416591388
2025-02-07,37,67,663.4237797222222,663.4237797222221,-1.1368683772161603e-13,0.4083,270.87592926058335,270.8759292605833
2025-02-07,37,68,645.3492999999999,645.3493,1.1368683772161603e-13,0.3571,230.45423502999992,230.45423502999998
2025-02-07,37,69,689.6514252777778,689.6514252777778,0.0,0.3695,254.8262016401389,254.8262016401389
2025-02-07,37,70,717.7021797222224,683.4879850925927,-34.214194629629674,0.3635,260.8847423290278,254.66631245509262
2025-02-07,37,71,692.4753666666669,430.144961271276,-262.3304053953909,0.3138,217.2987700600001,176.13912945346326
2025-02-07,37,72,671.1393852777777,204.0942620833332,-467.0451231944445,0.295,197.9861186569444,129.09696298576387
2025-02-07,37,73,690.1030938888891,320.9373733333334,-369.1657205555557,0.3052,210.61946425488898,154.28477529811119
2025-02-07,37,74,716.539266666667,335.7062354166667,-380.8330312500003,0.2994,214.5318564400001,157.52115166187505
2025-02-07,37,75,701.6866519444446,472.1404875000003,-229.54616444444434,0.2663,186.8591554128056,156.29508361702784
2025-02-07,37,76,374.5784875388111,0.0,-374.5784875388111,0.4071,152.49090227705,76.245451138525
2025-02-07,37,77,0.0,0.0,0.0,0.6613,0.0,0.0
2025-02-07,37,78,0.0,0.0,0.0,0.7399,0.0,0.0
2025-02-07,37,79,0.0,0.0,0.0,0.6974,0.0,0.0
2025-02-07,37,80,0.0,0.0,0.0,0.6568,0.0,0.0
2025-02-07,37,81,0.0,0.0,0.0,0.6873,0.0,0.0
2025-02-07,37,82,0.0,0.0,0.0,0.727,0.0,0.0
2025-02-07,37,83,0.0,0.0,0.0,0.7341,0.0,0.0
2025-02-07,37,84,0.0,0.0,0.0,0.7252,0.0,0.0
2025-02-07,37,85,0.0,0.0,0.0,0.739,0.0,0.0
2025-02-07,37,86,0.0,0.0,0.0,0.8151,0.0,0.0
2025-02-07,37,87,0.0,0.0,0.0,0.9261,0.0,0.0
2025-02-07,37,88,0.0,0.0,0.0,0.8124,0.0,0.0
2025-02-07,37,89,1187.6894166666666,191.93761296296216,-995.7518037037045,0.5661,672.350978775,390.5034307366665
2025-02-07,37,90,690.4018376851864,194.71174138888875,-495.6900962962976,0.5483,378.5473276027877,242.6538877031577
2025-02-07,37,91,302.04670002778175,260.8048477777778,-41.241852250003944,0.5694,171.98539099581893,160.2438356602428
2025-02-07,37,92,458.7664416666668,274.9590166666668,-183.80742500000002,0.5434,249.29368440166675,199.35320702916673
2025-02-07,37,93,480.0001266666666,318.5100338888886,-161.490092777778,0.5908,283.5840748346666,235.879901428111
2025-02-07,37,94,510.92901583333327,355.7925469444444,-155.13646888888888,0.6743,344.51943537641665,292.21517489052775
2025-02-07,37,95,551.8761333333332,394.1861999999998,-157.68993333333339,0.7072,390.28680149333326,334.5276410666666
2025-02-07,37,96,527.157661111111,470.61621972222224,-56.54144138888876,0.6506,342.9687743188888,324.57584343508324
2025-02-07,37,97,570.9133438888887,545.3298111111108,-25.58353277777792,0.6732,384.33886310599985,375.7274459729998
2025-02-07,37,98,484.9643437222215,363.62976549148345,-121.33457823073803,0.7798,378.17519523458833,330.86684318242357
2025-02-07,37,99,0.0,0.0,0.0,0.804,0.0,0.0
2025-02-07,37,100,695.7504272222221,695.750427222222,-1.1368683772161603e-13,0.7627,530.6488508423888,530.6488508423888
2025-02-07,37,101,1493.9943444444443,1493.9931651637817,-0.0011792806626544916,0.7399,1105.4064154544444,1105.4059791795632
2025-02-07,37,102,622.667358611111,622.6673586111111,1.1368683772161603e-13,0.7941,494.4601494730833,494.4601494730834
2025-02-07,37,103,24.894323055555446,24.894323055555443,-3.552713678800501e-15,0.8104,20.174359404222134,20.17435940422213
2025-02-07,37,104,719.9501666666665,719.9501666666664,-1.1368683772161603e-13,0.7452,536.5068641999999,536.5068641999998
2025-02-07,37,105,1526.7205536111112,1526.7205536111112,0.0,0.6958,1062.2921612026112,1062.2921612026112
2025-02-07,37,106,638.1685877777775,638.1685877777777,2.2737367544323206e-13,0.8448,539.1248229546665,539.1248229546668
2025-02-07,37,107,571.7243055555557,451.2471674376493,-120.4771381179064,1.0866,621.2356304166668,555.7804012772083
2025-02-07,37,108,0.0,0.0,0.0,1.1194,0.0,0.0
2025-02-07,37,109,0.0,0.0,0.0,1.0844,0.0,0.0
2025-02-07,37,110,321.06699196506617,321.06699196506617,0.0,1.0864,348.8071800708479,348.8071800708479
2025-02-07,37,111,580.4735408333332,554.5971911663552,-25.876349666978058,1.09,632.7161595083332,618.6135489398301
2025-02-07,37,112,0.0,0.0,0.0,1.1059,0.0,0.0
2025-02-07,37,113,0.0,0.0,0.0,1.1517,0.0,0.0
2025-02-07,37,114,0.0,0.0,0.0,1.2102,0.0,0.0
2025-02-07,37,115,0.0,0.0,0.0,1.1551,0.0,0.0
2025-02-07,37,116,0.0,0.0,0.0,1.0447,0.0,0.0
2025-02-07,37,117,0.0,0.0,0.0,1.0731,0.0,0.0
2025-02-07,37,118,0.0,0.0,0.0,1.1355,0.0,0.0
2025-02-07,37,119,0.0,0.0,0.0,1.1429,0.0,0.0
2025-02-07,37,120,0.0,0.0,0.0,1.1075,0.0,0.0
2025-02-07,37,121,0.0,0.0,0.0,1.0752,0.0,0.0
2025-02-07,37,122,0.0,0.0,0.0,1.0889,0.0,0.0
2025-02-07,37,123,0.0,0.0,0.0,1.1326,0.0,0.0
2025-02-07,37,124,0.0,0.0,0.0,1.0111,0.0,0.0
2025-02-07,37,125,549.1716944444444,549.1716944444443,-1.1368683772161603e-13,0.7884,432.96696389999994,432.9669638999999
2025-02-07,37,126,1241.7229219444444,1232.7286902397288,-8.994231704715503,0.741,920.1166851608333,916.7843223142362
2025-02-07,37,127,580.5905324999999,566.8263505010115,-13.76418199898842,0.7837,455.00880032024986,449.6153056039463
2025-02-07,37,128,598.99425,598.9942500000001,1.1368683772161603e-13,0.8315,498.063718875,498.0637188750001
2025-02-07,37,129,0.0,0.0,0.0,0.8472,0.0,0.0
2025-02-07,37,130,543.6689916666667,543.6689916666666,-1.1368683772161603e-13,0.6262,340.44552258166664,340.44552258166664
2025-02-07,37,131,1333.1789999999999,1301.3420833333332,-31.83691666666664,0.3052,406.8862308,402.0279173166667
2025-02-07,37,132,1297.251566111111,1278.15186,-19.099706111111118,0.2631,341.30688704383334,338.79432070491663
2025-02-07,37,133,0.0,0.0,0.0,0.3195,0.0,0.0
2025-02-07,37,134,0.0,0.0,0.0,0.3314,0.0,0.0
2025-02-07,37,135,815.3243558990375,815.3243558990374,-1.1368683772161603e-13,0.3328,271.33994564319966,271.33994564319966
2025-02-07,37,136,1315.334892932097,1164.781010771603,-150.55388216049414,0.3393,446.2931291718605,420.7516630633327
2025-02-07,37,137,531.8415277777777,531.8415277777777,0.0,0.3473,184.7085625972222,184.7085625972222
2025-02-07,37,138,510.91705416666656,510.9170541666666,5.684341886080802e-14,0.3447,176.11310857124997,176.11310857125
2025-02-07,37,139,1310.607793611111,1309.0902075,-1.5175861111110862,0.3352,439.3157324184444,439.0613849862222
2025-02-07,37,140,1295.9984444444444,1271.072,-24.92644444444454,0.3345,433.5114796666667,429.34253183333334
2025-02-07,37,141,1285.6125138888888,1285.6125138888888,0.0,0.3525,453.17841114583325,453.17841114583325
2025-02-07,37,142,1284.477589722222,1284.4775897222223,2.2737367544323206e-13,0.3489,448.15423105408325,448.15423105408337
2025-02-07,37,143,496.6355555555554,496.6355555555553,-1.1368683772161603e-13,0.3361,166.91921022222218,166.91921022222218
2025-02-08,38,0,1247.9561516666665,1247.9561516666665,0.0,0.3602,449.5138058303333,449.5138058303333
2025-02-08,38,1,1268.3488491666665,1268.3488491666665,0.0,0.344,436.3120041133332,436.3120041133332
2025-02-08,38,2,1258.5592499999998,1258.5592499999998,0.0,0.2932,369.00957209999996,369.00957209999996
2025-02-08,38,3,990.9466536484522,990.9466536484522,0.0,0.2942,291.53650550337466,291.53650550337466
2025-02-08,38,4,422.62126000000006,422.62126000000006,0.0,0.299,126.36375674000001,126.36375674000001
2025-02-08,38,5,422.3033333333333,422.3033333333333,0.0,0.3013,127.23999433333333,127.23999433333333
2025-02-08,38,6,474.1695724999999,474.1695724999999,0.0,0.3421,162.21341075224998,162.21341075224998
2025-02-08,38,7,460.03026916666664,460.03026916666664,0.0,0.3507,161.33261539675,161.33261539675
2025-02-08,38,8,423.84074999999996,423.84074999999996,0.0,0.3202,135.71380814999998,135.71380814999998
2025-02-08,38,9,0.0,0.0,0.0,0.3195,0.0,0.0
2025-02-08,38,10,1311.0349924999998,1311.0349924999998,0.0,0.3497,458.46893687725,458.46893687725
2025-02-08,38,11,1213.7483333333332,1213.7483333333332,0.0,0.3836,465.5938606666666,465.5938606666666
2025-02-08,38,12,1283.9737475,1283.9737475,0.0,0.3938,505.62886176549995,505.62886176549995
2025-02-08,38,13,0.0,0.0,0.0,0.3946,0.0,0.0
2025-02-08,38,14,307.22670666666636,307.22670666666636,0.0,0.3787,116.34675381466654,116.34675381466654
2025-02-08,38,15,1345.1555575,1345.1555575,0.0,0.3317,446.18809842275,446.18809842275
2025-02-08,38,16,518.38753,518.38753,0.0,0.3351,173.711661303,173.711661303
2025-02-08,38,17,513.7835,513.7835,0.0,0.3807,195.59737844999998,195.59737844999998
2025-02-08,38,18,467.21277916666656,467.21277916666656,0.0,0.3761,175.71872624458328,175.71872624458328
2025-02-08,38,19,476.6699866666666,476.6699866666666,0.0,0.348,165.88115535999998,165.88115535999998
2025-02-08,38,20,538.6153333333333,538.6153333333333,0.0,0.3224,173.64958346666666,173.64958346666666
2025-02-08,38,21,0.0,0.0,0.0,0.3031,0.0,0.0
2025-02-08,38,22,305.96659250000016,305.96659250000016,0.0,0.324,99.13317597000005,99.13317597000005
2025-02-08,38,23,1316.7489166666664,1316.7489166666664,0.0,0.3626,477.45315718333325,477.45315718333325
2025-02-08,38,24,492.61548333333326,492.61548333333326,0.0,0.3646,179.6076052233333,179.6076052233333
2025-02-08,38,25,522.9269899999999,522.9269899999999,0.0,0.4006,209.48455219399997,209.48455219399997
2025-02-08,38,26,545.9395833333333,545.9395833333333,0.0,0.4409,240.70476229166667,240.70476229166667
2025-02-08,38,27,548.5120958333332,548.5120958333332,0.0,0.3846,210.95775205749996,210.95775205749996
2025-02-08,38,28,21.865105381732633,21.865105381732633,0.0,0.3659,8.00044205917597,8.00044205917597
2025-02-08,38,29,0.0,0.0,0.0,0.4072,0.0,0.0
2025-02-08,38,30,513.723485,513.723485,0.0,0.3981,204.5133193785,204.5133193785
2025-02-08,38,31,496.14496750000006,496.14496750000006,0.0,0.3843,190.66851101025,190.66851101025
2025-02-08,38,32,529.0854166666666,529.0854166666666,0.0,0.3702,195.86742124999995,195.86742124999995
2025-02-08,38,33,605.4205,605.4205,0.0,0.3411,206.50893255,206.50893255
2025-02-08,38,34,0.0,0.0,0.0,0.5163,0.0,0.0
2025-02-08,38,35,0.0,0.0,0.0,0.795,0.0,0.0
2025-02-08,38,36,0.0,0.0,0.0,0.8304,0.0,0.0
2025-02-08,38,37,0.0,0.0,0.0,0.8002,0.0,0.0
2025-02-08,38,38,0.0,0.0,0.0,0.8031,0.0,0.0
2025-02-08,38,39,0.0,0.0,0.0,0.7609,0.0,0.0
2025-02-08,38,40,0.0,0.0,0.0,0.7425,0.0,0.0
2025-02-08,38,41,0.0,0.0,0.0,0.7768,0.0,0.0
2025-02-08,38,42,0.0,0.0,0.0,0.8177,0.0,0.0
2025-02-08,38,43,0.0,0.0,0.0,0.8334,0.0,0.0
2025-02-08,38,44,0.0,0.0,0.0,0.7909,0.0,0.0
2025-02-08,38,45,0.0,0.0,0.0,0.7086,0.0,0.0
2025-02-08,38,46,0.0,0.0,0.0,0.8176,0.0,0.0
2025-02-08,38,47,0.0,0.0,0.0,1.0353,0.0,0.0
2025-02-08,38,48,0.0,0.0,0.0,1.0356,0.0,0.0
2025-02-08,38,49,0.0,0.0,0.0,0.976,0.0,0.0
2025-02-08,38,50,0.0,0.0,0.0,0.9679,0.0,0.0
2025-02-08,38,51,0.0,0.0,0.0,0.9612,0.0,0.0
2025-02-08,38,52,0.0,0.0,0.0,0.9445,0.0,0.0
2025-02-08,38,53,0.0,0.0,0.0,0.9256,0.0,0.0
2025-02-08,38,54,0.0,0.0,0.0,0.9149,0.0,0.0
2025-02-08,38,55,0.0,0.0,0.0,0.9031,0.0,0.0
2025-02-08,38,56,0.0,0.0,0.0,0.8891,0.0,0.0
2025-02-08,38,57,0.0,0.0,0.0,0.8767,0.0,0.0
2025-02-08,38,58,0.0,0.0,0.0,0.8393,0.0,0.0
2025-02-08,38,59,0.0,0.0,0.0,0.7947,0.0,0.0
2025-02-08,38,60,0.0,0.0,0.0,0.7884,0.0,0.0
2025-02-08,38,61,0.0,0.0,0.0,0.7721,0.0,0.0
2025-02-08,38,62,0.0,0.0,0.0,0.7625,0.0,0.0
2025-02-08,38,63,0.0,0.0,0.0,0.7892,0.0,0.0
2025-02-08,38,64,0.0,0.0,0.0,0.5992,0.0,0.0
2025-02-08,38,65,0.0,0.0,0.0,0.3101,0.0,0.0
2025-02-08,38,66,0.0,0.0,0.0,0.3172,0.0,0.0
2025-02-08,38,67,0.0,0.0,0.0,0.3702,0.0,0.0
2025-02-08,38,68,0.0,0.0,0.0,0.3316,0.0,0.0
2025-02-08,38,69,0.0,0.0,0.0,0.3226,0.0,0.0
2025-02-08,38,70,0.0,0.0,0.0,0.3762,0.0,0.0
2025-02-08,38,71,0.0,0.0,0.0,0.4209,0.0,0.0
2025-02-08,38,72,0.0,303.8186624292629,303.8186624292629,0.3586,0.0,163.42405852070047
2025-02-08,38,73,0.0,0.0,0.0,0.2992,0.0,0.0
2025-02-08,38,74,0.0,0.0,0.0,0.2923,0.0,0.0
2025-02-08,38,75,0.0,0.0,0.0,0.3182,0.0,0.0
2025-02-08,38,76,0.0,0.0,0.0,0.52,0.0,0.0
2025-02-08,38,77,0.0,0.0,0.0,0.7467,0.0,0.0
2025-02-08,38,78,0.0,0.0,0.0,0.6791,0.0,0.0
2025-02-08,38,79,0.0,0.0,0.0,0.6518,0.0,0.0
2025-02-08,38,80,0.0,0.0,0.0,0.7662,0.0,0.0
2025-02-08,38,81,0.0,0.0,0.0,0.7908,0.0,0.0
2025-02-08,38,82,0.0,0.0,0.0,0.7631,0.0,0.0
2025-02-08,38,83,0.0,0.0,0.0,0.7461,0.0,0.0
2025-02-08,38,84,0.0,0.0,0.0,0.7559,0.0,0.0
2025-02-08,38,85,0.0,0.0,0.0,0.8013,0.0,0.0
2025-02-08,38,86,0.0,0.0,0.0,0.8635,0.0,0.0
2025-02-08,38,87,0.0,0.0,0.0,0.8848,0.0,0.0
2025-02-08,38,88,0.0,0.0,0.0,0.7636,0.0,0.0
2025-02-08,38,89,0.0,0.0,0.0,0.5797,0.0,0.0
2025-02-08,38,90,40.93459222222236,40.93459222222236,0.0,0.5432,22.23567049511119,22.23567049511119
2025-02-08,38,91,0.0,88.22765416666687,88.22765416666687,0.6158,0.0,81.49588415375018
2025-02-08,38,92,0.0,107.17897500000015,107.17897500000015,0.6712,0.0,107.90779203000017
2025-02-08,38,93,82.17449527613249,97.93977280555492,15.765277529422434,0.6231,51.20292800655815,65.93794464943284
2025-02-08,38,94,173.41207194444434,189.3507308333334,15.938658888889051,0.6323,109.64845309047215,124.76547411363896
2025-02-08,38,95,193.7819999999997,194.73324999999983,0.9512500000001296,0.7114,137.8565147999998,138.87159367499993
2025-02-08,38,96,185.62053277777784,185.62053277777784,0.0,0.7155,132.81149120250004,132.81149120250004
2025-02-08,38,97,211.3638938740979,211.36389387409798,8.526512829121202e-14,0.7083,149.70904603102355,149.70904603102363
2025-02-08,38,98,351.00795000000005,351.0079500000001,5.684341886080802e-14,0.7308,256.51660986,256.5166098600001
2025-02-08,38,99,412.97880138888894,412.9788013888889,-5.684341886080802e-14,0.7499,309.6928031615278,309.69280316152776
2025-02-08,38,100,461.7827333497635,461.78273334976353,5.684341886080802e-14,0.7447,343.8896015255689,343.88960152556893
2025-02-08,38,101,417.9103999999999,417.9103999999999,0.0,0.728,304.2387711999999,304.2387711999999
2025-02-08,38,102,445.3622300000001,445.3622300000001,0.0,0.7356,327.6084563880001,327.6084563880001
2025-02-08,38,103,401.1663263888886,401.16632638888865,5.684341886080802e-14,0.7751,310.94401958402756,310.9440195840276
2025-02-08,38,104,474.3496166666667,474.34961666666675,5.684341886080802e-14,0.775,367.6209529166667,367.62095291666674
2025-02-08,38,105,525.4850022530876,525.4850022530877,1.1368683772161603e-13,0.6886,361.8489725514761,361.8489725514762
2025-02-08,38,106,336.2791788261796,336.27917882617965,5.684341886080802e-14,0.8323,279.88516053702926,279.8851605370293
2025-02-08,38,107,0.0,0.0,0.0,1.1219,0.0,0.0
2025-02-08,38,108,0.0,0.0,0.0,1.1399,0.0,0.0
2025-02-08,38,109,0.0,0.0,0.0,1.0961,0.0,0.0
2025-02-08,38,110,0.0,0.0,0.0,1.1085,0.0,0.0
2025-02-08,38,111,0.0,0.0,0.0,1.0855,0.0,0.0
2025-02-08,38,112,0.0,0.0,0.0,1.1036,0.0,0.0
2025-02-08,38,113,0.0,0.0,0.0,1.1587,0.0,0.0
2025-02-08,38,114,0.0,0.0,0.0,1.1537,0.0,0.0
2025-02-08,38,115,0.0,0.0,0.0,1.1225,0.0,0.0
2025-02-08,38,116,0.0,0.0,0.0,1.1035,0.0,0.0
2025-02-08,38,117,0.0,0.0,0.0,1.1,0.0,0.0
2025-02-08,38,118,0.0,0.0,0.0,1.0959,0.0,0.0
2025-02-08,38,119,0.0,0.0,0.0,1.0985,0.0,0.0
2025-02-08,38,120,0.0,0.0,0.0,1.1235,0.0,0.0
2025-02-08,38,121,0.0,0.0,0.0,1.1133,0.0,0.0
2025-02-08,38,122,0.0,0.0,0.0,1.1078,0.0,0.0
2025-02-08,38,123,0.0,0.0,0.0,1.1675,0.0,0.0
2025-02-08,38,124,0.0,0.0,0.0,0.9926,0.0,0.0
2025-02-08,38,125,1317.16475,1078.4169977297117,-238.74775227028817,0.6952,915.6929342,832.7042155108478
2025-02-08,38,126,778.2234353703702,778.2234353703702,0.0,0.7109,553.2390402047962,553.2390402047962
2025-02-08,38,127,488.67679499999997,474.91256166666653,-13.764233333333436,0.7719,377.2096180605,371.89731220549993
2025-02-08,38,128,0.0,0.0,0.0,0.7782,0.0,0.0
2025-02-08,38,129,0.0,0.0,0.0,0.8545,0.0,0.0
2025-02-08,38,130,453.70857166666656,453.7085716666666,5.684341886080802e-14,0.6551,297.22448529883326,297.2244852988333
2025-02-08,38,131,1193.3594166666667,1193.3594166666667,0.0,0.2941,350.96700444166663,350.96700444166663
2025-02-08,38,132,1222.7531411111108,1203.6534349999997,-19.099706111111118,0.2752,336.5016644337777,333.8735448728888
2025-02-08,38,133,1247.5317580555554,1231.3345783333332,-16.197179722222245,0.3456,431.14697558399996,428.348102928
2025-02-08,38,134,1262.1450833333333,1262.1450833333333,0.0,0.3406,429.8866153833334,429.8866153833334
2025-02-08,38,135,1239.6405274999997,1239.6378733946249,-0.002654105374858773,0.3482,431.6428316754999,431.6423695957542
2025-02-08,38,136,416.9885491666666,359.93526017852844,-57.05328898813815,0.3384,141.10892503799997,131.455508541207
2025-02-08,38,137,410.93606150357664,410.9360615035767,5.684341886080802e-14,0.3087,126.8559621861541,126.85596218615413
2025-02-08,38,138,419.66224333333327,406.75188416666657,-12.910359166666694,0.3027,127.03176105699998,125.07777819712499
2025-02-08,38,139,430.36715916666645,417.19612166666667,-13.171037499999784,0.3102,133.49989277349994,131.45706485724995
2025-02-08,38,140,1253.5189444444443,1228.5924999999997,-24.92644444444454,0.3172,397.6162091777777,393.66287508888877
2025-02-08,38,141,1209.813874722222,1209.8138747222222,2.2737367544323206e-13,0.3221,389.68104904802766,389.6810490480278
2025-02-08,38,142,423.6780180555556,423.6780180555557,1.1368683772161603e-13,0.331,140.2374239763889,140.23742397638895
2025-02-08,38,143,0.0,0.0,0.0,0.3606,0.0,0.0
2025-02-09,39,0,1347.9327441666665,1347.9327441666665,0.0,0.4192,565.0534063546665,565.0534063546665
2025-02-09,39,1,1354.2795374999998,1354.2795374999998,0.0,0.4477,606.3109489387499,606.3109489387499
2025-02-09,39,2,515.8008333333332,515.8008333333332,0.0,0.4433,228.65450941666663,228.65450941666663
2025-02-09,39,3,521.8718641666666,521.8718641666666,0.0,0.4512,235.46858511199994,235.46858511199994
2025-02-09,39,4,1356.5840433333333,1356.5840433333333,0.0,0.4195,569.0870061783332,569.0870061783332
2025-02-09,39,5,532.6014166666666,532.6014166666666,0.0,0.3761,200.31139280833332,200.31139280833332
2025-02-09,39,6,0.0,0.0,0.0,0.4109,0.0,0.0
2025-02-09,39,7,547.4211825,547.4211825,0.0,0.4457,243.98562104024998,243.98562104024998
2025-02-09,39,8,1322.4303333333332,1322.4303333333332,0.0,0.4364,577.1085974666667,577.1085974666667
2025-02-09,39,9,0.013445592248301086,0.013445592248301086,0.0,0.4168,0.005604122849091893,0.005604122849091893
2025-02-09,39,10,567.4489616666665,567.4489616666665,0.0,0.4194,237.98809452299992,237.98809452299992
2025-02-09,39,11,1327.7151666666664,1327.7151666666664,0.0,0.452,600.1272553333332,600.1272553333332
2025-02-09,39,12,1367.138433333333,1367.138433333333,0.0,0.4919,672.4953953566666,672.4953953566666
2025-02-09,39,13,591.0062916666668,591.0062916666668,0.0,0.4911,290.24318983750004,290.24318983750004
2025-02-09,39,14,592.5850833333334,592.5850833333334,0.0,0.4675,277.03352645833337,277.03352645833337
2025-02-09,39,15,574.1681925,574.1681925,0.0,0.4798,275.48589876150004,275.48589876150004
2025-02-09,39,16,598.0846716666667,598.0846716666667,0.0,0.4676,279.6643924713334,279.6643924713334
2025-02-09,39,17,622.3625000000001,622.3625000000001,0.0,0.4337,269.91861625,269.91861625
2025-02-09,39,18,943.971572560672,943.971572560672,0.0,0.4445,419.5953640032187,419.5953640032187
2025-02-09,39,19,1389.4085983333332,1389.4085983333332,0.0,0.4502,625.5117509696665,625.5117509696665
2025-02-09,39,20,603.0205833333332,603.0205833333332,0.0,0.4421,266.5953998916666,266.5953998916666
2025-02-09,39,21,0.0,0.0,0.0,0.4623,0.0,0.0
2025-02-09,39,22,0.0,0.0,0.0,0.476,0.0,0.0
2025-02-09,39,23,571.6289999999998,571.6289999999998,0.0,0.4868,278.2689971999999,278.2689971999999
2025-02-09,39,24,562.5181074999998,562.5181074999998,0.0,0.5211,293.1281858182499,293.1281858182499
2025-02-09,39,25,596.3721183333333,596.3721183333333,0.0,0.4686,279.459974651,279.459974651
2025-02-09,39,26,642.8535,642.8535,0.0,0.3831,246.27717585000002,246.27717585000002
2025-02-09,39,27,635.3143024999999,635.3143024999999,0.0,0.4381,278.33119592525,278.33119592525
2025-02-09,39,28,631.0254874999998,631.0254874999998,0.0,0.4981,314.3137953237499,314.3137953237499
2025-02-09,39,29,637.612,637.612,0.0,0.4894,312.0473128,312.0473128
2025-02-09,39,30,616.8107425,616.8107425,0.0,0.4728,291.62811905399997,291.62811905399997
2025-02-09,39,31,596.7441525,596.7441525,0.0,0.4782,285.36305372550004,285.36305372550004
2025-02-09,39,32,1101.1674916666668,1101.1674916666668,0.0,0.4718,519.5308225683334,519.5308225683334
2025-02-09,39,33,1493.1425241666666,1493.1425241666666,0.0,0.4429,661.3128239534167,661.3128239534167
2025-02-09,39,34,701.4444399999998,701.4444399999998,0.0,0.6725,471.7213858999998,471.7213858999998
2025-02-09,39,35,721.5985833333331,721.598583333333,-1.1368683772161603e-13,1.0237,738.7004697583332,738.700469758333
2025-02-09,39,36,0.0,0.0,0.0,1.0452,0.0,0.0
2025-02-09,39,37,0.0,0.0,0.0,0.9786,0.0,0.0
2025-02-09,39,38,0.0,0.0,0.0,0.9806,0.0,0.0
2025-02-09,39,39,0.0,0.0,0.0,0.9681,0.0,0.0
2025-02-09,39,40,0.0,0.0,0.0,0.9531,0.0,0.0
2025-02-09,39,41,0.0,0.0,0.0,0.951,0.0,0.0
2025-02-09,39,42,1539.3377134404845,1458.5197955555554,-80.8179178849291,0.9557,1471.145052735071,1432.5262106737578
2025-02-09,39,43,1490.5363802777777,1420.4762002777777,-70.06017999999995,0.9677,1442.3920551948054,1408.4934371018053
2025-02-09,39,44,583.6540083333334,583.6540083333334,0.0,0.9408,549.1016910400001,549.1016910400001
2025-02-09,39,45,1345.342553888889,1294.0825786111113,-51.259975277777585,0.8626,1160.4924869845556,1138.3840596472503
2025-02-09,39,46,464.2500713686303,464.2500713686303,0.0,1.0277,477.1097983455414,477.1097983455414
2025-02-09,39,47,0.0,0.0,0.0,1.328,0.0,0.0
2025-02-09,39,48,0.0,0.0,0.0,1.3378,0.0,0.0
2025-02-09,39,49,0.0,0.0,0.0,1.2705,0.0,0.0
2025-02-09,39,50,0.0,0.0,0.0,1.2625,0.0,0.0
2025-02-09,39,51,0.0,0.0,0.0,1.2385,0.0,0.0
2025-02-09,39,52,0.0,0.0,0.0,1.2464,0.0,0.0
2025-02-09,39,53,0.0,0.0,0.0,1.2634,0.0,0.0
2025-02-09,39,54,0.0,0.0,0.0,1.2088,0.0,0.0
2025-02-09,39,55,0.0,0.0,0.0,1.1777,0.0,0.0
2025-02-09,39,56,0.0,0.0,0.0,1.1756,0.0,0.0
2025-02-09,39,57,0.0,0.0,0.0,1.1216,0.0,0.0
2025-02-09,39,58,0.0,0.0,0.0,1.1196,0.0,0.0
2025-02-09,39,59,0.0,0.0,0.0,1.1669,0.0,0.0
2025-02-09,39,60,0.0,0.0,0.0,1.1438,0.0,0.0
2025-02-09,39,61,0.0,0.0,0.0,1.0808,0.0,0.0
2025-02-09,39,62,0.0,0.0,0.0,1.0576,0.0,0.0
2025-02-09,39,63,0.0,0.0,0.0,1.0991,0.0,0.0
2025-02-09,39,64,195.8874202777779,195.88742027777792,2.842170943040401e-14,0.989,193.73265865472234,193.73265865472237
2025-02-09,39,65,970.8153833333334,970.8153833333332,-2.2737367544323206e-13,0.7833,760.4396897650001,760.439689765
2025-02-09,39,66,926.6471224999998,926.6471224999997,-1.1368683772161603e-13,0.7543,698.9699245017498,698.9699245017497
2025-02-09,39,67,894.7091683333333,894.7091683333334,1.1368683772161603e-13,0.7193,643.5643047821667,643.5643047821668
2025-02-09,39,68,874.4651249999997,874.4651249999995,-2.2737367544323206e-13,0.646,564.9044707499999,564.9044707499997
2025-02-09,39,69,900.084055,900.0840549999999,-1.1368683772161603e-13,0.6935,624.2082921425,624.2082921425
2025-02-09,39,70,884.1056225000001,884.1056224999999,-2.2737367544323206e-13,0.7239,640.0040601277501,640.00406012775
2025-02-09,39,71,801.8732833333336,578.7320416666669,-223.1412416666667,0.6835,548.0803891583334,471.82186981875014
2025-02-09,39,72,744.2508644444443,638.6488766666665,-105.60198777777782,0.6589,490.3868945824444,455.5963197090555
2025-02-09,39,73,757.383170555556,702.0205200000003,-55.362650555555774,0.6516,493.5108739340003,475.4737223830002
2025-02-09,39,74,794.7840666666668,709.7605125000002,-85.0235541666666,0.6264,497.85273936000004,471.2233621950001
2025-02-09,39,75,765.6255544444446,696.2103191666666,-69.41523527777792,0.5898,451.5659520113334,431.09539912791666
2025-02-09,39,76,783.703799722222,744.796495,-38.907304722221966,0.7541,590.9910353705276,576.3210361250137
2025-02-09,39,77,0.0,0.0,0.0,1.0292,0.0,0.0
2025-02-09,39,78,0.0,0.0,0.0,1.0824,0.0,0.0
2025-02-09,39,79,0.0,0.0,0.0,1.023,0.0,0.0
2025-02-09,39,80,0.0,0.0,0.0,0.9933,0.0,0.0
2025-02-09,39,81,0.0,0.0,0.0,1.0269,0.0,0.0
2025-02-09,39,82,0.0,0.0,0.0,1.0514,0.0,0.0
2025-02-09,39,83,0.0,0.0,0.0,1.0518,0.0,0.0
2025-02-09,39,84,0.0,0.0,0.0,1.0799,0.0,0.0
2025-02-09,39,85,0.0,0.0,0.0,1.1198,0.0,0.0
2025-02-09,39,86,0.0,0.0,0.0,1.1508,0.0,0.0
2025-02-09,39,87,0.0,0.0,0.0,1.1429,0.0,0.0
2025-02-09,39,88,0.0,0.0,0.0,0.9865,0.0,0.0
2025-02-09,39,89,694.1581905943622,694.1581905943625,3.410605131648481e-13,0.7891,547.7602281980112,547.7602281980116
2025-02-09,39,90,1117.9399369444445,1087.4902313888888,-30.449705555555738,0.7963,890.2155717888612,878.0920215219168
2025-02-09,39,91,331.9527522222219,331.9527522222219,0.0,0.8624,286.27605351644416,286.27605351644416
2025-02-09,39,92,326.0200027777779,326.0200027777779,0.0,0.881,287.22362244722234,287.22362244722234
2025-02-09,39,93,249.67447752777838,249.67447752777838,0.0,0.8828,220.41262876152277,220.41262876152277
2025-02-09,39,94,448.46835138888895,448.46835138888906,1.1368683772161603e-13,0.8884,398.4192833738889,398.4192833738891
2025-02-09,39,95,500.6176166666664,500.6176166666663,-5.684341886080802e-14,0.9213,461.21901023499976,461.2190102349997
2025-02-09,39,96,493.6063411111112,493.6063411111113,1.1368683772161603e-13,0.9864,486.8932948720001,486.8932948720003
2025-02-09,39,97,553.0492047222222,553.0492047222222,0.0,0.992,548.6248110844443,548.6248110844443
2025-02-09,39,98,610.7973249999999,610.7973249999999,0.0,0.9636,588.56430237,588.56430237
2025-02-09,39,99,643.8817437222217,643.8817437222218,1.1368683772161603e-13,1.0145,653.2180290061939,653.2180290061941
2025-02-09,39,100,752.071159722222,752.0711597222219,-1.1368683772161603e-13,1.0494,789.2234750124999,789.2234750124999
2025-02-09,39,101,747.2598999999999,747.2598999999999,0.0,1.05,784.622895,784.622895
2025-02-09,39,102,764.652221388889,764.6522213888888,-1.1368683772161603e-13,1.0919,834.9237605345279,834.9237605345279
2025-02-09,39,103,715.2521191666665,715.2521191666667,2.2737367544323206e-13,1.1073,791.9986715532498,791.9986715532501
2025-02-09,39,104,815.3595333333334,815.3595333333334,0.0,1.0787,879.5283286066667,879.5283286066667
2025-02-09,39,105,879.22376447531,879.2237644753097,-2.2737367544323206e-13,1.0746,944.8138573051681,944.813857305168
2025-02-09,39,106,722.001509722222,722.0015097222218,-1.1368683772161603e-13,1.1495,829.9407354256941,829.9407354256941
2025-02-09,39,107,0.0,623.2655833333333,623.2655833333333,1.2449,0.0,1163.8549870375
2025-02-09,39,108,0.0,0.0,0.0,1.2459,0.0,0.0
2025-02-09,39,109,0.0,629.4584566666667,629.4584566666667,1.241,0.0,1171.7369170850002
2025-02-09,39,110,0.0,652.2591666666665,652.2591666666665,1.2509,0.0,1223.8664873749997
2025-02-09,39,111,0.0,648.1017359447524,648.1017359447524,1.2175,0.0,1183.595795269104
2025-02-09,39,112,634.3220875000001,641.4627666666667,7.140679166666587,1.2433,788.6526513887501,801.9696610006249
2025-02-09,39,113,18.868128492846267,645.03575,626.1676215071537,1.3229,24.960647183186328,1267.496366920907
2025-02-09,39,114,0.0,139.13483430888465,139.13483430888465,1.3344,0.0,278.4922843526635
2025-02-09,39,115,0.0,0.0,0.0,1.2913,0.0,0.0
2025-02-09,39,116,0.0,0.0,0.0,1.2621,0.0,0.0
2025-02-09,39,117,0.0,0.0,0.0,1.295,0.0,0.0
2025-02-09,39,118,613.7223991666665,613.7223991666664,-1.1368683772161603e-13,1.2869,789.7993554875831,789.7993554875831
2025-02-09,39,119,624.8344999999999,632.1340833333331,7.299583333333203,1.246,778.543787,792.1867082499997
2025-02-09,39,120,0.0,624.915462847239,624.915462847239,1.2781,0.0,1198.0566795975842
2025-02-09,39,121,0.0,0.0,0.0,1.2885,0.0,0.0
2025-02-09,39,122,0.0,647.2005,647.2005,1.2806,0.0,1243.2074404500001
2025-02-09,39,123,0.0,617.5244124999999,617.5244124999999,1.325,0.0,1227.3297698437498
2025-02-09,39,124,655.0277833333333,655.0277833333332,-1.1368683772161603e-13,1.1788,772.1467509933334,772.1467509933334
2025-02-09,39,125,593.1783333333333,596.17633925,2.9980059166666706,0.9301,551.7151678333333,555.8978357879708
2025-02-09,39,126,583.8893233333333,589.4866741666667,5.597350833333394,0.9278,541.7325141886666,549.5223473434168
2025-02-09,39,127,597.8480333333333,605.4690816666669,7.621048333333533,0.9336,558.15092392,568.8234400060003
2025-02-09,39,128,621.1694166666666,627.7222499999999,6.552833333333297,0.9193,571.0410447416666,580.0770742666666
2025-02-09,39,129,647.8127549999999,613.9797627139121,-33.8329922860878,1.0396,673.466140098,655.8797507076915
2025-02-09,39,130,567.3861458333332,567.3861458333331,-1.1368683772161603e-13,0.7748,439.6107857916666,439.61078579166656
2025-02-09,39,131,1289.3084166666667,1289.3084166666667,0.0,0.3001,386.92145584166667,386.92145584166667
2025-02-09,39,132,1327.5982152777776,1327.5982152777774,-2.2737367544323206e-13,0.3496,464.1283360611111,464.12833606111104
2025-02-09,39,133,460.4181807535772,460.41818075357713,-5.684341886080802e-14,0.4456,205.162341343794,205.16234134379397
2025-02-09,39,134,519.9475833333332,519.9475833333332,0.0,0.3753,195.13632802499998,195.13632802499998
2025-02-09,39,135,497.02459138888895,497.02459138888906,1.1368683772161603e-13,0.4057,201.64287672647225,201.6428767264723
2025-02-09,39,136,1329.9895199999999,1329.98952,2.2737367544323206e-13,0.4229,562.452568008,562.4525680080001
2025-02-09,39,137,1342.34825,1342.34825,0.0,0.3954,530.7644980499999,530.7644980499999
2025-02-09,39,138,528.3335508333332,528.3335508333331,-1.1368683772161603e-13,0.4264,225.2814260753333,225.28142607533326
2025-02-09,39,139,1337.6861344444442,1337.6861344444444,2.2737367544323206e-13,0.4288,573.5998144497777,573.5998144497778
2025-02-09,39,140,1331.8245277777778,1331.8245277777778,0.0,0.3895,518.7456535694445,518.7456535694445
2025-02-09,39,141,1283.2854030555554,1283.2854030555557,2.2737367544323206e-13,0.393,504.3311634008333,504.3311634008334
2025-02-09,39,142,488.9690947222223,488.9690947222222,-5.684341886080802e-14,0.4212,205.95378269700004,205.953782697
2025-02-09,39,143,0.0,0.0,0.0,0.4351,0.0,0.0
2025-02-10,40,0,1387.5161341666667,1387.5161341666667,0.0,0.4168,578.3167247206667,578.3167247206667
2025-02-10,40,1,1399.2824033333331,1399.2824033333331,0.0,0.4072,569.7877946373333,569.7877946373333
2025-02-10,40,2,573.0799999999999,573.0799999999999,0.0,0.4099,234.90549199999995,234.90549199999995
2025-02-10,40,3,573.8779883333332,573.8779883333332,0.0,0.3927,225.36188601849994,225.36188601849994
2025-02-10,40,4,1068.4487850965652,1068.4487850965652,0.0,0.3849,411.245937383668,411.245937383668
2025-02-10,40,5,1424.6819999999998,1424.6819999999998,0.0,0.4095,583.4072789999999,583.4072789999999
2025-02-10,40,6,1458.3245416666664,1458.3245416666664,0.0,0.4599,670.6834567124998,670.6834567124998
2025-02-10,40,7,1434.7455475,1434.7455475,0.0,0.5035,722.3943831662499,722.3943831662499
2025-02-10,40,8,1402.5933333333332,1402.5933333333332,0.0,0.4913,689.0941046666667,689.0941046666667
2025-02-10,40,9,0.0,0.0,0.0,0.4059,0.0,0.0
2025-02-10,40,10,615.3586133333332,615.3586133333332,0.0,0.3904,240.2360026453333,240.2360026453333
2025-02-10,40,11,1381.3384166666665,1381.3384166666665,0.0,0.4383,605.4406280249999,605.4406280249999
2025-02-10,40,12,615.7688791666666,615.7688791666666,0.0,0.4126,254.06623954416665,254.06623954416665
2025-02-10,40,13,0.0,0.0,0.0,0.4074,0.0,0.0
2025-02-10,40,14,0.0,0.0,0.0,0.4488,0.0,0.0
2025-02-10,40,15,639.9531425,639.9531425,0.0,0.461,295.0183986925,295.0183986925
2025-02-10,40,16,1285.9406230555542,1285.9406230555542,0.0,0.4713,606.0638156460827,606.0638156460827
2025-02-10,40,17,657.3325,657.3325,0.0,0.4778,314.0734685,314.0734685
2025-02-10,40,18,616.8212958333334,616.8212958333334,0.0,0.4461,275.16398007125,275.16398007125
2025-02-10,40,19,627.1453924999998,627.1453924999998,0.0,0.4348,272.68281665899997,272.68281665899997
2025-02-10,40,20,1509.0885833333332,1509.0885833333332,0.0,0.4378,660.6789817833333,660.6789817833333
2025-02-10,40,21,659.2063891666666,659.2063891666666,0.0,0.4033,265.8579367509166,265.8579367509166
2025-02-10,40,22,0.0,0.0,0.0,0.4427,0.0,0.0
2025-02-10,40,23,645.1435833333331,645.1435833333331,0.0,0.5365,346.1195324583332,346.1195324583332
2025-02-10,40,24,1362.21210212963,1362.21210212963,0.0,0.5406,736.411862411278,736.411862411278
2025-02-10,40,25,547.2230874999998,547.2230874999998,0.0,0.5001,273.6662660587499,273.6662660587499
2025-02-10,40,26,0.0,0.0,0.0,0.4733,0.0,0.0
2025-02-10,40,27,687.9583749999999,687.9583749999999,0.0,0.4751,326.8490239625,326.8490239625
2025-02-10,40,28,689.3974449999998,689.3974449999998,0.0,0.4925,339.5282416624999,339.5282416624999
2025-02-10,40,29,0.0,0.0,0.0,0.5075,0.0,0.0
2025-02-10,40,30,665.5619133333332,665.5619133333332,0.0,0.5088,338.63790150399996,338.63790150399996
2025-02-10,40,31,1475.7132299999998,1475.7132299999998,0.0,0.5036,743.169182628,743.169182628
2025-02-10,40,32,1484.3714166666664,1484.3714166666664,0.0,0.4661,691.8655173083332,691.8655173083332
2025-02-10,40,33,714.0349466666665,714.0349466666665,0.0,0.4089,291.96888969199995,291.96888969199995
2025-02-10,40,34,789.7696699999999,789.7696699999999,0.0,0.6294,497.0810302979999,497.0810302979999
2025-02-10,40,35,847.1397499999998,847.1397499999998,0.0,0.9916,840.0237760999998,840.0237760999998
2025-02-10,40,36,312.5230062150639,312.5230062150639,0.0,1.034,323.1487884263761,323.1487884263761
2025-02-10,40,37,60.57738555555559,60.577385555555594,7.105427357601002e-15,1.0013,60.65613615677781,60.656136156777826
2025-02-10,40,38,44.70651666666656,44.70651666666656,0.0,1.0162,45.43076223666656,45.43076223666656
2025-02-10,40,39,0.0,0.0,0.0,0.96,0.0,0.0
2025-02-10,40,40,0.0,0.0,0.0,0.9579,0.0,0.0
2025-02-10,40,41,0.0,0.0,0.0,0.9852,0.0,0.0
2025-02-10,40,42,1635.359971111111,1570.9987030555556,-64.36126805555546,0.8934,1461.0305981906665,1432.2804197502498
2025-02-10,40,43,1577.0549197222222,1527.4522619444442,-49.60265777777795,0.8809,1389.2276787833055,1367.3801881650832
2025-02-10,40,44,1486.04235,1486.0423500000004,4.547473508864641e-13,0.926,1376.0752161,1376.0752161000007
2025-02-10,40,45,1396.2259927777777,1373.425195277778,-22.800797499999817,0.8386,1170.8751175434445,1161.3147431516945
2025-02-10,40,46,629.2877588888889,629.2877588888889,0.0,0.974,612.9262771577778,612.9262771577778
2025-02-10,40,47,0.0,0.0,0.0,1.2896,0.0,0.0
2025-02-10,40,48,0.0,0.0,0.0,1.352,0.0,0.0
2025-02-10,40,49,0.0,0.0,0.0,1.3045,0.0,0.0
2025-02-10,40,50,0.0,0.0,0.0,1.268,0.0,0.0
2025-02-10,40,51,0.0,0.0,0.0,1.2133,0.0,0.0
2025-02-10,40,52,0.0,0.0,0.0,1.1954,0.0,0.0
2025-02-10,40,53,0.0,0.0,0.0,1.1913,0.0,0.0
2025-02-10,40,54,0.0,0.0,0.0,1.1252,0.0,0.0
2025-02-10,40,55,0.0,0.0,0.0,1.107,0.0,0.0
2025-02-10,40,56,0.0,0.0,0.0,1.127,0.0,0.0
2025-02-10,40,57,0.0,0.0,0.0,1.0648,0.0,0.0
2025-02-10,40,58,0.0,0.0,0.0,1.0219,0.0,0.0
2025-02-10,40,59,0.0,0.0,0.0,1.0331,0.0,0.0
2025-02-10,40,60,198.64232138888883,198.64232138888883,0.0,1.025,203.60837942361104,203.60837942361104
2025-02-10,40,61,157.7747236111112,157.7747236111112,0.0,0.9897,156.14964395791677,156.14964395791677
2025-02-10,40,62,0.0,0.0,0.0,0.9878,0.0,0.0
2025-02-10,40,63,0.0,0.0,0.0,1.0537,0.0,0.0
2025-02-10,40,64,104.22346027777803,38.88312240740743,-65.3403378703706,0.9277,96.68810409969467,66.37998837852328
2025-02-10,40,65,860.6773000000003,860.6773000000004,1.1368683772161603e-13,0.6661,573.2971495300002,573.2971495300003
2025-02-10,40,66,842.6200224999998,826.6704278703705,-15.949594629629246,0.5981,503.97103545724985,499.2013091832592
2025-02-10,40,67,839.5978933333336,774.0801769444447,-65.51771638888886,0.588,493.6835612800001,474.4213526616668
2025-02-10,40,68,843.7361416666665,743.2082277777777,-100.52791388888886,0.5583,471.05788789249993,442.9955207304166
2025-02-10,40,69,879.8037324999998,749.8708812962964,-129.93285120370342,0.5782,508.7025181314999,471.1389308485093
2025-02-10,40,70,877.5681924999999,708.1123506481483,-169.45584185185157,0.5938,521.0999927065,470.7885532606852
2025-02-10,40,71,816.1988166666667,816.1988166666667,0.0,0.5696,464.90684597333336,464.90684597333336
2025-02-10,40,72,768.9950108333335,768.9950108333335,0.0,0.5299,407.49045624058346,407.49045624058346
2025-02-10,40,73,790.7308808333337,790.7308808333337,0.0,0.5317,420.4316093390835,420.4316093390835
2025-02-10,40,74,842.3937666666668,842.3937666666669,1.1368683772161603e-13,0.542,456.57742153333345,456.57742153333356
2025-02-10,40,75,837.8301483333335,837.4462716666665,-0.3838766666669926,0.5126,429.47173403566666,429.3733464459999
2025-02-10,40,76,884.8338066666668,868.2147125000004,-16.6190941666664,0.7039,622.8345165126667,616.9854263207085
2025-02-10,40,77,0.0,0.0,0.0,0.9939,0.0,0.0
2025-02-10,40,78,73.68526916666679,73.68526916666679,0.0,0.9708,71.53365930700012,71.53365930700012
2025-02-10,40,79,101.04794000000015,101.04794000000015,0.0,0.897,90.64000218000014,90.64000218000014
2025-02-10,40,80,0.0,0.0,0.0,0.9387,0.0,0.0
2025-02-10,40,81,0.0,0.0,0.0,0.9967,0.0,0.0
2025-02-10,40,82,0.0,0.0,0.0,0.9934,0.0,0.0
2025-02-10,40,83,0.0,0.0,0.0,0.9714,0.0,0.0
2025-02-10,40,84,0.0,0.0,0.0,1.0306,0.0,0.0
2025-02-10,40,85,0.0,0.0,0.0,1.0581,0.0,0.0
2025-02-10,40,86,0.0,0.0,0.0,1.0568,0.0,0.0
2025-02-10,40,87,0.0,0.0,0.0,1.1154,0.0,0.0
2025-02-10,40,88,0.0,0.0,0.0,1.0018,0.0,0.0
2025-02-10,40,89,1271.2401166666668,1271.2401166666666,-2.2737367544323206e-13,0.7838,996.3980034433336,996.3980034433334
2025-02-10,40,90,1337.5979988888892,1337.597998888889,-2.2737367544323206e-13,0.785,1050.014429127778,1050.014429127778
2025-02-10,40,91,536.879268611111,536.8792686111109,-1.1368683772161603e-13,0.8335,447.48887038736103,447.488870387361
2025-02-10,40,92,1381.8984083333335,1381.8984083333337,2.2737367544323206e-13,0.8351,1154.0233607991668,1154.023360799167
2025-02-10,40,93,1122.596414891817,1122.5964148918167,-2.2737367544323206e-13,0.8706,977.3324388048159,977.3324388048158
2025-02-10,40,94,641.064868611111,641.064868611111,0.0,0.9036,579.2662152769999,579.2662152769999
2025-02-10,40,95,675.1112833333331,675.1112833333331,0.0,0.9337,630.3514052483331,630.3514052483331
2025-02-10,40,96,670.7057516666666,670.7057516666666,0.0,0.9952,667.4863640586666,667.4863640586666
2025-02-10,40,97,709.6274691666663,709.6274691666662,-1.1368683772161603e-13,0.9985,708.5630279629163,708.5630279629162
2025-02-10,40,98,777.643566666667,777.643566666667,0.0,0.9546,742.3385487400003,742.3385487400003
2025-02-10,40,99,818.4654102777778,818.4654102777778,0.0,0.9709,794.6480668386944,794.6480668386944
2025-02-10,40,100,869.7633844444439,869.7633844444441,2.2737367544323206e-13,1.0115,879.765663365555,879.7656633655554
2025-02-10,40,101,925.9045999999998,925.9046000000001,2.2737367544323206e-13,1.0399,962.8481935399999,962.8481935400002
2025-02-10,40,102,974.6559644444446,974.6559644444445,-1.1368683772161603e-13,1.0604,1033.525184696889,1033.525184696889
2025-02-10,40,103,924.7543261111109,924.7543261111111,2.2737367544323206e-13,1.0913,1009.1843960850553,1009.1843960850556
2025-02-10,40,104,1044.9243778086436,1044.9243778086434,-2.2737367544323206e-13,1.1141,1164.15024931661,1164.15024931661
2025-02-10,40,105,1031.1918913888887,1031.1918913888887,0.0,1.1005,1134.8266764734722,1134.8266764734722
2025-02-10,40,106,885.9777783333332,885.9777783333329,-2.2737367544323206e-13,1.1393,1009.3944828551664,1009.3944828551663
2025-02-10,40,107,0.0,459.8288067141683,459.8288067141683,1.2159,0.0,838.6587691256359
2025-02-10,40,108,0.0,0.0,0.0,1.224,0.0,0.0
2025-02-10,40,109,0.0,0.0,0.0,1.2191,0.0,0.0
2025-02-10,40,110,0.0,0.0,0.0,1.2474,0.0,0.0
2025-02-10,40,111,0.0,0.0,0.0,1.2928,0.0,0.0
2025-02-10,40,112,707.1299925,707.1299925,0.0,1.2949,915.66262728825,915.66262728825
2025-02-10,40,113,677.8724166666668,677.8724166666668,0.0,1.2683,859.7455860583335,859.7455860583335
2025-02-10,40,114,0.0,0.0,0.0,1.2801,0.0,0.0
2025-02-10,40,115,0.0,0.0,0.0,1.2721,0.0,0.0
2025-02-10,40,116,0.0,0.0,0.0,1.2515,0.0,0.0
2025-02-10,40,117,0.0,0.0,0.0,1.2884,0.0,0.0
2025-02-10,40,118,632.108470958474,632.108470958474,0.0,1.314,830.5905308394348,830.5905308394348
2025-02-10,40,119,0.0,0.0,0.0,1.2961,0.0,0.0
2025-02-10,40,120,739.4488650000001,739.448865,-1.1368683772161603e-13,1.2687,938.1387750255001,938.1387750255
2025-02-10,40,121,704.9098183333333,704.9098183333334,1.1368683772161603e-13,1.243,876.2029041883334,876.2029041883336
2025-02-10,40,122,0.0,0.0,0.0,1.2552,0.0,0.0
2025-02-10,40,123,0.0,0.0,0.0,1.3061,0.0,0.0
2025-02-10,40,124,731.0832825000001,729.5868894853152,-1.4963930146849407,1.1496,840.4533415620001,839.5932148571592
2025-02-10,40,125,706.4068429632163,706.4068429632163,0.0,0.8954,632.5166871892638,632.5166871892638
2025-02-10,40,126,736.1088608333332,719.8560015740741,-16.25285925925914,0.9153,673.7604403207499,666.32231928075
2025-02-10,40,127,700.9380833333333,700.9380833333335,1.1368683772161603e-13,0.9683,678.7183460916667,678.7183460916668
2025-02-10,40,128,719.4968333333333,719.4968333333333,0.0,0.9657,694.8180919499999,694.8180919499999
2025-02-10,40,129,718.7364589164387,704.1143041666666,-14.622154749772108,1.0174,731.2424733015847,723.8041831803757
2025-02-10,40,130,658.6883683333333,658.6883683333332,-1.1368683772161603e-13,0.8086,532.6154146343333,532.6154146343332
2025-02-10,40,131,1342.6107499999998,1342.6107499999996,-2.2737367544323206e-13,0.4431,594.9108233249999,594.9108233249998
2025-02-10,40,132,1374.1843044444445,1374.1843044444445,0.0,0.3785,520.1287592322223,520.1287592322223
2025-02-10,40,133,0.0,0.0,0.0,0.3901,0.0,0.0
2025-02-10,40,134,566.3516666666667,566.3516666666668,1.1368683772161603e-13,0.3637,205.9821011666667,205.98210116666675
2025-02-10,40,135,565.828853888889,565.8288538888891,1.1368683772161603e-13,0.4141,234.30972839538893,234.309728395389
2025-02-10,40,136,1389.7283266666664,1389.7283266666664,0.0,0.434,603.1420937733332,603.1420937733332
2025-02-10,40,137,1389.0690833333333,1389.069083333333,-2.2737367544323206e-13,0.4063,564.3787685583333,564.3787685583333
2025-02-10,40,138,594.1497075,594.1497074999999,-1.1368683772161603e-13,0.422,250.73117656499997,250.73117656499997
2025-02-10,40,139,576.8962324999998,576.8962324999999,1.1368683772161603e-13,0.4163,240.1619015897499,240.16190158974996
2025-02-10,40,140,1372.632361111111,1372.6323611111113,2.2737367544323206e-13,0.3843,527.502616375,527.5026163750001
2025-02-10,40,141,1350.1802572222223,1350.1802572222225,2.2737367544323206e-13,0.4007,541.0172290689445,541.0172290689446
2025-02-10,40,142,1383.0874288888888,1383.0874288888888,0.0,0.4576,632.9008074595555,632.9008074595555
2025-02-10,40,143,508.24880599162867,508.248933859173,0.0001278675443359134,0.4819,244.92509960736587,244.9251920364203
2025-02-11,41,0,1388.290765,1388.290765,0.0,0.4117,571.5593079505,571.5593079505
2025-02-11,41,1,755.857062345645,755.857062345645,0.0,0.3936,297.50533973924587,297.50533973924587
2025-02-11,41,2,572.4548333333333,572.4548333333333,0.0,0.4511,258.23437531666667,258.23437531666667
2025-02-11,41,3,1392.4600658333331,1392.4600658333331,0.0,0.4645,646.7977005795833,646.7977005795833
2025-02-11,41,4,1386.5082933333333,1386.5082933333333,0.0,0.4463,618.7986513146666,618.7986513146666
2025-02-11,41,5,578.3034166666667,578.3034166666667,0.0,0.434,250.98368283333338,250.98368283333338
2025-02-11,41,6,637.6778483333331,637.6778483333331,0.0,0.4428,282.3637512419999,282.3637512419999
2025-02-11,41,7,615.8415249999999,615.8415249999999,0.0,0.4402,271.09343930499995,271.09343930499995
2025-02-11,41,8,564.4940833333333,564.4940833333333,0.0,0.4427,249.90153069166664,249.90153069166664
2025-02-11,41,9,628.6494966666664,628.6494966666664,0.0,0.4887,307.22100902099993,307.22100902099993
2025-02-11,41,10,1453.56441,1453.56441,0.0,0.471,684.62883711,684.62883711
2025-02-11,41,11,1378.719583333333,1378.719583333333,0.0,0.4081,562.6554619583333,562.6554619583333
2025-02-11,41,12,599.9521358333332,599.9521358333332,0.0,0.4303,258.15940404908326,258.15940404908326
2025-02-11,41,13,660.3248083333333,660.3248083333333,0.0,0.4689,309.62630262749997,309.62630262749997
2025-02-11,41,14,1489.3452499999999,1489.3452499999999,0.0,0.4732,704.7581723,704.7581723
2025-02-11,41,15,649.1064741666665,649.1064741666665,0.0,0.4624,300.1468336546666,300.1468336546666
2025-02-11,41,16,667.5512375000001,667.5512375000001,0.0,0.4559,304.3366091762501,304.3366091762501
2025-02-11,41,17,665.4695833333334,665.4695833333334,0.0,0.455,302.7886604166667,302.7886604166667
2025-02-11,41,18,595.7979116666666,595.7979116666666,0.0,0.4492,267.6324219206666,267.6324219206666
2025-02-11,41,19,593.7863608333332,593.7863608333332,0.0,0.4477,265.8381537450833,265.8381537450833
2025-02-11,41,20,664.5784166666667,664.5784166666667,0.0,0.4677,310.82332547500005,310.82332547500005
2025-02-11,41,21,0.0,0.0,0.0,0.5084,0.0,0.0
2025-02-11,41,22,0.0,0.0,0.0,0.4903,0.0,0.0
2025-02-11,41,23,628.8820833333332,628.8820833333332,0.0,0.4441,279.28653320833325,279.28653320833325
2025-02-11,41,24,623.9306,623.9306,0.0,0.4793,299.04993658,299.04993658
2025-02-11,41,25,473.5995866666676,473.5995866666676,0.0,0.5055,239.40459106000046,239.40459106000046
2025-02-11,41,26,703.0453333333334,703.0453333333334,0.0,0.4941,347.3746992,347.3746992
2025-02-11,41,27,1541.3645924999998,1541.3645924999998,0.0,0.5042,777.1560275384999,777.1560275384999
2025-02-11,41,28,694.2427474999998,694.2427474999998,0.0,0.4996,346.8436766509999,346.8436766509999
2025-02-11,41,29,678.4365833333334,678.4365833333334,0.0,0.4844,328.6346809666667,328.6346809666667
2025-02-11,41,30,1491.9428833333332,1491.9428833333332,0.0,0.5008,747.1649959733332,747.1649959733332
2025-02-11,41,31,653.8909166666666,653.8909166666666,0.0,0.4823,315.3715891083333,315.3715891083333
2025-02-11,41,32,0.0,0.0,0.0,0.4242,0.0,0.0
2025-02-11,41,33,1466.9967338888878,1466.9967338888878,0.0,0.4272,626.7010047173329,626.7010047173329
2025-02-11,41,34,781.1628849999997,781.1628849999997,0.0,0.6438,502.91266536299986,502.91266536299986
2025-02-11,41,35,846.6431666666665,846.6431666666664,-1.1368683772161603e-13,0.9578,810.9148250333332,810.914825033333
2025-02-11,41,36,874.5406602777776,874.5406602777776,0.0,1.0691,934.971419902972,934.971419902972
2025-02-11,41,37,879.9025855555554,879.9025855555553,-1.1368683772161603e-13,1.0627,935.0724776698887,935.0724776698887
2025-02-11,41,38,23.872733333333215,23.872733333333215,0.0,1.0437,24.91597177999988,24.91597177999988
2025-02-11,41,39,23.837548888888904,23.837548888888907,3.552713678800501e-15,1.0249,24.431103856222236,24.431103856222244
2025-02-11,41,40,20.46491111111115,20.46491111111115,0.0,0.9731,19.91440500222226,19.91440500222226
2025-02-11,41,41,55.481684826180185,55.481684826180185,0.0,0.9291,51.548033372004014,51.548033372004014
2025-02-11,41,42,0.0,760.6193398948993,760.6193398948993,0.9693,0.0,1105.902489240189
2025-02-11,41,43,698.7752508333331,838.0603327777777,139.28508194444464,0.9765,682.3540324387498,886.371856216875
2025-02-11,41,44,1454.4393,1456.5821340222851,2.1428340222851148,0.9034,1313.94046362,1316.8442180035986
2025-02-11,41,45,1371.9544883333333,1375.511166111111,3.5566777777776224,0.8549,1172.8838920761666,1177.4447978244998
2025-02-11,41,46,604.6587391666667,604.6587391666665,-2.2737367544323206e-13,1.0477,633.5009610249167,633.5009610249166
2025-02-11,41,47,0.0,0.0,0.0,1.3362,0.0,0.0
2025-02-11,41,48,0.0,0.0,0.0,1.34,0.0,0.0
2025-02-11,41,49,0.0,0.0,0.0,1.2845,0.0,0.0
2025-02-11,41,50,0.0,0.0,0.0,1.2968,0.0,0.0
2025-02-11,41,51,0.0,0.0,0.0,1.28,0.0,0.0
2025-02-11,41,52,0.0,0.0,0.0,1.2561,0.0,0.0
2025-02-11,41,53,0.0,0.0,0.0,1.2353,0.0,0.0
2025-02-11,41,54,0.0,0.0,0.0,1.1978,0.0,0.0
2025-02-11,41,55,0.0,0.0,0.0,1.1787,0.0,0.0
2025-02-11,41,56,0.0,0.0,0.0,1.1731,0.0,0.0
2025-02-11,41,57,0.0,0.0,0.0,1.1397,0.0,0.0
2025-02-11,41,58,0.0,0.0,0.0,1.1062,0.0,0.0
2025-02-11,41,59,0.0,0.0,0.0,1.0849,0.0,0.0
2025-02-11,41,60,152.81338944444417,152.81338944444414,-2.842170943040401e-14,1.06,161.98219281111082,161.98219281111082
2025-02-11,41,61,81.40888805555574,81.40888805555574,0.0,1.0383,84.52684846808351,84.52684846808351
2025-02-11,41,62,0.0,0.0,0.0,1.0315,0.0,0.0
2025-02-11,41,63,0.0,0.0,0.0,1.0186,0.0,0.0
2025-02-11,41,64,5.269865555555725,5.269865555555726,8.881784197001252e-16,0.8632,4.5489479475557015,4.548947947555702
2025-02-11,41,65,757.1444500000002,757.1444500000003,1.1368683772161603e-13,0.6386,483.5124457700001,483.5124457700002
2025-02-11,41,66,759.9568944444443,759.9568944444442,-1.1368683772161603e-13,0.5798,440.6230073988888,440.6230073988888
2025-02-11,41,67,758.424778888889,758.4247788888889,-1.1368683772161603e-13,0.6151,466.5070814945556,466.5070814945556
2025-02-11,41,68,735.5479666666665,735.5479666666664,-1.1368683772161603e-13,0.6391,470.0887054966666,470.08870549666653
2025-02-11,41,69,752.8767002777777,752.8767002777774,-2.2737367544323206e-13,0.6149,462.9438830008055,462.9438830008054
2025-02-11,41,70,762.569533888889,762.569533888889,0.0,0.5966,454.94898391811125,454.94898391811125
2025-02-11,41,71,730.2386500000002,730.2386500000002,0.0,0.603,440.33390595000014,440.33390595000014
2025-02-11,41,72,708.2424886111112,708.2424886111112,0.0,0.6037,427.5659903745278,427.5659903745278
2025-02-11,41,73,751.5897205555559,751.5897205555559,0.0,0.6006,451.4047861656669,451.4047861656669
2025-02-11,41,74,835.9141666666667,835.9141666666668,1.1368683772161603e-13,0.5645,471.87354708333334,471.87354708333345
2025-02-11,41,75,865.9886927777776,846.2128008333332,-19.775891944444425,0.495,428.66440292499993,423.7698696687499
2025-02-11,41,76,934.1537380555556,886.9373279166668,-47.216410138888705,0.6445,602.0620841768056,586.8465960095486
2025-02-11,41,77,0.0,0.0,0.0,0.9259,0.0,0.0
2025-02-11,41,78,168.5976213888888,168.5976213888888,0.0,0.9805,165.30996777180547,165.30996777180547
2025-02-11,41,79,198.66912277777794,198.66912277777794,0.0,0.967,192.11304172611128,192.11304172611128
2025-02-11,41,80,0.21975744822764368,0.21975744822764373,5.551115123125783e-17,0.9824,0.21588971713883714,0.21588971713883723
2025-02-11,41,81,0.0,0.0,0.0,0.9648,0.0,0.0
2025-02-11,41,82,0.0,0.0,0.0,0.9902,0.0,0.0
2025-02-11,41,83,0.0,0.0,0.0,1.0509,0.0,0.0
2025-02-11,41,84,0.0,0.0,0.0,1.053,0.0,0.0
2025-02-11,41,85,0.0,0.0,0.0,1.0361,0.0,0.0
2025-02-11,41,86,0.0,0.0,0.0,1.0717,0.0,0.0
2025-02-11,41,87,0.0,0.0,0.0,1.1572,0.0,0.0
2025-02-11,41,88,454.49542666666696,454.4954266666671,1.1368683772161603e-13,1.0271,466.8122527293336,466.81225272933375
2025-02-11,41,89,1371.0757333333336,1258.2528666666667,-112.82286666666687,0.7775,1066.0113826666668,1022.15149325
2025-02-11,41,90,1456.6381386111111,1352.6779016666665,-103.96023694444466,0.7802,1136.4690757443889,1095.914187312361
2025-02-11,41,91,1095.3987350531338,1095.3987350531338,0.0,0.8116,889.0256133691233,889.0256133691233
2025-02-11,41,92,1512.1533499999998,1426.491383333333,-85.66196666666679,0.7739,1170.2554775649999,1137.108579563333
2025-02-11,41,93,1545.176526111111,1465.739889166667,-79.43663694444399,0.803,1240.7767504672222,1208.882940734028
2025-02-11,41,94,746.4862530555555,746.4862530555552,-3.410605131648481e-13,0.8508,635.1105040996666,635.1105040996664
2025-02-11,41,95,789.4832166666663,789.4832166666663,0.0,0.8718,688.2714682899997,688.2714682899997
2025-02-11,41,96,771.9240013888889,771.9240013888891,2.2737367544323206e-13,0.8825,681.2229312256944,681.2229312256948
2025-02-11,41,97,821.1772402777779,821.1772402777779,0.0,0.9353,768.0470728318056,768.0470728318056
2025-02-11,41,98,785.3074029166665,785.3074029166665,0.0,1.0083,791.8254543608749,791.8254543608749
2025-02-11,41,99,910.1735627777774,910.1735627777774,0.0,1.0278,935.4763878229996,935.4763878229996
2025-02-11,41,100,884.2297102777779,884.2297102777779,0.0,1.0418,921.1905121673891,921.1905121673891
2025-02-11,41,101,973.4345999999998,973.4345999999998,0.0,1.0649,1036.6105055399998,1036.6105055399998
2025-02-11,41,102,1024.2168230555558,1024.2168230555558,0.0,1.0651,1090.8933382364723,1090.8933382364723
2025-02-11,41,103,949.2396662777765,949.2396662777763,-1.1368683772161603e-13,1.0771,1022.4260445477929,1022.4260445477929
2025-02-11,41,104,1019.2244666666668,1019.2244666666667,-1.1368683772161603e-13,1.0918,1112.789272706667,1112.7892727066667
2025-02-11,41,105,1041.7422049999998,1041.7422049999998,0.0,1.0816,1126.7483689279998,1126.7483689279998
2025-02-11,41,106,913.2025569444442,913.2025569444442,0.0,1.1817,1079.1314615412496,1079.1314615412496
2025-02-11,41,107,0.0,0.0,0.0,1.3084,0.0,0.0
2025-02-11,41,108,0.0,0.0,0.0,1.2395,0.0,0.0
2025-02-11,41,109,0.0,0.0,0.0,1.2237,0.0,0.0
2025-02-11,41,110,0.0,70.1299560242233,70.1299560242233,1.3106,0.0,137.86848054802059
2025-02-11,41,111,732.2994316666666,732.2994316666665,-1.1368683772161603e-13,1.3,951.9892611666666,951.9892611666666
2025-02-11,41,112,723.4274258333332,723.4274258333332,0.0,1.2694,918.3187743528333,918.3187743528333
2025-02-11,41,113,691.7172500000001,691.7172500000001,0.0,1.2733,880.7635744250002,880.7635744250002
2025-02-11,41,114,0.0,0.0,0.0,1.276,0.0,0.0
2025-02-11,41,115,0.0,0.0,0.0,1.2621,0.0,0.0
2025-02-11,41,116,0.0,0.0,0.0,1.2372,0.0,0.0
2025-02-11,41,117,463.286698131735,463.286698131735,0.0,1.223,566.5996318151119,566.5996318151119
2025-02-11,41,118,0.0,0.0,0.0,1.2481,0.0,0.0
2025-02-11,41,119,0.0,0.0,0.0,1.2789,0.0,0.0
2025-02-11,41,120,0.0,0.0,0.0,1.2569,0.0,0.0
2025-02-11,41,121,0.0,0.0,0.0,1.2753,0.0,0.0
2025-02-11,41,122,669.0351666666666,669.0351666666667,1.1368683772161603e-13,1.343,898.5142288333332,898.5142288333334
2025-02-11,41,123,0.0,0.0,0.0,1.3405,0.0,0.0
2025-02-11,41,124,740.3953058333334,740.3953058333334,0.0,1.1373,842.05158132425,842.05158132425
2025-02-11,41,125,711.2170833333333,716.5196670833335,5.302583750000167,0.898,638.6729408333333,645.8155211445835
2025-02-11,41,126,1528.1822324999998,1513.9440111984368,-14.238221301563044,0.9328,1425.4883864759997,1418.8476800609508
2025-02-11,41,127,701.1750525000001,688.5655932460074,-12.609459253992668,0.966,677.3351007150001,671.2447318953216
2025-02-11,41,128,720.80675,720.8067499999999,-1.1368683772161603e-13,0.929,669.62947075,669.6294707499999
2025-02-11,41,129,0.2870514999999614,0.0,-0.2870514999999614,0.9802,0.2813678802999621,0.14068394014998106
2025-02-11,41,130,659.2996241666666,659.2996241666666,0.0,0.785,517.5502049708333,517.5502049708333
2025-02-11,41,131,547.0669999999999,547.0669999999999,0.0,0.4375,239.34181249999995,239.34181249999995
2025-02-11,41,132,1395.9250325,1363.6997708333333,-32.22526166666671,0.4082,569.8165982665,563.2394223603333
2025-02-11,41,133,1421.4058558333331,1393.309995,-28.095860833333063,0.4608,654.9838183679999,648.5105320319999
2025-02-11,41,134,1395.946083333333,1365.828833333333,-30.117250000000013,0.4377,611.0056006749999,604.4144405124999
2025-02-11,41,135,1390.6450266666666,1376.30361,-14.341416666666646,0.4233,588.660039788,585.6246789505
2025-02-11,41,136,1392.316158333333,1345.8297833333331,-46.48637499999995,0.4265,593.8228415291666,583.9096220604165
2025-02-11,41,137,0.0,0.0,0.0,0.4408,0.0,0.0
2025-02-11,41,138,485.7448912257991,485.744891225799,-1.1368683772161603e-13,0.4596,223.24835200737726,223.24835200737726
2025-02-11,41,139,579.4724699999998,579.4724699999999,1.1368683772161603e-13,0.4477,259.4298248189999,259.429824819
2025-02-11,41,140,580.6487499999998,580.6487499999998,0.0,0.4091,237.54340362499994,237.54340362499994
2025-02-11,41,141,578.4455658333331,578.445565833333,-1.1368683772161603e-13,0.382,220.96620614833327,220.96620614833324
2025-02-11,41,142,1404.2219983333334,1383.2491571296302,-20.972841203703183,0.3603,505.9411859995,502.1629286566529
2025-02-11,41,143,1322.1085416666665,1322.1085416666665,0.0,0.36,475.9590749999999,475.9590749999999
2025-02-12,42,0,567.7909524999999,567.7909524999999,0.0,0.4068,230.97735947699996,230.97735947699996
2025-02-12,42,1,586.2662341666667,586.2662341666667,0.0,0.4326,253.61877290049998,253.61877290049998
2025-02-12,42,2,1404.7583333333332,1404.7583333333332,0.0,0.4259,598.2865741666666,598.2865741666666
2025-02-12,42,3,1239.5502826086108,1239.5502826086108,0.0,0.4355,539.82414807605,539.82414807605
2025-02-12,42,4,558.2546675000001,558.2546675000001,0.0,0.4294,239.71455422450003,239.71455422450003
2025-02-12,42,5,573.2821666666666,573.2821666666666,0.0,0.4078,233.78446756666665,233.78446756666665
2025-02-12,42,6,630.0712891666666,630.0712891666666,0.0,0.4119,259.52636400775,259.52636400775
2025-02-12,42,7,605.3238708333333,605.3238708333333,0.0,0.4335,262.40789800625,262.40789800625
2025-02-12,42,8,1387.896083333333,1387.896083333333,0.0,0.4513,626.3575024083332,626.3575024083332
2025-02-12,42,9,0.0,0.0,0.0,0.4485,0.0,0.0
2025-02-12,42,10,0.0,0.0,0.0,0.4295,0.0,0.0
2025-02-12,42,11,1375.0916666666665,1375.0916666666665,0.0,0.414,569.2879499999999,569.2879499999999
2025-02-12,42,12,1434.1669741666665,1434.1669741666665,0.0,0.4154,595.7529610688332,595.7529610688332
2025-02-12,42,13,667.5149766666668,667.5149766666668,0.0,0.3885,259.32956843500006,259.32956843500006
2025-02-12,42,14,1496.1904166666666,1496.1904166666666,0.0,0.3727,557.6301682916666,557.6301682916666
2025-02-12,42,15,653.1940958333333,653.1940958333333,0.0,0.4531,295.96224482208333,295.96224482208333
2025-02-12,42,16,665.6645383333334,665.6645383333334,0.0,0.5056,336.5599905813334,336.5599905813334
2025-02-12,42,17,661.2645,661.2645,0.0,0.4903,324.21798435,324.21798435
2025-02-12,42,18,1435.8333374999997,1435.8333374999997,0.0,0.4794,688.3385019974999,688.3385019974999
2025-02-12,42,19,1437.4439766666665,1437.4439766666665,0.0,0.4461,641.2437579909999,641.2437579909999
2025-02-12,42,20,663.1661666666666,663.1661666666666,0.0,0.4104,272.1633948,272.1633948
2025-02-12,42,21,661.3872633333334,661.3872633333334,0.0,0.4361,288.43098553966666,288.43098553966666
2025-02-12,42,22,0.0,0.0,0.0,0.4689,0.0,0.0
2025-02-12,42,23,0.0,0.0,0.0,0.4897,0.0,0.0
2025-02-12,42,24,639.3339241666666,639.3339241666666,0.0,0.52,332.45364056666665,332.45364056666665
2025-02-12,42,25,1255.281262592592,1255.281262592592,0.0,0.4887,613.4559530289997,613.4559530289997
2025-02-12,42,26,695.0065833333333,695.0065833333333,0.0,0.4329,300.868349925,300.868349925
2025-02-12,42,27,1530.1890875,1530.1890875,0.0,0.4675,715.36339840625,715.36339840625
2025-02-12,42,28,698.5619174999998,698.5619174999998,0.0,0.4948,345.64843677899995,345.64843677899995
2025-02-12,42,29,601.4397708333337,601.4397708333337,0.0,0.4693,282.25568445208347,282.25568445208347
2025-02-12,42,30,0.0,0.0,0.0,0.4483,0.0,0.0
2025-02-12,42,31,643.370605,643.370605,0.0,0.4696,302.12683610799996,302.12683610799996
2025-02-12,42,32,674.1627499999998,674.1627499999998,0.0,0.4879,328.9240057249999,328.9240057249999
2025-02-12,42,33,1558.1175391666666,1558.1175391666666,0.0,0.4683,729.66644359175,729.66644359175
2025-02-12,42,34,776.5666391666666,776.5666391666666,0.0,0.7019,545.0721240310833,545.0721240310833
2025-02-12,42,35,832.6859999999998,832.6859999999998,0.0,1.0589,881.7312053999998,881.7312053999998
2025-02-12,42,36,734.9839331595097,734.9839331595097,0.0,1.0848,797.310570691436,797.310570691436
2025-02-12,42,37,894.2022919444443,894.2022919444443,0.0,1.0275,918.7928549729165,918.7928549729165
2025-02-12,42,38,18.928466666666644,18.928466666666644,0.0,1.0232,19.367607093333312,19.367607093333312
2025-02-12,42,39,46.884983333333196,46.884983333333196,0.0,0.9687,45.41748335499987,45.41748335499987
2025-02-12,42,40,40.564588333333376,40.56458833333337,-7.105427357601002e-15,0.9638,39.096150235666705,39.0961502356667
2025-02-12,42,41,797.8522666666668,797.8522666666667,-1.1368683772161603e-13,0.9925,791.8683746666668,791.8683746666667
2025-02-12,42,42,0.0,0.0,0.0,0.9357,0.0,0.0
2025-02-12,42,43,760.2313266666665,760.2313266666666,1.1368683772161603e-13,0.9334,709.5999203106666,709.5999203106667
2025-02-12,42,44,1513.3620666666666,1513.3620666666661,-4.547473508864641e-13,0.9503,1438.1479719533334,1438.1479719533331
2025-02-12,42,45,1408.0729308333332,1408.072930833333,-2.2737367544323206e-13,0.8459,1191.0888921919166,1191.0888921919163
2025-02-12,42,46,649.8187916666668,649.8187916666669,1.1368683772161603e-13,1.0002,649.9487554250002,649.9487554250004
2025-02-12,42,47,18.941383333333476,18.941383333333476,0.0,1.3246,25.089756363333525,25.089756363333525
2025-02-12,42,48,23.48364611111117,23.483646111111163,-7.105427357601002e-15,1.3208,31.017199783555633,31.01719978355563
2025-02-12,42,49,0.0,0.0,0.0,1.2436,0.0,0.0
2025-02-12,42,50,0.0,0.0,0.0,1.2561,0.0,0.0
2025-02-12,42,51,0.0,0.0,0.0,1.2497,0.0,0.0
2025-02-12,42,52,0.0,0.0,0.0,1.1783,0.0,0.0
2025-02-12,42,53,0.0,0.0,0.0,1.1299,0.0,0.0
2025-02-12,42,54,0.0,0.0,0.0,1.2211,0.0,0.0
2025-02-12,42,55,0.0,0.0,0.0,1.2363,0.0,0.0
2025-02-12,42,56,0.0,0.0,0.0,1.1348,0.0,0.0
2025-02-12,42,57,0.0,0.0,0.0,1.0871,0.0,0.0
2025-02-12,42,58,0.0,0.0,0.0,1.0729,0.0,0.0
2025-02-12,42,59,251.86796666666635,251.86796666666626,-8.526512829121202e-14,1.0777,271.43810767666633,271.43810767666633
2025-02-12,42,60,216.40346249999982,216.40346249999988,5.684341886080802e-14,1.1138,241.03017653249978,241.03017653249987
2025-02-12,42,61,0.0,0.0,0.0,1.0824,0.0,0.0
2025-02-12,42,62,0.0,0.0,0.0,1.0267,0.0,0.0
2025-02-12,42,63,182.7316883333334,182.73168833333338,-2.842170943040401e-14,1.0581,193.34839942550008,193.34839942550008
2025-02-12,42,64,151.23137500000007,151.23137500000007,0.0,0.9027,136.51656221250005,136.51656221250005
2025-02-12,42,65,927.2862166666665,899.3727111111109,-27.913505555555616,0.6218,576.5865695233333,567.908260646111
2025-02-12,42,66,896.8960147222219,887.212136111111,-9.683878611110913,0.5765,517.060552487361,514.2691744777082
2025-02-12,42,67,861.4545002777777,861.4545002777775,-2.2737367544323206e-13,0.6008,517.5618637668888,517.5618637668888
2025-02-12,42,68,830.8032083333333,830.8032083333333,0.0,0.584,485.1890736666666,485.1890736666666
2025-02-12,42,69,870.172693888889,819.6755005555553,-50.4971933333336,0.5878,511.4875094678889,496.6463843472222
2025-02-12,42,70,871.9707394444445,764.4574105555555,-107.51332888888896,0.5943,518.2122104518334,486.26462477250004
2025-02-12,42,71,800.8991999999998,800.8991999999998,0.0,0.5755,460.9174895999999,460.9174895999999
2025-02-12,42,72,746.4853244444446,746.4853244444446,0.0,0.531,396.3837072800001,396.3837072800001
2025-02-12,42,73,765.2963205555559,765.2963205555559,0.0,0.5203,398.1836755850557,398.1836755850557
2025-02-12,42,74,822.8154083333334,822.8154083333334,0.0,0.5366,441.52274811166666,441.52274811166666
2025-02-12,42,75,831.1490469444445,831.1490469444445,0.0,0.5418,450.3165536345,450.3165536345
2025-02-12,42,76,855.8834713888889,855.8834713888888,-1.1368683772161603e-13,0.6853,586.5369429428056,586.5369429428055
2025-02-12,42,77,0.0,0.0,0.0,0.9072,0.0,0.0
2025-02-12,42,78,0.0,0.0,0.0,0.9749,0.0,0.0
2025-02-12,42,79,65.42293055555592,65.42293055555592,0.0,0.9915,64.8668356458337,64.8668356458337
2025-02-12,42,80,0.0,0.0,0.0,1.0263,0.0,0.0
2025-02-12,42,81,0.0,0.0,0.0,1.0398,0.0,0.0
2025-02-12,42,82,0.0,0.0,0.0,1.0377,0.0,0.0
2025-02-12,42,83,0.0,0.0,0.0,1.0522,0.0,0.0
2025-02-12,42,84,0.0,0.0,0.0,1.1023,0.0,0.0
2025-02-12,42,85,0.0,0.0,0.0,1.1044,0.0,0.0
2025-02-12,42,86,0.0,0.0,0.0,1.0951,0.0,0.0
2025-02-12,42,87,0.0,0.0,0.0,1.1627,0.0,0.0
2025-02-12,42,88,0.0,0.0,0.0,1.0389,0.0,0.0
2025-02-12,42,89,1332.2233833333335,1265.6014666666667,-66.62191666666672,0.7854,1046.32824527,1020.165818595
2025-02-12,42,90,1405.3680447222223,1355.2694494444445,-50.098595277777804,0.7523,1057.2583800445277,1038.4137934307917
2025-02-12,42,91,605.7939752777775,605.7939752777775,0.0,0.7726,468.0364252996108,468.0364252996108
2025-02-12,42,92,1451.6428,1435.1638583333329,-16.478941666667197,0.7785,1130.1039198,1123.6894917562497
2025-02-12,42,93,1418.6736999770892,1418.6736999770892,0.0,0.8733,1238.927742189992,1238.927742189992
2025-02-12,42,94,688.812265241668,688.8122652416681,1.1368683772161603e-13,0.9197,633.500640342762,633.5006403427622
2025-02-12,42,95,595.6160554166678,595.616055416668,2.2737367544323206e-13,0.9057,539.449461390876,539.4494613908763
2025-02-12,42,96,773.9898508333331,773.9898508333331,0.0,0.9582,741.6370750684998,741.6370750684998
2025-02-12,42,97,751.9358355555559,751.9358355555559,0.0,1.0113,760.4327104973337,760.4327104973337
2025-02-12,42,98,719.4490656666671,719.4490656666671,0.0,1.0199,733.7661020734338,733.7661020734338
2025-02-12,42,99,798.6729094444443,798.6729094444443,0.0,1.0093,806.1005675022776,806.1005675022776
2025-02-12,42,100,931.915835,931.9158350000002,2.2737367544323206e-13,1.0019,933.6864750865001,933.6864750865004
2025-02-12,42,101,945.5046499999999,945.5046499999999,0.0,1.0322,975.9498997299999,975.9498997299999
2025-02-12,42,102,1004.8324452777775,1004.8324452777774,-1.1368683772161603e-13,1.1152,1120.5891429737774,1120.5891429737774
2025-02-12,42,103,924.7872869444442,924.7872869444442,0.0,1.1389,1053.2402411010276,1053.2402411010276
2025-02-12,42,104,1006.0934083333335,1006.0934083333336,1.1368683772161603e-13,1.0886,1095.233284311667,1095.2332843116671
2025-02-12,42,105,1045.468424290123,1045.4684242901233,2.2737367544323206e-13,1.0705,1119.1739482025766,1119.173948202577
2025-02-12,42,106,898.9018030555552,898.901803055555,-2.2737367544323206e-13,1.1526,1036.074218201833,1036.074218201833
2025-02-12,42,107,0.0,0.0,0.0,1.2745,0.0,0.0
2025-02-12,42,108,0.0,0.0,0.0,1.3008,0.0,0.0
2025-02-12,42,109,0.0,0.0,0.0,1.267,0.0,0.0
2025-02-12,42,110,714.0230833333333,714.0230833333333,0.0,1.2338,880.9616802166665,880.9616802166665
2025-02-12,42,111,734.5109858333332,734.5109858333333,1.1368683772161603e-13,1.2257,900.2901153359164,900.2901153359167
2025-02-12,42,112,726.8374825,726.8374825,0.0,1.1991,871.55082526575,871.55082526575
2025-02-12,42,113,683.3059166666667,683.3059166666666,-1.1368683772161603e-13,1.1819,807.5992629083333,807.5992629083333
2025-02-12,42,114,507.6606728900672,677.3060208197237,169.6453479296565,1.2468,632.9513269593357,950.2220566573792
2025-02-12,42,115,0.0,0.0,0.0,1.2981,0.0,0.0
2025-02-12,42,116,0.0,0.0,0.0,1.2878,0.0,0.0
2025-02-12,42,117,0.0,0.0,0.0,1.2595,0.0,0.0
2025-02-12,42,118,0.0,0.0,0.0,1.259,0.0,0.0
2025-02-12,42,119,0.0,0.0,0.0,1.296,0.0,0.0
2025-02-12,42,120,0.0,0.0,0.0,1.3314,0.0,0.0
2025-02-12,42,121,0.0,0.0,0.0,1.2836,0.0,0.0
2025-02-12,42,122,0.0,0.0,0.0,1.2251,0.0,0.0
2025-02-12,42,123,0.0,0.0,0.0,1.2859,0.0,0.0
2025-02-12,42,124,736.7051566666668,736.7051566666667,-1.1368683772161603e-13,1.1897,876.4581248863334,876.4581248863334
2025-02-12,42,125,724.6789999999999,729.9815837500003,5.3025837500003945,0.9559,692.7206560999998,700.3237658099379
2025-02-12,42,126,699.4777375,694.4365323148146,-5.04120518518539,0.8973,627.64137385875,625.3796371524165
2025-02-12,42,127,694.4809025,681.1750366666666,-13.305865833333314,0.9086,631.0053480114999,624.9604931634166
2025-02-12,42,128,739.28475,739.2847500000001,1.1368683772161603e-13,0.9358,691.8226690500001,691.8226690500002
2025-02-12,42,129,758.7887825833333,750.8160991666667,-7.972683416666541,1.0014,759.85108687895,755.859164292225
2025-02-12,42,130,646.0787216666666,646.0787216666666,0.0,0.815,526.5541581583333,526.5541581583333
2025-02-12,42,131,1328.0856666666666,1328.0856666666666,0.0,0.4778,634.5593315333333,634.5593315333333
2025-02-12,42,132,1382.5232783333333,1382.520040471104,-0.0032378622292981163,0.4089,565.3137685104999,565.3131065295672
2025-02-12,42,133,1000.3365066043073,1000.3365066043074,1.1368683772161603e-13,0.4232,423.34240959494286,423.3424095949429
2025-02-12,42,134,1388.2554999999998,1379.8349058333308,-8.420594166668934,0.409,567.7964994999999,566.0744879929161
2025-02-12,42,135,1377.2535591666665,1377.2535591666667,2.2737367544323206e-13,0.4431,610.2610520667499,610.26105206675
2025-02-12,42,136,1385.7555358333332,1339.2691608333332,-46.48637499999995,0.4432,614.1668534813332,603.8654727813332
2025-02-12,42,137,615.0172499999999,615.0172499999998,-1.1368683772161603e-13,0.4118,253.26410354999996,253.26410354999993
2025-02-12,42,138,0.0,0.0,0.0,0.4375,0.0,0.0
2025-02-12,42,139,572.0569408333332,572.0569408333332,0.0,0.4494,257.08238921049997,257.08238921049997
2025-02-12,42,140,1409.6194999999998,1363.4390833333332,-46.18041666666659,0.4172,588.0932554,578.4600204833333
2025-02-12,42,141,1411.1146466666664,1399.3767641666666,-11.737882499999841,0.3885,548.2180402299999,545.937956554375
2025-02-12,42,142,577.7743691666666,577.7743691666666,0.0,0.3952,228.33643069466663,228.33643069466663
2025-02-12,42,143,0.023794031923257446,0.023794031923257446,0.0,0.4322,0.010283780597231867,0.010283780597231867
2025-02-13,43,0,556.4827025,556.4827025,0.0,0.4584,255.09167082599996,255.09167082599996
2025-02-13,43,1,579.3060324999998,579.3060324999998,0.0,0.4238,245.50989657349993,245.50989657349993
2025-02-13,43,2,0.2965326253885223,0.2965326253885223,0.0,0.3948,0.1170710805033886,0.1170710805033886
2025-02-13,43,3,566.8733775,566.8733775,0.0,0.4766,270.1718517165,270.1718517165
2025-02-13,43,4,578.658475,578.658475,0.0,0.4683,270.9857638425,270.9857638425
2025-02-13,43,5,596.6229999999999,596.6229999999999,0.0,0.3793,226.29910389999998,226.29910389999998
2025-02-13,43,6,1474.0633991666664,1474.0633991666664,0.0,0.4125,608.0511521562498,608.0511521562498
2025-02-13,43,7,603.3183466666668,603.3183466666668,0.0,0.4033,243.3182892106667,243.3182892106667
2025-02-13,43,8,554.1564999999998,554.1564999999998,0.0,0.358,198.38802699999994,198.38802699999994
2025-02-13,43,9,635.9527833333333,635.9527833333333,0.0,0.4556,289.7400880866667,289.7400880866667
2025-02-13,43,10,1412.552364058236,1412.552364058236,0.0,0.5137,725.6281494167159,725.6281494167159
2025-02-13,43,11,1348.9661666666666,1348.9661666666666,0.0,0.4639,625.7854047166666,625.7854047166666
2025-02-13,43,12,588.3495841666665,588.3495841666665,0.0,0.4256,250.40158302133327,250.40158302133327
2025-02-13,43,13,647.6408000000001,647.6408000000001,0.0,0.4403,285.1562442400001,285.1562442400001
2025-02-13,43,14,1454.9893333333332,1454.9893333333332,0.0,0.468,680.9350079999999,680.9350079999999
2025-02-13,43,15,1467.2100716666664,1467.2100716666664,0.0,0.4437,651.0011087984999,651.0011087984999
2025-02-13,43,16,672.9162908333334,672.9162908333334,0.0,0.4389,295.34296004675,295.34296004675
2025-02-13,43,17,670.5685833333334,670.5685833333334,0.0,0.4694,314.7648930166667,314.7648930166667
2025-02-13,43,18,1436.5751724999998,1436.5751724999998,0.0,0.4756,683.2351520409999,683.2351520409999
2025-02-13,43,19,1433.5421249999997,1433.5421249999997,0.0,0.4606,660.2895027749998,660.2895027749998
2025-02-13,43,20,664.2018333333332,664.2018333333332,0.0,0.4666,309.91657543333326,309.91657543333326
2025-02-13,43,21,474.29829666666615,474.29829666666615,0.0,0.5218,247.4888512006664,247.4888512006664
2025-02-13,43,22,0.0,0.0,0.0,0.5136,0.0,0.0
2025-02-13,43,23,0.0,0.0,0.0,0.4432,0.0,0.0
2025-02-13,43,24,637.7839316666666,637.7839316666666,0.0,0.4281,273.03530114649993,273.03530114649993
2025-02-13,43,25,1481.2229916666665,1481.2229916666665,0.0,0.455,673.9564612083333,673.9564612083333
2025-02-13,43,26,1516.0482499999998,1516.0482499999998,0.0,0.4868,738.0122881,738.0122881
2025-02-13,43,27,709.0588475,709.0588475,0.0,0.5016,355.663917906,355.663917906
2025-02-13,43,28,707.2055566666666,707.2055566666666,0.0,0.4931,348.7230599923333,348.7230599923333
2025-02-13,43,29,681.1530833333333,681.1530833333333,0.0,0.4698,320.00571855,320.00571855
2025-02-13,43,30,656.0537525,656.0537525,0.0,0.4522,296.66750688049996,296.66750688049996
2025-02-13,43,31,650.1122483333332,650.1122483333332,0.0,0.4632,301.13199342799993,301.13199342799993
2025-02-13,43,32,666.4071666666664,666.4071666666664,0.0,0.4663,310.74566181666654,310.74566181666654
2025-02-13,43,33,709.4819608333333,709.4819608333333,0.0,0.4411,312.95249292358335,312.95249292358335
2025-02-13,43,34,770.5332424999997,770.5332424999997,0.0,0.6553,504.9304338102498,504.9304338102498
2025-02-13,43,35,840.7615833333332,840.7615833333332,0.0,0.997,838.2392985833332,838.2392985833332
2025-02-13,43,36,722.8052620483973,722.8052620483973,0.0,1.0537,761.6199046203963,761.6199046203963
2025-02-13,43,37,899.7360061111109,897.3388672222219,-2.3971388888890033,1.007,906.0341581538886,904.8271987233329
2025-02-13,43,38,24.587408333333194,21.883306591971476,-2.7041017413617183,1.0056,24.72509781999986,23.365475464443186
2025-02-13,43,39,12.773774999999873,26.85402388888886,14.080248888888988,1.0092,12.891293729999873,34.20597449800003
2025-02-13,43,40,16.40179583333334,6.966240277777857,-9.435555555555482,0.9724,15.949106268333338,11.361539157222264
2025-02-13,43,41,0.0,0.0,0.0,0.9458,0.0,0.0
2025-02-13,43,42,0.0,0.0,0.0,1.0119,0.0,0.0
2025-02-13,43,43,711.9000774999998,689.1999386111108,-22.700138888889,1.0101,719.0902682827499,707.6255631369164
2025-02-13,43,44,1485.6463583333334,1455.1918583333334,-30.454500000000053,0.8986,1335.0018175983334,1321.3186107483334
2025-02-13,43,45,1388.723748333333,1350.5148872222221,-38.20886111111099,0.8351,1159.7232022331664,1143.769092276222
2025-02-13,43,46,627.2859274999998,581.3227052777776,-45.96322222222227,1.0349,649.1782063697498,625.3945370308609
2025-02-13,43,47,0.0,0.0,0.0,1.3392,0.0,0.0
2025-02-13,43,48,6.301881944444403,0.0,-6.301881944444403,1.3496,8.505019872222165,4.252509936111083
2025-02-13,43,49,0.0,0.0,0.0,1.2499,0.0,0.0
2025-02-13,43,50,0.0,0.0,0.0,1.2075,0.0,0.0
2025-02-13,43,51,0.0,0.0,0.0,1.2147,0.0,0.0
2025-02-13,43,52,0.0,0.0,0.0,1.2299,0.0,0.0
2025-02-13,43,53,0.0,0.0,0.0,1.2127,0.0,0.0
2025-02-13,43,54,0.0,0.0,0.0,1.1531,0.0,0.0
2025-02-13,43,55,0.0,0.0,0.0,1.1243,0.0,0.0
2025-02-13,43,56,0.0,0.0,0.0,1.1168,0.0,0.0
2025-02-13,43,57,0.0,0.0,0.0,1.0555,0.0,0.0
2025-02-13,43,58,0.0,0.0,0.0,1.011,0.0,0.0
2025-02-13,43,59,135.54759999999976,0.0,-135.54759999999976,1.0049,136.21178323999976,68.10589161999988
2025-02-13,43,60,92.35157694444433,0.0,-92.35157694444433,0.988,91.24335802111099,45.621679010555496
2025-02-13,43,61,0.0,0.0,0.0,0.9752,0.0,0.0
2025-02-13,43,62,0.0,0.0,0.0,0.987,0.0,0.0
2025-02-13,43,63,54.323321111111,0.0,-54.323321111111,0.9928,53.932193199111,26.9660965995555
2025-02-13,43,64,144.206585594368,0.0,-144.206585594368,0.8172,117.84562174771753,58.922810873858765
2025-02-13,43,65,802.6606166666668,684.8712166666671,-117.78939999999966,0.561,450.2926059500001,417.2526792500002
2025-02-13,43,66,812.5337063888885,692.2379952777776,-120.2957111111109,0.5251,426.6614492248054,395.0778102725832
2025-02-13,43,67,808.3511794444446,96.51095309436809,-711.8402263500765,0.5637,455.6675598528334,255.03539205606432
2025-02-13,43,68,784.1011333333331,658.7927999999997,-125.3083333333334,0.5554,435.4897694533332,400.6916452866665
2025-02-13,43,69,821.8434480555557,694.0288036111112,-127.81464444444441,0.5266,432.78275974605555,399.12916386383336
2025-02-13,43,70,840.3765269444445,710.0555713888889,-130.32095555555566,0.5363,450.6939314003056,415.74836716808335
2025-02-13,43,71,802.3562333333336,802.3562333333336,0.0,0.56,449.31949066666687,449.31949066666687
2025-02-13,43,72,763.4727424999999,763.4727424999999,0.0,0.5238,399.9070225215,399.9070225215
2025-02-13,43,73,787.3923325000001,787.3923325000001,0.0,0.5107,402.1212642077501,402.1212642077501
2025-02-13,43,74,839.6671750000003,839.6671750000003,0.0,0.5235,439.5657661125001,439.5657661125001
2025-02-13,43,75,838.7127933333334,838.7127933333334,0.0,0.5109,428.498366114,428.498366114
2025-02-13,43,76,883.4690841666668,883.4690841666668,0.0,0.6709,592.7194085674168,592.7194085674168
2025-02-13,43,77,0.0,0.0,0.0,0.9337,0.0,0.0
2025-02-13,43,78,0.0,0.0,0.0,1.0024,0.0,0.0
2025-02-13,43,79,55.325376388889026,55.325376388889026,0.0,0.9894,54.7389273991668,54.7389273991668
2025-02-13,43,80,0.0,0.0,0.0,0.9808,0.0,0.0
2025-02-13,43,81,0.0,0.0,0.0,0.9529,0.0,0.0
2025-02-13,43,82,0.0,0.0,0.0,0.9677,0.0,0.0
2025-02-13,43,83,0.0,0.0,0.0,1.0172,0.0,0.0
2025-02-13,43,84,0.0,0.0,0.0,1.0212,0.0,0.0
2025-02-13,43,85,0.0,0.0,0.0,0.9847,0.0,0.0
2025-02-13,43,86,0.0,0.0,0.0,0.9913,0.0,0.0
2025-02-13,43,87,0.0,0.0,0.0,1.0893,0.0,0.0
2025-02-13,43,88,0.0,0.0,0.0,0.981,0.0,0.0
2025-02-13,43,89,1119.8074166666665,1119.8074166666665,0.0,0.7369,825.1860853416666,825.1860853416666
2025-02-13,43,90,369.6065219444446,369.60652194444447,-1.1368683772161603e-13,0.7364,272.17824275988903,272.178242759889
2025-02-13,43,91,401.96263555555504,401.96263555555504,0.0,0.7817,314.2141922137774,314.2141922137774
2025-02-13,43,92,1245.9461833333335,1245.9461833333335,0.0,0.7689,958.0080203650001,958.0080203650001
2025-02-13,43,93,712.4687959567918,712.4687959567918,0.0,0.8004,570.2600242838162,570.2600242838162
2025-02-13,43,94,536.909137000007,536.9091370000073,2.2737367544323206e-13,0.8342,447.8896020854059,447.8896020854062
2025-02-13,43,95,324.76739983333243,385.71265761110976,60.94525777777733,0.8508,276.31210377819923,354.09044175419865
2025-02-13,43,96,668.4453736111109,668.4453736111109,0.0,0.8872,593.0447354677775,593.0447354677775
2025-02-13,43,97,714.163808888889,714.1638088888891,1.1368683772161603e-13,0.9548,681.8836047271112,681.8836047271113
2025-02-13,43,98,715.8776000000001,715.8776,-1.1368683772161603e-13,0.9997,715.6628367200002,715.6628367200001
2025-02-13,43,99,787.3270952777776,787.3270952777776,0.0,0.9636,758.6683890096665,758.6683890096665
2025-02-13,43,100,790.7322744444443,846.5672594444444,55.834985000000074,0.9957,787.3321256643333,870.7244675110834
2025-02-13,43,101,910.0713333333332,910.0713333333333,1.1368683772161603e-13,1.0952,996.7101242666665,996.7101242666668
2025-02-13,43,102,883.386361111111,883.386361111111,0.0,1.1114,981.7956017388888,981.7956017388888
2025-02-13,43,103,974.7187041666665,974.7187041666667,2.2737367544323206e-13,1.1031,1075.2122025662497,1075.2122025662502
2025-02-13,43,104,994.0661666666667,994.0661666666668,1.1368683772161603e-13,1.1083,1101.7235325166669,1101.723532516667
2025-02-13,43,105,1060.3225972839496,1060.3225972839498,2.2737367544323206e-13,1.1083,1175.1555345698014,1175.1555345698018
2025-02-13,43,106,893.4439063888885,893.4439063888886,1.1368683772161603e-13,1.1557,1032.5531226136384,1032.5531226136386
2025-02-13,43,107,0.0,329.05121388038924,329.05121388038924,1.2323,0.0,608.2347162972055
2025-02-13,43,108,0.0,0.0,0.0,1.2588,0.0,0.0
2025-02-13,43,109,0.0,0.0,0.0,1.2699,0.0,0.0
2025-02-13,43,110,732.18625,732.18625,0.0,1.289,943.7880762499999,943.7880762499999
2025-02-13,43,111,725.258075,733.2973333390001,8.039258339000185,1.3005,943.1981265374999,958.8807097423045
2025-02-13,43,112,459.00304432617816,459.00304432617804,-1.1368683772161603e-13,1.2964,595.0515466644573,595.0515466644573
2025-02-13,43,113,0.0,0.0,0.0,1.2781,0.0,0.0
2025-02-13,43,114,0.0,0.0,0.0,1.263,0.0,0.0
2025-02-13,43,115,0.0,0.0,0.0,1.2991,0.0,0.0
2025-02-13,43,116,0.0,0.0,0.0,1.3368,0.0,0.0
2025-02-13,43,117,0.0,0.0,0.0,1.2826,0.0,0.0
2025-02-13,43,118,688.1255083333332,688.1255083333333,1.1368683772161603e-13,1.2799,880.7318381158332,880.7318381158334
2025-02-13,43,119,736.1908333333333,736.1908333333332,-1.1368683772161603e-13,1.3423,988.1889555833334,988.1889555833334
2025-02-13,43,120,0.0,0.0,0.0,1.3321,0.0,0.0
2025-02-13,43,121,0.0,0.0,0.0,1.2693,0.0,0.0
2025-02-13,43,122,0.0,1.1595650933529089e-05,1.1595650933529089e-05,1.2522,0.0,2.1780111148447686e-05
2025-02-13,43,123,0.0,0.0,0.0,1.3218,0.0,0.0
2025-02-13,43,124,742.482925,742.482925,0.0,1.1663,865.9578354275,865.9578354275
2025-02-13,43,125,707.559,707.559,0.0,0.8818,623.9255262,623.9255262
2025-02-13,43,126,702.6645299999999,702.6645299999999,0.0,0.8897,625.160632341,625.160632341
2025-02-13,43,127,708.3057633333333,708.3057633333333,0.0,0.9367,663.4700085143332,663.4700085143332
2025-02-13,43,128,730.3158333333334,730.3158333333334,0.0,0.9369,684.23290425,684.23290425
2025-02-13,43,129,770.0465541666666,770.0465541666666,0.0,1.0153,781.8282664454167,781.8282664454167
2025-02-13,43,130,667.9215908333332,667.9215908333332,0.0,0.8027,536.1406609619165,536.1406609619165
2025-02-13,43,131,1342.8602500000002,1342.8602500000002,0.0,0.4086,548.6926981500001,548.6926981500001
2025-02-13,43,132,551.6618983333334,551.6618983333334,0.0,0.3584,197.7156243626667,197.7156243626667
2025-02-13,43,133,599.1750233333332,599.1750233333332,0.0,0.4285,256.74649749833327,256.74649749833327
2025-02-13,43,134,1381.024833333333,1381.024833333333,0.0,0.4538,626.7090693666664,626.7090693666664
2025-02-13,43,135,1392.8663199999999,1392.8663199999999,0.0,0.4858,676.654458256,676.654458256
2025-02-13,43,136,607.6388591666665,607.6388591666665,0.0,0.4402,267.4826258051666,267.4826258051666
2025-02-13,43,137,1401.5130833333333,1401.5130833333333,0.0,0.376,526.9689193333334,526.9689193333334
2025-02-13,43,138,1403.4761816666664,1403.4761816666664,0.0,0.4462,626.2310722596666,626.2310722596666
2025-02-13,43,139,586.7473216666665,586.7473216666666,1.1368683772161603e-13,0.4705,276.06461484416656,276.0646148441666
2025-02-13,43,140,0.0,0.0,0.0,0.4207,0.0,0.0
2025-02-13,43,141,493.6488571424662,493.6488571424663,5.684341886080802e-14,0.4378,216.11946965697172,216.11946965697175
2025-02-13,43,142,1371.9890083333335,1371.9890083333335,0.0,0.3969,544.5424374075,544.5424374075
2025-02-13,43,143,1235.9150833333333,1235.9150833333333,0.0,0.3026,373.98790421666666,373.98790421666666
2025-02-14,44,0,467.3239358333333,467.3239358333333,0.0,0.3006,140.4775751115,140.4775751115
2025-02-14,44,1,0.0,0.0,0.0,0.3114,0.0,0.0
2025-02-14,44,2,114.31324599563993,114.31324599563993,0.0,0.304,34.751226782674536,34.751226782674536
2025-02-14,44,3,491.7793283333332,491.7793283333332,0.0,0.3303,162.43471214849995,162.43471214849995
2025-02-14,44,4,488.5324816666667,488.5324816666667,0.0,0.3468,169.423064642,169.423064642
2025-02-14,44,5,1311.1510833333332,1311.1510833333332,0.0,0.3307,433.5976632583333,433.5976632583333
2025-02-14,44,6,1362.4843733333332,1362.4843733333332,0.0,0.3071,418.41895105066664,418.41895105066664
2025-02-14,44,7,1346.6382783333333,1346.6382783333333,0.0,0.3106,418.2658492503333,418.2658492503333
2025-02-14,44,8,475.60508333333325,475.60508333333325,0.0,0.3408,162.08621239999997,162.08621239999997
2025-02-14,44,9,0.0,0.0,0.0,0.3636,0.0,0.0
2025-02-14,44,10,538.3345999999999,538.3345999999999,0.0,0.358,192.72378679999997,192.72378679999997
2025-02-14,44,11,1283.3734166666663,1283.3734166666663,0.0,0.3322,426.33664901666657,426.33664901666657
2025-02-14,44,12,1348.5365666666667,1348.5365666666667,0.0,0.3182,429.1043355133333,429.1043355133333
2025-02-14,44,13,1408.8958316666667,1408.8958316666667,0.0,0.3364,473.95255777266664,473.95255777266664
2025-02-14,44,14,1392.36375,1392.36375,0.0,0.3619,503.89644112499997,503.89644112499997
2025-02-14,44,15,1395.9394399999999,1395.9394399999999,0.0,0.3522,491.64987076799997,491.64987076799997
2025-02-14,44,16,571.8013875000001,571.8013875000001,0.0,0.3644,208.36442560500006,208.36442560500006
2025-02-14,44,17,554.7164166666666,554.7164166666666,0.0,0.4032,223.6616592,223.6616592
2025-02-14,44,18,521.4157616666666,521.4157616666666,0.0,0.4127,215.18828483983333,215.18828483983333
2025-02-14,44,19,537.2872316666666,537.2872316666666,0.0,0.406,218.13861605666665,218.13861605666665
2025-02-14,44,20,0.0,0.0,0.0,0.3954,0.0,0.0
2025-02-14,44,21,0.0,0.0,0.0,0.3785,0.0,0.0
2025-02-14,44,22,0.0,0.0,0.0,0.3703,0.0,0.0
2025-02-14,44,23,53.75033500000029,53.75033500000029,0.0,0.3692,19.844623682000105,19.844623682000105
2025-02-14,44,24,554.0391258333333,554.0391258333333,0.0,0.3653,202.39049266691666,202.39049266691666
2025-02-14,44,25,1413.137495,1413.137495,0.0,0.3922,554.232525539,554.232525539
2025-02-14,44,26,1428.8957500000001,1428.8957500000001,0.0,0.4271,610.2813748250001,610.2813748250001
2025-02-14,44,27,1431.3418991666665,1431.3418991666665,0.0,0.4103,587.2795812280833,587.2795812280833
2025-02-14,44,28,603.5659583333331,603.5659583333331,0.0,0.4025,242.9352982291666,242.9352982291666
2025-02-14,44,29,249.1843208333325,249.1843208333325,0.0,0.4089,101.89146878874965,101.89146878874965
2025-02-14,44,30,0.0,0.0,0.0,0.3759,0.0,0.0
2025-02-14,44,31,0.0,0.0,0.0,0.3584,0.0,0.0
2025-02-14,44,32,1400.7428333333332,1400.7428333333332,0.0,0.3769,527.9399738833333,527.9399738833333
2025-02-14,44,33,1479.1076941666665,1479.1076941666665,0.0,0.4211,622.8522500135832,622.8522500135832
2025-02-14,44,34,668.5053891666664,668.5053891666664,0.0,0.5993,400.6352797275832,400.6352797275832
2025-02-14,44,35,0.0,0.0,0.0,0.8214,0.0,0.0
2025-02-14,44,36,0.0,0.0,0.0,0.8561,0.0,0.0
2025-02-14,44,37,0.0,0.0,0.0,0.8185,0.0,0.0
2025-02-14,44,38,0.0,0.0,0.0,0.8016,0.0,0.0
2025-02-14,44,39,0.0,0.0,0.0,0.7957,0.0,0.0
2025-02-14,44,40,0.0,0.0,0.0,0.8203,0.0,0.0
2025-02-14,44,41,0.0,0.0,0.0,0.8344,0.0,0.0
2025-02-14,44,42,0.0,0.0,0.0,0.7688,0.0,0.0
2025-02-14,44,43,0.0,0.0,0.0,0.7123,0.0,0.0
2025-02-14,44,44,606.0812846834074,444.3017749999999,-161.77950968340747,0.6889,417.5293970183993,361.80444490794963
2025-02-14,44,45,1248.5284508333332,881.5348122254945,-366.99363860783865,0.6707,837.3880319739166,714.3167152667778
2025-02-14,44,46,418.69901666666647,0.0005704360297272615,-418.69844623063676,0.8263,345.9709974716665,172.98573441147894
2025-02-14,44,47,0.0,0.0,0.0,1.0418,0.0,0.0
2025-02-14,44,48,0.0,0.0,0.0,1.0035,0.0,0.0
2025-02-14,44,49,0.0,0.0,0.0,0.9216,0.0,0.0
2025-02-14,44,50,0.0,0.0,0.0,0.9096,0.0,0.0
2025-02-14,44,51,0.0,0.0,0.0,0.8803,0.0,0.0
2025-02-14,44,52,0.0,0.0,0.0,0.8637,0.0,0.0
2025-02-14,44,53,0.0,0.0,0.0,0.8741,0.0,0.0
2025-02-14,44,54,0.0,0.0,0.0,0.8819,0.0,0.0
2025-02-14,44,55,0.0,0.0,0.0,0.8719,0.0,0.0
2025-02-14,44,56,0.0,0.0,0.0,0.8477,0.0,0.0
2025-02-14,44,57,0.0,0.0,0.0,0.8237,0.0,0.0
2025-02-14,44,58,0.0,0.0,0.0,0.7985,0.0,0.0
2025-02-14,44,59,0.0,0.0,0.0,0.7879,0.0,0.0
2025-02-14,44,60,0.0,0.0,0.0,0.8049,0.0,0.0
2025-02-14,44,61,0.0,0.0,0.0,0.7738,0.0,0.0
2025-02-14,44,62,31.393116666666515,0.0,-31.393116666666515,0.7399,23.227767021666555,11.613883510833277
2025-02-14,44,63,23.828714166666487,0.0,-23.828714166666487,0.7953,18.950976376749857,9.475488188374928
2025-02-14,44,64,0.0,0.0,0.0,0.6643,0.0,0.0
2025-02-14,44,65,770.4083166666667,649.1856,-121.22271666666666,0.4079,314.24955236833335,289.52617930416665
2025-02-14,44,66,744.6843544444442,637.9586877777779,-106.72566666666637,0.3817,284.24601809144434,263.8774246081111
2025-02-14,44,67,0.0,0.0,0.0,0.4109,0.0,0.0
2025-02-14,44,68,0.0,0.0,0.0,0.4012,0.0,0.0
2025-02-14,44,69,577.1672397610383,577.1672397610383,0.0,0.4305,248.470496717127,248.470496717127
2025-02-14,44,70,738.4453505555554,8.323639166663082,-730.1217113888923,0.3994,294.9350730118888,149.129767247527
2025-02-14,44,71,703.2870333333335,703.2870333333335,0.0,0.3154,221.8167303133334,221.8167303133334
2025-02-14,44,72,616.9320019444446,616.9320019444446,0.0,0.3051,188.22595379325003,188.22595379325003
2025-02-14,44,73,602.6405438888888,602.6405438888888,0.0,0.3531,212.79237604716667,212.79237604716667
2025-02-14,44,74,623.3192583333334,623.3192583333336,1.1368683772161603e-13,0.3607,224.8312564808334,224.83125648083345
2025-02-14,44,75,553.5594719444445,553.5594719444445,0.0,0.2764,153.00383804544444,153.00383804544444
2025-02-14,44,76,0.0,104.8091327458809,104.8091327458809,0.3986,0.0,62.66538046876219
2025-02-14,44,77,0.0,0.0,0.0,0.6704,0.0,0.0
2025-02-14,44,78,0.0,0.0,0.0,0.72,0.0,0.0
2025-02-14,44,79,0.0,0.0,0.0,0.6838,0.0,0.0
2025-02-14,44,80,0.0,0.0,0.0,0.6896,0.0,0.0
2025-02-14,44,81,0.0,0.0,0.0,0.7195,0.0,0.0
2025-02-14,44,82,0.0,0.0,0.0,0.7382,0.0,0.0
2025-02-14,44,83,0.0,0.0,0.0,0.7264,0.0,0.0
2025-02-14,44,84,0.0,0.0,0.0,0.6923,0.0,0.0
2025-02-14,44,85,0.0,0.0,0.0,0.6786,0.0,0.0
2025-02-14,44,86,0.0,0.0,0.0,0.7209,0.0,0.0
2025-02-14,44,87,0.0,0.0,0.0,0.7872,0.0,0.0
2025-02-14,44,88,0.0,0.0,0.0,0.6544,0.0,0.0
2025-02-14,44,89,26.038666666666927,26.038666666666927,0.0,0.4315,11.23568466666678,11.23568466666678
2025-02-14,44,90,0.0,56.87982916666604,56.87982916666604,0.4674,0.0,39.87844822874956
2025-02-14,44,91,0.0,0.0,0.0,0.5598,0.0,0.0
2025-02-14,44,92,492.3362416666661,492.33624166666596,-1.7053025658242404e-13,0.5646,277.9730420449997,277.97304204499966
2025-02-14,44,93,253.081819722222,296.0842880555553,43.0024683333333,0.5463,138.25859811424988,173.49697078999986
2025-02-14,44,94,315.43862861111097,315.43862861111086,-1.1368683772161603e-13,0.5952,187.74907174933324,187.74907174933318
2025-02-14,44,95,0.0,173.93762193538316,173.93762193538316,0.6923,0.0,180.62552349879866
2025-02-14,44,96,699.4608620162428,699.4608620162428,0.0,0.7328,512.5649196855027,512.5649196855027
2025-02-14,44,97,463.07863,516.2802736111108,53.20164361111085,0.722,334.34277086,391.960150890833
2025-02-14,44,98,347.9749100815486,347.97491008154867,5.684341886080802e-14,0.6989,243.19966465599433,243.19966465599438
2025-02-14,44,99,560.3194960205002,560.3214020768869,0.0019060563867014935,0.692,387.7410912461861,387.7430697327155
2025-02-14,44,100,604.461418333333,732.5620002777778,128.1005819444448,0.6704,405.2309348506664,534.0488800540002
2025-02-14,44,101,598.2200166666667,647.9862333333334,49.766216666666764,0.6557,392.2528649283333,441.20042733083335
2025-02-14,44,102,528.0255283333322,528.0255283333322,0.0,0.703,371.2019464183325,371.2019464183325
2025-02-14,44,103,0.0,0.0,0.0,0.7361,0.0,0.0
2025-02-14,44,104,658.6152999999999,658.6152999999998,-1.1368683772161603e-13,0.7216,475.25680048,475.2568004799999
2025-02-14,44,105,1473.1622908333334,1482.0449446387731,8.882653805439759,0.7246,1067.4533959378334,1077.1079523589658
2025-02-14,44,106,626.486495833333,626.4864958333332,1.1368683772161603e-13,0.8884,556.570602898333,556.5706028983332
2025-02-14,44,107,0.0,0.0,0.0,1.1092,0.0,0.0
2025-02-14,44,108,0.0,0.0,0.0,1.1282,0.0,0.0
2025-02-14,44,109,0.0,0.0,0.0,1.1203,0.0,0.0
2025-02-14,44,110,0.0,0.0,0.0,1.1609,0.0,0.0
2025-02-14,44,111,199.65378871506675,199.65378871506675,0.0,1.1509,229.78154543217033,229.78154543217033
2025-02-14,44,112,579.6384391666667,579.6384391666668,1.1368683772161603e-13,1.1354,658.1214838298333,658.1214838298336
2025-02-14,44,113,0.0,0.0,0.0,1.125,0.0,0.0
2025-02-14,44,114,0.0,0.0,0.0,1.0811,0.0,0.0
2025-02-14,44,115,0.0,0.0,0.0,1.0602,0.0,0.0
2025-02-14,44,116,0.0,0.0,0.0,1.0863,0.0,0.0
2025-02-14,44,117,0.0,0.0,0.0,1.1213,0.0,0.0
2025-02-14,44,118,0.0,0.0,0.0,1.1075,0.0,0.0
2025-02-14,44,119,0.0,0.0,0.0,1.0646,0.0,0.0
2025-02-14,44,120,0.0,0.0,0.0,1.0689,0.0,0.0
2025-02-14,44,121,0.0,0.0,0.0,1.0958,0.0,0.0
2025-02-14,44,122,0.0,35.23216278057751,35.23216278057751,1.1316,0.0,59.80307310375227
2025-02-14,44,123,0.0,0.0,0.0,1.1579,0.0,0.0
2025-02-14,44,124,598.3995749999998,608.4452423000812,10.04566730008139,1.0042,600.9128532149998,616.0446418691124
2025-02-14,44,125,574.1693333333333,574.1693333333333,0.0,0.7727,443.66064386666665,443.66064386666665
2025-02-14,44,126,1272.9090475925927,1272.9090475925925,-2.2737367544323206e-13,0.754,959.773421884815,959.7734218848149
2025-02-14,44,127,564.9006091666666,564.9006091666666,0.0,0.7579,428.1381716874167,428.1381716874167
2025-02-14,44,128,0.0,0.0,0.0,0.7451,0.0,0.0
2025-02-14,44,129,569.5142324999998,569.5142324999999,1.1368683772161603e-13,0.8224,468.36850480799984,468.36850480799995
2025-02-14,44,130,534.2543974999999,534.2543974999999,0.0,0.6097,325.7349061557499,325.7349061557499
2025-02-14,44,131,1268.8278333333333,1236.6291666666666,-32.19866666666667,0.2284,289.8002771333333,286.1231894
2025-02-14,44,132,1292.2531583333332,1283.0142266666667,-9.23893166666653,0.2247,290.3692846775,289.33129070474996
2025-02-14,44,133,1314.4730016666665,1314.4730016666674,9.094947017729282e-13,0.35,460.0655505833332,460.0655505833337
2025-02-14,44,134,1306.1277499999999,1306.12775,2.2737367544323206e-13,0.382,498.94080049999997,498.9408005000001
2025-02-14,44,135,1316.9735066666667,1301.445838333333,-15.527668333333622,0.3474,457.516596216,454.8194402265
2025-02-14,44,136,510.8125841666665,510.8125841666664,-1.1368683772161603e-13,0.3372,172.24600338099995,172.24600338099995
2025-02-14,44,137,0.0,0.0,0.0,0.3543,0.0,0.0
2025-02-14,44,138,498.5217749999999,498.5217749999998,-5.684341886080802e-14,0.3303,164.66174228249994,164.66174228249994
2025-02-14,44,139,489.9979299999999,489.99792999999977,-1.1368683772161603e-13,0.3129,153.32035229699997,153.32035229699997
2025-02-14,44,140,500.0677499999998,500.06774999999976,-5.684341886080802e-14,0.3192,159.62162579999995,159.62162579999992
2025-02-14,44,141,491.70402416666656,491.7040241666665,-5.684341886080802e-14,0.3168,155.77183485599997,155.77183485599997
2025-02-14,44,142,1065.8768702508874,1065.8768702508871,-2.2737367544323206e-13,0.3188,339.80154623598287,339.80154623598287
2025-02-14,44,143,1287.415568796297,1227.7452916666666,-59.67027712963045,0.3187,410.29934177537984,400.79088311477324
2025-02-15,45,0,413.0345558333333,413.0345558333333,0.0,0.2962,122.34083543783332,122.34083543783332
2025-02-15,45,1,0.0,0.0,0.0,0.3004,0.0,0.0
2025-02-15,45,2,408.03383333333335,408.03383333333335,0.0,0.3373,137.62981198333333,137.62981198333333
2025-02-15,45,3,428.8738049999999,428.8738049999999,0.0,0.3618,155.16654264899998,155.16654264899998
2025-02-15,45,4,1273.3958241666667,1273.3958241666667,0.0,0.3652,465.0441549856667,465.0441549856667
2025-02-15,45,5,1271.4950833333332,1271.4950833333332,0.0,0.3516,447.0576713,447.0576713
2025-02-15,45,6,1287.3312116666666,1287.3312116666666,0.0,0.3362,432.8007533623333,432.8007533623333
2025-02-15,45,7,1278.0432091666664,1278.0432091666664,0.0,0.3645,465.8467497412499,465.8467497412499
2025-02-15,45,8,1231.8635,1231.8635,0.0,0.3939,485.2310326499999,485.2310326499999
2025-02-15,45,9,464.33539749999994,464.33539749999994,0.0,0.3362,156.1095606395,156.1095606395
2025-02-15,45,10,460.3646208333333,460.3646208333333,0.0,0.296,136.26792776666665,136.26792776666665
2025-02-15,45,11,1227.0511666666664,1227.0511666666664,0.0,0.3149,386.39841238333327,386.39841238333327
2025-02-15,45,12,0.0,0.0,0.0,0.3372,0.0,0.0
2025-02-15,45,13,0.0,0.0,0.0,0.3697,0.0,0.0
2025-02-15,45,14,1317.4601666666665,1317.4601666666665,0.0,0.4066,535.6793037666666,535.6793037666666
2025-02-15,45,15,1305.0838141666666,1305.0838141666666,0.0,0.4144,540.8267325906667,540.8267325906667
2025-02-15,45,16,518.2936816662346,518.2936816662346,0.0,0.3706,192.07963842550654,192.07963842550654
2025-02-15,45,17,518.1980833333334,518.1980833333334,0.0,0.3362,174.2181956166667,174.2181956166667
2025-02-15,45,18,487.64202249999994,487.64202249999994,0.0,0.3982,194.1790533595,194.1790533595
2025-02-15,45,19,485.25903333333315,485.25903333333315,0.0,0.4316,209.43779878666658,209.43779878666658
2025-02-15,45,20,515.1905833333333,515.1905833333333,0.0,0.392,201.95470866666665,201.95470866666665
2025-02-15,45,21,516.7936233333332,516.7936233333332,0.0,0.3571,184.5470028923333,184.5470028923333
2025-02-15,45,22,497.86366333333336,497.86366333333336,0.0,0.355,176.74160048333334,176.74160048333334
2025-02-15,45,23,0.0,0.0,0.0,0.3646,0.0,0.0
2025-02-15,45,24,471.4445174999999,471.4445174999999,0.0,0.3524,166.13704796699997,166.13704796699997
2025-02-15,45,25,506.8207933333333,506.8207933333333,0.0,0.3766,190.86871076933332,190.86871076933332
2025-02-15,45,26,0.0,0.0,0.0,0.4136,0.0,0.0
2025-02-15,45,27,548.3304491666665,548.3304491666665,0.0,0.383,210.01056203083328,210.01056203083328
2025-02-15,45,28,549.2156299999998,549.2156299999998,0.0,0.3851,211.5029391129999,211.5029391129999
2025-02-15,45,29,0.0,0.0,0.0,0.4119,0.0,0.0
2025-02-15,45,30,0.0,0.0,0.0,0.363,0.0,0.0
2025-02-15,45,31,482.96062333333333,482.96062333333333,0.0,0.3795,183.283556555,183.283556555
2025-02-15,45,32,523.5853333333331,523.5853333333331,0.0,0.424,222.00018133333322,222.00018133333322
2025-02-15,45,33,607.4572406093353,607.4572406093353,0.0,0.3499,212.5492884892064,212.5492884892064
2025-02-15,45,34,0.0,0.0,0.0,0.5087,0.0,0.0
2025-02-15,45,35,0.0,0.0,0.0,0.8369,0.0,0.0
2025-02-15,45,36,0.0,0.0,0.0,0.8862,0.0,0.0
2025-02-15,45,37,0.0,0.0,0.0,0.8296,0.0,0.0
2025-02-15,45,38,0.0,0.0,0.0,0.8211,0.0,0.0
2025-02-15,45,39,0.0,0.0,0.0,0.8264,0.0,0.0
2025-02-15,45,40,0.0,35.17425111387229,35.17425111387229,0.7851,0.0,41.4229568242517
2025-02-15,45,41,0.0,0.0,0.0,0.7342,0.0,0.0
2025-02-15,45,42,0.0,0.0,0.0,0.7642,0.0,0.0
2025-02-15,45,43,0.0,0.0,0.0,0.7747,0.0,0.0
2025-02-15,45,44,0.0,0.0,0.0,0.7094,0.0,0.0
2025-02-15,45,45,0.0,288.9937874999997,288.9937874999997,0.6407,0.0,277.73747947687474
2025-02-15,45,46,0.0,0.0,0.0,0.7704,0.0,0.0
2025-02-15,45,47,0.0,0.0,0.0,0.9932,0.0,0.0
2025-02-15,45,48,0.0,0.0,0.0,0.9883,0.0,0.0
2025-02-15,45,49,0.0,0.0,0.0,0.9171,0.0,0.0
2025-02-15,45,50,0.0,0.0,0.0,0.9001,0.0,0.0
2025-02-15,45,51,0.0,0.0,0.0,0.902,0.0,0.0
2025-02-15,45,52,0.0,0.0,0.0,0.9212,0.0,0.0
2025-02-15,45,53,0.0,0.0,0.0,0.9299,0.0,0.0
2025-02-15,45,54,0.0,0.0,0.0,0.8912,0.0,0.0
2025-02-15,45,55,0.0,0.0,0.0,0.8727,0.0,0.0
2025-02-15,45,56,0.0,0.0,0.0,0.8686,0.0,0.0
2025-02-15,45,57,0.0,0.0,0.0,0.8113,0.0,0.0
2025-02-15,45,58,0.0,0.0,0.0,0.785,0.0,0.0
2025-02-15,45,59,0.0,0.0,0.0,0.8171,0.0,0.0
2025-02-15,45,60,0.0,0.0,0.0,0.8417,0.0,0.0
2025-02-15,45,61,0.0,0.0,0.0,0.8068,0.0,0.0
2025-02-15,45,62,0.0,0.0,0.0,0.7675,0.0,0.0
2025-02-15,45,63,0.0,0.0,0.0,0.7924,0.0,0.0
2025-02-15,45,64,0.0,0.0,0.0,0.6142,0.0,0.0
2025-02-15,45,65,42.88744848962176,0.0,-42.88744848962176,0.3324,14.255787877950272,7.127893938975136
2025-02-15,45,66,517.8957511111108,0.0,-517.8957511111108,0.3412,176.70603027911102,88.35301513955551
2025-02-15,45,67,0.0,0.0,0.0,0.4165,0.0,0.0
2025-02-15,45,68,0.0,0.0,0.0,0.4067,0.0,0.0
2025-02-15,45,69,566.5746177777776,0.0,-566.5746177777776,0.381,215.86492937333327,107.93246468666663
2025-02-15,45,70,0.0,0.0,0.0,0.3659,0.0,0.0
2025-02-15,45,71,0.0,0.0,0.0,0.3564,0.0,0.0
2025-02-15,45,72,0.0,0.0,0.0,0.3409,0.0,0.0
2025-02-15,45,73,510.7343391666668,496.9263852777776,-13.807953888889188,0.3487,178.09306406741672,175.6856473068889
2025-02-15,45,74,566.5084583333334,473.8810999999997,-92.62735833333363,0.3518,199.29767564166667,183.0045233108333
2025-02-15,45,75,544.6464450000001,447.78619055555555,-96.86025444444454,0.3118,169.82076155100003,154.72024788311114
2025-02-15,45,76,0.0,0.0,0.0,0.4064,0.0,0.0
2025-02-15,45,77,0.0,0.0,0.0,0.6007,0.0,0.0
2025-02-15,45,78,0.0,0.0,0.0,0.6673,0.0,0.0
2025-02-15,45,79,0.0,0.0,0.0,0.6775,0.0,0.0
2025-02-15,45,80,0.0,0.0,0.0,0.6968,0.0,0.0
2025-02-15,45,81,0.0,0.0,0.0,0.7108,0.0,0.0
2025-02-15,45,82,0.0,0.0,0.0,0.7158,0.0,0.0
2025-02-15,45,83,0.0,0.0,0.0,0.7281,0.0,0.0
2025-02-15,45,84,0.0,0.0,0.0,0.7598,0.0,0.0
2025-02-15,45,85,0.0,0.0,0.0,0.7444,0.0,0.0
2025-02-15,45,86,0.0,0.0,0.0,0.7292,0.0,0.0
2025-02-15,45,87,0.0,0.0,0.0,0.8059,0.0,0.0
2025-02-15,45,88,0.0,0.0,0.0,0.7246,0.0,0.0
2025-02-15,45,89,39.33580000000018,39.33580000000018,0.0,0.5316,20.910911280000093,20.910911280000093
2025-02-15,45,90,107.75351972222245,107.75351972222245,0.0,0.5361,57.766661923083454,57.766661923083454
2025-02-15,45,91,153.5018152777775,153.5018152777775,0.0,0.576,88.41704559999982,88.41704559999982
2025-02-15,45,92,181.3236000000001,181.3236000000001,0.0,0.5719,103.69896684000005,103.69896684000005
2025-02-15,45,93,213.5853863888887,213.5853863888887,0.0,0.6129,130.9064833177499,130.9064833177499
2025-02-15,45,94,233.42708325000137,233.42708325000137,0.0,0.6509,151.9376884874259,151.9376884874259
2025-02-15,45,95,0.0,0.0,0.0,0.6662,0.0,0.0
2025-02-15,45,96,374.67011499999984,374.67011499999984,0.0,0.6919,259.23425256849987,259.23425256849987
2025-02-15,45,97,398.0033050000002,398.0033050000002,0.0,0.7137,284.0549587785001,284.0549587785001
2025-02-15,45,98,355.18676466666477,355.18676466666477,0.0,0.7319,259.9611930595319,259.9611930595319
2025-02-15,45,99,455.45671416666625,455.45671416666636,1.1368683772161603e-13,0.76,346.14710276666636,346.1471027666665
2025-02-15,45,100,480.59271166666645,480.5927116666665,5.684341886080802e-14,0.7585,364.5295717991665,364.52957179916655
2025-02-15,45,101,422.1076166666665,422.1076166666665,0.0,0.7271,306.9144480783332,306.9144480783332
2025-02-15,45,102,375.81685194444447,375.81685194444447,0.0,0.7114,267.3561084732778,267.3561084732778
2025-02-15,45,103,271.81851472222155,271.81851472222155,0.0,0.7269,197.58487835158283,197.58487835158283
2025-02-15,45,104,0.0,0.0,0.0,0.7385,0.0,0.0
2025-02-15,45,105,1294.7991691666668,1294.7991691666668,0.0,0.7252,938.9883574796668,938.9883574796668
2025-02-15,45,106,303.88496396506787,303.88496396506787,0.0,0.8767,266.415947908175,266.415947908175
2025-02-15,45,107,0.0,0.0,0.0,1.1175,0.0,0.0
2025-02-15,45,108,0.0,0.0,0.0,1.1564,0.0,0.0
2025-02-15,45,109,0.0,0.0,0.0,1.11,0.0,0.0
2025-02-15,45,110,0.0,0.0,0.0,1.0812,0.0,0.0
2025-02-15,45,111,0.0,0.0,0.0,1.064,0.0,0.0
2025-02-15,45,112,0.0,0.0,0.0,1.087,0.0,0.0
2025-02-15,45,113,0.0,0.0,0.0,1.1189,0.0,0.0
2025-02-15,45,114,0.0,0.0,0.0,1.0942,0.0,0.0
2025-02-15,45,115,0.0,0.0,0.0,1.0902,0.0,0.0
2025-02-15,45,116,0.0,0.0,0.0,1.1206,0.0,0.0
2025-02-15,45,117,0.0,0.0,0.0,1.1208,0.0,0.0
2025-02-15,45,118,0.0,0.0,0.0,1.1112,0.0,0.0
2025-02-15,45,119,0.0,0.0,0.0,1.1191,0.0,0.0
2025-02-15,45,120,0.0,0.0,0.0,1.1401,0.0,0.0
2025-02-15,45,121,0.0,0.0,0.0,1.1113,0.0,0.0
2025-02-15,45,122,0.0,0.0,0.0,1.0837,0.0,0.0
2025-02-15,45,123,0.0,0.0,0.0,1.141,0.0,0.0
2025-02-15,45,124,0.0,0.0,0.0,1.0091,0.0,0.0
2025-02-15,45,125,462.71791666666655,462.71791666666667,1.1368683772161603e-13,0.7668,354.81209849999993,354.81209850000005
2025-02-15,45,126,1281.2341691666666,1015.4730909788323,-265.7610781878343,0.7823,1002.3094905390833,898.3570448059119
2025-02-15,45,127,463.92142333333334,463.9214233333333,-5.684341886080802e-14,0.8162,378.6526657246667,378.65266572466663
2025-02-15,45,128,258.7868916666665,258.7868916666665,0.0,0.7912,204.75218868666656,204.75218868666656
2025-02-15,45,129,0.0,0.0,0.0,0.8341,0.0,0.0
2025-02-15,45,130,438.11224249999987,438.11224249999987,0.0,0.6339,277.7193505207499,277.7193505207499
2025-02-15,45,131,1181.2521666666667,1181.2521666666667,0.0,0.3002,354.61190043333335,354.61190043333335
2025-02-15,45,132,1250.6972166666667,1250.6971952119864,-2.1454680336319143e-05,0.2937,367.329772535,367.32976938438026
2025-02-15,45,133,458.0031808333332,458.0031808333332,0.0,0.3568,163.4155349213333,163.4155349213333
2025-02-15,45,134,1225.8314166666664,1225.8314166666662,-2.2737367544323206e-13,0.3215,394.1048004583333,394.1048004583333
2025-02-15,45,135,1229.333973151157,1229.333973151157,0.0,0.2846,349.8684487588193,349.8684487588193
2025-02-15,45,136,375.7293051397587,375.72930950793597,4.368177258129435e-06,0.3002,112.79393740295558,112.7939393699458
2025-02-15,45,137,464.9879999999999,464.9879999999999,0.0,0.3412,158.65390559999997,158.65390559999997
2025-02-15,45,138,1242.3325766666665,1242.3325766666665,0.0,0.3422,425.12620773533325,425.12620773533325
2025-02-15,45,139,434.2043724999999,434.2043725,5.684341886080802e-14,0.3473,150.79917856924996,150.79917856925
2025-02-15,45,140,442.70499999999987,442.70501494103473,1.4941034862658853e-05,0.3549,157.11600449999995,157.11601245385987
2025-02-15,45,141,446.24773583333325,446.2477358333333,5.684341886080802e-14,0.3267,145.78913529674998,145.78913529675
2025-02-15,45,142,1269.7342166666667,1269.7342166666667,0.0,0.3662,464.97667014333337,464.97667014333337
2025-02-15,45,143,566.1719583333332,566.1719583333332,0.0,0.4514,255.57002199166664,255.57002199166664
2025-02-16,46,0,1341.2786149999997,1341.2786149999997,0.0,0.4482,601.1610752429998,601.1610752429998
2025-02-16,46,1,502.25746851856576,502.25746851856576,0.0,0.4211,211.50061999316802,211.50061999316802
2025-02-16,46,2,0.0,0.0,0.0,0.4301,0.0,0.0
2025-02-16,46,3,0.0,0.0,0.0,0.4675,0.0,0.0
2025-02-16,46,4,535.6825791666668,535.6825791666668,0.0,0.4785,256.32411413125004,256.32411413125004
2025-02-16,46,5,1374.9654166666667,1374.9654166666667,0.0,0.4493,617.7719617083333,617.7719617083333
2025-02-16,46,6,1408.4387874999998,1408.4387874999998,0.0,0.4166,586.7555988725,586.7555988725
2025-02-16,46,7,1375.9705689229074,1375.9705689229074,0.0,0.4117,566.487083225561,566.487083225561
2025-02-16,46,8,501.1586666666666,501.1586666666666,0.0,0.4256,213.2931285333333,213.2931285333333
2025-02-16,46,9,567.6605516666666,567.6605516666666,0.0,0.4231,240.17717941016662,240.17717941016662
2025-02-16,46,10,1381.5109183333332,1381.5109183333332,0.0,0.4151,573.4651822001666,573.4651822001666
2025-02-16,46,11,1301.8125833333331,1301.8125833333331,0.0,0.4113,535.4355155249999,535.4355155249999
2025-02-16,46,12,0.0,0.0,0.0,0.4121,0.0,0.0
2025-02-16,46,13,0.0,0.0,0.0,0.4325,0.0,0.0
2025-02-16,46,14,1425.6343333333334,1425.6343333333334,0.0,0.4633,660.4963866333334,660.4963866333334
2025-02-16,46,15,584.07237,584.07237,0.0,0.4743,277.02552509099996,277.02552509099996
2025-02-16,46,16,599.4959383333334,599.4959383333334,0.0,0.4652,278.88551051266666,278.88551051266666
2025-02-16,46,17,1427.8796666666667,1427.8796666666667,0.0,0.4528,646.5439130666666,646.5439130666666
2025-02-16,46,18,1380.6316516666666,1380.6316516666666,0.0,0.4548,627.911275178,627.911275178
2025-02-16,46,19,549.7458191666666,549.7458191666666,0.0,0.4578,251.67363601449995,251.67363601449995
2025-02-16,46,20,599.4464166666666,599.4464166666666,0.0,0.4517,270.7699464083333,270.7699464083333
2025-02-16,46,21,82.06178499999874,82.06178499999874,0.0,0.4369,35.85279386649945,35.85279386649945
2025-02-16,46,22,0.0,0.0,0.0,0.4132,0.0,0.0
2025-02-16,46,23,0.0,0.0,0.0,0.411,0.0,0.0
2025-02-16,46,24,0.0,0.0,0.0,0.4616,0.0,0.0
2025-02-16,46,25,1414.0436966666666,1414.0436966666666,0.0,0.4806,679.589400618,679.589400618
2025-02-16,46,26,1425.2602499999998,1425.2602499999998,0.0,0.4542,647.3532055499999,647.3532055499999
2025-02-16,46,27,1450.3840649999997,1450.3840649999997,0.0,0.4514,654.7033669409999,654.7033669409999
2025-02-16,46,28,644.5524324999998,644.5524324999998,0.0,0.4713,303.7775614372499,303.7775614372499
2025-02-16,46,29,0.0,0.0,0.0,0.4907,0.0,0.0
2025-02-16,46,30,604.9430724999999,604.9430724999999,0.0,0.4906,296.7850713684999,296.7850713684999
2025-02-16,46,31,1296.135138333334,1296.135138333334,0.0,0.4815,624.0890691075003,624.0890691075003
2025-02-16,46,32,604.4707499999997,604.4707499999997,0.0,0.4506,272.37451994999986,272.37451994999986
2025-02-16,46,33,660.1843799999999,660.1843799999999,0.0,0.4231,279.324011178,279.324011178
2025-02-16,46,34,704.8891399999998,704.8891399999998,0.0,0.6755,476.15261406999986,476.15261406999986
2025-02-16,46,35,0.0,0.0,0.0,1.0469,0.0,0.0
2025-02-16,46,36,0.0,0.0,0.0,1.0687,0.0,0.0
2025-02-16,46,37,473.3687812150667,473.3687812150667,0.0,1.028,486.6231070890886,486.6231070890886
2025-02-16,46,38,0.0,0.0,0.0,1.0576,0.0,0.0
2025-02-16,46,39,0.0,0.0,0.0,1.0014,0.0,0.0
2025-02-16,46,40,0.0,0.0,0.0,0.9384,0.0,0.0
2025-02-16,46,41,702.7627500000001,702.76275,-1.1368683772161603e-13,0.9391,659.9644985250001,659.9644985250001
2025-02-16,46,42,0.0,545.3018757499976,545.3018757499976,0.9823,0.0,803.475048823834
2025-02-16,46,43,612.5941958333332,612.5941958333331,-1.1368683772161603e-13,0.9688,593.4812569233331,593.481256923333
2025-02-16,46,44,551.0468416666665,551.0468416666664,-1.1368683772161603e-13,0.8784,484.03954571999986,484.0395457199998
2025-02-16,46,45,1297.7484674999998,1247.663750833333,-50.084716666666736,0.8224,1067.268339672,1046.6735041786667
2025-02-16,46,46,0.0,0.0,0.0,1.03,0.0,0.0
2025-02-16,46,47,0.0,0.0,0.0,1.3492,0.0,0.0
2025-02-16,46,48,0.0,0.0,0.0,1.3733,0.0,0.0
2025-02-16,46,49,0.0,0.0,0.0,1.3044,0.0,0.0
2025-02-16,46,50,0.0,0.0,0.0,1.2932,0.0,0.0
2025-02-16,46,51,0.0,0.0,0.0,1.2867,0.0,0.0
2025-02-16,46,52,0.0,0.0,0.0,1.251,0.0,0.0
2025-02-16,46,53,0.0,0.0,0.0,1.1909,0.0,0.0
2025-02-16,46,54,0.0,0.0,0.0,1.1455,0.0,0.0
2025-02-16,46,55,0.0,0.0,0.0,1.1583,0.0,0.0
2025-02-16,46,56,0.0,0.0,0.0,1.1774,0.0,0.0
2025-02-16,46,57,0.0,0.0,0.0,1.1082,0.0,0.0
2025-02-16,46,58,0.0,0.0,0.0,1.0629,0.0,0.0
2025-02-16,46,59,0.0,0.0,0.0,1.0839,0.0,0.0
2025-02-16,46,60,0.0,0.0,0.0,1.1006,0.0,0.0
2025-02-16,46,61,0.0,0.0,0.0,1.0868,0.0,0.0
2025-02-16,46,62,0.0,0.0,0.0,1.0704,0.0,0.0
2025-02-16,46,63,0.0,0.0,0.0,1.0734,0.0,0.0
2025-02-16,46,64,0.0,0.0,0.0,0.9368,0.0,0.0
2025-02-16,46,65,831.8527000000003,0.0,-831.8527000000003,0.7189,598.0189060300002,299.0094530150001
2025-02-16,46,66,814.9182427777776,0.0,-814.9182427777776,0.6584,536.5421710448887,268.27108552244437
2025-02-16,46,67,798.7193055555555,679.4234833333333,-119.29582222222223,0.6674,533.0652645277777,493.2562486522222
2025-02-16,46,68,779.9256916666665,651.3827166666665,-128.54297499999996,0.6616,515.9988376066665,473.47682147666654
2025-02-16,46,69,805.875271111111,668.0851433333335,-137.79012777777757,0.6459,520.5148376106666,476.0155158448334
2025-02-16,46,70,821.268592222222,557.8149105943686,-263.45368162785337,0.6301,517.481339959222,434.4802575623669
2025-02-16,46,71,787.0190166666667,787.0190166666667,0.0,0.6143,483.46578193833335,483.46578193833335
2025-02-16,46,72,725.2476672222222,725.2476672222222,0.0,0.5936,430.5070152631111,430.5070152631111
2025-02-16,46,73,732.9951769444448,732.9951769444448,0.0,0.581,425.8701978047224,425.8701978047224
2025-02-16,46,74,787.7737583333335,731.2941979166665,-56.47956041666703,0.5625,443.1227390625001,427.23786269531246
2025-02-16,46,75,777.2326338888888,713.7397002777777,-63.492933611111084,0.5386,418.6174966125555,401.51884959108327
2025-02-16,46,76,798.4996819444445,734.7001343055556,-63.79954763888895,0.6801,543.0596336904167,521.3645975158126
2025-02-16,46,77,0.0,0.0,0.0,0.9337,0.0,0.0
2025-02-16,46,78,0.0,0.0,0.0,1.0436,0.0,0.0
2025-02-16,46,79,0.0,0.0,0.0,1.0152,0.0,0.0
2025-02-16,46,80,0.0,0.0,0.0,0.9679,0.0,0.0
2025-02-16,46,81,0.0,0.0,0.0,1.0101,0.0,0.0
2025-02-16,46,82,0.0,0.0,0.0,1.0276,0.0,0.0
2025-02-16,46,83,0.0,0.0,0.0,1.0051,0.0,0.0
2025-02-16,46,84,0.0,0.0,0.0,1.0356,0.0,0.0
2025-02-16,46,85,0.0,0.0,0.0,1.0346,0.0,0.0
2025-02-16,46,86,0.0,0.0,0.0,1.021,0.0,0.0
2025-02-16,46,87,0.0,0.0,0.0,1.082,0.0,0.0
2025-02-16,46,88,0.0,0.0,0.0,0.9955,0.0,0.0
2025-02-16,46,89,1209.3729833333332,994.9270499999998,-214.44593333333341,0.795,961.45152175,876.2092632499999
2025-02-16,46,90,1272.1464797222225,1089.1198122222218,-183.0266675000007,0.755,960.470592190278,891.3780252090277
2025-02-16,46,91,468.74870027777746,468.7487002777774,-5.684341886080802e-14,0.7814,366.2802343970553,366.28023439705527
2025-02-16,46,92,603.9293017054827,603.9293017054827,0.0,0.8047,485.9819090824019,485.9819090824019
2025-02-16,46,93,490.6652588888888,490.66525888888884,5.684341886080802e-14,0.8578,420.8926590748888,420.89265907488885
2025-02-16,46,94,523.3251052777777,523.3251052777777,0.0,0.9026,472.3532400237221,472.3532400237221
2025-02-16,46,95,496.18289813889214,496.18289813889214,0.0,0.9266,459.76307341549744,459.76307341549744
2025-02-16,46,96,430.0503335833332,430.0503335833332,0.0,0.951,408.9778672377499,408.9778672377499
2025-02-16,46,97,631.1919386111113,631.1919386111113,0.0,0.9553,602.9776589551946,602.9776589551946
2025-02-16,46,98,626.9558083333336,626.9558083333336,0.0,0.9571,600.0594041558336,600.0594041558336
2025-02-16,46,99,696.261044722222,696.261044722222,0.0,1.0008,696.8180535579997,696.8180535579997
2025-02-16,46,100,662.6282575,662.6282575,0.0,1.044,691.78390083,691.78390083
2025-02-16,46,101,733.5381166666665,733.5381166666665,0.0,1.0629,779.6776642049998,779.6776642049998
2025-02-16,46,102,797.6635227777778,797.6635227777778,0.0,1.0742,856.8501561678889,856.8501561678889
2025-02-16,46,103,728.245168611111,728.245168611111,0.0,1.0934,796.2632673593887,796.2632673593887
2025-02-16,46,104,804.8157666666667,804.8157666666667,0.0,1.1161,898.2548771766668,898.2548771766668
2025-02-16,46,105,837.7920584567897,837.7920584567897,0.0,1.1325,948.7995062023144,948.7995062023144
2025-02-16,46,106,733.4461072222219,733.4461072222219,0.0,1.1824,867.2266771795552,867.2266771795552
2025-02-16,46,107,0.0,613.1405,613.1405,1.2463,0.0,1146.235507725
2025-02-16,46,108,0.0,621.7744589235646,621.7744589235646,1.2593,0.0,1174.5008641836673
2025-02-16,46,109,0.0,651.3024383333334,651.3024383333334,1.2622,0.0,1233.1109064965
2025-02-16,46,110,0.0,649.2763333333334,649.2763333333334,1.2597,0.0,1226.8400956500002
2025-02-16,46,111,644.6156974999999,644.6156975,1.1368683772161603e-13,1.2244,789.2674600189998,789.267460019
2025-02-16,46,112,628.7705508333333,628.7705508333333,0.0,1.2479,784.6427703849167,784.6427703849167
2025-02-16,46,113,0.0,560.151479039671,560.151479039671,1.3279,0.0,1115.7377235251688
2025-02-16,46,114,0.0,0.0,0.0,1.3578,0.0,0.0
2025-02-16,46,115,0.0,0.0,0.0,1.3147,0.0,0.0
2025-02-16,46,116,0.0,556.8442243923557,556.8442243923557,1.2554,0.0,1048.5933589532451
2025-02-16,46,117,0.0,0.0,0.0,1.2642,0.0,0.0
2025-02-16,46,118,0.0,0.0,0.0,1.3067,0.0,0.0
2025-02-16,46,119,525.1130305483994,595.1754999999998,70.06246945160046,1.3339,700.44827144851,840.6327634507448
2025-02-16,46,120,0.0,0.0,0.0,1.3172,0.0,0.0
2025-02-16,46,121,0.0,600.3469566666665,600.3469566666665,1.2505,0.0,1126.1008039674998
2025-02-16,46,122,0.0,600.9673972354584,600.9673972354584,1.2306,0.0,1109.3257185569325
2025-02-16,46,123,0.0,0.0,0.0,1.336,0.0,0.0
2025-02-16,46,124,647.3060283333333,647.3060283333334,1.1368683772161603e-13,1.2032,778.8386132906667,778.8386132906669
2025-02-16,46,125,621.2732499999998,626.65925,5.386000000000195,0.9085,564.4267476249998,571.7665191250001
2025-02-16,46,126,614.9176333333334,639.7376804166663,24.820047083332952,0.8962,551.0891829933333,584.4547722874578
2025-02-16,46,127,658.4230865740743,658.4230865740743,0.0,0.8973,590.8030355829169,590.8030355829169
2025-02-16,46,128,639.6637499999999,653.4911949999994,13.827444999999443,0.8626,551.7739507499999,569.6652818354992
2025-02-16,46,129,606.0448149999999,606.0448149999999,0.0,0.9764,591.7421573659999,591.7421573659999
2025-02-16,46,130,567.1894299999999,593.2377645395237,26.048334539523808,0.7715,437.5866452449999,467.7310803908638
2025-02-16,46,131,1275.3909166666667,1275.3909166666667,0.0,0.355,452.76377541666665,452.76377541666665
2025-02-16,46,132,1323.0666099999999,1323.0666099999999,0.0,0.34,449.8426474,449.8426474
2025-02-16,46,133,516.4869049999999,516.4869049999998,-1.1368683772161603e-13,0.4108,212.17282057399996,212.17282057399993
2025-02-16,46,134,1334.9680833333332,1334.9680833333334,2.2737367544323206e-13,0.3867,516.232157825,516.2321578250001
2025-02-16,46,135,1326.5264083333332,1326.5264083333334,2.2737367544323206e-13,0.4156,551.3043753033332,551.3043753033334
2025-02-16,46,136,493.6058916666666,493.6058916666666,0.0,0.4641,229.08249432249997,229.08249432249997
2025-02-16,46,137,551.6719999999999,551.6719999999999,0.0,0.4604,253.98978879999996,253.98978879999996
2025-02-16,46,138,510.89912833333324,510.8991283333333,5.684341886080802e-14,0.3874,197.92232231633332,197.92232231633335
2025-02-16,46,139,524.0364166666665,524.0364166666664,-1.1368683772161603e-13,0.3928,205.84150446666658,205.84150446666655
2025-02-16,46,140,543.0855,543.0855,0.0,0.4748,257.8569954,257.8569954
2025-02-16,46,141,1335.5251125657037,1335.5251125657037,0.0,0.4868,650.1336247969846,650.1336247969846
2025-02-16,46,142,1351.3700816666665,1351.3700816666662,-2.2737367544323206e-13,0.4628,625.4140737953333,625.4140737953331
2025-02-16,46,143,583.9748749999999,583.9748749999999,0.0,0.432,252.27714599999996,252.27714599999996
2025-02-17,47,0,1399.2171399999997,1399.2171399999997,0.0,0.3871,541.6369548939999,541.6369548939999
2025-02-17,47,1,565.7674216666666,565.7674216666666,0.0,0.3817,215.9534248501666,215.9534248501666
2025-02-17,47,2,545.9515,545.9515,0.0,0.4286,233.9948129,233.9948129
2025-02-17,47,3,564.9788533333333,564.9788533333333,0.0,0.4816,272.0938157653333,272.0938157653333
2025-02-17,47,4,1406.3173033333333,1406.3173033333333,0.0,0.4872,685.157790184,685.157790184
2025-02-17,47,5,1406.57425,1406.57425,0.0,0.4536,638.0220797999999,638.0220797999999
2025-02-17,47,6,622.7853283333333,622.7853283333333,0.0,0.4353,271.09845342349996,271.09845342349996
2025-02-17,47,7,0.0,0.0,0.0,0.4226,0.0,0.0
2025-02-17,47,8,0.0,0.0,0.0,0.4217,0.0,0.0
2025-02-17,47,9,620.2741441666666,620.2741441666666,0.0,0.4526,280.7360776498333,280.7360776498333
2025-02-17,47,10,1439.3187208333334,1439.3187208333334,0.0,0.4634,666.9802952341666,666.9802952341666
2025-02-17,47,11,1364.8556666666664,1364.8556666666664,0.0,0.4468,609.8175118666665,609.8175118666665
2025-02-17,47,12,845.3386294130263,845.3386294130263,0.0,0.4458,376.8519609923271,376.8519609923271
2025-02-17,47,13,1483.4735775,1483.4735775,0.0,0.4509,668.89823609475,668.89823609475
2025-02-17,47,14,1480.2351666666666,1480.2351666666666,0.0,0.4533,670.9906010499999,670.9906010499999
2025-02-17,47,15,1481.1959933333333,1481.1959933333333,0.0,0.4585,679.1283629433333,679.1283629433333
2025-02-17,47,16,664.3788900000001,664.3788900000001,0.0,0.4711,312.98889507900003,312.98889507900003
2025-02-17,47,17,653.76025,653.76025,0.0,0.4708,307.79032570000004,307.79032570000004
2025-02-17,47,18,591.2907898193431,591.2907898193431,0.0,0.4386,259.3401404147639,259.3401404147639
2025-02-17,47,19,591.1287358333333,591.1287358333333,0.0,0.4505,266.3034954929166,266.3034954929166
2025-02-17,47,20,653.7023333333333,653.7023333333333,0.0,0.4863,317.8954447,317.8954447
2025-02-17,47,21,665.1069058333333,665.1069058333333,0.0,0.4529,301.22691765191666,301.22691765191666
2025-02-17,47,22,643.9363383333334,643.9363383333334,0.0,0.4446,286.29409602300007,286.29409602300007
2025-02-17,47,23,0.0,0.0,0.0,0.487,0.0,0.0
2025-02-17,47,24,0.0,0.0,0.0,0.5109,0.0,0.0
2025-02-17,47,25,669.0684324999999,669.0684324999999,0.0,0.5309,355.20843081424994,355.20843081424994
2025-02-17,47,26,1273.0721296296288,1273.0721296296288,0.0,0.546,695.0973827777774,695.0973827777774
2025-02-17,47,27,1529.5295358333333,1529.5295358333333,0.0,0.5242,801.7793826838333,801.7793826838333
2025-02-17,47,28,694.9892683333331,694.9892683333331,0.0,0.4631,321.8495301651666,321.8495301651666
2025-02-17,47,29,0.0,0.0,0.0,0.4312,0.0,0.0
2025-02-17,47,30,605.582991666667,605.582991666667,0.0,0.498,301.58032985000017,301.58032985000017
2025-02-17,47,31,636.3897049999998,636.3897049999998,0.0,0.4963,315.8402105914999,315.8402105914999
2025-02-17,47,32,665.4119166666665,665.4119166666665,0.0,0.4037,268.62679075833324,268.62679075833324
2025-02-17,47,33,1547.7622366666667,1547.7622366666667,0.0,0.4061,628.5462443103333,628.5462443103333
2025-02-17,47,34,789.8357533333331,789.8357533333331,0.0,0.6831,539.5368031019998,539.5368031019998
2025-02-17,47,35,861.8104999999998,198.85648954727588,-662.9540104527239,1.0392,895.5934715999997,551.1225677687644
2025-02-17,47,36,36.40386861111122,36.40386861111122,0.0,1.0672,38.85020858177789,38.85020858177789
2025-02-17,47,37,29.083414166666678,29.083414166666675,-3.552713678800501e-15,0.9863,28.684971392583343,28.68497139258334
2025-02-17,47,38,24.46222499999994,24.462224999999936,-3.552713678800501e-15,0.9831,24.04881339749994,24.048813397499938
2025-02-17,47,39,551.7356698261781,551.7356698261781,0.0,1.0313,569.0049962917375,569.0049962917375
2025-02-17,47,40,775.7668333333332,765.3268611111109,-10.439972222222309,1.0334,801.6774455666666,796.2831119194444
2025-02-17,47,41,0.0,0.0,0.0,0.9575,0.0,0.0
2025-02-17,47,42,744.4378599999998,744.4378599999999,1.1368683772161603e-13,0.8675,645.7998435499999,645.79984355
2025-02-17,47,43,1508.3503299999998,1478.154741111111,-30.19558888888878,0.8753,1320.2590438489997,1307.0439443717776
2025-02-17,47,44,599.6664416666667,599.6664416666667,0.0,0.9035,541.7986300458334,541.7986300458334
2025-02-17,47,45,1355.6462583333332,1307.7830472222222,-47.86321111111101,0.8114,1099.9713740116665,1080.5532692638888
2025-02-17,47,46,584.8843958333333,528.1873736111111,-56.697022222222245,0.9786,572.3678697625,544.6260167891667
2025-02-17,47,47,0.0,0.0,0.0,1.3167,0.0,0.0
2025-02-17,47,48,0.0,0.0,0.0,1.3191,0.0,0.0
2025-02-17,47,49,0.0,0.0,0.0,1.1997,0.0,0.0
2025-02-17,47,50,0.0,0.0,0.0,1.1624,0.0,0.0
2025-02-17,47,51,0.0,0.0,0.0,1.1935,0.0,0.0
2025-02-17,47,52,0.0,0.0,0.0,1.201,0.0,0.0
2025-02-17,47,53,0.0,0.0,0.0,1.1535,0.0,0.0
2025-02-17,47,54,0.0,0.0,0.0,1.0989,0.0,0.0
2025-02-17,47,55,0.0,0.0,0.0,1.0877,0.0,0.0
2025-02-17,47,56,0.0,0.0,0.0,1.0948,0.0,0.0
2025-02-17,47,57,0.0,0.0,0.0,1.0543,0.0,0.0
2025-02-17,47,58,0.0,0.0,0.0,1.0358,0.0,0.0
2025-02-17,47,59,0.0,0.0,0.0,1.0485,0.0,0.0
2025-02-17,47,60,202.16795138888858,72.96002361111073,-129.20792777777785,1.0302,208.273423520833,141.71841992249966
2025-02-17,47,61,195.9194669444446,80.37929771789885,-115.54016922654574,1.013,198.46642001472236,139.94532430147694
2025-02-17,47,62,211.83392499999968,26.595174999999927,-185.23874999999975,1.0402,220.34964878499966,124.0069749099998
2025-02-17,47,63,0.0,0.0,0.0,1.0866,0.0,0.0
2025-02-17,47,64,240.91775361111115,0.0,-240.91775361111115,0.9209,221.86115930047228,110.93057965023614
2025-02-17,47,65,1038.481266666667,769.1962833333337,-269.28498333333323,0.6244,648.4277029066668,564.3569311100001
2025-02-17,47,66,1035.529350555555,763.3049644444443,-272.2243861111108,0.5365,555.5614965730553,482.5373049987498
2025-02-17,47,67,1026.9039069444443,751.7401180555555,-275.1637888888888,0.5773,592.8316254790277,513.4055978162501
2025-02-17,47,68,1007.6286833333331,729.5254916666665,-278.1031916666666,0.6199,624.6290207983332,538.4309365412499
2025-02-17,47,69,1046.7694772222221,765.7268827777777,-281.0425944444444,0.6164,645.2287057597777,558.6113781519999
2025-02-17,47,70,1078.7746736111112,794.7926763888888,-283.9819972222224,0.59,636.4770574305555,552.70236825
2025-02-17,47,71,1060.0577666666668,961.121875,-98.93589166666675,0.5685,602.64284035,574.52031314375
2025-02-17,47,72,1010.9301688888888,886.3490141666671,-124.58115472222175,0.5677,573.9050568782221,538.5426961103195
2025-02-17,47,73,1023.1162927777781,832.7302833333331,-190.386009444445,0.6015,615.4044501058336,558.1458577654167
2025-02-17,47,74,1084.7779583333336,804.3502875000001,-280.4276708333334,0.6108,662.5823769500001,576.9397662775001
2025-02-17,47,75,1107.032668888889,811.1498450000001,-295.8828238888889,0.5419,599.901003270889,519.7315521381945
2025-02-17,47,76,1154.3375202777777,849.7063025,-304.6312177777777,0.6357,733.8123616405833,636.9853290699167
2025-02-17,47,77,0.0,0.0,0.0,0.8671,0.0,0.0
2025-02-17,47,78,284.42606250000006,0.0,-284.42606250000006,0.9543,271.42779144375004,135.71389572187502
2025-02-17,47,79,241.93127916666663,20.5127247222224,-221.41855444444423,0.9477,229.27827326624995,124.35909124275007
2025-02-17,47,80,267.9801,0.0,-267.9801,0.9333,250.10582733,125.052913665
2025-02-17,47,81,0.0,0.0,0.0,0.9379,0.0,0.0
2025-02-17,47,82,0.0,0.0,0.0,0.9535,0.0,0.0
2025-02-17,47,83,0.0,0.0,0.0,0.9768,0.0,0.0
2025-02-17,47,84,0.0,0.0,0.0,1.0094,0.0,0.0
2025-02-17,47,85,0.0,0.0,0.0,1.023,0.0,0.0
2025-02-17,47,86,0.0,0.0,0.0,1.039,0.0,0.0
2025-02-17,47,87,0.0,0.0,0.0,1.0779,0.0,0.0
2025-02-17,47,88,0.0,0.0,0.0,0.9464,0.0,0.0
2025-02-17,47,89,1248.6409666666666,1205.2915833333332,-43.349383333333435,0.7486,934.7326276466666,918.5069534649999
2025-02-17,47,90,1302.1431080555558,1283.3016877777773,-18.841420277778525,0.7966,1037.2871998770556,1029.7826621804165
2025-02-17,47,91,826.1317720758509,511.64730638888886,-314.48446568696204,0.8408,694.6115939613754,562.4023245865766
2025-02-17,47,92,1334.1844583333336,609.2047317584497,-724.9797265748839,0.8124,1083.8914539500001,789.4046890152824
2025-02-17,47,93,517.4077055555555,517.4077055555554,-1.1368683772161603e-13,0.8877,459.30282022166665,459.3028202216666
2025-02-17,47,94,535.4583616352107,535.4583616352107,0.0,0.9299,497.9227304845824,497.9227304845824
2025-02-17,47,95,506.83643333333333,506.8364333333333,-5.684341886080802e-14,0.8865,449.31049815,449.31049814999994
2025-02-17,47,96,439.5902119166678,439.5902119166678,0.0,0.8545,375.6298360827926,375.6298360827926
2025-02-17,47,97,665.6391025,665.6391025,0.0,0.8614,573.3815228935001,573.3815228935001
2025-02-17,47,98,723.8317750000002,723.8317750000001,-1.1368683772161603e-13,0.9083,657.4564012325002,657.4564012325001
2025-02-17,47,99,803.4975888888889,803.4975888888889,0.0,0.9829,789.757780118889,789.757780118889
2025-02-17,47,100,894.6064844444442,894.6064844444442,0.0,1.0487,938.1738202368886,938.1738202368886
2025-02-17,47,101,926.3469333333333,926.3469333333333,0.0,1.0812,1001.5663043199999,1001.5663043199999
2025-02-17,47,102,982.5005588888889,982.5005588888891,2.2737367544323206e-13,1.0823,1063.3603548854446,1063.360354885445
2025-02-17,47,103,912.7147329444429,912.7147329444431,2.2737367544323206e-13,1.0852,990.4780281913094,990.4780281913097
2025-02-17,47,104,996.4677999999999,996.4677999999997,-2.2737367544323206e-13,1.0887,1084.8544938599998,1084.8544938599998
2025-02-17,47,105,1038.6430099999998,1038.6430099999998,0.0,1.0772,1118.8262503719998,1118.8262503719998
2025-02-17,47,106,907.6330577777776,907.6330577777776,0.0,1.1397,1034.429395949333,1034.429395949333
2025-02-17,47,107,707.3869166666667,707.3869166666667,0.0,1.2466,881.8285303166666,881.8285303166666
2025-02-17,47,108,674.5242633333336,674.5242633333337,1.1368683772161603e-13,1.2701,856.713266859667,856.7132668596672
2025-02-17,47,109,703.4042283333334,703.4042283333334,0.0,1.2649,889.7360084188334,889.7360084188334
2025-02-17,47,110,0.0,308.61266362464477,308.61266362464477,1.2742,0.0,589.8513839857835
2025-02-17,47,111,0.0,0.0,0.0,1.2847,0.0,0.0
2025-02-17,47,112,541.7499979576371,541.749997957637,-1.1368683772161603e-13,1.2908,699.2908973637179,699.2908973637179
2025-02-17,47,113,710.4338333333335,710.4338333333337,2.2737367544323206e-13,1.287,914.3283435000002,914.3283435000006
2025-02-17,47,114,0.0,0.0,0.0,1.2754,0.0,0.0
2025-02-17,47,115,0.0,0.0,0.0,1.2982,0.0,0.0
2025-02-17,47,116,0.0,0.0,0.0,1.3221,0.0,0.0
2025-02-17,47,117,0.0,0.0,0.0,1.2692,0.0,0.0
2025-02-17,47,118,0.0,0.0,0.0,1.2206,0.0,0.0
2025-02-17,47,119,0.0,0.0,0.0,1.2346,0.0,0.0
2025-02-17,47,120,0.0,0.0,0.0,1.2888,0.0,0.0
2025-02-17,47,121,0.0,0.0,0.0,1.2998,0.0,0.0
2025-02-17,47,122,0.0,0.0,0.0,1.285,0.0,0.0
2025-02-17,47,123,0.0,0.0,0.0,1.3047,0.0,0.0
2025-02-17,47,124,734.2367308333334,734.2367308333334,0.0,1.1435,839.5997017079167,839.5997017079167
2025-02-17,47,125,708.3801666666667,708.3801666666668,1.1368683772161603e-13,0.9124,646.3260640666667,646.3260640666668
2025-02-17,47,126,741.4943007407408,741.4943007407408,0.0,0.9518,705.754275445037,705.754275445037
2025-02-17,47,127,704.0838116666666,726.5254294444442,22.441617777777537,0.9541,671.7663647111666,703.883685993833
2025-02-17,47,128,724.4658333333333,724.4658333333334,1.1368683772161603e-13,0.8971,649.9182990833333,649.9182990833334
2025-02-17,47,129,714.160710833333,714.160710833333,0.0,1.0199,728.3725089789164,728.3725089789164
2025-02-17,47,130,668.9782483333332,684.3188241666667,15.340575833333446,0.8342,558.0616547596666,577.2573172999167
2025-02-17,47,131,545.5113333333333,573.0663055555556,27.554972222222318,0.4129,225.24162953333328,242.30780157916666
2025-02-17,47,132,1379.9296774999998,1379.9296775,2.2737367544323206e-13,0.3597,496.36070499675,496.3607049967501
2025-02-17,47,133,1394.5469316666665,1393.6187099999997,-0.9282216666667864,0.422,588.4988051633333,588.3029503916666
2025-02-17,47,134,1371.3718333333331,1371.3718333333334,2.2737367544323206e-13,0.4085,560.2053939166666,560.2053939166667
2025-02-17,47,135,1377.8822508333333,1377.88209253611,-0.00015829722337912244,0.3998,550.8773238831666,550.8772922395517
2025-02-17,47,136,581.7289009076206,581.7289009076208,1.1368683772161603e-13,0.4263,247.99103045691868,247.99103045691876
2025-02-17,47,137,608.9641666666665,608.9641666666665,0.0,0.4603,280.3062059166666,280.3062059166666
2025-02-17,47,138,586.5465591666666,586.5465591666666,0.0,0.4511,264.5911528400833,264.5911528400833
2025-02-17,47,139,577.6575658333333,577.6575658333333,0.0,0.4258,245.9665915318333,245.9665915318333
2025-02-17,47,140,1422.1348761951203,1422.1348761951201,-2.2737367544323206e-13,0.4114,585.0662880666725,585.0662880666724
2025-02-17,47,141,1420.409823333333,1420.409823333333,0.0,0.4172,592.5949782946665,592.5949782946665
2025-02-17,47,142,592.7704675,592.7701334152074,-0.00033408479259833257,0.4568,270.77754955399996,270.77747324903333
2025-02-17,47,143,496.2804583333333,496.28045833333334,5.684341886080802e-14,0.4907,243.52482090416666,243.5248209041667
2025-02-18,48,0,1394.1396133333333,1394.1396133333333,0.0,0.4538,632.6605565306667,632.6605565306667
2025-02-18,48,1,1400.6316275,1400.6316275,0.0,0.3978,557.1712614195,557.1712614195
2025-02-18,48,2,0.0,0.0,0.0,0.3707,0.0,0.0
2025-02-18,48,3,0.0,0.0,0.0,0.3809,0.0,0.0
2025-02-18,48,4,566.8730866666667,566.8730866666667,0.0,0.4121,233.60839901533336,233.60839901533336
2025-02-18,48,5,568.0429166666667,568.0429166666667,0.0,0.4314,245.05371424999998,245.05371424999998
2025-02-18,48,6,1446.3657758333334,1446.3657758333334,0.0,0.4168,602.8452553673334,602.8452553673334
2025-02-18,48,7,1421.4895508333332,1421.4895508333332,0.0,0.4305,611.95125163375,611.95125163375
2025-02-18,48,8,547.6879166666665,547.6879166666665,0.0,0.4729,259.0016157916666,259.0016157916666
2025-02-18,48,9,0.0,0.0,0.0,0.4781,0.0,0.0
2025-02-18,48,10,624.1627175,624.1627175,0.0,0.4496,280.62355778799997,280.62355778799997
2025-02-18,48,11,1374.139333333333,1374.139333333333,0.0,0.4155,570.9548929999999,570.9548929999999
2025-02-18,48,12,609.2139783333333,609.2139783333333,0.0,0.3993,243.2591415485,243.2591415485
2025-02-18,48,13,669.3059725000002,669.3059725000002,0.0,0.3849,257.61586881525005,257.61586881525005
2025-02-18,48,14,1482.1099166666668,1482.1099166666668,0.0,0.3933,582.913830225,582.913830225
2025-02-18,48,15,1478.4726375,1478.4726375,0.0,0.459,678.6189406125001,678.6189406125001
2025-02-18,48,16,661.5060025,661.5060025,0.0,0.4865,321.82267021625,321.82267021625
2025-02-18,48,17,1487.8845833333332,1487.8845833333332,0.0,0.4601,684.5756967916666,684.5756967916666
2025-02-18,48,18,1058.3969312580812,1058.3969312580812,0.0,0.4534,479.87716863241405,479.87716863241405
2025-02-18,48,19,609.6434758333331,609.6434758333331,0.0,0.4479,273.05931282574994,273.05931282574994
2025-02-18,48,20,657.4768333333332,657.4768333333332,0.0,0.4398,289.1583112999999,289.1583112999999
2025-02-18,48,21,0.0,0.0,0.0,0.4545,0.0,0.0
2025-02-18,48,22,0.0,0.0,0.0,0.4764,0.0,0.0
2025-02-18,48,23,615.6507499999999,615.6507499999999,0.0,0.4801,295.573925075,295.573925075
2025-02-18,48,24,611.2494341666667,611.2494341666667,0.0,0.457,279.3409914141667,279.3409914141667
2025-02-18,48,25,655.4136224999999,655.4136224999999,0.0,0.463,303.45650721749996,303.45650721749996
2025-02-18,48,26,710.8992499999999,710.8992499999999,0.0,0.497,353.31692725,353.31692725
2025-02-18,48,27,693.8611391666665,693.8611391666665,0.0,0.5008,347.4856584946666,347.4856584946666
2025-02-18,48,28,676.4851199999998,676.4851199999998,0.0,0.4823,326.2687733759999,326.2687733759999
2025-02-18,48,29,672.4028333333332,672.4028333333332,0.0,0.442,297.20205233333326,297.20205233333326
2025-02-18,48,30,644.9362841666666,644.9362841666666,0.0,0.3882,250.36426551349996,250.36426551349996
2025-02-18,48,31,633.3271991666668,633.3271991666668,0.0,0.447,283.09725802750006,283.09725802750006
2025-02-18,48,32,1490.312,1490.312,0.0,0.5123,763.4868376,763.4868376
2025-02-18,48,33,1315.8154391666667,1315.8154391666667,0.0,0.3951,519.87868001475,519.87868001475
2025-02-18,48,34,771.5545566666664,771.5545566666664,0.0,0.5887,454.2141675096665,454.2141675096665
2025-02-18,48,35,837.4047499999998,837.4047499999998,0.0,1.0015,838.6608571249999,838.6608571249999
2025-02-18,48,36,41.75688944444445,41.75688944444445,0.0,1.0192,42.55862172177778,42.55862172177778
2025-02-18,48,37,24.307316666666786,25.169916666666758,0.8625999999999721,0.9545,23.201333758333448,24.436361308333407
2025-02-18,48,38,0.0,0.0,0.0,1.0043,0.0,0.0
2025-02-18,48,39,2.837931944444364,359.4772827696796,356.6393508252353,1.0314,2.927043007499917,554.6837826692215
2025-02-18,48,40,373.64834260395565,791.6662375,418.0178948960443,0.988,369.16456249270817,988.6670827286459
2025-02-18,48,41,778.7590000000001,781.3468,2.587799999999902,0.9154,712.8759886000001,716.42929678
2025-02-18,48,42,731.0623980555554,731.7628369444442,0.7004388888888116,0.8953,654.5201649791387,655.460819384972
2025-02-18,48,43,668.7128069444443,668.7128069444443,0.0,0.9144,611.4709906699999,611.4709906699999
2025-02-18,48,44,1423.224325,1420.1500416666668,-3.074283333333142,0.8899,1266.5273268175,1265.1594244483333
2025-02-18,48,45,1333.3670863888888,1328.4054419444442,-4.961644444444573,0.7962,1061.6268741828333,1059.6516435295
2025-02-18,48,46,0.0,0.0,0.0,0.9896,0.0,0.0
2025-02-18,48,47,0.0,0.0,0.0,1.3471,0.0,0.0
2025-02-18,48,48,0.0,0.0,0.0,1.3605,0.0,0.0
2025-02-18,48,49,0.0,0.0,0.0,1.2685,0.0,0.0
2025-02-18,48,50,0.0,0.0,0.0,1.2676,0.0,0.0
2025-02-18,48,51,0.0,0.0,0.0,1.2994,0.0,0.0
2025-02-18,48,52,0.0,0.0,0.0,1.2411,0.0,0.0
2025-02-18,48,53,0.0,0.0,0.0,1.1441,0.0,0.0
2025-02-18,48,54,0.0,0.0,0.0,1.1713,0.0,0.0
2025-02-18,48,55,0.0,0.0,0.0,1.1846,0.0,0.0
2025-02-18,48,56,0.0,0.0,0.0,1.1106,0.0,0.0
2025-02-18,48,57,0.0,0.0,0.0,1.0197,0.0,0.0
2025-02-18,48,58,0.0,0.0,0.0,0.9844,0.0,0.0
2025-02-18,48,59,0.0,0.0,0.0,0.9956,0.0,0.0
2025-02-18,48,60,0.0,0.0,0.0,0.9912,0.0,0.0
2025-02-18,48,61,62.34861500000011,62.3486150000001,-7.105427357601002e-15,1.0164,63.37113228600011,63.37113228600011
2025-02-18,48,62,0.0,68.74848333333307,68.74848333333307,1.0603,0.0,109.34102531749959
2025-02-18,48,63,70.79141583333353,70.79141583333353,0.0,1.0328,73.11337427266686,73.11337427266686
2025-02-18,48,64,30.834986666666964,94.17503944444456,63.3400527777776,0.8694,26.807937408000257,109.40970023550003
2025-02-18,48,65,787.512566666667,787.5125666666669,-1.1368683772161603e-13,0.6639,522.8295930100003,522.8295930100002
2025-02-18,48,66,752.9132555555555,752.9132555555555,0.0,0.5962,448.8868829622221,448.8868829622221
2025-02-18,48,67,724.1699836111111,724.1699836111111,0.0,0.5902,427.40512432727775,427.40512432727775
2025-02-18,48,68,656.1115758721463,656.1115758721464,1.1368683772161603e-13,0.5835,382.84110452139737,382.8411045213975
2025-02-18,48,69,680.5917022222222,680.5917022222221,-1.1368683772161603e-13,0.5828,396.6488440551111,396.6488440551111
2025-02-18,48,70,662.3687644444442,662.3687644444441,-1.1368683772161603e-13,0.5596,370.66156058311094,370.66156058311094
2025-02-18,48,71,595.42145,657.4167500000001,61.99530000000004,0.5372,319.86040294000003,369.8162156800001
2025-02-18,48,72,562.0985574999997,694.5885877777773,132.49003027777758,0.5676,319.04714123699983,431.84915301549967
2025-02-18,48,73,601.7796225000006,642.7872587202907,41.00763622029001,0.5738,345.3011473905004,380.596419885304
2025-02-18,48,74,680.2312333333336,680.2312333333335,-1.1368683772161603e-13,0.5298,360.3865074200002,360.3865074200002
2025-02-18,48,75,688.9110583333334,716.4542702777778,27.543211944444465,0.5198,358.0959681216667,379.57141047475005
2025-02-18,48,76,731.1366216666668,731.1366216666669,1.1368683772161603e-13,0.7176,524.6636397080001,524.6636397080002
2025-02-18,48,77,0.0,0.0,0.0,0.9764,0.0,0.0
2025-02-18,48,78,0.0,0.0,0.0,0.9581,0.0,0.0
2025-02-18,48,79,0.0,0.0,0.0,0.9127,0.0,0.0
2025-02-18,48,80,0.0,0.0,0.0,0.9551,0.0,0.0
2025-02-18,48,81,0.0,0.0,0.0,0.9612,0.0,0.0
2025-02-18,48,82,0.0,0.0,0.0,0.9889,0.0,0.0
2025-02-18,48,83,0.0,0.0,0.0,1.0328,0.0,0.0
2025-02-18,48,84,0.0,0.0,0.0,1.0139,0.0,0.0
2025-02-18,48,85,0.0,0.0,0.0,1.0052,0.0,0.0
2025-02-18,48,86,0.0,0.0,0.0,1.0434,0.0,0.0
2025-02-18,48,87,0.0,0.0,0.0,1.0746,0.0,0.0
2025-02-18,48,88,0.0,0.0,0.0,0.9918,0.0,0.0
2025-02-18,48,89,419.22281018518237,419.2228101851823,-5.684341886080802e-14,0.853,357.59705708796054,357.5970570879605
2025-02-18,48,90,376.4436947222225,376.4436947222225,0.0,0.829,312.0718229247224,312.0718229247224
2025-02-18,48,91,413.7638411111109,413.7638411111109,0.0,0.8361,345.9479475529998,345.9479475529998
2025-02-18,48,92,1271.5875833333334,1271.5875833333337,2.2737367544323206e-13,0.8274,1052.11156645,1052.1115664500003
2025-02-18,48,93,511.63177638888874,511.63177638888857,-1.7053025658242404e-13,0.8394,429.4637131008332,429.46371310083316
2025-02-18,48,94,563.4057994444444,563.4057994444445,1.1368683772161603e-13,0.8338,469.7677555767777,469.76775557677786
2025-02-18,48,95,456.69642208333266,456.69642208333295,2.8421709430404007e-13,0.8431,385.04075345845774,385.0407534584581
2025-02-18,48,96,660.6515894444442,660.6515894444442,0.0,0.9355,618.0395619252776,618.0395619252776
2025-02-18,48,97,661.6592636111111,661.6592636111111,0.0,0.9696,641.5448219973333,641.5448219973333
2025-02-18,48,98,662.1290366198145,662.1290366198145,0.0,0.9327,617.567752455301,617.567752455301
2025-02-18,48,99,814.8126771816877,814.8126771816877,0.0,0.9543,777.5757378344846,777.5757378344846
2025-02-18,48,100,809.7619669444443,809.7619669444443,0.0,1.0052,813.9727291725555,813.9727291725555
2025-02-18,48,101,921.5572499999998,921.5572499999998,0.0,1.042,960.2626544999998,960.2626544999998
2025-02-18,48,102,989.1032663888886,989.1032663888885,-1.1368683772161603e-13,1.055,1043.5039460402775,1043.5039460402772
2025-02-18,48,103,919.4247971111096,919.4247971111096,0.0,1.0578,972.5675503841318,972.5675503841318
2025-02-18,48,104,988.9960000000001,988.9960000000001,0.0,1.0746,1062.7751016000002,1062.7751016000002
2025-02-18,48,105,1022.7671474999999,1022.7671475,1.1368683772161603e-13,1.1236,1149.1811669309998,1149.181166931
2025-02-18,48,106,888.2545777341793,888.2545777341792,-1.1368683772161603e-13,1.1784,1046.7191944019569,1046.7191944019567
2025-02-18,48,107,0.0,686.8113333333333,686.8113333333333,1.2276,0.0,1264.6943892000002
2025-02-18,48,108,527.7905194694742,608.0129495277761,80.22243005830182,1.2731,671.9301103365876,825.1268738974237
2025-02-18,48,109,706.0522908333334,706.0522908333336,2.2737367544323206e-13,1.269,895.9803570675,895.9803570675004
2025-02-18,48,110,0.0,0.0,0.0,1.2379,0.0,0.0
2025-02-18,48,111,0.0,0.0,0.0,1.2566,0.0,0.0
2025-02-18,48,112,729.8597408333333,729.8597408333331,-1.1368683772161603e-13,1.2961,945.9712100940833,945.9712100940832
2025-02-18,48,113,0.0,520.1224248689672,520.1224248689672,1.3093,0.0,1021.494436321408
2025-02-18,48,114,0.0,0.0,0.0,1.2802,0.0,0.0
2025-02-18,48,115,0.0,0.0,0.0,1.2801,0.0,0.0
2025-02-18,48,116,0.0,0.0,0.0,1.3064,0.0,0.0
2025-02-18,48,117,707.0953816666666,707.0953816666666,0.0,1.2878,910.5974325103333,910.5974325103333
2025-02-18,48,118,703.4510966666666,703.4510966666666,0.0,1.257,884.2380285099998,884.2380285099998
2025-02-18,48,119,0.0,0.0,0.0,1.2639,0.0,0.0
2025-02-18,48,120,0.0,0.0,0.0,1.3146,0.0,0.0
2025-02-18,48,121,0.0,0.0,0.0,1.2933,0.0,0.0
2025-02-18,48,122,0.0,0.0,0.0,1.2528,0.0,0.0
2025-02-18,48,123,0.0,0.0,0.0,1.3234,0.0,0.0
2025-02-18,48,124,733.5465483333334,733.5465483333334,0.0,1.1722,859.8632639563333,859.8632639563333
2025-02-18,48,125,712.0129999999999,721.0204502777777,9.00745027777782,0.8939,636.4684206999999,648.5460604049583
2025-02-18,48,126,697.7749349999999,718.7846188888889,21.009683888888958,0.9311,649.6982419784999,679.0414169819167
2025-02-18,48,127,701.3491833333333,711.6877533333333,10.338570000000004,0.9579,671.8223827149999,686.6773570194999
2025-02-18,48,128,732.2858333333332,732.285833333333,-2.2737367544323206e-13,0.8985,657.9588212499999,657.9588212499998
2025-02-18,48,129,768.8074533333333,768.8074533333335,1.1368683772161603e-13,0.9689,744.8975415346666,744.8975415346667
2025-02-18,48,130,653.0594841666666,654.3596962499998,1.3002120833332356,0.7845,512.3251653287499,513.8551898978122
2025-02-18,48,131,515.7635833333333,543.3185555555556,27.554972222222318,0.4324,223.0161734333333,240.8883284166667
2025-02-18,48,132,1370.7178616666665,1370.7178616666658,-6.821210263296962e-13,0.4218,578.168794051,578.1687940509997
2025-02-18,48,133,600.2591433333332,600.2591433333332,0.0,0.4573,274.49850624633325,274.49850624633325
2025-02-18,48,134,1383.9916666666663,1383.9811608306163,-0.010505836050015205,0.397,549.4446916666666,549.4426062582107
2025-02-18,48,135,1376.1050666666665,1376.1050666666663,-2.2737367544323206e-13,0.4117,566.5424559466666,566.5424559466666
2025-02-18,48,136,592.6618808333332,592.6618808333332,0.0,0.4752,281.6329257719999,281.6329257719999
2025-02-18,48,137,598.2995304360737,598.2995304360737,0.0,0.4945,295.85911780063844,295.85911780063844
2025-02-18,48,138,568.5101525,568.5101525,0.0,0.4145,235.64745821124998,235.64745821124998
2025-02-18,48,139,587.3853058333332,587.3853058333332,0.0,0.3777,221.85543001324993,221.85543001324993
2025-02-18,48,140,610.4855833333334,610.4855833333334,0.0,0.4062,247.97924395,247.97924395
2025-02-18,48,141,1417.5918366666665,1417.5918366666665,0.0,0.3913,554.7036856876666,554.7036856876666
2025-02-18,48,142,1396.7828399999999,1396.7828399999999,0.0,0.3776,527.4252003839999,527.4252003839999
2025-02-18,48,143,1307.6552949025008,1307.6552949025008,0.0,0.3882,507.6317854811508,507.6317854811508
2025-02-19,49,0,1384.8259749999997,1384.8259749999997,0.0,0.395,547.0062601249999,547.0062601249999
2025-02-19,49,1,564.3362083333332,564.3362083333332,0.0,0.4103,231.54714627916658,231.54714627916658
2025-02-19,49,2,0.0,0.0,0.0,0.4147,0.0,0.0
2025-02-19,49,3,0.0,0.0,0.0,0.3805,0.0,0.0
2025-02-19,49,4,566.7559925,566.7559925,0.0,0.4089,231.74652533325002,231.74652533325002
2025-02-19,49,5,1413.0996666666665,1413.0996666666665,0.0,0.4735,669.1026921666665,669.1026921666665
2025-02-19,49,6,1457.9263416666668,1457.9263416666668,0.0,0.4454,649.3603925783334,649.3603925783334
2025-02-19,49,7,1434.295745833333,1434.295745833333,0.0,0.4225,605.9899526145832,605.9899526145832
2025-02-19,49,8,555.0425833333334,555.0425833333334,0.0,0.4377,242.942138725,242.942138725
2025-02-19,49,9,0.0,0.0,0.0,0.4307,0.0,0.0
2025-02-19,49,10,601.282190620319,601.282190620319,0.0,0.458,275.38724330410616,275.38724330410616
2025-02-19,49,11,1358.5209999999997,1358.5209999999997,0.0,0.5023,682.3850982999999,682.3850982999999
2025-02-19,49,12,935.959552218687,935.959552218687,0.0,0.4817,450.85171630374157,450.85171630374157
2025-02-19,49,13,1477.4419925,1477.4419925,0.0,0.4704,694.9887132719999,694.9887132719999
2025-02-19,49,14,1462.8138333333332,1462.8138333333332,0.0,0.4791,700.83410755,700.83410755
2025-02-19,49,15,1477.8218674999998,1477.8218674999998,0.0,0.4505,665.75875130875,665.75875130875
2025-02-19,49,16,0.0,0.0,0.0,0.4634,0.0,0.0
2025-02-19,49,17,629.3868333333332,629.3868333333332,0.0,0.4896,308.14779359999994,308.14779359999994
2025-02-19,49,18,591.2551291666667,591.2551291666667,0.0,0.4234,250.3374216891667,250.3374216891667
2025-02-19,49,19,609.5947649999999,609.5947649999999,0.0,0.41,249.93385364999995,249.93385364999995
2025-02-19,49,20,1389.719702777778,1389.719702777778,0.0,0.4729,657.1984474436111,657.1984474436111
2025-02-19,49,21,657.9813858333332,657.9813858333332,0.0,0.4802,315.9626614771666,315.9626614771666
2025-02-19,49,22,0.0,0.0,0.0,0.4218,0.0,0.0
2025-02-19,49,23,0.0,0.0,0.0,0.3789,0.0,0.0
2025-02-19,49,24,0.0,0.0,0.0,0.4374,0.0,0.0
2025-02-19,49,25,663.0044308333332,663.0044308333332,0.0,0.4764,315.8553108489999,315.8553108489999
2025-02-19,49,26,1537.9371666666666,1537.9371666666666,0.0,0.4846,745.2843509666666,745.2843509666666
2025-02-19,49,27,1536.2492933333333,1536.2492933333333,0.0,0.5558,853.8473572346666,853.8473572346666
2025-02-19,49,28,699.9551183333332,699.9551183333332,0.0,0.5632,394.21472264533327,394.21472264533327
2025-02-19,49,29,693.4872499999999,693.4872499999999,0.0,0.4835,335.30108537499996,335.30108537499996
2025-02-19,49,30,648.4087549999998,648.4087549999998,0.0,0.4332,280.8906726659999,280.8906726659999
2025-02-19,49,31,1102.3615430555556,1102.3615430555556,0.0,0.4417,486.9130935676389,486.9130935676389
2025-02-19,49,32,672.1085833333332,672.1085833333332,0.0,0.4348,292.2328120333333,292.2328120333333
2025-02-19,49,33,714.9084124999999,714.9084124999999,0.0,0.3736,267.08978291,267.08978291
2025-02-19,49,34,768.3066949999996,768.3066949999996,0.0,0.6475,497.47858501249976,497.47858501249976
2025-02-19,49,35,32.970416666666665,44.197333333333404,11.226916666666739,1.0703,35.288236958333336,53.31249032083345
2025-02-19,49,36,48.363094166666684,48.363094166666684,0.0,1.04,50.297617933333356,50.297617933333356
2025-02-19,49,37,38.793996111111134,38.793996111111134,0.0,1.0008,38.82503130800002,38.82503130800002
2025-02-19,49,38,0.0,0.0,0.0,1.0848,0.0,0.0
2025-02-19,49,39,791.3648405555556,791.3648405555557,1.1368683772161603e-13,0.9863,780.5231422399445,780.5231422399446
2025-02-19,49,40,785.9431986111113,785.9431986111113,0.0,0.9584,753.2479615488891,753.2479615488891
2025-02-19,49,41,779.7710666666668,779.7710666666668,0.0,1.0272,800.98083968,800.98083968
2025-02-19,49,42,722.0336097222221,722.0336097222221,0.0,0.9529,688.0258267043054,688.0258267043054
2025-02-19,49,43,665.6831594444444,916.2809477072348,250.59778826279035,0.9135,608.1015661524999,951.4831855195885
2025-02-19,49,44,615.8415343747664,615.8415343747664,0.0,0.9083,559.3688656726004,559.3688656726004
2025-02-19,49,45,1333.1877730555552,1306.7217341666665,-26.46603888888876,0.7932,1057.4845415876664,1046.9881105643333
2025-02-19,49,46,547.3807244444445,547.3807244444444,-1.1368683772161603e-13,0.9715,531.7803737977778,531.7803737977777
2025-02-19,49,47,0.0,0.0,0.0,1.3304,0.0,0.0
2025-02-19,49,48,0.0,0.0,0.0,1.3148,0.0,0.0
2025-02-19,49,49,0.0,0.0,0.0,1.2118,0.0,0.0
2025-02-19,49,50,0.0,0.0,0.0,1.2254,0.0,0.0
2025-02-19,49,51,0.0,0.0,0.0,1.2657,0.0,0.0
2025-02-19,49,52,0.0,0.0,0.0,1.2714,0.0,0.0
2025-02-19,49,53,0.0,0.0,0.0,1.2456,0.0,0.0
2025-02-19,49,54,0.0,0.0,0.0,1.227,0.0,0.0
2025-02-19,49,55,0.0,0.0,0.0,1.1831,0.0,0.0
2025-02-19,49,56,0.0,0.0,0.0,1.1366,0.0,0.0
2025-02-19,49,57,0.0,0.0,0.0,1.1442,0.0,0.0
2025-02-19,49,58,0.0,0.0,0.0,1.1073,0.0,0.0
2025-02-19,49,59,0.0,0.0,0.0,1.0261,0.0,0.0
2025-02-19,49,60,0.0,0.0,0.0,1.001,0.0,0.0
2025-02-19,49,61,0.0,0.0,0.0,0.9849,0.0,0.0
2025-02-19,49,62,0.0,0.0,0.0,0.9853,0.0,0.0
2025-02-19,49,63,0.0,0.0,0.0,1.0306,0.0,0.0
2025-02-19,49,64,0.0,0.0,0.0,0.8753,0.0,0.0
2025-02-19,49,65,652.2951499999999,652.2951499999999,0.0,0.5941,387.5285486149999,387.5285486149999
2025-02-19,49,66,641.3052516666662,641.3052516666662,0.0,0.5313,340.72548021049977,340.72548021049977
2025-02-19,49,67,636.3053724999997,636.3053724999997,0.0,0.5556,353.53126496099986,353.53126496099986
2025-02-19,49,68,628.3183083333333,621.6431333333333,-6.675175000000081,0.563,353.74320759166665,351.8641458291666
2025-02-19,49,69,658.99768,635.8467077777777,-23.150972222222208,0.5787,381.36195741599994,374.66322360349994
2025-02-19,49,70,666.5882508333332,626.9614813888886,-39.62676944444456,0.5515,367.6234203345832,356.69633866027766
2025-02-19,49,71,624.6988833333335,653.9999583333336,29.301075000000083,0.4971,310.53781490500006,332.3861614787501
2025-02-19,49,72,576.613543611111,683.9885863888885,107.37504277777748,0.4904,282.77128178688884,361.7563632542219
2025-02-19,49,73,592.8858522222226,684.8831978888903,91.99734566666768,0.4944,293.12276533866685,361.34799688506763
2025-02-19,49,74,648.969866666667,648.9698666666669,-1.1368683772161603e-13,0.4688,304.2370734933335,304.23707349333347
2025-02-19,49,75,661.7651327777776,661.7651327777777,1.1368683772161603e-13,0.4455,294.81636665249994,294.8163666525
2025-02-19,49,76,469.78447559436756,469.7844755943675,-5.684341886080802e-14,0.6279,294.9776722257034,294.9776722257034
2025-02-19,49,77,0.0,0.0,0.0,0.9175,0.0,0.0
2025-02-19,49,78,0.0,0.0,0.0,0.9886,0.0,0.0
2025-02-19,49,79,0.0,0.0,0.0,0.9796,0.0,0.0
2025-02-19,49,80,0.0,0.0,0.0,0.9973,0.0,0.0
2025-02-19,49,81,0.0,0.0,0.0,1.0021,0.0,0.0
2025-02-19,49,82,0.0,0.0,0.0,0.9785,0.0,0.0
2025-02-19,49,83,0.0,0.0,0.0,0.9734,0.0,0.0
2025-02-19,49,84,0.0,0.0,0.0,1.0425,0.0,0.0
2025-02-19,49,85,0.0,0.0,0.0,1.0646,0.0,0.0
2025-02-19,49,86,0.0,0.0,0.0,1.0472,0.0,0.0
2025-02-19,49,87,0.0,0.0,0.0,1.0918,0.0,0.0
2025-02-19,49,88,0.0,0.0,0.0,0.9968,0.0,0.0
2025-02-19,49,89,1264.5480666666667,1264.5480666666665,-2.2737367544323206e-13,0.8058,1018.97283212,1018.9728321199999
2025-02-19,49,90,744.8266842592618,744.8266842592619,1.1368683772161603e-13,0.7837,583.7206724539834,583.7206724539835
2025-02-19,49,91,484.8391477777774,484.8391477777774,0.0,0.7997,387.72586647788853,387.72586647788853
2025-02-19,49,92,1317.9460916666667,1317.9460916666667,0.0,0.8047,1060.5512199641666,1060.5512199641666
2025-02-19,49,93,529.7909622222222,529.7909622222222,0.0,0.8801,466.26902585177777,466.26902585177777
2025-02-19,49,94,541.1501037777748,541.1501037777748,0.0,0.899,486.4939432962196,486.4939432962196
2025-02-19,49,95,487.3791833333332,530.5638999999998,43.18471666666659,0.8751,426.50552333499985,483.19194166749975
2025-02-19,49,96,565.3790272222225,586.674206805551,21.29517958332849,0.9443,533.8874154059447,564.0509725267503
2025-02-19,49,97,648.0939561111113,648.0939561111113,0.0,0.9621,623.5311951745001,623.5311951745001
2025-02-19,49,98,553.2614185833337,553.2614185833337,0.0,0.9289,513.9245317220586,513.9245317220586
2025-02-19,49,99,769.1585236111109,769.158523611111,1.1368683772161603e-13,0.9947,765.081983435972,765.0819834359721
2025-02-19,49,100,854.6044388888884,854.6044388888884,0.0,1.0442,892.3779550877772,892.3779550877772
2025-02-19,49,101,888.1515999999998,888.1515999999998,0.0,1.0207,906.5363381199998,906.5363381199998
2025-02-19,49,102,858.3866505555558,858.3866505555558,0.0,0.998,856.6698772544447,856.6698772544447
2025-02-19,49,103,878.9885302777776,878.9885302777776,0.0,1.0572,929.2666742096665,929.2666742096665
2025-02-19,49,104,976.0251333333333,976.0251333333334,1.1368683772161603e-13,1.1289,1101.83477302,1101.8347730200003
2025-02-19,49,105,1129.5388707407417,1129.5388707407415,-2.2737367544323206e-13,1.0819,1222.0481042544086,1222.0481042544086
2025-02-19,49,106,887.2049580555554,887.2049580555555,1.1368683772161603e-13,1.1261,999.081503266361,999.0815032663612
2025-02-19,49,107,0.0,0.0,0.0,1.2595,0.0,0.0
2025-02-19,49,108,0.0,0.0,0.0,1.2616,0.0,0.0
2025-02-19,49,109,0.0,0.0,0.0,1.2318,0.0,0.0
2025-02-19,49,110,540.3099997984043,698.9366388888888,158.62663909048445,1.2439,672.0916087492351,968.0651232962155
2025-02-19,49,111,753.1980566666665,753.1980566666664,-1.1368683772161603e-13,1.2612,949.9333890679999,949.9333890679999
2025-02-19,49,112,723.3264958333334,723.3264958333334,0.0,1.2409,897.5758486795834,897.5758486795834
2025-02-19,49,113,667.2960833333334,670.1187410789098,2.8226577455764073,1.233,822.7760707500001,827.9965762504437
2025-02-19,49,114,0.0,136.59425830048858,136.59425830048858,1.3157,0.0,269.57559846892923
2025-02-19,49,115,0.0,0.0,0.0,1.3209,0.0,0.0
2025-02-19,49,116,0.0,0.0,0.0,1.2452,0.0,0.0
2025-02-19,49,117,0.0,0.0,0.0,1.2515,0.0,0.0
2025-02-19,49,118,0.0,0.0,0.0,1.2657,0.0,0.0
2025-02-19,49,119,0.0,0.0,0.0,1.2518,0.0,0.0
2025-02-19,49,120,0.0,0.0,0.0,1.2586,0.0,0.0
2025-02-19,49,121,0.0,0.0,0.0,1.2768,0.0,0.0
2025-02-19,49,122,682.2978333333332,695.02225,12.724416666666798,1.2925,881.8699495833331,906.5394123958333
2025-02-19,49,123,0.0,0.0,0.0,1.2849,0.0,0.0
2025-02-19,49,124,738.1355341666666,738.1355341666664,-2.2737367544323206e-13,1.1686,862.5851852271667,862.5851852271666
2025-02-19,49,125,707.2269166666665,707.2269166666664,-1.1368683772161603e-13,0.9931,702.3470509416665,702.3470509416663
2025-02-19,49,126,746.7405807407407,746.7405807407406,-1.1368683772161603e-13,0.9153,683.491653552,683.4916535519999
2025-02-19,49,127,709.0720783333335,732.8515479629627,23.77946962962926,0.9197,652.1335904431668,684.9385577707218
2025-02-19,49,128,731.528,731.5279999999999,-1.1368683772161603e-13,0.9724,711.3378272000001,711.3378272
2025-02-19,49,129,718.3307658333332,718.3307658333332,0.0,1.0143,728.6028957847499,728.6028957847499
2025-02-19,49,130,659.4099341666665,674.75051,15.340575833333446,0.7984,526.4728914386666,544.8447650566667
2025-02-19,49,131,492.4726666666668,526.4495620937979,33.976895427131126,0.4517,222.44990353333338,245.4709490299861
2025-02-19,49,132,627.883575621259,627.883575621259,0.0,0.3796,238.3446053058299,238.3446053058299
2025-02-19,49,133,1400.202178333333,1399.2739566666664,-0.928221666666559,0.4272,598.1663705839999,597.968102436
2025-02-19,49,134,1362.679583333333,1362.6786347142083,-0.0009486191247560782,0.4361,594.2645662916666,594.2643594452663
2025-02-19,49,135,1369.500110833333,1369.500110833333,0.0,0.4035,552.5932947212499,552.5932947212499
2025-02-19,49,136,557.1657733333333,557.1657733333333,0.0,0.3811,212.33587621733332,212.33587621733332
2025-02-19,49,137,615.5829999999999,615.583,1.1368683772161603e-13,0.4004,246.47943319999993,246.4794332
2025-02-19,49,138,594.1852566666666,594.1852566666665,-1.1368683772161603e-13,0.4449,264.353020691,264.3530206909999
2025-02-19,49,139,577.7778758333332,577.7778758333333,1.1368683772161603e-13,0.4382,253.1822651901666,253.18226519016667
2025-02-19,49,140,585.3404999999998,585.3404999999999,1.1368683772161603e-13,0.4005,234.42887024999993,234.42887025
2025-02-19,49,141,1402.397585833333,1402.3975858333333,2.2737367544323206e-13,0.4237,594.1958571175833,594.1958571175834
2025-02-19,49,142,1378.2248508333332,1378.2248508333334,2.2737367544323206e-13,0.4434,611.1048988594999,611.1048988595
2025-02-19,49,143,1306.0765416666668,1306.076541666667,2.2737367544323206e-13,0.4382,572.3227405583334,572.3227405583335
2025-02-20,50,0,561.9022683333334,561.9022683333334,0.0,0.4508,253.30554256466667,253.30554256466667
2025-02-20,50,1,572.0378866666665,572.0378866666665,0.0,0.4531,259.1903664486666,259.1903664486666
2025-02-20,50,2,537.6824166666667,537.6824166666667,0.0,0.4441,238.78476124166667,238.78476124166667
2025-02-20,50,3,0.0,0.0,0.0,0.4527,0.0,0.0
2025-02-20,50,4,0.0,0.0,0.0,0.4466,0.0,0.0
2025-02-20,50,5,1430.7165,1430.7165,0.0,0.4253,608.4837274500001,608.4837274500001
2025-02-20,50,6,1470.7456608333332,1470.7456608333332,0.0,0.4245,624.3315330237499,624.3315330237499
2025-02-20,50,7,1445.9142916666665,1445.9142916666665,0.0,0.4321,624.7795654291666,624.7795654291666
2025-02-20,50,8,1400.5386666666666,1400.5386666666666,0.0,0.4276,598.8703338666666,598.8703338666666
2025-02-20,50,9,0.0,0.0,0.0,0.406,0.0,0.0
2025-02-20,50,10,0.0,0.0,0.0,0.4056,0.0,0.0
2025-02-20,50,11,1386.288083333333,1386.288083333333,0.0,0.4362,604.6988619499998,604.6988619499998
2025-02-20,50,12,980.7198789851861,980.7198789851861,0.0,0.4676,458.58461541347305,458.58461541347305
2025-02-20,50,13,1480.0686383333332,1480.0686383333332,0.0,0.469,694.1521913783332,694.1521913783332
2025-02-20,50,14,1468.5336666666667,1468.5336666666667,0.0,0.4408,647.3296402666667,647.3296402666667
2025-02-20,50,15,1471.5137258333332,1471.5137258333332,0.0,0.4204,618.6243703403333,618.6243703403333
2025-02-20,50,16,1492.62048,1492.62048,0.0,0.4637,692.128116576,692.128116576
2025-02-20,50,17,655.3891666666667,655.3891666666667,0.0,0.5159,338.11527108333337,338.11527108333337
2025-02-20,50,18,606.3590391666667,606.3590391666667,0.0,0.4647,281.77504550075,281.77504550075
2025-02-20,50,19,612.6730466666666,612.6730466666666,0.0,0.4198,257.2001449906666,257.2001449906666
2025-02-20,50,20,497.815739999999,497.815739999999,0.0,0.4294,213.76207875599957,213.76207875599957
2025-02-20,50,21,0.0,0.0,0.0,0.4429,0.0,0.0
2025-02-20,50,22,0.0,0.0,0.0,0.4832,0.0,0.0
2025-02-20,50,23,626.72525,626.72525,0.0,0.525,329.03075624999997,329.03075624999997
2025-02-20,50,24,1453.014010833333,1453.014010833333,0.0,0.5053,734.2079796740832,734.2079796740832
2025-02-20,50,25,1476.4497874999997,1476.4497874999997,0.0,0.4783,706.1859333612499,706.1859333612499
2025-02-20,50,26,675.6955,675.6955,0.0,0.4844,327.30690020000003,327.30690020000003
2025-02-20,50,27,681.1683674999999,681.1683674999999,0.0,0.5096,347.123400078,347.123400078
2025-02-20,50,28,692.4839891666664,692.4839891666664,0.0,0.5016,347.34996896599995,347.34996896599995
2025-02-20,50,29,700.4504166666666,700.4504166666666,0.0,0.46,322.20719166666663,322.20719166666663
2025-02-20,50,30,668.7695799999999,668.7695799999999,0.0,0.4443,297.1343243939999,297.1343243939999
2025-02-20,50,31,647.2969116666667,647.2969116666667,0.0,0.505,326.8849403916667,326.8849403916667
2025-02-20,50,32,657.6461666666665,657.6461666666665,0.0,0.538,353.81363766666664,353.81363766666664
2025-02-20,50,33,702.568235,702.568235,0.0,0.4332,304.35255940199994,304.35255940199994
2025-02-20,50,34,772.5394658333331,772.5394658333331,0.0,0.6309,487.3951489942499,487.3951489942499
2025-02-20,50,35,840.9764166666665,840.9764166666665,0.0,1.0471,880.5864058916665,880.5864058916665
2025-02-20,50,36,32.64624194444432,32.64624194444432,0.0,1.1221,36.632348085860976,36.632348085860976
2025-02-20,50,37,772.1121039928454,772.1121039928455,1.1368683772161603e-13,1.0389,802.1472648381671,802.1472648381673
2025-02-20,50,38,17.10643333333308,17.106433333333083,3.552713678800501e-15,1.0009,17.12182912333308,17.121829123333086
2025-02-20,50,39,0.0,4.246955555555601,4.246955555555601,1.0152,0.0,6.467263920000071
2025-02-20,50,40,759.6951133333334,759.6951133333333,-1.1368683772161603e-13,0.9998,759.5431743106668,759.5431743106667
2025-02-20,50,41,778.1765333333334,778.1765333333334,0.0,0.9589,746.1934778133334,746.1934778133334
2025-02-20,50,42,0.0,0.0,0.0,0.9682,0.0,0.0
2025-02-20,50,43,0.0,251.8237958120022,251.8237958120022,0.9636,0.0,363.98611446666797
2025-02-20,50,44,1418.9902916666665,1395.7295583333332,-23.26073333333329,0.886,1257.2253984166666,1246.9208935499998
2025-02-20,50,45,1338.7889494444444,1310.5509827777776,-28.237966666666807,0.7892,1056.5722389015555,1045.4295372548886
2025-02-20,50,46,0.0,0.0,0.0,0.9872,0.0,0.0
2025-02-20,50,47,0.0,0.0,0.0,1.3347,0.0,0.0
2025-02-20,50,48,0.0,0.0,0.0,1.3465,0.0,0.0
2025-02-20,50,49,0.0,0.0,0.0,1.2657,0.0,0.0
2025-02-20,50,50,0.0,0.0,0.0,1.2651,0.0,0.0
2025-02-20,50,51,0.0,0.0,0.0,1.2636,0.0,0.0
2025-02-20,50,52,0.0,0.0,0.0,1.1991,0.0,0.0
2025-02-20,50,53,0.0,0.0,0.0,1.1176,0.0,0.0
2025-02-20,50,54,0.0,0.0,0.0,1.1171,0.0,0.0
2025-02-20,50,55,0.0,0.0,0.0,1.1079,0.0,0.0
2025-02-20,50,56,0.0,0.0,0.0,1.0676,0.0,0.0
2025-02-20,50,57,0.0,0.0,0.0,1.0643,0.0,0.0
2025-02-20,50,58,0.0,0.0,0.0,1.0644,0.0,0.0
2025-02-20,50,59,241.71173333333297,128.1417166666664,-113.57001666666656,1.0456,252.73378837333297,193.3593836599997
2025-02-20,50,60,184.51556888888877,66.06344388888874,-118.45212500000002,1.0236,188.87013631466655,128.24633873966653
2025-02-20,50,61,160.22241694444438,36.888183611111344,-123.33423333333303,1.0158,162.7539311321666,100.11247402216675
2025-02-20,50,62,193.6801666666662,65.46382499999959,-128.2163416666666,1.0377,200.98190894999954,134.45686007624954
2025-02-20,50,63,207.8527372222219,74.75428722222227,-133.09844999999962,1.0611,220.55253946649964,149.93715681899982
2025-02-20,50,64,174.52922277777782,36.54866444444451,-137.9805583333333,0.9035,157.68715277972225,95.35443555263893
2025-02-20,50,65,970.1865166666668,827.3238500000004,-142.8626666666663,0.649,629.6510493166668,583.2921139833335
2025-02-20,50,66,957.4033266666664,816.2426849999999,-141.1606416666665,0.5879,562.8574157473332,521.3632451294166
2025-02-20,50,67,937.0258816666665,797.5672649999999,-139.45861666666656,0.6198,580.768641457,537.5504161519999
2025-02-20,50,68,903.1869083333332,765.4303166666666,-137.75659166666662,0.6298,568.8271148683333,525.4475641525
2025-02-20,50,69,905.9387316666666,769.8841650000002,-136.05456666666646,0.6085,551.2637182191667,509.8691163108334
2025-02-20,50,70,896.6918541666666,762.3393124999998,-134.35254166666687,0.6201,556.03861876875,514.3826132249999
2025-02-20,50,71,849.2581333333337,849.2581333333337,0.0,0.6333,537.8351758400003,537.8351758400003
2025-02-20,50,72,811.8586330555556,811.8586330555554,-2.2737367544323206e-13,0.5584,453.34186069822226,453.3418606982222
2025-02-20,50,73,827.4038961111114,815.7271394444442,-11.676756666667188,0.5143,425.5338237699446,422.53114579311114
2025-02-20,50,74,865.2649583333337,781.0344229166667,-84.23053541666695,0.5298,458.4173749250002,436.1047060931252
2025-02-20,50,75,852.2710513888888,770.0732455555556,-82.19780583333329,0.545,464.48772300694446,442.08882091736115
2025-02-20,50,76,885.4510294444444,811.9927123611112,-73.45831708333321,0.7038,623.1804345229999,597.330452741375
2025-02-20,50,77,0.0,0.0,0.0,0.931,0.0,0.0
2025-02-20,50,78,0.0,0.0,0.0,0.9727,0.0,0.0
2025-02-20,50,79,0.0,0.0,0.0,0.9412,0.0,0.0
2025-02-20,50,80,0.0,0.0,0.0,0.9327,0.0,0.0
2025-02-20,50,81,0.0,0.0,0.0,0.9327,0.0,0.0
2025-02-20,50,82,0.0,0.0,0.0,0.93,0.0,0.0
2025-02-20,50,83,0.0,0.0,0.0,0.928,0.0,0.0
2025-02-20,50,84,0.0,0.0,0.0,0.9344,0.0,0.0
2025-02-20,50,85,0.0,0.0,0.0,0.9303,0.0,0.0
2025-02-20,50,86,0.0,0.0,0.0,0.9701,0.0,0.0
2025-02-20,50,87,0.0,0.0,0.0,1.0916,0.0,0.0
2025-02-20,50,88,0.0,0.0,0.0,0.968,0.0,0.0
2025-02-20,50,89,1115.3261166666666,1115.3261166666666,0.0,0.7018,782.7358686766667,782.7358686766667
2025-02-20,50,90,515.9840689277015,515.9840689277016,1.1368683772161603e-13,0.7375,380.5382508341799,380.53825083418
2025-02-20,50,91,407.72462972222195,407.72462972222195,0.0,0.8166,332.94793263116645,332.94793263116645
2025-02-20,50,92,1232.6494166666666,1232.6494166666669,2.2737367544323206e-13,0.8015,987.9685074583333,987.9685074583335
2025-02-20,50,93,453.94797277777775,453.9479727777778,5.684341886080802e-14,0.8152,370.05838740844445,370.0583874084445
2025-02-20,50,94,496.78433138888886,496.7843313888889,5.684341886080802e-14,0.8136,404.18373201799994,404.183732018
2025-02-20,50,95,522.4164666666666,522.4164666666665,-1.1368683772161603e-13,0.8155,426.03062856666656,426.03062856666656
2025-02-20,50,96,553.4942702388914,579.074931388889,25.58066114999758,0.9,498.1448432150023,532.678735767499
2025-02-20,50,97,616.0894877777778,622.2249861944439,6.13549841666611,0.9592,590.9530366764445,599.7807917983437
2025-02-20,50,98,525.599626916667,525.599626916667,0.0,0.9687,509.14835859417536,509.14835859417536
2025-02-20,50,99,748.4917194444442,748.4917194444444,1.1368683772161603e-13,1.0091,755.3029940913888,755.302994091389
2025-02-20,50,100,845.3717688888884,958.1581202777778,112.78635138888944,1.0565,893.1352738311106,1071.873444194653
2025-02-20,50,101,888.6198333333332,888.6198333333331,-1.1368683772161603e-13,1.0938,971.9723736999999,971.9723736999999
2025-02-20,50,102,944.4106275,944.4106275,0.0,1.1302,1067.3728912005001,1067.3728912005001
2025-02-20,50,103,877.6290585000021,877.6290585000022,1.1368683772161603e-13,1.1449,1004.7975090766524,1004.7975090766527
2025-02-20,50,104,969.1417916666667,969.1417916666666,-1.1368683772161603e-13,1.116,1081.5622395,1081.5622395
2025-02-20,50,105,1010.9637969444443,1010.9637969444442,-1.1368683772161603e-13,1.0643,1075.968769087972,1075.968769087972
2025-02-20,50,106,880.8981108333329,880.8981108333329,0.0,1.1435,1007.3069897379162,1007.3069897379162
2025-02-20,50,107,696.7037500000001,696.70375,-1.1368683772161603e-13,1.2794,891.3627777500002,891.3627777500002
2025-02-20,50,108,681.8861275000002,681.8861275000002,0.0,1.2463,849.8346807032501,849.8346807032501
2025-02-20,50,109,0.0,0.0,0.0,1.2457,0.0,0.0
2025-02-20,50,110,0.0,37.364744045383894,37.364744045383894,1.3176,0.0,73.84768013129673
2025-02-20,50,111,0.0,0.0,0.0,1.2917,0.0,0.0
2025-02-20,50,112,715.2128075,715.2128075,0.0,1.2356,883.7169449470001,883.7169449470001
2025-02-20,50,113,673.0955833333335,673.0955833333336,1.1368683772161603e-13,1.2313,828.7825917583335,828.7825917583338
2025-02-20,50,114,0.0,7.937478881672272e-05,7.937478881672272e-05,1.2854,0.0,0.0001530425303175231
2025-02-20,50,115,0.0,0.0,0.0,1.3026,0.0,0.0
2025-02-20,50,116,0.0,0.0,0.0,1.2723,0.0,0.0
2025-02-20,50,117,0.0,0.0,0.0,1.2668,0.0,0.0
2025-02-20,50,118,0.0,0.0,0.0,1.2556,0.0,0.0
2025-02-20,50,119,0.0,0.0,0.0,1.2568,0.0,0.0
2025-02-20,50,120,0.0,0.0,0.0,1.3177,0.0,0.0
2025-02-20,50,121,0.0,0.0,0.0,1.307,0.0,0.0
2025-02-20,50,122,540.2597671317342,697.7200833333333,157.46031620159908,1.2672,684.6171769093336,983.9177459453331
2025-02-20,50,123,0.0,0.0,0.0,1.3393,0.0,0.0
2025-02-20,50,124,741.1888233333335,741.1888233333336,1.1368683772161603e-13,1.2038,892.2431055286669,892.2431055286671
2025-02-20,50,125,732.8125,732.8125,0.0,0.9314,682.5415625,682.5415625
2025-02-20,50,126,1540.9996667669056,1540.9996667669059,2.2737367544323206e-13,0.9352,1441.14288836041,1441.1428883604103
2025-02-20,50,127,706.283325,731.9913545161952,25.70802951619521,0.9813,693.0758268225,730.9167608688634
2025-02-20,50,128,729.7624166666667,739.147952900472,9.385536233805283,0.9662,705.0964469833333,718.6989046469873
2025-02-20,50,129,12.136658909784762,12.136658909784762,0.0,0.9852,11.957036357919947,11.957036357919947
2025-02-20,50,130,672.0188733333332,686.0571416666667,14.038268333333463,0.7597,510.53273807133326,526.5300467505834
2025-02-20,50,131,1341.6770833333333,1341.6770833333335,2.2737367544323206e-13,0.3972,532.9141374999999,532.9141375
2025-02-20,50,132,1376.4405283333333,1376.4405283333335,2.2737367544323206e-13,0.336,462.48401752,462.4840175200001
2025-02-20,50,133,1405.0366966666666,1404.108475,-0.928221666666559,0.4108,577.1890749906667,576.9984182603333
2025-02-20,50,134,1395.1967499999998,1389.0988746296293,-6.097875370370502,0.4431,618.2116799249999,616.8606956366943
2025-02-20,50,135,567.4313483333332,567.4313483333332,0.0,0.4205,238.6048819741666,238.6048819741666
2025-02-20,50,136,525.524581642466,525.524581642466,0.0,0.4194,220.40500954085024,220.40500954085024
2025-02-20,50,137,1401.3976666666667,1387.6863611111112,-13.711305555555555,0.4418,619.1374891333334,616.1086617361112
2025-02-20,50,138,549.4818316666666,549.4818316666667,1.1368683772161603e-13,0.4211,231.3867993148333,231.38679931483338
2025-02-20,50,139,0.0,0.0,0.0,0.3971,0.0,0.0
2025-02-20,50,140,581.9479999999999,581.9479999999999,0.0,0.3864,224.86470719999997,224.86470719999997
2025-02-20,50,141,594.5480433333332,594.5480433333331,-1.1368683772161603e-13,0.3623,215.40475609966663,215.40475609966663
2025-02-20,50,142,1377.5788266666666,1377.5788266666664,-2.2737367544323206e-13,0.3296,454.04998126933333,454.0499812693333
2025-02-20,50,143,1322.2666666666667,1284.3188055555556,-37.947861111111024,0.3079,407.12590666666665,401.2838334486111
2025-02-21,51,0,1299.3146158333334,1299.3146158333334,0.0,0.3168,411.62287029600003,411.62287029600003
2025-02-21,51,1,1307.1449458333334,1307.1449458333334,0.0,0.3494,456.71644407416665,456.71644407416665
2025-02-21,51,2,1322.33475,1322.33475,0.0,0.3802,502.75167194999995,502.75167194999995
2025-02-21,51,3,1357.0668408333331,1357.0668408333331,0.0,0.3813,517.4495864097498,517.4495864097498
2025-02-21,51,4,1388.1596258333332,1388.1596258333332,0.0,0.3624,503.06904840199996,503.06904840199996
2025-02-21,51,5,675.0878586709352,675.0878586709352,0.0,0.345,232.90531124147265,232.90531124147265
2025-02-21,51,6,538.9857016666667,538.9857016666667,0.0,0.3476,187.35142989933337,187.35142989933337
2025-02-21,51,7,536.6827241666665,536.6827241666665,0.0,0.367,196.9625597691666,196.9625597691666
2025-02-21,51,8,539.2516666666668,539.2516666666668,0.0,0.379,204.3763816666667,204.3763816666667
2025-02-21,51,9,495.52614499999993,495.52614499999993,0.0,0.3607,178.73628050149998,178.73628050149998
2025-02-21,51,10,506.6604433333333,506.6604433333333,0.0,0.3587,181.73910102366668,181.73910102366668
2025-02-21,51,11,553.1843333333333,553.1843333333333,0.0,0.3738,206.78030379999998,206.78030379999998
2025-02-21,51,12,1356.4015341666664,1356.4015341666664,0.0,0.3579,485.4561090782499,485.4561090782499
2025-02-21,51,13,526.9546375000001,526.9546375000001,0.0,0.321,169.15243863750004,169.15243863750004
2025-02-21,51,14,241.50183250000083,241.50183250000083,0.0,0.3098,74.81726770850027,74.81726770850027
2025-02-21,51,15,507.5258349999999,507.5258349999999,0.0,0.3572,181.288228262,181.288228262
2025-02-21,51,16,522.9745633333333,522.9745633333333,0.0,0.3617,189.15989955766668,189.15989955766668
2025-02-21,51,17,0.0,0.0,0.0,0.3135,0.0,0.0
2025-02-21,51,18,0.0,0.0,0.0,0.3055,0.0,0.0
2025-02-21,51,19,545.8545075,545.8545075,0.0,0.3402,185.6997034515,185.6997034515
2025-02-21,51,20,551.9048333333333,551.9048333333333,0.0,0.3745,206.68836008333332,206.68836008333332
2025-02-21,51,21,544.31714,544.31714,0.0,0.3692,200.961888088,200.961888088
2025-02-21,51,22,1356.6093191666669,1356.6093191666669,0.0,0.3782,513.0696445088333,513.0696445088333
2025-02-21,51,23,1350.5165,1350.5165,0.0,0.3894,525.8911251000001,525.8911251000001
2025-02-21,51,24,549.9229558333332,549.9229558333332,0.0,0.3425,188.34861237291662,188.34861237291662
2025-02-21,51,25,0.0,0.0,0.0,0.3373,0.0,0.0
2025-02-21,51,26,0.0,0.0,0.0,0.3776,0.0,0.0
2025-02-21,51,27,540.1600541666666,540.1600541666666,0.0,0.3731,201.53371620958328,201.53371620958328
2025-02-21,51,28,584.3009575,584.3009575,0.0,0.3976,232.318060702,232.318060702
2025-02-21,51,29,188.8683441666659,188.8683441666659,0.0,0.4359,82.32771122224968,82.32771122224968
2025-02-21,51,30,1409.7481408333333,1409.7481408333333,0.0,0.3949,556.7095408150833,556.7095408150833
2025-02-21,51,31,1420.8903333333333,1420.8903333333333,0.0,0.3931,558.5519900333334,558.5519900333334
2025-02-21,51,32,612.5723333333333,612.5723333333333,0.0,0.4264,261.2008429333333,261.2008429333333
2025-02-21,51,33,551.9926591666666,551.9926591666666,0.0,0.402,221.901048985,221.901048985
2025-02-21,51,34,584.9406766666665,584.9406766666665,0.0,0.5584,326.63087385066655,326.63087385066655
2025-02-21,51,35,0.0,0.0,0.0,0.8108,0.0,0.0
2025-02-21,51,36,0.0,0.0,0.0,0.8099,0.0,0.0
2025-02-21,51,37,0.0,0.0,0.0,0.7714,0.0,0.0
2025-02-21,51,38,0.0,0.0,0.0,0.8047,0.0,0.0
2025-02-21,51,39,0.0,0.0,0.0,0.8034,0.0,0.0
2025-02-21,51,40,0.0,0.0,0.0,0.8017,0.0,0.0
2025-02-21,51,41,0.0,0.0,0.0,0.8076,0.0,0.0
2025-02-21,51,42,0.0,0.0,0.0,0.7841,0.0,0.0
2025-02-21,51,43,0.0,159.41947230274326,159.41947230274326,0.7674,0.0,183.50775456768775
2025-02-21,51,44,0.0,445.07015,445.07015,0.7404,0.0,494.2949085899999
2025-02-21,51,45,337.5474462150684,337.54744621506853,1.1368683772161603e-13,0.6761,228.21582838600776,228.21582838600787
2025-02-21,51,46,0.0,0.0,0.0,0.7855,0.0,0.0
2025-02-21,51,47,0.0,0.0,0.0,0.9773,0.0,0.0
2025-02-21,51,48,0.0,0.0,0.0,0.9382,0.0,0.0
2025-02-21,51,49,0.0,0.0,0.0,0.903,0.0,0.0
2025-02-21,51,50,0.0,0.0,0.0,0.9333,0.0,0.0
2025-02-21,51,51,0.0,0.0,0.0,0.8588,0.0,0.0
2025-02-21,51,52,0.0,0.0,0.0,0.831,0.0,0.0
2025-02-21,51,53,0.0,0.0,0.0,0.8826,0.0,0.0
2025-02-21,51,54,0.0,0.0,0.0,0.8842,0.0,0.0
2025-02-21,51,55,0.0,0.0,0.0,0.8629,0.0,0.0
2025-02-21,51,56,0.0,0.0,0.0,0.8453,0.0,0.0
2025-02-21,51,57,0.0,0.0,0.0,0.8191,0.0,0.0
2025-02-21,51,58,0.0,0.0,0.0,0.7837,0.0,0.0
2025-02-21,51,59,0.0,0.0,0.0,0.7626,0.0,0.0
2025-02-21,51,60,0.0,0.0,0.0,0.7725,0.0,0.0
2025-02-21,51,61,0.0,0.0,0.0,0.727,0.0,0.0
2025-02-21,51,62,0.0,0.0,0.0,0.6932,0.0,0.0
2025-02-21,51,63,0.0,0.0,0.0,0.7952,0.0,0.0
2025-02-21,51,64,0.0,0.0,0.0,0.6866,0.0,0.0
2025-02-21,51,65,301.2586022610382,301.2586022610382,0.0,0.3941,118.72601515107516,118.72601515107516
2025-02-21,51,66,0.0,0.0,0.0,0.3064,0.0,0.0
2025-02-21,51,67,0.0,0.0,0.0,0.2955,0.0,0.0
2025-02-21,51,68,648.7473333333334,526.2805333333332,-122.46680000000015,0.2879,186.77435726666667,169.14526140666663
2025-02-21,51,69,615.0256011111111,401.403548611108,-213.62205250000306,0.3455,212.49134518388885,175.58813561451333
2025-02-21,51,70,0.0,0.0,0.0,0.3264,0.0,0.0
2025-02-21,51,71,497.16878333333284,497.1687833333326,-2.2737367544323206e-13,0.2484,123.49672577999988,123.49672577999985
2025-02-21,51,72,444.4292516666669,444.4292516666669,0.0,0.2722,120.97364230366674,120.97364230366674
2025-02-21,51,73,480.1809791666665,480.18097916666653,5.684341886080802e-14,0.2845,136.6114885729166,136.61148857291664
2025-02-21,51,74,532.0839083333333,532.0839083333333,0.0,0.2488,132.38247639333332,132.38247639333332
2025-02-21,51,75,458.14279416666704,458.14279416666704,0.0,0.2695,123.46948302791678,123.46948302791678
2025-02-21,51,76,0.0,0.0,0.0,0.4159,0.0,0.0
2025-02-21,51,77,0.0,0.0,0.0,0.6006,0.0,0.0
2025-02-21,51,78,0.0,0.0,0.0,0.6556,0.0,0.0
2025-02-21,51,79,0.0,0.0,0.0,0.6737,0.0,0.0
2025-02-21,51,80,0.0,0.0,0.0,0.6909,0.0,0.0
2025-02-21,51,81,0.0,0.0,0.0,0.6596,0.0,0.0
2025-02-21,51,82,0.0,0.0,0.0,0.6851,0.0,0.0
2025-02-21,51,83,0.0,0.0,0.0,0.7496,0.0,0.0
2025-02-21,51,84,0.0,0.0,0.0,0.7279,0.0,0.0
2025-02-21,51,85,0.0,0.0,0.0,0.7086,0.0,0.0
2025-02-21,51,86,0.0,0.0,0.0,0.7542,0.0,0.0
2025-02-21,51,87,0.0,0.0,0.0,0.8095,0.0,0.0
2025-02-21,51,88,0.0,0.0,0.0,0.6891,0.0,0.0
2025-02-21,51,89,0.0,0.0,0.0,0.4898,0.0,0.0
2025-02-21,51,90,2.5886424999999917,66.5141791666664,63.9255366666664,0.498,1.2891439649999958,49.0415198549998
2025-02-21,51,91,67.81935999999973,124.77749499999993,56.9581350000002,0.5122,34.73707619199986,78.49801131250001
2025-02-21,51,92,0.0067387792161686735,7.835048195882491,7.828309416666323,0.4618,0.0031119682420266935,5.425781901166788
2025-02-21,51,93,272.50275237494526,272.5027523749452,-5.684341886080802e-14,0.4921,134.09860444371057,134.09860444371054
2025-02-21,51,94,195.9050983333335,195.9050983333335,0.0,0.5831,114.23226283816676,114.23226283816676
2025-02-21,51,95,267.6968833333335,267.69688333333346,-5.684341886080802e-14,0.6551,175.3682282716668,175.3682282716668
2025-02-21,51,96,336.54522944444443,336.54522944444443,0.0,0.6464,217.54283631288888,217.54283631288888
2025-02-21,51,97,402.75024472222185,402.7502447222218,-5.684341886080802e-14,0.6305,253.93402929736087,253.93402929736084
2025-02-21,51,98,0.0,0.0,0.0,0.66,0.0,0.0
2025-02-21,51,99,0.0,5.377964916666546,5.377964916666546,0.7211,0.0,5.817075752112369
2025-02-21,51,100,523.7962722222217,669.7433833333333,145.94711111111167,0.7554,395.6757040366662,561.0483756366668
2025-02-21,51,101,785.1884810493834,785.1884810493833,-1.1368683772161603e-13,0.7255,569.6542430013277,569.6542430013276
2025-02-21,51,102,582.6254569444447,582.6254569444449,1.1368683772161603e-13,0.6566,382.5518750297224,382.5518750297225
2025-02-21,51,103,616.5450113888885,616.5450113888884,-1.1368683772161603e-13,0.6874,423.81304082872197,423.81304082872197
2025-02-21,51,104,1476.759970185185,1476.7599701851848,-2.2737367544323206e-13,0.7627,1126.3248292602407,1126.3248292602404
2025-02-21,51,105,656.8071894444446,672.9448691666666,16.13767972222206,0.7207,473.36094143261124,490.8065800963194
2025-02-21,51,106,596.9215847222221,634.5173183333334,37.595733611111314,0.843,503.20489592083317,550.7447010720834
2025-02-21,51,107,0.0,0.0,0.0,1.0827,0.0,0.0
2025-02-21,51,108,0.0,0.0,0.0,1.0953,0.0,0.0
2025-02-21,51,109,0.0,0.0,0.0,1.0983,0.0,0.0
2025-02-21,51,110,0.0,0.0,0.0,1.1449,0.0,0.0
2025-02-21,51,111,0.0,0.0,0.0,1.066,0.0,0.0
2025-02-21,51,112,0.0,0.0,0.0,1.0298,0.0,0.0
2025-02-21,51,113,0.0,0.0,0.0,1.0765,0.0,0.0
2025-02-21,51,114,0.0,0.0,0.0,1.0799,0.0,0.0
2025-02-21,51,115,517.8243353817335,517.8243353817336,1.1368683772161603e-13,1.1073,573.3868865681934,573.3868865681936
2025-02-21,51,116,0.0,0.0,0.0,1.1504,0.0,0.0
2025-02-21,51,117,0.0,0.0,0.0,1.1187,0.0,0.0
2025-02-21,51,118,0.0,0.0,0.0,1.093,0.0,0.0
2025-02-21,51,119,0.0,202.29205890079393,202.29205890079393,1.0945,0.0,332.1129877003784
2025-02-21,51,120,0.0,0.0,0.0,1.0675,0.0,0.0
2025-02-21,51,121,0.0,0.0,0.0,1.06,0.0,0.0
2025-02-21,51,122,0.0,0.0,0.0,1.1027,0.0,0.0
2025-02-21,51,123,0.0,0.0,0.0,1.1464,0.0,0.0
2025-02-21,51,124,566.1858975000001,566.1858975000001,0.0,1.0158,575.1316346805002,575.1316346805002
2025-02-21,51,125,590.1549166666665,570.4787499999999,-19.67616666666663,0.7981,471.0026389916666,463.1508646833333
2025-02-21,51,126,607.3207291666665,564.2598916666666,-43.060837499999934,0.7672,465.9364634166665,449.4183261516666
2025-02-21,51,127,598.7123274999998,590.4822333333332,-8.230094166666618,0.7748,463.88231134699987,460.6939728668332
2025-02-21,51,128,1240.3930969444446,1240.3930969444448,2.2737367544323206e-13,0.7556,937.2410240512223,937.2410240512226
2025-02-21,51,129,0.0,0.0,0.0,0.7655,0.0,0.0
2025-02-21,51,130,531.2879058333333,531.2879058333333,0.0,0.5967,317.01949341075,317.01949341075
2025-02-21,51,131,1237.1599166666665,1231.4432499999998,-5.716666666666697,0.3187,394.2828654416666,393.37191460833327
2025-02-21,51,132,1239.9205458333333,1239.9205458333333,0.0,0.2473,306.6323509845833,306.6323509845833
2025-02-21,51,133,430.55712083333333,430.5571208333334,5.684341886080802e-14,0.3035,130.67408617291667,130.6740861729167
2025-02-21,51,134,0.0,0.0,0.0,0.3687,0.0,0.0
2025-02-21,51,135,0.0,0.0,0.0,0.398,0.0,0.0
2025-02-21,51,136,1285.0749708333333,1285.074970833333,-2.2737367544323206e-13,0.3911,502.59282109291667,502.5928210929166
2025-02-21,51,137,1353.4060776851861,1319.40975,-33.99632768518609,0.3748,507.25659791640777,500.8856861082039
2025-02-21,51,138,1313.5832458333334,1312.2035183333332,-1.3797275000001719,0.3755,493.2505088104167,492.9914649722917
2025-02-21,51,139,1286.38788,1286.3878799999998,-2.2737367544323206e-13,0.3489,448.820731332,448.820731332
2025-02-21,51,140,1266.0298333333333,1266.0298333333333,0.0,0.3173,401.7112661166667,401.7112661166667
2025-02-21,51,141,65.13070455913186,65.13115386608453,0.000449306952674533,0.3468,22.58732834110693,22.58756207058371
2025-02-21,51,142,431.19806,431.1980599999999,-1.1368683772161603e-13,0.3506,151.178039836,151.178039836
2025-02-21,51,143,1223.474333333333,1223.4743333333329,-2.2737367544323206e-13,0.3144,384.66033039999996,384.6603303999999
2025-02-22,52,0,1246.8537999999999,1246.8537999999999,0.0,0.3121,389.14307097999995,389.14307097999995
2025-02-22,52,1,1248.7861524999998,1248.7861524999998,0.0,0.3234,403.85744171849996,403.85744171849996
2025-02-22,52,2,0.0,0.0,0.0,0.3279,0.0,0.0
2025-02-22,52,3,0.0,0.0,0.0,0.3323,0.0,0.0
2025-02-22,52,4,0.0,0.0,0.0,0.3513,0.0,0.0
2025-02-22,52,5,450.7686666666667,450.7686666666667,0.0,0.3682,165.97302306666668,165.97302306666668
2025-02-22,52,6,1285.0133491666666,1285.0133491666666,0.0,0.3497,449.3691682035833,449.3691682035833
2025-02-22,52,7,1282.1425741666665,1282.1425741666665,0.0,0.3281,420.6709785840833,420.6709785840833
2025-02-22,52,8,0.0,0.0,0.0,0.3328,0.0,0.0
2025-02-22,52,9,467.8865241666666,467.8865241666666,0.0,0.3614,169.09418983383333,169.09418983383333
2025-02-22,52,10,1289.013668333333,1289.013668333333,0.0,0.367,473.06801627833323,473.06801627833323
2025-02-22,52,11,1227.39475,1227.39475,0.0,0.3485,427.74707037499996,427.74707037499996
2025-02-22,52,12,808.7654054301952,808.7654054301952,0.0,0.3507,283.63402768436947,283.63402768436947
2025-02-22,52,13,518.6978841666667,518.6978841666667,0.0,0.3739,193.94113888991666,193.94113888991666
2025-02-22,52,14,1327.4168333333332,1327.4168333333332,0.0,0.3905,518.3562734166667,518.3562734166667
2025-02-22,52,15,499.08834666666667,499.08834666666667,0.0,0.3742,186.75885932266667,186.75885932266667
2025-02-22,52,16,512.0613775000002,512.0613775000002,0.0,0.3648,186.79999051200008,186.79999051200008
2025-02-22,52,17,1335.6136792592554,1335.6136792592554,0.0,0.3709,495.37911363725783,495.37911363725783
2025-02-22,52,18,451.17693083333324,451.17693083333324,0.0,0.3641,164.27352051641662,164.27352051641662
2025-02-22,52,19,0.0,0.0,0.0,0.3592,0.0,0.0
2025-02-22,52,20,0.0,0.0,0.0,0.3735,0.0,0.0
2025-02-22,52,21,0.0,0.0,0.0,0.4043,0.0,0.0
2025-02-22,52,22,0.0,0.0,0.0,0.4064,0.0,0.0
2025-02-22,52,23,0.0,0.0,0.0,0.3859,0.0,0.0
2025-02-22,52,24,1298.8307699999998,1298.8307699999998,0.0,0.3864,501.86820952799997,501.86820952799997
2025-02-22,52,25,492.5615274999999,492.5615274999999,0.0,0.3596,177.12512528899995,177.12512528899995
2025-02-22,52,26,482.80974999999995,482.80974999999995,0.0,0.306,147.7397835,147.7397835
2025-02-22,52,27,966.6090373685942,966.6090373685942,0.0,0.292,282.24983891162947,282.24983891162947
2025-02-22,52,28,533.2956058333332,533.2956058333332,0.0,0.352,187.72005325333328,187.72005325333328
2025-02-22,52,29,0.0,0.0,0.0,0.4182,0.0,0.0
2025-02-22,52,30,499.4176858333332,499.4176858333332,0.0,0.388,193.7740621033333,193.7740621033333
2025-02-22,52,31,487.3648133333333,487.3648133333333,0.0,0.3852,187.73292609599997,187.73292609599997
2025-02-22,52,32,0.0,0.0,0.0,0.3991,0.0,0.0
2025-02-22,52,33,607.2728933333333,607.2728933333333,0.0,0.3348,203.31496468799998,203.31496468799998
2025-02-22,52,34,0.0,0.0,0.0,0.5067,0.0,0.0
2025-02-22,52,35,0.0,0.0,0.0,0.8354,0.0,0.0
2025-02-22,52,36,0.0,0.0,0.0,0.8935,0.0,0.0
2025-02-22,52,37,0.0,0.0,0.0,0.8467,0.0,0.0
2025-02-22,52,38,0.0,0.0,0.0,0.818,0.0,0.0
2025-02-22,52,39,0.0,0.0,0.0,0.7642,0.0,0.0
2025-02-22,52,40,0.0,0.0,0.0,0.7606,0.0,0.0
2025-02-22,52,41,0.0,0.0,0.0,0.8047,0.0,0.0
2025-02-22,52,42,0.0,0.0,0.0,0.8063,0.0,0.0
2025-02-22,52,43,0.0,0.0,0.0,0.7646,0.0,0.0
2025-02-22,52,44,0.0,0.0,0.0,0.7012,0.0,0.0
2025-02-22,52,45,0.0,231.10521916666565,231.10521916666565,0.6621,0.0,229.52214841537398
2025-02-22,52,46,0.0,0.0,0.0,0.7827,0.0,0.0
2025-02-22,52,47,0.0,0.0,0.0,0.9836,0.0,0.0
2025-02-22,52,48,0.0,0.0,0.0,1.0246,0.0,0.0
2025-02-22,52,49,0.0,0.0,0.0,0.9678,0.0,0.0
2025-02-22,52,50,0.0,0.0,0.0,0.8946,0.0,0.0
2025-02-22,52,51,0.0,0.0,0.0,0.8334,0.0,0.0
2025-02-22,52,52,0.0,0.0,0.0,0.831,0.0,0.0
2025-02-22,52,53,0.0,0.0,0.0,0.8635,0.0,0.0
2025-02-22,52,54,0.0,0.0,0.0,0.8622,0.0,0.0
2025-02-22,52,55,0.0,0.0,0.0,0.877,0.0,0.0
2025-02-22,52,56,0.0,0.0,0.0,0.9068,0.0,0.0
2025-02-22,52,57,0.0,0.0,0.0,0.8887,0.0,0.0
2025-02-22,52,58,0.0,0.0,0.0,0.8379,0.0,0.0
2025-02-22,52,59,0.0,0.0,0.0,0.7959,0.0,0.0
2025-02-22,52,60,0.0,0.0,0.0,0.7893,0.0,0.0
2025-02-22,52,61,0.0,0.0,0.0,0.763,0.0,0.0
2025-02-22,52,62,0.0,0.0,0.0,0.7464,0.0,0.0
2025-02-22,52,63,0.0,0.0,0.0,0.7914,0.0,0.0
2025-02-22,52,64,0.0,0.0,0.0,0.6373,0.0,0.0
2025-02-22,52,65,0.0,0.0,0.0,0.3387,0.0,0.0
2025-02-22,52,66,0.0,0.0,0.0,0.2472,0.0,0.0
2025-02-22,52,67,0.0,0.0,0.0,0.3249,0.0,0.0
2025-02-22,52,68,0.0,0.0,0.0,0.3906,0.0,0.0
2025-02-22,52,69,0.0,0.0,0.0,0.3047,0.0,0.0
2025-02-22,52,70,0.0,0.0,0.0,0.2553,0.0,0.0
2025-02-22,52,71,0.0,0.0,0.0,0.3115,0.0,0.0
2025-02-22,52,72,0.0,0.0,0.0,0.3551,0.0,0.0
2025-02-22,52,73,0.0,0.0,0.0,0.3256,0.0,0.0
2025-02-22,52,74,211.34068864992594,211.34068864992594,0.0,0.2742,57.94961682780969,57.94961682780969
2025-02-22,52,75,420.312320277778,420.312320277778,0.0,0.3229,135.71884821769453,135.71884821769453
2025-02-22,52,76,0.0,0.0,0.0,0.4893,0.0,0.0
2025-02-22,52,77,0.0,0.0,0.0,0.651,0.0,0.0
2025-02-22,52,78,0.0,0.0,0.0,0.6506,0.0,0.0
2025-02-22,52,79,0.0,0.0,0.0,0.6378,0.0,0.0
2025-02-22,52,80,0.0,0.0,0.0,0.6984,0.0,0.0
2025-02-22,52,81,0.0,0.0,0.0,0.7699,0.0,0.0
2025-02-22,52,82,0.0,0.0,0.0,0.7721,0.0,0.0
2025-02-22,52,83,0.0,0.0,0.0,0.7355,0.0,0.0
2025-02-22,52,84,0.0,0.0,0.0,0.7591,0.0,0.0
2025-02-22,52,85,0.0,0.0,0.0,0.7637,0.0,0.0
2025-02-22,52,86,0.0,0.0,0.0,0.7577,0.0,0.0
2025-02-22,52,87,0.0,0.0,0.0,0.8098,0.0,0.0
2025-02-22,52,88,0.0,0.0,0.0,0.7133,0.0,0.0
2025-02-22,52,89,156.46109475308776,156.46109475308776,0.0,0.5208,81.48493814740812,81.48493814740812
2025-02-22,52,90,181.4111708333338,181.4111708333338,0.0,0.5087,92.28386260291691,92.28386260291691
2025-02-22,52,91,180.91267583333297,153.17407916666673,-27.73859666666624,0.5364,97.04155931699981,89.60206769099992
2025-02-22,52,92,151.5023500000001,151.5023500000001,0.0,0.5243,79.43268210500004,79.43268210500004
2025-02-22,52,93,149.95053999999982,149.95053999999982,0.0,0.5483,82.2178810819999,82.2178810819999
2025-02-22,52,94,156.38725765144616,156.38725765144616,0.0,0.6265,97.97661691863101,97.97661691863101
2025-02-22,52,95,111.39844999999997,111.39844999999995,-1.4210854715202004e-14,0.6877,76.60871406499997,76.60871406499997
2025-02-22,52,96,175.43574555555585,175.43574555555583,-2.842170943040401e-14,0.6475,113.59464524722242,113.5946452472224
2025-02-22,52,97,233.31706861111115,233.31706861111115,0.0,0.6504,151.74942142466668,151.74942142466668
2025-02-22,52,98,202.02604066666711,202.02604066666706,-5.684341886080802e-14,0.7053,142.4889664822003,142.4889664822003
2025-02-22,52,99,325.29969638888883,325.2996963888888,-5.684341886080802e-14,0.684,222.50499232999996,222.50499232999996
2025-02-22,52,100,443.67472222222193,443.6747222222219,-5.684341886080802e-14,0.6786,301.0776664999998,301.07766649999974
2025-02-22,52,101,392.56551666666667,392.5655166666666,-5.684341886080802e-14,0.7244,284.37446027333334,284.3744602733333
2025-02-22,52,102,436.5171636111111,436.5171636111111,0.0,0.7606,332.0149546426111,332.0149546426111
2025-02-22,52,103,373.8180627777775,373.81806277777747,-5.684341886080802e-14,0.7963,297.67132338994423,297.6713233899442
2025-02-22,52,104,459.23346666666663,459.2334666666666,-5.684341886080802e-14,0.8111,372.4842648133333,372.48426481333325
2025-02-22,52,105,505.9799984567897,505.9799984567896,-1.1368683772161603e-13,0.7886,399.01582678302435,399.0158267830243
2025-02-22,52,106,250.8639264525079,250.8639264525079,0.0,0.9112,228.58720978352522,228.58720978352522
2025-02-22,52,107,0.0,0.0,0.0,1.1232,0.0,0.0
2025-02-22,52,108,0.0,0.0,0.0,1.1644,0.0,0.0
2025-02-22,52,109,0.0,0.0,0.0,1.1094,0.0,0.0
2025-02-22,52,110,0.0,0.0,0.0,1.0677,0.0,0.0
2025-02-22,52,111,0.0,0.0,0.0,1.0782,0.0,0.0
2025-02-22,52,112,0.0,0.0,0.0,1.1059,0.0,0.0
2025-02-22,52,113,0.0,0.0,0.0,1.1231,0.0,0.0
2025-02-22,52,114,0.0,0.0,0.0,1.1364,0.0,0.0
2025-02-22,52,115,0.0,0.0,0.0,1.1844,0.0,0.0
2025-02-22,52,116,0.0,0.0,0.0,1.2217,0.0,0.0
2025-02-22,52,117,0.0,0.0,0.0,1.1619,0.0,0.0
2025-02-22,52,118,0.0,0.0,0.0,1.1139,0.0,0.0
2025-02-22,52,119,0.0,0.0,0.0,1.1297,0.0,0.0
2025-02-22,52,120,0.0,0.0,0.0,1.1499,0.0,0.0
2025-02-22,52,121,0.0,0.0,0.0,1.1066,0.0,0.0
2025-02-22,52,122,0.0,0.0,0.0,1.0696,0.0,0.0
2025-02-22,52,123,0.0,0.0,0.0,1.1419,0.0,0.0
2025-02-22,52,124,0.0,0.0,0.0,1.0212,0.0,0.0
2025-02-22,52,125,481.3658333333332,401.8835064526468,-79.4823268806864,0.7486,360.35046283333327,330.60022788189235
2025-02-22,52,126,486.5567841666666,486.5567841666666,0.0,0.6963,338.78948881524997,338.78948881524997
2025-02-22,52,127,484.86673416666656,484.86673416666656,0.0,0.7816,378.97183942466654,378.97183942466654
2025-02-22,52,128,484.7298333333333,484.7298333333333,0.0,0.8689,421.18175218333334,421.18175218333334
2025-02-22,52,129,509.2366033333333,509.2329715599132,-0.0036317734200679297,0.8705,443.2904632016666,443.2888824722856
2025-02-22,52,130,451.0869191666665,451.0869191666665,0.0,0.6422,289.6880194888332,289.6880194888332
2025-02-22,52,131,1189.6461666666667,1189.6461666666667,0.0,0.3456,411.1417152,411.1417152
2025-02-22,52,132,1230.5025616666667,1230.5025616666667,0.0,0.3205,394.37607101416666,394.37607101416666
2025-02-22,52,133,1252.2058249999998,1252.2058249224435,-7.755625119898468e-08,0.3452,432.2614507899999,432.26145077661374
2025-02-22,52,134,1250.210583333333,1250.2105833333328,-2.2737367544323206e-13,0.3093,386.69013342499994,386.69013342499994
2025-02-22,52,135,1254.1338416666665,1254.1338416666665,0.0,0.3185,399.4416285708333,399.4416285708333
2025-02-22,52,136,1256.5383566666665,1256.5383566666665,0.0,0.3251,408.50061975233325,408.50061975233325
2025-02-22,52,137,431.41029651444967,431.4102965144497,5.684341886080802e-14,0.3267,140.94174387127072,140.94174387127075
2025-02-22,52,138,457.7504391666666,457.75043916666664,5.684341886080802e-14,0.3673,168.13173630591663,168.13173630591666
2025-02-22,52,139,440.44640416666647,440.4464041666664,-5.684341886080802e-14,0.34,149.7517774166666,149.75177741666658
2025-02-22,52,140,0.0,6.980050135123584e-08,6.980050135123584e-08,0.28,0.0,2.9316210567519056e-08
2025-02-22,52,141,1247.8100191666665,1247.8100191666663,-2.2737367544323206e-13,0.336,419.26416644,419.26416643999994
2025-02-22,52,142,732.4720317919955,732.4720317919953,-2.2737367544323206e-13,0.3946,289.0334637451214,289.0334637451214
2025-02-22,52,143,0.0,0.0,0.0,0.4018,0.0,0.0
2025-02-23,53,0,507.10750583333333,507.10750583333333,0.0,0.4172,211.56525143366667,211.56525143366667
2025-02-23,53,1,501.9778499999998,501.9778499999998,0.0,0.4432,222.4765831199999,222.4765831199999
2025-02-23,53,2,0.0,0.0,0.0,0.4545,0.0,0.0
2025-02-23,53,3,0.0,0.0,0.0,0.4306,0.0,0.0
2025-02-23,53,4,0.0,0.0,0.0,0.4163,0.0,0.0
2025-02-23,53,5,541.1746666666667,541.1746666666667,0.0,0.423,228.91688399999998,228.91688399999998
2025-02-23,53,6,1399.8268141666665,1399.8268141666665,0.0,0.4251,595.06637870225,595.06637870225
2025-02-23,53,7,1369.4864966666664,1369.4864966666664,0.0,0.4471,612.2974126596665,612.2974126596665
2025-02-23,53,8,496.08299999999997,496.08299999999997,0.0,0.4647,230.52977009999998,230.52977009999998
2025-02-23,53,9,563.0875166666667,563.0875166666667,0.0,0.4242,238.86172457000004,238.86172457000004
2025-02-23,53,10,1388.3055074999997,1388.3055074999997,0.0,0.3948,548.1030143609999,548.1030143609999
2025-02-23,53,11,1313.50425,1313.50425,0.0,0.4046,531.4438195500001,531.4438195500001
2025-02-23,53,12,1365.7124799999997,1365.7124799999997,0.0,0.4188,571.9603866239999,571.9603866239999
2025-02-23,53,13,1389.5107954691414,1389.5107954691414,0.0,0.4428,615.2753802337359,615.2753802337359
2025-02-23,53,14,1413.7929166666665,1413.7929166666665,0.0,0.4554,643.84129425,643.84129425
2025-02-23,53,15,585.13078,585.13078,0.0,0.4226,247.27626762799997,247.27626762799997
2025-02-23,53,16,603.0771675000001,603.0771675000001,0.0,0.4067,245.27148402225004,245.27148402225004
2025-02-23,53,17,1425.4700833333332,1425.4700833333332,0.0,0.4339,618.5114691583333,618.5114691583333
2025-02-23,53,18,539.1024158333333,539.1024158333333,0.0,0.4641,250.19743118825002,250.19743118825002
2025-02-23,53,19,549.6327141666666,549.6327141666666,0.0,0.4401,241.89335750474996,241.89335750474996
2025-02-23,53,20,616.4541666666667,616.4541666666667,0.0,0.3973,244.91724041666666,244.91724041666666
2025-02-23,53,21,0.0,0.0,0.0,0.4301,0.0,0.0
2025-02-23,53,22,585.5993425,585.5993425,0.0,0.4868,285.06975992900004,285.06975992900004
2025-02-23,53,23,560.2095833333332,560.2095833333332,0.0,0.5042,282.4576719166666,282.4576719166666
2025-02-23,53,24,564.0618325,564.0618325,0.0,0.4678,263.8681252435,263.8681252435
2025-02-23,53,25,595.2316691666666,595.2316691666666,0.0,0.4511,268.5090059610833,268.5090059610833
2025-02-23,53,26,621.6285833333335,621.6285833333335,0.0,0.4836,300.61958290000007,300.61958290000007
2025-02-23,53,27,1446.6297475000001,1446.6297475000001,0.0,0.5218,754.8514022455001,754.8514022455001
2025-02-23,53,28,621.4508216666665,621.4508216666665,0.0,0.4992,310.2282501759999,310.2282501759999
2025-02-23,53,29,0.0,0.0,0.0,0.454,0.0,0.0
2025-02-23,53,30,592.4205033333333,592.4205033333333,0.0,0.4893,289.871352281,289.871352281
2025-02-23,53,31,575.3413808333332,575.3413808333332,0.0,0.5288,304.24052218466664,304.24052218466664
2025-02-23,53,32,1316.2632685185176,1316.2632685185176,0.0,0.4949,651.4186915898143,651.4186915898143
2025-02-23,53,33,653.8951608333333,653.8951608333333,0.0,0.4237,277.05537964508335,277.05537964508335
2025-02-23,53,34,700.7535941666665,700.7535941666665,0.0,0.606,424.6566780649999,424.6566780649999
2025-02-23,53,35,0.0,0.0,0.0,0.9447,0.0,0.0
2025-02-23,53,36,0.0,0.0,0.0,1.034,0.0,0.0
2025-02-23,53,37,0.0,0.0,0.0,1.0263,0.0,0.0
2025-02-23,53,38,0.0,0.0,0.0,1.0245,0.0,0.0
2025-02-23,53,39,0.0,0.0,0.0,0.9686,0.0,0.0
2025-02-23,53,40,0.0,184.5066052968442,184.5066052968442,0.9242,0.0,255.78150692301514
2025-02-23,53,41,0.0,0.0,0.0,0.9253,0.0,0.0
2025-02-23,53,42,0.0,0.0,0.0,0.9394,0.0,0.0
2025-02-23,53,43,0.0,555.6902969444443,555.6902969444443,0.9279,0.0,773.4375398021247
2025-02-23,53,44,482.14570000000003,1301.3557344161936,819.2100344161936,0.8682,418.59889674000004,1485.456124560209
2025-02-23,53,45,1028.6556550537784,1233.0456305555556,204.38997550177714,0.8113,834.5483329451305,1083.2807136320182
2025-02-23,53,46,0.0,0.0,0.0,1.0171,0.0,0.0
2025-02-23,53,47,0.0,0.0,0.0,1.3485,0.0,0.0
2025-02-23,53,48,0.0,0.0,0.0,1.375,0.0,0.0
2025-02-23,53,49,0.0,0.0,0.0,1.2826,0.0,0.0
2025-02-23,53,50,0.0,0.0,0.0,1.241,0.0,0.0
2025-02-23,53,51,0.0,0.0,0.0,1.2326,0.0,0.0
2025-02-23,53,52,0.0,0.0,0.0,1.1981,0.0,0.0
2025-02-23,53,53,0.0,0.0,0.0,1.1409,0.0,0.0
2025-02-23,53,54,0.0,0.0,0.0,1.1182,0.0,0.0
2025-02-23,53,55,0.0,0.0,0.0,1.1147,0.0,0.0
2025-02-23,53,56,0.0,0.0,0.0,1.1048,0.0,0.0
2025-02-23,53,57,0.0,0.0,0.0,1.0837,0.0,0.0
2025-02-23,53,58,0.0,0.0,0.0,1.0955,0.0,0.0
2025-02-23,53,59,0.0,0.0,0.0,1.1368,0.0,0.0
2025-02-23,53,60,0.0,0.0,0.0,1.1407,0.0,0.0
2025-02-23,53,61,0.0,0.0,0.0,1.0367,0.0,0.0
2025-02-23,53,62,0.0,0.0,0.0,0.9529,0.0,0.0
2025-02-23,53,63,0.0,0.0,0.0,1.0596,0.0,0.0
2025-02-23,53,64,0.0,0.0,0.0,0.9302,0.0,0.0
2025-02-23,53,65,0.0,0.0,0.0,0.6011,0.0,0.0
2025-02-23,53,66,538.9007549999995,538.9007549999995,0.0,0.5534,298.22767781699974,298.22767781699974
2025-02-23,53,67,566.2110633333335,566.2110633333335,0.0,0.5986,338.93394251133344,338.93394251133344
2025-02-23,53,68,430.77518920547845,56.559995872145855,-374.2151933333326,0.5901,254.20043915015282,143.78824635715304
2025-02-23,53,69,676.1017674999998,663.7815563888892,-12.320211111110666,0.5868,396.7365171689999,393.121767229
2025-02-23,53,70,721.7229183333336,694.210371111111,-27.512547222222565,0.6027,434.98240287950017,426.69149677408336
2025-02-23,53,71,713.5812666666667,713.5812666666667,0.0,0.6096,434.99914016,434.99914016
2025-02-23,53,72,667.9795072222224,667.9795072222224,0.0,0.5791,386.82693263238895,386.82693263238895
2025-02-23,53,73,682.8030477777781,682.8030477777781,0.0,0.5919,404.15112397966686,404.15112397966686
2025-02-23,53,74,731.4871166666668,658.4609958333332,-73.02612083333361,0.6256,457.6183401866668,434.77576959000004
2025-02-23,53,75,734.5524188888892,644.0093561111112,-90.543062777778,0.5944,436.6179577875558,409.7085595300001
2025-02-23,53,76,761.3630619444444,660.0098163888888,-101.35324555555565,0.6711,510.9507508709167,476.94166932475
2025-02-23,53,77,0.0,0.0,0.0,0.857,0.0,0.0
2025-02-23,53,78,0.0,0.0,0.0,0.9589,0.0,0.0
2025-02-23,53,79,0.0,0.0,0.0,0.9574,0.0,0.0
2025-02-23,53,80,0.0,0.0,0.0,0.9219,0.0,0.0
2025-02-23,53,81,0.0,0.0,0.0,0.936,0.0,0.0
2025-02-23,53,82,0.0,0.0,0.0,0.9722,0.0,0.0
2025-02-23,53,83,0.0,0.0,0.0,1.0069,0.0,0.0
2025-02-23,53,84,0.0,0.0,0.0,1.0349,0.0,0.0
2025-02-23,53,85,0.0,0.0,0.0,1.0005,0.0,0.0
2025-02-23,53,86,0.0,0.0,0.0,0.9662,0.0,0.0
2025-02-23,53,87,0.0,0.0,0.0,1.0314,0.0,0.0
2025-02-23,53,88,0.0,0.0,0.0,0.9365,0.0,0.0
2025-02-23,53,89,1082.1295333333333,979.4749333333331,-102.65460000000019,0.7187,777.7264956066666,740.8375650966665
2025-02-23,53,90,312.8937536111114,312.8937536111114,0.0,0.7012,219.40110003211132,219.40110003211132
2025-02-23,53,91,353.0233663888886,353.0233663888886,0.0,0.803,283.47776321027754,283.47776321027754
2025-02-23,53,92,616.5599870370406,616.5599870370406,0.0,0.8809,543.1276925809291,543.1276925809291
2025-02-23,53,93,386.7728544444444,386.7728544444444,0.0,0.8704,336.6470925084444,336.6470925084444
2025-02-23,53,94,423.8608730555556,423.8608730555555,-1.1368683772161603e-13,0.8451,358.20482381925,358.20482381925
2025-02-23,53,95,306.84193369853637,306.84193369853637,0.0,0.8586,263.4544842735633,263.4544842735633
2025-02-23,53,96,535.641428611111,535.641428611111,0.0,0.898,481.0060028927777,481.0060028927777
2025-02-23,53,97,547.5181755555557,547.5181755555557,0.0,0.908,497.14650340444456,497.14650340444456
2025-02-23,53,98,555.6293960403532,555.6293960403532,0.0,0.9171,509.56771910860795,509.56771910860795
2025-02-23,53,99,549.9354022222221,549.9354022222221,0.0,0.9989,549.3304732797777,549.3304732797777
2025-02-23,53,100,580.4915786111112,580.4915786111114,2.2737367544323206e-13,1.0399,603.6531925976946,603.6531925976949
2025-02-23,53,101,652.9294166666666,652.9294166666666,0.0,1.0323,674.019036825,674.019036825
2025-02-23,53,102,730.6823177777778,730.6823177777778,0.0,1.0804,789.4291761271112,789.4291761271112
2025-02-23,53,103,675.4077348888891,675.4077348888891,0.0,1.1229,758.4153455067335,758.4153455067335
2025-02-23,53,104,754.7471666666667,754.7471666666667,0.0,1.1079,836.1843859500001,836.1843859500001
2025-02-23,53,105,819.1914980555554,819.1914980555554,0.0,1.0676,874.568843324111,874.568843324111
2025-02-23,53,106,748.1029552777775,748.1029552777775,0.0,1.1529,862.4878971397496,862.4878971397496
2025-02-23,53,107,0.0,0.0,0.0,1.3018,0.0,0.0
2025-02-23,53,108,0.0,591.3296491666666,591.3296491666666,1.2971,0.0,1150.5205319011247
2025-02-23,53,109,0.0,617.8546624147174,617.8546624147174,1.2645,0.0,1171.915830935115
2025-02-23,53,110,0.0,631.1307499999998,631.1307499999998,1.2898,0.0,1221.0486620249997
2025-02-23,53,111,642.0807566666666,642.0807566666665,-1.1368683772161603e-13,1.3246,850.5001702806666,850.5001702806666
2025-02-23,53,112,624.2888133333333,624.2888133333333,0.0,1.2981,810.3893085880001,810.3893085880001
2025-02-23,53,113,0.0,341.5873127383745,341.5873127383745,1.2316,0.0,631.0484015528731
2025-02-23,53,114,0.0,0.0,0.0,1.2209,0.0,0.0
2025-02-23,53,115,0.0,0.0,0.0,1.2747,0.0,0.0
2025-02-23,53,116,0.0,645.8301666666667,645.8301666666667,1.3258,0.0,1284.3624524500003
2025-02-23,53,117,0.0,620.2017933333333,620.2017933333333,1.2925,0.0,1202.416226825
2025-02-23,53,118,0.0,619.4627524999999,619.4627524999999,1.2457,0.0,1157.4971261838746
2025-02-23,53,119,0.0,0.0,0.0,1.2394,0.0,0.0
2025-02-23,53,120,0.0,0.0,0.0,1.2604,0.0,0.0
2025-02-23,53,121,0.0,612.6699974999999,612.6699974999999,1.2553,0.0,1153.626971792625
2025-02-23,53,122,520.4351206595105,574.0243333333333,53.58921267382277,1.2598,655.6441650068514,756.9117001965743
2025-02-23,53,123,0.0,0.0,0.0,1.3211,0.0,0.0
2025-02-23,53,124,635.3544616666665,645.4018625,10.04740083333354,1.1604,737.2653173179998,754.7538232085002
2025-02-23,53,125,591.3108333333332,591.3108333333332,0.0,0.8871,524.5518402499999,524.5518402499999
2025-02-23,53,126,595.8489,595.8488999999996,-3.410605131648481e-13,0.9092,541.74581988,541.7458198799998
2025-02-23,53,127,613.5512750000001,613.5512750000001,0.0,0.9619,590.1749714225001,590.1749714225001
2025-02-23,53,128,672.524666574074,672.524666574074,0.0,0.9494,638.4949184454258,638.4949184454258
2025-02-23,53,129,609.8622983333331,609.8622983333331,0.0,0.9959,607.3618629101665,607.3618629101665
2025-02-23,53,130,581.9060199999999,581.9060199999999,0.0,0.7646,444.9253428919999,444.9253428919999
2025-02-23,53,131,1286.9754166666667,1286.9754166666667,0.0,0.39,501.9204125,501.9204125
2025-02-23,53,132,1326.7701124999999,1326.7701124999999,0.0,0.3868,513.194679515,513.194679515
2025-02-23,53,133,1343.9629283333331,1343.9629283333331,0.0,0.4444,597.2571253513332,597.2571253513332
2025-02-23,53,134,1319.4402499999999,1319.4402499999997,-2.2737367544323206e-13,0.395,521.17889875,521.1788987499999
2025-02-23,53,135,1309.2889841666665,1309.2889841666665,0.0,0.3901,510.7536327234166,510.7536327234166
2025-02-23,53,136,494.58772666666664,494.5877266666666,-5.684341886080802e-14,0.4305,212.92001632999998,212.92001632999995
2025-02-23,53,137,185.62572464246642,185.62572464246645,2.842170943040401e-14,0.456,84.6453304369647,84.64533043696471
2025-02-23,53,138,1331.7722933333332,1331.7722933333332,0.0,0.4214,561.2088444106666,561.2088444106666
2025-02-23,53,139,1335.3382841666664,1335.3382841666664,0.0,0.4148,553.8983202723332,553.8983202723332
2025-02-23,53,140,0.0,0.0,0.0,0.4442,0.0,0.0
2025-02-23,53,141,0.0,0.0,0.0,0.4312,0.0,0.0
2025-02-23,53,142,541.0396308333333,541.0396308333333,0.0,0.4072,220.3113376753333,220.3113376753333
2025-02-23,53,143,1312.7479166666667,1312.7479166666658,-9.094947017729282e-13,0.411,539.5393937499999,539.5393937499998
2025-02-24,54,0,1405.5755791666666,1405.5755791666666,0.0,0.4486,630.5412048141666,630.5412048141666
2025-02-24,54,1,1408.0011599999998,1408.0011599999998,0.0,0.4807,676.826157612,676.826157612
2025-02-24,54,2,547.1302499999999,547.1302499999999,0.0,0.4776,261.3094074,261.3094074
2025-02-24,54,3,557.4073833333332,557.4073833333332,0.0,0.4433,247.0986930316666,247.0986930316666
2025-02-24,54,4,566.5631408333334,566.5631408333334,0.0,0.4289,242.99893110341668,242.99893110341668
2025-02-24,54,5,1406.1601666666666,1406.1601666666666,0.0,0.4404,619.2729373999999,619.2729373999999
2025-02-24,54,6,615.3948916666666,615.3948916666666,0.0,0.4456,274.2199637266666,274.2199637266666
2025-02-24,54,7,592.1771949999999,592.1771949999999,0.0,0.4848,287.08750413599995,287.08750413599995
2025-02-24,54,8,1383.0674166666663,1383.0674166666663,0.0,0.5174,715.5990813833331,715.5990813833331
2025-02-24,54,9,625.0777066666667,625.0777066666667,0.0,0.456,285.03543424000003,285.03543424000003
2025-02-24,54,10,612.47897,612.47897,0.0,0.4179,255.954961563,255.954961563
2025-02-24,54,11,1361.1672499999997,1361.1672499999997,0.0,0.4324,588.5687188999999,588.5687188999999
2025-02-24,54,12,597.3948974999998,597.3948974999998,0.0,0.4223,252.27986521424995,252.27986521424995
2025-02-24,54,13,517.4649193924664,517.4649193924664,0.0,0.4395,227.42583207298898,227.42583207298898
2025-02-24,54,14,643.1211666666667,643.1211666666667,0.0,0.4645,298.7297819166667,298.7297819166667
2025-02-24,54,15,632.583805,632.583805,0.0,0.4202,265.811714861,265.811714861
2025-02-24,54,16,643.2775391666668,643.2775391666668,0.0,0.4147,266.7671954924167,266.7671954924167
2025-02-24,54,17,641.3321666666668,641.3321666666668,0.0,0.4582,293.8583987666667,293.8583987666667
2025-02-24,54,18,611.2695716666667,611.2695716666667,0.0,0.4497,274.8879263785,274.8879263785
2025-02-24,54,19,616.3156124999999,616.3156124999999,0.0,0.4246,261.6876090675,261.6876090675
2025-02-24,54,20,651.3658333333333,651.3658333333333,0.0,0.4174,271.8800988333333,271.8800988333333
2025-02-24,54,21,1475.8164208333333,1475.8164208333333,0.0,0.4291,633.2728261795833,633.2728261795833
2025-02-24,54,22,1463.6015283333331,1463.6015283333331,0.0,0.4743,694.1862048884999,694.1862048884999
2025-02-24,54,23,626.1274999999999,626.1274999999999,0.0,0.5178,324.2088195,324.2088195
2025-02-24,54,24,616.5078199999999,616.5078199999999,0.0,0.4981,307.08254514199996,307.08254514199996
2025-02-24,54,25,0.0,0.0,0.0,0.4561,0.0,0.0
2025-02-24,54,26,0.0,0.0,0.0,0.4273,0.0,0.0
2025-02-24,54,27,0.0,0.0,0.0,0.4173,0.0,0.0
2025-02-24,54,28,673.5787799999998,673.5787799999998,0.0,0.4375,294.6907162499999,294.6907162499999
2025-02-24,54,29,1282.3864740740732,1282.3864740740732,0.0,0.4695,602.0804495777774,602.0804495777774
2025-02-24,54,30,645.5485799999999,645.5485799999999,0.0,0.4764,307.53934351199996,307.53934351199996
2025-02-24,54,31,653.2281525,653.2281525,0.0,0.4731,309.04223894775,309.04223894775
2025-02-24,54,32,1504.8014166666667,1504.8014166666667,0.0,0.4468,672.3452729666666,672.3452729666666
2025-02-24,54,33,1535.3177908333332,1535.3177908333332,0.0,0.4087,627.4843811135833,627.4843811135833
2025-02-24,54,34,773.635895833333,773.635895833333,0.0,0.6129,474.16144055624983,474.16144055624983
2025-02-24,54,35,81.44724999999994,179.29971369829448,97.85246369829454,0.9481,77.22013772499994,216.38101897352954
2025-02-24,54,36,27.973624166666553,27.973624166666553,0.0,1.0219,28.58624653591655,28.58624653591655
2025-02-24,54,37,776.2267898261766,776.2267898261766,0.0,1.0171,789.5002679322041,789.5002679322041
2025-02-24,54,38,0.0,0.0,0.0,1.0541,0.0,0.0
2025-02-24,54,39,0.0,0.0,0.0,1.0572,0.0,0.0
2025-02-24,54,40,0.0,0.0,0.0,1.0099,0.0,0.0
2025-02-24,54,41,0.0,0.0,0.0,0.9368,0.0,0.0
2025-02-24,54,42,1556.4229938888886,1528.0897077777774,-28.333286111111192,0.887,1380.5471955794442,1367.9813831891665
2025-02-24,54,43,1482.963263611111,1442.9492913888887,-40.013972222222264,0.9045,1341.3402719362498,1323.2439529987498
2025-02-24,54,44,580.7060250000001,580.7060250000001,0.0,0.8905,517.1187152625,517.1187152625
2025-02-24,54,45,1353.4036372222222,1290.0282927777778,-63.37534444444441,0.7483,1012.7519417333888,989.0400566095
2025-02-24,54,46,0.0,0.0,0.0,0.9274,0.0,0.0
2025-02-24,54,47,0.0,0.0,0.0,1.3336,0.0,0.0
2025-02-24,54,48,0.0,0.0,0.0,1.3842,0.0,0.0
2025-02-24,54,49,0.0,0.0,0.0,1.261,0.0,0.0
2025-02-24,54,50,0.0,0.0,0.0,1.1678,0.0,0.0
2025-02-24,54,51,0.0,0.0,0.0,1.1297,0.0,0.0
2025-02-24,54,52,0.0,0.0,0.0,1.162,0.0,0.0
2025-02-24,54,53,0.0,0.0,0.0,1.1979,0.0,0.0
2025-02-24,54,54,0.0,0.0,0.0,1.139,0.0,0.0
2025-02-24,54,55,0.0,0.0,0.0,1.0841,0.0,0.0
2025-02-24,54,56,0.0,0.0,0.0,1.0546,0.0,0.0
2025-02-24,54,57,0.0,0.0,0.0,0.9891,0.0,0.0
2025-02-24,54,58,0.0,0.0,0.0,0.995,0.0,0.0
2025-02-24,54,59,0.0,0.0,0.0,1.0475,0.0,0.0
2025-02-24,54,60,0.0,0.0,0.0,1.0108,0.0,0.0
2025-02-24,54,61,0.0,0.0,0.0,1.0021,0.0,0.0
2025-02-24,54,62,0.0,0.0,0.0,1.0375,0.0,0.0
2025-02-24,54,63,0.0,0.0,0.0,0.9847,0.0,0.0
2025-02-24,54,64,0.0,42.41925878510293,42.41925878510293,0.7916,0.0,50.36862788143122
2025-02-24,54,65,581.7872166666668,581.787216666667,1.1368683772161603e-13,0.5928,344.8834620400001,344.8834620400002
2025-02-24,54,66,581.0387922222221,581.0387922222221,0.0,0.5909,343.33582232411106,343.33582232411106
2025-02-24,54,67,594.5508577777778,594.5508577777778,0.0,0.6098,362.5571130728889,362.5571130728889
2025-02-24,54,68,599.5413249999997,599.5413249999997,0.0,0.5628,337.4218577099998,337.4218577099998
2025-02-24,54,69,630.7796355555556,630.7796355555557,1.1368683772161603e-13,0.5319,335.51168815200003,335.51168815200015
2025-02-24,54,70,630.7642852777776,630.7642852777776,0.0,0.5314,335.188141196611,335.188141196611
2025-02-24,54,71,0.0,0.0,0.0,0.5386,0.0,0.0
2025-02-24,54,72,538.1000194444443,538.1000194444443,0.0,0.5272,283.68633025111103,283.68633025111103
2025-02-24,54,73,550.7395713888891,550.7395713888891,0.0,0.5255,289.4136447648612,289.4136447648612
2025-02-24,54,74,586.8660500000003,586.8660500000003,0.0,0.5115,300.1819845750001,300.1819845750001
2025-02-24,54,75,580.146413611111,580.146413611111,0.0,0.4667,270.7543312323055,270.7543312323055
2025-02-24,54,76,468.59054726103716,468.59054726103733,1.7053025658242404e-13,0.6271,293.8531321873964,293.85313218739657
2025-02-24,54,77,0.0,0.0,0.0,0.8934,0.0,0.0
2025-02-24,54,78,0.0,0.0,0.0,0.9142,0.0,0.0
2025-02-24,54,79,0.0,0.0,0.0,0.9136,0.0,0.0
2025-02-24,54,80,0.0,0.0,0.0,0.9647,0.0,0.0
2025-02-24,54,81,0.0,0.0,0.0,0.9168,0.0,0.0
2025-02-24,54,82,4.617809166666575,4.617809166666575,0.0,0.9138,4.219754016499916,4.219754016499916
2025-02-24,54,83,21.620916666666744,21.620916666666744,0.0,0.9874,21.348493116666745,21.348493116666745
2025-02-24,54,84,0.0,0.0,0.0,1.0111,0.0,0.0
2025-02-24,54,85,0.0,0.0,0.0,0.9831,0.0,0.0
2025-02-24,54,86,0.0,0.0,0.0,0.9936,0.0,0.0
2025-02-24,54,87,0.0,0.0,0.0,1.0986,0.0,0.0
2025-02-24,54,88,0.0,0.0,0.0,1.001,0.0,0.0
2025-02-24,54,89,1308.7135,1232.549083333333,-76.16441666666697,0.7556,988.8639206000001,960.0890039833333
2025-02-24,54,90,992.4061828703716,992.4061828703716,0.0,0.728,722.4717011296304,722.4717011296304
2025-02-24,54,91,567.9648063888885,567.9648063888885,0.0,0.7737,439.43437070308306,439.43437070308306
2025-02-24,54,92,598.0757916666666,598.0757916666666,0.0,0.796,476.06833016666667,476.06833016666667
2025-02-24,54,93,650.5284452777778,650.5284452777777,-1.1368683772161603e-13,0.8505,553.27444270875,553.2744427087499
2025-02-24,54,94,0.0,0.0,0.0,0.8844,0.0,0.0
2025-02-24,54,95,715.2039166666665,715.2039166666663,-2.2737367544323206e-13,0.887,634.3858740833332,634.3858740833331
2025-02-24,54,96,1533.8325236324017,1533.8325236324017,0.0,0.9066,1390.5725659251355,1390.5725659251355
2025-02-24,54,97,803.0558222222226,803.0558222222224,-1.1368683772161603e-13,0.9431,757.3619459377782,757.361945937778
2025-02-24,54,98,789.8012630034013,789.8012630034016,2.2737367544323206e-13,0.9834,776.690562037545,776.6905620375453
2025-02-24,54,99,828.6705611111108,828.6705611111108,0.0,1.0147,840.8520183594441,840.8520183594441
2025-02-24,54,100,897.7111967554803,897.7111967554803,0.0,1.0235,918.8074098792341,918.8074098792341
2025-02-24,54,101,888.3406833333332,888.3406833333332,0.0,1.0354,919.7879435233333,919.7879435233333
2025-02-24,54,102,880.94136,880.94136,0.0,1.0901,960.3141765360001,960.3141765360001
2025-02-24,54,103,924.7432714445281,924.7432714445281,0.0,1.1292,1044.2201021151611,1044.2201021151611
2025-02-24,54,104,981.1159416666666,981.1159416666667,1.1368683772161603e-13,1.1119,1090.9028155391666,1090.9028155391668
2025-02-24,54,105,1022.1619741666664,1022.1619741666665,1.1368683772161603e-13,1.0681,1091.7712046074164,1091.7712046074166
2025-02-24,54,106,882.8430049999996,882.8430049999996,0.0,1.1331,1000.3494089654996,1000.3494089654996
2025-02-24,54,107,687.4135833333335,687.4135833333336,1.1368683772161603e-13,1.2644,869.1657347666668,869.165734766667
2025-02-24,54,108,0.0,0.0,0.0,1.2778,0.0,0.0
2025-02-24,54,109,0.0,0.0,0.0,1.2355,0.0,0.0
2025-02-24,54,110,0.0,0.0,0.0,1.227,0.0,0.0
2025-02-24,54,111,0.0,0.0,0.0,1.276,0.0,0.0
2025-02-24,54,112,354.5189195484017,354.5189195484017,0.0,1.2956,459.31471216690926,459.31471216690926
2025-02-24,54,113,0.0,0.0,0.0,1.2682,0.0,0.0
2025-02-24,54,114,0.0,192.12973671566868,192.12973671566868,1.2583,0.0,362.63527156398885
2025-02-24,54,115,0.0,0.0,0.0,1.2699,0.0,0.0
2025-02-24,54,116,0.0,0.0,0.0,1.2798,0.0,0.0
2025-02-24,54,117,711.2398499999999,711.2398499999998,-1.1368683772161603e-13,1.2709,903.9147253649999,903.9147253649999
2025-02-24,54,118,700.7616491666665,700.7616491666664,-1.1368683772161603e-13,1.289,903.2817657758332,903.281765775833
2025-02-24,54,119,0.0,0.0,0.0,1.3055,0.0,0.0
2025-02-24,54,120,0.0,0.0,0.0,1.2486,0.0,0.0
2025-02-24,54,121,0.0,0.0,0.0,1.2327,0.0,0.0
2025-02-24,54,122,683.3235833333332,683.3235833333332,0.0,1.3019,889.6189731416665,889.6189731416665
2025-02-24,54,123,0.0,0.0,0.0,1.3564,0.0,0.0
2025-02-24,54,124,722.327545,722.327545,0.0,1.2043,869.8990624434999,869.8990624434999
2025-02-24,54,125,704.6011314814815,704.6011314814814,-1.1368683772161603e-13,0.9576,674.7260435066667,674.7260435066665
2025-02-24,54,126,704.2885299999998,704.2885299999998,0.0,0.9284,653.8614712519998,653.8614712519998
2025-02-24,54,127,717.0731558333333,717.0731558333334,1.1368683772161603e-13,0.9393,673.54681527425,673.5468152742501
2025-02-24,54,128,1547.6758333333332,1547.6758333333335,2.2737367544323206e-13,0.9339,1445.3744607499998,1445.37446075
2025-02-24,54,129,0.0,0.0,0.0,0.9928,0.0,0.0
2025-02-24,54,130,669.4256333333333,680.8800832500003,11.454449916667045,0.7837,524.6288688433333,538.0941474428712
2025-02-24,54,131,1336.0813333333333,1336.081333333333,-2.2737367544323206e-13,0.414,553.137672,553.1376719999998
2025-02-24,54,132,1322.2456783333332,1322.2456078977611,-7.04355720699823e-05,0.3649,482.4874480238333,482.4874351728632
2025-02-24,54,133,601.6992783333332,601.6992783333333,1.1368683772161603e-13,0.4357,262.16037556983326,262.1603755698333
2025-02-24,54,134,806.5526489133473,806.5526489133473,0.0,0.4433,357.5447892632869,357.5447892632869
2025-02-24,54,135,1368.4332416666666,1368.4332416666664,-2.2737367544323206e-13,0.4118,563.5208089183333,563.5208089183333
2025-02-24,54,136,1354.4292741666668,1354.429274166667,2.2737367544323206e-13,0.4153,562.4944775614167,562.4944775614168
2025-02-24,54,137,568.2350833333334,568.2350833333334,0.0,0.4578,260.13802115,260.13802115
2025-02-24,54,138,569.6868658333332,569.6868658333331,-1.1368683772161603e-13,0.4752,270.71519864399994,270.7151986439999
2025-02-24,54,139,1414.2393658333335,1412.0866766666666,-2.15268916666696,0.4519,639.0947694200835,638.6083693028751
2025-02-24,54,140,1373.6161666666667,1373.6161666666665,-2.2737367544323206e-13,0.4101,563.31998995,563.3199899499999
2025-02-24,54,141,1408.2022958333332,1376.1592791666665,-32.043016666666745,0.3923,552.4377606554166,546.15252293625
2025-02-24,54,142,0.0,2.374607911018387,2.374607911018387,0.4206,0.0,1.4981401310615003
2025-02-24,54,143,0.0,0.0,0.0,0.4711,0.0,0.0
2025-02-25,55,0,553.8877858333334,553.8877858333334,0.0,0.4872,269.85412925800006,269.85412925800006
2025-02-25,55,1,1381.4280783333334,1381.4280783333334,0.0,0.447,617.498351015,617.498351015
2025-02-25,55,2,1381.8974166666667,1381.8974166666667,0.0,0.3959,547.0931872583333,547.0931872583333
2025-02-25,55,3,1385.236863333333,1385.236863333333,0.0,0.4063,562.8217375723332,562.8217375723332
2025-02-25,55,4,1415.4618441666667,1415.4618441666667,0.0,0.4285,606.5254002254167,606.5254002254167
2025-02-25,55,5,1447.6148333333333,1447.6148333333333,0.0,0.442,639.8457563333334,639.8457563333334
2025-02-25,55,6,599.8385924999998,599.8385924999998,0.0,0.4672,280.2445904159999,280.2445904159999
2025-02-25,55,7,610.2490283333334,610.2490283333334,0.0,0.4499,274.5510378471667,274.5510378471667
2025-02-25,55,8,628.4113333333331,628.4113333333331,0.0,0.4134,259.7852451999999,259.7852451999999
2025-02-25,55,9,587.8742133333334,587.8742133333334,0.0,0.4368,256.78345638400003,256.78345638400003
2025-02-25,55,10,602.5807108333335,602.5807108333335,0.0,0.4383,264.1111255582501,264.1111255582501
2025-02-25,55,11,659.5735833333333,659.5735833333333,0.0,0.401,264.48900691666665,264.48900691666665
2025-02-25,55,12,1016.7926224932392,1016.7926224932392,0.0,0.3964,403.05659555631996,403.05659555631996
2025-02-25,55,13,1440.4214258333332,1440.4214258333332,0.0,0.4232,609.5863474126667,609.5863474126667
2025-02-25,55,14,632.9671666666667,632.9671666666667,0.0,0.4478,283.4426972333333,283.4426972333333
2025-02-25,55,15,0.0,0.0,0.0,0.4411,0.0,0.0
2025-02-25,55,16,0.0,0.0,0.0,0.4412,0.0,0.0
2025-02-25,55,17,668.2308333333333,668.2308333333333,0.0,0.4591,306.7847755833333,306.7847755833333
2025-02-25,55,18,640.3015249999997,640.3015249999997,0.0,0.4669,298.95678202249985,298.95678202249985
2025-02-25,55,19,626.6097833333332,626.6097833333332,0.0,0.4592,287.7392125066666,287.7392125066666
2025-02-25,55,20,648.0905833333334,648.0905833333334,0.0,0.4516,292.67770743333335,292.67770743333335
2025-02-25,55,21,639.3790208333334,639.3790208333334,0.0,0.4594,293.7307221708333,293.7307221708333
2025-02-25,55,22,615.7646999999998,615.7646999999998,0.0,0.4383,269.8896680099999,269.8896680099999
2025-02-25,55,23,1446.8600833333333,1446.8600833333333,0.0,0.4248,614.6261634,614.6261634
2025-02-25,55,24,1200.1303682407402,1200.1303682407402,0.0,0.4942,593.1044279845737,593.1044279845737
2025-02-25,55,25,629.3109141666666,629.3109141666666,0.0,0.5062,318.55718475116663,318.55718475116663
2025-02-25,55,26,0.0,0.0,0.0,0.4479,0.0,0.0
2025-02-25,55,27,0.0,0.0,0.0,0.4463,0.0,0.0
2025-02-25,55,28,313.75960833333085,313.75960833333085,0.0,0.4613,144.73730732416553,144.73730732416553
2025-02-25,55,29,687.2535,687.2535,0.0,0.4798,329.74422930000003,329.74422930000003
2025-02-25,55,30,1506.9409566666666,1506.9409566666666,0.0,0.5293,797.6238483636666,797.6238483636666
2025-02-25,55,31,1497.0491075,1497.0491075,0.0,0.5232,783.256093044,783.256093044
2025-02-25,55,32,0.0,0.0,0.0,0.4434,0.0,0.0
2025-02-25,55,33,1418.3358058333333,1418.3358058333333,0.0,0.4096,580.9503460693334,580.9503460693334
2025-02-25,55,34,679.5251708333334,679.5251708333334,0.0,0.6771,460.10649317125007,460.10649317125007
2025-02-25,55,35,62.20124999999996,49.609166666666624,-12.592083333333335,1.0411,64.75772137499995,58.20291239583328
2025-02-25,55,36,31.506804722222174,33.10947166666662,1.6026669444444472,1.0197,32.12748877524995,34.57884800012496
2025-02-25,55,37,853.5910436111112,552.3468766566401,-301.2441669544711,0.9719,829.605135285639,683.2155323541137
2025-02-25,55,38,47.68686666666664,0.0,-47.68686666666664,1.0264,48.94579994666664,24.47289997333332
2025-02-25,55,39,0.0,0.0,0.0,0.9609,0.0,0.0
2025-02-25,55,40,741.2015561111111,0.0,-741.2015561111111,0.9289,688.5021254716111,344.25106273580553
2025-02-25,55,41,555.6262431595082,555.6262431595085,2.2737367544323206e-13,0.9725,540.3465214726218,540.3465214726222
2025-02-25,55,42,671.5847219444446,651.4771288888887,-20.107593055555867,0.9607,645.191442372028,635.5327600477916
2025-02-25,55,43,613.6782355555553,584.8627394444442,-28.815496111111088,0.9074,556.8516309431109,543.7780403574998
2025-02-25,55,44,555.3734666666668,555.3162903506465,-0.0571763160203318,0.8449,469.2350419866668,469.21088785196395
2025-02-25,55,45,1330.1205444444445,1250.9134397222222,-79.20710472222231,0.8177,1087.6395691922223,1055.2557444265417
2025-02-25,55,46,0.0,0.0,0.0,0.9866,0.0,0.0
2025-02-25,55,47,0.0,0.0,0.0,1.2429,0.0,0.0
2025-02-25,55,48,0.0,0.0,0.0,1.2882,0.0,0.0
2025-02-25,55,49,0.0,0.0,0.0,1.2503,0.0,0.0
2025-02-25,55,50,0.0,0.0,0.0,1.2152,0.0,0.0
2025-02-25,55,51,0.0,0.0,0.0,1.1403,0.0,0.0
2025-02-25,55,52,0.0,0.0,0.0,1.0751,0.0,0.0
2025-02-25,55,53,0.0,0.0,0.0,1.0548,0.0,0.0
2025-02-25,55,54,0.0,0.0,0.0,1.0661,0.0,0.0
2025-02-25,55,55,0.0,0.0,0.0,1.0571,0.0,0.0
2025-02-25,55,56,0.0,0.0,0.0,1.0193,0.0,0.0
2025-02-25,55,57,0.0,0.0,0.0,0.9883,0.0,0.0
2025-02-25,55,58,0.0,0.0,0.0,0.9668,0.0,0.0
2025-02-25,55,59,0.0,0.0,0.0,0.9555,0.0,0.0
2025-02-25,55,60,0.0,0.0,0.0,0.9571,0.0,0.0
2025-02-25,55,61,0.0,0.0,0.0,0.9571,0.0,0.0
2025-02-25,55,62,0.0,0.0,0.0,0.9545,0.0,0.0
2025-02-25,55,63,0.0,0.0,0.0,0.935,0.0,0.0
2025-02-25,55,64,67.82782583333346,0.0,-67.82782583333346,0.7677,52.0714218922501,26.03571094612505
2025-02-25,55,65,904.8086666666668,708.7503500000003,-196.05831666666654,0.5436,491.85399120000005,438.5653407300001
2025-02-25,55,66,902.9238580555557,714.8665708333333,-188.05728722222239,0.5029,454.08040821613895,406.79340334411114
2025-02-25,55,67,868.5258136111113,722.8396083333332,-145.68620527777807,0.4894,425.05653318127787,389.40711874980553
2025-02-25,55,68,824.5106416666665,723.1043166666666,-101.40632499999992,0.4499,370.9473376858333,348.1359848770833
2025-02-25,55,69,825.8484288888885,760.64832,-65.20010888888851,0.4863,401.6100909686665,385.75668449233325
2025-02-25,55,70,805.0158352777778,776.1977583333332,-28.818076944444556,0.5057,407.09650789997227,399.8098571445695
2025-02-25,55,71,771.7275333333332,771.7275333333332,0.0,0.4775,368.4998971666666,368.4998971666666
2025-02-25,55,72,784.4712519444447,784.4712519444447,0.0,0.4683,367.36788728558344,367.36788728558344
2025-02-25,55,73,794.8217230555554,765.1795797222219,-29.64214333333348,0.4794,381.03753403283326,373.9323122758332
2025-02-25,55,74,757.652583333333,709.1120104166664,-48.54057291666663,0.4579,346.9291179083332,335.81575373906236
2025-02-25,55,75,705.4712711111115,667.3148119444443,-38.15645916666722,0.3966,279.7899061226668,272.2234802699167
2025-02-25,55,76,739.1014638888887,25.750398657960545,-713.3510652309282,0.5963,440.7262029169444,228.04058281834313
2025-02-25,55,77,0.0,0.0,0.0,0.9427,0.0,0.0
2025-02-25,55,78,0.0,0.0,0.0,0.9916,0.0,0.0
2025-02-25,55,79,45.411925277777755,0.0,-45.411925277777755,0.9382,42.60546829561109,21.302734147805545
2025-02-25,55,80,0.0,0.0,0.0,0.9308,0.0,0.0
2025-02-25,55,81,38.67908739604426,0.0,-38.67908739604426,0.9166,35.45325150721417,17.726625753607085
2025-02-25,55,82,50.5888344444445,14.409740000000284,-36.17909444444422,0.8879,44.917826103222275,28.856117124611266
2025-02-25,55,83,0.0,0.0,0.0,0.8801,0.0,0.0
2025-02-25,55,84,0.0,0.0,0.0,0.93,0.0,0.0
2025-02-25,55,85,0.0,0.0,0.0,0.9691,0.0,0.0
2025-02-25,55,86,0.0,0.0,0.0,0.9949,0.0,0.0
2025-02-25,55,87,0.0,0.0,0.0,1.0416,0.0,0.0
2025-02-25,55,88,0.0,0.0,0.0,0.9334,0.0,0.0
2025-02-25,55,89,0.0,0.0,0.0,0.751,0.0,0.0
2025-02-25,55,90,358.8489824999999,358.8489824999999,0.0,0.7705,276.4931410162499,276.4931410162499
2025-02-25,55,91,402.49645916666657,402.4964591666667,1.1368683772161603e-13,0.8181,329.2823532442499,329.28235324425003
2025-02-25,55,92,445.78495833333307,445.7849583333329,-1.7053025658242404e-13,0.8044,358.58942048333313,358.589420483333
2025-02-25,55,93,490.67443666666657,490.67443666666685,2.8421709430404007e-13,0.8178,401.2735543059999,401.2735543060002
2025-02-25,55,94,1352.5613266666664,1352.561326666667,4.547473508864641e-13,0.8561,1157.9277517593332,1157.927751759334
2025-02-25,55,95,1391.0241833333334,1391.0241833333334,0.0,0.892,1240.7935715333335,1240.7935715333335
2025-02-25,55,96,637.8204844444442,637.8204844444442,0.0,0.9041,576.6534999862221,576.6534999862221
2025-02-25,55,97,667.221926388889,667.221926388889,0.0,0.8938,596.362957806389,596.362957806389
2025-02-25,55,98,663.4929749999999,663.4929749999999,0.0,0.9127,605.5700382824999,605.5700382824999
2025-02-25,55,99,756.6677752777775,756.6677752777775,0.0,1.0055,760.8294480418053,760.8294480418053
2025-02-25,55,100,837.0412538888891,837.0412538888891,0.0,1.0225,855.874682101389,855.874682101389
2025-02-25,55,101,858.5233499999999,858.5233499999999,0.0,0.974,836.2017428999999,836.2017428999999
2025-02-25,55,102,885.7103944444444,885.7103944444444,0.0,1.0177,901.3874684261111,901.3874684261111
2025-02-25,55,103,953.6146230555554,953.6146230555554,0.0,1.073,1023.2284905386109,1023.2284905386109
2025-02-25,55,104,1033.5587999999998,1033.5587999999998,0.0,1.0862,1122.6515685599998,1122.6515685599998
2025-02-25,55,105,990.3272294444445,990.3272294444444,-1.1368683772161603e-13,1.1014,1090.746410510111,1090.746410510111
2025-02-25,55,106,887.4909805555551,887.490980555555,-1.1368683772161603e-13,1.1942,1059.8417289794438,1059.8417289794436
2025-02-25,55,107,705.7626666666666,484.62448582038166,-221.13818084628497,1.2991,916.8562802666665,773.2159748979622
2025-02-25,55,108,0.0,0.0,0.0,1.2769,0.0,0.0
2025-02-25,55,109,0.0,0.0,0.0,1.2747,0.0,0.0
2025-02-25,55,110,692.5970000000001,685.3798281008598,-7.2171718991403395,1.3107,907.7868879000001,903.0571142958985
2025-02-25,55,111,0.0,0.0,0.0,1.2621,0.0,0.0
2025-02-25,55,112,0.0,0.0,0.0,1.244,0.0,0.0
2025-02-25,55,113,0.0,0.0,0.0,1.2891,0.0,0.0
2025-02-25,55,114,0.0,0.0,0.0,1.3084,0.0,0.0
2025-02-25,55,115,0.0,0.0,0.0,1.3034,0.0,0.0
2025-02-25,55,116,0.0,0.0,0.0,1.2945,0.0,0.0
2025-02-25,55,117,699.97982,693.4496006612983,-6.530219338701727,1.2922,904.513923404,900.2947486892649
2025-02-25,55,118,0.0,0.0,0.0,1.2932,0.0,0.0
2025-02-25,55,119,0.0,0.0,0.0,1.2913,0.0,0.0
2025-02-25,55,120,0.0,0.0,0.0,1.2841,0.0,0.0
2025-02-25,55,121,367.53947119602435,367.5394711960243,-5.684341886080802e-14,1.2844,472.0676968041737,472.06769680417364
2025-02-25,55,122,736.5933075190437,706.9576666666666,-29.63564085237715,1.2999,957.497640444005,938.2359556720025
2025-02-25,55,123,0.0,0.0,0.0,1.301,0.0,0.0
2025-02-25,55,124,734.0952066666667,728.8349608333333,-5.2602458333334425,1.1563,848.8342874686668,845.793076340125
2025-02-25,55,125,1571.4806666666664,1538.7149166666666,-32.7657499999998,0.9578,1505.1641825333331,1489.472664858333
2025-02-25,55,126,747.4509399999997,747.4509399999997,0.0,0.944,705.5936873599996,705.5936873599996
2025-02-25,55,127,731.7169575,731.7169575000001,1.1368683772161603e-13,0.9531,697.39943219325,697.3994321932502
2025-02-25,55,128,742.2840833333332,742.2840833333332,0.0,0.9393,697.2274394749999,697.2274394749999
2025-02-25,55,129,0.042706666667186255,0.04270666666718625,-6.938893903907228e-18,0.9762,0.04169024800050722,0.04169024800050721
2025-02-25,55,130,692.0975166666668,692.0975166666668,0.0,0.7627,527.8627759616668,527.8627759616668
2025-02-25,55,131,827.9163328455937,827.9163328455936,-1.1368683772161603e-13,0.4235,350.62256696010894,350.6225669601089
2025-02-25,55,132,1335.983365,1335.9833650000003,2.2737367544323206e-13,0.4158,555.5018831670001,555.5018831670002
2025-02-25,55,133,561.0373549999999,561.0373549999998,-1.1368683772161603e-13,0.4519,253.5327807245,253.53278072449996
2025-02-25,55,134,577.7139166666667,577.7139166666667,0.0,0.4005,231.37442362500002,231.37442362500002
2025-02-25,55,135,567.5295816666666,567.5295816666667,1.1368683772161603e-13,0.4179,237.17061217849997,237.17061217850005
2025-02-25,55,136,532.6225633333335,532.6225633333335,0.0,0.4251,226.41785167300003,226.41785167300003
2025-02-25,55,137,509.1293333333334,509.1293333333335,5.684341886080802e-14,0.398,202.6334746666667,202.63347466666673
2025-02-25,55,138,1381.8964499999997,1381.8964499999997,0.0,0.4048,559.3916829599999,559.3916829599999
2025-02-25,55,139,1367.8873891666665,1367.8873891666663,-2.2737367544323206e-13,0.4162,569.3147313711667,569.3147313711665
2025-02-25,55,140,1366.87425,1366.8742500000003,2.2737367544323206e-13,0.4186,572.1735610500001,572.1735610500002
2025-02-25,55,141,607.2214441666666,719.9823143973855,112.76087023071887,0.4264,258.9192237926666,331.0410763922344
2025-02-25,55,142,615.0910341666665,615.0910341666664,-1.1368683772161603e-13,0.4038,248.37375959649995,248.37375959649992
2025-02-25,55,143,1371.8262916666665,1371.8262916666667,2.2737367544323206e-13,0.3725,511.00529364583326,511.0052936458334
2025-02-26,56,0,1389.6049641666664,1389.6049641666664,0.0,0.3951,549.0329213422499,549.0329213422499
2025-02-26,56,1,562.5434416666666,562.5434416666666,0.0,0.4191,235.76195640249995,235.76195640249995
2025-02-26,56,2,527.9763333333333,527.9763333333333,0.0,0.4169,220.11333336666664,220.11333336666664
2025-02-26,56,3,1374.698583333333,1374.698583333333,0.0,0.4112,565.2760574666665,565.2760574666665
2025-02-26,56,4,569.3523316666667,569.3523316666667,0.0,0.4068,231.61252852200002,231.61252852200002
2025-02-26,56,5,221.85019159958188,221.85019159958188,0.0,0.4139,91.82379430306693,91.82379430306693
2025-02-26,56,6,1471.6457691666665,1471.6457691666665,0.0,0.4383,645.02234062575,645.02234062575
2025-02-26,56,7,1443.9432433333332,1443.9432433333332,0.0,0.4341,626.8157619309999,626.8157619309999
2025-02-26,56,8,556.9174999999999,556.9174999999999,0.0,0.4257,237.07977974999997,237.07977974999997
2025-02-26,56,9,608.5828124999999,608.5828124999999,0.0,0.4773,290.47657640625,290.47657640625
2025-02-26,56,10,597.9278008333333,597.9278008333333,0.0,0.4817,288.02182166141665,288.02182166141665
2025-02-26,56,11,533.7438333333332,533.7438333333332,0.0,0.4412,235.4877792666666,235.4877792666666
2025-02-26,56,12,0.0,0.0,0.0,0.461,0.0,0.0
2025-02-26,56,13,656.8944775000001,656.8944775000001,0.0,0.4546,298.62422947150003,298.62422947150003
2025-02-26,56,14,1475.4880833333332,1475.4880833333332,0.0,0.4209,621.0329342749999,621.0329342749999
2025-02-26,56,15,1473.4917524999998,1473.4917524999998,0.0,0.454,668.965255635,668.965255635
2025-02-26,56,16,666.4883991666667,666.4883991666667,0.0,0.4908,327.112506311,327.112506311
2025-02-26,56,17,667.023,667.023,0.0,0.5003,333.7116069,333.7116069
2025-02-26,56,18,1437.4675174999998,1437.4675174999998,0.0,0.5098,732.8209404214999,732.8209404214999
2025-02-26,56,19,1438.0376758333332,1438.0376758333332,0.0,0.4869,700.18054436325,700.18054436325
2025-02-26,56,20,0.0,0.0,0.0,0.4441,0.0,0.0
2025-02-26,56,21,0.0,0.0,0.0,0.4384,0.0,0.0
2025-02-26,56,22,619.8003716666667,619.8003716666667,0.0,0.4627,286.7816319701667,286.7816319701667
2025-02-26,56,23,1438.24125,1438.24125,0.0,0.4883,702.2932023750001,702.2932023750001
2025-02-26,56,24,1260.4072718518519,1260.4072718518519,0.0,0.4928,621.1287035685926,621.1287035685926
2025-02-26,56,25,647.3301391666665,647.3301391666665,0.0,0.496,321.0757490266666,321.0757490266666
2025-02-26,56,26,661.4833333333333,661.4833333333333,0.0,0.4953,327.632695,327.632695
2025-02-26,56,27,0.0,0.0,0.0,0.4718,0.0,0.0
2025-02-26,56,28,0.0,0.0,0.0,0.4711,0.0,0.0
2025-02-26,56,29,0.0,0.0,0.0,0.4737,0.0,0.0
2025-02-26,56,30,657.7219291666665,657.7219291666665,0.0,0.4261,280.2553140179166,280.2553140179166
2025-02-26,56,31,1469.8970299999999,1469.8970299999999,0.0,0.4544,667.921210432,667.921210432
2025-02-26,56,32,1280.562112037036,1280.562112037036,0.0,0.4876,624.4020858292588,624.4020858292588
2025-02-26,56,33,1523.3803733333332,1523.3803733333332,0.0,0.3743,570.2012737386666,570.2012737386666
2025-02-26,56,34,767.5868549999997,767.5868549999997,0.0,0.5815,446.3517561824998,446.3517561824998
2025-02-26,56,35,51.222749999999905,51.222749999999905,0.0,1.0037,51.41227417499991,51.41227417499991
2025-02-26,56,36,29.33281888888893,31.0672849999999,1.7344661111109687,1.0377,30.438666161000043,33.138449386249825
2025-02-26,56,37,18.53267472222214,18.532674722222136,-3.552713678800501e-15,0.9927,18.39738619674992,18.397386196749917
2025-02-26,56,38,0.5767249999998967,18.826624999999915,18.249900000000018,1.0248,0.5910277799998941,28.64477405999992
2025-02-26,56,39,0.0,0.0,0.0,0.9735,0.0,0.0
2025-02-26,56,40,0.0,0.0,0.0,0.9591,0.0,0.0
2025-02-26,56,41,0.0,0.0,0.0,0.9875,0.0,0.0
2025-02-26,56,42,8.901986336004613,624.9771666767908,616.0751803407862,0.9323,8.299321861057102,869.8496578086297
2025-02-26,56,43,619.2531483333332,619.2531483333332,0.0,0.8889,550.4541235534999,550.4541235534999
2025-02-26,56,44,1370.3374921495765,1368.0109249999998,-2.3265671495767037,0.8491,1163.5535645842053,1162.5658205008524
2025-02-26,56,45,1271.1444841666662,1278.3448588888884,7.20037472222225,0.7486,951.5787608471663,959.6640616227497
2025-02-26,56,46,497.7272808333332,497.7272808333332,0.0,0.9195,457.6602347262499,457.6602347262499
2025-02-26,56,47,0.0,0.0,0.0,1.2639,0.0,0.0
2025-02-26,56,48,0.0,0.0,0.0,1.3137,0.0,0.0
2025-02-26,56,49,0.0,0.0,0.0,1.2335,0.0,0.0
2025-02-26,56,50,0.0,0.0,0.0,1.1944,0.0,0.0
2025-02-26,56,51,0.0,0.0,0.0,1.1921,0.0,0.0
2025-02-26,56,52,0.0,0.0,0.0,1.1567,0.0,0.0
2025-02-26,56,53,0.0,0.0,0.0,1.0983,0.0,0.0
2025-02-26,56,54,0.0,0.0,0.0,1.0889,0.0,0.0
2025-02-26,56,55,0.0,0.0,0.0,1.0751,0.0,0.0
2025-02-26,56,56,0.0,0.0,0.0,1.0481,0.0,0.0
2025-02-26,56,57,0.0,0.0,0.0,1.0522,0.0,0.0
2025-02-26,56,58,0.0,0.0,0.0,1.0403,0.0,0.0
2025-02-26,56,59,0.0,0.0,0.0,0.9962,0.0,0.0
2025-02-26,56,60,0.0,0.0,0.0,0.9538,0.0,0.0
2025-02-26,56,61,0.0,0.0,0.0,0.9268,0.0,0.0
2025-02-26,56,62,0.0,0.0,0.0,0.9246,0.0,0.0
2025-02-26,56,63,0.0,0.0,0.0,0.9277,0.0,0.0
2025-02-26,56,64,0.0,0.0,0.0,0.8025,0.0,0.0
2025-02-26,56,65,0.0,0.0,0.0,0.6002,0.0,0.0
2025-02-26,56,66,652.8080066666664,652.8080066666663,-1.1368683772161603e-13,0.5228,341.28802588533324,341.28802588533324
2025-02-26,56,67,643.9054225,643.9054224999999,-1.1368683772161603e-13,0.5248,337.921565728,337.921565728
2025-02-26,56,68,636.1568573529274,636.1568573529275,1.1368683772161603e-13,0.5379,342.1887735701397,342.1887735701398
2025-02-26,56,69,688.2274933333333,671.9961438888886,-16.23134944444473,0.5447,374.8775156186666,370.45690759747214
2025-02-26,56,70,695.71228,647.5612794444442,-48.15100055555581,0.5632,391.825156096,378.26583433955545
2025-02-26,56,71,638.1902166666669,638.1902166666669,0.0,0.5759,367.5337457783334,367.5337457783334
2025-02-26,56,72,590.7628955555556,614.5468916666662,23.783996111110582,0.5481,323.79714305400006,343.3511554567496
2025-02-26,56,73,582.3732477777783,628.907421666667,46.534173888888745,0.5461,318.03403061144473,356.152499152528
2025-02-26,56,74,582.6218333333337,610.4738041666669,27.851970833333212,0.5575,324.8116720833335,348.1028826927084
2025-02-26,56,75,560.3511788888892,608.0695666666667,47.71838777777748,0.5326,298.4430378762224,336.5652578718888
2025-02-26,56,76,390.48771463033097,648.5483166666666,258.0606020363356,0.6769,264.321134033271,526.3429663108643
2025-02-26,56,77,0.0,0.0,0.0,0.9227,0.0,0.0
2025-02-26,56,78,0.0,0.0,0.0,0.9647,0.0,0.0
2025-02-26,56,79,0.0,0.0,0.0,0.8972,0.0,0.0
2025-02-26,56,80,0.0,0.0,0.0,0.8699,0.0,0.0
2025-02-26,56,81,0.0,0.0,0.0,0.9373,0.0,0.0
2025-02-26,56,82,0.0,0.0,0.0,0.9718,0.0,0.0
2025-02-26,56,83,0.0,0.0,0.0,0.9714,0.0,0.0
2025-02-26,56,84,0.0,0.0,0.0,1.0395,0.0,0.0
2025-02-26,56,85,0.0,0.0,0.0,1.03,0.0,0.0
2025-02-26,56,86,0.0,0.0,0.0,0.9779,0.0,0.0
2025-02-26,56,87,0.0,0.0,0.0,1.0552,0.0,0.0
2025-02-26,56,88,0.0,0.0,0.0,1.0125,0.0,0.0
2025-02-26,56,89,470.3217907407412,470.32179074074116,-5.684341886080802e-14,0.8071,379.59671730685227,379.5967173068522
2025-02-26,56,90,339.0069550000003,993.8116683490692,654.804713349069,0.6774,229.64331131700018,894.9903805509891
2025-02-26,56,91,376.3912216666663,376.39122166666624,-5.684341886080802e-14,0.7216,271.6039055546664,271.60390555466637
2025-02-26,56,92,1225.4700750000002,1225.4700750000002,0.0,0.8497,1041.2819227275002,1041.2819227275002
2025-02-26,56,93,458.1563216666665,458.1563216666665,0.0,0.8833,404.6894789281665,404.6894789281665
2025-02-26,56,94,510.6443458333333,517.4661150000002,6.821769166666854,0.8868,452.839405885,461.9137232305003
2025-02-26,56,95,512.9079687024233,537.7683333333334,24.860364630910112,0.9194,471.567586425008,505.85251528749615
2025-02-26,56,96,559.082647777778,595.8979519444446,36.81530416666658,0.9659,540.0179294885558,593.3577829304306
2025-02-26,56,97,618.3038138888896,657.7154005555556,39.411586666665926,0.9855,609.3384085875008,667.5985865774996
2025-02-26,56,98,667.8956000000001,705.5331416666666,37.63754166666649,0.9808,655.07200448,710.4443557799998
2025-02-26,56,99,664.9384711111109,768.4106902777776,103.47221916666672,0.9895,657.9566171644442,811.5352584625693
2025-02-26,56,100,733.6844597222221,785.1241323524193,51.439672630197265,0.9982,732.3638276947221,809.3844495239165
2025-02-26,56,101,848.2922166666665,849.0535333333332,0.7613166666667439,1.0113,857.8779187149999,859.0327980325
2025-02-26,56,102,910.4214675000001,910.4214675000001,0.0,1.0541,959.6752688917501,959.6752688917501
2025-02-26,56,103,881.9473768333327,881.9473768333327,0.0,1.1112,980.0199251371993,980.0199251371993
2025-02-26,56,104,925.7567750000001,925.756775,-1.1368683772161603e-13,1.1489,1063.6019587975002,1063.6019587975
2025-02-26,56,105,998.6750411111111,998.6750411111111,0.0,1.1515,1149.9743098394445,1149.9743098394445
2025-02-26,56,106,876.0019183333332,876.0019183333332,0.0,1.1976,1049.0998973959997,1049.0998973959997
2025-02-26,56,107,0.0,0.0,0.0,1.263,0.0,0.0
2025-02-26,56,108,0.0,0.0,0.0,1.2476,0.0,0.0
2025-02-26,56,109,470.024814612647,470.024814612647,0.0,1.2465,585.8859314146645,585.8859314146645
2025-02-26,56,110,0.0,0.0,0.0,1.2789,0.0,0.0
2025-02-26,56,111,726.613945,726.613945,0.0,1.2701,922.8723715445,922.8723715445
2025-02-26,56,112,722.073205,722.073205,0.0,1.2695,916.6719337475001,916.6719337475001
2025-02-26,56,113,692.5179166666669,692.517916666667,1.1368683772161603e-13,1.2924,895.0101555000003,895.0101555000006
2025-02-26,56,114,0.0,0.0,0.0,1.2916,0.0,0.0
2025-02-26,56,115,0.0,0.0,0.0,1.2413,0.0,0.0
2025-02-26,56,116,0.0,0.0,0.0,1.1991,0.0,0.0
2025-02-26,56,117,0.0,0.0,0.0,1.2492,0.0,0.0
2025-02-26,56,118,0.0,0.0,0.0,1.2805,0.0,0.0
2025-02-26,56,119,754.3475833333333,754.3475833333332,-1.1368683772161603e-13,1.2812,966.4701237666666,966.4701237666666
2025-02-26,56,120,0.0,0.0,0.0,1.3369,0.0,0.0
2025-02-26,56,121,0.0,0.0,0.0,1.331,0.0,0.0
2025-02-26,56,122,0.0,0.0,0.0,1.2771,0.0,0.0
2025-02-26,56,123,0.0,0.0,0.0,1.2899,0.0,0.0
2025-02-26,56,124,746.7685791666669,746.7685791666669,0.0,1.1712,874.6153599200003,874.6153599200003
2025-02-26,56,125,718.7495833333332,718.7495833333332,0.0,0.9455,679.5777310416665,679.5777310416665
2025-02-26,56,126,715.6772308333334,715.6772308333334,0.0,0.8715,623.7127066712501,623.7127066712501
2025-02-26,56,127,767.7679690740742,767.7679690740742,0.0,0.9343,717.3256135059075,717.3256135059075
2025-02-26,56,128,737.3341666666668,737.3341666666669,1.1368683772161603e-13,1.0262,756.6523218333334,756.6523218333336
2025-02-26,56,129,712.6829883333332,712.6829883333332,0.0,1.0127,721.7340622851665,721.7340622851665
2025-02-26,56,130,663.6084624999999,663.6152515461445,0.006789046144604072,0.751,498.3699553374999,498.3776031979818
2025-02-26,56,131,549.641,614.5948333333333,64.95383333333336,0.4078,224.14359979999998,263.87585965
2025-02-26,56,132,1395.7709133333333,1395.7709044785595,-8.854773795974324e-06,0.3378,471.491414524,471.49141302842867
2025-02-26,56,133,1411.5865941666666,1367.1449199999997,-44.44167416666687,0.4063,573.5276332099166,564.4993071029583
2025-02-26,56,134,1379.6553333333331,1349.5380833333334,-30.117249999999785,0.451,622.2245553333332,615.4331154583333
2025-02-26,56,135,1383.0033833333332,1368.6619666666666,-14.341416666666646,0.4339,600.0851680283333,596.9737976824999
2025-02-26,56,136,1392.1263066666666,1384.1144166666666,-8.011889999999994,0.4189,583.1617098626666,581.4836195021667
2025-02-26,56,137,604.4311666666666,604.4311666666667,1.1368683772161603e-13,0.4237,256.0974853166667,256.09748531666673
2025-02-26,56,138,586.3448658333333,586.3448658333332,-1.1368683772161603e-13,0.4118,241.45681575016664,241.45681575016664
2025-02-26,56,139,577.89366,577.89366,0.0,0.4107,237.340926162,237.340926162
2025-02-26,56,140,605.4641666666668,605.4641666666668,0.0,0.4122,249.57232950000005,249.57232950000005
2025-02-26,56,141,596.2520964757994,596.2520964757995,1.1368683772161603e-13,0.3828,228.245302530936,228.24530253093604
2025-02-26,56,142,588.4400324999999,588.4400324999998,-1.1368683772161603e-13,0.3909,230.02120870424997,230.02120870424997
2025-02-26,56,143,1318.0715416666667,1161.845044290442,-156.22649737622464,0.427,562.8165482916667,529.4621911018427
2025-02-27,57,0,714.894049272571,714.894049272571,0.0,0.4121,294.60783770522653,294.60783770522653
2025-02-27,57,1,562.6873283333333,562.6873283333333,0.0,0.404,227.32568064666668,227.32568064666668
2025-02-27,57,2,553.5893333333333,553.5893333333333,0.0,0.4451,246.40261226666667,246.40261226666667
2025-02-27,57,3,1383.6328749999998,1383.6328749999998,0.0,0.5076,702.3320473499999,702.3320473499999
2025-02-27,57,4,1421.3973766666668,1421.3973766666668,0.0,0.4934,701.3174656473334,701.3174656473334
2025-02-27,57,5,1466.26575,1466.26575,0.0,0.4343,636.799215225,636.799215225
2025-02-27,57,6,624.0458899999996,624.0458899999996,0.0,0.4492,280.32141378799986,280.32141378799986
2025-02-27,57,7,616.2875341666668,616.2875341666668,0.0,0.4269,263.0931483357501,263.0931483357501
2025-02-27,57,8,1454.1479999999997,1454.1479999999997,0.0,0.3761,546.9050627999999,546.9050627999999
2025-02-27,57,9,1438.4385783333332,1438.4385783333332,0.0,0.426,612.7748343699999,612.7748343699999
2025-02-27,57,10,1441.2368783333332,1441.2368783333332,0.0,0.4774,688.0464857163332,688.0464857163332
2025-02-27,57,11,625.31275,625.31275,0.0,0.4609,288.206646475,288.206646475
2025-02-27,57,12,0.0,0.0,0.0,0.4095,0.0,0.0
2025-02-27,57,13,0.0,0.0,0.0,0.4056,0.0,0.0
2025-02-27,57,14,0.0,0.0,0.0,0.4501,0.0,0.0
2025-02-27,57,15,1449.6565483333331,1449.6565483333331,0.0,0.4728,685.3976160519999,685.3976160519999
2025-02-27,57,16,642.6550141666665,642.6550141666665,0.0,0.4866,312.71592989349995,312.71592989349995
2025-02-27,57,17,0.0,0.0,0.0,0.4801,0.0,0.0
2025-02-27,57,18,643.4786549999998,643.4786549999998,0.0,0.428,275.4088643399999,275.4088643399999
2025-02-27,57,19,1444.6637008333332,1444.6637008333332,0.0,0.4263,615.86013566525,615.86013566525
2025-02-27,57,20,1471.743,1471.743,0.0,0.4726,695.5457418,695.5457418
2025-02-27,57,21,981.0864816666649,981.0864816666649,0.0,0.4662,457.38251775299915,457.38251775299915
2025-02-27,57,22,617.1200224999999,617.1200224999999,0.0,0.434,267.83008976499997,267.83008976499997
2025-02-27,57,23,613.5423333333333,613.5423333333333,0.0,0.4365,267.81122849999997,267.81122849999997
2025-02-27,57,24,652.4826650000001,652.4826650000001,0.0,0.4994,325.84984290100005,325.84984290100005
2025-02-27,57,25,640.0922924999999,640.0922924999999,0.0,0.5143,329.1994660327499,329.1994660327499
2025-02-27,57,26,594.3839166666667,594.3839166666667,0.0,0.4807,285.72034874166667,285.72034874166667
2025-02-27,57,27,0.0,0.0,0.0,0.4932,0.0,0.0
2025-02-27,57,28,480.2062400000001,480.2062400000001,0.0,0.4683,224.88058219200005,224.88058219200005
2025-02-27,57,29,679.25425,679.25425,0.0,0.4239,287.935876575,287.935876575
2025-02-27,57,30,1509.8710916666664,1509.8710916666664,0.0,0.4725,713.4140908124998,713.4140908124998
2025-02-27,57,31,677.2633400000001,677.2633400000001,0.0,0.5173,350.348325782,350.348325782
2025-02-27,57,32,0.0,0.0,0.0,0.4742,0.0,0.0
2025-02-27,57,33,1430.159000833333,1430.159000833333,0.0,0.4014,574.0658229344998,574.0658229344998
2025-02-27,57,34,686.7329816666667,686.7329816666667,0.0,0.6353,436.2814632528333,436.2814632528333
2025-02-27,57,35,57.98991666666666,57.98991666666666,0.0,1.0145,58.830770458333326,58.830770458333326
2025-02-27,57,36,28.318847222222136,39.70094361111093,11.382096388888794,1.0228,28.9645169388888,46.42692921872198
2025-02-27,57,37,26.989347777777816,26.98934777777781,-7.105427357601002e-15,0.9762,26.3470013006667,26.3470013006667
2025-02-27,57,38,59.29955833333323,59.29955833333322,-7.105427357601002e-15,1.0346,61.35132305166656,61.351323051666554
2025-02-27,57,39,0.0,0.0,0.0,1.0286,0.0,0.0
2025-02-27,57,40,745.3090594444443,745.3119438580987,0.0028844136544421417,0.9549,711.6956208634998,711.6997523533978
2025-02-27,57,41,0.0,739.6354166666669,739.6354166666669,0.8819,0.0,978.4267109375003
2025-02-27,57,42,686.0522088888888,686.0522088888888,0.0,0.8755,600.6387088822221,600.6387088822221
2025-02-27,57,43,620.0449736111111,620.0449736111112,1.1368683772161603e-13,0.8874,550.2279095824999,550.2279095825
2025-02-27,57,44,556.3938333333333,888.6746810084583,332.28084767512496,0.8328,463.36478439999996,878.4500193157661
2025-02-27,57,45,1307.6377488888888,1330.6723744444444,23.03462555555552,0.7181,939.0146674771111,963.8264143942777
2025-02-27,57,46,498.6774323261753,498.6774323261753,0.0,0.9206,459.0824441994769,459.0824441994769
2025-02-27,57,47,0.0,0.0,0.0,1.3111,0.0,0.0
2025-02-27,57,48,0.0,0.0,0.0,1.3501,0.0,0.0
2025-02-27,57,49,0.0,0.0,0.0,1.2458,0.0,0.0
2025-02-27,57,50,0.0,0.0,0.0,1.1894,0.0,0.0
2025-02-27,57,51,0.0,0.0,0.0,1.1646,0.0,0.0
2025-02-27,57,52,0.0,0.0,0.0,1.1662,0.0,0.0
2025-02-27,57,53,0.0,0.0,0.0,1.1946,0.0,0.0
2025-02-27,57,54,0.0,0.0,0.0,1.2305,0.0,0.0
2025-02-27,57,55,0.0,0.0,0.0,1.1806,0.0,0.0
2025-02-27,57,56,0.0,0.0,0.0,1.0767,0.0,0.0
2025-02-27,57,57,0.0,0.0,0.0,1.0527,0.0,0.0
2025-02-27,57,58,0.0,0.0,0.0,1.0743,0.0,0.0
2025-02-27,57,59,0.0,0.0,0.0,1.0711,0.0,0.0
2025-02-27,57,60,0.0,0.0,0.0,1.0049,0.0,0.0
2025-02-27,57,61,38.47097138888853,4.244984722221943,-34.225986666666586,0.9352,35.978052442888554,19.97398107755526
2025-02-27,57,62,0.0,0.0,0.0,0.9196,0.0,0.0
2025-02-27,57,63,0.0,0.0,0.0,0.94,0.0,0.0
2025-02-27,57,64,0.0,0.0,0.0,0.796,0.0,0.0
2025-02-27,57,65,785.5429333333336,657.5777000000003,-127.96523333333334,0.5554,436.2905451733335,400.7545998766668
2025-02-27,57,66,756.0958544444445,620.5760830555553,-135.51977138888924,0.4999,377.9723176367778,344.0991507781249
2025-02-27,57,67,700.1084130555555,604.9218519444441,-95.18656111111136,0.5186,363.07622301061105,338.3943477144999
2025-02-27,57,68,663.8997833333331,617.4171583333332,-46.48262499999987,0.5215,346.22373700833316,334.10339253958324
2025-02-27,57,69,681.2258402777777,598.7564430555551,-82.4693972222226,0.526,358.3247919861111,336.63534051666653
2025-02-27,57,70,650.4872847222223,496.3965914277002,-154.0906932945221,0.4922,320.16984154027784,282.2481219204959
2025-02-27,57,71,520.6572622610349,625.1257499999999,104.468487738965,0.4351,226.5379748097763,294.71933333261177
2025-02-27,57,72,579.679183055556,625.6077486111112,45.928565555555224,0.4228,245.08835859588908,274.2162548712222
2025-02-27,57,73,601.0513052777778,639.0903847222223,38.039079444444496,0.4508,270.9539284192222,296.6759539395556
2025-02-27,57,74,587.3679333333334,608.8790750000003,21.511141666666845,0.4562,267.9572511866667,282.67732542916684
2025-02-27,57,75,545.1043405555557,550.0528019444445,4.948461388888745,0.413,225.1280926494445,228.1936644798611
2025-02-27,57,76,0.0,0.0,0.0,0.582,0.0,0.0
2025-02-27,57,77,0.0,0.0,0.0,0.8848,0.0,0.0
2025-02-27,57,78,0.0,0.0,0.0,0.9583,0.0,0.0
2025-02-27,57,79,0.0,0.0,0.0,0.9404,0.0,0.0
2025-02-27,57,80,0.0,0.0,0.0,0.9434,0.0,0.0
2025-02-27,57,81,0.0,0.0,0.0,0.9364,0.0,0.0
2025-02-27,57,82,0.0,0.0,0.0,0.9338,0.0,0.0
2025-02-27,57,83,0.0,0.0,0.0,0.939,0.0,0.0
2025-02-27,57,84,0.0,0.0,0.0,0.9425,0.0,0.0
2025-02-27,57,85,0.0,0.0,0.0,0.9785,0.0,0.0
2025-02-27,57,86,0.0,0.0,0.0,1.0523,0.0,0.0
2025-02-27,57,87,0.0,0.0,0.0,1.1016,0.0,0.0
2025-02-27,57,88,0.0,0.0,0.0,0.9681,0.0,0.0
2025-02-27,57,89,441.4102228395042,498.06331030639853,56.65308746689436,0.7547,333.1322951769738,397.26642284387157
2025-02-27,57,90,238.78302694444426,290.6710908333333,51.888063888889064,0.744,177.65457204666652,235.5616513466667
2025-02-27,57,91,313.1940547222223,350.1718083333334,36.9777536111111,0.8085,253.21739324291673,298.0621639347917
2025-02-27,57,92,0.0,357.43420000000015,357.43420000000015,0.8503,0.0,455.88945039000015
2025-02-27,57,93,388.87095861111095,388.87095861111084,-1.1368683772161603e-13,0.8873,345.0452015756387,345.0452015756387
2025-02-27,57,94,440.5480563888889,440.54805638888905,1.7053025658242404e-13,0.863,380.1929726636111,380.19297266361133
2025-02-27,57,95,911.8777388888881,911.8777388888882,1.1368683772161603e-13,0.8183,746.1895537327771,746.1895537327772
2025-02-27,57,96,608.4562877777777,608.4562877777777,0.0,0.8704,529.6003528817777,529.6003528817777
2025-02-27,57,97,634.2836930555554,634.2836930555554,0.0,0.9682,614.1134716163888,614.1134716163888
2025-02-27,57,98,626.8428999999999,626.8428999999999,0.0,1.0197,639.19170513,639.19170513
2025-02-27,57,99,706.2968719444443,706.2968719444442,-1.1368683772161603e-13,0.9792,691.6058970079998,691.6058970079997
2025-02-27,57,100,793.5801605555557,793.5801605555555,-2.2737367544323206e-13,0.9734,772.470928284778,772.4709282847779
2025-02-27,57,101,846.6908666666667,846.6908666666667,0.0,1.0202,863.7940221733334,863.7940221733334
2025-02-27,57,102,895.0568219444444,895.0568219444446,1.1368683772161603e-13,1.029,921.0134697808332,921.0134697808335
2025-02-27,57,103,947.4939822222221,947.493982222222,-1.1368683772161603e-13,1.0768,1020.2615200568888,1020.2615200568888
2025-02-27,57,104,1000.8788916666664,1000.8788916666665,1.1368683772161603e-13,1.1183,1119.2828645508332,1119.2828645508334
2025-02-27,57,105,1015.7396927777779,1015.7396927777778,-1.1368683772161603e-13,1.0403,1056.6740023967225,1056.6740023967222
2025-02-27,57,106,888.4581488888887,888.4581488888887,0.0,1.1022,979.2585717053331,979.2585717053331
2025-02-27,57,107,0.0,0.0,0.0,1.2716,0.0,0.0
2025-02-27,57,108,381.24644210827887,381.2464421082789,5.684341886080802e-14,1.2554,478.6167834227333,478.6167834227334
2025-02-27,57,109,0.0,0.0,0.0,1.2553,0.0,0.0
2025-02-27,57,110,0.0,0.0,0.0,1.3222,0.0,0.0
2025-02-27,57,111,0.0,0.0,0.0,1.2905,0.0,0.0
2025-02-27,57,112,681.6389183333333,681.6389183333334,1.1368683772161603e-13,1.2408,845.7775698679999,845.7775698680001
2025-02-27,57,113,650.9358333333333,661.7706666666666,10.834833333333222,1.2356,804.2963156666667,824.3775957666666
2025-02-27,57,114,0.0,213.07422066520073,213.07422066520073,1.2567,0.0,401.6555596649366
2025-02-27,57,115,0.0,0.0,0.0,1.2931,0.0,0.0
2025-02-27,57,116,710.5950833333334,710.5950833333335,1.1368683772161603e-13,1.317,935.85372475,935.8537247500002
2025-02-27,57,117,718.2133057734541,718.213305773454,-1.1368683772161603e-13,1.2926,928.3625190427667,928.3625190427666
2025-02-27,57,118,0.0,0.0,0.0,1.2337,0.0,0.0
2025-02-27,57,119,0.0,0.0,0.0,1.2151,0.0,0.0
2025-02-27,57,120,0.0,0.0,0.0,1.2986,0.0,0.0
2025-02-27,57,121,0.0,0.0,0.0,1.3129,0.0,0.0
2025-02-27,57,122,0.0,6.836654599940276e-05,6.836654599940276e-05,1.277,0.0,0.00013095611886185596
2025-02-27,57,123,0.0,0.0,0.0,1.338,0.0,0.0
2025-02-27,57,124,734.5427966666667,729.2825508333333,-5.2602458333334425,1.1803,866.9808629056666,863.8765288271248
2025-02-27,57,125,757.1606666666668,757.1606666666668,0.0,0.8943,677.1287842,677.1287842
2025-02-27,57,126,763.1353666666664,763.1353666666663,-1.1368683772161603e-13,0.9117,695.7505137899998,695.7505137899997
2025-02-27,57,127,740.832485,740.8324849999998,-2.2737367544323206e-13,0.9498,703.6426942530001,703.642694253
2025-02-27,57,128,746.5529999999998,746.5529999999998,0.0,0.9122,681.0056465999997,681.0056465999997
2025-02-27,57,129,746.8748858333335,746.8748858333335,0.0,0.952,711.0248913133335,711.0248913133335
2025-02-27,57,130,696.5401541666666,696.5401541666666,0.0,0.7578,527.8381288275,527.8381288275
2025-02-27,57,131,1371.6920833333331,1371.6920833333334,2.2737367544323206e-13,0.4201,576.2478442083332,576.2478442083333
2025-02-27,57,132,1357.75094,1357.7509399999997,-2.2737367544323206e-13,0.3848,522.4625617119999,522.4625617119998
2025-02-27,57,133,557.2244991666666,557.2244991666668,1.1368683772161603e-13,0.4405,245.45739188291665,245.45739188291674
2025-02-27,57,134,0.0,0.0,0.0,0.4249,0.0,0.0
2025-02-27,57,135,0.0,32.27805465055462,32.27805465055462,0.3923,0.0,18.994021259118863
2025-02-27,57,136,560.8265366666667,560.8265366666666,-1.1368683772161603e-13,0.3851,215.97429927033335,215.97429927033332
2025-02-27,57,137,569.1199166666667,569.1199166666667,0.0,0.4055,230.77812620833333,230.77812620833333
2025-02-27,57,138,559.2123749999998,559.2123749999998,0.0,0.4204,235.09288244999993,235.09288244999993
2025-02-27,57,139,1367.4758783333332,1367.475878333333,-2.2737367544323206e-13,0.3987,545.2126326915,545.2126326914998
2025-02-27,57,140,1354.1822499999998,1354.1822499999998,0.0,0.3714,502.94328764999995,502.94328764999995
2025-02-27,57,141,1393.3577456146063,1393.3577456146063,0.0,0.3945,549.6796306449622,549.6796306449622
2025-02-27,57,142,1381.3872508333334,1372.1271825,-9.260068333333493,0.3839,530.3145655949168,528.5370954783333
2025-02-27,57,143,1298.9466249999998,1309.2477969354627,10.30117193546289,0.3235,420.20923318749993,425.2078768691833
2025-02-28,58,0,1294.68388,1294.68388,0.0,0.2924,378.56556651200003,378.56556651200003
2025-02-28,58,1,1288.9733025,1288.9733025,0.0,0.3305,426.00567647625,426.00567647625
2025-02-28,58,2,450.18808333333334,450.18808333333334,0.0,0.3714,167.19985415,167.19985415
2025-02-28,58,3,1305.1074091666665,1305.1074091666665,0.0,0.317,413.71904870583325,413.71904870583325
2025-02-28,58,4,1347.2409008333334,1347.2409008333334,0.0,0.317,427.0753655641667,427.0753655641667
2025-02-28,58,5,775.0840690060891,775.0840690060891,0.0,0.3638,281.97558430441524,281.97558430441524
2025-02-28,58,6,0.008823028898775589,0.008823028898775589,0.0,0.305,0.0026910238141265547,0.0026910238141265547
2025-02-28,58,7,0.0,0.0,0.0,0.2839,0.0,0.0
2025-02-28,58,8,535.6271666666664,535.6271666666664,0.0,0.3513,188.1658236499999,188.1658236499999
2025-02-28,58,9,496.8915174999999,496.8915174999999,0.0,0.3995,198.50816124124998,198.50816124124998
2025-02-28,58,10,514.1919108333334,514.1919108333334,0.0,0.3646,187.47437068983334,187.47437068983334
2025-02-28,58,11,0.0,0.0,0.0,0.3106,0.0,0.0
2025-02-28,58,12,0.0,0.0,0.0,0.3564,0.0,0.0
2025-02-28,58,13,524.8628575,524.8628575,0.0,0.3861,202.64954928075,202.64954928075
2025-02-28,58,14,561.9770833333333,561.9770833333333,0.0,0.3676,206.58277583333333,206.58277583333333
2025-02-28,58,15,529.3502225,529.3502225,0.0,0.3797,200.99427948324998,200.99427948324998
2025-02-28,58,16,547.6912874999998,547.6912874999998,0.0,0.3743,205.00084891124993,205.00084891124993
2025-02-28,58,17,1431.2729166666668,1431.2729166666668,0.0,0.3455,494.50479270833335,494.50479270833335
2025-02-28,58,18,1371.0246799999995,1371.0246799999995,0.0,0.3451,473.14061706799987,473.14061706799987
2025-02-28,58,19,1352.7928499999998,1352.7928499999998,0.0,0.3537,478.48283104499995,478.48283104499995
2025-02-28,58,20,571.5101666666667,571.5101666666667,0.0,0.3515,200.88582358333332,200.88582358333332
2025-02-28,58,21,564.1850866666666,564.1850866666666,0.0,0.3402,191.935766484,191.935766484
2025-02-28,58,22,527.8008349999999,527.8008349999999,0.0,0.3368,177.76332122799997,177.76332122799997
2025-02-28,58,23,1354.4856666666665,1354.4856666666665,0.0,0.3448,467.0266578666666,467.0266578666666
2025-02-28,58,24,1384.0401891666666,1384.0401891666666,0.0,0.3504,484.9676822839999,484.9676822839999
2025-02-28,58,25,548.5538608333333,548.5538608333333,0.0,0.3375,185.13692803125,185.13692803125
2025-02-28,58,26,272.3155062150662,272.3155062150662,0.0,0.3289,89.56456999413528,89.56456999413528
2025-02-28,58,27,532.4838950000001,532.4838950000001,0.0,0.3652,194.46311845400004,194.46311845400004
2025-02-28,58,28,0.0,0.0,0.0,0.4038,0.0,0.0
2025-02-28,58,29,0.0,0.0,0.0,0.4054,0.0,0.0
2025-02-28,58,30,577.9010666666666,577.9010666666666,0.0,0.3696,213.59223423999995,213.59223423999995
2025-02-28,58,31,572.6565575,572.6565575,0.0,0.3491,199.91440422325,199.91440422325
2025-02-28,58,32,0.0,0.0,0.0,0.3501,0.0,0.0
2025-02-28,58,33,1371.1225216666664,1371.1225216666664,0.0,0.3613,495.3865670781666,495.3865670781666
2025-02-28,58,34,0.0,0.0,0.0,0.5278,0.0,0.0
2025-02-28,58,35,0.0,0.0,0.0,0.7597,0.0,0.0
2025-02-28,58,36,0.0,0.0,0.0,0.7948,0.0,0.0
2025-02-28,58,37,0.0,0.0,0.0,0.7707,0.0,0.0
2025-02-28,58,38,0.0,0.0,0.0,0.7774,0.0,0.0
2025-02-28,58,39,0.0,0.0,0.0,0.7731,0.0,0.0
2025-02-28,58,40,0.0,0.0,0.0,0.7855,0.0,0.0
2025-02-28,58,41,0.0,0.0,0.0,0.7946,0.0,0.0
2025-02-28,58,42,0.0,376.7085945767195,376.7085945767195,0.7492,0.0,423.3451185853174
2025-02-28,58,43,0.0,423.8712336111112,423.8712336111112,0.7363,0.0,468.14458396179174
2025-02-28,58,44,0.0,0.0,0.0,0.7379,0.0,0.0
2025-02-28,58,45,0.0,357.4747505555555,357.4747505555555,0.6732,0.0,360.97800311099996
2025-02-28,58,46,0.0,0.0,0.0,0.7587,0.0,0.0
2025-02-28,58,47,0.0,0.0,0.0,0.9518,0.0,0.0
2025-02-28,58,48,0.0,0.0,0.0,0.9699,0.0,0.0
2025-02-28,58,49,0.0,0.0,0.0,0.9051,0.0,0.0
2025-02-28,58,50,0.0,0.0,0.0,0.8574,0.0,0.0
2025-02-28,58,51,0.0,0.0,0.0,0.8345,0.0,0.0
2025-02-28,58,52,0.0,0.0,0.0,0.8305,0.0,0.0
2025-02-28,58,53,0.0,0.0,0.0,0.8385,0.0,0.0
2025-02-28,58,54,0.0,0.0,0.0,0.852,0.0,0.0
2025-02-28,58,55,0.0,0.0,0.0,0.8581,0.0,0.0
2025-02-28,58,56,0.0,0.0,0.0,0.8319,0.0,0.0
2025-02-28,58,57,0.0,0.0,0.0,0.7612,0.0,0.0
2025-02-28,58,58,0.0,0.0,0.0,0.7219,0.0,0.0
2025-02-28,58,59,0.0,0.0,0.0,0.7289,0.0,0.0
2025-02-28,58,60,0.0,0.0,0.0,0.7243,0.0,0.0
2025-02-28,58,61,0.0,0.0,0.0,0.6906,0.0,0.0
2025-02-28,58,62,0.0,0.0,0.0,0.6709,0.0,0.0
2025-02-28,58,63,0.0,0.0,0.0,0.6963,0.0,0.0
2025-02-28,58,64,0.0,0.0,0.0,0.5676,0.0,0.0
2025-02-28,58,65,0.0,0.0,0.0,0.3516,0.0,0.0
2025-02-28,58,66,0.0,0.0,0.0,0.3335,0.0,0.0
2025-02-28,58,67,0.0,0.0,0.0,0.3837,0.0,0.0
2025-02-28,58,68,428.9855817054829,428.9855817054829,0.0,0.3969,170.26437737890615,170.26437737890615
2025-02-28,58,69,0.0,0.0,0.0,0.3875,0.0,0.0
2025-02-28,58,70,0.0,0.0,0.0,0.3265,0.0,0.0
2025-02-28,58,71,0.0,0.0,0.0,0.2651,0.0,0.0
2025-02-28,58,72,0.0,0.0,0.0,0.2951,0.0,0.0
2025-02-28,58,73,0.0,0.0,0.0,0.3048,0.0,0.0
2025-02-28,58,74,431.7944749999999,431.7944749999999,0.0,0.2612,112.78471686999997,112.78471686999997
2025-02-28,58,75,402.30565833333355,402.30565833333367,1.1368683772161603e-13,0.2737,110.1110586858334,110.11105868583344
2025-02-28,58,76,0.0,0.0,0.0,0.4864,0.0,0.0
2025-02-28,58,77,0.0,0.0,0.0,0.7423,0.0,0.0
2025-02-28,58,78,0.0,0.0,0.0,0.7228,0.0,0.0
2025-02-28,58,79,0.0,0.0,0.0,0.6847,0.0,0.0
2025-02-28,58,80,0.0,0.0,0.0,0.725,0.0,0.0
2025-02-28,58,81,0.0,0.0,0.0,0.696,0.0,0.0
2025-02-28,58,82,0.0,0.0,0.0,0.6934,0.0,0.0
2025-02-28,58,83,0.0,0.0,0.0,0.7272,0.0,0.0
2025-02-28,58,84,0.0,0.0,0.0,0.7011,0.0,0.0
2025-02-28,58,85,0.0,0.0,0.0,0.691,0.0,0.0
2025-02-28,58,86,0.0,0.0,0.0,0.7501,0.0,0.0
2025-02-28,58,87,0.0,0.0,0.0,0.8273,0.0,0.0
2025-02-28,58,88,0.0,0.0,0.0,0.7345,0.0,0.0
2025-02-28,58,89,0.0,0.0,0.0,0.5184,0.0,0.0
2025-02-28,58,90,24.836353611111008,24.836353611111008,0.0,0.4306,10.6945338649444,10.6945338649444
2025-02-28,58,91,97.78588805555569,97.78588805555569,0.0,0.4688,45.84202432044451,45.84202432044451
2025-02-28,58,92,136.62356666666642,136.62356666666642,0.0,0.5477,74.8287274633332,74.8287274633332
2025-02-28,58,93,176.96330194444408,176.96330194444414,5.684341886080802e-14,0.586,103.70049493944423,103.70049493944428
2025-02-28,58,94,214.3640380555555,214.3640380555555,0.0,0.5828,124.93136137877775,124.93136137877775
2025-02-28,58,95,268.10450000000014,268.10450000000014,0.0,0.5638,151.15731710000009,151.15731710000009
2025-02-28,58,96,355.0549347222221,355.0549347222221,0.0,0.5581,198.15615906847216,198.15615906847216
2025-02-28,58,97,395.7302394444443,395.7302394444443,0.0,0.5866,232.13535845811103,232.13535845811103
2025-02-28,58,98,414.06082499999997,414.0608249999999,-5.684341886080802e-14,0.6576,272.28639852,272.2863985199999
2025-02-28,58,99,0.0,0.0,0.0,0.7456,0.0,0.0
2025-02-28,58,100,0.0,0.0,0.0,0.7368,0.0,0.0
2025-02-28,58,101,155.9862616666657,155.9862616666657,0.0,0.6759,105.43111426049934,105.43111426049934
2025-02-28,58,102,1429.3449594444442,1429.3449594444442,0.0,0.7192,1027.984894832444,1027.984894832444
2025-02-28,58,103,1492.5450180555554,1492.5450180555554,0.0,0.7499,1119.259509039861,1119.259509039861
2025-02-28,58,104,704.5801666666665,704.5801666666664,-1.1368683772161603e-13,0.7069,498.06771981666657,498.0677198166665
2025-02-28,58,105,710.5450558333334,710.5450558333334,0.0,0.6841,486.0838726955834,486.0838726955834
2025-02-28,58,106,650.7963266666665,650.7963266666665,0.0,0.8773,570.9436173846665,570.9436173846665
2025-02-28,58,107,0.0,0.0,0.0,1.1362,0.0,0.0
2025-02-28,58,108,0.0,0.0,0.0,1.1079,0.0,0.0
2025-02-28,58,109,0.0,0.0,0.0,1.0936,0.0,0.0
2025-02-28,58,110,0.0,0.0,0.0,1.1619,0.0,0.0
2025-02-28,58,111,0.0,0.0,0.0,1.0892,0.0,0.0
2025-02-28,58,112,69.7322162150694,69.73221621506941,1.4210854715202004e-14,1.0731,74.82964122039097,74.829641220391
2025-02-28,58,113,0.0,0.0,0.0,1.1405,0.0,0.0
2025-02-28,58,114,0.0,0.0,0.0,1.1118,0.0,0.0
2025-02-28,58,115,0.0,0.0,0.0,1.0973,0.0,0.0
2025-02-28,58,116,0.0,0.0,0.0,1.1281,0.0,0.0
2025-02-28,58,117,0.0,0.0,0.0,1.1106,0.0,0.0
2025-02-28,58,118,0.0,0.0,0.0,1.0708,0.0,0.0
2025-02-28,58,119,0.0,0.0,0.0,1.0727,0.0,0.0
2025-02-28,58,120,0.0,0.0,0.0,1.1457,0.0,0.0
2025-02-28,58,121,574.8487941666665,573.1324826308523,-1.7163115358141567,1.1629,668.4916627364165,667.4937133939173
2025-02-28,58,122,0.0,0.0,0.0,1.1264,0.0,0.0
2025-02-28,58,123,0.0,0.0,0.0,1.1387,0.0,0.0
2025-02-28,58,124,591.7178966666668,578.8903466666665,-12.827550000000315,1.04,615.3866125333335,608.7162865333333
2025-02-28,58,125,607.8920833333333,607.8920833333333,0.0,0.8543,519.3222067916666,519.3222067916666
2025-02-28,58,126,607.4209208333333,607.4209208333333,0.0,0.7867,477.8580384195833,477.8580384195833
2025-02-28,58,127,609.3009591666666,609.3009591666668,1.1368683772161603e-13,0.7693,468.7352278869166,468.73522788691673
2025-02-28,58,128,610.6173333333331,610.6173333333331,0.0,0.79,482.3876933333332,482.3876933333332
2025-02-28,58,129,597.7478216666667,597.7478216666665,-2.2737367544323206e-13,0.8707,520.4590283251667,520.4590283251666
2025-02-28,58,130,558.3641908333334,558.3641908333334,0.0,0.6857,382.8703256544167,382.8703256544167
2025-02-28,58,131,1287.9272499999997,1287.9272499999997,0.0,0.3361,432.87234872499994,432.87234872499994
2025-02-28,58,132,1280.1925508333331,1240.5675325,-39.62501833333317,0.2788,356.9176831723333,351.39395561666663
2025-02-28,58,133,1289.1174566666664,1250.9148141666665,-38.20264249999991,0.3384,436.23734733599986,429.7734602249999
2025-02-28,58,134,0.0,0.0,0.0,0.3248,0.0,0.0
2025-02-28,58,135,0.0,0.0,0.0,0.2409,0.0,0.0
2025-02-28,58,136,482.6334883333334,482.63348833333333,-5.684341886080802e-14,0.2551,123.11980287383335,123.11980287383335
2025-02-28,58,137,1255.69475,1255.69475,0.0,0.3581,449.66428997500003,449.66428997500003
2025-02-28,58,138,487.3727616666665,487.37276166666646,-5.684341886080802e-14,0.3738,182.17993831099994,182.17993831099994
2025-02-28,58,139,1275.5423533333333,1275.5423533333333,0.0,0.3286,419.14321730533334,419.14321730533334
2025-02-28,58,140,1267.5548333333331,1249.0823333333333,-18.472499999999854,0.2892,366.57685779999997,363.90573429999995
2025-02-28,58,141,516.6883250000001,516.688325,-1.1368683772161603e-13,0.293,151.389679225,151.389679225
2025-02-28,58,142,328.97588569801997,328.9758856980199,-5.684341886080802e-14,0.3095,101.81803662353718,101.81803662353718
2025-02-28,58,143,1306.7086249999998,1306.7086249999998,0.0,0.3135,409.65315393749995,409.65315393749995
