date,day_index,plan_j,B_kwh,A_kwh,delta_A_minus_B_kwh,price_yuan_per_kwh,plan_reference_fee_yuan,final_regular_fee_yuan
2025-10-01,273,0,1440.6462058333332,1440.6462058333332,0.0,0.4344,625.816711814,625.816711814
2025-10-01,273,1,587.7145908333333,587.7145908333333,0.0,0.454,266.8224242383333,266.8224242383333
2025-10-01,273,2,1172.5855204146606,1172.5855204146606,0.0,0.4361,511.36454545283345,511.36454545283345
2025-10-01,273,3,593.1688041666665,593.1688041666665,0.0,0.4025,238.7504436770833,238.7504436770833
2025-10-01,273,4,633.3712216666667,633.3712216666667,0.0,0.3988,252.58844320066666,252.58844320066666
2025-10-01,273,5,1435.2129999999997,1435.2129999999997,0.0,0.421,604.2246729999998,604.2246729999998
2025-10-01,273,6,1382.3119775,1382.3119775,0.0,0.422,583.335654505,583.335654505
2025-10-01,273,7,1377.274488333333,1377.274488333333,0.0,0.4028,554.7661639006665,554.7661639006665
2025-10-01,273,8,587.0986666666668,587.0986666666668,0.0,0.3941,231.37558453333338,231.37558453333338
2025-10-01,273,9,618.5079766666665,618.5079766666665,0.0,0.4203,259.95890259299995,259.95890259299995
2025-10-01,273,10,597.7392141666666,597.7392141666666,0.0,0.4194,250.69182642149994,250.69182642149994
2025-10-01,273,11,571.0098333333334,571.0098333333334,0.0,0.4125,235.54155625,235.54155625
2025-10-01,273,12,0.0,0.0,0.0,0.4716,0.0,0.0
2025-10-01,273,13,0.0,0.0,0.0,0.4623,0.0,0.0
2025-10-01,273,14,0.0,0.0,0.0,0.4004,0.0,0.0
2025-10-01,273,15,581.068165,581.068165,0.0,0.4395,255.3794585175,255.3794585175
2025-10-01,273,16,585.1484766666666,585.1484766666666,0.0,0.479,280.2861203233333,280.2861203233333
2025-10-01,273,17,0.0,0.0,0.0,0.4769,0.0,0.0
2025-10-01,273,18,562.9930458333334,562.9930458333334,0.0,0.4894,275.52879663083337,275.52879663083337
2025-10-01,273,19,1415.2389258333333,1415.2389258333333,0.0,0.4699,665.0207712490833,665.0207712490833
2025-10-01,273,20,1449.4906666666666,1449.4906666666666,0.0,0.4507,653.2854434666666,653.2854434666666
2025-10-01,273,21,619.2354949999998,619.2354949999998,0.0,0.5109,316.3674143954999,316.3674143954999
2025-10-01,273,22,602.1980533333332,602.1980533333332,0.0,0.5021,302.3636425786666,302.3636425786666
2025-10-01,273,23,583.1779166666668,583.1779166666668,0.0,0.4266,248.78369925000004,248.78369925000004
2025-10-01,273,24,1418.8502250000001,1418.8502250000001,0.0,0.4347,616.7741928075001,616.7741928075001
2025-10-01,273,25,1430.546235833333,1430.546235833333,0.0,0.4389,627.8667429072499,627.8667429072499
2025-10-01,273,26,1431.3125,1431.3125,0.0,0.4142,592.8496375,592.8496375
2025-10-01,273,27,588.5654216666667,588.5654216666667,0.0,0.432,254.26026216,254.26026216
2025-10-01,273,28,0.0,0.0,0.0,0.4541,0.0,0.0
2025-10-01,273,29,477.84489833333305,477.84489833333305,0.0,0.4492,214.6479283313332,214.6479283313332
2025-10-01,273,30,562.9313033333333,562.9313033333333,0.0,0.4331,243.80554747366665,243.80554747366665
2025-10-01,273,31,557.9220725,557.9220725,0.0,0.4627,258.15054294575003,258.15054294575003
2025-10-01,273,32,606.9843333333333,606.9843333333333,0.0,0.4622,280.54815886666665,280.54815886666665
2025-10-01,273,33,1432.7149999999997,1432.7149999999997,0.0,0.3548,508.3272819999999,508.3272819999999
2025-10-01,273,34,682.7511578817315,682.7511578817315,0.0,0.5986,408.6948431080045,408.6948431080045
2025-10-01,273,35,0.0,0.0,0.0,1.0273,0.0,0.0
2025-10-01,273,36,0.0,0.0,0.0,0.9897,0.0,0.0
2025-10-01,273,37,0.0,0.0,0.0,0.9102,0.0,0.0
2025-10-01,273,38,0.0,0.0,0.0,0.9631,0.0,0.0
2025-10-01,273,39,0.0,0.0,0.0,0.893,0.0,0.0
2025-10-01,273,40,0.0,0.0,0.0,0.8281,0.0,0.0
2025-10-01,273,41,0.0,0.0,0.0,0.834,0.0,0.0
2025-10-01,273,42,0.0,0.0,0.0,0.8294,0.0,0.0
2025-10-01,273,43,0.0,0.0,0.0,0.8022,0.0,0.0
2025-10-01,273,44,0.0,0.0,0.0,0.7397,0.0,0.0
2025-10-01,273,45,0.0,72.05565406720035,72.05565406720035,0.6759,0.0,73.05362487603107
2025-10-01,273,46,0.0,0.0,0.0,0.889,0.0,0.0
2025-10-01,273,47,0.0,0.0,0.0,1.2084,0.0,0.0
2025-10-01,273,48,0.0,0.0,0.0,1.1592,0.0,0.0
2025-10-01,273,49,0.0,0.0,0.0,1.0714,0.0,0.0
2025-10-01,273,50,0.0,0.0,0.0,1.0945,0.0,0.0
2025-10-01,273,51,0.0,0.0,0.0,1.0471,0.0,0.0
2025-10-01,273,52,0.0,0.0,0.0,0.9706,0.0,0.0
2025-10-01,273,53,0.0,0.0,0.0,0.9144,0.0,0.0
2025-10-01,273,54,0.0,0.0,0.0,0.8856,0.0,0.0
2025-10-01,273,55,0.0,0.0,0.0,0.9222,0.0,0.0
2025-10-01,273,56,0.0,0.0,0.0,0.9442,0.0,0.0
2025-10-01,273,57,0.0,0.0,0.0,0.8291,0.0,0.0
2025-10-01,273,58,0.0,0.0,0.0,0.7817,0.0,0.0
2025-10-01,273,59,0.0,0.0,0.0,0.8447,0.0,0.0
2025-10-01,273,60,0.0,0.0,0.0,0.853,0.0,0.0
2025-10-01,273,61,0.0,0.0,0.0,0.794,0.0,0.0
2025-10-01,273,62,0.0,0.0,0.0,0.746,0.0,0.0
2025-10-01,273,63,0.0,0.0,0.0,0.7704,0.0,0.0
2025-10-01,273,64,0.0,0.0,0.0,0.6735,0.0,0.0
2025-10-01,273,65,0.0,0.0,0.0,0.4598,0.0,0.0
2025-10-01,273,66,502.04341944444445,465.3023788888888,-36.74104055555563,0.3414,171.39762339833334,165.12592777549997
2025-10-01,273,67,525.499229722222,0.0,-525.499229722222,0.3112,163.53536028955548,81.76768014477774
2025-10-01,273,68,530.6680833333337,0.0,-530.6680833333337,0.3186,169.0708513500001,84.53542567500006
2025-10-01,273,69,0.0,0.0,0.0,0.3343,0.0,0.0
2025-10-01,273,70,539.3111088888888,136.20277476103695,-403.1083341278519,0.357,192.5340658733333,120.57922823151173
2025-10-01,273,71,429.51775,385.5102616534433,-44.00748834655667,0.3747,160.94030092499997,152.6954979832726
2025-10-01,273,72,501.8310813888884,0.0,-501.8310813888884,0.3637,182.51596430113872,91.25798215056936
2025-10-01,273,73,319.5311667054857,0.0,-319.5311667054857,0.3201,102.28192646242597,51.140963231212986
2025-10-01,273,74,582.5966416666665,0.0,-582.5966416666665,0.2547,148.38736463249995,74.19368231624998
2025-10-01,273,75,620.0861238888884,0.0,-620.0861238888884,0.2329,144.4180582537221,72.20902912686105
2025-10-01,273,76,0.0,0.0,0.0,0.4825,0.0,0.0
2025-10-01,273,77,0.0,0.0,0.0,0.8089,0.0,0.0
2025-10-01,273,78,0.0,0.0,0.0,0.7664,0.0,0.0
2025-10-01,273,79,0.0,0.0,0.0,0.7327,0.0,0.0
2025-10-01,273,80,0.0,0.0,0.0,0.8258,0.0,0.0
2025-10-01,273,81,0.0,0.0,0.0,0.7994,0.0,0.0
2025-10-01,273,82,0.0,0.0,0.0,0.8207,0.0,0.0
2025-10-01,273,83,0.0,0.0,0.0,0.919,0.0,0.0
2025-10-01,273,84,0.0,0.0,0.0,0.9303,0.0,0.0
2025-10-01,273,85,0.0,0.0,0.0,0.9027,0.0,0.0
2025-10-01,273,86,0.0,0.0,0.0,0.9213,0.0,0.0
2025-10-01,273,87,0.0,0.0,0.0,0.9891,0.0,0.0
2025-10-01,273,88,0.0,0.0,0.0,0.8717,0.0,0.0
2025-10-01,273,89,226.6403166666663,105.48392500000054,-121.15639166666577,0.6412,145.32177104666644,106.47903187833339
2025-10-01,273,90,819.5632691220874,163.6433099999996,-655.9199591220878,0.6219,509.6863970670261,305.72808577801294
2025-10-01,273,91,330.8674836111111,247.4025949999998,-83.46488861111129,0.6889,227.9346094596944,199.18512857759714
2025-10-01,273,92,311.9258249999997,290.70281666666654,-21.223008333333155,0.7305,227.8618151624998,220.11011136874984
2025-10-01,273,93,367.023977222222,324.90300583333294,-42.120971388889075,0.7597,278.8281154957221,262.8284645136526
2025-10-01,273,94,280.1441969444445,373.73264083333333,93.58844388888883,0.772,216.27132004111115,324.64673806444443
2025-10-01,273,95,297.7986974444432,386.1755042499994,88.37680680555621,0.7857,233.980436582099,338.13692224278725
2025-10-01,273,96,508.7372552777779,508.7372552777779,0.0,0.8344,424.4903658037779,424.4903658037779
2025-10-01,273,97,558.4334855555553,583.142181388889,24.70869583333365,0.8951,499.85381292077756,533.028943381403
2025-10-01,273,98,577.6382666666663,628.256311798859,50.61804513219272,0.9352,540.2073069866663,611.2143006981062
2025-10-01,273,99,653.1539252777778,653.1539252777778,0.0,0.9411,614.6831590789168,614.6831590789168
2025-10-01,273,100,770.8670130555555,770.8670130555555,0.0,0.954,735.4071304549999,735.4071304549999
2025-10-01,273,101,894.3745166666665,894.3745166666665,0.0,0.9898,885.2518965966665,885.2518965966665
2025-10-01,273,102,835.7473927777779,835.747392777778,1.1368683772161603e-13,1.0308,861.4884124753335,861.4884124753337
2025-10-01,273,103,869.6865519444445,869.6865519444445,0.0,1.078,937.5221029961112,937.5221029961112
2025-10-01,273,104,927.4626512345684,927.4626512345684,0.0,1.1097,1029.2053040750004,1029.2053040750004
2025-10-01,273,105,1025.920248611111,1025.920248611111,0.0,1.104,1132.6159544666666,1132.6159544666666
2025-10-01,273,106,932.0767280555556,932.0767280555555,-1.1368683772161603e-13,1.1457,1067.88030733325,1067.88030733325
2025-10-01,273,107,715.2388333333332,715.2388333333332,0.0,1.2302,879.8868127666665,879.8868127666665
2025-10-01,273,108,0.0,0.0,0.0,1.2673,0.0,0.0
2025-10-01,273,109,2.439000833333412,84.11292416666674,81.67392333333333,1.2867,3.138262372250101,160.7730181017501
2025-10-01,273,110,8.28774999999996,129.63383333333343,121.34608333333347,1.2847,10.647272424999949,244.4872423125002
2025-10-01,273,111,718.3440795483996,718.3440795483995,-1.1368683772161603e-13,1.229,882.8448737649832,882.8448737649832
2025-10-01,273,112,779.4330500000001,779.4330500000001,0.0,1.2267,956.130522435,956.130522435
2025-10-01,273,113,745.1149166666667,745.1149166666668,1.1368683772161603e-13,1.2794,953.3000243833334,953.3000243833336
2025-10-01,273,114,0.0,0.0,0.0,1.2824,0.0,0.0
2025-10-01,273,115,0.0,0.0,0.0,1.2674,0.0,0.0
2025-10-01,273,116,0.0,0.0,0.0,1.2581,0.0,0.0
2025-10-01,273,117,0.0,0.0,0.0,1.2447,0.0,0.0
2025-10-01,273,118,0.0,0.0,0.0,1.2577,0.0,0.0
2025-10-01,273,119,0.0,0.0,0.0,1.296,0.0,0.0
2025-10-01,273,120,810.2887150000001,810.2887150000001,0.0,1.3138,1064.5573137670003,1064.5573137670003
2025-10-01,273,121,811.1683158333333,811.1683158333332,-1.1368683772161603e-13,1.2595,1021.6664937920833,1021.6664937920833
2025-10-01,273,122,0.0,0.0005232774529604378,0.0005232774529604378,1.2113,0.0,0.0009507689681564674
2025-10-01,273,123,11.775525833333518,11.77552583333352,1.7763568394002505e-15,1.2769,15.036168936583568,15.036168936583572
2025-10-01,273,124,792.5520183333332,792.5520183333332,0.0,1.1753,931.4863871471665,931.4863871471665
2025-10-01,273,125,757.1939166666665,909.8119732684012,152.61805660173468,0.9452,715.6996900333332,932.0815706832727
2025-10-01,273,126,823.3637966666666,823.3637966666666,0.0,0.9182,756.0126380993333,756.0126380993333
2025-10-01,273,127,800.5194549999999,800.5194549999999,0.0,0.9383,751.1274046264999,751.1274046264999
2025-10-01,273,128,745.4747500000001,745.47475,-1.1368683772161603e-13,0.9477,706.4864205750001,706.486420575
2025-10-01,273,129,743.4785359166664,743.4785359166664,0.0,1.0067,748.459842107308,748.459842107308
2025-10-01,273,130,711.1611125000001,787.3851116666667,76.22399916666666,0.7707,548.0918694037501,636.2106236403752
2025-10-01,273,131,631.94275,648.33475,16.39199999999994,0.3733,235.90422857500002,245.082928975
2025-10-01,273,132,1356.0497999999998,1356.0497999999998,0.0,0.3376,457.80241247999993,457.80241247999993
2025-10-01,273,133,566.7861108333333,566.7861108333332,-1.1368683772161603e-13,0.4274,242.24438377016665,242.24438377016662
2025-10-01,273,134,0.042137306968562264,153.10275916666652,153.06062185969796,0.4218,0.017773516079339562,96.85922896671025
2025-10-01,273,135,579.3051525,579.3051525,0.0,0.3452,199.97613864299998,199.97613864299998
2025-10-01,273,136,1373.6997291666667,1373.6997291666667,0.0,0.3495,480.10805534375,480.10805534375
2025-10-01,273,137,1365.2561666666666,1365.2561666666666,0.0,0.4327,590.7463433166666,590.7463433166666
2025-10-01,273,138,1389.7057949999999,1389.7057949999999,0.0,0.449,623.977901955,623.977901955
2025-10-01,273,139,1391.688255,1391.688255,0.0,0.4097,570.1746780735,570.1746780735
2025-10-01,273,140,591.4585833333334,591.4585833333335,1.1368683772161603e-13,0.3837,226.94265842500002,226.94265842500008
2025-10-01,273,141,615.3734883333334,615.3734883333334,0.0,0.4228,260.1799108673334,260.1799108673334
2025-10-01,273,142,1398.9469058333332,987.5086659549271,-411.4382398784061,0.4501,629.6660023155832,537.071826430948
2025-10-01,273,143,1250.1637112987019,1250.1637112987019,0.0,0.4378,547.3216728065717,547.3216728065717
2025-10-02,274,0,1406.1950775,1406.1950775,0.0,0.4259,598.89848350725,598.89848350725
2025-10-02,274,1,1387.1012833333332,1387.1012833333332,0.0,0.4031,559.1405273116666,559.1405273116666
2025-10-02,274,2,1375.7034166666665,1375.7034166666665,0.0,0.399,548.90566325,548.90566325
2025-10-02,274,3,615.3651524999999,615.3651524999999,0.0,0.4563,280.7911190857499,280.7911190857499
2025-10-02,274,4,0.0,0.0,0.0,0.459,0.0,0.0
2025-10-02,274,5,573.5988333333331,573.5988333333331,0.0,0.4129,236.83895828333323,236.83895828333323
2025-10-02,274,6,539.4280958333333,539.4280958333333,0.0,0.4321,233.08688020958328,233.08688020958328
2025-10-02,274,7,0.06090243028579031,0.06090243028579031,0.0,0.424,0.02582263044117509,0.02582263044117509
2025-10-02,274,8,0.0,0.0,0.0,0.3819,0.0,0.0
2025-10-02,274,9,604.7594141666666,604.7594141666666,0.0,0.3958,239.36377612716663,239.36377612716663
2025-10-02,274,10,1431.8980433333331,1431.8980433333331,0.0,0.3904,559.0129961173333,559.0129961173333
2025-10-02,274,11,586.02125,586.02125,0.0,0.3758,220.22678575,220.22678575
2025-10-02,274,12,0.0,0.0,0.0,0.4403,0.0,0.0
2025-10-02,274,13,0.0,0.0,0.0,0.4776,0.0,0.0
2025-10-02,274,14,1399.0071666666663,1399.0071666666663,0.0,0.442,618.3611676666665,618.3611676666665
2025-10-02,274,15,1406.3364683513805,1406.3364683513805,0.0,0.4014,564.5034583962441,564.5034583962441
2025-10-02,274,16,0.0,0.0,0.0,0.4287,0.0,0.0
2025-10-02,274,17,0.0,0.0,0.0,0.4771,0.0,0.0
2025-10-02,274,18,556.8803483333335,556.8803483333335,0.0,0.4344,241.90882331600005,241.90882331600005
2025-10-02,274,19,1410.8306275,1410.8306275,0.0,0.3985,562.21600505875,562.21600505875
2025-10-02,274,20,618.2914999999999,618.2914999999999,0.0,0.4147,256.40548505,256.40548505
2025-10-02,274,21,1427.4218024999998,1427.4218024999998,0.0,0.4316,616.0752499589998,616.0752499589998
2025-10-02,274,22,581.6317925,581.6317925,0.0,0.4367,253.99860378474997,253.99860378474997
2025-10-02,274,23,592.5718333333334,592.5718333333334,0.0,0.4342,257.2946900333334,257.2946900333334
2025-10-02,274,24,1414.743945,1414.743945,0.0,0.4336,613.4329745519999,613.4329745519999
2025-10-02,274,25,1428.0195624999997,1428.0195624999997,0.0,0.4398,628.0430035874999,628.0430035874999
2025-10-02,274,26,610.3797500000001,610.3797500000001,0.0,0.4444,271.25276090000006,271.25276090000006
2025-10-02,274,27,1406.6311791666667,1406.6311791666667,0.0,0.4355,612.5878785270834,612.5878785270834
2025-10-02,274,28,1266.3809265502573,1266.3809265502573,0.0,0.4358,551.8888077906022,551.8888077906022
2025-10-02,274,29,0.0,0.0,0.0,0.449,0.0,0.0
2025-10-02,274,30,580.9544883333333,580.9544883333333,0.0,0.4577,265.90286931016664,265.90286931016664
2025-10-02,274,31,556.7378808333334,556.7378808333334,0.0,0.472,262.78027975333333,262.78027975333333
2025-10-02,274,32,563.59875,563.59875,0.0,0.4646,261.84797925,261.84797925
2025-10-02,274,33,1409.8346516666666,1409.8346516666666,0.0,0.4374,616.661676639,616.661676639
2025-10-02,274,34,691.8211733333331,691.8211733333331,0.0,0.664,459.36925909333326,459.36925909333326
2025-10-02,274,35,0.14608333333330847,0.0,-0.14608333333330847,1.0067,0.14706209166664164,0.07353104583332082
2025-10-02,274,36,0.0,0.0,0.0,1.0216,0.0,0.0
2025-10-02,274,37,0.0,0.0,0.0,0.9481,0.0,0.0
2025-10-02,274,38,0.0,0.0,0.0,0.9484,0.0,0.0
2025-10-02,274,39,0.0,0.0,0.0,0.9469,0.0,0.0
2025-10-02,274,40,0.0,0.0,0.0,0.9299,0.0,0.0
2025-10-02,274,41,0.0,0.0,0.0,0.8788,0.0,0.0
2025-10-02,274,42,510.0185305555557,0.0,-510.0185305555557,0.7867,401.2315779880556,200.6157889940278
2025-10-02,274,43,501.6641694444443,0.0,-501.6641694444443,0.7755,389.04056340416656,194.52028170208328
2025-10-02,274,44,449.0442281595108,294.7349246847737,-154.30930347473708,0.788,353.84685178969454,293.0489862206481
2025-10-02,274,45,1188.4176788888888,1102.4519127777776,-85.96576611111118,0.6932,823.8111350057777,794.0154004716666
2025-10-02,274,46,0.0,0.0,0.0,0.8824,0.0,0.0
2025-10-02,274,47,0.0,0.0,0.0,1.2258,0.0,0.0
2025-10-02,274,48,0.0,0.0,0.0,1.1713,0.0,0.0
2025-10-02,274,49,0.0,0.0,0.0,1.0754,0.0,0.0
2025-10-02,274,50,0.0,0.0,0.0,1.1025,0.0,0.0
2025-10-02,274,51,0.0,0.0,0.0,1.058,0.0,0.0
2025-10-02,274,52,0.0,0.0,0.0,1.0127,0.0,0.0
2025-10-02,274,53,0.0,0.0,0.0,1.0122,0.0,0.0
2025-10-02,274,54,0.0,0.0,0.0,1.0128,0.0,0.0
2025-10-02,274,55,0.0,0.0,0.0,0.9991,0.0,0.0
2025-10-02,274,56,0.0,0.0,0.0,0.9649,0.0,0.0
2025-10-02,274,57,0.0,0.0,0.0,0.9086,0.0,0.0
2025-10-02,274,58,0.0,0.0,0.0,0.8457,0.0,0.0
2025-10-02,274,59,0.0,0.0,0.0,0.8222,0.0,0.0
2025-10-02,274,60,0.0,0.0,0.0,0.8733,0.0,0.0
2025-10-02,274,61,0.0,0.0,0.0,0.8915,0.0,0.0
2025-10-02,274,62,0.0,0.0,0.0,0.8536,0.0,0.0
2025-10-02,274,63,0.0,0.0,0.0,0.8148,0.0,0.0
2025-10-02,274,64,0.0,0.0,0.0,0.6713,0.0,0.0
2025-10-02,274,65,643.9574166666664,531.3525,-112.60491666666644,0.4714,303.56152621666655,277.02054735833326
2025-10-02,274,66,681.1663011111111,137.79099614992572,-543.3753049611854,0.3936,268.10705611733334,161.17079610097204
2025-10-02,274,67,666.9737355555551,0.0,-666.9737355555551,0.3697,246.5801900348887,123.29009501744434
2025-10-02,274,68,636.1452333333334,517.6662333333327,-118.47900000000072,0.3649,232.12939564333337,210.51290209333325
2025-10-02,274,69,664.7644261111116,513.2113350000002,-151.55309111111137,0.4096,272.2875089351113,241.2494358755557
2025-10-02,274,70,595.9221480555555,0.0,-595.9221480555555,0.4127,245.93707050252775,122.96853525126387
2025-10-02,274,71,468.31438333333347,0.0,-468.31438333333347,0.3747,175.47739943500005,87.73869971750003
2025-10-02,274,72,517.6291441666665,0.0,-517.6291441666665,0.3835,198.5107767879166,99.2553883939583
2025-10-02,274,73,586.3346008333338,0.0,-586.3346008333338,0.3891,228.14279318425017,114.07139659212508
2025-10-02,274,74,583.090316666667,0.0,-583.090316666667,0.3536,206.18073597333347,103.09036798666673
2025-10-02,274,75,577.9633966666661,0.0,-577.9633966666661,0.3234,186.91336248199983,93.45668124099991
2025-10-02,274,76,265.89553170547987,0.0,-265.89553170547987,0.4772,126.885347729855,63.4426738649275
2025-10-02,274,77,0.0,0.0,0.0,0.7202,0.0,0.0
2025-10-02,274,78,0.0,0.0,0.0,0.7607,0.0,0.0
2025-10-02,274,79,0.0,0.0,0.0,0.7375,0.0,0.0
2025-10-02,274,80,0.0,0.0,0.0,0.7582,0.0,0.0
2025-10-02,274,81,54.22180805555536,0.0,-54.22180805555536,0.7907,42.87318362952762,21.43659181476381
2025-10-02,274,82,0.0,0.0,0.0,0.8147,0.0,0.0
2025-10-02,274,83,0.0,0.0,0.0,0.8186,0.0,0.0
2025-10-02,274,84,0.0,0.0,0.0,0.8075,0.0,0.0
2025-10-02,274,85,0.0,0.0,0.0,0.8305,0.0,0.0
2025-10-02,274,86,0.0,0.0,0.0,0.8888,0.0,0.0
2025-10-02,274,87,0.0,0.0,0.0,0.9126,0.0,0.0
2025-10-02,274,88,0.0,0.0,0.0,0.7943,0.0,0.0
2025-10-02,274,89,291.13234999999975,0.0,-291.13234999999975,0.6186,180.09447170999985,90.04723585499993
2025-10-02,274,90,368.81938611111116,50.46872277777754,-318.3506633333336,0.5976,220.40646514000002,125.28328693599994
2025-10-02,274,91,641.5258615123444,144.2910155555553,-497.23484595678906,0.6539,419.49376084292203,256.9228279573498
2025-10-02,274,92,1239.816458333333,210.4344666666667,-1029.3819916666662,0.6954,862.1683651249998,504.2522466224999
2025-10-02,274,93,477.2004552777777,258.33867277777756,-218.86178250000012,0.7039,335.9014004700277,258.8729961191526
2025-10-02,274,94,390.12507222222223,305.05754388888874,-85.06752833333348,0.7125,277.96411395833337,247.65880698958327
2025-10-02,274,95,404.7568155555539,355.5042000000001,-49.2526155555538,0.7544,305.34854165510984,286.7704550675549
2025-10-02,274,96,624.8635188888888,418.05960138888884,-206.8039175,0.8346,521.5110928646667,435.2118180919166
2025-10-02,274,97,659.8541894444443,532.6802852777778,-127.17390416666649,0.8931,589.3157765928332,532.5262696872082
2025-10-02,274,98,648.1248749999995,648.1248749999997,2.2737367544323206e-13,0.9152,593.1638855999996,593.1638856
2025-10-02,274,99,711.5375013888886,656.9337180555553,-54.60378333333324,0.9358,665.8567937997219,640.3076835780553
2025-10-02,274,100,740.1645669444442,667.9460869444445,-72.21847999999977,0.9481,701.7500259200276,667.5148554760277
2025-10-02,274,101,970.7710083333344,756.818081481481,-213.95292685185336,0.9602,932.1343222016677,829.4155220200929
2025-10-02,274,102,830.0319941666678,830.0319941666677,-1.1368683772161603e-13,0.9985,828.7869461754178,828.7869461754177
2025-10-02,274,103,884.0852541666668,884.0852541666666,-2.2737367544323206e-13,1.0569,934.38970512875,934.3897051287499
2025-10-02,274,104,941.3319750000003,941.3319750000003,0.0,1.0997,1035.1827729075003,1035.1827729075003
2025-10-02,274,105,1007.1810547222223,1007.1810547222223,0.0,1.1004,1108.3020326163335,1108.3020326163335
2025-10-02,274,106,920.829058611111,920.8290586111109,-1.1368683772161603e-13,1.1465,1055.7305156976388,1055.7305156976388
2025-10-02,274,107,702.1184999999999,702.1185,1.1368683772161603e-13,1.2301,863.6759668499999,863.6759668500001
2025-10-02,274,108,698.9392483333332,698.9392483333332,0.0,1.2538,876.3300295603333,876.3300295603333
2025-10-02,274,109,695.2087124999997,695.2087124999997,0.0,1.253,871.0965167624995,871.0965167624995
2025-10-02,274,110,0.0,88.85308333333353,88.85308333333353,1.2509,0.0,166.71948291250035
2025-10-02,274,111,0.0,0.0,0.0,1.239,0.0,0.0
2025-10-02,274,112,0.0,21.924228333333417,21.924228333333417,1.2668,0.0,41.66041867900016
2025-10-02,274,113,0.0,0.0,0.0,1.3115,0.0,0.0
2025-10-02,274,114,0.0,0.0,0.0,1.295,0.0,0.0
2025-10-02,274,115,0.0,0.0,0.0,1.2643,0.0,0.0
2025-10-02,274,116,0.0,0.0,0.0,1.2521,0.0,0.0
2025-10-02,274,117,732.9410891666668,732.9410891666669,1.1368683772161603e-13,1.2517,917.4223613099168,917.422361309917
2025-10-02,274,118,590.9263878817349,590.9263878817347,-1.1368683772161603e-13,1.2841,758.8085746789358,758.8085746789357
2025-10-02,274,119,0.0,0.0,0.0,1.3117,0.0,0.0
2025-10-02,274,120,0.0,0.0,0.0,1.2703,0.0,0.0
2025-10-02,274,121,728.7729866666667,728.7729866666667,0.0,1.2492,910.3832149440001,910.3832149440001
2025-10-02,274,122,0.0,0.0,0.0,1.2949,0.0,0.0
2025-10-02,274,123,0.0,0.0,0.0,1.3383,0.0,0.0
2025-10-02,274,124,757.8456541666666,757.8456541666667,1.1368683772161603e-13,1.1869,899.4870069304166,899.4870069304168
2025-10-02,274,125,759.6701666666664,759.6701666666664,0.0,0.9507,722.2184274499998,722.2184274499998
2025-10-02,274,126,781.4462174999998,781.4462174999998,0.0,0.9411,735.4190352892498,735.4190352892498
2025-10-02,274,127,766.2940691666665,766.2940691666665,0.0,0.9594,735.1825299584999,735.1825299584999
2025-10-02,274,128,734.6110833333333,734.6110833333333,0.0,0.9546,701.25974015,701.25974015
2025-10-02,274,129,752.1907,752.1907,0.0,1.0256,771.44678192,771.44678192
2025-10-02,274,130,657.6292533333333,769.0958645955623,111.46661126222898,0.7876,517.9487999253332,649.6354544705305
2025-10-02,274,131,1334.58825,1334.5882499999998,-2.2737367544323206e-13,0.3931,524.6266410750001,524.626641075
2025-10-02,274,132,1322.556785833333,1322.556785833333,0.0,0.4127,545.8191855134165,545.8191855134165
2025-10-02,274,133,1371.4286266666666,1371.4286266666663,-2.2737367544323206e-13,0.4632,635.245739872,635.2457398719998
2025-10-02,274,134,514.9362149757999,514.9362149757998,-1.1368683772161603e-13,0.3763,193.77049769539352,193.7704976953935
2025-10-02,274,135,605.8166266666666,605.8166266666666,0.0,0.3703,224.33389685466665,224.33389685466665
2025-10-02,274,136,610.5983849999998,610.5983849999998,0.0,0.374,228.36379598999991,228.36379598999991
2025-10-02,274,137,547.56725,547.5672500000001,1.1368683772161603e-13,0.3741,204.84490822499998,204.84490822500004
2025-10-02,274,138,1385.2390933333331,1385.2390933333331,0.0,0.4374,605.9035794239999,605.9035794239999
2025-10-02,274,139,1379.7440891666665,1379.7440891666665,0.0,0.4236,584.4595961709999,584.4595961709999
2025-10-02,274,140,0.0,0.0,0.0,0.3666,0.0,0.0
2025-10-02,274,141,616.9758024999999,505.5330867806587,-111.44271571934115,0.4362,269.1248450504999,244.81918875211161
2025-10-02,274,142,1370.4835691666667,1370.4835691666667,0.0,0.4441,608.6317530669166,608.6317530669166
2025-10-02,274,143,1302.2479086111114,1302.2479086111116,2.2737367544323206e-13,0.3377,439.7691187379723,439.7691187379724
2025-10-03,275,0,1325.2287033333332,1325.2287033333332,0.0,0.2666,353.30597230866664,353.30597230866664
2025-10-03,275,1,470.51864750000004,470.51864750000004,0.0,0.2769,130.28661349275,130.28661349275
2025-10-03,275,2,444.0394166666666,444.0394166666666,0.0,0.3297,146.39979567499998,146.39979567499998
2025-10-03,275,3,501.27521999999993,501.27521999999993,0.0,0.3524,176.64938752799998,176.64938752799998
2025-10-03,275,4,297.21345494272884,297.21345494272884,0.0,0.3635,108.03709087168193,108.03709087168193
2025-10-03,275,5,481.6228333333332,481.6228333333332,0.0,0.3436,165.48560553333328,165.48560553333328
2025-10-03,275,6,1256.388395833333,1256.388395833333,0.0,0.2633,330.8070646229166,330.8070646229166
2025-10-03,275,7,1267.8969674999998,1267.8969674999998,0.0,0.2868,363.63285027899997,363.63285027899997
2025-10-03,275,8,497.82141666666666,497.82141666666666,0.0,0.3879,193.10492752500002,193.10492752500002
2025-10-03,275,9,1354.3933766666664,1354.3933766666664,0.0,0.3729,505.0532901589999,505.0532901589999
2025-10-03,275,10,1350.2428199999997,1350.2428199999997,0.0,0.3323,448.68568908599985,448.68568908599985
2025-10-03,275,11,1353.4665833333333,1353.4665833333333,0.0,0.3262,441.5007994833333,441.5007994833333
2025-10-03,275,12,0.0,0.0,0.0,0.3193,0.0,0.0
2025-10-03,275,13,0.0,0.0,0.0,0.3073,0.0,0.0
2025-10-03,275,14,0.0,0.0,0.0,0.3268,0.0,0.0
2025-10-03,275,15,498.5802233333333,498.5802233333333,0.0,0.4034,201.12726209266665,201.12726209266665
2025-10-03,275,16,510.5446332393772,510.5446332393772,0.0,0.3985,203.45203634589183,203.45203634589183
2025-10-03,275,17,0.0,0.0,0.0,0.312,0.0,0.0
2025-10-03,275,18,1288.64114,1288.64114,0.0,0.2907,374.607979398,374.607979398
2025-10-03,275,19,1308.8808866666666,1308.8808866666666,0.0,0.3488,456.5376532693333,456.5376532693333
2025-10-03,275,20,0.0,0.0,0.0,0.3843,0.0,0.0
2025-10-03,275,21,0.0,0.0,0.0,0.2971,0.0,0.0
2025-10-03,275,22,0.0,0.0,0.0,0.3068,0.0,0.0
2025-10-03,275,23,511.62716666666677,511.62716666666677,0.0,0.4033,206.3392363166667,206.3392363166667
2025-10-03,275,24,502.5551975000001,502.5551975000001,0.0,0.3632,182.52804773200003,182.52804773200003
2025-10-03,275,25,502.36911416666646,502.36911416666646,0.0,0.3399,170.7552619052499,170.7552619052499
2025-10-03,275,26,509.7926666666667,509.7926666666667,0.0,0.3646,185.87040626666666,185.87040626666666
2025-10-03,275,27,493.96365333333335,493.96365333333335,0.0,0.3123,154.26484893600002,154.26484893600002
2025-10-03,275,28,0.0,0.0,0.0,0.3067,0.0,0.0
2025-10-03,275,29,0.0,0.0,0.0,0.3616,0.0,0.0
2025-10-03,275,30,0.0,0.0,0.0,0.3604,0.0,0.0
2025-10-03,275,31,459.86400749999996,459.86400749999996,0.0,0.3617,166.33281151275,166.33281151275
2025-10-03,275,32,500.38633333333337,500.38633333333337,0.0,0.3667,183.49166843333336,183.49166843333336
2025-10-03,275,33,1358.0678658333331,1358.0678658333331,0.0,0.3414,463.6443693954999,463.6443693954999
2025-10-03,275,34,0.0,0.0,0.0,0.5065,0.0,0.0
2025-10-03,275,35,0.0,0.0,0.0,0.766,0.0,0.0
2025-10-03,275,36,0.0,0.0,0.0,0.7771,0.0,0.0
2025-10-03,275,37,0.0,0.0,0.0,0.7268,0.0,0.0
2025-10-03,275,38,0.0,0.0,0.0,0.7254,0.0,0.0
2025-10-03,275,39,0.0,0.0,0.0,0.7061,0.0,0.0
2025-10-03,275,40,0.0,0.0,0.0,0.7371,0.0,0.0
2025-10-03,275,41,0.0,0.0,0.0,0.7669,0.0,0.0
2025-10-03,275,42,0.0,0.0,0.0,0.6665,0.0,0.0
2025-10-03,275,43,0.0,0.0,0.0,0.6105,0.0,0.0
2025-10-03,275,44,0.0,50.3432666269826,50.3432666269826,0.6221,0.0,46.97781925296881
2025-10-03,275,45,0.0,139.00272999999987,139.00272999999987,0.5747,0.0,119.82730339649989
2025-10-03,275,46,0.0,0.0,0.0,0.6471,0.0,0.0
2025-10-03,275,47,0.0,0.0,0.0,0.8268,0.0,0.0
2025-10-03,275,48,0.0,0.0,0.0,0.886,0.0,0.0
2025-10-03,275,49,0.0,0.0,0.0,0.8196,0.0,0.0
2025-10-03,275,50,0.0,0.0,0.0,0.7421,0.0,0.0
2025-10-03,275,51,0.0,0.0,0.0,0.7667,0.0,0.0
2025-10-03,275,52,0.0,0.0,0.0,0.7656,0.0,0.0
2025-10-03,275,53,0.0,0.0,0.0,0.713,0.0,0.0
2025-10-03,275,54,0.0,0.0,0.0,0.7044,0.0,0.0
2025-10-03,275,55,0.0,0.0,0.0,0.6773,0.0,0.0
2025-10-03,275,56,0.0,0.0,0.0,0.6494,0.0,0.0
2025-10-03,275,57,0.0,0.0,0.0,0.7054,0.0,0.0
2025-10-03,275,58,0.0,0.0,0.0,0.7189,0.0,0.0
2025-10-03,275,59,0.0,0.0,0.0,0.6413,0.0,0.0
2025-10-03,275,60,0.0,0.0,0.0,0.5556,0.0,0.0
2025-10-03,275,61,0.0,0.0,0.0,0.5384,0.0,0.0
2025-10-03,275,62,0.0,0.0,0.0,0.5737,0.0,0.0
2025-10-03,275,63,0.0,0.0,0.0,0.5545,0.0,0.0
2025-10-03,275,64,0.0,0.0,0.0,0.3789,0.0,0.0
2025-10-03,275,65,0.0,0.0,0.0,0.1686,0.0,0.0
2025-10-03,275,66,0.0,0.0,0.0,0.1585,0.0,0.0
2025-10-03,275,67,0.0,0.0,0.0,0.1609,0.0,0.0
2025-10-03,275,68,0.0,0.0,0.0,0.101,0.0,0.0
2025-10-03,275,69,0.0,0.0,0.0,0.0924,0.0,0.0
2025-10-03,275,70,0.0,0.0,0.0,0.1231,0.0,0.0
2025-10-03,275,71,0.0,0.0,0.0,0.1377,0.0,0.0
2025-10-03,275,72,0.0,0.0,0.0,0.1022,0.0,0.0
2025-10-03,275,73,0.0,0.0,0.0,0.1007,0.0,0.0
2025-10-03,275,74,0.0,0.0,0.0,0.1322,0.0,0.0
2025-10-03,275,75,0.0,0.0,0.0,0.1328,0.0,0.0
2025-10-03,275,76,0.0,0.0,0.0,0.2361,0.0,0.0
2025-10-03,275,77,0.0,0.0,0.0,0.4072,0.0,0.0
2025-10-03,275,78,0.0,0.0,0.0,0.4606,0.0,0.0
2025-10-03,275,79,0.0,0.0,0.0,0.482,0.0,0.0
2025-10-03,275,80,0.0,0.0,0.0,0.5427,0.0,0.0
2025-10-03,275,81,0.0,0.0,0.0,0.6179,0.0,0.0
2025-10-03,275,82,0.0,0.0,0.0,0.6405,0.0,0.0
2025-10-03,275,83,0.0,0.0,0.0,0.6368,0.0,0.0
2025-10-03,275,84,0.0,0.0,0.0,0.6845,0.0,0.0
2025-10-03,275,85,0.0,0.0,0.0,0.6676,0.0,0.0
2025-10-03,275,86,0.0,0.0,0.0,0.6305,0.0,0.0
2025-10-03,275,87,0.0,0.0,0.0,0.7159,0.0,0.0
2025-10-03,275,88,0.0,0.0,0.0,0.6375,0.0,0.0
2025-10-03,275,89,0.0,0.0,0.0,0.4334,0.0,0.0
2025-10-03,275,90,0.0,0.0,0.0,0.443,0.0,0.0
2025-10-03,275,91,0.0,0.0,0.0,0.4865,0.0,0.0
2025-10-03,275,92,0.0,0.0,0.0,0.4636,0.0,0.0
2025-10-03,275,93,0.0,37.266503333332935,37.266503333332935,0.4661,0.0,26.054875805499723
2025-10-03,275,94,0.0,74.59530583333333,74.59530583333333,0.4945,0.0,55.331068101875
2025-10-03,275,95,0.0,111.8047499999999,111.8047499999999,0.511,0.0,85.69834087499991
2025-10-03,275,96,100.9361899999999,189.58471722222225,88.64852722222236,0.4976,50.22584814399995,116.39310886266671
2025-10-03,275,97,216.84321833333297,322.7009502777778,105.85773194444482,0.5612,121.69241412866647,210.80345287950013
2025-10-03,275,98,36.58290755555407,73.46984612061169,36.88693856505762,0.658,24.07155317155458,60.47896153526645
2025-10-03,275,99,0.0,0.0,0.0,0.6308,0.0,0.0
2025-10-03,275,100,384.00377777777766,384.0037777777776,-5.684341886080802e-14,0.591,226.9462326666666,226.9462326666666
2025-10-03,275,101,1228.568983333333,1327.3650724585866,98.7960891252535,0.6104,749.9185074266666,840.3762066297487
2025-10-03,275,102,556.9043702777776,562.7312636111108,5.826893333333146,0.6558,365.21788602816656,370.94980100016636
2025-10-03,275,103,525.0744974999998,525.0744974999997,-1.1368683772161603e-13,0.709,372.27781872749983,372.2778187274998
2025-10-03,275,104,565.4004083333334,565.4004083333334,0.0,0.7297,412.5726779608334,412.5726779608334
2025-10-03,275,105,653.4470624999999,678.4583844444444,25.01132194444449,0.7096,463.68603554999993,490.3080866276666
2025-10-03,275,106,627.1686125,627.1686125,0.0,0.8569,537.4207840512499,537.4207840512499
2025-10-03,275,107,534.2599999999999,534.2599999999999,0.0,1.1004,587.8997039999999,587.8997039999999
2025-10-03,275,108,0.0,0.0,0.0,1.1413,0.0,0.0
2025-10-03,275,109,0.0,0.0,0.0,1.1013,0.0,0.0
2025-10-03,275,110,0.0,0.0,0.0,1.0939,0.0,0.0
2025-10-03,275,111,212.60471988173816,212.60490562928834,0.00018574755017652933,1.1092,235.82115529282396,235.82146433959795
2025-10-03,275,112,0.0,0.0,0.0,1.1154,0.0,0.0
2025-10-03,275,113,0.0,0.0,0.0,1.1009,0.0,0.0
2025-10-03,275,114,0.0,0.0,0.0,1.0845,0.0,0.0
2025-10-03,275,115,0.0,0.0,0.0,1.106,0.0,0.0
2025-10-03,275,116,0.0,0.0,0.0,1.1366,0.0,0.0
2025-10-03,275,117,0.0,0.0,0.0,1.1116,0.0,0.0
2025-10-03,275,118,0.0,0.0,0.0,1.1104,0.0,0.0
2025-10-03,275,119,0.0,0.0,0.0,1.1367,0.0,0.0
2025-10-03,275,120,0.0,0.0,0.0,1.115,0.0,0.0
2025-10-03,275,121,553.6306766666667,553.6306766666667,0.0,1.1014,609.7688272806666,609.7688272806666
2025-10-03,275,122,0.0,0.0,0.0,1.1374,0.0,0.0
2025-10-03,275,123,0.0,0.0,0.0,1.1747,0.0,0.0
2025-10-03,275,124,594.1810449999999,594.1810449999999,0.0,1.0164,603.9256141379999,603.9256141379999
2025-10-03,275,125,683.7060833333334,683.7060833333333,-1.1368683772161603e-13,0.7722,527.95783755,527.9578375499999
2025-10-03,275,126,640.67431,640.6743099999999,-1.1368683772161603e-13,0.7595,486.592138445,486.59213844499993
2025-10-03,275,127,609.5406266666665,609.5406266666666,1.1368683772161603e-13,0.7661,466.9690740893332,466.96907408933333
2025-10-03,275,128,1335.9430468518472,1335.9430468518474,2.2737367544323206e-13,0.739,987.2619116235151,987.2619116235153
2025-10-03,275,129,0.0,0.0,0.0,0.802,0.0,0.0
2025-10-03,275,130,593.0096991666667,593.0097384787467,3.9312080048148346e-05,0.6261,371.28337264825,371.28340956819
2025-10-03,275,131,519.1355833333333,557.6935833333333,38.55799999999999,0.293,152.10672591666665,169.05296691666663
2025-10-03,275,132,1287.8093649999998,1287.8093649999998,0.0,0.2493,321.05087469449995,321.05087469449995
2025-10-03,275,133,491.8632233333333,491.86322333333334,5.684341886080802e-14,0.3008,147.95245757866667,147.9524575786667
2025-10-03,275,134,508.3462499999998,508.3462499999998,0.0,0.307,156.06229874999994,156.06229874999994
2025-10-03,275,135,565.4597483990368,565.4597483990368,0.0,0.326,184.339877978086,184.339877978086
2025-10-03,275,136,469.2917841666667,469.2917841666666,-5.684341886080802e-14,0.3343,156.88424344691666,156.88424344691666
2025-10-03,275,137,430.5130833333332,430.5130833333333,1.1368683772161603e-13,0.3319,142.88729235833327,142.88729235833333
2025-10-03,275,138,1279.3360958333333,1279.336095833333,-2.2737367544323206e-13,0.3479,445.08102774041663,445.08102774041663
2025-10-03,275,139,1280.516750833333,1280.516750833333,0.0,0.3461,443.18684746341654,443.18684746341654
2025-10-03,275,140,464.38575,464.3857500000001,1.1368683772161603e-13,0.3326,154.45470045,154.45470045000005
2025-10-03,275,141,1345.8169449999998,1345.8169449999996,-2.2737367544323206e-13,0.3443,463.36477416349993,463.36477416349993
2025-10-03,275,142,1287.3574833333332,1287.357483333333,-2.2737367544323206e-13,0.312,401.65553479999994,401.65553479999994
2025-10-03,275,143,1226.5637083333331,1226.5637083333331,0.0,0.2564,314.49093481666665,314.49093481666665
2025-10-04,276,0,1260.9411216666665,1260.9411216666665,0.0,0.2778,350.2894435989999,350.2894435989999
2025-10-04,276,1,407.7063375,407.7063375,0.0,0.3301,134.58386200875,134.58386200875
2025-10-04,276,2,381.8203333333332,381.8203333333332,0.0,0.35,133.63711666666663,133.63711666666663
2025-10-04,276,3,461.3501033333334,461.3501033333334,0.0,0.3159,145.74049764300003,145.74049764300003
2025-10-04,276,4,498.2798858333333,498.2798858333333,0.0,0.2893,144.15237097158334,144.15237097158334
2025-10-04,276,5,441.40408333333323,441.40408333333323,0.0,0.3088,136.30558093333332,136.30558093333332
2025-10-04,276,6,0.0,0.0,0.0,0.3586,0.0,0.0
2025-10-04,276,7,0.0,0.0,0.0,0.3816,0.0,0.0
2025-10-04,276,8,446.0577500000001,446.0577500000001,0.0,0.3704,165.21979060000004,165.21979060000004
2025-10-04,276,9,463.9286225,463.9286225,0.0,0.3645,169.10198290125,169.10198290125
2025-10-04,276,10,455.5610608333331,455.5610608333331,0.0,0.3515,160.12971288291658,160.12971288291658
2025-10-04,276,11,447.36816666666675,447.36816666666675,0.0,0.3381,151.25517715000004,151.25517715000004
2025-10-04,276,12,0.0,0.0,0.0,0.3447,0.0,0.0
2025-10-04,276,13,0.0,0.0,0.0,0.3178,0.0,0.0
2025-10-04,276,14,424.18141666666656,424.18141666666656,0.0,0.2836,120.29784976666664,120.29784976666664
2025-10-04,276,15,444.9109633333333,444.9109633333333,0.0,0.3241,144.19564321633334,144.19564321633334
2025-10-04,276,16,441.82677666666666,441.82677666666666,0.0,0.3525,155.74393877499998,155.74393877499998
2025-10-04,276,17,414.26991666666663,414.26991666666663,0.0,0.3318,137.45475835,137.45475835
2025-10-04,276,18,0.0,0.0,0.0,0.3149,0.0,0.0
2025-10-04,276,19,1276.1811025,1276.1811025,0.0,0.343,437.73011815750004,437.73011815750004
2025-10-04,276,20,1289.7374999999997,1289.7374999999997,0.0,0.3811,491.5189612499999,491.5189612499999
2025-10-04,276,21,0.0,0.0,0.0,0.3574,0.0,0.0
2025-10-04,276,22,0.0,0.0,0.0,0.3344,0.0,0.0
2025-10-04,276,23,472.45850000000013,472.45850000000013,0.0,0.3352,158.36808920000004,158.36808920000004
2025-10-04,276,24,1272.059995,1272.059995,0.0,0.3218,409.348906391,409.348906391
2025-10-04,276,25,1278.3150116666664,1278.3150116666664,0.0,0.3082,393.97668659566654,393.97668659566654
2025-10-04,276,26,474.7945000000001,474.7945000000001,0.0,0.3203,152.07667835,152.07667835
2025-10-04,276,27,0.0,0.0,0.0,0.3672,0.0,0.0
2025-10-04,276,28,422.05669583333326,422.05669583333326,0.0,0.4004,168.99150101166663,168.99150101166663
2025-10-04,276,29,453.2504166666667,453.2504166666667,0.0,0.3945,178.807289375,178.807289375
2025-10-04,276,30,342.54180642499335,342.54180642499335,0.0,0.3691,126.43218075146504,126.43218075146504
2025-10-04,276,31,0.0,0.0,0.0,0.3705,0.0,0.0
2025-10-04,276,32,449.16050000000007,449.16050000000007,0.0,0.3603,161.83252815000003,161.83252815000003
2025-10-04,276,33,1327.3614899999998,1327.3614899999998,0.0,0.3016,400.3322253839999,400.3322253839999
2025-10-04,276,34,0.0,0.0,0.0,0.5023,0.0,0.0
2025-10-04,276,35,0.0,0.0,0.0,0.8369,0.0,0.0
2025-10-04,276,36,0.0,0.0,0.0,0.843,0.0,0.0
2025-10-04,276,37,0.0,0.0,0.0,0.7794,0.0,0.0
2025-10-04,276,38,0.0,0.0,0.0,0.7903,0.0,0.0
2025-10-04,276,39,0.0,0.0,0.0,0.7606,0.0,0.0
2025-10-04,276,40,0.0,0.0,0.0,0.737,0.0,0.0
2025-10-04,276,41,0.0,0.0,0.0,0.7285,0.0,0.0
2025-10-04,276,42,0.0,0.0,0.0,0.6918,0.0,0.0
2025-10-04,276,43,0.0,0.0,0.0,0.6934,0.0,0.0
2025-10-04,276,44,0.0,0.0,0.0,0.6955,0.0,0.0
2025-10-04,276,45,0.0,0.0,0.0,0.6189,0.0,0.0
2025-10-04,276,46,0.0,0.0,0.0,0.7316,0.0,0.0
2025-10-04,276,47,0.0,0.0,0.0,0.9583,0.0,0.0
2025-10-04,276,48,0.0,0.0,0.0,0.9309,0.0,0.0
2025-10-04,276,49,0.0,0.0,0.0,0.8302,0.0,0.0
2025-10-04,276,50,0.0,0.0,0.0,0.7795,0.0,0.0
2025-10-04,276,51,0.0,0.0,0.0,0.7289,0.0,0.0
2025-10-04,276,52,0.0,0.0,0.0,0.7288,0.0,0.0
2025-10-04,276,53,0.0,0.0,0.0,0.7725,0.0,0.0
2025-10-04,276,54,0.0,0.0,0.0,0.7852,0.0,0.0
2025-10-04,276,55,0.0,0.0,0.0,0.7601,0.0,0.0
2025-10-04,276,56,0.0,0.0,0.0,0.722,0.0,0.0
2025-10-04,276,57,0.0,0.0,0.0,0.7003,0.0,0.0
2025-10-04,276,58,0.0,0.0,0.0,0.6871,0.0,0.0
2025-10-04,276,59,0.0,0.0,0.0,0.6706,0.0,0.0
2025-10-04,276,60,0.0,0.0,0.0,0.6474,0.0,0.0
2025-10-04,276,61,0.0,0.0,0.0,0.6282,0.0,0.0
2025-10-04,276,62,0.0,0.0,0.0,0.6337,0.0,0.0
2025-10-04,276,63,0.0,0.0,0.0,0.6486,0.0,0.0
2025-10-04,276,64,0.0,0.0,0.0,0.5001,0.0,0.0
2025-10-04,276,65,0.0,0.0,0.0,0.2683,0.0,0.0
2025-10-04,276,66,0.0,0.0,0.0,0.2251,0.0,0.0
2025-10-04,276,67,0.0,0.0,0.0,0.2491,0.0,0.0
2025-10-04,276,68,0.0,0.0,0.0,0.2382,0.0,0.0
2025-10-04,276,69,0.0,0.0,0.0,0.2077,0.0,0.0
2025-10-04,276,70,0.0,0.0,0.0,0.16,0.0,0.0
2025-10-04,276,71,0.0,0.0,0.0,0.132,0.0,0.0
2025-10-04,276,72,0.0,0.0,0.0,0.1699,0.0,0.0
2025-10-04,276,73,0.0,0.0,0.0,0.204,0.0,0.0
2025-10-04,276,74,0.0,0.0,0.0,0.1877,0.0,0.0
2025-10-04,276,75,0.0,0.0,0.0,0.1656,0.0,0.0
2025-10-04,276,76,0.0,0.0,0.0,0.3184,0.0,0.0
2025-10-04,276,77,0.0,0.0,0.0,0.549,0.0,0.0
2025-10-04,276,78,0.0,0.0,0.0,0.5696,0.0,0.0
2025-10-04,276,79,0.0,0.0,0.0,0.5658,0.0,0.0
2025-10-04,276,80,0.0,0.0,0.0,0.6161,0.0,0.0
2025-10-04,276,81,0.0,0.0,0.0,0.6123,0.0,0.0
2025-10-04,276,82,0.0,0.0,0.0,0.6144,0.0,0.0
2025-10-04,276,83,0.0,0.0,0.0,0.6444,0.0,0.0
2025-10-04,276,84,0.0,0.0,0.0,0.6533,0.0,0.0
2025-10-04,276,85,0.0,0.0,0.0,0.6408,0.0,0.0
2025-10-04,276,86,0.0,0.0,0.0,0.6569,0.0,0.0
2025-10-04,276,87,0.0,0.0,0.0,0.7237,0.0,0.0
2025-10-04,276,88,0.0,0.0,0.0,0.6181,0.0,0.0
2025-10-04,276,89,0.0,0.0,0.0,0.413,0.0,0.0
2025-10-04,276,90,0.0,0.0,0.0,0.4217,0.0,0.0
2025-10-04,276,91,0.0,0.0,0.0,0.4914,0.0,0.0
2025-10-04,276,92,0.0,0.0,0.0,0.5178,0.0,0.0
2025-10-04,276,93,0.0,0.0,0.0,0.548,0.0,0.0
2025-10-04,276,94,0.0,0.0,0.0,0.5639,0.0,0.0
2025-10-04,276,95,0.0,0.0,0.0,0.5679,0.0,0.0
2025-10-04,276,96,0.0,0.0,0.0,0.5864,0.0,0.0
2025-10-04,276,97,211.95904000000013,211.95904000000016,2.842170943040401e-14,0.5928,125.64931891200007,125.6493189120001
2025-10-04,276,98,56.031673611111415,56.0316736111114,-1.4210854715202004e-14,0.6128,34.336209588889076,34.336209588889076
2025-10-04,276,99,0.0,0.0,0.0,0.6912,0.0,0.0
2025-10-04,276,100,300.56454916666667,300.56454916666667,0.0,0.6934,208.41145839216668,208.41145839216668
2025-10-04,276,101,1109.0902833333332,1109.0902833333334,2.2737367544323206e-13,0.6392,708.9305091066666,708.9305091066668
2025-10-04,276,102,416.88878416666665,395.7435173765417,-21.145266790124936,0.6854,285.7355726678333,278.4890897388575
2025-10-04,276,103,370.0060219444443,370.0060219444443,0.0,0.7387,273.323448410361,273.323448410361
2025-10-04,276,104,397.8459565432082,397.8459565432083,5.684341886080802e-14,0.7357,292.6952702288383,292.69527022883835
2025-10-04,276,105,479.0160138888889,479.01601388888895,5.684341886080802e-14,0.7382,353.6096214527778,353.60962145277784
2025-10-04,276,106,496.70715527777776,496.70672512446987,-0.0004301533078887587,0.9185,456.22552212263884,456.2253245747322
2025-10-04,276,107,0.0,0.0,0.0,1.1548,0.0,0.0
2025-10-04,276,108,0.0,0.0,0.0,1.1377,0.0,0.0
2025-10-04,276,109,0.0,0.0,0.0,1.0791,0.0,0.0
2025-10-04,276,110,0.0,0.0,0.0,1.1079,0.0,0.0
2025-10-04,276,111,0.0,0.0,0.0,1.1416,0.0,0.0
2025-10-04,276,112,0.0,564.3541216666665,564.3541216666665,1.1233,0.0,950.9084773022497
2025-10-04,276,113,0.0,579.4222433869845,579.4222433869845,1.077,0.0,936.0566341916734
2025-10-04,276,114,0.0,0.0,0.0,1.0766,0.0,0.0
2025-10-04,276,115,0.0,0.0,0.0,1.1071,0.0,0.0
2025-10-04,276,116,0.0,0.0,0.0,1.1476,0.0,0.0
2025-10-04,276,117,0.0,0.0,0.0,1.1845,0.0,0.0
2025-10-04,276,118,0.0,0.0,0.0,1.166,0.0,0.0
2025-10-04,276,119,0.0,0.0,0.0,1.1179,0.0,0.0
2025-10-04,276,120,0.0,0.0,0.0,1.1193,0.0,0.0
2025-10-04,276,121,0.0,0.0,0.0,1.1178,0.0,0.0
2025-10-04,276,122,0.0,0.0,0.0,1.1197,0.0,0.0
2025-10-04,276,123,0.0,0.0,0.0,1.1566,0.0,0.0
2025-10-04,276,124,307.0010317274091,613.9456166666666,306.94458493925754,1.0098,310.0096418383377,774.938604645831
2025-10-04,276,125,591.5181666666666,640.4484166666664,48.93024999999977,0.7719,456.59287285,513.2467628124997
2025-10-04,276,126,538.1643833333334,538.1643833333333,-1.1368683772161603e-13,0.7704,414.60184092000003,414.60184092
2025-10-04,276,127,502.77978083333323,502.77978083333335,1.1368683772161603e-13,0.7863,395.3357416692499,395.33574166925
2025-10-04,276,128,1146.5243380209822,1146.524338020982,-2.2737367544323206e-13,0.7677,880.1867342987081,880.1867342987081
2025-10-04,276,129,0.014846935440575608,0.014846935440575608,0.0,0.8445,0.012538236979566101,0.012538236979566101
2025-10-04,276,130,488.77628833333335,565.0002875,76.22399916666666,0.666,325.52500803000004,401.67278319750005
2025-10-04,276,131,1256.9264166666667,1256.926416666667,2.2737367544323206e-13,0.3249,408.375392775,408.37539277500014
2025-10-04,276,132,1211.7600524999998,1211.7600524999998,0.0,0.3001,363.6491917552499,363.6491917552499
2025-10-04,276,133,1240.8555525,1240.8555525000002,2.2737367544323206e-13,0.36,446.70799889999995,446.70799890000006
2025-10-04,276,134,414.9306666666665,414.9306666666666,5.684341886080802e-14,0.3456,143.40003839999997,143.4000384
2025-10-04,276,135,436.63016416666665,436.6301641666667,5.684341886080802e-14,0.3307,144.39359528991665,144.39359528991668
2025-10-04,276,136,1210.6197666666667,1210.6197666666667,0.0,0.2963,358.70663686333336,358.70663686333336
2025-10-04,276,137,1193.0964166666665,1193.0964166666663,-2.2737367544323206e-13,0.2688,320.70431679999996,320.70431679999996
2025-10-04,276,138,1224.4125891666667,1224.4125891666667,0.0,0.313,383.2411404091667,383.2411404091667
2025-10-04,276,139,1249.3049541666664,1249.3049541666664,0.0,0.3647,455.62151678458326,455.62151678458326
2025-10-04,276,140,0.0,0.0,0.0,0.362,0.0,0.0
2025-10-04,276,141,464.11757249999994,464.11757249999994,0.0,0.3127,145.12956492074997,145.12956492074997
2025-10-04,276,142,758.7234752508887,492.2151388261156,-266.50833642477306,0.3523,267.2982803308881,220.35283686966432
2025-10-04,276,143,0.0,0.0,0.0,0.4384,0.0,0.0
2025-10-05,277,0,537.4760716666667,537.4760716666667,0.0,0.4012,215.6353999526667,215.6353999526667
2025-10-05,277,1,1341.0899866666666,1341.0899866666666,0.0,0.3917,525.3049477773333,525.3049477773333
2025-10-05,277,2,1308.1394999999998,1308.1394999999998,0.0,0.4384,573.4883567999999,573.4883567999999
2025-10-05,277,3,525.6602158333333,525.6602158333333,0.0,0.4212,221.40808290899997,221.40808290899997
2025-10-05,277,4,0.0,0.0,0.0,0.439,0.0,0.0
2025-10-05,277,5,0.0,0.0,0.0,0.4907,0.0,0.0
2025-10-05,277,6,470.97155583333324,470.97155583333324,0.0,0.467,219.94371657416664,219.94371657416664
2025-10-05,277,7,457.55719166666654,457.55719166666654,0.0,0.4496,205.71771337333328,205.71771337333328
2025-10-05,277,8,508.5155833333334,508.5155833333334,0.0,0.4556,231.6796997666667,231.6796997666667
2025-10-05,277,9,564.9974891666666,564.9974891666666,0.0,0.4192,236.84694745866665,236.84694745866665
2025-10-05,277,10,561.2551758333332,561.2551758333332,0.0,0.3954,221.92029652449992,221.92029652449992
2025-10-05,277,11,530.2865833333334,530.2865833333334,0.0,0.4214,223.4627662166667,223.4627662166667
2025-10-05,277,12,0.0,0.0,0.0,0.47,0.0,0.0
2025-10-05,277,13,0.0,0.0,0.0,0.4591,0.0,0.0
2025-10-05,277,14,1352.3269999999998,1352.3269999999998,0.0,0.4148,560.9452395999999,560.9452395999999
2025-10-05,277,15,1364.5114233333334,1364.5114233333334,0.0,0.4392,599.293417128,599.293417128
2025-10-05,277,16,522.1454183333333,522.1454183333333,0.0,0.4559,238.04609621816667,238.04609621816667
2025-10-05,277,17,1321.39275,1321.39275,0.0,0.4409,582.602063475,582.602063475
2025-10-05,277,18,1319.3132291666666,1319.3132291666666,0.0,0.4474,590.2607387291666,590.2607387291666
2025-10-05,277,19,1350.9825908333332,1350.9825908333332,0.0,0.4473,604.29451287975,604.29451287975
2025-10-05,277,20,548.28225,548.28225,0.0,0.4321,236.91276022499997,236.91276022499997
2025-10-05,277,21,540.9319366666665,540.9319366666665,0.0,0.4288,231.9516144426666,231.9516144426666
2025-10-05,277,22,538.7804016666666,538.7804016666666,0.0,0.4419,238.0870594965,238.0870594965
2025-10-05,277,23,543.3155833333334,543.3155833333334,0.0,0.4579,248.78420560833334,248.78420560833334
2025-10-05,277,24,1360.7395658333335,1360.7395658333335,0.0,0.4566,621.3136857595001,621.3136857595001
2025-10-05,277,25,1376.5088174999996,1376.5088174999996,0.0,0.438,602.9108620649998,602.9108620649998
2025-10-05,277,26,0.0,0.0,0.0,0.4305,0.0,0.0
2025-10-05,277,27,1176.713118848957,1176.713118848957,0.0,0.4643,546.3479010815707,546.3479010815707
2025-10-05,277,28,524.6258254312796,524.6258254312796,0.0,0.4871,255.5452395675763,255.5452395675763
2025-10-05,277,29,0.0,0.0,0.0,0.4655,0.0,0.0
2025-10-05,277,30,511.44232083333327,511.44232083333327,0.0,0.4208,215.21492860666663,215.21492860666663
2025-10-05,277,31,499.31809250000003,499.31809250000003,0.0,0.4266,213.0090982605,213.0090982605
2025-10-05,277,32,544.7604166666667,544.7604166666667,0.0,0.4529,246.72199270833337,246.72199270833337
2025-10-05,277,33,1379.9159666666665,1379.9159666666665,0.0,0.436,601.6433614666665,601.6433614666665
2025-10-05,277,34,197.5619245484013,197.5619245484013,0.0,0.6272,123.91083907675728,123.91083907675728
2025-10-05,277,35,0.0,0.0,0.0,0.9396,0.0,0.0
2025-10-05,277,36,0.0,0.0,0.0,1.0038,0.0,0.0
2025-10-05,277,37,0.0,0.0,0.0,0.9848,0.0,0.0
2025-10-05,277,38,0.0,0.0,0.0,0.9813,0.0,0.0
2025-10-05,277,39,0.0,0.0,0.0,0.9201,0.0,0.0
2025-10-05,277,40,0.0,0.0,0.0,0.8561,0.0,0.0
2025-10-05,277,41,0.0,0.0,0.0,0.8224,0.0,0.0
2025-10-05,277,42,0.0,0.0,0.0,0.8058,0.0,0.0
2025-10-05,277,43,0.0,0.0,0.0,0.8265,0.0,0.0
2025-10-05,277,44,0.0,0.046403732472503956,0.046403732472503956,0.8065,0.0,0.056136915358611664
2025-10-05,277,45,0.0,906.7521001860946,906.7521001860946,0.6871,0.0,934.5440520567985
2025-10-05,277,46,0.0,0.0,0.0,0.8856,0.0,0.0
2025-10-05,277,47,0.0,0.0,0.0,1.272,0.0,0.0
2025-10-05,277,48,0.0,0.0,0.0,1.2627,0.0,0.0
2025-10-05,277,49,0.0,0.0,0.0,1.1196,0.0,0.0
2025-10-05,277,50,0.0,0.0,0.0,1.0577,0.0,0.0
2025-10-05,277,51,0.0,0.0,0.0,1.0409,0.0,0.0
2025-10-05,277,52,0.0,0.0,0.0,1.0869,0.0,0.0
2025-10-05,277,53,0.0,0.0,0.0,1.1213,0.0,0.0
2025-10-05,277,54,0.0,0.0,0.0,1.0276,0.0,0.0
2025-10-05,277,55,0.0,0.0,0.0,0.9491,0.0,0.0
2025-10-05,277,56,0.0,0.0,0.0,0.9409,0.0,0.0
2025-10-05,277,57,0.0,0.0,0.0,0.9248,0.0,0.0
2025-10-05,277,58,0.0,0.0,0.0,0.9045,0.0,0.0
2025-10-05,277,59,0.0,0.0,0.0,0.8864,0.0,0.0
2025-10-05,277,60,0.0,0.0,0.0,0.8584,0.0,0.0
2025-10-05,277,61,0.0,0.0,0.0,0.8168,0.0,0.0
2025-10-05,277,62,0.0,0.0,0.0,0.804,0.0,0.0
2025-10-05,277,63,0.0,0.0,0.0,0.8346,0.0,0.0
2025-10-05,277,64,0.0,0.0,0.0,0.6585,0.0,0.0
2025-10-05,277,65,0.0,0.0,0.0,0.4,0.0,0.0
2025-10-05,277,66,0.0,0.0,0.0,0.4498,0.0,0.0
2025-10-05,277,67,301.8658819832601,0.0,-301.8658819832601,0.5125,154.7062645164208,77.3531322582104
2025-10-05,277,68,0.0,0.0,0.0,0.4457,0.0,0.0
2025-10-05,277,69,643.4618925000003,0.0,-643.4618925000003,0.4,257.38475700000015,128.69237850000007
2025-10-05,277,70,616.9806491666667,0.0,-616.9806491666667,0.3787,233.65057183941667,116.82528591970834
2025-10-05,277,71,524.9616000000002,307.3358125,-217.62578750000023,0.3545,186.09888720000006,147.524716365625
2025-10-05,277,72,522.0613480555553,280.893345138889,-241.1680029166663,0.3247,169.5133197136388,130.35969444011803
2025-10-05,277,73,529.4800536111113,278.21001027777766,-251.27004333333366,0.3397,179.86437421169452,137.18615735152778
2025-10-05,277,74,486.9365333333334,23.189935578766836,-463.74659775456655,0.3594,175.00499008000003,91.66972646350442
2025-10-05,277,75,475.9520030555552,278.45424472222203,-197.4977583333332,0.3272,155.73149539977766,123.42086213644436
2025-10-05,277,76,0.0,0.0,0.0,0.5167,0.0,0.0
2025-10-05,277,77,0.0,0.0,0.0,0.8186,0.0,0.0
2025-10-05,277,78,0.0,0.0,0.0,0.8264,0.0,0.0
2025-10-05,277,79,0.0,0.0,0.0,0.7966,0.0,0.0
2025-10-05,277,80,0.0,0.0,0.0,0.8371,0.0,0.0
2025-10-05,277,81,0.0,0.0,0.0,0.7996,0.0,0.0
2025-10-05,277,82,0.0,0.0,0.0,0.7828,0.0,0.0
2025-10-05,277,83,0.0,0.0,0.0,0.8539,0.0,0.0
2025-10-05,277,84,0.0,0.0,0.0,0.9577,0.0,0.0
2025-10-05,277,85,0.0,0.0,0.0,0.9493,0.0,0.0
2025-10-05,277,86,0.0,0.0,0.0,0.8937,0.0,0.0
2025-10-05,277,87,0.0,0.0,0.0,0.9675,0.0,0.0
2025-10-05,277,88,0.0,0.0,0.0,0.8885,0.0,0.0
2025-10-05,277,89,0.0,0.0,0.0,0.6794,0.0,0.0
2025-10-05,277,90,0.0,0.0,0.0,0.673,0.0,0.0
2025-10-05,277,91,0.0,54.46397583333328,54.46397583333328,0.7567,0.0,61.81933576962494
2025-10-05,277,92,97.75022499999977,127.69376666666665,29.943541666666874,0.7807,76.31360065749982,111.37898512625006
2025-10-05,277,93,88.57890473765795,159.66920749999986,71.0903027623419,0.7225,63.998258672957874,141.0423742916459
2025-10-05,277,94,65.79595027777782,192.93521249999998,127.13926222222216,0.7448,49.00482376688892,191.04480752155553
2025-10-05,277,95,260.03106666666656,260.0310666666665,-5.684341886080802e-14,0.8325,216.47586299999992,216.4758629999999
2025-10-05,277,96,267.93180110277484,328.3227933333335,60.39099223055865,0.8213,220.05238824570898,294.4510711241457
2025-10-05,277,97,344.0230855555552,433.7522508333334,89.72916527777818,0.8352,287.32808105599975,399.74077931600027
2025-10-05,277,98,383.6391749999997,433.43594655897715,49.79677155897747,0.8955,343.5488812124997,410.4383946090961
2025-10-05,277,99,493.7782719444443,493.7782719444442,-1.1368683772161603e-13,0.8983,443.56102168769434,443.5610216876943
2025-10-05,277,100,552.0633361820998,552.0633361820998,0.0,0.9395,518.6635043430828,518.6635043430828
2025-10-05,277,101,679.0355833333332,679.0355833333332,0.0,1.0161,689.9680562249998,689.9680562249998
2025-10-05,277,102,623.3057694444446,623.3057694444446,0.0,1.0185,634.8369261791669,634.8369261791669
2025-10-05,277,103,675.912897777778,675.912897777778,0.0,1.0134,684.9701306080002,684.9701306080002
2025-10-05,277,104,730.330892901235,730.330892901235,0.0,1.0445,762.8306176353399,762.8306176353399
2025-10-05,277,105,815.9367002777776,815.9367002777776,0.0,1.0943,892.8795311139721,892.8795311139721
2025-10-05,277,106,750.3265805555556,750.3265805555554,-1.1368683772161603e-13,1.1744,881.1835362044445,881.1835362044445
2025-10-05,277,107,0.0,688.4455833333334,688.4455833333334,1.2517,0.0,1292.5910049875001
2025-10-05,277,108,0.0,132.9664246356752,132.9664246356752,1.2649,0.0,252.2838457824983
2025-10-05,277,109,0.0,0.0,0.0,1.2512,0.0,0.0
2025-10-05,277,110,593.2240833333332,702.3931666666667,109.16908333333356,1.2501,741.5894265749998,946.2978331875003
2025-10-05,277,111,627.0888983333336,738.6896633333336,111.60076499999991,1.2694,796.0266475443337,1008.5256641808336
2025-10-05,277,112,0.0,754.5706150000001,754.5706150000001,1.2811,0.0,1450.02062231475
2025-10-05,277,113,0.0,702.9045833333331,702.9045833333331,1.2734,0.0,1342.6180446249996
2025-10-05,277,114,643.6154783333335,756.00127,112.38579166666648,1.259,810.3118872216668,1022.5524547841665
2025-10-05,277,115,0.0,773.4938333333333,773.4938333333333,1.2493,0.0,1449.488768975
2025-10-05,277,116,0.0,0.0,0.0,1.2502,0.0,0.0
2025-10-05,277,117,0.0,765.8086299102348,765.8086299102348,1.2628,0.0,1450.5947067759666
2025-10-05,277,118,0.0,757.4044066666665,757.4044066666665,1.2855,0.0,1460.4650471549999
2025-10-05,277,119,0.0,0.0,0.0,1.303,0.0,0.0
2025-10-05,277,120,0.0,0.0,0.0,1.2899,0.0,0.0
2025-10-05,277,121,580.3360379650653,777.4629358333334,197.1268978682681,1.2353,716.8891076982452,1082.1553931032527
2025-10-05,277,122,0.0,753.7459166666665,753.7459166666665,1.2057,0.0,1363.1871775874997
2025-10-05,277,123,0.0,737.095615,737.095615,1.2618,0.0,1395.1008705105
2025-10-05,277,124,654.7888399999998,777.3337024999998,122.54486250000002,1.1594,759.1621810959998,972.2799514697499
2025-10-05,277,125,633.4341666666666,722.7269166666666,89.29275000000007,0.9653,611.4540010833333,740.7454384458334
2025-10-05,277,126,668.8911749999999,729.2285516666666,60.33737666666673,0.9897,662.0015958974999,751.575448428
2025-10-05,277,127,659.8963366666667,703.112155,43.215818333333345,0.9824,648.2821611413334,711.9649910373334
2025-10-05,277,128,619.9677499999999,725.38,105.41225000000009,0.911,564.79062025,708.8364598750001
2025-10-05,277,129,658.7580166666665,768.4717610833333,109.71374441666671,0.9592,631.8806895866666,789.7368250533666
2025-10-05,277,130,590.7279183333334,702.74999,112.02207166666665,0.753,444.818122505,571.3470524525
2025-10-05,277,131,543.4754166666667,543.4754166666665,-1.1368683772161603e-13,0.3776,205.21631733333334,205.2163173333333
2025-10-05,277,132,1290.2238674999996,1290.2238674999996,0.0,0.3349,432.09597322574984,432.09597322574984
2025-10-05,277,133,1339.4465291666666,1339.4465291666666,0.0,0.3959,530.2868808970833,530.2868808970833
2025-10-05,277,134,0.0,0.0,0.0,0.415,0.0,0.0
2025-10-05,277,135,534.3150008333333,534.3150008333334,1.1368683772161603e-13,0.4689,250.54030389074998,250.54030389075007
2025-10-05,277,136,1264.7829416666666,1264.7829416666666,0.0,0.4435,560.9312346291666,560.9312346291666
2025-10-05,277,137,489.3641666666665,489.36416666666645,-5.684341886080802e-14,0.3758,183.90305383333327,183.90305383333327
2025-10-05,277,138,1326.4648224999999,1326.4648224999999,0.0,0.4254,564.2781354914999,564.2781354914999
2025-10-05,277,139,1347.7745925,1347.7745925,0.0,0.4425,596.3902571812499,596.3902571812499
2025-10-05,277,140,0.0,0.0,0.0,0.4001,0.0,0.0
2025-10-05,277,141,1357.7586058333331,1357.758605833333,-2.2737367544323206e-13,0.4236,575.1465454309999,575.1465454309998
2025-10-05,277,142,1360.3048116666666,1360.3048116666669,2.2737367544323206e-13,0.4404,599.078239058,599.0782390580001
2025-10-05,277,143,910.3601826582953,910.3601826582952,-1.1368683772161603e-13,0.4222,384.3540691183323,384.3540691183323
2025-10-06,278,0,605.2294958333333,605.2294958333333,0.0,0.4215,255.10423249374998,255.10423249374998
2025-10-06,278,1,1404.45383,1404.45383,0.0,0.4315,606.0218276449999,606.0218276449999
2025-10-06,278,2,1371.273333333333,1371.273333333333,0.0,0.4412,605.0057946666665,605.0057946666665
2025-10-06,278,3,1437.094815,1437.094815,0.0,0.4476,643.2436391939999,643.2436391939999
2025-10-06,278,4,640.3632491666667,640.3632491666667,0.0,0.4362,279.3264492865,279.3264492865
2025-10-06,278,5,593.6752499999998,593.6752499999998,0.0,0.4182,248.27498954999993,248.27498954999993
2025-10-06,278,6,543.549765,543.549765,0.0,0.421,228.834451065,228.834451065
2025-10-06,278,7,0.0,0.0,0.0,0.4223,0.0,0.0
2025-10-06,278,8,0.0,0.0,0.0,0.4295,0.0,0.0
2025-10-06,278,9,606.7179166666667,606.7179166666667,0.0,0.4689,284.49003112500003,284.49003112500003
2025-10-06,278,10,1383.6966469571428,1383.6966469571428,0.0,0.4779,661.2686275808185,661.2686275808185
2025-10-06,278,11,581.7548333333333,581.7548333333333,0.0,0.4452,258.99725179999996,258.99725179999996
2025-10-06,278,12,0.0,0.0,0.0,0.4254,0.0,0.0
2025-10-06,278,13,0.0,0.0,0.0,0.4391,0.0,0.0
2025-10-06,278,14,0.0,0.0,0.0,0.4633,0.0,0.0
2025-10-06,278,15,588.1831433333334,588.1831433333334,0.0,0.4578,269.27024301800003,269.27024301800003
2025-10-06,278,16,0.04467018778190204,0.04467018778190204,0.0,0.4509,0.020141787670859633,0.020141787670859633
2025-10-06,278,17,0.0,0.0,0.0,0.4726,0.0,0.0
2025-10-06,278,18,1398.0217866666667,1398.0217866666667,0.0,0.5151,720.121022312,720.121022312
2025-10-06,278,19,1413.6184925,1413.6184925,0.0,0.4874,688.9976532445,688.9976532445
2025-10-06,278,20,602.5743333333332,602.5743333333332,0.0,0.4077,245.66955569999996,245.66955569999996
2025-10-06,278,21,592.7234749999999,592.7234749999999,0.0,0.392,232.34760219999995,232.34760219999995
2025-10-06,278,22,1421.1324833333333,1421.1324833333333,0.0,0.4284,608.81315586,608.81315586
2025-10-06,278,23,1430.4045833333334,1430.4045833333334,0.0,0.4728,676.295287,676.295287
2025-10-06,278,24,1434.4999466666668,1434.4999466666668,0.0,0.4884,700.6097739520001,700.6097739520001
2025-10-06,278,25,604.2110841666665,604.2110841666665,0.0,0.4658,281.44152300483324,281.44152300483324
2025-10-06,278,26,596.32825,596.32825,0.0,0.4413,263.15965672500005,263.15965672500005
2025-10-06,278,27,1411.6322175,1411.6322175,0.0,0.4639,654.85618569825,654.85618569825
2025-10-06,278,28,593.0779283333333,593.0779283333333,0.0,0.4797,284.4994822215,284.4994822215
2025-10-06,278,29,0.0,0.0,0.0,0.4747,0.0,0.0
2025-10-06,278,30,557.1148658333333,557.1148658333333,0.0,0.4888,272.31774641933333,272.31774641933333
2025-10-06,278,31,1383.2678633333333,1383.2678633333333,0.0,0.5142,711.276335326,711.276335326
2025-10-06,278,32,1430.31425,1430.31425,0.0,0.4983,712.725590775,712.725590775
2025-10-06,278,33,1437.967765833333,1437.967765833333,0.0,0.4386,630.6926620944998,630.6926620944998
2025-10-06,278,34,702.2452516666664,702.2452516666664,0.0,0.6374,447.61112341233314,447.61112341233314
2025-10-06,278,35,12.393000000000029,12.393000000000026,-3.552713678800501e-15,0.9869,12.23065170000003,12.230651700000028
2025-10-06,278,36,7.617658333333502,12.558503611111377,4.940845277777875,1.0454,7.963500021666843,15.711239501750331
2025-10-06,278,37,0.0,0.0,0.0,0.9757,0.0,0.0
2025-10-06,278,38,0.0,0.0,0.0,0.9307,0.0,0.0
2025-10-06,278,39,0.0,0.0,0.0,0.8973,0.0,0.0
2025-10-06,278,40,0.0,0.0,0.0,0.8641,0.0,0.0
2025-10-06,278,41,0.0,0.0,0.0,0.8323,0.0,0.0
2025-10-06,278,42,234.3303914928456,234.33039149284562,2.842170943040401e-14,0.8092,189.62015279601067,189.6201527960107
2025-10-06,278,43,0.0,271.93795556084706,271.93795556084706,0.7876,0.0,321.26750069958473
2025-10-06,278,44,0.0,0.0,0.0,0.7467,0.0,0.0
2025-10-06,278,45,323.99251638888904,1125.8377336111112,801.8452172222221,0.7116,230.55307466233344,1086.4426595253335
2025-10-06,278,46,0.0,0.0,0.0,0.913,0.0,0.0
2025-10-06,278,47,0.0,0.0,0.0,1.2098,0.0,0.0
2025-10-06,278,48,0.0,0.0,0.0,1.2027,0.0,0.0
2025-10-06,278,49,0.0,0.0,0.0,1.1377,0.0,0.0
2025-10-06,278,50,0.0,0.0,0.0,1.1403,0.0,0.0
2025-10-06,278,51,0.0,0.0,0.0,1.0875,0.0,0.0
2025-10-06,278,52,0.0,0.0,0.0,1.0057,0.0,0.0
2025-10-06,278,53,0.0,0.0,0.0,0.9776,0.0,0.0
2025-10-06,278,54,0.0,0.0,0.0,1.0457,0.0,0.0
2025-10-06,278,55,0.0,0.0,0.0,1.0387,0.0,0.0
2025-10-06,278,56,0.0,0.0,0.0,0.9581,0.0,0.0
2025-10-06,278,57,0.0,0.0,0.0,0.9604,0.0,0.0
2025-10-06,278,58,0.0,0.0,0.0,0.9268,0.0,0.0
2025-10-06,278,59,0.0,0.0,0.0,0.8517,0.0,0.0
2025-10-06,278,60,0.0,0.0,0.0,0.8613,0.0,0.0
2025-10-06,278,61,0.0,0.0,0.0,0.8768,0.0,0.0
2025-10-06,278,62,0.0,0.0,0.0,0.8568,0.0,0.0
2025-10-06,278,63,0.0,0.0,0.0,0.8291,0.0,0.0
2025-10-06,278,64,0.0,0.0,0.0,0.7354,0.0,0.0
2025-10-06,278,65,0.0,0.0,0.0,0.5775,0.0,0.0
2025-10-06,278,66,0.0,0.0,0.0,0.4416,0.0,0.0
2025-10-06,278,67,0.0,0.0,0.0,0.4155,0.0,0.0
2025-10-06,278,68,0.0,0.0,0.0,0.486,0.0,0.0
2025-10-06,278,69,0.0,0.0,0.0,0.5486,0.0,0.0
2025-10-06,278,70,0.0,400.10276722222204,400.10276722222204,0.5387,0.0,323.3030410539165
2025-10-06,278,71,0.0,374.44883333333337,374.44883333333337,0.4761,0.0,267.41263432500006
2025-10-06,278,72,0.0,400.65141527777814,400.65141527777814,0.4341,0.0,260.8841690581252
2025-10-06,278,73,0.0,33.73983676426862,33.73983676426862,0.4078,0.0,20.638658148703115
2025-10-06,278,74,0.0,0.0,0.0,0.3936,0.0,0.0
2025-10-06,278,75,0.0,461.69452444444426,461.69452444444426,0.42,0.0,290.86755039999986
2025-10-06,278,76,0.0,0.0,0.0,0.551,0.0,0.0
2025-10-06,278,77,0.0,0.0,0.0,0.7318,0.0,0.0
2025-10-06,278,78,0.0,0.0,0.0,0.8245,0.0,0.0
2025-10-06,278,79,0.0,0.0,0.0,0.8666,0.0,0.0
2025-10-06,278,80,0.0,0.0,0.0,0.8917,0.0,0.0
2025-10-06,278,81,0.0,0.0,0.0,0.8898,0.0,0.0
2025-10-06,278,82,0.0,0.0,0.0,0.8719,0.0,0.0
2025-10-06,278,83,0.0,0.0,0.0,0.8717,0.0,0.0
2025-10-06,278,84,0.0,0.0,0.0,0.9172,0.0,0.0
2025-10-06,278,85,0.0,0.0,0.0,0.9497,0.0,0.0
2025-10-06,278,86,0.0,0.0,0.0,0.97,0.0,0.0
2025-10-06,278,87,0.0,0.0,0.0,1.0095,0.0,0.0
2025-10-06,278,88,0.0,0.0,0.0,0.9083,0.0,0.0
2025-10-06,278,89,183.71918179012366,183.71918179012366,0.0,0.7183,131.96548827984583,131.96548827984583
2025-10-06,278,90,221.61791444444452,221.61791444444452,0.0,0.6755,149.70290120722228,149.70290120722228
2025-10-06,278,91,235.33505516049462,235.33505516049462,0.0,0.7121,167.5820927797882,167.5820927797882
2025-10-06,278,92,0.0,31.54236016666632,31.54236016666632,0.7448,0.0,35.23912477819961
2025-10-06,278,93,369.7414469444444,369.7414469444443,-1.1368683772161603e-13,0.7631,282.1496981633055,282.1496981633055
2025-10-06,278,94,449.6752397222224,449.67523972222244,5.684341886080802e-14,0.792,356.14278986000016,356.1427898600002
2025-10-06,278,95,486.8703333333333,486.87033333333335,5.684341886080802e-14,0.8334,405.7577358,405.75773580000003
2025-10-06,278,96,554.7977911111112,554.7977911111113,1.1368683772161603e-13,0.8666,480.787765776889,480.78776577688916
2025-10-06,278,97,594.0256095061727,606.3875797222223,12.361970216049599,0.9024,536.0487100183702,552.7818729028149
2025-10-06,278,98,603.4256238333334,656.8594842338714,53.43386040053804,0.9369,565.34946696945,640.4427426833461
2025-10-06,278,99,676.1366069444446,731.742701111111,55.60609416666648,0.9583,647.9417104348613,727.872690494736
2025-10-06,278,100,704.0464316666666,745.3776213888889,41.331189722222234,1.0128,713.058225992,775.848569418
2025-10-06,278,101,743.2781499999999,743.2781499999999,0.0,1.0631,790.1790012649998,790.1790012649998
2025-10-06,278,102,812.8815241666675,812.8815241666675,0.0,1.0296,836.942817282001,836.942817282001
2025-10-06,278,103,869.2836858333334,869.2836858333334,0.0,1.0461,909.35766375025,909.35766375025
2025-10-06,278,104,931.8206166666669,931.820616666667,1.1368683772161603e-13,1.114,1038.048166966667,1038.0481669666672
2025-10-06,278,105,1005.9106055555554,1005.9106055555552,-2.2737367544323206e-13,1.1087,1115.2530883794443,1115.2530883794443
2025-10-06,278,106,914.6707552777776,914.6707552777777,1.1368683772161603e-13,1.1443,1046.657745264361,1046.6577452643612
2025-10-06,278,107,694.3070833333333,694.3070833333333,0.0,1.2187,846.1520424583332,846.1520424583332
2025-10-06,278,108,0.0,0.0,0.0,1.2119,0.0,0.0
2025-10-06,278,109,0.0,34.772950833333425,34.772950833333425,1.2376,0.0,64.55250592700017
2025-10-06,278,110,0.0,77.11950000000002,77.11950000000002,1.3035,0.0,150.78790237500004
2025-10-06,278,111,0.0,16.09624083333358,16.09624083333358,1.2899,0.0,31.14381157637548
2025-10-06,278,112,0.0,0.0,0.0,1.2334,0.0,0.0
2025-10-06,278,113,0.0,0.0,0.0,1.2042,0.0,0.0
2025-10-06,278,114,758.7244708333333,866.1001354348992,107.37566460156597,1.2378,939.1491499974999,1138.5135464632274
2025-10-06,278,115,720.9217674999999,856.1278091666666,135.2060416666667,1.2619,909.7311784082499,1165.655934377
2025-10-06,278,116,479.9469559650671,805.7824166666667,325.8354607015996,1.2715,610.2525545095829,1231.7022369327087
2025-10-06,278,117,727.2056266666666,1625.3398266666666,898.1342,1.3222,961.5112795786666,2742.7808384386667
2025-10-06,278,118,701.9246366666665,828.2962733333335,126.37163666666697,1.3391,939.947280960333,1193.7836689508335
2025-10-06,278,119,0.0,36.121583333333206,36.121583333333206,1.303,0.0,70.59963462499975
2025-10-06,278,120,0.0,17.069795000000113,17.069795000000113,1.278,0.0,32.72279701500022
2025-10-06,278,121,0.0,3.4313083333333907,3.4313083333333907,1.2996,0.0,6.688992465000113
2025-10-06,278,122,0.0,0.0,0.0,1.3468,0.0,0.0
2025-10-06,278,123,0.0,592.5676593934533,592.5676593934533,1.3409,0.0,1191.8609617210222
2025-10-06,278,124,748.6560758333331,869.5460491666665,120.88997333333339,1.1775,881.5425292937498,1095.06444469375
2025-10-06,278,125,722.7745833333331,875.3926666666664,152.6180833333333,0.9548,690.1051721666664,908.6847911166664
2025-10-06,278,126,784.1107491666668,988.9511804629628,204.84043129629606,0.8991,704.9939745757501,981.2520222434998
2025-10-06,278,127,758.6374824999999,847.2142075,88.57672500000012,0.9166,695.3671164594999,817.151255662
2025-10-06,278,128,788.4846666666665,829.3984166666667,40.913750000000164,0.9461,745.9853431333332,804.0480914458335
2025-10-06,278,129,681.8000817499999,681.8000817499999,0.0,0.9747,664.5505396817249,664.5505396817249
2025-10-06,278,130,669.1328741666666,780.6119733333334,111.47909916666674,0.7446,498.2363381045,622.7473439637502
2025-10-06,278,131,1322.1036666666664,1322.1036666666662,-2.2737367544323206e-13,0.3878,512.7118019333332,512.7118019333332
2025-10-06,278,132,1305.4383616666664,1305.4383616666662,-2.2737367544323206e-13,0.3294,430.01139633299994,430.01139633299994
2025-10-06,278,133,754.6722446027404,754.6722446027404,0.0,0.367,276.96471376920573,276.96471376920573
2025-10-06,278,134,579.6579166666666,579.6579166666667,1.1368683772161603e-13,0.3592,208.21312366666663,208.2131236666667
2025-10-06,278,135,619.6188733333333,619.6188733333335,1.1368683772161603e-13,0.3698,229.13505935866667,229.13505935866672
2025-10-06,278,136,524.5112516666667,524.5112516666668,1.1368683772161603e-13,0.3907,204.92654602616668,204.92654602616673
2025-10-06,278,137,528.5153333333332,528.5153333333332,0.0,0.4147,219.17530873333328,219.17530873333328
2025-10-06,278,138,1348.2327366666666,1348.2327366666666,0.0,0.4454,600.5028609113333,600.5028609113333
2025-10-06,278,139,1355.7084799999998,1355.7084799999998,0.0,0.449,608.7131075199999,608.7131075199999
2025-10-06,278,140,564.0221666666666,564.0221666666667,1.1368683772161603e-13,0.433,244.22159816666664,244.22159816666672
2025-10-06,278,141,588.5426366666666,588.5426366666665,-1.1368683772161603e-13,0.4392,258.48792602399993,258.4879260239999
2025-10-06,278,142,1374.6957566666665,1374.6957566666663,-2.2737367544323206e-13,0.4428,608.715281052,608.7152810519999
2025-10-06,278,143,1343.5364583333333,1343.5364583333335,2.2737367544323206e-13,0.4387,589.4094442708333,589.4094442708334
2025-10-07,279,0,1448.90895,1448.90895,0.0,0.4431,642.011555745,642.011555745
2025-10-07,279,1,1409.15129,1409.15129,0.0,0.4135,582.684058415,582.684058415
2025-10-07,279,2,0.0,0.0,0.0,0.3923,0.0,0.0
2025-10-07,279,3,599.6809774999999,599.6809774999999,0.0,0.4599,275.79328155224994,275.79328155224994
2025-10-07,279,4,636.0426808333333,636.0426808333333,0.0,0.4593,292.13440330674996,292.13440330674996
2025-10-07,279,5,589.8484999999998,589.8484999999998,0.0,0.3916,230.98467259999993,230.98467259999993
2025-10-07,279,6,540.7876233333333,540.7876233333333,0.0,0.4167,225.34620264299997,225.34620264299997
2025-10-07,279,7,528.4338841666666,528.4338841666666,0.0,0.4618,244.03076770816665,244.03076770816665
2025-10-07,279,8,556.3298333333333,556.3298333333333,0.0,0.4653,258.86027144999997,258.86027144999997
2025-10-07,279,9,1431.8351925,1431.8351925,0.0,0.4415,632.15523748875,632.15523748875
2025-10-07,279,10,1437.0896399999997,1437.0896399999997,0.0,0.4192,602.4279770879999,602.4279770879999
2025-10-07,279,11,1419.732,1419.732,0.0,0.4109,583.3678788,583.3678788
2025-10-07,279,12,596.262405,596.262405,0.0,0.4137,246.67375694849997,246.67375694849997
2025-10-07,279,13,0.0,0.0,0.0,0.4372,0.0,0.0
2025-10-07,279,14,880.3567309096791,880.3567309096791,0.0,0.4641,408.5735588151821,408.5735588151821
2025-10-07,279,15,1422.6355225,1422.6355225,0.0,0.4664,663.5172076939999,663.5172076939999
2025-10-07,279,16,1422.9977399999998,1422.9977399999998,0.0,0.4885,695.1343959899999,695.1343959899999
2025-10-07,279,17,575.31225,575.31225,0.0,0.5015,288.51909337499995,288.51909337499995
2025-10-07,279,18,1391.3515958333332,1391.3515958333332,0.0,0.4339,603.7074574320833,603.7074574320833
2025-10-07,279,19,576.1943225,576.1943225,0.0,0.4055,233.64679777375002,233.64679777375002
2025-10-07,279,20,609.2664999999997,609.2664999999997,0.0,0.4159,253.39393734999987,253.39393734999987
2025-10-07,279,21,596.4635283333332,596.4635283333332,0.0,0.3644,217.35130972466663,217.35130972466663
2025-10-07,279,22,591.0136808333333,591.0136808333333,0.0,0.4134,244.32505565649998,244.32505565649998
2025-10-07,279,23,601.9934166666667,601.9934166666667,0.0,0.5174,311.4713937833333,311.4713937833333
2025-10-07,279,24,593.3610983333333,593.3610983333333,0.0,0.4553,270.15730807116665,270.15730807116665
2025-10-07,279,25,597.2150974999997,597.2150974999997,0.0,0.3976,237.4527227659999,237.4527227659999
2025-10-07,279,26,602.8425,602.8425,0.0,0.4321,260.48824425,260.48824425
2025-10-07,279,27,0.0,0.0,0.0,0.4722,0.0,0.0
2025-10-07,279,28,0.0,0.0,0.0,0.473,0.0,0.0
2025-10-07,279,29,0.0,0.0,0.0,0.4503,0.0,0.0
2025-10-07,279,30,565.6422508333332,565.6422508333332,0.0,0.4526,256.0096827271666,256.0096827271666
2025-10-07,279,31,1389.4957316666664,1389.4957316666664,0.0,0.4675,649.5892545541666,649.5892545541666
2025-10-07,279,32,932.1397416666654,932.1397416666654,0.0,0.4418,411.8193378683328,411.8193378683328
2025-10-07,279,33,1436.239185,1436.239185,0.0,0.3842,551.8030948769999,551.8030948769999
2025-10-07,279,34,687.4676966666666,687.4676966666666,0.0,0.6232,428.4298685626666,428.4298685626666
2025-10-07,279,35,0.0,0.0,0.0,1.0116,0.0,0.0
2025-10-07,279,36,0.0,0.0,0.0,1.0373,0.0,0.0
2025-10-07,279,37,0.0,0.0,0.0,0.9449,0.0,0.0
2025-10-07,279,38,0.0,0.0,0.0,0.9119,0.0,0.0
2025-10-07,279,39,0.0,0.0,0.0,0.8733,0.0,0.0
2025-10-07,279,40,0.0,0.0,0.0,0.8393,0.0,0.0
2025-10-07,279,41,0.0,0.0,0.0,0.8323,0.0,0.0
2025-10-07,279,42,0.0,0.0,0.0,0.8479,0.0,0.0
2025-10-07,279,43,152.68839260395737,292.26262309272107,139.5742304887637,0.8188,125.02125586412029,296.4463257504199
2025-10-07,279,44,439.5132750000001,1216.0227583333333,776.5094833333333,0.7335,322.3829872125001,1176.73754625
2025-10-07,279,45,1192.7128038888886,1153.1156266666667,-39.597177222221944,0.6873,819.7515101128332,806.1439401604166
2025-10-07,279,46,0.0,0.0,0.0,0.9008,0.0,0.0
2025-10-07,279,47,0.0,0.0,0.0,1.2302,0.0,0.0
2025-10-07,279,48,0.0,0.0,0.0,1.2724,0.0,0.0
2025-10-07,279,49,0.0,0.0,0.0,1.1598,0.0,0.0
2025-10-07,279,50,0.0,0.0,0.0,1.0897,0.0,0.0
2025-10-07,279,51,0.0,0.0,0.0,1.1313,0.0,0.0
2025-10-07,279,52,0.0,0.0,0.0,1.1469,0.0,0.0
2025-10-07,279,53,0.0,0.0,0.0,1.092,0.0,0.0
2025-10-07,279,54,0.0,0.0,0.0,1.0525,0.0,0.0
2025-10-07,279,55,0.0,0.0,0.0,1.0575,0.0,0.0
2025-10-07,279,56,0.0,0.0,0.0,1.0532,0.0,0.0
2025-10-07,279,57,0.0,0.0,0.0,0.9665,0.0,0.0
2025-10-07,279,58,0.0,0.0,0.0,0.9078,0.0,0.0
2025-10-07,279,59,0.0,0.0,0.0,0.9155,0.0,0.0
2025-10-07,279,60,0.0,0.0,0.0,0.9187,0.0,0.0
2025-10-07,279,61,0.0,0.0,0.0,0.8861,0.0,0.0
2025-10-07,279,62,0.0,0.0,0.0,0.8678,0.0,0.0
2025-10-07,279,63,0.0,0.0,0.0,0.904,0.0,0.0
2025-10-07,279,64,0.0,0.0,0.0,0.7383,0.0,0.0
2025-10-07,279,65,0.0,0.0,0.0,0.4673,0.0,0.0
2025-10-07,279,66,243.54441114992505,0.0,-243.54441114992505,0.4646,113.15073342025518,56.57536671012759
2025-10-07,279,67,612.8477055555554,0.0,-612.8477055555554,0.5119,313.7167404738888,156.8583702369444
2025-10-07,279,68,590.1254750000003,570.441908333333,-19.683566666667275,0.4942,291.6400097450001,286.77620042166666
2025-10-07,279,69,0.0,0.0,0.0,0.5064,0.0,0.0
2025-10-07,279,70,562.6742922222224,154.33222931452858,-408.34206290769384,0.4649,261.5872784541112,166.66816593121774
2025-10-07,279,71,428.08981666666693,433.4870625000001,5.397245833333159,0.3814,163.27345607666678,166.36122041791668
2025-10-07,279,72,468.753728611111,435.8581423611114,-32.89558624999961,0.3736,175.12639300911107,168.98149749761114
2025-10-07,279,73,517.8994572222227,460.15121388888906,-57.748243333333676,0.4115,213.11562664694463,201.23392558111124
2025-10-07,279,74,497.07126666666693,466.3361312500002,-30.735135416666708,0.4075,202.55654116666676,196.2942573255209
2025-10-07,279,75,509.5868619444443,476.1096702777777,-33.47719166666661,0.341,173.7691199230555,168.06125874388886
2025-10-07,279,76,0.0,456.9991668055553,456.9991668055553,0.5184,0.0,355.3625521079998
2025-10-07,279,77,0.0,0.0,0.0,0.8301,0.0,0.0
2025-10-07,279,78,0.0,0.0,0.0,0.8401,0.0,0.0
2025-10-07,279,79,0.0,0.0,0.0,0.7895,0.0,0.0
2025-10-07,279,80,0.0,0.0,0.0,0.8212,0.0,0.0
2025-10-07,279,81,0.0,0.0,0.0,0.8384,0.0,0.0
2025-10-07,279,82,0.0,0.0,0.0,0.8705,0.0,0.0
2025-10-07,279,83,0.0,0.0,0.0,0.9066,0.0,0.0
2025-10-07,279,84,0.0,0.0,0.0,0.8975,0.0,0.0
2025-10-07,279,85,0.0,0.0,0.0,0.9366,0.0,0.0
2025-10-07,279,86,0.0,0.0,0.0,1.0286,0.0,0.0
2025-10-07,279,87,0.0,0.0,0.0,1.0511,0.0,0.0
2025-10-07,279,88,0.0,0.0,0.0,0.8835,0.0,0.0
2025-10-07,279,89,74.62846666666633,144.88542113575332,70.25695446908699,0.679,50.67272886666644,122.22943699343153
2025-10-07,279,90,184.09098496913685,184.09098496913683,-2.842170943040401e-14,0.7302,134.42323722446372,134.4232372244637
2025-10-07,279,91,175.76906805555575,241.13078500000017,65.36171694444442,0.8076,141.95109936166682,221.1302832681668
2025-10-07,279,92,0.0,304.9570583333333,304.9570583333333,0.7947,0.0,363.52406138624997
2025-10-07,279,93,259.2679015740724,355.7633066666665,96.49540509259407,0.7954,206.2216889120172,321.3503567279912
2025-10-07,279,94,170.95587388888885,390.79948166666657,219.84360777777772,0.8129,138.97002988427772,407.03633302811096
2025-10-07,279,95,347.6688999999999,431.1719499999999,83.50305000000003,0.8372,291.06840307999994,395.93153327
2025-10-07,279,96,448.801027777778,509.6796713888889,60.878643611110874,0.8684,389.7388125222224,469.03933369005546
2025-10-07,279,97,511.0225261728395,546.4079671189025,35.385440946063056,0.8897,454.6567415359753,501.88038175054373
2025-10-07,279,98,532.0429416666664,719.8622249999995,187.81928333333315,0.8859,471.33684202249975,720.9204966799996
2025-10-07,279,99,603.8543549999999,719.3271451179013,115.47279011790135,0.8627,520.9451520585,670.3727161105702
2025-10-07,279,100,670.2456788888885,670.2456788888885,0.0,0.8814,590.7545413726663,590.7545413726663
2025-10-07,279,101,730.7177114197533,730.7177114197534,1.1368683772161603e-13,0.9428,688.9206583265434,688.9206583265435
2025-10-07,279,102,802.9431288888889,802.9431288888889,0.0,0.9929,797.2422326737777,797.2422326737777
2025-10-07,279,103,844.334998611111,844.334998611111,0.0,1.0553,891.0267240343054,891.0267240343054
2025-10-07,279,104,888.3123250000001,888.3123250000001,0.0,1.1113,987.1814867725001,987.1814867725001
2025-10-07,279,105,992.4509622222222,992.450962222222,-2.2737367544323206e-13,1.1134,1104.9949013382222,1104.994901338222
2025-10-07,279,106,912.0043652777777,912.0043652777777,0.0,1.1413,1040.8705820915277,1040.8705820915277
2025-10-07,279,107,0.0,0.0,0.0,1.2143,0.0,0.0
2025-10-07,279,108,719.3123149999999,719.3123149999999,0.0,1.2684,912.3757403459998,912.3757403459998
2025-10-07,279,109,719.9794841666665,719.9794841666662,-2.2737367544323206e-13,1.2807,922.0777253722497,922.0777253722495
2025-10-07,279,110,0.0,100.18558333333351,100.18558333333351,1.2717,0.0,191.10900948750034
2025-10-07,279,111,0.0,18.5616008333335,18.5616008333335,1.2774,0.0,35.56588335675032
2025-10-07,279,112,746.9543335100205,746.9543335100204,-1.1368683772161603e-13,1.2718,949.9765213580441,949.9765213580441
2025-10-07,279,113,0.0,0.0,0.0,1.2605,0.0,0.0
2025-10-07,279,114,750.3045633333332,750.3045633333331,-1.1368683772161603e-13,1.2759,957.313592357,957.3135923569998
2025-10-07,279,115,738.1690600000001,873.3751016666668,135.2060416666667,1.2742,940.5750162520001,1198.9943236895
2025-10-07,279,116,0.0,811.3744166666667,811.3744166666667,1.2469,0.0,1517.5541402124998
2025-10-07,279,117,0.0,0.0,0.0,1.2317,0.0,0.0
2025-10-07,279,118,0.0,2.6089266666667754,2.6089266666667754,1.2296,0.0,4.811904344000201
2025-10-07,279,119,0.0,52.763000000000034,52.763000000000034,1.2433,0.0,98.40035685000007
2025-10-07,279,120,0.0,48.16319166666676,48.16319166666676,1.2762,0.0,92.19879780750017
2025-10-07,279,121,525.0548111217142,525.0548111217141,-1.1368683772161603e-13,1.2902,677.4257173092357,677.4257173092357
2025-10-07,279,122,0.0,460.4977109567216,460.4977109567216,1.2977,0.0,896.3818192628065
2025-10-07,279,123,0.0,8.863644166666745,8.863644166666745,1.3141,0.0,17.471572199125156
2025-10-07,279,124,761.595725,761.595725,0.0,1.1391,867.5336903475,867.5336903475
2025-10-07,279,125,734.3788333333331,886.9969166666664,152.6180833333333,0.8912,654.4784162666665,858.4982700666665
2025-10-07,279,126,767.3292616666665,767.3292616666665,0.0,0.9133,700.8018146801666,700.8018146801666
2025-10-07,279,127,755.2086241666666,755.2109346755406,0.0023105088739612256,0.9658,729.3804892201666,729.3838364543724
2025-10-07,279,128,769.9441666666665,810.8579166666667,40.913750000000164,0.9561,736.1436177499999,794.8200723125001
2025-10-07,279,129,669.4138074999998,848.7895341666666,179.37572666666676,0.9868,660.5775452409998,926.089495853
2025-10-07,279,130,656.0164991666667,767.4955983333334,111.47909916666674,0.776,509.06880335333335,638.8304747833334
2025-10-07,279,131,587.4820833333333,626.0400833333333,38.55799999999999,0.4539,266.658117625,292.910331925
2025-10-07,279,132,1336.1309041666664,1336.1309041666661,-2.2737367544323206e-13,0.4633,619.0294479004165,619.0294479004164
2025-10-07,279,133,557.7441041666667,557.7441041666666,-1.1368683772161603e-13,0.4719,263.19944275625,263.19944275624994
2025-10-07,279,134,1380.2814166666665,1380.2814166666665,0.0,0.3729,514.706940275,514.706940275
2025-10-07,279,135,1248.0449990471843,1248.0449990471843,0.0,0.3956,493.72660162306613,493.72660162306613
2025-10-07,279,136,595.9002716666665,595.9002716666664,-1.1368683772161603e-13,0.4197,250.09934401849995,250.09934401849992
2025-10-07,279,137,1344.0269166666665,1344.0269166666665,0.0,0.4012,539.2235989666666,539.2235989666666
2025-10-07,279,138,1367.43806,1367.4380600000002,2.2737367544323206e-13,0.4236,579.246762216,579.2467622160001
2025-10-07,279,139,566.6185016666666,566.6185016666667,1.1368683772161603e-13,0.4088,231.6336434813333,231.63364348133337
2025-10-07,279,140,0.0,0.0,0.0,0.3664,0.0,0.0
2025-10-07,279,141,611.8929924999999,611.8929925,1.1368683772161603e-13,0.3982,243.65578961349996,243.65578961350002
2025-10-07,279,142,1376.679395,1376.6793950000003,2.2737367544323206e-13,0.4558,627.490468241,627.4904682410001
2025-10-07,279,143,1304.0542083333332,1304.0542083333335,2.2737367544323206e-13,0.4699,612.7750724958332,612.7750724958333
2025-10-08,280,0,1409.1461808333331,1409.1461808333331,0.0,0.4191,590.5731643872499,590.5731643872499
2025-10-08,280,1,560.7539375,560.7539375,0.0,0.3983,223.34829330624999,223.34829330624999
2025-10-08,280,2,531.3843333333332,531.3843333333332,0.0,0.4171,221.64040543333329,221.64040543333329
2025-10-08,280,3,1429.3391824999999,1429.3391824999999,0.0,0.4059,580.1687741767499,580.1687741767499
2025-10-08,280,4,1458.235745,1458.235745,0.0,0.4264,621.791721668,621.791721668
2025-10-08,280,5,575.6411666666665,575.6411666666665,0.0,0.4664,268.4790401333333,268.4790401333333
2025-10-08,280,6,538.0364074999999,538.0364074999999,0.0,0.4414,237.48927027049996,237.48927027049996
2025-10-08,280,7,542.2504433333332,542.2504433333332,0.0,0.4123,223.5698577863333,223.5698577863333
2025-10-08,280,8,574.8644166666667,574.8644166666667,0.0,0.4233,243.34010757500002,243.34010757500002
2025-10-08,280,9,608.5994216666666,608.5994216666666,0.0,0.4544,276.5475772053333,276.5475772053333
2025-10-08,280,10,1269.8471376494754,1269.8471376494754,0.0,0.4473,568.0026246706103,568.0026246706103
2025-10-08,280,11,1424.2446666666665,1424.2446666666665,0.0,0.4204,598.7524578666665,598.7524578666665
2025-10-08,280,12,0.0,0.0,0.0,0.4423,0.0,0.0
2025-10-08,280,13,0.0,0.0,0.0,0.4478,0.0,0.0
2025-10-08,280,14,1404.5004999999996,1404.5004999999996,0.0,0.4393,616.9970696499998,616.9970696499998
2025-10-08,280,15,586.9171591666667,586.9171591666667,0.0,0.4807,282.1310784114167,282.1310784114167
2025-10-08,280,16,0.0,0.0,0.0,0.4786,0.0,0.0
2025-10-08,280,17,0.0,0.0,0.0,0.4309,0.0,0.0
2025-10-08,280,18,548.3573700000002,548.3573700000002,0.0,0.43,235.79366910000007,235.79366910000007
2025-10-08,280,19,564.6967766666667,564.6967766666667,0.0,0.4247,239.82672105033333,239.82672105033333
2025-10-08,280,20,0.0,0.0,0.0,0.417,0.0,0.0
2025-10-08,280,21,0.0,0.0,0.0,0.4628,0.0,0.0
2025-10-08,280,22,0.0,0.0,0.0,0.4791,0.0,0.0
2025-10-08,280,23,1433.0645833333333,1433.0645833333333,0.0,0.4438,635.9940620833332,635.9940620833332
2025-10-08,280,24,1412.7811116666667,1412.7811116666667,0.0,0.4219,596.0523510121667,596.0523510121667
2025-10-08,280,25,1421.7565216666662,1421.7565216666662,0.0,0.4396,625.0041669246665,625.0041669246665
2025-10-08,280,26,1444.2258333333334,1444.2258333333334,0.0,0.4705,679.5082545833334,679.5082545833334
2025-10-08,280,27,1405.3404816666666,1405.3404816666666,0.0,0.4696,659.9478901906666,659.9478901906666
2025-10-08,280,28,567.5971633333332,567.5971633333332,0.0,0.4819,273.5250730103333,273.5250730103333
2025-10-08,280,29,0.0,0.0,0.0,0.4915,0.0,0.0
2025-10-08,280,30,1400.3684016666666,1400.3684016666666,0.0,0.4433,620.7833124588334,620.7833124588334
2025-10-08,280,31,561.2934399999999,561.2934399999999,0.0,0.4519,253.648505536,253.648505536
2025-10-08,280,32,594.9410833333333,594.9410833333333,0.0,0.4754,282.8349910166666,282.8349910166666
2025-10-08,280,33,1430.4480199999998,1430.4480199999998,0.0,0.3949,564.8839230979999,564.8839230979999
2025-10-08,280,34,701.9090633333332,701.9090633333332,0.0,0.5589,392.2969754969999,392.2969754969999
2025-10-08,280,35,12.102750000000015,12.102750000000013,-1.7763568394002505e-15,0.9044,10.945727100000013,10.945727100000012
2025-10-08,280,36,0.0,0.0,0.0,0.989,0.0,0.0
2025-10-08,280,37,0.0,0.0,0.0,0.97,0.0,0.0
2025-10-08,280,38,0.0,0.0,0.0,0.9653,0.0,0.0
2025-10-08,280,39,0.0,0.0,0.0,0.9244,0.0,0.0
2025-10-08,280,40,0.0,0.0,0.0,0.8966,0.0,0.0
2025-10-08,280,41,0.0,0.00469201546870205,0.00469201546870205,0.8988,0.0,0.006325775254904104
2025-10-08,280,42,0.04378931418932552,0.04378931418932552,0.0,0.8937,0.039134510091000226,0.039134510091000226
2025-10-08,280,43,0.0,0.0,0.0,0.8645,0.0,0.0
2025-10-08,280,44,0.0,577.373369639392,577.373369639392,0.792,0.0,685.9195631315978
2025-10-08,280,45,1092.183563933073,1110.0730327777774,17.889468844704425,0.7113,776.8701690255948,795.9573378094522
2025-10-08,280,46,0.0,0.0,0.0,0.8879,0.0,0.0
2025-10-08,280,47,0.0,0.0,0.0,1.2135,0.0,0.0
2025-10-08,280,48,0.0,0.0,0.0,1.2763,0.0,0.0
2025-10-08,280,49,0.0,0.0,0.0,1.1736,0.0,0.0
2025-10-08,280,50,0.0,0.0,0.0,1.0747,0.0,0.0
2025-10-08,280,51,0.0,0.0,0.0,1.0526,0.0,0.0
2025-10-08,280,52,0.0,0.0,0.0,1.0407,0.0,0.0
2025-10-08,280,53,0.0,0.0,0.0,1.0206,0.0,0.0
2025-10-08,280,54,0.0,0.0,0.0,1.0271,0.0,0.0
2025-10-08,280,55,0.0,0.0,0.0,0.9819,0.0,0.0
2025-10-08,280,56,0.0,0.0,0.0,0.9099,0.0,0.0
2025-10-08,280,57,0.0,0.0,0.0,0.9163,0.0,0.0
2025-10-08,280,58,0.0,0.0,0.0,0.9043,0.0,0.0
2025-10-08,280,59,0.0,0.0,0.0,0.8722,0.0,0.0
2025-10-08,280,60,0.0,0.0,0.0,0.9075,0.0,0.0
2025-10-08,280,61,0.0,0.0,0.0,0.8786,0.0,0.0
2025-10-08,280,62,0.0,0.0,0.0,0.8235,0.0,0.0
2025-10-08,280,63,0.0,0.0,0.0,0.8816,0.0,0.0
2025-10-08,280,64,0.0,0.0,0.0,0.7151,0.0,0.0
2025-10-08,280,65,0.0,0.0,0.0,0.426,0.0,0.0
2025-10-08,280,66,0.0,0.0,0.0,0.4756,0.0,0.0
2025-10-08,280,67,548.0565483333328,462.1198534003246,-85.9366949330082,0.5344,292.88141942933305,269.91913454323327
2025-10-08,280,68,0.0,0.0,0.0,0.47,0.0,0.0
2025-10-08,280,69,0.0,0.0,0.0,0.4795,0.0,0.0
2025-10-08,280,70,0.0,0.0,0.0,0.4779,0.0,0.0
2025-10-08,280,71,477.82965,251.48243359202093,-226.3472164079791,0.4444,212.34749646,162.05314497414707
2025-10-08,280,72,0.0,0.0,0.0,0.4603,0.0,0.0
2025-10-08,280,73,363.8212158721492,363.8212158721492,0.0,0.4661,169.57706871800875,169.57706871800875
2025-10-08,280,74,539.6428916666667,436.79856666666694,-102.8443249999998,0.4211,227.24362168083334,205.5897490520834
2025-10-08,280,75,551.2184952777774,466.30468277777743,-84.91381249999995,0.3867,213.1561921239165,196.73810647704153
2025-10-08,280,76,0.0,0.0,0.0,0.5935,0.0,0.0
2025-10-08,280,77,0.0,0.0,0.0,0.888,0.0,0.0
2025-10-08,280,78,0.0,0.0,0.0,0.8649,0.0,0.0
2025-10-08,280,79,0.0,0.0,0.0,0.8039,0.0,0.0
2025-10-08,280,80,0.0,0.0,0.0,0.8313,0.0,0.0
2025-10-08,280,81,0.0,0.0,0.0,0.8055,0.0,0.0
2025-10-08,280,82,0.0,0.0,0.0,0.824,0.0,0.0
2025-10-08,280,83,0.0,0.0,0.0,0.8851,0.0,0.0
2025-10-08,280,84,0.0,0.0,0.0,0.8703,0.0,0.0
2025-10-08,280,85,0.0,0.0,0.0,0.8433,0.0,0.0
2025-10-08,280,86,0.0,0.0,0.0,0.8728,0.0,0.0
2025-10-08,280,87,0.0,0.0,0.0,0.9363,0.0,0.0
2025-10-08,280,88,0.0,0.0,0.0,0.8313,0.0,0.0
2025-10-08,280,89,79.16534999999965,0.0,-79.16534999999965,0.6413,50.768738954999776,25.384369477499888
2025-10-08,280,90,204.72179117284088,37.589849444444326,-167.13194172839655,0.6636,135.8533806222972,80.39900235681523
2025-10-08,280,91,222.71603777777773,162.75017138888882,-59.96586638888891,0.737,164.1417198422222,142.0442980779166
2025-10-08,280,92,259.3256666666665,264.3583083333334,5.032641666666905,0.758,196.5688553333332,202.29096890833347
2025-10-08,280,93,170.59685868518218,309.12557444444417,138.52871575926198,0.7805,133.15084820378468,295.3333421789406
2025-10-08,280,94,233.139472777778,344.7475364722222,111.60806369444418,0.788,183.71390454888908,315.63463583572207
2025-10-08,280,95,427.7545500000001,427.7545500000001,0.0,0.7913,338.4821754150001,338.4821754150001
2025-10-08,280,96,486.83742722222235,486.8374272222223,-5.684341886080802e-14,0.8278,403.00402225455565,403.0040222545556
2025-10-08,280,97,534.471321728395,581.8283752777779,47.357053549382954,0.8561,457.5608985316789,518.3744588471191
2025-10-08,280,98,572.3986166666664,702.2681891659324,129.86957249926604,0.8698,497.8723167766664,667.3131480164589
2025-10-08,280,99,618.340487777778,618.3404877777779,-1.1368683772161603e-13,0.9051,559.6599754876669,559.6599754876668
2025-10-08,280,100,661.3333819444442,661.3333819444442,0.0,0.9492,627.7376461416665,627.7376461416665
2025-10-08,280,101,718.3807447530868,718.3807447530867,-1.1368683772161603e-13,1.0011,719.1709635723153,719.1709635723153
2025-10-08,280,102,795.8250625000002,795.8250625000002,0.0,1.0705,851.9307294062502,851.9307294062502
2025-10-08,280,103,839.0319174999998,839.0319174999998,0.0,1.1089,930.4024933157498,930.4024933157498
2025-10-08,280,104,883.1339666666668,883.133966666667,2.2737367544323206e-13,1.0971,968.88627483,968.8862748300004
2025-10-08,280,105,984.2588825000001,984.2588825000001,0.0,1.0809,1063.88542609425,1063.88542609425
2025-10-08,280,106,883.450625,883.4506249999998,-1.1368683772161603e-13,1.1787,1041.3232516875,1041.3232516874998
2025-10-08,280,107,658.3553333333332,658.3553333333332,0.0,1.3053,859.3512165999997,859.3512165999997
2025-10-08,280,108,0.0,0.0,0.0,1.2583,0.0,0.0
2025-10-08,280,109,0.0,0.0,0.0,1.2381,0.0,0.0
2025-10-08,280,110,0.0,40.04366666666681,40.04366666666681,1.2815,0.0,76.97393825000027
2025-10-08,280,111,693.201369166667,693.201369166667,0.0,1.2335,855.0638888670837,855.0638888670837
2025-10-08,280,112,724.7151075,724.7151075,0.0,1.2337,894.08102812275,894.08102812275
2025-10-08,280,113,0.0,0.0,0.0,1.2982,0.0,0.0
2025-10-08,280,114,654.3173911317365,654.3173911317364,-1.1368683772161603e-13,1.2903,844.2657297772796,844.2657297772796
2025-10-08,280,115,679.895215,679.8952149999999,-1.1368683772161603e-13,1.2609,857.2798765934999,857.2798765934999
2025-10-08,280,116,0.0,763.9990792283794,763.9990792283794,1.2675,0.0,1452.5532493829564
2025-10-08,280,117,0.0,681.1984969983936,681.1984969983936,1.3032,0.0,1331.6068219324598
2025-10-08,280,118,0.0,0.0,0.0,1.2805,0.0,0.0
2025-10-08,280,119,0.0,20.136583333333306,20.136583333333306,1.2224,0.0,36.92243919999995
2025-10-08,280,120,0.0,0.0,0.0,1.239,0.0,0.0
2025-10-08,280,121,0.0,0.0,0.0,1.2687,0.0,0.0
2025-10-08,280,122,0.0,781.7445,781.7445,1.2926,0.0,1515.7244110499998
2025-10-08,280,123,0.0,0.0,0.0,1.3239,0.0,0.0
2025-10-08,280,124,705.7647524999999,705.7647524999999,0.0,1.1709,826.3799487022499,826.3799487022499
2025-10-08,280,125,695.7281666666665,848.3462499999998,152.6180833333333,0.9197,639.8611948833332,850.4054717458331
2025-10-08,280,126,740.1552016666668,740.1552016666669,1.1368683772161603e-13,0.875,647.6358014583335,647.6358014583336
2025-10-08,280,127,712.5936724999999,712.5942785302243,0.0006060302243895421,0.9085,647.39135146625,647.3921773339382
2025-10-08,280,128,769.8209999999999,810.7347500000001,40.913750000000164,0.9483,730.0212542999999,788.2190179875001
2025-10-08,280,129,652.5610217499996,847.2632966666665,194.70227491666697,1.0043,655.3670341435245,948.6762761917375
2025-10-08,280,130,666.1721675,742.3961666666667,76.22399916666666,0.7649,509.55509092075,597.010696364625
2025-10-08,280,131,1306.66075,1306.66075,0.0,0.3972,519.0056499,519.0056499
2025-10-08,280,132,1307.185278333333,1307.1852783333327,-2.2737367544323206e-13,0.415,542.4818905083331,542.4818905083331
2025-10-08,280,133,525.5836208333333,525.5836208333333,0.0,0.4889,256.9578322254166,256.9578322254166
2025-10-08,280,134,0.0,0.0,0.0,0.4277,0.0,0.0
2025-10-08,280,135,1372.6287008333334,1372.6287008333336,2.2737367544323206e-13,0.3725,511.30419106041666,511.30419106041677
2025-10-08,280,136,1325.0863283333333,1325.0863283333333,0.0,0.37,490.2819414833333,490.2819414833333
2025-10-08,280,137,549.4459999999999,549.4459999999998,-1.1368683772161603e-13,0.3912,214.94327519999996,214.94327519999996
2025-10-08,280,138,525.7184733333332,525.7184733333331,-1.1368683772161603e-13,0.3882,204.08391134799996,204.08391134799993
2025-10-08,280,139,1347.4760566666664,1347.4760566666666,2.2737367544323206e-13,0.4234,570.5213623926666,570.5213623926667
2025-10-08,280,140,527.2667499999999,527.26675,1.1368683772161603e-13,0.4552,240.01182459999995,240.01182460000004
2025-10-08,280,141,571.2574817257997,571.2574817257997,0.0,0.3835,219.0772442418442,219.0772442418442
2025-10-08,280,142,1367.9993508333332,1367.9993508333334,2.2737367544323206e-13,0.3926,537.0765451371666,537.0765451371667
2025-10-08,280,143,1312.8605833333331,1312.860583333333,-2.2737367544323206e-13,0.4704,617.5696183999999,617.5696183999997
2025-10-09,281,0,1421.3057233333334,1421.3057233333334,0.0,0.4222,600.0752763913334,600.0752763913334
2025-10-09,281,1,1386.9893483333333,1386.9893483333333,0.0,0.3935,545.7803085691667,545.7803085691667
2025-10-09,281,2,1342.6551666666664,1342.6551666666664,0.0,0.4282,574.9249423666666,574.9249423666666
2025-10-09,281,3,0.023305090425196795,0.023305090425196795,0.0,0.4197,0.009781146451455095,0.009781146451455095
2025-10-09,281,4,0.0,0.0,0.0,0.4146,0.0,0.0
2025-10-09,281,5,587.8120833333331,587.8120833333331,0.0,0.4471,262.8107824583332,262.8107824583332
2025-10-09,281,6,526.5053783333333,526.5053783333333,0.0,0.4872,256.513420324,256.513420324
2025-10-09,281,7,525.0721166666666,525.0721166666666,0.0,0.4648,244.05351982666664,244.05351982666664
2025-10-09,281,8,581.86,581.86,0.0,0.4177,243.042922,243.042922
2025-10-09,281,9,619.5765058333333,619.5765058333333,0.0,0.4472,277.0746134086666,277.0746134086666
2025-10-09,281,10,1438.4710599999999,1438.4710599999999,0.0,0.4465,642.2773282899999,642.2773282899999
2025-10-09,281,11,1416.8134166666669,1416.8134166666669,0.0,0.4178,591.9446454833334,591.9446454833334
2025-10-09,281,12,0.0,0.0,0.0,0.4708,0.0,0.0
2025-10-09,281,13,0.0,0.0,0.0,0.5015,0.0,0.0
2025-10-09,281,14,580.0309999999997,580.0309999999997,0.0,0.4731,274.41266609999985,274.41266609999985
2025-10-09,281,15,1424.9602433333334,1424.9602433333334,0.0,0.4576,652.0618073493334,652.0618073493334
2025-10-09,281,16,599.2633141666665,599.2633141666665,0.0,0.4688,280.9346416813333,280.9346416813333
2025-10-09,281,17,0.0,0.0,0.0,0.4863,0.0,0.0
2025-10-09,281,18,1382.939836666667,1382.939836666667,0.0,0.4852,671.0024087506669,671.0024087506669
2025-10-09,281,19,1404.8877416666664,1404.8877416666664,0.0,0.493,692.6096566416666,692.6096566416666
2025-10-09,281,20,618.3019166666666,618.3019166666666,0.0,0.4899,302.90610897499994,302.90610897499994
2025-10-09,281,21,600.9953391666664,600.9953391666664,0.0,0.4286,257.58660236683323,257.58660236683323
2025-10-09,281,22,593.8690183333333,593.8690183333333,0.0,0.394,233.98439322333334,233.98439322333334
2025-10-09,281,23,603.3076666666667,603.3076666666667,0.0,0.4133,249.34705863333335,249.34705863333335
2025-10-09,281,24,1406.0761858333333,1406.0761858333333,0.0,0.4365,613.75225511625,613.75225511625
2025-10-09,281,25,1409.458600833333,1409.458600833333,0.0,0.4668,657.9352748689998,657.9352748689998
2025-10-09,281,26,602.8189166666667,602.8189166666667,0.0,0.4861,293.0302753916667,293.0302753916667
2025-10-09,281,27,968.4770911534988,968.4770911534988,0.0,0.4614,446.8553298582243,446.8553298582243
2025-10-09,281,28,576.2592766666666,576.2592766666666,0.0,0.4401,253.61170766099994,253.61170766099994
2025-10-09,281,29,0.0,0.0,0.0,0.4354,0.0,0.0
2025-10-09,281,30,560.2688116666666,560.2688116666666,0.0,0.4291,240.41134708616661,240.41134708616661
2025-10-09,281,31,547.9618999999999,547.9618999999999,0.0,0.4873,267.02183386999997,267.02183386999997
2025-10-09,281,32,431.32883333333257,431.32883333333257,0.0,0.5276,227.56909246666623,227.56909246666623
2025-10-09,281,33,1428.7832691666663,1428.7832691666663,0.0,0.4307,615.3769540300832,615.3769540300832
2025-10-09,281,34,707.6013558333333,707.6013558333333,0.0,0.5865,415.00819519624997,415.00819519624997
2025-10-09,281,35,13.34683333333328,0.0,-13.34683333333328,0.9338,12.463272966666615,6.2316364833333076
2025-10-09,281,36,0.0,0.0,0.0,0.9948,0.0,0.0
2025-10-09,281,37,0.0,0.0,0.0,0.9385,0.0,0.0
2025-10-09,281,38,0.0,0.0,0.0,0.928,0.0,0.0
2025-10-09,281,39,0.0,0.0,0.0,0.9461,0.0,0.0
2025-10-09,281,40,0.0,0.0,0.0,0.9528,0.0,0.0
2025-10-09,281,41,0.0,0.0,0.0,0.9183,0.0,0.0
2025-10-09,281,42,1258.2957401772317,27.151707311102278,-1231.1440328661295,0.847,1065.7764919301153,544.3869940113094
2025-10-09,281,43,585.8500794444443,516.1997135309513,-69.65036591349303,0.8175,478.9324399458332,450.4628528786929
2025-10-09,281,44,0.0,0.0,0.0,0.8097,0.0,0.0
2025-10-09,281,45,1259.7617663888886,1124.3197222222218,-135.44204416666685,0.7667,965.859346290361,913.9376386590692
2025-10-09,281,46,0.0,0.0,0.0,0.9346,0.0,0.0
2025-10-09,281,47,0.0,0.0,0.0,1.215,0.0,0.0
2025-10-09,281,48,0.0,0.0,0.0,1.2316,0.0,0.0
2025-10-09,281,49,0.0,0.0,0.0,1.175,0.0,0.0
2025-10-09,281,50,0.0,0.0,0.0,1.1718,0.0,0.0
2025-10-09,281,51,0.0,0.0,0.0,1.1488,0.0,0.0
2025-10-09,281,52,0.0,0.0,0.0,1.0783,0.0,0.0
2025-10-09,281,53,0.0,0.0,0.0,1.0192,0.0,0.0
2025-10-09,281,54,0.0,0.0,0.0,1.0477,0.0,0.0
2025-10-09,281,55,0.0,0.0,0.0,1.0255,0.0,0.0
2025-10-09,281,56,0.0,0.0,0.0,0.945,0.0,0.0
2025-10-09,281,57,0.0,0.0,0.0,0.9306,0.0,0.0
2025-10-09,281,58,0.0,0.0,0.0,0.8993,0.0,0.0
2025-10-09,281,59,0.0,0.0,0.0,0.8462,0.0,0.0
2025-10-09,281,60,0.0,0.0,0.0,0.8561,0.0,0.0
2025-10-09,281,61,0.0,0.0,0.0,0.8523,0.0,0.0
2025-10-09,281,62,0.0,0.0,0.0,0.8414,0.0,0.0
2025-10-09,281,63,0.0,0.0,0.0,0.8816,0.0,0.0
2025-10-09,281,64,0.0,0.0,0.0,0.7543,0.0,0.0
2025-10-09,281,65,252.61725417461503,0.0,-252.61725417461503,0.5286,133.5334805567015,66.76674027835075
2025-10-09,281,66,746.2125569444445,0.0,-746.2125569444445,0.504,376.0911287,188.04556435
2025-10-09,281,67,744.7431813888886,0.0,-744.7431813888886,0.48,357.4767270666665,178.73836353333326
2025-10-09,281,68,723.7397500000002,0.0,-723.7397500000002,0.3961,286.6733149750001,143.33665748750005
2025-10-09,281,69,747.9514119444448,0.0,-747.9514119444448,0.3995,298.8065890718057,149.40329453590286
2025-10-09,281,70,670.7707563888889,0.0,-670.7707563888889,0.4,268.3083025555556,134.1541512777778
2025-10-09,281,71,541.2226833333335,386.7824166666669,-154.44026666666662,0.367,198.6287247833334,170.2889358500001
2025-10-09,281,72,577.7856663888888,377.38530305555616,-200.40036333333262,0.3692,213.31846803077772,176.3245609594445
2025-10-09,281,73,630.5430152777782,38.732605223293945,-591.8104100544842,0.3846,242.5068436758335,128.70170182235617
2025-10-09,281,74,613.6810666666668,400.10662500000035,-213.57444166666642,0.3701,227.12336277333335,187.60141234291675
2025-10-09,281,75,602.4413313888887,378.4575688888889,-223.98376249999978,0.3337,201.03467228447215,163.66298151134717
2025-10-09,281,76,671.8835111111113,0.0,-671.8835111111113,0.4638,311.6195724533334,155.8097862266667
2025-10-09,281,77,0.0,0.0,0.0,0.6875,0.0,0.0
2025-10-09,281,78,0.0,0.0,0.0,0.7319,0.0,0.0
2025-10-09,281,79,0.0,0.0,0.0,0.74,0.0,0.0
2025-10-09,281,80,0.0,0.0,0.0,0.768,0.0,0.0
2025-10-09,281,81,0.0,0.0,0.0,0.7368,0.0,0.0
2025-10-09,281,82,0.0,0.0,0.0,0.7957,0.0,0.0
2025-10-09,281,83,0.0,0.0,0.0,0.9094,0.0,0.0
2025-10-09,281,84,0.0,0.0,0.0,0.8829,0.0,0.0
2025-10-09,281,85,0.0,0.0,0.0,0.8509,0.0,0.0
2025-10-09,281,86,0.0,0.0,0.0,0.9157,0.0,0.0
2025-10-09,281,87,0.0,0.0,0.0,1.0113,0.0,0.0
2025-10-09,281,88,0.0,0.0,0.0,0.8844,0.0,0.0
2025-10-09,281,89,318.5095166666663,41.12043333333327,-277.389083333333,0.6344,202.06243737333307,114.07462013999985
2025-10-09,281,90,1212.2975652777777,110.01660472222204,-1102.2809605555558,0.6281,761.4441007509722,415.27276508849997
2025-10-09,281,91,402.51877888888885,193.95035694444425,-208.5684219444446,0.7147,287.68017127188887,213.1482456900416
2025-10-09,281,92,422.20135833333313,272.3635750000002,-149.83778333333294,0.7713,325.64390768249984,267.85896654
2025-10-09,281,93,497.62852361111084,323.38153555555516,-174.24698805555568,0.8219,409.000883555972,337.3940838145414
2025-10-09,281,94,498.7441882746931,363.1072761111112,-135.63691216358188,0.834,415.952653021094,359.3920606488804
2025-10-09,281,95,582.0850166666667,407.7082166666668,-174.3767999999999,0.8222,478.59030070333336,406.90399822333336
2025-10-09,281,96,644.708438611111,470.09820638888914,-174.61023222222184,0.8461,545.487809908861,471.61895116725003
2025-10-09,281,97,654.6162330555558,585.1712844444447,-69.44494861111104,0.8958,586.4052215711669,555.3008290882502
2025-10-09,281,98,668.9173833333333,668.9173833333332,-1.1368683772161603e-13,0.9416,629.8526081466666,629.8526081466665
2025-10-09,281,99,703.780156111111,688.9941163888889,-14.786039722222085,0.9586,674.643657648111,667.5567088092499
2025-10-09,281,100,726.895578611111,726.0214819444444,-0.8740966666665599,0.9485,689.4604563126388,689.0459159684722
2025-10-09,281,101,759.0233114197534,759.0233114197534,0.0,0.9522,722.7419971338893,722.7419971338893
2025-10-09,281,102,853.6805847222224,853.6805847222224,0.0,1.0153,866.7418976684725,866.7418976684725
2025-10-09,281,103,892.8205552777775,892.8205552777775,0.0,1.0745,959.335686645972,959.335686645972
2025-10-09,281,104,904.3248333333335,904.3248333333336,1.1368683772161603e-13,1.078,974.8621703333336,974.8621703333338
2025-10-09,281,105,994.0820780555556,994.0820780555555,-1.1368683772161603e-13,1.0481,1041.8974260100279,1041.8974260100276
2025-10-09,281,106,896.9589319444444,896.9589319444444,0.0,1.1364,1019.3041302616667,1019.3041302616667
2025-10-09,281,107,676.7689999999999,676.7689999999998,-1.1368683772161603e-13,1.2882,871.8138257999999,871.8138257999998
2025-10-09,281,108,0.0,0.0,0.0,1.2932,0.0,0.0
2025-10-09,281,109,0.0,12.216144166666709,12.216144166666709,1.2694,0.0,23.26076010775008
2025-10-09,281,110,674.7857499999998,674.78575,2.2737367544323206e-13,1.2737,859.4746097749997,859.4746097750002
2025-10-09,281,111,687.4518775000003,687.4518775000001,-1.1368683772161603e-13,1.2473,857.4587268057504,857.4587268057503
2025-10-09,281,112,0.0,0.0,0.0,1.244,0.0,0.0
2025-10-09,281,113,0.0,0.0,0.0,1.2782,0.0,0.0
2025-10-09,281,114,0.0,0.0,0.0,1.2992,0.0,0.0
2025-10-09,281,115,681.6606708333334,816.8667125000001,135.2060416666667,1.2745,868.7765249770833,1127.2566751333334
2025-10-09,281,116,39.31177696506802,776.10575,736.7939730349319,1.2213,48.011473207437575,1397.7811921087812
2025-10-09,281,117,0.0,771.9596533333333,771.9596533333333,1.1957,0.0,1384.548236236
2025-10-09,281,118,0.0,0.0,0.0,1.2293,0.0,0.0
2025-10-09,281,119,0.0,17.569500000000062,17.569500000000062,1.2698,0.0,33.46462665000012
2025-10-09,281,120,0.0,0.0,0.0,1.2415,0.0,0.0
2025-10-09,281,121,730.0650033333332,783.3525926224472,53.28758928911407,1.2742,930.2488272473331,1032.0973966556169
2025-10-09,281,122,0.0,224.33631709688316,224.33631709688316,1.3738,0.0,462.28984864154705
2025-10-09,281,123,0.0,0.0,0.0,1.3793,0.0,0.0
2025-10-09,281,124,704.6338166666666,825.52379,120.88997333333339,1.1779,829.9881726516666,1043.5826220356666
2025-10-09,281,125,696.6644166666665,849.2824999999998,152.6180833333333,0.929,647.2012430833332,859.8745422083332
2025-10-09,281,126,744.9397833333334,744.9397833333334,0.0,0.9217,686.6109982983334,686.6109982983334
2025-10-09,281,127,719.1375258333333,719.1375258333331,-1.1368683772161603e-13,0.9432,678.2905143659999,678.2905143659998
2025-10-09,281,128,770.6304999999999,811.54425,40.913750000000164,0.9275,714.7597887499999,771.6810434375001
2025-10-09,281,129,640.382870083333,835.0851449999999,194.70227491666685,0.969,620.5310011107497,903.5307577021249
2025-10-09,281,130,656.8288858333334,733.0528850000001,76.22399916666666,0.7307,479.94486687841675,563.4901811650417
2025-10-09,281,131,1314.0718333333334,1314.0718333333334,0.0,0.3568,468.86083013333337,468.86083013333337
2025-10-09,281,132,1320.3009116666665,1320.3009116666665,0.0,0.3686,486.66291604033324,486.66291604033324
2025-10-09,281,133,0.0,0.0,0.0,0.4422,0.0,0.0
2025-10-09,281,134,560.1540833333332,560.1540833333332,0.0,0.3955,221.5409399583333,221.5409399583333
2025-10-09,281,135,1384.8357366666667,1384.8357366666664,-2.2737367544323206e-13,0.3737,517.5131147923333,517.5131147923332
2025-10-09,281,136,1318.6069533333332,1318.6069533333332,0.0,0.3917,516.4983436206666,516.4983436206666
2025-10-09,281,137,1320.6062499999998,1320.60625,2.2737367544323206e-13,0.4066,536.9585012499999,536.95850125
2025-10-09,281,138,515.8749459916302,515.8749459916302,0.0,0.3826,197.3737543363977,197.3737543363977
2025-10-09,281,139,534.0337,534.0337000000001,1.1368683772161603e-13,0.3937,210.24906768999998,210.24906769000003
2025-10-09,281,140,559.7441666666667,559.7441666666667,0.0,0.4439,248.47043558333337,248.47043558333337
2025-10-09,281,141,554.0091583333332,554.0091583333333,1.1368683772161603e-13,0.4542,251.63095971499993,251.63095971500002
2025-10-09,281,142,1326.8254366666665,1326.8254366666667,2.2737367544323206e-13,0.4106,544.7945242953333,544.7945242953334
2025-10-09,281,143,1212.5432083333333,1212.543208333333,-2.2737367544323206e-13,0.3556,431.18036488333337,431.1803648833333
2025-10-10,282,0,1278.9726699999999,1278.9726699999999,0.0,0.3505,448.2799208349999,448.2799208349999
2025-10-10,282,1,1261.3148625,1261.3148625,0.0,0.3746,472.48854749249995,472.48854749249995
2025-10-10,282,2,433.83308333333326,433.83308333333326,0.0,0.3723,161.516056925,161.516056925
2025-10-10,282,3,0.0,0.0,0.0,0.3099,0.0,0.0
2025-10-10,282,4,0.0,0.0,0.0,0.2894,0.0,0.0
2025-10-10,282,5,55.628317572868355,55.628317572868355,0.0,0.3249,18.07364037942493,18.07364037942493
2025-10-10,282,6,1289.2292808333332,1289.2292808333332,0.0,0.3332,429.5711963736666,429.5711963736666
2025-10-10,282,7,1301.7969591666665,1301.7969591666665,0.0,0.3255,423.73491020874997,423.73491020874997
2025-10-10,282,8,0.0,0.0,0.0,0.3249,0.0,0.0
2025-10-10,282,9,0.0,0.0,0.0,0.3343,0.0,0.0
2025-10-10,282,10,1314.1947166666666,1314.1947166666666,0.0,0.3324,436.83832381999997,436.83832381999997
2025-10-10,282,11,1305.2734999999998,1305.2734999999998,0.0,0.3204,418.2096294,418.2096294
2025-10-10,282,12,503.8829191666666,503.8829191666666,0.0,0.3206,161.54486388483332,161.54486388483332
2025-10-10,282,13,501.1646933333333,501.1646933333333,0.0,0.3243,162.52771004799996,162.52771004799996
2025-10-10,282,14,1301.712,1301.712,0.0,0.3366,438.1562592,438.1562592
2025-10-10,282,15,0.0,0.0,0.0,0.3678,0.0,0.0
2025-10-10,282,16,0.0,0.0,0.0,0.367,0.0,0.0
2025-10-10,282,17,505.48591666666664,505.48591666666664,0.0,0.3226,163.06975671666666,163.06975671666666
2025-10-10,282,18,1314.1004808333332,1314.1004808333332,0.0,0.282,370.57633559499993,370.57633559499993
2025-10-10,282,19,482.23174,482.23174,0.0,0.3053,147.225350222,147.225350222
2025-10-10,282,20,0.0,0.0,0.0,0.3622,0.0,0.0
2025-10-10,282,21,1342.6467899999998,1342.6467899999998,0.0,0.3614,485.2325499059999,485.2325499059999
2025-10-10,282,22,1353.7004141666666,1353.7004141666666,0.0,0.3403,460.66425094091665,460.66425094091665
2025-10-10,282,23,0.0,0.0,0.0,0.334,0.0,0.0
2025-10-10,282,24,0.0,0.0,0.0,0.3382,0.0,0.0
2025-10-10,282,25,507.24254916666655,507.24254916666655,0.0,0.3363,170.58566928474994,170.58566928474994
2025-10-10,282,26,517.7831666666666,517.7831666666666,0.0,0.3459,179.10119734999998,179.10119734999998
2025-10-10,282,27,1332.4820191666665,1332.4820191666665,0.0,0.3936,524.464922744,524.464922744
2025-10-10,282,28,507.18120999999996,507.18120999999996,0.0,0.3997,202.720329637,202.720329637
2025-10-10,282,29,0.0,0.0,0.0,0.3574,0.0,0.0
2025-10-10,282,30,501.1770941666666,501.1770941666666,0.0,0.3415,171.15197765791666,171.15197765791666
2025-10-10,282,31,514.8730174999998,514.8730174999998,0.0,0.351,180.72042914249994,180.72042914249994
2025-10-10,282,32,0.0,0.0,0.0,0.3303,0.0,0.0
2025-10-10,282,33,1331.9208483333332,1331.9208483333332,0.0,0.2713,361.3501261528333,361.3501261528333
2025-10-10,282,34,0.0,0.0,0.0,0.4715,0.0,0.0
2025-10-10,282,35,0.0,0.0,0.0,0.807,0.0,0.0
2025-10-10,282,36,0.0,0.0,0.0,0.8254,0.0,0.0
2025-10-10,282,37,0.0,0.0,0.0,0.7467,0.0,0.0
2025-10-10,282,38,0.0,0.0,0.0,0.7343,0.0,0.0
2025-10-10,282,39,0.0,0.0,0.0,0.7317,0.0,0.0
2025-10-10,282,40,0.0,0.0,0.0,0.7249,0.0,0.0
2025-10-10,282,41,0.0,0.0,0.0,0.7231,0.0,0.0
2025-10-10,282,42,0.0,0.0,0.0,0.7363,0.0,0.0
2025-10-10,282,43,0.0,0.0,0.0,0.7384,0.0,0.0
2025-10-10,282,44,0.0,0.0,0.0,0.6742,0.0,0.0
2025-10-10,282,45,0.0,0.0,0.0,0.5454,0.0,0.0
2025-10-10,282,46,0.0,0.0,0.0,0.6398,0.0,0.0
2025-10-10,282,47,0.0,0.0,0.0,0.8782,0.0,0.0
2025-10-10,282,48,0.0,0.0,0.0,0.879,0.0,0.0
2025-10-10,282,49,0.0,0.0,0.0,0.7998,0.0,0.0
2025-10-10,282,50,0.0,0.0,0.0,0.7693,0.0,0.0
2025-10-10,282,51,0.0,0.0,0.0,0.7585,0.0,0.0
2025-10-10,282,52,0.0,0.0,0.0,0.7791,0.0,0.0
2025-10-10,282,53,0.0,0.0,0.0,0.7873,0.0,0.0
2025-10-10,282,54,0.0,0.0,0.0,0.7134,0.0,0.0
2025-10-10,282,55,0.0,0.0,0.0,0.6511,0.0,0.0
2025-10-10,282,56,0.0,0.0,0.0,0.648,0.0,0.0
2025-10-10,282,57,0.0,0.0,0.0,0.6656,0.0,0.0
2025-10-10,282,58,0.0,0.0,0.0,0.6738,0.0,0.0
2025-10-10,282,59,0.0,0.0,0.0,0.6411,0.0,0.0
2025-10-10,282,60,0.0,0.0,0.0,0.5639,0.0,0.0
2025-10-10,282,61,0.0,0.0,0.0,0.5622,0.0,0.0
2025-10-10,282,62,0.0,0.0,0.0,0.6149,0.0,0.0
2025-10-10,282,63,0.0,0.0,0.0,0.562,0.0,0.0
2025-10-10,282,64,0.0,0.0,0.0,0.3775,0.0,0.0
2025-10-10,282,65,0.0,0.0,0.0,0.1769,0.0,0.0
2025-10-10,282,66,0.0,0.0,0.0,0.1193,0.0,0.0
2025-10-10,282,67,0.0,0.0,0.0,0.1214,0.0,0.0
2025-10-10,282,68,0.0,0.0,0.0,0.1279,0.0,0.0
2025-10-10,282,69,0.0,0.0,0.0,0.1545,0.0,0.0
2025-10-10,282,70,368.76848249999966,0.0,-368.76848249999966,0.1482,54.65148910649995,27.325744553249976
2025-10-10,282,71,0.0,0.0,0.0,0.1,0.0,0.0
2025-10-10,282,72,0.0,0.0,0.0,0.0631,0.0,0.0
2025-10-10,282,73,0.0,0.0,0.0,0.085,0.0,0.0
2025-10-10,282,74,0.0,0.0,0.0,0.1035,0.0,0.0
2025-10-10,282,75,342.6542350388164,0.0,-342.6542350388164,0.039,13.36351516651384,6.68175758325692
2025-10-10,282,76,0.0,0.0,0.0,0.1533,0.0,0.0
2025-10-10,282,77,0.0,0.0,0.0,0.405,0.0,0.0
2025-10-10,282,78,0.0,0.0,0.0,0.4712,0.0,0.0
2025-10-10,282,79,0.0,0.0,0.0,0.4562,0.0,0.0
2025-10-10,282,80,0.0,0.0,0.0,0.4711,0.0,0.0
2025-10-10,282,81,0.0,0.0,0.0,0.5124,0.0,0.0
2025-10-10,282,82,0.0,0.0,0.0,0.5358,0.0,0.0
2025-10-10,282,83,0.0,0.0,0.0,0.5306,0.0,0.0
2025-10-10,282,84,0.0,0.0,0.0,0.5327,0.0,0.0
2025-10-10,282,85,0.0,0.0,0.0,0.5863,0.0,0.0
2025-10-10,282,86,0.0,0.0,0.0,0.6699,0.0,0.0
2025-10-10,282,87,0.0,0.0,0.0,0.6935,0.0,0.0
2025-10-10,282,88,0.0,0.0,0.0,0.5722,0.0,0.0
2025-10-10,282,89,0.0,0.0,0.0,0.4202,0.0,0.0
2025-10-10,282,90,23.355431111110875,0.0,-23.355431111110875,0.4503,10.516950629333227,5.258475314666613
2025-10-10,282,91,64.90870972222217,0.0,-64.90870972222217,0.4901,31.811758634861086,15.905879317430543
2025-10-10,282,92,101.35498333333351,0.0,-101.35498333333351,0.4724,47.88009412666675,23.940047063333374
2025-10-10,282,93,137.03044611111125,27.36309583333309,-109.66735027777816,0.5026,68.87150221544452,41.312097090638865
2025-10-10,282,94,193.12104055555528,128.83392249999997,-64.28711805555531,0.5619,108.51471268816651,90.45324687045824
2025-10-10,282,95,286.7146,219.97755000000006,-66.73704999999995,0.5929,169.99308634000002,150.2088878675
2025-10-10,282,96,380.6553422222223,232.3806763888889,-148.27466583333342,0.5706,217.20193827200006,174.89917610975002
2025-10-10,282,97,427.37583444444476,286.35233361111125,-141.02350083333351,0.6169,263.64815226877795,220.14945343673625
2025-10-10,282,98,0.0,0.0,0.0,0.7174,0.0,0.0
2025-10-10,282,99,462.50016222222206,450.21838888888897,-12.281773333333092,0.7307,337.94886853577765,333.46172264844444
2025-10-10,282,100,901.1608309047294,745.3270790740745,-155.83375183065493,0.6965,627.6585187251441,573.3894146501184
2025-10-10,282,101,553.6315833333333,553.6315833333332,-1.1368683772161603e-13,0.6883,381.0646188083333,381.0646188083333
2025-10-10,282,102,518.9803900000002,518.9803900000003,1.1368683772161603e-13,0.7368,382.38475135200014,382.38475135200025
2025-10-10,282,103,548.0905477449536,548.0905477449535,-1.1368683772161603e-13,0.7598,416.4391981766158,416.4391981766157
2025-10-10,282,104,612.9436238019022,612.9436238019022,0.0,0.7252,444.5067159811394,444.5067159811394
2025-10-10,282,105,662.0194208333334,662.0194208333334,0.0,0.7023,464.93623925125,464.93623925125
2025-10-10,282,106,633.2408275,633.2408275,0.0,0.8425,533.50539716875,533.50539716875
2025-10-10,282,107,0.0,0.0,0.0,1.067,0.0,0.0
2025-10-10,282,108,0.0,0.0,0.0,1.134,0.0,0.0
2025-10-10,282,109,0.0,0.0,0.0,1.1438,0.0,0.0
2025-10-10,282,110,0.0,0.0,0.0,1.1569,0.0,0.0
2025-10-10,282,111,0.0,0.0,0.0,1.1281,0.0,0.0
2025-10-10,282,112,0.0,0.0,0.0,1.0971,0.0,0.0
2025-10-10,282,113,285.92157093728974,285.9215709372898,5.684341886080802e-14,1.0808,309.02403386902273,309.02403386902284
2025-10-10,282,114,564.9959666666667,687.9770580119985,122.98109134533172,1.0657,602.1162016766668,798.7076252467468
2025-10-10,282,115,0.0,571.8946145733191,571.8946145733191,1.095,0.0,939.3369044366767
2025-10-10,282,116,0.0,0.0,0.0,1.1447,0.0,0.0
2025-10-10,282,117,0.0,610.9709916666666,610.9709916666666,1.1343,0.0,1039.53659377125
2025-10-10,282,118,0.0,0.0,0.0,1.0862,0.0,0.0
2025-10-10,282,119,0.0,0.0,0.0,1.0643,0.0,0.0
2025-10-10,282,120,0.0,0.0,0.0,1.1051,0.0,0.0
2025-10-10,282,121,0.0,0.0,0.0,1.0878,0.0,0.0
2025-10-10,282,122,0.0,0.0,0.0,1.0582,0.0,0.0
2025-10-10,282,123,0.0,0.0,0.0,1.1499,0.0,0.0
2025-10-10,282,124,598.6976983333333,711.5433816666665,112.84568333333323,1.0469,626.7766203851666,803.9838392076664
2025-10-10,282,125,623.6194661111108,708.1164166666665,84.49695055555571,0.79,492.65937822777755,592.7882646361111
2025-10-10,282,126,591.8767558333334,629.2940316666666,37.41727583333318,0.756,447.45882741,489.8900182049998
2025-10-10,282,127,560.0587266666665,691.2492349074074,131.19050824074088,0.7867,440.5982002686665,595.4095595181528
2025-10-10,282,128,610.2019999999999,651.11575,40.913750000000164,0.7929,483.82916579999994,532.4899343625001
2025-10-10,282,129,609.9628608333334,609.9628608333334,0.0,0.8128,495.77781328533337,495.77781328533337
2025-10-10,282,130,537.8048633333333,614.0288625,76.22399916666666,0.5871,315.7452352629999,382.8719001291249
2025-10-10,282,131,1219.3199999999997,1219.3199999999997,0.0,0.2668,325.3145759999999,325.3145759999999
2025-10-10,282,132,1268.3603041666665,1268.3603041666663,-2.2737367544323206e-13,0.3009,381.64961552374996,381.64961552374996
2025-10-10,282,133,1298.5905475,1298.5905475,0.0,0.3938,511.38495760549995,511.38495760549995
2025-10-10,282,134,472.86175,472.8617500000001,1.1368683772161603e-13,0.3651,172.64182492499998,172.64182492500004
2025-10-10,282,135,1239.134925833333,1239.1349258333332,2.2737367544323206e-13,0.3234,400.7362350144999,400.73623501450004
2025-10-10,282,136,1235.1493791666664,1235.1493791666667,2.2737367544323206e-13,0.3073,379.5614042179166,379.56140421791673
2025-10-10,282,137,457.31024999999994,457.31025,5.684341886080802e-14,0.2999,137.14734397499998,137.147343975
2025-10-10,282,138,0.0,0.0,0.0,0.2748,0.0,0.0
2025-10-10,282,139,0.0,0.0,0.0,0.3002,0.0,0.0
2025-10-10,282,140,769.0425270101487,769.0425270101487,0.0,0.3526,271.1643950237784,271.1643950237784
2025-10-10,282,141,515.1976825,515.1976824999999,-1.1368683772161603e-13,0.3357,172.95186201525001,172.95186201525001
2025-10-10,282,142,1266.5527183333334,1266.5527183333334,0.0,0.3218,407.57666475966664,407.57666475966664
2025-10-10,282,143,1205.4921666666664,1205.4921666666667,2.2737367544323206e-13,0.3476,419.02907713333326,419.0290771333334
2025-10-11,283,0,1254.4508141666665,1254.4508141666665,0.0,0.3707,465.02491681158324,465.02491681158324
2025-10-11,283,1,1235.9168133333333,1235.9168133333333,0.0,0.3501,432.694476348,432.694476348
2025-10-11,283,2,378.7509166666666,378.7509166666666,0.0,0.3109,117.75365999166665,117.75365999166665
2025-10-11,283,3,428.850755,428.850755,0.0,0.3128,134.144516164,134.144516164
2025-10-11,283,4,1289.6589624999997,1289.6589624999997,0.0,0.3016,388.9611430899999,388.9611430899999
2025-10-11,283,5,425.8784166666665,425.8784166666665,0.0,0.2894,123.24921378333329,123.24921378333329
2025-10-11,283,6,0.0,0.0,0.0,0.3443,0.0,0.0
2025-10-11,283,7,0.0,0.0,0.0,0.3802,0.0,0.0
2025-10-11,283,8,0.0,0.0,0.0,0.3544,0.0,0.0
2025-10-11,283,9,0.0,0.0,0.0,0.3116,0.0,0.0
2025-10-11,283,10,434.95631499999996,434.95631499999996,0.0,0.3093,134.5319882295,134.5319882295
2025-10-11,283,11,407.30491666666654,407.30491666666654,0.0,0.3374,137.42467888333329,137.42467888333329
2025-10-11,283,12,0.0,0.0,0.0,0.3392,0.0,0.0
2025-10-11,283,13,0.0,0.0,0.0,0.3466,0.0,0.0
2025-10-11,283,14,1256.7569999999998,1256.7569999999998,0.0,0.3726,468.2676581999999,468.2676581999999
2025-10-11,283,15,1270.4430174999998,1270.4430174999998,0.0,0.3878,492.6778021864999,492.6778021864999
2025-10-11,283,16,0.0,0.0,0.0,0.3674,0.0,0.0
2025-10-11,283,17,436.14549999999997,436.14549999999997,0.0,0.3468,151.2552594,151.2552594
2025-10-11,283,18,431.8765616666665,431.8765616666665,0.0,0.3751,161.99689828116658,161.99689828116658
2025-10-11,283,19,433.8229075,433.8229075,0.0,0.3263,141.55641471725,141.55641471725
2025-10-11,283,20,0.0,0.0,0.0,0.2466,0.0,0.0
2025-10-11,283,21,20.126236976579378,20.126236976579378,0.0,0.3155,6.349827766110794,6.349827766110794
2025-10-11,283,22,469.23909166666675,469.23909166666675,0.0,0.3841,180.2347351091667,180.2347351091667
2025-10-11,283,23,474.73741666666666,474.73741666666666,0.0,0.3773,179.11842730833334,179.11842730833334
2025-10-11,283,24,457.9570125,457.9570125,0.0,0.3635,166.46737404375,166.46737404375
2025-10-11,283,25,1282.7300116666665,1282.7300116666665,0.0,0.3559,456.5236111521666,456.5236111521666
2025-10-11,283,26,1286.7680833333332,1286.7680833333332,0.0,0.3583,461.0490042583333,461.0490042583333
2025-10-11,283,27,450.5867991666666,450.5867991666666,0.0,0.3693,166.40170493224997,166.40170493224997
2025-10-11,283,28,0.0,0.0,0.0,0.3448,0.0,0.0
2025-10-11,283,29,0.0,0.0,0.0,0.3048,0.0,0.0
2025-10-11,283,30,475.71883416666657,475.71883416666657,0.0,0.3209,152.6581738840833,152.6581738840833
2025-10-11,283,31,488.9550299999999,488.9550299999999,0.0,0.3703,181.06004760899998,181.06004760899998
2025-10-11,283,32,0.0,0.0,0.0,0.3775,0.0,0.0
2025-10-11,283,33,1260.82071,1260.82071,0.0,0.3247,409.38848453699995,409.38848453699995
2025-10-11,283,34,0.0,0.0,0.0,0.513,0.0,0.0
2025-10-11,283,35,0.0,0.0,0.0,0.8254,0.0,0.0
2025-10-11,283,36,0.0,0.0,0.0,0.8257,0.0,0.0
2025-10-11,283,37,0.0,0.0,0.0,0.7776,0.0,0.0
2025-10-11,283,38,0.0,0.0,0.0,0.8091,0.0,0.0
2025-10-11,283,39,0.0,0.0,0.0,0.78,0.0,0.0
2025-10-11,283,40,0.0,0.0,0.0,0.7394,0.0,0.0
2025-10-11,283,41,0.0,0.0,0.0,0.7285,0.0,0.0
2025-10-11,283,42,0.0,0.0,0.0,0.7268,0.0,0.0
2025-10-11,283,43,0.0,0.0,0.0,0.7045,0.0,0.0
2025-10-11,283,44,0.0,0.0,0.0,0.6375,0.0,0.0
2025-10-11,283,45,0.0,0.0,0.0,0.5562,0.0,0.0
2025-10-11,283,46,0.0,0.0,0.0,0.6643,0.0,0.0
2025-10-11,283,47,0.0,0.0,0.0,0.8715,0.0,0.0
2025-10-11,283,48,0.0,0.0,0.0,0.8701,0.0,0.0
2025-10-11,283,49,0.0,0.0,0.0,0.8254,0.0,0.0
2025-10-11,283,50,0.0,0.0,0.0,0.8195,0.0,0.0
2025-10-11,283,51,0.0,0.0,0.0,0.7743,0.0,0.0
2025-10-11,283,52,0.0,0.0,0.0,0.7835,0.0,0.0
2025-10-11,283,53,0.0,0.0,0.0,0.8271,0.0,0.0
2025-10-11,283,54,0.0,0.0,0.0,0.7805,0.0,0.0
2025-10-11,283,55,0.0,0.0,0.0,0.7282,0.0,0.0
2025-10-11,283,56,0.0,0.0,0.0,0.7136,0.0,0.0
2025-10-11,283,57,0.0,0.0,0.0,0.7021,0.0,0.0
2025-10-11,283,58,0.0,0.0,0.0,0.7253,0.0,0.0
2025-10-11,283,59,0.0,0.0,0.0,0.7506,0.0,0.0
2025-10-11,283,60,0.0,0.0,0.0,0.6975,0.0,0.0
2025-10-11,283,61,0.0,0.0,0.0,0.6217,0.0,0.0
2025-10-11,283,62,0.0,0.0,0.0,0.5977,0.0,0.0
2025-10-11,283,63,0.0,0.0,0.0,0.6261,0.0,0.0
2025-10-11,283,64,0.0,0.0,0.0,0.4888,0.0,0.0
2025-10-11,283,65,0.0,0.0,0.0,0.2351,0.0,0.0
2025-10-11,283,66,0.0,0.0,0.0,0.155,0.0,0.0
2025-10-11,283,67,0.0,0.0,0.0,0.2134,0.0,0.0
2025-10-11,283,68,0.0,0.0,0.0,0.2824,0.0,0.0
2025-10-11,283,69,0.0,0.0,0.0,0.2666,0.0,0.0
2025-10-11,283,70,0.0,0.0,0.0,0.2316,0.0,0.0
2025-10-11,283,71,0.0,0.0,0.0,0.2195,0.0,0.0
2025-10-11,283,72,0.0,0.0,0.0,0.2105,0.0,0.0
2025-10-11,283,73,0.0,0.0,0.0,0.1938,0.0,0.0
2025-10-11,283,74,0.0,0.0,0.0,0.1794,0.0,0.0
2025-10-11,283,75,0.0,0.0,0.0,0.2037,0.0,0.0
2025-10-11,283,76,0.0,0.0,0.0,0.335,0.0,0.0
2025-10-11,283,77,0.0,0.0,0.0,0.5043,0.0,0.0
2025-10-11,283,78,0.0,0.0,0.0,0.5597,0.0,0.0
2025-10-11,283,79,0.0,0.0,0.0,0.5904,0.0,0.0
2025-10-11,283,80,0.0,0.0,0.0,0.6266,0.0,0.0
2025-10-11,283,81,0.0,0.0,0.0,0.6021,0.0,0.0
2025-10-11,283,82,0.0,0.0,0.0,0.5483,0.0,0.0
2025-10-11,283,83,0.0,0.0,0.0,0.5263,0.0,0.0
2025-10-11,283,84,0.0,0.0,0.0,0.5711,0.0,0.0
2025-10-11,283,85,0.0,0.0,0.0,0.6023,0.0,0.0
2025-10-11,283,86,0.0,0.0,0.0,0.6176,0.0,0.0
2025-10-11,283,87,0.0,0.0,0.0,0.6659,0.0,0.0
2025-10-11,283,88,0.0,0.0,0.0,0.584,0.0,0.0
2025-10-11,283,89,0.0,0.0,0.0,0.4316,0.0,0.0
2025-10-11,283,90,0.0,0.0,0.0,0.4488,0.0,0.0
2025-10-11,283,91,0.0,0.0,0.0,0.4952,0.0,0.0
2025-10-11,283,92,0.0,0.0,0.0,0.4948,0.0,0.0
2025-10-11,283,93,0.0,0.0,0.0,0.5139,0.0,0.0
2025-10-11,283,94,0.0,0.0,0.0,0.5392,0.0,0.0
2025-10-11,283,95,66.79933333333338,66.7993333333334,1.4210854715202004e-14,0.5562,37.15378920000003,37.15378920000004
2025-10-11,283,96,172.4787393915722,84.43444394467404,-88.04429544689815,0.5751,99.19252302409316,73.87538586833759
2025-10-11,283,97,137.39444988620565,124.84490638888883,-12.549543497316819,0.6231,85.61048172409474,81.70067144750568
2025-10-11,283,98,158.93764166666642,158.93764166666642,0.0,0.6738,107.09218295499983,107.09218295499983
2025-10-11,283,99,0.0,0.0,0.0,0.6715,0.0,0.0
2025-10-11,283,100,315.8852833333333,315.88528333333335,5.684341886080802e-14,0.6689,211.29566602166665,211.2956660216667
2025-10-11,283,101,590.7068916666658,590.7068916666657,-1.1368683772161603e-13,0.6953,410.71850177583275,410.71850177583275
2025-10-11,283,102,324.9175002777775,324.9175002777775,0.0,0.7297,237.09229995269425,237.09229995269425
2025-10-11,283,103,378.0037494444446,378.0037494444446,0.0,0.7538,284.93922633122236,284.93922633122236
2025-10-11,283,104,469.79882243827325,469.79882243827325,0.0,0.7521,353.3356943558253,353.3356943558253
2025-10-11,283,105,499.963346111111,499.963346111111,0.0,0.7429,371.42276982594433,371.42276982594433
2025-10-11,283,106,272.83308788173406,0.0,-272.83308788173406,0.8627,235.373104915572,117.686552457786
2025-10-11,283,107,0.0,0.0,0.0,1.0597,0.0,0.0
2025-10-11,283,108,0.0,0.0,0.0,1.1263,0.0,0.0
2025-10-11,283,109,0.0,0.0,0.0,1.1036,0.0,0.0
2025-10-11,283,110,0.0,0.0,0.0,1.0705,0.0,0.0
2025-10-11,283,111,0.0,0.0,0.0,1.0706,0.0,0.0
2025-10-11,283,112,0.0,0.0,0.0,1.113,0.0,0.0
2025-10-11,283,113,0.0,0.0,0.0,1.1578,0.0,0.0
2025-10-11,283,114,0.0,509.3366889679282,509.3366889679282,1.1517,0.0,879.9045970265443
2025-10-11,283,115,0.0,0.0,0.0,1.1446,0.0,0.0
2025-10-11,283,116,0.0,0.0,0.0,1.1451,0.0,0.0
2025-10-11,283,117,0.0,0.0,0.0,1.1173,0.0,0.0
2025-10-11,283,118,0.0,0.0,0.0,1.1146,0.0,0.0
2025-10-11,283,119,0.0,0.0,0.0,1.1399,0.0,0.0
2025-10-11,283,120,0.0,0.0,0.0,1.1421,0.0,0.0
2025-10-11,283,121,0.0,0.0,0.0,1.1504,0.0,0.0
2025-10-11,283,122,0.0,0.0,0.0,1.1798,0.0,0.0
2025-10-11,283,123,0.0,0.0,0.0,1.184,0.0,0.0
2025-10-11,283,124,0.0,178.2406931986996,178.2406931986996,1.0239,0.0,273.7509686492228
2025-10-11,283,125,514.6273333333331,514.627333333333,-1.1368683772161603e-13,0.7987,411.03285113333317,411.0328511333331
2025-10-11,283,126,499.7709233333331,499.7709233333331,0.0,0.7682,383.9240233046665,383.9240233046665
2025-10-11,283,127,470.95999,470.95998999999995,-5.684341886080802e-14,0.7977,375.68478402299996,375.68478402299996
2025-10-11,283,128,536.3038333333333,536.3038333333334,1.1368683772161603e-13,0.8046,431.51006429999995,431.51006430000007
2025-10-11,283,129,518.4992216666666,518.4992216666666,0.0,0.8008,415.2141767106666,415.2141767106666
2025-10-11,283,130,490.38154249999997,490.38154249999997,0.0,0.5792,284.028989416,284.028989416
2025-10-11,283,131,1166.7566666666664,1166.7566666666664,0.0,0.2784,324.8250559999999,324.8250559999999
2025-10-11,283,132,1225.4422116666665,1225.4422116666665,0.0,0.2848,349.0059418826666,349.0059418826666
2025-10-11,283,133,427.24564166666653,427.2456416666664,-1.1368683772161603e-13,0.3765,160.85798408749994,160.85798408749994
2025-10-11,283,134,284.72773755913386,284.72773755913386,0.0,0.3869,110.1611616616289,110.1611616616289
2025-10-11,283,135,1202.5078866666665,1202.5078866666665,0.0,0.3603,433.26359156599995,433.26359156599995
2025-10-11,283,136,1191.3344741666665,1191.3344741666665,0.0,0.3328,396.4761130026666,396.4761130026666
2025-10-11,283,137,1233.0300833333333,1233.0300833333333,0.0,0.3146,387.91126421666667,387.91126421666667
2025-10-11,283,138,1213.636602499999,1213.6366024999988,-2.2737367544323206e-13,0.2975,361.0568892437497,361.0568892437497
2025-10-11,283,139,409.5749749999999,409.5749749999999,0.0,0.2837,116.19642040749997,116.19642040749997
2025-10-11,283,140,394.7626666666667,394.7626666666667,0.0,0.2888,114.00745813333334,114.00745813333334
2025-10-11,283,141,1267.2949975,1267.2949975,0.0,0.3285,416.30640667874997,416.30640667874997
2025-10-11,283,142,459.53073833333326,459.53073833333326,0.0,0.381,175.08121130499998,175.08121130499998
2025-10-11,283,143,0.0,0.0,0.0,0.4248,0.0,0.0
2025-10-12,284,0,1350.4410149999999,1350.4410149999999,0.0,0.4441,599.7308547614999,599.7308547614999
2025-10-12,284,1,1307.5981516666666,1307.5981516666666,0.0,0.4107,537.0305608895,537.0305608895
2025-10-12,284,2,458.0925833333333,458.0925833333333,0.0,0.3719,170.36463174166667,170.36463174166667
2025-10-12,284,3,514.3937916666666,514.3937916666666,0.0,0.407,209.35827320833332,209.35827320833332
2025-10-12,284,4,538.4354133333333,538.4354133333333,0.0,0.4169,224.47372381866663,224.47372381866663
2025-10-12,284,5,0.0,0.0,0.0,0.3963,0.0,0.0
2025-10-12,284,6,0.0,0.0,0.0,0.4267,0.0,0.0
2025-10-12,284,7,381.9374485563377,381.9374485563377,0.0,0.3907,149.22296115096114,149.22296115096114
2025-10-12,284,8,0.0,0.0,0.0,0.3314,0.0,0.0
2025-10-12,284,9,528.3492483333334,528.3492483333334,0.0,0.4135,218.47241418583337,218.47241418583337
2025-10-12,284,10,1352.4372933333334,1352.4372933333334,0.0,0.4524,611.8426315040001,611.8426315040001
2025-10-12,284,11,1327.9919999999997,1327.9919999999997,0.0,0.4073,540.8911415999999,540.8911415999999
2025-10-12,284,12,0.0,0.0,0.0,0.423,0.0,0.0
2025-10-12,284,13,0.0,0.0,0.0,0.4584,0.0,0.0
2025-10-12,284,14,1342.5794999999998,1342.5794999999998,0.0,0.4789,642.9613225499999,642.9613225499999
2025-10-12,284,15,524.2675516666666,524.2675516666666,0.0,0.4921,257.9920621751666,257.9920621751666
2025-10-12,284,16,545.9017483333334,545.9017483333334,0.0,0.4562,249.04037758966672,249.04037758966672
2025-10-12,284,17,539.8601666666666,539.8601666666666,0.0,0.4042,218.21147936666665,218.21147936666665
2025-10-12,284,18,511.3223083333331,511.3223083333331,0.0,0.4169,213.17027034416657,213.17027034416657
2025-10-12,284,19,511.0036258333332,511.0036258333332,0.0,0.42,214.62152284999993,214.62152284999993
2025-10-12,284,20,543.5291666666666,543.5291666666666,0.0,0.4045,219.85754791666665,219.85754791666665
2025-10-12,284,21,1389.3571412076762,1389.3571412076762,0.0,0.432,600.2022850017162,600.2022850017162
2025-10-12,284,22,557.9505216666665,557.9505216666665,0.0,0.4333,241.7599610381666,241.7599610381666
2025-10-12,284,23,563.2166666666666,563.2166666666666,0.0,0.4105,231.20044166666662,231.20044166666662
2025-10-12,284,24,559.3659499999999,559.3659499999999,0.0,0.4366,244.21917376999994,244.21917376999994
2025-10-12,284,25,1380.5799475,1380.5799475,0.0,0.4508,622.3654403329999,622.3654403329999
2025-10-12,284,26,1369.1669166666666,1369.1669166666666,0.0,0.4468,611.7437783666666,611.7437783666666
2025-10-12,284,27,537.6581424999999,537.6581424999999,0.0,0.4745,255.11878861624996,255.11878861624996
2025-10-12,284,28,0.0,0.0,0.0,0.4567,0.0,0.0
2025-10-12,284,29,0.0,0.0,0.0,0.4106,0.0,0.0
2025-10-12,284,30,1377.2981958333332,1377.2981958333332,0.0,0.436,600.5020133833333,600.5020133833333
2025-10-12,284,31,1406.2440758333332,1406.2440758333332,0.0,0.4562,641.5285473951666,641.5285473951666
2025-10-12,284,32,595.2594166666668,595.2594166666668,0.0,0.4068,242.15153070000002,242.15153070000002
2025-10-12,284,33,1336.140105833333,1336.140105833333,0.0,0.3471,463.77423073474995,463.77423073474995
2025-10-12,284,34,0.0,0.0,0.0,0.5779,0.0,0.0
2025-10-12,284,35,0.0,0.0,0.0,0.9544,0.0,0.0
2025-10-12,284,36,0.0,0.0,0.0,1.0045,0.0,0.0
2025-10-12,284,37,0.0,0.0,0.0,0.9595,0.0,0.0
2025-10-12,284,38,0.0,0.0,0.0,0.9821,0.0,0.0
2025-10-12,284,39,0.0,0.0,0.0,0.9928,0.0,0.0
2025-10-12,284,40,0.0,0.0,0.0,0.9464,0.0,0.0
2025-10-12,284,41,0.0,0.0,0.0,0.8819,0.0,0.0
2025-10-12,284,42,0.0,0.0,0.0,0.8696,0.0,0.0
2025-10-12,284,43,0.0,0.0,0.0,0.8201,0.0,0.0
2025-10-12,284,44,0.0,0.0008245475398238699,0.0008245475398238699,0.738,0.0,0.0009127741265850239
2025-10-12,284,45,0.0,774.5029437715963,774.5029437715963,0.7564,0.0,878.751040003253
2025-10-12,284,46,0.0,0.0,0.0,0.9717,0.0,0.0
2025-10-12,284,47,0.0,0.0,0.0,1.2293,0.0,0.0
2025-10-12,284,48,0.0,0.0,0.0,1.2404,0.0,0.0
2025-10-12,284,49,0.0,0.0,0.0,1.1384,0.0,0.0
2025-10-12,284,50,0.0,0.0,0.0,1.073,0.0,0.0
2025-10-12,284,51,0.0,0.0,0.0,1.0761,0.0,0.0
2025-10-12,284,52,0.0,0.0,0.0,1.081,0.0,0.0
2025-10-12,284,53,0.0,0.0,0.0,1.0743,0.0,0.0
2025-10-12,284,54,0.0,0.0,0.0,1.0903,0.0,0.0
2025-10-12,284,55,0.0,0.0,0.0,1.0506,0.0,0.0
2025-10-12,284,56,0.0,0.0,0.0,0.9606,0.0,0.0
2025-10-12,284,57,0.0,0.0,0.0,0.9153,0.0,0.0
2025-10-12,284,58,0.0,0.0,0.0,0.9144,0.0,0.0
2025-10-12,284,59,0.0,0.0,0.0,0.9222,0.0,0.0
2025-10-12,284,60,0.0,0.0,0.0,0.9025,0.0,0.0
2025-10-12,284,61,0.0,0.0,0.0,0.8623,0.0,0.0
2025-10-12,284,62,0.0,0.0,0.0,0.8503,0.0,0.0
2025-10-12,284,63,0.0,0.0,0.0,0.8838,0.0,0.0
2025-10-12,284,64,0.0,0.0,0.0,0.7464,0.0,0.0
2025-10-12,284,65,0.0,0.0,0.0,0.5226,0.0,0.0
2025-10-12,284,66,0.0,0.0,0.0,0.524,0.0,0.0
2025-10-12,284,67,0.0,0.0,0.0,0.544,0.0,0.0
2025-10-12,284,68,0.0,0.0,0.0,0.4888,0.0,0.0
2025-10-12,284,69,0.0,0.0,0.0,0.4715,0.0,0.0
2025-10-12,284,70,0.0,0.0,0.0,0.4492,0.0,0.0
2025-10-12,284,71,487.7735211499182,0.0,-487.7735211499182,0.4152,202.52356598144604,101.26178299072302
2025-10-12,284,72,546.173668888889,0.0,-546.173668888889,0.4245,231.85072244333335,115.92536122166668
2025-10-12,284,73,469.3327494444443,0.0,-469.3327494444443,0.4672,219.27226054044436,109.63613027022218
2025-10-12,284,74,0.0,0.0,0.0,0.4695,0.0,0.0
2025-10-12,284,75,452.9236463888892,265.0871035156073,-187.83654287328193,0.4035,182.7546913179168,144.85866879323217
2025-10-12,284,76,0.0,0.0,0.0,0.5883,0.0,0.0
2025-10-12,284,77,0.0,0.0,0.0,0.9096,0.0,0.0
2025-10-12,284,78,0.0,0.0,0.0,0.9119,0.0,0.0
2025-10-12,284,79,0.0,0.0,0.0,0.8429,0.0,0.0
2025-10-12,284,80,0.0,0.0,0.0,0.8479,0.0,0.0
2025-10-12,284,81,0.0,0.0,0.0,0.8332,0.0,0.0
2025-10-12,284,82,0.0,0.0,0.0,0.8778,0.0,0.0
2025-10-12,284,83,0.0,0.0,0.0,0.9529,0.0,0.0
2025-10-12,284,84,0.0,0.0,0.0,0.9334,0.0,0.0
2025-10-12,284,85,0.0,0.0,0.0,0.9211,0.0,0.0
2025-10-12,284,86,0.0,0.0,0.0,0.9665,0.0,0.0
2025-10-12,284,87,0.0,0.0,0.0,0.9908,0.0,0.0
2025-10-12,284,88,0.0,0.0,0.0,0.8503,0.0,0.0
2025-10-12,284,89,0.0,0.0,0.0,0.6615,0.0,0.0
2025-10-12,284,90,0.0,0.0,0.0,0.6929,0.0,0.0
2025-10-12,284,91,0.0,0.0,0.0,0.7285,0.0,0.0
2025-10-12,284,92,0.0,0.00018061744028585736,0.00018061744028585736,0.7053,0.0,0.00019108422095042278
2025-10-12,284,93,27.05474527777824,53.639736906546744,26.584991628768506,0.7736,20.929550946889243,51.77877523291221
2025-10-12,284,94,61.238896388888634,132.46107833333338,71.22218194444474,0.8339,51.06711569869423,140.15538198390294
2025-10-12,284,95,169.74155945061412,175.55506231551306,5.813502864898936,0.8424,142.99028968119734,150.33623190128364
2025-10-12,284,96,303.94511694444475,303.94511694444475,0.0,0.8618,261.9399017827225,261.9399017827225
2025-10-12,284,97,356.60333388888887,356.6033338888888,-5.684341886080802e-14,0.8976,320.0871524986666,320.08715249866657
2025-10-12,284,98,317.9118249999999,317.91182499999996,5.684341886080802e-14,0.9286,295.2129206949999,295.212920695
2025-10-12,284,99,429.9442577777778,429.9442577777778,0.0,0.9358,402.3418364284445,402.3418364284445
2025-10-12,284,100,501.8641140123445,501.86411401234454,5.684341886080802e-14,0.9496,476.5701626661223,476.57016266612237
2025-10-12,284,101,515.1870166666668,515.1870166666668,0.0,0.9897,509.88059039500007,509.88059039500007
2025-10-12,284,102,583.4897358333332,583.4897358333332,0.0,1.0473,611.0888003382497,611.0888003382497
2025-10-12,284,103,640.5275888888891,640.5275888888891,0.0,1.0926,699.8404436200002,699.8404436200002
2025-10-12,284,104,729.3138270987652,729.3138270987653,1.1368683772161603e-13,1.1061,806.6940241539442,806.6940241539444
2025-10-12,284,105,780.9717555555555,780.9717555555555,0.0,1.0948,855.0078779822222,855.0078779822222
2025-10-12,284,106,721.8640963888892,721.8640963888893,1.1368683772161603e-13,1.1092,800.6916557145558,800.6916557145561
2025-10-12,284,107,0.0,0.0,0.0,1.1827,0.0,0.0
2025-10-12,284,108,0.0,0.0,0.0,1.2971,0.0,0.0
2025-10-12,284,109,0.0,513.5990866666665,513.5990866666665,1.3451,0.0,1036.2631972129996
2025-10-12,284,110,0.0,367.6689043236655,367.6689043236655,1.3025,0.0,718.3331218223615
2025-10-12,284,111,0.0,211.54845463894088,211.54845463894088,1.248,0.0,396.0187070840973
2025-10-12,284,112,0.0,0.0,0.0,1.2498,0.0,0.0
2025-10-12,284,113,623.4091666666668,690.6457499999999,67.2365833333331,1.2829,799.7716199166669,929.1583390541664
2025-10-12,284,114,633.6461133333332,745.6966083333334,112.05049500000018,1.2673,803.0197194273333,1016.0221078975836
2025-10-12,284,115,559.5345620298838,739.81646,180.28189797011623,1.2585,704.1742463146087,1044.5013992076956
2025-10-12,284,116,0.0,193.48184744068638,193.48184744068638,1.2742,0.0,369.8018550133839
2025-10-12,284,117,0.0,670.0850454269618,670.0850454269618,1.2752,0.0,1281.7386748926924
2025-10-12,284,118,0.0,707.7911858333334,707.7911858333334,1.2828,0.0,1361.9317997805001
2025-10-12,284,119,0.0,755.6569254722749,755.6569254722749,1.2911,0.0,1463.442984715881
2025-10-12,284,120,0.0,0.0,0.0,1.2707,0.0,0.0
2025-10-12,284,121,0.0,570.2564641666665,570.2564641666665,1.2679,0.0,1084.5422563753748
2025-10-12,284,122,0.0,705.0635000000001,705.0635000000001,1.2929,0.0,1367.364898725
2025-10-12,284,123,0.0,428.1235324999998,428.1235324999998,1.2851,0.0,825.2723274236246
2025-10-12,284,124,654.4437533333332,654.4437533333332,0.0,1.1346,742.5318825319999,742.5318825319999
2025-10-12,284,125,655.1238124074072,655.1238124074071,-1.1368683772161603e-13,0.9397,615.6198465192405,615.6198465192404
2025-10-12,284,126,633.785365,633.785365,0.0,0.9227,584.7937562855,584.7937562855
2025-10-12,284,127,635.8683099999998,635.86831,1.1368683772161603e-13,0.9319,592.5656780889998,592.5656780889999
2025-10-12,284,128,685.5913333333333,685.5913333333333,0.0,0.9245,633.8291876666666,633.8291876666666
2025-10-12,284,129,658.3748416666666,658.3748416666665,-1.1368683772161603e-13,0.9671,636.7143093758333,636.7143093758332
2025-10-12,284,130,610.8253158333333,610.8253158333333,0.0,0.7658,467.7700268651667,467.7700268651667
2025-10-12,284,131,1264.0426666666665,1264.0426666666667,2.2737367544323206e-13,0.4327,546.9512618666665,546.9512618666666
2025-10-12,284,132,1279.886920833333,1279.886920833333,0.0,0.3971,508.2430962629166,508.2430962629166
2025-10-12,284,133,1321.8876533333332,1321.8876533333334,2.2737367544323206e-13,0.3811,503.77138468533326,503.7713846853334
2025-10-12,284,134,511.5015833333333,511.50158333333326,-5.684341886080802e-14,0.3076,157.33788703333332,157.3378870333333
2025-10-12,284,135,452.36004416666657,452.3600441666665,-5.684341886080802e-14,0.3835,173.48007693791664,173.4800769379166
2025-10-12,284,136,1263.375875833333,1263.375875833333,0.0,0.4282,540.9775500318333,540.9775500318333
2025-10-12,284,137,1316.6320833333332,1316.6320833333334,2.2737367544323206e-13,0.3912,515.066471,515.0664710000001
2025-10-12,284,138,499.27895333333333,499.27895333333333,0.0,0.4071,203.256461902,203.256461902
2025-10-12,284,139,476.0192183333332,476.0192183333332,0.0,0.429,204.21224466499993,204.21224466499993
2025-10-12,284,140,1308.6564166666667,1308.6564166666665,-2.2737367544323206e-13,0.4288,561.1518714666666,561.1518714666666
2025-10-12,284,141,527.786709999996,527.7867099999959,-1.1368683772161603e-13,0.4374,230.85390695399826,230.85390695399823
2025-10-12,284,142,508.5958874999999,508.5958874999999,0.0,0.4573,232.58089935374994,232.58089935374994
2025-10-12,284,143,612.5042590471893,612.5042590471893,0.0,0.4671,286.10073940094213,286.10073940094213
2025-10-13,285,0,1396.6957883333332,1396.6957883333332,0.0,0.4457,622.5073128601666,622.5073128601666
2025-10-13,285,1,1362.4488233333332,1362.4488233333332,0.0,0.4329,589.804095621,589.804095621
2025-10-13,285,2,1346.5342108580182,1346.5342108580182,0.0,0.4404,593.0136664618713,593.0136664618713
2025-10-13,285,3,574.0219033333334,574.0219033333334,0.0,0.4478,257.04700831266666,257.04700831266666
2025-10-13,285,4,590.5880675,590.5880675,0.0,0.476,281.11992012999997,281.11992012999997
2025-10-13,285,5,545.0044999999998,545.0044999999998,0.0,0.4796,261.3841581999999,261.3841581999999
2025-10-13,285,6,1380.2283974999998,1380.2283974999998,0.0,0.3943,544.2240571342498,544.2240571342498
2025-10-13,285,7,530.3863924999998,530.3863924999998,0.0,0.3793,201.17555867524996,201.17555867524996
2025-10-13,285,8,516.301,516.301,0.0,0.4559,235.38162590000005,235.38162590000005
2025-10-13,285,9,580.6053041666668,580.6053041666668,0.0,0.485,281.5935725208334,281.5935725208334
2025-10-13,285,10,600.2719841666667,600.2719841666667,0.0,0.4642,278.6462550501667,278.6462550501667
2025-10-13,285,11,1403.8621666666666,1403.8621666666666,0.0,0.4313,605.4857524833333,605.4857524833333
2025-10-13,285,12,586.0743758333332,586.0743758333332,0.0,0.4209,246.67870478824995,246.67870478824995
2025-10-13,285,13,593.1503383333331,593.1503383333331,0.0,0.4414,261.81655934033324,261.81655934033324
2025-10-13,285,14,575.2967499999999,575.2967499999999,0.0,0.4694,270.04429444999994,270.04429444999994
2025-10-13,285,15,583.7275466666665,583.7275466666665,0.0,0.466,272.01703674666663,272.01703674666663
2025-10-13,285,16,597.9721366666666,597.9721366666666,0.0,0.4335,259.220921245,259.220921245
2025-10-13,285,17,0.0,0.0,0.0,0.4177,0.0,0.0
2025-10-13,285,18,0.0,0.0,0.0,0.4612,0.0,0.0
2025-10-13,285,19,0.0,0.0,0.0,0.4662,0.0,0.0
2025-10-13,285,20,1424.2309166666664,1424.2309166666664,0.0,0.4188,596.4679078999999,596.4679078999999
2025-10-13,285,21,1440.0768383333332,1440.0768383333332,0.0,0.4029,580.2069581645,580.2069581645
2025-10-13,285,22,1446.9813308333332,1446.9813308333332,0.0,0.4173,603.8253093567499,603.8253093567499
2025-10-13,285,23,616.3563333333333,616.3563333333333,0.0,0.4337,267.3137417666666,267.3137417666666
2025-10-13,285,24,499.1786036083441,499.1786036083441,0.0,0.4352,217.24252829035132,217.24252829035132
2025-10-13,285,25,588.33259,588.33259,0.0,0.4626,272.162656134,272.162656134
2025-10-13,285,26,1408.97625,1408.97625,0.0,0.4938,695.75247225,695.75247225
2025-10-13,285,27,1409.254015,1409.254015,0.0,0.4678,659.2490282169999,659.2490282169999
2025-10-13,285,28,592.6234675,592.6234675,0.0,0.4735,280.60721186124994,280.60721186124994
2025-10-13,285,29,0.0,0.0,0.0,0.4974,0.0,0.0
2025-10-13,285,30,612.9916074999999,612.9916074999999,0.0,0.4424,271.18748715799995,271.18748715799995
2025-10-13,285,31,636.5977316666665,636.5977316666665,0.0,0.4313,274.5646016678333,274.5646016678333
2025-10-13,285,32,505.8649166666672,505.8649166666672,0.0,0.4433,224.2499175583336,224.2499175583336
2025-10-13,285,33,1402.337955,1402.337955,0.0,0.3769,528.5411752395,528.5411752395
2025-10-13,285,34,616.1981966666666,616.1981966666666,0.0,0.5817,358.44249100099995,358.44249100099995
2025-10-13,285,35,0.0,0.0,0.0,0.9713,0.0,0.0
2025-10-13,285,36,0.0,9.896004305555728,9.896004305555728,1.0633,0.0,15.783632067146106
2025-10-13,285,37,0.0,0.0,0.0,0.9893,0.0,0.0
2025-10-13,285,38,0.0,0.0,0.0,0.941,0.0,0.0
2025-10-13,285,39,0.0,0.0,0.0,0.9672,0.0,0.0
2025-10-13,285,40,0.0,0.0,0.0,0.9489,0.0,0.0
2025-10-13,285,41,0.0,0.011984071976577186,0.011984071976577186,0.862,0.0,0.0154954050657143
2025-10-13,285,42,0.0,0.0,0.0,0.799,0.0,0.0
2025-10-13,285,43,0.0,496.3006166666666,496.3006166666666,0.7742,0.0,576.3539061349999
2025-10-13,285,44,386.77937500000013,386.7793750000001,-5.684341886080802e-14,0.7542,291.7090046250001,291.70900462500003
2025-10-13,285,45,451.2812702389615,925.2889531616369,474.0076829226754,0.7348,331.6014773715889,854.0527454889617
2025-10-13,285,46,0.0,0.0,0.0,0.9208,0.0,0.0
2025-10-13,285,47,0.0,0.0,0.0,1.2014,0.0,0.0
2025-10-13,285,48,0.0,0.0,0.0,1.2307,0.0,0.0
2025-10-13,285,49,0.0,0.0,0.0,1.1871,0.0,0.0
2025-10-13,285,50,0.0,0.0,0.0,1.1699,0.0,0.0
2025-10-13,285,51,0.0,0.0,0.0,1.1044,0.0,0.0
2025-10-13,285,52,0.0,0.0,0.0,1.0692,0.0,0.0
2025-10-13,285,53,0.0,0.0,0.0,1.0686,0.0,0.0
2025-10-13,285,54,0.0,0.0,0.0,1.031,0.0,0.0
2025-10-13,285,55,0.0,0.0,0.0,1.0363,0.0,0.0
2025-10-13,285,56,0.0,0.0,0.0,1.0595,0.0,0.0
2025-10-13,285,57,0.0,0.0,0.0,0.9845,0.0,0.0
2025-10-13,285,58,0.0,0.0,0.0,0.9023,0.0,0.0
2025-10-13,285,59,0.0,0.0,0.0,0.8748,0.0,0.0
2025-10-13,285,60,0.0,0.0,0.0,0.8771,0.0,0.0
2025-10-13,285,61,0.0,0.0,0.0,0.8682,0.0,0.0
2025-10-13,285,62,0.0,0.0,0.0,0.8579,0.0,0.0
2025-10-13,285,63,0.0,0.0,0.0,0.8624,0.0,0.0
2025-10-13,285,64,0.0,0.0,0.0,0.7175,0.0,0.0
2025-10-13,285,65,608.967165903008,0.0,-608.967165903008,0.4952,301.56054055516955,150.78027027758478
2025-10-13,285,66,704.5388511111114,0.0,-704.5388511111114,0.4495,316.69021357444456,158.34510678722228
2025-10-13,285,67,672.979448888889,448.10149055555553,-224.87795833333348,0.4443,299.0047691413334,249.04813069758333
2025-10-13,285,68,678.8571500000003,0.0,-678.8571500000003,0.4041,274.3261743150001,137.16308715750006
2025-10-13,285,69,614.496347777778,0.0,-614.496347777778,0.3931,241.55851431144455,120.77925715572228
2025-10-13,285,70,587.4209813888885,0.0,-587.4209813888885,0.3907,229.50537742863875,114.75268871431938
2025-10-13,285,71,633.7591166666666,511.68333333333305,-122.07578333333356,0.3974,251.8558729633333,227.5994148149999
2025-10-13,285,72,669.1592788888889,150.54363897792965,-518.6156399109593,0.4368,292.2887730186667,179.0231172621132
2025-10-13,285,73,612.6174036111111,462.2561463888886,-150.36125722222243,0.4466,273.5949324527222,240.0192637149999
2025-10-13,285,74,560.1747416666666,483.85131666666643,-76.32342500000016,0.4015,224.91015877916664,209.5882312104166
2025-10-13,285,75,674.5502755555559,532.7784436111108,-141.77183194444513,0.376,253.630903608889,226.97779920333335
2025-10-13,285,76,806.7298919444444,0.0,-806.7298919444444,0.5904,476.293328204,238.146664102
2025-10-13,285,77,0.0,0.0,0.0,0.8781,0.0,0.0
2025-10-13,285,78,0.0,0.0,0.0,0.833,0.0,0.0
2025-10-13,285,79,0.0,0.0,0.0,0.7697,0.0,0.0
2025-10-13,285,80,0.0,0.0,0.0,0.8417,0.0,0.0
2025-10-13,285,81,0.0,0.0,0.0,0.8916,0.0,0.0
2025-10-13,285,82,0.0,0.0,0.0,0.9015,0.0,0.0
2025-10-13,285,83,0.0,0.0,0.0,0.8917,0.0,0.0
2025-10-13,285,84,0.0,0.0,0.0,0.8802,0.0,0.0
2025-10-13,285,85,0.0,0.0,0.0,0.8775,0.0,0.0
2025-10-13,285,86,0.0,0.0,0.0,0.9183,0.0,0.0
2025-10-13,285,87,0.0,0.0,0.0,1.0035,0.0,0.0
2025-10-13,285,88,0.0,0.0,0.0,0.9121,0.0,0.0
2025-10-13,285,89,242.08531666666693,19.68691245543759,-222.39840421122935,0.7045,170.54910559166686,92.20926770826132
2025-10-13,285,90,891.3045320987675,116.26324805555578,-775.0412840432117,0.6707,597.7979496786434,337.8878550747523
2025-10-13,285,91,315.30581583333344,193.5536719444442,-121.75214388888924,0.6766,213.3359149928334,172.14716471522217
2025-10-13,285,92,366.0401750000001,204.59263333333354,-161.44754166666655,0.6712,245.68616546000007,191.5043704766668
2025-10-13,285,93,389.0928600000001,265.0599763888886,-124.03288361111152,0.7488,291.3527335680001,244.91482194399993
2025-10-13,285,94,429.75826666666626,360.22979027777774,-69.52847638888852,0.8167,350.9835763866663,322.5916230532637
2025-10-13,285,95,525.6311166666667,462.7768833333332,-62.85423333333347,0.8438,443.5275362433334,417.0093352
2025-10-13,285,96,646.2999297222223,499.5141166666666,-146.78581305555565,0.8873,573.4619276425278,508.34040168043055
2025-10-13,285,97,680.5949806111075,540.7253875000001,-139.8695931111074,0.9183,624.9903706951801,560.7692470182151
2025-10-13,285,98,609.893708333333,609.893708333333,0.0,0.9302,567.3231274916665,567.3231274916665
2025-10-13,285,99,691.2650655555555,662.9309029198827,-28.334162635672783,0.9598,663.4762099202221,649.8786452713628
2025-10-13,285,100,768.7103170679025,703.5517697222222,-65.15854734568029,1.0346,795.3076940384518,761.6011774965315
2025-10-13,285,101,799.6225333333332,786.322533333333,-13.300000000000182,1.0839,866.7108638799999,859.5029288799999
2025-10-13,285,102,850.2286263888885,850.2286263888885,0.0,1.0153,863.2371243726386,863.2371243726386
2025-10-13,285,103,898.40547185185,887.0268834532164,-11.37858839863361,1.0218,917.9907111382204,912.1773903253585
2025-10-13,285,104,937.461675,935.5746916666668,-1.8869833333332053,1.1021,1033.1765120175,1032.136689851667
2025-10-13,285,105,992.012178611111,992.0121786111109,-1.1368683772161603e-13,1.0814,1072.7619699500553,1072.7619699500553
2025-10-13,285,106,880.382971666667,875.2478770987661,-5.135094567900865,1.1483,1010.9437663648338,1007.9954518186736
2025-10-13,285,107,686.7517459876541,686.751745987654,-1.1368683772161603e-13,1.3008,893.3266711807404,893.3266711807404
2025-10-13,285,108,0.0,0.0,0.0,1.3218,0.0,0.0
2025-10-13,285,109,0.0,16.202785833333337,16.202785833333337,1.2673,0.0,30.80068572987501
2025-10-13,285,110,0.0,48.301000000000045,48.301000000000045,1.2268,0.0,88.88350020000007
2025-10-13,285,111,0.0,0.0,0.0,1.2336,0.0,0.0
2025-10-13,285,112,673.1302133333332,673.1302133333332,0.0,1.2512,842.2205229226666,842.2205229226666
2025-10-13,285,113,740.9670000000002,777.6371666666666,36.67016666666643,1.2431,921.0960777000004,989.473103975
2025-10-13,285,114,757.6678424999999,847.5823658333334,89.91452333333348,1.2137,919.5814604422499,1083.2753458967502
2025-10-13,285,115,0.0,0.0,0.0,1.2554,0.0,0.0
2025-10-13,285,116,0.0,0.0,0.0,1.323,0.0,0.0
2025-10-13,285,117,0.0,0.0,0.0,1.2807,0.0,0.0
2025-10-13,285,118,0.0,0.0,0.0,1.2611,0.0,0.0
2025-10-13,285,119,0.0,32.24199970347342,32.24199970347342,1.2883,0.0,62.30605232697721
2025-10-13,285,120,610.4402440484023,610.4402440484023,0.0,1.2577,767.7506949396756,767.7506949396756
2025-10-13,285,121,0.0,0.0,0.0,1.2499,0.0,0.0
2025-10-13,285,122,0.0,0.0,0.0,1.2999,0.0,0.0
2025-10-13,285,123,0.0,0.0,0.0,1.3254,0.0,0.0
2025-10-13,285,124,741.2682124999999,741.2682124999997,-2.2737367544323206e-13,1.1622,861.5019165674998,861.5019165674996
2025-10-13,285,125,736.8589166666666,736.8589166666666,0.0,0.9275,683.4366452083333,683.4366452083333
2025-10-13,285,126,775.308630833333,775.308630833333,0.0,0.9183,711.9659156942497,711.9659156942497
2025-10-13,285,127,718.3933366666666,718.3933366666665,-1.1368683772161603e-13,0.9588,688.795531196,688.7955311959998
2025-10-13,285,128,718.33175,718.33175,0.0,0.9658,693.76480415,693.76480415
2025-10-13,285,129,765.2822133333333,765.2822133333334,1.1368683772161603e-13,0.9889,756.7875807653332,756.7875807653334
2025-10-13,285,130,716.1653983333333,716.1653983333333,0.0,0.7683,550.2298755395,550.2298755395
2025-10-13,285,131,1322.3250833333332,1322.3250833333334,2.2737367544323206e-13,0.4237,560.2691378083333,560.2691378083334
2025-10-13,285,132,1365.1137325,1365.1137325000002,2.2737367544323206e-13,0.3725,508.50486535625,508.5048653562501
2025-10-13,285,133,1392.959178333333,1392.9591783333328,-2.2737367544323206e-13,0.4008,558.2980386759999,558.2980386759998
2025-10-13,285,134,1360.9235833333332,1360.9235833333332,0.0,0.3805,517.8314234583333,517.8314234583333
2025-10-13,285,135,1329.0292391666665,1329.0292391666667,2.2737367544323206e-13,0.3968,527.3588021013333,527.3588021013334
2025-10-13,285,136,1337.0806691666667,1337.0806691666667,0.0,0.3948,527.879448187,527.879448187
2025-10-13,285,137,591.5473333333333,591.5473333333333,0.0,0.3856,228.10065173333334,228.10065173333334
2025-10-13,285,138,557.5812108333332,0.020039947450561202,-557.5611708858827,0.4374,243.88602161849997,121.94739354575742
2025-10-13,285,139,554.24612,554.2461199999999,-1.1368683772161603e-13,0.4383,242.92607439600002,242.926074396
2025-10-13,285,140,602.8826666666666,602.8826666666666,0.0,0.3767,227.1059005333333,227.1059005333333
2025-10-13,285,141,594.4023433333333,594.4023433333333,0.0,0.3599,213.92540336566665,213.92540336566665
2025-10-13,285,142,561.7173916666666,561.7173916666665,-1.1368683772161603e-13,0.3854,216.4858827483333,216.4858827483333
2025-10-13,285,143,500.44633333333326,500.4463333333333,5.684341886080802e-14,0.412,206.1838893333333,206.18388933333333
2025-10-14,286,0,1398.5157949999998,1398.5157949999998,0.0,0.4111,574.9298433245,574.9298433245
2025-10-14,286,1,1373.1415899999997,1373.1415899999997,0.0,0.438,601.4360164199999,601.4360164199999
2025-10-14,286,2,1354.8366666666666,1354.8366666666666,0.0,0.4625,626.6119583333333,626.6119583333333
2025-10-14,286,3,576.421855,576.421855,0.0,0.4039,232.8167872345,232.8167872345
2025-10-14,286,4,596.35056,596.35056,0.0,0.3979,237.28788782399997,237.28788782399997
2025-10-14,286,5,1389.196,1389.196,0.0,0.465,645.97614,645.97614
2025-10-14,286,6,547.0399883333332,547.0399883333332,0.0,0.4847,265.1502823451666,265.1502823451666
2025-10-14,286,7,0.0,0.0,0.0,0.4534,0.0,0.0
2025-10-14,286,8,0.0,0.0,0.0,0.4292,0.0,0.0
2025-10-14,286,9,577.6146308333334,577.6146308333334,0.0,0.4647,268.41751894825006,268.41751894825006
2025-10-14,286,10,1406.9461324999997,1406.9461324999997,0.0,0.4745,667.5959398712498,667.5959398712498
2025-10-14,286,11,1403.5462499999999,1403.5462499999999,0.0,0.433,607.7355262499999,607.7355262499999
2025-10-14,286,12,587.9964566666666,587.9964566666666,0.0,0.4019,236.31577593433332,236.31577593433332
2025-10-14,286,13,443.61678085040774,443.61678085040774,0.0,0.411,182.32649692951756,182.32649692951756
2025-10-14,286,14,553.3567499999999,553.3567499999999,0.0,0.4247,235.010611725,235.010611725
2025-10-14,286,15,580.9619966666664,580.9619966666664,0.0,0.3915,227.44662169499992,227.44662169499992
2025-10-14,286,16,0.0,0.0,0.0,0.4135,0.0,0.0
2025-10-14,286,17,0.0,0.0,0.0,0.4715,0.0,0.0
2025-10-14,286,18,572.7882049999998,572.7882049999998,0.0,0.444,254.31796301999992,254.31796301999992
2025-10-14,286,19,1397.378925,1397.378925,0.0,0.4342,606.7419292349999,606.7419292349999
2025-10-14,286,20,579.4345833333332,579.4345833333332,0.0,0.4558,264.10628308333327,264.10628308333327
2025-10-14,286,21,1415.2171958333333,1415.2171958333333,0.0,0.4234,599.2029607158333,599.2029607158333
2025-10-14,286,22,1429.4372199999998,1429.4372199999998,0.0,0.4382,626.3793898039999,626.3793898039999
2025-10-14,286,23,0.0,0.0,0.0,0.4751,0.0,0.0
2025-10-14,286,24,595.9273149999999,595.9273149999999,0.0,0.4088,243.61508637199995,243.61508637199995
2025-10-14,286,25,1417.5099891666664,1417.5099891666664,0.0,0.4,567.0039956666666,567.0039956666666
2025-10-14,286,26,1428.8262499999998,1428.8262499999998,0.0,0.457,652.9735962499999,652.9735962499999
2025-10-14,286,27,598.2707183333333,598.2707183333333,0.0,0.4333,259.23070225383333,259.23070225383333
2025-10-14,286,28,488.0529624999995,488.0529624999995,0.0,0.4555,222.3081244187498,222.3081244187498
2025-10-14,286,29,0.0,0.0,0.0,0.5191,0.0,0.0
2025-10-14,286,30,607.0801233333332,607.0801233333332,0.0,0.4845,294.1303197549999,294.1303197549999
2025-10-14,286,31,626.0633641666666,626.0633641666666,0.0,0.4729,296.06536491441665,296.06536491441665
2025-10-14,286,32,645.0831666666667,645.0831666666667,0.0,0.4757,306.8660623833333,306.8660623833333
2025-10-14,286,33,1402.9249474999997,1402.9249474999997,0.0,0.4001,561.3102714947499,561.3102714947499
2025-10-14,286,34,626.3214724999999,626.3214724999999,0.0,0.5815,364.20593625874994,364.20593625874994
2025-10-14,286,35,0.0,0.0,0.0,0.9519,0.0,0.0
2025-10-14,286,36,0.0,0.0,0.0,1.0655,0.0,0.0
2025-10-14,286,37,0.0,0.0,0.0,1.0121,0.0,0.0
2025-10-14,286,38,0.0,0.0,0.0,0.9395,0.0,0.0
2025-10-14,286,39,0.0,0.0,0.0,0.9005,0.0,0.0
2025-10-14,286,40,275.8069903888844,275.8069903888844,0.0,0.8904,245.57854424226267,245.57854424226267
2025-10-14,286,41,0.0,280.8907318691495,280.8907318691495,0.8901,0.0,375.03126065509497
2025-10-14,286,42,0.0,0.0,0.0,0.8815,0.0,0.0
2025-10-14,286,43,0.0,0.0,0.0,0.8563,0.0,0.0
2025-10-14,286,44,466.1637,1266.3600926151983,800.1963926151982,0.7984,372.18509808,1330.5002978759612
2025-10-14,286,45,1207.9440377777778,1187.9530599999998,-19.99097777777797,0.7443,899.072747318,891.633104938
2025-10-14,286,46,0.0,0.0,0.0,0.9567,0.0,0.0
2025-10-14,286,47,0.0,0.0,0.0,1.2606,0.0,0.0
2025-10-14,286,48,0.0,0.0,0.0,1.1972,0.0,0.0
2025-10-14,286,49,0.0,0.0,0.0,1.1298,0.0,0.0
2025-10-14,286,50,0.0,0.0,0.0,1.1901,0.0,0.0
2025-10-14,286,51,0.0,0.0,0.0,1.1512,0.0,0.0
2025-10-14,286,52,0.0,0.0,0.0,1.1154,0.0,0.0
2025-10-14,286,53,0.0,0.0,0.0,1.1193,0.0,0.0
2025-10-14,286,54,0.0,0.0,0.0,1.0795,0.0,0.0
2025-10-14,286,55,0.0,0.0,0.0,1.0425,0.0,0.0
2025-10-14,286,56,0.0,0.0,0.0,1.0276,0.0,0.0
2025-10-14,286,57,0.0,0.0,0.0,0.9994,0.0,0.0
2025-10-14,286,58,0.0,0.0,0.0,0.9498,0.0,0.0
2025-10-14,286,59,0.0,0.0,0.0,0.9006,0.0,0.0
2025-10-14,286,60,0.0,0.0,0.0,0.8789,0.0,0.0
2025-10-14,286,61,0.0,0.0,0.0,0.8488,0.0,0.0
2025-10-14,286,62,0.0,0.0,0.0,0.856,0.0,0.0
2025-10-14,286,63,0.0,0.0,0.0,0.9465,0.0,0.0
2025-10-14,286,64,6.728883333333442,0.0,-6.728883333333442,0.7988,5.375032006666753,2.6875160033333767
2025-10-14,286,65,830.8885500000001,0.0,-830.8885500000001,0.5041,418.8509180550001,209.42545902750004
2025-10-14,286,66,733.980131388889,0.0,-733.980131388889,0.4947,363.0999709980834,181.5499854990417
2025-10-14,286,67,696.3479202777776,0.0,-696.3479202777776,0.5531,385.1500347056388,192.5750173528194
2025-10-14,286,68,703.4342500000005,0.0,-703.4342500000005,0.5275,371.0615668750002,185.5307834375001
2025-10-14,286,69,639.5727505555558,0.0,-639.5727505555558,0.4867,311.280057695389,155.6400288476945
2025-10-14,286,70,597.519676111111,0.0,-597.519676111111,0.4492,268.40583850911105,134.20291925455552
2025-10-14,286,71,631.4759500000001,470.5754791666666,-160.90047083333354,0.4127,260.61012456500004,227.4083124085417
2025-10-14,286,72,676.5588941666668,475.9514204166667,-200.60747375000017,0.3813,257.97190634575,219.72609147531253
2025-10-14,286,73,617.0139949999999,421.9335495578342,-195.08044544216568,0.4042,249.39705677899997,209.97129875513826
2025-10-14,286,74,536.8777083333332,515.8143979166665,-21.063310416666695,0.4277,229.62259585416663,225.11820692156246
2025-10-14,286,75,633.4207883333335,578.2706716666667,-55.150116666666804,0.3802,240.82658372433337,230.342546546
2025-10-14,286,76,755.5834041666669,472.506931666667,-283.0764724999999,0.5536,418.2909725466668,339.9354049586668
2025-10-14,286,77,0.0,0.0,0.0,0.8527,0.0,0.0
2025-10-14,286,78,0.0,0.0,0.0,0.8675,0.0,0.0
2025-10-14,286,79,0.0,0.0,0.0,0.8342,0.0,0.0
2025-10-14,286,80,14.79358333333289,0.0,-14.79358333333289,0.8904,13.172206599999605,6.586103299999802
2025-10-14,286,81,135.9660416666668,0.0,-135.9660416666668,0.9284,126.23087308333345,63.115436541666725
2025-10-14,286,82,229.21011666666655,0.0,-229.21011666666655,0.9194,210.73578126333322,105.36789063166661
2025-10-14,286,83,0.0,0.0,0.0,0.8999,0.0,0.0
2025-10-14,286,84,0.0,0.0,0.0,0.9201,0.0,0.0
2025-10-14,286,85,0.0,0.0,0.0,0.92,0.0,0.0
2025-10-14,286,86,0.0,0.0,0.0,0.9102,0.0,0.0
2025-10-14,286,87,0.0,0.0,0.0,0.9433,0.0,0.0
2025-10-14,286,88,0.0,0.0,0.0,0.8564,0.0,0.0
2025-10-14,286,89,1072.6862500000002,914.1336999999999,-158.55255000000034,0.6914,741.6552732500002,686.8436567150001
2025-10-14,286,90,1093.8642549999995,786.9127927054425,-306.951462294557,0.6743,737.5926671464997,634.1039816338898
2025-10-14,286,91,316.18560500000024,200.64548111111117,-115.54012388888907,0.7347,232.30156399350017,189.8578994829168
2025-10-14,286,92,389.00788333333344,284.1642250000001,-104.84365833333334,0.7814,303.9707600366667,263.0083427258334
2025-10-14,286,93,398.2157616666668,361.73333907943396,-36.48242258723286,0.7953,316.70099525350014,302.193759911687
2025-10-14,286,94,443.73282999999964,424.5010702777778,-19.231759722221852,0.816,362.0859892799997,354.23943131333317
2025-10-14,286,95,555.2604333333331,539.5493333333333,-15.711099999999874,0.8522,473.1929412866665,466.49844157666655
2025-10-14,286,96,641.3464280555559,534.8803344444445,-106.46609361111132,0.8825,565.988222759028,519.0100589531252
2025-10-14,286,97,669.7176588611075,562.8324138888888,-106.88524497221863,0.9425,631.2088934765937,580.8392217834357
2025-10-14,286,98,615.7023208777771,615.7023208777772,1.1368683772161603e-13,1.0061,619.4581050351316,619.4581050351318
2025-10-14,286,99,735.2763813888888,735.2763813888888,0.0,1.0005,735.6440195795832,735.6440195795832
2025-10-14,286,100,831.7038852777775,797.2689024240851,-34.43498285369242,0.9686,805.5883832800554,788.9115210840121
2025-10-14,286,101,818.8563166666665,818.8563166666667,1.1368683772161603e-13,0.9721,796.0102254316665,796.0102254316666
2025-10-14,286,102,865.8798255555553,865.8798255555553,0.0,1.0349,896.0990314674441,896.0990314674441
2025-10-14,286,103,896.1124243333326,886.6023763845582,-9.5100479487744,1.0756,963.8585236129325,958.7440198260815
2025-10-14,286,104,932.5875249999999,932.5875249999999,0.0,1.0635,991.8068328374998,991.8068328374998
2025-10-14,286,105,994.2787533333333,994.2787533333334,1.1368683772161603e-13,1.0538,1047.7709502626667,1047.770950262667
2025-10-14,286,106,896.4588591666671,896.4588591666669,-2.2737367544323206e-13,1.133,1015.6878874358339,1015.6878874358338
2025-10-14,286,107,694.2005583333337,694.2005583333337,0.0,1.2424,862.4747736733337,862.4747736733337
2025-10-14,286,108,0.0,0.0,0.0,1.2371,0.0,0.0
2025-10-14,286,109,0.0,0.0,0.0,1.2302,0.0,0.0
2025-10-14,286,110,0.0,0.0,0.0,1.2643,0.0,0.0
2025-10-14,286,111,0.0,0.0,0.0,1.2672,0.0,0.0
2025-10-14,286,112,0.0,0.0,0.0,1.2551,0.0,0.0
2025-10-14,286,113,730.5865,730.5865,0.0,1.2697,927.62567905,927.62567905
2025-10-14,286,114,707.4477441666667,707.4477441666667,0.0,1.3167,931.49644474425,931.49644474425
2025-10-14,286,115,0.0,0.0,0.0,1.2612,0.0,0.0
2025-10-14,286,116,0.0,0.00031843018171034607,0.00031843018171034607,1.1853,0.0,0.0005661529415719098
2025-10-14,286,117,0.0,0.0,0.0,1.3048,0.0,0.0
2025-10-14,286,118,609.2489752150689,609.2489752150689,0.0,1.3729,836.4379180727681,836.4379180727681
2025-10-14,286,119,677.8958333333331,677.8958333333331,0.0,1.2959,878.4852104166664,878.4852104166664
2025-10-14,286,120,0.0,0.0,0.0,1.2357,0.0,0.0
2025-10-14,286,121,0.0,0.0,0.0,1.2802,0.0,0.0
2025-10-14,286,122,0.0,0.0,0.0,1.3664,0.0,0.0
2025-10-14,286,123,0.0,0.0,0.0,1.3306,0.0,0.0
2025-10-14,286,124,751.9027016666665,751.1289208333333,-0.7737808333332623,1.1311,850.4771458551666,850.0395341048749
2025-10-14,286,125,804.8649666666663,804.8649666666662,-1.1368683772161603e-13,0.9195,740.0733368499997,740.0733368499996
2025-10-14,286,126,727.2526841666665,727.2526841666667,1.1368683772161603e-13,0.9124,663.5453490336665,663.5453490336666
2025-10-14,286,127,700.3435291666665,700.3435291666664,-1.1368683772161603e-13,0.9476,663.6455282383332,663.6455282383331
2025-10-14,286,128,720.3575000000001,720.3575000000001,0.0,0.9688,697.8823460000001,697.8823460000001
2025-10-14,286,129,765.8337958333333,765.6726781481493,-0.1611176851839673,1.0207,781.6865554070832,781.6043289964497
2025-10-14,286,130,722.1848016666668,722.1848016666668,0.0,0.7702,556.2267342436668,556.2267342436668
2025-10-14,286,131,532.03725,532.03725,0.0,0.3605,191.799428625,191.799428625
2025-10-14,286,132,524.9664922222221,523.7336613415421,-1.2328308806800123,0.3194,167.67429761577773,167.47741452413314
2025-10-14,286,133,552.4115033333331,539.9321033333332,-12.479399999999941,0.4273,236.04543537433327,233.37921156433327
2025-10-14,286,134,1375.699,1375.699,0.0,0.4578,629.7950022,629.7950022
2025-10-14,286,135,1320.044368333333,1320.044368333333,0.0,0.4008,529.0737828279999,529.0737828279999
2025-10-14,286,136,1310.9363624999996,1310.9363624999994,-2.2737367544323206e-13,0.3619,474.42786958874984,474.42786958874984
2025-10-14,286,137,1116.4941422925237,1116.494142292524,2.2737367544323206e-13,0.3765,420.3600445731352,420.3600445731353
2025-10-14,286,138,575.8967391666666,575.8967391666666,0.0,0.3959,227.9975190360833,227.9975190360833
2025-10-14,286,139,1356.164448333333,1356.164448333333,0.0,0.423,573.6575616449999,573.6575616449999
2025-10-14,286,140,1354.6649166666666,1354.6649166666666,0.0,0.4429,599.9810915916667,599.9810915916667
2025-10-14,286,141,1395.505225833333,1393.6744175,-1.8308083333331524,0.4236,591.1360136629999,590.7482484579998
2025-10-14,286,142,530.1865491666665,530.1865491666664,-1.1368683772161603e-13,0.3905,207.03784744958327,207.03784744958327
2025-10-14,286,143,0.024360745861145006,0.02436074586114501,3.469446951953614e-18,0.3893,0.00948363836374375,0.009483638363743751
2025-10-15,287,0,1377.696215,1377.696215,0.0,0.4392,605.0841776279999,605.0841776279999
2025-10-15,287,1,1359.9198416666663,1359.9198416666663,0.0,0.4377,595.2369146974999,595.2369146974999
2025-10-15,287,2,1358.8094999999998,1358.8094999999998,0.0,0.3942,535.6427048999999,535.6427048999999
2025-10-15,287,3,1387.4076141666665,1387.4076141666665,0.0,0.4209,583.95986480275,583.95986480275
2025-10-15,287,4,573.9805949999999,573.9805949999999,0.0,0.4717,270.74664666149994,270.74664666149994
2025-10-15,287,5,0.0,0.0,0.0,0.4959,0.0,0.0
2025-10-15,287,6,560.1850474999999,560.1850474999999,0.0,0.4826,270.34530392349996,270.34530392349996
2025-10-15,287,7,543.5607349999998,543.5607349999998,0.0,0.4359,236.9381243864999,236.9381243864999
2025-10-15,287,8,546.5981666666668,546.5981666666668,0.0,0.3974,217.21811143333335,217.21811143333335
2025-10-15,287,9,589.7413925,589.7413925,0.0,0.4142,244.2708847735,244.2708847735
2025-10-15,287,10,1409.5583263573035,1409.5583263573035,0.0,0.4235,596.947951212318,596.947951212318
2025-10-15,287,11,1376.1811666666665,1376.1811666666665,0.0,0.4182,575.5189638999999,575.5189638999999
2025-10-15,287,12,0.0,0.0,0.0,0.4551,0.0,0.0
2025-10-15,287,13,0.0,0.0,0.0,0.5145,0.0,0.0
2025-10-15,287,14,1399.7327499999997,1399.7327499999997,0.0,0.5306,742.6981971499997,742.6981971499997
2025-10-15,287,15,577.2338308333333,577.2338308333333,0.0,0.4572,263.91130745699996,263.91130745699996
2025-10-15,287,16,0.0,0.0,0.0,0.4236,0.0,0.0
2025-10-15,287,17,587.6330000000002,587.6330000000002,0.0,0.4698,276.06998340000007,276.06998340000007
2025-10-15,287,18,575.0383116666666,575.0383116666666,0.0,0.5068,291.42941635266664,291.42941635266664
2025-10-15,287,19,818.0684789634182,818.0684789634182,0.0,0.4677,382.6106276111907,382.6106276111907
2025-10-15,287,20,608.8947499999999,608.8947499999999,0.0,0.3994,243.19256314999996,243.19256314999996
2025-10-15,287,21,609.1718733333332,609.1718733333332,0.0,0.4105,250.06505400333327,250.06505400333327
2025-10-15,287,22,615.8121066666668,615.8121066666668,0.0,0.4299,264.73762465600004,264.73762465600004
2025-10-15,287,23,626.5278333333332,626.5278333333332,0.0,0.4254,266.52494029999997,266.52494029999997
2025-10-15,287,24,1428.7737883333332,1428.7737883333332,0.0,0.437,624.3741455016666,624.3741455016666
2025-10-15,287,25,1409.4580133333334,1409.4580133333334,0.0,0.4565,643.4175830866667,643.4175830866667
2025-10-15,287,26,586.87575,586.87575,0.0,0.4861,285.280302075,285.280302075
2025-10-15,287,27,596.3104658333333,596.3104658333333,0.0,0.5289,315.38860537925,315.38860537925
2025-10-15,287,28,0.0,0.0,0.0,0.5008,0.0,0.0
2025-10-15,287,29,0.0,0.0,0.0,0.4188,0.0,0.0
2025-10-15,287,30,1437.2394933333333,1437.2394933333333,0.0,0.3941,566.4160843226666,566.4160843226666
2025-10-15,287,31,1459.8698666666664,1459.8698666666664,0.0,0.4211,614.7512008533332,614.7512008533332
2025-10-15,287,32,0.009075112020491619,0.009075112020491619,0.0,0.4352,0.003949488751317952,0.003949488751317952
2025-10-15,287,33,1402.6604316666667,1402.6604316666667,0.0,0.4208,590.2395096453333,590.2395096453333
2025-10-15,287,34,616.8170408333332,616.8170408333332,0.0,0.6522,402.2880740314999,402.2880740314999
2025-10-15,287,35,0.0,0.0,0.0,0.9979,0.0,0.0
2025-10-15,287,36,0.0,6.140272500000151,6.140272500000151,1.0217,0.0,9.410274619875231
2025-10-15,287,37,0.0,0.0,0.0,0.9697,0.0,0.0
2025-10-15,287,38,0.0,0.0,0.0,0.9807,0.0,0.0
2025-10-15,287,39,0.0,0.0,0.0,0.9457,0.0,0.0
2025-10-15,287,40,0.0,0.0,0.0,0.8999,0.0,0.0
2025-10-15,287,41,0.0,0.0,0.0,0.8938,0.0,0.0
2025-10-15,287,42,0.0,0.0,0.0,0.9237,0.0,0.0
2025-10-15,287,43,450.1203673261768,450.12036732617673,-5.684341886080802e-14,0.8714,392.23488808803046,392.2348880880304
2025-10-15,287,44,500.89274166666667,773.5423058889638,272.64956422229716,0.7449,373.1150032675,677.7599938512838
2025-10-15,287,45,1235.0358086111112,1196.2957697222223,-38.740038888888876,0.7115,878.7279778268056,864.9462089920835
2025-10-15,287,46,456.60549555555565,456.60549555555554,-1.1368683772161603e-13,0.9407,429.5287896691112,429.5287896691111
2025-10-15,287,47,0.0,0.0,0.0,1.2504,0.0,0.0
2025-10-15,287,48,0.0,0.0,0.0,1.2604,0.0,0.0
2025-10-15,287,49,0.0,0.0,0.0,1.1881,0.0,0.0
2025-10-15,287,50,0.0,0.0,0.0,1.163,0.0,0.0
2025-10-15,287,51,0.0,0.0,0.0,1.1139,0.0,0.0
2025-10-15,287,52,0.0,0.0,0.0,1.1239,0.0,0.0
2025-10-15,287,53,0.0,0.0,0.0,1.1486,0.0,0.0
2025-10-15,287,54,0.0,0.0,0.0,1.0537,0.0,0.0
2025-10-15,287,55,0.0,0.0,0.0,1.0086,0.0,0.0
2025-10-15,287,56,0.0,0.0,0.0,1.0116,0.0,0.0
2025-10-15,287,57,0.0,0.0,0.0,0.9045,0.0,0.0
2025-10-15,287,58,0.0,0.0,0.0,0.8845,0.0,0.0
2025-10-15,287,59,0.0,0.0,0.0,0.9642,0.0,0.0
2025-10-15,287,60,0.0,0.0,0.0,0.9466,0.0,0.0
2025-10-15,287,61,0.0,0.0,0.0,0.8969,0.0,0.0
2025-10-15,287,62,0.0,0.0,0.0,0.8911,0.0,0.0
2025-10-15,287,63,0.0,0.0,0.0,0.9037,0.0,0.0
2025-10-15,287,64,75.07206809436775,0.0,-75.07206809436775,0.7481,56.16141414139651,28.080707070698256
2025-10-15,287,65,816.7700666666667,626.7389500000002,-190.03111666666655,0.5049,412.38720666000006,364.4138512575001
2025-10-15,287,66,737.6959222222224,513.2704000000001,-224.4255222222223,0.4622,340.9630552511112,289.0983170655556
2025-10-15,287,67,720.1868727777776,0.0,-720.1868727777776,0.5152,371.040276855111,185.5201384275555
2025-10-15,287,68,747.1230249999999,538.1875833333329,-208.93544166666697,0.5359,400.38322909749996,344.3989775029166
2025-10-15,287,69,705.8170247222222,513.8888083333334,-191.9282163888888,0.494,348.67361021277776,301.26734076472223
2025-10-15,287,70,695.6799302777774,434.0410008333331,-261.63892944444433,0.4343,302.13379371963873,245.31890019077767
2025-10-15,287,71,758.3124,519.6325208333332,-238.67987916666686,0.3925,297.63761700000003,250.79669071354164
2025-10-15,287,72,778.9288883333336,514.3126048611111,-264.61628347222245,0.3797,295.75929890016675,245.52189748296533
2025-10-15,287,73,706.5738933333332,471.2118217416453,-235.36207159168794,0.4111,290.4725275493333,242.09385373366183
2025-10-15,287,74,624.0857833333334,566.5548604166667,-57.53092291666678,0.4284,267.35834958000004,255.03522589125004
2025-10-15,287,75,695.4310458333337,617.5839152777778,-77.84713055555585,0.3852,267.8800388550001,252.88668151000005
2025-10-15,287,76,818.3236958333333,296.5179471551281,-521.8057486782052,0.5598,458.09760492749996,312.0441758724703
2025-10-15,287,77,0.0,0.0,0.0,0.8677,0.0,0.0
2025-10-15,287,78,0.0,0.0,0.0,0.9235,0.0,0.0
2025-10-15,287,79,36.41489250000018,0.0,-36.41489250000018,0.9091,33.10477877175016,16.55238938587508
2025-10-15,287,80,13.063516666666374,0.0,-13.063516666666374,0.9245,12.077221158333062,6.038610579166531
2025-10-15,287,81,119.67350083333326,0.0,-119.67350083333326,0.8844,105.83924413699994,52.91962206849997
2025-10-15,287,82,212.85550833333355,0.0,-212.85550833333355,0.871,185.39714775833352,92.69857387916676
2025-10-15,287,83,0.0,0.0,0.0,0.9244,0.0,0.0
2025-10-15,287,84,0.0,0.0,0.0,0.9862,0.0,0.0
2025-10-15,287,85,0.0,0.0,0.0,0.957,0.0,0.0
2025-10-15,287,86,0.0,0.0,0.0,0.9201,0.0,0.0
2025-10-15,287,87,0.0,0.0,0.0,1.024,0.0,0.0
2025-10-15,287,88,0.0,0.0,0.0,0.9366,0.0,0.0
2025-10-15,287,89,1227.3352833333333,366.6320228395071,-860.7032604938263,0.6851,840.8474026116667,546.0135007295065
2025-10-15,287,90,1257.4423255555553,231.6369708333334,-1025.8053547222219,0.6517,819.4751635645553,485.21648872831935
2025-10-15,287,91,818.9425264814804,298.69487320768945,-520.247653273791,0.7197,589.3929363087215,402.18181827814783
2025-10-15,287,92,506.740275,302.5704916666666,-204.16978333333338,0.7664,388.36574676,310.12788578666664
2025-10-15,287,93,507.5960972222223,336.52598583333315,-171.07011138888913,0.7946,403.3358588527778,335.36970359797215
2025-10-15,287,94,535.322969444444,414.4422791666668,-120.88069027777715,0.8142,435.8599617216663,386.64943270958327
2025-10-15,287,95,618.8925999999997,500.37116666666645,-118.52143333333322,0.8328,515.4137572799997,466.06143243999975
2025-10-15,287,96,710.9462352777778,515.6218444444444,-195.32439083333338,0.8558,608.4277881507222,524.8484813131388
2025-10-15,287,97,733.8314122222224,550.4928447222222,-183.33856750000018,0.8875,651.2753783472224,569.9188890190973
2025-10-15,287,98,687.5866090571001,638.2129333333332,-49.37367572376684,0.9194,632.1671283670978,609.4700496368822
2025-10-15,287,99,741.8649494444444,677.7065757877506,-64.15837365669381,0.94,697.3530524777777,667.1986168591316
2025-10-15,287,100,807.7102856790115,722.5276494444443,-85.18263623456721,0.9752,787.6790705941719,746.1440171661969
2025-10-15,287,101,837.95075,837.95075,0.0,1.0255,859.318494125,859.318494125
2025-10-15,287,102,889.6984938888888,876.0359115938576,-13.662582295031257,1.0612,944.1480417148888,936.8986755491452
2025-10-15,287,103,902.012461666667,881.6435930555558,-20.368868611111225,1.0734,968.2201763530003,957.288204569417
2025-10-15,287,104,938.4368440277749,928.8531083333332,-9.583735694441657,1.0889,1021.863879461844,1016.6460145630053
2025-10-15,287,105,1008.850908611111,1008.8509086111108,-2.2737367544323206e-13,1.1426,1152.7130481790555,1152.7130481790555
2025-10-15,287,106,902.3048683333338,890.2444305555553,-12.060437777778588,1.1865,1070.5847262775007,1063.4298715658335
2025-10-15,287,107,0.0,0.0,0.0,1.2266,0.0,0.0
2025-10-15,287,108,0.0,0.0,0.0,1.3027,0.0,0.0
2025-10-15,287,109,0.0,0.0,0.0,1.2954,0.0,0.0
2025-10-15,287,110,0.0,0.0,0.0,1.23,0.0,0.0
2025-10-15,287,111,561.8354663539563,561.8354663539565,1.1368683772161603e-13,1.2561,705.7215292872046,705.7215292872048
2025-10-15,287,112,661.2465941666666,661.2465941666667,1.1368683772161603e-13,1.2797,846.1972665550833,846.1972665550835
2025-10-15,287,113,0.0,0.0,0.0,1.2695,0.0,0.0
2025-10-15,287,114,724.4586400000001,724.4586400000002,1.1368683772161603e-13,1.2903,934.7689831920001,934.7689831920003
2025-10-15,287,115,0.0,0.0,0.0,1.2944,0.0,0.0
2025-10-15,287,116,0.0,0.0,0.0,1.2731,0.0,0.0
2025-10-15,287,117,0.0,0.0,0.0,1.2694,0.0,0.0
2025-10-15,287,118,0.0,0.0,0.0,1.2582,0.0,0.0
2025-10-15,287,119,676.0318333333333,676.0318333333333,0.0,1.2479,843.6201248166667,843.6201248166667
2025-10-15,287,120,700.128845,700.128845,0.0,1.2803,896.3749602534999,896.3749602534999
2025-10-15,287,121,0.0,0.0,0.0,1.3266,0.0,0.0
2025-10-15,287,122,0.0,0.0,0.0,1.3505,0.0,0.0
2025-10-15,287,123,0.0,0.0,0.0,1.3153,0.0,0.0
2025-10-15,287,124,730.6258958333332,729.8521149999999,-0.7737808333332623,1.1483,838.9777161854165,838.5334499199582
2025-10-15,287,125,722.9793333333332,722.9783663220989,-0.0009670112343656001,0.958,692.6142013333332,692.6137381349519
2025-10-15,287,126,1548.1477908333331,1548.147790833333,-2.2737367544323206e-13,0.9481,1467.7989204890832,1467.798920489083
2025-10-15,287,127,710.7874899999999,710.78749,1.1368683772161603e-13,0.9523,676.8829267269999,676.882926727
2025-10-15,287,128,732.0445,698.0428333333333,-34.001666666666665,0.9226,675.3842556999999,659.6992868666666
2025-10-15,287,129,59.52780858333324,34.70308122677788,-24.824727356555357,0.9378,55.82517888944991,44.18486423196111
2025-10-15,287,130,705.3847358333333,705.3847358333333,0.0,0.7497,528.82693645425,528.82693645425
2025-10-15,287,131,1321.6642499999998,1321.66425,2.2737367544323206e-13,0.4469,590.651753325,590.6517533250001
2025-10-15,287,132,1335.8696766666667,1335.8696766666665,-2.2737367544323206e-13,0.3972,530.607435572,530.6074355719999
2025-10-15,287,133,0.0,0.0,0.0,0.4161,0.0,0.0
2025-10-15,287,134,0.0,0.0,0.0,0.3724,0.0,0.0
2025-10-15,287,135,1325.5046116666665,1325.5046116666663,-2.2737367544323206e-13,0.3279,434.6329621655,434.6329621655
2025-10-15,287,136,1309.4845858333333,1309.484585833333,-2.2737367544323206e-13,0.3281,429.64189261191666,429.64189261191666
2025-10-15,287,137,1317.3222499999997,1317.32225,2.2737367544323206e-13,0.3681,484.9063202249999,484.906320225
2025-10-15,287,138,1325.9498225,1325.9498224999998,-2.2737367544323206e-13,0.4037,535.28594334325,535.2859433432499
2025-10-15,287,139,539.4909616666665,539.4909616666666,1.1368683772161603e-13,0.4148,223.78085089933327,223.78085089933333
2025-10-15,287,140,341.7630715591324,341.7630715591324,0.0,0.408,139.43933319612603,139.43933319612603
2025-10-15,287,141,1412.7193566666665,1410.8885483333333,-1.8308083333331524,0.4039,570.5973481576666,570.22761641475
2025-10-15,287,142,1368.3902249999999,1368.3902249999999,0.0,0.3982,544.8929875949999,544.8929875949999
2025-10-15,287,143,466.1869583333332,466.18695833333317,-5.684341886080802e-14,0.3949,184.09722984583328,184.09722984583325
2025-10-16,288,0,1387.8070341666667,1387.8070341666667,0.0,0.4035,559.98013828625,559.98013828625
2025-10-16,288,1,1349.7376175,1349.7376175,0.0,0.3959,534.36112276825,534.36112276825
2025-10-16,288,2,1337.5649166666665,1337.5649166666665,0.0,0.398,532.3508368333332,532.3508368333332
2025-10-16,288,3,1410.380005,1410.380005,0.0,0.4552,642.004978276,642.004978276
2025-10-16,288,4,1431.8347766666666,1431.8347766666666,0.0,0.4457,638.1687599603333,638.1687599603333
2025-10-16,288,5,551.0540833333332,551.0540833333332,0.0,0.3939,217.06020342499994,217.06020342499994
2025-10-16,288,6,0.0,0.0,0.0,0.4426,0.0,0.0
2025-10-16,288,7,0.0,0.0,0.0,0.4607,0.0,0.0
2025-10-16,288,8,559.8896666666668,559.8896666666668,0.0,0.4207,235.54558276666674,235.54558276666674
2025-10-16,288,9,575.9550175,575.9550175,0.0,0.4278,246.39355648650002,246.39355648650002
2025-10-16,288,10,1402.51896,1402.51896,0.0,0.4235,593.9667795600001,593.9667795600001
2025-10-16,288,11,1395.3764999999999,1395.3764999999999,0.0,0.3999,558.0110623499999,558.0110623499999
2025-10-16,288,12,0.0,0.0,0.0,0.4211,0.0,0.0
2025-10-16,288,13,0.0,0.0,0.0,0.4674,0.0,0.0
2025-10-16,288,14,570.3921666666665,570.3921666666665,0.0,0.4888,278.8076910666666,278.8076910666666
2025-10-16,288,15,573.9847899999997,573.9847899999997,0.0,0.4502,258.4079524579999,258.4079524579999
2025-10-16,288,16,600.4405766666667,600.4405766666667,0.0,0.4053,243.35856572300003,243.35856572300003
2025-10-16,288,17,0.0,0.0,0.0,0.4039,0.0,0.0
2025-10-16,288,18,0.006824248988856703,0.006824248988856703,0.0,0.4454,0.0030395204996367755,0.0030395204996367755
2025-10-16,288,19,0.0,0.0,0.0,0.4389,0.0,0.0
2025-10-16,288,20,0.0,0.0,0.0,0.4049,0.0,0.0
2025-10-16,288,21,1441.856615,1441.856615,0.0,0.4445,640.9052653675,640.9052653675
2025-10-16,288,22,1448.5979733333334,1448.5979733333334,0.0,0.4521,654.911143744,654.911143744
2025-10-16,288,23,1443.8675833333332,1443.8675833333332,0.0,0.4153,599.6382073583333,599.6382073583333
2025-10-16,288,24,1126.3214505826986,1126.3214505826986,0.0,0.433,487.6971881023085,487.6971881023085
2025-10-16,288,25,597.47901,597.47901,0.0,0.4636,276.991269036,276.991269036
2025-10-16,288,26,593.30025,593.30025,0.0,0.4603,273.09610507499997,273.09610507499997
2025-10-16,288,27,1424.9564116666666,1424.9564116666666,0.0,0.4247,605.1789880348333,605.1789880348333
2025-10-16,288,28,610.5989950000001,610.5989950000001,0.0,0.4223,257.8559555885,257.8559555885
2025-10-16,288,29,624.0381666666666,624.0381666666666,0.0,0.4589,286.3711146833333,286.3711146833333
2025-10-16,288,30,1421.8881491666666,1421.8881491666666,0.0,0.4758,676.5343813735,676.5343813735
2025-10-16,288,31,606.0621533333332,606.0621533333332,0.0,0.4595,278.48555945666664,278.48555945666664
2025-10-16,288,32,0.0,0.0,0.0,0.405,0.0,0.0
2025-10-16,288,33,1408.5407799999998,1408.5407799999998,0.0,0.3643,513.1314061539999,513.1314061539999
2025-10-16,288,34,617.1499549999999,617.1499549999999,0.0,0.6117,377.51062747349994,377.51062747349994
2025-10-16,288,35,0.0,0.0,0.0,0.9786,0.0,0.0
2025-10-16,288,36,0.0,3.8209616666669035,3.8209616666669035,0.9934,0.0,5.693614979500353
2025-10-16,288,37,0.0,0.0,0.0,0.9506,0.0,0.0
2025-10-16,288,38,0.0,0.0,0.0,0.9952,0.0,0.0
2025-10-16,288,39,0.0,0.0,0.0,0.9723,0.0,0.0
2025-10-16,288,40,0.0,0.0,0.0,0.915,0.0,0.0
2025-10-16,288,41,0.0,0.0,0.0,0.8892,0.0,0.0
2025-10-16,288,42,0.0,600.9996730555556,600.9996730555556,0.9136,0.0,823.6099519553335
2025-10-16,288,43,525.9991283333334,549.060283611111,23.06115527777763,0.8926,469.50682195033335,500.3834027517498
2025-10-16,288,44,476.8807416666668,1028.1651135745026,551.2843719078357,0.801,381.9814740750001,1044.3496469222648
2025-10-16,288,45,1144.2861870599481,1175.7185988888887,31.43241182894053,0.7445,851.9210662661314,887.0232121761007
2025-10-16,288,46,0.0,0.0,0.0,0.9396,0.0,0.0
2025-10-16,288,47,0.0,0.0,0.0,1.2436,0.0,0.0
2025-10-16,288,48,0.0,0.0,0.0,1.2759,0.0,0.0
2025-10-16,288,49,0.0,0.0,0.0,1.2391,0.0,0.0
2025-10-16,288,50,0.0,0.0,0.0,1.2388,0.0,0.0
2025-10-16,288,51,0.0,0.0,0.0,1.1756,0.0,0.0
2025-10-16,288,52,0.0,0.0,0.0,1.1147,0.0,0.0
2025-10-16,288,53,0.0,0.0,0.0,1.0826,0.0,0.0
2025-10-16,288,54,0.0,0.0,0.0,1.039,0.0,0.0
2025-10-16,288,55,0.0,0.0,0.0,1.0054,0.0,0.0
2025-10-16,288,56,0.0,0.0,0.0,0.9836,0.0,0.0
2025-10-16,288,57,0.0,0.0,0.0,0.9486,0.0,0.0
2025-10-16,288,58,0.0,0.0,0.0,0.9108,0.0,0.0
2025-10-16,288,59,0.0,0.0,0.0,0.8899,0.0,0.0
2025-10-16,288,60,0.0,0.0,0.0,0.8959,0.0,0.0
2025-10-16,288,61,0.0,0.0,0.0,0.9003,0.0,0.0
2025-10-16,288,62,0.0,0.0,0.0,0.9026,0.0,0.0
2025-10-16,288,63,0.0,0.0,0.0,0.8971,0.0,0.0
2025-10-16,288,64,0.0,0.0,0.0,0.7241,0.0,0.0
2025-10-16,288,65,475.84373087214624,0.0,-475.84373087214624,0.4831,229.88010638433383,114.94005319216691
2025-10-16,288,66,628.6927619444448,0.0,-628.6927619444448,0.4623,290.64466384691684,145.32233192345842
2025-10-16,288,67,574.176029722222,216.82062642770236,-357.35540329451965,0.5214,299.3753818971665,206.21282825828527
2025-10-16,288,68,549.1164583333336,548.8414749999995,-0.2749833333341485,0.5304,291.2513695000002,291.17844391999995
2025-10-16,288,69,482.8286969444446,482.82869694444446,-1.1368683772161603e-13,0.4875,235.37898976041672,235.3789897604167
2025-10-16,288,70,453.0660788888888,453.0660788888888,0.0,0.4199,190.2424465254444,190.2424465254444
2025-10-16,288,71,492.37738333333346,441.6868333333334,-50.69055000000003,0.3833,188.7282510316667,179.0134071241667
2025-10-16,288,72,557.5511027777782,420.7351533333335,-136.81594944444464,0.4275,238.35309643750017,209.10868724375013
2025-10-16,288,73,539.3936297222223,451.29146416666663,-88.10216555555564,0.4856,261.9295465931111,240.5383407962222
2025-10-16,288,74,514.0665666666666,514.0665666666666,0.0,0.4736,243.46192597333334,243.46192597333334
2025-10-16,288,75,634.9730019444445,573.6014783333333,-61.37152361111123,0.3989,253.2907304756389,241.05018009140278
2025-10-16,288,76,772.5813422222224,586.4224075,-186.1589347222224,0.5637,435.50410261066673,383.03520685920836
2025-10-16,288,77,9.023999999999887,0.0,-9.023999999999887,0.8774,7.917657599999901,3.9588287999999503
2025-10-16,288,78,0.0,0.0,0.0,0.9281,0.0,0.0
2025-10-16,288,79,15.874966111111235,0.0,-15.874966111111235,0.877,13.922345279444553,6.961172639722276
2025-10-16,288,80,2.1204416666662382,0.0,-2.1204416666662382,0.8725,1.850085354166293,0.9250426770831465
2025-10-16,288,81,96.72059654320879,0.0,-96.72059654320879,0.8974,86.79706333787556,43.39853166893778
2025-10-16,288,82,114.86446361111419,0.0,-114.86446361111419,0.9184,105.49152338044728,52.74576169022364
2025-10-16,288,83,0.0,0.0,0.0,0.9414,0.0,0.0
2025-10-16,288,84,0.0,0.0,0.0,0.994,0.0,0.0
2025-10-16,288,85,0.0,0.0,0.0,1.0268,0.0,0.0
2025-10-16,288,86,0.0,0.0,0.0,1.0381,0.0,0.0
2025-10-16,288,87,0.0,0.0,0.0,1.0524,0.0,0.0
2025-10-16,288,88,0.0,0.0,0.0,0.9417,0.0,0.0
2025-10-16,288,89,1203.3678000000004,423.10663291004994,-780.2611670899505,0.7871,947.1707953800004,640.0990130717503
2025-10-16,288,90,1209.2834252777775,1116.5294497222221,-92.75397555555537,0.8198,991.370552042722,953.3506974624999
2025-10-16,288,91,400.3375672222222,290.53680277777823,-109.80076444444398,0.889,355.9000972605556,307.0936574650002
2025-10-16,288,92,432.85405833333357,356.07183333333353,-76.78222500000004,0.8845,382.8594145958335,348.9024755895835
2025-10-16,288,93,440.03068444444455,411.5073038888887,-28.523380555555832,0.8417,370.373827096889,358.3697623900833
2025-10-16,288,94,460.91722055555516,435.74915111111113,-25.16806944444403,0.8216,378.68958840844414,368.3505454806665
2025-10-16,288,95,525.3882333333331,454.80503333333354,-70.58319999999958,0.8658,454.8811324199998,424.32566513999996
2025-10-16,288,96,627.9814911111112,521.7504974999999,-106.23099361111122,0.9636,605.1229648346667,553.9408721128334
2025-10-16,288,97,673.0102275277812,621.8361608333333,-51.1740666944479,0.9968,670.8565947996924,645.3514399591795
2025-10-16,288,98,640.6029166666664,710.8019078073004,70.198991140634,0.9746,624.331602583333,726.955507731826
2025-10-16,288,99,613.9688266388887,613.9688266388888,1.1368683772161603e-13,1.0102,620.2313086706054,620.2313086706056
2025-10-16,288,100,805.3072355555553,805.3072355555554,1.1368683772161603e-13,1.0248,825.278854997333,825.2788549973333
2025-10-16,288,101,886.8477666666669,886.8477666666669,0.0,1.0013,888.0006687633336,888.0006687633336
2025-10-16,288,102,865.216107222222,865.216107222222,0.0,1.013,876.4639166161109,876.4639166161109
2025-10-16,288,103,898.2291116666669,898.2291116666669,0.0,1.0492,942.4219839606668,942.4219839606668
2025-10-16,288,104,939.9781999999999,939.9781999999998,-1.1368683772161603e-13,1.0796,1014.8004647199998,1014.8004647199998
2025-10-16,288,105,1031.436984043207,1031.436984043207,0.0,1.1005,1135.0964009395493,1135.0964009395493
2025-10-16,288,106,906.3104783333335,906.3104783333334,-1.1368683772161603e-13,1.1939,1082.0440800821668,1082.0440800821668
2025-10-16,288,107,0.0,0.0,0.0,1.3098,0.0,0.0
2025-10-16,288,108,0.0,0.0,0.0,1.3028,0.0,0.0
2025-10-16,288,109,0.0,202.13310679171522,202.13310679171522,1.2569,0.0,381.09165288976027
2025-10-16,288,110,0.0,0.0,0.0,1.2401,0.0,0.0
2025-10-16,288,111,0.0,0.0,0.0,1.2468,0.0,0.0
2025-10-16,288,112,679.5630083333332,679.5630083333332,0.0,1.2735,865.4234911124998,865.4234911124998
2025-10-16,288,113,724.75125,724.7512500000001,1.1368683772161603e-13,1.29,934.9291125000001,934.9291125000003
2025-10-16,288,114,0.0,0.0,0.0,1.2656,0.0,0.0
2025-10-16,288,115,0.0,0.0,0.0,1.2765,0.0,0.0
2025-10-16,288,116,0.0,751.2481666666665,751.2481666666665,1.3104,0.0,1476.6533963999998
2025-10-16,288,117,698.1668699999999,710.729870235951,12.563000235951108,1.2824,895.3291940879999,919.4953813418755
2025-10-16,288,118,531.2554307706226,531.2554307706226,0.0,1.2745,677.0850465171585,677.0850465171585
2025-10-16,288,119,0.0,0.0,0.0,1.2848,0.0,0.0
2025-10-16,288,120,690.5963341666666,690.5963341666666,0.0,1.2312,850.262206626,850.262206626
2025-10-16,288,121,0.0,2.2786556352466617e-05,2.2786556352466617e-05,1.2138,0.0,4.148748315093597e-05
2025-10-16,288,122,0.0,0.0,0.0,1.2728,0.0,0.0
2025-10-16,288,123,0.0,0.0,0.0,1.3193,0.0,0.0
2025-10-16,288,124,755.1528625,755.1528625,0.0,1.1877,896.8950547912499,896.8950547912499
2025-10-16,288,125,749.4446666666665,749.4446666666664,-1.1368683772161603e-13,0.974,729.9591053333332,729.9591053333331
2025-10-16,288,126,743.7305474999998,743.7305475,1.1368683772161603e-13,0.9458,703.4203518254998,703.4203518254999
2025-10-16,288,127,707.9410391666667,707.9410391666668,1.1368683772161603e-13,0.9475,670.7741346104167,670.7741346104168
2025-10-16,288,128,763.9264999999999,746.5876666666666,-17.338833333333355,0.9281,709.0001846499999,700.9540990416666
2025-10-16,288,129,764.2578608333332,749.3217600000002,-14.936100833333057,0.9593,733.1525658974166,725.9884651327084
2025-10-16,288,130,704.8079258333335,679.2893530833335,-25.518572749999976,0.7684,541.5744102103334,531.7701745597834
2025-10-16,288,131,1312.0333333333333,1312.0333333333333,0.0,0.4281,561.68147,561.68147
2025-10-16,288,132,1355.9261833333333,1355.926183333333,-2.2737367544323206e-13,0.3224,437.15060150666665,437.15060150666665
2025-10-16,288,133,567.6917558333332,567.6917558333333,1.1368683772161603e-13,0.3489,198.06765361024995,198.06765361025
2025-10-16,288,134,543.6190833333334,543.6190833333334,0.0,0.3964,215.49060463333333,215.49060463333333
2025-10-16,288,135,1305.2939391666664,1305.2939391666662,-2.2737367544323206e-13,0.4567,596.1277420174165,596.1277420174164
2025-10-16,288,136,1299.7908283333331,1299.7908283333331,0.0,0.466,605.7025260033332,605.7025260033332
2025-10-16,288,137,579.49075,579.4907500000002,1.1368683772161603e-13,0.427,247.44255025,247.4425502500001
2025-10-16,288,138,1340.2773016666665,1340.2773016666663,-2.2737367544323206e-13,0.4045,542.1421685241667,542.1421685241666
2025-10-16,288,139,1348.2444441666664,1348.2444441666664,0.0,0.3876,522.5795465589999,522.5795465589999
2025-10-16,288,140,468.3429434758,468.34294347580004,5.684341886080802e-14,0.3918,183.49676525381844,183.49676525381847
2025-10-16,288,141,0.0,0.0,0.0,0.4417,0.0,0.0
2025-10-16,288,142,522.0578458333333,522.0578458333332,-1.1368683772161603e-13,0.4209,219.73414731124998,219.73414731124998
2025-10-16,288,143,1207.898333333333,1207.8983333333329,-2.2737367544323206e-13,0.3289,397.2777618333333,397.2777618333333
2025-10-17,289,0,1300.7101375,1300.7101375,0.0,0.2854,371.2226732425,371.2226732425
2025-10-17,289,1,1281.8441524999998,1281.8441524999998,0.0,0.2848,365.06921463199996,365.06921463199996
2025-10-17,289,2,0.0,0.0,0.0,0.2951,0.0,0.0
2025-10-17,289,3,483.4563683333334,483.4563683333334,0.0,0.3013,145.66540377883337,145.66540377883337
2025-10-17,289,4,1341.6204174999998,1341.6204174999998,0.0,0.3279,439.91733489825,439.91733489825
2025-10-17,289,5,482.1875833333332,482.1875833333332,0.0,0.3606,173.87684254999994,173.87684254999994
2025-10-17,289,6,475.5925808333332,475.5925808333332,0.0,0.3546,168.64512916349997,168.64512916349997
2025-10-17,289,7,448.40067408078,448.40067408078,0.0,0.3385,151.78362817634402,151.78362817634402
2025-10-17,289,8,0.0,0.0,0.0,0.3518,0.0,0.0
2025-10-17,289,9,500.3131275,500.3131275,0.0,0.3999,200.07521968724998,200.07521968724998
2025-10-17,289,10,1327.7377749999998,1327.7377749999998,0.0,0.3912,519.4110175799999,519.4110175799999
2025-10-17,289,11,1311.1531666666665,1311.1531666666665,0.0,0.3219,422.06020435,422.06020435
2025-10-17,289,12,0.0,0.0,0.0,0.2858,0.0,0.0
2025-10-17,289,13,0.0,0.0,0.0,0.3156,0.0,0.0
2025-10-17,289,14,480.8079166666666,480.8079166666666,0.0,0.3634,174.72559691666663,174.72559691666663
2025-10-17,289,15,498.8148891666666,498.8148891666666,0.0,0.3517,175.43319651991666,175.43319651991666
2025-10-17,289,16,0.0,0.0,0.0,0.3358,0.0,0.0
2025-10-17,289,17,496.49241666666654,496.49241666666654,0.0,0.3325,165.08372854166663,165.08372854166663
2025-10-17,289,18,1316.6114949999996,1316.6114949999996,0.0,0.3096,407.6229188519999,407.6229188519999
2025-10-17,289,19,1318.3537741666667,1318.3537741666667,0.0,0.3271,431.2335195299167,431.2335195299167
2025-10-17,289,20,0.0,0.0,0.0,0.3613,0.0,0.0
2025-10-17,289,21,0.0,0.0,0.0,0.3261,0.0,0.0
2025-10-17,289,22,526.7529683333335,526.7529683333335,0.0,0.3103,163.45144607383338,163.45144607383338
2025-10-17,289,23,526.2082499999999,526.2082499999999,0.0,0.3342,175.85879714999996,175.85879714999996
2025-10-17,289,24,510.24936083333336,510.24936083333336,0.0,0.3279,167.31076541725002,167.31076541725002
2025-10-17,289,25,1332.7699908121367,1332.7699908121367,0.0,0.3123,416.2240681306303,416.2240681306303
2025-10-17,289,26,500.6839166666666,500.6839166666666,0.0,0.3172,158.81693836666665,158.81693836666665
2025-10-17,289,27,0.0,0.0,0.0,0.3447,0.0,0.0
2025-10-17,289,28,0.0,0.0,0.0,0.3485,0.0,0.0
2025-10-17,289,29,0.0,0.0,0.0,0.3449,0.0,0.0
2025-10-17,289,30,531.8522541666665,531.8522541666665,0.0,0.3917,208.32652795708327,208.32652795708327
2025-10-17,289,31,548.6325125,548.6325125,0.0,0.4165,228.50544145624997,228.50544145624997
2025-10-17,289,32,545.4708333333334,545.4708333333334,0.0,0.3704,202.0423966666667,202.0423966666667
2025-10-17,289,33,1317.2823316666666,1317.2823316666666,0.0,0.3128,412.0459133453333,412.0459133453333
2025-10-17,289,34,0.0,0.0,0.0,0.4905,0.0,0.0
2025-10-17,289,35,0.0,0.0,0.0,0.8037,0.0,0.0
2025-10-17,289,36,0.0,0.0,0.0,0.8792,0.0,0.0
2025-10-17,289,37,0.0,0.0,0.0,0.8173,0.0,0.0
2025-10-17,289,38,0.0,0.0,0.0,0.7548,0.0,0.0
2025-10-17,289,39,0.0,0.0,0.0,0.7333,0.0,0.0
2025-10-17,289,40,0.0,0.0,0.0,0.7602,0.0,0.0
2025-10-17,289,41,0.0,0.0,0.0,0.7844,0.0,0.0
2025-10-17,289,42,0.0,0.0,0.0,0.7352,0.0,0.0
2025-10-17,289,43,0.0,0.0,0.0,0.6664,0.0,0.0
2025-10-17,289,44,0.0,0.0,0.0,0.6061,0.0,0.0
2025-10-17,289,45,0.0,648.5333384920641,648.5333384920641,0.5649,0.0,549.5347243712505
2025-10-17,289,46,0.0,0.0,0.0,0.6946,0.0,0.0
2025-10-17,289,47,0.0,0.0,0.0,0.8928,0.0,0.0
2025-10-17,289,48,0.0,0.0,0.0,0.8784,0.0,0.0
2025-10-17,289,49,0.0,0.0,0.0,0.8107,0.0,0.0
2025-10-17,289,50,0.0,0.0,0.0,0.7857,0.0,0.0
2025-10-17,289,51,0.0,0.0,0.0,0.7441,0.0,0.0
2025-10-17,289,52,0.0,0.0,0.0,0.7115,0.0,0.0
2025-10-17,289,53,0.0,0.0,0.0,0.7217,0.0,0.0
2025-10-17,289,54,0.0,0.0,0.0,0.7721,0.0,0.0
2025-10-17,289,55,0.0,0.0,0.0,0.7789,0.0,0.0
2025-10-17,289,56,0.0,0.0,0.0,0.715,0.0,0.0
2025-10-17,289,57,0.0,0.0,0.0,0.6333,0.0,0.0
2025-10-17,289,58,0.0,0.0,0.0,0.5949,0.0,0.0
2025-10-17,289,59,0.0,0.0,0.0,0.6046,0.0,0.0
2025-10-17,289,60,0.0,0.0,0.0,0.6216,0.0,0.0
2025-10-17,289,61,0.0,0.0,0.0,0.6493,0.0,0.0
2025-10-17,289,62,0.0,0.0,0.0,0.6804,0.0,0.0
2025-10-17,289,63,0.0,0.0,0.0,0.6647,0.0,0.0
2025-10-17,289,64,0.0,0.0,0.0,0.4804,0.0,0.0
2025-10-17,289,65,0.0,0.0,0.0,0.2509,0.0,0.0
2025-10-17,289,66,0.0,0.0,0.0,0.2452,0.0,0.0
2025-10-17,289,67,0.0,0.0,0.0,0.2743,0.0,0.0
2025-10-17,289,68,0.0,0.0,0.0,0.2346,0.0,0.0
2025-10-17,289,69,0.0,0.0,0.0,0.2078,0.0,0.0
2025-10-17,289,70,0.0,0.0,0.0,0.2028,0.0,0.0
2025-10-17,289,71,0.0,0.0,0.0,0.1945,0.0,0.0
2025-10-17,289,72,0.0,0.0,0.0,0.1661,0.0,0.0
2025-10-17,289,73,0.0,209.8714413888888,209.8714413888888,0.1861,0.0,58.58561286370831
2025-10-17,289,74,0.0,278.1866374999996,278.1866374999996,0.2181,0.0,91.00875845812487
2025-10-17,289,75,0.0,337.31005611111095,337.31005611111095,0.1829,0.0,92.54101389408328
2025-10-17,289,76,0.0,205.40317186420987,205.40317186420987,0.3158,0.0,97.29948251207621
2025-10-17,289,77,0.0,0.0,0.0,0.5626,0.0,0.0
2025-10-17,289,78,0.0,0.0,0.0,0.6159,0.0,0.0
2025-10-17,289,79,0.0,0.0,0.0,0.6259,0.0,0.0
2025-10-17,289,80,0.0,0.0,0.0,0.65,0.0,0.0
2025-10-17,289,81,0.0,0.0,0.0,0.601,0.0,0.0
2025-10-17,289,82,0.0,0.0,0.0,0.6444,0.0,0.0
2025-10-17,289,83,0.0,0.0,0.0,0.7652,0.0,0.0
2025-10-17,289,84,0.0,0.0,0.0,0.7651,0.0,0.0
2025-10-17,289,85,0.0,0.0,0.0,0.6992,0.0,0.0
2025-10-17,289,86,0.0,0.0,0.0,0.6854,0.0,0.0
2025-10-17,289,87,0.0,0.0,0.0,0.7588,0.0,0.0
2025-10-17,289,88,0.0,0.0,0.0,0.654,0.0,0.0
2025-10-17,289,89,0.0,0.0,0.0,0.425,0.0,0.0
2025-10-17,289,90,0.0,0.0,0.0,0.4045,0.0,0.0
2025-10-17,289,91,0.0,10.288193888889168,10.288193888889168,0.4648,0.0,7.172928779333528
2025-10-17,289,92,0.0,80.93354166666688,80.93354166666688,0.4972,0.0,60.360235375000165
2025-10-17,289,93,0.0,127.57639027777748,127.57639027777748,0.5301,0.0,101.44236672937477
2025-10-17,289,94,0.0,184.22211138888872,184.22211138888872,0.5869,0.0,162.17993576120818
2025-10-17,289,95,113.37786666666659,255.22921666666684,141.85135000000025,0.6441,73.02668391999995,210.0763657225002
2025-10-17,289,96,223.5323633333336,304.78124472222225,81.24888138888866,0.6512,145.56427500266685,224.92818234333328
2025-10-17,289,97,204.10505200000273,372.0846994444445,167.97964744444175,0.6272,128.0146886144017,286.0499409301325
2025-10-17,289,98,0.0,0.0039554544891704764,0.0039554544891704764,0.6309,0.0,0.0037432443558264804
2025-10-17,289,99,0.0,0.0,0.0,0.7015,0.0,0.0
2025-10-17,289,100,466.6324491666663,516.6346344444446,50.002185277778324,0.7227,337.2352710127497,391.4401399631253
2025-10-17,289,101,1092.4833116975315,1092.4833116975312,-2.2737367544323206e-13,0.6918,755.7799550323522,755.7799550323522
2025-10-17,289,102,485.23690138888867,577.0065602777776,91.7696588888889,0.718,348.4000951972221,447.2360178205554
2025-10-17,289,103,0.0,374.27434690662136,374.27434690662136,0.7451,0.0,418.3077238201854
2025-10-17,289,104,652.7910833333332,694.1362333333332,41.34514999999999,0.7361,480.51951644166655,526.1707638141665
2025-10-17,289,105,1285.937091388888,1285.9370913888883,4.547473508864641e-13,0.738,949.0215734449993,949.0215734449997
2025-10-17,289,106,625.7034963888888,625.7034963888889,1.1368683772161603e-13,0.8774,548.992247731611,548.9922477316111
2025-10-17,289,107,0.0,0.0,0.0,1.0868,0.0,0.0
2025-10-17,289,108,0.0,0.0,0.0,1.1492,0.0,0.0
2025-10-17,289,109,0.0,0.0,0.0,1.0999,0.0,0.0
2025-10-17,289,110,0.0,0.0,0.0,1.0529,0.0,0.0
2025-10-17,289,111,0.0,0.0,0.0,1.0883,0.0,0.0
2025-10-17,289,112,0.0,0.0,0.0,1.1045,0.0,0.0
2025-10-17,289,113,564.7229166666667,639.0349166666667,74.31200000000001,1.0933,617.4115647916667,739.2795291916667
2025-10-17,289,114,561.7956074999998,610.7868280634939,48.99122056349404,1.1404,640.6717107929999,724.4760926889128
2025-10-17,289,115,0.0,0.0,0.0,1.1538,0.0,0.0
2025-10-17,289,116,0.0,0.0,0.0,1.1286,0.0,0.0
2025-10-17,289,117,0.0,0.0,0.0,1.1503,0.0,0.0
2025-10-17,289,118,0.0,0.0,0.0,1.1426,0.0,0.0
2025-10-17,289,119,294.1249653817331,609.7501666666665,315.6252012849334,1.0995,323.39039943721554,843.9352626563918
2025-10-17,289,120,0.0,0.0,0.0,1.0976,0.0,0.0
2025-10-17,289,121,0.0,0.0,0.0,1.0959,0.0,0.0
2025-10-17,289,122,0.0,96.71453536971481,96.71453536971481,1.107,0.0,160.59448598141142
2025-10-17,289,123,0.0,0.0,0.0,1.1647,0.0,0.0
2025-10-17,289,124,0.0,650.1795674999998,650.1795674999998,1.0642,0.0,1037.8816436002498
2025-10-17,289,125,601.4689999999998,656.0732499999998,54.60424999999998,0.8504,511.48923759999985,581.1424188999998
2025-10-17,289,126,611.545838333333,654.7996574999999,43.25381916666686,0.7896,482.8765939479997,534.1064173689999
2025-10-17,289,127,561.8474524999999,672.5099249999998,110.66247249999992,0.7959,447.17438744475,579.2887802388749
2025-10-17,289,128,590.2210833333335,695.0866666666668,104.86558333333335,0.8146,480.7940944833334,608.9293507583334
2025-10-17,289,129,615.4193891666666,659.55704,44.137650833333396,0.852,524.33731957,580.7452373350001
2025-10-17,289,130,576.7998633333334,576.7998633333335,1.1368683772161603e-13,0.685,395.1079063833334,395.1079063833335
2025-10-17,289,131,1223.5527499999998,1312.8816666666667,89.32891666666683,0.3873,473.8819800749999,525.7776142125
2025-10-17,289,132,1248.3855399999998,1248.3855399999995,-2.2737367544323206e-13,0.2858,356.7885873319999,356.7885873319999
2025-10-17,289,133,0.0,0.0,0.0,0.3035,0.0,0.0
2025-10-17,289,134,0.0,0.0,0.0,0.3408,0.0,0.0
2025-10-17,289,135,1256.5349608333331,1256.5349608333331,0.0,0.3748,470.9493033203333,470.9493033203333
2025-10-17,289,136,1240.4023133333333,1240.4023133333335,2.2737367544323206e-13,0.3625,449.6458385833333,449.6458385833334
2025-10-17,289,137,1247.1524999999997,1247.1524999999997,0.0,0.3322,414.3040604999999,414.3040604999999
2025-10-17,289,138,1288.5741174999998,1286.8234133333333,-1.7507041666665373,0.3533,455.2532357127499,454.9439738217083
2025-10-17,289,139,1263.636378518518,1263.6363785185179,-2.2737367544323206e-13,0.3583,452.76091442318506,452.760914423185
2025-10-17,289,140,56.62876805913356,491.2826970591322,434.65392899999864,0.3286,18.60821318423129,232.84913478833062
2025-10-17,289,141,485.48599249999995,485.48599249999984,-1.1368683772161603e-13,0.3173,154.04470542025,154.04470542024998
2025-10-17,289,142,1262.1773616666665,1262.1773616666665,0.0,0.3268,412.4795617926666,412.4795617926666
2025-10-17,289,143,430.45449999999994,430.45449999999994,0.0,0.3268,140.67253059999996,140.67253059999996
2025-10-18,290,0,1248.8020916666665,1248.8020916666665,0.0,0.2931,366.02389306749996,366.02389306749996
2025-10-18,290,1,1210.4550399999998,1210.4550399999998,0.0,0.2948,356.84214579199994,356.84214579199994
2025-10-18,290,2,1191.1723333333332,1191.1723333333332,0.0,0.3419,407.2618207666666,407.2618207666666
2025-10-18,290,3,450.37359833333335,450.37359833333335,0.0,0.3715,167.31379178083333,167.31379178083333
2025-10-18,290,4,446.8700966666666,446.8700966666666,0.0,0.3568,159.44325049066666,159.44325049066666
2025-10-18,290,5,1196.6032252120767,1196.6032252120767,0.0,0.3036,363.2887391743865,363.2887391743865
2025-10-18,290,6,0.0,0.0,0.0,0.252,0.0,0.0
2025-10-18,290,7,0.0,0.0,0.0,0.2815,0.0,0.0
2025-10-18,290,8,0.0,0.0,0.0,0.349,0.0,0.0
2025-10-18,290,9,437.4529058333334,437.4529058333334,0.0,0.3321,145.27811002725002,145.27811002725002
2025-10-18,290,10,1262.5476866666666,1262.5476866666666,0.0,0.3171,400.35387144199996,400.35387144199996
2025-10-18,290,11,435.3964999999999,435.3964999999999,0.0,0.3352,145.94490679999996,145.94490679999996
2025-10-18,290,12,0.0,0.0,0.0,0.3297,0.0,0.0
2025-10-18,290,13,0.0,0.0,0.0,0.3228,0.0,0.0
2025-10-18,290,14,0.0,0.0,0.0,0.3117,0.0,0.0
2025-10-18,290,15,0.0,0.0,0.0,0.2794,0.0,0.0
2025-10-18,290,16,0.0,0.0,0.0,0.3275,0.0,0.0
2025-10-18,290,17,0.0,0.0,0.0,0.4057,0.0,0.0
2025-10-18,290,18,0.0,0.0,0.0,0.3578,0.0,0.0
2025-10-18,290,19,460.38888333333335,460.38888333333335,0.0,0.322,148.24522043333334,148.24522043333334
2025-10-18,290,20,1268.7259999999999,1268.7259999999999,0.0,0.3515,445.9571889999999,445.9571889999999
2025-10-18,290,21,457.92654916666663,457.92654916666663,0.0,0.3644,166.8684345163333,166.8684345163333
2025-10-18,290,22,0.0,0.0,0.0,0.3793,0.0,0.0
2025-10-18,290,23,0.0,0.0,0.0,0.3845,0.0,0.0
2025-10-18,290,24,0.0,0.0,0.0,0.3396,0.0,0.0
2025-10-18,290,25,478.34269166666667,478.34269166666667,0.0,0.3166,151.44329618166665,151.44329618166665
2025-10-18,290,26,471.49516666666665,471.49516666666665,0.0,0.3369,158.84672164999998,158.84672164999998
2025-10-18,290,27,458.1172841666666,458.1172841666666,0.0,0.3553,162.76907106441664,162.76907106441664
2025-10-18,290,28,452.72278333333327,452.72278333333327,0.0,0.3789,171.53666260499998,171.53666260499998
2025-10-18,290,29,480.17366666666663,480.17366666666663,0.0,0.3972,190.7249804,190.7249804
2025-10-18,290,30,1278.5809975,1278.5809975,0.0,0.3861,493.66012313475,493.66012313475
2025-10-18,290,31,439.61923666666667,439.61923666666667,0.0,0.3896,171.27565460533333,171.27565460533333
2025-10-18,290,32,0.0,0.0,0.0,0.365,0.0,0.0
2025-10-18,290,33,1268.5687358333332,1268.5687358333332,0.0,0.2669,338.58099559391667,338.58099559391667
2025-10-18,290,34,0.0,0.0,0.0,0.4326,0.0,0.0
2025-10-18,290,35,0.0,0.0,0.0,0.7648,0.0,0.0
2025-10-18,290,36,0.0,0.0,0.0,0.8069,0.0,0.0
2025-10-18,290,37,0.0,0.0,0.0,0.7755,0.0,0.0
2025-10-18,290,38,0.0,0.0,0.0,0.7769,0.0,0.0
2025-10-18,290,39,0.0,0.0,0.0,0.6965,0.0,0.0
2025-10-18,290,40,0.0,0.0,0.0,0.6681,0.0,0.0
2025-10-18,290,41,0.0,0.0,0.0,0.7138,0.0,0.0
2025-10-18,290,42,0.0,0.0,0.0,0.7128,0.0,0.0
2025-10-18,290,43,0.0,0.0,0.0,0.6798,0.0,0.0
2025-10-18,290,44,0.0,83.32957321428562,83.32957321428562,0.6162,0.0,77.02152452196418
2025-10-18,290,45,0.0,225.8176257716046,225.8176257716046,0.5358,0.0,181.48962583263864
2025-10-18,290,46,0.0,0.0,0.0,0.6802,0.0,0.0
2025-10-18,290,47,0.0,0.0,0.0,0.9334,0.0,0.0
2025-10-18,290,48,0.0,0.0,0.0,0.9101,0.0,0.0
2025-10-18,290,49,0.0,0.0,0.0,0.8034,0.0,0.0
2025-10-18,290,50,0.0,0.0,0.0,0.7603,0.0,0.0
2025-10-18,290,51,0.0,0.0,0.0,0.7447,0.0,0.0
2025-10-18,290,52,0.0,0.0,0.0,0.7611,0.0,0.0
2025-10-18,290,53,0.0,0.0,0.0,0.7768,0.0,0.0
2025-10-18,290,54,0.0,0.0,0.0,0.7423,0.0,0.0
2025-10-18,290,55,0.0,0.0,0.0,0.7322,0.0,0.0
2025-10-18,290,56,0.0,0.0,0.0,0.7378,0.0,0.0
2025-10-18,290,57,0.0,0.0,0.0,0.6782,0.0,0.0
2025-10-18,290,58,0.0,0.0,0.0,0.6402,0.0,0.0
2025-10-18,290,59,0.0,0.0,0.0,0.6349,0.0,0.0
2025-10-18,290,60,0.0,0.0,0.0,0.5894,0.0,0.0
2025-10-18,290,61,0.0,0.0,0.0,0.572,0.0,0.0
2025-10-18,290,62,0.0,0.0,0.0,0.6245,0.0,0.0
2025-10-18,290,63,0.0,0.0,0.0,0.6778,0.0,0.0
2025-10-18,290,64,0.0,0.0,0.0,0.4898,0.0,0.0
2025-10-18,290,65,0.0,0.0,0.0,0.2003,0.0,0.0
2025-10-18,290,66,0.0,0.0,0.0,0.2101,0.0,0.0
2025-10-18,290,67,0.0,0.0,0.0,0.2772,0.0,0.0
2025-10-18,290,68,0.0,0.0,0.0,0.2431,0.0,0.0
2025-10-18,290,69,0.0,0.0,0.0,0.1916,0.0,0.0
2025-10-18,290,70,0.0,0.0,0.0,0.1762,0.0,0.0
2025-10-18,290,71,0.0,0.0,0.0,0.1966,0.0,0.0
2025-10-18,290,72,0.0,0.0,0.0,0.2145,0.0,0.0
2025-10-18,290,73,0.0,0.0,0.0,0.2168,0.0,0.0
2025-10-18,290,74,0.0,0.0,0.0,0.2141,0.0,0.0
2025-10-18,290,75,0.0,0.0,0.0,0.2472,0.0,0.0
2025-10-18,290,76,0.0,0.0,0.0,0.3985,0.0,0.0
2025-10-18,290,77,0.0,0.0,0.0,0.5688,0.0,0.0
2025-10-18,290,78,0.0,0.0,0.0,0.557,0.0,0.0
2025-10-18,290,79,0.0,0.0,0.0,0.5168,0.0,0.0
2025-10-18,290,80,0.0,0.0,0.0,0.5444,0.0,0.0
2025-10-18,290,81,0.0,0.0,0.0,0.5882,0.0,0.0
2025-10-18,290,82,0.0,0.0,0.0,0.6024,0.0,0.0
2025-10-18,290,83,0.0,0.0,0.0,0.6173,0.0,0.0
2025-10-18,290,84,0.0,0.0,0.0,0.6951,0.0,0.0
2025-10-18,290,85,0.0,0.0,0.0,0.7394,0.0,0.0
2025-10-18,290,86,0.0,0.0,0.0,0.7478,0.0,0.0
2025-10-18,290,87,0.0,0.0,0.0,0.7885,0.0,0.0
2025-10-18,290,88,0.0,0.0,0.0,0.6874,0.0,0.0
2025-10-18,290,89,0.0,0.0,0.0,0.5004,0.0,0.0
2025-10-18,290,90,12.738414444444174,0.0,-12.738414444444174,0.4781,6.09023594588876,3.04511797294438
2025-10-18,290,91,41.4197930555556,0.0,-41.4197930555556,0.4907,20.324692452361134,10.162346226180567
2025-10-18,290,92,81.47324166666681,0.0,-81.47324166666681,0.478,38.94420951666673,19.472104758333366
2025-10-18,290,93,79.4937527777779,0.0,-79.4937527777779,0.5169,41.0903208108334,20.5451604054167
2025-10-18,290,94,112.48459888888851,7.545735000000036,-104.93886388888848,0.5628,63.30633225466645,33.776535956333234
2025-10-18,290,95,210.85869999999989,65.5723833333335,-145.28631666666638,0.5917,124.76509278999993,81.78213600416669
2025-10-18,290,96,316.9385572222223,144.4782136111112,-172.4603436111111,0.6246,197.95982284100006,144.10045753125007
2025-10-18,290,97,293.2302515511122,218.36314888888887,-74.86710266222332,0.6531,191.50867728803138,167.06082491368235
2025-10-18,290,98,156.37417552777703,156.37417552777703,0.0,0.685,107.11631023652727,107.11631023652727
2025-10-18,290,99,377.326239722222,361.59824027777745,-15.72799944444455,0.7337,276.84426208419427,271.07444548799975
2025-10-18,290,100,439.27584861111086,439.27584861111086,0.0,0.7438,326.7333761969443,326.7333761969443
2025-10-18,290,101,437.50545000000005,415.27923932098724,-22.22621067901281,0.7254,317.36645343000004,309.30500681672214
2025-10-18,290,102,374.7158077777774,374.71580777777723,-1.7053025658242404e-13,0.7495,280.84949792944417,280.8494979294441
2025-10-18,290,103,406.70033194444477,406.70033194444477,0.0,0.7963,323.8554743273614,323.8554743273614
2025-10-18,290,104,489.06616117777804,489.06616117777804,0.0,0.7971,389.8346370748069,389.8346370748069
2025-10-18,290,105,484.1024233333332,484.1024233333333,1.1368683772161603e-13,0.7245,350.7322057049999,350.732205705
2025-10-18,290,106,345.93174940951025,335.507450197502,-10.424299212008236,0.8089,279.8241920973528,275.6080842810561
2025-10-18,290,107,0.0,0.0,0.0,1.0256,0.0,0.0
2025-10-18,290,108,0.0,0.0,0.0,1.1084,0.0,0.0
2025-10-18,290,109,0.0,0.0,0.0,1.0983,0.0,0.0
2025-10-18,290,110,0.0,0.0,0.0,1.0731,0.0,0.0
2025-10-18,290,111,0.0,0.0,0.0,1.0635,0.0,0.0
2025-10-18,290,112,0.0,0.0,0.0,1.0856,0.0,0.0
2025-10-18,290,113,0.0,0.0,0.0,1.1122,0.0,0.0
2025-10-18,290,114,0.0,0.0,0.0,1.102,0.0,0.0
2025-10-18,290,115,0.0,0.0,0.0,1.1098,0.0,0.0
2025-10-18,290,116,0.0,0.0,0.0,1.1302,0.0,0.0
2025-10-18,290,117,0.0,0.0,0.0,1.1066,0.0,0.0
2025-10-18,290,118,0.0,0.0,0.0,1.1125,0.0,0.0
2025-10-18,290,119,0.0,0.0,0.0,1.1522,0.0,0.0
2025-10-18,290,120,0.0,0.0,0.0,1.1485,0.0,0.0
2025-10-18,290,121,0.0,0.0,0.0,1.1082,0.0,0.0
2025-10-18,290,122,0.0,0.0,0.0,1.0909,0.0,0.0
2025-10-18,290,123,0.0,0.0,0.0,1.1247,0.0,0.0
2025-10-18,290,124,0.0,0.0,0.0,1.004,0.0,0.0
2025-10-18,290,125,498.41533333333314,0.0,-498.41533333333314,0.7892,393.3493810666665,196.67469053333326
2025-10-18,290,126,508.43272256173,438.09146583333325,-70.34125672839673,0.7584,385.595376790816,358.921972239408
2025-10-18,290,127,463.79560749999996,187.93205263628377,-275.8635548637162,0.7721,358.09658855074997,251.59946319561232
2025-10-18,290,128,501.2234166666667,467.1484689685873,-34.07494769807943,0.7802,391.0545096833334,377.76187258631256
2025-10-18,290,129,518.0098117777761,469.7199141666667,-48.28989761110944,0.8376,433.8850183450653,413.6612092255327
2025-10-18,290,130,486.4901816666667,484.73244464054994,-1.7577370261167289,0.6483,315.3915847745,314.82181431748427
2025-10-18,290,131,1171.8899999999999,1171.8899999999999,0.0,0.3081,361.0593089999999,361.0593089999999
2025-10-18,290,132,1189.4431291666665,1189.4431291666663,-2.2737367544323206e-13,0.2508,298.31233679499996,298.31233679499996
2025-10-18,290,133,0.0,0.0,0.0,0.3391,0.0,0.0
2025-10-18,290,134,0.0,0.0,0.0,0.3868,0.0,0.0
2025-10-18,290,135,421.1496883333333,421.1496883333333,0.0,0.3436,144.70703291133333,144.70703291133333
2025-10-18,290,136,1183.9783724999998,1183.9783724999998,0.0,0.3017,357.20627498324995,357.20627498324995
2025-10-18,290,137,1187.2634166666664,1187.2634166666658,-6.821210263296962e-13,0.2916,346.20601229999994,346.2060122999999
2025-10-18,290,138,1249.794057703703,1249.794057703703,0.0,0.2734,341.69369537619235,341.69369537619235
2025-10-18,290,139,1237.4452883333333,1237.4452883333333,0.0,0.308,381.13314880666667,381.13314880666667
2025-10-18,290,140,1223.2530833333333,1223.2530833333333,0.0,0.3622,443.0622667833333,443.0622667833333
2025-10-18,290,141,1285.7275100109198,1283.3928341666665,-2.3346758442532973,0.3422,439.97595392573675,439.576490888785
2025-10-18,290,142,352.5956796159724,352.5956796159724,0.0,0.3801,134.02161782203112,134.02161782203112
2025-10-18,290,143,0.0,0.0,0.0,0.4665,0.0,0.0
2025-10-19,291,0,1317.0758475,1317.0758475,0.0,0.4549,599.13780302775,599.13780302775
2025-10-19,291,1,1290.6238741666666,1290.6238741666666,0.0,0.4426,571.2301267061666,571.2301267061666
2025-10-19,291,2,1297.9170833333333,1297.9170833333333,0.0,0.4651,603.6612354583333,603.6612354583333
2025-10-19,291,3,521.1332516666666,521.1332516666666,0.0,0.4513,235.18743647716664,235.18743647716664
2025-10-19,291,4,535.4280716666665,535.4280716666665,0.0,0.4062,217.49088271099993,217.49088271099993
2025-10-19,291,5,500.2691666666665,500.2691666666665,0.0,0.379,189.6020141666666,189.6020141666666
2025-10-19,291,6,495.77747499999987,495.77747499999987,0.0,0.414,205.25187464999993,205.25187464999993
2025-10-19,291,7,1314.8904674999999,1314.8904674999999,0.0,0.4412,580.1296742609999,580.1296742609999
2025-10-19,291,8,1307.2737499999998,1307.2737499999998,0.0,0.4301,562.2584398749999,562.2584398749999
2025-10-19,291,9,517.9627591666667,517.9627591666667,0.0,0.4149,214.90274877825001,214.90274877825001
2025-10-19,291,10,535.7304141666667,535.7304141666667,0.0,0.4176,223.72102095600005,223.72102095600005
2025-10-19,291,11,1351.5236666666665,1351.5236666666665,0.0,0.4281,578.5872817,578.5872817
2025-10-19,291,12,0.2992471760617061,0.2992471760617061,0.0,0.4221,0.12631223301564612,0.12631223301564612
2025-10-19,291,13,0.0,0.0,0.0,0.4295,0.0,0.0
2025-10-19,291,14,0.0,0.0,0.0,0.4436,0.0,0.0
2025-10-19,291,15,0.0,0.0,0.0,0.4216,0.0,0.0
2025-10-19,291,16,0.0,0.0,0.0,0.3822,0.0,0.0
2025-10-19,291,17,547.6491666666667,547.6491666666667,0.0,0.3821,209.25674658333335,209.25674658333335
2025-10-19,291,18,511.72312083333316,511.72312083333316,0.0,0.4532,231.91291836166658,231.91291836166658
2025-10-19,291,19,504.4613208333333,504.4613208333333,0.0,0.4461,225.04019522374998,225.04019522374998
2025-10-19,291,20,538.7345833333331,538.7345833333331,0.0,0.3866,208.2747899166666,208.2747899166666
2025-10-19,291,21,554.9085208333333,554.9085208333333,0.0,0.4438,246.2684015458333,246.2684015458333
2025-10-19,291,22,560.2926508333334,560.2926508333334,0.0,0.4836,270.957525943,270.957525943
2025-10-19,291,23,561.6770833333333,561.6770833333333,0.0,0.4583,257.41660729166665,257.41660729166665
2025-10-19,291,24,549.7833408333333,549.7833408333333,0.0,0.4588,252.24059677433334,252.24059677433334
2025-10-19,291,25,528.3992583333333,528.3992583333333,0.0,0.4744,250.6726081533333,250.6726081533333
2025-10-19,291,26,1134.63898167343,1134.63898167343,0.0,0.4704,533.7341769791815,533.7341769791815
2025-10-19,291,27,523.6606091666666,523.6606091666666,0.0,0.437,228.83968620583332,228.83968620583332
2025-10-19,291,28,549.0736024999999,549.0736024999999,0.0,0.4439,243.73377214974997,243.73377214974997
2025-10-19,291,29,567.1459166666666,567.1459166666666,0.0,0.4709,267.0690121583333,267.0690121583333
2025-10-19,291,30,1389.6624724999997,1389.6624724999997,0.0,0.4327,601.3069518507498,601.3069518507498
2025-10-19,291,31,576.1567033333332,576.1567033333332,0.0,0.4177,240.66065498233328,240.66065498233328
2025-10-19,291,32,1423.9030833333331,1423.9030833333331,0.0,0.4213,599.8903690083332,599.8903690083332
2025-10-19,291,33,1345.7727808333332,1345.7727808333332,0.0,0.3938,529.9653210921666,529.9653210921666
2025-10-19,291,34,80.56423199999898,80.56423199999898,0.0,0.6326,50.96493316319936,50.96493316319936
2025-10-19,291,35,0.0,0.0,0.0,1.0015,0.0,0.0
2025-10-19,291,36,0.0,0.0,0.0,1.0268,0.0,0.0
2025-10-19,291,37,0.0,0.0,0.0,0.9612,0.0,0.0
2025-10-19,291,38,0.0,0.0,0.0,0.9766,0.0,0.0
2025-10-19,291,39,0.0,0.0,0.0,0.9872,0.0,0.0
2025-10-19,291,40,0.0,0.0,0.0,0.9483,0.0,0.0
2025-10-19,291,41,0.0,0.0,0.0,0.8892,0.0,0.0
2025-10-19,291,42,0.0,0.0,0.0,0.8768,0.0,0.0
2025-10-19,291,43,0.0,349.0929227649805,349.0929227649805,0.8847,0.0,463.2637631552674
2025-10-19,291,44,0.0,1189.1281916666667,1189.1281916666667,0.8468,0.0,1510.430629055
2025-10-19,291,45,0.0,271.09023222222226,271.09023222222226,0.7586,0.0,308.4735752456667
2025-10-19,291,46,0.0,0.0,0.0,0.9055,0.0,0.0
2025-10-19,291,47,0.0,0.0,0.0,1.2015,0.0,0.0
2025-10-19,291,48,0.0,0.0,0.0,1.2525,0.0,0.0
2025-10-19,291,49,0.0,0.0,0.0,1.2065,0.0,0.0
2025-10-19,291,50,0.0,0.0,0.0,1.1976,0.0,0.0
2025-10-19,291,51,0.0,0.0,0.0,1.2002,0.0,0.0
2025-10-19,291,52,0.0,0.0,0.0,1.1687,0.0,0.0
2025-10-19,291,53,0.0,0.0,0.0,1.0966,0.0,0.0
2025-10-19,291,54,0.0,0.0,0.0,1.0256,0.0,0.0
2025-10-19,291,55,0.0,0.0,0.0,1.0141,0.0,0.0
2025-10-19,291,56,0.0,0.0,0.0,1.0285,0.0,0.0
2025-10-19,291,57,0.0,0.0,0.0,0.9833,0.0,0.0
2025-10-19,291,58,0.0,0.0,0.0,0.96,0.0,0.0
2025-10-19,291,59,0.0,0.0,0.0,0.9635,0.0,0.0
2025-10-19,291,60,0.0,0.0,0.0,0.9176,0.0,0.0
2025-10-19,291,61,0.0,0.0,0.0,0.8956,0.0,0.0
2025-10-19,291,62,0.0,0.0,0.0,0.9324,0.0,0.0
2025-10-19,291,63,0.0,0.0,0.0,0.9519,0.0,0.0
2025-10-19,291,64,0.0,0.0,0.0,0.7588,0.0,0.0
2025-10-19,291,65,0.0,0.0,0.0,0.4861,0.0,0.0
2025-10-19,291,66,0.0,0.0,0.0,0.4797,0.0,0.0
2025-10-19,291,67,0.0,0.0,0.0,0.5166,0.0,0.0
2025-10-19,291,68,0.0,0.0,0.0,0.4715,0.0,0.0
2025-10-19,291,69,404.78006916666686,367.7659138888889,-37.014155277777945,0.4371,176.92936823275008,168.8399245967917
2025-10-19,291,70,394.2375408333329,312.4678752777776,-81.76966555555532,0.4061,160.0998653324165,143.496534741361
2025-10-19,291,71,463.0741333333333,428.2586666666665,-34.815466666666794,0.3882,179.76537856,173.00769647999996
2025-10-19,291,72,479.2992286111113,412.3257352777774,-66.97349333333386,0.4225,202.5039240881945,188.35577362152773
2025-10-19,291,73,408.4701055555553,387.5884947222221,-20.881610833333184,0.4835,197.49529603611097,192.44716661715267
2025-10-19,291,74,348.8977916666664,348.8977916666664,0.0,0.5007,174.6931242874999,174.6931242874999
2025-10-19,291,75,442.1806186111115,442.1806186111117,1.7053025658242404e-13,0.4523,199.99829379780573,199.99829379780584
2025-10-19,291,76,0.0,0.0,0.0,0.6068,0.0,0.0
2025-10-19,291,77,0.0,0.0,0.0,0.8821,0.0,0.0
2025-10-19,291,78,0.0,0.0,0.0,0.9073,0.0,0.0
2025-10-19,291,79,0.0,0.0,0.0,0.8442,0.0,0.0
2025-10-19,291,80,0.0,0.0,0.0,0.8406,0.0,0.0
2025-10-19,291,81,0.0,0.0,0.0,0.8853,0.0,0.0
2025-10-19,291,82,0.0,0.0,0.0,0.9397,0.0,0.0
2025-10-19,291,83,0.0,0.0,0.0,0.9895,0.0,0.0
2025-10-19,291,84,0.0,0.0,0.0,1.0348,0.0,0.0
2025-10-19,291,85,0.0,0.0,0.0,1.0227,0.0,0.0
2025-10-19,291,86,0.0,0.0,0.0,1.0138,0.0,0.0
2025-10-19,291,87,0.0,0.0,0.0,1.1034,0.0,0.0
2025-10-19,291,88,0.0,0.0,0.0,1.0335,0.0,0.0
2025-10-19,291,89,975.4003787037055,975.4003787037055,0.0,0.8143,794.2685283784274,794.2685283784274
2025-10-19,291,90,300.63913194444444,300.63913194444444,0.0,0.7348,220.90963415277778,220.90963415277778
2025-10-19,291,91,329.8739172222222,329.87391722222213,-5.684341886080802e-14,0.7725,254.82760105416662,254.82760105416662
2025-10-19,291,92,357.3804833333334,357.3804833333335,5.684341886080802e-14,0.8513,304.2380054616667,304.2380054616668
2025-10-19,291,93,353.65801527777796,353.65801527777796,0.0,0.919,325.011716040278,325.011716040278
2025-10-19,291,94,378.8662222222219,378.8662222222219,0.0,0.9094,344.54094248888856,344.54094248888856
2025-10-19,291,95,459.54049999999984,459.54049999999984,0.0,0.8794,404.11991569999986,404.11991569999986
2025-10-19,291,96,560.0950552777779,560.0950552777779,0.0,0.9472,530.5220363591112,530.5220363591112
2025-10-19,291,97,576.5534197222223,576.5534197222223,0.0,0.9801,565.0800066697501,565.0800066697501
2025-10-19,291,98,496.6499140833318,496.6499140833319,1.1368683772161603e-13,0.9555,474.54899290662354,474.5489929066237
2025-10-19,291,99,610.045571111111,639.078677222222,29.03310611111101,0.9813,598.6377189313332,641.3729994715831
2025-10-19,291,100,698.9757705555553,698.9757705555552,-1.1368683772161603e-13,0.9909,692.6150910434998,692.6150910434997
2025-10-19,291,101,649.1451333333332,649.1451333333332,0.0,0.9955,646.2239802333332,646.2239802333332
2025-10-19,291,102,677.2425324999997,716.791446694445,39.548914194445274,1.0778,729.9320015284998,793.8707311066595
2025-10-19,291,103,705.7088538888892,705.7088538888892,0.0,1.1205,790.7467707825003,790.7467707825003
2025-10-19,291,104,761.8594333333332,761.8594333333332,0.0,1.1022,839.7214674199998,839.7214674199998
2025-10-19,291,105,799.8797711111108,799.879771111111,2.2737367544323206e-13,1.1246,899.5447905915553,899.5447905915556
2025-10-19,291,106,727.7617663888892,727.7617663888892,0.0,1.1901,866.1092781794171,866.1092781794171
2025-10-19,291,107,593.6339750000003,602.5134999999999,8.879524999999603,1.2562,745.7229993950003,762.4546883524996
2025-10-19,291,108,0.0,580.57561,580.57561,1.2825,0.0,1116.8823297375
2025-10-19,291,109,0.0,0.0,0.0,1.3055,0.0,0.0
2025-10-19,291,110,0.0,0.0,0.0,1.3186,0.0,0.0
2025-10-19,291,111,0.0,579.4380491666665,579.4380491666665,1.2844,0.0,1116.3453455244996
2025-10-19,291,112,493.422672965077,557.5757408333334,64.15306786825636,1.2889,635.9724831846878,760.0028169477812
2025-10-19,291,113,0.0,558.5728333333334,558.5728333333334,1.3244,0.0,1109.6607907000002
2025-10-19,291,114,623.7197586110999,623.7197586110998,-1.1368683772161603e-13,1.2984,809.8377345806521,809.8377345806521
2025-10-19,291,115,0.0,631.1011075000002,631.1011075000002,1.2765,0.0,1208.4008455856253
2025-10-19,291,116,0.0,0.0,0.0,1.2814,0.0,0.0
2025-10-19,291,117,0.0,0.0,0.0,1.2752,0.0,0.0
2025-10-19,291,118,0.0,0.0,0.0,1.3092,0.0,0.0
2025-10-19,291,119,0.0,630.3339166666669,630.3339166666669,1.3441,0.0,1270.8477260875006
2025-10-19,291,120,0.0,605.0280824999999,605.0280824999999,1.2818,0.0,1163.2874942227497
2025-10-19,291,121,0.0,595.186008333333,595.186008333333,1.2407,0.0,1107.6709208087493
2025-10-19,291,122,0.0,122.49291879295426,122.49291879295426,1.2798,0.0,235.14965620683432
2025-10-19,291,123,0.0,570.0710050135752,570.0710050135752,1.3157,0.0,1125.0636319445416
2025-10-19,291,124,640.7848858333333,595.9151534722248,-44.869732361108504,1.1645,746.1939995529167,720.0685978856613
2025-10-19,291,125,646.4891666666665,640.34875,-6.1404166666665105,0.9197,594.5760865833331,591.7524159791666
2025-10-19,291,126,638.0982575,600.4706033333333,-37.62765416666673,0.8693,554.69881524475,538.3439553612084
2025-10-19,291,127,616.6363116666666,584.5130883333334,-32.12322333333327,0.8837,544.9215086198334,530.72786239
2025-10-19,291,128,663.0990833333333,592.6077500000001,-70.49133333333316,0.9191,609.4543674916666,577.0600752583333
2025-10-19,291,129,666.2786958333332,627.9796741666667,-38.29902166666659,1.0179,678.2050844887499,658.7127974115
2025-10-19,291,130,638.7300025,638.7300024999998,-1.1368683772161603e-13,0.8174,522.0979040435,522.0979040434999
2025-10-19,291,131,480.1483333333333,480.14833333333337,5.684341886080802e-14,0.4215,202.3825225,202.38252250000002
2025-10-19,291,132,1303.58568,1303.58568,0.0,0.3396,442.69769692799997,442.69769692799997
2025-10-19,291,133,1333.2111216666665,1330.9524133333332,-2.2587083333332885,0.424,565.2815155866666,564.8026694199999
2025-10-19,291,134,1329.3017499999999,1274.10125,-55.20049999999992,0.4559,606.028667825,593.4457138500001
2025-10-19,291,135,1287.014430833333,1287.0144308333329,-2.2737367544323206e-13,0.376,483.91742599333327,483.9174259933332
2025-10-19,291,136,1273.8795825,1273.8795825,0.0,0.357,454.7750109525,454.7750109525
2025-10-19,291,137,1313.3196666666665,1303.7081666666666,-9.611499999999978,0.4252,558.4235222666666,556.3801173666667
2025-10-19,291,138,569.1294182138506,569.1294182138507,1.1368683772161603e-13,0.4459,253.774807581556,253.77480758155608
2025-10-19,291,139,493.76173916666653,493.7617391666665,-5.684341886080802e-14,0.4542,224.26658192949992,224.26658192949992
2025-10-19,291,140,535.3286666666667,535.3286666666665,-1.1368683772161603e-13,0.4561,244.16340486666667,244.16340486666664
2025-10-19,291,141,533.380705,533.380705,0.0,0.4155,221.6196829275,221.6196829275
2025-10-19,291,142,508.66739083333323,508.6673908333333,5.684341886080802e-14,0.4195,213.3859704545833,213.38597045458332
2025-10-19,291,143,464.4304166666665,464.4304166666664,-5.684341886080802e-14,0.4589,213.12711820833323,213.1271182083332
2025-10-20,292,0,1390.4648083333332,1390.4648083333332,0.0,0.4379,608.8845395691666,608.8845395691666
2025-10-20,292,1,1360.982563333333,1360.982563333333,0.0,0.4239,576.9205085969999,576.9205085969999
2025-10-20,292,2,520.9877499999999,520.9877499999999,0.0,0.4372,227.77584429999993,227.77584429999993
2025-10-20,292,3,576.6233366666667,576.6233366666667,0.0,0.4298,247.83271009933333,247.83271009933333
2025-10-20,292,4,0.0,0.0,0.0,0.4357,0.0,0.0
2025-10-20,292,5,0.0,0.0,0.0,0.4495,0.0,0.0
2025-10-20,292,6,1385.8020566666664,1385.8020566666664,0.0,0.4273,592.1532188136666,592.1532188136666
2025-10-20,292,7,1383.2516524999999,1383.2516524999999,0.0,0.4117,569.48470533425,569.48470533425
2025-10-20,292,8,0.0,0.0,0.0,0.418,0.0,0.0
2025-10-20,292,9,0.0,0.0,0.0,0.4207,0.0,0.0
2025-10-20,292,10,574.4867383333334,574.4867383333334,0.0,0.4286,246.2250160496667,246.2250160496667
2025-10-20,292,11,1396.3889166666665,1396.3889166666665,0.0,0.4437,619.5777623249999,619.5777623249999
2025-10-20,292,12,587.0267033333333,587.0267033333333,0.0,0.4529,265.8643939396667,265.8643939396667
2025-10-20,292,13,581.2967283333332,581.2967283333332,0.0,0.4447,258.5026550898333,258.5026550898333
2025-10-20,292,14,550.6982499999999,550.6982499999999,0.0,0.4499,247.75914267499996,247.75914267499996
2025-10-20,292,15,578.6653391666665,578.6653391666665,0.0,0.5004,289.5641357189999,289.5641357189999
2025-10-20,292,16,602.1530325,602.1530325,0.0,0.4766,286.9861352895,286.9861352895
2025-10-20,292,17,586.9985,586.9985,0.0,0.4161,244.25007585000003,244.25007585000003
2025-10-20,292,18,577.3678141666664,577.3678141666664,0.0,0.4677,270.0349266857499,270.0349266857499
2025-10-20,292,19,574.8461275,574.8461275,0.0,0.4574,262.93461871849996,262.93461871849996
2025-10-20,292,20,582.5314166666666,582.5314166666666,0.0,0.3803,221.53669775833333,221.53669775833333
2025-10-20,292,21,1434.1155125,1434.1155125,0.0,0.4163,597.02228785375,597.02228785375
2025-10-20,292,22,1448.159465,1448.159465,0.0,0.4813,696.9991505045,696.9991505045
2025-10-20,292,23,611.4918333333334,611.4918333333334,0.0,0.4821,294.80021285,294.80021285
2025-10-20,292,24,601.9565767323704,601.9565767323704,0.0,0.4184,251.85863170482378,251.85863170482378
2025-10-20,292,25,590.1860025,590.1860025,0.0,0.4157,245.34032123925,245.34032123925
2025-10-20,292,26,602.1756666666666,602.1756666666666,0.0,0.476,286.6356173333333,286.6356173333333
2025-10-20,292,27,1430.3330666666666,1430.3330666666666,0.0,0.4831,690.9939045066666,690.9939045066666
2025-10-20,292,28,610.9782116666667,610.9782116666667,0.0,0.4657,284.53255317316666,284.53255317316666
2025-10-20,292,29,0.0,0.0,0.0,0.4452,0.0,0.0
2025-10-20,292,30,1444.7574799999998,1444.7574799999998,0.0,0.4123,595.6735090039999,595.6735090039999
2025-10-20,292,31,1450.4779849999998,1450.4779849999998,0.0,0.4132,599.3375034019999,599.3375034019999
2025-10-20,292,32,631.2359166666666,631.2359166666666,0.0,0.4324,272.94641036666667,272.94641036666667
2025-10-20,292,33,1401.377495,1401.377495,0.0,0.4399,616.4659600505,616.4659600505
2025-10-20,292,34,632.8462783333333,632.8462783333333,0.0,0.6344,401.4776789746666,401.4776789746666
2025-10-20,292,35,0.0,0.0,0.0,0.9314,0.0,0.0
2025-10-20,292,36,0.0,1.8493125000002237,1.8493125000002237,1.0133,0.0,2.81086253437534
2025-10-20,292,37,0.0,0.0,0.0,0.9913,0.0,0.0
2025-10-20,292,38,0.0,0.0,0.0,0.97,0.0,0.0
2025-10-20,292,39,0.0,0.0,0.0,0.944,0.0,0.0
2025-10-20,292,40,0.0,0.0,0.0,0.9341,0.0,0.0
2025-10-20,292,41,636.1614166666666,636.1614166666665,-1.1368683772161603e-13,0.9176,583.7417159333332,583.7417159333331
2025-10-20,292,42,898.7574784379332,623.8067152777778,-274.95076316015536,0.8599,772.8415557087787,654.6264750880699
2025-10-20,292,43,1409.6744958333334,1148.2206500772916,-261.4538457560418,0.8746,1232.9013140558334,1118.5675473067163
2025-10-20,292,44,1377.3938833333332,1345.8130333333334,-31.580849999999828,0.8872,1222.023853293333,1208.0145882333334
2025-10-20,292,45,1290.1531258333334,1266.6716652777777,-23.481460555555714,0.7545,973.42053344125,964.5621524466666
2025-10-20,292,46,0.018524603257482203,0.0,-0.018524603257482203,0.9303,0.017233438410435693,0.008616719205217846
2025-10-20,292,47,0.0,0.0,0.0,1.2868,0.0,0.0
2025-10-20,292,48,0.0,0.0,0.0,1.2221,0.0,0.0
2025-10-20,292,49,0.0,0.0,0.0,1.1479,0.0,0.0
2025-10-20,292,50,0.0,0.0,0.0,1.2231,0.0,0.0
2025-10-20,292,51,0.0,0.0,0.0,1.1853,0.0,0.0
2025-10-20,292,52,0.0,0.0,0.0,1.1356,0.0,0.0
2025-10-20,292,53,0.0,0.0,0.0,1.1291,0.0,0.0
2025-10-20,292,54,0.0,0.0,0.0,1.1015,0.0,0.0
2025-10-20,292,55,0.0,0.0,0.0,1.0764,0.0,0.0
2025-10-20,292,56,0.0,0.0,0.0,1.0705,0.0,0.0
2025-10-20,292,57,0.0,0.0,0.0,1.07,0.0,0.0
2025-10-20,292,58,0.0,0.0,0.0,1.0628,0.0,0.0
2025-10-20,292,59,0.0,0.0,0.0,1.0314,0.0,0.0
2025-10-20,292,60,0.0,0.0,0.0,0.9673,0.0,0.0
2025-10-20,292,61,8.868433280416963e-05,0.0,-8.868433280416963e-05,0.9219,8.175808641216399e-05,4.0879043206081995e-05
2025-10-20,292,62,142.88634999999977,0.0,-142.88634999999977,0.9335,133.3844077249998,66.6922038624999
2025-10-20,292,63,138.34027777777806,0.0,-138.34027777777806,0.9659,133.62287430555583,66.81143715277791
2025-10-20,292,64,138.94163138888894,0.0,-138.94163138888894,0.8104,112.5982980775556,56.2991490387778
2025-10-20,292,65,936.6101166666667,684.8916666666667,-251.71845000000008,0.5488,514.0116320266667,444.9400893466667
2025-10-20,292,66,815.6050594444446,644.0599152777775,-171.54514416666711,0.4859,396.30249838405564,354.62560560876386
2025-10-20,292,67,750.6683047222218,605.4889247222222,-145.17937999999958,0.4905,368.2028034662498,332.5975605212499
2025-10-20,292,68,734.7924499999999,610.6739166666664,-124.11853333333352,0.4713,346.307681685,317.0591493049999
2025-10-20,292,69,662.0998177777778,651.4471477777777,-10.652670000000171,0.47,311.1869143555556,308.6835369055555
2025-10-20,292,70,608.587858055555,608.587858055555,0.0,0.4517,274.8991354836942,274.8991354836942
2025-10-20,292,71,618.8162833333334,494.997875,-123.81840833333342,0.4201,259.96472062833334,233.95666395791667
2025-10-20,292,72,636.7870222222224,506.98299694444404,-129.80402527777835,0.4234,269.61562520888896,242.1361130575833
2025-10-20,292,73,565.2125811111108,507.6728480555553,-57.53973305555553,0.4466,252.4239387242221,239.57531633291654
2025-10-20,292,74,479.3859249999997,479.3859249999997,0.0,0.4287,205.5127460474999,205.5127460474999
2025-10-20,292,75,546.2310472222227,546.2310472222227,0.0,0.3606,196.9709156283335,196.9709156283335
2025-10-20,292,76,409.66662864992406,409.66662864992406,0.0,0.5356,219.4174463048993,219.4174463048993
2025-10-20,292,77,0.0,0.0,0.0,0.8566,0.0,0.0
2025-10-20,292,78,0.0,0.0,0.0,0.9185,0.0,0.0
2025-10-20,292,79,0.0,0.0,0.0,0.9406,0.0,0.0
2025-10-20,292,80,0.0,0.0,0.0,1.0139,0.0,0.0
2025-10-20,292,81,0.0,0.0,0.0,0.9959,0.0,0.0
2025-10-20,292,82,0.0,0.0,0.0,0.961,0.0,0.0
2025-10-20,292,83,0.0,0.0,0.0,0.9388,0.0,0.0
2025-10-20,292,84,0.0,0.0,0.0,0.8911,0.0,0.0
2025-10-20,292,85,0.0,0.0,0.0,0.9128,0.0,0.0
2025-10-20,292,86,0.0,0.0,0.0,0.9993,0.0,0.0
2025-10-20,292,87,0.0,0.0,0.0,1.0179,0.0,0.0
2025-10-20,292,88,0.0,0.0,0.0,0.8666,0.0,0.0
2025-10-20,292,89,362.091466666667,362.091466666667,0.0,0.6867,248.6482101600002,248.6482101600002
2025-10-20,292,90,1201.1208319444443,1201.1208319444443,0.0,0.7328,880.1813456488887,880.1813456488887
2025-10-20,292,91,1234.616612222222,1234.616612222222,0.0,0.7854,969.6678872393333,969.6678872393333
2025-10-20,292,92,1146.0752194444449,1146.0752194444447,-2.2737367544323206e-13,0.7704,882.9363490600003,882.9363490600002
2025-10-20,292,93,474.9053769444445,474.9053769444445,0.0,0.8243,391.46450221530563,391.46450221530563
2025-10-20,292,94,511.396577222222,511.3965772222221,1.1368683772161603e-13,0.867,443.38083245166644,443.3808324516666
2025-10-20,292,95,604.3537333333334,604.3537333333334,0.0,0.8819,532.9795574266667,532.9795574266667
2025-10-20,292,96,701.6048258333334,701.6048258333334,0.0,0.9394,659.0875733878333,659.0875733878333
2025-10-20,292,97,727.6825466265389,727.6825466265389,0.0,0.9787,712.1829083833936,712.1829083833936
2025-10-20,292,98,695.65661786111,695.65661786111,0.0,0.9708,675.3434446195656,675.3434446195656
2025-10-20,292,99,791.8879224999996,791.8879224999996,0.0,0.958,758.6286297549996,758.6286297549996
2025-10-20,292,100,860.8262509567892,860.8262509567892,0.0,1.0001,860.9123335818848,860.9123335818848
2025-10-20,292,101,844.1471695000007,844.1471695000007,0.0,1.0607,895.3869026886507,895.3869026886507
2025-10-20,292,102,949.5983574999998,949.5983574999998,0.0,1.053,999.9270704474998,999.9270704474998
2025-10-20,292,103,942.2094330555555,942.2094330555555,0.0,1.0801,1017.6804086433056,1017.6804086433056
2025-10-20,292,104,967.10385,967.10385,0.0,1.1249,1087.895120865,1087.895120865
2025-10-20,292,105,1019.9726369444445,1019.9726369444445,0.0,1.0793,1100.8564670541389,1100.8564670541389
2025-10-20,292,106,897.4273450000004,897.4273450000004,0.0,1.1355,1019.0287502475004,1019.0287502475004
2025-10-20,292,107,0.0,0.0,0.0,1.2911,0.0,0.0
2025-10-20,292,108,0.0,0.0,0.0,1.3294,0.0,0.0
2025-10-20,292,109,0.0,0.0,0.0,1.2637,0.0,0.0
2025-10-20,292,110,0.0,0.0,0.0,1.1897,0.0,0.0
2025-10-20,292,111,555.9222549372905,555.9222549372905,0.0,1.1929,663.1596579146939,663.1596579146939
2025-10-20,292,112,673.9852983333332,658.6396425,-15.345655833333126,1.2305,829.3389095991664,819.8974948477082
2025-10-20,292,113,737.3095000000002,641.5605833333334,-95.74891666666679,1.2666,933.8762127000002,873.2384237750001
2025-10-20,292,114,751.0955249999998,699.3533766666666,-51.74214833333326,1.2946,972.3682666649997,938.8755740488332
2025-10-20,292,115,0.0,0.0,0.0,1.2723,0.0,0.0
2025-10-20,292,116,0.0,0.0,0.0,1.2456,0.0,0.0
2025-10-20,292,117,0.0,0.0,0.0,1.3026,0.0,0.0
2025-10-20,292,118,0.0,0.0,0.0,1.3159,0.0,0.0
2025-10-20,292,119,0.0,0.0,0.0,1.2693,0.0,0.0
2025-10-20,292,120,709.3211341666665,307.2664841349197,-402.0546500317468,1.2751,904.4553781759164,648.1254360481762
2025-10-20,292,121,0.0,0.0,0.0,1.2972,0.0,0.0
2025-10-20,292,122,0.0,0.0,0.0,1.3147,0.0,0.0
2025-10-20,292,123,0.0,0.0,0.0,1.3198,0.0,0.0
2025-10-20,292,124,744.3901883333332,675.1248658333333,-69.26532249999991,1.1525,857.9096920541666,817.9955499635416
2025-10-20,292,125,739.4136666666665,733.27325,-6.1404166666665105,0.9214,681.2957524666665,678.4668625083332
2025-10-20,292,126,785.2074941666665,697.45287,-87.75462416666653,0.9216,723.6472266239998,683.2098958079999
2025-10-20,292,127,701.288055,682.8693253444255,-18.418729655574452,0.9762,684.597399291,675.607217346114
2025-10-20,292,128,723.8235,650.1414674389098,-73.68203256109018,0.9837,712.02517695,675.7846692348277
2025-10-20,292,129,771.4144875,733.1154658333334,-38.29902166666659,0.9715,749.42917460625,730.8254248316667
2025-10-20,292,130,723.0794925,723.0794925000001,1.1368683772161603e-13,0.7149,516.92952918825,516.9295291882501
2025-10-20,292,131,521.1806396666667,521.1806396666666,-1.1368683772161603e-13,0.3604,187.83350253586667,187.83350253586667
2025-10-20,292,132,1338.8398958333332,1338.8398958333332,0.0,0.3284,439.67502179166667,439.67502179166667
2025-10-20,292,133,583.87211,583.87211,0.0,0.398,232.38109978000003,232.38109978000003
2025-10-20,292,134,562.0591666666667,562.0591666666668,1.1368683772161603e-13,0.4046,227.40913883333334,227.4091388333334
2025-10-20,292,135,1319.5472774999998,1319.5472774999998,0.0,0.3983,525.5756806282499,525.5756806282499
2025-10-20,292,136,1305.9923466666664,1305.9923466666664,0.0,0.4049,528.7963011653333,528.7963011653333
2025-10-20,292,137,1179.7250384545919,1179.7250384545919,0.0,0.4262,502.79881138934707,502.79881138934707
2025-10-20,292,138,0.0,0.0,0.0,0.4445,0.0,0.0
2025-10-20,292,139,550.8564741666665,550.8564741666664,-1.1368683772161603e-13,0.4306,237.1987977761666,237.19879777616657
2025-10-20,292,140,1379.6386666666667,1379.6386666666665,-2.2737367544323206e-13,0.4057,559.7194070666667,559.7194070666666
2025-10-20,292,141,1403.5745091666665,1400.6161091666665,-2.9583999999999833,0.4203,589.9223662027499,589.30065844275
2025-10-20,292,142,1356.4176549999997,1356.4176549999995,-2.2737367544323206e-13,0.4346,589.4991128629998,589.4991128629998
2025-10-20,292,143,494.7310416666667,494.73104166666684,1.1368683772161603e-13,0.4261,210.80489685416669,210.80489685416677
2025-10-21,293,0,1384.9074841666666,1384.9074841666666,0.0,0.4124,571.1358464703333,571.1358464703333
2025-10-21,293,1,1353.8122749999998,1353.8122749999998,0.0,0.4099,554.9276515224999,554.9276515224999
2025-10-21,293,2,508.75116666666656,508.75116666666656,0.0,0.4312,219.37350306666664,219.37350306666664
2025-10-21,293,3,1400.4203916666665,1400.4203916666665,0.0,0.467,653.9963229083334,653.9963229083334
2025-10-21,293,4,1421.2740283333333,1421.2740283333333,0.0,0.4358,619.3912215476666,619.3912215476666
2025-10-21,293,5,0.0,0.0,0.0,0.3639,0.0,0.0
2025-10-21,293,6,0.0,0.0,0.0,0.3649,0.0,0.0
2025-10-21,293,7,0.0,0.0,0.0,0.404,0.0,0.0
2025-10-21,293,8,543.6811666666666,543.6811666666666,0.0,0.4345,236.22946691666664,236.22946691666664
2025-10-21,293,9,0.0,0.0,0.0,0.4417,0.0,0.0
2025-10-21,293,10,574.1815216666666,574.1815216666666,0.0,0.4298,246.78321801233332,246.78321801233332
2025-10-21,293,11,1345.5324078811288,1345.5324078811288,0.0,0.4071,547.7662432484076,547.7662432484076
2025-10-21,293,12,594.71659,594.71659,0.0,0.3889,231.285281851,231.285281851
2025-10-21,293,13,603.5162908333332,603.5162908333332,0.0,0.4139,249.7953927759166,249.7953927759166
2025-10-21,293,14,1401.9484166666666,1401.9484166666666,0.0,0.4491,629.6150339249999,629.6150339249999
2025-10-21,293,15,1419.6665949999997,1419.6665949999997,0.0,0.4268,605.9137027459999,605.9137027459999
2025-10-21,293,16,1429.6616141666666,1429.6616141666666,0.0,0.4458,637.3431475954999,637.3431475954999
2025-10-21,293,17,0.0,0.0,0.0,0.4943,0.0,0.0
2025-10-21,293,18,568.0852049999997,568.0852049999997,0.0,0.4557,258.87642791849987,258.87642791849987
2025-10-21,293,19,582.3407216666666,582.3407216666666,0.0,0.4049,235.7897582028333,235.7897582028333
2025-10-21,293,20,0.16344566611652525,0.16344566611652525,0.0,0.4067,0.06647335240959082,0.06647335240959082
2025-10-21,293,21,1431.16806,1431.16806,0.0,0.4485,641.87887491,641.87887491
2025-10-21,293,22,612.8761666666667,612.8761666666667,0.0,0.449,275.18139883333333,275.18139883333333
2025-10-21,293,23,0.0,0.0,0.0,0.4153,0.0,0.0
2025-10-21,293,24,1426.657415,1426.657415,0.0,0.4277,610.1813763955,610.1813763955
2025-10-21,293,25,1407.8513633333332,1407.8513633333332,0.0,0.4425,622.974228275,622.974228275
2025-10-21,293,26,588.8564166666666,588.8564166666666,0.0,0.4413,259.862336675,259.862336675
2025-10-21,293,27,1435.0338216666664,1435.0338216666664,0.0,0.4543,651.9358651831666,651.9358651831666
2025-10-21,293,28,616.88137,616.88137,0.0,0.4763,293.820596531,293.820596531
2025-10-21,293,29,0.0,0.0,0.0,0.4654,0.0,0.0
2025-10-21,293,30,592.4131175,592.4131175,0.0,0.4021,238.20931454675,238.20931454675
2025-10-21,293,31,614.9461333333331,614.9461333333331,0.0,0.4512,277.4636953599999,277.4636953599999
2025-10-21,293,32,525.7560833333335,525.7560833333335,0.0,0.5408,284.32888986666677,284.32888986666677
2025-10-21,293,33,1424.423228333333,1424.423228333333,0.0,0.4712,671.1882251906666,671.1882251906666
2025-10-21,293,34,626.8569541666665,626.8569541666665,0.0,0.6387,400.3735366262499,400.3735366262499
2025-10-21,293,35,0.0,0.0,0.0,0.9775,0.0,0.0
2025-10-21,293,36,0.0,2.5372433333335493,2.5372433333335493,0.9966,0.0,3.792925059000323
2025-10-21,293,37,7.064265833333366,7.064265833333366,0.0,0.9474,6.692685450500031,6.692685450500031
2025-10-21,293,38,0.0,0.0,0.0,0.9691,0.0,0.0
2025-10-21,293,39,0.0,222.41677885714046,222.41677885714046,0.9435,0.0,314.775346277568
2025-10-21,293,40,697.7424108333331,697.7424108333331,0.0,0.9338,651.5518632361665,651.5518632361665
2025-10-21,293,41,0.0,0.0,0.0,0.9298,0.0,0.0
2025-10-21,293,42,473.21270288173275,473.2127028817328,5.684341886080802e-14,0.8613,407.5781009920364,407.57810099203647
2025-10-21,293,43,584.2555997222223,623.2445183333333,38.98891861111099,0.8921,521.2144205121946,573.3874419516527
2025-10-21,293,44,546.9080833333333,1390.0239666666666,843.1158833333334,0.9347,511.19498549166656,1693.2856097191666
2025-10-21,293,45,1262.235356111111,1288.6620733333332,26.426717222222123,0.774,976.97016563,1007.6515843249999
2025-10-21,293,46,0.0,0.0,0.0,0.896,0.0,0.0
2025-10-21,293,47,0.0,0.0,0.0,1.2425,0.0,0.0
2025-10-21,293,48,0.0,0.0,0.0,1.2431,0.0,0.0
2025-10-21,293,49,0.0,0.0,0.0,1.1598,0.0,0.0
2025-10-21,293,50,0.0,0.0,0.0,1.1795,0.0,0.0
2025-10-21,293,51,0.0,0.0,0.0,1.2057,0.0,0.0
2025-10-21,293,52,0.0,0.0,0.0,1.1742,0.0,0.0
2025-10-21,293,53,0.0,0.0,0.0,1.1038,0.0,0.0
2025-10-21,293,54,0.0,0.0,0.0,1.0673,0.0,0.0
2025-10-21,293,55,0.0,0.0,0.0,1.0651,0.0,0.0
2025-10-21,293,56,0.0,0.0,0.0,1.0742,0.0,0.0
2025-10-21,293,57,0.0,0.0,0.0,1.0696,0.0,0.0
2025-10-21,293,58,0.0,0.0,0.0,1.0397,0.0,0.0
2025-10-21,293,59,0.0,0.0,0.0,1.0167,0.0,0.0
2025-10-21,293,60,0.0,0.0,0.0,1.0384,0.0,0.0
2025-10-21,293,61,61.798993333333556,27.4386966666666,-34.360296666666954,1.0127,62.583840548666885,45.18550433150008
2025-10-21,293,62,9.956033333333153,0.0,-9.956033333333153,0.9629,9.586664496666492,4.793332248333246
2025-10-21,293,63,0.0,0.0,0.0,0.9772,0.0,0.0
2025-10-21,293,64,10.697784166666906,0.0,-10.697784166666906,0.8233,8.807485704416864,4.403742852208432
2025-10-21,293,65,803.5926333333337,745.3806500000001,-58.21198333333359,0.5606,450.49403024666685,434.17721131833343
2025-10-21,293,66,740.8052433333335,713.6605463888884,-27.14469694444506,0.5095,377.4402714783334,370.52515993173597
2025-10-21,293,67,717.9845341666664,209.76810429807233,-508.2164298685941,0.5458,391.8759587481665,253.1836950370272
2025-10-21,293,68,726.9780166666667,649.0478916666666,-77.93012500000009,0.5674,412.4873266566667,390.3785501941667
2025-10-21,293,69,702.4740975,688.9038163888888,-13.570281111111171,0.5916,415.583676081,411.56958692833336
2025-10-21,293,70,713.0041216666664,687.3987977777779,-25.605323888888506,0.5663,403.77423409983317,396.5240866406944
2025-10-21,293,71,780.1266499999999,565.2802916666665,-214.84635833333346,0.5171,403.403490715,347.8549647679166
2025-10-21,293,72,787.1082875000003,565.3085455555554,-221.79974194444492,0.5261,414.09767005375016,355.75324793526397
2025-10-21,293,73,709.2657566666664,558.7625402777778,-150.50321638888863,0.519,368.1089277099999,329.0533430570833
2025-10-21,293,74,627.8738999999999,560.7792874999998,-67.09461250000015,0.4685,294.15892214999997,278.44200917187493
2025-10-21,293,75,699.1611425000003,621.2146022222221,-77.94654027777824,0.4575,319.86622269375016,302.0359516052084
2025-10-21,293,76,815.2308758333331,739.5424427777778,-75.68843305555538,0.6445,525.4162994745832,501.02570192243047
2025-10-21,293,77,0.0,0.0,0.0,0.9081,0.0,0.0
2025-10-21,293,78,0.0,0.0,0.0,0.9462,0.0,0.0
2025-10-21,293,79,51.989373611111205,51.98937361111119,-1.4210854715202004e-14,0.9184,47.74704072444453,47.747040724444524
2025-10-21,293,80,56.85304166666617,56.85304166666618,7.105427357601002e-15,0.9277,52.742566754166205,52.74256675416621
2025-10-21,293,81,0.0,0.0,0.0,0.9215,0.0,0.0
2025-10-21,293,82,0.0,0.0,0.0,0.9227,0.0,0.0
2025-10-21,293,83,0.0,0.0,0.0,0.9561,0.0,0.0
2025-10-21,293,84,0.0,0.0,0.0,1.0122,0.0,0.0
2025-10-21,293,85,0.0,0.0,0.0,1.0262,0.0,0.0
2025-10-21,293,86,0.0,0.0,0.0,1.0221,0.0,0.0
2025-10-21,293,87,0.0,0.0,0.0,1.0594,0.0,0.0
2025-10-21,293,88,0.0,0.0,0.0,0.9437,0.0,0.0
2025-10-21,293,89,1153.7068833333337,1153.7068833333335,-2.2737367544323206e-13,0.7352,848.2053006266669,848.2053006266668
2025-10-21,293,90,1200.7035052777774,1200.703505277777,-4.547473508864641e-13,0.7144,857.7825841704442,857.782584170444
2025-10-21,293,91,1255.2696413888889,1255.2696413888887,-2.2737367544323206e-13,0.7713,968.18947440325,968.18947440325
2025-10-21,293,92,469.5916666666669,469.59166666666704,1.1368683772161603e-13,0.8035,377.31690416666686,377.316904166667
2025-10-21,293,93,496.12581537831994,496.12581537832,5.684341886080802e-14,0.824,408.80767187173564,408.8076718717357
2025-10-21,293,94,524.0529422222219,524.0529422222219,0.0,0.8712,456.5549232639997,456.5549232639997
2025-10-21,293,95,615.6845333333332,615.6845333333332,0.0,0.9193,565.9987914933332,565.9987914933332
2025-10-21,293,96,715.1751147222222,715.1751147222221,-1.1368683772161603e-13,0.9074,648.9498990989445,648.9498990989443
2025-10-21,293,97,731.9098399999996,731.9098399999996,0.0,0.9084,664.8668986559996,664.8668986559996
2025-10-21,293,98,572.757325527777,572.757325527777,0.0,0.9535,546.1241098907353,546.1241098907353
2025-10-21,293,99,773.1981447222221,773.1981447222222,1.1368683772161603e-13,1.005,777.0641354458331,777.0641354458334
2025-10-21,293,100,867.6282077777774,867.6282077777776,1.1368683772161603e-13,1.0485,909.7081758549997,909.7081758549999
2025-10-21,293,101,933.4387500000003,933.4387500000004,1.1368683772161603e-13,1.0647,993.8322371250002,993.8322371250005
2025-10-21,293,102,872.394589722222,872.394589722222,0.0,1.0387,906.156260344472,906.156260344472
2025-10-21,293,103,887.1944633333337,887.1944633333335,-2.2737367544323206e-13,1.0196,904.583474814667,904.5834748146669
2025-10-21,293,104,959.8725187654316,959.8725187654316,0.0,1.043,1001.147037072345,1001.147037072345
2025-10-21,293,105,1007.6216994444443,1007.6216994444441,-2.2737367544323206e-13,1.1139,1122.3898110111663,1122.3898110111663
2025-10-21,293,106,895.8416758333339,895.8416758333339,0.0,1.2308,1102.6019346156672,1102.6019346156672
2025-10-21,293,107,579.7202821872896,321.26645308668935,-258.4538291006003,1.3281,769.9265067729394,598.3002415586858
2025-10-21,293,108,0.0,0.0,0.0,1.3169,0.0,0.0
2025-10-21,293,109,0.0,0.0,0.0,1.2657,0.0,0.0
2025-10-21,293,110,0.0,0.0,0.0,1.243,0.0,0.0
2025-10-21,293,111,0.0,0.0,0.0,1.2608,0.0,0.0
2025-10-21,293,112,677.0770033333331,677.0770033333331,0.0,1.2686,858.9398864286663,858.9398864286663
2025-10-21,293,113,741.7354999999999,728.0411666666665,-13.694333333333361,1.2572,932.5098705999999,923.9016126666666
2025-10-21,293,114,0.0,0.0,0.0,1.2602,0.0,0.0
2025-10-21,293,115,0.0,0.0,0.0,1.2581,0.0,0.0
2025-10-21,293,116,695.7871666666666,695.7871666666668,2.2737367544323206e-13,1.2665,881.2144465833333,881.2144465833337
2025-10-21,293,117,0.0,0.0,0.0,1.3135,0.0,0.0
2025-10-21,293,118,0.0,0.0,0.0,1.2897,0.0,0.0
2025-10-21,293,119,0.0,0.0,0.0,1.2279,0.0,0.0
2025-10-21,293,120,706.5370791666667,706.5147374999716,-0.022341666695069762,1.2672,895.32378672,895.3096310399822
2025-10-21,293,121,0.0,0.0,0.0,1.2743,0.0,0.0
2025-10-21,293,122,0.0,0.0,0.0,1.2522,0.0,0.0
2025-10-21,293,123,0.0,0.0,0.0,1.3113,0.0,0.0
2025-10-21,293,124,736.1978566666667,699.0974675000001,-37.10038916666656,1.1835,871.290163365,849.336008075625
2025-10-21,293,125,733.2779166666666,733.2779166666667,1.1368683772161603e-13,0.9386,688.2546525833333,688.2546525833334
2025-10-21,293,126,782.2939091666664,782.2939091666664,0.0,0.9337,730.4278229889163,730.4278229889163
2025-10-21,293,127,718.6168775,706.7011549999999,-11.915722500000129,0.9501,682.75789531275,677.0973313391248
2025-10-21,293,128,728.29425,649.15375,-79.14050000000009,0.9223,671.7057867750001,635.2101451999999
2025-10-21,293,129,759.0208825,411.28425025000075,-347.7366322499992,0.9709,736.9333748192499,568.1246266934879
2025-10-21,293,130,715.352955,588.6503683333332,-126.70258666666678,0.7772,555.972316626,506.73569144733324
2025-10-21,293,131,1339.524,1339.5240000000001,2.2737367544323206e-13,0.43,575.99532,575.9953200000001
2025-10-21,293,132,1357.1301216666666,1338.4216,-18.708521666666684,0.3723,505.2595442965,501.77695298825
2025-10-21,293,133,592.6388133333334,577.4623093518547,-15.176503981478618,0.3945,233.79601186000002,230.80244644965336
2025-10-21,293,134,0.0,0.0,0.0,0.3729,0.0,0.0
2025-10-21,293,135,1321.315943333333,1321.3159433333333,2.2737367544323206e-13,0.4026,531.9617987859999,531.961798786
2025-10-21,293,136,1312.4301941666665,1312.4301941666665,0.0,0.4363,572.6132937149166,572.6132937149166
2025-10-21,293,137,1328.6789999999999,1328.6789999999999,0.0,0.4299,571.1991020999999,571.1991020999999
2025-10-21,293,138,556.7414341666666,556.7414341666665,-1.1368683772161603e-13,0.3934,219.02208020116666,219.02208020116666
2025-10-21,293,139,544.8457683333332,544.8457683333334,1.1368683772161603e-13,0.3884,211.61809642066663,211.6180964206667
2025-10-21,293,140,439.64152755913403,439.641527559134,-5.684341886080802e-14,0.4238,186.320079379561,186.32007937956098
2025-10-21,293,141,590.6823949999999,590.6823949999996,-3.410605131648481e-13,0.445,262.85366577499997,262.85366577499985
2025-10-21,293,142,1376.422328333333,1376.422328333333,0.0,0.4069,560.0662453988332,560.0662453988332
2025-10-21,293,143,1286.9672083333332,1286.9672083333332,0.0,0.3559,458.0316294458333,458.0316294458333
2025-10-22,294,0,1385.03024,1385.03024,0.0,0.3855,533.92915752,533.92915752
2025-10-22,294,1,1350.5386958333333,1350.5386958333333,0.0,0.4253,574.3841073379167,574.3841073379167
2025-10-22,294,2,1335.0294166666665,1335.0294166666665,0.0,0.4266,569.5235491499999,569.5235491499999
2025-10-22,294,3,1406.9729841666667,1406.9729841666667,0.0,0.4121,579.8135667750834,579.8135667750834
2025-10-22,294,4,0.0131724497987773,0.0131724497987773,0.0,0.4328,0.005701036272910816,0.005701036272910816
2025-10-22,294,5,0.0,0.0,0.0,0.4715,0.0,0.0
2025-10-22,294,6,0.0,0.0,0.0,0.4606,0.0,0.0
2025-10-22,294,7,550.4906758333332,550.4906758333332,0.0,0.4289,236.1054508649166,236.1054508649166
2025-10-22,294,8,544.7561666666667,544.7561666666667,0.0,0.4336,236.20627386666666,236.20627386666666
2025-10-22,294,9,1413.0995808333332,1413.0995808333332,0.0,0.4953,699.90822238675,699.90822238675
2025-10-22,294,10,1416.2307725,1416.2307725,0.0,0.4804,680.357263109,680.357263109
2025-10-22,294,11,1394.29225,1394.29225,0.0,0.4054,565.24607815,565.24607815
2025-10-22,294,12,0.0,0.0,0.0,0.4205,0.0,0.0
2025-10-22,294,13,0.0,0.0,0.0,0.4561,0.0,0.0
2025-10-22,294,14,0.0,0.0,0.0,0.4554,0.0,0.0
2025-10-22,294,15,584.2115608333331,584.2115608333331,0.0,0.436,254.71624052333325,254.71624052333325
2025-10-22,294,16,945.8933358666259,945.8933358666259,0.0,0.4335,410.04476109818233,410.04476109818233
2025-10-22,294,17,0.0,0.0,0.0,0.4363,0.0,0.0
2025-10-22,294,18,0.0,0.0,0.0,0.4063,0.0,0.0
2025-10-22,294,19,567.1892008333334,567.1892008333334,0.0,0.4014,227.6697452145,227.6697452145
2025-10-22,294,20,1419.8534166666664,1419.8534166666664,0.0,0.4307,611.5308665583333,611.5308665583333
2025-10-22,294,21,1445.8837316666668,1445.8837316666668,0.0,0.4456,644.2857908306668,644.2857908306668
2025-10-22,294,22,1452.8650533333334,1452.8650533333334,0.0,0.4582,665.7027674373334,665.7027674373334
2025-10-22,294,23,614.1218333333334,614.1218333333334,0.0,0.4703,288.82149821666667,288.82149821666667
2025-10-22,294,24,1442.4443266666665,1442.4443266666665,0.0,0.4654,671.3135896306666,671.3135896306666
2025-10-22,294,25,596.3827774999999,596.3827774999999,0.0,0.4552,271.4734403179999,271.4734403179999
2025-10-22,294,26,586.8911666666667,586.8911666666667,0.0,0.4435,260.2862324166667,260.2862324166667
2025-10-22,294,27,0.0,0.0,0.0,0.4249,0.0,0.0
2025-10-22,294,28,0.0,0.0,0.0,0.4206,0.0,0.0
2025-10-22,294,29,611.0050833333333,611.0050833333333,0.0,0.4303,262.91548735833334,262.91548735833334
2025-10-22,294,30,1421.3692816666667,1421.3692816666667,0.0,0.4333,615.8793097461667,615.8793097461667
2025-10-22,294,31,1460.428925833333,1460.428925833333,0.0,0.4367,637.7693119114165,637.7693119114165
2025-10-22,294,32,665.0195833333333,665.0195833333333,0.0,0.4116,273.7220605,273.7220605
2025-10-22,294,33,1418.6360074999998,1418.6360074999998,0.0,0.3653,518.2277335397499,518.2277335397499
2025-10-22,294,34,633.6989633333332,633.6989633333332,0.0,0.6027,381.9303652009999,381.9303652009999
2025-10-22,294,35,0.0,0.0,0.0,0.9826,0.0,0.0
2025-10-22,294,36,0.0,0.0,0.0,1.0275,0.0,0.0
2025-10-22,294,37,0.0,0.0,0.0,0.9834,0.0,0.0
2025-10-22,294,38,0.0,0.0,0.0,0.9935,0.0,0.0
2025-10-22,294,39,0.0,0.0,0.0,0.9548,0.0,0.0
2025-10-22,294,40,705.999106111111,705.9991061111109,-1.1368683772161603e-13,0.9344,659.6855647502222,659.685564750222
2025-10-22,294,41,665.1122833333332,665.112283333333,-1.1368683772161603e-13,0.9416,626.2697259866665,626.2697259866663
2025-10-22,294,42,0.0,0.0,0.0,0.9159,0.0,0.0
2025-10-22,294,43,569.2023086111111,569.2023086111111,0.0,0.9249,526.4552152344166,526.4552152344166
2025-10-22,294,44,1369.2721999999999,1338.0835083333332,-31.188691666666728,0.9154,1253.4317718799998,1239.1567077041666
2025-10-22,294,45,1268.158831388889,1236.4422980555555,-31.716533333333473,0.8012,1016.0488557087779,1003.3432124554445
2025-10-22,294,46,498.49081611111126,498.4908161111113,5.684341886080802e-14,0.9545,475.8094839780557,475.80948397805577
2025-10-22,294,47,0.0,0.0,0.0,1.2901,0.0,0.0
2025-10-22,294,48,0.0,0.0,0.0,1.3169,0.0,0.0
2025-10-22,294,49,0.0,0.0,0.0,1.2097,0.0,0.0
2025-10-22,294,50,0.0,0.0,0.0,1.1648,0.0,0.0
2025-10-22,294,51,0.0,0.0,0.0,1.1977,0.0,0.0
2025-10-22,294,52,0.0,0.0,0.0,1.207,0.0,0.0
2025-10-22,294,53,0.0,0.0,0.0,1.1683,0.0,0.0
2025-10-22,294,54,0.0,0.0,0.0,1.1454,0.0,0.0
2025-10-22,294,55,0.0,0.0,0.0,1.1395,0.0,0.0
2025-10-22,294,56,0.0,0.0,0.0,1.1283,0.0,0.0
2025-10-22,294,57,126.02382815951091,160.14042526620466,34.116597106693746,1.0926,137.69363464708164,193.607325645242
2025-10-22,294,58,0.0,160.60231083333326,160.60231083333326,1.0506,0.0,253.09318164224987
2025-10-22,294,59,0.0,0.0,0.0,1.0225,0.0,0.0
2025-10-22,294,60,0.0,0.0,0.0,1.0117,0.0,0.0
2025-10-22,294,61,0.0,0.0,0.0,0.9879,0.0,0.0
2025-10-22,294,62,33.24616666666634,0.0,-33.24616666666634,0.9732,32.35516939999968,16.17758469999984
2025-10-22,294,63,21.586453333333566,0.0,-21.586453333333566,0.9874,21.314464021333563,10.657232010666782
2025-10-22,294,64,13.849838333333537,0.0,-13.849838333333537,0.8153,11.291773193166833,5.645886596583416
2025-10-22,294,65,209.04660198325794,0.0,-209.04660198325794,0.5525,115.49824759575002,57.74912379787501
2025-10-22,294,66,703.8356183333335,619.6981766666668,-84.13744166666675,0.5269,370.85098729983343,348.6849782927501
2025-10-22,294,67,661.8245008333331,606.9895000000001,-54.83500083333297,0.5251,347.5240453875832,333.1271159187917
2025-10-22,294,68,655.7414250000004,643.4753842054845,-12.266040794515902,0.4766,312.5263631550002,309.603365633667
2025-10-22,294,69,592.0132841666666,592.0132841666666,0.0,0.5223,309.20853832024994,309.20853832024994
2025-10-22,294,70,574.9750441666663,574.9750441666663,0.0,0.5285,303.8743108420831,303.8743108420831
2025-10-22,294,71,636.4087000000003,612.7012916666667,-23.707408333333547,0.4704,299.36665248000014,293.7906700400001
2025-10-22,294,72,637.6220322222227,598.0767958333329,-39.54523638888986,0.4658,297.00434260911135,287.79425705413894
2025-10-22,294,73,553.0377686111108,553.0377686111108,0.0,0.478,264.35205339611093,264.35205339611093
2025-10-22,294,74,465.96052499999985,465.96052499999985,0.0,0.4629,215.6931270224999,215.6931270224999
2025-10-22,294,75,524.7369055555561,524.7369055555561,0.0,0.4494,235.8167653566669,235.8167653566669
2025-10-22,294,76,604.5435852777777,604.5435852777777,0.0,0.6146,371.5524875117222,371.5524875117222
2025-10-22,294,77,0.0,0.0,0.0,0.8621,0.0,0.0
2025-10-22,294,78,0.0,0.0,0.0,0.8962,0.0,0.0
2025-10-22,294,79,0.0,0.0,0.0,0.8601,0.0,0.0
2025-10-22,294,80,0.0,0.0,0.0,0.8677,0.0,0.0
2025-10-22,294,81,0.0,0.0,0.0,0.8936,0.0,0.0
2025-10-22,294,82,0.0,0.0,0.0,0.9216,0.0,0.0
2025-10-22,294,83,0.0,0.0,0.0,0.9364,0.0,0.0
2025-10-22,294,84,0.0,0.0,0.0,0.9316,0.0,0.0
2025-10-22,294,85,0.0,0.0,0.0,0.9425,0.0,0.0
2025-10-22,294,86,0.0,0.0,0.0,0.9767,0.0,0.0
2025-10-22,294,87,0.0,0.0,0.0,0.9876,0.0,0.0
2025-10-22,294,88,0.0,0.0,0.0,0.8756,0.0,0.0
2025-10-22,294,89,333.0601283950631,333.06012839506326,1.7053025658242404e-13,0.7054,234.9406145698775,234.94061456987768
2025-10-22,294,90,1090.294943333333,1090.294943333333,0.0,0.6642,724.1739013619998,724.1739013619998
2025-10-22,294,91,308.624155,308.624155,0.0,0.7181,221.62300570549996,221.62300570549996
2025-10-22,294,92,375.5158500000001,375.5158500000001,0.0,0.7835,294.21666847500006,294.21666847500006
2025-10-22,294,93,400.4096783333333,400.4096783333333,0.0,0.8095,324.1316346108333,324.1316346108333
2025-10-22,294,94,445.37063166666644,445.37063166666644,0.0,0.8415,374.7793865474998,374.7793865474998
2025-10-22,294,95,536.6789833333331,536.6789833333331,0.0,0.8881,476.6246050983331,476.6246050983331
2025-10-22,294,96,632.8011830555556,632.8011830555556,0.0,0.9134,578.0006006029445,578.0006006029445
2025-10-22,294,97,669.4235203765404,669.4235203765404,0.0,0.9468,633.8101890925085,633.8101890925085
2025-10-22,294,98,658.1992235555525,663.8669137499973,5.667690194444731,0.9878,650.1691930281747,658.5670095892835
2025-10-22,294,99,716.4794080555554,767.5584641666665,51.07905611111107,1.0064,721.0648762671109,798.1738193724442
2025-10-22,294,100,783.2545120679022,796.2403541666667,12.985842098764579,1.0397,814.349716196998,834.6017862421263
2025-10-22,294,101,823.3199,823.3199,0.0,1.0785,887.95051215,887.95051215
2025-10-22,294,102,867.6848638888885,920.3008561111108,52.6159922222223,1.0752,932.9347656533328,1017.7938379093329
2025-10-22,294,103,883.0654158333335,954.1502597222221,71.0848438888886,1.0821,955.5650864732503,1070.9464508314998
2025-10-22,294,104,938.647525,938.6475250000001,1.1368683772161603e-13,1.0943,1027.1619866075,1027.1619866075002
2025-10-22,294,105,1010.8972333333331,1010.897233333333,-1.1368683772161603e-13,1.0687,1080.345873263333,1080.345873263333
2025-10-22,294,106,906.5731400000004,906.5731400000004,0.0,1.1309,1025.2435640260005,1025.2435640260005
2025-10-22,294,107,687.4818083333337,687.4818083333338,1.1368683772161603e-13,1.2655,870.0082284458338,870.008228445834
2025-10-22,294,108,0.0,0.0,0.0,1.3154,0.0,0.0
2025-10-22,294,109,0.0,0.0,0.0,1.2931,0.0,0.0
2025-10-22,294,110,0.0,512.3352744296499,512.3352744296499,1.2636,0.0,971.0802791539584
2025-10-22,294,111,0.0,0.0,0.0,1.273,0.0,0.0
2025-10-22,294,112,0.0,0.0,0.0,1.2651,0.0,0.0
2025-10-22,294,113,735.3115833333333,735.3115833333334,1.1368683772161603e-13,1.2386,910.7569271166665,910.7569271166667
2025-10-22,294,114,700.8921983333333,700.8921983333333,0.0,1.2499,876.0451586968334,876.0451586968334
2025-10-22,294,115,0.0,0.0,0.0,1.2638,0.0,0.0
2025-10-22,294,116,0.0,0.0,0.0,1.2687,0.0,0.0
2025-10-22,294,117,0.0,0.0,0.0,1.2857,0.0,0.0
2025-10-22,294,118,0.0,0.0,0.0,1.2814,0.0,0.0
2025-10-22,294,119,662.6168333333331,708.0853333333333,45.468500000000176,1.2643,837.7464623833331,923.9751992083334
2025-10-22,294,120,409.9795752150684,409.97957521506834,-5.684341886080802e-14,1.275,522.7239583992122,522.723958399212
2025-10-22,294,121,0.0,0.0,0.0,1.2652,0.0,0.0
2025-10-22,294,122,0.0,0.0,0.0,1.2671,0.0,0.0
2025-10-22,294,123,0.0,0.0,0.0,1.3348,0.0,0.0
2025-10-22,294,124,737.1087441666666,711.4734616666667,-25.635282499999903,1.2134,894.4077501718333,878.8548242790833
2025-10-22,294,125,734.9999166666665,734.9999166666666,1.1368683772161603e-13,0.9666,710.4509194499999,710.45091945
2025-10-22,294,126,722.3819275000001,722.3819275000001,0.0,0.9306,672.2486217315001,672.2486217315001
2025-10-22,294,127,719.2360775,719.2360774999999,-1.1368683772161603e-13,0.9524,685.000440211,685.0004402109998
2025-10-22,294,128,764.9206666666665,764.9206666666666,1.1368683772161603e-13,0.9535,729.3518556666666,729.3518556666667
2025-10-22,294,129,765.5809911666666,765.5809911666665,-1.1368683772161603e-13,0.9795,749.88658084775,749.8865808477499
2025-10-22,294,130,699.4305108333334,699.4305108333334,0.0,0.7841,548.4234635444168,548.4234635444168
2025-10-22,294,131,505.4934656999999,505.49346569999994,5.684341886080802e-14,0.4479,226.41052328702995,226.41052328702997
2025-10-22,294,132,1351.1051674999999,1351.1051674999997,-2.2737367544323206e-13,0.3376,456.13310454799995,456.13310454799995
2025-10-22,294,133,586.52304,586.52304,0.0,0.3618,212.20403587200002,212.20403587200002
2025-10-22,294,134,543.2728738091329,543.2783253610755,0.005451551942655897,0.3873,210.40958402627714,210.41275110537822
2025-10-22,294,135,1311.8191766666664,1311.8191766666666,2.2737367544323206e-13,0.381,499.8031063099999,499.80310631000003
2025-10-22,294,136,1303.7109608333333,1303.7109608333335,2.2737367544323206e-13,0.3982,519.1377046038333,519.1377046038334
2025-10-22,294,137,1354.3159166666667,1324.2178333333331,-30.098083333333534,0.4215,570.844158875,564.5009878125
2025-10-22,294,138,560.93488,560.9348799999999,-1.1368683772161603e-13,0.3843,215.567274384,215.56727438399997
2025-10-22,294,139,559.4170466666666,559.4170466666667,1.1368683772161603e-13,0.394,220.41031638666664,220.4103163866667
2025-10-22,294,140,587.4923333333334,587.4923333333335,1.1368683772161603e-13,0.4468,262.49157453333333,262.4915745333334
2025-10-22,294,141,586.9436233333333,586.9436233333334,1.1368683772161603e-13,0.4306,252.73792420733332,252.7379242073334
2025-10-22,294,142,1363.2705999999998,1363.2705999999998,0.0,0.418,569.8471107999999,569.8471107999999
2025-10-22,294,143,1295.654458333333,1295.6544583333332,2.2737367544323206e-13,0.4304,557.6496788666665,557.6496788666666
2025-10-23,295,0,1384.9176575,1384.9176575,0.0,0.4151,574.87931962825,574.87931962825
2025-10-23,295,1,1353.6157524999999,1353.6157524999999,0.0,0.4137,559.9908368092499,559.9908368092499
2025-10-23,295,2,1342.7548333333332,1342.7548333333332,0.0,0.4254,571.2079061,571.2079061
2025-10-23,295,3,572.2524133333334,572.2524133333334,0.0,0.4021,230.10269540133336,230.10269540133336
2025-10-23,295,4,596.4270133333332,596.4270133333332,0.0,0.3726,222.22870516799995,222.22870516799995
2025-10-23,295,5,1079.7085143191568,1079.7085143191568,0.0,0.3637,392.6899866578774,392.6899866578774
2025-10-23,295,6,565.0797533333332,565.0797533333332,0.0,0.3788,214.05221056266663,214.05221056266663
2025-10-23,295,7,0.0,0.0,0.0,0.4139,0.0,0.0
2025-10-23,295,8,569.3620833333333,569.3620833333333,0.0,0.448,255.07421333333332,255.07421333333332
2025-10-23,295,9,602.0792291666667,602.0792291666667,0.0,0.4539,273.28376211875,273.28376211875
2025-10-23,295,10,1417.7109033333331,1417.7109033333331,0.0,0.4424,627.1953036346666,627.1953036346666
2025-10-23,295,11,1380.2729999999997,1380.2729999999997,0.0,0.4394,606.4919561999999,606.4919561999999
2025-10-23,295,12,586.9233341666667,586.9233341666667,0.0,0.4607,270.39558005058336,270.39558005058336
2025-10-23,295,13,0.0,0.0,0.0,0.4658,0.0,0.0
2025-10-23,295,14,0.0,0.0,0.0,0.4498,0.0,0.0
2025-10-23,295,15,574.7901908333331,574.7901908333331,0.0,0.4417,253.8848272910832,253.8848272910832
2025-10-23,295,16,1431.21641,1431.21641,0.0,0.4108,587.943701228,587.943701228
2025-10-23,295,17,597.6208333333334,597.6208333333334,0.0,0.3829,228.82901708333335,228.82901708333335
2025-10-23,295,18,562.9304408333331,562.9304408333331,0.0,0.4212,237.10630167899993,237.10630167899993
2025-10-23,295,19,555.1863116666666,555.1863116666666,0.0,0.4536,251.83251097199997,251.83251097199997
2025-10-23,295,20,589.4256666666665,589.4256666666665,0.0,0.4574,269.60329993333323,269.60329993333323
2025-10-23,295,21,613.2234425,613.2234425,0.0,0.4725,289.74807658125,289.74807658125
2025-10-23,295,22,619.9266016666667,619.9266016666667,0.0,0.456,282.68653036,282.68653036
2025-10-23,295,23,616.2269166666667,616.2269166666667,0.0,0.4265,262.82077995833333,262.82077995833333
2025-10-23,295,24,596.0181941666666,596.0181941666666,0.0,0.4547,271.0094728875833,271.0094728875833
2025-10-23,295,25,593.660635,593.660635,0.0,0.4867,288.9346310545,288.9346310545
2025-10-23,295,26,599.8993333333333,599.8993333333333,0.0,0.4708,282.4326061333333,282.4326061333333
2025-10-23,295,27,1416.6704716666666,1416.6704716666666,0.0,0.4167,590.3265855435,590.3265855435
2025-10-23,295,28,592.5728627296749,592.5728627296749,0.0,0.4357,258.1839962913193,258.1839962913193
2025-10-23,295,29,0.0,0.0,0.0,0.4951,0.0,0.0
2025-10-23,295,30,616.2714225,616.2714225,0.0,0.4541,279.84885295725,279.84885295725
2025-10-23,295,31,631.8439583333331,631.8439583333331,0.0,0.4127,260.7620016041666,260.7620016041666
2025-10-23,295,32,1472.68275,1472.68275,0.0,0.3951,581.856954525,581.856954525
2025-10-23,295,33,1400.5746233333332,1400.5746233333332,0.0,0.3697,517.7924382463333,517.7924382463333
2025-10-23,295,34,628.5392899999999,628.5392899999999,0.0,0.6096,383.157551184,383.157551184
2025-10-23,295,35,0.0,0.0,0.0,0.9842,0.0,0.0
2025-10-23,295,36,0.0,6.7338208333336524,6.7338208333336524,1.0465,0.0,10.570415253125502
2025-10-23,295,37,782.0033638888888,244.48098490365706,-537.5223789852317,1.0014,783.0981685983332,513.9607134404278
2025-10-23,295,38,0.0,0.0,0.0,1.0099,0.0,0.0
2025-10-23,295,39,0.0,0.0,0.0,1.02,0.0,0.0
2025-10-23,295,40,711.8450705555555,0.0,-711.8450705555555,0.9791,696.9675085809444,348.4837542904722
2025-10-23,295,41,677.4636333333333,677.4636333333333,0.0,0.9098,616.3564136066667,616.3564136066667
2025-10-23,295,42,630.2943141666668,0.0,-630.2943141666668,0.8839,557.1171442919168,278.5585721459584
2025-10-23,295,43,624.6301191666665,581.418574722222,-43.211544444444485,0.8767,547.6132254734166,528.6714449661944
2025-10-23,295,44,1437.185275,1360.08924409006,-77.09603090994005,0.8382,1204.648697505,1172.3377509506442
2025-10-23,295,45,1320.6148875,1240.789848611111,-79.82503888888891,0.78,1030.0796122499999,998.9478470833333
2025-10-23,295,46,549.3627825,0.0,-549.3627825,0.9445,518.87314807125,259.436574035625
2025-10-23,295,47,0.0,0.0,0.0,1.2441,0.0,0.0
2025-10-23,295,48,0.0,0.0,0.0,1.3145,0.0,0.0
2025-10-23,295,49,0.0,0.0,0.0,1.2341,0.0,0.0
2025-10-23,295,50,0.0,0.0,0.0,1.1634,0.0,0.0
2025-10-23,295,51,0.0,0.0,0.0,1.1831,0.0,0.0
2025-10-23,295,52,0.0,0.0,0.0,1.188,0.0,0.0
2025-10-23,295,53,0.0,0.0,0.0,1.1475,0.0,0.0
2025-10-23,295,54,0.0,0.0,0.0,1.1259,0.0,0.0
2025-10-23,295,55,0.0,0.0,0.0,1.0893,0.0,0.0
2025-10-23,295,56,0.0,0.0,0.0,1.0315,0.0,0.0
2025-10-23,295,57,0.0,0.0,0.0,0.9887,0.0,0.0
2025-10-23,295,58,0.0,0.0,0.0,0.9544,0.0,0.0
2025-10-23,295,59,5.958754270622137,0.0,-5.958754270622137,0.9256,5.51542295288785,2.757711476443925
2025-10-23,295,60,431.21049805555526,0.0,-431.21049805555526,0.9041,389.8574112920275,194.92870564601375
2025-10-23,295,61,359.9499111111114,0.0,-359.9499111111114,0.8577,308.72903876000026,154.36451938000013
2025-10-23,295,62,332.5079416666664,0.0,-332.5079416666664,0.837,278.30914717499974,139.15457358749987
2025-10-23,295,63,332.90101555555566,0.0,-332.90101555555566,0.8976,298.81195156266676,149.40597578133338
2025-10-23,295,64,468.0309844832568,0.0,-468.0309844832568,0.7677,359.3073867877963,179.65369339389815
2025-10-23,295,65,1166.9878666666668,0.0,-1166.9878666666668,0.4915,573.5745364666667,286.78726823333335
2025-10-23,295,66,1091.6723430555555,448.68196805555567,-642.9903749999999,0.4082,445.62065043527775,314.3863148977778
2025-10-23,295,67,1074.3998069444442,428.7055394444444,-645.6942674999998,0.4419,474.7772746887499,332.11112628462496
2025-10-23,295,68,1106.4726999999998,0.0,-1106.4726999999998,0.4679,517.7185763299999,258.85928816499995
2025-10-23,295,69,1072.6365955555555,500.8635180555557,-571.7730774999998,0.4475,480.0048765111111,352.0706504204861
2025-10-23,295,70,1079.1033844444441,450.5262577777776,-628.5771266666666,0.4424,477.3953372782221,338.35407685955545
2025-10-23,295,71,1159.5400333333332,579.0035,-580.5365333333332,0.4776,553.79631992,415.16419576
2025-10-23,295,72,1128.7129997222225,567.0369619444441,-561.6760377777784,0.5172,583.7703634563335,438.520940087
2025-10-23,295,73,1020.2320552777774,555.6664222222221,-464.5656330555553,0.5297,540.4169196806387,417.3767117658748
2025-10-23,295,74,918.3694833333332,563.026333333333,-355.34315000000015,0.4951,454.6847311983332,366.7195344158332
2025-10-23,295,75,954.876924722223,614.4957261111113,-340.3811986111117,0.4486,428.35778843038923,352.01028558191683
2025-10-23,295,76,1013.2482069444443,700.9389947222223,-312.30921222222196,0.5926,600.4508874352777,507.9136678538334
2025-10-23,295,77,184.10443333333342,184.10443333333342,0.0,0.8465,155.84440281666676,155.84440281666676
2025-10-23,295,78,0.0,0.0,0.0,0.9142,0.0,0.0
2025-10-23,295,79,162.1239650000001,119.60343457891352,-42.52053042108659,0.9279,150.4348271235001,130.70742703463696
2025-10-23,295,80,115.71228333333306,115.71228333333306,0.0,0.946,109.46382003333306,109.46382003333306
2025-10-23,295,81,180.40342833333352,46.66355111111102,-133.7398772222225,0.8904,160.63121258800015,101.0902192486667
2025-10-23,295,82,254.8859258333332,254.8859258333331,-1.1368683772161603e-13,0.8718,222.2095501414999,222.20955014149985
2025-10-23,295,83,0.0,0.0,0.0,0.9245,0.0,0.0
2025-10-23,295,84,0.0,0.0,0.0,0.9719,0.0,0.0
2025-10-23,295,85,0.0,0.0,0.0,0.9987,0.0,0.0
2025-10-23,295,86,0.0,0.0,0.0,1.0222,0.0,0.0
2025-10-23,295,87,0.0,0.0,0.0,1.0419,0.0,0.0
2025-10-23,295,88,0.0,0.0,0.0,0.93,0.0,0.0
2025-10-23,295,89,1117.7397500000002,1117.7397500000002,0.0,0.7392,826.2332232000001,826.2332232000001
2025-10-23,295,90,313.6872841666665,313.68728416666653,5.684341886080802e-14,0.6786,212.86819103549988,212.86819103549993
2025-10-23,295,91,338.18764250000004,338.18764250000004,0.0,0.7335,248.06063577375005,248.06063577375005
2025-10-23,295,92,352.1020000000003,352.1020000000003,0.0,0.8071,284.1815242000003,284.1815242000003
2025-10-23,295,93,588.0710974484964,588.0710974484964,0.0,0.8136,478.4546448840967,478.4546448840967
2025-10-23,295,94,1198.9215849999996,1198.9215849999996,0.0,0.8058,966.0910131929996,966.0910131929996
2025-10-23,295,95,455.05415440335395,491.4218915833333,36.36773717997937,0.8317,378.4685402172695,423.83911073615275
2025-10-23,295,96,555.7954747222226,555.7954747222225,-1.1368683772161603e-13,0.8845,491.60109739180587,491.6010973918058
2025-10-23,295,97,471.31272390219925,634.5230388888888,163.21031498668953,0.9025,425.35973332173484,646.3056972349658
2025-10-23,295,98,613.4773166666666,613.4773166666666,0.0,0.9018,553.23384417,553.23384417
2025-10-23,295,99,577.4661669166667,577.4661669166667,0.0,0.9584,553.4435743729333,553.4435743729333
2025-10-23,295,100,804.5659694444441,813.8879047222224,9.321935277778266,1.0229,822.9905301447218,837.2936415381809
2025-10-23,295,101,901.9165333333334,901.9165333333334,0.0,1.0602,956.2119086400002,956.2119086400002
2025-10-23,295,102,848.3351330555554,1015.8230053732065,167.48787231765107,1.0828,918.5772820725554,1190.6110842908843
2025-10-23,295,103,913.2840994444445,957.8708402777777,44.58674083333324,1.1041,1008.3569741966112,1082.199305027736
2025-10-23,295,104,986.6485916666667,986.6546353585569,0.00604369189022691,1.1136,1098.73187168,1098.7419670629336
2025-10-23,295,105,998.7503269444444,998.7503269444446,2.2737367544323206e-13,1.0996,1098.225859508111,1098.2258595081114
2025-10-23,295,106,883.609394166667,883.6093941666671,1.1368683772161603e-13,1.1393,1006.6961827740837,1006.6961827740839
2025-10-23,295,107,0.0,0.0,0.0,1.2332,0.0,0.0
2025-10-23,295,108,0.0,0.0,0.0,1.2998,0.0,0.0
2025-10-23,295,109,0.0,161.57102683433624,161.57102683433624,1.3254,0.0,321.2193584493438
2025-10-23,295,110,0.0,0.0,0.0,1.3016,0.0,0.0
2025-10-23,295,111,0.0,0.0,0.0,1.2324,0.0,0.0
2025-10-23,295,112,466.2103450570937,466.21034505709366,-5.684341886080802e-14,1.2138,565.8861168303004,565.8861168303002
2025-10-23,295,113,738.871074866885,738.8710748668851,1.1368683772161603e-13,1.2651,934.7457968140961,934.7457968140964
2025-10-23,295,114,726.9344866666665,726.9344866666667,1.1368683772161603e-13,1.3057,949.1583592406665,949.1583592406668
2025-10-23,295,115,0.0,0.0,0.0,1.2621,0.0,0.0
2025-10-23,295,116,0.0,0.0,0.0,1.2012,0.0,0.0
2025-10-23,295,117,0.0,0.0,0.0,1.2592,0.0,0.0
2025-10-23,295,118,0.0,0.0,0.0,1.3061,0.0,0.0
2025-10-23,295,119,0.0,6.0246600769613e-05,6.0246600769613e-05,1.2884,0.0,0.00011643258064735408
2025-10-23,295,120,688.5844691666666,711.8114266666665,23.226957499999912,1.2736,876.9811799306666,921.3539595386665
2025-10-23,295,121,719.596100833333,719.596100833333,0.0,1.2394,891.867407372833,891.867407372833
2025-10-23,295,122,0.0,0.0,0.0,1.2276,0.0,0.0
2025-10-23,295,123,0.0,0.0,0.0,1.287,0.0,0.0
2025-10-23,295,124,758.2412666666664,732.6059841666665,-25.635282499999903,1.1612,880.469758853333,865.5859138338332
2025-10-23,295,125,743.1845833333332,743.1845833333332,0.0,0.9093,675.7777416249999,675.7777416249999
2025-10-23,295,126,710.2483658333333,710.2483658333334,1.1368683772161603e-13,0.8644,613.9386874263333,613.9386874263334
2025-10-23,295,127,697.5684924999999,697.5684924999999,0.0,0.8896,620.5569309279999,620.5569309279999
2025-10-23,295,128,767.5966666666666,767.5966666666666,0.0,0.9302,714.0184193333333,714.0184193333333
2025-10-23,295,129,782.8672894166666,782.8672894166667,1.1368683772161603e-13,1.0234,801.1863839890167,801.1863839890169
2025-10-23,295,130,714.6041391666668,714.6041391666668,0.0,0.7853,561.1786304875834,561.1786304875834
2025-10-23,295,131,520.2203333333333,520.2203333333333,0.0,0.3792,197.26755039999998,197.26755039999998
2025-10-23,295,132,1316.1443258333331,1316.1443258333334,2.2737367544323206e-13,0.3875,510.00592626041663,510.00592626041674
2025-10-23,295,133,1353.7347158333332,1353.7347158333332,0.0,0.471,637.6090511575,637.6090511575
2025-10-23,295,134,553.92225,553.9229180268851,0.0006680268851368965,0.4271,236.58019297499996,236.58062094642392
2025-10-23,295,135,486.03554083333324,486.03554083333324,0.0,0.3953,192.12984929141663,192.12984929141663
2025-10-23,295,136,532.57105,532.57105,0.0,0.3886,206.95711003,206.95711003
2025-10-23,295,137,538.3111666666666,538.3111666666666,0.0,0.4085,219.9001115833333,219.9001115833333
2025-10-23,295,138,1337.6322625,1337.6322625000003,2.2737367544323206e-13,0.4565,610.62912783125,610.6291278312501
2025-10-23,295,139,1346.7490833333331,1346.749083333333,-2.2737367544323206e-13,0.4408,593.6469959333333,593.6469959333332
2025-10-23,295,140,1366.4509166666667,1366.450916666667,2.2737367544323206e-13,0.3824,522.5308305333334,522.5308305333335
2025-10-23,295,141,571.296395,571.2963950000001,1.1368683772161603e-13,0.393,224.519483235,224.51948323500005
2025-10-23,295,142,574.7937567601491,574.7937567601491,0.0,0.4034,231.87180147704413,231.87180147704413
2025-10-23,295,143,1219.898208333333,1219.8982083333328,-2.2737367544323206e-13,0.3715,453.19218439583324,453.1921843958332
2025-10-24,296,0,1297.8274783333331,1297.8274783333331,0.0,0.3303,428.6724160934999,428.6724160934999
2025-10-24,296,1,1267.0567499999997,1267.0567499999997,0.0,0.3161,400.5166386749999,400.5166386749999
2025-10-24,296,2,1258.0173333333332,1258.0173333333332,0.0,0.3324,418.1649615999999,418.1649615999999
2025-10-24,296,3,1316.1765791666667,1316.1765791666667,0.0,0.3468,456.450037655,456.450037655
2025-10-24,296,4,496.46954499999987,496.46954499999987,0.0,0.3215,159.61495871749997,159.61495871749997
2025-10-24,296,5,0.0,0.0,0.0,0.2876,0.0,0.0
2025-10-24,296,6,0.0,0.0,0.0,0.3121,0.0,0.0
2025-10-24,296,7,0.0,0.0,0.0,0.3281,0.0,0.0
2025-10-24,296,8,0.0,0.0,0.0,0.3265,0.0,0.0
2025-10-24,296,9,0.0,0.0,0.0,0.3614,0.0,0.0
2025-10-24,296,10,0.0,0.0,0.0,0.3762,0.0,0.0
2025-10-24,296,11,1302.6278333333332,1302.6278333333332,0.0,0.3506,456.70131836666667,456.70131836666667
2025-10-24,296,12,504.6126633333333,504.6126633333333,0.0,0.3293,166.16895003566663,166.16895003566663
2025-10-24,296,13,515.1105883333333,515.1105883333333,0.0,0.3563,183.53390262316668,183.53390262316668
2025-10-24,296,14,484.2216666666665,484.2216666666665,0.0,0.3971,192.28442383333328,192.28442383333328
2025-10-24,296,15,496.2093799999998,496.2093799999998,0.0,0.3722,184.6891312359999,184.6891312359999
2025-10-24,296,16,510.0919716666666,510.0919716666666,0.0,0.3279,167.2591575095,167.2591575095
2025-10-24,296,17,491.83375,491.83375,0.0,0.3174,156.10803225,156.10803225
2025-10-24,296,18,1301.646843333333,1301.646843333333,0.0,0.3455,449.7189843716665,449.7189843716665
2025-10-24,296,19,483.5847183333333,483.5847183333333,0.0,0.3313,160.2116171838333,160.2116171838333
2025-10-24,296,20,0.0,0.0,0.0,0.2998,0.0,0.0
2025-10-24,296,21,520.1290041666666,520.1290041666666,0.0,0.3481,181.05690635041665,181.05690635041665
2025-10-24,296,22,1347.3156633333333,1347.3156633333333,0.0,0.3614,486.91988072866667,486.91988072866667
2025-10-24,296,23,521.1296666666667,521.1296666666667,0.0,0.3251,169.41925463333334,169.41925463333334
2025-10-24,296,24,1280.8638716727978,1280.8638716727978,0.0,0.337,431.6511247537329,431.6511247537329
2025-10-24,296,25,1336.1775616666664,1336.1775616666664,0.0,0.3284,438.80071125133327,438.80071125133327
2025-10-24,296,26,1338.960833333333,1338.960833333333,0.0,0.3034,406.24071683333324,406.24071683333324
2025-10-24,296,27,1338.7528516666666,1338.7528516666666,0.0,0.3449,461.7358585398333,461.7358585398333
2025-10-24,296,28,516.2223041666666,516.2223041666666,0.0,0.3925,202.61725438541666,202.61725438541666
2025-10-24,296,29,0.0,0.0,0.0,0.4013,0.0,0.0
2025-10-24,296,30,481.3807259372867,481.3807259372867,0.0,0.3825,184.12812767101215,184.12812767101215
2025-10-24,296,31,0.0,0.0,0.0,0.3587,0.0,0.0
2025-10-24,296,32,0.0,0.0,0.0,0.3345,0.0,0.0
2025-10-24,296,33,1327.4517274999998,1327.4517274999998,0.0,0.3323,441.11220904824995,441.11220904824995
2025-10-24,296,34,0.0,0.0,0.0,0.5137,0.0,0.0
2025-10-24,296,35,0.0,0.0,0.0,0.7592,0.0,0.0
2025-10-24,296,36,0.0,0.0,0.0,0.7666,0.0,0.0
2025-10-24,296,37,0.0,0.0,0.0,0.7587,0.0,0.0
2025-10-24,296,38,0.0,0.0,0.0,0.8064,0.0,0.0
2025-10-24,296,39,0.0,0.0,0.0,0.7581,0.0,0.0
2025-10-24,296,40,0.0,0.0,0.0,0.7121,0.0,0.0
2025-10-24,296,41,0.0,0.0,0.0,0.7173,0.0,0.0
2025-10-24,296,42,0.0,0.0,0.0,0.7193,0.0,0.0
2025-10-24,296,43,0.0,0.0,0.0,0.7115,0.0,0.0
2025-10-24,296,44,0.0,0.0,0.0,0.6765,0.0,0.0
2025-10-24,296,45,0.0,0.0,0.0,0.6236,0.0,0.0
2025-10-24,296,46,0.0,0.0,0.0,0.7471,0.0,0.0
2025-10-24,296,47,0.0,0.0,0.0,0.9482,0.0,0.0
2025-10-24,296,48,0.0,0.0,0.0,0.9225,0.0,0.0
2025-10-24,296,49,0.0,0.0,0.0,0.8898,0.0,0.0
2025-10-24,296,50,0.0,0.0,0.0,0.9065,0.0,0.0
2025-10-24,296,51,0.0,0.0,0.0,0.8182,0.0,0.0
2025-10-24,296,52,0.0,0.0,0.0,0.8067,0.0,0.0
2025-10-24,296,53,0.0,0.0,0.0,0.8751,0.0,0.0
2025-10-24,296,54,0.0,0.0,0.0,0.833,0.0,0.0
2025-10-24,296,55,0.0,0.0,0.0,0.7753,0.0,0.0
2025-10-24,296,56,0.0,0.0,0.0,0.7593,0.0,0.0
2025-10-24,296,57,0.0,0.0,0.0,0.7387,0.0,0.0
2025-10-24,296,58,0.0,0.0,0.0,0.7009,0.0,0.0
2025-10-24,296,59,0.0,0.0,0.0,0.6588,0.0,0.0
2025-10-24,296,60,0.0,0.0,0.0,0.6299,0.0,0.0
2025-10-24,296,61,0.0,0.0,0.0,0.59,0.0,0.0
2025-10-24,296,62,0.0,0.0,0.0,0.5722,0.0,0.0
2025-10-24,296,63,0.0,0.0,0.0,0.6111,0.0,0.0
2025-10-24,296,64,0.0,0.0,0.0,0.4936,0.0,0.0
2025-10-24,296,65,0.0,0.0,0.0,0.2895,0.0,0.0
2025-10-24,296,66,0.0,0.0,0.0,0.2888,0.0,0.0
2025-10-24,296,67,0.0,0.0,0.0,0.2894,0.0,0.0
2025-10-24,296,68,0.0,0.0,0.0,0.2152,0.0,0.0
2025-10-24,296,69,0.0,0.0,0.0,0.2046,0.0,0.0
2025-10-24,296,70,0.0,0.0,0.0,0.2449,0.0,0.0
2025-10-24,296,71,390.20092559437046,343.43214583333315,-46.76877976103731,0.2614,101.99852195036844,95.88584243560086
2025-10-24,296,72,502.75046611111145,343.03957763888855,-159.7108884722229,0.1997,100.39926808238896,84.4521358684375
2025-10-24,296,73,0.0,0.0,0.0,0.1671,0.0,0.0
2025-10-24,296,74,0.0,0.0,0.0,0.1662,0.0,0.0
2025-10-24,296,75,338.8748852777783,338.8748852777783,0.0,0.1355,45.91754695513896,45.91754695513896
2025-10-24,296,76,0.0,0.0,0.0,0.3199,0.0,0.0
2025-10-24,296,77,0.0,0.0,0.0,0.6024,0.0,0.0
2025-10-24,296,78,0.0,0.0,0.0,0.5897,0.0,0.0
2025-10-24,296,79,0.0,0.0,0.0,0.5352,0.0,0.0
2025-10-24,296,80,0.0,0.0,0.0,0.5786,0.0,0.0
2025-10-24,296,81,0.0,0.0,0.0,0.6105,0.0,0.0
2025-10-24,296,82,0.0,0.0,0.0,0.6407,0.0,0.0
2025-10-24,296,83,0.0,0.0,0.0,0.6904,0.0,0.0
2025-10-24,296,84,0.0,0.0,0.0,0.7443,0.0,0.0
2025-10-24,296,85,0.0,0.0,0.0,0.733,0.0,0.0
2025-10-24,296,86,0.0,0.0,0.0,0.7373,0.0,0.0
2025-10-24,296,87,0.0,0.0,0.0,0.8675,0.0,0.0
2025-10-24,296,88,0.0,0.0,0.0,0.7258,0.0,0.0
2025-10-24,296,89,0.0,0.0,0.0,0.4077,0.0,0.0
2025-10-24,296,90,0.0,50.874902685184985,50.874902685184985,0.4331,0.0,33.05088052943042
2025-10-24,296,91,0.0,42.349119722222554,42.349119722222554,0.5439,0.0,34.55052932537527
2025-10-24,296,92,45.77792499999998,109.17178333333334,63.393858333333355,0.5667,25.94235009749999,79.83029937375001
2025-10-24,296,93,87.55642250000017,181.03129194444443,93.47486944444427,0.5887,51.544465925750096,134.0874493886666
2025-10-24,296,94,148.73727499999973,227.38962222222221,78.65234722222249,0.5966,88.73665826499985,159.12264379416675
2025-10-24,296,95,144.32195569740173,233.36156194944553,89.0396062520438,0.5985,86.37669048489494,166.31199699766728
2025-10-24,296,96,365.95730138888916,365.9573013888891,-5.684341886080802e-14,0.6362,232.8220351436113,232.8220351436113
2025-10-24,296,97,405.8684977777777,411.44032444444446,5.571826666666766,0.6858,278.3446157759999,284.076353868
2025-10-24,296,98,406.9203583333333,406.92035833333324,-5.684341886080802e-14,0.7364,299.6561518766667,299.6561518766666
2025-10-24,296,99,378.53376275000005,378.53376275000005,0.0,0.7917,299.685179969175,299.685179969175
2025-10-24,296,100,576.2384469444439,576.2384469444439,0.0,0.8002,461.106005244944,461.106005244944
2025-10-24,296,101,622.0406666666667,622.0406666666665,-1.1368683772161603e-13,0.7628,474.49262053333337,474.4926205333333
2025-10-24,296,102,573.0626769444441,625.5142108333332,52.45153388888912,0.742,425.2125062927775,483.5910635111111
2025-10-24,296,103,595.5173894444447,666.4706666666666,70.95327722222191,0.7744,461.16866638577795,543.5879932071109
2025-10-24,296,104,715.4610012345664,715.4610012345663,-1.1368683772161603e-13,0.798,570.937878985184,570.9378789851839
2025-10-24,296,105,696.6347564116629,696.6347564116629,0.0,0.745,518.9928935266888,518.9928935266888
2025-10-24,296,106,648.5363500000001,648.53635,-1.1368683772161603e-13,0.8736,566.5613553600001,566.56135536
2025-10-24,296,107,0.0,0.0,0.0,1.1205,0.0,0.0
2025-10-24,296,108,0.0,0.0,0.0,1.1457,0.0,0.0
2025-10-24,296,109,0.0,0.0,0.0,1.113,0.0,0.0
2025-10-24,296,110,0.0,0.0,0.0,1.1252,0.0,0.0
2025-10-24,296,111,0.0,0.0,0.0,1.1141,0.0,0.0
2025-10-24,296,112,185.86908067616366,185.86908067616366,0.0,1.0881,202.2441466837337,202.2441466837337
2025-10-24,296,113,579.4558533765601,579.4558533765601,0.0,1.087,629.8685126203208,629.8685126203208
2025-10-24,296,114,0.0,0.0,0.0,1.1302,0.0,0.0
2025-10-24,296,115,0.0,0.0,0.0,1.1234,0.0,0.0
2025-10-24,296,116,0.0,0.0,0.0,1.077,0.0,0.0
2025-10-24,296,117,0.0,0.0,0.0,1.0914,0.0,0.0
2025-10-24,296,118,0.0,0.0,0.0,1.1013,0.0,0.0
2025-10-24,296,119,0.0,0.0,0.0,1.0812,0.0,0.0
2025-10-24,296,120,549.4813866666666,549.4813866666666,0.0,1.0782,592.4508311039999,592.4508311039999
2025-10-24,296,121,0.0,0.0,0.0,1.0988,0.0,0.0
2025-10-24,296,122,0.0,0.0,0.0,1.1352,0.0,0.0
2025-10-24,296,123,0.0,0.0,0.0,1.1463,0.0,0.0
2025-10-24,296,124,0.0,0.0,0.0,0.9836,0.0,0.0
2025-10-24,296,125,589.3369166666665,589.3369166666664,-1.1368683772161603e-13,0.7666,451.7856803166665,451.7856803166665
2025-10-24,296,126,585.8024033333334,585.8024033333334,0.0,0.7842,459.386244694,459.386244694
2025-10-24,296,127,553.6448799999998,553.6448799999998,0.0,0.8364,463.06857763199986,463.06857763199986
2025-10-24,296,128,609.5343333333333,609.5343333333333,0.0,0.8271,504.1458470999999,504.1458470999999
2025-10-24,296,129,615.9705224999999,615.9705224999999,0.0,0.8163,502.8167375167499,502.8167375167499
2025-10-24,296,130,572.0322853333332,572.0322853333332,0.0,0.5908,337.95667417493326,337.95667417493326
2025-10-24,296,131,435.6504149499999,435.6504149499999,0.0,0.2859,124.55245363420497,124.55245363420497
2025-10-24,296,132,1256.4743991666664,1234.6391083333333,-21.835290833333147,0.2903,364.75451807808327,361.585125613625
2025-10-24,296,133,1290.934228333333,1278.454780914192,-12.479447419141025,0.3448,445.11412192933324,442.9626651942733
2025-10-24,296,134,0.0,0.0,0.0,0.3165,0.0,0.0
2025-10-24,296,135,412.7847658333332,412.78478002055306,1.4187219846917287e-05,0.3258,134.48527670849995,134.4852836417943
2025-10-24,296,136,1237.8458633333332,1237.845863333333,-2.2737367544323206e-13,0.3377,418.02054804766664,418.02054804766664
2025-10-24,296,137,497.5405833333333,497.54058333333325,-5.684341886080802e-14,0.3227,160.55634624166666,160.55634624166663
2025-10-24,296,138,480.3461183333332,480.34611833333315,-5.684341886080802e-14,0.3004,144.2959739473333,144.29597394733327
2025-10-24,296,139,464.99188416666664,464.99188416666664,0.0,0.293,136.24262206083333,136.24262206083333
2025-10-24,296,140,1007.0238158064446,1007.0238158064448,1.1368683772161603e-13,0.2981,300.19379949190113,300.1937994919012
2025-10-24,296,141,1329.3417916666665,1327.5109833333331,-1.8308083333333798,0.299,397.47319570833326,397.1994898624999
2025-10-24,296,142,1274.4304874999998,1274.4304875,2.2737367544323206e-13,0.3182,405.52378112249994,405.52378112250005
2025-10-24,296,143,1201.3095416666665,1201.3095416666663,-2.2737367544323206e-13,0.3463,416.0134942791666,416.0134942791666
2025-10-25,297,0,1226.4779241666665,1226.4779241666665,0.0,0.3496,428.7766822886666,428.7766822886666
2025-10-25,297,1,1204.2618824999997,1204.2618824999997,0.0,0.3638,438.1104728534999,438.1104728534999
2025-10-25,297,2,378.8458333333333,378.8458333333333,0.0,0.3809,144.30237791666667,144.30237791666667
2025-10-25,297,3,0.0,0.0,0.0,0.3595,0.0,0.0
2025-10-25,297,4,0.0,0.0,0.0,0.3626,0.0,0.0
2025-10-25,297,5,419.9239166666665,419.9239166666665,0.0,0.3817,160.2849589916666,160.2849589916666
2025-10-25,297,6,1239.343683333333,1239.343683333333,0.0,0.3502,434.01815790333325,434.01815790333325
2025-10-25,297,7,598.8706009991113,598.8706009991113,0.0,0.3573,213.97646573698248,213.97646573698248
2025-10-25,297,8,0.0,0.0,0.0,0.3904,0.0,0.0
2025-10-25,297,9,423.39945250000005,423.39945250000005,0.0,0.3445,145.86111138625,145.86111138625
2025-10-25,297,10,1256.57428,1256.57428,0.0,0.3099,389.412369372,389.412369372
2025-10-25,297,11,417.35149999999993,417.35149999999993,0.0,0.3207,133.84462604999996,133.84462604999996
2025-10-25,297,12,0.0,0.0,0.0,0.3268,0.0,0.0
2025-10-25,297,13,0.0,0.0,0.0,0.3642,0.0,0.0
2025-10-25,297,14,1260.6347499999997,1260.6347499999997,0.0,0.4026,507.5315503499999,507.5315503499999
2025-10-25,297,15,1266.7761358333332,1266.7761358333332,0.0,0.3685,466.80700605458327,466.80700605458327
2025-10-25,297,16,458.0136325,458.0136325,0.0,0.3655,167.40398267875,167.40398267875
2025-10-25,297,17,0.0,0.0,0.0,0.3942,0.0,0.0
2025-10-25,297,18,431.3192099999998,431.3192099999998,0.0,0.3539,152.64386841899994,152.64386841899994
2025-10-25,297,19,1256.2519933333333,1256.2519933333333,0.0,0.3302,414.8144081986666,414.8144081986666
2025-10-25,297,20,0.0,0.0,0.0,0.365,0.0,0.0
2025-10-25,297,21,0.0,0.0,0.0,0.4023,0.0,0.0
2025-10-25,297,22,0.0,0.0,0.0,0.3647,0.0,0.0
2025-10-25,297,23,0.0,0.0,0.0,0.3087,0.0,0.0
2025-10-25,297,24,460.888915,460.888915,0.0,0.36,165.9200094,165.9200094
2025-10-25,297,25,1270.5441883333333,1270.5441883333333,0.0,0.3817,484.9667166868333,484.9667166868333
2025-10-25,297,26,1261.163833333333,1261.163833333333,0.0,0.3411,430.1829835499999,430.1829835499999
2025-10-25,297,27,439.2477124999999,439.2477124999999,0.0,0.347,152.41895623749997,152.41895623749997
2025-10-25,297,28,0.0,0.0,0.0,0.3856,0.0,0.0
2025-10-25,297,29,0.0,0.0,0.0,0.3996,0.0,0.0
2025-10-25,297,30,0.0,0.0,0.0,0.3532,0.0,0.0
2025-10-25,297,31,0.0,0.0,0.0,0.3343,0.0,0.0
2025-10-25,297,32,0.0,0.0,0.0,0.3464,0.0,0.0
2025-10-25,297,33,1029.8666840123478,1029.8666840123478,0.0,0.3388,348.9188325433834,348.9188325433834
2025-10-25,297,34,0.0,0.0,0.0,0.4885,0.0,0.0
2025-10-25,297,35,0.0,0.0,0.0,0.7243,0.0,0.0
2025-10-25,297,36,0.0,0.0,0.0,0.7681,0.0,0.0
2025-10-25,297,37,0.0,0.0,0.0,0.7347,0.0,0.0
2025-10-25,297,38,0.0,0.0,0.0,0.7363,0.0,0.0
2025-10-25,297,39,0.0,0.0,0.0,0.7665,0.0,0.0
2025-10-25,297,40,0.0,0.0,0.0,0.7635,0.0,0.0
2025-10-25,297,41,0.0,0.0,0.0,0.7241,0.0,0.0
2025-10-25,297,42,0.0,0.0,0.0,0.7042,0.0,0.0
2025-10-25,297,43,0.0,0.0,0.0,0.7059,0.0,0.0
2025-10-25,297,44,0.0,0.0,0.0,0.6828,0.0,0.0
2025-10-25,297,45,0.0,455.27772509994145,455.27772509994145,0.6173,0.0,421.56440955629074
2025-10-25,297,46,0.0,0.0,0.0,0.7318,0.0,0.0
2025-10-25,297,47,0.0,0.0,0.0,0.9483,0.0,0.0
2025-10-25,297,48,0.0,0.0,0.0,0.9436,0.0,0.0
2025-10-25,297,49,0.0,0.0,0.0,0.8474,0.0,0.0
2025-10-25,297,50,0.0,0.0,0.0,0.7928,0.0,0.0
2025-10-25,297,51,0.0,0.0,0.0,0.7842,0.0,0.0
2025-10-25,297,52,0.0,0.0,0.0,0.774,0.0,0.0
2025-10-25,297,53,0.0,0.0,0.0,0.7752,0.0,0.0
2025-10-25,297,54,0.0,0.0,0.0,0.8298,0.0,0.0
2025-10-25,297,55,0.0,0.0,0.0,0.8126,0.0,0.0
2025-10-25,297,56,0.0,0.0,0.0,0.744,0.0,0.0
2025-10-25,297,57,0.0,0.0,0.0,0.7681,0.0,0.0
2025-10-25,297,58,0.0,0.0,0.0,0.7763,0.0,0.0
2025-10-25,297,59,0.0,0.0,0.0,0.7329,0.0,0.0
2025-10-25,297,60,0.0,0.0,0.0,0.7138,0.0,0.0
2025-10-25,297,61,0.0,0.0,0.0,0.6902,0.0,0.0
2025-10-25,297,62,0.0,0.0,0.0,0.677,0.0,0.0
2025-10-25,297,63,0.0,0.0,0.0,0.695,0.0,0.0
2025-10-25,297,64,0.0,0.0,0.0,0.5223,0.0,0.0
2025-10-25,297,65,0.0,0.0,0.0,0.2473,0.0,0.0
2025-10-25,297,66,0.0,0.0,0.0,0.202,0.0,0.0
2025-10-25,297,67,0.0,0.0,0.0,0.2131,0.0,0.0
2025-10-25,297,68,0.0,0.0,0.0,0.1794,0.0,0.0
2025-10-25,297,69,0.0,0.0,0.0,0.1778,0.0,0.0
2025-10-25,297,70,427.27314527777753,0.0,-427.27314527777753,0.1861,79.5155323361944,39.7577661680972
2025-10-25,297,71,510.6007333333333,237.6776249999998,-272.9231083333335,0.1923,98.18852102,71.94696415374997
2025-10-25,297,72,0.0,0.0,0.0,0.2107,0.0,0.0
2025-10-25,297,73,0.0,0.0,0.0,0.2141,0.0,0.0
2025-10-25,297,74,0.0,0.0,0.0,0.1934,0.0,0.0
2025-10-25,297,75,0.0,0.0,0.0,0.194,0.0,0.0
2025-10-25,297,76,0.0,0.0,0.0,0.3526,0.0,0.0
2025-10-25,297,77,0.0,0.0,0.0,0.5811,0.0,0.0
2025-10-25,297,78,0.0,0.0,0.0,0.6311,0.0,0.0
2025-10-25,297,79,0.0,0.0,0.0,0.5979,0.0,0.0
2025-10-25,297,80,0.0,0.0,0.0,0.587,0.0,0.0
2025-10-25,297,81,0.0,0.0,0.0,0.6119,0.0,0.0
2025-10-25,297,82,0.0,0.0,0.0,0.6369,0.0,0.0
2025-10-25,297,83,0.0,0.0,0.0,0.6678,0.0,0.0
2025-10-25,297,84,0.0,0.0,0.0,0.7371,0.0,0.0
2025-10-25,297,85,0.0,0.0,0.0,0.7746,0.0,0.0
2025-10-25,297,86,0.0,0.0,0.0,0.7775,0.0,0.0
2025-10-25,297,87,0.0,0.0,0.0,0.7888,0.0,0.0
2025-10-25,297,88,0.0,0.0,0.0,0.674,0.0,0.0
2025-10-25,297,89,0.0,0.0,0.0,0.4993,0.0,0.0
2025-10-25,297,90,0.0,0.0,0.0,0.4889,0.0,0.0
2025-10-25,297,91,0.0,0.0,0.0,0.5206,0.0,0.0
2025-10-25,297,92,0.0,0.0,0.0,0.5335,0.0,0.0
2025-10-25,297,93,0.0,0.0,0.0,0.585,0.0,0.0
2025-10-25,297,94,41.26894138888872,41.26894138888872,0.0,0.6064,25.02548605822212,25.02548605822212
2025-10-25,297,95,124.18846666666656,124.18846666666656,0.0,0.5947,73.8548811266666,73.8548811266666
2025-10-25,297,96,224.7981505555556,224.7981505555556,0.0,0.6237,140.20660650150003,140.20660650150003
2025-10-25,297,97,257.0356965570211,257.0356965570211,0.0,0.679,174.52723796221733,174.52723796221733
2025-10-25,297,98,268.8053583333333,268.80535833333334,5.684341886080802e-14,0.7186,193.1635304983333,193.16353049833336
2025-10-25,297,99,226.83805936111008,226.83805936111014,5.684341886080802e-14,0.7113,161.3499116235576,161.34991162355766
2025-10-25,297,100,411.8723152777774,411.8723152777774,0.0,0.6831,281.3499785662497,281.3499785662497
2025-10-25,297,101,414.0084833333334,414.00848333333334,-5.684341886080802e-14,0.6848,283.5130093866667,283.5130093866667
2025-10-25,297,102,341.26563972222215,406.4497580633208,65.18411834109867,0.7484,255.40320476811104,328.57889601782836
2025-10-25,297,103,0.0,202.8538266413382,202.8538266413382,0.7919,0.0,240.95991797591358
2025-10-25,297,104,431.0879333333332,431.0879333333331,-5.684341886080802e-14,0.7793,335.94682644666653,335.9468264466665
2025-10-25,297,105,511.02919712005206,511.029197120052,-5.684341886080802e-14,0.7694,393.18586426416806,393.185864264168
2025-10-25,297,106,466.8090747222227,466.8090747222227,0.0,0.8895,415.2266719654171,415.2266719654171
2025-10-25,297,107,0.0,0.0,0.0,1.0691,0.0,0.0
2025-10-25,297,108,0.0,0.0,0.0,1.1015,0.0,0.0
2025-10-25,297,109,0.0,0.0,0.0,1.0867,0.0,0.0
2025-10-25,297,110,0.0,0.0,0.0,1.0945,0.0,0.0
2025-10-25,297,111,0.0,0.0,0.0,1.0944,0.0,0.0
2025-10-25,297,112,0.0,0.0,0.0,1.0935,0.0,0.0
2025-10-25,297,113,0.0,0.0,0.0,1.1075,0.0,0.0
2025-10-25,297,114,0.0,0.0,0.0,1.137,0.0,0.0
2025-10-25,297,115,0.0,0.0,0.0,1.13,0.0,0.0
2025-10-25,297,116,0.0,0.0,0.0,1.0907,0.0,0.0
2025-10-25,297,117,0.0,0.0,0.0,1.0808,0.0,0.0
2025-10-25,297,118,0.0,0.0,0.0,1.1115,0.0,0.0
2025-10-25,297,119,0.0,0.0,0.0,1.1482,0.0,0.0
2025-10-25,297,120,0.0,0.0,0.0,1.1459,0.0,0.0
2025-10-25,297,121,0.0,0.0,0.0,1.1465,0.0,0.0
2025-10-25,297,122,0.0,0.0,0.0,1.172,0.0,0.0
2025-10-25,297,123,0.0,0.0,0.0,1.1713,0.0,0.0
2025-10-25,297,124,0.0,0.0,0.0,0.9797,0.0,0.0
2025-10-25,297,125,510.12891666666656,510.1246770529565,-0.004239613710069534,0.735,374.9447537499999,374.9431956919614
2025-10-25,297,126,527.3683910964418,490.78736833333335,-36.58102276310842,0.7594,400.48355619863787,386.59374185548563
2025-10-25,297,127,469.03954166666654,467.23285499999986,-1.8066866666666783,0.8044,377.29540731666657,376.56875793933324
2025-10-25,297,128,487.4023247368914,475.44241666666665,-11.959908070224742,0.7834,381.8309811988807,377.1462852077737
2025-10-25,297,129,511.2203908333333,465.2783461744846,-45.94204465884866,0.8158,417.0535948418333,398.31383482548887
2025-10-25,297,130,498.7658608333333,498.76586083333314,-1.7053025658242404e-13,0.6329,315.66891332141665,315.6689133214166
2025-10-25,297,131,1178.0404166666665,1178.0404166666665,0.0,0.2984,351.5272603333333,351.5272603333333
2025-10-25,297,132,1180.9946358333332,1180.9946358333334,2.2737367544323206e-13,0.1958,231.23874969616665,231.2387496961667
2025-10-25,297,133,441.78045583333335,441.78045583333335,0.0,0.2565,113.31668692125001,113.31668692125001
2025-10-25,297,134,0.0,0.0,0.0,0.3223,0.0,0.0
2025-10-25,297,135,1193.976678333333,1193.9766783333332,2.2737367544323206e-13,0.3033,362.13312653849994,362.13312653850005
2025-10-25,297,136,1178.8048666666664,1178.8048666666666,2.2737367544323206e-13,0.2667,314.3872579399999,314.38725794000004
2025-10-25,297,137,1193.6711666666665,1193.6711666666665,0.0,0.2716,324.2010888666666,324.2010888666666
2025-10-25,297,138,1201.8098375,1201.8098374999997,-2.2737367544323206e-13,0.3142,377.60865094249993,377.60865094249993
2025-10-25,297,139,1209.6835933333332,1209.6835933333332,0.0,0.3292,398.2278389253333,398.2278389253333
2025-10-25,297,140,396.20849999999996,396.2085000000001,1.1368683772161603e-13,0.3072,121.71525119999998,121.71525120000004
2025-10-25,297,141,762.2463301582955,762.2463301582955,0.0,0.3062,233.39982629447007,233.39982629447007
2025-10-25,297,142,436.9914516666667,436.99145166666665,-5.684341886080802e-14,0.3667,160.24476532616669,160.24476532616666
2025-10-25,297,143,0.0,0.0,0.0,0.4387,0.0,0.0
2025-10-26,298,0,1313.2343591666668,1313.2343591666668,0.0,0.4304,565.2160681853334,565.2160681853334
2025-10-26,298,1,1288.2580416666665,1288.2580416666665,0.0,0.4236,545.7061064499999,545.7061064499999
2025-10-26,298,2,0.04778720509290224,0.04778720509290224,0.0,0.4342,0.02074920445133815,0.02074920445133815
2025-10-26,298,3,0.0,0.0,0.0,0.4008,0.0,0.0
2025-10-26,298,4,528.1450224999999,528.1450224999999,0.0,0.3937,207.93069535824995,207.93069535824995
2025-10-26,298,5,1334.3249999999998,1334.3249999999998,0.0,0.4241,565.8872324999999,565.8872324999999
2025-10-26,298,6,507.25163499999985,507.25163499999985,0.0,0.4337,219.99503409949992,219.99503409949992
2025-10-26,298,7,0.0,0.0,0.0,0.4536,0.0,0.0
2025-10-26,298,8,0.0,0.0,0.0,0.4813,0.0,0.0
2025-10-26,298,9,537.5175166666667,537.5175166666667,0.0,0.4729,254.19203363166665,254.19203363166665
2025-10-26,298,10,1363.5129233333332,1363.5129233333332,0.0,0.4456,607.5813586373333,607.5813586373333
2025-10-26,298,11,1330.7021666666665,1330.7021666666665,0.0,0.4257,566.47991235,566.47991235
2025-10-26,298,12,0.0,0.0,0.0,0.4267,0.0,0.0
2025-10-26,298,13,0.0,0.0,0.0,0.4368,0.0,0.0
2025-10-26,298,14,989.9427799436427,989.9427799436427,0.0,0.4467,442.20743980082517,442.20743980082517
2025-10-26,298,15,1366.44339,1366.44339,0.0,0.4516,617.085834924,617.085834924
2025-10-26,298,16,1368.6304475,1368.6304475,0.0,0.4309,589.74285982775,589.74285982775
2025-10-26,298,17,1349.7766666666666,1349.7766666666666,0.0,0.4078,550.4389246666667,550.4389246666667
2025-10-26,298,18,507.4457433333332,507.4457433333332,0.0,0.427,216.6793324033333,216.6793324033333
2025-10-26,298,19,506.59790916666657,506.59790916666657,0.0,0.4324,219.05293592366664,219.05293592366664
2025-10-26,298,20,1355.1759166666666,1355.1759166666666,0.0,0.4255,576.6273525416666,576.6273525416666
2025-10-26,298,21,558.5041675,558.5041675,0.0,0.4626,258.3640278855,258.3640278855
2025-10-26,298,22,0.0,0.0,0.0,0.4873,0.0,0.0
2025-10-26,298,23,0.0,0.0,0.0,0.4615,0.0,0.0
2025-10-26,298,24,538.8425666666666,538.8425666666666,0.0,0.4125,222.27255874999994,222.27255874999994
2025-10-26,298,25,533.6139625,533.6139625,0.0,0.4335,231.32165274374998,231.32165274374998
2025-10-26,298,26,537.0916666666666,537.0916666666666,0.0,0.4945,265.5918291666666,265.5918291666666
2025-10-26,298,27,1361.3520166666667,1361.3520166666667,0.0,0.4742,645.5531263033333,645.5531263033333
2025-10-26,298,28,547.4394633333334,547.4394633333334,0.0,0.4382,239.88797283266666,239.88797283266666
2025-10-26,298,29,0.0,0.0,0.0,0.4167,0.0,0.0
2025-10-26,298,30,550.6786641666666,550.6786641666666,0.0,0.3869,213.05757516608332,213.05757516608332
2025-10-26,298,31,1392.0498999999998,1392.0498999999998,0.0,0.438,609.7178561999999,609.7178561999999
2025-10-26,298,32,581.8162500000001,581.8162500000001,0.0,0.4804,279.50452650000005,279.50452650000005
2025-10-26,298,33,833.3333333333333,833.3333333333333,0.0,0.3793,316.0833333333333,316.0833333333333
2025-10-26,298,34,559.9774633333333,559.9774633333333,0.0,0.6148,344.2741444573333,344.2741444573333
2025-10-26,298,35,0.0,0.0,0.0,1.0452,0.0,0.0
2025-10-26,298,36,0.0,0.0,0.0,1.0186,0.0,0.0
2025-10-26,298,37,0.0,0.0,0.0,0.9333,0.0,0.0
2025-10-26,298,38,0.0,0.0,0.0,0.9869,0.0,0.0
2025-10-26,298,39,0.0,0.0,0.0,0.9773,0.0,0.0
2025-10-26,298,40,0.0,0.0,0.0,0.9797,0.0,0.0
2025-10-26,298,41,577.1892999999999,577.1892999999998,-1.1368683772161603e-13,0.9733,561.7783456899999,561.7783456899998
2025-10-26,298,42,526.3406416666669,526.3406416666669,0.0,0.8531,449.0212014058335,449.0212014058335
2025-10-26,298,43,0.0,0.0,0.0,0.8453,0.0,0.0
2025-10-26,298,44,0.0,279.6424206373828,279.6424206373828,0.8886,0.0,372.73538246756755
2025-10-26,298,45,1228.5762966666666,1179.4385916666665,-49.137705000000096,0.7426,912.3407579046667,894.0959280381667
2025-10-26,298,46,392.03601093728645,392.0360109372865,5.684341886080802e-14,0.9047,354.674979094963,354.6749790949631
2025-10-26,298,47,0.0,0.0,0.0,1.2951,0.0,0.0
2025-10-26,298,48,0.0,0.0,0.0,1.2979,0.0,0.0
2025-10-26,298,49,0.0,0.0,0.0,1.1987,0.0,0.0
2025-10-26,298,50,0.0,0.0,0.0,1.1735,0.0,0.0
2025-10-26,298,51,0.0,0.0,0.0,1.1044,0.0,0.0
2025-10-26,298,52,0.0,0.0,0.0,1.0674,0.0,0.0
2025-10-26,298,53,0.0,0.0,0.0,1.0746,0.0,0.0
2025-10-26,298,54,0.0,0.0,0.0,1.0524,0.0,0.0
2025-10-26,298,55,0.0,0.0,0.0,1.0443,0.0,0.0
2025-10-26,298,56,0.0,0.0,0.0,1.046,0.0,0.0
2025-10-26,298,57,0.0,0.0,0.0,1.0009,0.0,0.0
2025-10-26,298,58,0.0,0.0,0.0,0.9576,0.0,0.0
2025-10-26,298,59,0.0,0.0,0.0,0.9499,0.0,0.0
2025-10-26,298,60,0.0,0.0,0.0,0.9621,0.0,0.0
2025-10-26,298,61,0.0,0.0,0.0,0.9499,0.0,0.0
2025-10-26,298,62,0.0,0.0,0.0,0.9323,0.0,0.0
2025-10-26,298,63,0.0,0.0,0.0,0.9374,0.0,0.0
2025-10-26,298,64,113.08080777777798,0.0,-113.08080777777798,0.7652,86.5294341115557,43.26471705577785
2025-10-26,298,65,343.49689864992354,0.0,-343.49689864992354,0.5152,176.9696021844406,88.4848010922203
2025-10-26,298,66,817.041101388889,0.0,-817.041101388889,0.5039,411.7070109898612,205.8535054949306
2025-10-26,298,67,757.444361944444,0.0,-757.444361944444,0.5002,378.8736698446109,189.43683492230545
2025-10-26,298,68,739.6863833333334,0.0,-739.6863833333334,0.4421,327.0153500716667,163.50767503583336
2025-10-26,298,69,0.0,0.0,0.0,0.4924,0.0,0.0
2025-10-26,298,70,664.6667777777775,0.0,-664.6667777777775,0.4826,320.7681869555554,160.3840934777777
2025-10-26,298,71,690.1138,402.60116666666636,-287.5126333333336,0.4154,286.67327251999995,226.9568985766666
2025-10-26,298,72,675.5498313888893,400.1131186111106,-275.43671277777867,0.4749,320.8186149265835,255.41616747749998
2025-10-26,298,73,589.5582652777773,404.4473822222218,-185.11088305555552,0.543,320.1301380458331,269.8725332962498
2025-10-26,298,74,499.3859749999998,416.71299999999985,-82.67297499999995,0.516,257.6831630999999,236.35353554999992
2025-10-26,298,75,536.8777197222225,462.3821211111109,-74.49559861111163,0.4407,236.60201108158347,220.18690592762502
2025-10-26,298,76,0.0,438.09419361111077,438.09419361111077,0.5799,0.0,381.0762343126247
2025-10-26,298,77,0.0,0.0,0.0,0.8456,0.0,0.0
2025-10-26,298,78,0.0,0.0,0.0,0.8853,0.0,0.0
2025-10-26,298,79,0.0,0.0,0.0,0.8933,0.0,0.0
2025-10-26,298,80,0.0,0.0,0.0,0.9473,0.0,0.0
2025-10-26,298,81,0.0,0.0,0.0,0.9232,0.0,0.0
2025-10-26,298,82,0.0,0.0,0.0,0.914,0.0,0.0
2025-10-26,298,83,0.0,0.0,0.0,0.9523,0.0,0.0
2025-10-26,298,84,0.0,0.0,0.0,0.9751,0.0,0.0
2025-10-26,298,85,0.0,0.0,0.0,1.0036,0.0,0.0
2025-10-26,298,86,0.0,0.0,0.0,1.0529,0.0,0.0
2025-10-26,298,87,0.0,0.0,0.0,1.0792,0.0,0.0
2025-10-26,298,88,0.0,0.0,0.0,0.9316,0.0,0.0
2025-10-26,298,89,0.0,51.9017833333337,51.9017833333337,0.722,0.0,56.20963135000039
2025-10-26,298,90,228.681030555556,880.7406133333333,652.0595827777772,0.7338,167.806140221667,885.5281229851663
2025-10-26,298,91,142.2990766666668,301.9822231252302,159.68314645856339,0.7867,111.94668361366676,300.3807805920945
2025-10-26,298,92,192.2716333333335,192.2716333333335,0.0,0.7877,151.4523655766668,151.4523655766668
2025-10-26,298,93,222.93251166666676,224.24085825000301,1.3083465833362595,0.8221,183.27281784116676,184.88620543040787
2025-10-26,298,94,260.78366249999965,260.78366249999965,0.0,0.8682,226.41237578249968,226.41237578249968
2025-10-26,298,95,338.67973333333316,338.6797333333333,1.1368683772161603e-13,0.9145,309.7226161333332,309.72261613333336
2025-10-26,298,96,458.4535472222224,458.4535472222223,-1.1368683772161603e-13,0.9695,444.4707140319447,444.4707140319446
2025-10-26,298,97,487.7380646296295,500.0839291666665,12.345864537037016,0.9682,472.22799417440723,490.1578932415461
2025-10-26,298,98,497.72869999999983,497.72869999999983,0.0,0.9397,467.7156593899998,467.7156593899998
2025-10-26,298,99,443.8306418611104,549.8373038240735,106.00666196296311,0.9833,436.41867014202984,592.7731962043023
2025-10-26,298,100,649.6851811111106,652.0322108333334,2.3470297222227146,1.0321,670.5400754247773,674.1736294892364
2025-10-26,298,101,702.7774166666667,702.7774166666668,1.1368683772161603e-13,1.0448,734.2618449333334,734.2618449333336
2025-10-26,298,102,677.0498299999999,744.1057652777776,67.05593527777762,1.0527,712.7303560409999,818.6150306413747
2025-10-26,298,103,696.8503991666662,794.0981897222223,97.2477905555561,1.099,765.8385886841661,926.1515714150003
2025-10-26,298,104,743.2833583333332,743.2833583333332,0.0,1.1312,840.8021349466666,840.8021349466666
2025-10-26,298,105,795.7907380555554,795.7907380555554,0.0,1.0733,854.1221991550275,854.1221991550275
2025-10-26,298,106,730.1546294444448,730.1546294444448,0.0,1.1298,824.9287003463337,824.9287003463337
2025-10-26,298,107,0.0,617.0364166666666,617.0364166666666,1.2739,0.0,1179.0640367874998
2025-10-26,298,108,0.0,0.0,0.0,1.2695,0.0,0.0
2025-10-26,298,109,0.0,434.64808609938694,434.64808609938694,1.2466,0.0,812.7484561972436
2025-10-26,298,110,0.0,607.8303333333333,607.8303333333333,1.2692,0.0,1157.1873886
2025-10-26,298,111,0.0,597.9857341666667,597.9857341666667,1.2636,0.0,1133.4221605395
2025-10-26,298,112,0.0,588.7435691666666,588.7435691666666,1.2503,0.0,1104.1591267936249
2025-10-26,298,113,0.0,0.0,0.0,1.2531,0.0,0.0
2025-10-26,298,114,633.90337,633.9033700000001,1.1368683772161603e-13,1.2678,803.662692486,803.6626924860002
2025-10-26,298,115,0.0,634.1403416666667,634.1403416666667,1.2669,0.0,1205.08859828625
2025-10-26,298,116,0.0,0.0,0.0,1.2537,0.0,0.0
2025-10-26,298,117,0.0,637.5010558333333,637.5010558333333,1.2606,0.0,1205.4507464752498
2025-10-26,298,118,0.0,631.3974858333333,631.3974858333333,1.2906,0.0,1222.32239282475
2025-10-26,298,119,0.0,0.0,0.0,1.3065,0.0,0.0
2025-10-26,298,120,611.6986541666666,624.4684275000001,12.769773333333433,1.2663,774.59400577125,798.8495517292502
2025-10-26,298,121,488.76887305765877,629.7475983333334,140.9787252756746,1.2359,604.0694502119604,865.4228600642698
2025-10-26,298,122,0.0,647.9291666666666,647.9291666666666,1.2635,0.0,1227.987753125
2025-10-26,298,123,0.0,2.1018297028755762e-05,2.1018297028755762e-05,1.3094,0.0,4.128203719417919e-05
2025-10-26,298,124,650.0759408333332,620.7048783333332,-29.371062499999994,1.1755,764.1642684495832,746.9014264652081
2025-10-26,298,125,641.9226666666665,641.9226666666664,-1.1368683772161603e-13,0.9418,604.5627674666665,604.5627674666664
2025-10-26,298,126,1424.9009790740738,1424.900979074074,2.2737367544323206e-13,0.9005,1283.1233316562034,1283.1233316562036
2025-10-26,298,127,634.7509983333332,634.7509983333331,-1.1368683772161603e-13,0.9311,591.0166545481666,591.0166545481665
2025-10-26,298,128,632.8625000000001,632.8625000000002,1.1368683772161603e-13,0.9525,602.80153125,602.8015312500002
2025-10-26,298,129,0.0,0.0,0.0,0.9652,0.0,0.0
2025-10-26,298,130,632.0138116666667,632.0138116666667,0.0,0.7333,463.45572809516665,463.45572809516665
2025-10-26,298,131,495.6470833333333,495.6470833333332,-5.684341886080802e-14,0.3973,196.9205862083333,196.92058620833328
2025-10-26,298,132,1262.3016083333332,1262.301608333333,-2.2737367544323206e-13,0.3677,464.14830138416664,464.14830138416664
2025-10-26,298,133,1176.2014461665303,1176.20144616653,-2.2737367544323206e-13,0.3974,467.4224547065791,467.4224547065791
2025-10-26,298,134,0.0,0.0,0.0,0.3661,0.0,0.0
2025-10-26,298,135,1268.2926608333332,1268.2926608333332,0.0,0.3992,506.3024302046666,506.3024302046666
2025-10-26,298,136,1250.3791816666665,1256.0606162977956,5.68143463112915,0.4248,531.1610763719999,534.7812865189554
2025-10-26,298,137,1269.642833333333,1269.6428333333333,2.2737367544323206e-13,0.4215,535.1544542499998,535.15445425
2025-10-26,298,138,462.2850441666667,462.2850441666667,0.0,0.4393,203.0818199024167,203.0818199024167
2025-10-26,298,139,479.57248749999985,479.57248749999985,0.0,0.4081,195.71353214874995,195.71353214874995
2025-10-26,298,140,497.89625,497.89625000000007,5.684341886080802e-14,0.3793,188.852047625,188.85204762500004
2025-10-26,298,141,1344.4889516666665,1302.896605,-41.59234666666657,0.4752,638.9011498319999,629.018808264
2025-10-26,298,142,1325.9717458333334,1325.9717458333332,-2.2737367544323206e-13,0.5054,670.1461203441667,670.1461203441667
2025-10-26,298,143,476.4355833333333,476.4360459245776,0.00046259124434300247,0.4351,207.29712230833331,207.29742421850892
2025-10-27,299,0,1403.3835725,1403.3835725,0.0,0.4159,583.66722780275,583.66722780275
2025-10-27,299,1,1357.2799058333333,1357.2799058333333,0.0,0.4032,547.255258032,547.255258032
2025-10-27,299,2,494.2651666666667,494.2651666666667,0.0,0.3835,189.55069141666667,189.55069141666667
2025-10-27,299,3,561.8394366666666,561.8394366666666,0.0,0.4045,227.26405213166666,227.26405213166666
2025-10-27,299,4,590.7911474999999,590.7911474999999,0.0,0.4323,255.39901306424994,255.39901306424994
2025-10-27,299,5,553.4001666666665,553.4001666666665,0.0,0.4365,241.5591727499999,241.5591727499999
2025-10-27,299,6,556.8102058333332,556.8102058333332,0.0,0.4207,234.25005359408328,234.25005359408328
2025-10-27,299,7,553.2251016666665,553.2251016666665,0.0,0.4248,235.01002318799996,235.01002318799996
2025-10-27,299,8,543.0284166666667,543.0284166666667,0.0,0.4404,239.1497147,239.1497147
2025-10-27,299,9,578.3109383333334,578.3109383333334,0.0,0.4249,245.72431769783336,245.72431769783336
2025-10-27,299,10,1413.2491691666664,1413.2491691666664,0.0,0.4265,602.7507706495833,602.7507706495833
2025-10-27,299,11,1388.7927899955782,1388.7927899955782,0.0,0.4419,613.7075338990461,613.7075338990461
2025-10-27,299,12,0.0,0.0,0.0,0.4219,0.0,0.0
2025-10-27,299,13,108.56106014643919,108.56106014643919,0.0,0.4287,46.54012648477848,46.54012648477848
2025-10-27,299,14,1409.344583333333,1409.344583333333,0.0,0.4603,648.7213117083331,648.7213117083331
2025-10-27,299,15,594.5708191666665,594.5708191666665,0.0,0.4447,264.40564328341657,264.40564328341657
2025-10-27,299,16,0.0,0.0,0.0,0.4045,0.0,0.0
2025-10-27,299,17,583.0073333333333,583.0073333333333,0.0,0.389,226.7898526666667,226.7898526666667
2025-10-27,299,18,562.6259849999998,562.6259849999998,0.0,0.4277,240.6351337844999,240.6351337844999
2025-10-27,299,19,572.2199808333332,572.2199808333332,0.0,0.4641,265.56729310475,265.56729310475
2025-10-27,299,20,1434.1351666666665,1434.1351666666665,0.0,0.4824,691.8268043999999,691.8268043999999
2025-10-27,299,21,1441.1735633333333,1441.1735633333333,0.0,0.5051,727.9367668396666,727.9367668396666
2025-10-27,299,22,0.0,0.0,0.0,0.4652,0.0,0.0
2025-10-27,299,23,0.0,0.0,0.0,0.4227,0.0,0.0
2025-10-27,299,24,1429.753285833333,1429.753285833333,0.0,0.5048,721.7394586886666,721.7394586886666
2025-10-27,299,25,1417.8431375,1417.8431375,0.0,0.5162,731.8906275775,731.8906275775
2025-10-27,299,26,593.0995833333333,593.0995833333333,0.0,0.419,248.50872541666664,248.50872541666664
2025-10-27,299,27,590.5234958333333,590.5234958333333,0.0,0.3762,222.15493913249998,222.15493913249998
2025-10-27,299,28,601.4358708333334,601.4358708333334,0.0,0.3983,239.5519073529167,239.5519073529167
2025-10-27,299,29,0.0,0.0,0.0,0.4202,0.0,0.0
2025-10-27,299,30,1405.3925691666664,1405.3925691666664,0.0,0.3835,538.9680502754165,538.9680502754165
2025-10-27,299,31,1436.6220591666665,1436.6220591666665,0.0,0.3871,556.1163991034166,556.1163991034166
2025-10-27,299,32,655.7275833333334,655.7275833333334,0.0,0.4216,276.45474913333334,276.45474913333334
2025-10-27,299,33,1419.7183491666665,1419.7183491666665,0.0,0.4183,593.8681854564167,593.8681854564167
2025-10-27,299,34,625.7227116666666,625.7227116666666,0.0,0.646,404.21687173666663,404.21687173666663
2025-10-27,299,35,0.0,0.0,0.0,0.9958,0.0,0.0
2025-10-27,299,36,0.0,6.600360000000137,6.600360000000137,1.05,0.0,10.395567000000216
2025-10-27,299,37,0.0,4.304679166666801,4.304679166666801,1.0029,0.0,6.475744104375202
2025-10-27,299,38,0.0,0.0,0.0,1.0025,0.0,0.0
2025-10-27,299,39,0.0,0.0,0.0,0.9958,0.0,0.0
2025-10-27,299,40,457.97411954840084,457.97411954840084,0.0,0.9452,432.87713779714846,432.87713779714846
2025-10-27,299,41,662.2808166666667,662.2808166666667,0.0,0.8872,587.5755405466667,587.5755405466667
2025-10-27,299,42,614.5995166666669,650.8261280555557,36.22661138888884,0.893,548.8373683833336,597.3629143387502
2025-10-27,299,43,615.7171733333334,626.3233385530701,10.606165219736681,0.9,554.1454560000001,568.4637790466446
2025-10-27,299,44,0.0,428.4365597485164,428.4365597485164,0.8575,0.0,551.0765249765293
2025-10-27,299,45,1322.60358,1302.175247222222,-20.428332777777996,0.813,1075.2767105399998,1066.9725932658332
2025-10-27,299,46,549.4511391666667,549.4511391666665,-2.2737367544323206e-13,1.0057,552.5830106599168,552.5830106599167
2025-10-27,299,47,0.0,0.0,0.0,1.2779,0.0,0.0
2025-10-27,299,48,0.0,0.0,0.0,1.218,0.0,0.0
2025-10-27,299,49,0.0,0.0,0.0,1.1578,0.0,0.0
2025-10-27,299,50,0.0,0.0,0.0,1.2287,0.0,0.0
2025-10-27,299,51,0.0,0.0,0.0,1.2243,0.0,0.0
2025-10-27,299,52,0.0,0.0,0.0,1.1513,0.0,0.0
2025-10-27,299,53,0.0,0.0,0.0,1.0806,0.0,0.0
2025-10-27,299,54,0.0,0.0,0.0,1.0587,0.0,0.0
2025-10-27,299,55,0.0,0.0,0.0,1.0158,0.0,0.0
2025-10-27,299,56,0.0,0.0,0.0,0.9651,0.0,0.0
2025-10-27,299,57,0.0,0.0,0.0,0.9875,0.0,0.0
2025-10-27,299,58,0.0,0.0,0.0,0.9884,0.0,0.0
2025-10-27,299,59,0.0,0.0,0.0,0.9426,0.0,0.0
2025-10-27,299,60,0.0,0.0,0.0,0.9125,0.0,0.0
2025-10-27,299,61,0.0,0.0,0.0,0.8592,0.0,0.0
2025-10-27,299,62,0.0,0.0,0.0,0.822,0.0,0.0
2025-10-27,299,63,0.0,0.0,0.0,0.8605,0.0,0.0
2025-10-27,299,64,0.0,0.0,0.0,0.7132,0.0,0.0
2025-10-27,299,65,0.0,499.57211861111375,499.57211861111375,0.4453,0.0,333.6891966262934
2025-10-27,299,66,636.5832,609.1867697222219,-27.39643027777811,0.4073,259.28033736000003,253.7010543339305
2025-10-27,299,67,588.9506491666666,556.3020136111113,-32.6486355555553,0.4648,273.74426173266664,266.1567188295556
2025-10-27,299,68,582.7086833333335,539.502925,-43.205758333333506,0.4625,269.50276604166675,259.5114344270834
2025-10-27,299,69,532.7153516666667,571.3574872222223,38.64213555555557,0.3878,206.58701337633335,229.06514362900003
2025-10-27,299,70,526.8034516666667,570.8985944444446,44.09514277777794,0.3682,193.9690309036667,218.32277825983346
2025-10-27,299,71,591.0897,582.0692499999998,-9.02045000000021,0.4024,237.85449527999998,236.03958073999993
2025-10-27,299,72,608.6277244444448,579.8565922222217,-28.77113222222306,0.3795,230.9742214266668,225.51489908749997
2025-10-27,299,73,524.7414563888885,524.7414563888885,0.0,0.3933,206.38081479774985,206.38081479774985
2025-10-27,299,74,427.29819999999984,427.29819999999967,-1.7053025658242404e-13,0.4224,180.49075967999994,180.49075967999988
2025-10-27,299,75,492.4911927777781,492.4911927777781,0.0,0.3752,184.78269553022233,184.78269553022233
2025-10-27,299,76,603.2781278165879,603.2781278165879,0.0,0.5318,320.8233083728615,320.8233083728615
2025-10-27,299,77,0.0,0.0,0.0,0.8315,0.0,0.0
2025-10-27,299,78,0.0,0.0,0.0,0.9051,0.0,0.0
2025-10-27,299,79,0.0,0.0,0.0,0.8857,0.0,0.0
2025-10-27,299,80,0.0,0.0,0.0,0.9064,0.0,0.0
2025-10-27,299,81,0.0,0.0,0.0,0.9579,0.0,0.0
2025-10-27,299,82,0.0,0.0,0.0,0.9869,0.0,0.0
2025-10-27,299,83,0.0,0.0,0.0,0.9941,0.0,0.0
2025-10-27,299,84,0.0,0.0,0.0,1.0215,0.0,0.0
2025-10-27,299,85,0.0,0.0,0.0,1.0269,0.0,0.0
2025-10-27,299,86,0.0,0.0,0.0,1.0315,0.0,0.0
2025-10-27,299,87,0.0,0.0,0.0,1.0767,0.0,0.0
2025-10-27,299,88,0.0,0.0,0.0,0.9626,0.0,0.0
2025-10-27,299,89,938.8606012345675,1165.7992666666667,226.93866543209913,0.7725,725.2698144537034,988.2349930231483
2025-10-27,299,90,239.49231138888865,451.1968802777774,211.70456888888873,0.8059,193.00685374830536,448.9259218496385
2025-10-27,299,91,305.30798694444456,362.313689166667,57.00570222222245,0.8588,262.198499187889,335.633244790556
2025-10-27,299,92,366.96000000000026,441.22848333333366,74.26848333333339,0.8502,311.9893920000002,406.7039887950002
2025-10-27,299,93,399.83190388888886,506.6034733333331,106.77156944444425,0.8994,359.60881435766663,503.65433869516636
2025-10-27,299,94,452.0570877777776,546.4282100000001,94.37112222222254,0.922,416.796634931111,547.3118969644447
2025-10-27,299,95,557.2881333333331,577.823789916667,20.53565658333389,0.9011,502.17233694666646,529.9293571675297
2025-10-27,299,96,676.9939244444445,676.9939244444444,-1.1368683772161603e-13,0.9146,619.1786432968889,619.1786432968888
2025-10-27,299,97,706.2478599074076,744.1343133333335,37.88645342592588,0.938,662.4604925931483,715.766732563426
2025-10-27,299,98,703.173775,709.6157303765424,6.44195537654241,0.968,680.6722142,690.0259334067396
2025-10-27,299,99,753.2427744444443,835.6094916666664,82.36671722222206,1.027,773.5803293544442,900.4662572352772
2025-10-27,299,100,819.4963660802471,863.5630508333334,44.06668475308629,1.0484,859.159990198531,928.4592586412344
2025-10-27,299,101,841.6531333333332,841.6531333333334,1.1368683772161603e-13,1.0388,874.3092749066665,874.3092749066667
2025-10-27,299,102,890.0161141666666,955.7021744444443,65.68606027777764,1.0721,954.1862759980834,1059.8193138337915
2025-10-27,299,103,911.1947736111115,994.4904063888889,83.29563277777743,1.1109,1012.2462740045837,1151.0459516838332
2025-10-27,299,104,951.0779941358012,951.0779941358011,-1.1368683772161603e-13,1.1033,1049.3243509300294,1049.3243509300294
2025-10-27,299,105,1020.9796108333333,1020.9796108333329,-3.410605131648481e-13,1.0514,1073.4579628301665,1073.4579628301663
2025-10-27,299,106,901.531161944445,901.5311619444449,-1.1368683772161603e-13,1.1048,996.0116277162228,996.0116277162228
2025-10-27,299,107,0.0,197.78065993966206,197.78065993966206,1.2422,0.0,368.5247036655723
2025-10-27,299,108,0.0,0.0,0.0,1.282,0.0,0.0
2025-10-27,299,109,0.0,0.0,0.0,1.2342,0.0,0.0
2025-10-27,299,110,747.5769166666665,747.5769166666665,0.0,1.1962,894.2515077166664,894.2515077166664
2025-10-27,299,111,676.0444225000001,676.0444225000001,0.0,1.2528,846.9484525080001,846.9484525080001
2025-10-27,299,112,665.3354941666664,665.3354941666665,1.1368683772161603e-13,1.297,862.9401359341663,862.9401359341665
2025-10-27,299,113,701.1115833333333,718.7939166666664,17.682333333333077,1.2987,910.533613275,944.9796827249995
2025-10-27,299,114,499.9296080916108,499.9296080916108,0.0,1.3209,660.3570193282087,660.3570193282087
2025-10-27,299,115,0.0,0.0,0.0,1.3041,0.0,0.0
2025-10-27,299,116,0.0,0.0,0.0,1.2663,0.0,0.0
2025-10-27,299,117,0.0,0.0,0.0,1.2912,0.0,0.0
2025-10-27,299,118,0.0,0.0,0.0,1.2936,0.0,0.0
2025-10-27,299,119,0.0,0.0,0.0,1.2677,0.0,0.0
2025-10-27,299,120,0.0,0.0,0.0,1.2921,0.0,0.0
2025-10-27,299,121,0.0,0.0,0.0,1.2966,0.0,0.0
2025-10-27,299,122,0.0,0.0,0.0,1.2725,0.0,0.0
2025-10-27,299,123,0.0,0.0,0.0,1.2622,0.0,0.0
2025-10-27,299,124,740.6513291666666,740.6513291666666,0.0,1.1218,830.8626610591666,830.8626610591666
2025-10-27,299,125,742.5098435123463,742.5098435123462,-1.1368683772161603e-13,0.9141,678.7282479546358,678.7282479546357
2025-10-27,299,126,743.6729691666668,743.6729691666668,0.0,0.8743,650.1932769424168,650.1932769424168
2025-10-27,299,127,699.2516399999998,699.2516399999998,0.0,0.9133,638.6265228119998,638.6265228119998
2025-10-27,299,128,718.0146666666667,718.0146666666668,1.1368683772161603e-13,0.9661,693.6739694666667,693.6739694666668
2025-10-27,299,129,772.8013075055544,772.8013075055545,1.1368683772161603e-13,1.009,779.7565192731043,779.7565192731046
2025-10-27,299,130,707.5762866666666,707.5762866666666,0.0,0.7729,546.8857119646667,546.8857119646667
2025-10-27,299,131,1325.5106666666666,1325.5106666666663,-2.2737367544323206e-13,0.4007,531.1321241333333,531.1321241333331
2025-10-27,299,132,1318.8572658333333,1340.6925566666664,21.835290833333147,0.3474,458.17101415049996,469.54938420374987
2025-10-27,299,133,1358.6801883333333,1367.82323256905,9.143044235716843,0.4266,579.6129683429999,585.4636023494352
2025-10-27,299,134,547.21775,547.2177499999999,-1.1368683772161603e-13,0.4497,246.083822175,246.083822175
2025-10-27,299,135,1330.0532633333332,1330.053263333333,-2.2737367544323206e-13,0.4134,549.8440190619999,549.8440190619998
2025-10-27,299,136,1324.7016675,1324.7016675,0.0,0.4,529.880667,529.880667
2025-10-27,299,137,537.1119166666667,537.1119166666667,0.0,0.4353,233.80481732500004,233.80481732500004
2025-10-27,299,138,0.0,0.0,0.0,0.4664,0.0,0.0
2025-10-27,299,139,516.7700808333332,516.7700808333332,0.0,0.4345,224.53660012208326,224.53660012208326
2025-10-27,299,140,1373.2594166666665,1373.2594166666668,2.2737367544323206e-13,0.3811,523.3491636916666,523.3491636916667
2025-10-27,299,141,594.4397566666667,594.4397566666667,0.0,0.4035,239.856441815,239.856441815
2025-10-27,299,142,567.9571274999998,567.9571274999997,-1.1368683772161603e-13,0.4226,240.01868208149992,240.0186820814999
2025-10-27,299,143,1141.6363393194076,1141.6363393194079,2.2737367544323206e-13,0.4242,484.28213513929273,484.2821351392929
2025-10-28,300,0,1384.0581816666665,1384.0581816666665,0.0,0.4672,646.6319824746666,646.6319824746666
2025-10-28,300,1,1355.2079991666665,1355.2079991666665,0.0,0.4637,628.4099492135832,628.4099492135832
2025-10-28,300,2,521.5886666666667,521.5886666666667,0.0,0.4125,215.15532499999998,215.15532499999998
2025-10-28,300,3,0.0,0.0,0.0,0.4059,0.0,0.0
2025-10-28,300,4,585.8402466666666,585.8402466666666,0.0,0.413,241.9520218733333,241.9520218733333
2025-10-28,300,5,1383.078583333333,1383.078583333333,0.0,0.4054,560.7000576833332,560.7000576833332
2025-10-28,300,6,1373.4456399999997,1373.4456399999997,0.0,0.3908,536.7425561119999,536.7425561119999
2025-10-28,300,7,538.4842758333332,538.4842758333332,0.0,0.3814,205.3779028028333,205.3779028028333
2025-10-28,300,8,0.0,0.0,0.0,0.4002,0.0,0.0
2025-10-28,300,9,584.0712016666666,584.0712016666666,0.0,0.4543,265.34354691716663,265.34354691716663
2025-10-28,300,10,1419.4874616666666,1419.4874616666666,0.0,0.4523,642.0341789118332,642.0341789118332
2025-10-28,300,11,1398.1001666666666,1398.1001666666666,0.0,0.3991,557.9817765166666,557.9817765166666
2025-10-28,300,12,581.4092825,581.4092825,0.0,0.3954,229.8892303005,229.8892303005
2025-10-28,300,13,588.5988908333334,588.5988908333334,0.0,0.4393,258.57149274308335,258.57149274308335
2025-10-28,300,14,572.9115833333333,572.9115833333333,0.0,0.4832,276.83087706666663,276.83087706666663
2025-10-28,300,15,1416.047835833333,1416.047835833333,0.0,0.479,678.2869133641665,678.2869133641665
2025-10-28,300,16,590.4290225,590.4290225,0.0,0.4503,265.87018883175,265.87018883175
2025-10-28,300,17,0.0,0.0,0.0,0.4315,0.0,0.0
2025-10-28,300,18,575.6389416666665,575.6389416666665,0.0,0.4371,251.6117814024999,251.6117814024999
2025-10-28,300,19,1403.0826758333333,1403.0826758333333,0.0,0.434,608.9378813116666,608.9378813116666
2025-10-28,300,20,577.3217499999998,577.3217499999998,0.0,0.4234,244.43802894999993,244.43802894999993
2025-10-28,300,21,605.7602808333334,605.7602808333334,0.0,0.4377,265.14127492075,265.14127492075
2025-10-28,300,22,622.0748425,622.0748425,0.0,0.4498,279.8092641565,279.8092641565
2025-10-28,300,23,613.7465,613.7465,0.0,0.4399,269.98708535,269.98708535
2025-10-28,300,24,598.7131583333332,598.7131583333332,0.0,0.4191,250.92068465749995,250.92068465749995
2025-10-28,300,25,588.7016033333332,588.7016033333332,0.0,0.431,253.73039103666662,253.73039103666662
2025-10-28,300,26,1235.3514496324533,1235.3514496324533,0.0,0.4683,578.5150838628779,578.5150838628779
2025-10-28,300,27,601.7123791666667,601.7123791666667,0.0,0.4764,286.655777435,286.655777435
2025-10-28,300,28,0.0,0.0,0.0,0.4492,0.0,0.0
2025-10-28,300,29,0.0,0.0,0.0,0.4285,0.0,0.0
2025-10-28,300,30,1414.576850833333,1414.576850833333,0.0,0.4677,661.5975931347499,661.5975931347499
2025-10-28,300,31,1152.1729019444442,1152.1729019444442,0.0,0.5212,600.5125164934443,600.5125164934443
2025-10-28,300,32,0.0,0.0,0.0,0.4976,0.0,0.0
2025-10-28,300,33,1343.0575590740746,1343.0575590740746,0.0,0.3877,520.7034156530187,520.7034156530187
2025-10-28,300,34,645.8666075,645.8666075,0.0,0.567,366.20636645249994,366.20636645249994
2025-10-28,300,35,0.0,0.0,0.0,0.9339,0.0,0.0
2025-10-28,300,36,5.027770000000267,10.999961666666877,5.97219166666661,0.9946,5.000620042000265,13.91053278950018
2025-10-28,300,37,0.0,0.0,0.0,0.971,0.0,0.0
2025-10-28,300,38,0.0,0.0,0.0,0.9912,0.0,0.0
2025-10-28,300,39,414.7521333355967,414.75213333559657,-1.1368683772161603e-13,0.9497,393.89010102881616,393.8901010288161
2025-10-28,300,40,710.5341716666665,710.5341716666663,-1.1368683772161603e-13,0.9157,650.6361409951664,650.6361409951663
2025-10-28,300,41,682.6381,682.6381,0.0,0.9173,626.18392913,626.18392913
2025-10-28,300,42,1469.0483640327427,1469.048364032743,2.2737367544323206e-13,0.9116,1339.184488652248,1339.1844886522483
2025-10-28,300,43,625.0412624999999,625.0412624999999,0.0,0.9174,573.4128542174999,573.4128542174999
2025-10-28,300,44,0.0,0.0,0.0,0.8681,0.0,0.0
2025-10-28,300,45,1339.3155408333332,1322.3190524999998,-16.996488333333446,0.7255,971.6734248745832,965.5079487316666
2025-10-28,300,46,568.3101858333334,568.3101858333333,-1.1368683772161603e-13,0.9399,534.1547436647501,534.15474366475
2025-10-28,300,47,0.0,0.0,0.0,1.363,0.0,0.0
2025-10-28,300,48,0.0,0.0,0.0,1.3595,0.0,0.0
2025-10-28,300,49,0.0,0.0,0.0,1.2199,0.0,0.0
2025-10-28,300,50,0.0,0.0,0.0,1.1882,0.0,0.0
2025-10-28,300,51,0.0,0.0,0.0,1.2085,0.0,0.0
2025-10-28,300,52,0.0,0.0,0.0,1.1743,0.0,0.0
2025-10-28,300,53,0.0,0.0,0.0,1.1024,0.0,0.0
2025-10-28,300,54,0.0,0.0,0.0,1.0958,0.0,0.0
2025-10-28,300,55,0.0,0.0,0.0,1.0761,0.0,0.0
2025-10-28,300,56,0.0,0.0,0.0,1.0024,0.0,0.0
2025-10-28,300,57,0.0,0.0,0.0,0.9263,0.0,0.0
2025-10-28,300,58,0.0,0.0,0.0,0.9232,0.0,0.0
2025-10-28,300,59,0.0,0.0,0.0,0.9604,0.0,0.0
2025-10-28,300,60,0.0,0.0,0.0,0.9341,0.0,0.0
2025-10-28,300,61,0.0,0.0,0.0,0.9076,0.0,0.0
2025-10-28,300,62,0.0,0.0,0.0,0.9257,0.0,0.0
2025-10-28,300,63,0.0,0.0,0.0,0.9355,0.0,0.0
2025-10-28,300,64,0.0,0.0,0.0,0.7541,0.0,0.0
2025-10-28,300,65,0.0,261.9520790740793,261.9520790740793,0.4771,0.0,187.46600538936485
2025-10-28,300,66,649.9705383333333,546.0709580555551,-103.89958027777811,0.4111,267.20288830883334,245.84632958273602
2025-10-28,300,67,616.9451733333328,520.6447877777778,-96.30038555555507,0.466,287.4964507733331,265.0584609388888
2025-10-28,300,68,621.1401416666668,527.1340333333333,-94.00610833333349,0.5085,315.8497620375,291.94870899374996
2025-10-28,300,69,553.3757883333333,553.3757883333332,-1.1368683772161603e-13,0.4893,270.7667732315,270.76677323149994
2025-10-28,300,70,517.3450974999996,517.3450974999995,-1.1368683772161603e-13,0.4534,234.56426720649984,234.5642672064998
2025-10-28,300,71,555.2135666666666,555.2135666666666,0.0,0.4398,244.18292661999996,244.18292661999996
2025-10-28,300,72,568.446077777778,568.446077777778,0.0,0.4538,257.96083009555565,257.96083009555565
2025-10-28,300,73,501.92714305555546,523.3330658132801,21.405922757724625,0.4786,240.22233066638887,255.58964261415937
2025-10-28,300,74,435.71501666666643,594.5830416666664,158.868025,0.4944,215.4175042399999,333.23403157999985
2025-10-28,300,75,514.3763994444446,657.2528702777777,142.8764708333331,0.5142,264.4923445943334,374.69296654808323
2025-10-28,300,76,573.7261497610356,573.7261497610356,0.0,0.6651,381.5852622060648,381.5852622060648
2025-10-28,300,77,0.0,0.0,0.0,0.8908,0.0,0.0
2025-10-28,300,78,0.0,0.0,0.0,0.9803,0.0,0.0
2025-10-28,300,79,0.0,0.0,0.0,0.9558,0.0,0.0
2025-10-28,300,80,0.0,0.0,0.0,0.9176,0.0,0.0
2025-10-28,300,81,0.0,0.0,0.0,0.9468,0.0,0.0
2025-10-28,300,82,0.0,0.0,0.0,0.9824,0.0,0.0
2025-10-28,300,83,0.0,0.0,0.0,0.9748,0.0,0.0
2025-10-28,300,84,0.0,0.0,0.0,0.9362,0.0,0.0
2025-10-28,300,85,0.0,0.0,0.0,0.9355,0.0,0.0
2025-10-28,300,86,0.0,0.0,0.0,1.0076,0.0,0.0
2025-10-28,300,87,0.0,0.0,0.0,1.098,0.0,0.0
2025-10-28,300,88,0.0,0.0,0.0,1.0022,0.0,0.0
2025-10-28,300,89,121.55016666666711,282.24430000000007,160.69413333333296,0.79,96.02463166666702,286.44717966666656
2025-10-28,300,90,315.4610188888887,1069.8100600000005,754.3490411111118,0.7485,236.12257263833322,1083.067958545834
2025-10-28,300,91,225.97989166666673,299.19638833333363,73.2164966666669,0.7939,179.40543599416674,266.595301049667
2025-10-28,300,92,272.9885250000001,366.00187500000015,93.01335000000006,0.8378,228.7097862450001,345.5996631900002
2025-10-28,300,93,297.8175233333335,425.8680316666665,128.05050833333303,0.8791,261.8113847623335,430.6651875760831
2025-10-28,300,94,359.570445833333,477.75457916666664,118.18413333333365,0.9009,323.9370146512497,483.64514323125013
2025-10-28,300,95,471.54838333333316,531.0957000000001,59.547316666666916,0.9145,431.2309965583332,512.9150281958335
2025-10-28,300,96,576.3083205555557,584.3385075000001,8.030186944444381,0.9479,546.2826570546113,557.7003783615695
2025-10-28,300,97,624.2593694444442,665.9530683333332,41.693698888889,0.9643,601.9733099552776,662.2811607131111
2025-10-28,300,98,641.677275,641.677275,0.0,0.9623,617.4860417325,617.4860417325
2025-10-28,300,99,705.8147913888888,705.8165215565516,0.0017301676627994311,0.9825,693.4630325395833,693.4655823741764
2025-10-28,300,100,789.3636591358027,789.3636591358027,0.0,1.0255,809.4924324437657,809.4924324437657
2025-10-28,300,101,836.7821333333331,836.7821333333331,0.0,1.0629,889.4157295199998,889.4157295199998
2025-10-28,300,102,862.8860749999985,942.1585736111109,79.27249861111238,1.0647,918.7148040524984,1045.3169479593753
2025-10-28,300,103,884.6520533333337,1054.201985307531,169.5499319741973,1.0635,940.8274587200003,1211.3019877018385
2025-10-28,300,104,941.7495583333334,1006.6735000000001,64.92394166666668,1.0742,1011.6273755616668,1116.2393227691668
2025-10-28,300,105,1016.0141427777776,1016.0141427777775,-1.1368683772161603e-13,1.0886,1106.0329958278887,1106.0329958278885
2025-10-28,300,106,71.72160805555572,107.81165166666665,36.09004361111093,1.1372,81.56181268077796,143.124209072611
2025-10-28,300,107,0.0,0.0,0.0,1.2213,0.0,0.0
2025-10-28,300,108,0.0,0.0,0.0,1.2931,0.0,0.0
2025-10-28,300,109,0.0,0.0,0.0,1.2727,0.0,0.0
2025-10-28,300,110,0.0,0.0,0.0,1.2117,0.0,0.0
2025-10-28,300,111,0.0,0.0,0.0,1.2452,0.0,0.0
2025-10-28,300,112,496.33230296815515,496.33230296815526,1.1368683772161603e-13,1.2864,638.4818745382348,638.481874538235
2025-10-28,300,113,736.2795833333333,736.2795833333334,1.1368683772161603e-13,1.2836,945.0884731666667,945.088473166667
2025-10-28,300,114,744.0088558333332,744.0088558333332,0.0,1.2724,946.6768681623331,946.6768681623331
2025-10-28,300,115,704.8452241666665,704.8452241666664,-1.1368683772161603e-13,1.2687,894.2371359002498,894.2371359002498
2025-10-28,300,116,0.0,0.0,0.0,1.2683,0.0,0.0
2025-10-28,300,117,0.0,0.0,0.0,1.2604,0.0,0.0
2025-10-28,300,118,0.0,0.0,0.0,1.2626,0.0,0.0
2025-10-28,300,119,667.8819166666665,667.8819166666665,0.0,1.2849,858.1614747249997,858.1614747249997
2025-10-28,300,120,699.3804908333334,699.3804908333333,-1.1368683772161603e-13,1.3123,917.7970181205834,917.7970181205834
2025-10-28,300,121,0.0,0.0,0.0,1.2937,0.0,0.0
2025-10-28,300,122,0.0,626.0539377365451,626.0539377365451,1.2859,0.0,1207.564137803135
2025-10-28,300,123,0.0,0.0,0.0,1.3574,0.0,0.0
2025-10-28,300,124,740.8712841666664,740.8712841666663,-1.1368683772161603e-13,1.1802,874.3762895734997,874.3762895734997
2025-10-28,300,125,730.5589999999999,730.5589999999997,-1.1368683772161603e-13,0.8826,644.7913733999999,644.7913733999998
2025-10-28,300,126,740.0167055802455,740.0167055802453,-1.1368683772161603e-13,0.9392,695.0236898809666,695.0236898809665
2025-10-28,300,127,699.515738333333,726.3131403364217,26.797402003088678,1.0052,703.1532201726665,743.5583429129235
2025-10-28,300,128,755.8351666666666,755.8351666666667,1.1368683772161603e-13,0.9625,727.4913479166667,727.4913479166668
2025-10-28,300,129,754.0481888944458,754.0481888944457,-1.1368683772161603e-13,0.9974,752.0876636033203,752.0876636033202
2025-10-28,300,130,697.1745391666666,697.1745391666665,-1.1368683772161603e-13,0.7872,548.8157972319999,548.8157972319999
2025-10-28,300,131,507.1325450783321,507.1325450783322,1.1368683772161603e-13,0.4286,217.35700882057313,217.3570088205732
2025-10-28,300,132,1329.2527074999998,1329.2527074999998,0.0,0.3875,515.0854241562499,515.0854241562499
2025-10-28,300,133,605.5436021027409,631.1322625659544,25.5886604632135,0.4151,251.36114923284777,267.29392867026763
2025-10-28,300,134,587.6478333333332,587.6478333333331,-1.1368683772161603e-13,0.3876,227.77230019999996,227.77230019999993
2025-10-28,300,135,1330.9942566666664,1330.9942566666662,-2.2737367544323206e-13,0.4335,576.9860102649999,576.9860102649998
2025-10-28,300,136,1325.1827441666665,1325.1827441666662,-2.2737367544323206e-13,0.4568,605.3434775353332,605.3434775353331
2025-10-28,300,137,485.55291666666653,485.5529166666665,-5.684341886080802e-14,0.4244,206.06865783333328,206.06865783333325
2025-10-28,300,138,579.7558791666668,579.7558791666668,0.0,0.4093,237.2940813429167,237.2940813429167
2025-10-28,300,139,1377.7002999999997,1377.7003,2.2737367544323206e-13,0.42,578.6341259999999,578.634126
2025-10-28,300,140,548.2985833333333,548.2993446186587,0.0007612853253249341,0.4317,236.70049842499998,236.7009913953124
2025-10-28,300,141,578.9657316666667,578.9657316666668,1.1368683772161603e-13,0.4209,243.6866764585,243.68667645850007
2025-10-28,300,142,1373.8658449999998,1373.8658449999998,0.0,0.4329,594.7465243004999,594.7465243004999
2025-10-28,300,143,1291.103208333333,1359.523208333333,68.42000000000007,0.4478,578.1560166916665,624.1137306916665
2025-10-29,301,0,1391.3245491666664,1391.3245491666664,0.0,0.4014,558.4776740354998,558.4776740354998
2025-10-29,301,1,1330.8853774999998,1330.8853774999998,0.0,0.3747,498.6827509492499,498.6827509492499
2025-10-29,301,2,511.2969372068538,511.2969372068538,0.0,0.4139,211.62580230991676,211.62580230991676
2025-10-29,301,3,561.2374675,561.2374675,0.0,0.4777,268.10313822475,268.10313822475
2025-10-29,301,4,582.9258899999999,582.9258899999999,0.0,0.4723,275.3158978469999,275.3158978469999
2025-10-29,301,5,0.0,0.0,0.0,0.4229,0.0,0.0
2025-10-29,301,6,0.0,0.0,0.0,0.4416,0.0,0.0
2025-10-29,301,7,560.4554966666665,560.4554966666665,0.0,0.4652,260.72389704933323,260.72389704933323
2025-10-29,301,8,0.0,0.0,0.0,0.4583,0.0,0.0
2025-10-29,301,9,0.0,0.0,0.0,0.4493,0.0,0.0
2025-10-29,301,10,592.0156066666667,592.0156066666667,0.0,0.4331,256.40195924733337,256.40195924733337
2025-10-29,301,11,1353.373732142899,1353.373732142899,0.0,0.412,557.5899776428744,557.5899776428744
2025-10-29,301,12,569.904865,569.904865,0.0,0.4032,229.785641568,229.785641568
2025-10-29,301,13,0.0,0.0,0.0,0.419,0.0,0.0
2025-10-29,301,14,563.8943333333333,563.8943333333333,0.0,0.4429,249.74880023333333,249.74880023333333
2025-10-29,301,15,1401.0478824999998,1401.0478824999998,0.0,0.4446,622.9058885594999,622.9058885594999
2025-10-29,301,16,601.5499375,601.5499375,0.0,0.4463,268.47173710625003,268.47173710625003
2025-10-29,301,17,611.0030833333334,611.0030833333334,0.0,0.4605,281.36691987500006,281.36691987500006
2025-10-29,301,18,1393.3807149999998,1393.3807149999998,0.0,0.4714,656.8396690509999,656.8396690509999
2025-10-29,301,19,1383.0864,1383.0864,0.0,0.4454,616.02668256,616.02668256
2025-10-29,301,20,597.3794166666665,597.3794166666665,0.0,0.4185,250.00328587499993,250.00328587499993
2025-10-29,301,21,621.8482166666665,621.8482166666665,0.0,0.459,285.42833145,285.42833145
2025-10-29,301,22,625.1142041666666,625.1142041666666,0.0,0.4728,295.55399572999994,295.55399572999994
2025-10-29,301,23,0.0,0.0,0.0,0.4396,0.0,0.0
2025-10-29,301,24,594.3696041666666,594.3696041666666,0.0,0.4335,257.65922340624996,257.65922340624996
2025-10-29,301,25,589.2521291666666,589.2521291666666,0.0,0.447,263.39570173749996,263.39570173749996
2025-10-29,301,26,833.3333333333333,833.3333333333333,0.0,0.4672,389.3333333333333,389.3333333333333
2025-10-29,301,27,1412.9004791666666,1412.9004791666666,0.0,0.4863,687.09350301875,687.09350301875
2025-10-29,301,28,592.0638416666667,592.0638416666667,0.0,0.4559,269.92190541583335,269.92190541583335
2025-10-29,301,29,0.0,0.0,0.0,0.403,0.0,0.0
2025-10-29,301,30,1280.7354193089154,1280.7354193089154,0.0,0.4116,527.1506985875496,527.1506985875496
2025-10-29,301,31,1439.967846666667,1439.967846666667,0.0,0.4509,649.2815020620002,649.2815020620002
2025-10-29,301,32,1411.973083333333,1411.973083333333,0.0,0.4369,616.8910401083332,616.8910401083332
2025-10-29,301,33,833.3333333333333,833.3333333333333,0.0,0.3617,301.41666666666663,301.41666666666663
2025-10-29,301,34,2.6850708054281055e-05,2.6850708054281055e-05,0.0,0.5893,1.5823122256387828e-05,1.5823122256387828e-05
2025-10-29,301,35,0.0,810.5598333333331,810.5598333333331,0.9762,0.0,1186.9027639499996
2025-10-29,301,36,3.124014166666985,22.51591250000024,19.391898333333256,0.9951,3.1087064972503167,32.0540235445002
2025-10-29,301,37,0.0,0.0,0.0,0.9699,0.0,0.0
2025-10-29,301,38,0.0,470.922267195468,470.922267195468,1.026,0.0,724.7493692138254
2025-10-29,301,39,740.0071083333332,786.7347702777777,46.727661944444435,0.9609,711.0728303974998,778.4237459411248
2025-10-29,301,40,720.6448741666665,758.9824626388888,38.337588472222365,0.9197,662.7770907710831,715.6657109479374
2025-10-29,301,41,684.5777833333332,711.4652166666665,26.88743333333332,0.9279,635.2197251549998,672.6429992399998
2025-10-29,301,42,635.3981783333336,673.9544925,38.556314166666425,0.8667,550.6996011615003,600.8247373938749
2025-10-29,301,43,631.5228583333333,649.5092491666665,17.98639083333319,0.8721,550.7510847524999,574.2799819211247
2025-10-29,301,44,493.6933881595087,593.8709749999999,100.17758684049124,0.8961,442.3986451297357,577.0523484813821
2025-10-29,301,45,1319.1173858333334,1316.0894641666666,-3.0279216666667708,0.7886,1040.2559704681667,1039.062060955
2025-10-29,301,46,546.3286233333334,546.3286233333334,0.0,0.9615,525.2949713350001,525.2949713350001
2025-10-29,301,47,0.0,0.0,0.0,1.3252,0.0,0.0
2025-10-29,301,48,0.0,0.0,0.0,1.3399,0.0,0.0
2025-10-29,301,49,0.0,0.0,0.0,1.234,0.0,0.0
2025-10-29,301,50,0.0,0.0,0.0,1.2089,0.0,0.0
2025-10-29,301,51,0.0,0.0,0.0,1.2236,0.0,0.0
2025-10-29,301,52,0.0,0.0,0.0,1.1803,0.0,0.0
2025-10-29,301,53,0.0,0.0,0.0,1.1134,0.0,0.0
2025-10-29,301,54,0.0,0.0,0.0,1.1387,0.0,0.0
2025-10-29,301,55,0.0,0.0,0.0,1.1279,0.0,0.0
2025-10-29,301,56,0.0,0.0,0.0,1.068,0.0,0.0
2025-10-29,301,57,0.0,0.0,0.0,1.0796,0.0,0.0
2025-10-29,301,58,0.0,0.0,0.0,1.1077,0.0,0.0
2025-10-29,301,59,0.0,0.0,0.0,1.1078,0.0,0.0
2025-10-29,301,60,0.0,0.0,0.0,1.084,0.0,0.0
2025-10-29,301,61,0.0,143.64781722222244,143.64781722222244,1.0153,0.0,218.7684432385837
2025-10-29,301,62,0.0,88.82297500000004,88.82297500000004,0.9616,0.0,128.11825914000008
2025-10-29,301,63,0.0,0.0,0.0,0.9851,0.0,0.0
2025-10-29,301,64,122.14747555555573,17.013075717824904,-105.13439983773083,0.8278,101.11368026488903,57.598552172052244
2025-10-29,301,65,0.0,0.0,0.0,0.5619,0.0,0.0
2025-10-29,301,66,856.9339700000003,744.4751924999998,-112.45877750000045,0.5349,458.3739805530002,428.2968805106251
2025-10-29,301,67,836.8959808333332,704.1585841666665,-132.73739666666665,0.5593,468.0759220800833,430.9559091022499
2025-10-29,301,68,869.6070916666667,711.2861583333331,-158.32093333333364,0.5324,462.9788156033334,420.83378314999993
2025-10-29,301,69,0.0,0.0,0.0,0.546,0.0,0.0
2025-10-29,301,70,855.9857708333332,754.9129108333334,-101.07285999999976,0.5752,492.3630153833333,463.2944608473333
2025-10-29,301,71,911.2773000000002,603.5023958333334,-307.77490416666683,0.5778,526.5360239400001,437.61985412625006
2025-10-29,301,72,894.522549166667,601.8041245833331,-292.7184245833339,0.5417,484.5628648835835,405.2800795851875
2025-10-29,301,73,791.9993641666664,592.5873283333333,-199.4120358333331,0.5119,405.4244745169165,354.3849639453749
2025-10-29,301,74,688.8630916666665,594.8695229166665,-93.99356875000001,0.4807,331.1364881641666,308.5451339151041
2025-10-29,301,75,757.053969166667,674.2183358333336,-82.83563333333336,0.4383,331.81675468575014,313.66332564075014
2025-10-29,301,76,822.3118533333331,763.7441904166665,-58.56766291666668,0.6188,508.84657484266654,490.7257399362499
2025-10-29,301,77,0.0,0.0,0.0,0.9295,0.0,0.0
2025-10-29,301,78,0.0,0.0,0.0,1.011,0.0,0.0
2025-10-29,301,79,0.0,0.0,0.0,0.984,0.0,0.0
2025-10-29,301,80,14.955266666666603,14.955266666666601,-1.7763568394002505e-15,0.9601,14.358551526666604,14.358551526666602
2025-10-29,301,81,93.49946211826739,93.49946211826739,0.0,0.9317,87.11344885558972,87.11344885558972
2025-10-29,301,82,0.0,0.0,0.0,0.9436,0.0,0.0
2025-10-29,301,83,0.0,0.0,0.0,0.9986,0.0,0.0
2025-10-29,301,84,0.0,0.0,0.0,1.0425,0.0,0.0
2025-10-29,301,85,0.0,0.0,0.0,1.0233,0.0,0.0
2025-10-29,301,86,0.0,0.0,0.0,1.0118,0.0,0.0
2025-10-29,301,87,0.0,0.0,0.0,1.0992,0.0,0.0
2025-10-29,301,88,0.0,0.0,0.0,0.9943,0.0,0.0
2025-10-29,301,89,1243.7049833333335,1243.7049833333335,0.0,0.7459,927.6795470683335,927.6795470683335
2025-10-29,301,90,1252.2811677777777,1252.2811677777772,-4.547473508864641e-13,0.7198,901.3919845664444,901.3919845664442
2025-10-29,301,91,1274.887549722222,1274.887549722222,0.0,0.8066,1028.3242976059444,1028.3242976059444
2025-10-29,301,92,476.27717500000017,476.2771750000003,1.1368683772161603e-13,0.8563,407.83614495250015,407.8361449525003
2025-10-29,301,93,478.22383944444465,478.2238394444446,-5.684341886080802e-14,0.8352,399.4125507040002,399.4125507040001
2025-10-29,301,94,494.59456805555527,494.5945680555553,5.684341886080802e-14,0.8389,414.9153831418053,414.91538314180536
2025-10-29,301,95,560.0499499999999,560.0499499999997,-1.1368683772161603e-13,0.8814,493.62802592999986,493.6280259299998
2025-10-29,301,96,662.1866758333335,662.1866758333335,0.0,0.8982,594.7760722335001,594.7760722335001
2025-10-29,301,97,687.0246035185187,697.0849291666666,10.06032564814791,0.9579,658.100867710389,672.5560466179304
2025-10-29,301,98,693.7684333333333,693.7684333333332,-1.1368683772161603e-13,1.0257,711.59828207,711.59828207
2025-10-29,301,99,744.9145474999997,799.7993985185243,54.884851018524614,0.9936,740.1470943959997,821.9474763540088
2025-10-29,301,100,812.1693688580251,812.1693688580252,1.1368683772161603e-13,1.0041,815.499263270343,815.4992632703432
2025-10-29,301,101,838.1930499999999,838.1930499999999,0.0,1.0748,900.8898901399998,900.8898901399998
2025-10-29,301,102,885.6439677777778,943.2497641666665,57.605796388888734,1.0857,961.5436558163334,1055.357575525458
2025-10-29,301,103,893.0787408333337,969.9101625,76.8314216666663,1.1151,995.8721039032504,1124.3841813539998
2025-10-29,301,104,924.0153274691348,924.0153274691347,-1.1368683772161603e-13,1.1478,1060.584792869073,1060.5847928690728
2025-10-29,301,105,1011.3225436111111,1011.322543611111,-1.1368683772161603e-13,1.0923,1104.6676143864167,1104.6676143864165
2025-10-29,301,106,895.0623816666671,895.0623816666671,0.0,1.1225,1004.7075234208338,1004.7075234208338
2025-10-29,301,107,0.0,0.0,0.0,1.253,0.0,0.0
2025-10-29,301,108,0.0,0.0,0.0,1.3104,0.0,0.0
2025-10-29,301,109,0.0,0.0,0.0,1.2802,0.0,0.0
2025-10-29,301,110,0.0,0.0,0.0,1.2341,0.0,0.0
2025-10-29,301,111,0.0,0.0,0.0,1.2518,0.0,0.0
2025-10-29,301,112,385.21256975827464,385.21256975827464,0.0,1.2718,489.9133462185737,489.9133462185737
2025-10-29,301,113,728.0200833333334,728.0200833333334,0.0,1.2643,920.4357913583334,920.4357913583334
2025-10-29,301,114,725.1450024999999,725.1450025,1.1368683772161603e-13,1.2564,911.0721811409999,911.0721811410001
2025-10-29,301,115,703.9107116666665,703.9107116666664,-1.1368683772161603e-13,1.2329,867.8515164138332,867.8515164138332
2025-10-29,301,116,0.0,0.0,0.0,1.2227,0.0,0.0
2025-10-29,301,117,0.0,0.0,0.0,1.2777,0.0,0.0
2025-10-29,301,118,0.0,0.0,0.0,1.323,0.0,0.0
2025-10-29,301,119,0.0,0.0,0.0,1.3157,0.0,0.0
2025-10-29,301,120,684.88821,684.88821,0.0,1.2818,877.889707578,877.889707578
2025-10-29,301,121,0.0,0.0,0.0,1.2654,0.0,0.0
2025-10-29,301,122,0.0,544.4922417947732,544.4922417947732,1.293,0.0,1056.0427029609625
2025-10-29,301,123,0.0,0.0,0.0,1.3314,0.0,0.0
2025-10-29,301,124,720.3248708333334,720.3248708333333,-1.1368683772161603e-13,1.2057,868.4956967637501,868.4956967637501
2025-10-29,301,125,730.4826666666665,730.4826666666665,0.0,0.987,720.9863919999999,720.9863919999999
2025-10-29,301,126,728.2423233333335,728.2423233333335,0.0,0.9344,680.4696269226669,680.4696269226669
2025-10-29,301,127,701.9022283333331,728.5495759166641,26.647347583330998,0.9414,660.7707577529999,698.3994772754215
2025-10-29,301,128,726.4491086790147,726.4491086790146,-1.1368683772161603e-13,0.957,695.2117970058171,695.211797005817
2025-10-29,301,129,776.6913875222201,776.6913875222202,1.1368683772161603e-13,0.9985,775.5263504409368,775.5263504409369
2025-10-29,301,130,698.3428025000001,698.3428025000001,0.0,0.7801,544.77722023025,544.77722023025
2025-10-29,301,131,487.0204971466686,487.02049714666856,-5.684341886080802e-14,0.4242,206.59409488961683,206.59409488961683
2025-10-29,301,132,1314.9243308333334,1314.9243308333337,2.2737367544323206e-13,0.3739,491.6502072985834,491.6502072985835
2025-10-29,301,133,1369.1710341666667,1365.6516316666666,-3.5194025000000693,0.4207,576.0102540739167,575.2699477580417
2025-10-29,301,134,599.7398333333333,791.0658951983895,191.3260618650562,0.4052,243.01458046666667,359.30256086824784
2025-10-29,301,135,1315.9283724999998,1315.9283724999996,-2.2737367544323206e-13,0.3816,502.1582669459999,502.1582669459999
2025-10-29,301,136,1305.7571216666665,1305.7571216666663,-2.2737367544323206e-13,0.3877,506.2420360701666,506.2420360701666
2025-10-29,301,137,529.64325,529.64325,0.0,0.4083,216.253338975,216.253338975
2025-10-29,301,138,1341.1673558333332,1341.167355833333,-2.2737367544323206e-13,0.402,539.149277045,539.1492770449998
2025-10-29,301,139,586.7042720101476,586.7042720101477,1.1368683772161603e-13,0.406,238.20193443611996,238.20193443612
2025-10-29,301,140,526.4123333333333,526.4123333333333,0.0,0.416,218.98753066666666,218.98753066666666
2025-10-29,301,141,570.3714108333334,570.3714108333334,0.0,0.3974,226.66559866516667,226.66559866516667
2025-10-29,301,142,1363.0433375,1363.0433375000002,2.2737367544323206e-13,0.4354,593.4690691475,593.4690691475001
2025-10-29,301,143,471.7762083333332,471.7776726507696,0.0014643174363868638,0.485,228.8114610416666,228.81252633260158
2025-10-30,302,0,1383.6054441666665,1383.6054441666665,0.0,0.4142,573.0893749738333,573.0893749738333
2025-10-30,302,1,1347.521785,1347.521785,0.0,0.3768,507.746208588,507.746208588
2025-10-30,302,2,509.4480833333332,509.4480833333332,0.0,0.4219,214.93614635833327,214.93614635833327
2025-10-30,302,3,564.2607533333334,564.2607533333334,0.0,0.4452,251.208887384,251.208887384
2025-10-30,302,4,1410.4389599999997,1410.4389599999997,0.0,0.4407,621.5804496719999,621.5804496719999
2025-10-30,302,5,1367.343583333333,1367.343583333333,0.0,0.4235,579.0700075416665,579.0700075416665
2025-10-30,302,6,1356.6639458333332,1356.6639458333332,0.0,0.4094,555.4182194241666,555.4182194241666
2025-10-30,302,7,537.5551383333332,537.5551383333332,0.0,0.4356,234.15901825799992,234.15901825799992
2025-10-30,302,8,0.0,0.0,0.0,0.4623,0.0,0.0
2025-10-30,302,9,0.0,0.0,0.0,0.4148,0.0,0.0
2025-10-30,302,10,582.5624308333335,582.5624308333335,0.0,0.3987,232.26764117325004,232.26764117325004
2025-10-30,302,11,561.1125,561.1125,0.0,0.443,248.5728375,248.5728375
2025-10-30,302,12,0.0,0.0,0.0,0.4707,0.0,0.0
2025-10-30,302,13,0.0,0.0,0.0,0.4728,0.0,0.0
2025-10-30,302,14,566.6873333333332,566.6873333333332,0.0,0.458,259.5427986666666,259.5427986666666
2025-10-30,302,15,1424.583139610951,1424.583139610951,0.0,0.4389,625.2495399752464,625.2495399752464
2025-10-30,302,16,608.5644075,608.5644075,0.0,0.4462,271.5414386265,271.5414386265
2025-10-30,302,17,1417.34325,1417.34325,0.0,0.4626,655.66298745,655.66298745
2025-10-30,302,18,1387.6349299999997,1387.6349299999997,0.0,0.449,623.0480835699999,623.0480835699999
2025-10-30,302,19,560.2096941666665,560.2096941666665,0.0,0.4795,268.62054835291656,268.62054835291656
2025-10-30,302,20,0.0,0.0,0.0,0.5197,0.0,0.0
2025-10-30,302,21,0.0,0.0,0.0,0.4563,0.0,0.0
2025-10-30,302,22,621.5172933333333,621.5172933333333,0.0,0.4021,249.91210364933335,249.91210364933335
2025-10-30,302,23,605.8768333333333,605.8768333333333,0.0,0.4092,247.92480019999996,247.92480019999996
2025-10-30,302,24,593.7660158333332,593.7660158333332,0.0,0.423,251.16302469749994,251.16302469749994
2025-10-30,302,25,509.55166757995397,509.55166757995397,0.0,0.4365,222.4193028986499,222.4193028986499
2025-10-30,302,26,621.3503333333333,621.3503333333333,0.0,0.4419,274.5747123,274.5747123
2025-10-30,302,27,1433.9084349999998,1433.9084349999998,0.0,0.43,616.5806270499999,616.5806270499999
2025-10-30,302,28,589.8534975,589.8534975,0.0,0.4401,259.59452424975,259.59452424975
2025-10-30,302,29,0.0,0.0,0.0,0.456,0.0,0.0
2025-10-30,302,30,591.5876316666667,591.5876316666667,0.0,0.4299,254.3235228535,254.3235228535
2025-10-30,302,31,1459.6087758333333,1459.6087758333333,0.0,0.4522,660.0350884318333,660.0350884318333
2025-10-30,302,32,1484.5031666666666,1484.5031666666666,0.0,0.4687,695.7866342166667,695.7866342166667
2025-10-30,302,33,833.3333333333333,833.3333333333333,0.0,0.3778,314.8333333333333,314.8333333333333
2025-10-30,302,34,623.2440316666666,623.2440316666666,0.0,0.5805,361.7931603825,361.7931603825
2025-10-30,302,35,0.0,0.012486885984344553,0.012486885984344553,0.9681,0.0,0.018132831482165945
2025-10-30,302,36,0.8111658333335754,20.354380833333494,19.54321499999992,0.9958,0.8077589368335744,29.999459182333453
2025-10-30,302,37,0.0,0.0,0.0,0.9105,0.0,0.0
2025-10-30,302,38,0.0,0.0,0.0,0.917,0.0,0.0
2025-10-30,302,39,0.0,0.0,0.0,0.9665,0.0,0.0
2025-10-30,302,40,0.0,0.0,0.0,0.9874,0.0,0.0
2025-10-30,302,41,690.4833833333334,720.35375,29.87036666666654,0.9563,660.3092594816668,703.1568069466666
2025-10-30,302,42,813.2578974303201,813.2578974303202,1.1368683772161603e-13,0.9055,736.4050261231548,736.4050261231549
2025-10-30,302,43,608.8872777777779,630.1735574999999,21.286279722222048,0.8818,536.9168015444445,565.0721637330277
2025-10-30,302,44,586.6463583333334,643.1365792912267,56.49022095789326,0.8548,501.4653071033334,573.8970684155441
2025-10-30,302,45,1314.1030147222223,1314.6919375,0.5889227777777251,0.7881,1035.6445859025835,1036.3407809643334
2025-10-30,302,46,547.9009152777778,547.9009152777777,-1.1368683772161603e-13,0.9253,506.9727169065278,506.97271690652775
2025-10-30,302,47,0.0,0.0,0.0,1.2056,0.0,0.0
2025-10-30,302,48,0.0,0.0,0.0,1.2888,0.0,0.0
2025-10-30,302,49,0.0,0.0,0.0,1.2212,0.0,0.0
2025-10-30,302,50,0.0,0.0,0.0,1.1422,0.0,0.0
2025-10-30,302,51,0.0,0.0,0.0,1.1442,0.0,0.0
2025-10-30,302,52,0.0,0.0,0.0,1.1627,0.0,0.0
2025-10-30,302,53,0.0,0.0,0.0,1.1355,0.0,0.0
2025-10-30,302,54,0.0,0.0,0.0,1.0649,0.0,0.0
2025-10-30,302,55,0.0,0.0,0.0,1.0408,0.0,0.0
2025-10-30,302,56,0.0,0.0,0.0,1.0431,0.0,0.0
2025-10-30,302,57,0.0,0.0,0.0,0.9721,0.0,0.0
2025-10-30,302,58,0.0,0.0,0.0,0.9306,0.0,0.0
2025-10-30,302,59,0.0,0.0,0.0,0.9453,0.0,0.0
2025-10-30,302,60,0.0,0.0,0.0,0.9402,0.0,0.0
2025-10-30,302,61,0.0,0.0,0.0,0.9376,0.0,0.0
2025-10-30,302,62,0.0,0.0,0.0,0.956,0.0,0.0
2025-10-30,302,63,0.0,0.0,0.0,0.9492,0.0,0.0
2025-10-30,302,64,0.0,0.0,0.0,0.7484,0.0,0.0
2025-10-30,302,65,0.0,0.0,0.0,0.4751,0.0,0.0
2025-10-30,302,66,639.4574450000002,508.124814722222,-131.3326302777782,0.4514,288.6510906730001,259.0093160193056
2025-10-30,302,67,602.4196016666663,479.0478494444444,-123.37175222222186,0.5254,316.51125871566643,284.10149940688876
2025-10-30,302,68,614.5334166666669,493.8176249999999,-120.71579166666697,0.5603,344.3230733583335,310.50454432291673
2025-10-30,302,69,0.0,0.0,0.0,0.555,0.0,0.0
2025-10-30,302,70,513.1243333333331,506.13560944444464,-6.988723888888444,0.5082,260.7697861999999,258.9939514598333
2025-10-30,302,71,564.3491666666665,564.3491666666665,0.0,0.4577,258.30261358333325,258.30261358333325
2025-10-30,302,72,592.2112261111113,592.2112261111113,0.0,0.4624,273.83847095377786,273.83847095377786
2025-10-30,302,73,517.8097713888884,517.8097713888884,0.0,0.5031,260.51009598574973,260.51009598574973
2025-10-30,302,74,434.62551666666684,434.62551666666684,0.0,0.4932,214.3573048200001,214.3573048200001
2025-10-30,302,75,530.2574136111114,530.2574136111114,0.0,0.3982,211.14850209994455,211.14850209994455
2025-10-30,302,76,621.5795605943719,621.5795605943719,0.0,0.5561,345.6603936465302,345.6603936465302
2025-10-30,302,77,0.0,0.0,0.0,0.8727,0.0,0.0
2025-10-30,302,78,0.0,0.0,0.0,0.8995,0.0,0.0
2025-10-30,302,79,0.0,0.0,0.0,0.8626,0.0,0.0
2025-10-30,302,80,0.0,0.0,0.0,0.8973,0.0,0.0
2025-10-30,302,81,0.0,0.0,0.0,0.9034,0.0,0.0
2025-10-30,302,82,0.0,0.0,0.0,0.8986,0.0,0.0
2025-10-30,302,83,0.0,0.0,0.0,0.9254,0.0,0.0
2025-10-30,302,84,0.0,0.0,0.0,0.9954,0.0,0.0
2025-10-30,302,85,0.0,0.0,0.0,1.0316,0.0,0.0
2025-10-30,302,86,0.0,0.0,0.0,1.0303,0.0,0.0
2025-10-30,302,87,0.0,0.0,0.0,1.0349,0.0,0.0
2025-10-30,302,88,0.0,0.0,0.0,0.9077,0.0,0.0
2025-10-30,302,89,0.0,187.22421833333127,187.22421833333127,0.73,0.0,205.01051907499772
2025-10-30,302,90,872.6609582716052,1124.2137027777776,251.55274450617242,0.7467,651.6159375414076,933.367589025546
2025-10-30,302,91,235.18636972222237,320.3713663888892,85.18499666666685,0.8019,188.5959498802501,291.0607231207503
2025-10-30,302,92,269.2848916666667,385.53138333333345,116.24649166666677,0.8209,221.05596756916668,364.1960850829168
2025-10-30,302,93,297.3725161111113,459.92080777777767,162.5482916666664,0.8741,259.93331633272237,473.05850895147205
2025-10-30,302,94,353.15235138888863,517.0989097222222,163.94655833333354,0.8841,312.22199386291646,529.6397221966668
2025-10-30,302,95,446.52445,563.0988333333336,116.57438333333357,0.8664,386.86878348,538.3688520600003
2025-10-30,302,96,557.7737788888892,610.4857130555555,52.71193416666631,0.9267,516.8889608963336,590.1611849847081
2025-10-30,302,97,619.995376111111,694.0255027777778,74.03012666666677,1.0039,622.4133580779444,733.8916243189445
2025-10-30,302,98,655.2211833333331,785.0181333333331,129.79695000000004,1.0378,679.9885440633332,882.0434561283332
2025-10-30,302,99,731.5478880555556,830.9268997222221,99.37901166666643,1.0287,752.54331244275,905.8900963949997
2025-10-30,302,100,807.1007708024692,807.1007708024692,0.0,1.0403,839.6269318658087,839.6269318658087
2025-10-30,302,101,848.3307333333332,848.3307333333332,0.0,1.088,922.9838378666666,922.9838378666666
2025-10-30,302,102,916.5414274999998,916.5414274999998,0.0,1.1292,1034.9585799329998,1034.9585799329998
2025-10-30,302,103,921.3216391666663,974.7368268888865,53.41518772222025,1.1403,1050.5830651417496,1141.9470729812213
2025-10-30,302,104,964.2629833333332,964.2629833333332,0.0,1.1225,1082.3851987916667,1082.3851987916667
2025-10-30,302,105,1026.7975266666665,1026.7975266666663,-2.2737367544323206e-13,1.1118,1141.5934901479998,1141.5934901479998
2025-10-30,302,106,910.4411702777783,910.4411702777783,0.0,1.1962,1089.0697278862783,1089.0697278862783
2025-10-30,302,107,679.8640833333333,679.8640833333333,0.0,1.299,883.1434442499999,883.1434442499999
2025-10-30,302,108,0.0,0.0,0.0,1.2533,0.0,0.0
2025-10-30,302,109,0.0,0.0,0.0,1.2355,0.0,0.0
2025-10-30,302,110,0.0,0.0,0.0,1.2999,0.0,0.0
2025-10-30,302,111,413.55087435704195,413.550874357042,5.684341886080802e-14,1.3188,545.3908931020669,545.390893102067
2025-10-30,302,112,674.3653591666665,674.3653591666665,0.0,1.2781,861.9063655509165,861.9063655509165
2025-10-30,302,113,738.9933333333335,738.9933333333333,-1.1368683772161603e-13,1.2361,913.4696593333334,913.4696593333334
2025-10-30,302,114,0.0,0.0,0.0,1.2601,0.0,0.0
2025-10-30,302,115,0.0,0.0,0.0,1.2902,0.0,0.0
2025-10-30,302,116,0.0,0.0,0.0,1.2877,0.0,0.0
2025-10-30,302,117,0.0,0.0,0.0,1.2708,0.0,0.0
2025-10-30,302,118,0.0,0.0,0.0,1.2727,0.0,0.0
2025-10-30,302,119,0.0,0.0,0.0,1.2876,0.0,0.0
2025-10-30,302,120,695.5117858333333,695.5117858333333,0.0,1.2818,891.5070070811666,891.5070070811666
2025-10-30,302,121,0.0,0.0,0.0,1.277,0.0,0.0
2025-10-30,302,122,0.0,533.2576461359471,533.2576461359471,1.2901,0.0,1031.9335339199781
2025-10-30,302,123,0.0,0.0,0.0,1.2956,0.0,0.0
2025-10-30,302,124,732.9066975000001,732.9066975000002,1.1368683772161603e-13,1.1805,865.1963563987501,865.1963563987504
2025-10-30,302,125,737.3525833333332,737.3525833333332,0.0,0.9956,734.1082319666666,734.1082319666666
2025-10-30,302,126,1546.0135941666667,1546.013594166667,2.2737367544323206e-13,0.9234,1427.5889528535001,1427.5889528535004
2025-10-30,302,127,741.3402395370367,741.3402395370366,-1.1368683772161603e-13,0.9323,691.1515053203793,691.1515053203792
2025-10-30,302,128,713.87575,713.87575,0.0,0.9854,703.45316405,703.45316405
2025-10-30,302,129,0.0,0.0,0.0,1.0353,0.0,0.0
2025-10-30,302,130,689.9534466666667,689.9534466666668,1.1368683772161603e-13,0.8121,560.311194038,560.3111940380002
2025-10-30,302,131,1307.239083333333,1307.239083333333,0.0,0.4322,564.9887318166665,564.9887318166665
2025-10-30,302,132,1330.5534575000001,1330.5534575000001,0.0,0.3217,428.03904727775006,428.03904727775006
2025-10-30,302,133,0.0,0.0,0.0,0.379,0.0,0.0
2025-10-30,302,134,0.0,5.691859655598819e-05,5.691859655598819e-05,0.4368,0.0,3.7293064463483464e-05
2025-10-30,302,135,1313.9335724999999,1313.9335725,2.2737367544323206e-13,0.4323,568.01348339175,568.0134833917501
2025-10-30,302,136,1302.286890833333,1302.2868908333328,-2.2737367544323206e-13,0.4346,565.9738827561665,565.9738827561664
2025-10-30,302,137,1315.5691666666664,1315.5691666666662,-2.2737367544323206e-13,0.4688,616.7388253333332,616.7388253333331
2025-10-30,302,138,0.0,0.0,0.0,0.4844,0.0,0.0
2025-10-30,302,139,60.72665363938398,60.72665363938399,7.105427357601002e-15,0.4364,26.50111164822717,26.501111648227173
2025-10-30,302,140,1344.9544999999998,1344.9544999999996,-2.2737367544323206e-13,0.3724,500.8610558,500.8610557999999
2025-10-30,302,141,1394.1830874999998,1394.1830875,2.2737367544323206e-13,0.384,535.3663055999999,535.3663056
2025-10-30,302,142,1342.5475616666668,1342.5475616666665,-2.2737367544323206e-13,0.3845,516.2095374608334,516.2095374608333
2025-10-30,302,143,1221.3172499999998,1221.3172499999998,0.0,0.3481,425.14053472499995,425.14053472499995
2025-10-31,303,0,1295.5410133333332,1295.5410133333332,0.0,0.3341,432.8402525546666,432.8402525546666
2025-10-31,303,1,1258.8010308333332,1258.8010308333332,0.0,0.3177,399.92108749574993,399.92108749574993
2025-10-31,303,2,415.9004249205597,415.9004249205597,0.0,0.2901,120.65271326945438,120.65271326945438
2025-10-31,303,3,478.0819833333333,478.0819833333333,0.0,0.2801,133.91076353166667,133.91076353166667
2025-10-31,303,4,506.0023975,506.0023975,0.0,0.3119,157.82214778025,157.82214778025
2025-10-31,303,5,1300.2614999999996,1300.2614999999996,0.0,0.3474,451.71084509999986,451.71084509999986
2025-10-31,303,6,618.5213560335353,618.5213560335353,0.0,0.3243,200.5864757616755,200.5864757616755
2025-10-31,303,7,463.91673833333317,463.91673833333317,0.0,0.3244,150.49458991533328,150.49458991533328
2025-10-31,303,8,0.0,0.0,0.0,0.3655,0.0,0.0
2025-10-31,303,9,0.0,0.0,0.0,0.3823,0.0,0.0
2025-10-31,303,10,479.2537941666667,479.2537941666667,0.0,0.3768,180.58282964200004,180.58282964200004
2025-10-31,303,11,471.53699999999986,471.53699999999986,0.0,0.3462,163.24610939999997,163.24610939999997
2025-10-31,303,12,0.0,0.0,0.0,0.2867,0.0,0.0
2025-10-31,303,13,0.0,0.0,0.0,0.2738,0.0,0.0
2025-10-31,303,14,0.0,0.0,0.0,0.311,0.0,0.0
2025-10-31,303,15,488.14843416666656,488.14843416666656,0.0,0.3329,162.50461373408328,162.50461373408328
2025-10-31,303,16,504.6213583333333,504.6213583333333,0.0,0.3674,185.39788705166666,185.39788705166666
2025-10-31,303,17,506.87891666666667,506.87891666666667,0.0,0.3945,199.963732625,199.963732625
2025-10-31,303,18,1323.7530308333332,1323.7530308333332,0.0,0.3565,471.91795549208325,471.91795549208325
2025-10-31,303,19,1325.6797075,1325.6797075,0.0,0.3291,436.28119173825,436.28119173825
2025-10-31,303,20,1329.4868333333334,1329.4868333333334,0.0,0.3284,436.6034760666667,436.6034760666667
2025-10-31,303,21,512.4197216666666,512.4197216666666,0.0,0.3053,156.44174102483333,156.44174102483333
2025-10-31,303,22,518.6065283333334,518.6065283333334,0.0,0.3203,166.10967102516665,166.10967102516665
2025-10-31,303,23,531.9955833333333,531.9955833333333,0.0,0.3723,198.061955675,198.061955675
2025-10-31,303,24,520.985105,520.985105,0.0,0.3845,200.3187728725,200.3187728725
2025-10-31,303,25,1327.41104,1327.41104,0.0,0.3415,453.31087016000004,453.31087016000004
2025-10-31,303,26,1084.2787213359923,1084.2787213359923,0.0,0.3028,328.3195968205385,328.3195968205385
2025-10-31,303,27,1331.5173324999998,1331.5173324999998,0.0,0.3439,457.90881064674994,457.90881064674994
2025-10-31,303,28,0.0,0.0,0.0,0.3745,0.0,0.0
2025-10-31,303,29,0.0,0.0,0.0,0.3571,0.0,0.0
2025-10-31,303,30,0.0,0.0,0.0,0.3452,0.0,0.0
2025-10-31,303,31,1342.2286358333333,1342.2286358333333,0.0,0.3759,504.54374420975,504.54374420975
2025-10-31,303,32,553.6315000000001,553.6315000000001,0.0,0.3949,218.62907935,218.62907935
2025-10-31,303,33,833.3333333333333,833.3333333333333,0.0,0.3484,290.3333333333333,290.3333333333333
2025-10-31,303,34,0.0,0.0,0.0,0.5072,0.0,0.0
2025-10-31,303,35,0.0,0.0,0.0,0.7851,0.0,0.0
2025-10-31,303,36,0.0,0.0,0.0,0.8077,0.0,0.0
2025-10-31,303,37,0.0,0.0,0.0,0.7951,0.0,0.0
2025-10-31,303,38,0.0,0.0,0.0,0.8439,0.0,0.0
2025-10-31,303,39,0.0,0.0,0.0,0.8228,0.0,0.0
2025-10-31,303,40,0.0,0.0,0.0,0.7913,0.0,0.0
2025-10-31,303,41,0.0,0.0,0.0,0.77,0.0,0.0
2025-10-31,303,42,0.0,0.0,0.0,0.721,0.0,0.0
2025-10-31,303,43,0.0,0.0,0.0,0.7241,0.0,0.0
2025-10-31,303,44,0.0,225.29294782936472,225.29294782936472,0.7234,0.0,244.4653776896437
2025-10-31,303,45,0.0,346.29217388888884,346.29217388888884,0.6126,0.0,318.2078785865
2025-10-31,303,46,0.0,0.0,0.0,0.722,0.0,0.0
2025-10-31,303,47,0.0,0.0,0.0,0.9623,0.0,0.0
2025-10-31,303,48,0.0,0.0,0.0,0.9042,0.0,0.0
2025-10-31,303,49,0.0,0.0,0.0,0.8637,0.0,0.0
2025-10-31,303,50,0.0,0.0,0.0,0.9225,0.0,0.0
2025-10-31,303,51,0.0,0.0,0.0,0.8491,0.0,0.0
2025-10-31,303,52,0.0,0.0,0.0,0.8505,0.0,0.0
2025-10-31,303,53,0.0,0.0,0.0,0.9313,0.0,0.0
2025-10-31,303,54,0.0,0.0,0.0,0.8692,0.0,0.0
2025-10-31,303,55,0.0,0.0,0.0,0.792,0.0,0.0
2025-10-31,303,56,0.0,0.0,0.0,0.7669,0.0,0.0
2025-10-31,303,57,0.0,0.0,0.0,0.7338,0.0,0.0
2025-10-31,303,58,0.0,0.0,0.0,0.7255,0.0,0.0
2025-10-31,303,59,0.0,0.0,0.0,0.7356,0.0,0.0
2025-10-31,303,60,0.0,0.0,0.0,0.7123,0.0,0.0
2025-10-31,303,61,0.0,0.0,0.0,0.6777,0.0,0.0
2025-10-31,303,62,0.0,0.0,0.0,0.6751,0.0,0.0
2025-10-31,303,63,0.0,0.0,0.0,0.7016,0.0,0.0
2025-10-31,303,64,0.0,0.0,0.0,0.5738,0.0,0.0
2025-10-31,303,65,0.0,0.0,0.0,0.3555,0.0,0.0
2025-10-31,303,66,609.2169344444447,0.0,-609.2169344444447,0.3085,187.94342427611122,93.97171213805561
2025-10-31,303,67,581.306257222222,0.0,-581.306257222222,0.3219,187.12248419983328,93.56124209991664
2025-10-31,303,68,580.0295833333334,0.0,-580.0295833333334,0.3143,182.30329804166672,91.15164902083336
2025-10-31,303,69,0.0,0.0,0.0,0.3192,0.0,0.0
2025-10-31,303,70,503.94279472222195,0.0,-503.94279472222195,0.3277,165.14205383047212,82.57102691523606
2025-10-31,303,71,578.3008,394.5896458333333,-183.7111541666667,0.3213,185.80804704,156.29485012312497
2025-10-31,303,72,582.8550613888892,380.48140902777754,-202.37365236111168,0.2915,169.9022503948612,140.40629056322916
2025-10-31,303,73,514.0822069444442,371.29596555555554,-142.7862413888887,0.2612,134.27827245388883,115.63038932849996
2025-10-31,303,74,467.49270833333344,396.40595625000014,-71.0867520833333,0.2277,106.44808968750003,98.35486296281253
2025-10-31,303,75,553.2300838888892,459.58228944444454,-93.64779444444468,0.2016,111.53118491200007,102.09148723200005
2025-10-31,303,76,19.997217538814425,19.997217538814425,0.0,0.3637,7.272988018866807,7.272988018866807
2025-10-31,303,77,0.0,0.0,0.0,0.6201,0.0,0.0
2025-10-31,303,78,0.0,0.0,0.0,0.6701,0.0,0.0
2025-10-31,303,79,0.0,0.0,0.0,0.6468,0.0,0.0
2025-10-31,303,80,0.0,0.0,0.0,0.6756,0.0,0.0
2025-10-31,303,81,0.0,0.0,0.0,0.7386,0.0,0.0
2025-10-31,303,82,0.0,0.0,0.0,0.7318,0.0,0.0
2025-10-31,303,83,0.0,0.0,0.0,0.6838,0.0,0.0
2025-10-31,303,84,0.0,0.0,0.0,0.7222,0.0,0.0
2025-10-31,303,85,0.0,0.0,0.0,0.7628,0.0,0.0
2025-10-31,303,86,0.0,0.0,0.0,0.788,0.0,0.0
2025-10-31,303,87,0.0,0.0,0.0,0.8397,0.0,0.0
2025-10-31,303,88,0.0,0.0,0.0,0.7304,0.0,0.0
2025-10-31,303,89,842.8555984567935,842.8555984567935,0.0,0.5347,450.67488849484744,450.67488849484744
2025-10-31,303,90,249.81258027777756,249.81258027777756,0.0,0.5337,133.32497409424988,133.32497409424988
2025-10-31,303,91,271.1640405555554,271.1640405555554,0.0,0.5614,152.23149236788882,152.23149236788882
2025-10-31,303,92,285.3803833333333,285.3803833333333,0.0,0.5475,156.245759875,156.245759875
2025-10-31,303,93,317.9164277777778,317.9164277777778,0.0,0.5905,187.7296506027778,187.7296506027778
2025-10-31,303,94,359.6587130555552,359.6587130555552,0.0,0.6255,224.96652501624976,224.96652501624976
2025-10-31,303,95,418.5551333333332,418.5551333333332,0.0,0.6272,262.51777962666654,262.51777962666654
2025-10-31,303,96,503.3007216666667,503.3007216666667,0.0,0.6454,324.83028576366667,324.83028576366667
2025-10-31,303,97,525.5913043055552,525.5913043055552,0.0,0.6969,366.2845799705414,366.2845799705414
2025-10-31,303,98,521.0226833333332,521.0226833333332,0.0,0.7564,394.1015576733333,394.1015576733333
2025-10-31,303,99,420.4200667777757,420.4200667777757,0.0,0.7793,327.63335803992055,327.63335803992055
2025-10-31,303,100,647.3811066666665,647.3811066666665,0.0,0.7742,501.2024527813332,501.2024527813332
2025-10-31,303,101,672.6007166666668,672.6007166666667,-1.1368683772161603e-13,0.7488,503.6434166400001,503.6434166400001
2025-10-31,303,102,634.968474166666,634.9684741666659,-1.1368683772161603e-13,0.7174,455.52638336716626,455.5263833671662
2025-10-31,303,103,626.8345050000003,630.7126771944427,3.8781721944424135,0.7719,483.85355440950025,488.3438960848354
2025-10-31,303,104,663.368925,663.368925,0.0,0.8254,547.544710695,547.544710695
2025-10-31,303,105,702.9150327777775,702.9150327777776,1.1368683772161603e-13,0.728,511.72214386222197,511.7221438622221
2025-10-31,303,106,651.8832100000001,651.88321,-1.1368683772161603e-13,0.845,550.84131245,550.8413124499999
2025-10-31,303,107,0.0,0.0,0.0,1.1319,0.0,0.0
2025-10-31,303,108,0.0,0.0,0.0,1.1601,0.0,0.0
2025-10-31,303,109,0.0,0.0,0.0,1.1202,0.0,0.0
2025-10-31,303,110,0.0,0.0,0.0,1.14,0.0,0.0
2025-10-31,303,111,0.0,0.0,0.0,1.1473,0.0,0.0
2025-10-31,303,112,0.0,0.0,0.0,1.1599,0.0,0.0
2025-10-31,303,113,544.6845833333334,544.6845833333334,0.0,1.156,629.6553783333334,629.6553783333334
2025-10-31,303,114,0.0,0.0,0.0,1.0929,0.0,0.0
2025-10-31,303,115,0.0,0.0,0.0,1.096,0.0,0.0
2025-10-31,303,116,0.0,0.0,0.0,1.1641,0.0,0.0
2025-10-31,303,117,0.0,0.0,0.0,1.1689,0.0,0.0
2025-10-31,303,118,0.0,0.0,0.0,1.1487,0.0,0.0
2025-10-31,303,119,0.0,0.0,0.0,1.1421,0.0,0.0
2025-10-31,303,120,176.87934288173608,176.87934288173602,-5.684341886080802e-14,1.1359,200.917245579364,200.91724557936396
2025-10-31,303,121,0.0,0.0,0.0,1.0889,0.0,0.0
2025-10-31,303,122,0.0,0.0,0.0,1.0553,0.0,0.0
2025-10-31,303,123,0.0,0.0,0.0,1.1047,0.0,0.0
2025-10-31,303,124,572.3169841666667,572.3169841666668,1.1368683772161603e-13,0.9803,561.0423395785833,561.0423395785834
2025-10-31,303,125,643.8453749999996,643.8453749999995,-1.1368683772161603e-13,0.7591,488.74302416249975,488.7430241624997
2025-10-31,303,126,593.6914,593.6914,0.0,0.7913,469.78800482,469.78800482
2025-10-31,303,127,547.5862274999998,547.5862274999997,-1.1368683772161603e-13,0.862,472.01932810499983,472.01932810499983
2025-10-31,303,128,588.7670833333335,588.7670833333334,-1.1368683772161603e-13,0.848,499.2744866666668,499.27448666666675
2025-10-31,303,129,602.4065508333332,602.4065508333331,-1.1368683772161603e-13,0.8087,487.1661776589165,487.1661776589165
2025-10-31,303,130,563.888925,563.888925,0.0,0.598,337.20557714999995,337.20557714999995
2025-10-31,303,131,1224.8837499999997,1224.8837499999997,0.0,0.3242,397.1073117499999,397.1073117499999
2025-10-31,303,132,1234.6250875,1234.6250874999998,-2.2737367544323206e-13,0.287,354.3374001125,354.3374001125
2025-10-31,303,133,0.0,0.0,0.0,0.3231,0.0,0.0
2025-10-31,303,134,0.0,9.138171104552315e-05,9.138171104552315e-05,0.3158,0.0,4.328751652226431e-05
2025-10-31,303,135,697.794795528667,697.7947955286669,-1.1368683772161603e-13,0.3078,214.78123806372372,214.78123806372372
2025-10-31,303,136,1233.134975833333,1233.1349758333329,-2.2737367544323206e-13,0.3142,387.45100940683324,387.45100940683324
2025-10-31,303,137,471.20925,471.2092500000001,1.1368683772161603e-13,0.3285,154.792238625,154.79223862500007
2025-10-31,303,138,489.47379250000006,489.47379250000006,0.0,0.3311,162.06477269675003,162.06477269675003
2025-10-31,303,139,1268.4992541666666,1268.4992541666663,-2.2737367544323206e-13,0.3055,387.52652214791664,387.52652214791664
2025-10-31,303,140,1281.3991666666666,1281.3991666666664,-2.2737367544323206e-13,0.2927,375.0655360833333,375.0655360833333
2025-10-31,303,141,1322.7718283333331,1322.7718283333331,0.0,0.347,459.0018244316666,459.0018244316666
2025-10-31,303,142,1268.993375,1268.9933749999998,-2.2737367544323206e-13,0.3556,451.25404415,451.25404415
2025-10-31,303,143,374.0632499999999,374.06324999999987,-5.684341886080802e-14,0.3065,114.65038612499997,114.65038612499997
