date,day_index,plan_j,branch,level,backend,settlement_clock,B_kwh,A_kwh,delta_kwh,price_yuan_per_kwh,adjustment_price_yuan_per_kwh,plan_reference_fee_yuan,final_regular_fee_yuan
2025-01-09,8,0,q4_3,B1,q4-inheritance-v2,adjustment_time,1592.2532494444442,1592.2532494444442,0.0,0.4191,0.4191,667.3133368421666,667.3133368421666
2025-01-09,8,1,q4_3,B1,q4-inheritance-v2,adjustment_time,1585.3779635185183,1585.3779635185183,0.0,0.4194,0.4194,664.9075178996666,664.9075178996666
2025-01-09,8,2,q4_3,B1,q4-inheritance-v2,adjustment_time,749.0423518518518,749.0423518518518,0.0,0.438,0.438,328.08055011111105,328.08055011111105
2025-01-09,8,3,q4_3,B1,q4-inheritance-v2,adjustment_time,761.313264537037,761.313264537037,0.0,0.4088,0.4088,311.2248625427407,311.2248625427407
2025-01-09,8,4,q4_3,B1,q4-inheritance-v2,adjustment_time,1589.904314537037,1589.904314537037,0.0,0.4364,0.4364,693.8342428639629,693.8342428639629
2025-01-09,8,5,q4_3,B1,q4-inheritance-v2,adjustment_time,739.376351851852,739.376351851852,0.0,0.5088,0.5088,376.1946878222223,376.1946878222223
2025-01-09,8,6,q4_3,B1,q4-inheritance-v2,adjustment_time,736.6665596296297,736.6665596296297,0.0,0.5012,0.5012,369.2172796863704,369.2172796863704
2025-01-09,8,7,q4_3,B1,q4-inheritance-v2,adjustment_time,750.1147890740741,750.1147890740741,0.0,0.478,0.478,358.5548691774074,358.5548691774074
2025-01-09,8,8,q4_3,B1,q4-inheritance-v2,adjustment_time,763.6982129629628,763.6982129629628,0.0,0.4707,0.4707,359.4727488416666,359.4727488416666
2025-01-09,8,9,q4_3,B1,q4-inheritance-v2,adjustment_time,764.7665832407407,764.7665832407407,0.0,0.4535,0.4535,346.8216454996759,346.8216454996759
2025-01-09,8,10,q4_3,B1,q4-inheritance-v2,adjustment_time,752.7359575,752.7359575,0.0,0.4965,0.4965,373.73340289875,373.73340289875
2025-01-09,8,11,q4_3,B1,q4-inheritance-v2,adjustment_time,0.0,0.0,0.0,0.5399,0.5399,0.0,0.0
2025-01-09,8,12,q4_3,B1,q4-inheritance-v2,adjustment_time,818.3751710185186,818.3751710185186,0.0,0.4534,0.4534,371.0513025397963,371.0513025397963
2025-01-09,8,13,q4_3,B1,q4-inheritance-v2,adjustment_time,1658.4500332407406,1658.4500332407406,0.0,0.4312,0.4312,715.1236543334074,715.1236543334074
2025-01-09,8,14,q4_3,B1,q4-inheritance-v2,adjustment_time,1477.3214174245013,1477.3214174245013,0.0,0.4938,0.4938,729.5013159242187,729.5013159242187
2025-01-09,8,15,q4_3,B1,q4-inheritance-v2,adjustment_time,81.19285037037037,81.19285037037037,0.0,0.475,0.475,38.566603925925925,38.566603925925925
2025-01-09,8,16,q4_3,B1,q4-inheritance-v2,adjustment_time,834.9237889814816,834.9237889814816,0.0,0.4826,0.4826,402.934220562463,402.934220562463
2025-01-09,8,17,q4_3,B1,q4-inheritance-v2,adjustment_time,1625.5169166666665,1625.5169166666665,0.0,0.5133,0.5133,834.3778333249999,834.3778333249999
2025-01-09,8,18,q4_3,B1,q4-inheritance-v2,adjustment_time,781.960494259259,781.960494259259,0.0,0.4523,0.4523,353.6807315534628,353.6807315534628
2025-01-09,8,19,q4_3,B1,q4-inheritance-v2,adjustment_time,0.0,0.0,0.0,0.4587,0.4587,0.0,0.0
2025-01-09,8,20,q4_3,B1,q4-inheritance-v2,adjustment_time,810.2258055555556,810.2258055555556,0.0,0.5359,0.5359,434.20000919722224,434.20000919722224
2025-01-09,8,21,q4_3,B1,q4-inheritance-v2,adjustment_time,821.8129183333334,821.8129183333334,0.0,0.5214,0.5214,428.493255619,428.493255619
2025-01-09,8,22,q4_3,B1,q4-inheritance-v2,adjustment_time,839.1372097222221,839.1372097222221,0.0,0.4921,0.4921,412.9394209043055,412.9394209043055
2025-01-09,8,23,q4_3,B1,q4-inheritance-v2,adjustment_time,24.893074074074093,24.893074074074093,0.0,0.5031,0.5031,12.523705566666676,12.523705566666676
2025-01-09,8,24,q4_3,B1,q4-inheritance-v2,adjustment_time,877.8835407407407,877.8835407407407,0.0,0.5235,0.5235,459.57203357777774,459.57203357777774
2025-01-09,8,25,q4_3,B1,q4-inheritance-v2,adjustment_time,1668.3972542592592,1668.3972542592592,0.0,0.5153,0.5153,859.7251051197962,859.7251051197962
2025-01-09,8,26,q4_3,B1,q4-inheritance-v2,adjustment_time,0.0,0.0,0.0,0.4959,0.4959,0.0,0.0
2025-01-09,8,27,q4_3,B1,q4-inheritance-v2,adjustment_time,838.7499264814815,838.7499264814815,0.0,0.5105,0.5105,428.18183746879623,428.18183746879623
2025-01-09,8,28,q4_3,B1,q4-inheritance-v2,adjustment_time,250.55410648148052,250.55410648148052,0.0,0.4981,0.4981,124.80100043842545,124.80100043842545
2025-01-09,8,29,q4_3,B1,q4-inheritance-v2,adjustment_time,1662.210324074074,1662.210324074074,0.0,0.4678,0.4678,777.5819896018518,777.5819896018518
2025-01-09,8,30,q4_3,B1,q4-inheritance-v2,adjustment_time,777.8911812962963,777.8911812962963,0.0,0.4969,0.4969,386.53412798612965,386.53412798612965
2025-01-09,8,31,q4_3,B1,q4-inheritance-v2,adjustment_time,22.972735740740745,22.972735740740745,0.0,0.543,0.543,12.474195507222225,12.474195507222225
2025-01-09,8,32,q4_3,B1,q4-inheritance-v2,adjustment_time,790.9847222222223,790.9847222222223,0.0,0.5172,0.5172,409.09729833333336,409.09729833333336
2025-01-09,8,33,q4_3,B1,q4-inheritance-v2,adjustment_time,1628.1098636111112,1628.1098636111112,0.0,0.4212,0.4212,685.759874553,685.759874553
2025-01-09,8,34,q4_3,B1,q4-inheritance-v2,adjustment_time,968.838770462963,968.838770462963,0.0,0.6542,0.6542,633.8143236368704,633.8143236368704
2025-01-09,8,35,q4_3,B1,q4-inheritance-v2,adjustment_time,1214.8484074074074,1214.8484074074074,0.0,1.0808,1.0808,1313.008158725926,1313.008158725926
2025-01-09,8,36,q4_3,B1,q4-inheritance-v2,adjustment_time,1253.8589188888886,1253.7871799999998,-0.07173888888883084,1.1405,1.0808,1430.0260969927776,1429.9830464855554
2025-01-09,8,37,q4_3,B1,q4-inheritance-v2,adjustment_time,1198.8968072222222,1198.7533294444443,-0.14347777777788906,1.096,1.0808,1313.9909007155557,1313.9111844622223
2025-01-09,8,38,q4_3,B1,q4-inheritance-v2,adjustment_time,1175.4889231481482,1175.2737064814814,-0.2152166666667199,1.1079,1.0808,1302.3241779558334,1302.2020424975
2025-01-09,8,39,q4_3,B1,q4-inheritance-v2,adjustment_time,1191.6015072222222,1191.3145516666666,-0.28695555555555075,1.0647,1.0808,1268.6981247395,1268.5476739417222
2025-01-09,8,40,q4_3,B1,q4-inheritance-v2,adjustment_time,1158.9826925925927,1158.623998148148,-0.35869444444460896,1.0185,1.0808,1180.4238724055556,1180.2523805916667
2025-01-09,8,41,q4_3,B1,q4-inheritance-v2,adjustment_time,1095.9502166666666,1095.5197833333332,-0.4304333333334398,1.0129,1.0808,1110.0879744616666,1109.8845947116665
2025-01-09,8,42,q4_3,B1,q4-inheritance-v2,adjustment_time,1099.1029485185186,1093.0230207407408,-6.079927777777812,1.0364,1.0808,1139.1102958445927,1136.0946516668148
2025-01-09,8,43,q4_3,B1,q4-inheritance-v2,adjustment_time,347.9940162037036,336.2645939814814,-11.729422222222183,1.0651,1.0808,370.6484266585647,364.4939988185647
2025-01-09,8,44,q4_3,B1,q4-inheritance-v2,adjustment_time,1025.8850787037036,1008.5061620370369,-17.37891666666667,1.0227,1.0808,1049.1726699902777,1040.7908184819441
2025-01-09,8,45,q4_3,B1,q4-inheritance-v2,adjustment_time,1775.6949226851852,1752.666511574074,-23.028411111111154,0.896,1.0808,1591.022650725926,1582.833747734815
2025-01-09,8,46,q4_3,B1,q4-inheritance-v2,adjustment_time,1128.9992745370369,1100.3213689814813,-28.677905555555526,1.097,1.0808,1238.5122041671293,1222.550081934907
2025-01-09,8,47,q4_3,B1,q4-inheritance-v2,adjustment_time,610.5461629629629,576.218762962963,-34.3273999999999,1.4817,1.0808,904.6462496622221,872.3338680422222
2025-01-09,8,48,q4_3,B1,q4-inheritance-v2,adjustment_time,613.3051603703705,567.2326353703704,-46.07252500000004,1.4693,1.0808,901.1292721321853,858.3325036596852
2025-01-09,8,49,q4_3,B1,q4-inheritance-v2,adjustment_time,513.6840795370372,455.866429537037,-57.817650000000185,1.3708,1.0808,704.1581362293706,656.1463596693704
2025-01-09,8,50,q4_3,B1,q4-inheritance-v2,adjustment_time,473.39713518518533,403.83436018518546,-69.56277499999987,1.3803,1.0808,653.4300656961113,595.0042909736114
2025-01-09,8,51,q4_3,B1,q4-inheritance-v2,adjustment_time,433.6636745370372,352.3557745370374,-81.30789999999979,1.3732,1.0808,595.5069578742595,527.7937387542597
2025-01-09,8,52,q4_3,B1,q4-inheritance-v2,adjustment_time,1186.2448625000002,1056.36957796296,-129.87528453704022,1.3357,1.0808,1584.4672628412504,1481.1774490489422
2025-01-09,8,53,q4_3,B1,q4-inheritance-v2,adjustment_time,278.98759954840034,157.63386481481518,-121.35373473358516,1.2847,1.0808,358.4153691398299,268.0917843776225
2025-01-09,8,54,q4_3,B1,q4-inheritance-v2,adjustment_time,1052.154502777778,961.9548000000001,-90.19970277777782,1.2378,1.0808,1302.3568435383336,1239.451570821111
2025-01-09,8,55,q4_3,B1,q4-inheritance-v2,adjustment_time,1032.0429506481482,956.4416950925928,-75.60125555555544,1.2154,1.0808,1254.3450022177594,1203.3141547177595
2025-01-09,8,56,q4_3,B1,q4-inheritance-v2,adjustment_time,978.9986037037035,917.9957953703702,-61.00280833333329,1.216,1.0808,1190.4623021037035,1149.2488047937034
2025-01-09,8,57,q4_3,B1,q4-inheritance-v2,adjustment_time,895.6364158333332,895.6364158333332,0.0,1.2289,1.0808,1100.6475914175833,1100.6475914175833
2025-01-09,8,58,q4_3,B1,q4-inheritance-v2,adjustment_time,0.0,0.0,0.0,1.2928,1.0808,0.0,0.0
2025-01-09,8,59,q4_3,B1,q4-inheritance-v2,adjustment_time,0.0,0.0,0.0,1.3774,1.0808,0.0,0.0
2025-01-09,8,60,q4_3,B1,q4-inheritance-v2,adjustment_time,0.0,0.0,0.0,1.3949,1.0808,0.0,0.0
2025-01-09,8,61,q4_3,B1,q4-inheritance-v2,adjustment_time,0.0,0.0,0.0,1.3595,1.0808,0.0,0.0
2025-01-09,8,62,q4_3,B1,q4-inheritance-v2,adjustment_time,0.0,0.0,0.0,1.3462,1.0808,0.0,0.0
2025-01-09,8,63,q4_3,B1,q4-inheritance-v2,adjustment_time,0.0,0.0,0.0,1.3785,1.0808,0.0,0.0
2025-01-09,8,64,q4_3,B1,q4-inheritance-v2,adjustment_time,489.6364288888889,471.8637955555557,-17.772633333333147,1.1584,1.0808,567.1948392248889,556.211351824889
2025-01-09,8,65,q4_3,B1,q4-inheritance-v2,adjustment_time,1318.4062407407405,1300.520574074074,-17.885666666666566,0.7916,1.0808,1043.6503801703702,1039.1575007037036
2025-01-09,8,66,q4_3,B1,q4-inheritance-v2,adjustment_time,1395.7940817592594,1357.3256845370372,-38.468397222222166,0.7109,1.0808,992.2700127226575,985.7111509962685
2025-01-09,8,67,q4_3,B1,q4-inheritance-v2,adjustment_time,1419.5124017592593,1360.461273981481,-59.05112777777822,0.7271,1.0808,1032.1274673191574,1021.1026217630463
2025-01-09,8,68,q4_3,B1,q4-inheritance-v2,adjustment_time,1390.0777972222222,1310.4439388888886,-79.63385833333359,0.7182,1.0808,998.3538739649999,984.1949739533331
2025-01-09,8,69,q4_3,B1,q4-inheritance-v2,adjustment_time,1369.644275462963,1269.4276865740744,-100.21658888888851,0.7514,1.0808,1029.1507085828703,1008.0050083273148
2025-01-09,8,70,q4_3,B1,q4-inheritance-v2,adjustment_time,1347.5126917592593,1226.7133723148147,-120.79931944444456,0.7449,1.0808,1003.7622040914722,979.0587432650833
2025-01-09,8,71,q4_3,B1,q4-inheritance-v2,adjustment_time,1328.6699277777775,428.9599277777777,-899.7099999999998,0.685,0.685,910.1389005277777,601.9882255277778
2025-01-09,8,72,q4_3,B1,q4-inheritance-v2,adjustment_time,1318.4063539814813,444.0905873148149,-874.3157666666664,0.6549,0.685,863.4243212224721,590.2880757158055
2025-01-09,8,73,q4_3,B1,q4-inheritance-v2,adjustment_time,1278.006550185185,429.0850168518516,-848.9215333333334,0.6902,0.685,882.0801209378147,586.9101037978147
2025-01-09,8,74,q4_3,B1,q4-inheritance-v2,adjustment_time,1223.4552842592589,0.0,-1223.4552842592589,0.7207,0.685,881.7442233656478,419.03343485879617
2025-01-09,8,75,q4_3,B1,q4-inheritance-v2,adjustment_time,1244.7921915740737,891.0235518621405,-353.76863971193325,0.6738,0.685,838.7409786826108,721.5374283460474
2025-01-09,8,76,q4_3,B1,q4-inheritance-v2,adjustment_time,1315.6445820370368,542.9057487037036,-772.7388333333332,0.8184,0.685,1076.723525939111,708.9771151557777
2025-01-09,8,77,q4_3,B1,q4-inheritance-v2,adjustment_time,548.3114185185183,548.3114185185183,0.0,1.0838,0.685,594.2599153903701,594.2599153903701
2025-01-09,8,78,q4_3,B1,q4-inheritance-v2,adjustment_time,0.0,0.0,0.0,1.111,0.685,0.0,0.0
2025-01-09,8,79,q4_3,B1,q4-inheritance-v2,adjustment_time,0.0,0.0,0.0,1.0817,0.685,0.0,0.0
2025-01-09,8,80,q4_3,B1,q4-inheritance-v2,adjustment_time,0.0,0.0,0.0,1.1059,0.685,0.0,0.0
2025-01-09,8,81,q4_3,B1,q4-inheritance-v2,adjustment_time,498.83280824074086,498.83280824074086,0.0,1.1228,0.685,560.0894770927039,560.0894770927039
2025-01-09,8,82,q4_3,B1,q4-inheritance-v2,adjustment_time,0.0,0.0,0.0,1.2281,0.685,0.0,0.0
2025-01-09,8,83,q4_3,B1,q4-inheritance-v2,adjustment_time,0.0,0.0,0.0,1.3751,0.685,0.0,0.0
2025-01-09,8,84,q4_3,B1,q4-inheritance-v2,adjustment_time,0.0,0.0,0.0,1.3988,0.685,0.0,0.0
2025-01-09,8,85,q4_3,B1,q4-inheritance-v2,adjustment_time,0.0,0.0,0.0,1.3888,0.685,0.0,0.0
2025-01-09,8,86,q4_3,B1,q4-inheritance-v2,adjustment_time,0.0,0.0,0.0,1.4274,0.685,0.0,0.0
2025-01-09,8,87,q4_3,B1,q4-inheritance-v2,adjustment_time,10.192875370370416,70.24561425925947,60.05273888888905,1.4683,0.685,14.966198906314881,76.67038811464839
2025-01-09,8,88,q4_3,B1,q4-inheritance-v2,adjustment_time,107.72218740740755,126.42826518518507,18.706077777777523,1.2633,0.685,136.08543935177795,155.30593426844436
2025-01-09,8,89,q4_3,B1,q4-inheritance-v2,adjustment_time,1806.4473629629629,1783.8067796296295,-22.640583333333325,0.9262,0.685,1673.1315475762963,1659.9162390846295
2025-01-09,8,90,q4_3,B1,q4-inheritance-v2,adjustment_time,1849.5975103703702,1831.27063537037,-18.3268750000002,0.8545,0.685,1580.4810726114813,1571.0977126114815
2025-01-09,8,91,q4_3,B1,q4-inheritance-v2,adjustment_time,1857.7237480555557,1843.7105813888888,-14.013166666666848,0.9375,0.685,1741.6160138020834,1733.2781796354168
2025-01-09,8,92,q4_3,B1,q4-inheritance-v2,adjustment_time,1838.776023148148,1829.076564814815,-9.699458333333041,0.9967,0.685,1832.7080622717592,1826.3626766300927
2025-01-09,8,93,q4_3,B1,q4-inheritance-v2,adjustment_time,1908.1527555555558,1902.7670055555557,-5.385750000000144,0.9663,0.685,1843.8480076933338,1840.4883768433335
2025-01-09,8,94,q4_3,B1,q4-inheritance-v2,adjustment_time,1966.3638070370368,1965.2917653703703,-1.0720416666665642,0.9681,0.685,1903.6368015925552,1902.9661323258888
2025-01-09,8,95,q4_3,B1,q4-inheritance-v2,adjustment_time,1974.9322388888886,1974.9322388888886,0.0,1.0122,0.685,1999.026412203333,1999.026412203333
2025-01-09,8,96,q4_3,B1,q4-inheritance-v2,adjustment_time,1464.6075156663846,1464.6075156663844,-2.2737367544323206e-13,1.001,0.685,1466.072123182051,1466.0721231820507
2025-01-09,8,97,q4_3,B1,q4-inheritance-v2,adjustment_time,1217.6637676851851,1217.6637676851851,0.0,1.0308,0.685,1255.1678117298889,1255.1678117298889
2025-01-09,8,98,q4_3,B1,q4-inheritance-v2,adjustment_time,1241.766352777778,1241.766352777778,0.0,1.1035,0.685,1370.2891702902778,1370.2891702902778
2025-01-09,8,99,q4_3,B1,q4-inheritance-v2,adjustment_time,1327.4163576851852,1327.4163576851854,2.2737367544323206e-13,1.1117,0.685,1475.6887648386203,1475.6887648386205
2025-01-09,8,100,q4_3,B1,q4-inheritance-v2,adjustment_time,1424.4514704629632,1424.4514704629632,0.0,1.0904,0.685,1553.2218833928152,1553.2218833928152
2025-01-09,8,101,q4_3,B1,q4-inheritance-v2,adjustment_time,1486.3950777777777,1486.3950777777777,0.0,1.0938,0.685,1625.8189360733334,1625.8189360733334
2025-01-09,8,102,q4_3,B1,q4-inheritance-v2,adjustment_time,1503.9450769444443,1503.9450769444443,0.0,1.1348,0.685,1706.6768733165554,1706.6768733165554
2025-01-09,8,103,q4_3,B1,q4-inheritance-v2,adjustment_time,1480.3399014814813,1480.3399014814813,0.0,1.1374,0.685,1683.7386039450369,1683.7386039450369
2025-01-09,8,104,q4_3,B1,q4-inheritance-v2,adjustment_time,1478.871612962963,1478.871612962963,0.0,1.0995,0.685,1626.0193384527777,1626.0193384527777
2025-01-09,8,105,q4_3,B1,q4-inheritance-v2,adjustment_time,2367.791000185185,2367.7910001851856,4.547473508864641e-13,1.1025,0.685,2610.4895777041665,2610.489577704167
2025-01-09,8,106,q4_3,B1,q4-inheritance-v2,adjustment_time,1318.9280316666668,1318.9280316666666,-2.2737367544323206e-13,1.1726,0.685,1546.5750099323336,1546.5750099323334
2025-01-09,8,107,q4_3,B1,q4-inheritance-v2,adjustment_time,125.29244444444453,125.29244444444456,2.842170943040401e-14,1.2522,1.2522,156.89119893333344,156.8911989333335
2025-01-09,8,108,q4_3,B1,q4-inheritance-v2,adjustment_time,907.6939009259258,907.6939009259258,0.0,1.2547,1.2522,1138.8835374917592,1138.8835374917592
2025-01-09,8,109,q4_3,B1,q4-inheritance-v2,adjustment_time,952.5465935185185,952.5465935185186,1.1368683772161603e-13,1.2508,1.2522,1191.445279172963,1191.4452791729632
2025-01-09,8,110,q4_3,B1,q4-inheritance-v2,adjustment_time,928.6548703703704,928.6548703703703,-1.1368683772161603e-13,1.2576,1.2522,1167.876364977778,1167.8763649777777
2025-01-09,8,111,q4_3,B1,q4-inheritance-v2,adjustment_time,1761.4489817592594,1761.4489817592594,0.0,1.2454,1.2522,2193.708561882982,2193.708561882982
2025-01-09,8,112,q4_3,B1,q4-inheritance-v2,adjustment_time,964.3420140740741,964.3420140740739,-2.2737367544323206e-13,1.3588,1.2522,1310.347928723852,1310.3479287238517
2025-01-09,8,113,q4_3,B1,q4-inheritance-v2,adjustment_time,158.9859907407407,158.9859907407407,0.0,1.5205,1.2522,241.73819892129623,241.73819892129623
2025-01-09,8,114,q4_3,B1,q4-inheritance-v2,adjustment_time,131.86411157407406,131.86411157407406,0.0,1.4967,1.2522,197.36101579291665,197.36101579291665
2025-01-09,8,115,q4_3,B1,q4-inheritance-v2,adjustment_time,82.7609120370372,82.7609120370372,0.0,1.488,1.2522,123.14823711111136,123.14823711111136
2025-01-09,8,116,q4_3,B1,q4-inheritance-v2,adjustment_time,68.82228703703709,68.82228703703709,0.0,1.5489,1.2522,106.59884039166674,106.59884039166674
2025-01-09,8,117,q4_3,B1,q4-inheritance-v2,adjustment_time,130.4446754629629,130.4446754629629,0.0,1.5315,1.2522,199.7760204715277,199.7760204715277
2025-01-09,8,118,q4_3,B1,q4-inheritance-v2,adjustment_time,298.34648732617677,298.34648732617677,0.0,1.5064,1.2522,449.42914850815265,449.42914850815265
2025-01-09,8,119,q4_3,B1,q4-inheritance-v2,adjustment_time,111.94609259259255,111.94609259259255,0.0,1.5113,1.2522,169.18412973518514,169.18412973518514
2025-01-09,8,120,q4_3,B1,q4-inheritance-v2,adjustment_time,69.57313240740746,69.57313240740746,0.0,1.504,1.2522,104.63799114074081,104.63799114074081
2025-01-09,8,121,q4_3,B1,q4-inheritance-v2,adjustment_time,77.5583382407408,77.55833824074078,-1.4210854715202004e-14,1.484,1.2522,115.09657394925934,115.09657394925934
2025-01-09,8,122,q4_3,B1,q4-inheritance-v2,adjustment_time,118.93237037037045,118.93237037037045,0.0,1.5055,1.2522,179.05268359259273,179.05268359259273
2025-01-09,8,123,q4_3,B1,q4-inheritance-v2,adjustment_time,119.18446138888885,119.18446138888885,0.0,1.5726,1.2522,187.4294839801666,187.4294839801666
2025-01-09,8,124,q4_3,B1,q4-inheritance-v2,adjustment_time,935.2377293518518,935.2377293518518,0.0,1.3417,1.2522,1254.8084614713796,1254.8084614713796
2025-01-09,8,125,q4_3,B1,q4-inheritance-v2,adjustment_time,942.3147870370371,942.314787037037,-1.1368683772161603e-13,0.9515,1.2522,896.6125198657409,896.6125198657409
2025-01-09,8,126,q4_3,B1,q4-inheritance-v2,adjustment_time,1566.4326323148148,1566.432632314815,2.2737367544323206e-13,0.9105,1.2522,1426.2369117226388,1426.2369117226392
2025-01-09,8,127,q4_3,B1,q4-inheritance-v2,adjustment_time,950.6984634259261,950.6984634259261,0.0,0.9482,1.2522,901.4522830204631,901.4522830204631
2025-01-09,8,128,q4_3,B1,q4-inheritance-v2,adjustment_time,739.2655833333334,739.2655833333334,0.0,0.9596,1.2522,709.3992537666668,709.3992537666668
2025-01-09,8,129,q4_3,B1,q4-inheritance-v2,adjustment_time,662.867085185185,662.867085185185,0.0,1.0638,1.2522,705.1580052199998,705.1580052199998
2025-01-09,8,130,q4_3,B1,q4-inheritance-v2,adjustment_time,900.0126339814815,900.0126339814816,1.1368683772161603e-13,0.8397,1.2522,755.74060875425,755.7406087542503
2025-01-09,8,131,q4_3,B1,q4-inheritance-v2,adjustment_time,697.6986388888889,697.698638888889,1.1368683772161603e-13,0.4003,1.2522,279.28876514722225,279.2887651472225
2025-01-09,8,132,q4_3,B1,q4-inheritance-v2,adjustment_time,1366.0425591666665,1366.0425591666663,-2.2737367544323206e-13,0.3282,1.2522,448.3351679184999,448.3351679185
2025-01-09,8,133,q4_3,B1,q4-inheritance-v2,adjustment_time,1389.1918128703703,1389.1918128703703,0.0,0.401,1.2522,557.0659169610185,557.0659169610185
2025-01-09,8,134,q4_3,B1,q4-inheritance-v2,adjustment_time,1374.5713611111112,1374.5713611111112,0.0,0.4273,1.2522,587.3543426027778,587.3543426027778
2025-01-09,8,135,q4_3,B1,q4-inheritance-v2,adjustment_time,694.8071608333335,694.8071608333335,0.0,0.4395,1.2522,305.36774718625,305.36774718625
2025-01-09,8,136,q4_3,B1,q4-inheritance-v2,adjustment_time,0.0,0.0,0.0,0.413,1.2522,0.0,0.0
2025-01-09,8,137,q4_3,B1,q4-inheritance-v2,adjustment_time,0.0,0.0,0.0,0.364,1.2522,0.0,0.0
2025-01-09,8,138,q4_3,B1,q4-inheritance-v2,adjustment_time,276.80623111111083,276.8062311111108,-5.684341886080802e-14,0.3559,1.2522,98.51533765244434,98.51533765244437
2025-01-09,8,139,q4_3,B1,q4-inheritance-v2,adjustment_time,586.4811097222223,586.4811097222224,1.1368683772161603e-13,0.4074,1.2522,238.93240410083337,238.9324041008336
2025-01-09,8,140,q4_3,B1,q4-inheritance-v2,adjustment_time,707.4404722222221,707.4404722222221,0.0,0.4773,1.2522,337.6613373916666,337.6613373916666
2025-01-09,8,141,q4_3,B1,q4-inheritance-v2,adjustment_time,774.9537174074075,774.9537174074073,-1.1368683772161603e-13,0.4872,1.2522,377.5574511208889,377.5574511208889
2025-01-09,8,142,q4_3,B1,q4-inheritance-v2,adjustment_time,712.7669598148148,712.7669598148146,-1.1368683772161603e-13,0.405,1.2522,288.670618725,288.670618725
2025-01-09,8,143,q4_3,B1,q4-inheritance-v2,adjustment_time,658.9801666666667,658.9801666666667,0.0,0.307,1.2522,202.30691116666668,202.30691116666668
2025-01-10,9,0,q4_3,B1,q4-inheritance-v2,adjustment_time,0.0,0.0,0.0,0.312,0.312,0.0,0.0
2025-01-10,9,1,q4_3,B1,q4-inheritance-v2,adjustment_time,229.6925813219699,229.6925813219699,0.0,0.331,0.331,76.02824441757204,76.02824441757204
2025-01-10,9,2,q4_3,B1,q4-inheritance-v2,adjustment_time,662.1956851851851,662.1956851851851,0.0,0.3329,0.3329,220.4449435981481,220.4449435981481
2025-01-10,9,3,q4_3,B1,q4-inheritance-v2,adjustment_time,690.9049228703703,690.9049228703703,0.0,0.3649,0.3649,252.11120635539814,252.11120635539814
2025-01-10,9,4,q4_3,B1,q4-inheritance-v2,adjustment_time,687.0241887037037,687.0241887037037,0.0,0.349,0.349,239.77144185759255,239.77144185759255
2025-01-10,9,5,q4_3,B1,q4-inheritance-v2,adjustment_time,1489.2707685185185,1489.2707685185185,0.0,0.2986,0.2986,444.6962514796296,444.6962514796296
2025-01-10,9,6,q4_3,B1,q4-inheritance-v2,adjustment_time,1500.2727229629631,1500.2727229629631,0.0,0.3166,0.3166,474.9863440900741,474.9863440900741
2025-01-10,9,7,q4_3,B1,q4-inheritance-v2,adjustment_time,1540.6261457407406,1540.6261457407406,0.0,0.3703,0.3703,570.4938617677963,570.4938617677963
2025-01-10,9,8,q4_3,B1,q4-inheritance-v2,adjustment_time,1548.320796296296,1548.320796296296,0.0,0.3915,0.3915,606.1675917499999,606.1675917499999
2025-01-10,9,9,q4_3,B1,q4-inheritance-v2,adjustment_time,671.040496574074,671.040496574074,0.0,0.3489,0.3489,234.12602925469443,234.12602925469443
2025-01-10,9,10,q4_3,B1,q4-inheritance-v2,adjustment_time,0.0,0.0,0.0,0.353,0.353,0.0,0.0
2025-01-10,9,11,q4_3,B1,q4-inheritance-v2,adjustment_time,451.1637361111128,451.1637361111128,0.0,0.3932,0.3932,177.39758103888957,177.39758103888957
2025-01-10,9,12,q4_3,B1,q4-inheritance-v2,adjustment_time,1420.8071426851852,1420.8071426851852,0.0,0.355,0.355,504.38653565324074,504.38653565324074
2025-01-10,9,13,q4_3,B1,q4-inheritance-v2,adjustment_time,1552.3716199074074,1552.3716199074074,0.0,0.3268,0.3268,507.3150453857407,507.3150453857407
2025-01-10,9,14,q4_3,B1,q4-inheritance-v2,adjustment_time,1534.3101018518516,1534.3101018518516,0.0,0.3368,0.3368,516.7556423037037,516.7556423037037
2025-01-10,9,15,q4_3,B1,q4-inheritance-v2,adjustment_time,177.85966277777902,177.85966277777902,0.0,0.3283,0.3283,58.39132728994485,58.39132728994485
2025-01-10,9,16,q4_3,B1,q4-inheritance-v2,adjustment_time,105.90803231481425,105.90803231481425,0.0,0.3515,0.3515,37.22667335865721,37.22667335865721
2025-01-10,9,17,q4_3,B1,q4-inheritance-v2,adjustment_time,1445.7746666666667,1445.7746666666667,0.0,0.4102,0.4102,593.0567682666667,593.0567682666667
2025-01-10,9,18,q4_3,B1,q4-inheritance-v2,adjustment_time,725.0799642592591,725.0799642592591,0.0,0.4485,0.4485,325.19836397027774,325.19836397027774
2025-01-10,9,19,q4_3,B1,q4-inheritance-v2,adjustment_time,569.7883005555555,569.7883005555555,0.0,0.4661,0.4661,265.5783268889444,265.5783268889444
2025-01-10,9,20,q4_3,B1,q4-inheritance-v2,adjustment_time,0.0,0.0,0.0,0.4455,0.4455,0.0,0.0
2025-01-10,9,21,q4_3,B1,q4-inheritance-v2,adjustment_time,737.9920500000001,737.9920500000001,0.0,0.3723,0.3723,274.75444021500005,274.75444021500005
2025-01-10,9,22,q4_3,B1,q4-inheritance-v2,adjustment_time,275.2068892592582,275.2068892592582,0.0,0.3669,0.3669,100.97340766922184,100.97340766922184
2025-01-10,9,23,q4_3,B1,q4-inheritance-v2,adjustment_time,0.0,0.0,0.0,0.4189,0.4189,0.0,0.0
2025-01-10,9,24,q4_3,B1,q4-inheritance-v2,adjustment_time,0.0,0.0,0.0,0.3989,0.3989,0.0,0.0
2025-01-10,9,25,q4_3,B1,q4-inheritance-v2,adjustment_time,0.0,0.0,0.0,0.3598,0.3598,0.0,0.0
2025-01-10,9,26,q4_3,B1,q4-inheritance-v2,adjustment_time,0.0,0.0,0.0,0.3704,0.3704,0.0,0.0
2025-01-10,9,27,q4_3,B1,q4-inheritance-v2,adjustment_time,1411.5372708333334,1411.5372708333334,0.0,0.4355,0.4355,614.7244814479167,614.7244814479167
2025-01-10,9,28,q4_3,B1,q4-inheritance-v2,adjustment_time,793.4206042592592,793.4206042592592,0.0,0.4338,0.4338,344.1858581276667,344.1858581276667
2025-01-10,9,29,q4_3,B1,q4-inheritance-v2,adjustment_time,770.6146574074074,770.6146574074074,0.0,0.3701,0.3701,285.2044847064815,285.2044847064815
2025-01-10,9,30,q4_3,B1,q4-inheritance-v2,adjustment_time,0.0,0.0,0.0,0.367,0.367,0.0,0.0
2025-01-10,9,31,q4_3,B1,q4-inheritance-v2,adjustment_time,0.0,0.0,0.0,0.3925,0.3925,0.0,0.0
2025-01-10,9,32,q4_3,B1,q4-inheritance-v2,adjustment_time,751.081638888889,751.081638888889,0.0,0.3826,0.3826,287.3638350388889,287.3638350388889
2025-01-10,9,33,q4_3,B1,q4-inheritance-v2,adjustment_time,736.7313252777778,736.7313252777778,0.0,0.3435,0.3435,253.06721023291672,253.06721023291672
2025-01-10,9,34,q4_3,B1,q4-inheritance-v2,adjustment_time,838.8166762962962,838.8166762962962,0.0,0.509,0.509,426.9576882348148,426.9576882348148
2025-01-10,9,35,q4_3,B1,q4-inheritance-v2,adjustment_time,1018.342324074074,1018.3423240740739,-1.1368683772161603e-13,0.7997,0.7997,814.368356562037,814.3683565620369
2025-01-10,9,36,q4_3,B1,q4-inheritance-v2,adjustment_time,1049.3181366666668,1049.3181366666665,-2.2737367544323206e-13,0.8764,0.7997,919.6224149746668,919.6224149746666
2025-01-10,9,37,q4_3,B1,q4-inheritance-v2,adjustment_time,995.9053344444443,995.9053344444442,-1.1368683772161603e-13,0.8415,0.7997,838.0543389349999,838.0543389349998
2025-01-10,9,38,q4_3,B1,q4-inheritance-v2,adjustment_time,963.0398064814815,963.0398064814813,-2.2737367544323206e-13,0.8322,0.7997,801.441726953889,801.4417269538889
2025-01-10,9,39,q4_3,B1,q4-inheritance-v2,adjustment_time,748.7699155555557,748.7699155555556,-1.1368683772161603e-13,0.8801,0.7997,658.9924026804446,658.9924026804445
2025-01-10,9,40,q4_3,B1,q4-inheritance-v2,adjustment_time,0.0,0.0,0.0,0.9142,0.7997,0.0,0.0
2025-01-10,9,41,q4_3,B1,q4-inheritance-v2,adjustment_time,0.0,0.0,0.0,0.9027,0.7997,0.0,0.0
2025-01-10,9,42,q4_3,B1,q4-inheritance-v2,adjustment_time,949.2357065740742,949.2357065740741,-1.1368683772161603e-13,0.8745,0.7997,830.106625399028,830.1066253990278
2025-01-10,9,43,q4_3,B1,q4-inheritance-v2,adjustment_time,941.8682573148149,941.8682573148149,0.0,0.8486,0.7997,799.2694031573519,799.2694031573519
2025-01-10,9,44,q4_3,B1,q4-inheritance-v2,adjustment_time,122.72405370370336,122.72405370370335,-1.4210854715202004e-14,0.8038,0.7997,98.64559436703675,98.64559436703675
2025-01-10,9,45,q4_3,B1,q4-inheritance-v2,adjustment_time,1672.3704874074076,1626.1450651851853,-46.22542222222228,0.7393,0.7997,1236.3835013402963,1220.6922817669629
2025-01-10,9,46,q4_3,B1,q4-inheritance-v2,adjustment_time,974.1592323148145,974.1592323148143,-2.2737367544323206e-13,0.8665,0.7997,844.1089748007869,844.1089748007868
2025-01-10,9,47,q4_3,B1,q4-inheritance-v2,adjustment_time,323.25359629629634,323.2535962962963,-5.684341886080802e-14,1.0831,0.7997,350.11597014851856,350.1159701485185
2025-01-10,9,48,q4_3,B1,q4-inheritance-v2,adjustment_time,0.0,217.1609081481481,217.1609081481481,1.0606,0.7997,0.0,260.495367369111
2025-01-10,9,49,q4_3,B1,q4-inheritance-v2,adjustment_time,0.0,115.42522592592582,115.42522592592582,1.0202,0.7997,0.0,138.4583297594443
2025-01-10,9,50,q4_3,B1,q4-inheritance-v2,adjustment_time,196.36931851851864,196.36931851851858,-5.684341886080802e-14,1.0493,0.7997,206.0503259214816,206.05032592148154
2025-01-10,9,51,q4_3,B1,q4-inheritance-v2,adjustment_time,0.0,0.0,0.0,1.0154,0.7997,0.0,0.0
2025-01-10,9,52,q4_3,B1,q4-inheritance-v2,adjustment_time,0.0,0.0,0.0,1.0028,0.7997,0.0,0.0
2025-01-10,9,53,q4_3,B1,q4-inheritance-v2,adjustment_time,133.225614814815,133.22561481481497,-2.842170943040401e-14,1.0292,0.7997,137.1158027674076,137.11580276740756
2025-01-10,9,54,q4_3,B1,q4-inheritance-v2,adjustment_time,84.22223500000041,84.2222350000004,-1.4210854715202004e-14,1.0149,0.7997,85.47714630150041,85.4771463015004
2025-01-10,9,55,q4_3,B1,q4-inheritance-v2,adjustment_time,269.4573787150671,269.457378715067,-5.684341886080802e-14,0.9821,0.7997,264.63409163606735,264.6340916360673
2025-01-10,9,56,q4_3,B1,q4-inheritance-v2,adjustment_time,865.1987703703702,865.19877037037,-2.2737367544323206e-13,0.9641,0.7997,834.1381345140738,834.1381345140737
2025-01-10,9,57,q4_3,B1,q4-inheritance-v2,adjustment_time,803.1494555555554,803.1494555555553,-1.1368683772161603e-13,0.9838,0.7997,790.1384343755554,790.1384343755553
2025-01-10,9,58,q4_3,B1,q4-inheritance-v2,adjustment_time,0.0,0.0,0.0,1.0824,0.7997,0.0,0.0
2025-01-10,9,59,q4_3,B1,q4-inheritance-v2,adjustment_time,0.0,0.0,0.0,1.18,0.7997,0.0,0.0
2025-01-10,9,60,q4_3,B1,q4-inheritance-v2,adjustment_time,0.0,0.0,0.0,1.142,0.7997,0.0,0.0
2025-01-10,9,61,q4_3,B1,q4-inheritance-v2,adjustment_time,0.0,0.0,0.0,1.1127,0.7997,0.0,0.0
2025-01-10,9,62,q4_3,B1,q4-inheritance-v2,adjustment_time,0.0,0.0,0.0,1.1577,0.7997,0.0,0.0
2025-01-10,9,63,q4_3,B1,q4-inheritance-v2,adjustment_time,0.0,0.0,0.0,1.1608,0.7997,0.0,0.0
2025-01-10,9,64,q4_3,B1,q4-inheritance-v2,adjustment_time,180.2954055555587,180.29540555555866,-2.842170943040401e-14,0.8933,0.7997,161.05788578278057,161.05788578278055
2025-01-10,9,65,q4_3,B1,q4-inheritance-v2,adjustment_time,0.0,0.0,0.0,0.5201,0.7997,0.0,0.0
2025-01-10,9,66,q4_3,B1,q4-inheritance-v2,adjustment_time,928.8634610185184,928.8634610185185,1.1368683772161603e-13,0.4627,0.7997,429.7851234132684,429.78512341326854
2025-01-10,9,67,q4_3,B1,q4-inheritance-v2,adjustment_time,1342.996538148148,1215.7768103703702,-127.21972777777773,0.5007,0.7997,672.4383666507777,659.6082571043888
2025-01-10,9,68,q4_3,B1,q4-inheritance-v2,adjustment_time,1289.5256388888888,1149.9624472222222,-139.56319166666663,0.4731,0.7997,610.0745797583334,599.85157596875
2025-01-10,9,69,q4_3,B1,q4-inheritance-v2,adjustment_time,97.5716526851852,97.5716526851852,0.0,0.4372,0.7997,42.658326553962965,42.658326553962965
2025-01-10,9,70,q4_3,B1,q4-inheritance-v2,adjustment_time,1234.0818648148147,1069.8317453703703,-164.2501194444444,0.4253,0.7997,524.8550171057407,520.6748515658796
2025-01-10,9,71,q4_3,B1,q4-inheritance-v2,adjustment_time,1214.2895777777776,281.88729444444436,-932.4022833333332,0.4394,0.4394,533.5588404755555,328.71005882722216
2025-01-10,9,72,q4_3,B1,q4-inheritance-v2,adjustment_time,1207.7312648148147,268.0455425925926,-939.6857222222221,0.4634,0.4394,559.6626681151852,330.6612576096296
2025-01-10,9,73,q4_3,B1,q4-inheritance-v2,adjustment_time,1008.201935925926,240.11005074074046,-768.0918851851856,0.4937,0.4394,497.7492957666297,287.2921192258889
2025-01-10,9,74,q4_3,B1,q4-inheritance-v2,adjustment_time,0.0,0.0,0.0,0.4898,0.4394,0.0,0.0
2025-01-10,9,75,q4_3,B1,q4-inheritance-v2,adjustment_time,0.0,0.0,0.0,0.435,0.4394,0.0,0.0
2025-01-10,9,76,q4_3,B1,q4-inheritance-v2,adjustment_time,1051.516763344876,227.53734259259272,-823.9794207522832,0.5519,0.4394,580.332101690037,306.60613811612853
2025-01-10,9,77,q4_3,B1,q4-inheritance-v2,adjustment_time,0.0,0.0,0.0,0.7835,0.4394,0.0,0.0
2025-01-10,9,78,q4_3,B1,q4-inheritance-v2,adjustment_time,0.0,0.0,0.0,0.837,0.4394,0.0,0.0
2025-01-10,9,79,q4_3,B1,q4-inheritance-v2,adjustment_time,0.0,0.0,0.0,0.8279,0.4394,0.0,0.0
2025-01-10,9,80,q4_3,B1,q4-inheritance-v2,adjustment_time,0.0,0.0,0.0,0.8421,0.4394,0.0,0.0
2025-01-10,9,81,q4_3,B1,q4-inheritance-v2,adjustment_time,434.33696324074083,0.0,-434.33696324074083,0.855,0.4394,371.3581035708334,95.42383082399077
2025-01-10,9,82,q4_3,B1,q4-inheritance-v2,adjustment_time,0.0,463.5585580555566,463.5585580555566,0.9361,0.4394,0.0,305.53144561441735
2025-01-10,9,83,q4_3,B1,q4-inheritance-v2,adjustment_time,0.0,526.077962962963,526.077962962963,1.066,0.4394,0.0,346.73798538888894
2025-01-10,9,84,q4_3,B1,q4-inheritance-v2,adjustment_time,0.0,506.48910324074063,506.48910324074063,1.1326,0.4394,0.0,333.82696794597217
2025-01-10,9,85,q4_3,B1,q4-inheritance-v2,adjustment_time,0.0,474.5591848148148,474.5591848148148,1.1123,0.4394,0.0,312.7819587114444
2025-01-10,9,86,q4_3,B1,q4-inheritance-v2,adjustment_time,0.0,491.85391666666635,491.85391666666635,1.1231,0.4394,0.0,324.1809164749998
2025-01-10,9,87,q4_3,B1,q4-inheritance-v2,adjustment_time,0.0,576.7492839814815,576.7492839814815,1.2525,0.4394,0.0,380.1354530721945
2025-01-10,9,88,q4_3,B1,q4-inheritance-v2,adjustment_time,0.0,622.8768379629629,622.8768379629629,1.0288,0.4394,0.0,410.5381239013889
2025-01-10,9,89,q4_3,B1,q4-inheritance-v2,adjustment_time,0.0,618.7768796296297,618.7768796296297,0.5878,0.4394,0.0,407.8358413638889
2025-01-10,9,90,q4_3,B1,q4-inheritance-v2,adjustment_time,1637.0429162037035,1491.3993606481479,-145.64355555555562,0.5724,0.4394,937.0433652349999,885.6748831905554
2025-01-10,9,91,q4_3,B1,q4-inheritance-v2,adjustment_time,1292.818736944444,692.9774869444444,-599.8412499999996,0.6745,0.4394,872.0062380690275,599.1984375690276
2025-01-10,9,92,q4_3,B1,q4-inheritance-v2,adjustment_time,1665.3243231481479,719.8126898148146,-945.5116333333333,0.6769,0.4394,1127.2580343389811,694.9701155789812
2025-01-10,9,93,q4_3,B1,q4-inheritance-v2,adjustment_time,1699.7138597222224,1604.2681875000003,-95.44567222222213,0.6817,0.4394,1158.694938172639,1114.5990376059724
2025-01-10,9,94,q4_3,B1,q4-inheritance-v2,adjustment_time,1432.552934351852,821.6911084259259,-610.861825925926,0.722,0.4394,1034.303218602037,727.4673234394445
2025-01-10,9,95,q4_3,B1,q4-inheritance-v2,adjustment_time,921.0658055555555,649.6816095484096,-271.3841960071459,0.7796,0.4394,718.062902011111,566.11489066671
2025-01-10,9,96,q4_3,B1,q4-inheritance-v2,adjustment_time,837.382552766414,87.86490675925938,-749.5176460071547,0.8118,0.4394,679.7871563357749,235.99775813493864
2025-01-10,9,97,q4_3,B1,q4-inheritance-v2,adjustment_time,0.0,947.8040093518516,947.8040093518516,0.7968,0.4394,0.0,624.6976225638055
2025-01-10,9,98,q4_3,B1,q4-inheritance-v2,adjustment_time,997.2137194444446,965.4879861111112,-31.725733333333324,0.7748,0.4394,772.6411898255557,755.0302352522224
2025-01-10,9,99,q4_3,B1,q4-inheritance-v2,adjustment_time,0.0,1053.801746851852,1053.801746851852,0.8036,0.4394,0.0,694.5607313500557
2025-01-10,9,100,q4_3,B1,q4-inheritance-v2,adjustment_time,1154.9428849074072,310.0536071296294,-844.8892777777778,0.7956,0.4394,918.8725592323332,432.30082416011095
2025-01-10,9,101,q4_3,B1,q4-inheritance-v2,adjustment_time,1188.769661111111,353.9652777777778,-834.8043833333331,0.7584,0.4394,901.5629109866666,451.853789685
2025-01-10,9,102,q4_3,B1,q4-inheritance-v2,adjustment_time,1192.5121416666666,357.95293333332404,-834.5592083333426,0.7928,0.4394,945.4236259133332,467.1377436174946
2025-01-10,9,103,q4_3,B1,q4-inheritance-v2,adjustment_time,1173.7421775925925,1172.7614775925927,-0.9806999999998425,0.8434,0.4394,989.9341525815926,989.3224899915926
2025-01-10,9,104,q4_3,B1,q4-inheritance-v2,adjustment_time,1604.5429342592593,1178.5677962962964,-425.9751379629629,0.8326,0.4394,1335.9424470642593,1074.8622850067593
2025-01-10,9,105,q4_3,B1,q4-inheritance-v2,adjustment_time,2058.612551574074,2058.122201574074,-0.4903500000000349,0.7666,0.4394,1578.1323820366852,1577.864209621685
2025-01-10,9,106,q4_3,B1,q4-inheritance-v2,adjustment_time,979.665076387629,224.83961777777813,-754.8254586098509,0.8976,0.4394,879.3473725655358,367.65119417391793
2025-01-10,9,107,q4_3,B1,q4-inheritance-v2,adjustment_time,157.7165672108609,157.7165672108609,0.0,1.1441,1.1441,180.44352454594593,180.44352454594593
2025-01-10,9,108,q4_3,B1,q4-inheritance-v2,adjustment_time,758.8261467592592,758.8261467592592,0.0,1.1572,1.1441,878.1136170298148,878.1136170298148
2025-01-10,9,109,q4_3,B1,q4-inheritance-v2,adjustment_time,801.5022701851852,801.5022701851851,-1.1368683772161603e-13,1.0898,1.1441,873.477174047815,873.477174047815
2025-01-10,9,110,q4_3,B1,q4-inheritance-v2,adjustment_time,611.0944846409939,611.0944846409939,0.0,1.0796,1.1441,659.7376056184169,659.7376056184169
2025-01-10,9,111,q4_3,B1,q4-inheritance-v2,adjustment_time,772.6724242592594,772.6724242592594,0.0,1.1242,1.1441,868.6383393522594,868.6383393522594
2025-01-10,9,112,q4_3,B1,q4-inheritance-v2,adjustment_time,568.7381049074073,568.7381049074073,0.0,1.2348,1.1441,702.2778119396665,702.2778119396665
2025-01-10,9,113,q4_3,B1,q4-inheritance-v2,adjustment_time,0.0,0.0,0.0,1.3461,1.1441,0.0,0.0
2025-01-10,9,114,q4_3,B1,q4-inheritance-v2,adjustment_time,0.0,0.0,0.0,1.3581,1.1441,0.0,0.0
2025-01-10,9,115,q4_3,B1,q4-inheritance-v2,adjustment_time,0.0,0.0,0.0,1.3563,1.1441,0.0,0.0
2025-01-10,9,116,q4_3,B1,q4-inheritance-v2,adjustment_time,0.0,0.0,0.0,1.371,1.1441,0.0,0.0
2025-01-10,9,117,q4_3,B1,q4-inheritance-v2,adjustment_time,4.579162962963096,4.579162962963096,0.0,1.3466,1.1441,6.166300845926106,6.166300845926106
2025-01-10,9,118,q4_3,B1,q4-inheritance-v2,adjustment_time,24.764330277777844,24.76433027777784,-3.552713678800501e-15,1.2966,1.1441,32.10943063816675,32.10943063816675
2025-01-10,9,119,q4_3,B1,q4-inheritance-v2,adjustment_time,0.0,0.0,0.0,1.2834,1.1441,0.0,0.0
2025-01-10,9,120,q4_3,B1,q4-inheritance-v2,adjustment_time,0.0,0.0,0.0,1.3495,1.1441,0.0,0.0
2025-01-10,9,121,q4_3,B1,q4-inheritance-v2,adjustment_time,0.0,0.0,0.0,1.3472,1.1441,0.0,0.0
2025-01-10,9,122,q4_3,B1,q4-inheritance-v2,adjustment_time,0.0,0.0,0.0,1.3228,1.1441,0.0,0.0
2025-01-10,9,123,q4_3,B1,q4-inheritance-v2,adjustment_time,0.0,0.0,0.0,1.4151,1.1441,0.0,0.0
2025-01-10,9,124,q4_3,B1,q4-inheritance-v2,adjustment_time,787.5161376851853,787.5161376851853,0.0,1.1949,1.1441,941.003032920028,941.003032920028
2025-01-10,9,125,q4_3,B1,q4-inheritance-v2,adjustment_time,789.8686203703704,789.8686203703704,0.0,0.7687,1.1441,607.1720084787038,607.1720084787038
2025-01-10,9,126,q4_3,B1,q4-inheritance-v2,adjustment_time,803.5605370370371,803.5605370370371,0.0,0.7134,1.1441,573.2600871222223,573.2600871222223
2025-01-10,9,127,q4_3,B1,q4-inheritance-v2,adjustment_time,788.5633250925928,788.5633250925928,0.0,0.7767,1.1441,612.4771345994168,612.4771345994168
2025-01-10,9,128,q4_3,B1,q4-inheritance-v2,adjustment_time,776.325425925926,776.3254259259261,1.1368683772161603e-13,0.7924,1.1441,615.1602675037037,615.160267503704
2025-01-10,9,129,q4_3,B1,q4-inheritance-v2,adjustment_time,828.2172609259259,828.2172609259258,-1.1368683772161603e-13,0.8233,1.1441,681.8712709203148,681.8712709203148
2025-01-10,9,130,q4_3,B1,q4-inheritance-v2,adjustment_time,757.3595848148148,757.3595848148146,-1.1368683772161603e-13,0.6589,1.1441,499.02423043448147,499.02423043448147
2025-01-10,9,131,q4_3,B1,q4-inheritance-v2,adjustment_time,588.984138888889,588.9841388888891,1.1368683772161603e-13,0.3711,1.1441,218.57201394166668,218.57201394166688
2025-01-10,9,132,q4_3,B1,q4-inheritance-v2,adjustment_time,1269.6914683333332,1269.6914683333332,0.0,0.2836,1.1441,360.0845004193333,360.0845004193333
2025-01-10,9,133,q4_3,B1,q4-inheritance-v2,adjustment_time,571.417466111111,571.4174661111109,-1.1368683772161603e-13,0.3136,1.1441,179.19651737244442,179.19651737244445
2025-01-10,9,134,q4_3,B1,q4-inheritance-v2,adjustment_time,1140.3563644032924,1140.3563644032927,2.2737367544323206e-13,0.3412,1.1441,389.0895915344034,389.0895915344038
2025-01-10,9,135,q4_3,B1,q4-inheritance-v2,adjustment_time,475.7384556481482,475.73845564814826,5.684341886080802e-14,0.334,1.1441,158.8966441864815,158.89664418648158
2025-01-10,9,136,q4_3,B1,q4-inheritance-v2,adjustment_time,514.4809325000001,514.4809325000001,0.0,0.3338,1.1441,171.73373526850003,171.73373526850003
2025-01-10,9,137,q4_3,B1,q4-inheritance-v2,adjustment_time,1280.587962962963,1280.587962962963,0.0,0.3575,1.1441,457.81019675925927,457.81019675925927
2025-01-10,9,138,q4_3,B1,q4-inheritance-v2,adjustment_time,0.0,0.0,0.0,0.3792,1.1441,0.0,0.0
2025-01-10,9,139,q4_3,B1,q4-inheritance-v2,adjustment_time,0.0,0.0,0.0,0.3765,1.1441,0.0,0.0
2025-01-10,9,140,q4_3,B1,q4-inheritance-v2,adjustment_time,1325.2716203703703,1325.2716203703706,2.2737367544323206e-13,0.3491,1.1441,462.6523226712963,462.6523226712967
2025-01-10,9,141,q4_3,B1,q4-inheritance-v2,adjustment_time,686.6612924074075,686.6612924074075,0.0,0.3172,1.1441,217.80896195162964,217.80896195162964
2025-01-10,9,142,q4_3,B1,q4-inheritance-v2,adjustment_time,382.1318450925925,382.1318450925925,0.0,0.2955,1.1441,112.91996022486109,112.91996022486109
2025-01-10,9,143,q4_3,B1,q4-inheritance-v2,adjustment_time,0.0,0.0,0.0,0.293,1.1441,0.0,0.0
2025-01-11,10,0,q4_3,B1,q4-inheritance-v2,adjustment_time,0.0,0.0,0.0,0.3144,0.3144,0.0,0.0
2025-01-11,10,1,q4_3,B1,q4-inheritance-v2,adjustment_time,600.0502718518519,600.0502718518519,0.0,0.3628,0.3628,217.69823862785188,217.69823862785188
2025-01-11,10,2,q4_3,B1,q4-inheritance-v2,adjustment_time,606.4683518518518,606.4683518518518,0.0,0.3827,0.3827,232.0954382537037,232.0954382537037
2025-01-11,10,3,q4_3,B1,q4-inheritance-v2,adjustment_time,1291.8172827160488,1291.8172827160488,0.0,0.3126,0.3126,403.82208257703684,403.82208257703684
2025-01-11,10,4,q4_3,B1,q4-inheritance-v2,adjustment_time,481.66920037037033,481.66920037037033,0.0,0.2945,0.2945,141.85157950907404,141.85157950907404
2025-01-11,10,5,q4_3,B1,q4-inheritance-v2,adjustment_time,0.0,0.0,0.0,0.3568,0.3568,0.0,0.0
2025-01-11,10,6,q4_3,B1,q4-inheritance-v2,adjustment_time,610.884825462963,610.884825462963,0.0,0.3868,0.3868,236.29025048907408,236.29025048907408
2025-01-11,10,7,q4_3,B1,q4-inheritance-v2,adjustment_time,1145.859941923868,1145.859941923868,0.0,0.3701,0.3701,424.0827645060236,424.0827645060236
2025-01-11,10,8,q4_3,B1,q4-inheritance-v2,adjustment_time,0.0,0.0,0.0,0.355,0.355,0.0,0.0
2025-01-11,10,9,q4_3,B1,q4-inheritance-v2,adjustment_time,617.0373324074073,617.0373324074073,0.0,0.3919,0.3919,241.81693057046294,241.81693057046294
2025-01-11,10,10,q4_3,B1,q4-inheritance-v2,adjustment_time,988.0104108768315,988.0104108768315,0.0,0.401,0.401,396.19217476160946,396.19217476160946
2025-01-11,10,11,q4_3,B1,q4-inheritance-v2,adjustment_time,624.9235185185184,624.9235185185184,0.0,0.362,0.362,226.22231370370366,226.22231370370366
2025-01-11,10,12,q4_3,B1,q4-inheritance-v2,adjustment_time,662.9227243518519,662.9227243518519,0.0,0.3403,0.3403,225.5926030969352,225.5926030969352
2025-01-11,10,13,q4_3,B1,q4-inheritance-v2,adjustment_time,672.9237715740742,672.9237715740742,0.0,0.3704,0.3704,249.25096499103708,249.25096499103708
2025-01-11,10,14,q4_3,B1,q4-inheritance-v2,adjustment_time,662.5707685185185,662.5707685185185,0.0,0.4117,0.4117,272.7803853990741,272.7803853990741
2025-01-11,10,15,q4_3,B1,q4-inheritance-v2,adjustment_time,278.7292031481485,278.7292031481485,0.0,0.3948,0.3948,110.04228940288901,110.04228940288901
2025-01-11,10,16,q4_3,B1,q4-inheritance-v2,adjustment_time,680.0633414814816,680.0633414814816,0.0,0.3967,0.3967,269.78112756570374,269.78112756570374
2025-01-11,10,17,q4_3,B1,q4-inheritance-v2,adjustment_time,659.4333333333332,659.4333333333332,0.0,0.4223,0.4223,278.4786966666666,278.4786966666666
2025-01-11,10,18,q4_3,B1,q4-inheritance-v2,adjustment_time,0.0,0.0,0.0,0.4008,0.4008,0.0,0.0
2025-01-11,10,19,q4_3,B1,q4-inheritance-v2,adjustment_time,0.0,0.0,0.0,0.3938,0.3938,0.0,0.0
2025-01-11,10,20,q4_3,B1,q4-inheritance-v2,adjustment_time,565.8733148148149,565.8733148148149,0.0,0.4139,0.4139,234.21496500185188,234.21496500185188
2025-01-11,10,21,q4_3,B1,q4-inheritance-v2,adjustment_time,647.7031450000001,647.7031450000001,0.0,0.4084,0.4084,264.52196441800004,264.52196441800004
2025-01-11,10,22,q4_3,B1,q4-inheritance-v2,adjustment_time,517.7011563888889,517.7011563888889,0.0,0.3926,0.3926,203.24947399827778,203.24947399827778
2025-01-11,10,23,q4_3,B1,q4-inheritance-v2,adjustment_time,0.0,0.0,0.0,0.389,0.389,0.0,0.0
2025-01-11,10,24,q4_3,B1,q4-inheritance-v2,adjustment_time,704.4616874074073,704.4616874074073,0.0,0.4021,0.4021,283.2640445065185,283.2640445065185
2025-01-11,10,25,q4_3,B1,q4-inheritance-v2,adjustment_time,1214.8702602983572,1214.8702602983572,0.0,0.4114,0.4114,499.7976250867441,499.7976250867441
2025-01-11,10,26,q4_3,B1,q4-inheritance-v2,adjustment_time,0.0,0.0,0.0,0.3879,0.3879,0.0,0.0
2025-01-11,10,27,q4_3,B1,q4-inheritance-v2,adjustment_time,694.5102306481481,694.5102306481481,0.0,0.3367,0.3367,233.84159465923145,233.84159465923145
2025-01-11,10,28,q4_3,B1,q4-inheritance-v2,adjustment_time,1366.0016197222221,1366.0016197222221,0.0,0.3958,0.3958,540.6634410860555,540.6634410860555
2025-01-11,10,29,q4_3,B1,q4-inheritance-v2,adjustment_time,936.599507921808,936.599507921808,0.0,0.4821,0.4821,451.53462276910363,451.53462276910363
2025-01-11,10,30,q4_3,B1,q4-inheritance-v2,adjustment_time,0.0,0.0,0.0,0.3861,0.3861,0.0,0.0
2025-01-11,10,31,q4_3,B1,q4-inheritance-v2,adjustment_time,579.1970048148148,579.1970048148148,0.0,0.3916,0.3916,226.81354708548147,226.81354708548147
2025-01-11,10,32,q4_3,B1,q4-inheritance-v2,adjustment_time,668.5345555555556,668.5345555555556,0.0,0.4881,0.4881,326.3117165666667,326.3117165666667
2025-01-11,10,33,q4_3,B1,q4-inheritance-v2,adjustment_time,665.0044777777779,665.0044777777779,0.0,0.4083,0.4083,271.5213282766667,271.5213282766667
2025-01-11,10,34,q4_3,B1,q4-inheritance-v2,adjustment_time,758.8876462962962,758.8876462962962,0.0,0.5195,0.5195,394.24213225092586,394.24213225092586
2025-01-11,10,35,q4_3,B1,q4-inheritance-v2,adjustment_time,591.6661296296298,591.6661296296298,0.0,0.8103,0.8103,479.42706483888907,479.42706483888907
2025-01-11,10,36,q4_3,B1,q4-inheritance-v2,adjustment_time,564.1124149074072,564.1124149074072,0.0,0.8708,0.8103,491.2290909013702,491.2290909013702
2025-01-11,10,37,q4_3,B1,q4-inheritance-v2,adjustment_time,587.0573618518517,587.0573618518517,0.0,0.8559,0.8103,502.4623960089999,502.4623960089999
2025-01-11,10,38,q4_3,B1,q4-inheritance-v2,adjustment_time,0.0,0.0,0.0,0.8784,0.8103,0.0,0.0
2025-01-11,10,39,q4_3,B1,q4-inheritance-v2,adjustment_time,0.0,0.0,0.0,0.8826,0.8103,0.0,0.0
2025-01-11,10,40,q4_3,B1,q4-inheritance-v2,adjustment_time,0.0,0.0,0.0,0.8918,0.8103,0.0,0.0
2025-01-11,10,41,q4_3,B1,q4-inheritance-v2,adjustment_time,0.0,0.0,0.0,0.9053,0.8103,0.0,0.0
2025-01-11,10,42,q4_3,B1,q4-inheritance-v2,adjustment_time,0.0,0.0,0.0,0.8895,0.8103,0.0,0.0
2025-01-11,10,43,q4_3,B1,q4-inheritance-v2,adjustment_time,0.0,0.0,0.0,0.866,0.8103,0.0,0.0
2025-01-11,10,44,q4_3,B1,q4-inheritance-v2,adjustment_time,0.0,0.0,0.0,0.8483,0.8103,0.0,0.0
2025-01-11,10,45,q4_3,B1,q4-inheritance-v2,adjustment_time,653.221861944448,653.221861944448,0.0,0.8467,0.8103,553.0829505083642,553.0829505083642
2025-01-11,10,46,q4_3,B1,q4-inheritance-v2,adjustment_time,814.687698148148,814.687698148148,0.0,0.9388,0.8103,764.8288110214813,764.8288110214813
2025-01-11,10,47,q4_3,B1,q4-inheritance-v2,adjustment_time,0.0,0.0,0.0,1.0707,0.8103,0.0,0.0
2025-01-11,10,48,q4_3,B1,q4-inheritance-v2,adjustment_time,0.0,0.0,0.0,1.0902,0.8103,0.0,0.0
2025-01-11,10,49,q4_3,B1,q4-inheritance-v2,adjustment_time,0.0,0.0,0.0,1.0414,0.8103,0.0,0.0
2025-01-11,10,50,q4_3,B1,q4-inheritance-v2,adjustment_time,0.0,0.0,0.0,0.9912,0.8103,0.0,0.0
2025-01-11,10,51,q4_3,B1,q4-inheritance-v2,adjustment_time,0.0,0.0,0.0,0.9694,0.8103,0.0,0.0
2025-01-11,10,52,q4_3,B1,q4-inheritance-v2,adjustment_time,0.0,0.0,0.0,0.9732,0.8103,0.0,0.0
2025-01-11,10,53,q4_3,B1,q4-inheritance-v2,adjustment_time,0.0,0.0,0.0,1.0142,0.8103,0.0,0.0
2025-01-11,10,54,q4_3,B1,q4-inheritance-v2,adjustment_time,0.0,0.0,0.0,1.0898,0.8103,0.0,0.0
2025-01-11,10,55,q4_3,B1,q4-inheritance-v2,adjustment_time,0.0,0.0,0.0,1.0589,0.8103,0.0,0.0
2025-01-11,10,56,q4_3,B1,q4-inheritance-v2,adjustment_time,0.0,0.0,0.0,0.9422,0.8103,0.0,0.0
2025-01-11,10,57,q4_3,B1,q4-inheritance-v2,adjustment_time,0.0,0.0,0.0,0.9226,0.8103,0.0,0.0
2025-01-11,10,58,q4_3,B1,q4-inheritance-v2,adjustment_time,0.0,0.0,0.0,1.0433,0.8103,0.0,0.0
2025-01-11,10,59,q4_3,B1,q4-inheritance-v2,adjustment_time,0.0,0.0,0.0,1.1757,0.8103,0.0,0.0
2025-01-11,10,60,q4_3,B1,q4-inheritance-v2,adjustment_time,0.0,0.0,0.0,1.1415,0.8103,0.0,0.0
2025-01-11,10,61,q4_3,B1,q4-inheritance-v2,adjustment_time,0.0,0.0,0.0,1.0935,0.8103,0.0,0.0
2025-01-11,10,62,q4_3,B1,q4-inheritance-v2,adjustment_time,0.0,0.0,0.0,1.1218,0.8103,0.0,0.0
2025-01-11,10,63,q4_3,B1,q4-inheritance-v2,adjustment_time,0.0,0.0,0.0,1.1267,0.8103,0.0,0.0
2025-01-11,10,64,q4_3,B1,q4-inheritance-v2,adjustment_time,0.0,0.0,0.0,0.8599,0.8103,0.0,0.0
2025-01-11,10,65,q4_3,B1,q4-inheritance-v2,adjustment_time,0.0,0.0,0.0,0.4908,0.8103,0.0,0.0
2025-01-11,10,66,q4_3,B1,q4-inheritance-v2,adjustment_time,640.8822082407405,640.8822082407404,-1.1368683772161603e-13,0.4632,0.8103,296.856638857111,296.856638857111
2025-01-11,10,67,q4_3,B1,q4-inheritance-v2,adjustment_time,681.8470499999999,681.8470499999999,0.0,0.519,0.8103,353.8786189499999,353.8786189499999
2025-01-11,10,68,q4_3,B1,q4-inheritance-v2,adjustment_time,741.2144092592594,741.2144092592595,1.1368683772161603e-13,0.4904,0.8103,363.49154630074077,363.4915463007409
2025-01-11,10,69,q4_3,B1,q4-inheritance-v2,adjustment_time,723.0625645370368,723.0625645370369,1.1368683772161603e-13,0.4626,0.8103,334.4887423548332,334.48874235483333
2025-01-11,10,70,q4_3,B1,q4-inheritance-v2,adjustment_time,684.8840600000002,684.8840600000002,0.0,0.4488,0.8103,307.3759661280001,307.3759661280001
2025-01-11,10,71,q4_3,B1,q4-inheritance-v2,adjustment_time,671.229251851852,671.229251851852,0.0,0.4546,0.4546,305.14081789185195,305.14081789185195
2025-01-11,10,72,q4_3,B1,q4-inheritance-v2,adjustment_time,936.7030756481481,63.89997564814814,-872.8031,0.4824,0.4546,451.8655636926666,229.21349288266666
2025-01-11,10,73,q4_3,B1,q4-inheritance-v2,adjustment_time,711.5836100925927,652.9828521399103,-58.60075795268244,0.4761,0.4546,338.7849567650834,324.205088186456
2025-01-11,10,74,q4_3,B1,q4-inheritance-v2,adjustment_time,0.0,0.0,0.0,0.4374,0.4546,0.0,0.0
2025-01-11,10,75,q4_3,B1,q4-inheritance-v2,adjustment_time,0.0,0.0,0.0,0.4404,0.4546,0.0,0.0
2025-01-11,10,76,q4_3,B1,q4-inheritance-v2,adjustment_time,812.5898237962961,43.30026453703704,-769.289559259259,0.5528,0.4546,449.1996545945924,198.79590305570366
2025-01-11,10,77,q4_3,B1,q4-inheritance-v2,adjustment_time,0.0,0.0,0.0,0.7174,0.4546,0.0,0.0
2025-01-11,10,78,q4_3,B1,q4-inheritance-v2,adjustment_time,0.0,0.0,0.0,0.7949,0.4546,0.0,0.0
2025-01-11,10,79,q4_3,B1,q4-inheritance-v2,adjustment_time,0.0,0.0,0.0,0.8065,0.4546,0.0,0.0
2025-01-11,10,80,q4_3,B1,q4-inheritance-v2,adjustment_time,0.0,0.0,0.0,0.797,0.4546,0.0,0.0
2025-01-11,10,81,q4_3,B1,q4-inheritance-v2,adjustment_time,0.0,0.0,0.0,0.8025,0.4546,0.0,0.0
2025-01-11,10,82,q4_3,B1,q4-inheritance-v2,adjustment_time,0.0,0.0,0.0,0.8912,0.4546,0.0,0.0
2025-01-11,10,83,q4_3,B1,q4-inheritance-v2,adjustment_time,0.0,0.0,0.0,1.0399,0.4546,0.0,0.0
2025-01-11,10,84,q4_3,B1,q4-inheritance-v2,adjustment_time,0.0,0.0,0.0,1.1379,0.4546,0.0,0.0
2025-01-11,10,85,q4_3,B1,q4-inheritance-v2,adjustment_time,0.0,0.0,0.0,1.132,0.4546,0.0,0.0
2025-01-11,10,86,q4_3,B1,q4-inheritance-v2,adjustment_time,0.0,0.0,0.0,1.1295,0.4546,0.0,0.0
2025-01-11,10,87,q4_3,B1,q4-inheritance-v2,adjustment_time,0.0,0.0,0.0,1.2378,0.4546,0.0,0.0
2025-01-11,10,88,q4_3,B1,q4-inheritance-v2,adjustment_time,0.0,0.0,0.0,1.0171,0.4546,0.0,0.0
2025-01-11,10,89,q4_3,B1,q4-inheritance-v2,adjustment_time,0.0,0.0,0.0,0.5913,0.4546,0.0,0.0
2025-01-11,10,90,q4_3,B1,q4-inheritance-v2,adjustment_time,183.95732675925944,183.95732675925944,0.0,0.5651,0.4546,103.95428535165752,103.95428535165752
2025-01-11,10,91,q4_3,B1,q4-inheritance-v2,adjustment_time,586.0502292260568,586.050229226057,2.2737367544323206e-13,0.6699,0.4546,392.5950485585355,392.59504855853567
2025-01-11,10,92,q4_3,B1,q4-inheritance-v2,adjustment_time,672.1658195370392,672.1658195370392,0.0,0.7024,0.4546,472.1292716428163,472.1292716428163
2025-01-11,10,93,q4_3,B1,q4-inheritance-v2,adjustment_time,0.0,0.0,0.0,0.7277,0.4546,0.0,0.0
2025-01-11,10,94,q4_3,B1,q4-inheritance-v2,adjustment_time,213.97720361111104,213.97720361111075,-2.8421709430404007e-13,0.7246,0.4546,155.04788173661106,155.04788173661092
2025-01-11,10,95,q4_3,B1,q4-inheritance-v2,adjustment_time,775.0856222222221,775.0856222222226,4.547473508864641e-13,0.7059,0.4546,547.1329407266666,547.1329407266669
2025-01-11,10,96,q4_3,B1,q4-inheritance-v2,adjustment_time,444.62740555555564,465.29296388888895,20.66555833333331,0.7267,0.4546,323.1107356172223,337.20257984472227
2025-01-11,10,97,q4_3,B1,q4-inheritance-v2,adjustment_time,0.0,740.0344186431001,740.0344186431001,0.7763,0.4546,0.0,504.62947007272993
2025-01-11,10,98,q4_3,B1,q4-inheritance-v2,adjustment_time,0.0,844.4536694444447,844.4536694444447,0.8251,0.4546,0.0,575.8329571941669
2025-01-11,10,99,q4_3,B1,q4-inheritance-v2,adjustment_time,0.0,922.7162626851853,922.7162626851853,0.8439,0.4546,0.0,629.2002195250278
2025-01-11,10,100,q4_3,B1,q4-inheritance-v2,adjustment_time,970.8018232407408,968.1273537962962,-2.674469444444526,0.8141,0.4546,790.3297643002871,788.760385630287
2025-01-11,10,101,q4_3,B1,q4-inheritance-v2,adjustment_time,1156.022046296294,1156.0220462962934,-6.821210263296962e-13,0.7524,0.4546,869.7909876333316,869.7909876333313
2025-01-11,10,102,q4_3,B1,q4-inheritance-v2,adjustment_time,982.7603744444443,982.7603744444438,-5.684341886080801e-13,0.7173,0.4546,704.934016589,704.9340165889996
2025-01-11,10,103,q4_3,B1,q4-inheritance-v2,adjustment_time,332.89369564814734,979.8224250925924,646.928729444445,0.7976,0.4546,265.5160116489623,706.6567122571294
2025-01-11,10,104,q4_3,B1,q4-inheritance-v2,adjustment_time,565.9762694444444,979.9173546296295,413.9410851851851,0.88,0.4546,498.05911711111105,780.3255430988888
2025-01-11,10,105,q4_3,B1,q4-inheritance-v2,adjustment_time,1390.7241827777775,1390.724182777778,4.547473508864641e-13,0.7882,0.4546,1096.1688008654442,1096.1688008654444
2025-01-11,10,106,q4_3,B1,q4-inheritance-v2,adjustment_time,559.9684499074074,60.870361944445726,-499.09808796296164,0.9073,0.4546,508.05937460099074,168.6726747861768
2025-01-11,10,107,q4_3,B1,q4-inheritance-v2,adjustment_time,164.19747500000005,164.19747500000005,0.0,1.1911,1.1911,195.57561247250007,195.57561247250007
2025-01-11,10,108,q4_3,B1,q4-inheritance-v2,adjustment_time,675.9235717592592,675.9235717592592,0.0,1.1901,1.1911,804.4166427506943,804.4166427506943
2025-01-11,10,109,q4_3,B1,q4-inheritance-v2,adjustment_time,712.1926593518518,712.1926593518518,0.0,1.124,1.1911,800.5045491114815,800.5045491114815
2025-01-11,10,110,q4_3,B1,q4-inheritance-v2,adjustment_time,84.7742590000002,84.7742590000002,0.0,1.1231,1.1911,95.20997028290023,95.20997028290023
2025-01-11,10,111,q4_3,B1,q4-inheritance-v2,adjustment_time,686.0313025925926,686.0313025925926,0.0,1.1064,1.1911,759.0250331884445,759.0250331884445
2025-01-11,10,112,q4_3,B1,q4-inheritance-v2,adjustment_time,701.3519274074074,701.3519274074074,0.0,1.1932,1.1911,836.8531197825185,836.8531197825185
2025-01-11,10,113,q4_3,B1,q4-inheritance-v2,adjustment_time,0.0,0.0,0.0,1.3428,1.1911,0.0,0.0
2025-01-11,10,114,q4_3,B1,q4-inheritance-v2,adjustment_time,0.0,0.0,0.0,1.3696,1.1911,0.0,0.0
2025-01-11,10,115,q4_3,B1,q4-inheritance-v2,adjustment_time,0.0,0.0,0.0,1.3583,1.1911,0.0,0.0
2025-01-11,10,116,q4_3,B1,q4-inheritance-v2,adjustment_time,0.0,0.0,0.0,1.3803,1.1911,0.0,0.0
2025-01-11,10,117,q4_3,B1,q4-inheritance-v2,adjustment_time,0.0,0.0,0.0,1.4136,1.1911,0.0,0.0
2025-01-11,10,118,q4_3,B1,q4-inheritance-v2,adjustment_time,0.0,0.0,0.0,1.4018,1.1911,0.0,0.0
2025-01-11,10,119,q4_3,B1,q4-inheritance-v2,adjustment_time,0.0,0.0,0.0,1.3573,1.1911,0.0,0.0
2025-01-11,10,120,q4_3,B1,q4-inheritance-v2,adjustment_time,0.0,0.0,0.0,1.3439,1.1911,0.0,0.0
2025-01-11,10,121,q4_3,B1,q4-inheritance-v2,adjustment_time,0.0,0.0,0.0,1.3287,1.1911,0.0,0.0
2025-01-11,10,122,q4_3,B1,q4-inheritance-v2,adjustment_time,0.0,0.0,0.0,1.3547,1.1911,0.0,0.0
2025-01-11,10,123,q4_3,B1,q4-inheritance-v2,adjustment_time,0.0,0.0,0.0,1.4519,1.1911,0.0,0.0
2025-01-11,10,124,q4_3,B1,q4-inheritance-v2,adjustment_time,0.0,0.0,0.0,1.219,1.1911,0.0,0.0
2025-01-11,10,125,q4_3,B1,q4-inheritance-v2,adjustment_time,705.483037037037,705.483037037037,0.0,0.7953,1.1911,561.0706593555556,561.0706593555556
2025-01-11,10,126,q4_3,B1,q4-inheritance-v2,adjustment_time,1150.965161378601,1150.965161378601,0.0,0.7489,1.1911,861.9578093564343,861.9578093564343
2025-01-11,10,127,q4_3,B1,q4-inheritance-v2,adjustment_time,497.8200052777777,497.8200052777777,0.0,0.7833,1.1911,389.9424101340833,389.9424101340833
2025-01-11,10,128,q4_3,B1,q4-inheritance-v2,adjustment_time,734.9133425925926,734.9133425925926,0.0,0.7645,1.1911,561.841250412037,561.841250412037
2025-01-11,10,129,q4_3,B1,q4-inheritance-v2,adjustment_time,556.1921775,556.1921774999998,-1.1368683772161603e-13,0.8228,1.1911,457.63492364699994,457.63492364699994
2025-01-11,10,130,q4_3,B1,q4-inheritance-v2,adjustment_time,674.5007248148149,674.5007248148149,0.0,0.6313,1.1911,425.8123075755926,425.8123075755926
2025-01-11,10,131,q4_3,B1,q4-inheritance-v2,adjustment_time,1232.9900833333331,1232.9900833333331,0.0,0.2863,1.1911,353.00506085833325,353.00506085833325
2025-01-11,10,132,q4_3,B1,q4-inheritance-v2,adjustment_time,1210.8012675,1210.8012674999998,-2.2737367544323206e-13,0.2503,1.1911,303.06355725525003,303.0635572552501
2025-01-11,10,133,q4_3,B1,q4-inheritance-v2,adjustment_time,395.78131500000006,395.7813150000001,5.684341886080802e-14,0.2928,1.1911,115.88476903200002,115.88476903200012
2025-01-11,10,134,q4_3,B1,q4-inheritance-v2,adjustment_time,1240.1390833333332,1240.1390833333332,0.0,0.2836,1.1911,351.7034440333333,351.7034440333333
2025-01-11,10,135,q4_3,B1,q4-inheritance-v2,adjustment_time,1232.6814416666664,1232.6814416666664,0.0,0.3265,1.1911,402.4704907041666,402.4704907041666
2025-01-11,10,136,q4_3,B1,q4-inheritance-v2,adjustment_time,423.3952541666667,423.39525416666663,-5.684341886080802e-14,0.3482,1.1911,147.42622750083333,147.42622750083336
2025-01-11,10,137,q4_3,B1,q4-inheritance-v2,adjustment_time,0.0,0.0,0.0,0.3323,1.1911,0.0,0.0
2025-01-11,10,138,q4_3,B1,q4-inheritance-v2,adjustment_time,441.26305490740737,441.2630549074074,5.684341886080802e-14,0.3376,1.1911,148.97040733674072,148.97040733674083
2025-01-11,10,139,q4_3,B1,q4-inheritance-v2,adjustment_time,1253.8683749999998,1253.8683749999998,0.0,0.3121,1.1911,391.33231983749994,391.33231983749994
2025-01-11,10,140,q4_3,B1,q4-inheritance-v2,adjustment_time,1280.0927129629629,1280.0927129629629,0.0,0.2896,1.1911,370.71484967407406,370.71484967407406
2025-01-11,10,141,q4_3,B1,q4-inheritance-v2,adjustment_time,587.6924799074075,587.6924799074075,0.0,0.3686,1.1911,216.6234480938704,216.6234480938704
2025-01-11,10,142,q4_3,B1,q4-inheritance-v2,adjustment_time,451.9263248148149,451.9263248148149,0.0,0.4501,1.1911,203.41203879914818,203.41203879914818
2025-01-11,10,143,q4_3,B1,q4-inheritance-v2,adjustment_time,443.7233333333334,443.7233333333334,0.0,0.4692,1.1911,208.19498800000005,208.19498800000005
2025-01-12,11,0,q4_3,B1,q4-inheritance-v2,adjustment_time,0.0,0.0,0.0,0.448,0.448,0.0,0.0
2025-01-12,11,1,q4_3,B1,q4-inheritance-v2,adjustment_time,169.16121374999432,169.16121374999432,0.0,0.4202,0.4202,71.08154201774761,71.08154201774761
2025-01-12,11,2,q4_3,B1,q4-inheritance-v2,adjustment_time,1404.5824351851852,1404.5824351851852,0.0,0.4286,0.4286,602.0040317203703,602.0040317203703
2025-01-12,11,3,q4_3,B1,q4-inheritance-v2,adjustment_time,1404.1844257407406,1404.1844257407406,0.0,0.4941,0.4941,693.8075247584999,693.8075247584999
2025-01-12,11,4,q4_3,B1,q4-inheritance-v2,adjustment_time,716.6817587037037,716.6817587037037,0.0,0.5227,0.5227,374.609555274426,374.609555274426
2025-01-12,11,5,q4_3,B1,q4-inheritance-v2,adjustment_time,0.0,0.0,0.0,0.4851,0.4851,0.0,0.0
2025-01-12,11,6,q4_3,B1,q4-inheritance-v2,adjustment_time,1417.7268987037037,1417.7268987037037,0.0,0.4467,0.4467,633.2986056509444,633.2986056509444
2025-01-12,11,7,q4_3,B1,q4-inheritance-v2,adjustment_time,718.452909074074,718.452909074074,0.0,0.4722,0.4722,339.25346366477777,339.25346366477777
2025-01-12,11,8,q4_3,B1,q4-inheritance-v2,adjustment_time,0.0,0.0,0.0,0.5122,0.5122,0.0,0.0
2025-01-12,11,9,q4_3,B1,q4-inheritance-v2,adjustment_time,615.7854370370369,615.7854370370369,0.0,0.4602,0.4602,283.3844581244444,283.3844581244444
2025-01-12,11,10,q4_3,B1,q4-inheritance-v2,adjustment_time,1170.1411410390956,1170.1411410390956,0.0,0.4263,0.4263,498.83116842496645,498.83116842496645
2025-01-12,11,11,q4_3,B1,q4-inheritance-v2,adjustment_time,637.8969259259259,637.8969259259259,0.0,0.4659,0.4659,297.19617778888886,297.19617778888886
2025-01-12,11,12,q4_3,B1,q4-inheritance-v2,adjustment_time,779.5801901851852,779.5801901851852,0.0,0.5195,0.5195,404.9919088012037,404.9919088012037
2025-01-12,11,13,q4_3,B1,q4-inheritance-v2,adjustment_time,0.0,0.0,0.0,0.5156,0.5156,0.0,0.0
2025-01-12,11,14,q4_3,B1,q4-inheritance-v2,adjustment_time,762.4069351851851,762.4069351851851,0.0,0.4833,0.4833,368.471271775,368.471271775
2025-01-12,11,15,q4_3,B1,q4-inheritance-v2,adjustment_time,1021.2461745061728,1021.2461745061728,0.0,0.5119,0.5119,522.7759167297098,522.7759167297098
2025-01-12,11,16,q4_3,B1,q4-inheritance-v2,adjustment_time,786.9985331481483,786.9985331481483,0.0,0.528,0.528,415.5352255022223,415.5352255022223
2025-01-12,11,17,q4_3,B1,q4-inheritance-v2,adjustment_time,533.304720740741,533.304720740741,0.0,0.4997,0.4997,266.4923689541483,266.4923689541483
2025-01-12,11,18,q4_3,B1,q4-inheritance-v2,adjustment_time,722.5793075925925,722.5793075925925,0.0,0.4726,0.4726,341.49098076825925,341.49098076825925
2025-01-12,11,19,q4_3,B1,q4-inheritance-v2,adjustment_time,666.8949989814815,666.8949989814815,0.0,0.4663,0.4663,310.9731380250648,310.9731380250648
2025-01-12,11,20,q4_3,B1,q4-inheritance-v2,adjustment_time,337.5588459259265,337.5588459259265,0.0,0.4754,0.4754,160.47547535318546,160.47547535318546
2025-01-12,11,21,q4_3,B1,q4-inheritance-v2,adjustment_time,751.1393966666667,751.1393966666667,0.0,0.4758,0.4758,357.39212493400004,357.39212493400004
2025-01-12,11,22,q4_3,B1,q4-inheritance-v2,adjustment_time,745.5994455555555,745.5994455555555,0.0,0.445,0.445,331.7917532722222,331.7917532722222
2025-01-12,11,23,q4_3,B1,q4-inheritance-v2,adjustment_time,0.0,0.0,0.0,0.4341,0.4341,0.0,0.0
2025-01-12,11,24,q4_3,B1,q4-inheritance-v2,adjustment_time,642.1460658333333,642.1460658333333,0.0,0.5127,0.5127,329.22828795275,329.22828795275
2025-01-12,11,25,q4_3,B1,q4-inheritance-v2,adjustment_time,1300.9781409567904,1300.9781409567904,0.0,0.5411,0.5411,703.9592720717193,703.9592720717193
2025-01-12,11,26,q4_3,B1,q4-inheritance-v2,adjustment_time,569.0891196296303,569.0891196296303,0.0,0.4819,0.4819,274.2440467495189,274.2440467495189
2025-01-12,11,27,q4_3,B1,q4-inheritance-v2,adjustment_time,648.4132526851853,648.4132526851853,0.0,0.4407,0.4407,285.75572045836117,285.75572045836117
2025-01-12,11,28,q4_3,B1,q4-inheritance-v2,adjustment_time,13.248132592592697,13.248132592592697,0.0,0.472,0.472,6.253118583703753,6.253118583703753
2025-01-12,11,29,q4_3,B1,q4-inheritance-v2,adjustment_time,1483.3022685185183,1483.3022685185183,0.0,0.533,0.533,790.6001091203703,790.6001091203703
2025-01-12,11,30,q4_3,B1,q4-inheritance-v2,adjustment_time,649.4295799074075,649.4295799074075,0.0,0.5388,0.5388,349.9126576541111,349.9126576541111
2025-01-12,11,31,q4_3,B1,q4-inheritance-v2,adjustment_time,438.4388756481481,438.4388756481481,0.0,0.5579,0.5579,244.6050487241018,244.6050487241018
2025-01-12,11,32,q4_3,B1,q4-inheritance-v2,adjustment_time,749.916138888889,749.916138888889,0.0,0.5649,0.5649,423.6276268583334,423.6276268583334
2025-01-12,11,33,q4_3,B1,q4-inheritance-v2,adjustment_time,747.006647777778,747.006647777778,0.0,0.5007,0.5007,374.02622854233346,374.02622854233346
2025-01-12,11,34,q4_3,B1,q4-inheritance-v2,adjustment_time,723.5087283333332,723.5087283333332,0.0,0.6839,0.6839,494.8076193071666,494.8076193071666
2025-01-12,11,35,q4_3,B1,q4-inheritance-v2,adjustment_time,785.1433796296297,785.1433796296297,0.0,1.0205,1.0205,801.2388189120371,801.2388189120371
2025-01-12,11,36,q4_3,B1,q4-inheritance-v2,adjustment_time,776.4381251851851,776.4381251851851,0.0,1.0712,1.0205,831.7205196983701,831.7205196983701
2025-01-12,11,37,q4_3,B1,q4-inheritance-v2,adjustment_time,773.951969074074,773.9519690740739,-1.1368683772161603e-13,1.0385,1.0205,803.7491198834258,803.7491198834258
2025-01-12,11,38,q4_3,B1,q4-inheritance-v2,adjustment_time,802.079498148148,802.0794981481481,1.1368683772161603e-13,1.0745,1.0205,861.834420760185,861.8344207601853
2025-01-12,11,39,q4_3,B1,q4-inheritance-v2,adjustment_time,804.8982219444446,804.8982219444445,-1.1368683772161603e-13,1.1082,1.0205,891.9882095588335,891.9882095588335
2025-01-12,11,40,q4_3,B1,q4-inheritance-v2,adjustment_time,790.9033657407406,790.9033657407406,0.0,1.0508,1.0205,831.0812567203702,831.0812567203702
2025-01-12,11,41,q4_3,B1,q4-inheritance-v2,adjustment_time,0.0,0.0,0.0,0.966,1.0205,0.0,0.0
2025-01-12,11,42,q4_3,B1,q4-inheritance-v2,adjustment_time,796.3046640740743,796.3046640740744,1.1368683772161603e-13,1.003,1.0205,798.6935780662964,798.6935780662966
2025-01-12,11,43,q4_3,B1,q4-inheritance-v2,adjustment_time,769.259989351852,769.2599893518521,1.1368683772161603e-13,1.0369,1.0205,797.6456829589354,797.6456829589356
2025-01-12,11,44,q4_3,B1,q4-inheritance-v2,adjustment_time,673.7133175925925,673.7133175925925,0.0,0.9725,1.0205,655.1862013587962,655.1862013587962
2025-01-12,11,45,q4_3,B1,q4-inheritance-v2,adjustment_time,900.583443531148,900.583443531148,0.0,0.8814,1.0205,793.7742471283537,793.7742471283537
2025-01-12,11,46,q4_3,B1,q4-inheritance-v2,adjustment_time,652.1994914814817,652.1994914814817,0.0,1.0818,1.0205,705.5494098846669,705.5494098846669
2025-01-12,11,47,q4_3,B1,q4-inheritance-v2,adjustment_time,0.0,409.7894462962963,409.7894462962963,1.4302,1.0205,0.0,627.2851949180555
2025-01-12,11,48,q4_3,B1,q4-inheritance-v2,adjustment_time,0.0,375.13144731481475,375.13144731481475,1.447,1.0205,0.0,574.2324629771526
2025-01-12,11,49,q4_3,B1,q4-inheritance-v2,adjustment_time,0.0,286.16314675925923,286.16314675925923,1.3842,1.0205,0.0,438.04423690173604
2025-01-12,11,50,q4_3,B1,q4-inheritance-v2,adjustment_time,0.0,256.0187601851851,256.0187601851851,1.3797,1.0205,0.0,391.90071715347204
2025-01-12,11,51,q4_3,B1,q4-inheritance-v2,adjustment_time,0.0,0.0,0.0,1.3228,1.0205,0.0,0.0
2025-01-12,11,52,q4_3,B1,q4-inheritance-v2,adjustment_time,0.0,0.0,0.0,1.3107,1.0205,0.0,0.0
2025-01-12,11,53,q4_3,B1,q4-inheritance-v2,adjustment_time,0.0,48.75206481481496,48.75206481481496,1.3336,1.0205,0.0,74.627223215278
2025-01-12,11,54,q4_3,B1,q4-inheritance-v2,adjustment_time,0.0,38.81147472222233,38.81147472222233,1.2731,1.0205,0.0,59.41066493104182
2025-01-12,11,55,q4_3,B1,q4-inheritance-v2,adjustment_time,0.0,58.74420953703759,58.74420953703759,1.2172,1.0205,0.0,89.92269874882028
2025-01-12,11,56,q4_3,B1,q4-inheritance-v2,adjustment_time,0.0,48.68954537037018,48.68954537037018,1.2023,1.0205,0.0,74.53152157569416
2025-01-12,11,57,q4_3,B1,q4-inheritance-v2,adjustment_time,0.0,0.0,0.0,1.2001,1.0205,0.0,0.0
2025-01-12,11,58,q4_3,B1,q4-inheritance-v2,adjustment_time,0.0,0.0,0.0,1.3318,1.0205,0.0,0.0
2025-01-12,11,59,q4_3,B1,q4-inheritance-v2,adjustment_time,0.0,130.15333530738326,130.15333530738326,1.4993,1.0205,0.0,199.2322180217769
2025-01-12,11,60,q4_3,B1,q4-inheritance-v2,adjustment_time,0.0,241.95204055555553,241.95204055555553,1.4555,1.0205,0.0,370.36808608041656
2025-01-12,11,61,q4_3,B1,q4-inheritance-v2,adjustment_time,0.0,153.0941465740741,153.0941465740741,1.3814,1.0205,0.0,234.34886486826392
2025-01-12,11,62,q4_3,B1,q4-inheritance-v2,adjustment_time,0.0,106.55272222222209,106.55272222222209,1.4089,1.0205,0.0,163.10557954166643
2025-01-12,11,63,q4_3,B1,q4-inheritance-v2,adjustment_time,0.0,250.7557711854607,250.7557711854607,1.4511,1.0205,0.0,383.84439674214394
2025-01-12,11,64,q4_3,B1,q4-inheritance-v2,adjustment_time,0.0,88.12711378493745,88.12711378493745,1.2001,1.0205,0.0,134.90057942629298
2025-01-12,11,65,q4_3,B1,q4-inheritance-v2,adjustment_time,225.4293351851852,225.42933518518524,2.842170943040401e-14,0.7916,1.0205,178.4498617325926,178.44986173259267
2025-01-12,11,66,q4_3,B1,q4-inheritance-v2,adjustment_time,988.2722579629628,988.272257962963,1.1368683772161603e-13,0.6973,1.0205,689.122245477574,689.1222454775742
2025-01-12,11,67,q4_3,B1,q4-inheritance-v2,adjustment_time,1007.8016927777779,1007.8016927777779,0.0,0.7513,1.0205,757.1614117839446,757.1614117839446
2025-01-12,11,68,q4_3,B1,q4-inheritance-v2,adjustment_time,942.3327527777777,942.3327527777777,0.0,0.7761,1.0205,731.3444494308333,731.3444494308333
2025-01-12,11,69,q4_3,B1,q4-inheritance-v2,adjustment_time,946.9905887962963,946.9905887962964,1.1368683772161603e-13,0.7549,1.0205,714.883195482324,714.8831954823243
2025-01-12,11,70,q4_3,B1,q4-inheritance-v2,adjustment_time,939.843064814815,939.843064814815,0.0,0.7039,1.0205,661.5555333231482,661.5555333231482
2025-01-12,11,71,q4_3,B1,q4-inheritance-v2,adjustment_time,901.6293833333335,901.6293833333337,2.2737367544323206e-13,0.6739,0.6739,607.6080414283335,607.6080414283338
2025-01-12,11,72,q4_3,B1,q4-inheritance-v2,adjustment_time,993.9599890740739,993.9599890740737,-1.1368683772161603e-13,0.7144,0.6739,710.0850161945184,710.0850161945183
2025-01-12,11,73,q4_3,B1,q4-inheritance-v2,adjustment_time,926.9631849074074,926.9631849074073,-1.1368683772161603e-13,0.755,0.6739,699.8572046050925,699.8572046050925
2025-01-12,11,74,q4_3,B1,q4-inheritance-v2,adjustment_time,927.8183916666668,927.8183916666668,0.0,0.7122,0.6739,660.7922585450001,660.7922585450001
2025-01-12,11,75,q4_3,B1,q4-inheritance-v2,adjustment_time,918.4373153703702,918.4373153703702,0.0,0.6018,0.6739,552.7155763898888,552.7155763898888
2025-01-12,11,76,q4_3,B1,q4-inheritance-v2,adjustment_time,378.90152956790024,378.9015295679003,5.684341886080802e-14,0.7462,0.6739,282.73632136356713,282.7363213635672
2025-01-12,11,77,q4_3,B1,q4-inheritance-v2,adjustment_time,0.0,0.0,0.0,1.0665,0.6739,0.0,0.0
2025-01-12,11,78,q4_3,B1,q4-inheritance-v2,adjustment_time,0.0,0.0,0.0,1.1375,0.6739,0.0,0.0
2025-01-12,11,79,q4_3,B1,q4-inheritance-v2,adjustment_time,49.560328138891165,49.56032813889115,-1.4210854715202004e-14,1.0536,0.6739,52.21676172713573,52.216761727135726
2025-01-12,11,80,q4_3,B1,q4-inheritance-v2,adjustment_time,0.0,0.0,0.0,0.9966,0.6739,0.0,0.0
2025-01-12,11,81,q4_3,B1,q4-inheritance-v2,adjustment_time,282.01345009259285,282.01345009259273,-1.1368683772161603e-13,1.0651,0.6739,300.3725256936206,300.37252569362056
2025-01-12,11,82,q4_3,B1,q4-inheritance-v2,adjustment_time,0.0,0.0,0.0,1.2174,0.6739,0.0,0.0
2025-01-12,11,83,q4_3,B1,q4-inheritance-v2,adjustment_time,0.0,0.0,0.0,1.351,0.6739,0.0,0.0
2025-01-12,11,84,q4_3,B1,q4-inheritance-v2,adjustment_time,0.0,0.0,0.0,1.3779,0.6739,0.0,0.0
2025-01-12,11,85,q4_3,B1,q4-inheritance-v2,adjustment_time,0.0,0.0,0.0,1.3703,0.6739,0.0,0.0
2025-01-12,11,86,q4_3,B1,q4-inheritance-v2,adjustment_time,0.0,0.0,0.0,1.4206,0.6739,0.0,0.0
2025-01-12,11,87,q4_3,B1,q4-inheritance-v2,adjustment_time,0.0,0.0,0.0,1.5072,0.6739,0.0,0.0
2025-01-12,11,88,q4_3,B1,q4-inheritance-v2,adjustment_time,0.0,0.0,0.0,1.26,0.6739,0.0,0.0
2025-01-12,11,89,q4_3,B1,q4-inheritance-v2,adjustment_time,614.1484,614.1483999999999,-1.1368683772161603e-13,0.8497,0.6739,521.8418954800001,521.84189548
2025-01-12,11,90,q4_3,B1,q4-inheritance-v2,adjustment_time,1342.0697549074075,1342.0697549074073,-2.2737367544323206e-13,0.85,0.6739,1140.7592916712963,1140.759291671296
2025-01-12,11,91,q4_3,B1,q4-inheritance-v2,adjustment_time,1344.5854095370369,1344.5854095370366,-2.2737367544323206e-13,0.9535,0.6739,1282.0621879935647,1282.0621879935645
2025-01-12,11,92,q4_3,B1,q4-inheritance-v2,adjustment_time,1346.554061111111,1346.5540611111107,-2.2737367544323206e-13,0.9526,0.6739,1282.7273986144444,1282.7273986144442
2025-01-12,11,93,q4_3,B1,q4-inheritance-v2,adjustment_time,1378.232766111111,1378.2327661111108,-2.2737367544323206e-13,0.9499,0.6739,1309.1833045289443,1309.183304528944
2025-01-12,11,94,q4_3,B1,q4-inheritance-v2,adjustment_time,971.8227762037036,971.8227762037033,-3.410605131648481e-13,0.9784,0.6739,950.8314042377036,950.8314042377034
2025-01-12,11,95,q4_3,B1,q4-inheritance-v2,adjustment_time,967.0561055555554,967.0561055555553,-1.1368683772161603e-13,1.0304,0.6739,996.4546111644443,996.4546111644441
2025-01-12,11,96,q4_3,B1,q4-inheritance-v2,adjustment_time,711.9201725000001,711.9201724999999,-2.2737367544323206e-13,1.0778,0.6739,767.3075619205002,767.3075619205001
2025-01-12,11,97,q4_3,B1,q4-inheritance-v2,adjustment_time,709.6720394444442,709.6720394444441,-1.1368683772161603e-13,1.0893,0.6739,773.045752566833,773.0457525668329
2025-01-12,11,98,q4_3,B1,q4-inheritance-v2,adjustment_time,745.7303333333334,745.7303333333333,-1.1368683772161603e-13,1.0799,0.6739,805.3141869666669,805.3141869666667
2025-01-12,11,99,q4_3,B1,q4-inheritance-v2,adjustment_time,46.41952796296289,46.419527962962874,-1.4210854715202004e-14,1.0966,0.6739,50.9036543641851,50.903654364185094
2025-01-12,11,100,q4_3,B1,q4-inheritance-v2,adjustment_time,873.5647480555555,873.5647480555551,-3.410605131648481e-13,1.1299,0.6739,987.040808827972,987.0408088279718
2025-01-12,11,101,q4_3,B1,q4-inheritance-v2,adjustment_time,1282.5778777777778,1282.5778777777773,-4.547473508864641e-13,1.1547,0.6739,1480.99267547,1480.9926754699998
2025-01-12,11,102,q4_3,B1,q4-inheritance-v2,adjustment_time,1061.328341728395,1061.3283417283947,-2.2737367544323206e-13,1.1559,0.6739,1226.7894302038517,1226.7894302038512
2025-01-12,11,103,q4_3,B1,q4-inheritance-v2,adjustment_time,834.6896584259262,834.689658425926,-1.1368683772161603e-13,1.16,0.6739,968.2400037740742,968.2400037740741
2025-01-12,11,104,q4_3,B1,q4-inheritance-v2,adjustment_time,886.6280277777777,886.6280277777774,-2.2737367544323206e-13,1.1591,0.6739,1027.690546997222,1027.6905469972219
2025-01-12,11,105,q4_3,B1,q4-inheritance-v2,adjustment_time,922.1262063888892,922.126206388889,-1.1368683772161603e-13,1.1347,0.6739,1046.3366063894725,1046.3366063894725
2025-01-12,11,106,q4_3,B1,q4-inheritance-v2,adjustment_time,778.8823738888891,778.882373888889,-1.1368683772161603e-13,1.1982,0.6739,933.2568603936669,933.2568603936668
2025-01-12,11,107,q4_3,B1,q4-inheritance-v2,adjustment_time,574.8378609166676,574.8378609166676,0.0,1.3054,1.3054,750.3933436406179,750.3933436406179
2025-01-12,11,108,q4_3,B1,q4-inheritance-v2,adjustment_time,625.7638073148147,625.7638073148147,0.0,1.2953,1.3054,810.5518596148794,810.5518596148794
2025-01-12,11,109,q4_3,B1,q4-inheritance-v2,adjustment_time,639.7820829629629,639.782082962963,1.1368683772161603e-13,1.2879,1.3054,823.975344648,823.9753446480003
2025-01-12,11,110,q4_3,B1,q4-inheritance-v2,adjustment_time,600.4751409166662,600.4751409166662,0.0,1.294,1.3054,777.014832346166,777.014832346166
2025-01-12,11,111,q4_3,B1,q4-inheritance-v2,adjustment_time,641.0184800000001,641.0184800000001,0.0,1.2309,1.3054,789.0296470320002,789.0296470320002
2025-01-12,11,112,q4_3,B1,q4-inheritance-v2,adjustment_time,632.2353616666667,632.2353616666668,1.1368683772161603e-13,1.3501,1.3054,853.5809617861668,853.580961786167
2025-01-12,11,113,q4_3,B1,q4-inheritance-v2,adjustment_time,70.84340740740743,70.84340740740743,0.0,1.5875,1.3054,112.46390925925928,112.46390925925928
2025-01-12,11,114,q4_3,B1,q4-inheritance-v2,adjustment_time,58.39233407407403,58.39233407407403,0.0,1.5957,1.3054,93.17664748199992,93.17664748199992
2025-01-12,11,115,q4_3,B1,q4-inheritance-v2,adjustment_time,3.483061203703869,3.483061203703869,0.0,1.4953,1.3054,5.208221417898396,5.208221417898396
2025-01-12,11,116,q4_3,B1,q4-inheritance-v2,adjustment_time,0.0,0.0,0.0,1.4438,1.3054,0.0,0.0
2025-01-12,11,117,q4_3,B1,q4-inheritance-v2,adjustment_time,58.92000379629633,58.92000379629633,0.0,1.4763,1.3054,86.98360160447227,86.98360160447227
2025-01-12,11,118,q4_3,B1,q4-inheritance-v2,adjustment_time,80.25252194444465,80.25252194444465,0.0,1.4823,1.3054,118.9583132782503,118.9583132782503
2025-01-12,11,119,q4_3,B1,q4-inheritance-v2,adjustment_time,0.0,0.0,0.0,1.4555,1.3054,0.0,0.0
2025-01-12,11,120,q4_3,B1,q4-inheritance-v2,adjustment_time,0.0,0.0,0.0,1.4884,1.3054,0.0,0.0
2025-01-12,11,121,q4_3,B1,q4-inheritance-v2,adjustment_time,0.0,0.0,0.0,1.5126,1.3054,0.0,0.0
2025-01-12,11,122,q4_3,B1,q4-inheritance-v2,adjustment_time,52.680120370370446,571.0549796975195,518.374859327149,1.5448,1.3054,81.38024994814826,1096.4100619966387
2025-01-12,11,123,q4_3,B1,q4-inheritance-v2,adjustment_time,0.0,580.8157798148146,580.8157798148146,1.6226,1.3054,0.0,1137.2953784553886
2025-01-12,11,124,q4_3,B1,q4-inheritance-v2,adjustment_time,638.4394343518518,638.4394343518518,0.0,1.3842,1.3054,883.7278650298333,883.7278650298333
2025-01-12,11,125,q4_3,B1,q4-inheritance-v2,adjustment_time,840.8354537037036,840.8354537037036,0.0,0.9591,1.3054,806.445283647222,806.445283647222
2025-01-12,11,126,q4_3,B1,q4-inheritance-v2,adjustment_time,1456.6377782407408,1456.6377782407408,0.0,0.8784,1.3054,1279.5106244066667,1279.5106244066667
2025-01-12,11,127,q4_3,B1,q4-inheritance-v2,adjustment_time,853.1445492592594,853.1445492592594,0.0,0.9194,1.3054,784.3810985889631,784.3810985889631
2025-01-12,11,128,q4_3,B1,q4-inheritance-v2,adjustment_time,544.8942743518517,544.8942743518517,0.0,0.9425,1.3054,513.5628535766202,513.5628535766202
2025-01-12,11,129,q4_3,B1,q4-inheritance-v2,adjustment_time,681.5561566666667,681.5561566666668,1.1368683772161603e-13,0.9976,1.3054,679.9204218906667,679.920421890667
2025-01-12,11,130,q4_3,B1,q4-inheritance-v2,adjustment_time,799.365337314815,799.3653373148151,1.1368683772161603e-13,0.8041,1.3054,642.7696677348428,642.769667734843
2025-01-12,11,131,q4_3,B1,q4-inheritance-v2,adjustment_time,1266.853111111111,1266.853111111111,0.0,0.4677,1.3054,592.5072000666667,592.5072000666667
2025-01-12,11,132,q4_3,B1,q4-inheritance-v2,adjustment_time,1266.4089983333333,1266.408998333333,-2.2737367544323206e-13,0.409,1.3054,517.9612803183333,517.9612803183334
2025-01-12,11,133,q4_3,B1,q4-inheritance-v2,adjustment_time,480.6718058333333,480.67180583333317,-1.1368683772161603e-13,0.4283,1.3054,205.87173443841664,205.8717344384167
2025-01-12,11,134,q4_3,B1,q4-inheritance-v2,adjustment_time,1327.540611111111,1327.540611111111,0.0,0.4059,1.3054,538.84873405,538.84873405
2025-01-12,11,135,q4_3,B1,q4-inheritance-v2,adjustment_time,651.7234608333334,651.7234608333334,0.0,0.4267,1.3054,278.09040073758337,278.09040073758337
2025-01-12,11,136,q4_3,B1,q4-inheritance-v2,adjustment_time,520.8507378703704,520.8507378703704,0.0,0.4372,1.3054,227.7159425969259,227.7159425969259
2025-01-12,11,137,q4_3,B1,q4-inheritance-v2,adjustment_time,566.59925,566.5992499999999,-1.1368683772161603e-13,0.4352,1.3054,246.58399359999999,246.5839936
2025-01-12,11,138,q4_3,B1,q4-inheritance-v2,adjustment_time,646.3215041666666,646.3215041666665,-1.1368683772161603e-13,0.4689,1.3054,303.06015330375,303.06015330375
2025-01-12,11,139,q4_3,B1,q4-inheritance-v2,adjustment_time,525.2455913888891,525.2455913888891,0.0,0.4409,1.3054,231.58078124336123,231.58078124336123
2025-01-12,11,140,q4_3,B1,q4-inheritance-v2,adjustment_time,531.9435833333333,531.9435833333333,0.0,0.3872,1.3054,205.96855546666666,205.96855546666666
2025-01-12,11,141,q4_3,B1,q4-inheritance-v2,adjustment_time,383.64602231481496,383.64602231481496,0.0,0.4415,1.3054,169.37971885199082,169.37971885199082
2025-01-12,11,142,q4_3,B1,q4-inheritance-v2,adjustment_time,456.80132759259243,456.80132759259243,0.0,0.4556,1.3054,208.11868485118512,208.11868485118512
2025-01-12,11,143,q4_3,B1,q4-inheritance-v2,adjustment_time,0.0,0.0,0.0,0.4287,1.3054,0.0,0.0
2025-01-13,12,0,q4_3,B1,q4-inheritance-v2,adjustment_time,1459.7441915740742,1459.7441915740742,0.0,0.5009,0.5009,731.1858655594538,731.1858655594538
2025-01-13,12,1,q4_3,B1,q4-inheritance-v2,adjustment_time,1458.4229929629632,1458.4229929629632,0.0,0.5089,0.5089,742.191461118852,742.191461118852
2025-01-13,12,2,q4_3,B1,q4-inheritance-v2,adjustment_time,1433.7025185185184,1433.7025185185184,0.0,0.4335,0.4335,621.5100417777777,621.5100417777777
2025-01-13,12,3,q4_3,B1,q4-inheritance-v2,adjustment_time,1450.7162732407407,1450.7162732407407,0.0,0.4309,0.4309,625.1136421394352,625.1136421394352
2025-01-13,12,4,q4_3,B1,q4-inheritance-v2,adjustment_time,784.7075478703703,784.7075478703703,0.0,0.4676,0.4676,366.92924938418514,366.92924938418514
2025-01-13,12,5,q4_3,B1,q4-inheritance-v2,adjustment_time,662.1653796296296,662.1653796296296,0.0,0.4793,0.4793,317.37586645648145,317.37586645648145
2025-01-13,12,6,q4_3,B1,q4-inheritance-v2,adjustment_time,1450.722569537037,1450.722569537037,0.0,0.4462,0.4462,647.312410527426,647.312410527426
2025-01-13,12,7,q4_3,B1,q4-inheritance-v2,adjustment_time,766.8095957407407,766.8095957407407,0.0,0.4467,0.4467,342.5338464173889,342.5338464173889
2025-01-13,12,8,q4_3,B1,q4-inheritance-v2,adjustment_time,567.8517316992849,567.8517316992849,0.0,0.4926,0.4926,279.7237630350677,279.7237630350677
2025-01-13,12,9,q4_3,B1,q4-inheritance-v2,adjustment_time,766.4337732407406,766.4337732407406,0.0,0.5108,0.5108,391.49437137137033,391.49437137137033
2025-01-13,12,10,q4_3,B1,q4-inheritance-v2,adjustment_time,1494.8263980555553,1494.8263980555553,0.0,0.4546,0.4546,679.5480805560554,679.5480805560554
2025-01-13,12,11,q4_3,B1,q4-inheritance-v2,adjustment_time,1518.203925925926,1518.203925925926,0.0,0.3893,0.3893,591.036788362963,591.036788362963
2025-01-13,12,12,q4_3,B1,q4-inheritance-v2,adjustment_time,817.8455260185186,817.8455260185186,0.0,0.4316,0.4316,352.9821290295926,352.9821290295926
2025-01-13,12,13,q4_3,B1,q4-inheritance-v2,adjustment_time,671.1764463888888,671.1764463888888,0.0,0.4906,0.4906,329.27916459838883,329.27916459838883
2025-01-13,12,14,q4_3,B1,q4-inheritance-v2,adjustment_time,693.7937685185186,693.7937685185186,0.0,0.4925,0.4925,341.6934309953704,341.6934309953704
2025-01-13,12,15,q4_3,B1,q4-inheritance-v2,adjustment_time,670.2704796296297,670.2704796296297,0.0,0.4529,0.4529,303.5655002242593,303.5655002242593
2025-01-13,12,16,q4_3,B1,q4-inheritance-v2,adjustment_time,825.7864656481482,825.7864656481482,0.0,0.4605,0.4605,380.2746674309723,380.2746674309723
2025-01-13,12,17,q4_3,B1,q4-inheritance-v2,adjustment_time,1477.4489907407406,1477.4489907407406,0.0,0.5043,0.5043,745.0775260305554,745.0775260305554
2025-01-13,12,18,q4_3,B1,q4-inheritance-v2,adjustment_time,696.6139005555558,696.6139005555558,0.0,0.4949,0.4949,344.7542193849446,344.7542193849446
2025-01-13,12,19,q4_3,B1,q4-inheritance-v2,adjustment_time,0.0,0.0,0.0,0.4916,0.4916,0.0,0.0
2025-01-13,12,20,q4_3,B1,q4-inheritance-v2,adjustment_time,0.0,0.0,0.0,0.4889,0.4889,0.0,0.0
2025-01-13,12,21,q4_3,B1,q4-inheritance-v2,adjustment_time,805.8568816666668,805.8568816666668,0.0,0.4324,0.4324,348.45251563266675,348.45251563266675
2025-01-13,12,22,q4_3,B1,q4-inheritance-v2,adjustment_time,803.9149197222222,803.9149197222222,0.0,0.4739,0.4739,380.9752804563611,380.9752804563611
2025-01-13,12,23,q4_3,B1,q4-inheritance-v2,adjustment_time,829.0860740740741,829.0860740740741,0.0,0.5849,0.5849,484.9324447259259,484.9324447259259
2025-01-13,12,24,q4_3,B1,q4-inheritance-v2,adjustment_time,865.080519074074,865.080519074074,0.0,0.575,0.575,497.4212984675925,497.4212984675925
2025-01-13,12,25,q4_3,B1,q4-inheritance-v2,adjustment_time,838.9952525925926,838.9952525925926,0.0,0.533,0.533,447.18446963185187,447.18446963185187
2025-01-13,12,26,q4_3,B1,q4-inheritance-v2,adjustment_time,0.0,0.0,0.0,0.5326,0.5326,0.0,0.0
2025-01-13,12,27,q4_3,B1,q4-inheritance-v2,adjustment_time,698.5459368518518,698.5459368518518,0.0,0.5487,0.5487,383.2921555506111,383.2921555506111
2025-01-13,12,28,q4_3,B1,q4-inheritance-v2,adjustment_time,1476.5127013888887,1476.5127013888887,0.0,0.5152,0.5152,760.6993437555554,760.6993437555554
2025-01-13,12,29,q4_3,B1,q4-inheritance-v2,adjustment_time,1517.047101851852,1517.047101851852,0.0,0.4736,0.4736,718.4735074370371,718.4735074370371
2025-01-13,12,30,q4_3,B1,q4-inheritance-v2,adjustment_time,758.1292074074072,758.1292074074072,0.0,0.5274,0.5274,399.83734398666655,399.83734398666655
2025-01-13,12,31,q4_3,B1,q4-inheritance-v2,adjustment_time,777.3894934259258,777.3894934259258,0.0,0.5622,0.5622,437.0483732040555,437.0483732040555
2025-01-13,12,32,q4_3,B1,q4-inheritance-v2,adjustment_time,724.8899166666666,724.8899166666666,0.0,0.4889,0.4889,354.39868025833334,354.39868025833334
2025-01-13,12,33,q4_3,B1,q4-inheritance-v2,adjustment_time,875.0901692283956,875.0901692283956,0.0,0.3812,0.3812,333.58437250986435,333.58437250986435
2025-01-13,12,34,q4_3,B1,q4-inheritance-v2,adjustment_time,789.5972791666666,789.5972791666666,0.0,0.6106,0.6106,482.12809865916665,482.12809865916665
2025-01-13,12,35,q4_3,B1,q4-inheritance-v2,adjustment_time,895.3183796296298,895.3183796296298,0.0,1.0241,1.0241,916.8955525787039,916.8955525787039
2025-01-13,12,36,q4_3,B1,q4-inheritance-v2,adjustment_time,889.5031012962963,889.5031012962962,-1.1368683772161603e-13,1.0755,1.0241,956.6605854441666,956.6605854441666
2025-01-13,12,37,q4_3,B1,q4-inheritance-v2,adjustment_time,891.1793746296295,891.1793746296296,1.1368683772161603e-13,1.0265,1.0241,914.7956280573146,914.7956280573148
2025-01-13,12,38,q4_3,B1,q4-inheritance-v2,adjustment_time,933.5522898148148,933.5522898148147,-1.1368683772161603e-13,1.0571,1.0241,986.8581255632406,986.8581255632406
2025-01-13,12,39,q4_3,B1,q4-inheritance-v2,adjustment_time,427.9312006481485,427.93120064814855,5.684341886080802e-14,1.0704,1.0241,458.05755717377815,458.05755717377826
2025-01-13,12,40,q4_3,B1,q4-inheritance-v2,adjustment_time,113.61235046296292,113.61235046296294,1.4210854715202004e-14,1.0265,1.0241,116.62307775023143,116.62307775023146
2025-01-13,12,41,q4_3,B1,q4-inheritance-v2,adjustment_time,68.46202222222223,68.46202222222223,0.0,0.9985,1.0241,68.3593291888889,68.3593291888889
2025-01-13,12,42,q4_3,B1,q4-inheritance-v2,adjustment_time,1051.309864351852,1051.309864351852,0.0,1.0841,1.0241,1139.7250239438429,1139.7250239438429
2025-01-13,12,43,q4_3,B1,q4-inheritance-v2,adjustment_time,1053.3665753703704,1053.3665753703704,0.0,1.1031,1.0241,1161.9686692910554,1161.9686692910554
2025-01-13,12,44,q4_3,B1,q4-inheritance-v2,adjustment_time,1608.130625925926,1608.130625925926,0.0,0.9731,1.0241,1564.8719120885187,1564.8719120885187
2025-01-13,12,45,q4_3,B1,q4-inheritance-v2,adjustment_time,1498.3049705555559,1498.3049705555559,0.0,0.8401,1.0241,1258.7260057637225,1258.7260057637225
2025-01-13,12,46,q4_3,B1,q4-inheritance-v2,adjustment_time,1126.3611178703704,1126.3611178703704,0.0,1.066,1.0241,1200.700951649815,1200.700951649815
2025-01-13,12,47,q4_3,B1,q4-inheritance-v2,adjustment_time,135.9923500000001,135.99235000000007,-2.842170943040401e-14,1.4618,1.0241,198.79361723000014,198.79361723000014
2025-01-13,12,48,q4_3,B1,q4-inheritance-v2,adjustment_time,114.69387731481493,114.69387731481496,2.842170943040401e-14,1.4538,1.0241,166.74195884027793,166.741958840278
2025-01-13,12,49,q4_3,B1,q4-inheritance-v2,adjustment_time,68.82544777777798,68.825447777778,1.4210854715202004e-14,1.3274,1.0241,91.35889938022248,91.35889938022251
2025-01-13,12,50,q4_3,B1,q4-inheritance-v2,adjustment_time,84.47454722222221,84.4745472222222,-1.4210854715202004e-14,1.2934,1.0241,109.25937937722222,109.25937937722222
2025-01-13,12,51,q4_3,B1,q4-inheritance-v2,adjustment_time,19.492961574073888,19.492961574073888,0.0,1.2814,1.0241,24.97828096101828,24.97828096101828
2025-01-13,12,52,q4_3,B1,q4-inheritance-v2,adjustment_time,0.0,0.0,0.0,1.2824,1.0241,0.0,0.0
2025-01-13,12,53,q4_3,B1,q4-inheritance-v2,adjustment_time,0.0,0.0,0.0,1.2905,1.0241,0.0,0.0
2025-01-13,12,54,q4_3,B1,q4-inheritance-v2,adjustment_time,138.30962593729168,138.3096259372917,2.842170943040401e-14,1.2861,1.0241,177.88000991795084,177.8800099179509
2025-01-13,12,55,q4_3,B1,q4-inheritance-v2,adjustment_time,586.0232446296297,586.0232446296297,0.0,1.2579,1.0241,737.1586394196113,737.1586394196113
2025-01-13,12,56,q4_3,B1,q4-inheritance-v2,adjustment_time,612.7381759259265,612.7381759259265,0.0,1.2228,1.0241,749.256241522223,749.256241522223
2025-01-13,12,57,q4_3,B1,q4-inheritance-v2,adjustment_time,573.0389552777777,573.0389552777777,0.0,1.2248,1.0241,701.8581124242222,701.8581124242222
2025-01-13,12,58,q4_3,B1,q4-inheritance-v2,adjustment_time,0.0,0.0,0.0,1.3054,1.0241,0.0,0.0
2025-01-13,12,59,q4_3,B1,q4-inheritance-v2,adjustment_time,0.0,0.0,0.0,1.395,1.0241,0.0,0.0
2025-01-13,12,60,q4_3,B1,q4-inheritance-v2,adjustment_time,0.0,0.0,0.0,1.3755,1.0241,0.0,0.0
2025-01-13,12,61,q4_3,B1,q4-inheritance-v2,adjustment_time,0.0,0.0,0.0,1.3715,1.0241,0.0,0.0
2025-01-13,12,62,q4_3,B1,q4-inheritance-v2,adjustment_time,0.0,0.0,0.0,1.4219,1.0241,0.0,0.0
2025-01-13,12,63,q4_3,B1,q4-inheritance-v2,adjustment_time,0.0,0.0,0.0,1.4003,1.0241,0.0,0.0
2025-01-13,12,64,q4_3,B1,q4-inheritance-v2,adjustment_time,328.5964739814817,328.5964739814817,0.0,1.1272,1.0241,370.3939454719262,370.3939454719262
2025-01-13,12,65,q4_3,B1,q4-inheritance-v2,adjustment_time,381.6784851851853,381.6784851851853,0.0,0.7832,1.0241,298.9305895970371,298.9305895970371
2025-01-13,12,66,q4_3,B1,q4-inheritance-v2,adjustment_time,1099.4802910185183,1099.4802910185183,0.0,0.7498,1.0241,824.390322205685,824.390322205685
2025-01-13,12,67,q4_3,B1,q4-inheritance-v2,adjustment_time,1115.733708055556,1115.733708055556,0.0,0.7374,1.0241,822.742036320167,822.742036320167
2025-01-13,12,68,q4_3,B1,q4-inheritance-v2,adjustment_time,1095.0968777777782,1095.0968777777782,0.0,0.6724,1.0241,736.3431406177781,736.3431406177781
2025-01-13,12,69,q4_3,B1,q4-inheritance-v2,adjustment_time,1095.579060185185,1095.5790601851852,2.2737367544323206e-13,0.7555,1.0241,827.7099799699072,827.7099799699075
2025-01-13,12,70,q4_3,B1,q4-inheritance-v2,adjustment_time,1031.6383622816593,1031.6383622816593,0.0,0.7486,1.0241,772.2844780040501,772.2844780040501
2025-01-13,12,71,q4_3,B1,q4-inheritance-v2,adjustment_time,1061.4013685185187,1061.401368518519,2.2737367544323206e-13,0.6466,0.6466,686.3021248840741,686.3021248840744
2025-01-13,12,72,q4_3,B1,q4-inheritance-v2,adjustment_time,1087.7468121296297,834.2618520449813,-253.48496008464838,0.6861,0.6466,746.303087802139,654.3387442834286
2025-01-13,12,73,q4_3,B1,q4-inheritance-v2,adjustment_time,1120.158543148148,1120.158543148148,0.0,0.6914,0.6466,774.4776167326296,774.4776167326296
2025-01-13,12,74,q4_3,B1,q4-inheritance-v2,adjustment_time,1012.9446750000002,1012.9446750000003,1.1368683772161603e-13,0.6077,0.6466,615.5664789975001,615.5664789975002
2025-01-13,12,75,q4_3,B1,q4-inheritance-v2,adjustment_time,1160.336822222222,1152.7258407407405,-7.610981481481531,0.5924,0.6466,687.3835334844443,685.3354183677777
2025-01-13,12,76,q4_3,B1,q4-inheritance-v2,adjustment_time,967.6989598148148,381.6437237037038,-586.055236111111,0.7348,0.6466,711.065195671926,469.9034660122037
2025-01-13,12,77,q4_3,B1,q4-inheritance-v2,adjustment_time,200.90261666666686,0.0,-200.90261666666686,0.9443,0.6466,189.71234091833352,64.95181596833339
2025-01-13,12,78,q4_3,B1,q4-inheritance-v2,adjustment_time,208.79060055555544,0.0,-208.79060055555544,1.0326,0.6466,215.59717413366656,67.50200115961107
2025-01-13,12,79,q4_3,B1,q4-inheritance-v2,adjustment_time,201.0212636111118,0.0,-201.0212636111118,1.0609,0.6466,213.26345856502851,64.99017452547244
2025-01-13,12,80,q4_3,B1,q4-inheritance-v2,adjustment_time,253.14503333333369,0.0,-253.14503333333369,1.0771,0.6466,272.6625154033337,81.84178927666677
2025-01-13,12,81,q4_3,B1,q4-inheritance-v2,adjustment_time,392.97857287037084,0.0,-392.97857287037084,1.0814,0.6466,424.967028702019,127.04997260899088
2025-01-13,12,82,q4_3,B1,q4-inheritance-v2,adjustment_time,0.0,0.0,0.0,1.1818,0.6466,0.0,0.0
2025-01-13,12,83,q4_3,B1,q4-inheritance-v2,adjustment_time,0.0,0.0,0.0,1.3414,0.6466,0.0,0.0
2025-01-13,12,84,q4_3,B1,q4-inheritance-v2,adjustment_time,0.0,0.0,0.0,1.3945,0.6466,0.0,0.0
2025-01-13,12,85,q4_3,B1,q4-inheritance-v2,adjustment_time,0.0,0.0,0.0,1.354,0.6466,0.0,0.0
2025-01-13,12,86,q4_3,B1,q4-inheritance-v2,adjustment_time,0.0,0.0,0.0,1.3589,0.6466,0.0,0.0
2025-01-13,12,87,q4_3,B1,q4-inheritance-v2,adjustment_time,0.0,0.0,0.0,1.4891,0.6466,0.0,0.0
2025-01-13,12,88,q4_3,B1,q4-inheritance-v2,adjustment_time,0.0,9.131402685185208,9.131402685185208,1.3007,0.6466,0.0,8.856547464361133
2025-01-13,12,89,q4_3,B1,q4-inheritance-v2,adjustment_time,1427.1060870370368,1403.6514537037035,-23.454633333333277,0.8983,0.6466,1281.96939798537,1268.4829838187036
2025-01-13,12,90,q4_3,B1,q4-inheritance-v2,adjustment_time,1484.0326071296295,1484.0326071296292,-2.2737367544323206e-13,0.8592,0.6466,1275.0808160457775,1275.0808160457773
2025-01-13,12,91,q4_3,B1,q4-inheritance-v2,adjustment_time,1485.7741281481483,1485.7741281481487,4.547473508864641e-13,0.9434,0.6466,1401.6793124949631,1401.6793124949636
2025-01-13,12,92,q4_3,B1,q4-inheritance-v2,adjustment_time,1494.8792527777778,1494.879252777778,2.2737367544323206e-13,0.96,0.6466,1435.0840826666665,1435.0840826666667
2025-01-13,12,93,q4_3,B1,q4-inheritance-v2,adjustment_time,912.8059950308681,752.0819401954751,-160.72405483539296,0.9669,0.6466,882.5921165953463,779.1501149032874
2025-01-13,12,94,q4_3,B1,q4-inheritance-v2,adjustment_time,1173.7882389814815,1085.9844612037039,-87.80377777777767,0.974,0.6466,1143.269744767963,1086.135826567963
2025-01-13,12,95,q4_3,B1,q4-inheritance-v2,adjustment_time,1593.2807611111111,1086.2070388888887,-507.0737222222224,0.9903,0.6466,1577.8259377283332,1239.607765006111
2025-01-13,12,96,q4_3,B1,q4-inheritance-v2,adjustment_time,932.6372191666666,871.935513611111,-60.70170555555558,1.0208,0.6466,952.0360733253332,909.6966337003331
2025-01-13,12,97,q4_3,B1,q4-inheritance-v2,adjustment_time,934.0391527777783,889.0026591666666,-45.03649361111172,1.0047,0.6466,938.4291367958339,907.7412700492223
2025-01-13,12,98,q4_3,B1,q4-inheritance-v2,adjustment_time,708.8008178148148,708.8008178148152,4.547473508864641e-13,0.999,0.6466,708.092016997,708.0920169970004
2025-01-13,12,99,q4_3,B1,q4-inheritance-v2,adjustment_time,222.07228296296284,222.07228296296302,1.7053025658242404e-13,1.117,0.6466,248.0547400696295,248.05474006962967
2025-01-13,12,100,q4_3,B1,q4-inheritance-v2,adjustment_time,1070.3497487962964,1070.349748796297,6.821210263296962e-13,1.1698,0.6466,1252.0951361419075,1252.0951361419081
2025-01-13,12,101,q4_3,B1,q4-inheritance-v2,adjustment_time,1500.0246277777778,1500.0246277777785,6.821210263296962e-13,1.1193,0.6466,1678.9775658716667,1678.9775658716674
2025-01-13,12,102,q4_3,B1,q4-inheritance-v2,adjustment_time,1507.081166944444,1507.0811669444447,6.821210263296962e-13,1.1142,0.6466,1679.1898362094996,1679.1898362095003
2025-01-13,12,103,q4_3,B1,q4-inheritance-v2,adjustment_time,1030.3254717592595,1030.3254717592597,2.2737367544323206e-13,1.1398,0.6466,1174.3649727112038,1174.364972711204
2025-01-13,12,104,q4_3,B1,q4-inheritance-v2,adjustment_time,1036.883002798353,1036.8830027983533,4.547473508864641e-13,1.1318,0.6466,1173.5441825671758,1173.5441825671762
2025-01-13,12,105,q4_3,B1,q4-inheritance-v2,adjustment_time,1099.155953888889,1099.1559538888891,2.2737367544323206e-13,1.0724,0.6466,1178.7348449504445,1178.7348449504448
2025-01-13,12,106,q4_3,B1,q4-inheritance-v2,adjustment_time,907.6587569444443,907.6587569444451,7.958078640513122e-13,1.1422,0.6466,1036.7278321819444,1036.7278321819451
2025-01-13,12,107,q4_3,B1,q4-inheritance-v2,adjustment_time,0.0,0.0,0.0,1.297,1.297,0.0,0.0
2025-01-13,12,108,q4_3,B1,q4-inheritance-v2,adjustment_time,700.6429290740741,700.6429290740742,1.1368683772161603e-13,1.304,1.297,913.6383795125927,913.6383795125929
2025-01-13,12,109,q4_3,B1,q4-inheritance-v2,adjustment_time,928.8464318518519,928.8464318518519,0.0,1.2716,1.297,1181.121122742815,1181.121122742815
2025-01-13,12,110,q4_3,B1,q4-inheritance-v2,adjustment_time,722.1257129629631,722.1257129629632,1.1368683772161603e-13,1.2629,1.297,911.972562900926,911.9725629009263
2025-01-13,12,111,q4_3,B1,q4-inheritance-v2,adjustment_time,1131.2332114300427,1131.2332114300427,0.0,1.2433,1.297,1406.4622517709722,1406.4622517709722
2025-01-13,12,112,q4_3,B1,q4-inheritance-v2,adjustment_time,756.9475315740741,756.9475315740742,1.1368683772161603e-13,1.3124,1.297,993.4179404378149,993.4179404378151
2025-01-13,12,113,q4_3,B1,q4-inheritance-v2,adjustment_time,145.3419907407407,145.3419907407407,0.0,1.4547,1.297,211.42899393055552,211.42899393055552
2025-01-13,12,114,q4_3,B1,q4-inheritance-v2,adjustment_time,123.54599157407404,123.54599157407405,1.4210854715202004e-14,1.5303,1.297,189.06243090580548,189.0624309058055
2025-01-13,12,115,q4_3,B1,q4-inheritance-v2,adjustment_time,95.49284537037056,95.49284537037057,1.4210854715202004e-14,1.5096,1.297,144.1559993711114,144.15599937111142
2025-01-13,12,116,q4_3,B1,q4-inheritance-v2,adjustment_time,85.26112037037058,85.26112037037059,1.4210854715202004e-14,1.4751,1.297,125.76867865833364,125.76867865833367
2025-01-13,12,117,q4_3,B1,q4-inheritance-v2,adjustment_time,126.03971379629627,126.03971379629628,1.4210854715202004e-14,1.5293,1.297,192.7525343086759,192.75253430867593
2025-01-13,12,118,q4_3,B1,q4-inheritance-v2,adjustment_time,144.04103861111116,144.04103861111116,0.0,1.5301,1.297,220.3971931788612,220.3971931788612
2025-01-13,12,119,q4_3,B1,q4-inheritance-v2,adjustment_time,105.09400925925922,105.09400925925925,2.842170943040401e-14,1.4769,1.297,155.21334227499995,155.213342275
2025-01-13,12,120,q4_3,B1,q4-inheritance-v2,adjustment_time,0.0,0.0,0.0,1.5065,1.297,0.0,0.0
2025-01-13,12,121,q4_3,B1,q4-inheritance-v2,adjustment_time,0.0,0.0,0.0,1.4986,1.297,0.0,0.0
2025-01-13,12,122,q4_3,B1,q4-inheritance-v2,adjustment_time,115.13728703703703,115.13728703703704,1.4210854715202004e-14,1.4688,1.297,169.1136472,169.11364720000003
2025-01-13,12,123,q4_3,B1,q4-inheritance-v2,adjustment_time,0.0,0.0,0.0,1.5167,1.297,0.0,0.0
2025-01-13,12,124,q4_3,B1,q4-inheritance-v2,adjustment_time,744.8684710185184,744.8684710185184,0.0,1.2946,1.297,964.3067225805739,964.3067225805739
2025-01-13,12,125,q4_3,B1,q4-inheritance-v2,adjustment_time,1034.6447129629632,1034.6447129629632,0.0,0.9315,1.297,963.7715501250002,963.7715501250002
2025-01-13,12,126,q4_3,B1,q4-inheritance-v2,adjustment_time,1412.536005833333,1412.536005833333,0.0,0.9364,1.297,1322.698715862333,1322.698715862333
2025-01-13,12,127,q4_3,B1,q4-inheritance-v2,adjustment_time,932.0550842592594,932.0550842592594,0.0,0.9934,1.297,925.9035207031483,925.9035207031483
2025-01-13,12,128,q4_3,B1,q4-inheritance-v2,adjustment_time,939.2912592592594,939.2912592592595,1.1368683772161603e-13,0.9695,1.297,910.642875851852,910.6428758518522
2025-01-13,12,129,q4_3,B1,q4-inheritance-v2,adjustment_time,0.0,0.0,0.0,1.0068,1.297,0.0,0.0
2025-01-13,12,130,q4_3,B1,q4-inheritance-v2,adjustment_time,883.2743739814814,883.2743739814814,0.0,0.7903,1.297,698.0517377575648,698.0517377575648
2025-01-13,12,131,q4_3,B1,q4-inheritance-v2,adjustment_time,1349.952361111111,1349.952361111111,0.0,0.4425,1.297,597.3539197916666,597.3539197916666
2025-01-13,12,132,q4_3,B1,q4-inheritance-v2,adjustment_time,1307.4120140123455,1307.4120140123455,0.0,0.4448,1.297,581.5368638326912,581.5368638326912
2025-01-13,12,133,q4_3,B1,q4-inheritance-v2,adjustment_time,0.0,0.0,0.0,0.504,1.297,0.0,0.0
2025-01-13,12,134,q4_3,B1,q4-inheritance-v2,adjustment_time,676.1138425925927,676.1138425925927,0.0,0.4432,1.297,299.6536550370371,299.6536550370371
2025-01-13,12,135,q4_3,B1,q4-inheritance-v2,adjustment_time,1337.7776758333332,1337.7776758333332,0.0,0.388,1.297,519.0577382233333,519.0577382233333
2025-01-13,12,136,q4_3,B1,q4-inheritance-v2,adjustment_time,1312.075975,1312.075975,0.0,0.4055,1.297,532.0468078625,532.0468078625
2025-01-13,12,137,q4_3,B1,q4-inheritance-v2,adjustment_time,609.8245833333334,609.8245833333334,0.0,0.4446,1.297,271.12800975000005,271.12800975000005
2025-01-13,12,138,q4_3,B1,q4-inheritance-v2,adjustment_time,0.0,0.0,0.0,0.4076,1.297,0.0,0.0
2025-01-13,12,139,q4_3,B1,q4-inheritance-v2,adjustment_time,0.0,0.0,0.0,0.4004,1.297,0.0,0.0
2025-01-13,12,140,q4_3,B1,q4-inheritance-v2,adjustment_time,589.6691666666666,589.6691666666667,1.1368683772161603e-13,0.46,1.297,271.2478166666666,271.24781666666684
2025-01-13,12,141,q4_3,B1,q4-inheritance-v2,adjustment_time,817.7565865740746,817.7565865740746,0.0,0.5067,1.297,414.35726241708363,414.35726241708363
2025-01-13,12,142,q4_3,B1,q4-inheritance-v2,adjustment_time,712.4373223148147,712.4373223148147,0.0,0.4826,1.297,343.8222517491295,343.8222517491295
2025-01-13,12,143,q4_3,B1,q4-inheritance-v2,adjustment_time,607.7069166666666,607.7069166666666,0.0,0.4298,1.297,261.19243278333335,261.19243278333335
2025-01-14,13,0,q4_3,B1,q4-inheritance-v2,adjustment_time,765.4081409464976,765.4081409464976,0.0,0.4435,0.4435,339.4585105097717,339.4585105097717
2025-01-14,13,1,q4_3,B1,q4-inheritance-v2,adjustment_time,1461.5175312962965,1461.5175312962965,0.0,0.462,0.462,675.2210994588891,675.2210994588891
2025-01-14,13,2,q4_3,B1,q4-inheritance-v2,adjustment_time,1413.3794351851852,1413.3794351851852,0.0,0.4567,0.4567,645.4903880490741,645.4903880490741
2025-01-14,13,3,q4_3,B1,q4-inheritance-v2,adjustment_time,1444.4084149074074,1444.4084149074074,0.0,0.4619,0.4619,667.1722468457315,667.1722468457315
2025-01-14,13,4,q4_3,B1,q4-inheritance-v2,adjustment_time,1489.2519603703704,1489.2519603703704,0.0,0.4729,0.4729,704.2672520591482,704.2672520591482
2025-01-14,13,5,q4_3,B1,q4-inheritance-v2,adjustment_time,1496.5896296296296,1496.5896296296296,0.0,0.4628,0.4628,692.6216805925926,692.6216805925926
2025-01-14,13,6,q4_3,B1,q4-inheritance-v2,adjustment_time,653.3282487037037,653.3282487037037,0.0,0.4159,0.4159,271.7192186358704,271.7192186358704
2025-01-14,13,7,q4_3,B1,q4-inheritance-v2,adjustment_time,1495.2374755555556,1495.2374755555556,0.0,0.4068,0.4068,608.262605056,608.262605056
2025-01-14,13,8,q4_3,B1,q4-inheritance-v2,adjustment_time,1503.4730185185188,1503.4730185185188,0.0,0.4514,0.4514,678.6677205592594,678.6677205592594
2025-01-14,13,9,q4_3,B1,q4-inheritance-v2,adjustment_time,738.4688232407408,738.4688232407408,0.0,0.4866,0.4866,359.33892938894445,359.33892938894445
2025-01-14,13,10,q4_3,B1,q4-inheritance-v2,adjustment_time,665.2259555555554,665.2259555555554,0.0,0.464,0.464,308.66484337777774,308.66484337777774
2025-01-14,13,11,q4_3,B1,q4-inheritance-v2,adjustment_time,713.558281481484,713.558281481484,0.0,0.4301,0.4301,306.90141686518626,306.90141686518626
2025-01-14,13,12,q4_3,B1,q4-inheritance-v2,adjustment_time,823.8592476851851,823.8592476851851,0.0,0.4703,0.4703,387.46100418634256,387.46100418634256
2025-01-14,13,13,q4_3,B1,q4-inheritance-v2,adjustment_time,0.0,0.0,0.0,0.4687,0.4687,0.0,0.0
2025-01-14,13,14,q4_3,B1,q4-inheritance-v2,adjustment_time,0.0,0.0,0.0,0.4175,0.4175,0.0,0.0
2025-01-14,13,15,q4_3,B1,q4-inheritance-v2,adjustment_time,633.7024050925928,633.7024050925928,0.0,0.4303,0.4303,272.6821449113427,272.6821449113427
2025-01-14,13,16,q4_3,B1,q4-inheritance-v2,adjustment_time,822.5798923148149,822.5798923148149,0.0,0.4725,0.4725,388.66899911875,388.66899911875
2025-01-14,13,17,q4_3,B1,q4-inheritance-v2,adjustment_time,0.0,0.0,0.0,0.4799,0.4799,0.0,0.0
2025-01-14,13,18,q4_3,B1,q4-inheritance-v2,adjustment_time,772.7981934259258,772.7981934259258,0.0,0.4333,0.4333,334.85345721145364,334.85345721145364
2025-01-14,13,19,q4_3,B1,q4-inheritance-v2,adjustment_time,702.0111656481481,702.0111656481481,0.0,0.4484,0.4484,314.7818066766296,314.7818066766296
2025-01-14,13,20,q4_3,B1,q4-inheritance-v2,adjustment_time,779.1585555555555,779.1585555555555,0.0,0.5188,0.5188,404.22745862222223,404.22745862222223
2025-01-14,13,21,q4_3,B1,q4-inheritance-v2,adjustment_time,1527.5863925925926,1527.5863925925926,0.0,0.5272,0.5272,805.3435461748148,805.3435461748148
2025-01-14,13,22,q4_3,B1,q4-inheritance-v2,adjustment_time,1542.6330091666666,1542.6330091666666,0.0,0.5339,0.5339,823.6117635940834,823.6117635940834
2025-01-14,13,23,q4_3,B1,q4-inheritance-v2,adjustment_time,700.9583796296297,700.9583796296297,0.0,0.5509,0.5509,386.157971337963,386.157971337963
2025-01-14,13,24,q4_3,B1,q4-inheritance-v2,adjustment_time,689.5380341666666,689.5380341666666,0.0,0.519,0.519,357.8702397325,357.8702397325
2025-01-14,13,25,q4_3,B1,q4-inheritance-v2,adjustment_time,687.8547719444443,687.8547719444443,0.0,0.4708,0.4708,323.8420266314444,323.8420266314444
2025-01-14,13,26,q4_3,B1,q4-inheritance-v2,adjustment_time,0.0,0.0,0.0,0.4385,0.4385,0.0,0.0
2025-01-14,13,27,q4_3,B1,q4-inheritance-v2,adjustment_time,828.323100648148,828.323100648148,0.0,0.4329,0.4329,358.5810702705833,358.5810702705833
2025-01-14,13,28,q4_3,B1,q4-inheritance-v2,adjustment_time,890.5457675925926,890.5457675925926,0.0,0.4713,0.4713,419.7142202663889,419.7142202663889
2025-01-14,13,29,q4_3,B1,q4-inheritance-v2,adjustment_time,868.8744074074076,868.8744074074076,0.0,0.5266,0.5266,457.5492629407408,457.5492629407408
2025-01-14,13,30,q4_3,B1,q4-inheritance-v2,adjustment_time,6.260564259257308,6.260564259257308,0.0,0.5396,0.5396,3.378200474295243,3.378200474295243
2025-01-14,13,31,q4_3,B1,q4-inheritance-v2,adjustment_time,780.838610925926,780.838610925926,0.0,0.5075,0.5075,396.2755950449074,396.2755950449074
2025-01-14,13,32,q4_3,B1,q4-inheritance-v2,adjustment_time,1508.2369537037036,1508.2369537037036,0.0,0.4609,0.4609,695.146411962037,695.146411962037
2025-01-14,13,33,q4_3,B1,q4-inheritance-v2,adjustment_time,978.5307902263384,978.5307902263384,0.0,0.4725,0.4725,462.35579838194485,462.35579838194485
2025-01-14,13,34,q4_3,B1,q4-inheritance-v2,adjustment_time,800.1112183333332,800.1112183333332,0.0,0.6985,0.6985,558.8776860058333,558.8776860058333
2025-01-14,13,35,q4_3,B1,q4-inheritance-v2,adjustment_time,890.8724629629633,890.8724629629633,0.0,1.0021,1.0021,892.7432951351855,892.7432951351855
2025-01-14,13,36,q4_3,B1,q4-inheritance-v2,adjustment_time,863.2573999074073,863.2573999074073,0.0,1.0587,1.0021,913.930609281972,913.930609281972
2025-01-14,13,37,q4_3,B1,q4-inheritance-v2,adjustment_time,872.6006285185184,872.6006285185184,0.0,1.0385,1.0021,906.1957527164814,906.1957527164814
2025-01-14,13,38,q4_3,B1,q4-inheritance-v2,adjustment_time,941.2107314814814,941.2107314814814,0.0,1.0787,1.0021,1015.284016049074,1015.284016049074
2025-01-14,13,39,q4_3,B1,q4-inheritance-v2,adjustment_time,932.57653,932.57653,0.0,1.1401,1.0021,1063.2305018529999,1063.2305018529999
2025-01-14,13,40,q4_3,B1,q4-inheritance-v2,adjustment_time,112.12206851851852,112.30597129629632,0.18390277777780284,1.1269,1.0021,126.35035901351851,126.62679247393521
2025-01-14,13,41,q4_3,B1,q4-inheritance-v2,adjustment_time,886.247814814815,886.247814814815,0.0,1.0607,1.0021,940.0430571740743,940.0430571740743
2025-01-14,13,42,q4_3,B1,q4-inheritance-v2,adjustment_time,1074.158694351852,1074.158694351852,0.0,1.0496,1.0021,1127.436965591704,1127.436965591704
2025-01-14,13,43,q4_3,B1,q4-inheritance-v2,adjustment_time,1078.6829003703704,1078.6829003703704,0.0,1.033,1.0021,1114.2794360825924,1114.2794360825924
2025-01-14,13,44,q4_3,B1,q4-inheritance-v2,adjustment_time,992.1022703703703,992.1022703703704,1.1368683772161603e-13,0.9707,1.0021,963.0336738485184,963.0336738485187
2025-01-14,13,45,q4_3,B1,q4-inheritance-v2,adjustment_time,913.3778018518522,913.377801851852,-1.1368683772161603e-13,0.9266,1.0021,846.3358711959262,846.3358711959262
2025-01-14,13,46,q4_3,B1,q4-inheritance-v2,adjustment_time,847.6592313888881,847.6592313888882,1.1368683772161603e-13,1.1061,1.0021,937.5958758392492,937.5958758392494
2025-01-14,13,47,q4_3,B1,q4-inheritance-v2,adjustment_time,124.32766666666669,124.32766666666667,-1.4210854715202004e-14,1.3952,1.0021,173.46196053333335,173.46196053333335
2025-01-14,13,48,q4_3,B1,q4-inheritance-v2,adjustment_time,93.68167425925935,84.35224092592603,-9.329433333333327,1.447,1.0021,135.5573826531483,126.73220519148163
2025-01-14,13,49,q4_3,B1,q4-inheritance-v2,adjustment_time,33.68681833333358,33.68681833333358,0.0,1.3944,1.0021,46.972899484000344,46.972899484000344
2025-01-14,13,50,q4_3,B1,q4-inheritance-v2,adjustment_time,125.20269019655484,125.20269019655485,1.4210854715202004e-14,1.3681,1.0021,171.2898004579067,171.28980045790672
2025-01-14,13,51,q4_3,B1,q4-inheritance-v2,adjustment_time,12.88579601851859,12.88579601851859,0.0,1.3638,1.0021,17.573648610055653,17.573648610055653
2025-01-14,13,52,q4_3,B1,q4-inheritance-v2,adjustment_time,0.0,0.0,0.0,1.3428,1.0021,0.0,0.0
2025-01-14,13,53,q4_3,B1,q4-inheritance-v2,adjustment_time,636.4039555555556,636.4039555555556,0.0,1.3037,1.0021,829.6798368577779,829.6798368577779
2025-01-14,13,54,q4_3,B1,q4-inheritance-v2,adjustment_time,600.0060540740743,600.0060540740743,0.0,1.2786,1.0021,767.1677407391114,767.1677407391114
2025-01-14,13,55,q4_3,B1,q4-inheritance-v2,adjustment_time,222.6185181481485,222.61851814814852,2.842170943040401e-14,1.2562,1.0021,279.6533824977041,279.6533824977042
2025-01-14,13,56,q4_3,B1,q4-inheritance-v2,adjustment_time,200.55232870370332,200.55232870370332,0.0,1.2319,1.0021,247.06041373009214,247.06041373009214
2025-01-14,13,57,q4_3,B1,q4-inheritance-v2,adjustment_time,538.9216750925927,538.9216750925927,0.0,1.2258,1.0021,660.6101893285002,660.6101893285002
2025-01-14,13,58,q4_3,B1,q4-inheritance-v2,adjustment_time,0.0,0.0,0.0,1.284,1.0021,0.0,0.0
2025-01-14,13,59,q4_3,B1,q4-inheritance-v2,adjustment_time,0.0,0.0,0.0,1.3623,1.0021,0.0,0.0
2025-01-14,13,60,q4_3,B1,q4-inheritance-v2,adjustment_time,0.0,0.0,0.0,1.3575,1.0021,0.0,0.0
2025-01-14,13,61,q4_3,B1,q4-inheritance-v2,adjustment_time,0.0,0.0,0.0,1.3166,1.0021,0.0,0.0
2025-01-14,13,62,q4_3,B1,q4-inheritance-v2,adjustment_time,0.0,0.0,0.0,1.3131,1.0021,0.0,0.0
2025-01-14,13,63,q4_3,B1,q4-inheritance-v2,adjustment_time,0.0,0.0,0.0,1.3412,1.0021,0.0,0.0
2025-01-14,13,64,q4_3,B1,q4-inheritance-v2,adjustment_time,296.69793648148175,296.69793648148175,0.0,1.1419,1.0021,338.799373668204,338.799373668204
2025-01-14,13,65,q4_3,B1,q4-inheritance-v2,adjustment_time,911.9560836522551,911.9560836522552,1.1368683772161603e-13,0.798,1.0021,727.7409547544996,727.7409547544999
2025-01-14,13,66,q4_3,B1,q4-inheritance-v2,adjustment_time,1048.3696990740737,1048.3696990740737,0.0,0.6851,1.0021,718.2380808356479,718.2380808356479
2025-01-14,13,67,q4_3,B1,q4-inheritance-v2,adjustment_time,1067.6375850000004,1067.6375850000006,2.2737367544323206e-13,0.7297,1.0021,779.0551457745003,779.0551457745006
2025-01-14,13,68,q4_3,B1,q4-inheritance-v2,adjustment_time,1044.394652777778,1044.394652777778,0.0,0.7786,1.0021,813.1656766527778,813.1656766527778
2025-01-14,13,69,q4_3,B1,q4-inheritance-v2,adjustment_time,1062.0151249074072,1062.015124907407,-2.2737367544323206e-13,0.743,1.0021,789.0772378062036,789.0772378062035
2025-01-14,13,70,q4_3,B1,q4-inheritance-v2,adjustment_time,1020.833876203704,1020.833876203704,0.0,0.644,1.0021,657.4170162751853,657.4170162751853
2025-01-14,13,71,q4_3,B1,q4-inheritance-v2,adjustment_time,989.9823351851852,989.9823351851852,0.0,0.5848,0.5848,578.9416696162963,578.9416696162963
2025-01-14,13,72,q4_3,B1,q4-inheritance-v2,adjustment_time,1035.8983526851853,1035.8983526851853,0.0,0.6571,0.5848,680.6888075494353,680.6888075494353
2025-01-14,13,73,q4_3,B1,q4-inheritance-v2,adjustment_time,990.8765046296296,990.8765046296295,-1.1368683772161603e-13,0.6969,0.5848,690.5418360763888,690.5418360763888
2025-01-14,13,74,q4_3,B1,q4-inheritance-v2,adjustment_time,294.2820611111114,0.0,-294.2820611111114,0.6401,0.5848,188.3699473172224,86.04807466888896
2025-01-14,13,75,q4_3,B1,q4-inheritance-v2,adjustment_time,994.7198098148147,994.7198098148148,1.1368683772161603e-13,0.6057,0.5848,602.5017888048333,602.5017888048334
2025-01-14,13,76,q4_3,B1,q4-inheritance-v2,adjustment_time,1018.8644967592594,465.6800967592594,-553.1844,0.7721,0.5848,786.6652779478242,521.3027212678242
2025-01-14,13,77,q4_3,B1,q4-inheritance-v2,adjustment_time,20.530660173822923,0.0,-20.530660173822923,1.0288,0.5848,21.12194318682902,6.003165034825822
2025-01-14,13,78,q4_3,B1,q4-inheritance-v2,adjustment_time,0.0,0.0,0.0,1.0729,0.5848,0.0,0.0
2025-01-14,13,79,q4_3,B1,q4-inheritance-v2,adjustment_time,0.0,0.0,0.0,1.0373,0.5848,0.0,0.0
2025-01-14,13,80,q4_3,B1,q4-inheritance-v2,adjustment_time,0.0,0.0,0.0,1.0399,0.5848,0.0,0.0
2025-01-14,13,81,q4_3,B1,q4-inheritance-v2,adjustment_time,372.06144953703745,0.0,-372.06144953703745,1.0879,0.5848,404.76565095134305,108.79076784462974
2025-01-14,13,82,q4_3,B1,q4-inheritance-v2,adjustment_time,0.0,0.0,0.0,1.2461,0.5848,0.0,0.0
2025-01-14,13,83,q4_3,B1,q4-inheritance-v2,adjustment_time,0.0,0.0,0.0,1.4172,0.5848,0.0,0.0
2025-01-14,13,84,q4_3,B1,q4-inheritance-v2,adjustment_time,0.0,0.0,0.0,1.4079,0.5848,0.0,0.0
2025-01-14,13,85,q4_3,B1,q4-inheritance-v2,adjustment_time,0.0,0.0,0.0,1.352,0.5848,0.0,0.0
2025-01-14,13,86,q4_3,B1,q4-inheritance-v2,adjustment_time,0.0,0.0,0.0,1.3932,0.5848,0.0,0.0
2025-01-14,13,87,q4_3,B1,q4-inheritance-v2,adjustment_time,0.0,23.574427870370414,23.574427870370414,1.4994,0.5848,0.0,20.679488127888927
2025-01-14,13,88,q4_3,B1,q4-inheritance-v2,adjustment_time,0.0,75.968534074074,75.968534074074,1.2615,0.5848,0.0,66.6395980897777
2025-01-14,13,89,q4_3,B1,q4-inheritance-v2,adjustment_time,1360.209037037037,1360.209037037037,0.0,0.8419,0.5848,1145.1599882814814,1145.1599882814814
2025-01-14,13,90,q4_3,B1,q4-inheritance-v2,adjustment_time,1422.2460823148149,1422.2460823148149,0.0,0.8349,0.5848,1187.433254124639,1187.433254124639
2025-01-14,13,91,q4_3,B1,q4-inheritance-v2,adjustment_time,1387.5283623148152,1387.5283623148155,2.2737367544323206e-13,0.9146,0.5848,1269.03344017313,1269.0334401731302
2025-01-14,13,92,q4_3,B1,q4-inheritance-v2,adjustment_time,1429.4500277777774,1429.4500277777777,2.2737367544323206e-13,0.8936,0.5848,1277.3565448222218,1277.356544822222
2025-01-14,13,93,q4_3,B1,q4-inheritance-v2,adjustment_time,757.3097372222226,757.3097372222227,1.1368683772161603e-13,0.922,0.5848,698.2395777188892,698.2395777188893
2025-01-14,13,94,q4_3,B1,q4-inheritance-v2,adjustment_time,1541.972511111111,1185.490954423838,-356.48155668727304,0.995,0.5848,1534.2626485555554,1283.7987068270775
2025-01-14,13,95,q4_3,B1,q4-inheritance-v2,adjustment_time,1561.2020277777779,1561.202027777778,2.2737367544323206e-13,1.053,0.5848,1643.9457352499999,1643.94573525
2025-01-14,13,96,q4_3,B1,q4-inheritance-v2,adjustment_time,900.2217080555555,900.2217080555552,-3.410605131648481e-13,1.0535,0.5848,948.3835694365279,948.3835694365275
2025-01-14,13,97,q4_3,B1,q4-inheritance-v2,adjustment_time,777.5372749999999,211.46588277778915,-566.0713922222108,1.0681,0.5848,830.4875634274999,391.385984480731
2025-01-14,13,98,q4_3,B1,q4-inheritance-v2,adjustment_time,865.8418166666668,186.6111074074073,-679.2307092592595,1.0971,0.5848,949.915057065,403.33810532407404
2025-01-14,13,99,q4_3,B1,q4-inheritance-v2,adjustment_time,236.79069768518525,1351.7203143518518,1114.9296166666666,1.0753,0.5848,254.62103722087969,1232.6372969608797
2025-01-14,13,100,q4_3,B1,q4-inheritance-v2,adjustment_time,592.479604564815,1438.2272562963183,845.7476517315033,1.0733,0.5848,635.9083595794159,1377.7981996782905
2025-01-14,13,101,q4_3,B1,q4-inheritance-v2,adjustment_time,1471.0946111111111,1470.022761111111,-1.0718500000000404,1.1015,0.5848,1620.4107141388888,1619.5434803038888
2025-01-14,13,102,q4_3,B1,q4-inheritance-v2,adjustment_time,1800.4447486111112,1456.8107874999998,-343.6339611111114,1.1063,0.5848,1991.8320253884724,1712.1483444401388
2025-01-14,13,103,q4_3,B1,q4-inheritance-v2,adjustment_time,1002.2822145370372,1002.2822145370064,-3.0809133022557944e-11,1.1478,0.5848,1150.4195258456114,1150.419525845585
2025-01-14,13,104,q4_3,B1,q4-inheritance-v2,adjustment_time,1019.7982912685169,579.7971325462931,-440.00115872222375,1.1728,0.5848,1196.0194359997167,808.6424158606708
2025-01-14,13,105,q4_3,B1,q4-inheritance-v2,adjustment_time,1127.2445836111112,1127.244583611111,-2.2737367544323206e-13,1.0812,0.5848,1218.7768438003334,1218.7768438003332
2025-01-14,13,106,q4_3,B1,q4-inheritance-v2,adjustment_time,938.0974936111113,938.0974936111153,3.979039320256561e-12,1.1402,0.5848,1069.618762215389,1069.6187622153925
2025-01-14,13,107,q4_3,B1,q4-inheritance-v2,adjustment_time,598.2161986018527,598.2161986018527,0.0,1.3169,1.3169,787.7909119387798,787.7909119387798
2025-01-14,13,108,q4_3,B1,q4-inheritance-v2,adjustment_time,694.3833998148147,694.3833998148147,0.0,1.3051,1.3169,906.2397750983146,906.2397750983146
2025-01-14,13,109,q4_3,B1,q4-inheritance-v2,adjustment_time,747.0670560185183,747.0670560185184,1.1368683772161603e-13,1.2704,1.3169,949.0739879659257,949.0739879659259
2025-01-14,13,110,q4_3,B1,q4-inheritance-v2,adjustment_time,714.3607129629631,714.3607129629631,0.0,1.2902,1.3169,921.6681918648151,921.6681918648151
2025-01-14,13,111,q4_3,B1,q4-inheritance-v2,adjustment_time,718.7435896296298,718.7435896296298,0.0,1.2835,1.3169,922.5073972896299,922.5073972896299
2025-01-14,13,112,q4_3,B1,q4-inheritance-v2,adjustment_time,658.6563173148149,658.6563173148149,0.0,1.3672,1.3169,900.514917032815,900.514917032815
2025-01-14,13,113,q4_3,B1,q4-inheritance-v2,adjustment_time,147.9989074074075,147.9989074074075,0.0,1.5142,1.3169,224.09994559629644,224.09994559629644
2025-01-14,13,114,q4_3,B1,q4-inheritance-v2,adjustment_time,153.86160740740752,153.86160740740752,0.0,1.5582,1.3169,239.7471566622224,239.7471566622224
2025-01-14,13,115,q4_3,B1,q4-inheritance-v2,adjustment_time,112.78204370370383,112.78204370370383,0.0,1.5583,1.3169,175.7482587034817,175.7482587034817
2025-01-14,13,116,q4_3,B1,q4-inheritance-v2,adjustment_time,72.58912037037044,72.58912037037044,0.0,1.5581,1.3169,113.10110844907418,113.10110844907418
2025-01-14,13,117,q4_3,B1,q4-inheritance-v2,adjustment_time,121.94510212962962,121.94510212962963,1.4210854715202004e-14,1.5336,1.3169,187.015008626,187.01500862600003
2025-01-14,13,118,q4_3,B1,q4-inheritance-v2,adjustment_time,129.12427694444455,129.12427694444455,0.0,1.4885,1.3169,192.2014862318057,192.2014862318057
2025-01-14,13,119,q4_3,B1,q4-inheritance-v2,adjustment_time,70.76342592592596,70.76342592592596,0.0,1.4641,1.3169,103.60473189814819,103.60473189814819
2025-01-14,13,120,q4_3,B1,q4-inheritance-v2,adjustment_time,46.70391074074087,46.70391074074086,-7.105427357601002e-15,1.5028,1.3169,70.18663706118537,70.18663706118537
2025-01-14,13,121,q4_3,B1,q4-inheritance-v2,adjustment_time,138.20859778914053,138.20859778914053,0.0,1.5378,1.3169,212.53718168014032,212.53718168014032
2025-01-14,13,122,q4_3,B1,q4-inheritance-v2,adjustment_time,133.57562037037042,133.57562037037042,0.0,1.562,1.3169,208.64511901851859,208.64511901851859
2025-01-14,13,123,q4_3,B1,q4-inheritance-v2,adjustment_time,135.69733722222225,135.69733722222222,-2.842170943040401e-14,1.5809,1.3169,214.52392041461115,214.52392041461113
2025-01-14,13,124,q4_3,B1,q4-inheritance-v2,adjustment_time,720.4139843518518,720.4139843518518,0.0,1.3233,1.3169,953.3238254928054,953.3238254928054
2025-01-14,13,125,q4_3,B1,q4-inheritance-v2,adjustment_time,1401.8149999999998,1401.8149999999998,0.0,0.9469,1.3169,1327.3786234999998,1327.3786234999998
2025-01-14,13,126,q4_3,B1,q4-inheritance-v2,adjustment_time,939.255524537037,939.2555245370368,-2.2737367544323206e-13,0.9204,1.3169,864.4907847838889,864.4907847838888
2025-01-14,13,127,q4_3,B1,q4-inheritance-v2,adjustment_time,815.9546951851853,815.9546951851852,-1.1368683772161603e-13,0.9765,1.3169,796.7797598483335,796.7797598483335
2025-01-14,13,128,q4_3,B1,q4-inheritance-v2,adjustment_time,946.3968425925926,946.3968425925926,0.0,0.9643,1.3169,912.6104753120371,912.6104753120371
2025-01-14,13,129,q4_3,B1,q4-inheritance-v2,adjustment_time,688.2165358333334,688.2165358333334,0.0,0.9585,1.3169,659.6555495962501,659.6555495962501
2025-01-14,13,130,q4_3,B1,q4-inheritance-v2,adjustment_time,896.1255781481482,896.1255781481481,-1.1368683772161603e-13,0.7326,1.3169,656.5015985513334,656.5015985513334
2025-01-14,13,131,q4_3,B1,q4-inheritance-v2,adjustment_time,1351.5078333333333,1351.507833333333,-2.2737367544323206e-13,0.4287,1.3169,579.3914081500001,579.3914081500001
2025-01-14,13,132,q4_3,B1,q4-inheritance-v2,adjustment_time,714.6878638271609,714.6878638271609,0.0,0.4502,1.3169,321.7524762949878,321.7524762949878
2025-01-14,13,133,q4_3,B1,q4-inheritance-v2,adjustment_time,0.0,0.0,0.0,0.4723,1.3169,0.0,0.0
2025-01-14,13,134,q4_3,B1,q4-inheritance-v2,adjustment_time,659.7610925925927,659.7610925925926,-1.1368683772161603e-13,0.3771,1.3169,248.79590801666671,248.79590801666674
2025-01-14,13,135,q4_3,B1,q4-inheritance-v2,adjustment_time,1324.8125233333333,1324.8125233333333,0.0,0.381,1.3169,504.75357139,504.75357139
2025-01-14,13,136,q4_3,B1,q4-inheritance-v2,adjustment_time,938.6152697222226,938.6152697222228,2.2737367544323206e-13,0.4603,1.3169,432.04460865313905,432.0446086531395
2025-01-14,13,137,q4_3,B1,q4-inheritance-v2,adjustment_time,0.0,0.0,0.0,0.5045,1.3169,0.0,0.0
2025-01-14,13,138,q4_3,B1,q4-inheritance-v2,adjustment_time,607.3580136111112,607.3580136111113,1.1368683772161603e-13,0.4395,1.3169,266.93384698208337,266.9338469820836
2025-01-14,13,139,q4_3,B1,q4-inheritance-v2,adjustment_time,1344.5284075,1344.5284075000002,2.2737367544323206e-13,0.4214,1.3169,566.5842709205,566.5842709205004
2025-01-14,13,140,q4_3,B1,q4-inheritance-v2,adjustment_time,1336.4976666666666,1336.4976666666669,2.2737367544323206e-13,0.4723,1.3169,631.2278479666667,631.2278479666671
2025-01-14,13,141,q4_3,B1,q4-inheritance-v2,adjustment_time,585.5057548796301,585.50575487963,-1.1368683772161603e-13,0.4647,1.3169,272.0845242925641,272.08452429256414
2025-01-14,13,142,q4_3,B1,q4-inheritance-v2,adjustment_time,479.2336234259259,479.23362342592594,5.684341886080802e-14,0.4377,1.3169,209.76055697352774,209.76055697352786
2025-01-14,13,143,q4_3,B1,q4-inheritance-v2,adjustment_time,0.0,0.0,0.0,0.4383,1.3169,0.0,0.0
2025-01-15,14,0,q4_3,B1,q4-inheritance-v2,adjustment_time,763.8933251211489,763.8933251211489,0.0,0.4662,0.4662,356.1270681714796,356.1270681714796
2025-01-15,14,1,q4_3,B1,q4-inheritance-v2,adjustment_time,765.4533943518518,765.4533943518518,0.0,0.4762,0.4762,364.50890639035185,364.50890639035185
2025-01-15,14,2,q4_3,B1,q4-inheritance-v2,adjustment_time,747.4913518518518,747.4913518518518,0.0,0.4606,0.4606,344.29451666296296,344.29451666296296
2025-01-15,14,3,q4_3,B1,q4-inheritance-v2,adjustment_time,1479.8325399999999,1479.8325399999999,0.0,0.4507,0.4507,666.9605257779999,666.9605257779999
2025-01-15,14,4,q4_3,B1,q4-inheritance-v2,adjustment_time,1490.4890724999998,1490.4890724999998,0.0,0.4401,0.4401,655.9642408072499,655.9642408072499
2025-01-15,14,5,q4_3,B1,q4-inheritance-v2,adjustment_time,652.4584166666665,652.4584166666665,0.0,0.4398,0.4398,286.95121164999995,286.95121164999995
2025-01-15,14,6,q4_3,B1,q4-inheritance-v2,adjustment_time,1488.8457449999999,1488.8457449999999,0.0,0.4682,0.4682,697.077577809,697.077577809
2025-01-15,14,7,q4_3,B1,q4-inheritance-v2,adjustment_time,1508.3454083333331,1508.3454083333331,0.0,0.4659,0.4659,702.7381257424998,702.7381257424998
2025-01-15,14,8,q4_3,B1,q4-inheritance-v2,adjustment_time,1541.9654166666664,1541.9654166666664,0.0,0.4332,0.4332,667.9794184999998,667.9794184999998
2025-01-15,14,9,q4_3,B1,q4-inheritance-v2,adjustment_time,735.5633975,735.5633975,0.0,0.4363,0.4363,320.92631032925,320.92631032925
2025-01-15,14,10,q4_3,B1,q4-inheritance-v2,adjustment_time,753.9576133333334,753.9576133333334,0.0,0.4842,0.4842,365.066276376,365.066276376
2025-01-15,14,11,q4_3,B1,q4-inheritance-v2,adjustment_time,775.0176851851851,775.0176851851851,0.0,0.5165,0.5165,400.29663439814806,400.29663439814806
2025-01-15,14,12,q4_3,B1,q4-inheritance-v2,adjustment_time,685.6139091666666,685.6139091666666,0.0,0.465,0.465,318.8104677625,318.8104677625
2025-01-15,14,13,q4_3,B1,q4-inheritance-v2,adjustment_time,833.0172582407408,833.0172582407408,0.0,0.442,0.442,368.1936281424075,368.1936281424075
2025-01-15,14,14,q4_3,B1,q4-inheritance-v2,adjustment_time,1512.5243333333333,1512.5243333333333,0.0,0.4677,0.4677,707.4076307,707.4076307
2025-01-15,14,15,q4_3,B1,q4-inheritance-v2,adjustment_time,817.7027478703704,817.7027478703704,0.0,0.4595,0.4595,375.73441264643526,375.73441264643526
2025-01-15,14,16,q4_3,B1,q4-inheritance-v2,adjustment_time,534.4682940833321,534.4682940833321,0.0,0.4706,0.4706,251.52077919561611,251.52077919561611
2025-01-15,14,17,q4_3,B1,q4-inheritance-v2,adjustment_time,808.6747499999999,808.6747499999999,0.0,0.4948,0.4948,400.13226629999997,400.13226629999997
2025-01-15,14,18,q4_3,B1,q4-inheritance-v2,adjustment_time,781.5495209259257,781.5495209259257,0.0,0.4707,0.4707,367.8753594998332,367.8753594998332
2025-01-15,14,19,q4_3,B1,q4-inheritance-v2,adjustment_time,797.9555730555556,797.9555730555556,0.0,0.4893,0.4893,390.4396618960834,390.4396618960834
2025-01-15,14,20,q4_3,B1,q4-inheritance-v2,adjustment_time,830.3645555555555,830.3645555555555,0.0,0.5374,0.5374,446.23791215555553,446.23791215555553
2025-01-15,14,21,q4_3,B1,q4-inheritance-v2,adjustment_time,745.9191883333334,745.9191883333334,0.0,0.5061,0.5061,377.50970121550006,377.50970121550006
2025-01-15,14,22,q4_3,B1,q4-inheritance-v2,adjustment_time,0.0,0.0,0.0,0.4709,0.4709,0.0,0.0
2025-01-15,14,23,q4_3,B1,q4-inheritance-v2,adjustment_time,19.52749074074086,19.52749074074086,0.0,0.4698,0.4698,9.174015150000056,9.174015150000056
2025-01-15,14,24,q4_3,B1,q4-inheritance-v2,adjustment_time,772.6149375,772.6149375,0.0,0.4661,0.4661,360.11582236875,360.11582236875
2025-01-15,14,25,q4_3,B1,q4-inheritance-v2,adjustment_time,828.7692675925925,828.7692675925925,0.0,0.4634,0.4634,384.0516786024074,384.0516786024074
2025-01-15,14,26,q4_3,B1,q4-inheritance-v2,adjustment_time,416.21500932407355,416.21500932407355,0.0,0.473,0.473,196.86969941028678,196.86969941028678
2025-01-15,14,27,q4_3,B1,q4-inheritance-v2,adjustment_time,994.6873830864197,994.6873830864197,0.0,0.4946,0.4946,491.97237967454316,491.97237967454316
2025-01-15,14,28,q4_3,B1,q4-inheritance-v2,adjustment_time,1576.78987,1576.78987,0.0,0.4972,0.4972,783.979923364,783.979923364
2025-01-15,14,29,q4_3,B1,q4-inheritance-v2,adjustment_time,1585.0714166666667,1585.0714166666667,0.0,0.4907,0.4907,777.7945441583333,777.7945441583333
2025-01-15,14,30,q4_3,B1,q4-inheritance-v2,adjustment_time,765.5284424999999,765.5284424999999,0.0,0.5166,0.5166,395.4719933954999,395.4719933954999
2025-01-15,14,31,q4_3,B1,q4-inheritance-v2,adjustment_time,760.8819615740741,760.8819615740741,0.0,0.5489,0.5489,417.6481087080093,417.6481087080093
2025-01-15,14,32,q4_3,B1,q4-inheritance-v2,adjustment_time,803.7911388888889,803.7911388888889,0.0,0.5112,0.5112,410.8980302,410.8980302
2025-01-15,14,33,q4_3,B1,q4-inheritance-v2,adjustment_time,794.979120277778,794.979120277778,0.0,0.4052,0.4052,322.1255395365556,322.1255395365556
2025-01-15,14,34,q4_3,B1,q4-inheritance-v2,adjustment_time,833.2557674999999,833.2557674999999,0.0,0.6452,0.6452,537.6166211909999,537.6166211909999
2025-01-15,14,35,q4_3,B1,q4-inheritance-v2,adjustment_time,1034.3500833333333,1034.3500833333333,0.0,1.0768,1.0768,1113.7881697333332,1113.7881697333332
2025-01-15,14,36,q4_3,B1,q4-inheritance-v2,adjustment_time,1038.769362222222,1038.7693622222218,-2.2737367544323206e-13,1.1017,1.0768,1144.412206360222,1144.412206360222
2025-01-15,14,37,q4_3,B1,q4-inheritance-v2,adjustment_time,1019.0858444444444,1019.0858444444444,0.0,1.0206,1.0768,1040.07901284,1040.07901284
2025-01-15,14,38,q4_3,B1,q4-inheritance-v2,adjustment_time,628.6643652499995,628.6643652499995,0.0,1.0344,1.0768,650.2904194145995,650.2904194145995
2025-01-15,14,39,q4_3,B1,q4-inheritance-v2,adjustment_time,1047.3533497222224,1047.3533497222227,2.2737367544323206e-13,1.0339,1.0768,1082.8586282778058,1082.8586282778062
2025-01-15,14,40,q4_3,B1,q4-inheritance-v2,adjustment_time,1017.6386527777777,1017.6386527777777,0.0,0.9985,1.0768,1016.1121947986111,1016.1121947986111
2025-01-15,14,41,q4_3,B1,q4-inheritance-v2,adjustment_time,968.50285,968.50285,0.0,0.9725,1.0768,941.869021625,941.869021625
2025-01-15,14,42,q4_3,B1,q4-inheritance-v2,adjustment_time,1074.4747162962965,1074.4747162962963,-2.2737367544323206e-13,1.009,1.0768,1084.144988742963,1084.144988742963
2025-01-15,14,43,q4_3,B1,q4-inheritance-v2,adjustment_time,1075.354903425926,1075.3549034259263,2.2737367544323206e-13,1.0412,1.0768,1119.6595254470742,1119.6595254470747
2025-01-15,14,44,q4_3,B1,q4-inheritance-v2,adjustment_time,936.6334333333338,936.6334333333336,-1.1368683772161603e-13,0.9848,1.0768,922.3966051466671,922.3966051466671
2025-01-15,14,45,q4_3,B1,q4-inheritance-v2,adjustment_time,959.9900537962965,959.9900537962965,0.0,0.8673,1.0768,832.5993736575278,832.5993736575278
2025-01-15,14,46,q4_3,B1,q4-inheritance-v2,adjustment_time,911.4766855555556,911.4766855555556,0.0,1.0848,1.0768,988.7699084906667,988.7699084906667
2025-01-15,14,47,q4_3,B1,q4-inheritance-v2,adjustment_time,302.01051666666694,302.01051666666694,0.0,1.4868,1.0768,449.0292361800004,449.0292361800004
2025-01-15,14,48,q4_3,B1,q4-inheritance-v2,adjustment_time,281.03339361111125,281.03339361111125,0.0,1.4973,1.0768,420.7913002539169,420.7913002539169
2025-01-15,14,49,q4_3,B1,q4-inheritance-v2,adjustment_time,207.69377138888876,207.69377138888876,0.0,1.3797,1.0768,286.5550963852498,286.5550963852498
2025-01-15,14,50,q4_3,B1,q4-inheritance-v2,adjustment_time,201.4410416666667,201.4410416666667,0.0,1.3558,1.0768,273.1137642916667,273.1137642916667
2025-01-15,14,51,q4_3,B1,q4-inheritance-v2,adjustment_time,172.06898944444436,172.06898944444436,0.0,1.3772,1.0768,236.97341226288876,236.97341226288876
2025-01-15,14,52,q4_3,B1,q4-inheritance-v2,adjustment_time,128.62989555555544,128.62989555555544,0.0,1.3498,1.0768,173.62463302088875,173.62463302088875
2025-01-15,14,53,q4_3,B1,q4-inheritance-v2,adjustment_time,78.76264999999978,78.76264999999978,0.0,1.2838,1.0768,101.11549006999972,101.11549006999972
2025-01-15,14,54,q4_3,B1,q4-inheritance-v2,adjustment_time,820.0485430555557,820.0485430555558,1.1368683772161603e-13,1.268,1.0768,1039.8215525944447,1039.821552594445
2025-01-15,14,55,q4_3,B1,q4-inheritance-v2,adjustment_time,898.9295390043931,898.9295390043931,0.0,1.256,1.0768,1129.0555009895177,1129.0555009895177
2025-01-15,14,56,q4_3,B1,q4-inheritance-v2,adjustment_time,703.3379416666664,703.3379416666663,-1.1368683772161603e-13,1.2071,1.0768,848.9992293858331,848.9992293858331
2025-01-15,14,57,q4_3,B1,q4-inheritance-v2,adjustment_time,703.0539280555555,703.0539280555555,0.0,1.1547,1.0768,811.81637072575,811.81637072575
2025-01-15,14,58,q4_3,B1,q4-inheritance-v2,adjustment_time,0.0,0.0,0.0,1.253,1.0768,0.0,0.0
2025-01-15,14,59,q4_3,B1,q4-inheritance-v2,adjustment_time,0.0,0.0,0.0,1.4248,1.0768,0.0,0.0
2025-01-15,14,60,q4_3,B1,q4-inheritance-v2,adjustment_time,0.0,0.0,0.0,1.4184,1.0768,0.0,0.0
2025-01-15,14,61,q4_3,B1,q4-inheritance-v2,adjustment_time,0.0,0.0,0.0,1.3311,1.0768,0.0,0.0
2025-01-15,14,62,q4_3,B1,q4-inheritance-v2,adjustment_time,0.0,0.0,0.0,1.3125,1.0768,0.0,0.0
2025-01-15,14,63,q4_3,B1,q4-inheritance-v2,adjustment_time,0.0,0.0,0.0,1.3722,1.0768,0.0,0.0
2025-01-15,14,64,q4_3,B1,q4-inheritance-v2,adjustment_time,462.5815697222223,462.5815697222223,0.0,1.1399,1.0768,527.2967313263612,527.2967313263612
2025-01-15,14,65,q4_3,B1,q4-inheritance-v2,adjustment_time,1299.7447333333334,1299.7447333333334,0.0,0.7538,1.0768,979.7475799866668,979.7475799866668
2025-01-15,14,66,q4_3,B1,q4-inheritance-v2,adjustment_time,1196.4744858333331,1196.4744858333333,2.2737367544323206e-13,0.7411,1.0768,886.7072414510832,886.7072414510835
2025-01-15,14,67,q4_3,B1,q4-inheritance-v2,adjustment_time,1174.8850200000002,1174.8850200000002,0.0,0.786,1.0768,923.4596257200002,923.4596257200002
2025-01-15,14,68,q4_3,B1,q4-inheritance-v2,adjustment_time,1222.2476416666668,1222.2476416666668,0.0,0.7278,1.0768,889.5518336050001,889.5518336050001
2025-01-15,14,69,q4_3,B1,q4-inheritance-v2,adjustment_time,1161.3383366666667,1161.3383366666667,0.0,0.7208,1.0768,837.0926730693334,837.0926730693334
2025-01-15,14,70,q4_3,B1,q4-inheritance-v2,adjustment_time,1064.2293725,1064.2293725,0.0,0.6963,1.0768,741.02291207175,741.02291207175
2025-01-15,14,71,q4_3,B1,q4-inheritance-v2,adjustment_time,1021.1270499999998,1021.1270499999998,0.0,0.6456,0.6456,659.2396234799999,659.2396234799999
2025-01-15,14,72,q4_3,B1,q4-inheritance-v2,adjustment_time,1029.1063572222224,436.4576259259262,-592.6487312962962,0.654,0.6456,673.0355576233335,476.75029781800015
2025-01-15,14,73,q4_3,B1,q4-inheritance-v2,adjustment_time,1009.8216461111107,401.8937699074071,-607.9278762037036,0.6986,0.6456,705.4614019732219,477.0021060958701
2025-01-15,14,74,q4_3,B1,q4-inheritance-v2,adjustment_time,939.3605416666663,76.95500707196862,-862.4055345946977,0.7109,0.6456,667.7914090708331,333.09182109463086
2025-01-15,14,75,q4_3,B1,q4-inheritance-v2,adjustment_time,879.4224205555558,879.422420555556,1.1368683772161603e-13,0.6714,0.6456,590.4442131610002,590.4442131610003
2025-01-15,14,76,q4_3,B1,q4-inheritance-v2,adjustment_time,875.8248694444441,430.4241042592595,-445.4007651851846,0.8133,0.6456,712.3083663191663,493.8392909958333
2025-01-15,14,77,q4_3,B1,q4-inheritance-v2,adjustment_time,65.40786666666679,65.40786666666679,0.0,1.0815,0.6456,70.73860780000012,70.73860780000012
2025-01-15,14,78,q4_3,B1,q4-inheritance-v2,adjustment_time,0.0,0.0,0.0,1.1661,0.6456,0.0,0.0
2025-01-15,14,79,q4_3,B1,q4-inheritance-v2,adjustment_time,0.0,0.0,0.0,1.1408,0.6456,0.0,0.0
2025-01-15,14,80,q4_3,B1,q4-inheritance-v2,adjustment_time,69.93359295160057,69.93359295160057,0.0,1.1037,0.6456,77.18570654068155,77.18570654068155
2025-01-15,14,81,q4_3,B1,q4-inheritance-v2,adjustment_time,165.55480583333315,165.55480583333315,0.0,1.0945,0.6456,181.19973498458313,181.19973498458313
2025-01-15,14,82,q4_3,B1,q4-inheritance-v2,adjustment_time,0.0,0.0,0.0,1.2144,0.6456,0.0,0.0
2025-01-15,14,83,q4_3,B1,q4-inheritance-v2,adjustment_time,0.0,0.0,0.0,1.3906,0.6456,0.0,0.0
2025-01-15,14,84,q4_3,B1,q4-inheritance-v2,adjustment_time,0.0,0.0,0.0,1.4268,0.6456,0.0,0.0
2025-01-15,14,85,q4_3,B1,q4-inheritance-v2,adjustment_time,0.0,198.93268822433026,198.93268822433026,1.3906,0.6456,0.0,192.64641527644142
2025-01-15,14,86,q4_3,B1,q4-inheritance-v2,adjustment_time,0.0,411.3542416666668,411.3542416666668,1.3991,0.6456,0.0,398.35544763000007
2025-01-15,14,87,q4_3,B1,q4-inheritance-v2,adjustment_time,0.0,480.85924981481526,480.85924981481526,1.4599,0.6456,0.0,465.66409752066704
2025-01-15,14,88,q4_3,B1,q4-inheritance-v2,adjustment_time,0.0,480.29031074074055,480.29031074074055,1.2411,0.6456,0.0,465.11313692133314
2025-01-15,14,89,q4_3,B1,q4-inheritance-v2,adjustment_time,417.2060166666666,417.20601666666664,5.684341886080802e-14,0.8768,0.6456,365.8062354133333,365.80623541333335
2025-01-15,14,90,q4_3,B1,q4-inheritance-v2,adjustment_time,1320.594043611111,1320.594043611111,0.0,0.8577,0.6456,1132.67351120525,1132.67351120525
2025-01-15,14,91,q4_3,B1,q4-inheritance-v2,adjustment_time,1387.514341388889,1387.514341388889,0.0,0.9116,0.6456,1264.8580736101112,1264.8580736101112
2025-01-15,14,92,q4_3,B1,q4-inheritance-v2,adjustment_time,1464.5504166666665,1464.5504166666665,0.0,0.8955,0.6456,1311.5048981249997,1311.5048981249997
2025-01-15,14,93,q4_3,B1,q4-inheritance-v2,adjustment_time,719.1370669444443,719.1370669444443,0.0,0.9446,0.6456,679.2968734357221,679.2968734357221
2025-01-15,14,94,q4_3,B1,q4-inheritance-v2,adjustment_time,790.6499588888888,790.6499588888887,-1.1368683772161603e-13,1.0039,0.6456,793.7334937285555,793.7334937285553
2025-01-15,14,95,q4_3,B1,q4-inheritance-v2,adjustment_time,851.659316666667,851.659316666667,0.0,1.0122,0.6456,862.0495603300003,862.0495603300003
2025-01-15,14,96,q4_3,B1,q4-inheritance-v2,adjustment_time,930.4284983333334,930.4284983333333,-1.1368683772161603e-13,0.979,0.6456,910.8894998683335,910.8894998683334
2025-01-15,14,97,q4_3,B1,q4-inheritance-v2,adjustment_time,1001.5145575,1001.5145574999999,-1.1368683772161603e-13,1.0096,0.6456,1011.1290972520001,1011.129097252
2025-01-15,14,98,q4_3,B1,q4-inheritance-v2,adjustment_time,910.9425907407406,910.9425907407405,-1.1368683772161603e-13,1.0831,0.6456,986.6419200312961,986.641920031296
2025-01-15,14,99,q4_3,B1,q4-inheritance-v2,adjustment_time,350.2918913611096,434.7446591502452,84.45276778913558,1.087,0.6456,380.76728590952615,462.55134623652503
2025-01-15,14,100,q4_3,B1,q4-inheritance-v2,adjustment_time,1138.836435,1138.836435,0.0,1.1343,0.6456,1291.7821682205001,1291.7821682205001
2025-01-15,14,101,q4_3,B1,q4-inheritance-v2,adjustment_time,1467.015311111111,1467.015311111111,0.0,1.2008,0.6456,1761.5919855822222,1761.5919855822222
2025-01-15,14,102,q4_3,B1,q4-inheritance-v2,adjustment_time,1281.1312749999997,1281.1312749999997,0.0,1.1426,0.6456,1463.8205948149998,1463.8205948149998
2025-01-15,14,103,q4_3,B1,q4-inheritance-v2,adjustment_time,1099.543704537037,1099.5437045370368,-2.2737367544323206e-13,1.1094,0.6456,1219.8337858133889,1219.8337858133884
2025-01-15,14,104,q4_3,B1,q4-inheritance-v2,adjustment_time,683.8870305833341,683.8870305833342,1.1368683772161603e-13,1.1512,0.6456,787.2907496075342,787.2907496075343
2025-01-15,14,105,q4_3,B1,q4-inheritance-v2,adjustment_time,1240.6067775,1240.6067775,0.0,1.1793,0.6456,1463.0475727057499,1463.0475727057499
2025-01-15,14,106,q4_3,B1,q4-inheritance-v2,adjustment_time,1090.073355,1090.0733550000002,2.2737367544323206e-13,1.2459,0.6456,1358.1223929945,1358.1223929945002
2025-01-15,14,107,q4_3,B1,q4-inheritance-v2,adjustment_time,659.1378836666665,659.1378836666665,0.0,1.3184,1.3184,869.0073858261331,869.0073858261331
2025-01-15,14,108,q4_3,B1,q4-inheritance-v2,adjustment_time,765.1713941666667,765.1713941666667,0.0,1.294,1.3184,990.1317840516667,990.1317840516667
2025-01-15,14,109,q4_3,B1,q4-inheritance-v2,adjustment_time,740.075575,740.075575,0.0,1.271,1.3184,940.6360558249999,940.6360558249999
2025-01-15,14,110,q4_3,B1,q4-inheritance-v2,adjustment_time,367.30947541666677,367.30947541666677,0.0,1.2725,1.3184,467.4013074677085,467.4013074677085
2025-01-15,14,111,q4_3,B1,q4-inheritance-v2,adjustment_time,929.6282592592593,929.6282592592594,1.1368683772161603e-13,1.2505,1.3184,1162.5001382037037,1162.500138203704
2025-01-15,14,112,q4_3,B1,q4-inheritance-v2,adjustment_time,960.4658007407409,960.4658007407409,0.0,1.3698,1.3184,1315.6460538546667,1315.6460538546667
2025-01-15,14,113,q4_3,B1,q4-inheritance-v2,adjustment_time,146.90174074074082,146.90174074074082,0.0,1.5628,1.3184,229.57804042962974,229.57804042962974
2025-01-15,14,114,q4_3,B1,q4-inheritance-v2,adjustment_time,138.45188074074076,138.45188074074076,0.0,1.5688,1.3184,217.2033105060741,217.2033105060741
2025-01-15,14,115,q4_3,B1,q4-inheritance-v2,adjustment_time,648.9073045669197,648.9073045669197,0.0,1.4971,1.3184,971.4791256671356,971.4791256671356
2025-01-15,14,116,q4_3,B1,q4-inheritance-v2,adjustment_time,67.49720370370369,67.49720370370369,0.0,1.4834,1.3184,100.12535197407405,100.12535197407405
2025-01-15,14,117,q4_3,B1,q4-inheritance-v2,adjustment_time,124.40708796296292,124.40708796296292,0.0,1.5532,1.3184,193.229089024074,193.229089024074
2025-01-15,14,118,q4_3,B1,q4-inheritance-v2,adjustment_time,148.40944361111133,148.40944361111133,0.0,1.5755,1.3184,233.8190784093059,233.8190784093059
2025-01-15,14,119,q4_3,B1,q4-inheritance-v2,adjustment_time,102.44525925925916,102.44525925925916,0.0,1.5441,1.3184,158.18572482222208,158.18572482222208
2025-01-15,14,120,q4_3,B1,q4-inheritance-v2,adjustment_time,52.34472740740762,52.34472740740761,-7.105427357601002e-15,1.5629,1.3184,81.80957446503736,81.80957446503736
2025-01-15,14,121,q4_3,B1,q4-inheritance-v2,adjustment_time,69.81620240740745,69.81620240740745,0.0,1.5318,1.3184,106.94445884766672,106.94445884766672
2025-01-15,14,122,q4_3,B1,q4-inheritance-v2,adjustment_time,137.66562037037045,137.66562037037045,0.0,1.5014,1.3184,206.6911624240742,206.6911624240742
2025-01-15,14,123,q4_3,B1,q4-inheritance-v2,adjustment_time,150.07063722222222,150.07063722222222,0.0,1.5854,1.3184,237.92198825211108,237.92198825211108
2025-01-15,14,124,q4_3,B1,q4-inheritance-v2,adjustment_time,866.1097841666666,866.1097841666667,1.1368683772161603e-13,1.3652,1.3184,1182.4130773443333,1182.4130773443335
2025-01-15,14,125,q4_3,B1,q4-inheritance-v2,adjustment_time,837.4820000000001,837.4820000000002,1.1368683772161603e-13,0.9551,1.3184,799.8790582,799.8790582000003
2025-01-15,14,126,q4_3,B1,q4-inheritance-v2,adjustment_time,1547.9395348148148,1547.9395348148148,0.0,0.9186,1.3184,1421.9372566808888,1421.9372566808888
2025-01-15,14,127,q4_3,B1,q4-inheritance-v2,adjustment_time,944.5130675925928,944.5130675925928,0.0,0.9597,1.3184,906.4491909686113,906.4491909686113
2025-01-15,14,128,q4_3,B1,q4-inheritance-v2,adjustment_time,940.0099259259259,940.0099259259259,0.0,0.9394,1.3184,883.0453244148148,883.0453244148148
2025-01-15,14,129,q4_3,B1,q4-inheritance-v2,adjustment_time,431.3910509259259,431.3910509259259,0.0,0.9848,1.3184,424.8339069518519,424.8339069518519
2025-01-15,14,130,q4_3,B1,q4-inheritance-v2,adjustment_time,866.9453014814815,866.9453014814815,0.0,0.7978,1.3184,691.6489615219259,691.6489615219259
2025-01-15,14,131,q4_3,B1,q4-inheritance-v2,adjustment_time,1318.5472777777777,1318.547277777778,2.2737367544323206e-13,0.4823,1.3184,635.9353520722221,635.9353520722226
2025-01-15,14,132,q4_3,B1,q4-inheritance-v2,adjustment_time,1319.5689716666666,1319.5689716666666,0.0,0.4725,1.3184,623.4963391125,623.4963391125
2025-01-15,14,133,q4_3,B1,q4-inheritance-v2,adjustment_time,625.6515791666666,625.6515791666667,1.1368683772161603e-13,0.4845,1.3184,303.12819010625,303.1281901062502
2025-01-15,14,134,q4_3,B1,q4-inheritance-v2,adjustment_time,1355.9577777777777,1355.9577777777777,0.0,0.4109,1.3184,557.1630508888888,557.1630508888888
2025-01-15,14,135,q4_3,B1,q4-inheritance-v2,adjustment_time,1369.1614734259258,1369.1614734259258,0.0,0.4328,1.3184,592.5730856987407,592.5730856987407
2025-01-15,14,136,q4_3,B1,q4-inheritance-v2,adjustment_time,1378.6457632407407,1378.6457632407407,0.0,0.4484,1.3184,618.1847602371482,618.1847602371482
2025-01-15,14,137,q4_3,B1,q4-inheritance-v2,adjustment_time,21.189227435185785,21.18922743518579,3.552713678800501e-15,0.4204,1.3184,8.907951213752105,8.907951213752112
2025-01-15,14,138,q4_3,B1,q4-inheritance-v2,adjustment_time,556.4190613888888,556.4190613888888,0.0,0.4251,1.3184,236.53374299641663,236.53374299641663
2025-01-15,14,139,q4_3,B1,q4-inheritance-v2,adjustment_time,654.7313833333333,654.7313833333333,0.0,0.4355,1.3184,285.13551744166665,285.13551744166665
2025-01-15,14,140,q4_3,B1,q4-inheritance-v2,adjustment_time,577.3769166666666,577.3769166666666,0.0,0.4473,1.3184,258.260694825,258.260694825
2025-01-15,14,141,q4_3,B1,q4-inheritance-v2,adjustment_time,439.11271148148177,439.1127114814817,-5.684341886080802e-14,0.4819,1.3184,211.60841566292606,211.60841566292606
2025-01-15,14,142,q4_3,B1,q4-inheritance-v2,adjustment_time,338.90548509259315,338.9054850925932,5.684341886080802e-14,0.468,1.3184,158.6077670233336,158.6077670233337
2025-01-15,14,143,q4_3,B1,q4-inheritance-v2,adjustment_time,612.737375,612.7373749999999,-1.1368683772161603e-13,0.4134,1.3184,253.305630825,253.30563082500004
2025-01-16,15,0,q4_3,B1,q4-inheritance-v2,adjustment_time,1434.450989074074,1434.450989074074,0.0,0.4046,0.4046,580.3788701793703,580.3788701793703
2025-01-16,15,1,q4_3,B1,q4-inheritance-v2,adjustment_time,1438.5944257407416,1438.5944257407416,0.0,0.4281,0.4281,615.8622736596114,615.8622736596114
2025-01-16,15,2,q4_3,B1,q4-inheritance-v2,adjustment_time,1326.165610666381,1326.165610666381,0.0,0.4594,0.4594,609.2404815401354,609.2404815401354
2025-01-16,15,3,q4_3,B1,q4-inheritance-v2,adjustment_time,1458.5162374074075,1458.5162374074075,0.0,0.4868,0.4868,710.005704369926,710.005704369926
2025-01-16,15,4,q4_3,B1,q4-inheritance-v2,adjustment_time,689.6158783333332,689.6158783333332,0.0,0.4934,0.4934,340.2564743696666,340.2564743696666
2025-01-16,15,5,q4_3,B1,q4-inheritance-v2,adjustment_time,0.0,0.0,0.0,0.4957,0.4957,0.0,0.0
2025-01-16,15,6,q4_3,B1,q4-inheritance-v2,adjustment_time,0.0,0.0,0.0,0.5184,0.5184,0.0,0.0
2025-01-16,15,7,q4_3,B1,q4-inheritance-v2,adjustment_time,663.0525205555556,663.0525205555556,0.0,0.4844,0.4844,321.1826409571111,321.1826409571111
2025-01-16,15,8,q4_3,B1,q4-inheritance-v2,adjustment_time,743.3078333333333,743.3078333333333,0.0,0.4383,0.4383,325.79182335,325.79182335
2025-01-16,15,9,q4_3,B1,q4-inheritance-v2,adjustment_time,1174.960040720166,1174.960040720166,0.0,0.497,0.497,583.9551402379225,583.9551402379225
2025-01-16,15,10,q4_3,B1,q4-inheritance-v2,adjustment_time,678.8686055555554,678.8686055555554,0.0,0.4852,0.4852,329.3870474155555,329.3870474155555
2025-01-16,15,11,q4_3,B1,q4-inheritance-v2,adjustment_time,0.0,0.0,0.0,0.4122,0.4122,0.0,0.0
2025-01-16,15,12,q4_3,B1,q4-inheritance-v2,adjustment_time,1502.9366433333332,1502.9366433333332,0.0,0.4621,0.4621,694.5070228843333,694.5070228843333
2025-01-16,15,13,q4_3,B1,q4-inheritance-v2,adjustment_time,1494.1297388888888,1494.1297388888888,0.0,0.4888,0.4888,730.3306163688889,730.3306163688889
2025-01-16,15,14,q4_3,B1,q4-inheritance-v2,adjustment_time,364.16493013889095,364.16493013889095,0.0,0.4499,0.4499,163.83780206948705,163.83780206948705
2025-01-16,15,15,q4_3,B1,q4-inheritance-v2,adjustment_time,723.2711633333332,723.2711633333332,0.0,0.4569,0.4569,330.4625945269999,330.4625945269999
2025-01-16,15,16,q4_3,B1,q4-inheritance-v2,adjustment_time,744.8081358333332,744.8081358333332,0.0,0.4824,0.4824,359.2954447259999,359.2954447259999
2025-01-16,15,17,q4_3,B1,q4-inheritance-v2,adjustment_time,0.0,0.0,0.0,0.4838,0.4838,0.0,0.0
2025-01-16,15,18,q4_3,B1,q4-inheritance-v2,adjustment_time,1489.8352350925925,1489.8352350925925,0.0,0.4596,0.4596,684.7282740485555,684.7282740485555
2025-01-16,15,19,q4_3,B1,q4-inheritance-v2,adjustment_time,735.8255458333333,735.8255458333333,0.0,0.481,0.481,353.9320875458333,353.9320875458333
2025-01-16,15,20,q4_3,B1,q4-inheritance-v2,adjustment_time,0.0,0.0,0.0,0.524,0.524,0.0,0.0
2025-01-16,15,21,q4_3,B1,q4-inheritance-v2,adjustment_time,702.9084759259259,702.9084759259259,0.0,0.4956,0.4956,348.36144066888886,348.36144066888886
2025-01-16,15,22,q4_3,B1,q4-inheritance-v2,adjustment_time,1330.1389521399183,1330.1389521399183,0.0,0.4743,0.4743,630.8849049999633,630.8849049999633
2025-01-16,15,23,q4_3,B1,q4-inheritance-v2,adjustment_time,664.5059444444444,664.5059444444444,0.0,0.4814,0.4814,319.8931616555555,319.8931616555555
2025-01-16,15,24,q4_3,B1,q4-inheritance-v2,adjustment_time,0.0,0.0,0.0,0.4628,0.4628,0.0,0.0
2025-01-16,15,25,q4_3,B1,q4-inheritance-v2,adjustment_time,685.0159969444445,685.0159969444445,0.0,0.4668,0.4668,319.7654673736667,319.7654673736667
2025-01-16,15,26,q4_3,B1,q4-inheritance-v2,adjustment_time,752.9878240740741,752.9878240740741,0.0,0.4983,0.4983,375.2138327361111,375.2138327361111
2025-01-16,15,27,q4_3,B1,q4-inheritance-v2,adjustment_time,689.5223201851852,689.5223201851852,0.0,0.5054,0.5054,348.48458062159256,348.48458062159256
2025-01-16,15,28,q4_3,B1,q4-inheritance-v2,adjustment_time,395.9782542314811,395.9782542314811,0.0,0.4896,0.4896,193.87095327173316,193.87095327173316
2025-01-16,15,29,q4_3,B1,q4-inheritance-v2,adjustment_time,1527.1883518518518,1527.1883518518518,0.0,0.476,0.476,726.9416554814815,726.9416554814815
2025-01-16,15,30,q4_3,B1,q4-inheritance-v2,adjustment_time,787.5283874999999,787.5283874999999,0.0,0.4908,0.4908,386.51893258499996,386.51893258499996
2025-01-16,15,31,q4_3,B1,q4-inheritance-v2,adjustment_time,72.00540499999977,72.00540499999977,0.0,0.5264,0.5264,37.90364519199988,37.90364519199988
2025-01-16,15,32,q4_3,B1,q4-inheritance-v2,adjustment_time,799.0210833333332,799.0210833333332,0.0,0.5272,0.5272,421.24391513333325,421.24391513333325
2025-01-16,15,33,q4_3,B1,q4-inheritance-v2,adjustment_time,1499.187141388889,1499.187141388889,0.0,0.4829,0.4829,723.9574705766944,723.9574705766944
2025-01-16,15,34,q4_3,B1,q4-inheritance-v2,adjustment_time,772.1736075,772.1736075,0.0,0.6983,0.6983,539.20883011725,539.20883011725
2025-01-16,15,35,q4_3,B1,q4-inheritance-v2,adjustment_time,926.5500462962965,926.5500462962965,0.0,1.0467,1.0467,969.8199334583335,969.8199334583335
2025-01-16,15,36,q4_3,B1,q4-inheritance-v2,adjustment_time,216.95051583333338,216.95051583333336,-2.842170943040401e-14,1.0767,1.0467,233.59062039775006,233.59062039775006
2025-01-16,15,37,q4_3,B1,q4-inheritance-v2,adjustment_time,878.305946574074,878.3059465740741,1.1368683772161603e-13,1.0678,1.0467,937.8550897517963,937.8550897517965
2025-01-16,15,38,q4_3,B1,q4-inheritance-v2,adjustment_time,903.8418750925935,903.8418750925933,-1.1368683772161603e-13,1.1245,1.0467,1016.3701885416214,1016.3701885416214
2025-01-16,15,39,q4_3,B1,q4-inheritance-v2,adjustment_time,914.1167602777778,914.1167602777778,0.0,1.0687,1.0467,976.916581708861,976.916581708861
2025-01-16,15,40,q4_3,B1,q4-inheritance-v2,adjustment_time,988.5032908333333,988.5032908333334,1.1368683772161603e-13,1.0352,1.0467,1023.2986066706665,1023.2986066706667
2025-01-16,15,41,q4_3,B1,q4-inheritance-v2,adjustment_time,903.0514055555556,903.0514055555554,-1.1368683772161603e-13,1.0471,1.0467,945.5851267572222,945.5851267572222
2025-01-16,15,42,q4_3,B1,q4-inheritance-v2,adjustment_time,825.8274013888889,825.8274013888889,0.0,0.9905,1.0467,817.9820410756945,817.9820410756945
2025-01-16,15,43,q4_3,B1,q4-inheritance-v2,adjustment_time,799.2945977777777,799.2945977777775,-1.1368683772161603e-13,0.9744,1.0467,778.8326560746666,778.8326560746666
2025-01-16,15,44,q4_3,B1,q4-inheritance-v2,adjustment_time,810.8880379629629,810.8880379629629,0.0,0.975,1.0467,790.6158370138888,790.6158370138888
2025-01-16,15,45,q4_3,B1,q4-inheritance-v2,adjustment_time,1500.4100969444446,1500.4100969444446,0.0,0.8951,1.0467,1343.0170777749724,1343.0170777749724
2025-01-16,15,46,q4_3,B1,q4-inheritance-v2,adjustment_time,808.9836661111111,808.9836661111111,0.0,1.0795,1.0467,873.2978675669444,873.2978675669444
2025-01-16,15,47,q4_3,B1,q4-inheritance-v2,adjustment_time,141.3193500000002,167.42628333333357,26.10693333333336,1.4315,1.0467,202.29864952500031,243.28784020500035
2025-01-16,15,48,q4_3,B1,q4-inheritance-v2,adjustment_time,95.05535842592622,243.9221861111114,148.86682768518517,1.4738,1.0467,140.09258724813006,373.820950055255
2025-01-16,15,49,q4_3,B1,q4-inheritance-v2,adjustment_time,149.9928588888887,149.9928588888887,0.0,1.4143,1.0467,212.13490032655525,212.13490032655525
2025-01-16,15,50,q4_3,B1,q4-inheritance-v2,adjustment_time,31.182222222222435,64.92798055555579,33.745758333333356,1.3976,1.0467,43.580273777778075,96.5628016490281
2025-01-16,15,51,q4_3,B1,q4-inheritance-v2,adjustment_time,130.91562944444445,130.91562944444445,0.0,1.3583,1.0467,177.8226994743889,177.8226994743889
2025-01-16,15,52,q4_3,B1,q4-inheritance-v2,adjustment_time,74.50849722222222,74.50849722222222,0.0,1.3515,1.0467,100.69823399583332,100.69823399583332
2025-01-16,15,53,q4_3,B1,q4-inheritance-v2,adjustment_time,230.15043594655333,230.15043594655333,0.0,1.3615,1.0467,313.34981854123237,313.34981854123237
2025-01-16,15,54,q4_3,B1,q4-inheritance-v2,adjustment_time,567.7366843518521,567.736684351852,-1.1368683772161603e-13,1.3117,1.0467,744.7002088643244,744.7002088643244
2025-01-16,15,55,q4_3,B1,q4-inheritance-v2,adjustment_time,572.6374757407409,572.6374757407409,0.0,1.2902,1.0467,738.816871200704,738.816871200704
2025-01-16,15,56,q4_3,B1,q4-inheritance-v2,adjustment_time,0.0,0.0,0.0,1.3031,1.0467,0.0,0.0
2025-01-16,15,57,q4_3,B1,q4-inheritance-v2,adjustment_time,526.7227637037035,526.7227637037035,0.0,1.2752,1.0467,671.6768682749627,671.6768682749627
2025-01-16,15,58,q4_3,B1,q4-inheritance-v2,adjustment_time,0.0,0.0,0.0,1.2996,1.0467,0.0,0.0
2025-01-16,15,59,q4_3,B1,q4-inheritance-v2,adjustment_time,0.0,0.0,0.0,1.3727,1.0467,0.0,0.0
2025-01-16,15,60,q4_3,B1,q4-inheritance-v2,adjustment_time,0.0,0.0,0.0,1.378,1.0467,0.0,0.0
2025-01-16,15,61,q4_3,B1,q4-inheritance-v2,adjustment_time,0.0,0.0,0.0,1.3124,1.0467,0.0,0.0
2025-01-16,15,62,q4_3,B1,q4-inheritance-v2,adjustment_time,0.0,0.0,0.0,1.2919,1.0467,0.0,0.0
2025-01-16,15,63,q4_3,B1,q4-inheritance-v2,adjustment_time,0.0,0.0,0.0,1.393,1.0467,0.0,0.0
2025-01-16,15,64,q4_3,B1,q4-inheritance-v2,adjustment_time,345.79175935185197,345.79175935185197,0.0,1.2064,1.0467,417.16317848207416,417.16317848207416
2025-01-16,15,65,q4_3,B1,q4-inheritance-v2,adjustment_time,1109.1028981481481,1109.1028981481484,2.2737367544323206e-13,0.799,1.0467,886.1732156203705,886.1732156203708
2025-01-16,15,66,q4_3,B1,q4-inheritance-v2,adjustment_time,1065.7232979629628,1065.7232979629628,0.0,0.6778,1.0467,722.3472513592961,722.3472513592961
2025-01-16,15,67,q4_3,B1,q4-inheritance-v2,adjustment_time,646.3710513248191,646.3710513248191,0.0,0.7191,1.0467,464.80542300767735,464.80542300767735
2025-01-16,15,68,q4_3,B1,q4-inheritance-v2,adjustment_time,1025.2032111111112,1025.2032111111112,0.0,0.7425,1.0467,761.2133842500001,761.2133842500001
2025-01-16,15,69,q4_3,B1,q4-inheritance-v2,adjustment_time,1019.1959154629628,1019.1959154629628,0.0,0.7088,1.0467,722.406064880148,722.406064880148
2025-01-16,15,70,q4_3,B1,q4-inheritance-v2,adjustment_time,975.1977831481482,975.1977831481482,0.0,0.7091,1.0467,691.5127480303519,691.5127480303519
2025-01-16,15,71,q4_3,B1,q4-inheritance-v2,adjustment_time,899.5212666666666,899.5212666666666,0.0,0.7264,0.7264,653.4122481066667,653.4122481066667
2025-01-16,15,72,q4_3,B1,q4-inheritance-v2,adjustment_time,885.2877279629629,885.287727962963,1.1368683772161603e-13,0.6612,0.7264,585.352245729111,585.3522457291111
2025-01-16,15,73,q4_3,B1,q4-inheritance-v2,adjustment_time,993.2281637037037,993.2281637037037,0.0,0.6346,0.7264,630.3025926863704,630.3025926863704
2025-01-16,15,74,q4_3,B1,q4-inheritance-v2,adjustment_time,951.0306999999995,951.0306999999996,1.1368683772161603e-13,0.6482,0.7264,616.4580997399996,616.4580997399997
2025-01-16,15,75,q4_3,B1,q4-inheritance-v2,adjustment_time,881.3613058333333,881.3613058333332,-1.1368683772161603e-13,0.6139,0.7264,541.0677056510833,541.0677056510832
2025-01-16,15,76,q4_3,B1,q4-inheritance-v2,adjustment_time,255.6157924074074,255.6157924074074,0.0,0.7701,0.7264,196.84972173294446,196.84972173294446
2025-01-16,15,77,q4_3,B1,q4-inheritance-v2,adjustment_time,0.0,0.0,0.0,1.0273,0.7264,0.0,0.0
2025-01-16,15,78,q4_3,B1,q4-inheritance-v2,adjustment_time,0.0,0.0,0.0,1.0302,0.7264,0.0,0.0
2025-01-16,15,79,q4_3,B1,q4-inheritance-v2,adjustment_time,0.0,0.0,0.0,0.9968,0.7264,0.0,0.0
2025-01-16,15,80,q4_3,B1,q4-inheritance-v2,adjustment_time,0.0,0.0,0.0,1.0405,0.7264,0.0,0.0
2025-01-16,15,81,q4_3,B1,q4-inheritance-v2,adjustment_time,0.0,0.0,0.0,1.0702,0.7264,0.0,0.0
2025-01-16,15,82,q4_3,B1,q4-inheritance-v2,adjustment_time,0.0,0.0,0.0,1.1798,0.7264,0.0,0.0
2025-01-16,15,83,q4_3,B1,q4-inheritance-v2,adjustment_time,0.0,0.0,0.0,1.3243,0.7264,0.0,0.0
2025-01-16,15,84,q4_3,B1,q4-inheritance-v2,adjustment_time,0.0,0.0,0.0,1.3405,0.7264,0.0,0.0
2025-01-16,15,85,q4_3,B1,q4-inheritance-v2,adjustment_time,0.0,0.0,0.0,1.3345,0.7264,0.0,0.0
2025-01-16,15,86,q4_3,B1,q4-inheritance-v2,adjustment_time,0.0,0.0,0.0,1.3946,0.7264,0.0,0.0
2025-01-16,15,87,q4_3,B1,q4-inheritance-v2,adjustment_time,0.0,0.0,0.0,1.4536,0.7264,0.0,0.0
2025-01-16,15,88,q4_3,B1,q4-inheritance-v2,adjustment_time,0.0,0.0,0.0,1.1972,0.7264,0.0,0.0
2025-01-16,15,89,q4_3,B1,q4-inheritance-v2,adjustment_time,1239.4356537037036,1239.4356537037038,2.2737367544323206e-13,0.8132,0.7264,1007.9090735918518,1007.909073591852
2025-01-16,15,90,q4_3,B1,q4-inheritance-v2,adjustment_time,1291.3151107407407,1291.3151107407407,0.0,0.8312,0.7264,1073.3411200477037,1073.3411200477037
2025-01-16,15,91,q4_3,B1,q4-inheritance-v2,adjustment_time,572.6522258847715,572.6522258847716,1.1368683772161603e-13,0.9129,0.7264,522.774217010208,522.7742170102081
2025-01-16,15,92,q4_3,B1,q4-inheritance-v2,adjustment_time,622.3155898148149,622.315589814815,1.1368683772161603e-13,0.8848,0.7264,550.6248338681482,550.6248338681484
2025-01-16,15,93,q4_3,B1,q4-inheritance-v2,adjustment_time,678.5528858333334,678.5528858333336,1.1368683772161603e-13,0.9145,0.7264,620.5366140945835,620.5366140945836
2025-01-16,15,94,q4_3,B1,q4-inheritance-v2,adjustment_time,755.7106310185186,755.7106310185187,1.1368683772161603e-13,0.984,0.7264,743.6192609222223,743.6192609222225
2025-01-16,15,95,q4_3,B1,q4-inheritance-v2,adjustment_time,836.166262962963,836.1662629629631,1.1368683772161603e-13,1.0287,0.7264,860.16423471,860.1642347100001
2025-01-16,15,96,q4_3,B1,q4-inheritance-v2,adjustment_time,971.8000841666667,971.8000841666669,2.2737367544323206e-13,1.015,0.7264,986.3770854291666,986.3770854291669
2025-01-16,15,97,q4_3,B1,q4-inheritance-v2,adjustment_time,1054.4985866666666,1054.4985866666666,0.0,1.0131,0.7264,1068.3125181519997,1068.3125181519997
2025-01-16,15,98,q4_3,B1,q4-inheritance-v2,adjustment_time,951.6687249999999,951.668725,1.1368683772161603e-13,1.0557,0.7264,1004.6766729825,1004.6766729825001
2025-01-16,15,99,q4_3,B1,q4-inheritance-v2,adjustment_time,979.8271861111114,774.696028714814,-205.13115739629734,1.1065,0.7264,1084.1787814319448,931.704792139277
2025-01-16,15,100,q4_3,B1,q4-inheritance-v2,adjustment_time,1046.44627462963,1046.4462746296301,2.2737367544323206e-13,1.1105,0.7264,1162.078587976204,1162.0785879762043
2025-01-16,15,101,q4_3,B1,q4-inheritance-v2,adjustment_time,1106.557485185185,1106.5574851851852,2.2737367544323206e-13,1.082,0.7264,1197.2951989703702,1197.2951989703704
2025-01-16,15,102,q4_3,B1,q4-inheritance-v2,adjustment_time,1265.0884919444443,1261.7529363888887,-3.3355555555556293,1.086,0.7264,1373.8861022516667,1371.475162696111
2025-01-16,15,103,q4_3,B1,q4-inheritance-v2,adjustment_time,1244.201323888889,1241.5328794444445,-2.6684444444445035,1.0975,0.7264,1365.5109529680556,1363.5515142125
2025-01-16,15,104,q4_3,B1,q4-inheritance-v2,adjustment_time,1247.0927000000001,1245.091366666667,-2.00133333333315,1.1043,0.7264,1377.1644686100003,1375.6812804766669
2025-01-16,15,105,q4_3,B1,q4-inheritance-v2,adjustment_time,1245.6261227777777,1244.2919005555555,-1.3342222222222517,1.1304,0.7264,1408.055769188,1407.032153899111
2025-01-16,15,106,q4_3,B1,q4-inheritance-v2,adjustment_time,1092.2013947222222,1014.4652672715998,-77.73612745062235,1.1984,0.7264,1308.8941514351109,1243.968937788351
2025-01-16,15,107,q4_3,B1,q4-inheritance-v2,adjustment_time,695.8856666666667,695.8856666666667,0.0,1.2781,1.2781,889.4114705666667,889.4114705666667
2025-01-16,15,108,q4_3,B1,q4-inheritance-v2,adjustment_time,695.6756081481482,695.6756081481482,0.0,1.3092,1.2781,910.7785061875555,910.7785061875555
2025-01-16,15,109,q4_3,B1,q4-inheritance-v2,adjustment_time,745.9978468518519,745.9978468518519,0.0,1.3184,1.2781,983.5235612894816,983.5235612894816
2025-01-16,15,110,q4_3,B1,q4-inheritance-v2,adjustment_time,801.1014497427993,801.1014497427994,1.1368683772161603e-13,1.2967,1.2781,1038.788249881488,1038.7882498814881
2025-01-16,15,111,q4_3,B1,q4-inheritance-v2,adjustment_time,729.7596108333335,729.7596108333335,0.0,1.2314,1.2781,898.6259847801668,898.6259847801668
2025-01-16,15,112,q4_3,B1,q4-inheritance-v2,adjustment_time,723.5563916666666,723.5563916666665,-1.1368683772161603e-13,1.3149,1.2781,951.4042994024999,951.4042994024999
2025-01-16,15,113,q4_3,B1,q4-inheritance-v2,adjustment_time,0.0,0.0,0.0,1.5038,1.2781,0.0,0.0
2025-01-16,15,114,q4_3,B1,q4-inheritance-v2,adjustment_time,0.0,0.0,0.0,1.5534,1.2781,0.0,0.0
2025-01-16,15,115,q4_3,B1,q4-inheritance-v2,adjustment_time,0.0,0.0,0.0,1.5597,1.2781,0.0,0.0
2025-01-16,15,116,q4_3,B1,q4-inheritance-v2,adjustment_time,0.0,0.0,0.0,1.5631,1.2781,0.0,0.0
2025-01-16,15,117,q4_3,B1,q4-inheritance-v2,adjustment_time,0.0,0.0,0.0,1.4998,1.2781,0.0,0.0
2025-01-16,15,118,q4_3,B1,q4-inheritance-v2,adjustment_time,0.0,0.0,0.0,1.4621,1.2781,0.0,0.0
2025-01-16,15,119,q4_3,B1,q4-inheritance-v2,adjustment_time,123.02146686321475,123.02146686321473,-2.842170943040401e-14,1.4923,1.2781,183.58493499997536,183.58493499997536
2025-01-16,15,120,q4_3,B1,q4-inheritance-v2,adjustment_time,37.1474558333332,37.147455833333204,7.105427357601002e-15,1.5343,1.2781,56.995341485083124,56.99534148508314
2025-01-16,15,121,q4_3,B1,q4-inheritance-v2,adjustment_time,27.536875833333397,27.536875833333397,0.0,1.5079,1.2781,41.52285506908343,41.52285506908343
2025-01-16,15,122,q4_3,B1,q4-inheritance-v2,adjustment_time,0.0,0.0,0.0,1.4948,1.2781,0.0,0.0
2025-01-16,15,123,q4_3,B1,q4-inheritance-v2,adjustment_time,0.0,0.0,0.0,1.6041,1.2781,0.0,0.0
2025-01-16,15,124,q4_3,B1,q4-inheritance-v2,adjustment_time,727.4047168518517,727.4047168518516,-1.1368683772161603e-13,1.415,1.2781,1029.2776743453703,1029.27767434537
2025-01-16,15,125,q4_3,B1,q4-inheritance-v2,adjustment_time,866.7655000000002,866.7655000000002,0.0,1.0085,1.2781,874.1330067500002,874.1330067500002
2025-01-16,15,126,q4_3,B1,q4-inheritance-v2,adjustment_time,1425.7612716666665,1425.7612716666665,0.0,0.914,1.2781,1303.1458023033333,1303.1458023033333
2025-01-16,15,127,q4_3,B1,q4-inheritance-v2,adjustment_time,761.4676566666667,761.4676566666667,0.0,0.9214,1.2781,701.6162988526667,701.6162988526667
2025-01-16,15,128,q4_3,B1,q4-inheritance-v2,adjustment_time,749.0106018518518,749.0106018518517,-1.1368683772161603e-13,0.9343,1.2781,699.8006053101851,699.8006053101851
2025-01-16,15,129,q4_3,B1,q4-inheritance-v2,adjustment_time,3.422625833333427,3.4226258333334267,-4.440892098500626e-16,1.0291,1.2781,3.5222242450834296,3.5222242450834296
2025-01-16,15,130,q4_3,B1,q4-inheritance-v2,adjustment_time,750.2004266666665,750.2004266666667,1.1368683772161603e-13,0.7823,1.2781,586.8817937813333,586.8817937813335
2025-01-16,15,131,q4_3,B1,q4-inheritance-v2,adjustment_time,636.6510833333332,636.6510833333332,0.0,0.3683,1.2781,234.47859399166663,234.47859399166663
2025-01-16,15,132,q4_3,B1,q4-inheritance-v2,adjustment_time,1327.0987741666665,1327.0987741666663,-2.2737367544323206e-13,0.4164,1.2781,552.603929563,552.603929563
2025-01-16,15,133,q4_3,B1,q4-inheritance-v2,adjustment_time,577.4353511111112,577.4353511111112,0.0,0.4966,1.2781,286.7543953617778,286.7543953617778
2025-01-16,15,134,q4_3,B1,q4-inheritance-v2,adjustment_time,503.1045,503.1044999999999,-5.684341886080802e-14,0.4229,1.2781,212.76289304999997,212.76289305
2025-01-16,15,135,q4_3,B1,q4-inheritance-v2,adjustment_time,306.1837844074074,306.1837844074074,0.0,0.4373,1.2781,133.89416892135927,133.89416892135927
2025-01-16,15,136,q4_3,B1,q4-inheritance-v2,adjustment_time,596.5954258333334,596.5954258333334,0.0,0.4331,1.2781,258.38547892841666,258.38547892841666
2025-01-16,15,137,q4_3,B1,q4-inheritance-v2,adjustment_time,1323.3584999999998,1323.3584999999998,0.0,0.3873,1.2781,512.5367470499999,512.5367470499999
2025-01-16,15,138,q4_3,B1,q4-inheritance-v2,adjustment_time,1354.838335,1354.838335,0.0,0.4108,1.2781,556.5675880179999,556.5675880179999
2025-01-16,15,139,q4_3,B1,q4-inheritance-v2,adjustment_time,644.8271316666667,644.8271316666668,1.1368683772161603e-13,0.4457,1.2781,287.39945258383335,287.3994525838336
2025-01-16,15,140,q4_3,B1,q4-inheritance-v2,adjustment_time,0.0,0.0,0.0,0.4608,1.2781,0.0,0.0
2025-01-16,15,141,q4_3,B1,q4-inheritance-v2,adjustment_time,0.0,0.0,0.0,0.4736,1.2781,0.0,0.0
2025-01-16,15,142,q4_3,B1,q4-inheritance-v2,adjustment_time,564.2467673148149,564.246767314815,1.1368683772161603e-13,0.4179,1.2781,235.79872406086113,235.79872406086136
2025-01-16,15,143,q4_3,B1,q4-inheritance-v2,adjustment_time,1256.0735416666666,1256.0735416666666,0.0,0.3275,1.2781,411.36408489583334,411.36408489583334
2025-01-17,16,0,q4_3,B1,q4-inheritance-v2,adjustment_time,1344.3284374074074,1344.3284374074074,0.0,0.3211,0.3211,431.6638612515185,431.6638612515185
2025-01-17,16,1,q4_3,B1,q4-inheritance-v2,adjustment_time,1259.3007602572097,1259.3007602572097,0.0,0.3668,0.3668,461.91151886234456,461.91151886234456
2025-01-17,16,2,q4_3,B1,q4-inheritance-v2,adjustment_time,1344.7601018518517,1344.7601018518517,0.0,0.3963,0.3963,532.9284283638888,532.9284283638888
2025-01-17,16,3,q4_3,B1,q4-inheritance-v2,adjustment_time,579.6967025,579.6967025,0.0,0.3667,0.3667,212.57478080675003,212.57478080675003
2025-01-17,16,4,q4_3,B1,q4-inheritance-v2,adjustment_time,1379.7700937037037,1379.7700937037037,0.0,0.3266,0.3266,450.6329126036296,450.6329126036296
2025-01-17,16,5,q4_3,B1,q4-inheritance-v2,adjustment_time,1387.4208333333331,1387.4208333333331,0.0,0.3115,0.3115,432.1815895833333,432.1815895833333
2025-01-17,16,6,q4_3,B1,q4-inheritance-v2,adjustment_time,1397.2738262037037,1397.2738262037037,0.0,0.3188,0.3188,445.4508957937407,445.4508957937407
2025-01-17,16,7,q4_3,B1,q4-inheritance-v2,adjustment_time,571.6803855555556,571.6803855555556,0.0,0.3375,0.3375,192.94213012500003,192.94213012500003
2025-01-17,16,8,q4_3,B1,q4-inheritance-v2,adjustment_time,0.0,0.0,0.0,0.3586,0.3586,0.0,0.0
2025-01-17,16,9,q4_3,B1,q4-inheritance-v2,adjustment_time,654.46709,654.46709,0.0,0.3751,0.3751,245.490605459,245.490605459
2025-01-17,16,10,q4_3,B1,q4-inheritance-v2,adjustment_time,1434.0599505555556,1434.0599505555556,0.0,0.3767,0.3767,540.2103833742777,540.2103833742777
2025-01-17,16,11,q4_3,B1,q4-inheritance-v2,adjustment_time,554.81475,554.81475,0.0,0.368,0.368,204.171828,204.171828
2025-01-17,16,12,q4_3,B1,q4-inheritance-v2,adjustment_time,613.2162339219951,613.2162339219951,0.0,0.3635,0.3635,222.90410103064522,222.90410103064522
2025-01-17,16,13,q4_3,B1,q4-inheritance-v2,adjustment_time,1407.580382222222,1407.580382222222,0.0,0.3564,0.3564,501.6616482239999,501.6616482239999
2025-01-17,16,14,q4_3,B1,q4-inheritance-v2,adjustment_time,1432.3816851851852,1432.3816851851852,0.0,0.3578,0.3578,512.5061669592593,512.5061669592593
2025-01-17,16,15,q4_3,B1,q4-inheritance-v2,adjustment_time,1404.0439887962962,1404.0439887962962,0.0,0.3845,0.3845,539.8549136921758,539.8549136921758
2025-01-17,16,16,q4_3,B1,q4-inheritance-v2,adjustment_time,670.7829158333332,670.7829158333332,0.0,0.3862,0.3862,259.0563620948333,259.0563620948333
2025-01-17,16,17,q4_3,B1,q4-inheritance-v2,adjustment_time,575.1889907407407,575.1889907407407,0.0,0.3786,0.3786,217.7665518944444,217.7665518944444
2025-01-17,16,18,q4_3,B1,q4-inheritance-v2,adjustment_time,0.0,0.0,0.0,0.4201,0.4201,0.0,0.0
2025-01-17,16,19,q4_3,B1,q4-inheritance-v2,adjustment_time,0.0,0.0,0.0,0.4138,0.4138,0.0,0.0
2025-01-17,16,20,q4_3,B1,q4-inheritance-v2,adjustment_time,0.0,0.0,0.0,0.371,0.371,0.0,0.0
2025-01-17,16,21,q4_3,B1,q4-inheritance-v2,adjustment_time,1392.731546388889,1392.731546388889,0.0,0.4017,0.4017,559.4602621844167,559.4602621844167
2025-01-17,16,22,q4_3,B1,q4-inheritance-v2,adjustment_time,1395.5157822222222,1395.5157822222222,0.0,0.4249,0.4249,592.9546558662222,592.9546558662222
2025-01-17,16,23,q4_3,B1,q4-inheritance-v2,adjustment_time,0.0,0.0,0.0,0.4118,0.4118,0.0,0.0
2025-01-17,16,24,q4_3,B1,q4-inheritance-v2,adjustment_time,598.9417325,598.9417325,0.0,0.4174,0.4174,249.99827914549996,249.99827914549996
2025-01-17,16,25,q4_3,B1,q4-inheritance-v2,adjustment_time,1330.7537933641956,1330.7537933641956,0.0,0.426,0.426,566.9011159731473,566.9011159731473
2025-01-17,16,26,q4_3,B1,q4-inheritance-v2,adjustment_time,678.9663333333334,678.9663333333334,0.0,0.4246,0.4246,288.28910513333335,288.28910513333335
2025-01-17,16,27,q4_3,B1,q4-inheritance-v2,adjustment_time,0.0,0.0,0.0,0.4256,0.4256,0.0,0.0
2025-01-17,16,28,q4_3,B1,q4-inheritance-v2,adjustment_time,0.0,0.0,0.0,0.4554,0.4554,0.0,0.0
2025-01-17,16,29,q4_3,B1,q4-inheritance-v2,adjustment_time,1064.3849789814838,1064.3849789814838,0.0,0.4702,0.4702,500.4738171170937,500.4738171170937
2025-01-17,16,30,q4_3,B1,q4-inheritance-v2,adjustment_time,699.2647116666665,699.2647116666665,0.0,0.4,0.4,279.7058846666666,279.7058846666666
2025-01-17,16,31,q4_3,B1,q4-inheritance-v2,adjustment_time,692.8135542592591,692.8135542592591,0.0,0.3588,0.3588,248.58150326822218,248.58150326822218
2025-01-17,16,32,q4_3,B1,q4-inheritance-v2,adjustment_time,718.1193333333332,718.1193333333332,0.0,0.3712,0.3712,266.5658965333333,266.5658965333333
2025-01-17,16,33,q4_3,B1,q4-inheritance-v2,adjustment_time,1469.101424722222,1469.101424722222,0.0,0.3863,0.3863,567.5138803701943,567.5138803701943
2025-01-17,16,34,q4_3,B1,q4-inheritance-v2,adjustment_time,684.4931908333332,684.4931908333332,0.0,0.5793,0.5793,396.52690544974996,396.52690544974996
2025-01-17,16,35,q4_3,B1,q4-inheritance-v2,adjustment_time,718.4718796296298,718.4718796296299,1.1368683772161603e-13,0.8381,0.8381,602.1512823175927,602.1512823175929
2025-01-17,16,36,q4_3,B1,q4-inheritance-v2,adjustment_time,705.2475960185184,705.2475960185184,0.0,0.8408,0.8381,592.9721787323703,592.9721787323703
2025-01-17,16,37,q4_3,B1,q4-inheritance-v2,adjustment_time,718.1895349074074,718.1895349074074,0.0,0.796,0.8381,571.6788697862963,571.6788697862963
2025-01-17,16,38,q4_3,B1,q4-inheritance-v2,adjustment_time,747.7367564814815,747.7367564814816,1.1368683772161603e-13,0.8067,0.8381,603.1992414536111,603.1992414536112
2025-01-17,16,39,q4_3,B1,q4-inheritance-v2,adjustment_time,168.46142140025142,168.46142140025142,0.0,0.7849,0.8381,132.22536965705734,132.22536965705734
2025-01-17,16,40,q4_3,B1,q4-inheritance-v2,adjustment_time,0.0,0.0,0.0,0.8383,0.8381,0.0,0.0
2025-01-17,16,41,q4_3,B1,q4-inheritance-v2,adjustment_time,120.54384634259088,120.5438463425909,1.4210854715202004e-14,0.9197,0.8381,110.86417548128082,110.86417548128084
2025-01-17,16,42,q4_3,B1,q4-inheritance-v2,adjustment_time,0.0,0.0,0.0,0.8591,0.8381,0.0,0.0
2025-01-17,16,43,q4_3,B1,q4-inheritance-v2,adjustment_time,666.4320402777777,666.4320402777778,1.1368683772161603e-13,0.8112,0.8381,540.6096710733333,540.6096710733334
2025-01-17,16,44,q4_3,B1,q4-inheritance-v2,adjustment_time,1480.5059092592594,1480.5059092592594,0.0,0.8043,0.8381,1190.7709028172223,1190.7709028172223
2025-01-17,16,45,q4_3,B1,q4-inheritance-v2,adjustment_time,1372.0421169444446,1372.0421169444446,0.0,0.7442,0.8381,1021.0737434300556,1021.0737434300556
2025-01-17,16,46,q4_3,B1,q4-inheritance-v2,adjustment_time,0.0,0.0,0.0,0.8678,0.8381,0.0,0.0
2025-01-17,16,47,q4_3,B1,q4-inheritance-v2,adjustment_time,0.0,0.0,0.0,1.088,0.8381,0.0,0.0
2025-01-17,16,48,q4_3,B1,q4-inheritance-v2,adjustment_time,0.0,0.0,0.0,1.0564,0.8381,0.0,0.0
2025-01-17,16,49,q4_3,B1,q4-inheritance-v2,adjustment_time,0.0,0.0,0.0,1.0024,0.8381,0.0,0.0
2025-01-17,16,50,q4_3,B1,q4-inheritance-v2,adjustment_time,0.0,0.0,0.0,1.0118,0.8381,0.0,0.0
2025-01-17,16,51,q4_3,B1,q4-inheritance-v2,adjustment_time,0.0,0.0,0.0,0.9508,0.8381,0.0,0.0
2025-01-17,16,52,q4_3,B1,q4-inheritance-v2,adjustment_time,0.0,0.0,0.0,0.966,0.8381,0.0,0.0
2025-01-17,16,53,q4_3,B1,q4-inheritance-v2,adjustment_time,0.0,0.0,0.0,1.04,0.8381,0.0,0.0
2025-01-17,16,54,q4_3,B1,q4-inheritance-v2,adjustment_time,0.0,0.0,0.0,0.9937,0.8381,0.0,0.0
2025-01-17,16,55,q4_3,B1,q4-inheritance-v2,adjustment_time,0.0,0.0,0.0,0.943,0.8381,0.0,0.0
2025-01-17,16,56,q4_3,B1,q4-inheritance-v2,adjustment_time,0.0,0.0,0.0,0.9382,0.8381,0.0,0.0
2025-01-17,16,57,q4_3,B1,q4-inheritance-v2,adjustment_time,0.0,0.0,0.0,0.93,0.8381,0.0,0.0
2025-01-17,16,58,q4_3,B1,q4-inheritance-v2,adjustment_time,0.0,0.0,0.0,1.0261,0.8381,0.0,0.0
2025-01-17,16,59,q4_3,B1,q4-inheritance-v2,adjustment_time,0.0,0.0,0.0,1.1554,0.8381,0.0,0.0
2025-01-17,16,60,q4_3,B1,q4-inheritance-v2,adjustment_time,0.0,0.0,0.0,1.113,0.8381,0.0,0.0
2025-01-17,16,61,q4_3,B1,q4-inheritance-v2,adjustment_time,0.0,0.0,0.0,1.0349,0.8381,0.0,0.0
2025-01-17,16,62,q4_3,B1,q4-inheritance-v2,adjustment_time,0.0,0.0,0.0,1.0502,0.8381,0.0,0.0
2025-01-17,16,63,q4_3,B1,q4-inheritance-v2,adjustment_time,0.0,0.0,0.0,1.1127,0.8381,0.0,0.0
2025-01-17,16,64,q4_3,B1,q4-inheritance-v2,adjustment_time,0.0,0.0,0.0,0.8786,0.8381,0.0,0.0
2025-01-17,16,65,q4_3,B1,q4-inheritance-v2,adjustment_time,757.0920648148149,757.092064814815,1.1368683772161603e-13,0.4878,0.8381,369.3095092166667,369.30950921666687
2025-01-17,16,66,q4_3,B1,q4-inheritance-v2,adjustment_time,753.543717407407,753.5437174074071,1.1368683772161603e-13,0.4442,0.8381,334.7241192723702,334.7241192723704
2025-01-17,16,67,q4_3,B1,q4-inheritance-v2,adjustment_time,0.0,0.0,0.0,0.4919,0.8381,0.0,0.0
2025-01-17,16,68,q4_3,B1,q4-inheritance-v2,adjustment_time,759.1277611111113,759.1277611111115,1.1368683772161603e-13,0.4731,0.8381,359.1433437816668,359.14334378166694
2025-01-17,16,69,q4_3,B1,q4-inheritance-v2,adjustment_time,865.6893903703701,824.4135496296296,-41.27584074074048,0.4882,0.8381,422.6295603788147,419.7753359915925
2025-01-17,16,70,q4_3,B1,q4-inheritance-v2,adjustment_time,847.0733350000003,841.6004998148148,-5.472835185185431,0.4965,0.8381,420.5719108275001,420.14803974240755
2025-01-17,16,71,q4_3,B1,q4-inheritance-v2,adjustment_time,787.573866666667,29.22831666666673,-758.3455500000002,0.4837,0.4837,380.94947930666683,197.54360803916677
2025-01-17,16,72,q4_3,B1,q4-inheritance-v2,adjustment_time,764.7532232407407,0.0,-764.7532232407407,0.4806,0.4837,367.5403990895,184.95556704077313
2025-01-17,16,73,q4_3,B1,q4-inheritance-v2,adjustment_time,776.1450121296295,0.0,-776.1450121296295,0.4412,0.4837,342.4351793515925,187.71067118355091
2025-01-17,16,74,q4_3,B1,q4-inheritance-v2,adjustment_time,784.6841416666667,0.0,-784.6841416666667,0.3684,0.4837,289.07763779000004,189.77585966208335
2025-01-17,16,75,q4_3,B1,q4-inheritance-v2,adjustment_time,780.6755436111114,172.78890348765447,-607.8866401234569,0.3582,0.4837,279.63797972150013,208.91036914313588
2025-01-17,16,76,q4_3,B1,q4-inheritance-v2,adjustment_time,158.9151147301755,0.0,-158.9151147301755,0.5841,0.4837,92.82231851389551,38.433620497492946
2025-01-17,16,77,q4_3,B1,q4-inheritance-v2,adjustment_time,0.0,0.0,0.0,0.8624,0.4837,0.0,0.0
2025-01-17,16,78,q4_3,B1,q4-inheritance-v2,adjustment_time,0.0,0.0,0.0,0.815,0.4837,0.0,0.0
2025-01-17,16,79,q4_3,B1,q4-inheritance-v2,adjustment_time,0.0,0.0,0.0,0.7695,0.4837,0.0,0.0
2025-01-17,16,80,q4_3,B1,q4-inheritance-v2,adjustment_time,0.0,0.0,0.0,0.8273,0.4837,0.0,0.0
2025-01-17,16,81,q4_3,B1,q4-inheritance-v2,adjustment_time,0.0,0.0,0.0,0.7911,0.4837,0.0,0.0
2025-01-17,16,82,q4_3,B1,q4-inheritance-v2,adjustment_time,0.0,0.0,0.0,0.8832,0.4837,0.0,0.0
2025-01-17,16,83,q4_3,B1,q4-inheritance-v2,adjustment_time,0.0,0.0,0.0,1.0771,0.4837,0.0,0.0
2025-01-17,16,84,q4_3,B1,q4-inheritance-v2,adjustment_time,0.0,0.0,0.0,1.0917,0.4837,0.0,0.0
2025-01-17,16,85,q4_3,B1,q4-inheritance-v2,adjustment_time,0.0,0.0,0.0,1.0555,0.4837,0.0,0.0
2025-01-17,16,86,q4_3,B1,q4-inheritance-v2,adjustment_time,0.0,0.0,0.0,1.1055,0.4837,0.0,0.0
2025-01-17,16,87,q4_3,B1,q4-inheritance-v2,adjustment_time,0.0,0.0,0.0,1.1999,0.4837,0.0,0.0
2025-01-17,16,88,q4_3,B1,q4-inheritance-v2,adjustment_time,0.0,0.0,0.0,0.9963,0.4837,0.0,0.0
2025-01-17,16,89,q4_3,B1,q4-inheritance-v2,adjustment_time,877.7163655943662,877.7163655943662,0.0,0.6364,0.4837,558.5786950642546,558.5786950642546
2025-01-17,16,90,q4_3,B1,q4-inheritance-v2,adjustment_time,1136.4717721296297,771.5552104447278,-364.9165616849019,0.6254,0.4837,710.7494462898703,570.7856990556263
2025-01-17,16,91,q4_3,B1,q4-inheritance-v2,adjustment_time,370.55119972222195,142.7313808611109,-227.81981886111106,0.7055,0.4837,261.4238714040276,155.79521238907344
2025-01-17,16,92,q4_3,B1,q4-inheritance-v2,adjustment_time,465.79418981481496,465.79418981481496,0.0,0.6923,0.4837,322.4693176087964,322.4693176087964
2025-01-17,16,93,q4_3,B1,q4-inheritance-v2,adjustment_time,493.87752638888884,442.2007652777776,-51.67676111111126,0.6642,0.4837,328.03345302749995,306.20777297222213
2025-01-17,16,94,q4_3,B1,q4-inheritance-v2,adjustment_time,0.0,0.0,0.0,0.6684,0.4837,0.0,0.0
2025-01-17,16,95,q4_3,B1,q4-inheritance-v2,adjustment_time,0.0,0.0,0.0,0.695,0.4837,0.0,0.0
2025-01-17,16,96,q4_3,B1,q4-inheritance-v2,adjustment_time,606.8489575000001,599.027835277778,-7.8211222222221295,0.71,0.4837,430.86275982500007,427.2013014566668
2025-01-17,16,97,q4_3,B1,q4-inheritance-v2,adjustment_time,655.3996337962961,655.399633796296,-1.1368683772161603e-13,0.7639,0.4837,500.65978025699064,500.65978025699053
2025-01-17,16,98,q4_3,B1,q4-inheritance-v2,adjustment_time,696.5173916666666,696.5173916666666,0.0,0.8486,0.4837,591.0646585683334,591.0646585683334
2025-01-17,16,99,q4_3,B1,q4-inheritance-v2,adjustment_time,406.18515731692594,406.185157316926,5.684341886080802e-14,0.8845,0.4837,359.27077164682095,359.270771646821
2025-01-17,16,100,q4_3,B1,q4-inheritance-v2,adjustment_time,794.8106251851851,794.810625185185,-1.1368683772161603e-13,0.8286,0.4837,658.5800840284444,658.5800840284443
2025-01-17,16,101,q4_3,B1,q4-inheritance-v2,adjustment_time,1327.741991152263,1327.7419911522632,2.2737367544323206e-13,0.7591,0.4837,1007.8889454836827,1007.8889454836828
2025-01-17,16,102,q4_3,B1,q4-inheritance-v2,adjustment_time,931.0831819444442,929.8598461807794,-1.2233357636647497,0.8003,0.4837,745.1458705101387,744.46269865292
2025-01-17,16,103,q4_3,B1,q4-inheritance-v2,adjustment_time,545.3116886944443,90.624775,-454.68691369444434,0.8198,0.4837,447.0465223917055,184.26022062200136
2025-01-17,16,104,q4_3,B1,q4-inheritance-v2,adjustment_time,763.8110027777777,724.2145916666667,-39.596411111111024,0.7691,0.4837,587.4470422363888,566.5698344780557
2025-01-17,16,105,q4_3,B1,q4-inheritance-v2,adjustment_time,1539.7981597222222,1539.7981597222222,0.0,0.7502,0.4837,1155.156579423611,1155.156579423611
2025-01-17,16,106,q4_3,B1,q4-inheritance-v2,adjustment_time,683.4881744444442,676.1840180555556,-7.3041563888886,0.8659,0.4837,591.8324102514442,587.2742514569584
2025-01-17,16,107,q4_3,B1,q4-inheritance-v2,adjustment_time,189.69322599074064,189.69322599074067,2.842170943040401e-14,1.0594,1.0594,200.96100361459062,200.96100361459068
2025-01-17,16,108,q4_3,B1,q4-inheritance-v2,adjustment_time,552.1145989814814,552.1145989814814,0.0,1.1546,1.0594,637.4715159840185,637.4715159840185
2025-01-17,16,109,q4_3,B1,q4-inheritance-v2,adjustment_time,624.7368174999999,624.7368174999998,-1.1368683772161603e-13,1.1322,1.0594,707.3270247734999,707.3270247734999
2025-01-17,16,110,q4_3,B1,q4-inheritance-v2,adjustment_time,667.7163333333332,667.7163333333331,-1.1368683772161603e-13,1.0699,1.0594,714.3897050333333,714.3897050333333
2025-01-17,16,111,q4_3,B1,q4-inheritance-v2,adjustment_time,700.6643458333333,700.6643458333334,1.1368683772161603e-13,1.085,1.0594,760.2208152291666,760.2208152291669
2025-01-17,16,112,q4_3,B1,q4-inheritance-v2,adjustment_time,0.0,0.0,0.0,1.2211,1.0594,0.0,0.0
2025-01-17,16,113,q4_3,B1,q4-inheritance-v2,adjustment_time,0.0,0.0,0.0,1.3764,1.0594,0.0,0.0
2025-01-17,16,114,q4_3,B1,q4-inheritance-v2,adjustment_time,0.0,0.0,0.0,1.3886,1.0594,0.0,0.0
2025-01-17,16,115,q4_3,B1,q4-inheritance-v2,adjustment_time,0.0,0.0,0.0,1.3556,1.0594,0.0,0.0
2025-01-17,16,116,q4_3,B1,q4-inheritance-v2,adjustment_time,0.0,0.0,0.0,1.3479,1.0594,0.0,0.0
2025-01-17,16,117,q4_3,B1,q4-inheritance-v2,adjustment_time,0.0,0.0,0.0,1.3451,1.0594,0.0,0.0
2025-01-17,16,118,q4_3,B1,q4-inheritance-v2,adjustment_time,0.0,0.0,0.0,1.3424,1.0594,0.0,0.0
2025-01-17,16,119,q4_3,B1,q4-inheritance-v2,adjustment_time,0.0,0.0,0.0,1.3414,1.0594,0.0,0.0
2025-01-17,16,120,q4_3,B1,q4-inheritance-v2,adjustment_time,0.0,0.0,0.0,1.3378,1.0594,0.0,0.0
2025-01-17,16,121,q4_3,B1,q4-inheritance-v2,adjustment_time,0.0,0.0,0.0,1.3007,1.0594,0.0,0.0
2025-01-17,16,122,q4_3,B1,q4-inheritance-v2,adjustment_time,0.0,0.0,0.0,1.3113,1.0594,0.0,0.0
2025-01-17,16,123,q4_3,B1,q4-inheritance-v2,adjustment_time,0.0,0.0,0.0,1.4338,1.0594,0.0,0.0
2025-01-17,16,124,q4_3,B1,q4-inheritance-v2,adjustment_time,319.8463645761778,319.8463645761778,0.0,1.2192,1.0594,389.956687691276,389.956687691276
2025-01-17,16,125,q4_3,B1,q4-inheritance-v2,adjustment_time,691.3293333333334,691.3293333333334,0.0,0.7884,1.0594,545.0440464,545.0440464
2025-01-17,16,126,q4_3,B1,q4-inheritance-v2,adjustment_time,1375.483901574074,1375.483901574074,0.0,0.7369,1.0594,1013.5940870699352,1013.5940870699352
2025-01-17,16,127,q4_3,B1,q4-inheritance-v2,adjustment_time,575.1146425,575.1146425000001,1.1368683772161603e-13,0.7736,1.0594,444.90868743799996,444.90868743800013
2025-01-17,16,128,q4_3,B1,q4-inheritance-v2,adjustment_time,323.1136875462956,323.1136875462956,0.0,0.767,1.0594,247.82819834800873,247.82819834800873
2025-01-17,16,129,q4_3,B1,q4-inheritance-v2,adjustment_time,40.539969583333345,40.539969583333345,0.0,0.8496,1.0594,34.44275815800001,34.44275815800001
2025-01-17,16,130,q4_3,B1,q4-inheritance-v2,adjustment_time,624.1880099999998,624.1880099999997,-1.1368683772161603e-13,0.6784,1.0594,423.4491459839999,423.44914598399987
2025-01-17,16,131,q4_3,B1,q4-inheritance-v2,adjustment_time,548.3052499999999,548.3052499999998,-1.1368683772161603e-13,0.3372,1.0594,184.88853029999996,184.88853029999999
2025-01-17,16,132,q4_3,B1,q4-inheritance-v2,adjustment_time,1253.2709708333332,1253.270970833333,-2.2737367544323206e-13,0.2934,1.0594,367.70970284249995,367.7097028425
2025-01-17,16,133,q4_3,B1,q4-inheritance-v2,adjustment_time,1305.0836237037038,1305.0836237037038,0.0,0.3608,1.0594,470.87417143229635,470.87417143229635
2025-01-17,16,134,q4_3,B1,q4-inheritance-v2,adjustment_time,1256.0119166666666,1256.0119166666668,2.2737367544323206e-13,0.3634,1.0594,456.43473051666666,456.434730516667
2025-01-17,16,135,q4_3,B1,q4-inheritance-v2,adjustment_time,1252.9640375,1252.9640375,0.0,0.3263,1.0594,408.84216543624996,408.84216543624996
2025-01-17,16,136,q4_3,B1,q4-inheritance-v2,adjustment_time,782.468534308364,782.468534308364,0.0,0.3509,1.0594,274.56820868880493,274.56820868880493
2025-01-17,16,137,q4_3,B1,q4-inheritance-v2,adjustment_time,400.10291666666666,400.1029166666666,-5.684341886080802e-14,0.4129,1.0594,165.20249429166665,165.20249429166665
2025-01-17,16,138,q4_3,B1,q4-inheritance-v2,adjustment_time,0.0,0.0,0.0,0.3905,1.0594,0.0,0.0
2025-01-17,16,139,q4_3,B1,q4-inheritance-v2,adjustment_time,460.04934416666663,460.0493441666666,-5.684341886080802e-14,0.3418,1.0594,157.24486583616664,157.24486583616667
2025-01-17,16,140,q4_3,B1,q4-inheritance-v2,adjustment_time,540.515,540.5150000000001,1.1368683772161603e-13,0.3343,1.0594,180.6941645,180.69416450000017
2025-01-17,16,141,q4_3,B1,q4-inheritance-v2,adjustment_time,1213.9230825,1213.9230825000002,2.2737367544323206e-13,0.3711,1.0594,450.48685591574997,450.4868559157503
2025-01-17,16,142,q4_3,B1,q4-inheritance-v2,adjustment_time,1277.218515,1277.2185149999998,-2.2737367544323206e-13,0.353,1.0594,450.858135795,450.858135795
2025-01-17,16,143,q4_3,B1,q4-inheritance-v2,adjustment_time,1305.2652916666666,1305.2652916666666,0.0,0.3106,1.0594,405.41539959166664,405.41539959166664
2025-01-18,17,0,q4_3,B1,q4-inheritance-v2,adjustment_time,636.6892556481481,636.6892556481481,0.0,0.3638,0.3638,231.62755120479628,231.62755120479628
2025-01-18,17,1,q4_3,B1,q4-inheritance-v2,adjustment_time,147.32430881481469,147.32430881481469,0.0,0.3773,0.3773,55.58546171582958,55.58546171582958
2025-01-18,17,2,q4_3,B1,q4-inheritance-v2,adjustment_time,0.0,0.0,0.0,0.3359,0.3359,0.0,0.0
2025-01-18,17,3,q4_3,B1,q4-inheritance-v2,adjustment_time,540.8554741666666,540.8554741666666,0.0,0.3662,0.3662,198.0612746398333,198.0612746398333
2025-01-18,17,4,q4_3,B1,q4-inheritance-v2,adjustment_time,1324.3237262037037,1324.3237262037037,0.0,0.4239,0.4239,561.38082753775,561.38082753775
2025-01-18,17,5,q4_3,B1,q4-inheritance-v2,adjustment_time,492.02083333333314,492.02083333333314,0.0,0.438,0.438,215.5051249999999,215.5051249999999
2025-01-18,17,6,q4_3,B1,q4-inheritance-v2,adjustment_time,374.7757265740739,374.7757265740739,0.0,0.3852,0.3852,144.36360987633324,144.36360987633324
2025-01-18,17,7,q4_3,B1,q4-inheritance-v2,adjustment_time,506.10355972222226,506.10355972222226,0.0,0.3562,0.3562,180.27408797305557,180.27408797305557
2025-01-18,17,8,q4_3,B1,q4-inheritance-v2,adjustment_time,576.45075,576.45075,0.0,0.3641,0.3641,209.88571807499997,209.88571807499997
2025-01-18,17,9,q4_3,B1,q4-inheritance-v2,adjustment_time,187.05872582407488,187.05872582407488,0.0,0.3445,0.3445,64.4417310463938,64.4417310463938
2025-01-18,17,10,q4_3,B1,q4-inheritance-v2,adjustment_time,0.0,0.0,0.0,0.3446,0.3446,0.0,0.0
2025-01-18,17,11,q4_3,B1,q4-inheritance-v2,adjustment_time,545.2406759259259,545.2406759259259,0.0,0.3686,0.3686,200.97571314629627,200.97571314629627
2025-01-18,17,12,q4_3,B1,q4-inheritance-v2,adjustment_time,1352.1081526930739,1352.1081526930739,0.0,0.3666,0.3666,495.68284877728087,495.68284877728087
2025-01-18,17,13,q4_3,B1,q4-inheritance-v2,adjustment_time,532.0851958333333,532.0851958333333,0.0,0.3583,0.3583,190.6461256670833,190.6461256670833
2025-01-18,17,14,q4_3,B1,q4-inheritance-v2,adjustment_time,510.3983888888887,510.3983888888887,0.0,0.3683,0.3683,187.97972662777772,187.97972662777772
2025-01-18,17,15,q4_3,B1,q4-inheritance-v2,adjustment_time,522.4464414814813,522.4464414814813,0.0,0.3935,0.3935,205.5826747229629,205.5826747229629
2025-01-18,17,16,q4_3,B1,q4-inheritance-v2,adjustment_time,536.6073577777778,536.6073577777778,0.0,0.382,0.382,204.98401067111112,204.98401067111112
2025-01-18,17,17,q4_3,B1,q4-inheritance-v2,adjustment_time,514.7227407407405,514.7227407407405,0.0,0.3644,0.3644,187.56496672592584,187.56496672592584
2025-01-18,17,18,q4_3,B1,q4-inheritance-v2,adjustment_time,523.6588688065846,523.6588688065846,0.0,0.4178,0.4178,218.78467538739105,218.78467538739105
2025-01-18,17,19,q4_3,B1,q4-inheritance-v2,adjustment_time,502.2418780555554,502.2418780555554,0.0,0.4296,0.4296,215.76311081266658,215.76311081266658
2025-01-18,17,20,q4_3,B1,q4-inheritance-v2,adjustment_time,0.0,0.0,0.0,0.3924,0.3924,0.0,0.0
2025-01-18,17,21,q4_3,B1,q4-inheritance-v2,adjustment_time,522.5350172222222,522.5350172222222,0.0,0.4093,0.4093,213.87358254905556,213.87358254905556
2025-01-18,17,22,q4_3,B1,q4-inheritance-v2,adjustment_time,563.7226783333333,563.7226783333333,0.0,0.4144,0.4144,233.6066779013333,233.6066779013333
2025-01-18,17,23,q4_3,B1,q4-inheritance-v2,adjustment_time,520.0650277777776,520.0650277777776,0.0,0.3947,0.3947,205.2696664638888,205.2696664638888
2025-01-18,17,24,q4_3,B1,q4-inheritance-v2,adjustment_time,577.3904511111111,577.3904511111111,0.0,0.4109,0.4109,237.24973636155556,237.24973636155556
2025-01-18,17,25,q4_3,B1,q4-inheritance-v2,adjustment_time,8.248247944444529,8.248247944444529,0.0,0.4347,0.4347,3.5855133814500366,3.5855133814500366
2025-01-18,17,26,q4_3,B1,q4-inheritance-v2,adjustment_time,613.9282407407408,613.9282407407408,0.0,0.4408,0.4408,270.6195685185185,270.6195685185185
2025-01-18,17,27,q4_3,B1,q4-inheritance-v2,adjustment_time,1380.1143858333335,1380.1143858333335,0.0,0.4324,0.4324,596.7614604343335,596.7614604343335
2025-01-18,17,28,q4_3,B1,q4-inheritance-v2,adjustment_time,530.2222830555555,530.2222830555555,0.0,0.423,0.423,224.28402573249997,224.28402573249997
2025-01-18,17,29,q4_3,B1,q4-inheritance-v2,adjustment_time,0.0,0.0,0.0,0.4304,0.4304,0.0,0.0
2025-01-18,17,30,q4_3,B1,q4-inheritance-v2,adjustment_time,1320.0607448148148,1320.0607448148148,0.0,0.458,0.458,604.5878211251852,604.5878211251852
2025-01-18,17,31,q4_3,B1,q4-inheritance-v2,adjustment_time,659.8713883333332,659.8713883333332,0.0,0.4455,0.4455,293.97270350249994,293.97270350249994
2025-01-18,17,32,q4_3,B1,q4-inheritance-v2,adjustment_time,0.0,0.0,0.0,0.3819,0.3819,0.0,0.0
2025-01-18,17,33,q4_3,B1,q4-inheritance-v2,adjustment_time,1360.7603039814808,1360.7603039814808,0.0,0.3522,0.3522,479.2597790622776,479.2597790622776
2025-01-18,17,34,q4_3,B1,q4-inheritance-v2,adjustment_time,601.9394441666665,601.9394441666665,0.0,0.5486,0.5486,330.2239790698332,330.2239790698332
2025-01-18,17,35,q4_3,B1,q4-inheritance-v2,adjustment_time,572.6776296296298,572.6776296296298,0.0,0.8263,0.8263,473.2035253629631,473.2035253629631
2025-01-18,17,36,q4_3,B1,q4-inheritance-v2,adjustment_time,557.672844074074,557.672844074074,0.0,0.8281,0.8263,461.8088821777406,461.8088821777406
2025-01-18,17,37,q4_3,B1,q4-inheritance-v2,adjustment_time,579.3385835185185,579.3385835185185,0.0,0.7857,0.8263,455.18632507049995,455.18632507049995
2025-01-18,17,38,q4_3,B1,q4-inheritance-v2,adjustment_time,8.554566623607798,8.554566623607798,0.0,0.8158,0.8263,6.9788154515392415,6.9788154515392415
2025-01-18,17,39,q4_3,B1,q4-inheritance-v2,adjustment_time,0.0,0.0,0.0,0.8084,0.8263,0.0,0.0
2025-01-18,17,40,q4_3,B1,q4-inheritance-v2,adjustment_time,0.0,0.0,0.0,0.8083,0.8263,0.0,0.0
2025-01-18,17,41,q4_3,B1,q4-inheritance-v2,adjustment_time,0.0,0.0,0.0,0.8337,0.8263,0.0,0.0
2025-01-18,17,42,q4_3,B1,q4-inheritance-v2,adjustment_time,0.0,0.0,0.0,0.8455,0.8263,0.0,0.0
2025-01-18,17,43,q4_3,B1,q4-inheritance-v2,adjustment_time,534.2973474999998,534.2973474999998,0.0,0.8494,0.8263,453.8321669664998,453.8321669664998
2025-01-18,17,44,q4_3,B1,q4-inheritance-v2,adjustment_time,0.0,0.0,0.0,0.8175,0.8263,0.0,0.0
2025-01-18,17,45,q4_3,B1,q4-inheritance-v2,adjustment_time,0.0,0.0,0.0,0.743,0.8263,0.0,0.0
2025-01-18,17,46,q4_3,B1,q4-inheritance-v2,adjustment_time,0.0,0.0,0.0,0.8671,0.8263,0.0,0.0
2025-01-18,17,47,q4_3,B1,q4-inheritance-v2,adjustment_time,0.0,0.0,0.0,1.0946,0.8263,0.0,0.0
2025-01-18,17,48,q4_3,B1,q4-inheritance-v2,adjustment_time,0.0,0.0,0.0,1.0715,0.8263,0.0,0.0
2025-01-18,17,49,q4_3,B1,q4-inheritance-v2,adjustment_time,0.0,0.0,0.0,0.9915,0.8263,0.0,0.0
2025-01-18,17,50,q4_3,B1,q4-inheritance-v2,adjustment_time,0.0,0.0,0.0,0.9787,0.8263,0.0,0.0
2025-01-18,17,51,q4_3,B1,q4-inheritance-v2,adjustment_time,0.0,0.0,0.0,0.9691,0.8263,0.0,0.0
2025-01-18,17,52,q4_3,B1,q4-inheritance-v2,adjustment_time,0.0,0.0,0.0,0.9869,0.8263,0.0,0.0
2025-01-18,17,53,q4_3,B1,q4-inheritance-v2,adjustment_time,0.0,0.0,0.0,1.0048,0.8263,0.0,0.0
2025-01-18,17,54,q4_3,B1,q4-inheritance-v2,adjustment_time,0.0,0.0,0.0,0.9573,0.8263,0.0,0.0
2025-01-18,17,55,q4_3,B1,q4-inheritance-v2,adjustment_time,0.0,0.0,0.0,0.9282,0.8263,0.0,0.0
2025-01-18,17,56,q4_3,B1,q4-inheritance-v2,adjustment_time,0.0,0.0,0.0,0.932,0.8263,0.0,0.0
2025-01-18,17,57,q4_3,B1,q4-inheritance-v2,adjustment_time,0.0,0.0,0.0,0.9197,0.8263,0.0,0.0
2025-01-18,17,58,q4_3,B1,q4-inheritance-v2,adjustment_time,0.0,0.0,0.0,1.0058,0.8263,0.0,0.0
2025-01-18,17,59,q4_3,B1,q4-inheritance-v2,adjustment_time,0.0,0.0,0.0,1.1357,0.8263,0.0,0.0
2025-01-18,17,60,q4_3,B1,q4-inheritance-v2,adjustment_time,0.0,0.0,0.0,1.117,0.8263,0.0,0.0
2025-01-18,17,61,q4_3,B1,q4-inheritance-v2,adjustment_time,0.0,0.0,0.0,1.0521,0.8263,0.0,0.0
2025-01-18,17,62,q4_3,B1,q4-inheritance-v2,adjustment_time,0.0,0.0,0.0,1.0664,0.8263,0.0,0.0
2025-01-18,17,63,q4_3,B1,q4-inheritance-v2,adjustment_time,0.0,0.0,0.0,1.1397,0.8263,0.0,0.0
2025-01-18,17,64,q4_3,B1,q4-inheritance-v2,adjustment_time,0.0,0.0,0.0,0.9046,0.8263,0.0,0.0
2025-01-18,17,65,q4_3,B1,q4-inheritance-v2,adjustment_time,802.6733314814815,784.5722833333332,-18.101048148148266,0.4894,0.8263,392.82832842703704,391.44812350574074
2025-01-18,17,66,q4_3,B1,q4-inheritance-v2,adjustment_time,757.2476668518516,703.7874672222218,-53.460199629629756,0.4209,0.8263,318.7255429779443,318.3112264308147
2025-01-18,17,67,q4_3,B1,q4-inheritance-v2,adjustment_time,0.0,0.0,0.0,0.4987,0.8263,0.0,0.0
2025-01-18,17,68,q4_3,B1,q4-inheritance-v2,adjustment_time,721.5274111111112,721.5274111111111,-1.1368683772161603e-13,0.5122,0.8263,369.5663399711111,369.5663399711111
2025-01-18,17,69,q4_3,B1,q4-inheritance-v2,adjustment_time,748.6095785185184,746.0944897222221,-2.515088796296368,0.4586,0.8263,343.3123527085926,343.1980419228009
2025-01-18,17,70,q4_3,B1,q4-inheritance-v2,adjustment_time,744.9482959259261,690.7752894444445,-54.17300648148159,0.4502,0.8263,335.37572282585194,333.36861293571303
2025-01-18,17,71,q4_3,B1,q4-inheritance-v2,adjustment_time,0.0,0.0,0.0,0.4974,0.4974,0.0,0.0
2025-01-18,17,72,q4_3,B1,q4-inheritance-v2,adjustment_time,713.3265587962962,0.0,-713.3265587962962,0.5054,0.4974,360.5152428156481,177.4043151726389
2025-01-18,17,73,q4_3,B1,q4-inheritance-v2,adjustment_time,731.8728874074073,0.0,-731.8728874074073,0.4733,0.4974,346.3954376099259,182.0167870982222
2025-01-18,17,74,q4_3,B1,q4-inheritance-v2,adjustment_time,809.4379499999997,0.0,-809.4379499999997,0.4165,0.4974,337.13090617499984,201.3072181649999
2025-01-18,17,75,q4_3,B1,q4-inheritance-v2,adjustment_time,733.9493112037035,0.0,-733.9493112037035,0.3753,0.4974,275.4511764947499,182.53319369636105
2025-01-18,17,76,q4_3,B1,q4-inheritance-v2,adjustment_time,736.4959845758545,0.0,-736.4959845758545,0.512,0.4974,377.0859441028375,183.16655136401502
2025-01-18,17,77,q4_3,B1,q4-inheritance-v2,adjustment_time,0.0,0.0,0.0,0.7339,0.4974,0.0,0.0
2025-01-18,17,78,q4_3,B1,q4-inheritance-v2,adjustment_time,0.0,0.0,0.0,0.7669,0.4974,0.0,0.0
2025-01-18,17,79,q4_3,B1,q4-inheritance-v2,adjustment_time,0.0,0.0,0.0,0.7454,0.4974,0.0,0.0
2025-01-18,17,80,q4_3,B1,q4-inheritance-v2,adjustment_time,0.0,0.0,0.0,0.7689,0.4974,0.0,0.0
2025-01-18,17,81,q4_3,B1,q4-inheritance-v2,adjustment_time,0.0,0.0,0.0,0.8135,0.4974,0.0,0.0
2025-01-18,17,82,q4_3,B1,q4-inheritance-v2,adjustment_time,0.0,0.0,0.0,0.9167,0.4974,0.0,0.0
2025-01-18,17,83,q4_3,B1,q4-inheritance-v2,adjustment_time,0.0,0.0,0.0,1.0398,0.4974,0.0,0.0
2025-01-18,17,84,q4_3,B1,q4-inheritance-v2,adjustment_time,0.0,0.0,0.0,1.0838,0.4974,0.0,0.0
2025-01-18,17,85,q4_3,B1,q4-inheritance-v2,adjustment_time,0.0,0.0,0.0,1.083,0.4974,0.0,0.0
2025-01-18,17,86,q4_3,B1,q4-inheritance-v2,adjustment_time,0.0,0.0,0.0,1.1217,0.4974,0.0,0.0
2025-01-18,17,87,q4_3,B1,q4-inheritance-v2,adjustment_time,0.0,0.0,0.0,1.2027,0.4974,0.0,0.0
2025-01-18,17,88,q4_3,B1,q4-inheritance-v2,adjustment_time,0.0,0.0,0.0,0.9637,0.4974,0.0,0.0
2025-01-18,17,89,q4_3,B1,q4-inheritance-v2,adjustment_time,302.83419074074084,143.46122304526745,-159.3729676954734,0.5685,0.4974,172.16123743611118,121.19376236709878
2025-01-18,17,90,q4_3,B1,q4-inheritance-v2,adjustment_time,1054.8384710185187,173.4448765740741,-881.3935944444446,0.5752,0.4974,606.743088529852,318.9680799437408
2025-01-18,17,91,q4_3,B1,q4-inheritance-v2,adjustment_time,287.2411299999997,0.0,-287.2411299999997,0.6675,0.4974,191.73345427499981,71.43686903099993
2025-01-18,17,92,q4_3,B1,q4-inheritance-v2,adjustment_time,357.8605398148149,326.2689216049373,-31.591618209877595,0.6679,0.4974,239.01505454231489,225.7718481887342
2025-01-18,17,93,q4_3,B1,q4-inheritance-v2,adjustment_time,0.0,0.0,0.0,0.7097,0.4974,0.0,0.0
2025-01-18,17,94,q4_3,B1,q4-inheritance-v2,adjustment_time,0.0,0.0,0.0,0.7163,0.4974,0.0,0.0
2025-01-18,17,95,q4_3,B1,q4-inheritance-v2,adjustment_time,315.34171111111135,315.3417111111113,-5.684341886080802e-14,0.6981,0.4974,220.14004852666685,220.14004852666682
2025-01-18,17,96,q4_3,B1,q4-inheritance-v2,adjustment_time,580.7774694444443,548.4663972222221,-32.31107222222215,0.7592,0.4974,440.92625480222205,424.43145243277763
2025-01-18,17,97,q4_3,B1,q4-inheritance-v2,adjustment_time,477.58391129629615,477.58391129629604,-1.1368683772161603e-13,0.8089,0.4974,386.31762584757394,386.3176258475738
2025-01-18,17,98,q4_3,B1,q4-inheritance-v2,adjustment_time,0.0,0.0,0.0,0.8053,0.4974,0.0,0.0
2025-01-18,17,99,q4_3,B1,q4-inheritance-v2,adjustment_time,0.0,0.0,0.0,0.7951,0.4974,0.0,0.0
2025-01-18,17,100,q4_3,B1,q4-inheritance-v2,adjustment_time,586.0964977777776,474.04112167592444,-112.05537610185314,0.7809,0.4974,457.6827551146665,398.0468839532603
2025-01-18,17,101,q4_3,B1,q4-inheritance-v2,adjustment_time,1263.4325364609044,1263.4325364609042,-2.2737367544323206e-13,0.7664,0.4974,968.2946959436371,968.294695943637
2025-01-18,17,102,q4_3,B1,q4-inheritance-v2,adjustment_time,1295.5663233333335,1295.5663233333335,0.0,0.7673,0.4974,994.0880398936667,994.0880398936667
2025-01-18,17,103,q4_3,B1,q4-inheritance-v2,adjustment_time,731.5200251543254,731.5200251543251,-2.2737367544323206e-13,0.7941,0.4974,580.9000519750498,580.9000519750496
2025-01-18,17,104,q4_3,B1,q4-inheritance-v2,adjustment_time,0.0,0.0,0.0,0.8008,0.4974,0.0,0.0
2025-01-18,17,105,q4_3,B1,q4-inheritance-v2,adjustment_time,1331.3435013888889,1089.9957974074068,-241.34770398148203,0.7601,0.4974,1011.9541954056945,888.5289795895644
2025-01-18,17,106,q4_3,B1,q4-inheritance-v2,adjustment_time,513.0865027777775,512.8363499999997,-0.250152777777771,0.9181,0.4974,471.0647182002775,470.89726593083304
2025-01-18,17,107,q4_3,B1,q4-inheritance-v2,adjustment_time,0.0,0.0,0.0,1.1722,1.1722,0.0,0.0
2025-01-18,17,108,q4_3,B1,q4-inheritance-v2,adjustment_time,0.0,0.0,0.0,1.1548,1.1722,0.0,0.0
2025-01-18,17,109,q4_3,B1,q4-inheritance-v2,adjustment_time,470.62025666666665,470.6202566666666,-5.684341886080802e-14,1.0963,1.1722,515.9409873836667,515.9409873836667
2025-01-18,17,110,q4_3,B1,q4-inheritance-v2,adjustment_time,413.5906666666668,413.5906666666667,-5.684341886080802e-14,1.1092,1.1722,458.75476746666675,458.75476746666675
2025-01-18,17,111,q4_3,B1,q4-inheritance-v2,adjustment_time,534.2376362150661,534.237636215066,-1.1368683772161603e-13,1.0916,1.1722,583.1738036923662,583.1738036923662
2025-01-18,17,112,q4_3,B1,q4-inheritance-v2,adjustment_time,0.0,0.0,0.0,1.1601,1.1722,0.0,0.0
2025-01-18,17,113,q4_3,B1,q4-inheritance-v2,adjustment_time,0.0,0.0,0.0,1.2825,1.1722,0.0,0.0
2025-01-18,17,114,q4_3,B1,q4-inheritance-v2,adjustment_time,0.0,0.0,0.0,1.2959,1.1722,0.0,0.0
2025-01-18,17,115,q4_3,B1,q4-inheritance-v2,adjustment_time,0.0,0.0,0.0,1.3333,1.1722,0.0,0.0
2025-01-18,17,116,q4_3,B1,q4-inheritance-v2,adjustment_time,0.0,0.0,0.0,1.3945,1.1722,0.0,0.0
2025-01-18,17,117,q4_3,B1,q4-inheritance-v2,adjustment_time,0.0,0.0,0.0,1.3417,1.1722,0.0,0.0
2025-01-18,17,118,q4_3,B1,q4-inheritance-v2,adjustment_time,0.0,0.0,0.0,1.3174,1.1722,0.0,0.0
2025-01-18,17,119,q4_3,B1,q4-inheritance-v2,adjustment_time,0.0,0.0,0.0,1.3611,1.1722,0.0,0.0
2025-01-18,17,120,q4_3,B1,q4-inheritance-v2,adjustment_time,0.0,0.0,0.0,1.3602,1.1722,0.0,0.0
2025-01-18,17,121,q4_3,B1,q4-inheritance-v2,adjustment_time,0.0,0.0,0.0,1.3005,1.1722,0.0,0.0
2025-01-18,17,122,q4_3,B1,q4-inheritance-v2,adjustment_time,0.0,0.0,0.0,1.2797,1.1722,0.0,0.0
2025-01-18,17,123,q4_3,B1,q4-inheritance-v2,adjustment_time,0.0,0.0,0.0,1.3671,1.1722,0.0,0.0
2025-01-18,17,124,q4_3,B1,q4-inheritance-v2,adjustment_time,0.0,0.0,0.0,1.1996,1.1722,0.0,0.0
2025-01-18,17,125,q4_3,B1,q4-inheritance-v2,adjustment_time,608.7975833333335,608.7975833333335,0.0,0.8529,1.1722,519.2434588250001,519.2434588250001
2025-01-18,17,126,q4_3,B1,q4-inheritance-v2,adjustment_time,1260.7952964814813,1260.7952964814813,0.0,0.7852,1.1722,989.9764667972591,989.9764667972591
2025-01-18,17,127,q4_3,B1,q4-inheritance-v2,adjustment_time,495.8408652777777,495.8408652777777,0.0,0.8048,1.1722,399.0527283755555,399.0527283755555
2025-01-18,17,128,q4_3,B1,q4-inheritance-v2,adjustment_time,213.79377643518512,213.79377643518512,0.0,0.8054,1.1722,172.1895075408981,172.1895075408981
2025-01-18,17,129,q4_3,B1,q4-inheritance-v2,adjustment_time,0.0,0.0,0.0,0.8441,1.1722,0.0,0.0
2025-01-18,17,130,q4_3,B1,q4-inheritance-v2,adjustment_time,559.6885916666665,559.6885916666665,0.0,0.6366,1.1722,356.29775745499995,356.29775745499995
2025-01-18,17,131,q4_3,B1,q4-inheritance-v2,adjustment_time,1215.600333333333,1215.600333333333,0.0,0.3081,1.1722,374.5264626999999,374.5264626999999
2025-01-18,17,132,q4_3,B1,q4-inheritance-v2,adjustment_time,1239.7963337962965,1239.7963337962965,0.0,0.3038,1.1722,376.6501262073149,376.6501262073149
2025-01-18,17,133,q4_3,B1,q4-inheritance-v2,adjustment_time,1252.3585,1252.3585,0.0,0.3666,1.1722,459.1146261,459.1146261
2025-01-18,17,134,q4_3,B1,q4-inheritance-v2,adjustment_time,1266.300435185185,1266.300435185185,0.0,0.3499,1.1722,443.0785222712962,443.0785222712962
2025-01-18,17,135,q4_3,B1,q4-inheritance-v2,adjustment_time,1220.6293524999999,1220.6293524999999,0.0,0.3572,1.1722,436.00880471299996,436.00880471299996
2025-01-18,17,136,q4_3,B1,q4-inheritance-v2,adjustment_time,799.8599795256757,799.8599795256757,0.0,0.3344,1.1722,267.47317715338596,267.47317715338596
2025-01-18,17,137,q4_3,B1,q4-inheritance-v2,adjustment_time,521.6354999999998,521.6354999999998,0.0,0.2989,1.1722,155.9168509499999,155.9168509499999
2025-01-18,17,138,q4_3,B1,q4-inheritance-v2,adjustment_time,1221.6628741666666,1221.6628741666666,0.0,0.3341,1.1722,408.1575662590833,408.1575662590833
2025-01-18,17,139,q4_3,B1,q4-inheritance-v2,adjustment_time,1197.8104183333332,1197.8104183333332,0.0,0.3348,1.1722,401.02692805799995,401.02692805799995
2025-01-18,17,140,q4_3,B1,q4-inheritance-v2,adjustment_time,1285.6801296296294,1285.6801296296294,0.0,0.2881,1.1722,370.40444534629626,370.40444534629626
2025-01-18,17,141,q4_3,B1,q4-inheritance-v2,adjustment_time,461.84727000000004,461.84727,-5.684341886080802e-14,0.3008,1.1722,138.92365881600003,138.92365881600003
2025-01-18,17,142,q4_3,B1,q4-inheritance-v2,adjustment_time,390.5514741666667,390.55147416666665,-5.684341886080802e-14,0.3956,1.1722,154.50216318033335,154.50216318033335
2025-01-18,17,143,q4_3,B1,q4-inheritance-v2,adjustment_time,499.4877916666666,499.4877916666666,0.0,0.4906,1.1722,245.04871059166663,245.04871059166663
2025-01-19,18,0,q4_3,B1,q4-inheritance-v2,adjustment_time,577.5783382407408,577.5783382407408,0.0,0.4729,0.4729,273.1367961540463,273.1367961540463
2025-01-19,18,1,q4_3,B1,q4-inheritance-v2,adjustment_time,1405.4986204629631,1405.4986204629631,0.0,0.4305,0.4305,605.0671561093056,605.0671561093056
2025-01-19,18,2,q4_3,B1,q4-inheritance-v2,adjustment_time,730.2105295164605,730.2105295164605,0.0,0.4258,0.4258,310.9236434681089,310.9236434681089
2025-01-19,18,3,q4_3,B1,q4-inheritance-v2,adjustment_time,565.1022424074075,565.1022424074075,0.0,0.4408,0.4408,249.09706845318524,249.09706845318524
2025-01-19,18,4,q4_3,B1,q4-inheritance-v2,adjustment_time,0.0,0.0,0.0,0.4448,0.4448,0.0,0.0
2025-01-19,18,5,q4_3,B1,q4-inheritance-v2,adjustment_time,604.4601666666665,604.4601666666665,0.0,0.4525,0.4525,273.5182254166666,273.5182254166666
2025-01-19,18,6,q4_3,B1,q4-inheritance-v2,adjustment_time,1068.2562507613152,1068.2562507613152,0.0,0.4992,0.4992,533.2735203800485,533.2735203800485
2025-01-19,18,7,q4_3,B1,q4-inheritance-v2,adjustment_time,577.0390880555556,577.0390880555556,0.0,0.5151,0.5151,297.2328342574167,297.2328342574167
2025-01-19,18,8,q4_3,B1,q4-inheritance-v2,adjustment_time,0.0,0.0,0.0,0.4886,0.4886,0.0,0.0
2025-01-19,18,9,q4_3,B1,q4-inheritance-v2,adjustment_time,676.1584083333333,676.1584083333333,0.0,0.4803,0.4803,324.7588835225,324.7588835225
2025-01-19,18,10,q4_3,B1,q4-inheritance-v2,adjustment_time,1445.6948488888888,1445.6948488888888,0.0,0.5009,0.5009,724.1485498084444,724.1485498084444
2025-01-19,18,11,q4_3,B1,q4-inheritance-v2,adjustment_time,624.385675925926,624.385675925926,0.0,0.5091,0.5091,317.8747476138889,317.8747476138889
2025-01-19,18,12,q4_3,B1,q4-inheritance-v2,adjustment_time,67.19276896296162,67.19276896296162,0.0,0.4634,0.4634,31.137129137436414,31.137129137436414
2025-01-19,18,13,q4_3,B1,q4-inheritance-v2,adjustment_time,0.0,0.0,0.0,0.4695,0.4695,0.0,0.0
2025-01-19,18,14,q4_3,B1,q4-inheritance-v2,adjustment_time,631.9375833333334,631.9375833333334,0.0,0.516,0.516,326.079793,326.079793
2025-01-19,18,15,q4_3,B1,q4-inheritance-v2,adjustment_time,618.8827187962963,618.8827187962963,0.0,0.4842,0.4842,299.6630124411667,299.6630124411667
2025-01-19,18,16,q4_3,B1,q4-inheritance-v2,adjustment_time,0.0,0.0,0.0,0.442,0.442,0.0,0.0
2025-01-19,18,17,q4_3,B1,q4-inheritance-v2,adjustment_time,610.1089907407408,610.1089907407408,0.0,0.4642,0.4642,283.21259350185187,283.21259350185187
2025-01-19,18,18,q4_3,B1,q4-inheritance-v2,adjustment_time,654.673755,654.673755,0.0,0.5444,0.5444,356.404392222,356.404392222
2025-01-19,18,19,q4_3,B1,q4-inheritance-v2,adjustment_time,653.8046308333332,653.8046308333332,0.0,0.5278,0.5278,345.07808415383334,345.07808415383334
2025-01-19,18,20,q4_3,B1,q4-inheritance-v2,adjustment_time,644.3646481481483,644.3646481481483,0.0,0.4483,0.4483,288.86867176481485,288.86867176481485
2025-01-19,18,21,q4_3,B1,q4-inheritance-v2,adjustment_time,649.2529075,649.2529075,0.0,0.4866,0.4866,315.92646478949996,315.92646478949996
2025-01-19,18,22,q4_3,B1,q4-inheritance-v2,adjustment_time,1480.3685733333332,1480.3685733333332,0.0,0.5175,0.5175,766.0907366999999,766.0907366999999
2025-01-19,18,23,q4_3,B1,q4-inheritance-v2,adjustment_time,1306.4528576121495,1306.4528576121495,0.0,0.4904,0.4904,640.6844813729981,640.6844813729981
2025-01-19,18,24,q4_3,B1,q4-inheritance-v2,adjustment_time,659.3951944444445,659.3951944444445,0.0,0.4864,0.4864,320.72982257777784,320.72982257777784
2025-01-19,18,25,q4_3,B1,q4-inheritance-v2,adjustment_time,0.0,0.0,0.0,0.4952,0.4952,0.0,0.0
2025-01-19,18,26,q4_3,B1,q4-inheritance-v2,adjustment_time,702.0524907407408,702.0524907407408,0.0,0.5068,0.5068,355.80020230740746,355.80020230740746
2025-01-19,18,27,q4_3,B1,q4-inheritance-v2,adjustment_time,1486.1002493518517,1486.1002493518517,0.0,0.5251,0.5251,780.3512409346573,780.3512409346573
2025-01-19,18,28,q4_3,B1,q4-inheritance-v2,adjustment_time,614.0103047222223,614.0103047222223,0.0,0.5157,0.5157,316.64511414525003,316.64511414525003
2025-01-19,18,29,q4_3,B1,q4-inheritance-v2,adjustment_time,692.9285,692.9285,0.0,0.4968,0.4968,344.2468788,344.2468788
2025-01-19,18,30,q4_3,B1,q4-inheritance-v2,adjustment_time,699.924841574074,699.924841574074,0.0,0.5198,0.5198,363.8209326502037,363.8209326502037
2025-01-19,18,31,q4_3,B1,q4-inheritance-v2,adjustment_time,107.95881625926006,107.95881625926006,0.0,0.5251,0.5251,56.68917441773746,56.68917441773746
2025-01-19,18,32,q4_3,B1,q4-inheritance-v2,adjustment_time,676.8610833333332,676.8610833333332,0.0,0.4714,0.4714,319.0723146833333,319.0723146833333
2025-01-19,18,33,q4_3,B1,q4-inheritance-v2,adjustment_time,1475.4899688888886,1475.4899688888886,0.0,0.422,0.422,622.656766871111,622.656766871111
2025-01-19,18,34,q4_3,B1,q4-inheritance-v2,adjustment_time,713.0308674999998,713.0308674999998,0.0,0.6481,0.6481,462.11530522674985,462.11530522674985
2025-01-19,18,35,q4_3,B1,q4-inheritance-v2,adjustment_time,787.2133333333335,787.2133333333334,-1.1368683772161603e-13,1.0195,1.0195,802.5639933333335,802.5639933333335
2025-01-19,18,36,q4_3,B1,q4-inheritance-v2,adjustment_time,754.7200264444448,754.7200264444449,1.1368683772161603e-13,1.1043,1.0195,833.4373252026004,833.4373252026006
2025-01-19,18,37,q4_3,B1,q4-inheritance-v2,adjustment_time,806.9678265740741,806.9678265740741,0.0,1.068,1.0195,861.8416387811112,861.8416387811112
2025-01-19,18,38,q4_3,B1,q4-inheritance-v2,adjustment_time,75.59789166666667,75.59789166666668,1.4210854715202004e-14,1.0587,1.0195,80.0354879075,80.03548790750003
2025-01-19,18,39,q4_3,B1,q4-inheritance-v2,adjustment_time,66.60807750000015,66.60807750000015,0.0,1.0551,1.0195,70.27818257025015,70.27818257025015
2025-01-19,18,40,q4_3,B1,q4-inheritance-v2,adjustment_time,632.8231454104332,632.8231454104332,0.0,1.0481,1.0195,663.261938704675,663.261938704675
2025-01-19,18,41,q4_3,B1,q4-inheritance-v2,adjustment_time,799.1793055555556,799.1793055555557,1.1368683772161603e-13,1.0165,1.0195,812.3657640972223,812.3657640972225
2025-01-19,18,42,q4_3,B1,q4-inheritance-v2,adjustment_time,726.4597572222224,726.4597572222223,-1.1368683772161603e-13,0.9533,1.0195,692.5340865599446,692.5340865599446
2025-01-19,18,43,q4_3,B1,q4-inheritance-v2,adjustment_time,695.0749436111109,695.0749436111108,-1.1368683772161603e-13,0.9629,1.0195,669.2876632031387,669.2876632031387
2025-01-19,18,44,q4_3,B1,q4-inheritance-v2,adjustment_time,675.2415259259261,675.2415259259261,0.0,0.9698,1.0195,654.8492318429631,654.8492318429631
2025-01-19,18,45,q4_3,B1,q4-inheritance-v2,adjustment_time,1349.7111336111109,1349.711133611111,2.2737367544323206e-13,0.8432,1.0195,1138.0764278608885,1138.076427860889
2025-01-19,18,46,q4_3,B1,q4-inheritance-v2,adjustment_time,0.0,0.0,0.0,1.0313,1.0195,0.0,0.0
2025-01-19,18,47,q4_3,B1,q4-inheritance-v2,adjustment_time,0.0,43.58181666666678,43.58181666666678,1.4286,1.0195,0.0,66.64749313750019
2025-01-19,18,48,q4_3,B1,q4-inheritance-v2,adjustment_time,0.0,0.0,0.0,1.4482,1.0195,0.0,0.0
2025-01-19,18,49,q4_3,B1,q4-inheritance-v2,adjustment_time,0.0,0.0,0.0,1.3647,1.0195,0.0,0.0
2025-01-19,18,50,q4_3,B1,q4-inheritance-v2,adjustment_time,0.0,0.0,0.0,1.3466,1.0195,0.0,0.0
2025-01-19,18,51,q4_3,B1,q4-inheritance-v2,adjustment_time,0.0,0.0,0.0,1.2788,1.0195,0.0,0.0
2025-01-19,18,52,q4_3,B1,q4-inheritance-v2,adjustment_time,0.0,0.0,0.0,1.2238,1.0195,0.0,0.0
2025-01-19,18,53,q4_3,B1,q4-inheritance-v2,adjustment_time,0.0,0.0,0.0,1.2348,1.0195,0.0,0.0
2025-01-19,18,54,q4_3,B1,q4-inheritance-v2,adjustment_time,0.0,0.0,0.0,1.2909,1.0195,0.0,0.0
2025-01-19,18,55,q4_3,B1,q4-inheritance-v2,adjustment_time,0.0,0.0,0.0,1.304,1.0195,0.0,0.0
2025-01-19,18,56,q4_3,B1,q4-inheritance-v2,adjustment_time,0.0,0.0,0.0,1.2383,1.0195,0.0,0.0
2025-01-19,18,57,q4_3,B1,q4-inheritance-v2,adjustment_time,0.0,96.01967328189305,96.01967328189305,1.158,1.0195,0.0,146.83808536633498
2025-01-19,18,58,q4_3,B1,q4-inheritance-v2,adjustment_time,0.0,77.81214499999987,77.81214499999987,1.2372,1.0195,0.0,118.99422274124983
2025-01-19,18,59,q4_3,B1,q4-inheritance-v2,adjustment_time,0.0,132.83110740740779,132.83110740740779,1.3916,1.0195,0.0,203.13197100277839
2025-01-19,18,60,q4_3,B1,q4-inheritance-v2,adjustment_time,0.0,86.92447222222222,86.92447222222222,1.3619,1.0195,0.0,132.92924914583335
2025-01-19,18,61,q4_3,B1,q4-inheritance-v2,adjustment_time,0.0,57.7899396255136,57.7899396255136,1.324,1.0195,0.0,88.37526517231669
2025-01-19,18,62,q4_3,B1,q4-inheritance-v2,adjustment_time,0.0,34.56595833333313,34.56595833333313,1.3867,1.0195,0.0,52.8599917812497
2025-01-19,18,63,q4_3,B1,q4-inheritance-v2,adjustment_time,0.0,0.0,0.0,1.4295,1.0195,0.0,0.0
2025-01-19,18,64,q4_3,B1,q4-inheritance-v2,adjustment_time,0.0,0.0,0.0,1.152,1.0195,0.0,0.0
2025-01-19,18,65,q4_3,B1,q4-inheritance-v2,adjustment_time,763.2912166666669,763.291216666667,1.1368683772161603e-13,0.7281,1.0195,555.7523348550001,555.7523348550003
2025-01-19,18,66,q4_3,B1,q4-inheritance-v2,adjustment_time,754.0202491666664,754.0202491666664,0.0,0.6578,1.0195,495.9945199018332,495.9945199018332
2025-01-19,18,67,q4_3,B1,q4-inheritance-v2,adjustment_time,0.0,0.0,0.0,0.6923,1.0195,0.0,0.0
2025-01-19,18,68,q4_3,B1,q4-inheritance-v2,adjustment_time,750.3614583333331,750.3614583333331,0.0,0.6911,1.0195,518.5748038541665,518.5748038541665
2025-01-19,18,69,q4_3,B1,q4-inheritance-v2,adjustment_time,744.9615608333332,744.9615608333331,-1.1368683772161603e-13,0.7529,1.0195,560.8815591514166,560.8815591514166
2025-01-19,18,70,q4_3,B1,q4-inheritance-v2,adjustment_time,721.2189358333331,721.2189358333331,0.0,0.7367,1.0195,531.3219900284165,531.3219900284165
2025-01-19,18,71,q4_3,B1,q4-inheritance-v2,adjustment_time,0.0,0.0,0.0,0.6431,0.6431,0.0,0.0
2025-01-19,18,72,q4_3,B1,q4-inheritance-v2,adjustment_time,716.3781477777777,716.3781477777777,0.0,0.6314,0.6431,452.3211625068888,452.3211625068888
2025-01-19,18,73,q4_3,B1,q4-inheritance-v2,adjustment_time,758.8633062962962,758.8633062962962,0.0,0.677,0.6431,513.7504583625926,513.7504583625926
2025-01-19,18,74,q4_3,B1,q4-inheritance-v2,adjustment_time,756.1697166666668,756.1697166666668,0.0,0.6874,0.6431,519.7910632366668,519.7910632366668
2025-01-19,18,75,q4_3,B1,q4-inheritance-v2,adjustment_time,731.933333148148,731.933333148148,0.0,0.633,0.6431,463.3137998827777,463.3137998827777
2025-01-19,18,76,q4_3,B1,q4-inheritance-v2,adjustment_time,506.2564988649523,506.2564988649523,0.0,0.7944,0.6431,402.1701626983181,402.1701626983181
2025-01-19,18,77,q4_3,B1,q4-inheritance-v2,adjustment_time,0.0,0.0,0.0,1.0755,0.6431,0.0,0.0
2025-01-19,18,78,q4_3,B1,q4-inheritance-v2,adjustment_time,0.0,0.0,0.0,1.0872,0.6431,0.0,0.0
2025-01-19,18,79,q4_3,B1,q4-inheritance-v2,adjustment_time,0.0,0.0,0.0,1.0719,0.6431,0.0,0.0
2025-01-19,18,80,q4_3,B1,q4-inheritance-v2,adjustment_time,27.85119999999995,27.85119999999995,0.0,1.1278,0.6431,31.41058335999994,31.41058335999994
2025-01-19,18,81,q4_3,B1,q4-inheritance-v2,adjustment_time,0.0,0.0,0.0,1.1227,0.6431,0.0,0.0
2025-01-19,18,82,q4_3,B1,q4-inheritance-v2,adjustment_time,0.0,0.0,0.0,1.2204,0.6431,0.0,0.0
2025-01-19,18,83,q4_3,B1,q4-inheritance-v2,adjustment_time,0.0,0.0,0.0,1.3957,0.6431,0.0,0.0
2025-01-19,18,84,q4_3,B1,q4-inheritance-v2,adjustment_time,0.0,0.0,0.0,1.4241,0.6431,0.0,0.0
2025-01-19,18,85,q4_3,B1,q4-inheritance-v2,adjustment_time,0.0,0.0,0.0,1.349,0.6431,0.0,0.0
2025-01-19,18,86,q4_3,B1,q4-inheritance-v2,adjustment_time,0.0,0.0,0.0,1.343,0.6431,0.0,0.0
2025-01-19,18,87,q4_3,B1,q4-inheritance-v2,adjustment_time,0.0,0.0,0.0,1.4928,0.6431,0.0,0.0
2025-01-19,18,88,q4_3,B1,q4-inheritance-v2,adjustment_time,0.0,0.0,0.0,1.3326,0.6431,0.0,0.0
2025-01-19,18,89,q4_3,B1,q4-inheritance-v2,adjustment_time,1102.6493203703703,1102.6493203703703,0.0,0.9298,0.6431,1025.2433380803702,1025.2433380803702
2025-01-19,18,90,q4_3,B1,q4-inheritance-v2,adjustment_time,1158.3579637962962,1158.357963796296,-2.2737367544323206e-13,0.842,0.6431,975.3374055164813,975.3374055164812
2025-01-19,18,91,q4_3,B1,q4-inheritance-v2,adjustment_time,434.6905544444445,434.6905544444445,0.0,0.9037,0.6431,392.8298540514445,392.8298540514445
2025-01-19,18,92,q4_3,B1,q4-inheritance-v2,adjustment_time,531.9889249999999,531.9889249999999,0.0,0.9436,0.6431,501.9847496299999,501.9847496299999
2025-01-19,18,93,q4_3,B1,q4-inheritance-v2,adjustment_time,649.6263505555556,649.6263505555556,0.0,0.9724,0.6431,631.6966632802223,631.6966632802223
2025-01-19,18,94,q4_3,B1,q4-inheritance-v2,adjustment_time,632.531843888889,632.531843888889,0.0,1.0003,0.6431,632.7216034420555,632.7216034420555
2025-01-19,18,95,q4_3,B1,q4-inheritance-v2,adjustment_time,528.5041611111114,528.5041611111114,0.0,1.023,0.6431,540.6597568166669,540.6597568166669
2025-01-19,18,96,q4_3,B1,q4-inheritance-v2,adjustment_time,694.1931346535719,694.193134653572,1.1368683772161603e-13,1.0339,0.6431,717.726281918328,717.7262819183281
2025-01-19,18,97,q4_3,B1,q4-inheritance-v2,adjustment_time,893.2981936111111,893.2981936111113,2.2737367544323206e-13,1.0608,0.6431,947.6107237826666,947.6107237826668
2025-01-19,18,98,q4_3,B1,q4-inheritance-v2,adjustment_time,783.075949074074,783.0759490740738,-1.1368683772161603e-13,1.1002,0.6431,861.5401591712962,861.5401591712961
2025-01-19,18,99,q4_3,B1,q4-inheritance-v2,adjustment_time,776.4303863888885,776.4303863888883,-1.1368683772161603e-13,1.115,0.6431,865.7198808236107,865.7198808236105
2025-01-19,18,100,q4_3,B1,q4-inheritance-v2,adjustment_time,831.6029577777775,831.6029577777774,-1.1368683772161603e-13,1.0982,0.6431,913.2663682315554,913.2663682315552
2025-01-19,18,101,q4_3,B1,q4-inheritance-v2,adjustment_time,834.602983333333,834.6029833333331,1.1368683772161603e-13,1.0762,0.6431,898.199730663333,898.1997306633331
2025-01-19,18,102,q4_3,B1,q4-inheritance-v2,adjustment_time,835.2223802777777,835.2223802777777,0.0,1.0907,0.6431,910.9770501689721,910.9770501689721
2025-01-19,18,103,q4_3,B1,q4-inheritance-v2,adjustment_time,827.0235554722238,827.0235554722238,0.0,1.142,0.6431,944.4609003492795,944.4609003492795
2025-01-19,18,104,q4_3,B1,q4-inheritance-v2,adjustment_time,860.0759916666666,860.0759916666666,0.0,1.1688,0.6431,1005.25681906,1005.25681906
2025-01-19,18,105,q4_3,B1,q4-inheritance-v2,adjustment_time,886.6306519444441,886.6306519444439,-2.2737367544323206e-13,1.1179,0.6431,991.164405808694,991.1644058086939
2025-01-19,18,106,q4_3,B1,q4-inheritance-v2,adjustment_time,764.8585747222221,764.8585747222221,0.0,1.1597,0.6431,887.006489105361,887.006489105361
2025-01-19,18,107,q4_3,B1,q4-inheritance-v2,adjustment_time,502.0338402500002,502.0338402500002,0.0,1.2792,1.2792,642.2016884478002,642.2016884478002
2025-01-19,18,108,q4_3,B1,q4-inheritance-v2,adjustment_time,631.7206608333331,631.7206608333331,0.0,1.2909,1.2792,815.4882010697497,815.4882010697497
2025-01-19,18,109,q4_3,B1,q4-inheritance-v2,adjustment_time,630.8231491666667,630.8231491666668,1.1368683772161603e-13,1.287,1.2792,811.8693929775,811.8693929775002
2025-01-19,18,110,q4_3,B1,q4-inheritance-v2,adjustment_time,612.8979166666666,612.8979166666666,0.0,1.287,1.2792,788.7996187499998,788.7996187499998
2025-01-19,18,111,q4_3,B1,q4-inheritance-v2,adjustment_time,712.9312708333333,712.9312708333333,0.0,1.238,1.2792,882.6089132916667,882.6089132916667
2025-01-19,18,112,q4_3,B1,q4-inheritance-v2,adjustment_time,616.5160008333332,616.5160008333332,0.0,1.3587,1.2792,837.6602903322499,837.6602903322499
2025-01-19,18,113,q4_3,B1,q4-inheritance-v2,adjustment_time,0.0,0.0,0.0,1.5578,1.2792,0.0,0.0
2025-01-19,18,114,q4_3,B1,q4-inheritance-v2,adjustment_time,0.0,0.0,0.0,1.5072,1.2792,0.0,0.0
2025-01-19,18,115,q4_3,B1,q4-inheritance-v2,adjustment_time,0.0,0.0,0.0,1.438,1.2792,0.0,0.0
2025-01-19,18,116,q4_3,B1,q4-inheritance-v2,adjustment_time,0.0,45.72694892976142,45.72694892976142,1.4699,1.2792,0.0,87.7408696064262
2025-01-19,18,117,q4_3,B1,q4-inheritance-v2,adjustment_time,0.0,500.33325249999984,500.33325249999984,1.4923,1.2792,0.0,960.0394448969996
2025-01-19,18,118,q4_3,B1,q4-inheritance-v2,adjustment_time,0.0,467.90947833333325,467.90947833333325,1.4979,1.2792,0.0,897.8247070259998
2025-01-19,18,119,q4_3,B1,q4-inheritance-v2,adjustment_time,0.0,500.74508333333335,500.74508333333335,1.508,1.2792,0.0,960.8296659
2025-01-19,18,120,q4_3,B1,q4-inheritance-v2,adjustment_time,0.0,528.0444624999999,528.0444624999999,1.5289,1.2792,0.0,1013.2117146449997
2025-01-19,18,121,q4_3,B1,q4-inheritance-v2,adjustment_time,0.0,519.6186666666666,519.6186666666666,1.5141,1.2792,0.0,997.0442975999998
2025-01-19,18,122,q4_3,B1,q4-inheritance-v2,adjustment_time,0.0,498.3856666666665,498.3856666666665,1.5172,1.2792,0.0,956.3024171999996
2025-01-19,18,123,q4_3,B1,q4-inheritance-v2,adjustment_time,0.0,521.8358508333333,521.8358508333333,1.5934,1.2792,0.0,1001.2986305789999
2025-01-19,18,124,q4_3,B1,q4-inheritance-v2,adjustment_time,662.8881875,662.8881875,0.0,1.3738,1.2792,910.6757919874999,910.6757919874999
2025-01-19,18,125,q4_3,B1,q4-inheritance-v2,adjustment_time,775.2174166666668,775.2174166666668,0.0,0.9834,1.2792,762.3488075500002,762.3488075500002
2025-01-19,18,126,q4_3,B1,q4-inheritance-v2,adjustment_time,1451.0913439814813,1451.0913439814813,0.0,0.9463,1.2792,1373.1677388096757,1373.1677388096757
2025-01-19,18,127,q4_3,B1,q4-inheritance-v2,adjustment_time,704.7963983333334,704.7963983333335,1.1368683772161603e-13,0.9945,1.2792,700.9200181425001,700.9200181425003
2025-01-19,18,128,q4_3,B1,q4-inheritance-v2,adjustment_time,651.0737685185184,651.0737685185184,0.0,0.9794,1.2792,637.6616488870369,637.6616488870369
2025-01-19,18,129,q4_3,B1,q4-inheritance-v2,adjustment_time,77.52583291666679,77.52583291666679,0.0,0.9882,1.2792,76.61102808825011,76.61102808825011
2025-01-19,18,130,q4_3,B1,q4-inheritance-v2,adjustment_time,659.4370949999999,659.4370949999999,0.0,0.7733,1.2792,509.9427055634999,509.9427055634999
2025-01-19,18,131,q4_3,B1,q4-inheritance-v2,adjustment_time,582.6121666666666,582.6121666666666,0.0,0.436,1.2792,254.01890466666663,254.01890466666663
2025-01-19,18,132,q4_3,B1,q4-inheritance-v2,adjustment_time,1279.1347741666666,1279.1347741666666,0.0,0.3757,1.2792,480.5709346544166,480.5709346544166
2025-01-19,18,133,q4_3,B1,q4-inheritance-v2,adjustment_time,547.6409193518518,547.6409193518517,-1.1368683772161603e-13,0.4473,1.2792,244.95978322608332,244.95978322608335
2025-01-19,18,134,q4_3,B1,q4-inheritance-v2,adjustment_time,1323.4834166666665,1323.4834166666665,0.0,0.4843,1.2792,640.9630186916665,640.9630186916665
2025-01-19,18,135,q4_3,B1,q4-inheritance-v2,adjustment_time,1297.2594658333333,1297.2594658333335,2.2737367544323206e-13,0.4632,1.2792,600.890584574,600.8905845740004
2025-01-19,18,136,q4_3,B1,q4-inheritance-v2,adjustment_time,880.1734556481457,880.1734556481457,0.0,0.4484,1.2792,394.66977751262857,394.66977751262857
2025-01-19,18,137,q4_3,B1,q4-inheritance-v2,adjustment_time,578.8561666666665,578.8561666666665,0.0,0.46,1.2792,266.27383666666657,266.27383666666657
2025-01-19,18,138,q4_3,B1,q4-inheritance-v2,adjustment_time,503.3255908333334,503.3255908333334,0.0,0.4588,1.2792,230.92578107433337,230.92578107433337
2025-01-19,18,139,q4_3,B1,q4-inheritance-v2,adjustment_time,610.6310716666665,610.6310716666665,0.0,0.4313,1.2792,263.3651812098333,263.3651812098333
2025-01-19,18,140,q4_3,B1,q4-inheritance-v2,adjustment_time,1322.9672037037035,1322.9672037037035,0.0,0.4009,1.2792,530.3775519648148,530.3775519648148
2025-01-19,18,141,q4_3,B1,q4-inheritance-v2,adjustment_time,537.5419949999998,537.5419949999998,0.0,0.4078,1.2792,219.2096255609999,219.2096255609999
2025-01-19,18,142,q4_3,B1,q4-inheritance-v2,adjustment_time,560.7246808333333,560.7246808333333,0.0,0.4419,1.2792,247.78423646024999,247.78423646024999
2025-01-19,18,143,q4_3,B1,q4-inheritance-v2,adjustment_time,1315.1287916666665,1315.1287916666665,0.0,0.4807,1.2792,632.1824101541666,632.1824101541666
2025-01-20,19,0,q4_3,B1,q4-inheritance-v2,adjustment_time,719.8704316666667,719.8704316666667,0.0,0.4984,0.4984,358.7834231426667,358.7834231426667
2025-01-20,19,1,q4_3,B1,q4-inheritance-v2,adjustment_time,40.23661637037196,40.23661637037196,0.0,0.4558,0.4558,18.339849741615538,18.339849741615538
2025-01-20,19,2,q4_3,B1,q4-inheritance-v2,adjustment_time,1428.9124351851851,1428.9124351851851,0.0,0.4,0.4,571.564974074074,571.564974074074
2025-01-20,19,3,q4_3,B1,q4-inheritance-v2,adjustment_time,1445.446846574074,1445.446846574074,0.0,0.4224,0.4224,610.5567479928889,610.5567479928889
2025-01-20,19,4,q4_3,B1,q4-inheritance-v2,adjustment_time,676.0782908333332,676.0782908333332,0.0,0.4406,0.4406,297.8800949411666,297.8800949411666
2025-01-20,19,5,q4_3,B1,q4-inheritance-v2,adjustment_time,640.1539629629629,640.1539629629629,0.0,0.4346,0.4346,278.21091230370365,278.21091230370365
2025-01-20,19,6,q4_3,B1,q4-inheritance-v2,adjustment_time,1473.8549637037036,1473.8549637037036,0.0,0.4673,0.4673,688.7324245387407,688.7324245387407
2025-01-20,19,7,q4_3,B1,q4-inheritance-v2,adjustment_time,706.61265,706.61265,0.0,0.5079,0.5079,358.88856493500003,358.88856493500003
2025-01-20,19,8,q4_3,B1,q4-inheritance-v2,adjustment_time,697.0244351851853,697.0244351851853,0.0,0.5079,0.5079,354.01871063055563,354.01871063055563
2025-01-20,19,9,q4_3,B1,q4-inheritance-v2,adjustment_time,0.0,0.0,0.0,0.4541,0.4541,0.0,0.0
2025-01-20,19,10,q4_3,B1,q4-inheritance-v2,adjustment_time,1504.651797222222,1504.651797222222,0.0,0.4414,0.4414,664.1533032938888,664.1533032938888
2025-01-20,19,11,q4_3,B1,q4-inheritance-v2,adjustment_time,1486.6585,1486.6585,0.0,0.4872,0.4872,724.3000212000001,724.3000212000001
2025-01-20,19,12,q4_3,B1,q4-inheritance-v2,adjustment_time,1501.7754866666664,1501.7754866666664,0.0,0.5186,0.5186,778.8207673853332,778.8207673853332
2025-01-20,19,13,q4_3,B1,q4-inheritance-v2,adjustment_time,670.1132863888888,670.1132863888888,0.0,0.5184,0.5184,347.3867276639999,347.3867276639999
2025-01-20,19,14,q4_3,B1,q4-inheritance-v2,adjustment_time,601.848215886783,601.848215886783,0.0,0.4975,0.4975,299.41948740367457,299.41948740367457
2025-01-20,19,15,q4_3,B1,q4-inheritance-v2,adjustment_time,1485.6217629629627,1485.6217629629627,0.0,0.4787,0.4787,711.1671379303702,711.1671379303702
2025-01-20,19,16,q4_3,B1,q4-inheritance-v2,adjustment_time,752.5836274999998,752.5836274999998,0.0,0.4803,0.4803,361.4659162882499,361.4659162882499
2025-01-20,19,17,q4_3,B1,q4-inheritance-v2,adjustment_time,0.0,0.0,0.0,0.4909,0.4909,0.0,0.0
2025-01-20,19,18,q4_3,B1,q4-inheritance-v2,adjustment_time,713.1197872222224,713.1197872222224,0.0,0.4821,0.4821,343.7950494198334,343.7950494198334
2025-01-20,19,19,q4_3,B1,q4-inheritance-v2,adjustment_time,728.8932874999999,728.8932874999999,0.0,0.4728,0.4728,344.62074633,344.62074633
2025-01-20,19,20,q4_3,B1,q4-inheritance-v2,adjustment_time,695.8155648148149,695.8155648148149,0.0,0.4709,0.4709,327.6595494712963,327.6595494712963
2025-01-20,19,21,q4_3,B1,q4-inheritance-v2,adjustment_time,1522.9052067592593,1522.9052067592593,0.0,0.4672,0.4672,711.5013125979259,711.5013125979259
2025-01-20,19,22,q4_3,B1,q4-inheritance-v2,adjustment_time,1543.040345,1543.040345,0.0,0.4742,0.4742,731.709731599,731.709731599
2025-01-20,19,23,q4_3,B1,q4-inheritance-v2,adjustment_time,0.0,0.0,0.0,0.4996,0.4996,0.0,0.0
2025-01-20,19,24,q4_3,B1,q4-inheritance-v2,adjustment_time,0.0,0.0,0.0,0.5332,0.5332,0.0,0.0
2025-01-20,19,25,q4_3,B1,q4-inheritance-v2,adjustment_time,724.7754791666666,724.7754791666666,0.0,0.5416,0.5416,392.53839951666663,392.53839951666663
2025-01-20,19,26,q4_3,B1,q4-inheritance-v2,adjustment_time,605.2980124777852,605.2980124777852,0.0,0.5276,0.5276,319.35523138327943,319.35523138327943
2025-01-20,19,27,q4_3,B1,q4-inheritance-v2,adjustment_time,705.8959326851852,705.8959326851852,0.0,0.5222,0.5222,368.6188560482037,368.6188560482037
2025-01-20,19,28,q4_3,B1,q4-inheritance-v2,adjustment_time,656.4989755555556,656.4989755555556,0.0,0.4996,0.4996,327.98688818755556,327.98688818755556
2025-01-20,19,29,q4_3,B1,q4-inheritance-v2,adjustment_time,1518.4014351851852,1518.4014351851852,0.0,0.4782,0.4782,726.0995663055555,726.0995663055555
2025-01-20,19,30,q4_3,B1,q4-inheritance-v2,adjustment_time,771.5465124074074,771.5465124074074,0.0,0.5046,0.5046,389.3223701607778,389.3223701607778
2025-01-20,19,31,q4_3,B1,q4-inheritance-v2,adjustment_time,0.0,0.0,0.0,0.5068,0.5068,0.0,0.0
2025-01-20,19,32,q4_3,B1,q4-inheritance-v2,adjustment_time,1561.6210833333332,1561.6210833333332,0.0,0.4447,0.4447,694.4528957583333,694.4528957583333
2025-01-20,19,33,q4_3,B1,q4-inheritance-v2,adjustment_time,1511.464574722222,1511.464574722222,0.0,0.3998,0.3998,604.2835369739444,604.2835369739444
2025-01-20,19,34,q4_3,B1,q4-inheritance-v2,adjustment_time,795.0597849999998,795.0597849999998,0.0,0.6687,0.6687,531.6564782294998,531.6564782294998
2025-01-20,19,35,q4_3,B1,q4-inheritance-v2,adjustment_time,876.1778333333332,876.1778333333332,0.0,1.0779,1.0779,944.4320865499999,944.4320865499999
2025-01-20,19,36,q4_3,B1,q4-inheritance-v2,adjustment_time,882.9766208888902,882.9766208888901,-1.1368683772161603e-13,1.1214,1.0779,990.1699826648015,990.1699826648014
2025-01-20,19,37,q4_3,B1,q4-inheritance-v2,adjustment_time,918.1741029629632,918.1741029629633,1.1368683772161603e-13,1.0438,1.0779,958.390128672741,958.3901286727412
2025-01-20,19,38,q4_3,B1,q4-inheritance-v2,adjustment_time,913.1761249999998,913.1761249999998,0.0,1.0364,1.0779,946.4157359499998,946.4157359499998
2025-01-20,19,39,q4_3,B1,q4-inheritance-v2,adjustment_time,734.6342788888882,734.634278888888,-1.1368683772161603e-13,1.0513,1.0779,772.321017395888,772.321017395888
2025-01-20,19,40,q4_3,B1,q4-inheritance-v2,adjustment_time,990.5415005555556,990.5415005555557,1.1368683772161603e-13,1.0705,1.0779,1060.3746763447223,1060.3746763447225
2025-01-20,19,41,q4_3,B1,q4-inheritance-v2,adjustment_time,890.2027888888889,890.2027888888888,-1.1368683772161603e-13,1.0678,1.0779,950.5585379755556,950.5585379755556
2025-01-20,19,42,q4_3,B1,q4-inheritance-v2,adjustment_time,92.07612305555438,92.07612305555438,0.0,1.0233,1.0779,94.2214967227488,94.2214967227488
2025-01-20,19,43,q4_3,B1,q4-inheritance-v2,adjustment_time,79.42796027777786,79.42796027777786,0.0,1.0085,1.0779,80.10309794013897,80.10309794013897
2025-01-20,19,44,q4_3,B1,q4-inheritance-v2,adjustment_time,1553.3688499999998,1553.3688499999998,0.0,0.9891,1.0779,1536.4371295349997,1536.4371295349997
2025-01-20,19,45,q4_3,B1,q4-inheritance-v2,adjustment_time,1433.8548702777775,1433.8548702777775,0.0,0.9088,1.0779,1303.0873061084444,1303.0873061084444
2025-01-20,19,46,q4_3,B1,q4-inheritance-v2,adjustment_time,728.0856447222221,728.0856447222221,0.0,1.1152,1.0779,811.961110994222,811.961110994222
2025-01-20,19,47,q4_3,B1,q4-inheritance-v2,adjustment_time,182.61169999999981,182.61169999999981,0.0,1.467,1.0779,267.89136389999976,267.89136389999976
2025-01-20,19,48,q4_3,B1,q4-inheritance-v2,adjustment_time,147.87615249999976,147.8761524999998,2.842170943040401e-14,1.4422,1.0779,213.26698713549965,213.2669871354997
2025-01-20,19,49,q4_3,B1,q4-inheritance-v2,adjustment_time,180.19455138888884,180.19455138888884,0.0,1.3448,1.0779,242.32563270777771,242.32563270777771
2025-01-20,19,50,q4_3,B1,q4-inheritance-v2,adjustment_time,180.74329166666678,180.74329166666678,0.0,1.3635,1.0779,246.44347818750015,246.44347818750015
2025-01-20,19,51,q4_3,B1,q4-inheritance-v2,adjustment_time,455.7136846354364,455.7136846354364,0.0,1.3811,1.0779,629.3861698500012,629.3861698500012
2025-01-20,19,52,q4_3,B1,q4-inheritance-v2,adjustment_time,98.53551555555543,98.53551555555543,0.0,1.3717,1.0779,135.16116668755538,135.16116668755538
2025-01-20,19,53,q4_3,B1,q4-inheritance-v2,adjustment_time,22.948033333333,22.948033333333004,3.552713678800501e-15,1.3149,1.0779,30.17436902999956,30.174369029999568
2025-01-20,19,54,q4_3,B1,q4-inheritance-v2,adjustment_time,0.0,0.0,0.0,1.2115,1.0779,0.0,0.0
2025-01-20,19,55,q4_3,B1,q4-inheritance-v2,adjustment_time,0.0,0.0,0.0,1.2192,1.0779,0.0,0.0
2025-01-20,19,56,q4_3,B1,q4-inheritance-v2,adjustment_time,0.0,0.0,0.0,1.2694,1.0779,0.0,0.0
2025-01-20,19,57,q4_3,B1,q4-inheritance-v2,adjustment_time,483.1025308333333,483.1025308333333,0.0,1.1614,1.0779,561.0752793098333,561.0752793098333
2025-01-20,19,58,q4_3,B1,q4-inheritance-v2,adjustment_time,0.0,0.0,0.0,1.2081,1.0779,0.0,0.0
2025-01-20,19,59,q4_3,B1,q4-inheritance-v2,adjustment_time,0.0,0.0,0.0,1.3892,1.0779,0.0,0.0
2025-01-20,19,60,q4_3,B1,q4-inheritance-v2,adjustment_time,0.0,0.0,0.0,1.3618,1.0779,0.0,0.0
2025-01-20,19,61,q4_3,B1,q4-inheritance-v2,adjustment_time,0.0,0.0,0.0,1.3405,1.0779,0.0,0.0
2025-01-20,19,62,q4_3,B1,q4-inheritance-v2,adjustment_time,0.0,0.0,0.0,1.4187,1.0779,0.0,0.0
2025-01-20,19,63,q4_3,B1,q4-inheritance-v2,adjustment_time,0.0,0.0,0.0,1.4146,1.0779,0.0,0.0
2025-01-20,19,64,q4_3,B1,q4-inheritance-v2,adjustment_time,238.23695407407422,238.23695407407422,0.0,1.1219,1.0779,267.27803877570386,267.27803877570386
2025-01-20,19,65,q4_3,B1,q4-inheritance-v2,adjustment_time,922.2202333333332,922.2202333333332,0.0,0.7258,1.0779,669.3474453533332,669.3474453533332
2025-01-20,19,66,q4_3,B1,q4-inheritance-v2,adjustment_time,744.0770127507524,744.0770127507524,0.0,0.6485,1.0779,482.5339427688629,482.5339427688629
2025-01-20,19,67,q4_3,B1,q4-inheritance-v2,adjustment_time,113.70396583333331,113.70396583333331,0.0,0.6905,1.0779,78.51258840791665,78.51258840791665
2025-01-20,19,68,q4_3,B1,q4-inheritance-v2,adjustment_time,866.0121833333329,866.0121833333329,0.0,0.704,1.0779,609.6725770666663,609.6725770666663
2025-01-20,19,69,q4_3,B1,q4-inheritance-v2,adjustment_time,876.8543649999998,876.8543649999998,0.0,0.7292,1.0779,639.4022029579999,639.4022029579999
2025-01-20,19,70,q4_3,B1,q4-inheritance-v2,adjustment_time,848.8166991666666,848.8166991666666,0.0,0.7162,1.0779,607.9225199431665,607.9225199431665
2025-01-20,19,71,q4_3,B1,q4-inheritance-v2,adjustment_time,789.2959000000001,789.2959,-1.1368683772161603e-13,0.6663,0.6663,525.90785817,525.9078581699999
2025-01-20,19,72,q4_3,B1,q4-inheritance-v2,adjustment_time,770.9743086111112,770.9743086111113,1.1368683772161603e-13,0.6454,0.6663,497.58681877761114,497.58681877761126
2025-01-20,19,73,q4_3,B1,q4-inheritance-v2,adjustment_time,807.191617962963,807.1916179629629,-1.1368683772161603e-13,0.6714,0.6663,541.9484523003334,541.9484523003333
2025-01-20,19,74,q4_3,B1,q4-inheritance-v2,adjustment_time,845.8722333333335,845.8722333333336,1.1368683772161603e-13,0.684,0.6663,578.5766076000001,578.5766076000002
2025-01-20,19,75,q4_3,B1,q4-inheritance-v2,adjustment_time,796.0278314814814,796.0278314814813,-1.1368683772161603e-13,0.6375,0.6663,507.46774256944434,507.46774256944434
2025-01-20,19,76,q4_3,B1,q4-inheritance-v2,adjustment_time,62.852737777777975,62.852737777777975,0.0,0.7842,0.6663,49.28911696533349,49.28911696533349
2025-01-20,19,77,q4_3,B1,q4-inheritance-v2,adjustment_time,177.15290000000016,177.1529000000002,2.842170943040401e-14,1.0415,0.6663,184.50474535000018,184.5047453500002
2025-01-20,19,78,q4_3,B1,q4-inheritance-v2,adjustment_time,87.64478194444484,87.64478194444483,-1.4210854715202004e-14,1.0562,0.6663,92.57041868972264,92.57041868972263
2025-01-20,19,79,q4_3,B1,q4-inheritance-v2,adjustment_time,123.5718363888891,123.57183638888907,-2.842170943040401e-14,1.0197,0.6663,126.00620156575022,126.0062015657502
2025-01-20,19,80,q4_3,B1,q4-inheritance-v2,adjustment_time,198.66193333333342,198.6619333333334,-2.842170943040401e-14,1.0348,0.6663,205.5753686133334,205.57536861333338
2025-01-20,19,81,q4_3,B1,q4-inheritance-v2,adjustment_time,0.0,0.0,0.0,1.0335,0.6663,0.0,0.0
2025-01-20,19,82,q4_3,B1,q4-inheritance-v2,adjustment_time,0.0,0.0,0.0,1.1717,0.6663,0.0,0.0
2025-01-20,19,83,q4_3,B1,q4-inheritance-v2,adjustment_time,0.0,0.0,0.0,1.3664,0.6663,0.0,0.0
2025-01-20,19,84,q4_3,B1,q4-inheritance-v2,adjustment_time,0.0,0.0,0.0,1.3523,0.6663,0.0,0.0
2025-01-20,19,85,q4_3,B1,q4-inheritance-v2,adjustment_time,0.0,0.0,0.0,1.3159,0.6663,0.0,0.0
2025-01-20,19,86,q4_3,B1,q4-inheritance-v2,adjustment_time,0.0,0.0,0.0,1.3901,0.6663,0.0,0.0
2025-01-20,19,87,q4_3,B1,q4-inheritance-v2,adjustment_time,0.0,0.0,0.0,1.4768,0.6663,0.0,0.0
2025-01-20,19,88,q4_3,B1,q4-inheritance-v2,adjustment_time,0.0,0.0,0.0,1.2537,0.6663,0.0,0.0
2025-01-20,19,89,q4_3,B1,q4-inheritance-v2,adjustment_time,1384.2120703703702,1384.2120703703702,0.0,0.8757,0.6663,1212.1545100233332,1212.1545100233332
2025-01-20,19,90,q4_3,B1,q4-inheritance-v2,adjustment_time,1410.961160740741,1410.9611607407408,-2.2737367544323206e-13,0.8418,0.6663,1187.7471051115558,1187.7471051115556
2025-01-20,19,91,q4_3,B1,q4-inheritance-v2,adjustment_time,1413.3694112037037,1413.3694112037037,0.0,0.9121,0.6663,1289.1342399588982,1289.1342399588982
2025-01-20,19,92,q4_3,B1,q4-inheritance-v2,adjustment_time,749.6976833333333,749.6976833333332,-1.1368683772161603e-13,0.9261,0.6663,694.295024535,694.2950245349999
2025-01-20,19,93,q4_3,B1,q4-inheritance-v2,adjustment_time,1515.1019619444446,1515.101961944445,4.547473508864641e-13,0.9616,0.6663,1456.922046605778,1456.9220466057784
2025-01-20,19,94,q4_3,B1,q4-inheritance-v2,adjustment_time,924.275650833336,924.2756508333363,2.2737367544323206e-13,0.9743,0.6663,900.5217666069194,900.5217666069196
2025-01-20,19,95,q4_3,B1,q4-inheritance-v2,adjustment_time,927.8276000000002,927.8276000000002,0.0,0.9724,0.6663,902.2195582400002,902.2195582400002
2025-01-20,19,96,q4_3,B1,q4-inheritance-v2,adjustment_time,1019.1110019444443,1019.1110019444442,-1.1368683772161603e-13,1.0199,0.6663,1039.3913108831387,1039.3913108831387
2025-01-20,19,97,q4_3,B1,q4-inheritance-v2,adjustment_time,1096.7890597222224,1096.7890597222224,0.0,1.0643,0.6663,1167.3125962623612,1167.3125962623612
2025-01-20,19,98,q4_3,B1,q4-inheritance-v2,adjustment_time,1110.5381249999996,1110.5381249999996,0.0,1.0807,0.6663,1200.1585516874995,1200.1585516874995
2025-01-20,19,99,q4_3,B1,q4-inheritance-v2,adjustment_time,1002.534799499991,1002.5347994999905,-4.547473508864641e-13,1.0949,0.6663,1097.67535197254,1097.6753519725398
2025-01-20,19,100,q4_3,B1,q4-inheritance-v2,adjustment_time,199.4376694444445,312.76514638888875,113.32747694444424,1.1047,0.6663,220.31879343527785,333.5839402674027
2025-01-20,19,101,q4_3,B1,q4-inheritance-v2,adjustment_time,1037.31755,1037.3175499999998,-2.2737367544323206e-13,1.1188,0.6663,1160.55087494,1160.5508749399996
2025-01-20,19,102,q4_3,B1,q4-inheritance-v2,adjustment_time,1228.1210052777774,1228.1210052777772,-2.2737367544323206e-13,1.1494,0.6663,1411.6022834662772,1411.602283466277
2025-01-20,19,103,q4_3,B1,q4-inheritance-v2,adjustment_time,1221.7157380555554,1221.7157380555552,-2.2737367544323206e-13,1.1513,0.6663,1406.5613292233609,1406.5613292233606
2025-01-20,19,104,q4_3,B1,q4-inheritance-v2,adjustment_time,1172.9033177469119,1172.9033177469116,-2.2737367544323206e-13,1.1168,0.6663,1309.898425259751,1309.8984252597509
2025-01-20,19,105,q4_3,B1,q4-inheritance-v2,adjustment_time,1250.9802844444444,1250.9802844444441,-2.2737367544323206e-13,1.0933,0.6663,1367.6967449831109,1367.6967449831106
2025-01-20,19,106,q4_3,B1,q4-inheritance-v2,adjustment_time,976.5002163888889,976.5002163888887,-2.2737367544323206e-13,1.1354,0.6663,1108.7183456879445,1108.7183456879443
2025-01-20,19,107,q4_3,B1,q4-inheritance-v2,adjustment_time,706.2173333333333,706.2173333333332,-1.1368683772161603e-13,1.2152,1.2152,858.1953034666666,858.1953034666666
2025-01-20,19,108,q4_3,B1,q4-inheritance-v2,adjustment_time,423.0397570000002,423.0397570000002,0.0,1.2531,1.2152,530.1111194967002,530.1111194967002
2025-01-20,19,109,q4_3,B1,q4-inheritance-v2,adjustment_time,748.0175849999997,748.0175849999997,0.0,1.295,1.2152,968.6827725749996,968.6827725749996
2025-01-20,19,110,q4_3,B1,q4-inheritance-v2,adjustment_time,822.4142499999999,822.41425,1.1368683772161603e-13,1.3213,1.2152,1086.6559485249998,1086.655948525
2025-01-20,19,111,q4_3,B1,q4-inheritance-v2,adjustment_time,828.9740774999999,828.9740775,1.1368683772161603e-13,1.2823,1.2152,1062.99345957825,1062.9934595782502
2025-01-20,19,112,q4_3,B1,q4-inheritance-v2,adjustment_time,710.5865266666667,710.5865266666666,-1.1368683772161603e-13,1.3838,1.2152,983.3096356013333,983.3096356013333
2025-01-20,19,113,q4_3,B1,q4-inheritance-v2,adjustment_time,0.0,0.0,0.0,1.5695,1.2152,0.0,0.0
2025-01-20,19,114,q4_3,B1,q4-inheritance-v2,adjustment_time,0.0,0.0,0.0,1.5624,1.2152,0.0,0.0
2025-01-20,19,115,q4_3,B1,q4-inheritance-v2,adjustment_time,0.0,0.0,0.0,1.5036,1.2152,0.0,0.0
2025-01-20,19,116,q4_3,B1,q4-inheritance-v2,adjustment_time,0.0,0.0,0.0,1.4899,1.2152,0.0,0.0
2025-01-20,19,117,q4_3,B1,q4-inheritance-v2,adjustment_time,0.0,0.0,0.0,1.4792,1.2152,0.0,0.0
2025-01-20,19,118,q4_3,B1,q4-inheritance-v2,adjustment_time,0.0,0.0,0.0,1.4831,1.2152,0.0,0.0
2025-01-20,19,119,q4_3,B1,q4-inheritance-v2,adjustment_time,51.76779838173627,51.76779838173627,0.0,1.5007,1.2152,77.68793503147161,77.68793503147161
2025-01-20,19,120,q4_3,B1,q4-inheritance-v2,adjustment_time,24.50323666666668,24.50323666666668,0.0,1.5048,1.2152,36.872470536000016,36.872470536000016
2025-01-20,19,121,q4_3,B1,q4-inheritance-v2,adjustment_time,13.245469999999955,13.245469999999955,0.0,1.4804,1.2152,19.608593787999933,19.608593787999933
2025-01-20,19,122,q4_3,B1,q4-inheritance-v2,adjustment_time,626.12525,626.12525,0.0,1.4885,1.2152,931.987434625,931.987434625
2025-01-20,19,123,q4_3,B1,q4-inheritance-v2,adjustment_time,0.0,0.0,0.0,1.5591,1.2152,0.0,0.0
2025-01-20,19,124,q4_3,B1,q4-inheritance-v2,adjustment_time,722.2414608333333,722.2414608333335,1.1368683772161603e-13,1.3362,1.2152,965.0590399655,965.0590399655002
2025-01-20,19,125,q4_3,B1,q4-inheritance-v2,adjustment_time,824.8404166666668,824.8404166666669,1.1368683772161603e-13,0.9556,1.2152,788.2175021666668,788.217502166667
2025-01-20,19,126,q4_3,B1,q4-inheritance-v2,adjustment_time,843.1881108333332,843.1881108333333,1.1368683772161603e-13,0.9349,1.2152,788.2965648180832,788.2965648180834
2025-01-20,19,127,q4_3,B1,q4-inheritance-v2,adjustment_time,748.1810166666667,748.1810166666668,1.1368683772161603e-13,0.9768,1.2152,730.82321708,730.8232170800002
2025-01-20,19,128,q4_3,B1,q4-inheritance-v2,adjustment_time,733.4667499999999,733.4667499999999,0.0,0.9545,1.2152,700.094012875,700.094012875
2025-01-20,19,129,q4_3,B1,q4-inheritance-v2,adjustment_time,764.5928674999999,764.5928674999998,-1.1368683772161603e-13,1.0007,1.2152,765.1280825072498,765.1280825072498
2025-01-20,19,130,q4_3,B1,q4-inheritance-v2,adjustment_time,763.4751091666667,763.4751091666668,1.1368683772161603e-13,0.7867,1.2152,600.6258683814167,600.6258683814169
2025-01-20,19,131,q4_3,B1,q4-inheritance-v2,adjustment_time,1320.6704166666666,1320.6704166666664,-2.2737367544323206e-13,0.426,1.2152,562.6055974999999,562.6055974999999
2025-01-20,19,132,q4_3,B1,q4-inheritance-v2,adjustment_time,653.729938333333,653.7299383333332,1.1368683772161603e-13,0.4008,1.2152,262.0149592839999,262.0149592840001
2025-01-20,19,133,q4_3,B1,q4-inheritance-v2,adjustment_time,0.0,0.0,0.0,0.4369,1.2152,0.0,0.0
2025-01-20,19,134,q4_3,B1,q4-inheritance-v2,adjustment_time,604.9468333333333,604.9468333333333,0.0,0.3857,1.2152,233.32799361666665,233.32799361666665
2025-01-20,19,135,q4_3,B1,q4-inheritance-v2,adjustment_time,1340.2340475,1340.2340474999999,-2.2737367544323206e-13,0.383,1.2152,513.3096401925001,513.3096401925001
2025-01-20,19,136,q4_3,B1,q4-inheritance-v2,adjustment_time,1338.261785,1338.2617849999997,-2.2737367544323206e-13,0.4209,1.2152,563.2743853065,563.2743853065
2025-01-20,19,137,q4_3,B1,q4-inheritance-v2,adjustment_time,1340.5383333333334,1340.5383333333336,2.2737367544323206e-13,0.4465,1.2152,598.5503658333333,598.5503658333338
2025-01-20,19,138,q4_3,B1,q4-inheritance-v2,adjustment_time,1342.8577074999998,1342.8577075000003,4.547473508864641e-13,0.4264,1.2152,572.5945264779999,572.5945264780007
2025-01-20,19,139,q4_3,B1,q4-inheritance-v2,adjustment_time,1338.9256641666666,1338.9256641666666,0.0,0.4195,1.2152,561.6793161179166,561.6793161179166
2025-01-20,19,140,q4_3,B1,q4-inheritance-v2,adjustment_time,640.2184074074074,640.2184074074074,0.0,0.4422,1.2152,283.10457975555556,283.10457975555556
2025-01-20,19,141,q4_3,B1,q4-inheritance-v2,adjustment_time,0.0,0.0,0.0,0.4529,1.2152,0.0,0.0
2025-01-20,19,142,q4_3,B1,q4-inheritance-v2,adjustment_time,287.3547227015944,287.35472270159437,-5.684341886080802e-14,0.4428,1.2152,127.24067121226602,127.24067121226602
2025-01-20,19,143,q4_3,B1,q4-inheritance-v2,adjustment_time,1321.1174583333332,1321.1174583333332,0.0,0.422,1.2152,557.5115674166666,557.5115674166666
2025-01-21,20,0,q4_3,B1,q4-inheritance-v2,adjustment_time,1446.8756732407405,1446.8756732407405,0.0,0.4109,0.4109,594.5212141346202,594.5212141346202
2025-01-21,20,1,q4_3,B1,q4-inheritance-v2,adjustment_time,621.0176204629632,621.0176204629632,0.0,0.4304,0.4304,267.2859838472594,267.2859838472594
2025-01-21,20,2,q4_3,B1,q4-inheritance-v2,adjustment_time,635.6350833333333,635.6350833333333,0.0,0.4477,0.4477,284.5738268083333,284.5738268083333
2025-01-21,20,3,q4_3,B1,q4-inheritance-v2,adjustment_time,616.4705857407408,616.4705857407408,0.0,0.4073,0.4073,251.08846957220373,251.08846957220373
2025-01-21,20,4,q4_3,B1,q4-inheritance-v2,adjustment_time,0.0,0.0,0.0,0.3764,0.3764,0.0,0.0
2025-01-21,20,5,q4_3,B1,q4-inheritance-v2,adjustment_time,670.4384999999999,670.4384999999999,0.0,0.4017,0.4017,269.31514544999993,269.31514544999993
2025-01-21,20,6,q4_3,B1,q4-inheritance-v2,adjustment_time,1495.159319537037,1495.159319537037,0.0,0.4631,0.4631,692.4082808776018,692.4082808776018
2025-01-21,20,7,q4_3,B1,q4-inheritance-v2,adjustment_time,1492.0864755555554,1492.0864755555554,0.0,0.4824,0.4824,719.7825158079999,719.7825158079999
2025-01-21,20,8,q4_3,B1,q4-inheritance-v2,adjustment_time,714.2469166666667,714.2469166666667,0.0,0.4628,0.4628,330.5534730333334,330.5534730333334
2025-01-21,20,9,q4_3,B1,q4-inheritance-v2,adjustment_time,672.6942053703702,672.6942053703702,0.0,0.4714,0.4714,317.1080484115925,317.1080484115925
2025-01-21,20,10,q4_3,B1,q4-inheritance-v2,adjustment_time,707.818995,707.818995,0.0,0.456,0.456,322.76546172,322.76546172
2025-01-21,20,11,q4_3,B1,q4-inheritance-v2,adjustment_time,1515.2274166666666,1515.2274166666666,0.0,0.4341,0.4341,657.760221575,657.760221575
2025-01-21,20,12,q4_3,B1,q4-inheritance-v2,adjustment_time,691.0147475,691.0147475,0.0,0.4783,0.4783,330.51235372925,330.51235372925
2025-01-21,20,13,q4_3,B1,q4-inheritance-v2,adjustment_time,693.8823341666666,693.8823341666666,0.0,0.4854,0.4854,336.8104850045,336.8104850045
2025-01-21,20,14,q4_3,B1,q4-inheritance-v2,adjustment_time,1516.6012685185185,1516.6012685185185,0.0,0.4463,0.4463,676.8591461398148,676.8591461398148
2025-01-21,20,15,q4_3,B1,q4-inheritance-v2,adjustment_time,1483.2066429629629,1483.2066429629629,0.0,0.4572,0.4572,678.1220771626666,678.1220771626666
2025-01-21,20,16,q4_3,B1,q4-inheritance-v2,adjustment_time,748.6478024999999,748.6478024999999,0.0,0.4823,0.4823,361.07283514574993,361.07283514574993
2025-01-21,20,17,q4_3,B1,q4-inheritance-v2,adjustment_time,648.6857407407406,648.6857407407406,0.0,0.4959,0.4959,321.68325883333324,321.68325883333324
2025-01-21,20,18,q4_3,B1,q4-inheritance-v2,adjustment_time,837.8595312304677,837.8595312304677,0.0,0.5081,0.5081,425.71642781820066,425.71642781820066
2025-01-21,20,19,q4_3,B1,q4-inheritance-v2,adjustment_time,721.8596183333332,721.8596183333332,0.0,0.4963,0.4963,358.25892857883326,358.25892857883326
2025-01-21,20,20,q4_3,B1,q4-inheritance-v2,adjustment_time,711.5782314814816,711.5782314814816,0.0,0.4769,0.4769,339.35165859351855,339.35165859351855
2025-01-21,20,21,q4_3,B1,q4-inheritance-v2,adjustment_time,704.1527609259259,704.1527609259259,0.0,0.4936,0.4936,347.569802793037,347.569802793037
2025-01-21,20,22,q4_3,B1,q4-inheritance-v2,adjustment_time,0.0,0.0,0.0,0.5093,0.5093,0.0,0.0
2025-01-21,20,23,q4_3,B1,q4-inheritance-v2,adjustment_time,0.0,0.0,0.0,0.5109,0.5109,0.0,0.0
2025-01-21,20,24,q4_3,B1,q4-inheritance-v2,adjustment_time,413.5034706759316,413.5034706759316,0.0,0.5177,0.5177,214.0707467689298,214.0707467689298
2025-01-21,20,25,q4_3,B1,q4-inheritance-v2,adjustment_time,770.6925066666665,770.6925066666665,0.0,0.5029,0.5029,387.5812616026666,387.5812616026666
2025-01-21,20,26,q4_3,B1,q4-inheritance-v2,adjustment_time,1583.483074074074,1583.483074074074,0.0,0.4659,0.4659,737.744764211111,737.744764211111
2025-01-21,20,27,q4_3,B1,q4-inheritance-v2,adjustment_time,1532.3470576851853,1532.3470576851853,0.0,0.446,0.446,683.4267877275927,683.4267877275927
2025-01-21,20,28,q4_3,B1,q4-inheritance-v2,adjustment_time,667.5405580555555,667.5405580555555,0.0,0.4855,0.4855,324.0909409359722,324.0909409359722
2025-01-21,20,29,q4_3,B1,q4-inheritance-v2,adjustment_time,143.2459860740729,143.2459860740729,0.0,0.54,0.54,77.35283247999938,77.35283247999938
2025-01-21,20,30,q4_3,B1,q4-inheritance-v2,adjustment_time,0.0,0.0,0.0,0.5231,0.5231,0.0,0.0
2025-01-21,20,31,q4_3,B1,q4-inheritance-v2,adjustment_time,770.2178784259258,770.2178784259258,0.0,0.5207,0.5207,401.0524492963796,401.0524492963796
2025-01-21,20,32,q4_3,B1,q4-inheritance-v2,adjustment_time,1561.0425,1561.0425,0.0,0.5164,0.5164,806.122347,806.122347
2025-01-21,20,33,q4_3,B1,q4-inheritance-v2,adjustment_time,1529.983754722222,1529.983754722222,0.0,0.4565,0.4565,698.4375840306944,698.4375840306944
2025-01-21,20,34,q4_3,B1,q4-inheritance-v2,adjustment_time,730.8306216666666,730.8306216666666,0.0,0.6965,0.6965,509.0235279908333,509.0235279908333
2025-01-21,20,35,q4_3,B1,q4-inheritance-v2,adjustment_time,907.5250000000002,907.5250000000002,0.0,1.0798,1.0798,979.9454950000003,979.9454950000003
2025-01-21,20,36,q4_3,B1,q4-inheritance-v2,adjustment_time,865.0934103333336,865.0934103333337,1.1368683772161603e-13,1.062,1.0798,918.7292017740003,918.7292017740006
2025-01-21,20,37,q4_3,B1,q4-inheritance-v2,adjustment_time,914.8858076851853,914.8858076851855,1.1368683772161603e-13,0.9954,1.0798,910.6773329698334,910.6773329698336
2025-01-21,20,38,q4_3,B1,q4-inheritance-v2,adjustment_time,920.7536999999999,920.7536999999999,0.0,1.0497,1.0798,966.51515889,966.51515889
2025-01-21,20,39,q4_3,B1,q4-inheritance-v2,adjustment_time,229.89549888888905,229.89549888888905,0.0,1.0456,1.0798,240.3787336382224,240.3787336382224
2025-01-21,20,40,q4_3,B1,q4-inheritance-v2,adjustment_time,486.0870527777761,486.087052777776,-5.684341886080802e-14,1.0593,1.0798,514.9120150074982,514.9120150074981
2025-01-21,20,41,q4_3,B1,q4-inheritance-v2,adjustment_time,845.0025666666666,845.0025666666666,0.0,1.0838,1.0798,915.8137817533333,915.8137817533333
2025-01-21,20,42,q4_3,B1,q4-inheritance-v2,adjustment_time,486.5109627777807,486.51096277778066,-5.684341886080802e-14,1.0199,1.0798,496.19253093705856,496.19253093705856
2025-01-21,20,43,q4_3,B1,q4-inheritance-v2,adjustment_time,792.7124413888888,792.7124413888888,0.0,0.9951,1.0798,788.8281504260832,788.8281504260832
2025-01-21,20,44,q4_3,B1,q4-inheritance-v2,adjustment_time,1546.6633,1546.6633,0.0,0.9886,1.0798,1529.03133838,1529.03133838
2025-01-21,20,45,q4_3,B1,q4-inheritance-v2,adjustment_time,1413.4979958333329,1413.4979958333329,0.0,0.8949,1.0798,1264.9393564712495,1264.9393564712495
2025-01-21,20,46,q4_3,B1,q4-inheritance-v2,adjustment_time,690.2276025,690.2276025,0.0,1.0733,1.0798,740.82128576325,740.82128576325
2025-01-21,20,47,q4_3,B1,q4-inheritance-v2,adjustment_time,138.18195000000014,126.34600000000023,-11.835949999999912,1.4148,1.0798,195.49982286000022,185.1445502050003
2025-01-21,20,48,q4_3,B1,q4-inheritance-v2,adjustment_time,94.929819814815,81.12250870370394,-13.807311111111062,1.4138,1.0798,134.21177925418544,122.1455700741855
2025-01-21,20,49,q4_3,B1,q4-inheritance-v2,adjustment_time,17.082724444444807,17.082724444444807,0.0,1.3109,1.0798,22.393743474222696,22.393743474222696
2025-01-21,20,50,q4_3,B1,q4-inheritance-v2,adjustment_time,11.603947222222246,11.603947222222246,0.0,1.3045,1.0798,15.13734915138892,15.13734915138892
2025-01-21,20,51,q4_3,B1,q4-inheritance-v2,adjustment_time,94.07952333333344,31.594912222222433,-62.48461111111101,1.3405,1.0798,126.11360102833348,76.08842137277801
2025-01-21,20,52,q4_3,B1,q4-inheritance-v2,adjustment_time,48.152753333333294,0.0,-48.152753333333294,1.3016,1.0798,62.67562373866662,25.997671524666647
2025-01-21,20,53,q4_3,B1,q4-inheritance-v2,adjustment_time,0.0,0.0,0.0,1.2117,1.0798,0.0,0.0
2025-01-21,20,54,q4_3,B1,q4-inheritance-v2,adjustment_time,466.57745704839874,0.0,-466.57745704839874,1.2037,1.0798,561.6192850491576,251.9051690604305
2025-01-21,20,55,q4_3,B1,q4-inheritance-v2,adjustment_time,150.86395782407402,117.95659857408504,-32.907359249988986,1.2259,1.0798,184.94412589653234,162.3696774510399
2025-01-21,20,56,q4_3,B1,q4-inheritance-v2,adjustment_time,0.0,0.0,0.0,1.2027,1.0798,0.0,0.0
2025-01-21,20,57,q4_3,B1,q4-inheritance-v2,adjustment_time,512.7412586111112,512.7412586111112,0.0,1.1361,1.0798,582.5253439080835,582.5253439080835
2025-01-21,20,58,q4_3,B1,q4-inheritance-v2,adjustment_time,0.0,0.0,0.0,1.232,1.0798,0.0,0.0
2025-01-21,20,59,q4_3,B1,q4-inheritance-v2,adjustment_time,0.0,0.0,0.0,1.4074,1.0798,0.0,0.0
2025-01-21,20,60,q4_3,B1,q4-inheritance-v2,adjustment_time,0.0,0.0,0.0,1.3613,1.0798,0.0,0.0
2025-01-21,20,61,q4_3,B1,q4-inheritance-v2,adjustment_time,0.0,0.0,0.0,1.2737,1.0798,0.0,0.0
2025-01-21,20,62,q4_3,B1,q4-inheritance-v2,adjustment_time,0.0,0.0,0.0,1.2958,1.0798,0.0,0.0
2025-01-21,20,63,q4_3,B1,q4-inheritance-v2,adjustment_time,0.0,0.0,0.0,1.3485,1.0798,0.0,0.0
2025-01-21,20,64,q4_3,B1,q4-inheritance-v2,adjustment_time,292.36103546296306,179.02113527777783,-113.33990018518523,1.0712,1.0798,313.177141187926,252.9596522195371
2025-01-21,20,65,q4_3,B1,q4-inheritance-v2,adjustment_time,986.331083333333,986.331083333333,0.0,0.6451,1.0798,636.2821818583332,636.2821818583332
2025-01-21,20,66,q4_3,B1,q4-inheritance-v2,adjustment_time,993.8217927777778,906.9821258333329,-86.83966694444484,0.6284,1.0798,624.5176145815556,616.8323040569721
2025-01-21,20,67,q4_3,B1,q4-inheritance-v2,adjustment_time,702.0853353165951,702.0853353165951,0.0,0.6639,1.0798,466.1144541166875,466.1144541166875
2025-01-21,20,68,q4_3,B1,q4-inheritance-v2,adjustment_time,142.88992777777798,142.88992777777798,0.0,0.5875,1.0798,83.94783256944457,83.94783256944457
2025-01-21,20,69,q4_3,B1,q4-inheritance-v2,adjustment_time,941.7917111111113,941.7917111111115,1.1368683772161603e-13,0.5933,1.0798,558.7650222022224,558.7650222022227
2025-01-21,20,70,q4_3,B1,q4-inheritance-v2,adjustment_time,910.0389488888887,854.3653408333332,-55.67360805555552,0.5989,1.0798,545.0223264895554,541.7375836142777
2025-01-21,20,71,q4_3,B1,q4-inheritance-v2,adjustment_time,862.5450833333337,830.2983666666665,-32.24671666666711,0.5635,0.5635,486.04415445833354,476.95864203750006
2025-01-21,20,72,q4_3,B1,q4-inheritance-v2,adjustment_time,874.441141574074,799.8983230555552,-74.54281851851874,0.5529,0.5635,483.47850717630547,463.26622193500907
2025-01-21,20,73,q4_3,B1,q4-inheritance-v2,adjustment_time,891.1535829629628,808.3709352777778,-82.782647685185,0.5915,0.5635,527.1173443225925,501.4754192021064
2025-01-21,20,74,q4_3,B1,q4-inheritance-v2,adjustment_time,911.923875,911.923875,0.0,0.6036,0.5635,550.43725095,550.43725095
2025-01-21,20,75,q4_3,B1,q4-inheritance-v2,adjustment_time,839.848033148148,839.848033148148,0.0,0.5255,0.5635,441.34014141935177,441.34014141935177
2025-01-21,20,76,q4_3,B1,q4-inheritance-v2,adjustment_time,106.70256111111121,106.70256111111124,2.842170943040401e-14,0.6778,0.5635,72.32299592111117,72.3229959211112
2025-01-21,20,77,q4_3,B1,q4-inheritance-v2,adjustment_time,125.0368000000002,0.0,-125.0368000000002,0.9903,0.5635,123.82394304000019,35.229118400000054
2025-01-21,20,78,q4_3,B1,q4-inheritance-v2,adjustment_time,0.0,0.0,0.0,1.0517,0.5635,0.0,0.0
2025-01-21,20,79,q4_3,B1,q4-inheritance-v2,adjustment_time,0.0,0.0,0.0,1.0306,0.5635,0.0,0.0
2025-01-21,20,80,q4_3,B1,q4-inheritance-v2,adjustment_time,0.0,0.0,0.0,1.0383,0.5635,0.0,0.0
2025-01-21,20,81,q4_3,B1,q4-inheritance-v2,adjustment_time,0.0,0.0,0.0,1.0215,0.5635,0.0,0.0
2025-01-21,20,82,q4_3,B1,q4-inheritance-v2,adjustment_time,0.0,0.0,0.0,1.0902,0.5635,0.0,0.0
2025-01-21,20,83,q4_3,B1,q4-inheritance-v2,adjustment_time,0.0,0.0,0.0,1.2326,0.5635,0.0,0.0
2025-01-21,20,84,q4_3,B1,q4-inheritance-v2,adjustment_time,0.0,0.0,0.0,1.3082,0.5635,0.0,0.0
2025-01-21,20,85,q4_3,B1,q4-inheritance-v2,adjustment_time,0.0,0.0,0.0,1.324,0.5635,0.0,0.0
2025-01-21,20,86,q4_3,B1,q4-inheritance-v2,adjustment_time,0.0,0.0,0.0,1.3599,0.5635,0.0,0.0
2025-01-21,20,87,q4_3,B1,q4-inheritance-v2,adjustment_time,0.0,0.0,0.0,1.4431,0.5635,0.0,0.0
2025-01-21,20,88,q4_3,B1,q4-inheritance-v2,adjustment_time,0.0,0.0,0.0,1.2715,0.5635,0.0,0.0
2025-01-21,20,89,q4_3,B1,q4-inheritance-v2,adjustment_time,1330.2621537037035,1330.262153703704,4.547473508864641e-13,0.9314,0.5635,1239.0061699596295,1239.00616995963
2025-01-21,20,90,q4_3,B1,q4-inheritance-v2,adjustment_time,1389.460770462963,1327.177838611111,-62.28293185185203,0.8471,0.5635,1177.012218659176,1141.8005631367314
2025-01-21,20,91,q4_3,B1,q4-inheritance-v2,adjustment_time,913.4296661316853,521.1129209650522,-392.31674516663304,0.9147,0.5635,835.5141156106525,587.1972317574321
2025-01-21,20,92,q4_3,B1,q4-inheritance-v2,adjustment_time,1412.6875194444447,1412.687519444445,2.2737367544323206e-13,0.9723,0.5635,1373.5560751558337,1373.556075155834
2025-01-21,20,93,q4_3,B1,q4-inheritance-v2,adjustment_time,1475.5781191666665,1475.578119166667,4.547473508864641e-13,0.9678,0.5635,1428.0645037294998,1428.0645037295003
2025-01-21,20,94,q4_3,B1,q4-inheritance-v2,adjustment_time,786.8826588888887,703.773421666665,-83.10923722222378,0.9668,0.5635,760.7581546137776,703.8241716546933
2025-01-21,20,95,q4_3,B1,q4-inheritance-v2,adjustment_time,778.8421666666663,749.8802666666668,-28.96189999999956,0.9865,0.5635,768.3277974166664,747.9168983916667
2025-01-21,20,96,q4_3,B1,q4-inheritance-v2,adjustment_time,987.1998466666665,837.7092749999998,-149.4905716666667,0.9946,0.5635,981.8689674946665,875.3046134820833
2025-01-21,20,97,q4_3,B1,q4-inheritance-v2,adjustment_time,937.7876274999999,865.9477472222243,-71.83988027777559,1.0628,0.5635,996.6806905069998,940.5701520160432
2025-01-21,20,98,q4_3,B1,q4-inheritance-v2,adjustment_time,953.3376740740739,716.4978176666469,-236.83985640742696,1.1491,0.5635,1095.4803212785184,890.0572718235366
2025-01-21,20,99,q4_3,B1,q4-inheritance-v2,adjustment_time,968.1229508333334,968.1229508333344,9.094947017729282e-13,1.1274,0.5635,1091.4618147695,1091.4618147695007
2025-01-21,20,100,q4_3,B1,q4-inheritance-v2,adjustment_time,1007.6577283333335,1007.6577283333418,8.29913915367797e-12,1.0917,0.5635,1100.0599420215,1100.0599420215071
2025-01-21,20,101,q4_3,B1,q4-inheritance-v2,adjustment_time,1054.9045,1007.6588666667054,-47.24563333329468,1.0969,0.5635,1157.12474605,1118.612468038365
2025-01-21,20,102,q4_3,B1,q4-inheritance-v2,adjustment_time,1036.0144308333333,1102.5004705554775,66.48603972214414,1.1073,0.5635,1147.17877926175,1203.3761043368922
2025-01-21,20,103,q4_3,B1,q4-inheritance-v2,adjustment_time,1008.2274983333331,401.45326111098916,-606.7742372223439,1.1045,0.5635,1113.5872719091665,614.3637682344829
2025-01-21,20,104,q4_3,B1,q4-inheritance-v2,adjustment_time,888.2613595833353,1230.5602666666666,342.2989070833313,1.0833,0.5635,962.2535308366271,1251.5816820488128
2025-01-21,20,105,q4_3,B1,q4-inheritance-v2,adjustment_time,1249.8161158333332,1250.1252880555555,0.309172222222287,1.0665,0.5635,1332.92888753625,1333.1902153570834
2025-01-21,20,106,q4_3,B1,q4-inheritance-v2,adjustment_time,975.7790882407409,1096.0448569444654,120.26576870372458,1.1504,0.5635,1122.5362631121484,1224.1909041089716
2025-01-21,20,107,q4_3,B1,q4-inheritance-v2,adjustment_time,509.30628641666766,509.30628641666766,0.0,1.2893,1.2893,656.6485950770095,656.6485950770095
2025-01-21,20,108,q4_3,B1,q4-inheritance-v2,adjustment_time,698.8080291666666,698.8080291666666,0.0,1.3256,1.2893,926.3399234633332,926.3399234633332
2025-01-21,20,109,q4_3,B1,q4-inheritance-v2,adjustment_time,787.8562383333333,787.8562383333334,1.1368683772161603e-13,1.2969,1.2893,1021.7707554944999,1021.7707554945001
2025-01-21,20,110,q4_3,B1,q4-inheritance-v2,adjustment_time,750.2726851851852,750.2726851851852,0.0,1.2626,1.2893,947.2942923148148,947.2942923148148
2025-01-21,20,111,q4_3,B1,q4-inheritance-v2,adjustment_time,854.4577983333334,854.4577983333335,1.1368683772161603e-13,1.2591,1.2893,1075.8478138815,1075.8478138815003
2025-01-21,20,112,q4_3,B1,q4-inheritance-v2,adjustment_time,705.7989266666667,705.7989266666667,0.0,1.3401,1.2893,945.8411416260001,945.8411416260001
2025-01-21,20,113,q4_3,B1,q4-inheritance-v2,adjustment_time,10.225666666666598,10.225666666666598,0.0,1.4639,1.2893,14.969353433333232,14.969353433333232
2025-01-21,20,114,q4_3,B1,q4-inheritance-v2,adjustment_time,0.4927658333334648,0.49276583333346485,5.551115123125783e-17,1.5223,1.2893,0.7501374280835335,0.7501374280835336
2025-01-21,20,115,q4_3,B1,q4-inheritance-v2,adjustment_time,2.590654999999856,2.590654999999856,0.0,1.5417,1.2893,3.9940128134997783,3.9940128134997783
2025-01-21,20,116,q4_3,B1,q4-inheritance-v2,adjustment_time,0.0,0.0,0.0,1.5273,1.2893,0.0,0.0
2025-01-21,20,117,q4_3,B1,q4-inheritance-v2,adjustment_time,0.0,0.0,0.0,1.4631,1.2893,0.0,0.0
2025-01-21,20,118,q4_3,B1,q4-inheritance-v2,adjustment_time,574.3452017891389,302.32737526151124,-272.0178265276276,1.4668,1.2893,842.4495419843089,618.8100859046199
2025-01-21,20,119,q4_3,B1,q4-inheritance-v2,adjustment_time,726.7555000000001,726.7555000000001,0.0,1.5285,1.2893,1110.84578175,1110.84578175
2025-01-21,20,120,q4_3,B1,q4-inheritance-v2,adjustment_time,29.076293333333297,29.076293333333297,0.0,1.5184,1.2893,44.14944379733328,44.14944379733328
2025-01-21,20,121,q4_3,B1,q4-inheritance-v2,adjustment_time,15.690046666666603,15.690046666666603,0.0,1.4716,1.2893,23.089472674666574,23.089472674666574
2025-01-21,20,122,q4_3,B1,q4-inheritance-v2,adjustment_time,0.0,0.0,0.0,1.4823,1.2893,0.0,0.0
2025-01-21,20,123,q4_3,B1,q4-inheritance-v2,adjustment_time,5.981643333333409,5.981643333333409,0.0,1.5603,1.2893,9.333158093000119,9.333158093000119
2025-01-21,20,124,q4_3,B1,q4-inheritance-v2,adjustment_time,731.7952491666667,731.7952491666667,0.0,1.3407,1.2893,981.1178905577501,981.1178905577501
2025-01-21,20,125,q4_3,B1,q4-inheritance-v2,adjustment_time,821.8576666666669,821.857666666667,1.1368683772161603e-13,0.9487,1.2893,779.6963683666669,779.6963683666671
2025-01-21,20,126,q4_3,B1,q4-inheritance-v2,adjustment_time,805.2079058333334,805.2079058333334,0.0,0.9016,1.2893,725.9754478993333,725.9754478993333
2025-01-21,20,127,q4_3,B1,q4-inheritance-v2,adjustment_time,725.2527828240743,725.2527828240743,0.0,0.9622,1.2893,697.8382276333243,697.8382276333243
2025-01-21,20,128,q4_3,B1,q4-inheritance-v2,adjustment_time,682.4333333333333,682.4333333333332,-1.1368683772161603e-13,0.9901,1.2893,675.6772433333333,675.6772433333333
2025-01-21,20,129,q4_3,B1,q4-inheritance-v2,adjustment_time,826.8124466666666,826.8124466666665,-1.1368683772161603e-13,1.0403,1.2893,860.1329882673332,860.1329882673332
2025-01-21,20,130,q4_3,B1,q4-inheritance-v2,adjustment_time,735.2421916666666,735.2421916666665,-1.1368683772161603e-13,0.803,1.2893,590.3994799083333,590.3994799083333
2025-01-21,20,131,q4_3,B1,q4-inheritance-v2,adjustment_time,717.4283342592593,717.4283342592593,0.0,0.4147,1.2893,297.5175302173148,297.5175302173148
2025-01-21,20,132,q4_3,B1,q4-inheritance-v2,adjustment_time,598.67619,598.6761900000001,1.1368683772161603e-13,0.3668,1.2893,219.59442649200003,219.59442649200025
2025-01-21,20,133,q4_3,B1,q4-inheritance-v2,adjustment_time,602.1568341666666,602.1568341666666,0.0,0.4173,1.2893,251.28004689774997,251.28004689774997
2025-01-21,20,134,q4_3,B1,q4-inheritance-v2,adjustment_time,1330.7659166666665,1330.7659166666665,0.0,0.4121,1.2893,548.4086342583333,548.4086342583333
2025-01-21,20,135,q4_3,B1,q4-inheritance-v2,adjustment_time,1334.3713666666667,1334.3713666666667,0.0,0.438,1.2893,584.4546586,584.4546586
2025-01-21,20,136,q4_3,B1,q4-inheritance-v2,adjustment_time,581.7649745370369,581.7649745370369,0.0,0.4414,1.2893,256.79105976064807,256.79105976064807
2025-01-21,20,137,q4_3,B1,q4-inheritance-v2,adjustment_time,0.0,0.0,0.0,0.4088,1.2893,0.0,0.0
2025-01-21,20,138,q4_3,B1,q4-inheritance-v2,adjustment_time,675.0386541666668,675.0386541666668,0.0,0.3926,1.2893,265.02017562583336,265.02017562583336
2025-01-21,20,139,q4_3,B1,q4-inheritance-v2,adjustment_time,1345.5292974999998,1345.5292974999998,0.0,0.3947,1.2893,531.0804137232499,531.0804137232499
2025-01-21,20,140,q4_3,B1,q4-inheritance-v2,adjustment_time,587.5719166666667,587.5719166666667,0.0,0.4197,1.2893,246.603933425,246.603933425
2025-01-21,20,141,q4_3,B1,q4-inheritance-v2,adjustment_time,599.5234073148148,599.5234073148148,0.0,0.4699,1.2893,281.71604909723146,281.71604909723146
2025-01-21,20,142,q4_3,B1,q4-inheritance-v2,adjustment_time,1347.1783925,1347.1783925,0.0,0.4787,1.2893,644.89429648975,644.89429648975
2025-01-21,20,143,q4_3,B1,q4-inheritance-v2,adjustment_time,1302.9482333333335,1302.9482333333333,-2.2737367544323206e-13,0.4273,1.2893,556.7497801033335,556.7497801033335
2025-01-22,21,0,q4_3,B1,q4-inheritance-v2,adjustment_time,664.7112119444444,664.7112119444444,0.0,0.3719,0.3719,247.20609972213887,247.20609972213887
2025-01-22,21,1,q4_3,B1,q4-inheritance-v2,adjustment_time,619.735674351852,619.735674351852,0.0,0.4011,0.4011,248.57597898252786,248.57597898252786
2025-01-22,21,2,q4_3,B1,q4-inheritance-v2,adjustment_time,1455.2316851851851,1455.2316851851851,0.0,0.4639,0.4639,675.0819787574073,675.0819787574073
2025-01-22,21,3,q4_3,B1,q4-inheritance-v2,adjustment_time,663.5292547222222,663.5292547222222,0.0,0.4268,0.4268,283.1942859154444,283.1942859154444
2025-01-22,21,4,q4_3,B1,q4-inheritance-v2,adjustment_time,627.4625053703703,627.4625053703703,0.0,0.408,0.408,256.00470219111105,256.00470219111105
2025-01-22,21,5,q4_3,B1,q4-inheritance-v2,adjustment_time,1493.1460462962964,1493.1460462962964,0.0,0.4411,0.4411,658.6267210212964,658.6267210212964
2025-01-22,21,6,q4_3,B1,q4-inheritance-v2,adjustment_time,699.3778594444445,699.3778594444445,0.0,0.4395,0.4395,307.37656922583335,307.37656922583335
2025-01-22,21,7,q4_3,B1,q4-inheritance-v2,adjustment_time,716.0098902777778,716.0098902777778,0.0,0.431,0.431,308.60026270972224,308.60026270972224
2025-01-22,21,8,q4_3,B1,q4-inheritance-v2,adjustment_time,1535.695240740741,1535.695240740741,0.0,0.4459,0.4459,684.7665078462965,684.7665078462965
2025-01-22,21,9,q4_3,B1,q4-inheritance-v2,adjustment_time,1514.5765403703704,1514.5765403703704,0.0,0.4781,0.4781,724.1190439510741,724.1190439510741
2025-01-22,21,10,q4_3,B1,q4-inheritance-v2,adjustment_time,699.9955041666666,699.9955041666666,0.0,0.4904,0.4904,343.2777952433333,343.2777952433333
2025-01-22,21,11,q4_3,B1,q4-inheritance-v2,adjustment_time,688.4451203703703,688.4451203703703,0.0,0.4683,0.4683,322.3988498694444,322.3988498694444
2025-01-22,21,12,q4_3,B1,q4-inheritance-v2,adjustment_time,734.6717844444445,734.6717844444445,0.0,0.4389,0.4389,322.4474461926667,322.4474461926667
2025-01-22,21,13,q4_3,B1,q4-inheritance-v2,adjustment_time,745.0546994444444,745.0546994444444,0.0,0.4682,0.4682,348.83461027988886,348.83461027988886
2025-01-22,21,14,q4_3,B1,q4-inheritance-v2,adjustment_time,731.1434166666666,731.1434166666666,0.0,0.5215,0.5215,381.2912917916666,381.2912917916666
2025-01-22,21,15,q4_3,B1,q4-inheritance-v2,adjustment_time,845.5318185674545,845.5318185674545,0.0,0.5017,0.5017,424.20331337529194,424.20331337529194
2025-01-22,21,16,q4_3,B1,q4-inheritance-v2,adjustment_time,620.2170315740739,620.2170315740739,0.0,0.4945,0.4945,306.6973221133795,306.6973221133795
2025-01-22,21,17,q4_3,B1,q4-inheritance-v2,adjustment_time,684.3542222222221,684.3542222222221,0.0,0.5054,0.5054,345.872623911111,345.872623911111
2025-01-22,21,18,q4_3,B1,q4-inheritance-v2,adjustment_time,747.2405702777777,747.2405702777777,0.0,0.4567,0.4567,341.2647684458611,341.2647684458611
2025-01-22,21,19,q4_3,B1,q4-inheritance-v2,adjustment_time,730.9817942592591,730.9817942592591,0.0,0.4456,0.4456,325.72548752192586,325.72548752192586
2025-01-22,21,20,q4_3,B1,q4-inheritance-v2,adjustment_time,0.0,0.0,0.0,0.4975,0.4975,0.0,0.0
2025-01-22,21,21,q4_3,B1,q4-inheritance-v2,adjustment_time,698.742306111111,698.742306111111,0.0,0.5371,0.5371,375.29449261227774,375.29449261227774
2025-01-22,21,22,q4_3,B1,q4-inheritance-v2,adjustment_time,712.7109875,712.7109875,0.0,0.5516,0.5516,393.13138070499997,393.13138070499997
2025-01-22,21,23,q4_3,B1,q4-inheritance-v2,adjustment_time,729.1528240740741,729.1528240740741,0.0,0.5311,0.5311,387.2530648657408,387.2530648657408
2025-01-22,21,24,q4_3,B1,q4-inheritance-v2,adjustment_time,734.0989886111109,734.0989886111109,0.0,0.4739,0.4739,347.88951070280547,347.88951070280547
2025-01-22,21,25,q4_3,B1,q4-inheritance-v2,adjustment_time,1565.846121111111,1565.846121111111,0.0,0.4625,0.4625,724.2038310138888,724.2038310138888
2025-01-22,21,26,q4_3,B1,q4-inheritance-v2,adjustment_time,767.4041851851853,767.4041851851853,0.0,0.4984,0.4984,382.47424589629634,382.47424589629634
2025-01-22,21,27,q4_3,B1,q4-inheritance-v2,adjustment_time,674.5963516666668,674.5963516666668,0.0,0.5053,0.5053,340.8735364971667,340.8735364971667
2025-01-22,21,28,q4_3,B1,q4-inheritance-v2,adjustment_time,706.2368080555556,706.2368080555556,0.0,0.5017,0.5017,354.31900660147227,354.31900660147227
2025-01-22,21,29,q4_3,B1,q4-inheritance-v2,adjustment_time,751.9313148148149,751.9313148148149,0.0,0.5088,0.5088,382.58265297777785,382.58265297777785
2025-01-22,21,30,q4_3,B1,q4-inheritance-v2,adjustment_time,688.8195152777766,688.8195152777766,0.0,0.526,0.526,362.31906503611054,362.31906503611054
2025-01-22,21,31,q4_3,B1,q4-inheritance-v2,adjustment_time,0.0,0.0,0.0,0.5545,0.5545,0.0,0.0
2025-01-22,21,32,q4_3,B1,q4-inheritance-v2,adjustment_time,746.6133611111111,746.6133611111111,0.0,0.5306,0.5306,396.1530494055555,396.1530494055555
2025-01-22,21,33,q4_3,B1,q4-inheritance-v2,adjustment_time,1521.2545669444444,1521.2545669444444,0.0,0.433,0.433,658.7032274869445,658.7032274869445
2025-01-22,21,34,q4_3,B1,q4-inheritance-v2,adjustment_time,792.3104466666666,792.3104466666666,0.0,0.6429,0.6429,509.376386162,509.376386162
2025-01-22,21,35,q4_3,B1,q4-inheritance-v2,adjustment_time,926.4998796296298,926.49987962963,1.1368683772161603e-13,1.0472,1.0472,970.2306739481483,970.2306739481485
2025-01-22,21,36,q4_3,B1,q4-inheritance-v2,adjustment_time,481.9179387037027,481.91793870370276,5.684341886080802e-14,1.1185,1.0472,539.0252144400915,539.0252144400916
2025-01-22,21,37,q4_3,B1,q4-inheritance-v2,adjustment_time,992.1776013888889,992.1776013888889,0.0,1.047,1.0472,1038.8099486541666,1038.8099486541666
2025-01-22,21,38,q4_3,B1,q4-inheritance-v2,adjustment_time,949.7798972222222,949.7798972222221,-1.1368683772161603e-13,1.0287,1.0472,977.0385802724999,977.0385802724999
2025-01-22,21,39,q4_3,B1,q4-inheritance-v2,adjustment_time,923.9467175,923.9467175,0.0,1.0626,1.0472,981.7857820155,981.7857820155
2025-01-22,21,40,q4_3,B1,q4-inheritance-v2,adjustment_time,1016.8728483333331,1016.872848333333,-1.1368683772161603e-13,1.0819,1.0472,1100.1547346118332,1100.154734611833
2025-01-22,21,41,q4_3,B1,q4-inheritance-v2,adjustment_time,977.8335166666666,977.8335166666666,0.0,1.0477,1.0472,1024.4761754116666,1024.4761754116666
2025-01-22,21,42,q4_3,B1,q4-inheritance-v2,adjustment_time,789.7571833333334,789.7571833333334,0.0,0.9849,1.0472,777.8318498650001,777.8318498650001
2025-01-22,21,43,q4_3,B1,q4-inheritance-v2,adjustment_time,210.30854410185418,210.30854410185418,0.0,0.9929,1.0472,208.81535343873102,208.81535343873102
2025-01-22,21,44,q4_3,B1,q4-inheritance-v2,adjustment_time,770.6156111111111,770.6156111111112,1.1368683772161603e-13,0.9976,1.0472,768.7661336444445,768.7661336444447
2025-01-22,21,45,q4_3,B1,q4-inheritance-v2,adjustment_time,1442.9189708333336,1442.9189708333333,-2.2737367544323206e-13,0.8769,1.0472,1265.2956455237502,1265.2956455237502
2025-01-22,21,46,q4_3,B1,q4-inheritance-v2,adjustment_time,743.4216119444444,743.4216119444444,0.0,1.0555,1.0472,784.6815114073612,784.6815114073612
2025-01-22,21,47,q4_3,B1,q4-inheritance-v2,adjustment_time,85.78493333333336,101.28936666666675,15.504433333333395,1.429,1.0472,122.58666973333337,146.94103361333345
2025-01-22,21,48,q4_3,B1,q4-inheritance-v2,adjustment_time,78.01256333333333,78.01256333333332,-1.4210854715202004e-14,1.4372,1.0472,112.11965602266667,112.11965602266666
2025-01-22,21,49,q4_3,B1,q4-inheritance-v2,adjustment_time,16.562681944444194,16.562681944444194,0.0,1.3563,1.0472,22.463965521249662,22.463965521249662
2025-01-22,21,50,q4_3,B1,q4-inheritance-v2,adjustment_time,0.0,0.0,0.0,1.3745,1.0472,0.0,0.0
2025-01-22,21,51,q4_3,B1,q4-inheritance-v2,adjustment_time,0.0,0.0,0.0,1.387,1.0472,0.0,0.0
2025-01-22,21,52,q4_3,B1,q4-inheritance-v2,adjustment_time,0.0,0.0,0.0,1.3399,1.0472,0.0,0.0
2025-01-22,21,53,q4_3,B1,q4-inheritance-v2,adjustment_time,0.0,0.0,0.0,1.2837,1.0472,0.0,0.0
2025-01-22,21,54,q4_3,B1,q4-inheritance-v2,adjustment_time,0.0,0.0,0.0,1.3061,1.0472,0.0,0.0
2025-01-22,21,55,q4_3,B1,q4-inheritance-v2,adjustment_time,173.58274032618368,173.58274032618368,0.0,1.2966,1.0472,225.06738110692976,225.06738110692976
2025-01-22,21,56,q4_3,B1,q4-inheritance-v2,adjustment_time,542.1096092592594,542.1096092592594,0.0,1.212,1.0472,657.0368464222224,657.0368464222224
2025-01-22,21,57,q4_3,B1,q4-inheritance-v2,adjustment_time,522.1966538888888,522.1966538888889,1.1368683772161603e-13,1.1453,1.0472,598.0718276989444,598.0718276989446
2025-01-22,21,58,q4_3,B1,q4-inheritance-v2,adjustment_time,0.0,0.0,0.0,1.2528,1.0472,0.0,0.0
2025-01-22,21,59,q4_3,B1,q4-inheritance-v2,adjustment_time,0.0,0.0,0.0,1.4426,1.0472,0.0,0.0
2025-01-22,21,60,q4_3,B1,q4-inheritance-v2,adjustment_time,0.0,0.0,0.0,1.4469,1.0472,0.0,0.0
2025-01-22,21,61,q4_3,B1,q4-inheritance-v2,adjustment_time,0.0,0.0,0.0,1.3458,1.0472,0.0,0.0
2025-01-22,21,62,q4_3,B1,q4-inheritance-v2,adjustment_time,0.0,0.0,0.0,1.3085,1.0472,0.0,0.0
2025-01-22,21,63,q4_3,B1,q4-inheritance-v2,adjustment_time,0.0,0.0,0.0,1.3875,1.0472,0.0,0.0
2025-01-22,21,64,q4_3,B1,q4-inheritance-v2,adjustment_time,322.69066759259283,322.6906675925929,5.684341886080802e-14,1.1966,1.0472,386.1316528412966,386.1316528412967
2025-01-22,21,65,q4_3,B1,q4-inheritance-v2,adjustment_time,378.3002240740741,378.30022407407415,5.684341886080802e-14,0.8072,1.0472,305.3639408725926,305.3639408725927
2025-01-22,21,66,q4_3,B1,q4-inheritance-v2,adjustment_time,1107.2167957407405,1107.2167957407405,0.0,0.7034,1.0472,778.8162941240369,778.8162941240369
2025-01-22,21,67,q4_3,B1,q4-inheritance-v2,adjustment_time,973.7260369421026,973.7260369421026,0.0,0.755,1.0472,735.1631578912875,735.1631578912875
2025-01-22,21,68,q4_3,B1,q4-inheritance-v2,adjustment_time,1079.239177777778,1079.239177777778,0.0,0.7774,1.0472,839.0005368044446,839.0005368044446
2025-01-22,21,69,q4_3,B1,q4-inheritance-v2,adjustment_time,1076.9537624074073,1076.9537624074073,0.0,0.7238,1.0472,779.4991332304814,779.4991332304814
2025-01-22,21,70,q4_3,B1,q4-inheritance-v2,adjustment_time,1081.9249227777777,1081.924922777778,2.2737367544323206e-13,0.6753,1.0472,730.6239003518333,730.6239003518336
2025-01-22,21,71,q4_3,B1,q4-inheritance-v2,adjustment_time,986.773038888889,986.773038888889,0.0,0.6608,0.6608,652.0596240977779,652.0596240977779
2025-01-22,21,72,q4_3,B1,q4-inheritance-v2,adjustment_time,1011.162397685185,980.8161837962961,-30.346213888888997,0.6468,0.6608,654.0198388227777,644.4182967483332
2025-01-22,21,73,q4_3,B1,q4-inheritance-v2,adjustment_time,1039.4173382407407,886.875169166666,-152.54216907407476,0.6768,0.6608,703.4776545213333,650.6370471540738
2025-01-22,21,74,q4_3,B1,q4-inheritance-v2,adjustment_time,1135.110083117282,1053.5165805555555,-81.59350256172661,0.7099,0.6608,805.8146480049585,774.8499137827833
2025-01-22,21,75,q4_3,B1,q4-inheritance-v2,adjustment_time,1210.037081111111,1065.0661366666666,-144.9709444444445,0.6783,0.6608,820.7681521176667,770.3327605454443
2025-01-22,21,76,q4_3,B1,q4-inheritance-v2,adjustment_time,1269.3112222222226,622.853641831272,-646.4575803909506,0.8068,0.6608,1024.080294088889,716.1079027906403
2025-01-22,21,77,q4_3,B1,q4-inheritance-v2,adjustment_time,357.87098888888886,177.02905555555571,-180.84193333333315,1.0383,0.6608,371.5774477633333,243.55944315666676
2025-01-22,21,78,q4_3,B1,q4-inheritance-v2,adjustment_time,0.0,0.0,0.0,1.0758,0.6608,0.0,0.0
2025-01-22,21,79,q4_3,B1,q4-inheritance-v2,adjustment_time,0.0,0.0,0.0,1.0753,0.6608,0.0,0.0
2025-01-22,21,80,q4_3,B1,q4-inheritance-v2,adjustment_time,425.9492638888888,0.0,-425.9492638888888,1.0925,0.6608,465.34957079861107,140.73363678888887
2025-01-22,21,81,q4_3,B1,q4-inheritance-v2,adjustment_time,475.5763925925926,0.0,-475.5763925925926,1.0476,0.6608,498.21382888000005,157.1304401125926
2025-01-22,21,82,q4_3,B1,q4-inheritance-v2,adjustment_time,0.0,0.0,0.0,1.1725,0.6608,0.0,0.0
2025-01-22,21,83,q4_3,B1,q4-inheritance-v2,adjustment_time,0.0,0.0,0.0,1.4182,0.6608,0.0,0.0
2025-01-22,21,84,q4_3,B1,q4-inheritance-v2,adjustment_time,0.0,0.0,0.0,1.4706,0.6608,0.0,0.0
2025-01-22,21,85,q4_3,B1,q4-inheritance-v2,adjustment_time,0.0,0.0,0.0,1.3995,0.6608,0.0,0.0
2025-01-22,21,86,q4_3,B1,q4-inheritance-v2,adjustment_time,0.0,0.0,0.0,1.3994,0.6608,0.0,0.0
2025-01-22,21,87,q4_3,B1,q4-inheritance-v2,adjustment_time,0.0,0.0,0.0,1.5372,0.6608,0.0,0.0
2025-01-22,21,88,q4_3,B1,q4-inheritance-v2,adjustment_time,0.0,0.0,0.0,1.3094,0.6608,0.0,0.0
2025-01-22,21,89,q4_3,B1,q4-inheritance-v2,adjustment_time,1442.008090740741,1442.008090740741,0.0,0.8555,0.6608,1233.637921628704,1233.637921628704
2025-01-22,21,90,q4_3,B1,q4-inheritance-v2,adjustment_time,1398.224555925926,1398.224555925926,0.0,0.8467,0.6608,1183.8767315024816,1183.8767315024816
2025-01-22,21,91,q4_3,B1,q4-inheritance-v2,adjustment_time,1376.2287245370374,1376.2287245370374,0.0,0.9511,0.6608,1308.9311399071762,1308.9311399071762
2025-01-22,21,92,q4_3,B1,q4-inheritance-v2,adjustment_time,1521.398113888889,1474.8013166666667,-46.59679722222222,0.9571,0.6608,1456.1301348030556,1426.9279219838888
2025-01-22,21,93,q4_3,B1,q4-inheritance-v2,adjustment_time,1483.1816602777778,1483.1816602777778,0.0,0.9803,0.6608,1453.9629815703056,1453.9629815703056
2025-01-22,21,94,q4_3,B1,q4-inheritance-v2,adjustment_time,926.8808061087707,814.8516097222218,-112.02919638654885,0.9341,0.6608,865.7993609862027,798.1673351276431
2025-01-22,21,95,q4_3,B1,q4-inheritance-v2,adjustment_time,839.7371685185183,839.7371685185184,1.1368683772161603e-13,0.8897,0.6608,747.1141588309257,747.1141588309258
2025-01-22,21,96,q4_3,B1,q4-inheritance-v2,adjustment_time,855.5808775000002,811.1209575823063,-44.45991991769381,1.0232,0.6608,875.4303538580002,844.628521339022
2025-01-22,21,97,q4_3,B1,q4-inheritance-v2,adjustment_time,889.3140174074074,856.2706180555557,-33.04339935185169,1.0929,0.6608,971.9312896245556,946.7356976187687
2025-01-22,21,98,q4_3,B1,q4-inheritance-v2,adjustment_time,959.9289916666667,919.5786916666667,-40.35029999999995,1.0451,0.6608,1003.2217891908332,974.3834297808332
2025-01-22,21,99,q4_3,B1,q4-inheritance-v2,adjustment_time,1027.6807043518515,999.9644654629626,-27.716238888888938,1.0589,0.6608,1088.2110978381756,1068.0198178076198
2025-01-22,21,100,q4_3,B1,q4-inheritance-v2,adjustment_time,923.5691194444445,923.5691194444444,-1.1368683772161603e-13,1.0693,0.6608,987.5724594219444,987.5724594219442
2025-01-22,21,101,q4_3,B1,q4-inheritance-v2,adjustment_time,558.3187450277778,558.3187450277778,0.0,1.065,0.6608,594.6094634545833,594.6094634545833
2025-01-22,21,102,q4_3,B1,q4-inheritance-v2,adjustment_time,988.0303927777778,988.0303927777777,-1.1368683772161603e-13,1.1156,0.6608,1102.2467061828888,1102.2467061828888
2025-01-22,21,103,q4_3,B1,q4-inheritance-v2,adjustment_time,1221.6460338888887,1221.6460338888887,0.0,1.1474,0.6608,1401.7166592841108,1401.7166592841108
2025-01-22,21,104,q4_3,B1,q4-inheritance-v2,adjustment_time,1228.6151972222222,1223.8815555555557,-4.733641666666472,1.1292,0.6608,1387.3522807033332,1383.57104774
2025-01-22,21,105,q4_3,B1,q4-inheritance-v2,adjustment_time,1289.2609741666665,1286.1052130555554,-3.1557611111111328,1.1192,0.6608,1442.9408822873331,1440.4516179228888
2025-01-22,21,106,q4_3,B1,q4-inheritance-v2,adjustment_time,946.2353766666669,940.0763711111114,-6.1590055555554954,1.2043,0.6608,1139.551264119667,1134.168909164667
2025-01-22,21,107,q4_3,B1,q4-inheritance-v2,adjustment_time,633.1607130277791,633.1607130277791,0.0,1.3036,1.3036,825.3883055030129,825.3883055030129
2025-01-22,21,108,q4_3,B1,q4-inheritance-v2,adjustment_time,697.1711037037037,697.1711037037037,0.0,1.2545,1.3036,874.6011495962963,874.6011495962963
2025-01-22,21,109,q4_3,B1,q4-inheritance-v2,adjustment_time,732.0907946296296,732.0907946296296,0.0,1.2535,1.3036,917.6758110682408,917.6758110682408
2025-01-22,21,110,q4_3,B1,q4-inheritance-v2,adjustment_time,729.259611111111,729.259611111111,0.0,1.3144,1.3036,958.5388328444443,958.5388328444443
2025-01-22,21,111,q4_3,B1,q4-inheritance-v2,adjustment_time,779.1629783333333,779.1629783333332,-1.1368683772161603e-13,1.274,1.3036,992.6536343966666,992.6536343966666
2025-01-22,21,112,q4_3,B1,q4-inheritance-v2,adjustment_time,681.1962333333333,681.1962333333332,-1.1368683772161603e-13,1.3463,1.3036,917.0944889366667,917.0944889366667
2025-01-22,21,113,q4_3,B1,q4-inheritance-v2,adjustment_time,0.0,0.0,0.0,1.5297,1.3036,0.0,0.0
2025-01-22,21,114,q4_3,B1,q4-inheritance-v2,adjustment_time,0.0,0.0,0.0,1.5811,1.3036,0.0,0.0
2025-01-22,21,115,q4_3,B1,q4-inheritance-v2,adjustment_time,0.0,0.0,0.0,1.54,1.3036,0.0,0.0
2025-01-22,21,116,q4_3,B1,q4-inheritance-v2,adjustment_time,0.0,0.0,0.0,1.5084,1.3036,0.0,0.0
2025-01-22,21,117,q4_3,B1,q4-inheritance-v2,adjustment_time,28.15008444444436,28.15008444444436,0.0,1.5371,1.3036,43.269494799555424,43.269494799555424
2025-01-22,21,118,q4_3,B1,q4-inheritance-v2,adjustment_time,29.758998611110997,29.758998611110997,0.0,1.5252,1.3036,45.388424681666486,45.388424681666486
2025-01-22,21,119,q4_3,B1,q4-inheritance-v2,adjustment_time,0.0,0.0,0.0,1.4821,1.3036,0.0,0.0
2025-01-22,21,120,q4_3,B1,q4-inheritance-v2,adjustment_time,0.0,0.0,0.0,1.5156,1.3036,0.0,0.0
2025-01-22,21,121,q4_3,B1,q4-inheritance-v2,adjustment_time,7.515607500000101,7.5156075000001,-8.881784197001252e-16,1.5416,1.3036,11.586060522000157,11.586060522000155
2025-01-22,21,122,q4_3,B1,q4-inheritance-v2,adjustment_time,354.47065664309923,354.4706566430992,-5.684341886080802e-14,1.5518,1.3036,550.0675649787614,550.0675649787613
2025-01-22,21,123,q4_3,B1,q4-inheritance-v2,adjustment_time,35.696812222222434,35.696812222222434,0.0,1.5769,1.3036,56.290303193222556,56.290303193222556
2025-01-22,21,124,q4_3,B1,q4-inheritance-v2,adjustment_time,733.0189362962961,733.0189362962961,0.0,1.3251,1.3036,971.323392486222,971.323392486222
2025-01-22,21,125,q4_3,B1,q4-inheritance-v2,adjustment_time,791.5908888888888,791.5908888888888,0.0,0.9433,1.3036,746.7076854888888,746.7076854888888
2025-01-22,21,126,q4_3,B1,q4-inheritance-v2,adjustment_time,853.5406416666668,853.5406416666669,1.1368683772161603e-13,0.9134,1.3036,779.6240220983335,779.6240220983337
2025-01-22,21,127,q4_3,B1,q4-inheritance-v2,adjustment_time,861.5611858333331,861.561185833333,-1.1368683772161603e-13,0.9888,1.3036,851.9117005519997,851.9117005519997
2025-01-22,21,128,q4_3,B1,q4-inheritance-v2,adjustment_time,824.6347777777778,824.6347777777778,0.0,1.0162,1.3036,837.9938611777778,837.9938611777778
2025-01-22,21,129,q4_3,B1,q4-inheritance-v2,adjustment_time,851.9165158333334,851.9165158333335,1.1368683772161603e-13,1.0391,1.3036,885.2264516024167,885.2264516024169
2025-01-22,21,130,q4_3,B1,q4-inheritance-v2,adjustment_time,772.7253058333333,772.7253058333333,0.0,0.7864,1.3036,607.6711805073334,607.6711805073334
2025-01-22,21,131,q4_3,B1,q4-inheritance-v2,adjustment_time,665.2268228395059,665.2268228395059,0.0,0.4092,1.3036,272.2108159059258,272.2108159059258
2025-01-22,21,132,q4_3,B1,q4-inheritance-v2,adjustment_time,574.5552372222222,574.5552372222223,1.1368683772161603e-13,0.3822,1.3036,219.59501166633333,219.59501166633356
2025-01-22,21,133,q4_3,B1,q4-inheritance-v2,adjustment_time,584.2761380555556,584.2761380555556,0.0,0.4666,1.3036,272.62324601672225,272.62324601672225
2025-01-22,21,134,q4_3,B1,q4-inheritance-v2,adjustment_time,1343.8235833333333,1343.8235833333333,0.0,0.4575,1.3036,614.7992893750001,614.7992893750001
2025-01-22,21,135,q4_3,B1,q4-inheritance-v2,adjustment_time,1332.7114619444444,1332.7114619444444,0.0,0.3899,1.3036,519.6241990121389,519.6241990121389
2025-01-22,21,136,q4_3,B1,q4-inheritance-v2,adjustment_time,589.1408569444444,589.1408569444444,0.0,0.382,1.3036,225.05180735277776,225.05180735277776
2025-01-22,21,137,q4_3,B1,q4-inheritance-v2,adjustment_time,1285.4331388888888,1285.4331388888888,0.0,0.4229,1.3036,543.609674436111,543.609674436111
2025-01-22,21,138,q4_3,B1,q4-inheritance-v2,adjustment_time,1361.275605,1361.2756049999998,-2.2737367544323206e-13,0.4012,1.3036,546.1437727260001,546.1437727260001
2025-01-22,21,139,q4_3,B1,q4-inheritance-v2,adjustment_time,1372.271238888889,1372.271238888889,0.0,0.3877,1.3036,532.0295593172223,532.0295593172223
2025-01-22,21,140,q4_3,B1,q4-inheritance-v2,adjustment_time,615.6582222222222,615.6582222222222,0.0,0.4074,1.3036,250.81915973333332,250.81915973333332
2025-01-22,21,141,q4_3,B1,q4-inheritance-v2,adjustment_time,559.665998915074,559.6659989150742,1.1368683772161603e-13,0.4124,1.3036,230.80625795257654,230.80625795257677
2025-01-22,21,142,q4_3,B1,q4-inheritance-v2,adjustment_time,603.0462327777777,603.0462327777777,0.0,0.4349,1.3036,262.26480663505555,262.26480663505555
2025-01-22,21,143,q4_3,B1,q4-inheritance-v2,adjustment_time,1326.6876944444446,1326.6876944444446,0.0,0.4653,1.3036,617.3077842250001,617.3077842250001
2025-01-23,22,0,q4_3,B1,q4-inheritance-v2,adjustment_time,1420.6113390740738,1420.6113390740738,0.0,0.4562,0.4562,648.0828928855925,648.0828928855925
2025-01-23,22,1,q4_3,B1,q4-inheritance-v2,adjustment_time,1436.5157379629632,1436.5157379629632,0.0,0.4556,0.4556,654.476570215926,654.476570215926
2025-01-23,22,2,q4_3,B1,q4-inheritance-v2,adjustment_time,1429.090574074074,1429.090574074074,0.0,0.4643,0.4643,663.5267535425926,663.5267535425926
2025-01-23,22,3,q4_3,B1,q4-inheritance-v2,adjustment_time,599.5440368518518,599.5440368518518,0.0,0.4421,0.4421,265.0584186922037,265.0584186922037
2025-01-23,22,4,q4_3,B1,q4-inheritance-v2,adjustment_time,0.0,0.0,0.0,0.4651,0.4651,0.0,0.0
2025-01-23,22,5,q4_3,B1,q4-inheritance-v2,adjustment_time,677.637212962963,677.637212962963,0.0,0.5079,0.5079,344.1719404638889,344.1719404638889
2025-01-23,22,6,q4_3,B1,q4-inheritance-v2,adjustment_time,0.0,0.0,0.0,0.4691,0.4691,0.0,0.0
2025-01-23,22,7,q4_3,B1,q4-inheritance-v2,adjustment_time,656.4939755555557,656.4939755555557,0.0,0.4649,0.4649,305.20404923577786,305.20404923577786
2025-01-23,22,8,q4_3,B1,q4-inheritance-v2,adjustment_time,1510.8695185185186,1510.8695185185186,0.0,0.5095,0.5095,769.7880196851852,769.7880196851852
2025-01-23,22,9,q4_3,B1,q4-inheritance-v2,adjustment_time,682.7180667592593,682.7180667592593,0.0,0.4949,0.4949,337.8771712391574,337.8771712391574
2025-01-23,22,10,q4_3,B1,q4-inheritance-v2,adjustment_time,707.9948472222222,707.9948472222222,0.0,0.4558,0.4558,322.7040513638889,322.7040513638889
2025-01-23,22,11,q4_3,B1,q4-inheritance-v2,adjustment_time,1498.8494537037036,1498.8494537037036,0.0,0.4396,0.4396,658.894219848148,658.894219848148
2025-01-23,22,12,q4_3,B1,q4-inheritance-v2,adjustment_time,716.1673794444446,716.1673794444446,0.0,0.4542,0.4542,325.2832237436667,325.2832237436667
2025-01-23,22,13,q4_3,B1,q4-inheritance-v2,adjustment_time,440.9402538013578,440.9402538013578,0.0,0.4505,0.4505,198.6435843375117,198.6435843375117
2025-01-23,22,14,q4_3,B1,q4-inheritance-v2,adjustment_time,748.0064444444445,748.0064444444445,0.0,0.4353,0.4353,325.6072052666667,325.6072052666667
2025-01-23,22,15,q4_3,B1,q4-inheritance-v2,adjustment_time,1486.2370321296296,1486.2370321296296,0.0,0.4598,0.4598,683.3717873732037,683.3717873732037
2025-01-23,22,16,q4_3,B1,q4-inheritance-v2,adjustment_time,633.0089210185185,633.0089210185185,0.0,0.4777,0.4777,302.3883615705463,302.3883615705463
2025-01-23,22,17,q4_3,B1,q4-inheritance-v2,adjustment_time,657.3225462962962,657.3225462962962,0.0,0.4871,0.4871,320.18181230092586,320.18181230092586
2025-01-23,22,18,q4_3,B1,q4-inheritance-v2,adjustment_time,748.0477916666666,748.0477916666666,0.0,0.5222,0.5222,390.6305568083333,390.6305568083333
2025-01-23,22,19,q4_3,B1,q4-inheritance-v2,adjustment_time,713.0890775925925,713.0890775925925,0.0,0.493,0.493,351.5529152531481,351.5529152531481
2025-01-23,22,20,q4_3,B1,q4-inheritance-v2,adjustment_time,0.0,0.0,0.0,0.436,0.436,0.0,0.0
2025-01-23,22,21,q4_3,B1,q4-inheritance-v2,adjustment_time,709.0701664814815,709.0701664814815,0.0,0.4821,0.4821,341.8427272607222,341.8427272607222
2025-01-23,22,22,q4_3,B1,q4-inheritance-v2,adjustment_time,711.7200516666667,711.7200516666667,0.0,0.5131,0.5131,365.1835585101667,365.1835585101667
2025-01-23,22,23,q4_3,B1,q4-inheritance-v2,adjustment_time,705.0921851851853,705.0921851851853,0.0,0.4925,0.4925,347.25790120370374,347.25790120370374
2025-01-23,22,24,q4_3,B1,q4-inheritance-v2,adjustment_time,1528.603966111111,1528.603966111111,0.0,0.5005,0.5005,765.066285038611,765.066285038611
2025-01-23,22,25,q4_3,B1,q4-inheritance-v2,adjustment_time,797.2390935185192,797.2390935185192,0.0,0.5059,0.5059,403.32325741101886,403.32325741101886
2025-01-23,22,26,q4_3,B1,q4-inheritance-v2,adjustment_time,766.6305555555554,766.6305555555554,0.0,0.5021,0.5021,384.9252019444443,384.9252019444443
2025-01-23,22,27,q4_3,B1,q4-inheritance-v2,adjustment_time,0.0,0.0,0.0,0.5189,0.5189,0.0,0.0
2025-01-23,22,28,q4_3,B1,q4-inheritance-v2,adjustment_time,715.1238816666665,715.1238816666665,0.0,0.5184,0.5184,370.7202202559999,370.7202202559999
2025-01-23,22,29,q4_3,B1,q4-inheritance-v2,adjustment_time,1516.5285185185185,1516.5285185185185,0.0,0.4958,0.4958,751.8948394814815,751.8948394814815
2025-01-23,22,30,q4_3,B1,q4-inheritance-v2,adjustment_time,763.0469240740739,763.0469240740739,0.0,0.4873,0.4873,371.8327661012962,371.8327661012962
2025-01-23,22,31,q4_3,B1,q4-inheritance-v2,adjustment_time,81.57212999999967,81.57212999999967,0.0,0.4908,0.4908,40.03560140399984,40.03560140399984
2025-01-23,22,32,q4_3,B1,q4-inheritance-v2,adjustment_time,743.1633055555556,743.1633055555556,0.0,0.4675,0.4675,347.42884534722225,347.42884534722225
2025-01-23,22,33,q4_3,B1,q4-inheritance-v2,adjustment_time,1391.628594269548,1391.628594269548,0.0,0.4278,0.4278,595.3387126285127,595.3387126285127
2025-01-23,22,34,q4_3,B1,q4-inheritance-v2,adjustment_time,796.6613966666666,796.6613966666666,0.0,0.6619,0.6619,527.3101784536667,527.3101784536667
2025-01-23,22,35,q4_3,B1,q4-inheritance-v2,adjustment_time,900.8999351851854,900.8999351851854,0.0,1.0499,1.0499,945.8548419509262,945.8548419509262
2025-01-23,22,36,q4_3,B1,q4-inheritance-v2,adjustment_time,897.171946574074,897.171946574074,0.0,1.144,1.0499,1026.3647068807406,1026.3647068807406
2025-01-23,22,37,q4_3,B1,q4-inheritance-v2,adjustment_time,897.4219193518518,897.4219193518518,0.0,1.0966,1.0499,984.1128767612407,984.1128767612407
2025-01-23,22,38,q4_3,B1,q4-inheritance-v2,adjustment_time,223.6251638888889,223.6251638888889,0.0,1.0711,1.0499,239.52491304138888,239.52491304138888
2025-01-23,22,39,q4_3,B1,q4-inheritance-v2,adjustment_time,902.0897922222223,902.0897922222223,0.0,1.0743,1.0499,969.1150637843334,969.1150637843334
2025-01-23,22,40,q4_3,B1,q4-inheritance-v2,adjustment_time,928.8572954629627,928.8572954629627,0.0,1.0647,1.0499,988.9543624794164,988.9543624794164
2025-01-23,22,41,q4_3,B1,q4-inheritance-v2,adjustment_time,887.4374037037038,887.4374037037038,0.0,1.0398,1.0499,922.7574123711113,922.7574123711113
2025-01-23,22,42,q4_3,B1,q4-inheritance-v2,adjustment_time,861.881099351852,861.881099351852,0.0,1.0309,1.0499,888.5132253218242,888.5132253218242
2025-01-23,22,43,q4_3,B1,q4-inheritance-v2,adjustment_time,805.5158569444443,805.5158569444443,0.0,1.0076,1.0499,811.6377774572221,811.6377774572221
2025-01-23,22,44,q4_3,B1,q4-inheritance-v2,adjustment_time,811.9994499999999,811.9994499999999,0.0,0.9548,1.0499,775.29707486,775.29707486
2025-01-23,22,45,q4_3,B1,q4-inheritance-v2,adjustment_time,1477.0065208333335,1477.0065208333335,0.0,0.9308,1.0499,1374.7976695916668,1374.7976695916668
2025-01-23,22,46,q4_3,B1,q4-inheritance-v2,adjustment_time,763.4383891666665,763.4383891666665,0.0,1.1437,1.0499,873.1444856899165,873.1444856899165
2025-01-23,22,47,q4_3,B1,q4-inheritance-v2,adjustment_time,99.95293888888875,306.6892722222219,206.73633333333316,1.4355,1.0499,143.4824437749998,469.06115832499955
2025-01-23,22,48,q4_3,B1,q4-inheritance-v2,adjustment_time,104.3756397222221,274.0429655555556,169.6673258333335,1.4131,1.0499,147.49321649147205,414.6938045800973
2025-01-23,22,49,q4_3,B1,q4-inheritance-v2,adjustment_time,63.35188361111102,182.99438361111106,119.64250000000004,1.3454,1.0499,85.23362421038877,273.6526153353889
2025-01-23,22,50,q4_3,B1,q4-inheritance-v2,adjustment_time,18.074891666666645,169.5529944444446,151.47810277777796,1.3628,1.0499,24.632462363333303,263.187752522917
2025-01-23,22,51,q4_3,B1,q4-inheritance-v2,adjustment_time,0.0,85.66121583333347,85.66121583333347,1.3359,1.0499,0.0,134.90356575512521
2025-01-23,22,52,q4_3,B1,q4-inheritance-v2,adjustment_time,0.0,16.34905833333346,16.34905833333346,1.3247,1.0499,0.0,25.7473145162502
2025-01-23,22,53,q4_3,B1,q4-inheritance-v2,adjustment_time,0.0,0.0,0.0,1.3396,1.0499,0.0,0.0
2025-01-23,22,54,q4_3,B1,q4-inheritance-v2,adjustment_time,0.0,0.0,0.0,1.3129,1.0499,0.0,0.0
2025-01-23,22,55,q4_3,B1,q4-inheritance-v2,adjustment_time,451.1383770391358,451.1383770391358,0.0,1.2656,1.0499,570.9607299807303,570.9607299807303
2025-01-23,22,56,q4_3,B1,q4-inheritance-v2,adjustment_time,0.0,0.0,0.0,1.2293,1.0499,0.0,0.0
2025-01-23,22,57,q4_3,B1,q4-inheritance-v2,adjustment_time,0.0,0.0,0.0,1.2272,1.0499,0.0,0.0
2025-01-23,22,58,q4_3,B1,q4-inheritance-v2,adjustment_time,0.0,0.0,0.0,1.2951,1.0499,0.0,0.0
2025-01-23,22,59,q4_3,B1,q4-inheritance-v2,adjustment_time,0.0,0.0,0.0,1.3796,1.0499,0.0,0.0
2025-01-23,22,60,q4_3,B1,q4-inheritance-v2,adjustment_time,0.0,0.3050884969189269,0.3050884969189269,1.3721,1.0499,0.0,0.4804686193727721
2025-01-23,22,61,q4_3,B1,q4-inheritance-v2,adjustment_time,0.0,0.0,0.0,1.3148,1.0499,0.0,0.0
2025-01-23,22,62,q4_3,B1,q4-inheritance-v2,adjustment_time,0.0,108.04095277777776,108.04095277777776,1.3097,1.0499,0.0,170.14829448208332
2025-01-23,22,63,q4_3,B1,q4-inheritance-v2,adjustment_time,0.0,100.33917540123485,100.33917540123485,1.381,1.0499,0.0,158.01915038063473
2025-01-23,22,64,q4_3,B1,q4-inheritance-v2,adjustment_time,0.0,0.0,0.0,1.1849,1.0499,0.0,0.0
2025-01-23,22,65,q4_3,B1,q4-inheritance-v2,adjustment_time,190.70358518518537,190.70358518518537,0.0,0.8165,1.0499,155.70947730370386,155.70947730370386
2025-01-23,22,66,q4_3,B1,q4-inheritance-v2,adjustment_time,942.8163496296293,942.8163496296294,1.1368683772161603e-13,0.742,1.0499,699.569731425185,699.5697314251852
2025-01-23,22,67,q4_3,B1,q4-inheritance-v2,adjustment_time,981.2465736111117,981.2465736111116,-1.1368683772161603e-13,0.7903,1.0499,775.4791671248615,775.4791671248615
2025-01-23,22,68,q4_3,B1,q4-inheritance-v2,adjustment_time,744.9941570964281,744.9941570964281,0.0,0.7835,1.0499,583.7029220850515,583.7029220850515
2025-01-23,22,69,q4_3,B1,q4-inheritance-v2,adjustment_time,984.9414449074072,984.9414449074072,0.0,0.7265,1.0499,715.5599597252314,715.5599597252314
2025-01-23,22,70,q4_3,B1,q4-inheritance-v2,adjustment_time,1005.620043611111,1005.620043611111,0.0,0.7176,1.0499,721.6329432953332,721.6329432953332
2025-01-23,22,71,q4_3,B1,q4-inheritance-v2,adjustment_time,941.7748388888892,941.7748388888892,0.0,0.7537,0.7537,709.8156960705559,709.8156960705559
2025-01-23,22,72,q4_3,B1,q4-inheritance-v2,adjustment_time,920.1828646296296,920.1828646296296,0.0,0.7498,0.7537,689.9531118992963,689.9531118992963
2025-01-23,22,73,q4_3,B1,q4-inheritance-v2,adjustment_time,939.0728543518519,939.0728543518518,-1.1368683772161603e-13,0.7783,0.7537,730.8804025420463,730.8804025420462
2025-01-23,22,74,q4_3,B1,q4-inheritance-v2,adjustment_time,1079.8031055555557,1079.8031055555557,0.0,0.7663,0.7537,827.4531197872224,827.4531197872224
2025-01-23,22,75,q4_3,B1,q4-inheritance-v2,adjustment_time,1124.435656111111,1107.810967222222,-16.624688888889068,0.6042,0.7537,679.3840234223333,675.6044004034443
2025-01-23,22,76,q4_3,B1,q4-inheritance-v2,adjustment_time,1015.6412050000001,1015.6412050000001,0.0,0.7496,0.7537,761.3246472680001,761.3246472680001
2025-01-23,22,77,q4_3,B1,q4-inheritance-v2,adjustment_time,238.67842222222225,238.67842222222225,0.0,1.1259,0.7537,268.72803558,268.72803558
2025-01-23,22,78,q4_3,B1,q4-inheritance-v2,adjustment_time,0.0,0.0,0.0,1.1717,0.7537,0.0,0.0
2025-01-23,22,79,q4_3,B1,q4-inheritance-v2,adjustment_time,350.66063333333364,350.6606333333336,-5.684341886080802e-14,1.0863,0.7537,380.9226459900003,380.92264599000026
2025-01-23,22,80,q4_3,B1,q4-inheritance-v2,adjustment_time,393.7899231481481,393.7899231481481,0.0,1.0611,0.7537,417.8504874524999,417.8504874524999
2025-01-23,22,81,q4_3,B1,q4-inheritance-v2,adjustment_time,176.92617379629542,176.9261737962954,-2.842170943040401e-14,1.0887,0.7537,192.61952541202683,192.61952541202677
2025-01-23,22,82,q4_3,B1,q4-inheritance-v2,adjustment_time,0.0,0.0,0.0,1.1866,0.7537,0.0,0.0
2025-01-23,22,83,q4_3,B1,q4-inheritance-v2,adjustment_time,0.0,0.0,0.0,1.3224,0.7537,0.0,0.0
2025-01-23,22,84,q4_3,B1,q4-inheritance-v2,adjustment_time,0.0,0.0,0.0,1.4099,0.7537,0.0,0.0
2025-01-23,22,85,q4_3,B1,q4-inheritance-v2,adjustment_time,0.0,0.0,0.0,1.3839,0.7537,0.0,0.0
2025-01-23,22,86,q4_3,B1,q4-inheritance-v2,adjustment_time,0.0,0.0,0.0,1.3547,0.7537,0.0,0.0
2025-01-23,22,87,q4_3,B1,q4-inheritance-v2,adjustment_time,0.0,0.0,0.0,1.4573,0.7537,0.0,0.0
2025-01-23,22,88,q4_3,B1,q4-inheritance-v2,adjustment_time,0.0,0.0,0.0,1.275,0.7537,0.0,0.0
2025-01-23,22,89,q4_3,B1,q4-inheritance-v2,adjustment_time,1495.6070974897161,1495.6070974897161,0.0,0.8903,0.7537,1331.5389988950942,1331.5389988950942
2025-01-23,22,90,q4_3,B1,q4-inheritance-v2,adjustment_time,1439.7758999074076,1439.7758999074076,0.0,0.8364,0.7537,1204.2285626825558,1204.2285626825558
2025-01-23,22,91,q4_3,B1,q4-inheritance-v2,adjustment_time,1367.9316905967057,1367.9316905967057,0.0,0.902,0.7537,1233.8743849182285,1233.8743849182285
2025-01-23,22,92,q4_3,B1,q4-inheritance-v2,adjustment_time,1428.7809833333333,1428.7809833333333,0.0,0.9111,0.7537,1301.762353915,1301.762353915
2025-01-23,22,93,q4_3,B1,q4-inheritance-v2,adjustment_time,1476.337671388889,1476.337671388889,0.0,0.9127,0.7537,1347.453392676639,1347.453392676639
2025-01-23,22,94,q4_3,B1,q4-inheritance-v2,adjustment_time,776.0350801851853,776.0350801851853,0.0,0.9419,0.7537,730.947442026426,730.947442026426
2025-01-23,22,95,q4_3,B1,q4-inheritance-v2,adjustment_time,769.0737611111108,769.0737611111108,0.0,0.9807,0.7537,754.2306375216664,754.2306375216664
2025-01-23,22,96,q4_3,B1,q4-inheritance-v2,adjustment_time,784.3744271388894,784.3744271388892,-1.1368683772161603e-13,0.9889,0.7537,775.6678709976477,775.6678709976476
2025-01-23,22,97,q4_3,B1,q4-inheritance-v2,adjustment_time,876.2422910185185,876.2422910185184,-1.1368683772161603e-13,1.0237,0.7537,897.0092333156574,897.0092333156573
2025-01-23,22,98,q4_3,B1,q4-inheritance-v2,adjustment_time,929.689836111111,929.689836111111,0.0,1.0764,0.7537,1000.71813959,1000.71813959
2025-01-23,22,99,q4_3,B1,q4-inheritance-v2,adjustment_time,923.3966125000002,923.3966125000002,0.0,1.0787,0.7537,996.0679259037502,996.0679259037502
2025-01-23,22,100,q4_3,B1,q4-inheritance-v2,adjustment_time,802.4255199444418,802.4255199444418,0.0,1.0823,0.7537,868.4651402358694,868.4651402358694
2025-01-23,22,101,q4_3,B1,q4-inheritance-v2,adjustment_time,1003.9162222222222,1003.9162222222222,0.0,1.1132,0.7537,1117.5595385777779,1117.5595385777779
2025-01-23,22,102,q4_3,B1,q4-inheritance-v2,adjustment_time,965.9676058333333,965.9676058333334,1.1368683772161603e-13,1.1404,0.7537,1101.5894576923333,1101.5894576923336
2025-01-23,22,103,q4_3,B1,q4-inheritance-v2,adjustment_time,999.9691652777776,999.9691652777776,0.0,1.1346,0.7537,1134.5650149241665,1134.5650149241665
2025-01-23,22,104,q4_3,B1,q4-inheritance-v2,adjustment_time,1238.9992388888888,1238.9992388888888,0.0,1.1157,0.7537,1382.351450828333,1382.351450828333
2025-01-23,22,105,q4_3,B1,q4-inheritance-v2,adjustment_time,1106.8194280555556,1106.8194280555556,0.0,1.1426,0.7537,1264.651878496278,1264.651878496278
2025-01-23,22,106,q4_3,B1,q4-inheritance-v2,adjustment_time,920.9648636111111,920.964863611111,-1.1368683772161603e-13,1.233,0.7537,1135.5496768325002,1135.5496768325
2025-01-23,22,107,q4_3,B1,q4-inheritance-v2,adjustment_time,687.9288454351865,687.9288454351866,1.1368683772161603e-13,1.3227,1.3227,909.9234838571213,909.9234838571215
2025-01-23,22,108,q4_3,B1,q4-inheritance-v2,adjustment_time,688.9647519444444,688.9647519444443,-1.1368683772161603e-13,1.3167,1.3227,907.15988888525,907.1598888852499
2025-01-23,22,109,q4_3,B1,q4-inheritance-v2,adjustment_time,706.7810818518518,706.7810818518518,0.0,1.2814,1.3227,905.669278284963,905.669278284963
2025-01-23,22,110,q4_3,B1,q4-inheritance-v2,adjustment_time,717.8899074074076,717.8899074074076,0.0,1.2778,1.3227,917.3197236851854,917.3197236851854
2025-01-23,22,111,q4_3,B1,q4-inheritance-v2,adjustment_time,809.2395583333333,809.2395583333332,-1.1368683772161603e-13,1.3179,1.3227,1066.4968139275,1066.4968139275
2025-01-23,22,112,q4_3,B1,q4-inheritance-v2,adjustment_time,699.4736944444444,699.4736944444444,0.0,1.4039,1.3227,981.9911196305554,981.9911196305554
2025-01-23,22,113,q4_3,B1,q4-inheritance-v2,adjustment_time,0.12475000000006276,0.12475000000006274,-1.3877787807814457e-17,1.4744,1.3227,0.1839314000000925,0.1839314000000925
2025-01-23,22,114,q4_3,B1,q4-inheritance-v2,adjustment_time,0.0,0.0,0.0,1.4511,1.3227,0.0,0.0
2025-01-23,22,115,q4_3,B1,q4-inheritance-v2,adjustment_time,0.0,0.0,0.0,1.4309,1.3227,0.0,0.0
2025-01-23,22,116,q4_3,B1,q4-inheritance-v2,adjustment_time,0.0,0.0,0.0,1.471,1.3227,0.0,0.0
2025-01-23,22,117,q4_3,B1,q4-inheritance-v2,adjustment_time,29.752745833333393,29.752745833333385,-7.105427357601002e-15,1.5309,1.3227,45.548478596250085,45.548478596250085
2025-01-23,22,118,q4_3,B1,q4-inheritance-v2,adjustment_time,329.84955751136454,329.8495575113646,5.684341886080802e-14,1.5218,1.3227,501.96505662079454,501.96505662079466
2025-01-23,22,119,q4_3,B1,q4-inheritance-v2,adjustment_time,0.0,0.0,0.0,1.473,1.3227,0.0,0.0
2025-01-23,22,120,q4_3,B1,q4-inheritance-v2,adjustment_time,0.0,0.0,0.0,1.498,1.3227,0.0,0.0
2025-01-23,22,121,q4_3,B1,q4-inheritance-v2,adjustment_time,9.369648611111188,9.369648611111188,0.0,1.5375,1.3227,14.405834739583453,14.405834739583453
2025-01-23,22,122,q4_3,B1,q4-inheritance-v2,adjustment_time,41.43183333333366,41.43183333333365,-7.105427357601002e-15,1.5841,1.3227,65.63216718333385,65.63216718333383
2025-01-23,22,123,q4_3,B1,q4-inheritance-v2,adjustment_time,15.241470277777807,15.241470277777804,-3.552713678800501e-15,1.6401,1.3227,24.99753540258338,24.997535402583377
2025-01-23,22,124,q4_3,B1,q4-inheritance-v2,adjustment_time,729.1622671296296,729.1622671296295,-1.1368683772161603e-13,1.3818,1.3227,1007.5564207197222,1007.5564207197222
2025-01-23,22,125,q4_3,B1,q4-inheritance-v2,adjustment_time,765.9603055555555,765.9603055555555,0.0,0.9578,1.3227,733.6367806611111,733.6367806611111
2025-01-23,22,126,q4_3,B1,q4-inheritance-v2,adjustment_time,1346.1272874588476,1346.1272874588476,0.0,0.884,1.3227,1189.9765221136213,1189.9765221136213
2025-01-23,22,127,q4_3,B1,q4-inheritance-v2,adjustment_time,861.3110005555553,861.3110005555553,0.0,0.9407,1.3227,810.2352582226109,810.2352582226109
2025-01-23,22,128,q4_3,B1,q4-inheritance-v2,adjustment_time,827.973638888889,827.973638888889,0.0,0.9787,1.3227,810.3378003805557,810.3378003805557
2025-01-23,22,129,q4_3,B1,q4-inheritance-v2,adjustment_time,0.0,0.0,0.0,1.0227,1.3227,0.0,0.0
2025-01-23,22,130,q4_3,B1,q4-inheritance-v2,adjustment_time,795.0729541666667,795.0729541666668,1.1368683772161603e-13,0.7773,1.3227,618.01020727375,618.0102072737502
2025-01-23,22,131,q4_3,B1,q4-inheritance-v2,adjustment_time,1342.3530833333334,1342.3530833333332,-2.2737367544323206e-13,0.3865,1.3227,518.8194667083334,518.8194667083334
2025-01-23,22,132,q4_3,B1,q4-inheritance-v2,adjustment_time,636.3454446604932,636.3454446604932,0.0,0.34,1.3227,216.3574511845677,216.3574511845677
2025-01-23,22,133,q4_3,B1,q4-inheritance-v2,adjustment_time,0.0,0.0,0.0,0.4268,1.3227,0.0,0.0
2025-01-23,22,134,q4_3,B1,q4-inheritance-v2,adjustment_time,603.6962222222222,603.6962222222222,0.0,0.4596,1.3227,277.45878373333335,277.45878373333335
2025-01-23,22,135,q4_3,B1,q4-inheritance-v2,adjustment_time,625.2341311111112,625.2341311111111,-1.1368683772161603e-13,0.4564,1.3227,285.35685743911114,285.35685743911114
2025-01-23,22,136,q4_3,B1,q4-inheritance-v2,adjustment_time,638.3315572222222,638.3315572222222,0.0,0.4397,1.3227,280.6743857106111,280.6743857106111
2025-01-23,22,137,q4_3,B1,q4-inheritance-v2,adjustment_time,1330.9742777777778,1330.9742777777776,-2.2737367544323206e-13,0.4384,1.3227,583.4991233777778,583.4991233777779
2025-01-23,22,138,q4_3,B1,q4-inheritance-v2,adjustment_time,1367.0158927777777,1367.0158927777777,0.0,0.4692,1.3227,641.4038568913334,641.4038568913334
2025-01-23,22,139,q4_3,B1,q4-inheritance-v2,adjustment_time,592.8584075,592.8584075000001,1.1368683772161603e-13,0.4698,1.3227,278.5248798435,278.52487984350023
2025-01-23,22,140,q4_3,B1,q4-inheritance-v2,adjustment_time,92.96724002777762,92.96724002777762,0.0,0.4436,1.3227,41.240267676322155,41.240267676322155
2025-01-23,22,141,q4_3,B1,q4-inheritance-v2,adjustment_time,0.0,0.0,0.0,0.4481,1.3227,0.0,0.0
2025-01-23,22,142,q4_3,B1,q4-inheritance-v2,adjustment_time,567.8312122222222,567.8312122222222,0.0,0.4181,1.3227,237.41022983011112,237.41022983011112
2025-01-23,22,143,q4_3,B1,q4-inheritance-v2,adjustment_time,1249.2739305555556,1249.2739305555556,0.0,0.347,1.3227,433.49805390277777,433.49805390277777
2025-01-24,23,0,q4_3,B1,q4-inheritance-v2,adjustment_time,1319.6025421296295,1319.6025421296295,0.0,0.3048,0.3048,402.2148548411111,402.2148548411111
2025-01-24,23,1,q4_3,B1,q4-inheritance-v2,adjustment_time,1336.8255646296298,1336.8255646296298,0.0,0.3072,0.3072,410.67281345422225,410.67281345422225
2025-01-24,23,2,q4_3,B1,q4-inheritance-v2,adjustment_time,573.6468888888887,573.6468888888887,0.0,0.3419,0.3419,196.12987131111103,196.12987131111103
2025-01-24,23,3,q4_3,B1,q4-inheritance-v2,adjustment_time,1380.4294257407407,1380.4294257407407,0.0,0.3798,0.3798,524.2870958963333,524.2870958963333
2025-01-24,23,4,q4_3,B1,q4-inheritance-v2,adjustment_time,1394.1471442592592,1394.1471442592592,0.0,0.3823,0.3823,532.9824532503147,532.9824532503147
2025-01-24,23,5,q4_3,B1,q4-inheritance-v2,adjustment_time,1392.0045740740738,1392.0045740740738,0.0,0.3679,0.3679,512.1184828018518,512.1184828018518
2025-01-24,23,6,q4_3,B1,q4-inheritance-v2,adjustment_time,1368.8065075925924,1368.8065075925924,0.0,0.3868,0.3868,529.4543571368147,529.4543571368147
2025-01-24,23,7,q4_3,B1,q4-inheritance-v2,adjustment_time,1099.2131787939556,1099.2131787939556,0.0,0.3812,0.3812,419.02006375625587,419.02006375625587
2025-01-24,23,8,q4_3,B1,q4-inheritance-v2,adjustment_time,600.51025,600.51025,0.0,0.3569,0.3569,214.32210822500002,214.32210822500002
2025-01-24,23,9,q4_3,B1,q4-inheritance-v2,adjustment_time,604.6491713888887,604.6491713888887,0.0,0.3801,0.3801,229.82715004491658,229.82715004491658
2025-01-24,23,10,q4_3,B1,q4-inheritance-v2,adjustment_time,622.3375622222222,622.3375622222222,0.0,0.3962,0.3962,246.57014215244445,246.57014215244445
2025-01-24,23,11,q4_3,B1,q4-inheritance-v2,adjustment_time,600.3153703703703,600.3153703703703,0.0,0.3893,0.3893,233.70277368518512,233.70277368518512
2025-01-24,23,12,q4_3,B1,q4-inheritance-v2,adjustment_time,1400.0147932407408,1400.0147932407408,0.0,0.3995,0.3995,559.305909899676,559.305909899676
2025-01-24,23,13,q4_3,B1,q4-inheritance-v2,adjustment_time,1385.1846463888887,1385.1846463888887,0.0,0.4138,0.4138,573.1894066757221,573.1894066757221
2025-01-24,23,14,q4_3,B1,q4-inheritance-v2,adjustment_time,566.5172129629631,566.5172129629631,0.0,0.4104,0.4104,232.49866420000004,232.49866420000004
2025-01-24,23,15,q4_3,B1,q4-inheritance-v2,adjustment_time,576.5213391666666,576.5213391666666,0.0,0.3868,0.3868,222.99845398966664,222.99845398966664
2025-01-24,23,16,q4_3,B1,q4-inheritance-v2,adjustment_time,544.7677476851851,544.7677476851851,0.0,0.3922,0.3922,213.6579106421296,213.6579106421296
2025-01-24,23,17,q4_3,B1,q4-inheritance-v2,adjustment_time,571.101685185185,571.101685185185,0.0,0.4124,0.4124,235.5223349703703,235.5223349703703
2025-01-24,23,18,q4_3,B1,q4-inheritance-v2,adjustment_time,0.0,0.0,0.0,0.3857,0.3857,0.0,0.0
2025-01-24,23,19,q4_3,B1,q4-inheritance-v2,adjustment_time,636.9095717592592,636.9095717592592,0.0,0.3623,0.3623,230.7523378483796,230.7523378483796
2025-01-24,23,20,q4_3,B1,q4-inheritance-v2,adjustment_time,1311.0904981481476,1311.0904981481476,0.0,0.3704,0.3704,485.6279205140739,485.6279205140739
2025-01-24,23,21,q4_3,B1,q4-inheritance-v2,adjustment_time,622.0141059259258,622.0141059259258,0.0,0.3866,0.3866,240.47065335096292,240.47065335096292
2025-01-24,23,22,q4_3,B1,q4-inheritance-v2,adjustment_time,629.3975566666667,629.3975566666667,0.0,0.39,0.39,245.46504710000002,245.46504710000002
2025-01-24,23,23,q4_3,B1,q4-inheritance-v2,adjustment_time,634.9485740740741,634.9485740740741,0.0,0.3982,0.3982,252.83652219629633,252.83652219629633
2025-01-24,23,24,q4_3,B1,q4-inheritance-v2,adjustment_time,641.0508861111111,641.0508861111111,0.0,0.4381,0.4381,280.8443932052778,280.8443932052778
2025-01-24,23,25,q4_3,B1,q4-inheritance-v2,adjustment_time,637.1653452777778,637.1653452777778,0.0,0.4328,0.4328,275.76516143622223,275.76516143622223
2025-01-24,23,26,q4_3,B1,q4-inheritance-v2,adjustment_time,548.7107746388895,548.7107746388895,0.0,0.4071,0.4071,223.38015635549192,223.38015635549192
2025-01-24,23,27,q4_3,B1,q4-inheritance-v2,adjustment_time,0.0,0.0,0.0,0.4567,0.4567,0.0,0.0
2025-01-24,23,28,q4_3,B1,q4-inheritance-v2,adjustment_time,0.0,0.0,0.0,0.4565,0.4565,0.0,0.0
2025-01-24,23,29,q4_3,B1,q4-inheritance-v2,adjustment_time,0.0,0.0,0.0,0.4046,0.4046,0.0,0.0
2025-01-24,23,30,q4_3,B1,q4-inheritance-v2,adjustment_time,672.8991294444445,672.8991294444445,0.0,0.4218,0.4218,283.8288527996667,283.8288527996667
2025-01-24,23,31,q4_3,B1,q4-inheritance-v2,adjustment_time,1519.7551239814813,1519.7551239814813,0.0,0.4053,0.4053,615.9567517496944,615.9567517496944
2025-01-24,23,32,q4_3,B1,q4-inheritance-v2,adjustment_time,1151.642975300702,1151.642975300702,0.0,0.3375,0.3375,388.6795041639869,388.6795041639869
2025-01-24,23,33,q4_3,B1,q4-inheritance-v2,adjustment_time,1479.8996994444442,1479.8996994444442,0.0,0.3468,0.3468,513.2292157673332,513.2292157673332
2025-01-24,23,34,q4_3,B1,q4-inheritance-v2,adjustment_time,646.2113454701212,646.2113454701212,0.0,0.5612,0.5612,362.653807077832,362.653807077832
2025-01-24,23,35,q4_3,B1,q4-inheritance-v2,adjustment_time,699.0505277777778,699.0505277777778,0.0,0.8204,0.8204,573.5010529888889,573.5010529888889
2025-01-24,23,36,q4_3,B1,q4-inheritance-v2,adjustment_time,244.7071929907313,244.7071929907313,0.0,0.8152,0.8204,199.48530372604415,199.48530372604415
2025-01-24,23,37,q4_3,B1,q4-inheritance-v2,adjustment_time,830.7690125,830.7690125,0.0,0.7736,0.8204,642.6829080699999,642.6829080699999
2025-01-24,23,38,q4_3,B1,q4-inheritance-v2,adjustment_time,741.6000333333334,741.6000333333334,0.0,0.8045,0.8204,596.6172268166667,596.6172268166667
2025-01-24,23,39,q4_3,B1,q4-inheritance-v2,adjustment_time,687.4094919444442,687.4094919444442,0.0,0.8067,0.8204,554.5332371515831,554.5332371515831
2025-01-24,23,40,q4_3,B1,q4-inheritance-v2,adjustment_time,44.608235103955735,44.608235103955735,0.0,0.8559,0.8204,38.18018842547571,38.18018842547571
2025-01-24,23,41,q4_3,B1,q4-inheritance-v2,adjustment_time,0.0,0.0,0.0,0.9114,0.8204,0.0,0.0
2025-01-24,23,42,q4_3,B1,q4-inheritance-v2,adjustment_time,0.0,0.0,0.0,0.8439,0.8204,0.0,0.0
2025-01-24,23,43,q4_3,B1,q4-inheritance-v2,adjustment_time,0.0,0.0,0.0,0.811,0.8204,0.0,0.0
2025-01-24,23,44,q4_3,B1,q4-inheritance-v2,adjustment_time,642.7169333333331,642.716933333333,-1.1368683772161603e-13,0.8202,0.8204,527.1564287199999,527.1564287199998
2025-01-24,23,45,q4_3,B1,q4-inheritance-v2,adjustment_time,510.2040033333335,510.2040033333335,0.0,0.7526,0.8204,383.97953290866684,383.97953290866684
2025-01-24,23,46,q4_3,B1,q4-inheritance-v2,adjustment_time,0.0,0.0,0.0,0.8594,0.8204,0.0,0.0
2025-01-24,23,47,q4_3,B1,q4-inheritance-v2,adjustment_time,0.0,0.0,0.0,1.0798,0.8204,0.0,0.0
2025-01-24,23,48,q4_3,B1,q4-inheritance-v2,adjustment_time,0.0,0.0,0.0,1.0715,0.8204,0.0,0.0
2025-01-24,23,49,q4_3,B1,q4-inheritance-v2,adjustment_time,0.0,0.0,0.0,0.9856,0.8204,0.0,0.0
2025-01-24,23,50,q4_3,B1,q4-inheritance-v2,adjustment_time,0.0,0.0,0.0,0.9666,0.8204,0.0,0.0
2025-01-24,23,51,q4_3,B1,q4-inheritance-v2,adjustment_time,0.0,0.0,0.0,1.0005,0.8204,0.0,0.0
2025-01-24,23,52,q4_3,B1,q4-inheritance-v2,adjustment_time,0.0,0.0,0.0,0.9837,0.8204,0.0,0.0
2025-01-24,23,53,q4_3,B1,q4-inheritance-v2,adjustment_time,0.0,0.0,0.0,0.9332,0.8204,0.0,0.0
2025-01-24,23,54,q4_3,B1,q4-inheritance-v2,adjustment_time,0.0,0.0,0.0,0.9562,0.8204,0.0,0.0
2025-01-24,23,55,q4_3,B1,q4-inheritance-v2,adjustment_time,0.0,0.0,0.0,0.9596,0.8204,0.0,0.0
2025-01-24,23,56,q4_3,B1,q4-inheritance-v2,adjustment_time,0.0,0.0,0.0,0.9043,0.8204,0.0,0.0
2025-01-24,23,57,q4_3,B1,q4-inheritance-v2,adjustment_time,0.0,0.0,0.0,0.8646,0.8204,0.0,0.0
2025-01-24,23,58,q4_3,B1,q4-inheritance-v2,adjustment_time,0.0,0.0,0.0,0.9386,0.8204,0.0,0.0
2025-01-24,23,59,q4_3,B1,q4-inheritance-v2,adjustment_time,0.0,0.0,0.0,1.0746,0.8204,0.0,0.0
2025-01-24,23,60,q4_3,B1,q4-inheritance-v2,adjustment_time,0.0,0.0,0.0,1.1073,0.8204,0.0,0.0
2025-01-24,23,61,q4_3,B1,q4-inheritance-v2,adjustment_time,0.0,0.0,0.0,1.0437,0.8204,0.0,0.0
2025-01-24,23,62,q4_3,B1,q4-inheritance-v2,adjustment_time,0.0,0.0,0.0,1.0175,0.8204,0.0,0.0
2025-01-24,23,63,q4_3,B1,q4-inheritance-v2,adjustment_time,0.0,0.0,0.0,1.106,0.8204,0.0,0.0
2025-01-24,23,64,q4_3,B1,q4-inheritance-v2,adjustment_time,0.0,0.0,0.0,0.8628,0.8204,0.0,0.0
2025-01-24,23,65,q4_3,B1,q4-inheritance-v2,adjustment_time,0.0,0.0,0.0,0.42,0.8204,0.0,0.0
2025-01-24,23,66,q4_3,B1,q4-inheritance-v2,adjustment_time,663.0857836111111,663.0857836111111,0.0,0.3833,0.8204,254.16078085813885,254.16078085813885
2025-01-24,23,67,q4_3,B1,q4-inheritance-v2,adjustment_time,0.0,0.0,0.0,0.4276,0.8204,0.0,0.0
2025-01-24,23,68,q4_3,B1,q4-inheritance-v2,adjustment_time,622.8458416666667,622.8458416666668,1.1368683772161603e-13,0.3576,0.8204,222.72967298,222.72967298000015
2025-01-24,23,69,q4_3,B1,q4-inheritance-v2,adjustment_time,616.559046111111,616.559046111111,0.0,0.3215,0.8204,198.2237333247222,198.2237333247222
2025-01-24,23,70,q4_3,B1,q4-inheritance-v2,adjustment_time,613.9881619444444,613.9881619444444,0.0,0.358,0.8204,219.8077619761111,219.8077619761111
2025-01-24,23,71,q4_3,B1,q4-inheritance-v2,adjustment_time,594.0278944444445,0.0,-594.0278944444445,0.3961,0.3961,235.29444898944448,117.64722449472224
2025-01-24,23,72,q4_3,B1,q4-inheritance-v2,adjustment_time,0.0,0.0,0.0,0.3467,0.3961,0.0,0.0
2025-01-24,23,73,q4_3,B1,q4-inheritance-v2,adjustment_time,573.1837870861508,0.0,-573.1837870861508,0.349,0.3961,200.0411416930666,113.51904903241217
2025-01-24,23,74,q4_3,B1,q4-inheritance-v2,adjustment_time,611.3528111111112,0.0,-611.3528111111112,0.391,0.3961,239.0389491444445,121.07842424055558
2025-01-24,23,75,q4_3,B1,q4-inheritance-v2,adjustment_time,586.060455648148,0.0,-586.060455648148,0.3529,0.3961,206.82073479823143,116.06927324111572
2025-01-24,23,76,q4_3,B1,q4-inheritance-v2,adjustment_time,592.1807106481483,0.0,-592.1807106481483,0.5027,0.3961,297.68924324282415,117.28138974386577
2025-01-24,23,77,q4_3,B1,q4-inheritance-v2,adjustment_time,0.0,0.0,0.0,0.7718,0.3961,0.0,0.0
2025-01-24,23,78,q4_3,B1,q4-inheritance-v2,adjustment_time,0.0,0.0,0.0,0.7961,0.3961,0.0,0.0
2025-01-24,23,79,q4_3,B1,q4-inheritance-v2,adjustment_time,0.0,0.0,0.0,0.7634,0.3961,0.0,0.0
2025-01-24,23,80,q4_3,B1,q4-inheritance-v2,adjustment_time,0.0,0.0,0.0,0.7966,0.3961,0.0,0.0
2025-01-24,23,81,q4_3,B1,q4-inheritance-v2,adjustment_time,0.0,0.0,0.0,0.8352,0.3961,0.0,0.0
2025-01-24,23,82,q4_3,B1,q4-inheritance-v2,adjustment_time,0.0,0.0,0.0,0.9123,0.3961,0.0,0.0
2025-01-24,23,83,q4_3,B1,q4-inheritance-v2,adjustment_time,0.0,0.0,0.0,1.0157,0.3961,0.0,0.0
2025-01-24,23,84,q4_3,B1,q4-inheritance-v2,adjustment_time,0.0,0.0,0.0,1.0766,0.3961,0.0,0.0
2025-01-24,23,85,q4_3,B1,q4-inheritance-v2,adjustment_time,0.0,0.0,0.0,1.0873,0.3961,0.0,0.0
2025-01-24,23,86,q4_3,B1,q4-inheritance-v2,adjustment_time,0.0,0.0,0.0,1.1133,0.3961,0.0,0.0
2025-01-24,23,87,q4_3,B1,q4-inheritance-v2,adjustment_time,0.0,0.0,0.0,1.1806,0.3961,0.0,0.0
2025-01-24,23,88,q4_3,B1,q4-inheritance-v2,adjustment_time,0.0,0.0,0.0,0.954,0.3961,0.0,0.0
2025-01-24,23,89,q4_3,B1,q4-inheritance-v2,adjustment_time,953.11925,739.4346562322336,-213.6845937677664,0.5816,0.3961,554.3341558,472.3754298603732
2025-01-24,23,90,q4_3,B1,q4-inheritance-v2,adjustment_time,792.5150864529503,792.5150864529503,0.0,0.582,0.3961,461.243780315617,461.243780315617
2025-01-24,23,91,q4_3,B1,q4-inheritance-v2,adjustment_time,0.0,0.0,0.0,0.6723,0.3961,0.0,0.0
2025-01-24,23,92,q4_3,B1,q4-inheritance-v2,adjustment_time,371.4515083333332,371.451508333333,-2.2737367544323206e-13,0.676,0.3961,251.10121963333327,251.10121963333316
2025-01-24,23,93,q4_3,B1,q4-inheritance-v2,adjustment_time,588.1359643827169,588.135964382717,1.1368683772161603e-13,0.6958,0.3961,409.2250040174944,409.2250040174945
2025-01-24,23,94,q4_3,B1,q4-inheritance-v2,adjustment_time,637.056110833333,637.0561108333329,-1.1368683772161603e-13,0.7034,0.3961,448.10526836016646,448.1052683601664
2025-01-24,23,95,q4_3,B1,q4-inheritance-v2,adjustment_time,533.6104666666663,532.5673064814819,-1.0431601851844334,0.7057,0.3961,376.5689063266664,376.0393460586575
2025-01-24,23,96,q4_3,B1,q4-inheritance-v2,adjustment_time,541.8521366666666,541.8521366666663,-3.410605131648481e-13,0.7555,0.3961,409.3692892516666,409.36928925166643
2025-01-24,23,97,q4_3,B1,q4-inheritance-v2,adjustment_time,574.0357266666664,614.636593333333,40.60086666666666,0.8064,0.3961,462.9024099839998,487.0254149139998
2025-01-24,23,98,q4_3,B1,q4-inheritance-v2,adjustment_time,0.0,650.3344222222223,650.3344222222223,0.8366,0.3961,0.0,386.39619696333335
2025-01-24,23,99,q4_3,B1,q4-inheritance-v2,adjustment_time,57.65545666666662,663.0268319444459,605.3713752777793,0.8531,0.3961,49.185870082333295,408.8672727036258
2025-01-24,23,100,q4_3,B1,q4-inheritance-v2,adjustment_time,695.7104316666663,0.0,-695.7104316666663,0.7807,0.3961,543.1411340021664,137.78545099158328
2025-01-24,23,101,q4_3,B1,q4-inheritance-v2,adjustment_time,733.7274222222222,676.1362990000005,-57.59112322222177,0.6863,0.3961,503.55712987111116,475.43826395786135
2025-01-24,23,102,q4_3,B1,q4-inheritance-v2,adjustment_time,704.4625400000001,646.2798086111114,-58.18273138888867,0.7272,0.3961,512.285159088,481.4977667735696
2025-01-24,23,103,q4_3,B1,q4-inheritance-v2,adjustment_time,750.2549428703702,63.762914166666526,-686.4920287037037,0.7771,0.3961,583.0231161045647,185.5099068836851
2025-01-24,23,104,q4_3,B1,q4-inheritance-v2,adjustment_time,1049.4604503086434,901.0379583333333,-148.4224919753101,0.7591,0.3961,796.6454278292912,713.3729887065434
2025-01-24,23,105,q4_3,B1,q4-inheritance-v2,adjustment_time,1556.5600413888887,948.3315705555555,-608.2284708333333,0.7446,0.3961,1159.0146068181666,826.5873360842083
2025-01-24,23,106,q4_3,B1,q4-inheritance-v2,adjustment_time,663.9843236111111,0.0,-663.9843236111111,0.8958,0.3961,594.7971570908334,131.50209529118055
2025-01-24,23,107,q4_3,B1,q4-inheritance-v2,adjustment_time,535.4105277777778,535.4105277777779,1.1368683772161603e-13,1.1097,1.1097,594.145062675,594.1450626750002
2025-01-24,23,108,q4_3,B1,q4-inheritance-v2,adjustment_time,341.47342940740793,341.4734294074079,-5.684341886080802e-14,1.1122,1.1097,379.7867481869191,379.7867481869191
2025-01-24,23,109,q4_3,B1,q4-inheritance-v2,adjustment_time,570.4931219444444,570.4931219444445,1.1368683772161603e-13,1.0816,1.1097,617.045360695111,617.0453606951112
2025-01-24,23,110,q4_3,B1,q4-inheritance-v2,adjustment_time,681.9533888888891,681.953388888889,-1.1368683772161603e-13,1.1017,1.1097,751.308048538889,751.308048538889
2025-01-24,23,111,q4_3,B1,q4-inheritance-v2,adjustment_time,580.1097172222223,580.1097172222223,0.0,1.0982,1.1097,637.0764914534446,637.0764914534446
2025-01-24,23,112,q4_3,B1,q4-inheritance-v2,adjustment_time,0.0,0.0,0.0,1.1949,1.1097,0.0,0.0
2025-01-24,23,113,q4_3,B1,q4-inheritance-v2,adjustment_time,0.0,0.0,0.0,1.3404,1.1097,0.0,0.0
2025-01-24,23,114,q4_3,B1,q4-inheritance-v2,adjustment_time,0.0,0.0,0.0,1.3362,1.1097,0.0,0.0
2025-01-24,23,115,q4_3,B1,q4-inheritance-v2,adjustment_time,0.0,0.0,0.0,1.2988,1.1097,0.0,0.0
2025-01-24,23,116,q4_3,B1,q4-inheritance-v2,adjustment_time,0.0,0.0,0.0,1.3188,1.1097,0.0,0.0
2025-01-24,23,117,q4_3,B1,q4-inheritance-v2,adjustment_time,0.0,0.0,0.0,1.3658,1.1097,0.0,0.0
2025-01-24,23,118,q4_3,B1,q4-inheritance-v2,adjustment_time,0.0,0.0,0.0,1.3557,1.1097,0.0,0.0
2025-01-24,23,119,q4_3,B1,q4-inheritance-v2,adjustment_time,0.0,0.0,0.0,1.3097,1.1097,0.0,0.0
2025-01-24,23,120,q4_3,B1,q4-inheritance-v2,adjustment_time,0.0,0.0,0.0,1.3226,1.1097,0.0,0.0
2025-01-24,23,121,q4_3,B1,q4-inheritance-v2,adjustment_time,0.0,0.0,0.0,1.32,1.1097,0.0,0.0
2025-01-24,23,122,q4_3,B1,q4-inheritance-v2,adjustment_time,0.0,0.0,0.0,1.3301,1.1097,0.0,0.0
2025-01-24,23,123,q4_3,B1,q4-inheritance-v2,adjustment_time,0.0,0.0,0.0,1.4135,1.1097,0.0,0.0
2025-01-24,23,124,q4_3,B1,q4-inheritance-v2,adjustment_time,0.0,0.0,0.0,1.2049,1.1097,0.0,0.0
2025-01-24,23,125,q4_3,B1,q4-inheritance-v2,adjustment_time,636.2447037037037,636.2447037037036,-1.1368683772161603e-13,0.8203,1.1097,521.9115304481483,521.9115304481483
2025-01-24,23,126,q4_3,B1,q4-inheritance-v2,adjustment_time,1397.4745373148148,1397.474537314815,2.2737367544323206e-13,0.7707,1.1097,1077.033625908528,1077.0336259085284
2025-01-24,23,127,q4_3,B1,q4-inheritance-v2,adjustment_time,709.3801055555554,709.3801055555552,-1.1368683772161603e-13,0.7997,1.1097,567.2912704127776,567.2912704127776
2025-01-24,23,128,q4_3,B1,q4-inheritance-v2,adjustment_time,760.2215381172839,760.2215381172838,-1.1368683772161603e-13,0.794,1.1097,603.6159012651234,603.6159012651235
2025-01-24,23,129,q4_3,B1,q4-inheritance-v2,adjustment_time,0.0,0.0,0.0,0.8585,1.1097,0.0,0.0
2025-01-24,23,130,q4_3,B1,q4-inheritance-v2,adjustment_time,678.8849997222222,678.8849997222222,0.0,0.6338,1.1097,430.2773128239445,430.2773128239445
2025-01-24,23,131,q4_3,B1,q4-inheritance-v2,adjustment_time,1258.3829999999998,1258.383,2.2737367544323206e-13,0.2582,1.1097,324.9144905999999,324.9144906000003
2025-01-24,23,132,q4_3,B1,q4-inheritance-v2,adjustment_time,1270.4731716666665,1270.4731716666663,-2.2737367544323206e-13,0.2732,1.1097,347.0932704993333,347.09327049933336
2025-01-24,23,133,q4_3,B1,q4-inheritance-v2,adjustment_time,509.9327740740741,509.9327740740741,0.0,0.3771,1.1097,192.29564910333332,192.29564910333332
2025-01-24,23,134,q4_3,B1,q4-inheritance-v2,adjustment_time,487.68422617284136,487.6842261728414,5.684341886080802e-14,0.3706,1.1097,180.735774219655,180.7357742196551
2025-01-24,23,135,q4_3,B1,q4-inheritance-v2,adjustment_time,1263.920671978736,1263.920671978736,0.0,0.3541,1.1097,447.55430994767045,447.55430994767045
2025-01-24,23,136,q4_3,B1,q4-inheritance-v2,adjustment_time,1234.1293319444444,1234.1293319444446,2.2737367544323206e-13,0.3467,1.1097,427.8726393851389,427.8726393851393
2025-01-24,23,137,q4_3,B1,q4-inheritance-v2,adjustment_time,0.0,0.0,0.0,0.3522,1.1097,0.0,0.0
2025-01-24,23,138,q4_3,B1,q4-inheritance-v2,adjustment_time,442.74816666666663,442.74816666666663,0.0,0.365,1.1097,161.6030808333333,161.6030808333333
2025-01-24,23,139,q4_3,B1,q4-inheritance-v2,adjustment_time,1252.678951111111,1252.6789511111112,2.2737367544323206e-13,0.313,1.1097,392.08851169777773,392.08851169777813
2025-01-24,23,140,q4_3,B1,q4-inheritance-v2,adjustment_time,1242.2044444444443,1242.2044444444443,0.0,0.2657,1.1097,330.05372088888885,330.05372088888885
2025-01-24,23,141,q4_3,B1,q4-inheritance-v2,adjustment_time,503.44390805555554,503.4439080555556,5.684341886080802e-14,0.3584,1.1097,180.4342966471111,180.43429664711118
2025-01-24,23,142,q4_3,B1,q4-inheritance-v2,adjustment_time,510.1679838888888,510.1679838888888,0.0,0.3708,1.1097,189.17028842599998,189.17028842599998
2025-01-24,23,143,q4_3,B1,q4-inheritance-v2,adjustment_time,1257.412722222222,1257.4127222222219,-2.2737367544323206e-13,0.2955,1.1097,371.5654594166666,371.56545941666667
2025-01-25,24,0,q4_3,B1,q4-inheritance-v2,adjustment_time,509.5138452777778,509.5138452777778,0.0,0.3381,0.3381,172.2666310884167,172.2666310884167
2025-01-25,24,1,q4_3,B1,q4-inheritance-v2,adjustment_time,459.03268351851875,459.03268351851875,0.0,0.3528,0.3528,161.9467307453334,161.9467307453334
2025-01-25,24,2,q4_3,B1,q4-inheritance-v2,adjustment_time,523.1214157784613,523.1214157784613,0.0,0.3008,0.3008,157.35492186616116,157.35492186616116
2025-01-25,24,3,q4_3,B1,q4-inheritance-v2,adjustment_time,476.14343879629627,476.14343879629627,0.0,0.3039,0.3039,144.69999105019443,144.69999105019443
2025-01-25,24,4,q4_3,B1,q4-inheritance-v2,adjustment_time,0.0,0.0,0.0,0.3343,0.3343,0.0,0.0
2025-01-25,24,5,q4_3,B1,q4-inheritance-v2,adjustment_time,0.0,0.0,0.0,0.3558,0.3558,0.0,0.0
2025-01-25,24,6,q4_3,B1,q4-inheritance-v2,adjustment_time,0.0,0.0,0.0,0.3641,0.3641,0.0,0.0
2025-01-25,24,7,q4_3,B1,q4-inheritance-v2,adjustment_time,481.9340008333334,481.9340008333334,0.0,0.3577,0.3577,172.38779209808337,172.38779209808337
2025-01-25,24,8,q4_3,B1,q4-inheritance-v2,adjustment_time,524.5232685185186,524.5232685185186,0.0,0.3605,0.3605,189.09063830092597,189.09063830092597
2025-01-25,24,9,q4_3,B1,q4-inheritance-v2,adjustment_time,1357.0063934259258,1357.0063934259258,0.0,0.393,0.393,533.3035126163888,533.3035126163888
2025-01-25,24,10,q4_3,B1,q4-inheritance-v2,adjustment_time,1370.7602605555553,1370.7602605555553,0.0,0.3685,0.3685,505.1251560147221,505.1251560147221
2025-01-25,24,11,q4_3,B1,q4-inheritance-v2,adjustment_time,564.1302314814815,564.1302314814815,0.0,0.3052,0.3052,172.17254664814817,172.17254664814817
2025-01-25,24,12,q4_3,B1,q4-inheritance-v2,adjustment_time,585.2242731892989,585.2242731892989,0.0,0.3159,0.3159,184.8723479004995,184.8723479004995
2025-01-25,24,13,q4_3,B1,q4-inheritance-v2,adjustment_time,516.4948022222222,516.4948022222222,0.0,0.3649,0.3649,188.4689533308889,188.4689533308889
2025-01-25,24,14,q4_3,B1,q4-inheritance-v2,adjustment_time,496.585860185186,496.585860185186,0.0,0.3905,0.3905,193.91677840231515,193.91677840231515
2025-01-25,24,15,q4_3,B1,q4-inheritance-v2,adjustment_time,521.6800587962964,521.6800587962964,0.0,0.37,0.37,193.02162175462968,193.02162175462968
2025-01-25,24,16,q4_3,B1,q4-inheritance-v2,adjustment_time,503.4321379629629,503.4321379629629,0.0,0.3817,0.3817,192.16004706046292,192.16004706046292
2025-01-25,24,17,q4_3,B1,q4-inheritance-v2,adjustment_time,579.6906111111109,579.6906111111109,0.0,0.4212,0.4212,244.16568539999992,244.16568539999992
2025-01-25,24,18,q4_3,B1,q4-inheritance-v2,adjustment_time,562.58068,562.58068,0.0,0.4101,0.4101,230.71433686800003,230.71433686800003
2025-01-25,24,19,q4_3,B1,q4-inheritance-v2,adjustment_time,516.7584128703699,516.7584128703699,0.0,0.402,0.402,207.7368819738887,207.7368819738887
2025-01-25,24,20,q4_3,B1,q4-inheritance-v2,adjustment_time,556.5497777777776,556.5497777777776,0.0,0.4175,0.4175,232.35953222222216,232.35953222222216
2025-01-25,24,21,q4_3,B1,q4-inheritance-v2,adjustment_time,544.5115109259259,544.5115109259259,0.0,0.4191,0.4191,228.20477422905554,228.20477422905554
2025-01-25,24,22,q4_3,B1,q4-inheritance-v2,adjustment_time,567.4366083333333,567.4366083333333,0.0,0.4048,0.4048,229.6983390533333,229.6983390533333
2025-01-25,24,23,q4_3,B1,q4-inheritance-v2,adjustment_time,601.8263333333333,601.8263333333333,0.0,0.3922,0.3922,236.0362879333333,236.0362879333333
2025-01-25,24,24,q4_3,B1,q4-inheritance-v2,adjustment_time,580.9278924999998,580.9278924999998,0.0,0.3983,0.3983,231.3835795827499,231.3835795827499
2025-01-25,24,25,q4_3,B1,q4-inheritance-v2,adjustment_time,571.6798163888889,571.6798163888889,0.0,0.3977,0.3977,227.3570629778611,227.3570629778611
2025-01-25,24,26,q4_3,B1,q4-inheritance-v2,adjustment_time,17.14299569444529,17.14299569444529,0.0,0.3819,0.3819,6.546910055708657,6.546910055708657
2025-01-25,24,27,q4_3,B1,q4-inheritance-v2,adjustment_time,576.9496696296296,576.9496696296296,0.0,0.3738,0.3738,215.66378650755556,215.66378650755556
2025-01-25,24,28,q4_3,B1,q4-inheritance-v2,adjustment_time,533.7335536111111,533.7335536111111,0.0,0.4078,0.4078,217.65654316261111,217.65654316261111
2025-01-25,24,29,q4_3,B1,q4-inheritance-v2,adjustment_time,546.0121574074075,546.0121574074075,0.0,0.4431,0.4431,241.93798694722224,241.93798694722224
2025-01-25,24,30,q4_3,B1,q4-inheritance-v2,adjustment_time,0.0,0.0,0.0,0.4078,0.4078,0.0,0.0
2025-01-25,24,31,q4_3,B1,q4-inheritance-v2,adjustment_time,633.8938681481482,633.8938681481482,0.0,0.411,0.411,260.5303798088889,260.5303798088889
2025-01-25,24,32,q4_3,B1,q4-inheritance-v2,adjustment_time,1105.8845521707813,1105.8845521707813,0.0,0.4424,0.4424,489.24332588035367,489.24332588035367
2025-01-25,24,33,q4_3,B1,q4-inheritance-v2,adjustment_time,1412.012264722222,1412.012264722222,0.0,0.415,0.415,585.985089859722,585.985089859722
2025-01-25,24,34,q4_3,B1,q4-inheritance-v2,adjustment_time,605.8265136111111,605.8265136111111,0.0,0.5778,0.5778,350.04655956449994,350.04655956449994
2025-01-25,24,35,q4_3,B1,q4-inheritance-v2,adjustment_time,0.0,0.0,0.0,0.8628,0.8628,0.0,0.0
2025-01-25,24,36,q4_3,B1,q4-inheritance-v2,adjustment_time,0.0,0.0,0.0,0.9186,0.8628,0.0,0.0
2025-01-25,24,37,q4_3,B1,q4-inheritance-v2,adjustment_time,616.4183882407407,616.4183882407407,0.0,0.8652,0.8628,533.3251895058888,533.3251895058888
2025-01-25,24,38,q4_3,B1,q4-inheritance-v2,adjustment_time,0.0,0.0,0.0,0.827,0.8628,0.0,0.0
2025-01-25,24,39,q4_3,B1,q4-inheritance-v2,adjustment_time,0.0,0.0,0.0,0.8144,0.8628,0.0,0.0
2025-01-25,24,40,q4_3,B1,q4-inheritance-v2,adjustment_time,0.0,0.0,0.0,0.847,0.8628,0.0,0.0
2025-01-25,24,41,q4_3,B1,q4-inheritance-v2,adjustment_time,0.0,0.0,0.0,0.8765,0.8628,0.0,0.0
2025-01-25,24,42,q4_3,B1,q4-inheritance-v2,adjustment_time,0.0,0.0,0.0,0.8308,0.8628,0.0,0.0
2025-01-25,24,43,q4_3,B1,q4-inheritance-v2,adjustment_time,0.0,0.0,0.0,0.8187,0.8628,0.0,0.0
2025-01-25,24,44,q4_3,B1,q4-inheritance-v2,adjustment_time,0.0,0.0,0.0,0.8326,0.8628,0.0,0.0
2025-01-25,24,45,q4_3,B1,q4-inheritance-v2,adjustment_time,358.4454907521082,358.4454907521082,0.0,0.7834,0.8628,280.8061974552015,280.8061974552015
2025-01-25,24,46,q4_3,B1,q4-inheritance-v2,adjustment_time,0.0,0.0,0.0,0.8891,0.8628,0.0,0.0
2025-01-25,24,47,q4_3,B1,q4-inheritance-v2,adjustment_time,0.0,0.0,0.0,1.0877,0.8628,0.0,0.0
2025-01-25,24,48,q4_3,B1,q4-inheritance-v2,adjustment_time,0.0,0.0,0.0,1.0753,0.8628,0.0,0.0
2025-01-25,24,49,q4_3,B1,q4-inheritance-v2,adjustment_time,0.0,0.0,0.0,1.008,0.8628,0.0,0.0
2025-01-25,24,50,q4_3,B1,q4-inheritance-v2,adjustment_time,0.0,0.0,0.0,0.9948,0.8628,0.0,0.0
2025-01-25,24,51,q4_3,B1,q4-inheritance-v2,adjustment_time,0.0,0.0,0.0,0.9864,0.8628,0.0,0.0
2025-01-25,24,52,q4_3,B1,q4-inheritance-v2,adjustment_time,0.0,0.0,0.0,0.9659,0.8628,0.0,0.0
2025-01-25,24,53,q4_3,B1,q4-inheritance-v2,adjustment_time,0.0,0.0,0.0,0.9624,0.8628,0.0,0.0
2025-01-25,24,54,q4_3,B1,q4-inheritance-v2,adjustment_time,0.0,0.0,0.0,1.0042,0.8628,0.0,0.0
2025-01-25,24,55,q4_3,B1,q4-inheritance-v2,adjustment_time,0.0,0.0,0.0,0.9788,0.8628,0.0,0.0
2025-01-25,24,56,q4_3,B1,q4-inheritance-v2,adjustment_time,0.0,0.0,0.0,0.8845,0.8628,0.0,0.0
2025-01-25,24,57,q4_3,B1,q4-inheritance-v2,adjustment_time,0.0,0.0,0.0,0.8496,0.8628,0.0,0.0
2025-01-25,24,58,q4_3,B1,q4-inheritance-v2,adjustment_time,0.0,0.0,0.0,0.9332,0.8628,0.0,0.0
2025-01-25,24,59,q4_3,B1,q4-inheritance-v2,adjustment_time,0.0,0.0,0.0,1.0579,0.8628,0.0,0.0
2025-01-25,24,60,q4_3,B1,q4-inheritance-v2,adjustment_time,0.0,0.0,0.0,1.0779,0.8628,0.0,0.0
2025-01-25,24,61,q4_3,B1,q4-inheritance-v2,adjustment_time,0.0,0.0,0.0,1.0419,0.8628,0.0,0.0
2025-01-25,24,62,q4_3,B1,q4-inheritance-v2,adjustment_time,0.0,0.0,0.0,1.0423,0.8628,0.0,0.0
2025-01-25,24,63,q4_3,B1,q4-inheritance-v2,adjustment_time,0.0,0.0,0.0,1.0756,0.8628,0.0,0.0
2025-01-25,24,64,q4_3,B1,q4-inheritance-v2,adjustment_time,0.0,0.0,0.0,0.8057,0.8628,0.0,0.0
2025-01-25,24,65,q4_3,B1,q4-inheritance-v2,adjustment_time,0.0,0.0,0.0,0.3884,0.8628,0.0,0.0
2025-01-25,24,66,q4_3,B1,q4-inheritance-v2,adjustment_time,523.2845619444446,523.2845619444446,0.0,0.35,0.8628,183.1495966805556,183.1495966805556
2025-01-25,24,67,q4_3,B1,q4-inheritance-v2,adjustment_time,0.0,0.0,0.0,0.4148,0.8628,0.0,0.0
2025-01-25,24,68,q4_3,B1,q4-inheritance-v2,adjustment_time,0.0,0.0,0.0,0.4112,0.8628,0.0,0.0
2025-01-25,24,69,q4_3,B1,q4-inheritance-v2,adjustment_time,286.6644400902526,286.6644400902525,-5.684341886080802e-14,0.4374,0.8628,125.38702609547649,125.38702609547649
2025-01-25,24,70,q4_3,B1,q4-inheritance-v2,adjustment_time,467.72653027777756,467.72653027777756,0.0,0.4288,0.8628,200.56113618311102,200.56113618311102
2025-01-25,24,71,q4_3,B1,q4-inheritance-v2,adjustment_time,0.0,0.0,0.0,0.3788,0.3788,0.0,0.0
2025-01-25,24,72,q4_3,B1,q4-inheritance-v2,adjustment_time,0.0,0.0,0.0,0.3606,0.3788,0.0,0.0
2025-01-25,24,73,q4_3,B1,q4-inheritance-v2,adjustment_time,0.0,0.0,0.0,0.3588,0.3788,0.0,0.0
2025-01-25,24,74,q4_3,B1,q4-inheritance-v2,adjustment_time,0.0,0.0,0.0,0.3527,0.3788,0.0,0.0
2025-01-25,24,75,q4_3,B1,q4-inheritance-v2,adjustment_time,401.95146870370377,0.0,-401.95146870370377,0.3644,0.3788,146.47111519562966,76.1296081724815
2025-01-25,24,76,q4_3,B1,q4-inheritance-v2,adjustment_time,0.0,0.0,0.0,0.5034,0.3788,0.0,0.0
2025-01-25,24,77,q4_3,B1,q4-inheritance-v2,adjustment_time,0.0,0.0,0.0,0.7008,0.3788,0.0,0.0
2025-01-25,24,78,q4_3,B1,q4-inheritance-v2,adjustment_time,0.0,0.0,0.0,0.7507,0.3788,0.0,0.0
2025-01-25,24,79,q4_3,B1,q4-inheritance-v2,adjustment_time,0.0,0.0,0.0,0.6988,0.3788,0.0,0.0
2025-01-25,24,80,q4_3,B1,q4-inheritance-v2,adjustment_time,0.0,0.0,0.0,0.6596,0.3788,0.0,0.0
2025-01-25,24,81,q4_3,B1,q4-inheritance-v2,adjustment_time,0.0,0.0,0.0,0.7169,0.3788,0.0,0.0
2025-01-25,24,82,q4_3,B1,q4-inheritance-v2,adjustment_time,0.0,0.0,0.0,0.8205,0.3788,0.0,0.0
2025-01-25,24,83,q4_3,B1,q4-inheritance-v2,adjustment_time,0.0,0.0,0.0,0.9261,0.3788,0.0,0.0
2025-01-25,24,84,q4_3,B1,q4-inheritance-v2,adjustment_time,0.0,0.0,0.0,1.0206,0.3788,0.0,0.0
2025-01-25,24,85,q4_3,B1,q4-inheritance-v2,adjustment_time,0.0,0.0,0.0,1.0622,0.3788,0.0,0.0
2025-01-25,24,86,q4_3,B1,q4-inheritance-v2,adjustment_time,0.0,0.0,0.0,1.0917,0.3788,0.0,0.0
2025-01-25,24,87,q4_3,B1,q4-inheritance-v2,adjustment_time,0.0,0.0,0.0,1.146,0.3788,0.0,0.0
2025-01-25,24,88,q4_3,B1,q4-inheritance-v2,adjustment_time,0.0,0.0,0.0,0.9135,0.3788,0.0,0.0
2025-01-25,24,89,q4_3,B1,q4-inheritance-v2,adjustment_time,299.8558333333333,243.40261666666663,-56.45321666666666,0.5321,0.3788,159.55328891666665,140.206771565
2025-01-25,24,90,q4_3,B1,q4-inheritance-v2,adjustment_time,24.209389166666483,24.209389166666487,3.552713678800501e-15,0.4975,0.3788,12.044171110416576,12.044171110416578
2025-01-25,24,91,q4_3,B1,q4-inheritance-v2,adjustment_time,0.0,0.0,0.0,0.5951,0.3788,0.0,0.0
2025-01-25,24,92,q4_3,B1,q4-inheritance-v2,adjustment_time,108.29774444444445,108.29774444444446,1.4210854715202004e-14,0.6319,0.3788,68.43334471444444,68.43334471444446
2025-01-25,24,93,q4_3,B1,q4-inheritance-v2,adjustment_time,180.8890736111108,306.17650250000014,125.28742888888934,0.6274,0.3788,113.48980478361091,184.67812187827784
2025-01-25,24,94,q4_3,B1,q4-inheritance-v2,adjustment_time,228.83873611111107,338.8116638888889,109.97292777777784,0.6317,0.3788,144.55742960138886,207.04404716472223
2025-01-25,24,95,q4_3,B1,q4-inheritance-v2,adjustment_time,324.8247556790112,324.8247556790113,5.684341886080802e-14,0.6658,0.3788,216.26832233108564,216.26832233108567
2025-01-25,24,96,q4_3,B1,q4-inheritance-v2,adjustment_time,292.337861388889,381.0279263888889,88.69006499999989,0.7145,0.3788,208.8754019623612,259.26909689536114
2025-01-25,24,97,q4_3,B1,q4-inheritance-v2,adjustment_time,0.0,516.5246175000001,516.5246175000001,0.7548,0.3788,0.0,293.4892876635001
2025-01-25,24,98,q4_3,B1,q4-inheritance-v2,adjustment_time,68.79839717592711,557.5859629629629,488.78756578703576,0.7742,0.3788,53.26371909360277,330.9928139737965
2025-01-25,24,99,q4_3,B1,q4-inheritance-v2,adjustment_time,541.785576388889,0.0,-541.785576388889,0.7791,0.3788,422.10514256458345,102.61418816805559
2025-01-25,24,100,q4_3,B1,q4-inheritance-v2,adjustment_time,545.3685377777776,1.56486365718625e-13,-545.3685377777775,0.8002,0.3788,436.4039039297777,103.2928010551112
2025-01-25,24,101,q4_3,B1,q4-inheritance-v2,adjustment_time,508.18625000000003,304.3298082134829,-203.8564417865171,0.8094,0.3788,411.32595075,284.9349568423594
2025-01-25,24,102,q4_3,B1,q4-inheritance-v2,adjustment_time,549.9136577777775,523.0638363888888,-26.8498213888887,0.7591,0.3788,417.4394576191109,402.14311437386107
2025-01-25,24,103,q4_3,B1,q4-inheritance-v2,adjustment_time,558.7511098148145,0.0,-558.7511098148145,0.7702,0.3788,430.35010477937016,105.82746019892588
2025-01-25,24,104,q4_3,B1,q4-inheritance-v2,adjustment_time,542.4562453703704,1.310001898803413e-13,-542.4562453703703,0.8053,0.3788,436.84001439675933,102.74121287314824
2025-01-25,24,105,q4_3,B1,q4-inheritance-v2,adjustment_time,916.9098901748978,735.4025874999999,-181.50730267489791,0.7382,0.3788,676.8628809271095,577.2516732191256
2025-01-25,24,106,q4_3,B1,q4-inheritance-v2,adjustment_time,454.54944833333343,0.0,-454.54944833333343,0.8726,0.3788,396.6398486156668,86.09166551433336
2025-01-25,24,107,q4_3,B1,q4-inheritance-v2,adjustment_time,0.0,0.0,0.0,1.145,1.145,0.0,0.0
2025-01-25,24,108,q4_3,B1,q4-inheritance-v2,adjustment_time,0.0,0.0,0.0,1.1657,1.145,0.0,0.0
2025-01-25,24,109,q4_3,B1,q4-inheritance-v2,adjustment_time,485.2742732407406,485.2742732407406,0.0,1.1371,1.145,551.8053761020461,551.8053761020461
2025-01-25,24,110,q4_3,B1,q4-inheritance-v2,adjustment_time,95.20440482309289,95.20440482309289,0.0,1.1599,1.145,110.42758915430544,110.42758915430544
2025-01-25,24,111,q4_3,B1,q4-inheritance-v2,adjustment_time,424.58618805555545,424.5861880555554,-5.684341886080802e-14,1.1397,1.145,483.90087852691653,483.90087852691653
2025-01-25,24,112,q4_3,B1,q4-inheritance-v2,adjustment_time,0.0,0.0,0.0,1.213,1.145,0.0,0.0
2025-01-25,24,113,q4_3,B1,q4-inheritance-v2,adjustment_time,0.0,0.0,0.0,1.3527,1.145,0.0,0.0
2025-01-25,24,114,q4_3,B1,q4-inheritance-v2,adjustment_time,0.0,0.0,0.0,1.3722,1.145,0.0,0.0
2025-01-25,24,115,q4_3,B1,q4-inheritance-v2,adjustment_time,0.0,0.0,0.0,1.3405,1.145,0.0,0.0
2025-01-25,24,116,q4_3,B1,q4-inheritance-v2,adjustment_time,0.0,0.0,0.0,1.3251,1.145,0.0,0.0
2025-01-25,24,117,q4_3,B1,q4-inheritance-v2,adjustment_time,0.0,0.0,0.0,1.324,1.145,0.0,0.0
2025-01-25,24,118,q4_3,B1,q4-inheritance-v2,adjustment_time,0.0,0.0,0.0,1.3285,1.145,0.0,0.0
2025-01-25,24,119,q4_3,B1,q4-inheritance-v2,adjustment_time,0.0,0.0,0.0,1.3443,1.145,0.0,0.0
2025-01-25,24,120,q4_3,B1,q4-inheritance-v2,adjustment_time,0.0,0.0,0.0,1.3733,1.145,0.0,0.0
2025-01-25,24,121,q4_3,B1,q4-inheritance-v2,adjustment_time,0.0,0.0,0.0,1.3446,1.145,0.0,0.0
2025-01-25,24,122,q4_3,B1,q4-inheritance-v2,adjustment_time,0.0,0.0,0.0,1.3228,1.145,0.0,0.0
2025-01-25,24,123,q4_3,B1,q4-inheritance-v2,adjustment_time,0.0,395.42815556738003,395.42815556738003,1.4005,1.145,0.0,679.1478571869752
2025-01-25,24,124,q4_3,B1,q4-inheritance-v2,adjustment_time,0.0,458.06243370370373,458.06243370370373,1.1964,1.145,0.0,786.7222298861112
2025-01-25,24,125,q4_3,B1,q4-inheritance-v2,adjustment_time,578.668189327167,578.668189327167,0.0,0.8153,1.145,471.7881747584393,471.7881747584393
2025-01-25,24,126,q4_3,B1,q4-inheritance-v2,adjustment_time,617.1477455555556,617.1477455555556,0.0,0.7737,1.145,477.4872107363334,477.4872107363334
2025-01-25,24,127,q4_3,B1,q4-inheritance-v2,adjustment_time,618.4210341666665,618.4210341666666,1.1368683772161603e-13,0.8236,1.145,509.3315637396665,509.33156373966665
2025-01-25,24,128,q4_3,B1,q4-inheritance-v2,adjustment_time,592.0931111111112,592.0931111111112,0.0,0.8235,1.145,487.5886770000001,487.5886770000001
2025-01-25,24,129,q4_3,B1,q4-inheritance-v2,adjustment_time,516.5834855555555,516.5834855555555,0.0,0.8482,1.145,438.1661124482222,438.1661124482222
2025-01-25,24,130,q4_3,B1,q4-inheritance-v2,adjustment_time,571.7583438888889,571.7583438888888,-1.1368683772161603e-13,0.6408,1.145,366.38274676400005,366.38274676400005
2025-01-25,24,131,q4_3,B1,q4-inheritance-v2,adjustment_time,1231.4819444444443,1231.4819444444445,2.2737367544323206e-13,0.3085,1.145,379.91217986111104,379.91217986111144
2025-01-25,24,132,q4_3,B1,q4-inheritance-v2,adjustment_time,1241.229339722222,1241.2293397222222,2.2737367544323206e-13,0.2605,1.145,323.3402429976388,323.3402429976392
2025-01-25,24,133,q4_3,B1,q4-inheritance-v2,adjustment_time,479.01088888888887,479.01088888888887,0.0,0.3204,1.145,153.4750888,153.4750888
2025-01-25,24,134,q4_3,B1,q4-inheritance-v2,adjustment_time,535.3421388888887,535.3421388888887,0.0,0.3296,1.145,176.44876897777772,176.44876897777772
2025-01-25,24,135,q4_3,B1,q4-inheritance-v2,adjustment_time,724.6570939661059,724.657093966106,1.1368683772161603e-13,0.3061,1.145,221.817536463025,221.8175364630252
2025-01-25,24,136,q4_3,B1,q4-inheritance-v2,adjustment_time,1215.4723763888887,1215.4723763888887,0.0,0.2963,1.145,360.14446512402776,360.14446512402776
2025-01-25,24,137,q4_3,B1,q4-inheritance-v2,adjustment_time,1197.5262222222223,1197.526222222222,-2.2737367544323206e-13,0.3014,1.145,360.9344033777778,360.9344033777778
2025-01-25,24,138,q4_3,B1,q4-inheritance-v2,adjustment_time,1218.308145,1218.308145,0.0,0.2952,1.145,359.644564404,359.644564404
2025-01-25,24,139,q4_3,B1,q4-inheritance-v2,adjustment_time,1199.0126594444444,1199.0126594444444,0.0,0.3396,1.145,407.18469914733333,407.18469914733333
2025-01-25,24,140,q4_3,B1,q4-inheritance-v2,adjustment_time,1232.784111111111,1232.784111111111,0.0,0.3992,1.145,492.1274171555555,492.1274171555555
2025-01-25,24,141,q4_3,B1,q4-inheritance-v2,adjustment_time,1260.1998366666667,1260.1998366666667,0.0,0.3718,1.145,468.5422992726667,468.5422992726667
2025-01-25,24,142,q4_3,B1,q4-inheritance-v2,adjustment_time,484.1139678703705,484.1139678703705,0.0,0.3638,1.145,176.1206615112408,176.1206615112408
2025-01-25,24,143,q4_3,B1,q4-inheritance-v2,adjustment_time,0.0,0.0,0.0,0.4179,1.145,0.0,0.0
2025-01-26,25,0,q4_3,B1,q4-inheritance-v2,adjustment_time,629.8714869444444,629.8714869444444,0.0,0.4597,0.4597,289.5519225483611,289.5519225483611
2025-01-26,25,1,q4_3,B1,q4-inheritance-v2,adjustment_time,1387.248453240741,1387.248453240741,0.0,0.4207,0.4207,583.6154242783797,583.6154242783797
2025-01-26,25,2,q4_3,B1,q4-inheritance-v2,adjustment_time,1371.3644074074073,1371.3644074074073,0.0,0.3577,0.3577,490.5370485296296,490.5370485296296
2025-01-26,25,3,q4_3,B1,q4-inheritance-v2,adjustment_time,962.4891838854597,962.4891838854597,0.0,0.3976,0.3976,382.6856995128588,382.6856995128588
2025-01-26,25,4,q4_3,B1,q4-inheritance-v2,adjustment_time,1328.7650521296289,1328.7650521296289,0.0,0.4572,0.4572,607.5113818336663,607.5113818336663
2025-01-26,25,5,q4_3,B1,q4-inheritance-v2,adjustment_time,617.682111111111,617.682111111111,0.0,0.4766,0.4766,294.38729415555554,294.38729415555554
2025-01-26,25,6,q4_3,B1,q4-inheritance-v2,adjustment_time,257.3683599805507,257.3683599805507,0.0,0.4717,0.4717,121.40065540282576,121.40065540282576
2025-01-26,25,7,q4_3,B1,q4-inheritance-v2,adjustment_time,0.0,0.0,0.0,0.4524,0.4524,0.0,0.0
2025-01-26,25,8,q4_3,B1,q4-inheritance-v2,adjustment_time,634.9554074074076,634.9554074074076,0.0,0.4494,0.4494,285.348960088889,285.348960088889
2025-01-26,25,9,q4_3,B1,q4-inheritance-v2,adjustment_time,626.9153834259257,626.9153834259257,0.0,0.4907,0.4907,307.62737864710175,307.62737864710175
2025-01-26,25,10,q4_3,B1,q4-inheritance-v2,adjustment_time,621.8774655555554,621.8774655555554,0.0,0.505,0.505,314.0481201055555,314.0481201055555
2025-01-26,25,11,q4_3,B1,q4-inheritance-v2,adjustment_time,633.8326203703704,633.8326203703704,0.0,0.4862,0.4862,308.1694200240741,308.1694200240741
2025-01-26,25,12,q4_3,B1,q4-inheritance-v2,adjustment_time,1450.5064535185186,1450.5064535185186,0.0,0.4951,0.4951,718.1457451370185,718.1457451370185
2025-01-26,25,13,q4_3,B1,q4-inheritance-v2,adjustment_time,622.1233699999999,622.1233699999999,0.0,0.5023,0.5023,312.4925687509999,312.4925687509999
2025-01-26,25,14,q4_3,B1,q4-inheritance-v2,adjustment_time,0.0,0.0,0.0,0.4963,0.4963,0.0,0.0
2025-01-26,25,15,q4_3,B1,q4-inheritance-v2,adjustment_time,616.3711319444444,616.3711319444444,0.0,0.4928,0.4928,303.74769382222223,303.74769382222223
2025-01-26,25,16,q4_3,B1,q4-inheritance-v2,adjustment_time,1397.0516607407408,1397.0516607407408,0.0,0.4534,0.4534,633.4232229798519,633.4232229798519
2025-01-26,25,17,q4_3,B1,q4-inheritance-v2,adjustment_time,639.0215972129705,639.0215972129705,0.0,0.4145,0.4145,264.87445204477626,264.87445204477626
2025-01-26,25,18,q4_3,B1,q4-inheritance-v2,adjustment_time,0.0,0.0,0.0,0.4545,0.4545,0.0,0.0
2025-01-26,25,19,q4_3,B1,q4-inheritance-v2,adjustment_time,0.0,0.0,0.0,0.4691,0.4691,0.0,0.0
2025-01-26,25,20,q4_3,B1,q4-inheritance-v2,adjustment_time,1470.4153148148148,1470.4153148148148,0.0,0.4431,0.4431,651.5410259944445,651.5410259944445
2025-01-26,25,21,q4_3,B1,q4-inheritance-v2,adjustment_time,988.1373260607073,988.1373260607073,0.0,0.4651,0.4651,459.582670350835,459.582670350835
2025-01-26,25,22,q4_3,B1,q4-inheritance-v2,adjustment_time,636.6722108333333,636.6722108333333,0.0,0.499,0.499,317.6994332058333,317.6994332058333
2025-01-26,25,23,q4_3,B1,q4-inheritance-v2,adjustment_time,676.3100277777778,676.3100277777778,0.0,0.5063,0.5063,342.4157670638889,342.4157670638889
2025-01-26,25,24,q4_3,B1,q4-inheritance-v2,adjustment_time,648.0940649999998,648.0940649999998,0.0,0.4909,0.4909,318.14937650849987,318.14937650849987
2025-01-26,25,25,q4_3,B1,q4-inheritance-v2,adjustment_time,664.7187074999999,664.7187074999999,0.0,0.5034,0.5034,334.6193973554999,334.6193973554999
2025-01-26,25,26,q4_3,B1,q4-inheritance-v2,adjustment_time,686.7521944444444,686.7521944444444,0.0,0.5451,0.5451,374.34862119166667,374.34862119166667
2025-01-26,25,27,q4_3,B1,q4-inheritance-v2,adjustment_time,0.0,0.0,0.0,0.5649,0.5649,0.0,0.0
2025-01-26,25,28,q4_3,B1,q4-inheritance-v2,adjustment_time,597.2378855555554,597.2378855555554,0.0,0.5459,0.5459,326.0321617247777,326.0321617247777
2025-01-26,25,29,q4_3,B1,q4-inheritance-v2,adjustment_time,660.3605555555555,660.3605555555555,0.0,0.5124,0.5124,338.3687486666666,338.3687486666666
2025-01-26,25,30,q4_3,B1,q4-inheritance-v2,adjustment_time,690.2568149074074,690.2568149074074,0.0,0.5099,0.5099,351.96194992128704,351.96194992128704
2025-01-26,25,31,q4_3,B1,q4-inheritance-v2,adjustment_time,716.0009481481482,716.0009481481482,0.0,0.5354,0.5354,383.34690763851853,383.34690763851853
2025-01-26,25,32,q4_3,B1,q4-inheritance-v2,adjustment_time,677.8623333333331,677.8623333333331,0.0,0.5161,0.5161,349.84475023333323,349.84475023333323
2025-01-26,25,33,q4_3,B1,q4-inheritance-v2,adjustment_time,1480.0499497222222,1480.0499497222222,0.0,0.4308,0.4308,637.6055183403333,637.6055183403333
2025-01-26,25,34,q4_3,B1,q4-inheritance-v2,adjustment_time,710.2544374999998,710.2544374999998,0.0,0.6677,0.6677,474.2368879187498,474.2368879187498
2025-01-26,25,35,q4_3,B1,q4-inheritance-v2,adjustment_time,772.6371944444445,772.6371944444445,0.0,1.0718,1.0718,828.1125450055557,828.1125450055557
2025-01-26,25,36,q4_3,B1,q4-inheritance-v2,adjustment_time,54.03194138888898,54.03194138888899,7.105427357601002e-15,1.0761,1.0718,58.143772128583436,58.14377212858345
2025-01-26,25,37,q4_3,B1,q4-inheritance-v2,adjustment_time,764.2224575,764.2224575,0.0,1.0301,1.0718,787.22555347075,787.22555347075
2025-01-26,25,38,q4_3,B1,q4-inheritance-v2,adjustment_time,787.249872222222,787.249872222222,0.0,1.0849,1.0718,854.0873863738886,854.0873863738886
2025-01-26,25,39,q4_3,B1,q4-inheritance-v2,adjustment_time,294.4078207882107,294.4078207882107,0.0,1.0386,1.0718,305.7719626706356,305.7719626706356
2025-01-26,25,40,q4_3,B1,q4-inheritance-v2,adjustment_time,64.02269999999999,64.0227,1.4210854715202004e-14,1.0074,1.0718,64.49646797999999,64.49646798000002
2025-01-26,25,41,q4_3,B1,q4-inheritance-v2,adjustment_time,803.7120333333334,803.7120333333332,-1.1368683772161603e-13,1.0551,1.0718,847.99656637,847.99656637
2025-01-26,25,42,q4_3,B1,q4-inheritance-v2,adjustment_time,717.6335199999999,717.6335199999997,-1.1368683772161603e-13,1.1035,1.0718,791.9085893199998,791.9085893199998
2025-01-26,25,43,q4_3,B1,q4-inheritance-v2,adjustment_time,676.0429716666666,676.0429716666667,1.1368683772161603e-13,1.0597,1.0718,716.4027370751667,716.4027370751669
2025-01-26,25,44,q4_3,B1,q4-inheritance-v2,adjustment_time,1430.660638888889,1430.660638888889,0.0,0.93,1.0718,1330.5143941666668,1330.5143941666668
2025-01-26,25,45,q4_3,B1,q4-inheritance-v2,adjustment_time,1327.1506424999998,1327.1506424999998,0.0,0.8571,1.0718,1137.5008156867498,1137.5008156867498
2025-01-26,25,46,q4_3,B1,q4-inheritance-v2,adjustment_time,600.2082314814817,600.2082314814817,0.0,1.0971,1.0718,658.4884507583336,658.4884507583336
2025-01-26,25,47,q4_3,B1,q4-inheritance-v2,adjustment_time,0.0,0.0,0.0,1.4478,1.0718,0.0,0.0
2025-01-26,25,48,q4_3,B1,q4-inheritance-v2,adjustment_time,0.0,0.0,0.0,1.4264,1.0718,0.0,0.0
2025-01-26,25,49,q4_3,B1,q4-inheritance-v2,adjustment_time,0.0,0.0,0.0,1.3558,1.0718,0.0,0.0
2025-01-26,25,50,q4_3,B1,q4-inheritance-v2,adjustment_time,0.0,0.0,0.0,1.3878,1.0718,0.0,0.0
2025-01-26,25,51,q4_3,B1,q4-inheritance-v2,adjustment_time,0.0,0.0,0.0,1.3498,1.0718,0.0,0.0
2025-01-26,25,52,q4_3,B1,q4-inheritance-v2,adjustment_time,0.0,0.0,0.0,1.2843,1.0718,0.0,0.0
2025-01-26,25,53,q4_3,B1,q4-inheritance-v2,adjustment_time,0.0,0.0,0.0,1.2435,1.0718,0.0,0.0
2025-01-26,25,54,q4_3,B1,q4-inheritance-v2,adjustment_time,0.0,0.0,0.0,1.2241,1.0718,0.0,0.0
2025-01-26,25,55,q4_3,B1,q4-inheritance-v2,adjustment_time,0.0,0.0,0.0,1.1924,1.0718,0.0,0.0
2025-01-26,25,56,q4_3,B1,q4-inheritance-v2,adjustment_time,0.0,0.0,0.0,1.1515,1.0718,0.0,0.0
2025-01-26,25,57,q4_3,B1,q4-inheritance-v2,adjustment_time,0.0,0.0,0.0,1.1509,1.0718,0.0,0.0
2025-01-26,25,58,q4_3,B1,q4-inheritance-v2,adjustment_time,0.0,0.0,0.0,1.2458,1.0718,0.0,0.0
2025-01-26,25,59,q4_3,B1,q4-inheritance-v2,adjustment_time,0.0,0.0,0.0,1.372,1.0718,0.0,0.0
2025-01-26,25,60,q4_3,B1,q4-inheritance-v2,adjustment_time,0.0,0.0,0.0,1.3876,1.0718,0.0,0.0
2025-01-26,25,61,q4_3,B1,q4-inheritance-v2,adjustment_time,0.0,0.0,0.0,1.327,1.0718,0.0,0.0
2025-01-26,25,62,q4_3,B1,q4-inheritance-v2,adjustment_time,0.0,0.0,0.0,1.3136,1.0718,0.0,0.0
2025-01-26,25,63,q4_3,B1,q4-inheritance-v2,adjustment_time,0.0,0.0,0.0,1.395,1.0718,0.0,0.0
2025-01-26,25,64,q4_3,B1,q4-inheritance-v2,adjustment_time,0.0,0.0,0.0,1.1666,1.0718,0.0,0.0
2025-01-26,25,65,q4_3,B1,q4-inheritance-v2,adjustment_time,319.4618074074076,319.4618074074076,0.0,0.7551,1.0718,241.22561077333347,241.22561077333347
2025-01-26,25,66,q4_3,B1,q4-inheritance-v2,adjustment_time,981.8925563888886,981.8925563888885,-1.1368683772161603e-13,0.7166,1.0718,703.6242059082775,703.6242059082776
2025-01-26,25,67,q4_3,B1,q4-inheritance-v2,adjustment_time,987.9568711111112,987.9568711111111,-1.1368683772161603e-13,0.7603,1.0718,751.1436091057778,751.1436091057778
2025-01-26,25,68,q4_3,B1,q4-inheritance-v2,adjustment_time,224.1398916666668,224.13989166666678,-2.842170943040401e-14,0.7201,1.0718,161.40313598916677,161.40313598916677
2025-01-26,25,69,q4_3,B1,q4-inheritance-v2,adjustment_time,1032.9134277777775,1032.9134277777775,0.0,0.728,1.0718,751.9609754222221,751.9609754222221
2025-01-26,25,70,q4_3,B1,q4-inheritance-v2,adjustment_time,1031.2351636111111,1028.4042277777776,-2.8309358333335695,0.735,1.0718,757.9578452541667,757.39420592975
2025-01-26,25,71,q4_3,B1,q4-inheritance-v2,adjustment_time,1015.2193833333336,933.0359499999998,-82.18343333333371,0.7126,0.7126,723.4453325633335,694.1633752666667
2025-01-26,25,72,q4_3,B1,q4-inheritance-v2,adjustment_time,1000.2090352777776,861.0205263888885,-139.18850888888915,0.7032,0.7126,703.3469936073333,655.0624998737776
2025-01-26,25,73,q4_3,B1,q4-inheritance-v2,adjustment_time,816.3799962229737,816.3799962229737,0.0,0.7485,0.7126,611.0604271728959,611.0604271728959
2025-01-26,25,74,q4_3,B1,q4-inheritance-v2,adjustment_time,1066.769775,939.1318083333332,-127.63796666666678,0.7614,0.7126,812.238506685,760.5323663883332
2025-01-26,25,75,q4_3,B1,q4-inheritance-v2,adjustment_time,1048.0078214814816,972.293627222222,-75.71419425925967,0.6478,0.7126,678.8994667557039,656.8287791291297
2025-01-26,25,76,q4_3,B1,q4-inheritance-v2,adjustment_time,1073.4300856481482,1027.6751491666669,-45.75493648148131,0.7753,0.7126,832.2303454030093,813.0590270172686
2025-01-26,25,77,q4_3,B1,q4-inheritance-v2,adjustment_time,444.6770666666665,268.438,-176.23906666666653,1.076,0.7126,478.4725237333332,351.6332674533333
2025-01-26,25,78,q4_3,B1,q4-inheritance-v2,adjustment_time,0.0,0.0,0.0,1.1008,0.7126,0.0,0.0
2025-01-26,25,79,q4_3,B1,q4-inheritance-v2,adjustment_time,317.15977240740756,0.0,-317.15977240740756,1.0711,0.7126,339.7098322255742,113.00402690875931
2025-01-26,25,80,q4_3,B1,q4-inheritance-v2,adjustment_time,0.0,0.0,0.0,1.1028,0.7126,0.0,0.0
2025-01-26,25,81,q4_3,B1,q4-inheritance-v2,adjustment_time,0.0,0.0,0.0,1.0911,0.7126,0.0,0.0
2025-01-26,25,82,q4_3,B1,q4-inheritance-v2,adjustment_time,0.0,0.0,0.0,1.1579,0.7126,0.0,0.0
2025-01-26,25,83,q4_3,B1,q4-inheritance-v2,adjustment_time,0.0,0.0,0.0,1.3079,0.7126,0.0,0.0
2025-01-26,25,84,q4_3,B1,q4-inheritance-v2,adjustment_time,0.0,0.0,0.0,1.3976,0.7126,0.0,0.0
2025-01-26,25,85,q4_3,B1,q4-inheritance-v2,adjustment_time,0.0,0.0,0.0,1.3991,0.7126,0.0,0.0
2025-01-26,25,86,q4_3,B1,q4-inheritance-v2,adjustment_time,0.0,0.0,0.0,1.3938,0.7126,0.0,0.0
2025-01-26,25,87,q4_3,B1,q4-inheritance-v2,adjustment_time,0.0,0.0,0.0,1.4409,0.7126,0.0,0.0
2025-01-26,25,88,q4_3,B1,q4-inheritance-v2,adjustment_time,0.0,0.0,0.0,1.2231,0.7126,0.0,0.0
2025-01-26,25,89,q4_3,B1,q4-inheritance-v2,adjustment_time,1266.2037925925924,1266.2037925925924,0.0,0.8793,0.7126,1113.3729948266664,1113.3729948266664
2025-01-26,25,90,q4_3,B1,q4-inheritance-v2,adjustment_time,1297.1003662962964,1297.1003662962964,0.0,0.8918,0.7126,1156.7541066630372,1156.7541066630372
2025-01-26,25,91,q4_3,B1,q4-inheritance-v2,adjustment_time,979.3015403945932,979.3015403945933,1.1368683772161603e-13,0.9318,0.7126,912.5131753396819,912.513175339682
2025-01-26,25,92,q4_3,B1,q4-inheritance-v2,adjustment_time,1280.3008,1280.3007999999998,-2.2737367544323206e-13,0.8725,0.7126,1117.0624480000001,1117.062448
2025-01-26,25,93,q4_3,B1,q4-inheritance-v2,adjustment_time,1324.0422166666667,1324.0422166666667,0.0,0.9206,0.7126,1218.9132646633334,1218.9132646633334
2025-01-26,25,94,q4_3,B1,q4-inheritance-v2,adjustment_time,1278.5423089277024,751.9285336578755,-526.6137752698269,0.9765,0.7126,1248.4965646679013,921.8907012455549
2025-01-26,25,95,q4_3,B1,q4-inheritance-v2,adjustment_time,611.3374166666665,611.3374166666664,-1.1368683772161603e-13,0.9937,0.7126,607.4859909416665,607.4859909416664
2025-01-26,25,96,q4_3,B1,q4-inheritance-v2,adjustment_time,579.3836152777778,579.3836152777777,-1.1368683772161603e-13,1.0342,0.7126,599.1985349202779,599.1985349202778
2025-01-26,25,97,q4_3,B1,q4-inheritance-v2,adjustment_time,530.9084088611108,530.9084088611107,-1.1368683772161603e-13,1.0631,0.7126,564.408729460247,564.4087294602468
2025-01-26,25,98,q4_3,B1,q4-inheritance-v2,adjustment_time,781.5545444444444,781.5545444444442,-2.2737367544323206e-13,1.0598,0.7126,828.2915062022223,828.2915062022222
2025-01-26,25,99,q4_3,B1,q4-inheritance-v2,adjustment_time,777.241173333333,777.2411733333328,-2.2737367544323206e-13,1.0476,0.7126,814.2378531839997,814.2378531839996
2025-01-26,25,100,q4_3,B1,q4-inheritance-v2,adjustment_time,775.4951138888881,775.495113888888,-1.1368683772161603e-13,1.0618,0.7126,823.4207119272214,823.4207119272213
2025-01-26,25,101,q4_3,B1,q4-inheritance-v2,adjustment_time,782.7335888888887,782.7335888888886,-1.1368683772161603e-13,1.0888,0.7126,852.240331582222,852.2403315822219
2025-01-26,25,102,q4_3,B1,q4-inheritance-v2,adjustment_time,816.7369095277803,816.7369095277801,-2.2737367544323206e-13,1.0898,0.7126,890.079884003375,890.0798840033749
2025-01-26,25,103,q4_3,B1,q4-inheritance-v2,adjustment_time,796.4384916666662,796.4384916666661,-1.1368683772161603e-13,1.1248,0.7126,895.8340154266662,895.834015426666
2025-01-26,25,104,q4_3,B1,q4-inheritance-v2,adjustment_time,825.7689166666665,825.7689166666662,-3.410605131648481e-13,1.1613,0.7126,958.9654429249998,958.9654429249996
2025-01-26,25,105,q4_3,B1,q4-inheritance-v2,adjustment_time,881.3794861111106,881.3794861111104,-2.2737367544323206e-13,1.1112,0.7126,979.3888849666661,979.388884966666
2025-01-26,25,106,q4_3,B1,q4-inheritance-v2,adjustment_time,770.0514405555554,770.0514405555552,-1.1368683772161603e-13,1.1297,0.7126,869.9271123956108,869.9271123956107
2025-01-26,25,107,q4_3,B1,q4-inheritance-v2,adjustment_time,599.3863333333334,599.3863333333334,0.0,1.2474,1.2474,747.6745122000001,747.6745122000001
2025-01-26,25,108,q4_3,B1,q4-inheritance-v2,adjustment_time,470.6768837222213,470.67688372222136,5.684341886080802e-14,1.3315,1.2474,626.7062706761376,626.7062706761377
2025-01-26,25,109,q4_3,B1,q4-inheritance-v2,adjustment_time,638.0398030555555,638.0398030555555,0.0,1.3475,1.2474,859.7586346173609,859.7586346173609
2025-01-26,25,110,q4_3,B1,q4-inheritance-v2,adjustment_time,642.312888888889,642.3128888888891,1.1368683772161603e-13,1.3148,1.2474,844.5129863111113,844.5129863111115
2025-01-26,25,111,q4_3,B1,q4-inheritance-v2,adjustment_time,692.5463241666665,692.5463241666665,0.0,1.2924,1.2474,895.0468693529998,895.0468693529998
2025-01-26,25,112,q4_3,B1,q4-inheritance-v2,adjustment_time,571.1733678703704,571.1733678703703,-1.1368683772161603e-13,1.3773,1.2474,786.6770795678611,786.677079567861
2025-01-26,25,113,q4_3,B1,q4-inheritance-v2,adjustment_time,0.0,0.0,0.0,1.5098,1.2474,0.0,0.0
2025-01-26,25,114,q4_3,B1,q4-inheritance-v2,adjustment_time,0.0,0.0,0.0,1.5277,1.2474,0.0,0.0
2025-01-26,25,115,q4_3,B1,q4-inheritance-v2,adjustment_time,0.0,0.0,0.0,1.5146,1.2474,0.0,0.0
2025-01-26,25,116,q4_3,B1,q4-inheritance-v2,adjustment_time,0.0,0.0,0.0,1.53,1.2474,0.0,0.0
2025-01-26,25,117,q4_3,B1,q4-inheritance-v2,adjustment_time,0.0,0.0,0.0,1.5429,1.2474,0.0,0.0
2025-01-26,25,118,q4_3,B1,q4-inheritance-v2,adjustment_time,0.0,0.0,0.0,1.5156,1.2474,0.0,0.0
2025-01-26,25,119,q4_3,B1,q4-inheritance-v2,adjustment_time,0.0,0.0,0.0,1.4899,1.2474,0.0,0.0
2025-01-26,25,120,q4_3,B1,q4-inheritance-v2,adjustment_time,0.0,0.0,0.0,1.5391,1.2474,0.0,0.0
2025-01-26,25,121,q4_3,B1,q4-inheritance-v2,adjustment_time,0.0,0.0,0.0,1.5503,1.2474,0.0,0.0
2025-01-26,25,122,q4_3,B1,q4-inheritance-v2,adjustment_time,0.0,0.0,0.0,1.543,1.2474,0.0,0.0
2025-01-26,25,123,q4_3,B1,q4-inheritance-v2,adjustment_time,0.0,253.42694341043563,253.42694341043563,1.6006,1.2474,0.0,474.18715381526613
2025-01-26,25,124,q4_3,B1,q4-inheritance-v2,adjustment_time,637.7338188888889,637.7338188888889,0.0,1.3692,1.2474,873.1851448226666,873.1851448226666
2025-01-26,25,125,q4_3,B1,q4-inheritance-v2,adjustment_time,693.5711481481482,693.571148148148,-1.1368683772161603e-13,0.9782,1.2474,678.4512971185185,678.4512971185185
2025-01-26,25,126,q4_3,B1,q4-inheritance-v2,adjustment_time,765.4170752777778,765.4170752777778,0.0,0.9453,1.2474,723.5487612600834,723.5487612600834
2025-01-26,25,127,q4_3,B1,q4-inheritance-v2,adjustment_time,763.2375099999998,763.2375099999998,0.0,0.9771,1.2474,745.7593710209998,745.7593710209998
2025-01-26,25,128,q4_3,B1,q4-inheritance-v2,adjustment_time,708.8006111111112,708.8006111111112,0.0,0.9387,1.2474,665.3511336500001,665.3511336500001
2025-01-26,25,129,q4_3,B1,q4-inheritance-v2,adjustment_time,754.8863211111111,754.886321111111,-1.1368683772161603e-13,0.9565,1.2474,722.0487661427778,722.0487661427778
2025-01-26,25,130,q4_3,B1,q4-inheritance-v2,adjustment_time,710.0028869444446,710.0028869444446,0.0,0.7537,1.2474,535.1291758900279,535.1291758900279
2025-01-26,25,131,q4_3,B1,q4-inheritance-v2,adjustment_time,1287.3456944444442,1287.3456944444445,2.2737367544323206e-13,0.4187,1.2474,539.0116422638888,539.0116422638893
2025-01-26,25,132,q4_3,B1,q4-inheritance-v2,adjustment_time,1272.4386680555556,1272.4386680555556,0.0,0.3611,1.2474,459.4776030348611,459.4776030348611
2025-01-26,25,133,q4_3,B1,q4-inheritance-v2,adjustment_time,544.2473158333333,544.2473158333333,0.0,0.4026,1.2474,219.1139693545,219.1139693545
2025-01-26,25,134,q4_3,B1,q4-inheritance-v2,adjustment_time,0.0,0.0,0.0,0.4102,1.2474,0.0,0.0
2025-01-26,25,135,q4_3,B1,q4-inheritance-v2,adjustment_time,528.4677275,528.4677274999999,-1.1368683772161603e-13,0.4273,1.2474,225.81425996075,225.81425996075004
2025-01-26,25,136,q4_3,B1,q4-inheritance-v2,adjustment_time,1264.1743080555555,1264.1743080555552,-2.2737367544323206e-13,0.4207,1.2474,531.8381313989722,531.8381313989722
2025-01-26,25,137,q4_3,B1,q4-inheritance-v2,adjustment_time,550.8558518518519,550.8558518518518,-1.1368683772161603e-13,0.3977,1.2474,219.0753722814815,219.0753722814815
2025-01-26,25,138,q4_3,B1,q4-inheritance-v2,adjustment_time,555.1650516666665,555.1650516666665,0.0,0.407,1.2474,225.95217602833324,225.95217602833324
2025-01-26,25,139,q4_3,B1,q4-inheritance-v2,adjustment_time,1287.0587905555553,1287.0587905555553,0.0,0.4134,1.2474,532.0701040156665,532.0701040156665
2025-01-26,25,140,q4_3,B1,q4-inheritance-v2,adjustment_time,1324.7870277777777,1324.7870277777777,0.0,0.4125,1.2474,546.4746489583332,546.4746489583332
2025-01-26,25,141,q4_3,B1,q4-inheritance-v2,adjustment_time,1281.8416070370367,1281.8416070370367,0.0,0.4408,1.2474,565.0357803819259,565.0357803819259
2025-01-26,25,142,q4_3,B1,q4-inheritance-v2,adjustment_time,731.8248054629609,731.8248054629609,0.0,0.4878,1.2474,356.9841401048323,356.9841401048323
2025-01-26,25,143,q4_3,B1,q4-inheritance-v2,adjustment_time,523.0110555555556,523.0110555555556,0.0,0.5059,1.2474,264.5912930055556,264.5912930055556
2025-01-27,26,0,q4_3,B1,q4-inheritance-v2,adjustment_time,664.8408772222223,664.8408772222223,0.0,0.4546,0.4546,302.2366627852222,302.2366627852222
2025-01-27,26,1,q4_3,B1,q4-inheritance-v2,adjustment_time,1445.4530504629631,1445.4530504629631,0.0,0.4194,0.4194,606.2230093641667,606.2230093641667
2025-01-27,26,2,q4_3,B1,q4-inheritance-v2,adjustment_time,1435.352935185185,1435.352935185185,0.0,0.4218,0.4218,605.4318680611111,605.4318680611111
2025-01-27,26,3,q4_3,B1,q4-inheritance-v2,adjustment_time,1439.4360304629631,1439.4360304629631,0.0,0.4099,0.4099,590.0248288867685,590.0248288867685
2025-01-27,26,4,q4_3,B1,q4-inheritance-v2,adjustment_time,1475.2153309259256,1475.2153309259256,0.0,0.4171,0.4171,615.3123145292036,615.3123145292036
2025-01-27,26,5,q4_3,B1,q4-inheritance-v2,adjustment_time,1510.9559907407406,1510.9559907407406,0.0,0.4479,0.4479,676.7571882527777,676.7571882527777
2025-01-27,26,6,q4_3,B1,q4-inheritance-v2,adjustment_time,720.0900350000001,720.0900350000001,0.0,0.4665,0.4665,335.9220013275,335.9220013275
2025-01-27,26,7,q4_3,B1,q4-inheritance-v2,adjustment_time,0.0,0.0,0.0,0.4809,0.4809,0.0,0.0
2025-01-27,26,8,q4_3,B1,q4-inheritance-v2,adjustment_time,0.0,0.0,0.0,0.4884,0.4884,0.0,0.0
2025-01-27,26,9,q4_3,B1,q4-inheritance-v2,adjustment_time,1494.28290287037,1494.28290287037,0.0,0.4699,0.4699,702.1635360587868,702.1635360587868
2025-01-27,26,10,q4_3,B1,q4-inheritance-v2,adjustment_time,1493.301789722222,1493.301789722222,0.0,0.4322,0.4322,645.4050335179444,645.4050335179444
2025-01-27,26,11,q4_3,B1,q4-inheritance-v2,adjustment_time,692.7383148148149,692.7383148148149,0.0,0.4099,0.4099,283.9534352425926,283.9534352425926
2025-01-27,26,12,q4_3,B1,q4-inheritance-v2,adjustment_time,687.336217962963,687.336217962963,0.0,0.4364,0.4364,299.95352551903704,299.95352551903704
2025-01-27,26,13,q4_3,B1,q4-inheritance-v2,adjustment_time,0.0,0.0,0.0,0.456,0.456,0.0,0.0
2025-01-27,26,14,q4_3,B1,q4-inheritance-v2,adjustment_time,0.0,0.0,0.0,0.4542,0.4542,0.0,0.0
2025-01-27,26,15,q4_3,B1,q4-inheritance-v2,adjustment_time,669.265276111111,669.265276111111,0.0,0.4658,0.4658,311.7437656125555,311.7437656125555
2025-01-27,26,16,q4_3,B1,q4-inheritance-v2,adjustment_time,612.0694776851851,612.0694776851851,0.0,0.4707,0.4707,288.1011031464166,288.1011031464166
2025-01-27,26,17,q4_3,B1,q4-inheritance-v2,adjustment_time,627.8642962962962,627.8642962962962,0.0,0.4689,0.4689,294.4055685333333,294.4055685333333
2025-01-27,26,18,q4_3,B1,q4-inheritance-v2,adjustment_time,739.290583611111,739.290583611111,0.0,0.4842,0.4842,357.96450058449994,357.96450058449994
2025-01-27,26,19,q4_3,B1,q4-inheritance-v2,adjustment_time,1513.812932878325,1513.812932878325,0.0,0.498,0.498,753.8788405734058,753.8788405734058
2025-01-27,26,20,q4_3,B1,q4-inheritance-v2,adjustment_time,1538.8272037037036,1538.8272037037036,0.0,0.4931,0.4931,758.7956941462962,758.7956941462962
2025-01-27,26,21,q4_3,B1,q4-inheritance-v2,adjustment_time,1521.9316038888887,1521.9316038888887,0.0,0.4762,0.4762,724.7438297718888,724.7438297718888
2025-01-27,26,22,q4_3,B1,q4-inheritance-v2,adjustment_time,699.9826511111112,699.9826511111112,0.0,0.4962,0.4962,347.33139148133336,347.33139148133336
2025-01-27,26,23,q4_3,B1,q4-inheritance-v2,adjustment_time,734.3056111111111,734.3056111111111,0.0,0.5244,0.5244,385.0698624666667,385.0698624666667
2025-01-27,26,24,q4_3,B1,q4-inheritance-v2,adjustment_time,0.0,0.0,0.0,0.4884,0.4884,0.0,0.0
2025-01-27,26,25,q4_3,B1,q4-inheritance-v2,adjustment_time,0.0,0.0,0.0,0.487,0.487,0.0,0.0
2025-01-27,26,26,q4_3,B1,q4-inheritance-v2,adjustment_time,754.5130833333333,754.5130833333333,0.0,0.519,0.519,391.59229024999996,391.59229024999996
2025-01-27,26,27,q4_3,B1,q4-inheritance-v2,adjustment_time,0.0,0.0,0.0,0.4882,0.4882,0.0,0.0
2025-01-27,26,28,q4_3,B1,q4-inheritance-v2,adjustment_time,694.9266430555548,694.9266430555548,0.0,0.4849,0.4849,336.96992921763854,336.96992921763854
2025-01-27,26,29,q4_3,B1,q4-inheritance-v2,adjustment_time,1509.7410185185186,1509.7410185185186,0.0,0.5227,0.5227,789.1416303796298,789.1416303796298
2025-01-27,26,30,q4_3,B1,q4-inheritance-v2,adjustment_time,766.8954436111112,766.8954436111112,0.0,0.5203,0.5203,399.0156993108611,399.0156993108611
2025-01-27,26,31,q4_3,B1,q4-inheritance-v2,adjustment_time,797.5679200000002,797.5679200000002,0.0,0.5131,0.5131,409.23209975200007,409.23209975200007
2025-01-27,26,32,q4_3,B1,q4-inheritance-v2,adjustment_time,1560.5189166666664,1560.5189166666664,0.0,0.4977,0.4977,776.6702648249999,776.6702648249999
2025-01-27,26,33,q4_3,B1,q4-inheritance-v2,adjustment_time,1541.2062288888887,1541.2062288888887,0.0,0.4689,0.4689,722.671600726,722.671600726
2025-01-27,26,34,q4_3,B1,q4-inheritance-v2,adjustment_time,807.349788888889,807.349788888889,0.0,0.6751,0.6751,545.041842478889,545.041842478889
2025-01-27,26,35,q4_3,B1,q4-inheritance-v2,adjustment_time,877.7189444444443,877.7189444444443,0.0,1.0165,1.0165,892.2013070277776,892.2013070277776
2025-01-27,26,36,q4_3,B1,q4-inheritance-v2,adjustment_time,176.19234166666672,176.19234166666672,0.0,1.1108,1.0165,195.71445312333339,195.71445312333339
2025-01-27,26,37,q4_3,B1,q4-inheritance-v2,adjustment_time,920.2993337962964,920.2993337962964,0.0,1.0906,1.0165,1003.6784534382409,1003.6784534382409
2025-01-27,26,38,q4_3,B1,q4-inheritance-v2,adjustment_time,944.2884944444445,944.2884944444445,0.0,1.0715,1.0165,1011.8051217972222,1011.8051217972222
2025-01-27,26,39,q4_3,B1,q4-inheritance-v2,adjustment_time,832.9031713333328,832.9031713333328,0.0,1.036,1.0165,862.8876855013328,862.8876855013328
2025-01-27,26,40,q4_3,B1,q4-inheritance-v2,adjustment_time,175.72382722222233,175.72382722222233,0.0,1.0341,1.0165,181.7160097305001,181.7160097305001
2025-01-27,26,41,q4_3,B1,q4-inheritance-v2,adjustment_time,865.6892166666665,865.6892166666665,0.0,1.0575,1.0165,915.4663466249999,915.4663466249999
2025-01-27,26,42,q4_3,B1,q4-inheritance-v2,adjustment_time,817.6132850000001,817.6132850000001,0.0,1.0396,1.0165,849.9907710860002,849.9907710860002
2025-01-27,26,43,q4_3,B1,q4-inheritance-v2,adjustment_time,798.4581544444443,798.4581544444443,0.0,0.9861,1.0165,787.3595860976665,787.3595860976665
2025-01-27,26,44,q4_3,B1,q4-inheritance-v2,adjustment_time,1579.0242027777776,1579.0242027777779,2.2737367544323206e-13,0.9135,1.0165,1442.4386092374998,1442.4386092375003
2025-01-27,26,45,q4_3,B1,q4-inheritance-v2,adjustment_time,1445.5966997222222,1445.5966997222222,0.0,0.8734,1.0165,1262.5841575373888,1262.5841575373888
2025-01-27,26,46,q4_3,B1,q4-inheritance-v2,adjustment_time,705.6830278703706,705.6830278703706,0.0,1.077,1.0165,760.0206210163891,760.0206210163891
2025-01-27,26,47,q4_3,B1,q4-inheritance-v2,adjustment_time,115.1270722222223,103.52733888888906,-11.599733333333234,1.382,1.0165,159.1056138111112,148.9703468111113
2025-01-27,26,48,q4_3,B1,q4-inheritance-v2,adjustment_time,81.64120120370399,60.24583175925966,-21.395369444444327,1.4026,1.0165,114.50994880831522,95.37500014567642
2025-01-27,26,49,q4_3,B1,q4-inheritance-v2,adjustment_time,14.263649166666937,0.0,-14.263649166666937,1.3436,1.0165,19.164639020333695,7.249499688958471
2025-01-27,26,50,q4_3,B1,q4-inheritance-v2,adjustment_time,22.777627777777752,0.0,-22.777627777777752,1.3392,1.0165,30.503799119999965,11.576729318055541
2025-01-27,26,51,q4_3,B1,q4-inheritance-v2,adjustment_time,0.0,0.0,0.0,1.3182,1.0165,0.0,0.0
2025-01-27,26,52,q4_3,B1,q4-inheritance-v2,adjustment_time,0.0,0.0,0.0,1.2761,1.0165,0.0,0.0
2025-01-27,26,53,q4_3,B1,q4-inheritance-v2,adjustment_time,0.0,0.0,0.0,1.2412,1.0165,0.0,0.0
2025-01-27,26,54,q4_3,B1,q4-inheritance-v2,adjustment_time,568.5023033333329,268.4208562150645,-300.0814471182684,1.2332,1.0165,701.0770404706661,483.5329953822774
2025-01-27,26,55,q4_3,B1,q4-inheritance-v2,adjustment_time,0.0,0.0,0.0,1.1858,1.0165,0.0,0.0
2025-01-27,26,56,q4_3,B1,q4-inheritance-v2,adjustment_time,0.0,0.0,0.0,1.1187,1.0165,0.0,0.0
2025-01-27,26,57,q4_3,B1,q4-inheritance-v2,adjustment_time,478.23951527777774,478.2395152777777,-5.684341886080802e-14,1.1312,1.0165,540.9845396822221,540.9845396822221
2025-01-27,26,58,q4_3,B1,q4-inheritance-v2,adjustment_time,0.0,0.0,0.0,1.213,1.0165,0.0,0.0
2025-01-27,26,59,q4_3,B1,q4-inheritance-v2,adjustment_time,0.0,0.0,0.0,1.3028,1.0165,0.0,0.0
2025-01-27,26,60,q4_3,B1,q4-inheritance-v2,adjustment_time,0.0,0.0,0.0,1.3305,1.0165,0.0,0.0
2025-01-27,26,61,q4_3,B1,q4-inheritance-v2,adjustment_time,0.0,0.0,0.0,1.2841,1.0165,0.0,0.0
2025-01-27,26,62,q4_3,B1,q4-inheritance-v2,adjustment_time,0.0,0.0,0.0,1.2477,1.0165,0.0,0.0
2025-01-27,26,63,q4_3,B1,q4-inheritance-v2,adjustment_time,0.0,0.0,0.0,1.2855,1.0165,0.0,0.0
2025-01-27,26,64,q4_3,B1,q4-inheritance-v2,adjustment_time,269.57241491877033,269.5724149187704,5.684341886080802e-14,1.0759,1.0165,290.03296121110503,290.03296121110515
2025-01-27,26,65,q4_3,B1,q4-inheritance-v2,adjustment_time,1070.410211111111,1070.410211111111,0.0,0.7116,1.0165,761.7039062266666,761.7039062266666
2025-01-27,26,66,q4_3,B1,q4-inheritance-v2,adjustment_time,1050.488053425926,1050.488053425926,0.0,0.6423,1.0165,674.7284767154722,674.7284767154722
2025-01-27,26,67,q4_3,B1,q4-inheritance-v2,adjustment_time,980.6945544444447,980.6945544444446,-1.1368683772161603e-13,0.7066,1.0165,692.9587721704447,692.9587721704447
2025-01-27,26,68,q4_3,B1,q4-inheritance-v2,adjustment_time,907.8131111111113,907.8131111111113,0.0,0.7258,1.0165,658.8907560444446,658.8907560444446
2025-01-27,26,69,q4_3,B1,q4-inheritance-v2,adjustment_time,883.4643835185186,883.4643835185186,0.0,0.6776,1.0165,598.6354662721482,598.6354662721482
2025-01-27,26,70,q4_3,B1,q4-inheritance-v2,adjustment_time,835.8935237037036,835.8935237037035,-1.1368683772161603e-13,0.6,1.0165,501.5361142222222,501.5361142222221
2025-01-27,26,71,q4_3,B1,q4-inheritance-v2,adjustment_time,761.843816666667,761.8438166666668,-1.1368683772161603e-13,0.5438,0.5438,414.29066750333345,414.29066750333345
2025-01-27,26,72,q4_3,B1,q4-inheritance-v2,adjustment_time,775.4045637962963,775.4045637962963,0.0,0.5496,0.5438,426.1623482624444,426.1623482624444
2025-01-27,26,73,q4_3,B1,q4-inheritance-v2,adjustment_time,760.598831242521,319.642493165312,-440.956338077209,0.6185,0.5438,470.4303771234993,317.5949103459386
2025-01-27,26,74,q4_3,B1,q4-inheritance-v2,adjustment_time,823.0028666666667,159.41374166666662,-663.5891250000001,0.6538,0.5438,538.0792742266667,284.65458738916664
2025-01-27,26,75,q4_3,B1,q4-inheritance-v2,adjustment_time,805.9301359259262,805.9301359259262,0.0,0.5847,0.5438,471.227350475889,471.227350475889
2025-01-27,26,76,q4_3,B1,q4-inheritance-v2,adjustment_time,839.3630006481482,243.51901138888888,-595.8439892592593,0.7686,0.5438,645.1344022981666,349.17869283309255
2025-01-27,26,77,q4_3,B1,q4-inheritance-v2,adjustment_time,88.30159259259267,88.30159259259256,-1.1368683772161603e-13,1.0913,0.5438,96.36352799629637,96.36352799629628
2025-01-27,26,78,q4_3,B1,q4-inheritance-v2,adjustment_time,0.0,0.0,0.0,1.0598,0.5438,0.0,0.0
2025-01-27,26,79,q4_3,B1,q4-inheritance-v2,adjustment_time,75.95188666666604,75.95188666666598,-5.684341886080802e-14,0.9709,0.5438,73.74168676466606,73.74168676466601
2025-01-27,26,80,q4_3,B1,q4-inheritance-v2,adjustment_time,70.4859027777776,70.48590277777735,-2.4158453015843406e-13,0.9974,0.5438,70.30263943055537,70.3026394305552
2025-01-27,26,81,q4_3,B1,q4-inheritance-v2,adjustment_time,51.92837682521146,51.92837682521131,-1.4921397450962104e-13,1.0314,0.5438,53.5589278575231,53.55892785752299
2025-01-27,26,82,q4_3,B1,q4-inheritance-v2,adjustment_time,0.0,0.0,0.0,1.1473,0.5438,0.0,0.0
2025-01-27,26,83,q4_3,B1,q4-inheritance-v2,adjustment_time,0.0,0.0,0.0,1.2909,0.5438,0.0,0.0
2025-01-27,26,84,q4_3,B1,q4-inheritance-v2,adjustment_time,0.0,0.0,0.0,1.3031,0.5438,0.0,0.0
2025-01-27,26,85,q4_3,B1,q4-inheritance-v2,adjustment_time,0.0,121.85167349886484,121.85167349886484,1.3072,0.5438,0.0,99.39441007302403
2025-01-27,26,86,q4_3,B1,q4-inheritance-v2,adjustment_time,0.0,269.85625000000005,269.85625000000005,1.3741,0.5438,0.0,220.121743125
2025-01-27,26,87,q4_3,B1,q4-inheritance-v2,adjustment_time,0.0,324.6184916666667,324.6184916666667,1.4161,0.5438,0.0,264.7913036525
2025-01-27,26,88,q4_3,B1,q4-inheritance-v2,adjustment_time,0.0,379.75274222222254,379.75274222222254,1.2321,0.5438,0.0,309.7643118306669
2025-01-27,26,89,q4_3,B1,q4-inheritance-v2,adjustment_time,1160.1245888888889,1160.1245888888884,-4.547473508864641e-13,0.9238,0.5438,1071.7230952155555,1071.7230952155553
2025-01-27,26,90,q4_3,B1,q4-inheritance-v2,adjustment_time,1204.8324163888885,1204.8324163888883,-2.2737367544323206e-13,0.823,0.5438,991.5770786880552,991.5770786880552
2025-01-27,26,91,q4_3,B1,q4-inheritance-v2,adjustment_time,438.860768703704,438.8607687037042,1.7053025658242404e-13,0.8666,0.5438,380.31674215862995,380.31674215863006
2025-01-27,26,92,q4_3,B1,q4-inheritance-v2,adjustment_time,464.46320000000014,464.4631999999999,-2.2737367544323206e-13,0.9448,0.5438,438.82483136000013,438.82483135999996
2025-01-27,26,93,q4_3,B1,q4-inheritance-v2,adjustment_time,536.1203369444443,653.9992861111101,117.87894916666585,1.0053,0.5438,538.9617747302499,635.1156335654993
2025-01-27,26,94,q4_3,B1,q4-inheritance-v2,adjustment_time,659.4684099279823,705.2162108333321,45.74780090534978,1.0061,0.5438,663.491167228543,700.8076484270367
2025-01-27,26,95,q4_3,B1,q4-inheritance-v2,adjustment_time,633.6792333333334,633.6792333333336,2.2737367544323206e-13,0.988,0.5438,626.0750825333334,626.0750825333337
2025-01-27,26,96,q4_3,B1,q4-inheritance-v2,adjustment_time,679.6214811111112,740.2911530164062,60.66967190529499,1.0274,0.5438,698.2431096935557,747.7313610667047
2025-01-27,26,97,q4_3,B1,q4-inheritance-v2,adjustment_time,588.452284972222,929.0333313888889,340.58104641666694,1.0264,0.5438,603.9874252954886,881.7993848575638
2025-01-27,26,98,q4_3,B1,q4-inheritance-v2,adjustment_time,878.6571712962962,955.1811796296295,76.52400833333331,1.0058,0.5438,883.7533828898147,946.1740164873147
2025-01-27,26,99,q4_3,B1,q4-inheritance-v2,adjustment_time,914.7550075000003,838.5165286687857,-76.2384788312146,1.0828,0.5438,990.4967221210003,928.6749396367684
2025-01-27,26,100,q4_3,B1,q4-inheritance-v2,adjustment_time,939.4218630555551,1014.7775105555554,75.35564750000026,1.1124,0.5438,1045.0128804629996,1106.4804821287498
2025-01-27,26,101,q4_3,B1,q4-inheritance-v2,adjustment_time,998.5242888888889,1072.2608796296295,73.73659074074055,1.0718,0.5438,1070.2183328311112,1130.3652698983333
2025-01-27,26,102,q4_3,B1,q4-inheritance-v2,adjustment_time,860.770047305557,1071.1731412036872,210.40309389813024,1.0872,0.5438,935.8291954306015,1107.4549991233064
2025-01-27,26,103,q4_3,B1,q4-inheritance-v2,adjustment_time,1014.8076930555554,364.68543111111137,-650.1222619444441,1.1263,0.5438,1142.977904688472,587.5134440831391
2025-01-27,26,104,q4_3,B1,q4-inheritance-v2,adjustment_time,1053.7554509259262,382.2314750000003,-671.5239759259259,1.1306,0.5438,1191.3759128168522,614.7382746892596
2025-01-27,26,105,q4_3,B1,q4-inheritance-v2,adjustment_time,1087.3019119444446,1282.028353888889,194.72644194444433,1.0968,0.5438,1192.5527370206669,1351.39109571475
2025-01-27,26,106,q4_3,B1,q4-inheritance-v2,adjustment_time,931.6695366666665,1110.907475555558,179.23793888889145,1.1677,0.5438,1087.9105179656665,1234.1149047173353
2025-01-27,26,107,q4_3,B1,q4-inheritance-v2,adjustment_time,701.1924166666664,701.1924166666664,0.0,1.307,1.307,916.458488583333,916.458488583333
2025-01-27,26,108,q4_3,B1,q4-inheritance-v2,adjustment_time,715.4990157407409,715.4990157407409,0.0,1.3242,1.307,947.4637966438892,947.4637966438892
2025-01-27,26,109,q4_3,B1,q4-inheritance-v2,adjustment_time,719.8681365740739,719.8681365740739,0.0,1.2735,1.307,916.7520719270832,916.7520719270832
2025-01-27,26,110,q4_3,B1,q4-inheritance-v2,adjustment_time,700.6961856470159,700.6961856470159,0.0,1.2372,1.307,866.9013208824881,866.9013208824881
2025-01-27,26,111,q4_3,B1,q4-inheritance-v2,adjustment_time,752.4876858333336,752.4876858333334,-1.1368683772161603e-13,1.2588,1.307,947.2314989270002,947.2314989270002
2025-01-27,26,112,q4_3,B1,q4-inheritance-v2,adjustment_time,704.1470631595114,704.1470631595114,0.0,1.3656,1.307,961.5832294506287,961.5832294506287
2025-01-27,26,113,q4_3,B1,q4-inheritance-v2,adjustment_time,24.92822222222219,24.92822222222219,0.0,1.4977,1.307,37.33499842222217,37.33499842222217
2025-01-27,26,114,q4_3,B1,q4-inheritance-v2,adjustment_time,0.5276572222223876,0.5276572222223876,0.0,1.5455,1.307,0.8154942369447001,0.8154942369447001
2025-01-27,26,115,q4_3,B1,q4-inheritance-v2,adjustment_time,0.0,0.0,0.0,1.5355,1.307,0.0,0.0
2025-01-27,26,116,q4_3,B1,q4-inheritance-v2,adjustment_time,0.0,0.0,0.0,1.5298,1.307,0.0,0.0
2025-01-27,26,117,q4_3,B1,q4-inheritance-v2,adjustment_time,19.763630277777793,19.763630277777793,0.0,1.5646,1.307,30.922175932611136,30.922175932611136
2025-01-27,26,118,q4_3,B1,q4-inheritance-v2,adjustment_time,28.8417755555555,28.8417755555555,0.0,1.5717,1.307,45.330618640666586,45.330618640666586
2025-01-27,26,119,q4_3,B1,q4-inheritance-v2,adjustment_time,0.0,0.0,0.0,1.5409,1.307,0.0,0.0
2025-01-27,26,120,q4_3,B1,q4-inheritance-v2,adjustment_time,0.0,0.0,0.0,1.522,1.307,0.0,0.0
2025-01-27,26,121,q4_3,B1,q4-inheritance-v2,adjustment_time,0.0,0.0,0.0,1.4726,1.307,0.0,0.0
2025-01-27,26,122,q4_3,B1,q4-inheritance-v2,adjustment_time,49.747750000000224,49.747750000000224,0.0,1.4631,1.307,72.78593302500033,72.78593302500033
2025-01-27,26,123,q4_3,B1,q4-inheritance-v2,adjustment_time,30.01265416666672,482.6676093807671,452.65495521410037,1.5692,1.307,47.09585691833342,934.5258966155772
2025-01-27,26,124,q4_3,B1,q4-inheritance-v2,adjustment_time,792.1894958333331,792.1894958333331,0.0,1.372,1.307,1086.883988283333,1086.883988283333
2025-01-27,26,125,q4_3,B1,q4-inheritance-v2,adjustment_time,774.500675925926,774.5006759259261,1.1368683772161603e-13,0.9695,1.307,750.8784053101853,750.8784053101855
2025-01-27,26,126,q4_3,B1,q4-inheritance-v2,adjustment_time,842.8601086111112,842.8601086111113,1.1368683772161603e-13,0.9025,1.307,760.6812480215278,760.6812480215281
2025-01-27,26,127,q4_3,B1,q4-inheritance-v2,adjustment_time,847.7216219444441,847.7216219444441,0.0,0.9301,1.307,788.4658805705275,788.4658805705275
2025-01-27,26,128,q4_3,B1,q4-inheritance-v2,adjustment_time,755.1489444444445,755.1489444444445,0.0,0.9429,1.307,712.0299397166667,712.0299397166667
2025-01-27,26,129,q4_3,B1,q4-inheritance-v2,adjustment_time,648.3305319444445,648.3305319444445,0.0,1.0379,1.307,672.9022591051389,672.9022591051389
2025-01-27,26,130,q4_3,B1,q4-inheritance-v2,adjustment_time,784.2294094444445,784.2294094444444,-1.1368683772161603e-13,0.8267,1.307,648.3224527877222,648.3224527877223
2025-01-27,26,131,q4_3,B1,q4-inheritance-v2,adjustment_time,1278.3808888888886,1278.3808888888889,2.2737367544323206e-13,0.4277,1.307,546.7635061777777,546.7635061777781
2025-01-27,26,132,q4_3,B1,q4-inheritance-v2,adjustment_time,1317.5826119444441,1317.5826119444444,2.2737367544323206e-13,0.3871,1.307,510.0362290836943,510.03622908369476
2025-01-27,26,133,q4_3,B1,q4-inheritance-v2,adjustment_time,623.3071508333334,623.3071508333334,0.0,0.4472,1.307,278.7429578526667,278.7429578526667
2025-01-27,26,134,q4_3,B1,q4-inheritance-v2,adjustment_time,1339.668361111111,1339.668361111111,0.0,0.4258,1.307,570.4307881611111,570.4307881611111
2025-01-27,26,135,q4_3,B1,q4-inheritance-v2,adjustment_time,1339.4014494444443,1339.4014494444443,0.0,0.4056,1.307,543.2612278946666,543.2612278946666
2025-01-27,26,136,q4_3,B1,q4-inheritance-v2,adjustment_time,1311.5065341666666,1311.5065341666666,0.0,0.396,1.307,519.35658753,519.35658753
2025-01-27,26,137,q4_3,B1,q4-inheritance-v2,adjustment_time,541.1288611111111,541.1288611111111,0.0,0.3989,1.307,215.8563026972222,215.8563026972222
2025-01-27,26,138,q4_3,B1,q4-inheritance-v2,adjustment_time,604.1230805555556,604.1230805555556,0.0,0.423,1.307,255.544063075,255.544063075
2025-01-27,26,139,q4_3,B1,q4-inheritance-v2,adjustment_time,1322.7700533333332,1322.7700533333332,0.0,0.4527,1.307,598.8180031439999,598.8180031439999
2025-01-27,26,140,q4_3,B1,q4-inheritance-v2,adjustment_time,653.2195277777778,653.2195277777779,1.1368683772161603e-13,0.4684,1.307,305.9680268111111,305.9680268111113
2025-01-27,26,141,q4_3,B1,q4-inheritance-v2,adjustment_time,600.2412841666666,600.2412841666666,0.0,0.4592,1.307,275.6307976893333,275.6307976893333
2025-01-27,26,142,q4_3,B1,q4-inheritance-v2,adjustment_time,596.7835091666667,596.7835091666667,0.0,0.4441,1.307,265.0315564209167,265.0315564209167
2025-01-27,26,143,q4_3,B1,q4-inheritance-v2,adjustment_time,630.2145277777778,630.2145277777778,0.0,0.4551,1.307,286.81063159166666,286.81063159166666
2025-01-28,27,0,q4_3,B1,q4-inheritance-v2,adjustment_time,1432.8245235185186,1432.8245235185186,0.0,0.5003,0.5003,716.8421091163149,716.8421091163149
2025-01-28,27,1,q4_3,B1,q4-inheritance-v2,adjustment_time,1436.9522774074076,1436.9522774074076,0.0,0.4747,0.4747,682.1212460852964,682.1212460852964
2025-01-28,27,2,q4_3,B1,q4-inheritance-v2,adjustment_time,1317.8503005120615,1317.8503005120615,0.0,0.4113,0.4113,542.0318286006109,542.0318286006109
2025-01-28,27,3,q4_3,B1,q4-inheritance-v2,adjustment_time,1432.0083276851851,1432.0083276851851,0.0,0.4463,0.4463,639.105316645898,639.105316645898
2025-01-28,27,4,q4_3,B1,q4-inheritance-v2,adjustment_time,1460.3946623148147,1460.3946623148147,0.0,0.472,0.472,689.3062806125924,689.3062806125924
2025-01-28,27,5,q4_3,B1,q4-inheritance-v2,adjustment_time,1490.5627685185186,1490.5627685185186,0.0,0.4695,0.4695,699.8192198194445,699.8192198194445
2025-01-28,27,6,q4_3,B1,q4-inheritance-v2,adjustment_time,620.0756564814815,620.0756564814815,0.0,0.5195,0.5195,322.1293035421296,322.1293035421296
2025-01-28,27,7,q4_3,B1,q4-inheritance-v2,adjustment_time,0.0,0.0,0.0,0.5041,0.5041,0.0,0.0
2025-01-28,27,8,q4_3,B1,q4-inheritance-v2,adjustment_time,705.7191851851853,705.7191851851853,0.0,0.438,0.438,309.10500311111116,309.10500311111116
2025-01-28,27,9,q4_3,B1,q4-inheritance-v2,adjustment_time,689.896939537037,689.896939537037,0.0,0.4638,0.4638,319.97420055727775,319.97420055727775
2025-01-28,27,10,q4_3,B1,q4-inheritance-v2,adjustment_time,702.6260088888889,702.6260088888889,0.0,0.5038,0.5038,353.98298327822226,353.98298327822226
2025-01-28,27,11,q4_3,B1,q4-inheritance-v2,adjustment_time,1354.0519562962957,1354.0519562962957,0.0,0.4941,0.4941,669.0370716059997,669.0370716059997
2025-01-28,27,12,q4_3,B1,q4-inheritance-v2,adjustment_time,658.4412237962964,658.4412237962964,0.0,0.45,0.45,296.2985507083334,296.2985507083334
2025-01-28,27,13,q4_3,B1,q4-inheritance-v2,adjustment_time,583.6274344166671,583.6274344166671,0.0,0.4214,0.4214,245.94060086318353,245.94060086318353
2025-01-28,27,14,q4_3,B1,q4-inheritance-v2,adjustment_time,734.5324444444444,734.5324444444444,0.0,0.4307,0.4307,316.36312382222224,316.36312382222224
2025-01-28,27,15,q4_3,B1,q4-inheritance-v2,adjustment_time,687.3972366666666,687.3972366666666,0.0,0.4659,0.4659,320.25837256299997,320.25837256299997
2025-01-28,27,16,q4_3,B1,q4-inheritance-v2,adjustment_time,637.8543668518518,637.8543668518518,0.0,0.5154,0.5154,328.75014067544436,328.75014067544436
2025-01-28,27,17,q4_3,B1,q4-inheritance-v2,adjustment_time,636.4222685185184,636.4222685185184,0.0,0.5295,0.5295,336.9855911805555,336.9855911805555
2025-01-28,27,18,q4_3,B1,q4-inheritance-v2,adjustment_time,0.0,0.0,0.0,0.4659,0.4659,0.0,0.0
2025-01-28,27,19,q4_3,B1,q4-inheritance-v2,adjustment_time,705.9127553703703,705.9127553703703,0.0,0.4598,0.4598,324.5786849192962,324.5786849192962
2025-01-28,27,20,q4_3,B1,q4-inheritance-v2,adjustment_time,1453.9860089506183,1453.9860089506183,0.0,0.5104,0.5104,742.1144589683955,742.1144589683955
2025-01-28,27,21,q4_3,B1,q4-inheritance-v2,adjustment_time,693.4262747222222,693.4262747222222,0.0,0.4897,0.4897,339.5708467314722,339.5708467314722
2025-01-28,27,22,q4_3,B1,q4-inheritance-v2,adjustment_time,0.0,0.0,0.0,0.4801,0.4801,0.0,0.0
2025-01-28,27,23,q4_3,B1,q4-inheritance-v2,adjustment_time,732.0348796296298,732.0348796296298,0.0,0.4971,0.4971,363.89453866388897,363.89453866388897
2025-01-28,27,24,q4_3,B1,q4-inheritance-v2,adjustment_time,722.4216277777778,722.4216277777778,0.0,0.474,0.474,342.4278515666666,342.4278515666666
2025-01-28,27,25,q4_3,B1,q4-inheritance-v2,adjustment_time,736.1698952777778,736.1698952777778,0.0,0.4943,0.4943,363.88877923580554,363.88877923580554
2025-01-28,27,26,q4_3,B1,q4-inheritance-v2,adjustment_time,778.995712962963,778.995712962963,0.0,0.5436,0.5436,423.4620695666667,423.4620695666667
2025-01-28,27,27,q4_3,B1,q4-inheritance-v2,adjustment_time,1504.3592705349788,1504.3592705349788,0.0,0.5162,0.5162,776.5502554501561,776.5502554501561
2025-01-28,27,28,q4_3,B1,q4-inheritance-v2,adjustment_time,644.3365863888889,644.3365863888889,0.0,0.4843,0.4843,312.0522087881389,312.0522087881389
2025-01-28,27,29,q4_3,B1,q4-inheritance-v2,adjustment_time,216.62653437962763,216.62653437962763,0.0,0.4799,0.4799,103.95907384878329,103.95907384878329
2025-01-28,27,30,q4_3,B1,q4-inheritance-v2,adjustment_time,758.9580926851851,758.9580926851851,0.0,0.4677,0.4677,354.96469994886104,354.96469994886104
2025-01-28,27,31,q4_3,B1,q4-inheritance-v2,adjustment_time,776.108742037037,776.108742037037,0.0,0.4821,0.4821,374.1620245360555,374.1620245360555
2025-01-28,27,32,q4_3,B1,q4-inheritance-v2,adjustment_time,439.1932605349337,439.1932605349337,0.0,0.4834,0.4834,212.30602214258695,212.30602214258695
2025-01-28,27,33,q4_3,B1,q4-inheritance-v2,adjustment_time,1541.0747244444442,1541.0747244444442,0.0,0.4326,0.4326,666.6689257946665,666.6689257946665
2025-01-28,27,34,q4_3,B1,q4-inheritance-v2,adjustment_time,796.5628982407409,796.5628982407409,0.0,0.6422,0.6422,511.5526932502038,511.5526932502038
2025-01-28,27,35,q4_3,B1,q4-inheritance-v2,adjustment_time,757.321565111112,757.3215651111119,-1.1368683772161603e-13,1.0195,1.0195,772.0893356307788,772.0893356307788
2025-01-28,27,36,q4_3,B1,q4-inheritance-v2,adjustment_time,896.313215,896.313215,0.0,1.1183,1.0195,1002.3470683345001,1002.3470683345001
2025-01-28,27,37,q4_3,B1,q4-inheritance-v2,adjustment_time,999.271245,999.2712450000001,1.1368683772161603e-13,1.0518,1.0195,1051.0334954910002,1051.0334954910004
2025-01-28,27,38,q4_3,B1,q4-inheritance-v2,adjustment_time,940.8142305555555,940.8142305555555,0.0,0.9971,1.0195,938.0858692869443,938.0858692869443
2025-01-28,27,39,q4_3,B1,q4-inheritance-v2,adjustment_time,898.9765480555556,898.9765480555556,0.0,1.0142,1.0195,911.7420150379444,911.7420150379444
2025-01-28,27,40,q4_3,B1,q4-inheritance-v2,adjustment_time,99.71518777777783,102.68916518518517,2.9739774074073466,1.0245,1.0195,102.15820987833338,106.70616482861107
2025-01-28,27,41,q4_3,B1,q4-inheritance-v2,adjustment_time,146.6469333333332,146.64693333333318,-2.842170943040401e-14,0.9945,1.0195,145.8403751999999,145.8403751999999
2025-01-28,27,42,q4_3,B1,q4-inheritance-v2,adjustment_time,787.856718611111,787.8567186111109,-1.1368683772161603e-13,0.9629,1.0195,758.6272343506388,758.6272343506388
2025-01-28,27,43,q4_3,B1,q4-inheritance-v2,adjustment_time,982.5458091666686,982.5458091666687,1.1368683772161603e-13,0.9398,1.0195,923.3965514548352,923.3965514548354
2025-01-28,27,44,q4_3,B1,q4-inheritance-v2,adjustment_time,1368.2110504938237,1368.2110504938237,0.0,0.8973,1.0195,1227.695775608108,1227.695775608108
2025-01-28,27,45,q4_3,B1,q4-inheritance-v2,adjustment_time,1445.179638611111,1445.179638611111,0.0,0.8504,1.0195,1228.9807646748889,1228.9807646748889
2025-01-28,27,46,q4_3,B1,q4-inheritance-v2,adjustment_time,732.9525427777777,732.9525427777776,-1.1368683772161603e-13,1.0827,1.0195,793.5677180654999,793.5677180654999
2025-01-28,27,47,q4_3,B1,q4-inheritance-v2,adjustment_time,68.64208888888913,99.6531388888892,31.01105000000007,1.4338,1.0195,98.41902704888923,145.84267526138933
2025-01-28,27,48,q4_3,B1,q4-inheritance-v2,adjustment_time,32.29828203703721,58.846612592592805,26.548330555555594,1.4218,1.0195,45.921697400259504,86.5207319023429
2025-01-28,27,49,q4_3,B1,q4-inheritance-v2,adjustment_time,0.0,0.0,0.0,1.3138,1.0195,0.0,0.0
2025-01-28,27,50,q4_3,B1,q4-inheritance-v2,adjustment_time,0.0,0.0,0.0,1.3106,1.0195,0.0,0.0
2025-01-28,27,51,q4_3,B1,q4-inheritance-v2,adjustment_time,0.0,0.0,0.0,1.3417,1.0195,0.0,0.0
2025-01-28,27,52,q4_3,B1,q4-inheritance-v2,adjustment_time,0.0,0.0,0.0,1.2941,1.0195,0.0,0.0
2025-01-28,27,53,q4_3,B1,q4-inheritance-v2,adjustment_time,80.33717357407534,3.1370047777809305,-77.2001687962944,1.2101,1.0195,97.21601374198856,43.148875525503776
2025-01-28,27,54,q4_3,B1,q4-inheritance-v2,adjustment_time,0.29490593728860404,0.0,-0.29490593728860404,1.2316,1.0195,0.36320615236464476,0.15032830153286592
2025-01-28,27,55,q4_3,B1,q4-inheritance-v2,adjustment_time,0.0,0.0,0.0,1.2518,1.0195,0.0,0.0
2025-01-28,27,56,q4_3,B1,q4-inheritance-v2,adjustment_time,494.7057694444445,165.32311038173293,-329.3826590627116,1.2132,1.0195,600.1770394900001,368.47280797233566
2025-01-28,27,57,q4_3,B1,q4-inheritance-v2,adjustment_time,587.8148447222222,587.8148447222222,0.0,1.1834,1.0195,695.6200872442778,695.6200872442778
2025-01-28,27,58,q4_3,B1,q4-inheritance-v2,adjustment_time,0.0,0.0,0.0,1.2697,1.0195,0.0,0.0
2025-01-28,27,59,q4_3,B1,q4-inheritance-v2,adjustment_time,0.0,0.0,0.0,1.3947,1.0195,0.0,0.0
2025-01-28,27,60,q4_3,B1,q4-inheritance-v2,adjustment_time,0.0,0.0,0.0,1.3684,1.0195,0.0,0.0
2025-01-28,27,61,q4_3,B1,q4-inheritance-v2,adjustment_time,0.0,0.0,0.0,1.3204,1.0195,0.0,0.0
2025-01-28,27,62,q4_3,B1,q4-inheritance-v2,adjustment_time,0.0,0.0,0.0,1.3592,1.0195,0.0,0.0
2025-01-28,27,63,q4_3,B1,q4-inheritance-v2,adjustment_time,0.0,0.0,0.0,1.4118,1.0195,0.0,0.0
2025-01-28,27,64,q4_3,B1,q4-inheritance-v2,adjustment_time,322.8466491666669,322.84664916666685,-5.684341886080802e-14,1.1196,1.0195,361.45910840700026,361.45910840700026
2025-01-28,27,65,q4_3,B1,q4-inheritance-v2,adjustment_time,1096.441038888889,1096.441038888889,0.0,0.6917,1.0195,758.4082665994445,758.4082665994445
2025-01-28,27,66,q4_3,B1,q4-inheritance-v2,adjustment_time,1121.3077178703702,1105.7126883333335,-15.59502953703668,0.7151,1.0195,801.8471490491016,798.6447097336712
2025-01-28,27,67,q4_3,B1,q4-inheritance-v2,adjustment_time,1111.1164911111114,1111.1164911111116,2.2737367544323206e-13,0.763,1.0195,847.781882717778,847.7818827177783
2025-01-28,27,68,q4_3,B1,q4-inheritance-v2,adjustment_time,1118.9258083333336,1118.9258083333336,0.0,0.6681,1.0195,747.5543325475003,747.5543325475003
2025-01-28,27,69,q4_3,B1,q4-inheritance-v2,adjustment_time,1137.8797324074071,1137.8797324074071,0.0,0.6881,1.0195,782.9750438695369,782.9750438695369
2025-01-28,27,70,q4_3,B1,q4-inheritance-v2,adjustment_time,1130.4976009259262,1124.6357944444442,-5.861806481482063,0.708,1.0195,800.3923014555558,799.230198320602
2025-01-28,27,71,q4_3,B1,q4-inheritance-v2,adjustment_time,1116.0186333333336,191.60468333333336,-924.4139500000002,0.6847,0.6847,764.1379582433335,447.6648424608334
2025-01-28,27,72,q4_3,B1,q4-inheritance-v2,adjustment_time,1115.8720479629633,961.5683777777776,-154.30367018518564,0.7064,0.6847,788.2520146810373,732.0777635501205
2025-01-28,27,73,q4_3,B1,q4-inheritance-v2,adjustment_time,1128.5361462962962,956.1403177777781,-172.3958285185181,0.7085,0.6847,799.5678596509259,736.4451270388705
2025-01-28,27,74,q4_3,B1,q4-inheritance-v2,adjustment_time,1124.9686527777776,1009.3489527777776,-115.61969999999997,0.654,0.6847,735.7294989166666,699.6966194116666
2025-01-28,27,75,q4_3,B1,q4-inheritance-v2,adjustment_time,1104.5500053703704,1047.8258944444442,-56.7241109259262,0.6109,0.6847,674.7695982807593,659.5363382916019
2025-01-28,27,76,q4_3,B1,q4-inheritance-v2,adjustment_time,1116.8866012037038,778.881179637579,-338.0054215661248,0.7802,0.6847,871.3949262591296,723.399252426402
2025-01-28,27,77,q4_3,B1,q4-inheritance-v2,adjustment_time,329.3146259259262,171.11147592592602,-158.20315000000016,1.039,0.6847,342.1578963370373,231.94567188953718
2025-01-28,27,78,q4_3,B1,q4-inheritance-v2,adjustment_time,0.0,0.0,0.0,1.0538,0.6847,0.0,0.0
2025-01-28,27,79,q4_3,B1,q4-inheritance-v2,adjustment_time,322.9410021296295,169.44873764814102,-153.4922644814885,1.0615,0.6847,342.8018737606018,232.41791175873928
2025-01-28,27,80,q4_3,B1,q4-inheritance-v2,adjustment_time,334.9928555555558,251.55686388888932,-83.4359916666665,1.1286,0.6847,378.0729367800003,312.47138833208373
2025-01-28,27,81,q4_3,B1,q4-inheritance-v2,adjustment_time,284.1172687037041,284.11726870370416,5.684341886080802e-14,1.0967,0.6847,311.5914085873523,311.59140858735236
2025-01-28,27,82,q4_3,B1,q4-inheritance-v2,adjustment_time,0.0,0.0,0.0,1.1647,0.6847,0.0,0.0
2025-01-28,27,83,q4_3,B1,q4-inheritance-v2,adjustment_time,0.0,0.0,0.0,1.3271,0.6847,0.0,0.0
2025-01-28,27,84,q4_3,B1,q4-inheritance-v2,adjustment_time,0.0,0.0,0.0,1.3561,0.6847,0.0,0.0
2025-01-28,27,85,q4_3,B1,q4-inheritance-v2,adjustment_time,0.0,0.0,0.0,1.3239,0.6847,0.0,0.0
2025-01-28,27,86,q4_3,B1,q4-inheritance-v2,adjustment_time,0.0,0.0,0.0,1.3545,0.6847,0.0,0.0
2025-01-28,27,87,q4_3,B1,q4-inheritance-v2,adjustment_time,0.0,0.0,0.0,1.4513,0.6847,0.0,0.0
2025-01-28,27,88,q4_3,B1,q4-inheritance-v2,adjustment_time,0.0,0.0,0.0,1.2626,0.6847,0.0,0.0
2025-01-28,27,89,q4_3,B1,q4-inheritance-v2,adjustment_time,1222.1394277777779,1222.1394277777779,0.0,0.9107,0.6847,1113.0023768772223,1113.0023768772223
2025-01-28,27,90,q4_3,B1,q4-inheritance-v2,adjustment_time,1278.7708980555553,1278.7708980555553,0.0,0.8826,0.6847,1128.643194623833,1128.643194623833
2025-01-28,27,91,q4_3,B1,q4-inheritance-v2,adjustment_time,508.5712520370373,508.57125203703725,-5.684341886080802e-14,0.8928,0.6847,454.05241381866693,454.0524138186669
2025-01-28,27,92,q4_3,B1,q4-inheritance-v2,adjustment_time,559.6508194444446,559.6508194444447,1.1368683772161603e-13,0.8522,0.6847,476.93442833055565,476.93442833055576
2025-01-28,27,93,q4_3,B1,q4-inheritance-v2,adjustment_time,618.7129649999999,618.7129649999998,-1.1368683772161603e-13,0.9645,0.6847,596.7486547425,596.7486547424999
2025-01-28,27,94,q4_3,B1,q4-inheritance-v2,adjustment_time,1258.9992245449841,1258.999224544984,-2.2737367544323206e-13,1.0325,0.6847,1299.9166993426961,1299.916699342696
2025-01-28,27,95,q4_3,B1,q4-inheritance-v2,adjustment_time,1052.3509454550224,1052.3509454550222,-2.2737367544323206e-13,0.9939,0.6847,1045.9316046877468,1045.9316046877466
2025-01-28,27,96,q4_3,B1,q4-inheritance-v2,adjustment_time,735.005785833333,735.0057858333331,1.1368683772161603e-13,0.9886,0.6847,726.626719874833,726.6267198748332
2025-01-28,27,97,q4_3,B1,q4-inheritance-v2,adjustment_time,784.9802310000035,784.9802310000038,2.2737367544323206e-13,1.0095,0.6847,792.4375431945036,792.4375431945039
2025-01-28,27,98,q4_3,B1,q4-inheritance-v2,adjustment_time,281.1159824999992,281.11598249999923,5.684341886080802e-14,1.0352,0.6847,291.0112650839991,291.01126508399915
2025-01-28,27,99,q4_3,B1,q4-inheritance-v2,adjustment_time,942.9066427777778,942.9066427777782,3.410605131648481e-13,1.0639,0.6847,1003.1583772512779,1003.1583772512782
2025-01-28,27,100,q4_3,B1,q4-inheritance-v2,adjustment_time,989.2970513888887,989.297051388889,3.410605131648481e-13,1.0719,0.6847,1060.4275093837498,1060.4275093837502
2025-01-28,27,101,q4_3,B1,q4-inheritance-v2,adjustment_time,1045.3136685185182,1045.3136685185184,2.2737367544323206e-13,1.0616,0.6847,1109.7049904992589,1109.704990499259
2025-01-28,27,102,q4_3,B1,q4-inheritance-v2,adjustment_time,1016.1367025000002,1016.1367025000004,2.2737367544323206e-13,1.0616,0.6847,1078.7307233740003,1078.7307233740005
2025-01-28,27,103,q4_3,B1,q4-inheritance-v2,adjustment_time,1037.9740548148147,1037.974054814815,2.2737367544323206e-13,1.0762,0.6847,1117.0676777917038,1117.067677791704
2025-01-28,27,104,q4_3,B1,q4-inheritance-v2,adjustment_time,1219.553211111111,1219.5532111111115,4.547473508864641e-13,1.0898,0.6847,1329.069089468889,1329.0690894688894
2025-01-28,27,105,q4_3,B1,q4-inheritance-v2,adjustment_time,1276.1776958333335,1276.1776958333337,2.2737367544323206e-13,1.0957,0.6847,1398.3079013245833,1398.3079013245836
2025-01-28,27,106,q4_3,B1,q4-inheritance-v2,adjustment_time,932.6831916666666,932.6831916666669,2.2737367544323206e-13,1.1727,0.6847,1093.7575788675001,1093.7575788675003
2025-01-28,27,107,q4_3,B1,q4-inheritance-v2,adjustment_time,699.8077075555555,699.8077075555555,0.0,1.2831,1.2831,897.9232695645331,897.9232695645331
2025-01-28,27,108,q4_3,B1,q4-inheritance-v2,adjustment_time,710.8763716666666,710.8763716666665,-1.1368683772161603e-13,1.3018,1.2831,925.4188606356666,925.4188606356666
2025-01-28,27,109,q4_3,B1,q4-inheritance-v2,adjustment_time,696.4514871296295,696.4514871296295,0.0,1.2963,1.2831,902.8100627661388,902.8100627661388
2025-01-28,27,110,q4_3,B1,q4-inheritance-v2,adjustment_time,707.0697222222223,707.0697222222223,0.0,1.2701,1.2831,898.0492541944445,898.0492541944445
2025-01-28,27,111,q4_3,B1,q4-inheritance-v2,adjustment_time,763.5117516666666,763.5117516666666,0.0,1.1937,1.2831,911.4039779644999,911.4039779644999
2025-01-28,27,112,q4_3,B1,q4-inheritance-v2,adjustment_time,731.4935027777778,731.4935027777777,-1.1368683772161603e-13,1.3422,1.2831,981.8105794283334,981.8105794283334
2025-01-28,27,113,q4_3,B1,q4-inheritance-v2,adjustment_time,0.0,0.0,0.0,1.6056,1.2831,0.0,0.0
2025-01-28,27,114,q4_3,B1,q4-inheritance-v2,adjustment_time,0.0,0.0,0.0,1.5779,1.2831,0.0,0.0
2025-01-28,27,115,q4_3,B1,q4-inheritance-v2,adjustment_time,0.0,0.0,0.0,1.5072,1.2831,0.0,0.0
2025-01-28,27,116,q4_3,B1,q4-inheritance-v2,adjustment_time,0.0,0.0,0.0,1.5397,1.2831,0.0,0.0
2025-01-28,27,117,q4_3,B1,q4-inheritance-v2,adjustment_time,38.259170381733725,38.25917038173372,-7.105427357601002e-15,1.5679,1.2831,59.98655324152031,59.986553241520305
2025-01-28,27,118,q4_3,B1,q4-inheritance-v2,adjustment_time,26.458229166666683,26.458229166666683,0.0,1.553,1.2831,41.089629895833355,41.089629895833355
2025-01-28,27,119,q4_3,B1,q4-inheritance-v2,adjustment_time,0.0,0.0,0.0,1.5333,1.2831,0.0,0.0
2025-01-28,27,120,q4_3,B1,q4-inheritance-v2,adjustment_time,0.0,0.0,0.0,1.5604,1.2831,0.0,0.0
2025-01-28,27,121,q4_3,B1,q4-inheritance-v2,adjustment_time,0.0,0.0,0.0,1.5214,1.2831,0.0,0.0
2025-01-28,27,122,q4_3,B1,q4-inheritance-v2,adjustment_time,38.72094444444474,38.72094444444473,-7.105427357601002e-15,1.4733,1.2831,57.047567450000436,57.047567450000436
2025-01-28,27,123,q4_3,B1,q4-inheritance-v2,adjustment_time,19.98956361111118,19.98956361111118,0.0,1.543,1.2831,30.84389665194455,30.84389665194455
2025-01-28,27,124,q4_3,B1,q4-inheritance-v2,adjustment_time,785.5185708333332,785.5185708333331,-1.1368683772161603e-13,1.3172,1.2831,1034.6850615016665,1034.6850615016663
2025-01-28,27,125,q4_3,B1,q4-inheritance-v2,adjustment_time,922.2948242592599,922.29482425926,1.1368683772161603e-13,0.9107,1.2831,839.933896452908,839.9338964529082
2025-01-28,27,126,q4_3,B1,q4-inheritance-v2,adjustment_time,1408.301655,1408.301655,0.0,0.8791,1.2831,1238.0379849105,1238.0379849105
2025-01-28,27,127,q4_3,B1,q4-inheritance-v2,adjustment_time,860.2127727777776,860.2127727777776,0.0,0.9004,1.2831,774.5355806091109,774.5355806091109
2025-01-28,27,128,q4_3,B1,q4-inheritance-v2,adjustment_time,732.2802222222223,732.2802222222222,-1.1368683772161603e-13,0.8767,1.2831,641.9900708222223,641.9900708222223
2025-01-28,27,129,q4_3,B1,q4-inheritance-v2,adjustment_time,0.0,0.0,0.0,0.9969,1.2831,0.0,0.0
2025-01-28,27,130,q4_3,B1,q4-inheritance-v2,adjustment_time,788.6368166666666,788.6368166666666,0.0,0.8244,1.2831,650.15219166,650.15219166
2025-01-28,27,131,q4_3,B1,q4-inheritance-v2,adjustment_time,1275.7085833333333,1275.7085833333335,2.2737367544323206e-13,0.4396,1.2831,560.8014932333333,560.8014932333338
2025-01-28,27,132,q4_3,B1,q4-inheritance-v2,adjustment_time,1344.8464144444442,1344.8464144444442,0.0,0.3889,1.2831,523.0107705774444,523.0107705774444
2025-01-28,27,133,q4_3,B1,q4-inheritance-v2,adjustment_time,1321.8759744444444,1321.8759744444446,2.2737367544323206e-13,0.3847,1.2831,508.52568736877777,508.5256873687782
2025-01-28,27,134,q4_3,B1,q4-inheritance-v2,adjustment_time,594.9362777777776,594.9362777777776,0.0,0.3261,1.2831,194.00872018333328,194.00872018333328
2025-01-28,27,135,q4_3,B1,q4-inheritance-v2,adjustment_time,573.5176855555554,573.5176855555554,0.0,0.4176,1.2831,239.50098548799997,239.50098548799997
2025-01-28,27,136,q4_3,B1,q4-inheritance-v2,adjustment_time,567.9595787037036,567.9595787037036,0.0,0.4858,1.2831,275.91476333425925,275.91476333425925
2025-01-28,27,137,q4_3,B1,q4-inheritance-v2,adjustment_time,1292.5515,1292.5515,0.0,0.4544,1.2831,587.3354016000001,587.3354016000001
2025-01-28,27,138,q4_3,B1,q4-inheritance-v2,adjustment_time,1340.5731638888888,1340.573163888889,2.2737367544323206e-13,0.4268,1.2831,572.1566263477778,572.1566263477782
2025-01-28,27,139,q4_3,B1,q4-inheritance-v2,adjustment_time,1332.7678455555556,1332.7678455555556,0.0,0.4401,1.2831,586.551128829,586.551128829
2025-01-28,27,140,q4_3,B1,q4-inheritance-v2,adjustment_time,1162.5518045104914,1162.5518045104914,0.0,0.461,1.2831,535.9363818793365,535.9363818793365
2025-01-28,27,141,q4_3,B1,q4-inheritance-v2,adjustment_time,528.487768611111,528.487768611111,0.0,0.4321,1.2831,228.35956481686108,228.35956481686108
2025-01-28,27,142,q4_3,B1,q4-inheritance-v2,adjustment_time,0.0,0.0,0.0,0.4055,1.2831,0.0,0.0
2025-01-28,27,143,q4_3,B1,q4-inheritance-v2,adjustment_time,624.7860555555557,624.7860555555557,0.0,0.4171,1.2831,260.5982637722223,260.5982637722223
2025-01-29,28,0,q4_3,B1,q4-inheritance-v2,adjustment_time,1429.8259982407408,1429.8259982407408,0.0,0.4502,0.4502,643.7076644079815,643.7076644079815
2025-01-29,28,1,q4_3,B1,q4-inheritance-v2,adjustment_time,1444.0545421296297,1444.0545421296297,0.0,0.4552,0.4552,657.3336275774075,657.3336275774075
2025-01-29,28,2,q4_3,B1,q4-inheritance-v2,adjustment_time,639.1500833333332,639.1500833333332,0.0,0.4341,0.4341,277.45505117499994,277.45505117499994
2025-01-29,28,3,q4_3,B1,q4-inheritance-v2,adjustment_time,1418.215922407407,1418.215922407407,0.0,0.4353,0.4353,617.3493910239443,617.3493910239443
2025-01-29,28,4,q4_3,B1,q4-inheritance-v2,adjustment_time,1468.1149778703702,1468.1149778703702,0.0,0.4527,0.4527,664.6156504819166,664.6156504819166
2025-01-29,28,5,q4_3,B1,q4-inheritance-v2,adjustment_time,1519.0699629629628,1519.0699629629628,0.0,0.4725,0.4725,717.7605574999999,717.7605574999999
2025-01-29,28,6,q4_3,B1,q4-inheritance-v2,adjustment_time,723.25464,723.25464,0.0,0.483,0.483,349.33199112,349.33199112
2025-01-29,28,7,q4_3,B1,q4-inheritance-v2,adjustment_time,723.8494425,723.8494425,0.0,0.4594,0.4594,332.5364338845,332.5364338845
2025-01-29,28,8,q4_3,B1,q4-inheritance-v2,adjustment_time,695.5502685185187,695.5502685185187,0.0,0.4165,0.4165,289.696686837963,289.696686837963
2025-01-29,28,9,q4_3,B1,q4-inheritance-v2,adjustment_time,670.0122228703702,670.0122228703702,0.0,0.3989,0.3989,267.2678757029907,267.2678757029907
2025-01-29,28,10,q4_3,B1,q4-inheritance-v2,adjustment_time,581.0296304551139,581.0296304551139,0.0,0.3951,0.3951,229.5648069928155,229.5648069928155
2025-01-29,28,11,q4_3,B1,q4-inheritance-v2,adjustment_time,731.4942499999999,731.4942499999999,0.0,0.4095,0.4095,299.5468953749999,299.5468953749999
2025-01-29,28,12,q4_3,B1,q4-inheritance-v2,adjustment_time,1267.1746813065838,1267.1746813065838,0.0,0.4596,0.4596,582.393483528506,582.393483528506
2025-01-29,28,13,q4_3,B1,q4-inheritance-v2,adjustment_time,640.9052097222221,640.9052097222221,0.0,0.4953,0.4953,317.44035037541664,317.44035037541664
2025-01-29,28,14,q4_3,B1,q4-inheritance-v2,adjustment_time,0.0,0.0,0.0,0.4823,0.4823,0.0,0.0
2025-01-29,28,15,q4_3,B1,q4-inheritance-v2,adjustment_time,676.9903891666667,676.9903891666667,0.0,0.4403,0.4403,298.0788683500833,298.0788683500833
2025-01-29,28,16,q4_3,B1,q4-inheritance-v2,adjustment_time,626.3508651851852,626.3508651851852,0.0,0.4661,0.4661,291.9421382628148,291.9421382628148
2025-01-29,28,17,q4_3,B1,q4-inheritance-v2,adjustment_time,655.677074074074,655.677074074074,0.0,0.5278,0.5278,346.0663596962963,346.0663596962963
2025-01-29,28,18,q4_3,B1,q4-inheritance-v2,adjustment_time,752.5482166666666,752.5482166666666,0.0,0.4993,0.4993,375.74732458166665,375.74732458166665
2025-01-29,28,19,q4_3,B1,q4-inheritance-v2,adjustment_time,1381.1423959465042,1381.1423959465042,0.0,0.4633,0.4633,639.8832720420154,639.8832720420154
2025-01-29,28,20,q4_3,B1,q4-inheritance-v2,adjustment_time,741.0218333333332,741.0218333333332,0.0,0.462,0.462,342.352087,342.352087
2025-01-29,28,21,q4_3,B1,q4-inheritance-v2,adjustment_time,583.1975781113697,583.1975781113697,0.0,0.4613,0.4613,269.0290427827748,269.0290427827748
2025-01-29,28,22,q4_3,B1,q4-inheritance-v2,adjustment_time,0.0,0.0,0.0,0.4946,0.4946,0.0,0.0
2025-01-29,28,23,q4_3,B1,q4-inheritance-v2,adjustment_time,0.0,0.0,0.0,0.5294,0.5294,0.0,0.0
2025-01-29,28,24,q4_3,B1,q4-inheritance-v2,adjustment_time,1541.343086111111,1541.343086111111,0.0,0.4883,0.4883,752.6378289480555,752.6378289480555
2025-01-29,28,25,q4_3,B1,q4-inheritance-v2,adjustment_time,1573.0311533333334,1573.0311533333334,0.0,0.445,0.445,699.9988632333334,699.9988632333334
2025-01-29,28,26,q4_3,B1,q4-inheritance-v2,adjustment_time,778.1345833333331,778.1345833333331,0.0,0.4592,0.4592,357.3194006666666,357.3194006666666
2025-01-29,28,27,q4_3,B1,q4-inheritance-v2,adjustment_time,722.1420851851854,722.1420851851854,0.0,0.5182,0.5182,374.21402854296304,374.21402854296304
2025-01-29,28,28,q4_3,B1,q4-inheritance-v2,adjustment_time,674.3513566481477,674.3513566481477,0.0,0.5328,0.5328,359.2944028221331,359.2944028221331
2025-01-29,28,29,q4_3,B1,q4-inheritance-v2,adjustment_time,703.2887499999999,703.2887499999999,0.0,0.4981,0.4981,350.308126375,350.308126375
2025-01-29,28,30,q4_3,B1,q4-inheritance-v2,adjustment_time,766.157686574074,766.157686574074,0.0,0.4941,0.4941,378.55851293624994,378.55851293624994
2025-01-29,28,31,q4_3,B1,q4-inheritance-v2,adjustment_time,225.80097264789174,225.80097264789174,0.0,0.5244,0.5244,118.41003005655442,118.41003005655442
2025-01-29,28,32,q4_3,B1,q4-inheritance-v2,adjustment_time,527.6406751021082,527.6406751021082,0.0,0.5121,0.5121,270.2047897197896,270.2047897197896
2025-01-29,28,33,q4_3,B1,q4-inheritance-v2,adjustment_time,1532.6418455555554,1532.6418455555554,0.0,0.4254,0.4254,651.9858410993332,651.9858410993332
2025-01-29,28,34,q4_3,B1,q4-inheritance-v2,adjustment_time,776.8646849999997,776.8646849999997,0.0,0.6283,0.6283,488.1040815854998,488.1040815854998
2025-01-29,28,35,q4_3,B1,q4-inheritance-v2,adjustment_time,891.0887500000002,891.0887500000002,0.0,1.0051,1.0051,895.6333026250003,895.6333026250003
2025-01-29,28,36,q4_3,B1,q4-inheritance-v2,adjustment_time,186.7144708333335,186.71447083333354,2.842170943040401e-14,1.0477,1.0051,195.62075109208354,195.6207510920836
2025-01-29,28,37,q4_3,B1,q4-inheritance-v2,adjustment_time,929.7523591666665,929.7523591666665,0.0,0.9824,1.0051,913.3887176453331,913.3887176453331
2025-01-29,28,38,q4_3,B1,q4-inheritance-v2,adjustment_time,1019.82495,1019.82495,0.0,0.9866,1.0051,1006.15929567,1006.15929567
2025-01-29,28,39,q4_3,B1,q4-inheritance-v2,adjustment_time,870.4777094444443,870.4777094444443,0.0,1.007,1.0051,876.5710534105552,876.5710534105552
2025-01-29,28,40,q4_3,B1,q4-inheritance-v2,adjustment_time,153.0382916666665,153.0382916666665,0.0,1.0246,1.0051,156.8030336416665,156.8030336416665
2025-01-29,28,41,q4_3,B1,q4-inheritance-v2,adjustment_time,803.5532499999999,803.5532499999999,0.0,1.0292,1.0051,827.0170048999998,827.0170048999998
2025-01-29,28,42,q4_3,B1,q4-inheritance-v2,adjustment_time,829.630881111111,829.6308811111109,-1.1368683772161603e-13,1.0122,1.0051,839.7523778606665,839.7523778606665
2025-01-29,28,43,q4_3,B1,q4-inheritance-v2,adjustment_time,1127.2762704629622,1127.2762704629622,0.0,0.9793,1.0051,1103.941651664379,1103.941651664379
2025-01-29,28,44,q4_3,B1,q4-inheritance-v2,adjustment_time,762.5650833333332,762.5650833333331,-1.1368683772161603e-13,0.9232,1.0051,704.0000849333333,704.0000849333333
2025-01-29,28,45,q4_3,B1,q4-inheritance-v2,adjustment_time,1360.6406930555554,1360.6406930555552,-2.2737367544323206e-13,0.8755,1.0051,1191.2409267701387,1191.2409267701387
2025-01-29,28,46,q4_3,B1,q4-inheritance-v2,adjustment_time,649.2470789814816,649.2470789814816,0.0,1.0693,1.0051,694.2399015548983,694.2399015548983
2025-01-29,28,47,q4_3,B1,q4-inheritance-v2,adjustment_time,27.966716666666912,246.81656666666663,218.84984999999972,1.3837,1.0051,38.697545851667,368.64652220416656
2025-01-29,28,48,q4_3,B1,q4-inheritance-v2,adjustment_time,8.023034444444534,184.91247416666693,176.8894397222224,1.4327,1.0051,11.494601448555684,278.1819652457643
2025-01-29,28,49,q4_3,B1,q4-inheritance-v2,adjustment_time,0.0,69.11789166666676,69.11789166666676,1.381,1.0051,0.0,104.20558937125016
2025-01-29,28,50,q4_3,B1,q4-inheritance-v2,adjustment_time,0.0,55.521216666666646,55.521216666666646,1.3569,1.0051,0.0,83.70656230749998
2025-01-29,28,51,q4_3,B1,q4-inheritance-v2,adjustment_time,0.0,0.0,0.0,1.3278,1.0051,0.0,0.0
2025-01-29,28,52,q4_3,B1,q4-inheritance-v2,adjustment_time,0.0,0.0,0.0,1.3254,1.0051,0.0,0.0
2025-01-29,28,53,q4_3,B1,q4-inheritance-v2,adjustment_time,0.0,0.0,0.0,1.3212,1.0051,0.0,0.0
2025-01-29,28,54,q4_3,B1,q4-inheritance-v2,adjustment_time,0.0,0.0,0.0,1.2461,1.0051,0.0,0.0
2025-01-29,28,55,q4_3,B1,q4-inheritance-v2,adjustment_time,0.0,0.0,0.0,1.1796,1.0051,0.0,0.0
2025-01-29,28,56,q4_3,B1,q4-inheritance-v2,adjustment_time,0.0,0.0,0.0,1.1468,1.0051,0.0,0.0
2025-01-29,28,57,q4_3,B1,q4-inheritance-v2,adjustment_time,325.41196416666685,325.41196416666685,0.0,1.1183,1.0051,363.9081995275836,363.9081995275836
2025-01-29,28,58,q4_3,B1,q4-inheritance-v2,adjustment_time,0.0,0.0,0.0,1.2032,1.0051,0.0,0.0
2025-01-29,28,59,q4_3,B1,q4-inheritance-v2,adjustment_time,0.0,0.0,0.0,1.3262,1.0051,0.0,0.0
2025-01-29,28,60,q4_3,B1,q4-inheritance-v2,adjustment_time,0.0,0.0,0.0,1.2838,1.0051,0.0,0.0
2025-01-29,28,61,q4_3,B1,q4-inheritance-v2,adjustment_time,0.0,0.0,0.0,1.2324,1.0051,0.0,0.0
2025-01-29,28,62,q4_3,B1,q4-inheritance-v2,adjustment_time,0.0,0.0,0.0,1.2795,1.0051,0.0,0.0
2025-01-29,28,63,q4_3,B1,q4-inheritance-v2,adjustment_time,0.0,0.0,0.0,1.3356,1.0051,0.0,0.0
2025-01-29,28,64,q4_3,B1,q4-inheritance-v2,adjustment_time,0.0,0.0,0.0,1.1102,1.0051,0.0,0.0
2025-01-29,28,65,q4_3,B1,q4-inheritance-v2,adjustment_time,281.67863518518527,281.67863518518527,0.0,0.7419,1.0051,208.97737944388896,208.97737944388896
2025-01-29,28,66,q4_3,B1,q4-inheritance-v2,adjustment_time,960.3750422222223,960.3750422222224,1.1368683772161603e-13,0.6791,1.0051,652.1906911731112,652.1906911731114
2025-01-29,28,67,q4_3,B1,q4-inheritance-v2,adjustment_time,764.6955276753758,764.6955276753757,-1.1368683772161603e-13,0.7098,1.0051,542.7808855439818,542.7808855439818
2025-01-29,28,68,q4_3,B1,q4-inheritance-v2,adjustment_time,158.6072616456121,158.6072616456121,0.0,0.6995,1.0051,110.94577952110568,110.94577952110568
2025-01-29,28,69,q4_3,B1,q4-inheritance-v2,adjustment_time,982.3509247222222,982.3509247222222,0.0,0.7208,1.0051,708.0785465397778,708.0785465397778
2025-01-29,28,70,q4_3,B1,q4-inheritance-v2,adjustment_time,961.0434452777778,961.0434452777777,-1.1368683772161603e-13,0.6885,1.0051,661.67841207375,661.67841207375
2025-01-29,28,71,q4_3,B1,q4-inheritance-v2,adjustment_time,913.1032333333337,913.1032333333338,1.1368683772161603e-13,0.6312,0.6312,576.3507608800003,576.3507608800004
2025-01-29,28,72,q4_3,B1,q4-inheritance-v2,adjustment_time,889.9276647222225,889.9276647222226,1.1368683772161603e-13,0.6724,0.6312,598.3873617592225,598.3873617592226
2025-01-29,28,73,q4_3,B1,q4-inheritance-v2,adjustment_time,888.043087777778,879.4839600000003,-8.559127777777803,0.6934,0.6312,615.7690770651113,612.5354385906668
2025-01-29,28,74,q4_3,B1,q4-inheritance-v2,adjustment_time,879.3643000000002,879.3643000000002,0.0,0.6282,0.6312,552.4166532600001,552.4166532600001
2025-01-29,28,75,q4_3,B1,q4-inheritance-v2,adjustment_time,837.4007900925926,837.4007900925926,0.0,0.5641,0.6312,472.3777856912315,472.3777856912315
2025-01-29,28,76,q4_3,B1,q4-inheritance-v2,adjustment_time,839.3709756481484,449.4675885390918,-389.90338710905655,0.727,0.6312,610.2226992962038,449.816445839538
2025-01-29,28,77,q4_3,B1,q4-inheritance-v2,adjustment_time,173.4956833333332,0.0,-173.4956833333332,1.0079,0.6312,174.86629923166655,54.755237659999956
2025-01-29,28,78,q4_3,B1,q4-inheritance-v2,adjustment_time,0.0,0.0,0.0,1.0565,0.6312,0.0,0.0
2025-01-29,28,79,q4_3,B1,q4-inheritance-v2,adjustment_time,0.0,0.0,0.0,1.0222,0.6312,0.0,0.0
2025-01-29,28,80,q4_3,B1,q4-inheritance-v2,adjustment_time,0.0,0.0,0.0,1.0101,0.6312,0.0,0.0
2025-01-29,28,81,q4_3,B1,q4-inheritance-v2,adjustment_time,113.88314509259283,0.0,-113.88314509259283,0.9937,0.6312,113.1656812785095,35.94152059122229
2025-01-29,28,82,q4_3,B1,q4-inheritance-v2,adjustment_time,0.0,0.0,0.0,1.1032,0.6312,0.0,0.0
2025-01-29,28,83,q4_3,B1,q4-inheritance-v2,adjustment_time,0.0,0.0,0.0,1.2642,0.6312,0.0,0.0
2025-01-29,28,84,q4_3,B1,q4-inheritance-v2,adjustment_time,0.0,0.0,0.0,1.2534,0.6312,0.0,0.0
2025-01-29,28,85,q4_3,B1,q4-inheritance-v2,adjustment_time,0.0,0.0,0.0,1.2303,0.6312,0.0,0.0
2025-01-29,28,86,q4_3,B1,q4-inheritance-v2,adjustment_time,0.0,0.0,0.0,1.3219,0.6312,0.0,0.0
2025-01-29,28,87,q4_3,B1,q4-inheritance-v2,adjustment_time,0.0,0.0,0.0,1.446,0.6312,0.0,0.0
2025-01-29,28,88,q4_3,B1,q4-inheritance-v2,adjustment_time,0.0,0.0,0.0,1.2301,0.6312,0.0,0.0
2025-01-29,28,89,q4_3,B1,q4-inheritance-v2,adjustment_time,1121.8665703703703,1121.8665703703703,0.0,0.8136,0.6312,912.7506416533332,912.7506416533332
2025-01-29,28,90,q4_3,B1,q4-inheritance-v2,adjustment_time,1177.7656043518518,1177.7656043518518,0.0,0.7327,0.6312,862.9488583086019,862.9488583086019
2025-01-29,28,91,q4_3,B1,q4-inheritance-v2,adjustment_time,424.1227641666667,0.0,-424.1227641666667,0.7916,0.6312,335.73558011433335,133.853144371
2025-01-29,28,92,q4_3,B1,q4-inheritance-v2,adjustment_time,585.8784443233293,532.2511277777777,-53.627316545551594,0.8211,0.6312,481.0647906338857,453.95618212010936
2025-01-29,28,93,q4_3,B1,q4-inheritance-v2,adjustment_time,638.2725141666668,316.0985973888879,-322.1739167777789,0.8639,0.6312,551.4036249885835,374.75566641932727
2025-01-29,28,94,q4_3,B1,q4-inheritance-v2,adjustment_time,1367.158188888889,1048.7900611419777,-318.36812774691134,0.9419,0.6312,1287.7262981144445,1088.332339706554
2025-01-29,28,95,q4_3,B1,q4-inheritance-v2,adjustment_time,1381.4202277777777,1381.4202277777777,0.0,0.9956,0.6312,1375.3419787755554,1375.3419787755554
2025-01-29,28,96,q4_3,B1,q4-inheritance-v2,adjustment_time,637.4111411111112,637.4111411111112,0.0,0.9518,0.6312,606.6879241095556,606.6879241095556
2025-01-29,28,97,q4_3,B1,q4-inheritance-v2,adjustment_time,251.12415580555688,251.12415580555688,0.0,0.9683,0.6312,243.16352006652073,243.16352006652073
2025-01-29,28,98,q4_3,B1,q4-inheritance-v2,adjustment_time,986.3768833333334,986.3768833333334,0.0,1.0394,0.6312,1025.2401325366668,1025.2401325366668
2025-01-29,28,99,q4_3,B1,q4-inheritance-v2,adjustment_time,1074.7459722222225,1074.7459722222225,0.0,1.0111,0.6312,1086.6756525138892,1086.6756525138892
2025-01-29,28,100,q4_3,B1,q4-inheritance-v2,adjustment_time,972.4398405555554,972.4398405555554,0.0,1.0182,0.6312,990.1382456536666,990.1382456536666
2025-01-29,28,101,q4_3,B1,q4-inheritance-v2,adjustment_time,1016.8691500000002,1016.8691500000003,1.1368683772161603e-13,1.0982,0.6312,1116.7257005300003,1116.7257005300003
2025-01-29,28,102,q4_3,B1,q4-inheritance-v2,adjustment_time,1005.1481197222223,1005.1481197222222,-1.1368683772161603e-13,1.1445,0.6312,1150.3920230220835,1150.3920230220833
2025-01-29,28,103,q4_3,B1,q4-inheritance-v2,adjustment_time,990.783531944444,990.7835319444439,-1.1368683772161603e-13,1.1611,0.6312,1150.398758940694,1150.3987589406938
2025-01-29,28,104,q4_3,B1,q4-inheritance-v2,adjustment_time,1057.1731259259261,1057.1731259259261,0.0,1.1393,0.6312,1204.4373423674076,1204.4373423674076
2025-01-29,28,105,q4_3,B1,q4-inheritance-v2,adjustment_time,1099.2104288888886,1099.2104288888884,-2.2737367544323206e-13,1.0753,0.6312,1181.9809741842219,1181.9809741842216
2025-01-29,28,106,q4_3,B1,q4-inheritance-v2,adjustment_time,941.6963967592579,941.6963967592582,2.2737367544323206e-13,1.1405,0.6312,1074.0047405039338,1074.004740503934
2025-01-29,28,107,q4_3,B1,q4-inheritance-v2,adjustment_time,570.6792334166671,570.6792334166671,0.0,1.2782,1.2782,729.4421961531839,729.4421961531839
2025-01-29,28,108,q4_3,B1,q4-inheritance-v2,adjustment_time,706.9063815740741,706.9063815740741,0.0,1.2574,1.2782,888.8640841912409,888.8640841912409
2025-01-29,28,109,q4_3,B1,q4-inheritance-v2,adjustment_time,727.4126341666664,727.4126341666664,0.0,1.2319,1.2782,896.0996240299163,896.0996240299163
2025-01-29,28,110,q4_3,B1,q4-inheritance-v2,adjustment_time,695.9844166666667,695.9844166666667,0.0,1.2599,1.2782,876.8707665583333,876.8707665583333
2025-01-29,28,111,q4_3,B1,q4-inheritance-v2,adjustment_time,793.4569191666666,793.4569191666666,0.0,1.2574,1.2782,997.6927301601667,997.6927301601667
2025-01-29,28,112,q4_3,B1,q4-inheritance-v2,adjustment_time,747.0586569444444,747.0586569444444,0.0,1.3398,1.2782,1000.9091885741666,1000.9091885741666
2025-01-29,28,113,q4_3,B1,q4-inheritance-v2,adjustment_time,5.1875,5.187499999999999,-8.881784197001252e-16,1.47,1.2782,7.625624999999999,7.625624999999999
2025-01-29,28,114,q4_3,B1,q4-inheritance-v2,adjustment_time,0.0,0.0,0.0,1.4839,1.2782,0.0,0.0
2025-01-29,28,115,q4_3,B1,q4-inheritance-v2,adjustment_time,0.0,0.0,0.0,1.5174,1.2782,0.0,0.0
2025-01-29,28,116,q4_3,B1,q4-inheritance-v2,adjustment_time,0.0,0.0,0.0,1.593,1.2782,0.0,0.0
2025-01-29,28,117,q4_3,B1,q4-inheritance-v2,adjustment_time,31.145392499999957,31.145392499999957,0.0,1.5793,1.2782,49.18791837524993,49.18791837524993
2025-01-29,28,118,q4_3,B1,q4-inheritance-v2,adjustment_time,35.860811666666564,35.860811666666564,0.0,1.4939,1.2782,53.57246654883318,53.57246654883318
2025-01-29,28,119,q4_3,B1,q4-inheritance-v2,adjustment_time,0.0,0.0,0.0,1.4404,1.2782,0.0,0.0
2025-01-29,28,120,q4_3,B1,q4-inheritance-v2,adjustment_time,0.0,0.0,0.0,1.5033,1.2782,0.0,0.0
2025-01-29,28,121,q4_3,B1,q4-inheritance-v2,adjustment_time,13.47772666666674,13.477726666666742,1.7763568394002505e-15,1.5132,1.2782,20.394495992000113,20.394495992000117
2025-01-29,28,122,q4_3,B1,q4-inheritance-v2,adjustment_time,61.23633333333362,61.23633333333362,0.0,1.4854,1.2782,90.96044953333376,90.96044953333376
2025-01-29,28,123,q4_3,B1,q4-inheritance-v2,adjustment_time,0.0,0.0,0.0,1.5511,1.2782,0.0,0.0
2025-01-29,28,124,q4_3,B1,q4-inheritance-v2,adjustment_time,722.176645,722.1766450000001,1.1368683772161603e-13,1.3403,1.2782,967.9333572935001,967.9333572935003
2025-01-29,28,125,q4_3,B1,q4-inheritance-v2,adjustment_time,1266.193936059671,1266.193936059671,0.0,0.9537,1.2782,1207.5691568201082,1207.5691568201082
2025-01-29,28,126,q4_3,B1,q4-inheritance-v2,adjustment_time,1550.8203814814815,1550.8203814814815,0.0,0.9033,1.2782,1400.8560505922221,1400.8560505922221
2025-01-29,28,127,q4_3,B1,q4-inheritance-v2,adjustment_time,762.9068715740739,762.9068715740739,0.0,0.9615,1.2782,733.534957018472,733.534957018472
2025-01-29,28,128,q4_3,B1,q4-inheritance-v2,adjustment_time,685.2901388888888,685.2901388888888,0.0,0.9905,1.2782,678.7798825694443,678.7798825694443
2025-01-29,28,129,q4_3,B1,q4-inheritance-v2,adjustment_time,0.8956958333332068,0.8956958333332068,0.0,1.0392,1.2782,0.9308071099998684,0.9308071099998684
2025-01-29,28,130,q4_3,B1,q4-inheritance-v2,adjustment_time,806.2632975,806.2632975,0.0,0.8034,1.2782,647.7519332115,647.7519332115
2025-01-29,28,131,q4_3,B1,q4-inheritance-v2,adjustment_time,1344.7466944444443,1344.7466944444443,0.0,0.441,1.2782,593.0332922499999,593.0332922499999
2025-01-29,28,132,q4_3,B1,q4-inheritance-v2,adjustment_time,1337.2290958333333,1337.2290958333333,0.0,0.4474,1.2782,598.2762974758333,598.2762974758333
2025-01-29,28,133,q4_3,B1,q4-inheritance-v2,adjustment_time,0.0,0.0,0.0,0.471,1.2782,0.0,0.0
2025-01-29,28,134,q4_3,B1,q4-inheritance-v2,adjustment_time,0.0,0.0,0.0,0.382,1.2782,0.0,0.0
2025-01-29,28,135,q4_3,B1,q4-inheritance-v2,adjustment_time,1384.3088250925925,1384.3088250925925,0.0,0.4047,1.2782,560.2297815149722,560.2297815149722
2025-01-29,28,136,q4_3,B1,q4-inheritance-v2,adjustment_time,1367.9737099999998,1367.9737099999998,0.0,0.4284,1.2782,586.0399373639999,586.0399373639999
2025-01-29,28,137,q4_3,B1,q4-inheritance-v2,adjustment_time,1105.311819341563,1105.311819341563,0.0,0.4139,1.2782,457.4885620254729,457.4885620254729
2025-01-29,28,138,q4_3,B1,q4-inheritance-v2,adjustment_time,1382.3205416666665,1382.3205416666665,0.0,0.4416,1.2782,610.4327511999999,610.4327511999999
2025-01-29,28,139,q4_3,B1,q4-inheritance-v2,adjustment_time,1393.051699722222,1393.051699722222,0.0,0.4359,1.2782,607.2312359089167,607.2312359089167
2025-01-29,28,140,q4_3,B1,q4-inheritance-v2,adjustment_time,1376.4209166666665,1376.4209166666665,0.0,0.3836,1.2782,527.9950636333333,527.9950636333333
2025-01-29,28,141,q4_3,B1,q4-inheritance-v2,adjustment_time,1348.481105925926,1348.481105925926,0.0,0.3689,1.2782,497.4546799760741,497.4546799760741
2025-01-29,28,142,q4_3,B1,q4-inheritance-v2,adjustment_time,588.4268025,588.4268025,0.0,0.4443,1.2782,261.43802835074996,261.43802835074996
2025-01-29,28,143,q4_3,B1,q4-inheritance-v2,adjustment_time,491.9688333333334,491.9688333333334,0.0,0.5178,1.2782,254.74146190000005,254.74146190000005
2025-01-30,29,0,q4_3,B1,q4-inheritance-v2,adjustment_time,1421.7585282407408,1421.7585282407408,0.0,0.4445,0.4445,631.9716658030093,631.9716658030093
2025-01-30,29,1,q4_3,B1,q4-inheritance-v2,adjustment_time,1433.9243029629629,1433.9243029629629,0.0,0.4026,0.4026,577.2979243728889,577.2979243728889
2025-01-30,29,2,q4_3,B1,q4-inheritance-v2,adjustment_time,660.7277499999998,660.7277499999998,0.0,0.4409,0.4409,291.3148649749999,291.3148649749999
2025-01-30,29,3,q4_3,B1,q4-inheritance-v2,adjustment_time,1452.5787824074073,1452.5787824074073,0.0,0.4383,0.4383,636.6652803291666,636.6652803291666
2025-01-30,29,4,q4_3,B1,q4-inheritance-v2,adjustment_time,830.6127850617258,830.6127850617258,0.0,0.4348,0.4348,361.1504389448384,361.1504389448384
2025-01-30,29,5,q4_3,B1,q4-inheritance-v2,adjustment_time,671.221962962963,671.221962962963,0.0,0.4355,0.4355,292.3171648703704,292.3171648703704
2025-01-30,29,6,q4_3,B1,q4-inheritance-v2,adjustment_time,699.3423641666668,699.3423641666668,0.0,0.3977,0.3977,278.1284582290834,278.1284582290834
2025-01-30,29,7,q4_3,B1,q4-inheritance-v2,adjustment_time,643.0617822222223,643.0617822222223,0.0,0.395,0.395,254.00940397777782,254.00940397777782
2025-01-30,29,8,q4_3,B1,q4-inheritance-v2,adjustment_time,0.0,0.0,0.0,0.451,0.451,0.0,0.0
2025-01-30,29,9,q4_3,B1,q4-inheritance-v2,adjustment_time,0.0,0.0,0.0,0.5062,0.5062,0.0,0.0
2025-01-30,29,10,q4_3,B1,q4-inheritance-v2,adjustment_time,701.6518041666666,701.6518041666666,0.0,0.4925,0.4925,345.5635135520833,345.5635135520833
2025-01-30,29,11,q4_3,B1,q4-inheritance-v2,adjustment_time,1519.1907592592593,1519.1907592592593,0.0,0.4539,0.4539,689.5606856277778,689.5606856277778
2025-01-30,29,12,q4_3,B1,q4-inheritance-v2,adjustment_time,1484.971302685185,1484.971302685185,0.0,0.4953,0.4953,735.5062862199721,735.5062862199721
2025-01-30,29,13,q4_3,B1,q4-inheritance-v2,adjustment_time,642.5538430555555,642.5538430555555,0.0,0.5173,0.5173,332.39310301263885,332.39310301263885
2025-01-30,29,14,q4_3,B1,q4-inheritance-v2,adjustment_time,722.5829166666666,722.5829166666666,0.0,0.4793,0.4793,346.3339919583333,346.3339919583333
2025-01-30,29,15,q4_3,B1,q4-inheritance-v2,adjustment_time,660.4307799999999,660.4307799999999,0.0,0.4482,0.4482,296.0050755959999,296.0050755959999
2025-01-30,29,16,q4_3,B1,q4-inheritance-v2,adjustment_time,630.5336660185185,630.5336660185185,0.0,0.4736,0.4736,298.6207442263704,298.6207442263704
2025-01-30,29,17,q4_3,B1,q4-inheritance-v2,adjustment_time,673.3354907407406,673.3354907407406,0.0,0.5126,0.5126,345.1517725537036,345.1517725537036
2025-01-30,29,18,q4_3,B1,q4-inheritance-v2,adjustment_time,0.0,0.0,0.0,0.4838,0.4838,0.0,0.0
2025-01-30,29,19,q4_3,B1,q4-inheritance-v2,adjustment_time,649.5297320370368,649.5297320370368,0.0,0.4913,0.4913,319.1139573497962,319.1139573497962
2025-01-30,29,20,q4_3,B1,q4-inheritance-v2,adjustment_time,1535.821398148148,1535.821398148148,0.0,0.5309,0.5309,815.3675802768519,815.3675802768519
2025-01-30,29,21,q4_3,B1,q4-inheritance-v2,adjustment_time,700.955100925926,700.955100925926,0.0,0.4926,0.4926,345.2904827161111,345.2904827161111
2025-01-30,29,22,q4_3,B1,q4-inheritance-v2,adjustment_time,707.5975075000001,707.5975075000001,0.0,0.4614,0.4614,326.48548996050005,326.48548996050005
2025-01-30,29,23,q4_3,B1,q4-inheritance-v2,adjustment_time,711.6441296296298,711.6441296296298,0.0,0.488,0.488,347.28233525925936,347.28233525925936
2025-01-30,29,24,q4_3,B1,q4-inheritance-v2,adjustment_time,710.9621094444445,710.9621094444445,0.0,0.5362,0.5362,381.2178830841112,381.2178830841112
2025-01-30,29,25,q4_3,B1,q4-inheritance-v2,adjustment_time,732.5813733333333,732.5813733333333,0.0,0.5633,0.5633,412.66308759866666,412.66308759866666
2025-01-30,29,26,q4_3,B1,q4-inheritance-v2,adjustment_time,730.8419166666665,730.8419166666665,0.0,0.5652,0.5652,413.07185129999993,413.07185129999993
2025-01-30,29,27,q4_3,B1,q4-inheritance-v2,adjustment_time,0.0,0.0,0.0,0.5607,0.5607,0.0,0.0
2025-01-30,29,28,q4_3,B1,q4-inheritance-v2,adjustment_time,585.7239877500008,585.7239877500008,0.0,0.5056,0.5056,296.14204820640043,296.14204820640043
2025-01-30,29,29,q4_3,B1,q4-inheritance-v2,adjustment_time,727.0050833333333,727.0050833333333,0.0,0.4552,0.4552,330.93271393333333,330.93271393333333
2025-01-30,29,30,q4_3,B1,q4-inheritance-v2,adjustment_time,748.8616641666667,748.8616641666667,0.0,0.5179,0.5179,387.83545587191674,387.83545587191674
2025-01-30,29,31,q4_3,B1,q4-inheritance-v2,adjustment_time,784.2419866666669,784.2419866666669,0.0,0.5563,0.5563,436.2738171826668,436.2738171826668
2025-01-30,29,32,q4_3,B1,q4-inheritance-v2,adjustment_time,746.7875833333331,746.7875833333331,0.0,0.4989,0.4989,372.5723253249999,372.5723253249999
2025-01-30,29,33,q4_3,B1,q4-inheritance-v2,adjustment_time,1543.695002222222,1543.695002222222,0.0,0.4488,0.4488,692.8103169973332,692.8103169973332
2025-01-30,29,34,q4_3,B1,q4-inheritance-v2,adjustment_time,798.5301083333331,798.5301083333331,0.0,0.6774,0.6774,540.9242953849998,540.9242953849998
2025-01-30,29,35,q4_3,B1,q4-inheritance-v2,adjustment_time,901.9964166666668,901.9964166666668,0.0,1.0365,1.0365,934.9192858750001,934.9192858750001
2025-01-30,29,36,q4_3,B1,q4-inheritance-v2,adjustment_time,176.57425527777787,176.57425527777787,0.0,1.084,1.0365,191.40649272111122,191.40649272111122
2025-01-30,29,37,q4_3,B1,q4-inheritance-v2,adjustment_time,162.95355722222234,162.95355722222234,0.0,1.0319,1.0365,168.15177569761124,168.15177569761124
2025-01-30,29,38,q4_3,B1,q4-inheritance-v2,adjustment_time,919.4298694444445,919.4298694444445,0.0,1.0307,1.0365,947.6563664363889,947.6563664363889
2025-01-30,29,39,q4_3,B1,q4-inheritance-v2,adjustment_time,772.6312980555548,772.6312980555547,-1.1368683772161603e-13,1.0218,1.0365,789.474660353166,789.474660353166
2025-01-30,29,40,q4_3,B1,q4-inheritance-v2,adjustment_time,849.1412852777779,849.1412852777779,0.0,1.0259,1.0365,871.1340445664724,871.1340445664724
2025-01-30,29,41,q4_3,B1,q4-inheritance-v2,adjustment_time,882.0081555555556,882.0081555555555,-1.1368683772161603e-13,1.0249,1.0365,903.9701586288888,903.9701586288888
2025-01-30,29,42,q4_3,B1,q4-inheritance-v2,adjustment_time,778.9339819444444,778.9339819444443,-1.1368683772161603e-13,0.9711,1.0365,756.42278986625,756.42278986625
2025-01-30,29,43,q4_3,B1,q4-inheritance-v2,adjustment_time,749.7816738888888,749.7816738888888,0.0,0.9378,1.0365,703.1452537729999,703.1452537729999
2025-01-30,29,44,q4_3,B1,q4-inheritance-v2,adjustment_time,1525.3325833333333,1525.332583333333,-2.2737367544323206e-13,0.907,1.0365,1383.4766530833333,1383.4766530833333
2025-01-30,29,45,q4_3,B1,q4-inheritance-v2,adjustment_time,1400.0055524999998,1400.0055524999998,0.0,0.8403,1.0365,1176.42466576575,1176.42466576575
2025-01-30,29,46,q4_3,B1,q4-inheritance-v2,adjustment_time,668.5254924999999,668.5254924999999,0.0,1.0793,1.0365,721.5395640552499,721.5395640552499
2025-01-30,29,47,q4_3,B1,q4-inheritance-v2,adjustment_time,145.31274978914473,309.02296666666666,163.71021687752193,1.465,1.0365,212.88317844109704,467.41163813142424
2025-01-30,29,48,q4_3,B1,q4-inheritance-v2,adjustment_time,103.70467972222218,252.39967777777792,148.69499805555574,1.4549,1.0365,150.87993852786107,382.06348675473635
2025-01-30,29,49,q4_3,B1,q4-inheritance-v2,adjustment_time,159.1567605555556,159.1567605555556,0.0,1.3496,1.0365,214.7979640457778,214.7979640457778
2025-01-30,29,50,q4_3,B1,q4-inheritance-v2,adjustment_time,141.70984166666653,141.70984166666653,0.0,1.3552,1.0365,192.04517742666647,192.04517742666647
2025-01-30,29,51,q4_3,B1,q4-inheritance-v2,adjustment_time,62.434618611111205,62.4346186111112,-7.105427357601002e-15,1.3753,1.0365,85.86633097586123,85.86633097586123
2025-01-30,29,52,q4_3,B1,q4-inheritance-v2,adjustment_time,0.0,0.0,0.0,1.3517,1.0365,0.0,0.0
2025-01-30,29,53,q4_3,B1,q4-inheritance-v2,adjustment_time,0.0,0.0,0.0,1.2858,1.0365,0.0,0.0
2025-01-30,29,54,q4_3,B1,q4-inheritance-v2,adjustment_time,0.0,0.0,0.0,1.2262,1.0365,0.0,0.0
2025-01-30,29,55,q4_3,B1,q4-inheritance-v2,adjustment_time,0.0,0.0,0.0,1.2173,1.0365,0.0,0.0
2025-01-30,29,56,q4_3,B1,q4-inheritance-v2,adjustment_time,691.7190249999995,691.7190249999995,0.0,1.2234,1.0365,846.2490551849994,846.2490551849994
2025-01-30,29,57,q4_3,B1,q4-inheritance-v2,adjustment_time,552.5669769444445,552.5669769444445,0.0,1.187,1.0365,655.8970016330557,655.8970016330557
2025-01-30,29,58,q4_3,B1,q4-inheritance-v2,adjustment_time,0.0,0.0,0.0,1.2675,1.0365,0.0,0.0
2025-01-30,29,59,q4_3,B1,q4-inheritance-v2,adjustment_time,0.0,0.0,0.0,1.3994,1.0365,0.0,0.0
2025-01-30,29,60,q4_3,B1,q4-inheritance-v2,adjustment_time,0.0,0.0,0.0,1.3453,1.0365,0.0,0.0
2025-01-30,29,61,q4_3,B1,q4-inheritance-v2,adjustment_time,0.0,0.0,0.0,1.2938,1.0365,0.0,0.0
2025-01-30,29,62,q4_3,B1,q4-inheritance-v2,adjustment_time,0.0,0.0,0.0,1.3531,1.0365,0.0,0.0
2025-01-30,29,63,q4_3,B1,q4-inheritance-v2,adjustment_time,0.0,0.0,0.0,1.3925,1.0365,0.0,0.0
2025-01-30,29,64,q4_3,B1,q4-inheritance-v2,adjustment_time,144.69278166666663,144.69278166666663,0.0,1.1099,1.0365,160.59451837183332,160.59451837183332
2025-01-30,29,65,q4_3,B1,q4-inheritance-v2,adjustment_time,224.40940185185195,224.40940185185192,-2.842170943040401e-14,0.6911,1.0365,155.0893376198149,155.0893376198149
2025-01-30,29,66,q4_3,B1,q4-inheritance-v2,adjustment_time,909.1160941666665,909.1160941666666,1.1368683772161603e-13,0.6484,1.0365,589.4708754576665,589.4708754576667
2025-01-30,29,67,q4_3,B1,q4-inheritance-v2,adjustment_time,709.7907332281189,709.7907332281189,0.0,0.6992,1.0365,496.2856806731008,496.2856806731008
2025-01-30,29,68,q4_3,B1,q4-inheritance-v2,adjustment_time,67.60100000000011,67.60100000000011,0.0,0.6562,1.0365,44.35977620000008,44.35977620000008
2025-01-30,29,69,q4_3,B1,q4-inheritance-v2,adjustment_time,889.1275374999999,889.1275374999999,0.0,0.6205,1.0365,551.70363701875,551.70363701875
2025-01-30,29,70,q4_3,B1,q4-inheritance-v2,adjustment_time,873.1509241666666,873.1509241666665,-1.1368683772161603e-13,0.6466,1.0365,564.5793875661666,564.5793875661667
2025-01-30,29,71,q4_3,B1,q4-inheritance-v2,adjustment_time,824.2508500000001,824.2508500000002,1.1368683772161603e-13,0.6852,0.6852,564.7766824200002,564.7766824200003
2025-01-30,29,72,q4_3,B1,q4-inheritance-v2,adjustment_time,788.4113877777779,788.4113877777779,0.0,0.642,0.6852,506.16011095333346,506.16011095333346
2025-01-30,29,73,q4_3,B1,q4-inheritance-v2,adjustment_time,789.5946555555558,712.1402648583033,-77.4543906972525,0.5949,0.6852,469.72986059000016,450.18811781708337
2025-01-30,29,74,q4_3,B1,q4-inheritance-v2,adjustment_time,802.2725916666666,802.2725916666666,0.0,0.5748,0.6852,461.14628568999996,461.14628568999996
2025-01-30,29,75,q4_3,B1,q4-inheritance-v2,adjustment_time,808.8006588888886,808.8006588888887,1.1368683772161603e-13,0.5661,0.6852,457.86205299699986,457.862052997
2025-01-30,29,76,q4_3,B1,q4-inheritance-v2,adjustment_time,814.0480603703629,814.0480603703629,0.0,0.7197,0.6852,585.8703890485502,585.8703890485502
2025-01-30,29,77,q4_3,B1,q4-inheritance-v2,adjustment_time,0.0,0.0,0.0,0.956,0.6852,0.0,0.0
2025-01-30,29,78,q4_3,B1,q4-inheritance-v2,adjustment_time,0.0,0.0,0.0,1.0166,0.6852,0.0,0.0
2025-01-30,29,79,q4_3,B1,q4-inheritance-v2,adjustment_time,0.0,0.0,0.0,1.0103,0.6852,0.0,0.0
2025-01-30,29,80,q4_3,B1,q4-inheritance-v2,adjustment_time,0.0,0.0,0.0,0.9988,0.6852,0.0,0.0
2025-01-30,29,81,q4_3,B1,q4-inheritance-v2,adjustment_time,0.0,0.0,0.0,0.964,0.6852,0.0,0.0
2025-01-30,29,82,q4_3,B1,q4-inheritance-v2,adjustment_time,0.0,0.0,0.0,1.121,0.6852,0.0,0.0
2025-01-30,29,83,q4_3,B1,q4-inheritance-v2,adjustment_time,0.0,0.0,0.0,1.3554,0.6852,0.0,0.0
2025-01-30,29,84,q4_3,B1,q4-inheritance-v2,adjustment_time,0.0,0.0,0.0,1.3157,0.6852,0.0,0.0
2025-01-30,29,85,q4_3,B1,q4-inheritance-v2,adjustment_time,0.0,0.0,0.0,1.2497,0.6852,0.0,0.0
2025-01-30,29,86,q4_3,B1,q4-inheritance-v2,adjustment_time,0.0,0.0,0.0,1.3322,0.6852,0.0,0.0
2025-01-30,29,87,q4_3,B1,q4-inheritance-v2,adjustment_time,0.0,0.0,0.0,1.4478,0.6852,0.0,0.0
2025-01-30,29,88,q4_3,B1,q4-inheritance-v2,adjustment_time,0.0,0.0,0.0,1.2521,0.6852,0.0,0.0
2025-01-30,29,89,q4_3,B1,q4-inheritance-v2,adjustment_time,1127.2277370370368,1127.2277370370366,-2.2737367544323206e-13,0.8758,0.6852,987.2260520970369,987.2260520970368
2025-01-30,29,90,q4_3,B1,q4-inheritance-v2,adjustment_time,1175.9555751851854,1175.9555751851856,2.2737367544323206e-13,0.8064,0.6852,948.2905758293334,948.2905758293336
2025-01-30,29,91,q4_3,B1,q4-inheritance-v2,adjustment_time,419.34151833333317,419.34151833333317,0.0,0.846,0.6852,354.76292450999983,354.76292450999983
2025-01-30,29,92,q4_3,B1,q4-inheritance-v2,adjustment_time,1232.4900194444444,1232.4900194444444,0.0,0.8506,0.6852,1048.3560105394445,1048.3560105394445
2025-01-30,29,93,q4_3,B1,q4-inheritance-v2,adjustment_time,1298.8340113888887,1298.8340113888887,0.0,0.8844,0.6852,1148.688799672333,1148.688799672333
2025-01-30,29,94,q4_3,B1,q4-inheritance-v2,adjustment_time,764.6963781584391,764.696378158439,-1.1368683772161603e-13,0.9208,0.6852,704.1324250082906,704.1324250082905
2025-01-30,29,95,q4_3,B1,q4-inheritance-v2,adjustment_time,628.2549999999997,628.2549999999997,0.0,0.9601,0.6852,603.1876254999996,603.1876254999996
2025-01-30,29,96,q4_3,B1,q4-inheritance-v2,adjustment_time,648.2279442129653,648.2279442129653,0.0,1.0261,0.6852,665.1466935569238,665.1466935569238
2025-01-30,29,97,q4_3,B1,q4-inheritance-v2,adjustment_time,572.3401480277766,572.3401480277766,0.0,1.0357,0.6852,592.7726913123684,592.7726913123684
2025-01-30,29,98,q4_3,B1,q4-inheritance-v2,adjustment_time,861.5894666666667,861.5894666666667,0.0,0.9983,0.6852,860.1247645733333,860.1247645733333
2025-01-30,29,99,q4_3,B1,q4-inheritance-v2,adjustment_time,883.3404658333335,883.3404658333334,-1.1368683772161603e-13,1.02,0.6852,901.0072751500002,901.00727515
2025-01-30,29,100,q4_3,B1,q4-inheritance-v2,adjustment_time,913.8030013888886,913.8030013888884,-1.1368683772161603e-13,1.1116,0.6852,1015.7834163438885,1015.7834163438883
2025-01-30,29,101,q4_3,B1,q4-inheritance-v2,adjustment_time,892.8700735000016,892.8700735000017,1.1368683772161603e-13,1.1942,0.6852,1066.265441773702,1066.2654417737022
2025-01-30,29,102,q4_3,B1,q4-inheritance-v2,adjustment_time,948.6331291666664,948.6331291666664,0.0,1.174,0.6852,1113.6952936416662,1113.6952936416662
2025-01-30,29,103,q4_3,B1,q4-inheritance-v2,adjustment_time,967.9206738888886,967.9206738888886,0.0,1.1509,0.6852,1113.9799035787219,1113.9799035787219
2025-01-30,29,104,q4_3,B1,q4-inheritance-v2,adjustment_time,1046.042767592593,1046.0427675925932,2.2737367544323206e-13,1.157,0.6852,1210.2714821046302,1210.2714821046304
2025-01-30,29,105,q4_3,B1,q4-inheritance-v2,adjustment_time,1079.8089561111108,1079.8089561111108,0.0,1.1415,0.6852,1232.601923400833,1232.601923400833
2025-01-30,29,106,q4_3,B1,q4-inheritance-v2,adjustment_time,913.0973122222222,913.0973122222222,0.0,1.1876,0.6852,1084.394367995111,1084.394367995111
2025-01-30,29,107,q4_3,B1,q4-inheritance-v2,adjustment_time,596.4408035000005,596.4408035000005,0.0,1.2738,1.2738,759.7462954983006,759.7462954983006
2025-01-30,29,108,q4_3,B1,q4-inheritance-v2,adjustment_time,707.5563791666665,707.5563791666665,0.0,1.2873,1.2738,910.8373269012499,910.8373269012499
2025-01-30,29,109,q4_3,B1,q4-inheritance-v2,adjustment_time,729.0583049999997,729.0583049999997,0.0,1.3016,1.2738,948.9422897879997,948.9422897879997
2025-01-30,29,110,q4_3,B1,q4-inheritance-v2,adjustment_time,727.1724166666667,727.1724166666665,-1.1368683772161603e-13,1.3073,1.2738,950.6325003083333,950.6325003083332
2025-01-30,29,111,q4_3,B1,q4-inheritance-v2,adjustment_time,717.2063869444446,717.2063869444445,-1.1368683772161603e-13,1.2396,1.2738,889.0490372563336,889.0490372563336
2025-01-30,29,112,q4_3,B1,q4-inheritance-v2,adjustment_time,651.9362773148149,651.9362773148149,0.0,1.3171,1.2738,858.6652708513427,858.6652708513427
2025-01-30,29,113,q4_3,B1,q4-inheritance-v2,adjustment_time,0.0,0.0,0.0,1.5075,1.2738,0.0,0.0
2025-01-30,29,114,q4_3,B1,q4-inheritance-v2,adjustment_time,0.0,0.0,0.0,1.5438,1.2738,0.0,0.0
2025-01-30,29,115,q4_3,B1,q4-inheritance-v2,adjustment_time,115.22153028913976,115.22153028913976,0.0,1.5105,1.2738,174.0421215017456,174.0421215017456
2025-01-30,29,116,q4_3,B1,q4-inheritance-v2,adjustment_time,0.0,0.0,0.0,1.5088,1.2738,0.0,0.0
2025-01-30,29,117,q4_3,B1,q4-inheritance-v2,adjustment_time,33.100954166666725,33.100954166666725,0.0,1.5435,1.2738,51.091322756250094,51.091322756250094
2025-01-30,29,118,q4_3,B1,q4-inheritance-v2,adjustment_time,18.305595833333314,18.305595833333317,3.552713678800501e-15,1.5394,1.2738,28.179634225833304,28.17963422583331
2025-01-30,29,119,q4_3,B1,q4-inheritance-v2,adjustment_time,0.0,0.0,0.0,1.5159,1.2738,0.0,0.0
2025-01-30,29,120,q4_3,B1,q4-inheritance-v2,adjustment_time,0.0,0.0,0.0,1.5522,1.2738,0.0,0.0
2025-01-30,29,121,q4_3,B1,q4-inheritance-v2,adjustment_time,0.0,0.0,0.0,1.5232,1.2738,0.0,0.0
2025-01-30,29,122,q4_3,B1,q4-inheritance-v2,adjustment_time,43.05908333333343,43.05908333333344,7.105427357601002e-15,1.4719,1.2738,63.37866475833348,63.37866475833349
2025-01-30,29,123,q4_3,B1,q4-inheritance-v2,adjustment_time,0.0,22.812710861108144,22.812710861108144,1.5315,1.2738,0.0,43.58824664231933
2025-01-30,29,124,q4_3,B1,q4-inheritance-v2,adjustment_time,741.7315475,741.7315475000001,1.1368683772161603e-13,1.3387,1.2738,992.95602263825,992.9560226382503
2025-01-30,29,125,q4_3,B1,q4-inheritance-v2,adjustment_time,789.4979259259262,789.4979259259262,0.0,0.9656,1.2738,762.3391972740743,762.3391972740743
2025-01-30,29,126,q4_3,B1,q4-inheritance-v2,adjustment_time,1397.1062341666664,1397.1062341666666,2.2737367544323206e-13,0.8816,1.2738,1231.688856041333,1231.6888560413336
2025-01-30,29,127,q4_3,B1,q4-inheritance-v2,adjustment_time,846.7972608333331,846.7972608333331,0.0,0.9077,1.2738,768.6378736584164,768.6378736584164
2025-01-30,29,128,q4_3,B1,q4-inheritance-v2,adjustment_time,773.0544722222223,773.0544722222224,1.1368683772161603e-13,0.9507,1.2738,734.9428867416667,734.9428867416669
2025-01-30,29,129,q4_3,B1,q4-inheritance-v2,adjustment_time,109.98883294444511,109.98883294444511,0.0,1.0529,1.2738,115.80724220720624,115.80724220720624
2025-01-30,29,130,q4_3,B1,q4-inheritance-v2,adjustment_time,801.7989425,801.7989425000001,1.1368683772161603e-13,0.8145,1.2738,653.0652386662499,653.0652386662501
2025-01-30,29,131,q4_3,B1,q4-inheritance-v2,adjustment_time,1368.1250277777776,1368.1250277777776,0.0,0.3888,1.2738,531.9270108,531.9270108
2025-01-30,29,132,q4_3,B1,q4-inheritance-v2,adjustment_time,1374.4042508333332,1374.4042508333332,0.0,0.3665,1.2738,503.7191579304166,503.7191579304166
2025-01-30,29,133,q4_3,B1,q4-inheritance-v2,adjustment_time,590.2656463888889,590.2656463888887,-1.1368683772161603e-13,0.4413,1.2738,260.48422975141665,260.48422975141665
2025-01-30,29,134,q4_3,B1,q4-inheritance-v2,adjustment_time,0.0,0.0,0.0,0.4132,1.2738,0.0,0.0
2025-01-30,29,135,q4_3,B1,q4-inheritance-v2,adjustment_time,561.1430681481482,561.1430681481482,0.0,0.3969,1.2738,222.717683748,222.717683748
2025-01-30,29,136,q4_3,B1,q4-inheritance-v2,adjustment_time,594.0888122222221,594.088812222222,-1.1368683772161603e-13,0.4119,1.2738,244.7051817543333,244.70518175433332
2025-01-30,29,137,q4_3,B1,q4-inheritance-v2,adjustment_time,549.8571944444445,549.8571944444445,0.0,0.4394,1.2738,241.60725123888892,241.60725123888892
2025-01-30,29,138,q4_3,B1,q4-inheritance-v2,adjustment_time,373.55963989814774,373.5596398981477,-5.684341886080802e-14,0.455,1.2738,169.96963615365723,169.96963615365723
2025-01-30,29,139,q4_3,B1,q4-inheritance-v2,adjustment_time,519.3986583333333,519.3986583333334,1.1368683772161603e-13,0.4525,1.2738,235.02789289583333,235.02789289583356
2025-01-30,29,140,q4_3,B1,q4-inheritance-v2,adjustment_time,575.7420833333332,575.7420833333331,-1.1368683772161603e-13,0.4469,1.2738,257.2991370416666,257.2991370416666
2025-01-30,29,141,q4_3,B1,q4-inheritance-v2,adjustment_time,597.7167573148148,597.7167573148148,0.0,0.4514,1.2738,269.8093442519074,269.8093442519074
2025-01-30,29,142,q4_3,B1,q4-inheritance-v2,adjustment_time,570.8276475,570.8276475000001,1.1368683772161603e-13,0.4124,1.2738,235.409321829,235.40932182900022
2025-01-30,29,143,q4_3,B1,q4-inheritance-v2,adjustment_time,1245.0154166666666,1245.0154166666664,-2.2737367544323206e-13,0.3538,1.2738,440.4864544166667,440.48645441666673
2025-01-31,30,0,q4_3,B1,q4-inheritance-v2,adjustment_time,1320.5798649074072,1320.5798649074072,0.0,0.3606,0.3606,476.201099285611,476.201099285611
2025-01-31,30,1,q4_3,B1,q4-inheritance-v2,adjustment_time,1328.6806237962965,1328.6806237962965,0.0,0.387,0.387,514.1994014091667,514.1994014091667
2025-01-31,30,2,q4_3,B1,q4-inheritance-v2,adjustment_time,1340.8200185185183,1340.8200185185183,0.0,0.3913,0.3913,524.6628732462962,524.6628732462962
2025-01-31,30,3,q4_3,B1,q4-inheritance-v2,adjustment_time,1374.890041574074,1374.890041574074,0.0,0.3779,0.3779,519.5709467108426,519.5709467108426
2025-01-31,30,4,q4_3,B1,q4-inheritance-v2,adjustment_time,573.3646578703704,573.3646578703704,0.0,0.3812,0.3812,218.56660758018518,218.56660758018518
2025-01-31,30,5,q4_3,B1,q4-inheritance-v2,adjustment_time,1409.7036296296296,1409.7036296296296,0.0,0.3882,0.3882,547.2469490222222,547.2469490222222
2025-01-31,30,6,q4_3,B1,q4-inheritance-v2,adjustment_time,616.7155166666668,616.7155166666668,0.0,0.3564,0.3564,219.79741014000004,219.79741014000004
2025-01-31,30,7,q4_3,B1,q4-inheritance-v2,adjustment_time,625.7625750000001,625.7625750000001,0.0,0.3434,0.3434,214.88686825500002,214.88686825500002
2025-01-31,30,8,q4_3,B1,q4-inheritance-v2,adjustment_time,1430.690351851852,1430.690351851852,0.0,0.3637,0.3637,520.3420809685186,520.3420809685186
2025-01-31,30,9,q4_3,B1,q4-inheritance-v2,adjustment_time,606.4752616666666,606.4752616666666,0.0,0.3726,0.3726,225.97268249699997,225.97268249699997
2025-01-31,30,10,q4_3,B1,q4-inheritance-v2,adjustment_time,619.74794,619.74794,0.0,0.3673,0.3673,227.633418362,227.633418362
2025-01-31,30,11,q4_3,B1,q4-inheritance-v2,adjustment_time,1432.5117592592592,1432.5117592592592,0.0,0.3513,0.3513,503.2413810277778,503.2413810277778
2025-01-31,30,12,q4_3,B1,q4-inheritance-v2,adjustment_time,1176.2325425902472,1176.2325425902472,0.0,0.3334,0.3334,392.1559296995884,392.1559296995884
2025-01-31,30,13,q4_3,B1,q4-inheritance-v2,adjustment_time,580.409201388889,580.409201388889,0.0,0.3577,0.3577,207.61237133680558,207.61237133680558
2025-01-31,30,14,q4_3,B1,q4-inheritance-v2,adjustment_time,0.0,0.0,0.0,0.4041,0.4041,0.0,0.0
2025-01-31,30,15,q4_3,B1,q4-inheritance-v2,adjustment_time,1395.9244946296296,1395.9244946296296,0.0,0.4069,0.4069,568.0016768647963,568.0016768647963
2025-01-31,30,16,q4_3,B1,q4-inheritance-v2,adjustment_time,1270.0686350810524,1270.0686350810524,0.0,0.4074,0.4074,517.4259619320208,517.4259619320208
2025-01-31,30,17,q4_3,B1,q4-inheritance-v2,adjustment_time,0.0,0.0,0.0,0.4289,0.4289,0.0,0.0
2025-01-31,30,18,q4_3,B1,q4-inheritance-v2,adjustment_time,618.877636388889,618.877636388889,0.0,0.4463,0.4463,276.20508912036115,276.20508912036115
2025-01-31,30,19,q4_3,B1,q4-inheritance-v2,adjustment_time,665.4485591666668,665.4485591666668,0.0,0.4264,0.4264,283.7472656286667,283.7472656286667
2025-01-31,30,20,q4_3,B1,q4-inheritance-v2,adjustment_time,630.8433333333332,630.8433333333332,0.0,0.396,0.396,249.81395999999998,249.81395999999998
2025-01-31,30,21,q4_3,B1,q4-inheritance-v2,adjustment_time,1444.2868066666665,1444.2868066666665,0.0,0.4131,0.4131,596.634879834,596.634879834
2025-01-31,30,22,q4_3,B1,q4-inheritance-v2,adjustment_time,620.4501183333333,620.4501183333333,0.0,0.4199,0.4199,260.52700468816664,260.52700468816664
2025-01-31,30,23,q4_3,B1,q4-inheritance-v2,adjustment_time,614.8720462962964,614.8720462962964,0.0,0.4068,0.4068,250.12994843333337,250.12994843333337
2025-01-31,30,24,q4_3,B1,q4-inheritance-v2,adjustment_time,487.70160370370365,487.70160370370365,0.0,0.4173,0.4173,203.51787922555553,203.51787922555553
2025-01-31,30,25,q4_3,B1,q4-inheritance-v2,adjustment_time,639.9569791666667,639.9569791666667,0.0,0.3967,0.3967,253.87093363541666,253.87093363541666
2025-01-31,30,26,q4_3,B1,q4-inheritance-v2,adjustment_time,655.8337499999998,655.8337499999998,0.0,0.3628,0.3628,237.93648449999992,237.93648449999992
2025-01-31,30,27,q4_3,B1,q4-inheritance-v2,adjustment_time,0.0,0.0,0.0,0.3948,0.3948,0.0,0.0
2025-01-31,30,28,q4_3,B1,q4-inheritance-v2,adjustment_time,0.0,0.0,0.0,0.4256,0.4256,0.0,0.0
2025-01-31,30,29,q4_3,B1,q4-inheritance-v2,adjustment_time,614.0462499999999,614.0462499999999,0.0,0.4232,0.4232,259.86437299999994,259.86437299999994
2025-01-31,30,30,q4_3,B1,q4-inheritance-v2,adjustment_time,662.0925582407407,662.0925582407407,0.0,0.4181,0.4181,276.8208986004537,276.8208986004537
2025-01-31,30,31,q4_3,B1,q4-inheritance-v2,adjustment_time,688.0736575925926,688.0736575925926,0.0,0.4022,0.4022,276.74322508374075,276.74322508374075
2025-01-31,30,32,q4_3,B1,q4-inheritance-v2,adjustment_time,1468.1951666666664,1468.1951666666664,0.0,0.3729,0.3729,547.4899776499999,547.4899776499999
2025-01-31,30,33,q4_3,B1,q4-inheritance-v2,adjustment_time,1468.1606305555554,1468.1606305555554,0.0,0.369,0.369,541.7512726749999,541.7512726749999
2025-01-31,30,34,q4_3,B1,q4-inheritance-v2,adjustment_time,680.6381762962963,680.6381762962963,0.0,0.5221,0.5221,355.3611918442963,355.3611918442963
2025-01-31,30,35,q4_3,B1,q4-inheritance-v2,adjustment_time,709.2760833333334,709.2760833333333,-1.1368683772161603e-13,0.7593,0.7593,538.5533300750001,538.553330075
2025-01-31,30,36,q4_3,B1,q4-inheritance-v2,adjustment_time,661.3647944722227,661.3647944722226,-1.1368683772161603e-13,0.8569,0.7593,566.7234923832476,566.7234923832475
2025-01-31,30,37,q4_3,B1,q4-inheritance-v2,adjustment_time,751.0668830555555,751.0668830555556,1.1368683772161603e-13,0.8906,0.7593,668.9001660492777,668.9001660492778
2025-01-31,30,38,q4_3,B1,q4-inheritance-v2,adjustment_time,700.0747083333332,700.0747083333331,-1.1368683772161603e-13,0.9056,0.7593,633.9876558666665,633.9876558666664
2025-01-31,30,39,q4_3,B1,q4-inheritance-v2,adjustment_time,0.0,0.0,0.0,0.8653,0.7593,0.0,0.0
2025-01-31,30,40,q4_3,B1,q4-inheritance-v2,adjustment_time,0.0,0.0,0.0,0.8326,0.7593,0.0,0.0
2025-01-31,30,41,q4_3,B1,q4-inheritance-v2,adjustment_time,0.0,0.0,0.0,0.8381,0.7593,0.0,0.0
2025-01-31,30,42,q4_3,B1,q4-inheritance-v2,adjustment_time,0.0,0.0,0.0,0.8552,0.7593,0.0,0.0
2025-01-31,30,43,q4_3,B1,q4-inheritance-v2,adjustment_time,0.0,0.0,0.0,0.8641,0.7593,0.0,0.0
2025-01-31,30,44,q4_3,B1,q4-inheritance-v2,adjustment_time,597.4659425925928,597.4659425925928,0.0,0.8264,0.7593,493.7458549585187,493.7458549585187
2025-01-31,30,45,q4_3,B1,q4-inheritance-v2,adjustment_time,1239.553010816353,1239.5530108163528,-2.2737367544323206e-13,0.7485,0.7593,927.8054285960403,927.8054285960402
2025-01-31,30,46,q4_3,B1,q4-inheritance-v2,adjustment_time,0.0,0.0,0.0,0.8821,0.7593,0.0,0.0
2025-01-31,30,47,q4_3,B1,q4-inheritance-v2,adjustment_time,0.0,0.0,0.0,1.1147,0.7593,0.0,0.0
2025-01-31,30,48,q4_3,B1,q4-inheritance-v2,adjustment_time,0.0,0.0,0.0,1.0666,0.7593,0.0,0.0
2025-01-31,30,49,q4_3,B1,q4-inheritance-v2,adjustment_time,0.0,0.0,0.0,0.981,0.7593,0.0,0.0
2025-01-31,30,50,q4_3,B1,q4-inheritance-v2,adjustment_time,0.0,0.0,0.0,0.9845,0.7593,0.0,0.0
2025-01-31,30,51,q4_3,B1,q4-inheritance-v2,adjustment_time,0.0,0.0,0.0,0.9693,0.7593,0.0,0.0
2025-01-31,30,52,q4_3,B1,q4-inheritance-v2,adjustment_time,0.0,0.0,0.0,0.9964,0.7593,0.0,0.0
2025-01-31,30,53,q4_3,B1,q4-inheritance-v2,adjustment_time,0.0,0.0,0.0,1.0268,0.7593,0.0,0.0
2025-01-31,30,54,q4_3,B1,q4-inheritance-v2,adjustment_time,0.0,0.0,0.0,0.9497,0.7593,0.0,0.0
2025-01-31,30,55,q4_3,B1,q4-inheritance-v2,adjustment_time,0.0,0.0,0.0,0.9335,0.7593,0.0,0.0
2025-01-31,30,56,q4_3,B1,q4-inheritance-v2,adjustment_time,0.0,0.0,0.0,0.9712,0.7593,0.0,0.0
2025-01-31,30,57,q4_3,B1,q4-inheritance-v2,adjustment_time,0.0,0.0,0.0,0.907,0.7593,0.0,0.0
2025-01-31,30,58,q4_3,B1,q4-inheritance-v2,adjustment_time,0.0,0.0,0.0,0.9629,0.7593,0.0,0.0
2025-01-31,30,59,q4_3,B1,q4-inheritance-v2,adjustment_time,0.0,0.0,0.0,1.108,0.7593,0.0,0.0
2025-01-31,30,60,q4_3,B1,q4-inheritance-v2,adjustment_time,0.0,0.0,0.0,1.0746,0.7593,0.0,0.0
2025-01-31,30,61,q4_3,B1,q4-inheritance-v2,adjustment_time,0.0,0.0,0.0,1.0388,0.7593,0.0,0.0
2025-01-31,30,62,q4_3,B1,q4-inheritance-v2,adjustment_time,0.0,0.0,0.0,1.0936,0.7593,0.0,0.0
2025-01-31,30,63,q4_3,B1,q4-inheritance-v2,adjustment_time,0.0,0.0,0.0,1.1025,0.7593,0.0,0.0
2025-01-31,30,64,q4_3,B1,q4-inheritance-v2,adjustment_time,0.0,0.0,0.0,0.8245,0.7593,0.0,0.0
2025-01-31,30,65,q4_3,B1,q4-inheritance-v2,adjustment_time,66.5488685185187,66.5488685185187,0.0,0.4377,0.7593,29.128439750555636,29.128439750555636
2025-01-31,30,66,q4_3,B1,q4-inheritance-v2,adjustment_time,704.7458224999998,704.7458224999998,0.0,0.3936,0.7593,277.3879557359999,277.3879557359999
2025-01-31,30,67,q4_3,B1,q4-inheritance-v2,adjustment_time,0.0,0.0,0.0,0.4695,0.7593,0.0,0.0
2025-01-31,30,68,q4_3,B1,q4-inheritance-v2,adjustment_time,611.3859333333334,611.3859333333334,0.0,0.4748,0.7593,290.28604114666666,290.28604114666666
2025-01-31,30,69,q4_3,B1,q4-inheritance-v2,adjustment_time,598.0867683333336,598.0867683333336,0.0,0.4341,0.7593,259.6294661335001,259.6294661335001
2025-01-31,30,70,q4_3,B1,q4-inheritance-v2,adjustment_time,580.1449274999999,580.1449274999998,-1.1368683772161603e-13,0.4072,0.7593,236.23501447799995,236.23501447799995
2025-01-31,30,71,q4_3,B1,q4-inheritance-v2,adjustment_time,533.1207166666667,0.0,-533.1207166666667,0.4126,0.4126,219.9656076966667,109.98280384833335
2025-01-31,30,72,q4_3,B1,q4-inheritance-v2,adjustment_time,189.97818788735032,0.0,-189.97818788735032,0.4265,0.4126,81.0256971339549,39.192500161160375
2025-01-31,30,73,q4_3,B1,q4-inheritance-v2,adjustment_time,547.7691441666669,0.0,-547.7691441666669,0.4447,0.4126,243.5929384109168,113.0047744415834
2025-01-31,30,74,q4_3,B1,q4-inheritance-v2,adjustment_time,614.3297833333336,0.0,-614.3297833333336,0.4265,0.4126,262.01165259166675,126.73623430166673
2025-01-31,30,75,q4_3,B1,q4-inheritance-v2,adjustment_time,575.5221553703702,0.0,-575.5221553703702,0.3662,0.4126,210.7562132966296,118.73022065290739
2025-01-31,30,76,q4_3,B1,q4-inheritance-v2,adjustment_time,574.5701870370373,0.0,-574.5701870370373,0.5479,0.4126,314.8070054775927,118.53382958574079
2025-01-31,30,77,q4_3,B1,q4-inheritance-v2,adjustment_time,0.0,0.0,0.0,0.8566,0.4126,0.0,0.0
2025-01-31,30,78,q4_3,B1,q4-inheritance-v2,adjustment_time,0.0,0.0,0.0,0.8643,0.4126,0.0,0.0
2025-01-31,30,79,q4_3,B1,q4-inheritance-v2,adjustment_time,0.0,0.0,0.0,0.7708,0.4126,0.0,0.0
2025-01-31,30,80,q4_3,B1,q4-inheritance-v2,adjustment_time,0.0,0.0,0.0,0.7367,0.4126,0.0,0.0
2025-01-31,30,81,q4_3,B1,q4-inheritance-v2,adjustment_time,0.0,0.0,0.0,0.7421,0.4126,0.0,0.0
2025-01-31,30,82,q4_3,B1,q4-inheritance-v2,adjustment_time,0.0,0.0,0.0,0.8423,0.4126,0.0,0.0
2025-01-31,30,83,q4_3,B1,q4-inheritance-v2,adjustment_time,0.0,0.0,0.0,0.9852,0.4126,0.0,0.0
2025-01-31,30,84,q4_3,B1,q4-inheritance-v2,adjustment_time,0.0,0.0,0.0,1.0337,0.4126,0.0,0.0
2025-01-31,30,85,q4_3,B1,q4-inheritance-v2,adjustment_time,0.0,0.0,0.0,1.0204,0.4126,0.0,0.0
2025-01-31,30,86,q4_3,B1,q4-inheritance-v2,adjustment_time,0.0,0.0,0.0,1.0475,0.4126,0.0,0.0
2025-01-31,30,87,q4_3,B1,q4-inheritance-v2,adjustment_time,0.0,0.0,0.0,1.1365,0.4126,0.0,0.0
2025-01-31,30,88,q4_3,B1,q4-inheritance-v2,adjustment_time,0.0,0.0,0.0,0.9144,0.4126,0.0,0.0
2025-01-31,30,89,q4_3,B1,q4-inheritance-v2,adjustment_time,1016.5389870370369,1016.5389870370368,-1.1368683772161603e-13,0.5366,0.4126,545.474820444074,545.4748204440739
2025-01-31,30,90,q4_3,B1,q4-inheritance-v2,adjustment_time,452.30498420781794,287.6061085185187,-164.69887568929926,0.559,0.4126,252.83848617217026,194.74919271655438
2025-01-31,30,91,q4_3,B1,q4-inheritance-v2,adjustment_time,0.0,0.0,0.0,0.6456,0.4126,0.0,0.0
2025-01-31,30,92,q4_3,B1,q4-inheritance-v2,adjustment_time,567.1163287152531,567.116328715253,-1.1368683772161603e-13,0.6251,0.4126,354.50441707990467,354.5044170799046
2025-01-31,30,93,q4_3,B1,q4-inheritance-v2,adjustment_time,459.5981825000001,437.9797520872151,-21.618430412785017,0.6613,0.4126,303.9322780872501,294.0958922494329
2025-01-31,30,94,q4_3,B1,q4-inheritance-v2,adjustment_time,396.37115611111096,396.3711561111108,-1.7053025658242404e-13,0.6853,0.4126,271.63315328294436,271.6331532829443
2025-01-31,30,95,q4_3,B1,q4-inheritance-v2,adjustment_time,390.70465555555575,390.70465555555563,-1.1368683772161603e-13,0.6653,0.4126,259.93580734111123,259.9358073411112
2025-01-31,30,96,q4_3,B1,q4-inheritance-v2,adjustment_time,427.14514597222177,427.1451459722216,-1.7053025658242404e-13,0.6643,0.4126,283.7525204693469,283.75252046934685
2025-01-31,30,97,q4_3,B1,q4-inheritance-v2,adjustment_time,494.7051194444439,494.7051194444434,-4.547473508864641e-13,0.724,0.4126,358.1665064777774,358.16650647777715
2025-01-31,30,98,q4_3,B1,q4-inheritance-v2,adjustment_time,0.0,0.0,0.0,0.7965,0.4126,0.0,0.0
2025-01-31,30,99,q4_3,B1,q4-inheritance-v2,adjustment_time,0.0,0.0,0.0,0.7894,0.4126,0.0,0.0
2025-01-31,30,100,q4_3,B1,q4-inheritance-v2,adjustment_time,619.6891861111108,619.6891861111105,-2.2737367544323206e-13,0.7599,0.4126,470.90181252583307,470.90181252583295
2025-01-31,30,101,q4_3,B1,q4-inheritance-v2,adjustment_time,675.1286666666667,675.1286666666666,-1.1368683772161603e-13,0.758,0.4126,511.7475293333334,511.7475293333333
2025-01-31,30,102,q4_3,B1,q4-inheritance-v2,adjustment_time,1115.7574650617314,1115.7574650617312,-2.2737367544323206e-13,0.7828,0.4126,873.4149436503234,873.4149436503233
2025-01-31,30,103,q4_3,B1,q4-inheritance-v2,adjustment_time,892.5085058333332,892.5085058333326,-5.684341886080801e-13,0.8098,0.4126,722.7533880238332,722.7533880238328
2025-01-31,30,104,q4_3,B1,q4-inheritance-v2,adjustment_time,888.4516500000001,888.4516499999997,-3.410605131648481e-13,0.787,0.4126,699.2114485500001,699.2114485499999
2025-01-31,30,105,q4_3,B1,q4-inheritance-v2,adjustment_time,984.7110609259249,984.7110609259247,-2.2737367544323206e-13,0.7107,0.4126,699.8341510000548,699.8341510000547
2025-01-31,30,106,q4_3,B1,q4-inheritance-v2,adjustment_time,654.5793738888888,10.27753250000001,-644.3018413888888,0.8429,0.4126,551.7449542509444,141.58240202277779
2025-01-31,30,107,q4_3,B1,q4-inheritance-v2,adjustment_time,257.36815818518437,257.36815818518437,0.0,1.1233,1.1233,289.1016520894176,289.1016520894176
2025-01-31,30,108,q4_3,B1,q4-inheritance-v2,adjustment_time,520.8136805555555,520.8136805555556,1.1368683772161603e-13,1.2081,1.1233,629.1950074791665,629.1950074791667
2025-01-31,30,109,q4_3,B1,q4-inheritance-v2,adjustment_time,620.4052416666666,620.4052416666666,0.0,1.1729,1.1233,727.6733079508333,727.6733079508333
2025-01-31,30,110,q4_3,B1,q4-inheritance-v2,adjustment_time,578.7193333333332,578.7193333333332,0.0,1.1135,1.1233,644.4039776666665,644.4039776666665
2025-01-31,30,111,q4_3,B1,q4-inheritance-v2,adjustment_time,599.8971848261799,599.8971848261799,0.0,1.0682,1.1233,640.8101728313254,640.8101728313254
2025-01-31,30,112,q4_3,B1,q4-inheritance-v2,adjustment_time,0.0,0.0,0.0,1.1908,1.1233,0.0,0.0
2025-01-31,30,113,q4_3,B1,q4-inheritance-v2,adjustment_time,0.0,0.0,0.0,1.372,1.1233,0.0,0.0
2025-01-31,30,114,q4_3,B1,q4-inheritance-v2,adjustment_time,0.0,0.0,0.0,1.3327,1.1233,0.0,0.0
2025-01-31,30,115,q4_3,B1,q4-inheritance-v2,adjustment_time,0.0,0.0,0.0,1.2774,1.1233,0.0,0.0
2025-01-31,30,116,q4_3,B1,q4-inheritance-v2,adjustment_time,0.0,0.0,0.0,1.3208,1.1233,0.0,0.0
2025-01-31,30,117,q4_3,B1,q4-inheritance-v2,adjustment_time,0.0,0.0,0.0,1.3661,1.1233,0.0,0.0
2025-01-31,30,118,q4_3,B1,q4-inheritance-v2,adjustment_time,0.0,0.0,0.0,1.3326,1.1233,0.0,0.0
2025-01-31,30,119,q4_3,B1,q4-inheritance-v2,adjustment_time,0.0,0.0,0.0,1.2741,1.1233,0.0,0.0
2025-01-31,30,120,q4_3,B1,q4-inheritance-v2,adjustment_time,0.0,0.0,0.0,1.3106,1.1233,0.0,0.0
2025-01-31,30,121,q4_3,B1,q4-inheritance-v2,adjustment_time,0.0,0.0,0.0,1.3242,1.1233,0.0,0.0
2025-01-31,30,122,q4_3,B1,q4-inheritance-v2,adjustment_time,0.0,0.0,0.0,1.3313,1.1233,0.0,0.0
2025-01-31,30,123,q4_3,B1,q4-inheritance-v2,adjustment_time,0.0,0.0,0.0,1.4161,1.1233,0.0,0.0
2025-01-31,30,124,q4_3,B1,q4-inheritance-v2,adjustment_time,0.0,0.0,0.0,1.1818,1.1233,0.0,0.0
2025-01-31,30,125,q4_3,B1,q4-inheritance-v2,adjustment_time,643.9813425925927,643.9813425925927,0.0,0.7683,1.1233,494.77086551388896,494.77086551388896
2025-01-31,30,126,q4_3,B1,q4-inheritance-v2,adjustment_time,813.5308326954732,813.5308326954732,0.0,0.7473,1.1233,607.9515912733272,607.9515912733272
2025-01-31,30,127,q4_3,B1,q4-inheritance-v2,adjustment_time,690.4944791666665,690.4944791666665,0.0,0.8021,1.1233,553.8456217395832,553.8456217395832
2025-01-31,30,128,q4_3,B1,q4-inheritance-v2,adjustment_time,676.2781666666668,676.2781666666668,0.0,0.8006,1.1233,541.4283002333334,541.4283002333334
2025-01-31,30,129,q4_3,B1,q4-inheritance-v2,adjustment_time,606.0392007407406,606.0392007407406,0.0,0.8833,1.1233,535.3144260142961,535.3144260142961
2025-01-31,30,130,q4_3,B1,q4-inheritance-v2,adjustment_time,670.0797666666666,670.0797666666666,0.0,0.6589,1.1233,441.5155582566667,441.5155582566667
2025-01-31,30,131,q4_3,B1,q4-inheritance-v2,adjustment_time,1273.2834166666667,1273.2834166666669,2.2737367544323206e-13,0.2558,1.1233,325.7058979833334,325.7058979833338
2025-01-31,30,132,q4_3,B1,q4-inheritance-v2,adjustment_time,1277.2201558333331,1277.2201558333331,0.0,0.2432,1.1233,310.61994189866664,310.61994189866664
2025-01-31,30,133,q4_3,B1,q4-inheritance-v2,adjustment_time,0.0,0.0,0.0,0.3342,1.1233,0.0,0.0
2025-01-31,30,134,q4_3,B1,q4-inheritance-v2,adjustment_time,464.67911111111096,464.679111111111,5.684341886080802e-14,0.3349,1.1233,155.62103431111106,155.62103431111115
2025-01-31,30,135,q4_3,B1,q4-inheritance-v2,adjustment_time,1109.8006385531453,1109.8006385531453,0.0,0.3384,1.1233,375.55653608638437,375.55653608638437
2025-01-31,30,136,q4_3,B1,q4-inheritance-v2,adjustment_time,547.6715125,547.6715125000001,1.1368683772161603e-13,0.3326,1.1233,182.15554505749998,182.15554505750018
2025-01-31,30,137,q4_3,B1,q4-inheritance-v2,adjustment_time,506.4959629629629,506.49596296296295,5.684341886080802e-14,0.3147,1.1233,159.3942795444444,159.3942795444445
2025-01-31,30,138,q4_3,B1,q4-inheritance-v2,adjustment_time,485.2698669444443,485.2698669444443,0.0,0.3124,1.1233,151.5983064334444,151.5983064334444
2025-01-31,30,139,q4_3,B1,q4-inheritance-v2,adjustment_time,1292.0676805555554,1292.0676805555554,0.0,0.3163,1.1233,408.68100735972223,408.68100735972223
2025-01-31,30,140,q4_3,B1,q4-inheritance-v2,adjustment_time,1291.8166203703702,1291.8166203703702,0.0,0.3189,1.1233,411.96032023611104,411.96032023611104
2025-01-31,30,141,q4_3,B1,q4-inheritance-v2,adjustment_time,515.4383399999999,515.4383399999999,0.0,0.3215,1.1233,165.71342631,165.71342631
2025-01-31,30,142,q4_3,B1,q4-inheritance-v2,adjustment_time,493.0039516666665,493.00395166666664,1.1368683772161603e-13,0.3139,1.1233,154.75394042816663,154.75394042816683
2025-01-31,30,143,q4_3,B1,q4-inheritance-v2,adjustment_time,1269.8334583333333,1269.833458333333,-2.2737367544323206e-13,0.309,1.1233,392.378538625,392.37853862500003
