date,day_index,plan_j,B_kwh,A_kwh,delta_A_minus_B_kwh,price_yuan_per_kwh,plan_reference_fee_yuan,final_regular_fee_yuan
2025-07-01,181,0,701.3243016666669,701.3243016666669,0.0,0.5999,420.72444856983344,420.72444856983344
2025-07-01,181,1,1524.5956783333331,1524.5956783333331,0.0,0.5852,892.1933909606666,892.1933909606666
2025-07-01,181,2,662.5289166666666,662.5289166666666,0.0,0.5363,355.3142580083333,355.3142580083333
2025-07-01,181,3,0.0,0.0,0.0,0.4891,0.0,0.0
2025-07-01,181,4,676.9862983333335,676.9862983333335,0.0,0.5116,346.34619022733347,346.34619022733347
2025-07-01,181,5,1509.4098333333332,1509.4098333333332,0.0,0.5667,855.3825525499999,855.3825525499999
2025-07-01,181,6,1466.8162983333332,1466.8162983333332,0.0,0.552,809.68259668,809.68259668
2025-07-01,181,7,0.0,0.0,0.0,0.5497,0.0,0.0
2025-07-01,181,8,0.0,0.0,0.0,0.5661,0.0,0.0
2025-07-01,181,9,0.0,0.0,0.0,0.5229,0.0,0.0
2025-07-01,181,10,0.0,0.0,0.0,0.4983,0.0,0.0
2025-07-01,181,11,0.0,0.0,0.0,0.533,0.0,0.0
2025-07-01,181,12,0.0,0.0,0.0,0.577,0.0,0.0
2025-07-01,181,13,608.2750583333332,608.2750583333332,0.0,0.5342,324.94053616166656,324.94053616166656
2025-07-01,181,14,626.1895,626.1895,0.0,0.462,289.299549,289.299549
2025-07-01,181,15,619.2824024999999,619.2824024999999,0.0,0.5077,314.40967574924997,314.40967574924997
2025-07-01,181,16,1482.1204424999996,1482.1204424999996,0.0,0.5304,786.1166827019998,786.1166827019998
2025-07-01,181,17,1513.1071666666667,1513.1071666666667,0.0,0.4908,742.6329974,742.6329974
2025-07-01,181,18,1450.346075833333,1450.346075833333,0.0,0.4905,711.3947501962499,711.3947501962499
2025-07-01,181,19,1439.7143233333331,1439.7143233333331,0.0,0.4964,714.6741901026666,714.6741901026666
2025-07-01,181,20,0.0,0.0,0.0,0.4861,0.0,0.0
2025-07-01,181,21,0.0,0.0,0.0,0.478,0.0,0.0
2025-07-01,181,22,571.4520674999999,571.4520674999999,0.0,0.4673,267.03955114274993,267.03955114274993
2025-07-01,181,23,1445.6843333333331,1445.6843333333331,0.0,0.4724,682.9412790666665,682.9412790666665
2025-07-01,181,24,1421.2832583333332,1421.2832583333332,0.0,0.5158,733.0979046483333,733.0979046483333
2025-07-01,181,25,1438.1936091666666,1438.1936091666666,0.0,0.5242,753.9010899251666,753.9010899251666
2025-07-01,181,26,1493.8955583333332,1493.8955583333332,0.0,0.4905,732.7557713624999,732.7557713624999
2025-07-01,181,27,1463.5999499999998,1463.5999499999998,0.0,0.4863,711.7486556849999,711.7486556849999
2025-07-01,181,28,624.7432774999997,624.7432774999997,0.0,0.5354,334.48755077349983,334.48755077349983
2025-07-01,181,29,655.6721999999999,655.6721999999999,0.0,0.5722,375.17563283999993,375.17563283999993
2025-07-01,181,30,1459.262154722222,1459.262154722222,0.0,0.5075,740.5755435215276,740.5755435215276
2025-07-01,181,31,1009.8401325877464,1009.8401325877464,0.0,0.4542,458.66938822135444,458.66938822135444
2025-07-01,181,32,552.9283583333332,552.9283583333332,0.0,0.4289,237.1509728891666,237.1509728891666
2025-07-01,181,33,1311.9130530555556,1311.9130530555556,0.0,0.3868,507.44796892188884,507.44796892188884
2025-07-01,181,34,509.8563711111111,509.8563711111111,0.0,0.6057,308.820003982,308.820003982
2025-07-01,181,35,0.0,0.0,0.0,0.9452,0.0,0.0
2025-07-01,181,36,0.0,0.0,0.0,0.9431,0.0,0.0
2025-07-01,181,37,0.0,0.0,0.0,0.8431,0.0,0.0
2025-07-01,181,38,0.0,0.0,0.0,0.8341,0.0,0.0
2025-07-01,181,39,0.0,0.0,0.0,0.8643,0.0,0.0
2025-07-01,181,40,0.0,0.0,0.0,0.8641,0.0,0.0
2025-07-01,181,41,0.0,0.0,0.0,0.8199,0.0,0.0
2025-07-01,181,42,0.0,772.8762730295381,772.8762730295381,0.7789,0.0,902.9899935940608
2025-07-01,181,43,30.177777042994325,1105.7706124999997,1075.5928354570053,0.7999,24.13920385669116,1314.6892674797791
2025-07-01,181,44,250.13925000000006,250.13925000000003,-2.842170943040401e-14,0.8142,203.66337735000005,203.66337735000005
2025-07-01,181,45,987.2671750756838,949.79019,-37.47698507568373,0.7346,725.2464668105973,711.4811701922987
2025-07-01,181,46,0.0,0.0,0.0,0.8972,0.0,0.0
2025-07-01,181,47,0.0,0.0,0.0,1.2032,0.0,0.0
2025-07-01,181,48,0.0,0.0,0.0,1.1991,0.0,0.0
2025-07-01,181,49,0.0,0.0,0.0,1.1647,0.0,0.0
2025-07-01,181,50,0.0,0.0,0.0,1.2166,0.0,0.0
2025-07-01,181,51,0.0,0.0,0.0,1.1825,0.0,0.0
2025-07-01,181,52,0.0,0.0,0.0,1.14,0.0,0.0
2025-07-01,181,53,0.0,0.0,0.0,1.1364,0.0,0.0
2025-07-01,181,54,0.0,0.0,0.0,1.1261,0.0,0.0
2025-07-01,181,55,0.0,0.0,0.0,1.0798,0.0,0.0
2025-07-01,181,56,0.0,0.0,0.0,1.0031,0.0,0.0
2025-07-01,181,57,0.0,0.0,0.0,0.9621,0.0,0.0
2025-07-01,181,58,0.0,0.0,0.0,1.1284,0.0,0.0
2025-07-01,181,59,0.0,0.0,0.0,1.3496,0.0,0.0
2025-07-01,181,60,0.0,0.0,0.0,1.2701,0.0,0.0
2025-07-01,181,61,0.0,0.0,0.0,1.1162,0.0,0.0
2025-07-01,181,62,0.0,0.0,0.0,1.1106,0.0,0.0
2025-07-01,181,63,0.0,0.0,0.0,1.221,0.0,0.0
2025-07-01,181,64,0.0,0.0,0.0,1.033,0.0,0.0
2025-07-01,181,65,0.0,0.0,0.0,0.6433,0.0,0.0
2025-07-01,181,66,0.0,336.1933053165972,336.1933053165972,0.5717,0.0,288.30256897424795
2025-07-01,181,67,0.0,762.7050930555552,762.7050930555552,0.6174,0.0,706.3411866787495
2025-07-01,181,68,0.0,592.527716666667,592.527716666667,0.6214,0.0,552.2950847050002
2025-07-01,181,69,0.0,0.0,0.0,0.6386,0.0,0.0
2025-07-01,181,70,0.0,0.0,0.0,0.6655,0.0,0.0
2025-07-01,181,71,0.0,775.1493125,775.1493125,0.6527,0.0,758.9099344031249
2025-07-01,181,72,460.6717424999998,460.6717424999999,5.684341886080802e-14,0.5684,261.84581843699993,261.845818437
2025-07-01,181,73,506.5058483333336,760.5045913888889,253.99874305555534,0.5517,279.43927652550013,489.635936341125
2025-07-01,181,74,0.0,668.9530875,668.9530875,0.5689,0.0,570.851117218125
2025-07-01,181,75,391.2663899999999,538.9379861111115,147.67159611111163,0.4894,191.48577126599994,299.891489971167
2025-07-01,181,76,345.3629091666668,518.3365213888891,172.9736122222223,0.6366,219.85802797550008,385.03053028650015
2025-07-01,181,77,0.0,0.0,0.0,0.948,0.0,0.0
2025-07-01,181,78,0.0,0.0,0.0,1.0029,0.0,0.0
2025-07-01,181,79,0.0,0.0,0.0,0.949,0.0,0.0
2025-07-01,181,80,0.0,0.0,0.0,0.9315,0.0,0.0
2025-07-01,181,81,0.0,0.0,0.0,0.9589,0.0,0.0
2025-07-01,181,82,0.0,0.0,0.0,1.0874,0.0,0.0
2025-07-01,181,83,0.0,0.0,0.0,1.2268,0.0,0.0
2025-07-01,181,84,0.0,0.0,0.0,1.2102,0.0,0.0
2025-07-01,181,85,0.0,0.0,0.0,1.1942,0.0,0.0
2025-07-01,181,86,0.0,0.0,0.0,1.2809,0.0,0.0
2025-07-01,181,87,0.0,0.0,0.0,1.3742,0.0,0.0
2025-07-01,181,88,0.0,0.0,0.0,1.1557,0.0,0.0
2025-07-01,181,89,117.97931666666614,657.2695084169708,539.2901917503046,0.7947,93.75816295499958,736.6190360309503
2025-07-01,181,90,18.790501111110217,177.6343847957447,158.84388368463448,0.7994,15.021126588221508,205.49082751446673
2025-07-01,181,91,198.9148672222218,1036.4650441666668,837.550176944445,0.8811,175.26388950949962,1282.2120808681254
2025-07-01,181,92,1059.3739083333332,1059.3739083333332,0.0,0.8614,912.5446846383334,912.5446846383334
2025-07-01,181,93,297.7709269444441,297.779585302993,0.008658358548871092,0.8461,251.94398128769416,251.95497004344645
2025-07-01,181,94,385.7670122222222,385.7670122222222,0.0,0.8218,317.0233306442222,317.0233306442222
2025-07-01,181,95,456.29483333333314,456.2948333333331,-5.684341886080802e-14,0.8211,374.6636876499999,374.6636876499998
2025-07-01,181,96,484.74555444444434,489.423511111111,4.67795666666666,0.9076,439.9550652137777,446.3236354197777
2025-07-01,181,97,522.0631155555554,522.0631155555554,0.0,0.961,501.70265404888875,501.70265404888875
2025-07-01,181,98,579.6578333333332,579.6578333333333,1.1368683772161603e-13,0.9635,558.5003224166666,558.5003224166667
2025-07-01,181,99,614.7502919444445,614.7502919444445,0.0,1.0113,621.6969702434168,621.6969702434168
2025-07-01,181,100,631.6450972222223,631.6450972222223,0.0,1.0578,668.1541838416667,668.1541838416667
2025-07-01,181,101,659.6461666666667,659.6461666666667,0.0,1.0511,693.3540857833333,693.3540857833333
2025-07-01,181,102,719.9050508333335,719.9050508333335,0.0,1.0095,726.7441488162502,726.7441488162502
2025-07-01,181,103,777.3327933333333,777.3327933333334,1.1368683772161603e-13,1.0905,847.6814111299999,847.6814111300001
2025-07-01,181,104,845.0091416666667,845.0091416666667,0.0,1.2098,1022.2920595883334,1022.2920595883334
2025-07-01,181,105,932.2437374999997,932.2437374999997,0.0,1.1402,1062.9443094974997,1062.9443094974997
2025-07-01,181,106,822.3165566666668,822.3165566666668,0.0,1.1685,960.8768964650002,960.8768964650002
2025-07-01,181,107,619.6248666666668,729.3093541666667,109.68448749999993,1.3155,815.1165121,1031.5514270593749
2025-07-01,181,108,631.2166543611105,731.2115870833333,99.99493272222276,1.3112,827.6512771982881,1024.3213108763557
2025-07-01,181,109,748.0266641666667,768.6434433333333,20.61677916666656,1.3017,973.7063087457501,1013.9616009076249
2025-07-01,181,110,644.2415416666665,777.0709687499999,132.82942708333337,1.3609,876.7483140541665,1147.899665030729
2025-07-01,181,111,707.2505219444445,799.7132325,92.46271055555553,1.4145,1000.4058632904167,1196.5886194116667
2025-07-01,181,112,209.47506185395446,859.9978804166665,650.522818562712,1.517,317.7736688324489,1798.0383424719003
2025-07-01,181,113,62.11445000000013,80.97900000000004,18.86454999999991,1.6483,102.38324793500023,149.0249045825
2025-07-01,181,114,67.4220466666668,888.2599716666666,820.8379249999998,1.7056,114.9950427946669,2215.0267901146663
2025-07-01,181,115,120.1436277777777,453.88926658935276,333.7456388115751,1.6941,203.5353198183332,1051.6330498843672
2025-07-01,181,116,90.79830833333357,102.39170833333355,11.593399999999988,1.6655,151.22458252916707,180.18779407916705
2025-07-01,181,117,50.2979508333334,72.6780241666667,22.3800733333333,1.6659,83.79135629325012,139.71580254225003
2025-07-01,181,118,20.750974444444456,840.3074683333333,819.5564938888889,1.6485,34.20798137166668,2060.7663016354168
2025-07-01,181,119,20.039750000000026,813.251,793.21125,1.6351,32.766995225000045,1978.2365675375002
2025-07-01,181,120,21.893405833333418,32.703585833333364,10.810179999999946,1.6908,37.017370583000144,64.43414909900001
2025-07-01,181,121,61.03447749999993,867.895482150061,806.861004650061,1.6982,103.64874969049988,2158.9657868356
2025-07-01,181,122,902.0709999999999,902.0709999999998,-1.1368683772161603e-13,1.6813,1516.6519723,1516.6519722999997
2025-07-01,181,123,81.20469500000002,86.37075941274631,5.1660644127462945,1.7322,140.66277267900003,154.0857578426387
2025-07-01,181,124,869.4451816666667,917.4982291666668,48.05304750000005,1.4904,1295.821098756,1403.2484917470001
2025-07-01,181,125,886.6466666666668,886.6466666666668,0.0,1.0916,967.8635013333334,967.8635013333334
2025-07-01,181,126,908.3414691666667,908.3414691666666,-1.1368683772161603e-13,1.0718,973.5603866528335,973.5603866528335
2025-07-01,181,127,911.7283216666666,911.7283216666665,-1.1368683772161603e-13,1.1357,1035.4498549168331,1035.4498549168331
2025-07-01,181,128,909.4450833333333,909.4450833333332,-1.1368683772161603e-13,1.1288,1026.5816100666666,1026.5816100666666
2025-07-01,181,129,921.4940274999999,921.4940274999998,-1.1368683772161603e-13,1.1456,1055.6635579039998,1055.6635579039996
2025-07-01,181,130,794.3587,799.064686416667,4.705986416666974,0.8845,702.6102701499999,708.8539376283128
2025-07-01,181,131,1458.9180833333335,1458.9180833333335,0.0,0.4913,716.7664543416668,716.7664543416668
2025-07-01,181,132,1505.0324433333333,1505.0324433333333,0.0,0.4722,710.676319742,710.676319742
2025-07-01,181,133,1527.0917983333331,1527.091798333333,-2.2737367544323206e-13,0.5818,888.4620082703332,888.4620082703332
2025-07-01,181,134,1464.3161666666665,1464.3161666666663,-2.2737367544323206e-13,0.5979,875.5146360499999,875.5146360499998
2025-07-01,181,135,1442.1815491666666,1442.1815491666666,0.0,0.5348,771.2786924943334,771.2786924943334
2025-07-01,181,136,659.7657699999999,659.76577,1.1368683772161603e-13,0.4795,316.35768671499994,316.357686715
2025-07-01,181,137,691.0871666666666,691.0871666666667,1.1368683772161603e-13,0.4822,333.24223176666663,333.2422317666667
2025-07-01,181,138,675.3827741666666,675.3827741666666,0.0,0.5288,357.14241097933336,357.14241097933336
2025-07-01,181,139,657.7938174999999,657.7938174999999,0.0,0.5611,369.08811099925,369.08811099925
2025-07-01,181,140,691.8478333333334,691.8478333333333,-1.1368683772161603e-13,0.5593,386.9504931833334,386.9504931833334
2025-07-01,181,141,1291.1969265780467,1291.1969265780467,0.0,0.5473,706.672077916165,706.672077916165
2025-07-01,181,142,659.9756374999998,659.9756374999998,0.0,0.5312,350.5790586399999,350.5790586399999
2025-07-01,181,143,722.7891666666668,722.7891666666669,1.1368683772161603e-13,0.5337,385.75257825000006,385.75257825000017
2025-07-02,182,0,756.3221983333334,756.3221983333334,0.0,0.5762,435.79285067966674,435.79285067966674
2025-07-02,182,1,1573.4255291666666,1573.4255291666666,0.0,0.5905,929.1077749729167,929.1077749729167
2025-07-02,182,2,0.0,0.0,0.0,0.5587,0.0,0.0
2025-07-02,182,3,0.0,0.0,0.0,0.5303,0.0,0.0
2025-07-02,182,4,0.011066397323110683,0.011066397323110683,0.0,0.5312,0.0058784702580363946,0.0058784702580363946
2025-07-02,182,5,1532.8536666666664,1532.8536666666664,0.0,0.5485,840.7702361666666,840.7702361666666
2025-07-02,182,6,1503.9670025,1503.9670025,0.0,0.5466,822.0683635665,822.0683635665
2025-07-02,182,7,669.9381533333333,669.9381533333333,0.0,0.5312,355.87114705066665,355.87114705066665
2025-07-02,182,8,0.0,0.0,0.0,0.5247,0.0,0.0
2025-07-02,182,9,0.0,0.0,0.0,0.5439,0.0,0.0
2025-07-02,182,10,680.44066,680.44066,0.0,0.5579,379.61784421399994,379.61784421399994
2025-07-02,182,11,668.2591666666666,668.2591666666666,0.0,0.5528,369.41366733333325,369.41366733333325
2025-07-02,182,12,665.1860624999998,665.1860624999998,0.0,0.5385,358.2026946562499,358.2026946562499
2025-07-02,182,13,655.0306941666666,655.0306941666666,0.0,0.5103,334.26216323324996,334.26216323324996
2025-07-02,182,14,1487.5580833333333,1487.5580833333333,0.0,0.4963,738.2750767583334,738.2750767583334
2025-07-02,182,15,687.0284875000001,687.0284875000001,0.0,0.5315,365.15564110625,365.15564110625
2025-07-02,182,16,707.9089158333333,707.9089158333333,0.0,0.5331,377.38624303075,377.38624303075
2025-07-02,182,17,1522.8946666666666,1522.8946666666666,0.0,0.5033,766.4728857333332,766.4728857333332
2025-07-02,182,18,1491.1286533333332,1491.1286533333332,0.0,0.5199,775.237786868,775.237786868
2025-07-02,182,19,1493.7775499999998,1493.7775499999998,0.0,0.5096,761.22903948,761.22903948
2025-07-02,182,20,0.0,0.0,0.0,0.4871,0.0,0.0
2025-07-02,182,21,0.0,0.0,0.0,0.5392,0.0,0.0
2025-07-02,182,22,609.5283108333332,609.5283108333332,0.0,0.543,330.97387278249994,330.97387278249994
2025-07-02,182,23,1489.8057499999998,1489.8057499999998,0.0,0.4936,735.3681181999999,735.3681181999999
2025-07-02,182,24,1485.6341949999999,1485.6341949999999,0.0,0.5138,763.318849391,763.318849391
2025-07-02,182,25,671.2608008333333,671.2608008333333,0.0,0.5508,369.73044909899994,369.73044909899994
2025-07-02,182,26,705.4491666666667,705.4491666666667,0.0,0.5532,390.254479,390.254479
2025-07-02,182,27,1482.7434033333332,1482.7434033333332,0.0,0.5246,777.8471893886665,777.8471893886665
2025-07-02,182,28,1479.720518333333,1479.720518333333,0.0,0.4978,736.6048740263333,736.6048740263333
2025-07-02,182,29,697.4315833333332,697.4315833333332,0.0,0.4935,344.1824863749999,344.1824863749999
2025-07-02,182,30,1211.024893297076,1211.024893297076,0.0,0.5087,616.0483632202227,616.0483632202227
2025-07-02,182,31,1442.740719722222,1442.740719722222,0.0,0.5165,745.1755817365275,745.1755817365275
2025-07-02,182,32,1410.61945,1410.61945,0.0,0.4796,676.53308822,676.53308822
2025-07-02,182,33,1358.5517402777778,1358.5517402777778,0.0,0.4184,568.4180481322222,568.4180481322222
2025-07-02,182,34,359.1589853888902,359.1589853888902,0.0,0.5881,211.2213993072063,211.2213993072063
2025-07-02,182,35,0.0,0.0,0.0,0.8947,0.0,0.0
2025-07-02,182,36,0.0,0.0,0.0,0.9549,0.0,0.0
2025-07-02,182,37,0.0,0.0,0.0,0.8598,0.0,0.0
2025-07-02,182,38,0.0,0.0,0.0,0.7945,0.0,0.0
2025-07-02,182,39,0.0,0.0,0.0,0.8486,0.0,0.0
2025-07-02,182,40,0.0,0.0,0.0,0.8534,0.0,0.0
2025-07-02,182,41,0.0,0.0,0.0,0.7773,0.0,0.0
2025-07-02,182,42,0.0,217.63050155465768,217.63050155465768,0.7517,0.0,245.3892720279543
2025-07-02,182,43,0.0,0.0,0.0,0.7539,0.0,0.0
2025-07-02,182,44,0.0,0.0,0.0,0.7047,0.0,0.0
2025-07-02,182,45,0.0,109.29717166666649,109.29717166666649,0.6099,0.0,99.99051749924983
2025-07-02,182,46,0.0,0.0,0.0,0.8492,0.0,0.0
2025-07-02,182,47,0.0,0.0,0.0,1.2397,0.0,0.0
2025-07-02,182,48,0.0,0.0,0.0,1.1893,0.0,0.0
2025-07-02,182,49,0.0,0.0,0.0,1.075,0.0,0.0
2025-07-02,182,50,0.0,0.0,0.0,1.1084,0.0,0.0
2025-07-02,182,51,0.0,0.0,0.0,1.1251,0.0,0.0
2025-07-02,182,52,0.0,0.0,0.0,1.1148,0.0,0.0
2025-07-02,182,53,0.0,0.0,0.0,1.0796,0.0,0.0
2025-07-02,182,54,0.0,0.0,0.0,1.0144,0.0,0.0
2025-07-02,182,55,0.0,0.0,0.0,1.002,0.0,0.0
2025-07-02,182,56,0.0,0.0,0.0,1.0254,0.0,0.0
2025-07-02,182,57,0.0,0.0,0.0,0.9979,0.0,0.0
2025-07-02,182,58,0.0,0.0,0.0,1.0348,0.0,0.0
2025-07-02,182,59,0.0,0.0,0.0,1.133,0.0,0.0
2025-07-02,182,60,0.0,0.0,0.0,1.1602,0.0,0.0
2025-07-02,182,61,0.0,0.0,0.0,1.1476,0.0,0.0
2025-07-02,182,62,0.0,0.0,0.0,1.1726,0.0,0.0
2025-07-02,182,63,0.0,0.0,0.0,1.224,0.0,0.0
2025-07-02,182,64,0.0,0.0,0.0,0.9521,0.0,0.0
2025-07-02,182,65,0.0,0.0,0.0,0.5075,0.0,0.0
2025-07-02,182,66,0.0,0.0,0.0,0.4351,0.0,0.0
2025-07-02,182,67,0.0,0.0,0.0,0.5258,0.0,0.0
2025-07-02,182,68,0.0,0.0,0.0,0.5833,0.0,0.0
2025-07-02,182,69,0.0,0.0,0.0,0.6085,0.0,0.0
2025-07-02,182,70,0.0,0.0,0.0,0.5627,0.0,0.0
2025-07-02,182,71,0.0,783.2631041666668,783.2631041666668,0.5006,0.0,588.1522649187502
2025-07-02,182,72,0.0,19.929672222222507,19.929672222222507,0.5283,0.0,15.793268752500225
2025-07-02,182,73,0.0,770.6447194444445,770.6447194444445,0.5404,0.0,624.6846095816667
2025-07-02,182,74,0.0,670.8272583333335,670.8272583333335,0.5024,0.0,505.53542188000006
2025-07-02,182,75,445.502238333333,586.4424205555558,140.9401822222228,0.5138,228.89905005566652,337.52164849433365
2025-07-02,182,76,0.0,602.5350963268523,602.5350963268523,0.6969,0.0,629.8600629452751
2025-07-02,182,77,0.0,0.0,0.0,0.9333,0.0,0.0
2025-07-02,182,78,0.0,0.0,0.0,0.962,0.0,0.0
2025-07-02,182,79,0.0,0.0,0.0,0.923,0.0,0.0
2025-07-02,182,80,0.0,0.0,0.0,0.9176,0.0,0.0
2025-07-02,182,81,0.0,0.0,0.0,0.9266,0.0,0.0
2025-07-02,182,82,0.0,0.0,0.0,1.0133,0.0,0.0
2025-07-02,182,83,0.0,0.0,0.0,1.1441,0.0,0.0
2025-07-02,182,84,0.0,0.0,0.0,1.2005,0.0,0.0
2025-07-02,182,85,0.0,0.0,0.0,1.1992,0.0,0.0
2025-07-02,182,86,0.0,0.0,0.0,1.2257,0.0,0.0
2025-07-02,182,87,0.0,0.0,0.0,1.3021,0.0,0.0
2025-07-02,182,88,0.0,0.0,0.0,1.0879,0.0,0.0
2025-07-02,182,89,362.6488509259234,362.6490664897413,0.00021556381790333035,0.7065,256.2114131791649,256.2116416229209
2025-07-02,182,90,237.3444261111107,934.418016111111,697.0735900000003,0.6641,157.62043338038862,852.0102900588889
2025-07-02,182,91,266.61528888888836,266.61528888888836,0.0,0.7855,209.4263094222218,209.4263094222218
2025-07-02,182,92,298.774675,298.77467500000006,5.684341886080802e-14,0.8563,255.8407542025,255.84075420250008
2025-07-02,182,93,374.4771677777775,374.4771677777774,-5.684341886080802e-14,0.8391,314.22379148233307,314.223791482333
2025-07-02,182,94,496.4354622222222,496.43546222222227,5.684341886080802e-14,0.8483,421.12620260311115,421.1262026031112
2025-07-02,182,95,614.2115999999999,614.2115999999997,-1.1368683772161603e-13,0.9191,564.5218815599999,564.5218815599998
2025-07-02,182,96,624.0692569444443,624.0692569444444,1.1368683772161603e-13,0.9805,611.8999064340277,611.8999064340278
2025-07-02,182,97,639.6703113888888,639.6703113888889,1.1368683772161603e-13,0.9986,638.7747729529443,638.7747729529444
2025-07-02,182,98,693.224575,693.2245749999998,-1.1368683772161603e-13,0.9886,685.321814845,685.3218148449998
2025-07-02,182,99,754.4881869444444,754.4881869444445,1.1368683772161603e-13,0.9989,753.6582499388055,753.6582499388056
2025-07-02,182,100,752.7528847222222,752.7528847222223,1.1368683772161603e-13,1.0507,790.9174559776388,790.9174559776391
2025-07-02,182,101,730.4385500000002,730.4385500000002,0.0,1.1029,805.6006767950003,805.6006767950003
2025-07-02,182,102,796.2627516666666,796.2627516666668,1.1368683772161603e-13,1.0947,871.6688342495,871.6688342495003
2025-07-02,182,103,861.9020158333333,861.9020158333335,2.2737367544323206e-13,1.1032,950.8503038673332,950.8503038673335
2025-07-02,182,104,916.5810666666666,916.5810666666666,0.0,1.119,1025.6542136,1025.6542136
2025-07-02,182,105,995.8202983333331,995.8202983333331,0.0,1.0742,1069.7101644696666,1069.7101644696666
2025-07-02,182,106,883.4687991666665,883.4687991666665,0.0,1.1414,1008.3912873688331,1008.3912873688331
2025-07-02,182,107,676.9079166666667,716.2006458333334,39.29272916666673,1.3051,883.4325220416666,960.3539332947918
2025-07-02,182,108,708.7010669444444,770.0855054166666,61.3844384722222,1.3642,966.809995525611,1092.4209719713194
2025-07-02,182,109,732.7246117706214,839.446429390338,106.7218176197166,1.3671,1001.7078167516165,1220.5569120534883
2025-07-02,182,110,17.62466666666677,824.0234895833332,806.3988229166664,1.3545,23.87261100000014,1662.2734194609372
2025-07-02,182,111,92.89193861111089,911.1893174999997,818.2973788888888,1.3314,123.67632706683303,1757.8980224458328
2025-07-02,182,112,65.85527555555578,954.0964895833336,888.2412140277778,1.4437,95.07526131955588,2018.6060223574102
2025-07-02,182,113,78.6653333333334,104.28616666666687,25.62083333333348,1.642,129.1684773333334,192.27258983333377
2025-07-02,182,114,99.00800416666675,145.4187958333332,46.410791666666455,1.7114,169.4422983308335,288.5834416183329
2025-07-02,182,115,148.84914166666664,148.84914166666667,2.842170943040401e-14,1.6968,252.56722357999996,252.56722358000005
2025-07-02,182,116,88.8969166666667,251.06662860303135,162.16971193636465,1.6485,146.54656712500005,547.5517223156457
2025-07-02,182,117,883.5071375000002,907.7811033333335,24.27396583333325,1.5833,1398.8568508037504,1456.5063059596253
2025-07-02,182,118,907.0066075,938.2520158333332,31.245408333333216,1.6242,1473.1601319015,1549.283320224
2025-07-02,182,119,106.72541666666655,124.05430441538637,17.328887748719822,1.727,184.31479458333314,229.20527829639184
2025-07-02,182,120,91.94127916666685,146.24439833333338,54.303119166666534,1.7114,157.34830516583364,296.74984237858325
2025-07-02,182,121,110.5838374999999,160.72667583333322,50.142838333333316,1.6328,180.56128986999985,303.3711295159998
2025-07-02,182,122,944.8049166666666,944.8049166666667,1.1368683772161603e-13,1.6165,1527.2771477916665,1527.2771477916667
2025-07-02,182,123,90.35600166666654,166.12187416666654,75.7658725,1.6918,152.86428361966645,345.13533826291643
2025-07-02,182,124,868.8607341666666,968.6293649999998,99.76863083333319,1.4942,1298.251708991833,1521.8631412785828
2025-07-02,182,125,1742.1055833333335,1742.1055833333337,2.2737367544323206e-13,1.1337,1975.025099825,1975.0250998250006
2025-07-02,182,126,939.7226533333334,986.3675116666667,46.64485833333333,1.0946,1028.6204163386667,1105.2066092361667
2025-07-02,182,127,181.00428750000003,390.54541916666614,209.5411316666661,1.0859,196.55255579625006,537.8636281114992
2025-07-02,182,128,926.665,926.6649999999997,-2.2737367544323206e-13,1.0433,966.7895944999999,966.7895944999998
2025-07-02,182,129,980.4908566666667,980.4908566666668,1.1368683772161603e-13,1.1517,1129.231319623,1129.2313196230002
2025-07-02,182,130,874.4021224999999,886.4764283333332,12.074305833333256,0.9239,807.86012097775,824.5932977168749
2025-07-02,182,131,1267.314295478489,1267.3142954784892,2.2737367544323206e-13,0.503,637.4590906256799,637.4590906256801
2025-07-02,182,132,1535.1931425,1535.1931424999998,-2.2737367544323206e-13,0.551,845.8914215175001,845.8914215175
2025-07-02,182,133,732.8767566666667,732.8767566666667,0.0,0.6202,454.53016448466667,454.53016448466667
2025-07-02,182,134,1509.2324166666667,1509.2324166666667,0.0,0.5231,789.4794771583333,789.4794771583333
2025-07-02,182,135,658.6242574999999,658.6242574999999,0.0,0.5312,349.86120558399995,349.86120558399995
2025-07-02,182,136,689.8182199999999,689.8182199999998,-1.1368683772161603e-13,0.5688,392.3686035359999,392.3686035359999
2025-07-02,182,137,730.60075,730.60075,0.0,0.5586,408.11357895,408.11357895
2025-07-02,182,138,1525.216323333333,1525.216323333333,0.0,0.5254,801.3486562793332,801.3486562793332
2025-07-02,182,139,1529.402415,1529.4024149999996,-4.547473508864641e-13,0.5313,812.5715030895,812.5715030894999
2025-07-02,182,140,1548.1395,1548.1395,0.0,0.5641,873.30549195,873.30549195
2025-07-02,182,141,740.6166750000001,740.6166750000001,0.0,0.5572,412.67161131000006,412.67161131000006
2025-07-02,182,142,698.1360333333332,698.1360333333333,1.1368683772161603e-13,0.5564,388.4428889466666,388.4428889466667
2025-07-02,182,143,709.6890416666666,709.6890416666666,0.0,0.5734,406.93569649166665,406.93569649166665
2025-07-03,183,0,0.0,0.0,0.0,0.5715,0.0,0.0
2025-07-03,183,1,744.6733620744795,744.6733620744795,0.0,0.569,423.7191430203788,423.7191430203788
2025-07-03,183,2,712.2961666666666,712.2961666666666,0.0,0.5673,404.08561535,404.08561535
2025-07-03,183,3,698.5573933333332,698.5573933333332,0.0,0.545,380.7137793666666,380.7137793666666
2025-07-03,183,4,708.9832716666667,708.9832716666667,0.0,0.5153,365.33907988983333,365.33907988983333
2025-07-03,183,5,1495.1218333333331,1495.1218333333331,0.0,0.5112,764.3062811999998,764.3062811999998
2025-07-03,183,6,1515.2918741666667,1515.2918741666667,0.0,0.547,828.8646551691668,828.8646551691668
2025-07-03,183,7,685.8649774999999,685.8649774999999,0.0,0.5287,362.6168136042499,362.6168136042499
2025-07-03,183,8,0.0,0.0,0.0,0.4912,0.0,0.0
2025-07-03,183,9,0.0,0.0,0.0,0.5555,0.0,0.0
2025-07-03,183,10,322.84967790392807,322.84967790392807,0.0,0.5722,184.73458569662765,184.73458569662765
2025-07-03,183,11,671.1701666666667,671.1701666666667,0.0,0.5132,344.4445295333333,344.4445295333333
2025-07-03,183,12,649.9083891666666,649.9083891666666,0.0,0.5076,329.893498341,329.893498341
2025-07-03,183,13,662.9225675,662.9225675,0.0,0.55,364.60741212500005,364.60741212500005
2025-07-03,183,14,1436.5424433806124,1436.5424433806124,0.0,0.5768,828.5976813419372,828.5976813419372
2025-07-03,183,15,681.9267833333333,681.9267833333333,0.0,0.5349,364.762636405,364.762636405
2025-07-03,183,16,0.0,0.0,0.0,0.5038,0.0,0.0
2025-07-03,183,17,1501.7598333333333,1501.7598333333333,0.0,0.5152,773.7066661333333,773.7066661333333
2025-07-03,183,18,1484.3555999999999,1484.3555999999999,0.0,0.5264,781.3647878399998,781.3647878399998
2025-07-03,183,19,1476.3648108333332,1476.3648108333332,0.0,0.5228,771.8435231036667,771.8435231036667
2025-07-03,183,20,0.0,0.0,0.0,0.502,0.0,0.0
2025-07-03,183,21,0.0,0.0,0.0,0.4766,0.0,0.0
2025-07-03,183,22,629.6784458333333,629.6784458333333,0.0,0.4976,313.32799464666664,313.32799464666664
2025-07-03,183,23,1457.5595833333332,1457.5595833333332,0.0,0.5322,775.71321025,775.71321025
2025-07-03,183,24,1450.2342999999998,1450.2342999999998,0.0,0.4981,722.3617048299999,722.3617048299999
2025-07-03,183,25,682.3054366666667,682.3054366666667,0.0,0.4833,329.758217541,329.758217541
2025-07-03,183,26,713.18425,713.18425,0.0,0.5045,359.80145412499996,359.80145412499996
2025-07-03,183,27,1479.711720833333,1479.711720833333,0.0,0.4939,730.8296189195831,730.8296189195831
2025-07-03,183,28,1463.3645066666666,1463.3645066666666,0.0,0.4999,731.5359168826666,731.5359168826666
2025-07-03,183,29,1512.7424999999998,1512.7424999999998,0.0,0.5175,782.8442437499998,782.8442437499998
2025-07-03,183,30,1494.9416230555553,1494.9416230555553,0.0,0.4913,734.4648194071943,734.4648194071943
2025-07-03,183,31,1455.0725652777778,1455.0725652777778,0.0,0.4905,713.71309326875,713.71309326875
2025-07-03,183,32,581.1122416666666,581.1122416666666,0.0,0.4739,275.3890913258333,275.3890913258333
2025-07-03,183,33,1357.634487222222,1357.634487222222,0.0,0.3737,507.34800787494436,507.34800787494436
2025-07-03,183,34,558.4879202777779,558.4879202777779,0.0,0.5613,313.47926965191675,313.47926965191675
2025-07-03,183,35,0.0,0.0,0.0,0.9308,0.0,0.0
2025-07-03,183,36,0.0,0.0,0.0,0.9652,0.0,0.0
2025-07-03,183,37,0.0,0.0,0.0,0.8496,0.0,0.0
2025-07-03,183,38,0.0,0.0,0.0,0.7856,0.0,0.0
2025-07-03,183,39,0.0,450.8523887109049,450.8523887109049,0.79,0.0,534.2600806224224
2025-07-03,183,40,0.0,0.0,0.0,0.807,0.0,0.0
2025-07-03,183,41,0.0,0.0,0.0,0.8043,0.0,0.0
2025-07-03,183,42,0.0,342.0676289552438,342.0676289552438,0.7948,0.0,407.8130272404416
2025-07-03,183,43,0.0,376.59070499999996,376.59070499999996,0.8099,0.0,457.5012179692499
2025-07-03,183,44,0.0,354.88334166666675,354.88334166666675,0.7953,0.0,423.3580824412501
2025-07-03,183,45,768.6974923068672,1080.2969108333332,311.599418526466,0.7162,550.5411439901782,885.2923993131606
2025-07-03,183,46,0.0,0.0,0.0,0.9435,0.0,0.0
2025-07-03,183,47,0.0,0.0,0.0,1.3249,0.0,0.0
2025-07-03,183,48,0.0,0.0,0.0,1.3038,0.0,0.0
2025-07-03,183,49,0.0,0.0,0.0,1.1969,0.0,0.0
2025-07-03,183,50,0.0,0.0,0.0,1.177,0.0,0.0
2025-07-03,183,51,0.0,0.0,0.0,1.1062,0.0,0.0
2025-07-03,183,52,0.0,0.0,0.0,1.0715,0.0,0.0
2025-07-03,183,53,0.0,0.0,0.0,1.1006,0.0,0.0
2025-07-03,183,54,0.0,0.0,0.0,1.1204,0.0,0.0
2025-07-03,183,55,0.0,0.0,0.0,1.131,0.0,0.0
2025-07-03,183,56,0.0,0.0,0.0,1.1006,0.0,0.0
2025-07-03,183,57,0.0,0.0,0.0,1.0067,0.0,0.0
2025-07-03,183,58,0.0,0.0,0.0,1.0526,0.0,0.0
2025-07-03,183,59,0.0,0.0,0.0,1.2204,0.0,0.0
2025-07-03,183,60,0.0,0.0,0.0,1.2768,0.0,0.0
2025-07-03,183,61,0.0,0.0,0.0,1.2444,0.0,0.0
2025-07-03,183,62,0.0,0.0,0.0,1.2204,0.0,0.0
2025-07-03,183,63,0.0,0.0,0.0,1.2283,0.0,0.0
2025-07-03,183,64,0.0,0.0,0.0,0.9876,0.0,0.0
2025-07-03,183,65,0.0,0.0,0.0,0.6407,0.0,0.0
2025-07-03,183,66,606.9895449999997,704.9185430555553,97.92899805555567,0.639,387.8663192549998,481.7312638912499
2025-07-03,183,67,629.2417133333333,689.2056119444442,59.963898611110835,0.6902,434.3026305426667,496.38325477474973
2025-07-03,183,68,743.2699583333331,765.9648166666666,22.694858333333514,0.6557,487.36211167916645,509.6836395929166
2025-07-03,183,69,879.3425966666662,858.6338683333329,-20.708728333333283,0.6795,597.5132944349997,590.4775039837497
2025-07-03,183,70,44.03714916666672,204.45276216106402,160.4156129943973,0.6633,29.209841042250037,188.81535519102565
2025-07-03,183,71,0.0,0.0,0.0,0.5943,0.0,0.0
2025-07-03,183,72,730.8981116666669,729.4746880555551,-1.4234236111117298,0.5755,420.6318632641668,420.2222731200694
2025-07-03,183,73,727.7459808333333,727.7459808333333,0.0,0.5723,416.48902483091666,416.48902483091666
2025-07-03,183,74,238.28220540918232,238.2822054091823,-2.842170943040401e-14,0.5482,130.62630500531375,130.62630500531375
2025-07-03,183,75,556.0530558333335,556.0530558333335,0.0,0.5329,296.3206734535834,296.3206734535834
2025-07-03,183,76,483.2863383333329,483.2863383333329,0.0,0.6742,325.83164930433304,325.83164930433304
2025-07-03,183,77,0.0,0.0,0.0,0.8879,0.0,0.0
2025-07-03,183,78,0.0,0.0,0.0,0.9274,0.0,0.0
2025-07-03,183,79,0.0,0.0,0.0,0.9362,0.0,0.0
2025-07-03,183,80,0.0,0.0,0.0,0.9726,0.0,0.0
2025-07-03,183,81,0.0,0.0,0.0,0.9702,0.0,0.0
2025-07-03,183,82,0.0,0.0,0.0,1.0945,0.0,0.0
2025-07-03,183,83,0.0,0.0,0.0,1.3168,0.0,0.0
2025-07-03,183,84,0.0,0.0,0.0,1.4092,0.0,0.0
2025-07-03,183,85,0.0,0.0,0.0,1.369,0.0,0.0
2025-07-03,183,86,0.0,0.0,0.0,1.3447,0.0,0.0
2025-07-03,183,87,0.0,0.0,0.0,1.4364,0.0,0.0
2025-07-03,183,88,0.0,0.0,0.0,1.2091,0.0,0.0
2025-07-03,183,89,1255.1910333333328,1223.33615,-31.854883333332737,0.7925,994.7388939166663,982.1163963958331
2025-07-03,183,90,1249.3028777777774,1215.0143133333331,-34.28856444444432,0.7881,984.5755979766665,971.0641891573331
2025-07-03,183,91,429.49483138888854,429.4948313888886,5.684341886080802e-14,0.9023,387.5331863621941,387.53318636219416
2025-07-03,183,92,468.27706666666666,468.2770666666666,-5.684341886080802e-14,0.9129,427.49013416,427.49013415999997
2025-07-03,183,93,611.0025000308636,611.0025000308638,1.1368683772161603e-13,0.8929,545.5641322775582,545.5641322775583
2025-07-03,183,94,510.3505738888888,510.3505738888889,1.1368683772161603e-13,0.8811,449.6698906534999,449.6698906535001
2025-07-03,183,95,615.0190999999998,615.0190999999995,-2.2737367544323206e-13,0.891,547.9820180999998,547.9820180999997
2025-07-03,183,96,611.0420077777776,611.0420077777776,0.0,0.9213,562.9530017656665,562.9530017656665
2025-07-03,183,97,606.1754847222221,606.1754847222221,0.0,0.9639,584.2925497237499,584.2925497237499
2025-07-03,183,98,659.1416999999998,659.1416999999998,0.0,0.9939,655.1209356299997,655.1209356299997
2025-07-03,183,99,726.0480827777774,726.0480827777774,0.0,0.9916,719.9492788824441,719.9492788824441
2025-07-03,183,100,746.3393997222221,746.3393997222221,0.0,1.0145,757.1613210181943,757.1613210181943
2025-07-03,183,101,752.0867166666667,752.0867166666667,0.0,1.0726,806.6882122966667,806.6882122966667
2025-07-03,183,102,821.4304486111109,821.4304486111109,0.0,1.1145,915.4842349770831,915.4842349770831
2025-07-03,183,103,861.1927180555555,861.1927180555555,0.0,1.1143,959.6270457293056,959.6270457293056
2025-07-03,183,104,889.8541416666667,889.8541416666667,0.0,1.0954,974.7462267816667,974.7462267816667
2025-07-03,183,105,974.3588844444444,974.3588844444444,0.0,1.1212,1092.451181239111,1092.451181239111
2025-07-03,183,106,868.3914522222224,868.9313738888887,0.5399216666663733,1.241,1077.673792207778,1078.6788563902774
2025-07-03,183,107,668.5539833333333,693.2512400462809,24.697256712947592,1.3738,918.4594623033333,969.3530992117045
2025-07-03,183,108,728.5485874999997,780.5079704166665,51.959382916666755,1.3771,1003.2842598462496,1110.6141591680623
2025-07-03,183,109,798.0907774074083,866.5870383333332,68.49626092592496,1.3622,1087.1592569843715,1227.117666934314
2025-07-03,183,110,743.7490416666666,835.3239062499999,91.57486458333335,1.395,1037.529913125,1229.1503172656248
2025-07-03,183,111,233.36849214099266,884.4478133333333,651.0793211923407,1.449,338.15094511229836,1753.271849723851
2025-07-03,183,112,34.54215000000025,920.8983529166669,886.3562029166667,1.5637,54.01355995500039,2133.006351706188
2025-07-03,183,113,843.2254999999998,944.4175,101.19200000000023,1.654,1394.6949769999997,1645.7523290000001
2025-07-03,183,114,153.67329916666677,200.08409083333322,46.410791666666455,1.5877,243.9870970869168,354.5167179806663
2025-07-03,183,115,204.07438499999995,204.07438499999995,0.0,1.5963,325.7639407754999,325.7639407754999
2025-07-03,183,116,938.4090833333333,938.4090833333335,1.1368683772161603e-13,1.6934,1589.1019417166667,1589.101941716667
2025-07-03,183,117,54.08047833333342,72.7535241666667,18.673045833333276,1.6702,90.32521491233346,137.10679663858332
2025-07-03,183,118,82.69152583333347,113.93693416666667,31.245408333333202,1.658,137.1025498316669,214.80988035666655
2025-07-03,183,119,129.96925,980.6314166666665,850.6621666666665,1.6842,218.89421084999998,2367.9220424999994
2025-07-03,183,120,94.49296000000015,148.7960791666667,54.303119166666534,1.6295,153.97627832000023,286.7066773431249
2025-07-03,183,121,95.19887333333332,145.34171166666664,50.142838333333316,1.5631,148.8053589073333,266.37276480558324
2025-07-03,183,122,97.66000000000008,152.51733333333345,54.85733333333337,1.6181,158.02364600000016,291.17062260000023
2025-07-03,183,123,95.56176416666665,171.32763666666665,75.7658725,1.7936,171.39958020933332,375.24008358333333
2025-07-03,183,124,882.1364441666667,981.9050749999999,99.76863083333319,1.5302,1349.8451868638333,1578.844125215583
2025-07-03,183,125,958.7159398148149,958.7159398148149,0.0,1.0306,988.0526475731482,988.0526475731482
2025-07-03,183,126,925.915005,1115.113976771989,189.19897177198902,1.0756,995.9141793779999,1301.167800434927
2025-07-03,183,127,927.7257416666665,1008.9667283333332,81.24098666666669,1.1779,1092.7681511091664,1236.3087884011663
2025-07-03,183,128,941.4180833333334,941.4180833333334,0.0,1.1355,1068.980233625,1068.980233625
2025-07-03,183,129,928.1506233333333,928.1520662385434,0.0014429052100695117,1.1895,1104.035166455,1104.037740958621
2025-07-03,183,130,847.0093466666667,859.0836525,12.074305833333256,0.9349,791.8690381986667,808.8014409840415
2025-07-03,183,131,1497.7930000000001,1497.7930000000001,0.0,0.5087,761.9272991000001,761.9272991000001
2025-07-03,183,132,1547.7566275,1547.7566275000001,2.2737367544323206e-13,0.5172,800.499727743,800.4997277430002
2025-07-03,183,133,758.2829441666668,758.2829441666668,0.0,0.6154,466.6473238401667,466.6473238401667
2025-07-03,183,134,686.4068333333333,686.4068333333333,0.0,0.5803,398.3218853833334,398.3218853833334
2025-07-03,183,135,1474.8909783333334,1474.8909783333334,0.0,0.5371,792.1639444628333,792.1639444628333
2025-07-03,183,136,1521.0903999999998,1521.0903999999998,0.0,0.532,809.2200928,809.2200928
2025-07-03,183,137,566.6483997998725,566.6483997998724,-1.1368683772161603e-13,0.5536,313.69655412920946,313.6965541292094
2025-07-03,183,138,0.0,0.0,0.0,0.562,0.0,0.0
2025-07-03,183,139,1503.9770633333333,1503.9770633333333,0.0,0.5399,811.9972164936667,811.9972164936667
2025-07-03,183,140,1539.2962499999999,1539.29625,2.2737367544323206e-13,0.5232,805.359798,805.3597980000002
2025-07-03,183,141,752.9795341666669,752.9795341666668,-1.1368683772161603e-13,0.556,418.65662099666685,418.65662099666685
2025-07-03,183,142,671.7638441666667,671.7638441666667,0.0,0.5349,359.32648024475003,359.32648024475003
2025-07-03,183,143,1336.6362499999998,1336.6362499999996,-2.2737367544323206e-13,0.4754,635.4368732499998,635.4368732499997
2025-07-04,184,0,657.3135841666666,657.3135841666666,0.0,0.4885,321.0976858654166,321.0976858654166
2025-07-04,184,1,633.6360791666666,633.6360791666666,0.0,0.4516,286.15005335166666,286.15005335166666
2025-07-04,184,2,0.0,0.0,0.0,0.3861,0.0,0.0
2025-07-04,184,3,619.6409383333331,619.6409383333331,0.0,0.4442,275.24450480766654,275.24450480766654
2025-07-04,184,4,866.4399742158157,866.4399742158157,0.0,0.4925,426.72168730128925,426.72168730128925
2025-07-04,184,5,1393.4877499999998,1393.4877499999998,0.0,0.4919,685.4566242249999,685.4566242249999
2025-07-04,184,6,1435.18419,1435.18419,0.0,0.5277,757.3466970629999,757.3466970629999
2025-07-04,184,7,655.9430924999999,655.9430924999999,0.0,0.5201,341.15600240924994,341.15600240924994
2025-07-04,184,8,0.0,0.0,0.0,0.4739,0.0,0.0
2025-07-04,184,9,0.0,0.0,0.0,0.4819,0.0,0.0
2025-07-04,184,10,655.1466883333333,655.1466883333333,0.0,0.4802,314.6014397376666,314.6014397376666
2025-07-04,184,11,661.7385833333334,661.7385833333334,0.0,0.469,310.35539558333335,310.35539558333335
2025-07-04,184,12,0.0,0.0,0.0,0.5072,0.0,0.0
2025-07-04,184,13,0.0,0.0,0.0,0.4814,0.0,0.0
2025-07-04,184,14,545.7685833333334,545.7685833333334,0.0,0.4147,226.33023150833336,226.33023150833336
2025-07-04,184,15,0.0,0.0,0.0,0.4481,0.0,0.0
2025-07-04,184,16,0.0,0.0,0.0,0.4756,0.0,0.0
2025-07-04,184,17,1407.1964166666667,1407.1964166666667,0.0,0.4475,629.7203964583333,629.7203964583333
2025-07-04,184,18,1392.7439708333332,1392.7439708333332,0.0,0.4185,582.8633517937499,582.8633517937499
2025-07-04,184,19,1397.7027041666665,1397.7027041666665,0.0,0.3813,532.94404109875,532.94404109875
2025-07-04,184,20,0.0,0.0,0.0,0.3652,0.0,0.0
2025-07-04,184,21,0.0,0.0,0.0,0.4164,0.0,0.0
2025-07-04,184,22,528.8594033333334,528.8594033333334,0.0,0.4407,233.068339049,233.068339049
2025-07-04,184,23,1375.1060833333333,1375.1060833333333,0.0,0.4075,560.3557289583333,560.3557289583333
2025-07-04,184,24,1341.9339116666665,1341.9339116666665,0.0,0.3811,511.4110137361666,511.4110137361666
2025-07-04,184,25,1336.0704775,1336.0704775,0.0,0.4022,537.3675460505,537.3675460505
2025-07-04,184,26,0.0,0.0,0.0,0.4416,0.0,0.0
2025-07-04,184,27,0.05766068366970583,0.05766068366970583,0.0,0.4362,0.02515159021672568,0.02515159021672568
2025-07-04,184,28,0.0,0.0,0.0,0.4344,0.0,0.0
2025-07-04,184,29,0.0,0.0,0.0,0.4281,0.0,0.0
2025-07-04,184,30,1350.9330377777776,1350.9330377777776,0.0,0.3672,496.06261147199996,496.06261147199996
2025-07-04,184,31,1326.4526605555554,1326.4526605555554,0.0,0.3634,482.03289684588884,482.03289684588884
2025-07-04,184,32,471.6970083333334,471.6970083333334,0.0,0.3708,174.90525069000003,174.90525069000003
2025-07-04,184,33,1267.4542336111108,1267.4542336111108,0.0,0.2699,342.0858976516388,342.0858976516388
2025-07-04,184,34,0.0,0.0,0.0,0.416,0.0,0.0
2025-07-04,184,35,0.0,0.0,0.0,0.7132,0.0,0.0
2025-07-04,184,36,0.0,0.0,0.0,0.6935,0.0,0.0
2025-07-04,184,37,0.0,0.0,0.0,0.6682,0.0,0.0
2025-07-04,184,38,0.0,0.0,0.0,0.7419,0.0,0.0
2025-07-04,184,39,0.0,0.0,0.0,0.6927,0.0,0.0
2025-07-04,184,40,0.0,0.0,0.0,0.6211,0.0,0.0
2025-07-04,184,41,0.0,0.0,0.0,0.6043,0.0,0.0
2025-07-04,184,42,0.0,0.0,0.0,0.6091,0.0,0.0
2025-07-04,184,43,0.0,0.0,0.0,0.596,0.0,0.0
2025-07-04,184,44,0.0,0.0,0.0,0.5497,0.0,0.0
2025-07-04,184,45,0.0,0.0,0.0,0.5098,0.0,0.0
2025-07-04,184,46,0.0,0.0,0.0,0.6277,0.0,0.0
2025-07-04,184,47,0.0,0.0,0.0,0.837,0.0,0.0
2025-07-04,184,48,0.0,0.0,0.0,0.9,0.0,0.0
2025-07-04,184,49,0.0,0.0,0.0,0.8718,0.0,0.0
2025-07-04,184,50,0.0,0.0,0.0,0.8178,0.0,0.0
2025-07-04,184,51,0.0,0.0,0.0,0.7555,0.0,0.0
2025-07-04,184,52,0.0,0.0,0.0,0.7667,0.0,0.0
2025-07-04,184,53,0.0,0.0,0.0,0.8252,0.0,0.0
2025-07-04,184,54,0.0,0.0,0.0,0.8181,0.0,0.0
2025-07-04,184,55,0.0,0.0,0.0,0.7831,0.0,0.0
2025-07-04,184,56,0.0,0.0,0.0,0.7317,0.0,0.0
2025-07-04,184,57,0.0,0.0,0.0,0.656,0.0,0.0
2025-07-04,184,58,0.0,0.0,0.0,0.7212,0.0,0.0
2025-07-04,184,59,0.0,0.0,0.0,0.8945,0.0,0.0
2025-07-04,184,60,0.0,0.0,0.0,0.9553,0.0,0.0
2025-07-04,184,61,0.0,0.0,0.0,0.9021,0.0,0.0
2025-07-04,184,62,0.0,0.0,0.0,0.8602,0.0,0.0
2025-07-04,184,63,0.0,0.0,0.0,0.903,0.0,0.0
2025-07-04,184,64,0.0,0.0,0.0,0.6476,0.0,0.0
2025-07-04,184,65,0.0,0.0,0.0,0.2229,0.0,0.0
2025-07-04,184,66,0.0,386.9972669038929,386.9972669038929,0.1745,0.0,101.29653461209396
2025-07-04,184,67,0.0,0.0,0.0,0.2189,0.0,0.0
2025-07-04,184,68,0.0,0.0,0.0,0.1797,0.0,0.0
2025-07-04,184,69,0.0,0.0,0.0,0.1697,0.0,0.0
2025-07-04,184,70,0.0,0.0,0.0,0.1764,0.0,0.0
2025-07-04,184,71,0.0,0.0,0.0,0.1857,0.0,0.0
2025-07-04,184,72,0.0,0.0,0.0,0.2091,0.0,0.0
2025-07-04,184,73,0.0,0.0,0.0,0.2315,0.0,0.0
2025-07-04,184,74,0.0,0.0,0.0,0.2046,0.0,0.0
2025-07-04,184,75,0.0,0.0,0.0,0.1337,0.0,0.0
2025-07-04,184,76,0.0,0.0,0.0,0.3218,0.0,0.0
2025-07-04,184,77,0.0,0.0,0.0,0.6606,0.0,0.0
2025-07-04,184,78,0.0,0.0,0.0,0.7189,0.0,0.0
2025-07-04,184,79,0.0,0.0,0.0,0.7065,0.0,0.0
2025-07-04,184,80,0.0,0.0,0.0,0.7363,0.0,0.0
2025-07-04,184,81,0.0,0.0,0.0,0.7245,0.0,0.0
2025-07-04,184,82,0.0,0.0,0.0,0.836,0.0,0.0
2025-07-04,184,83,0.0,0.0,0.0,1.0219,0.0,0.0
2025-07-04,184,84,0.0,0.0,0.0,1.0435,0.0,0.0
2025-07-04,184,85,0.0,0.0,0.0,1.0172,0.0,0.0
2025-07-04,184,86,0.0,0.0,0.0,1.0644,0.0,0.0
2025-07-04,184,87,0.0,0.0,0.0,1.1398,0.0,0.0
2025-07-04,184,88,0.0,0.0,0.0,0.9063,0.0,0.0
2025-07-04,184,89,0.0,0.0,0.0,0.5147,0.0,0.0
2025-07-04,184,90,0.0,0.0,0.0,0.4877,0.0,0.0
2025-07-04,184,91,42.3927208333331,42.39272083333311,7.105427357601002e-15,0.602,25.520417941666526,25.520417941666533
2025-07-04,184,92,157.01370740740595,157.01370740740595,0.0,0.6442,101.14823031185091,101.14823031185091
2025-07-04,184,93,101.20320749999973,101.20320749999973,0.0,0.6227,63.019237310249835,63.019237310249835
2025-07-04,184,94,174.0228374999998,174.0228374999998,0.0,0.6216,108.17259578999989,108.17259578999989
2025-07-04,184,95,227.6972499999997,227.69724999999977,5.684341886080802e-14,0.6532,148.7318436999998,148.73184369999987
2025-07-04,184,96,257.7135955555558,257.7135955555558,0.0,0.6579,169.54977451600018,169.54977451600018
2025-07-04,184,97,293.0092602777779,293.0092602777779,0.0,0.6437,188.61006084080566,188.61006084080566
2025-07-04,184,98,352.70107499999995,352.7010749999999,-5.684341886080802e-14,0.6565,231.54825573749994,231.54825573749994
2025-07-04,184,99,426.828247222222,426.828247222222,0.0,0.7253,309.57852771027757,309.57852771027757
2025-07-04,184,100,432.9422952777777,432.9422952777777,0.0,0.7404,320.55047542366657,320.55047542366657
2025-07-04,184,101,411.28165000000007,411.28165000000007,0.0,0.6925,284.81254262500005,284.81254262500005
2025-07-04,184,102,458.9275258333333,458.9275258333332,-5.684341886080802e-14,0.6871,315.3291030000833,315.32910300008325
2025-07-04,184,103,497.9933716666665,497.9933716666665,0.0,0.7441,370.55686785716654,370.55686785716654
2025-07-04,184,104,532.6415583333334,532.6415583333334,0.0,0.7818,416.419170305,416.419170305
2025-07-04,184,105,629.1343974999999,629.1343974999999,0.0,0.7391,464.9932331922499,464.9932331922499
2025-07-04,184,106,617.1315041666667,619.7810480555554,2.6495438888887293,0.9298,573.8088725741667,577.5041914359998
2025-07-04,184,107,522.8697999999999,522.8697999999998,-1.1368683772161603e-13,1.2261,641.0906617799999,641.0906617799999
2025-07-04,184,108,0.0,0.0,0.0,1.1723,0.0,0.0
2025-07-04,184,109,636.7910347222221,636.7910347222221,0.0,1.1274,717.9182125458332,717.9182125458332
2025-07-04,184,110,0.0,696.5188164830602,696.5188164830602,1.2188,0.0,1273.3757002943307
2025-07-04,184,111,774.1906552777778,774.1906552777778,0.0,1.2316,953.4932110401111,953.4932110401111
2025-07-04,184,112,642.9742803817353,642.9742803817353,0.0,1.3339,857.6633926011967,857.6633926011967
2025-07-04,184,113,0.0,0.0,0.0,1.5101,0.0,0.0
2025-07-04,184,114,0.0,18.411584166666444,18.411584166666444,1.5371,0.0,42.45066903387448
2025-07-04,184,115,13.47544750000003,13.475447500000026,-3.552713678800501e-15,1.4959,20.157921915250046,20.157921915250043
2025-07-04,184,116,782.0588333333334,782.0588333333334,0.0,1.4631,1144.23027905,1144.23027905
2025-07-04,184,117,0.0,0.0,0.0,1.4414,0.0,0.0
2025-07-04,184,118,0.0,0.0,0.0,1.4692,0.0,0.0
2025-07-04,184,119,0.0,0.0,0.0,1.5276,0.0,0.0
2025-07-04,184,120,0.0,0.0,0.0,1.5451,0.0,0.0
2025-07-04,184,121,0.0,0.0,0.0,1.5102,0.0,0.0
2025-07-04,184,122,0.0,15.88483333333329,15.88483333333329,1.5025,0.0,35.80044312499991
2025-07-04,184,123,0.0,44.21546999999987,44.21546999999987,1.5677,0.0,103.9748884784997
2025-07-04,184,124,743.0479116666668,822.4822093780497,79.4342977113829,1.3404,995.9814207980002,1155.6920197765066
2025-07-04,184,125,1585.2909166666666,1625.089951001584,39.79903433491745,0.9488,1504.1240217333332,1560.7660073987877
2025-07-04,184,126,765.8954174999999,812.5402758333332,46.64485833333333,0.9169,702.2495083057499,766.4025142144999
2025-07-04,184,127,43.02454666666665,216.7465474319077,173.72200076524103,0.9789,42.116728731999984,297.20142855564166
2025-07-04,184,128,824.0695833333331,824.0695833333331,0.0,0.9859,812.450202208333,812.450202208333
2025-07-04,184,129,830.3593891666667,830.3593891666668,1.1368683772161603e-13,1.0155,843.2299596987501,843.2299596987503
2025-07-04,184,130,710.3672741666667,722.4415799999999,12.074305833333256,0.7876,559.4852651336666,573.7498500451666
2025-07-04,184,131,1402.7635,1402.7635,0.0,0.4252,596.4550402,596.4550402
2025-07-04,184,132,1457.9893433333332,1457.989343333333,-2.2737367544323206e-13,0.3815,556.2229344816666,556.2229344816666
2025-07-04,184,133,660.0392575000001,660.0392575000002,1.1368683772161603e-13,0.4574,301.9019563805,301.90195638050005
2025-07-04,184,134,1421.0443333333333,1421.0443333333333,0.0,0.4845,688.4959795,688.4959795
2025-07-04,184,135,1374.9910441666666,1374.9910441666661,-4.547473508864641e-13,0.4854,667.4206528385,667.4206528384999
2025-07-04,184,136,1417.5615675,1417.5615674999997,-2.2737367544323206e-13,0.4506,638.7532423155,638.7532423154998
2025-07-04,184,137,1242.7494168249561,1242.7494168249564,2.2737367544323206e-13,0.407,505.79901264775714,505.79901264775725
2025-07-04,184,138,638.0138641666667,638.0138641666667,0.0,0.4117,262.6703078774167,262.6703078774167
2025-07-04,184,139,608.3873016666665,608.3873016666665,0.0,0.4552,276.9378997186666,276.9378997186666
2025-07-04,184,140,622.0300000000001,622.0300000000001,0.0,0.4931,306.72299300000003,306.72299300000003
2025-07-04,184,141,0.0,0.0,0.0,0.4855,0.0,0.0
2025-07-04,184,142,581.0738908333334,581.0738908333334,0.0,0.4807,279.3222193235834,279.3222193235834
2025-07-04,184,143,1322.3526666666667,1322.3526666666664,-2.2737367544323206e-13,0.4873,644.3824544666667,644.3824544666666
2025-07-05,185,0,1391.2440470982992,1391.2440470982992,0.0,0.4728,657.7801854680758,657.7801854680758
2025-07-05,185,1,353.7753723242264,353.7753723242264,0.0,0.4848,171.51030050278496,171.51030050278496
2025-07-05,185,2,0.0,0.0,0.0,0.5118,0.0,0.0
2025-07-05,185,3,0.0,0.0,0.0,0.488,0.0,0.0
2025-07-05,185,4,591.0622950000001,591.0622950000001,0.0,0.4508,266.45088258600003,266.45088258600003
2025-07-05,185,5,1411.0156512654294,1411.0156512654294,0.0,0.4517,637.3557696765944,637.3557696765944
2025-07-05,185,6,0.0,0.0,0.0,0.5038,0.0,0.0
2025-07-05,185,7,0.0,0.0,0.0,0.517,0.0,0.0
2025-07-05,185,8,0.0,0.0,0.0,0.4598,0.0,0.0
2025-07-05,185,9,543.6175416666666,543.6175416666666,0.0,0.3892,211.57594721666663,211.57594721666663
2025-07-05,185,10,0.0,0.0,0.0,0.3751,0.0,0.0
2025-07-05,185,11,0.0,0.0,0.0,0.412,0.0,0.0
2025-07-05,185,12,0.0,0.0,0.0,0.4373,0.0,0.0
2025-07-05,185,13,521.4803899999999,521.4803899999999,0.0,0.4676,243.84423036399997,243.84423036399997
2025-07-05,185,14,533.2375833333333,533.2375833333333,0.0,0.4698,250.51501664999998,250.51501664999998
2025-07-05,185,15,0.0,0.0,0.0,0.3874,0.0,0.0
2025-07-05,185,16,549.2587916666665,549.2587916666665,0.0,0.3477,190.97728186249995,190.97728186249995
2025-07-05,185,17,1364.6933333333332,1364.6933333333332,0.0,0.396,540.41856,540.41856
2025-07-05,185,18,1338.8939308333333,1338.8939308333333,0.0,0.4548,608.928959743,608.928959743
2025-07-05,185,19,1340.5436641666665,1340.5436641666665,0.0,0.4732,634.3452618836666,634.3452618836666
2025-07-05,185,20,0.0,0.0,0.0,0.4417,0.0,0.0
2025-07-05,185,21,0.0,0.0,0.0,0.3905,0.0,0.0
2025-07-05,185,22,0.0,0.0,0.0,0.3736,0.0,0.0
2025-07-05,185,23,1353.104833333333,1353.104833333333,0.0,0.4018,543.6775220333333,543.6775220333333
2025-07-05,185,24,496.3710608333333,496.3710608333333,0.0,0.4344,215.62358882599997,215.62358882599997
2025-07-05,185,25,508.5257858333333,508.5257858333333,0.0,0.4243,215.76749092908332,215.76749092908332
2025-07-05,185,26,614.7237116666677,614.7237116666677,0.0,0.4068,250.0696059060004,250.0696059060004
2025-07-05,185,27,0.0,0.0,0.0,0.4541,0.0,0.0
2025-07-05,185,28,0.0,0.0,0.0,0.4583,0.0,0.0
2025-07-05,185,29,556.1915833333333,556.1915833333333,0.0,0.403,224.14520808333333,224.14520808333333
2025-07-05,185,30,1331.7192902777776,1331.7192902777776,0.0,0.3787,504.32209522819437,504.32209522819437
2025-07-05,185,31,1294.102101388889,1294.102101388889,0.0,0.3581,463.4179625073611,463.4179625073611
2025-07-05,185,32,0.0,0.0,0.0,0.3074,0.0,0.0
2025-07-05,185,33,1256.221061111111,1256.221061111111,0.0,0.2632,330.6373832844444,330.6373832844444
2025-07-05,185,34,0.0,0.0,0.0,0.4312,0.0,0.0
2025-07-05,185,35,0.0,0.0,0.0,0.692,0.0,0.0
2025-07-05,185,36,0.0,0.0,0.0,0.7039,0.0,0.0
2025-07-05,185,37,0.0,0.0,0.0,0.6902,0.0,0.0
2025-07-05,185,38,0.0,0.0,0.0,0.7192,0.0,0.0
2025-07-05,185,39,0.0,0.0,0.0,0.6374,0.0,0.0
2025-07-05,185,40,0.0,107.63869749999968,107.63869749999968,0.5976,0.0,96.48732843899973
2025-07-05,185,41,0.0,112.09826666666669,112.09826666666669,0.6307,0.0,106.05056518000002
2025-07-05,185,42,0.0,111.70592527777768,111.70592527777768,0.6156,0.0,103.14925140149991
2025-07-05,185,43,0.0,94.19767305555558,94.19767305555558,0.6222,0.0,87.91468826275003
2025-07-05,185,44,0.0,21.77679166666644,21.77679166666644,0.6165,0.0,20.138088093749793
2025-07-05,185,45,0.0,0.0,0.0,0.5076,0.0,0.0
2025-07-05,185,46,0.0,0.0,0.0,0.5747,0.0,0.0
2025-07-05,185,47,0.0,0.0,0.0,0.7864,0.0,0.0
2025-07-05,185,48,0.0,0.0,0.0,0.8181,0.0,0.0
2025-07-05,185,49,0.0,0.0,0.0,0.7862,0.0,0.0
2025-07-05,185,50,0.0,0.0,0.0,0.7834,0.0,0.0
2025-07-05,185,51,0.0,0.0,0.0,0.7777,0.0,0.0
2025-07-05,185,52,0.0,0.0,0.0,0.7895,0.0,0.0
2025-07-05,185,53,0.0,0.0,0.0,0.8105,0.0,0.0
2025-07-05,185,54,0.0,0.0,0.0,0.8012,0.0,0.0
2025-07-05,185,55,0.0,0.0,0.0,0.7704,0.0,0.0
2025-07-05,185,56,0.0,0.0,0.0,0.7363,0.0,0.0
2025-07-05,185,57,0.0,0.0,0.0,0.7203,0.0,0.0
2025-07-05,185,58,0.0,0.0,0.0,0.7667,0.0,0.0
2025-07-05,185,59,0.0,0.0,0.0,0.8702,0.0,0.0
2025-07-05,185,60,0.0,0.0,0.0,0.9582,0.0,0.0
2025-07-05,185,61,0.0,0.0,0.0,0.9189,0.0,0.0
2025-07-05,185,62,0.0,0.0,0.0,0.8395,0.0,0.0
2025-07-05,185,63,0.0,0.0,0.0,0.8744,0.0,0.0
2025-07-05,185,64,0.0,0.0,0.0,0.6448,0.0,0.0
2025-07-05,185,65,0.0,0.0,0.0,0.247,0.0,0.0
2025-07-05,185,66,0.0,0.0,0.0,0.2005,0.0,0.0
2025-07-05,185,67,0.0,0.0,0.0,0.2815,0.0,0.0
2025-07-05,185,68,0.0,0.0,0.0,0.3018,0.0,0.0
2025-07-05,185,69,0.0,0.0,0.0,0.2951,0.0,0.0
2025-07-05,185,70,0.0,0.0,0.0,0.2726,0.0,0.0
2025-07-05,185,71,0.0,0.0,0.0,0.275,0.0,0.0
2025-07-05,185,72,0.0,0.0,0.0,0.3391,0.0,0.0
2025-07-05,185,73,0.0,0.0,0.0,0.3399,0.0,0.0
2025-07-05,185,74,0.0,0.0,0.0,0.2424,0.0,0.0
2025-07-05,185,75,0.0,0.0,0.0,0.168,0.0,0.0
2025-07-05,185,76,0.0,0.0,0.0,0.3274,0.0,0.0
2025-07-05,185,77,0.0,0.0,0.0,0.612,0.0,0.0
2025-07-05,185,78,0.0,0.0,0.0,0.6892,0.0,0.0
2025-07-05,185,79,0.0,0.0,0.0,0.6823,0.0,0.0
2025-07-05,185,80,0.0,0.0,0.0,0.6847,0.0,0.0
2025-07-05,185,81,0.0,0.0,0.0,0.6777,0.0,0.0
2025-07-05,185,82,0.0,0.0,0.0,0.7742,0.0,0.0
2025-07-05,185,83,0.0,0.0,0.0,0.9228,0.0,0.0
2025-07-05,185,84,0.0,0.0,0.0,0.9463,0.0,0.0
2025-07-05,185,85,0.0,0.0,0.0,0.955,0.0,0.0
2025-07-05,185,86,0.0,0.0,0.0,1.0284,0.0,0.0
2025-07-05,185,87,0.0,0.0,0.0,1.0903,0.0,0.0
2025-07-05,185,88,0.0,0.0,0.0,0.882,0.0,0.0
2025-07-05,185,89,0.0,0.0,0.0,0.554,0.0,0.0
2025-07-05,185,90,0.0,0.0,0.0,0.5427,0.0,0.0
2025-07-05,185,91,0.0,0.0,0.0,0.6243,0.0,0.0
2025-07-05,185,92,0.0,0.0,0.0,0.6191,0.0,0.0
2025-07-05,185,93,0.0,0.0,0.0,0.5753,0.0,0.0
2025-07-05,185,94,56.739682777777716,56.739682777777716,0.0,0.5937,33.68634966516663,33.68634966516663
2025-07-05,185,95,141.29399999999987,141.29399999999987,0.0,0.6558,92.66060519999992,92.66060519999992
2025-07-05,185,96,139.70834611111115,139.70834611111115,0.0,0.6599,92.19353759872226,92.19353759872226
2025-07-05,185,97,157.60269138888884,157.60269138888884,0.0,0.6849,107.94208333224996,107.94208333224996
2025-07-05,185,98,236.0676749999999,236.06767499999987,-2.842170943040401e-14,0.7514,177.3812509949999,177.3812509949999
2025-07-05,185,99,307.9471152777776,307.94711527777764,5.684341886080802e-14,0.7841,241.4613330893054,241.46133308930547
2025-07-05,185,100,280.00116472222214,280.0011647222221,-5.684341886080802e-14,0.7468,209.1048698145555,209.10486981455549
2025-07-05,185,101,211.3208499999999,211.32084999999998,8.526512829121202e-14,0.6895,145.70572607499992,145.705726075
2025-07-05,185,102,259.17770722222224,259.17770722222224,0.0,0.7074,183.34231008900002,183.34231008900002
2025-07-05,185,103,341.2433544444443,341.2433544444443,0.0,0.7744,264.2588536817777,264.2588536817777
2025-07-05,185,104,400.40220833333336,400.4022083333332,-1.7053025658242404e-13,0.8011,320.7622090958334,320.76220909583327
2025-07-05,185,105,441.66773388888873,441.66773388888873,0.0,0.7494,330.9857997763332,330.9857997763332
2025-07-05,185,106,434.75021277777773,434.75021277777773,0.0,0.8942,388.75364026588886,388.75364026588886
2025-07-05,185,107,420.5985666666666,457.497875,36.89930833333341,1.1622,488.8196541799999,553.1462183975
2025-07-05,185,108,0.0,0.0,0.0,1.1942,0.0,0.0
2025-07-05,185,109,549.3903919444442,585.7711441666663,36.3807522222221,1.186,651.5770048461109,716.298363049444
2025-07-05,185,110,602.8694083333334,602.8694083333334,0.0,1.2272,739.8413379066667,739.8413379066667
2025-07-05,185,111,0.0,654.2457149999998,654.2457149999998,1.2185,0.0,1195.7976055912495
2025-07-05,185,112,0.0,714.9635366666666,714.9635366666666,1.2948,0.0,1388.602180914
2025-07-05,185,113,0.0,731.6689166666667,731.6689166666667,1.4371,0.0,1577.2221002125002
2025-07-05,185,114,0.0,0.0,0.0,1.469,0.0,0.0
2025-07-05,185,115,0.0,0.0,0.0,1.4404,0.0,0.0
2025-07-05,185,116,0.0,0.0,0.0,1.436,0.0,0.0
2025-07-05,185,117,0.0,0.0,0.0,1.4878,0.0,0.0
2025-07-05,185,118,0.0,0.0,0.0,1.5182,0.0,0.0
2025-07-05,185,119,0.0,0.0,0.0,1.4992,0.0,0.0
2025-07-05,185,120,0.0,0.0,0.0,1.4681,0.0,0.0
2025-07-05,185,121,0.0,0.0,0.0,1.4232,0.0,0.0
2025-07-05,185,122,214.6063717706225,259.26424635346916,44.65787458284666,1.4332,307.5738520216562,403.5793507998599
2025-07-05,185,123,0.0,0.0,0.0,1.5334,0.0,0.0
2025-07-05,185,124,657.7422425,657.7422424999999,-1.1368683772161603e-13,1.3285,873.81056916125,873.81056916125
2025-07-05,185,125,689.0518333333332,728.8512499999999,39.79941666666673,0.9279,639.3711961499998,694.7660142374999
2025-07-05,185,126,698.2847333333334,847.6852477749635,149.4005144416301,0.8624,602.2007540266668,795.4652595083595
2025-07-05,185,127,684.2103941666666,765.4513808333332,81.24098666666669,0.9057,619.6893539967499,730.0592964327499
2025-07-05,185,128,677.1404999999999,677.1410795025329,0.0005795025330144199,0.9295,629.4020947499998,629.4029027214065
2025-07-05,185,129,715.41264,715.4126399999998,-2.2737367544323206e-13,0.996,712.55098944,712.5509894399999
2025-07-05,185,130,650.2698116666666,662.3441174999998,12.074305833333256,0.7817,508.3159117798332,522.4736390847081
2025-07-05,185,131,1205.0470055555556,1205.0470055555554,-2.2737367544323206e-13,0.4125,497.0818897916667,497.08188979166664
2025-07-05,185,132,569.7498075000001,659.1789559259264,89.42914842592631,0.3762,214.33987758150002,264.80474603825024
2025-07-05,185,133,0.0,0.0,0.0,0.4202,0.0,0.0
2025-07-05,185,134,1383.0192499999998,1383.0192499999998,0.0,0.4043,559.154682775,559.154682775
2025-07-05,185,135,1326.5744499999998,1326.57445,2.2737367544323206e-13,0.4436,588.4684260199999,588.46842602
2025-07-05,185,136,1383.3456908333333,1383.3456908333333,0.0,0.4706,651.0024821061667,651.0024821061667
2025-07-05,185,137,0.0,0.0,0.0,0.4688,0.0,0.0
2025-07-05,185,138,550.9729608333333,550.9729608333333,0.0,0.4918,270.96850213783335,270.96850213783335
2025-07-05,185,139,1364.2057666666665,1364.2057666666667,2.2737367544323206e-13,0.4764,649.9076272399999,649.90762724
2025-07-05,185,140,1430.3995833333333,1430.399583333333,-2.2737367544323206e-13,0.425,607.9198229166667,607.9198229166666
2025-07-05,185,141,1427.986825,1427.9868250000002,2.2737367544323206e-13,0.4177,596.4700968025,596.4700968025002
2025-07-05,185,142,1407.9495674999998,1407.9495675,2.2737367544323206e-13,0.4633,652.3030346227499,652.30303462275
2025-07-05,185,143,523.9844139757992,523.9844139757993,1.1368683772161603e-13,0.5301,277.7641378485711,277.76413784857124
2025-07-06,186,0,0.0,0.0,0.0,0.5713,0.0,0.0
2025-07-06,186,1,0.0,0.0,0.0,0.5678,0.0,0.0
2025-07-06,186,2,0.0,0.0,0.0,0.5376,0.0,0.0
2025-07-06,186,3,0.0,0.0,0.0,0.5214,0.0,0.0
2025-07-06,186,4,1481.5544108333333,1481.5544108333333,0.0,0.5263,779.7420864215833,779.7420864215833
2025-07-06,186,5,1463.6857499999999,1463.6857499999999,0.0,0.5329,779.998136175,779.998136175
2025-07-06,186,6,648.9770020972154,648.9770020972154,0.0,0.5205,337.7925295916006,337.7925295916006
2025-07-06,186,7,0.0,0.0,0.0,0.5342,0.0,0.0
2025-07-06,186,8,0.0,0.0,0.0,0.5632,0.0,0.0
2025-07-06,186,9,1442.5117633333332,1442.5117633333332,0.0,0.5502,793.669972186,793.669972186
2025-07-06,186,10,603.0879625,603.0879625,0.0,0.5391,325.12472058375,325.12472058375
2025-07-06,186,11,0.0,0.0,0.0,0.5508,0.0,0.0
2025-07-06,186,12,0.0,0.0,0.0,0.5586,0.0,0.0
2025-07-06,186,13,726.5853869713446,726.5853869713446,0.0,0.5406,392.79206019670886,392.79206019670886
2025-07-06,186,14,644.9923333333334,644.9923333333334,0.0,0.5076,327.39810840000007,327.39810840000007
2025-07-06,186,15,0.0,0.0,0.0,0.4939,0.0,0.0
2025-07-06,186,16,616.3249816666666,616.3249816666666,0.0,0.5053,311.4290132361666,311.4290132361666
2025-07-06,186,17,1449.2872499999999,1449.2872499999999,0.0,0.515,746.3829337499999,746.3829337499999
2025-07-06,186,18,1433.2211808333332,1433.2211808333332,0.0,0.4911,703.85492190725,703.85492190725
2025-07-06,186,19,595.0246091666668,595.0246091666668,0.0,0.4779,284.36226072075004,284.36226072075004
2025-07-06,186,20,590.6776666666665,590.6776666666665,0.0,0.489,288.8413789999999,288.8413789999999
2025-07-06,186,21,555.4341525,555.4341525,0.0,0.5013,278.43914064825,278.43914064825
2025-07-06,186,22,545.3934958333433,545.3934958333433,0.0,0.5393,294.13071230292206,294.13071230292206
2025-07-06,186,23,592.0054999999999,592.0054999999999,0.0,0.5706,337.7983382999999,337.7983382999999
2025-07-06,186,24,608.3221766666666,608.3221766666666,0.0,0.533,324.23572016333327,324.23572016333327
2025-07-06,186,25,584.5914375000001,584.5914375000001,0.0,0.5189,303.34449691875005,303.34449691875005
2025-07-06,186,26,659.5475833333333,659.5475833333333,0.0,0.5356,353.25368563333325,353.25368563333325
2025-07-06,186,27,1434.1321399999997,1434.1321399999997,0.0,0.5016,719.360681424,719.360681424
2025-07-06,186,28,1421.1337583333332,1421.1337583333332,0.0,0.4783,679.7282766108333,679.7282766108333
2025-07-06,186,29,0.0,0.0,0.0,0.475,0.0,0.0
2025-07-06,186,30,575.5728761111111,575.5728761111111,0.0,0.4445,255.84214343138888,255.84214343138888
2025-07-06,186,31,595.4572140910362,595.4572140910362,0.0,0.4634,275.9348730097862,275.9348730097862
2025-07-06,186,32,1343.2000833333332,1343.2000833333332,0.0,0.4888,656.5562007333333,656.5562007333333
2025-07-06,186,33,1296.258373611111,1296.258373611111,0.0,0.4315,559.3354882131944,559.3354882131944
2025-07-06,186,34,0.0,0.0,0.0,0.6026,0.0,0.0
2025-07-06,186,35,0.0,0.0,0.0,0.9161,0.0,0.0
2025-07-06,186,36,0.0,0.0,0.0,0.9456,0.0,0.0
2025-07-06,186,37,0.0,15.126381464510132,15.126381464510132,0.8878,0.0,20.143802196288146
2025-07-06,186,38,0.0,389.00812708333325,389.00812708333325,0.8791,0.0,512.9655667784374
2025-07-06,186,39,0.0,322.7117817361108,322.7117817361108,0.856,0.0,414.3619277491663
2025-07-06,186,40,0.0,294.7028813888889,294.7028813888889,0.8407,0.0,371.6350685754583
2025-07-06,186,41,0.0,242.39573333333323,242.39573333333323,0.8152,0.0,296.4015027199999
2025-07-06,186,42,0.0,756.9323606252033,756.9323606252033,0.7419,0.0,842.3521775217574
2025-07-06,186,43,0.0,224.93534527777786,224.93534527777786,0.7504,0.0,253.18722464466674
2025-07-06,186,44,0.0,81.16225538176205,81.16225538176205,0.7803,0.0,94.9963618115834
2025-07-06,186,45,0.0,869.5335769444443,869.5335769444443,0.6801,0.0,887.054678519875
2025-07-06,186,46,0.0,0.0,0.0,0.836,0.0,0.0
2025-07-06,186,47,0.0,0.0,0.0,1.1923,0.0,0.0
2025-07-06,186,48,0.0,0.0,0.0,1.2693,0.0,0.0
2025-07-06,186,49,0.0,0.0,0.0,1.2,0.0,0.0
2025-07-06,186,50,0.0,0.0,0.0,1.1441,0.0,0.0
2025-07-06,186,51,0.0,0.0,0.0,1.1182,0.0,0.0
2025-07-06,186,52,0.0,0.0,0.0,1.0998,0.0,0.0
2025-07-06,186,53,0.0,0.0,0.0,1.0883,0.0,0.0
2025-07-06,186,54,0.0,0.0,0.0,1.1017,0.0,0.0
2025-07-06,186,55,0.0,0.0,0.0,1.1143,0.0,0.0
2025-07-06,186,56,0.0,0.0,0.0,1.0556,0.0,0.0
2025-07-06,186,57,0.0,0.0,0.0,0.9111,0.0,0.0
2025-07-06,186,58,0.0,0.0,0.0,1.0065,0.0,0.0
2025-07-06,186,59,0.0,0.0,0.0,1.2772,0.0,0.0
2025-07-06,186,60,0.0,0.0,0.0,1.3112,0.0,0.0
2025-07-06,186,61,0.0,0.0,0.0,1.2101,0.0,0.0
2025-07-06,186,62,0.0,0.0,0.0,1.1636,0.0,0.0
2025-07-06,186,63,0.0,0.0,0.0,1.2057,0.0,0.0
2025-07-06,186,64,0.0,0.0,0.0,0.9562,0.0,0.0
2025-07-06,186,65,0.0,0.0,0.0,0.5592,0.0,0.0
2025-07-06,186,66,0.0,440.1981746993139,440.1981746993139,0.5593,0.0,369.3042586639894
2025-07-06,186,67,0.0,678.1872758333333,678.1872758333333,0.611,0.0,621.55863830125
2025-07-06,186,68,0.0,482.3924583333335,482.3924583333335,0.5537,0.0,400.6510562687501
2025-07-06,186,69,0.0,0.0,0.0,0.5697,0.0,0.0
2025-07-06,186,70,0.0,0.0,0.0,0.5631,0.0,0.0
2025-07-06,186,71,0.0,648.6498541666666,648.6498541666666,0.5174,0.0,503.41715181874997
2025-07-06,186,72,0.0,613.3232820833334,613.3232820833334,0.5347,0.0,491.91593839493754
2025-07-06,186,73,0.0,608.4431558333333,608.4431558333333,0.5789,0.0,528.341614367875
2025-07-06,186,74,0.0,0.0,0.0,0.5731,0.0,0.0
2025-07-06,186,75,0.0,550.3264791666668,550.3264791666668,0.5137,0.0,424.05406852187514
2025-07-06,186,76,0.0,579.2907141666667,579.2907141666667,0.6884,0.0,598.1755914485
2025-07-06,186,77,0.0,0.0,0.0,1.0015,0.0,0.0
2025-07-06,186,78,0.0,0.0,0.0,1.0514,0.0,0.0
2025-07-06,186,79,0.0,0.0,0.0,1.0282,0.0,0.0
2025-07-06,186,80,0.0,0.0,0.0,1.0326,0.0,0.0
2025-07-06,186,81,0.0,0.0,0.0,0.9973,0.0,0.0
2025-07-06,186,82,0.0,0.0,0.0,1.1384,0.0,0.0
2025-07-06,186,83,0.0,0.0,0.0,1.3748,0.0,0.0
2025-07-06,186,84,0.0,0.0,0.0,1.3758,0.0,0.0
2025-07-06,186,85,0.0,0.0,0.0,1.2903,0.0,0.0
2025-07-06,186,86,0.0,0.0,0.0,1.3056,0.0,0.0
2025-07-06,186,87,0.0,0.0,0.0,1.4136,0.0,0.0
2025-07-06,186,88,0.0,0.0,0.0,1.1986,0.0,0.0
2025-07-06,186,89,619.0942839506129,821.635513194439,202.54122924382614,0.7939,491.49895202839156,732.6951748734019
2025-07-06,186,90,340.93160666666654,345.06801777777775,4.136411111111215,0.7768,264.8356720586666,269.6554182853334
2025-07-06,186,91,308.72297083333297,1049.4139977777777,740.6910269444447,0.9086,280.5056912991663,1289.9934919217499
2025-07-06,186,92,1125.3302583333334,1125.3302583333334,0.0,0.9428,1060.9613675566668,1060.9613675566668
2025-07-06,186,93,331.40854583333316,337.8526947222225,6.444148888889345,0.8805,291.80522460624985,300.31633425125045
2025-07-06,186,94,415.1713083333333,415.1713083333333,0.0,0.8869,368.2154333608333,368.2154333608333
2025-07-06,186,95,482.67873333333307,482.67873333333307,0.0,0.9576,462.2131550399998,462.2131550399998
2025-07-06,186,96,416.4809080555556,499.9366286111108,83.45572055555522,0.9426,392.5749039331667,510.5729472266662
2025-07-06,186,97,474.15454444444435,555.8346063888885,81.6800619444441,0.9394,445.420779051111,560.5161543370273
2025-07-06,186,98,0.0,0.0,0.0,0.9867,0.0,0.0
2025-07-06,186,99,592.7730105555556,592.7730105555557,1.1368683772161603e-13,1.0156,602.0202695202223,602.0202695202225
2025-07-06,186,100,554.793173611111,554.793173611111,0.0,1.0238,567.9972511430555,567.9972511430555
2025-07-06,186,101,870.8970289814823,870.8970289814822,-1.1368683772161603e-13,1.0413,906.8650762784174,906.8650762784174
2025-07-06,186,102,638.7714955555555,638.7714955555555,0.0,1.094,698.8160161377778,698.8160161377778
2025-07-06,186,103,693.909657777778,693.909657777778,0.0,1.1329,786.1302512964447,786.1302512964447
2025-07-06,186,104,723.7580583333333,723.7580583333333,0.0,1.1366,822.6234091016668,822.6234091016668
2025-07-06,186,105,743.4979580555556,743.4979580555556,0.0,1.1392,846.992873816889,846.992873816889
2025-07-06,186,106,676.5052552777777,676.5052552777776,-1.1368683772161603e-13,1.2086,817.6242515287221,817.624251528722
2025-07-06,186,107,581.7777833333334,615.1372916666667,33.359508333333224,1.3063,759.9763183683335,825.3426069720833
2025-07-06,186,108,621.4986616666665,697.5525499999998,76.05388833333325,1.3265,824.4179747008332,975.746199012083
2025-07-06,186,109,699.8021441666665,771.0817416666664,71.27959749999991,1.3453,941.4438245474164,1085.2824883225412
2025-07-06,186,110,0.0,761.2434374999998,761.2434374999998,1.3786,0.0,1574.1753044062496
2025-07-06,186,111,16.028605833333536,819.8765933333333,803.8479874999997,1.3891,22.265336363083616,1697.203195517458
2025-07-06,186,112,25.32490704839904,849.3627008333334,824.0377937849344,1.5408,39.02061678017324,1943.5367657759134
2025-07-06,186,113,747.5695,848.7615000000002,101.19200000000023,1.735,1297.0330825,1560.3852625000006
2025-07-06,186,114,10.264432500000112,56.67522416666657,46.410791666666455,1.6867,17.31301829775019,134.73464175399965
2025-07-06,186,115,48.063737499999945,871.3798647370986,823.3161272370987,1.6124,77.49797034499991,2068.770355680647
2025-07-06,186,116,819.9811666666666,819.9811666666665,-1.1368683772161603e-13,1.6401,1344.8511114499997,1344.8511114499995
2025-07-06,186,117,798.7805925,823.0545583333333,24.27396583333325,1.6847,1345.70566418475,1407.0471895438748
2025-07-06,186,118,35.26156416666675,860.4377641666665,825.1761999999998,1.6818,59.30289861550014,2140.9748983554996
2025-07-06,186,119,30.110750000000166,876.5071666666666,846.3964166666665,1.656,49.86340200000027,2152.312101
2025-07-06,186,120,52.592505000000074,883.6763008333334,831.0837958333333,1.6785,88.27651964250013,2180.7377466018756
2025-07-06,186,121,39.21330000000005,703.8057620389153,664.5924620389153,1.6852,66.08225316000008,1746.0390787019703
2025-07-06,186,122,2.5771666666668125,887.6497499999999,885.0725833333331,1.7025,4.387626250000248,2264.6417359374996
2025-07-06,186,123,24.768240833333152,76.71544395062573,51.947203117292574,1.7731,43.91656782158301,182.0779465924902
2025-07-06,186,124,845.9563416666666,890.8904391666665,44.93409749999989,1.5304,1294.6515852866667,1397.8022995076665
2025-07-06,186,125,821.33425,861.1336666666667,39.79941666666673,1.1098,911.51675065,977.7708395750001
2025-07-06,186,126,829.3827258333333,876.0275841666667,46.64485833333333,1.0508,871.5153683056666,945.0369940106666
2025-07-06,186,127,779.5624724166669,911.2323491666667,131.66987674999984,1.1021,859.1558008504086,1076.8258575996708
2025-07-06,186,128,851.4191666666666,930.0400833333332,78.62091666666663,1.1144,948.8215193333333,1080.2442436333333
2025-07-06,186,129,902.9177708333334,916.7775241666667,13.859753333333288,1.1569,1044.5855690770834,1068.6370920240834
2025-07-06,186,130,796.7624166666667,808.8367225,12.074305833333256,0.9669,770.389580675,787.901550140375
2025-07-06,186,131,1110.668320343481,1110.6683203434807,-2.2737367544323206e-13,0.6333,703.3862472735265,703.3862472735264
2025-07-06,186,132,1465.3045116666667,1465.3045116666667,0.0,0.5456,799.4701415653333,799.4701415653333
2025-07-06,186,133,671.2748741666667,671.2748741666666,-1.1368683772161603e-13,0.5498,369.0669258168333,369.0669258168333
2025-07-06,186,134,1454.36825,1454.3682499999998,-2.2737367544323206e-13,0.5425,788.994775625,788.994775625
2025-07-06,186,135,727.5870141666666,727.5870141666666,0.0,0.5781,420.6180528897499,420.6180528897499
2025-07-06,186,136,1440.9565999999998,1440.9565999999998,0.0,0.581,837.1957845999998,837.1957845999998
2025-07-06,186,137,1485.4310833333332,1485.4310833333332,0.0,0.5479,813.8676905583333,813.8676905583333
2025-07-06,186,138,653.1945350000002,653.1945350000002,0.0,0.5506,359.6489109710001,359.6489109710001
2025-07-06,186,139,0.0,0.0,0.0,0.539,0.0,0.0
2025-07-06,186,140,664.186,664.186,0.0,0.5194,344.9782084,344.9782084
2025-07-06,186,141,1514.1157916666666,1514.1157916666668,2.2737367544323206e-13,0.5496,832.1580390999999,832.1580391000001
2025-07-06,186,142,1491.9962575,1491.9962575,0.0,0.5447,812.69036146025,812.69036146025
2025-07-06,186,143,722.6900833333333,722.6900833333333,0.0,0.502,362.7904218333333,362.7904218333333
2025-07-07,187,0,0.0,0.0,0.0,0.5078,0.0,0.0
2025-07-07,187,1,0.0,0.0,0.0,0.5307,0.0,0.0
2025-07-07,187,2,0.0,0.0,0.0,0.5419,0.0,0.0
2025-07-07,187,3,700.4031899999999,700.4031899999999,0.0,0.5433,380.52905312699994,380.52905312699994
2025-07-07,187,4,1545.0206208333334,1545.0206208333334,0.0,0.5272,814.5348713033334,814.5348713033334
2025-07-07,187,5,1308.236993399034,1308.236993399034,0.0,0.5204,680.8065313648573,680.8065313648573
2025-07-07,187,6,1509.8713425,1509.8713425,0.0,0.5551,838.1295822217501,838.1295822217501
2025-07-07,187,7,1492.4401708333332,1492.4401708333332,0.0,0.541,807.4101324208333,807.4101324208333
2025-07-07,187,8,0.0,0.0,0.0,0.4899,0.0,0.0
2025-07-07,187,9,0.0,0.0,0.0,0.5049,0.0,0.0
2025-07-07,187,10,0.0,0.0,0.0,0.5245,0.0,0.0
2025-07-07,187,11,662.1306666666667,662.1306666666667,0.0,0.5237,346.75783013333336,346.75783013333336
2025-07-07,187,12,1491.1088833333333,1491.1088833333333,0.0,0.5436,810.56678898,810.56678898
2025-07-07,187,13,1493.6119999999999,1493.6119999999999,0.0,0.5726,855.2422311999999,855.2422311999999
2025-07-07,187,14,662.2993333333334,662.2993333333334,0.0,0.5727,379.2988282,379.2988282
2025-07-07,187,15,0.0,0.0,0.0,0.5207,0.0,0.0
2025-07-07,187,16,696.0114574999999,696.0114574999999,0.0,0.5,348.00572874999995,348.00572874999995
2025-07-07,187,17,1533.0001666666667,1533.0001666666667,0.0,0.5257,805.8981876166666,805.8981876166666
2025-07-07,187,18,1474.6966166666666,1474.6966166666666,0.0,0.5361,790.584856195,790.584856195
2025-07-07,187,19,1462.598935,1462.598935,0.0,0.5425,793.4599222375,793.4599222375
2025-07-07,187,20,653.8034999999998,653.8034999999998,0.0,0.5528,361.42257479999984,361.42257479999984
2025-07-07,187,21,0.0,0.0,0.0,0.5502,0.0,0.0
2025-07-07,187,22,626.9076699999998,626.9076699999998,0.0,0.5115,320.6632732049999,320.6632732049999
2025-07-07,187,23,1520.9568333333332,1520.9568333333332,0.0,0.4864,739.7934037333332,739.7934037333332
2025-07-07,187,24,1487.6386499999999,1487.6386499999999,0.0,0.5435,808.531606275,808.531606275
2025-07-07,187,25,658.5219983333333,658.5219983333333,0.0,0.5417,356.7213664971666,356.7213664971666
2025-07-07,187,26,0.0,0.0,0.0,0.4964,0.0,0.0
2025-07-07,187,27,683.9472574999998,683.9472574999998,0.0,0.5582,381.77935913649986,381.77935913649986
2025-07-07,187,28,1494.7137616666664,1494.7137616666664,0.0,0.5909,883.2263617688332,883.2263617688332
2025-07-07,187,29,1502.5361666666663,1502.5361666666663,0.0,0.541,812.8720661666665,812.8720661666665
2025-07-07,187,30,1482.4360263888889,1482.4360263888889,0.0,0.498,738.2531411416667,738.2531411416667
2025-07-07,187,31,1450.020413611111,1450.020413611111,0.0,0.4934,715.4400720757222,715.4400720757222
2025-07-07,187,32,1410.382208333333,1410.382208333333,0.0,0.4727,666.6876698791665,666.6876698791665
2025-07-07,187,33,1351.3695597222222,1351.3695597222222,0.0,0.3983,538.250495637361,538.250495637361
2025-07-07,187,34,543.9677369444445,543.9677369444445,0.0,0.5609,305.1115036521389,305.1115036521389
2025-07-07,187,35,0.0,0.0,0.0,0.8673,0.0,0.0
2025-07-07,187,36,0.0,0.0,0.0,0.9108,0.0,0.0
2025-07-07,187,37,0.0,0.0,0.0,0.8875,0.0,0.0
2025-07-07,187,38,0.0,0.0,0.0,0.9009,0.0,0.0
2025-07-07,187,39,0.0,0.0,0.0,0.848,0.0,0.0
2025-07-07,187,40,0.0,0.0,0.0,0.7925,0.0,0.0
2025-07-07,187,41,0.0,0.0,0.0,0.7766,0.0,0.0
2025-07-07,187,42,0.0,0.0,0.0,0.7777,0.0,0.0
2025-07-07,187,43,0.0,0.0,0.0,0.7768,0.0,0.0
2025-07-07,187,44,0.0,0.0,0.0,0.7181,0.0,0.0
2025-07-07,187,45,0.0,0.0,0.0,0.6021,0.0,0.0
2025-07-07,187,46,0.0,0.0,0.0,0.7857,0.0,0.0
2025-07-07,187,47,0.0,0.0,0.0,1.1604,0.0,0.0
2025-07-07,187,48,0.0,0.0,0.0,1.2271,0.0,0.0
2025-07-07,187,49,0.0,0.0,0.0,1.1379,0.0,0.0
2025-07-07,187,50,0.0,0.0,0.0,1.1015,0.0,0.0
2025-07-07,187,51,0.0,0.0,0.0,1.157,0.0,0.0
2025-07-07,187,52,0.0,0.0,0.0,1.1234,0.0,0.0
2025-07-07,187,53,0.0,0.0,0.0,1.0166,0.0,0.0
2025-07-07,187,54,0.0,0.0,0.0,1.0223,0.0,0.0
2025-07-07,187,55,0.0,0.0,0.0,1.0083,0.0,0.0
2025-07-07,187,56,0.0,0.0,0.0,0.9427,0.0,0.0
2025-07-07,187,57,0.0,0.0,0.0,0.9528,0.0,0.0
2025-07-07,187,58,0.0,0.0,0.0,1.0666,0.0,0.0
2025-07-07,187,59,0.0,0.0,0.0,1.1797,0.0,0.0
2025-07-07,187,60,0.0,0.0,0.0,1.154,0.0,0.0
2025-07-07,187,61,0.0,0.0,0.0,1.1308,0.0,0.0
2025-07-07,187,62,0.0,0.0,0.0,1.1881,0.0,0.0
2025-07-07,187,63,0.0,0.0,0.0,1.2262,0.0,0.0
2025-07-07,187,64,0.0,0.0,0.0,0.9909,0.0,0.0
2025-07-07,187,65,0.0,0.0,0.0,0.622,0.0,0.0
2025-07-07,187,66,611.1527961111108,611.1527961111108,0.0,0.5399,329.9613946203887,329.9613946203887
2025-07-07,187,67,0.0,0.0,0.0,0.5693,0.0,0.0
2025-07-07,187,68,0.0,0.0,0.0,0.5771,0.0,0.0
2025-07-07,187,69,0.0,0.0,0.0,0.597,0.0,0.0
2025-07-07,187,70,0.0,0.0,0.0,0.5538,0.0,0.0
2025-07-07,187,71,0.0,800.3656249999999,800.3656249999999,0.4658,0.0,559.2154621875
2025-07-07,187,72,472.60566305555403,680.7599050000001,208.15424194444608,0.4462,210.8766468553882,350.194280988806
2025-07-07,187,73,0.0,641.9812075,641.9812075,0.4957,0.0,477.34512683662496
2025-07-07,187,74,0.0,0.0,0.0,0.5351,0.0,0.0
2025-07-07,187,75,583.7201002777779,583.7201002777779,0.0,0.5148,300.49910762300004,300.49910762300004
2025-07-07,187,76,0.0,598.878575416667,598.878575416667,0.6893,0.0,619.2105030520628
2025-07-07,187,77,0.0,0.0,0.0,0.9738,0.0,0.0
2025-07-07,187,78,0.0,0.0,0.0,1.0036,0.0,0.0
2025-07-07,187,79,0.0,0.0,0.0,0.9515,0.0,0.0
2025-07-07,187,80,0.0,0.0,0.0,0.9481,0.0,0.0
2025-07-07,187,81,0.0,0.0,0.0,0.9691,0.0,0.0
2025-07-07,187,82,0.0,0.0,0.0,1.0885,0.0,0.0
2025-07-07,187,83,0.0,0.0,0.0,1.24,0.0,0.0
2025-07-07,187,84,0.0,0.0,0.0,1.256,0.0,0.0
2025-07-07,187,85,0.0,0.0,0.0,1.2294,0.0,0.0
2025-07-07,187,86,0.0,0.0,0.0,1.2648,0.0,0.0
2025-07-07,187,87,0.0,0.0,0.0,1.3312,0.0,0.0
2025-07-07,187,88,0.0,0.0,0.0,1.1001,0.0,0.0
2025-07-07,187,89,1206.4008499999995,1083.170483333333,-123.23036666666644,0.7405,893.3398294249997,847.7137861666665
2025-07-07,187,90,1172.9147293124831,1147.758716111111,-25.15601320137216,0.772,905.490171029237,895.7799499335074
2025-07-07,187,91,369.9057961111106,1059.9246739360551,690.0188778249445,0.8501,314.4569172740551,1194.3344893325332
2025-07-07,187,92,394.1438583333331,430.71091666666655,36.56705833333342,0.8177,322.2914329591665,367.1427583579166
2025-07-07,187,93,429.6856147222222,429.6856147222223,5.684341886080802e-14,0.8601,369.57259722258334,369.5725972225834
2025-07-07,187,94,375.9003815576549,375.90038155765495,5.684341886080802e-14,0.8961,336.84433191381453,336.8443319138146
2025-07-07,187,95,579.143533333333,579.1435333333332,1.1368683772161603e-13,0.8728,505.4764758933331,505.47647589333326
2025-07-07,187,96,529.9422519444447,529.9422519444447,0.0,0.845,447.80120289305574,447.80120289305574
2025-07-07,187,97,286.5175258055563,318.47666237372493,31.959136568168617,0.8979,257.264086420809,300.3082495076469
2025-07-07,187,98,651.0222749999997,651.0222749999997,0.0,0.9957,648.2228792174997,648.2228792174997
2025-07-07,187,99,705.6300752777777,705.6300752777778,1.1368683772161603e-13,1.0166,717.3435345273888,717.343534527389
2025-07-07,187,100,731.8505730555555,731.8505730555555,0.0,1.002,733.3142742016666,733.3142742016666
2025-07-07,187,101,791.9235000000001,791.9235000000001,0.0,1.0043,795.3287710500001,795.3287710500001
2025-07-07,187,102,856.3126097222221,856.3126097222221,0.0,1.0366,887.6536512380554,887.6536512380554
2025-07-07,187,103,886.0211941111115,886.0211941111115,0.0,1.0791,956.1054705653004,956.1054705653004
2025-07-07,187,104,937.3317166666666,937.3317166666666,0.0,1.0928,1024.3160999733332,1024.3160999733332
2025-07-07,187,105,1016.3683149999999,1016.368315,1.1368683772161603e-13,1.0679,1085.3797235885,1085.3797235885002
2025-07-07,187,106,907.4470002777775,907.4470002777776,1.1368683772161603e-13,1.1476,1041.3861775187775,1041.3861775187777
2025-07-07,187,107,673.4650166666667,707.9229791666668,34.45796250000012,1.285,865.4025464166666,931.8202691354169
2025-07-07,187,108,719.9572083333331,719.9572083333331,0.0,1.296,933.0645419999997,933.0645419999997
2025-07-07,187,109,821.3343141666666,856.0875024999998,34.75318833333324,1.349,1107.979989810833,1178.3030664033329
2025-07-07,187,110,855.8714666666666,855.8714666666666,0.0,1.4405,1232.8828477333332,1232.8828477333332
2025-07-07,187,111,894.9566516666665,894.9566516666664,-1.1368683772161603e-13,1.4081,1260.188461211833,1260.1884612118329
2025-07-07,187,112,125.51486944444453,125.51486944444454,1.4210854715202004e-14,1.4882,186.79122870722233,186.79122870722236
2025-07-07,187,113,122.67983333333359,147.8550833333337,25.17525000000012,1.6636,204.09017073333376,266.91248958333404
2025-07-07,187,114,105.96467916666688,152.37547083333334,46.410791666666455,1.6627,176.18747205041703,291.9383070066665
2025-07-07,187,115,218.25434490950988,959.9139518207013,741.6596069111914,1.6148,352.43711615987655,2148.8850160201646
2025-07-07,187,116,116.6769166666669,116.67691666666691,1.4210854715202004e-14,1.6292,190.09003263333372,190.09003263333375
2025-07-07,187,117,137.6866183333334,137.6866183333334,0.0,1.6777,230.99683957783344,230.99683957783344
2025-07-07,187,118,123.96232333333354,123.96232333333353,-1.4210854715202004e-14,1.6854,208.92609974600035,208.92609974600032
2025-07-07,187,119,913.347,930.6758333333332,17.32883333333325,1.6611,1517.1607017,1560.3380892749997
2025-07-07,187,120,133.0853483333334,565.295249350705,432.20990101737164,1.6741,222.79818164483342,1308.1420745846062
2025-07-07,187,121,148.42552000000006,161.2070149999999,12.781494999999836,1.6646,247.0691205920001,278.9832354574997
2025-07-07,187,122,113.62833333333344,165.3675833333333,51.739249999999856,1.6581,188.40713950000017,317.0904151374998
2025-07-07,187,123,134.11790583333334,186.06492000000003,51.94701416666669,1.7052,228.697853027,361.5679258625001
2025-07-07,187,124,899.2455,999.0141308333332,99.76863083333319,1.5016,1350.3070428,1575.0259068889998
2025-07-07,187,125,1726.5024999999996,1726.5024999999994,-2.2737367544323206e-13,1.1357,1960.7888892499993,1960.7888892499993
2025-07-07,187,126,988.9961216666668,1219.4328091666675,230.43668750000074,1.0368,1025.391178944,1383.7663153440012
2025-07-07,187,127,928.4580100000001,1009.6989966666667,81.24098666666669,1.0708,994.192837108,1124.682109892
2025-07-07,187,128,950.5815833333332,950.5815833333332,0.0,1.1141,1059.0429419916666,1059.0429419916666
2025-07-07,187,129,123.92350333333343,137.78325666666672,13.859753333333288,1.1386,141.09930089533344,164.77037361333336
2025-07-07,187,130,835.9478349999999,848.0221408333332,12.074305833333256,0.8904,744.3279522839999,760.4543951549998
2025-07-07,187,131,1513.13425,1513.1342500000003,2.2737367544323206e-13,0.531,803.47428675,803.4742867500003
2025-07-07,187,132,1543.5161833333332,1543.5161833333334,2.2737367544323206e-13,0.5136,792.7499117599998,792.74991176
2025-07-07,187,133,746.5426966666669,746.5426966666669,0.0,0.5805,433.3680354150001,433.3680354150001
2025-07-07,187,134,1528.97475,1528.97475,0.0,0.5688,869.6808378000001,869.6808378000001
2025-07-07,187,135,1492.011055,1492.011055,0.0,0.5653,843.4338493915,843.4338493915
2025-07-07,187,136,1534.4979416666665,1534.4979416666667,2.2737367544323206e-13,0.5445,835.5341292374999,835.5341292375001
2025-07-07,187,137,1572.2000833333332,1572.2000833333332,0.0,0.5182,814.7140831833333,814.7140831833333
2025-07-07,187,138,683.5737608333334,683.5737608333334,0.0,0.5411,369.88176198691673,369.88176198691673
2025-07-07,187,139,1416.2796303434811,1416.2796303434811,0.0,0.5693,806.2879935545438,806.2879935545438
2025-07-07,187,140,1546.9686666666666,1546.9686666666666,0.0,0.5557,859.6504880666666,859.6504880666666
2025-07-07,187,141,731.9922808333333,731.9922808333333,0.0,0.5038,368.77771108383337,368.77771108383337
2025-07-07,187,142,0.0,0.0,0.0,0.5225,0.0,0.0
2025-07-07,187,143,0.0,2.1350000000001046,2.1350000000001046,0.5712,0.0,1.8292680000000896
2025-07-08,188,0,0.0,0.0,0.0,0.5082,0.0,0.0
2025-07-08,188,1,0.0,0.0,0.0,0.4788,0.0,0.0
2025-07-08,188,2,9.891666666666993,9.891666666666993,0.0,0.5367,5.308857500000174,5.308857500000174
2025-07-08,188,3,1595.8850449999998,1595.8850449999998,0.0,0.5823,929.2838617035,929.2838617035
2025-07-08,188,4,1576.8720841666664,1576.8720841666664,0.0,0.5669,893.9287845140831,893.9287845140831
2025-07-08,188,5,762.5705000000002,762.5705000000002,0.0,0.5329,406.3738194500001,406.3738194500001
2025-07-08,188,6,788.6733391666667,788.6733391666667,0.0,0.5545,437.3193665679167,437.3193665679167
2025-07-08,188,7,719.7939363359359,719.7939363359359,0.0,0.5352,385.2337147269929,385.2337147269929
2025-07-08,188,8,0.0,0.0,0.0,0.495,0.0,0.0
2025-07-08,188,9,758.6707358333333,758.6707358333333,0.0,0.5528,419.39318276866663,419.39318276866663
2025-07-08,188,10,751.3665233333334,751.3665233333334,0.0,0.5902,443.4565220713333,443.4565220713333
2025-07-08,188,11,741.4354166666667,741.4354166666667,0.0,0.5577,413.49853187499997,413.49853187499997
2025-07-08,188,12,0.0,0.0,0.0,0.5211,0.0,0.0
2025-07-08,188,13,783.2591116666669,783.2591116666669,0.0,0.4893,383.2486833385001,383.2486833385001
2025-07-08,188,14,1546.6848333333332,1546.6848333333332,0.0,0.4841,748.7501278166666,748.7501278166666
2025-07-08,188,15,742.6289341666667,742.6289341666667,0.0,0.5359,397.9748458199167,397.9748458199167
2025-07-08,188,16,734.8754974999999,734.8754974999999,0.0,0.5925,435.41373226875,435.41373226875
2025-07-08,188,17,1530.2049166666666,1530.2049166666666,0.0,0.588,899.7604909999999,899.7604909999999
2025-07-08,188,18,1545.111195,1545.111195,0.0,0.5034,777.8089755629999,777.8089755629999
2025-07-08,188,19,1553.9695266666668,1553.9695266666668,0.0,0.4721,733.6290135393334,733.6290135393334
2025-07-08,188,20,1501.261,1501.261,0.0,0.4989,748.9791129,748.9791129
2025-07-08,188,21,704.7742366666665,704.7742366666665,0.0,0.4715,332.3010525883332,332.3010525883332
2025-07-08,188,22,1373.9511034101092,1373.9511034101092,0.0,0.472,648.5049208095716,648.5049208095716
2025-07-08,188,23,1451.1399999999999,1451.1399999999999,0.0,0.5116,742.403224,742.403224
2025-07-08,188,24,1529.6462741666664,1529.6462741666664,0.0,0.5099,779.9666351975833,779.9666351975833
2025-07-08,188,25,722.5603316666666,722.5603316666666,0.0,0.4998,361.13565376699995,361.13565376699995
2025-07-08,188,26,674.1339166666667,674.1339166666667,0.0,0.4953,333.898528925,333.898528925
2025-07-08,188,27,1508.2528377777776,1508.2528377777776,0.0,0.4817,726.5253919575555,726.5253919575555
2025-07-08,188,28,712.0543383333332,712.0543383333332,0.0,0.5196,369.98343419799994,369.98343419799994
2025-07-08,188,29,0.0,0.0,0.0,0.5683,0.0,0.0
2025-07-08,188,30,676.0979039675155,676.0979039675155,0.0,0.5232,353.73442335580415,353.73442335580415
2025-07-08,188,31,1466.8484908333335,1466.8484908333335,0.0,0.4958,727.2634817551667,727.2634817551667
2025-07-08,188,32,1430.9540916666665,1430.9540916666665,0.0,0.4774,683.1374833616666,683.1374833616666
2025-07-08,188,33,1420.6155866666663,1420.6155866666663,0.0,0.3935,559.0122333533333,559.0122333533333
2025-07-08,188,34,638.3851658333332,638.3851658333332,0.0,0.5823,371.7316820647499,371.7316820647499
2025-07-08,188,35,0.0,0.0,0.0,0.9402,0.0,0.0
2025-07-08,188,36,0.0,0.0,0.0,0.9834,0.0,0.0
2025-07-08,188,37,455.5108506595128,455.5108506595128,0.0,0.8901,405.4502081720324,405.4502081720324
2025-07-08,188,38,544.3376416666665,544.3376416666664,-1.1368683772161603e-13,0.8551,465.46311738916654,465.4631173891665
2025-07-08,188,39,0.0,0.0,0.0,0.8878,0.0,0.0
2025-07-08,188,40,0.0,0.0,0.0,0.8818,0.0,0.0
2025-07-08,188,41,0.0,0.0,0.0,0.8181,0.0,0.0
2025-07-08,188,42,401.17300722222234,401.1730072222223,-5.684341886080802e-14,0.7784,312.2730688217779,312.2730688217778
2025-07-08,188,43,384.4315977777777,384.43159777777765,-5.684341886080802e-14,0.7845,301.5865884566666,301.58658845666656
2025-07-08,188,44,0.0,0.0,0.0,0.7638,0.0,0.0
2025-07-08,188,45,295.7374105555556,295.7374105555556,0.0,0.6716,198.6172449291111,198.6172449291111
2025-07-08,188,46,0.0,0.0,0.0,0.8621,0.0,0.0
2025-07-08,188,47,0.0,0.0,0.0,1.2068,0.0,0.0
2025-07-08,188,48,0.0,0.0,0.0,1.2075,0.0,0.0
2025-07-08,188,49,0.0,0.0,0.0,1.2012,0.0,0.0
2025-07-08,188,50,0.0,0.0,0.0,1.2725,0.0,0.0
2025-07-08,188,51,0.0,0.0,0.0,1.1591,0.0,0.0
2025-07-08,188,52,0.0,0.0,0.0,1.0726,0.0,0.0
2025-07-08,188,53,0.0,0.0,0.0,1.0905,0.0,0.0
2025-07-08,188,54,0.0,0.0,0.0,1.0724,0.0,0.0
2025-07-08,188,55,0.0,0.0,0.0,1.0331,0.0,0.0
2025-07-08,188,56,0.0,0.0,0.0,0.9974,0.0,0.0
2025-07-08,188,57,0.0,0.0,0.0,0.9843,0.0,0.0
2025-07-08,188,58,0.0,0.0,0.0,1.1073,0.0,0.0
2025-07-08,188,59,0.0,0.0,0.0,1.2728,0.0,0.0
2025-07-08,188,60,0.0,0.0,0.0,1.2456,0.0,0.0
2025-07-08,188,61,0.0,0.0,0.0,1.1431,0.0,0.0
2025-07-08,188,62,0.0,0.0,0.0,1.1165,0.0,0.0
2025-07-08,188,63,0.0,0.0,0.0,1.1668,0.0,0.0
2025-07-08,188,64,0.0,0.0,0.0,0.9463,0.0,0.0
2025-07-08,188,65,628.2842333333333,628.2842333333333,0.0,0.5543,348.25795053666667,348.25795053666667
2025-07-08,188,66,744.392700277778,744.392700277778,0.0,0.4712,350.75784037088897,350.75784037088897
2025-07-08,188,67,589.4652740006389,589.4652740006389,0.0,0.569,335.4057409063635,335.4057409063635
2025-07-08,188,68,158.0653171597022,158.0653171597022,0.0,0.6234,98.53791871735835,98.53791871735835
2025-07-08,188,69,0.0,0.0,0.0,0.5333,0.0,0.0
2025-07-08,188,70,0.0,0.0,0.0,0.4394,0.0,0.0
2025-07-08,188,71,0.0,0.0,0.0,0.4237,0.0,0.0
2025-07-08,188,72,599.7448224999998,599.7448224999998,0.0,0.4481,268.74565496224994,268.74565496224994
2025-07-08,188,73,562.3751624999993,562.3751624999993,0.0,0.4642,261.0545504324997,261.0545504324997
2025-07-08,188,74,583.6031499999999,583.6031499999999,0.0,0.4466,260.63716679,260.63716679
2025-07-08,188,75,718.6147608333331,609.5437702777772,-109.07099055555591,0.4323,310.6571611082499,287.08146649966653
2025-07-08,188,76,797.9718733333334,662.5333913888885,-135.4384819444449,0.5964,475.91042525600005,435.5226699401666
2025-07-08,188,77,0.0,0.0,0.0,0.8405,0.0,0.0
2025-07-08,188,78,0.0,0.0,0.0,0.8757,0.0,0.0
2025-07-08,188,79,0.0,0.0,0.0,0.8727,0.0,0.0
2025-07-08,188,80,0.0,0.0,0.0,0.9058,0.0,0.0
2025-07-08,188,81,0.0,0.0,0.0,0.8978,0.0,0.0
2025-07-08,188,82,0.0,0.0,0.0,1.0157,0.0,0.0
2025-07-08,188,83,0.0,0.0,0.0,1.2229,0.0,0.0
2025-07-08,188,84,0.0,0.0,0.0,1.2951,0.0,0.0
2025-07-08,188,85,0.0,0.0,0.0,1.3201,0.0,0.0
2025-07-08,188,86,0.0,0.0,0.0,1.3688,0.0,0.0
2025-07-08,188,87,0.0,0.0,0.0,1.3754,0.0,0.0
2025-07-08,188,88,0.0,0.0,0.0,1.1358,0.0,0.0
2025-07-08,188,89,1057.2396666666664,1057.2396666666664,0.0,0.8099,856.258406033333,856.258406033333
2025-07-08,188,90,1135.6507874999998,1135.6507874999998,0.0,0.793,900.5710744874998,900.5710744874998
2025-07-08,188,91,372.6125608333334,372.61256083333336,-5.684341886080802e-14,0.8436,314.3359563190001,314.33595631900005
2025-07-08,188,92,410.0958166666667,410.0958166666667,0.0,0.8282,339.6413553633334,339.6413553633334
2025-07-08,188,93,476.24915194444407,476.24915194444407,0.0,0.8507,405.1451535591386,405.1451535591386
2025-07-08,188,94,1148.194775123456,1148.194775123456,0.0,0.8787,1008.918748900981,1008.918748900981
2025-07-08,188,95,593.3942903715059,593.3942903715058,-1.1368683772161603e-13,0.9004,534.292219050504,534.2922190505038
2025-07-08,188,96,636.4354583333336,636.4354583333338,2.2737367544323206e-13,0.9431,600.222280754167,600.2222807541673
2025-07-08,188,97,684.5907108333333,684.5907108333333,0.0,0.9658,661.1777085228333,661.1777085228333
2025-07-08,188,98,650.6557583333333,650.6557583333333,0.0,0.9893,643.6937417191666,643.6937417191666
2025-07-08,188,99,673.5285866666668,673.5285866666668,0.0,1.0654,717.5773562346667,717.5773562346667
2025-07-08,188,100,750.6208866666668,750.6208866666668,0.0,1.063,797.9100025266667,797.9100025266667
2025-07-08,188,101,809.2796666666667,809.2796666666667,0.0,1.0262,830.4827939333334,830.4827939333334
2025-07-08,188,102,960.7391158333335,960.7391158333335,0.0,1.1237,1079.5825444619168,1079.5825444619168
2025-07-08,188,103,956.4686111111109,956.4686111111108,-1.1368683772161603e-13,1.1453,1095.4435003055553,1095.4435003055553
2025-07-08,188,104,985.5881416666665,985.5881416666666,1.1368683772161603e-13,1.0672,1051.8196647866664,1051.8196647866666
2025-07-08,188,105,1036.576167222222,1036.576167222222,0.0,1.0942,1134.2216421745554,1134.2216421745554
2025-07-08,188,106,942.8732402777775,942.8732402777775,0.0,1.213,1143.7052404569442,1143.7052404569442
2025-07-08,188,107,770.9453000000001,1200.5608906364523,429.6155906364522,1.3281,1023.8924529300002,1879.7511518164085
2025-07-08,188,108,758.1825263888891,791.35353625,33.171009861110974,1.3538,1026.427504225278,1093.787873950236
2025-07-08,188,109,831.5990886111109,868.5723833333332,36.97329472222225,1.3383,1112.9290602882497,1187.1511007783747
2025-07-08,188,110,918.0017333333333,918.0017333333335,2.2737367544323206e-13,1.3217,1213.3228909466666,1213.322890946667
2025-07-08,188,111,1002.2725463888889,1002.2725463888887,-2.2737367544323206e-13,1.3297,1332.7218049333057,1332.7218049333057
2025-07-08,188,112,943.7592723261788,950.0035641666665,6.244291840487676,1.4876,1403.9362935124236,1417.8698063252878
2025-07-08,188,113,121.37375000000009,178.58116666666672,57.20741666666663,1.6794,203.83507575000016,347.94627907500006
2025-07-08,188,114,163.6985183333336,255.88272500000016,92.18420666666657,1.646,269.4477611766671,497.0505674366668
2025-07-08,188,115,213.69609583333346,256.19682083333345,42.50072499999999,1.6121,344.4994760929169,447.27260425166685
2025-07-08,188,116,143.90291666666667,196.5883770483994,52.685460381732724,1.6694,240.23152908333333,372.16119042523025
2025-07-08,188,117,164.34682833333352,164.3468283333335,-2.842170943040401e-14,1.6829,276.579277402167,276.57927740216695
2025-07-08,188,118,192.98566583333331,208.35208333333333,15.366417500000011,1.6386,316.2263120345,353.99542960775
2025-07-08,188,119,168.80241666666666,267.3922500000001,98.58983333333344,1.6224,273.8650408,513.7932592000003
2025-07-08,188,120,185.71366333333344,223.70537750000017,37.991714166666725,1.7146,318.4246471513335,416.1355368165836
2025-07-08,188,121,194.0665475,206.84804249999996,12.78149499999995,1.7191,333.61980180725004,366.5788038889999
2025-07-08,188,122,179.58791666666684,231.3271666666667,51.739249999999856,1.6718,300.23507908333363,429.9815963083332
2025-07-08,188,123,185.9615541666666,237.90856833333328,51.94701416666669,1.7507,325.56289287958316,461.97834943195824
2025-07-08,188,124,993.5300883333333,1048.3502208333334,54.82013250000011,1.5247,1514.8353256818332,1640.2117097159585
2025-07-08,188,125,1775.7318333333333,1775.7318333333333,0.0,1.1077,1966.978151783333,1966.978151783333
2025-07-08,188,126,1029.6934725,1048.812715,19.119242499999928,1.083,1115.1580307175,1146.2172401587497
2025-07-08,188,127,251.9421831666665,453.38941916666596,201.44723599999946,1.1293,284.5183074501165,625.7598528723156
2025-07-08,188,128,980.4145000000001,980.4144999999999,-2.2737367544323206e-13,1.1099,1088.16205355,1088.16205355
2025-07-08,188,129,978.90859,978.9085900000002,2.2737367544323206e-13,1.1713,1146.595631467,1146.5956314670004
2025-07-08,188,130,904.7753466666667,944.1971149999999,39.42176833333326,0.9444,854.469837392,910.3147144129999
2025-07-08,188,131,1544.5719166666668,1544.5719166666668,0.0,0.5508,850.7502117,850.7502117
2025-07-08,188,132,1537.4299383333332,1537.4299383333334,2.2737367544323206e-13,0.5268,809.918091514,809.9180915140003
2025-07-08,188,133,739.0270369758,739.0270369758,0.0,0.585,432.33081663084295,432.33081663084295
2025-07-08,188,134,790.7163333333332,790.7163333333333,1.1368683772161603e-13,0.5532,437.42427559999993,437.42427560000004
2025-07-08,188,135,1553.753345,1553.753345,0.0,0.5539,860.6239777955,860.6239777955
2025-07-08,188,136,1555.5460841666663,1555.5460841666663,0.0,0.5744,893.5056707453332,893.5056707453332
2025-07-08,188,137,1576.9290833333332,1576.9290833333332,0.0,0.579,913.0419392499998,913.0419392499998
2025-07-08,188,138,1548.8262158333332,1548.8262158333332,0.0,0.5566,862.0766717328332,862.0766717328332
2025-07-08,188,139,774.1116883333333,774.1116883333333,0.0,0.5365,415.3109207908333,415.3109207908333
2025-07-08,188,140,772.5984166666667,772.5984166666667,0.0,0.5454,421.37517645,421.37517645
2025-07-08,188,141,786.1460266666667,786.1460266666667,0.0,0.5823,457.77283132800005,457.77283132800005
2025-07-08,188,142,817.1108258333333,817.1108258333331,-1.1368683772161603e-13,0.5873,479.88918801191664,479.88918801191664
2025-07-08,188,143,802.5880833333333,802.5880833333334,1.1368683772161603e-13,0.5512,442.3865515333333,442.38655153333343
2025-07-09,189,0,0.0,0.0,0.0,0.5218,0.0,0.0
2025-07-09,189,1,0.0,0.0,0.0,0.5139,0.0,0.0
2025-07-09,189,2,815.9760833333333,815.9760833333333,0.0,0.5365,437.77116870833333,437.77116870833333
2025-07-09,189,3,813.3596383333332,813.3596383333332,0.0,0.5816,473.0499656546666,473.0499656546666
2025-07-09,189,4,816.3223774999999,816.3223774999999,0.0,0.5673,463.09968475575,463.09968475575
2025-07-09,189,5,820.0059166666667,820.0059166666667,0.0,0.5251,430.5851068416667,430.5851068416667
2025-07-09,189,6,0.0,0.0,0.0,0.5634,0.0,0.0
2025-07-09,189,7,834.8128266666668,834.8128266666668,0.0,0.5784,482.85573894400005,482.85573894400005
2025-07-09,189,8,1676.9985833333335,1676.9985833333335,0.0,0.556,932.4112123333335,932.4112123333335
2025-07-09,189,9,1694.7348674999998,1694.7348674999998,0.0,0.5871,994.9788407092499,994.9788407092499
2025-07-09,189,10,871.1868533333333,871.1868533333333,0.0,0.6082,529.8558441973332,529.8558441973332
2025-07-09,189,11,857.7116666666668,857.7116666666668,0.0,0.5851,501.8470961666667,501.8470961666667
2025-07-09,189,12,823.9153900000001,823.9153900000001,0.0,0.5481,451.58802525900006,451.58802525900006
2025-07-09,189,13,800.9400116666665,800.9400116666665,0.0,0.5061,405.3557399044999,405.3557399044999
2025-07-09,189,14,1615.1606666666667,1615.1606666666667,0.0,0.4804,775.9231842666667,775.9231842666667
2025-07-09,189,15,739.9132466666665,739.9132466666665,0.0,0.4937,365.2951698793333,365.2951698793333
2025-07-09,189,16,742.7958333333333,742.7958333333333,0.0,0.5032,373.7748633333333,373.7748633333333
2025-07-09,189,17,1613.7247499999999,1613.7247499999999,0.0,0.5082,820.0949179499999,820.0949179499999
2025-07-09,189,18,766.1565475,766.1565475,0.0,0.5418,415.1036174354999,415.1036174354999
2025-07-09,189,19,1558.8829516666665,1558.8829516666665,0.0,0.5429,846.3175544598333,846.3175544598333
2025-07-09,189,20,1569.1857499999999,1569.1857499999999,0.0,0.5164,810.3275212999998,810.3275212999998
2025-07-09,189,21,834.2370075,834.2370075,0.0,0.5296,441.811919172,441.811919172
2025-07-09,189,22,855.4277374999999,855.4277374999999,0.0,0.5411,462.87194876125,462.87194876125
2025-07-09,189,23,1616.5363333333332,1616.5363333333332,0.0,0.5312,858.7041002666666,858.7041002666666
2025-07-09,189,24,1602.8515024999997,1602.8515024999997,0.0,0.5191,832.0402149477499,832.0402149477499
2025-07-09,189,25,799.3958458333333,799.3958458333333,0.0,0.4836,386.587831045,386.587831045
2025-07-09,189,26,0.0,0.0,0.0,0.4529,0.0,0.0
2025-07-09,189,27,0.0,0.0,0.0,0.4796,0.0,0.0
2025-07-09,189,28,734.5865766666667,734.5865766666667,0.0,0.4787,351.64659425033335,351.64659425033335
2025-07-09,189,29,1610.6906666666669,1610.6906666666669,0.0,0.4534,730.2871482666668,730.2871482666668
2025-07-09,189,30,1615.4871269444443,1615.4871269444443,0.0,0.4868,786.4191333965555,786.4191333965555
2025-07-09,189,31,1542.0524305555555,1542.0524305555555,0.0,0.4923,759.1524115625,759.1524115625
2025-07-09,189,32,1015.1803085408485,1015.1803085408485,0.0,0.4319,438.4563752587925,438.4563752587925
2025-07-09,189,33,1439.7132502777777,1439.7132502777777,0.0,0.3976,572.4299883104444,572.4299883104444
2025-07-09,189,34,666.281861388889,666.281861388889,0.0,0.6141,409.1636910789167,409.1636910789167
2025-07-09,189,35,0.0,0.0,0.0,0.9343,0.0,0.0
2025-07-09,189,36,0.0,0.0,0.0,0.9568,0.0,0.0
2025-07-09,189,37,0.0,0.0,0.0,0.872,0.0,0.0
2025-07-09,189,38,0.0,0.0,0.0,0.841,0.0,0.0
2025-07-09,189,39,0.0,0.0,0.0,0.8401,0.0,0.0
2025-07-09,189,40,0.0,0.0,0.0,0.8293,0.0,0.0
2025-07-09,189,41,0.0,0.0,0.0,0.8042,0.0,0.0
2025-07-09,189,42,0.0,0.0061900478682591145,0.0061900478682591145,0.7875,0.0,0.007311994044381078
2025-07-09,189,43,0.0,410.345579208602,410.345579208602,0.7619,0.0,468.9634451985508
2025-07-09,189,44,421.88107500000035,421.8810750000004,5.684341886080802e-14,0.7056,297.67928652000023,297.6792865200003
2025-07-09,189,45,251.20068888888898,1118.1148722222224,866.9141833333334,0.6634,166.64653700888894,1029.312840843889
2025-07-09,189,46,0.0,0.0,0.0,0.9028,0.0,0.0
2025-07-09,189,47,0.0,0.0,0.0,1.2418,0.0,0.0
2025-07-09,189,48,0.0,0.0,0.0,1.203,0.0,0.0
2025-07-09,189,49,0.0,0.0,0.0,1.1272,0.0,0.0
2025-07-09,189,50,0.0,0.0,0.0,1.1626,0.0,0.0
2025-07-09,189,51,0.0,0.0,0.0,1.1213,0.0,0.0
2025-07-09,189,52,0.0,0.0,0.0,1.0779,0.0,0.0
2025-07-09,189,53,0.0,0.0,0.0,1.0682,0.0,0.0
2025-07-09,189,54,0.0,0.0,0.0,1.028,0.0,0.0
2025-07-09,189,55,0.0,0.0,0.0,0.9329,0.0,0.0
2025-07-09,189,56,0.0,0.0,0.0,0.8523,0.0,0.0
2025-07-09,189,57,0.0,0.0,0.0,0.8961,0.0,0.0
2025-07-09,189,58,0.0,0.0,0.0,1.0078,0.0,0.0
2025-07-09,189,59,0.0,0.0,0.0,1.1119,0.0,0.0
2025-07-09,189,60,0.0,0.0,0.0,1.1599,0.0,0.0
2025-07-09,189,61,0.0,0.0,0.0,1.1246,0.0,0.0
2025-07-09,189,62,0.0,0.0,0.0,1.1143,0.0,0.0
2025-07-09,189,63,0.0,0.0,0.0,1.2247,0.0,0.0
2025-07-09,189,64,0.0,0.0,0.0,1.0093,0.0,0.0
2025-07-09,189,65,0.0,0.0,0.0,0.5672,0.0,0.0
2025-07-09,189,66,0.0,0.0,0.0,0.4796,0.0,0.0
2025-07-09,189,67,0.0,0.0,0.0,0.5335,0.0,0.0
2025-07-09,189,68,0.0,937.2572333333333,937.2572333333333,0.5542,0.0,779.1419380699999
2025-07-09,189,69,3.9958619439062204e-05,47.17667749999987,47.17663754138043,0.5863,2.342773857712217e-05,41.4895173135056
2025-07-09,189,70,831.2042200000001,768.7271533333333,-62.477066666666815,0.5795,481.68284549000003,463.5801154233333
2025-07-09,189,71,0.0,0.0,0.0,0.538,0.0,0.0
2025-07-09,189,72,813.7464230555554,610.0843056944443,-203.6621173611111,0.5213,424.206010338861,371.1214794486874
2025-07-09,189,73,846.3165702777776,616.2623788888886,-230.05419138888897,0.4891,413.93343452286103,357.67368201870823
2025-07-09,189,74,845.0821666666664,611.0888854166665,-233.99328124999988,0.4544,384.0053365333332,330.84206303333326
2025-07-09,189,75,838.2169963888889,682.5974627777775,-155.61953361111136,0.5043,422.71283127891667,383.4733658788749
2025-07-09,189,76,60.338421111111074,60.33842111111108,7.105427357601002e-15,0.6968,42.0438118302222,42.043811830222204
2025-07-09,189,77,149.7884666666664,149.7884666666664,0.0,0.9104,136.3674200533331,136.3674200533331
2025-07-09,189,78,159.97468499999968,159.97468499999968,0.0,0.9441,151.03210010849972,151.03210010849972
2025-07-09,189,79,0.0,0.0,0.0,0.957,0.0,0.0
2025-07-09,189,80,0.0,0.0,0.0,0.9872,0.0,0.0
2025-07-09,189,81,197.2244616666669,197.2244616666669,0.0,0.9423,185.84461022850024,185.84461022850024
2025-07-09,189,82,0.0,0.0,0.0,1.0456,0.0,0.0
2025-07-09,189,83,0.0,0.0,0.0,1.2604,0.0,0.0
2025-07-09,189,84,0.0,0.0,0.0,1.3083,0.0,0.0
2025-07-09,189,85,0.0,0.0,0.0,1.3032,0.0,0.0
2025-07-09,189,86,0.0,0.0,0.0,1.3392,0.0,0.0
2025-07-09,189,87,0.0,0.0,0.0,1.3463,0.0,0.0
2025-07-09,189,88,0.0,0.0,0.0,1.1047,0.0,0.0
2025-07-09,189,89,1238.2503333333334,1233.293783333333,-4.956550000000334,0.7551,935.0028267,933.1314812474999
2025-07-09,189,90,1213.42585,1213.42585,0.0,0.6946,842.8455954100001,842.8455954100001
2025-07-09,189,91,1311.8286408333333,1311.828640833333,-2.2737367544323206e-13,0.7668,1005.9102017910001,1005.910201791
2025-07-09,189,92,591.6409666666667,591.6409666666666,-1.1368683772161603e-13,0.8169,483.31150567000003,483.31150567
2025-07-09,189,93,917.1417698148116,917.1417698148116,0.0,0.8402,770.5825149984047,770.5825149984047
2025-07-09,189,94,459.929000833333,459.9290008333329,-1.1368683772161603e-13,0.8565,393.92918921374974,393.92918921374974
2025-07-09,189,95,505.34384999999975,505.34384999999975,0.0,0.8875,448.49266687499977,448.49266687499977
2025-07-09,189,96,598.5499716666667,598.5499716666667,0.0,0.9413,563.4150883298333,563.4150883298333
2025-07-09,189,97,640.0802200000003,640.0802200000003,0.0,0.9811,627.9827038420002,627.9827038420002
2025-07-09,189,98,667.2055499999998,667.2055499999998,0.0,0.9846,656.9305845299998,656.9305845299998
2025-07-09,189,99,727.0580241666668,727.0580241666668,0.0,0.9681,703.8648731957501,703.8648731957501
2025-07-09,189,100,773.8029948888885,773.8029948888885,0.0,0.9977,772.0232480006441,772.0232480006441
2025-07-09,189,101,814.8987647500006,814.8987647500006,0.0,1.0493,855.0732738521756,855.0732738521756
2025-07-09,189,102,913.5121483333334,913.5121483333334,0.0,1.0403,950.3266879111667,950.3266879111667
2025-07-09,189,103,926.21729,926.21729,0.0,1.0552,977.344484408,977.344484408
2025-07-09,189,104,939.6380583333333,939.6380583333334,1.1368683772161603e-13,1.1073,1040.4612219925,1040.4612219925002
2025-07-09,189,105,1024.0277271604932,1024.0277271604932,0.0,1.1332,1160.428220418271,1160.428220418271
2025-07-09,189,106,900.4928152777778,950.9623274999999,50.46951222222208,1.2146,1093.7385734363888,1185.6889777540553
2025-07-09,189,107,722.8692833333332,756.0230416666667,33.153758333333485,1.3469,973.6326377216665,1040.6148333704168
2025-07-09,189,108,412.5344048720391,482.4533969630939,69.9189920910548,1.4205,586.0051221207316,734.9850145187465
2025-07-09,189,109,902.9063681360045,914.0009766666664,11.094608530661844,1.4034,1267.1387970420687,1290.494057459965
2025-07-09,189,110,913.3856833333333,913.3856833333332,-1.1368683772161603e-13,1.3398,1223.75413853,1223.7541385299999
2025-07-09,189,111,894.867758888889,939.8064492948378,44.938690405948705,1.3335,1193.3061564783334,1283.1947719628322
2025-07-09,189,112,873.1514955555554,873.1514955555552,-1.1368683772161603e-13,1.4923,1303.0039768175552,1303.003976817555
2025-07-09,189,113,722.4667062625783,722.4667062625784,1.1368683772161603e-13,1.6839,1216.5616866755556,1216.5616866755558
2025-07-09,189,114,268.20877583333345,268.2087758333335,5.684341886080802e-14,1.6616,445.65570192466686,445.65570192466697
2025-07-09,189,115,261.25890083333337,261.25890083333337,0.0,1.6704,436.4068679520001,436.4068679520001
2025-07-09,189,116,196.85375,196.85375,0.0,1.7416,342.840491,342.840491
2025-07-09,189,117,135.54507,135.54507,0.0,1.6679,226.075622253,226.075622253
2025-07-09,189,118,184.1125833333333,184.11258333333333,2.842170943040401e-14,1.6345,300.9320174583333,300.93201745833335
2025-07-09,189,119,298.99458333333337,298.99458333333337,0.0,1.6897,505.21114745833336,505.21114745833336
2025-07-09,189,120,248.17685583333332,248.1768558333333,-2.842170943040401e-14,1.6853,418.25245513591665,418.2524551359166
2025-07-09,189,121,193.97872583333344,206.3947683333335,12.41604250000006,1.6441,318.9204231425835,349.54024635395865
2025-07-09,189,122,213.9331666666667,228.1854166666667,14.252250000000004,1.6536,353.75988440000003,389.11116530000004
2025-07-09,189,123,233.30016666666666,247.3552075,14.05504083333335,1.7241,402.23281734999995,438.581261201125
2025-07-09,189,124,1050.8816041666666,1050.8816041666666,0.0,1.5048,1581.3666379499998,1581.3666379499998
2025-07-09,189,125,1022.9207499999997,1022.9207499999995,-1.1368683772161603e-13,1.1153,1140.8635124749997,1140.8635124749994
2025-07-09,189,126,1027.622520833333,1027.622520833333,0.0,1.0549,1084.038997227083,1084.038997227083
2025-07-09,189,127,1016.9747333333333,1016.9747333333332,-1.1368683772161603e-13,1.1092,1128.0283742133333,1128.028374213333
2025-07-09,189,128,1721.7950833333334,1721.795083333333,-4.547473508864641e-13,1.1397,1962.329856475,1962.3298564749996
2025-07-09,189,129,392.0856674999999,392.08566749999994,5.684341886080802e-14,1.1782,461.95533344849986,461.95533344849997
2025-07-09,189,130,927.3061725,927.3061724999999,-1.1368683772161603e-13,0.9224,855.347213514,855.3472135139999
2025-07-09,189,131,1612.5274166666666,1612.5274166666675,9.094947017729282e-13,0.5369,865.7659700083334,865.7659700083341
2025-07-09,189,132,910.941650833333,910.941650833333,0.0,0.5327,485.25861739891644,485.25861739891644
2025-07-09,189,133,194.86302500000022,194.86302500000022,0.0,0.6046,117.81418491500014,117.81418491500014
2025-07-09,189,134,1560.0116666666668,1560.0116666666665,-2.2737367544323206e-13,0.5614,875.7905496666667,875.7905496666667
2025-07-09,189,135,1558.5395266666667,1558.5395266666667,0.0,0.5208,811.687385488,811.687385488
2025-07-09,189,136,774.0036750000002,774.0036750000002,0.0,0.5396,417.65238303000007,417.65238303000007
2025-07-09,189,137,787.0915833333333,787.0915833333332,-1.1368683772161603e-13,0.5828,458.7169747666667,458.7169747666667
2025-07-09,189,138,1551.8686341666664,1551.8686341666664,0.0,0.5732,889.5311011043333,889.5311011043333
2025-07-09,189,139,804.0116124999998,804.0116125000001,2.2737367544323206e-13,0.5508,442.84959616499987,442.84959616500004
2025-07-09,189,140,464.72821317829136,464.72821317829136,0.0,0.5501,255.6469900693781,255.6469900693781
2025-07-09,189,141,736.0104308333334,736.0104308333334,0.0,0.5586,411.1354266635,411.1354266635
2025-07-09,189,142,809.1279208333334,809.1279208333334,0.0,0.5252,424.9539840216667,424.9539840216667
2025-07-09,189,143,848.2148333333333,848.2148333333332,-1.1368683772161603e-13,0.4842,410.7056223,410.70562229999996
2025-07-10,190,0,304.09355585404927,304.09355585404927,0.0,0.5252,159.70993553454667,159.70993553454667
2025-07-10,190,1,0.0,0.0,0.0,0.5798,0.0,0.0
2025-07-10,190,2,9.07100000000014,9.07100000000014,0.0,0.5727,5.19496170000008,5.19496170000008
2025-07-10,190,3,781.5583708333331,781.5583708333331,0.0,0.5016,392.02967880999995,392.02967880999995
2025-07-10,190,4,1597.8803158333335,1597.8803158333335,0.0,0.5124,818.7538738330001,818.7538738330001
2025-07-10,190,5,1588.058333333333,1588.058333333333,0.0,0.5854,929.6493483333331,929.6493483333331
2025-07-10,190,6,780.2258311413572,780.2258311413572,0.0,0.5597,436.6923976898176,436.6923976898176
2025-07-10,190,7,754.6816924999999,754.6816924999999,0.0,0.5135,387.5290490987499,387.5290490987499
2025-07-10,190,8,761.0367500000001,761.0367500000001,0.0,0.5126,390.10743805,390.10743805
2025-07-10,190,9,235.09729719197628,235.09729719197628,0.0,0.5399,126.929030753948,126.929030753948
2025-07-10,190,10,0.0,0.0,0.0,0.5464,0.0,0.0
2025-07-10,190,11,717.5274999999999,717.5274999999999,0.0,0.5426,389.33042149999994,389.33042149999994
2025-07-10,190,12,699.0564791666668,699.0564791666668,0.0,0.5721,399.9302117312501,399.9302117312501
2025-07-10,190,13,721.3425416666665,721.3425416666665,0.0,0.5514,397.74827747499995,397.74827747499995
2025-07-10,190,14,741.7274966666668,741.7274966666668,0.0,0.5122,379.9128237926667,379.9128237926667
2025-07-10,190,15,759.5190249999999,759.5190249999999,0.0,0.5648,428.97634531999995,428.97634531999995
2025-07-10,190,16,1601.1614624999997,1601.1614624999997,0.0,0.5546,888.0041471024998,888.0041471024998
2025-07-10,190,17,1597.6636666666666,1597.6636666666666,0.0,0.4892,781.5770657333334,781.5770657333334
2025-07-10,190,18,1535.6212675,1535.6212675,0.0,0.5322,817.2576385635,817.2576385635
2025-07-10,190,19,1510.3509316666666,1510.3509316666666,0.0,0.5592,844.588240988,844.588240988
2025-07-10,190,20,699.7470833333333,699.7470833333333,0.0,0.53,370.86595416666665,370.86595416666665
2025-07-10,190,21,676.8585791666667,676.8585791666667,0.0,0.5241,354.74158134125,354.74158134125
2025-07-10,190,22,678.1394991666666,678.1394991666666,0.0,0.4705,319.06463435791665,319.06463435791665
2025-07-10,190,23,1343.336497387852,1343.336497387852,0.0,0.4125,554.1263051724889,554.1263051724889
2025-07-10,190,24,1526.1298891666665,1526.1298891666665,0.0,0.4785,730.2531519662499,730.2531519662499
2025-07-10,190,25,1538.8308458333331,1538.8308458333331,0.0,0.5322,818.9657761524999,818.9657761524999
2025-07-10,190,26,730.44425,730.44425,0.0,0.5407,394.951205975,394.951205975
2025-07-10,190,27,1516.4090574999996,1516.4090574999996,0.0,0.5881,891.8001667157497,891.8001667157497
2025-07-10,190,28,1521.7202916666665,1521.7202916666665,0.0,0.5526,840.9026331749999,840.9026331749999
2025-07-10,190,29,735.7284999999998,735.7284999999998,0.0,0.4711,346.60169634999994,346.60169634999994
2025-07-10,190,30,1526.501280833333,1526.501280833333,0.0,0.5105,779.2789038654165,779.2789038654165
2025-07-10,190,31,1477.1067366666666,1477.1067366666666,0.0,0.5172,763.959604204,763.959604204
2025-07-10,190,32,622.4196333333332,622.4196333333332,0.0,0.4363,271.56168602333327,271.56168602333327
2025-07-10,190,33,1411.6412375,1411.6412375,0.0,0.4072,574.82031191,574.82031191
2025-07-10,190,34,606.4389133333334,606.4389133333334,0.0,0.607,368.10842039333335,368.10842039333335
2025-07-10,190,35,0.0,0.0,0.0,0.8868,0.0,0.0
2025-07-10,190,36,0.0,0.0,0.0,0.9071,0.0,0.0
2025-07-10,190,37,0.0,0.0,0.0,0.8876,0.0,0.0
2025-07-10,190,38,0.0,0.0,0.0,0.9305,0.0,0.0
2025-07-10,190,39,0.0,469.6589477777778,469.6589477777778,0.912,0.0,642.4934405600001
2025-07-10,190,40,0.0,0.0,0.0,0.8468,0.0,0.0
2025-07-10,190,41,0.0,0.0,0.0,0.7979,0.0,0.0
2025-07-10,190,42,0.0,370.3423627777778,370.3423627777778,0.8071,0.0,448.3549814969167
2025-07-10,190,43,0.0,384.4160029496353,384.4160029496353,0.7928,0.0,457.1475107077063
2025-07-10,190,44,0.0,0.0,0.0,0.7244,0.0,0.0
2025-07-10,190,45,0.0,244.24192361111125,244.24192361111125,0.6898,0.0,252.7171183604168
2025-07-10,190,46,0.0,0.0,0.0,0.9042,0.0,0.0
2025-07-10,190,47,0.0,0.0,0.0,1.1938,0.0,0.0
2025-07-10,190,48,0.0,0.0,0.0,1.1473,0.0,0.0
2025-07-10,190,49,0.0,0.0,0.0,1.0683,0.0,0.0
2025-07-10,190,50,0.0,0.0,0.0,1.0773,0.0,0.0
2025-07-10,190,51,0.0,0.0,0.0,1.0128,0.0,0.0
2025-07-10,190,52,0.0,0.0,0.0,1.04,0.0,0.0
2025-07-10,190,53,0.0,0.0,0.0,1.1254,0.0,0.0
2025-07-10,190,54,0.0,0.0,0.0,1.0516,0.0,0.0
2025-07-10,190,55,0.0,0.0,0.0,0.9912,0.0,0.0
2025-07-10,190,56,0.0,0.0,0.0,0.9985,0.0,0.0
2025-07-10,190,57,0.0,0.0,0.0,0.9707,0.0,0.0
2025-07-10,190,58,0.0,0.0,0.0,1.042,0.0,0.0
2025-07-10,190,59,0.0,0.0,0.0,1.1882,0.0,0.0
2025-07-10,190,60,0.0,0.0,0.0,1.2178,0.0,0.0
2025-07-10,190,61,0.0,0.0,0.0,1.1551,0.0,0.0
2025-07-10,190,62,0.0,0.0,0.0,1.1246,0.0,0.0
2025-07-10,190,63,0.0,0.0,0.0,1.1736,0.0,0.0
2025-07-10,190,64,0.0,0.0,0.0,0.8961,0.0,0.0
2025-07-10,190,65,0.0,561.0845500000005,561.0845500000005,0.4536,0.0,381.7619278200003
2025-07-10,190,66,0.0,0.0,0.0,0.446,0.0,0.0
2025-07-10,190,67,0.0,517.0442213888894,517.0442213888894,0.521,0.0,404.0700590154171
2025-07-10,190,68,0.0,591.0580083333334,591.0580083333334,0.4949,0.0,438.77191248625013
2025-07-10,190,69,0.0,0.0,0.0,0.5288,0.0,0.0
2025-07-10,190,70,0.0,0.0,0.0,0.5122,0.0,0.0
2025-07-10,190,71,0.0,653.691462661067,653.691462661067,0.4507,0.0,441.9281133320144
2025-07-10,190,72,0.0,0.0,0.0,0.4806,0.0,0.0
2025-07-10,190,73,0.0,0.0,0.0,0.5123,0.0,0.0
2025-07-10,190,74,0.0,0.0,0.0,0.4999,0.0,0.0
2025-07-10,190,75,544.9774411111111,544.977441111111,-1.1368683772161603e-13,0.5111,278.5379701518889,278.5379701518889
2025-07-10,190,76,301.87598601852096,301.87598601852096,0.0,0.6517,196.73258008827008,196.73258008827008
2025-07-10,190,77,0.0,0.0,0.0,0.8493,0.0,0.0
2025-07-10,190,78,0.0,0.0,0.0,0.9087,0.0,0.0
2025-07-10,190,79,0.0,0.0,0.0,0.8905,0.0,0.0
2025-07-10,190,80,0.0,0.0,0.0,0.8828,0.0,0.0
2025-07-10,190,81,0.0,0.0,0.0,0.9315,0.0,0.0
2025-07-10,190,82,0.0,0.0,0.0,1.0652,0.0,0.0
2025-07-10,190,83,0.0,0.0,0.0,1.2179,0.0,0.0
2025-07-10,190,84,0.0,0.0,0.0,1.2712,0.0,0.0
2025-07-10,190,85,0.0,0.0,0.0,1.2592,0.0,0.0
2025-07-10,190,86,0.0,0.0,0.0,1.2749,0.0,0.0
2025-07-10,190,87,0.0,0.0,0.0,1.3406,0.0,0.0
2025-07-10,190,88,0.0,0.0,0.0,1.1411,0.0,0.0
2025-07-10,190,89,1255.036083333333,1255.036083333333,0.0,0.8167,1024.987969258333,1024.987969258333
2025-07-10,190,90,1169.3018895154346,1169.3018895154344,-2.2737367544323206e-13,0.8354,976.8347985011941,976.834798501194
2025-07-10,190,91,438.4606308333331,438.4606308333332,1.1368683772161603e-13,0.8362,366.64077950283314,366.6407795028333
2025-07-10,190,92,448.6669083333335,448.66690833333337,-1.1368683772161603e-13,0.7469,335.10931383416676,335.10931383416676
2025-07-10,190,93,473.11912249999966,473.1191224999996,-5.684341886080802e-14,0.8637,408.6329861032497,408.63298610324966
2025-07-10,190,94,557.4216558333334,557.4216558333333,-1.1368683772161603e-13,0.9597,534.9575631032501,534.95756310325
2025-07-10,190,95,644.6568166666668,644.6568166666668,0.0,0.9314,600.4333590433334,600.4333590433334
2025-07-10,190,96,576.1888041666668,576.1888041666668,0.0,0.9055,521.7389621729168,521.7389621729168
2025-07-10,190,97,631.0629366666665,631.0629366666667,2.2737367544323206e-13,0.8947,564.6120094356666,564.6120094356669
2025-07-10,190,98,446.56732608333385,446.56732608333385,0.0,0.9249,413.0301198944755,413.0301198944755
2025-07-10,190,99,792.1912433333335,792.1912433333338,2.2737367544323206e-13,1.0274,813.897283400667,813.8972834006673
2025-07-10,190,100,801.5634325000001,801.5634325000001,0.0,1.0827,867.85272836775,867.85272836775
2025-07-10,190,101,851.6884666666667,851.6884666666667,0.0,1.0811,920.7604013133333,920.7604013133333
2025-07-10,190,102,862.1044397222223,862.1044397222223,0.0,1.125,969.8674946875001,969.8674946875001
2025-07-10,190,103,926.4162863888889,926.4162863888889,0.0,1.1712,1085.0187546186667,1085.0187546186667
2025-07-10,190,104,1006.8053095061733,1006.8053095061731,-2.2737367544323206e-13,1.1767,1184.7078076959142,1184.7078076959142
2025-07-10,190,105,1049.3007180555555,1049.3007180555558,2.2737367544323206e-13,1.1528,1209.6338677744445,1209.633867774445
2025-07-10,190,106,944.7548888888888,944.7548888888888,0.0,1.1732,1108.3864356444444,1108.3864356444444
2025-07-10,190,107,759.3617333333336,1274.955717939314,515.5939846059803,1.2454,945.7091026933338,1908.8902253357655
2025-07-10,190,108,779.719468972222,779.7194689722221,1.1368683772161603e-13,1.3082,1020.0290093094608,1020.029009309461
2025-07-10,190,109,874.1115599999998,874.1196976887983,0.00813768879845611,1.3497,1179.7883725319996,1179.8048476898564
2025-07-10,190,110,912.5196166666665,912.5196166666663,-2.2737367544323206e-13,1.3483,1230.3501991516664,1230.3501991516664
2025-07-10,190,111,987.1045574999998,987.1045575,2.2737367544323206e-13,1.3122,1295.2786003514998,1295.2786003515002
2025-07-10,190,112,943.4016238888887,943.4016238888888,1.1368683772161603e-13,1.4465,1364.6304489552774,1364.6304489552776
2025-07-10,190,113,141.1115000000001,198.31891666666684,57.207416666666745,1.6704,235.71264960000016,379.05155280000037
2025-07-10,190,114,153.39963416666671,243.07467999999994,89.67504583333323,1.6887,259.0459622172501,486.1973370653749
2025-07-10,190,115,211.8197266666669,254.32045166666666,42.50072499999976,1.6809,356.0477785540004,463.20698153274975
2025-07-10,190,116,165.18141666666668,209.4478333333334,44.266416666666714,1.7094,282.36111365000005,395.8646326250002
2025-07-10,190,117,146.1328041666667,146.1328041666667,0.0,1.661,242.72658772083338,242.72658772083338
2025-07-10,190,118,161.02440916666671,176.3908266666666,15.366417499999898,1.6672,268.45989496266674,306.8882318466665
2025-07-10,190,119,170.1227500000001,272.1849166666668,102.06216666666671,1.7147,291.70947942500015,554.2184752000003
2025-07-10,190,120,182.3216991666667,220.3134133333333,37.99171416666661,1.6607,302.78164580608336,397.42090538095823
2025-07-10,190,121,292.0184973261779,292.01849732617785,-5.684341886080802e-14,1.6686,487.26206463846046,487.26206463846046
2025-07-10,190,122,174.14333333333354,225.8825833333333,51.73924999999974,1.7648,307.32815466666705,444.29229726666637
2025-07-10,190,123,197.59562499999993,249.54263916666673,51.947014166666804,1.7579,347.3533491874999,484.3298334928752
2025-07-10,190,124,946.59429,964.2548713888875,17.660581388887522,1.4638,1385.624721702,1424.4020602575804
2025-07-10,190,125,1765.1184166666665,1836.0169999999998,70.89858333333336,1.0975,1937.2174622916664,2053.9342551041664
2025-07-10,190,126,1023.3870175,1133.1930061111111,109.80598861111116,1.0834,1108.7374947595,1287.1832068514166
2025-07-10,190,127,214.5610718333338,259.0652600000001,44.50418816666627,1.1202,240.35131266770057,315.1317000441499
2025-07-10,190,128,1016.7555833333331,1016.7555833333332,1.1368683772161603e-13,1.0935,1111.8222303749997,1111.822230375
2025-07-10,190,129,1020.9079291666667,1020.9079291666667,0.0,1.1395,1163.3245852854166,1163.3245852854166
2025-07-10,190,130,881.6541683333334,909.5034625000001,27.84929416666671,0.927,817.2934140450001,856.0178575837501
2025-07-10,190,131,1539.1411666666665,1539.1411666666665,0.0,0.5685,875.00175325,875.00175325
2025-07-10,190,132,1600.3635391666667,1600.3635391666667,0.0,0.5508,881.4802373729999,881.4802373729999
2025-07-10,190,133,0.0,111.9302016666669,111.9302016666669,0.6133,0.0,102.97018902325021
2025-07-10,190,134,746.4085000000001,746.4085,-1.1368683772161603e-13,0.5761,430.00593685,430.00593685
2025-07-10,190,135,1507.1765999999998,1507.1765999999998,0.0,0.5326,802.7222571599998,802.7222571599998
2025-07-10,190,136,1538.0175074999997,1538.0175074999997,0.0,0.5655,869.7489004912499,869.7489004912499
2025-07-10,190,137,774.0959999999999,774.0959999999998,-1.1368683772161603e-13,0.6158,476.68831679999994,476.68831679999994
2025-07-10,190,138,746.9923508333331,746.9923508333331,0.0,0.5529,413.01207077574986,413.01207077574986
2025-07-10,190,139,1489.1389631829866,1489.1389631829866,0.0,0.4995,743.8249121099018,743.8249121099018
2025-07-10,190,140,1611.3070833333334,1611.3070833333334,0.0,0.5084,819.1885211666666,819.1885211666666
2025-07-10,190,141,798.1749550000002,798.1749550000003,1.1368683772161603e-13,0.5097,406.8297745635001,406.8297745635002
2025-07-10,190,142,706.4115633333332,706.4115633333333,1.1368683772161603e-13,0.4803,339.28947386899995,339.289473869
2025-07-10,190,143,1407.9736666666665,1407.9736666666665,0.0,0.44,619.5084133333332,619.5084133333332
2025-07-11,191,0,0.0,0.0,0.0,0.4271,0.0,0.0
2025-07-11,191,1,65.5630936440914,65.5630936440914,0.0,0.4368,28.637959303739123,28.637959303739123
2025-07-11,191,2,1552.9470833333332,1552.9470833333332,0.0,0.4456,691.9932203333333,691.9932203333333
2025-07-11,191,3,720.2013883333333,720.2013883333333,0.0,0.4325,311.48710045416664,311.48710045416664
2025-07-11,191,4,734.4446834984966,734.4446834984966,0.0,0.4183,307.21821110742115,307.21821110742115
2025-07-11,191,5,0.0,0.0,0.0,0.4338,0.0,0.0
2025-07-11,191,6,0.0,0.0,0.0,0.483,0.0,0.0
2025-07-11,191,7,0.0,0.0,0.0,0.4708,0.0,0.0
2025-07-11,191,8,709.18775,709.18775,0.0,0.4075,288.994008125,288.994008125
2025-07-11,191,9,742.6982999999998,742.6982999999998,0.0,0.398,295.59392339999994,295.59392339999994
2025-07-11,191,10,759.6371266666665,759.6371266666665,0.0,0.411,312.2108590599999,312.2108590599999
2025-07-11,191,11,742.4619166666666,742.4619166666666,0.0,0.4246,315.24932981666666,315.24932981666666
2025-07-11,191,12,0.0,0.0,0.0,0.4529,0.0,0.0
2025-07-11,191,13,733.0374116666666,733.0374116666666,0.0,0.471,345.26062089499993,345.26062089499993
2025-07-11,191,14,707.29225,707.29225,0.0,0.45,318.2815125,318.2815125
2025-07-11,191,15,683.5826224999997,683.5826224999997,0.0,0.3893,266.11871493924986,266.11871493924986
2025-07-11,191,16,676.3512908333332,676.3512908333332,0.0,0.3733,252.4819368680833,252.4819368680833
2025-07-11,191,17,681.8033333333333,681.8033333333333,0.0,0.4081,278.24394033333334,278.24394033333334
2025-07-11,191,18,679.7499141666666,679.7499141666666,0.0,0.4209,286.10673887275,286.10673887275
2025-07-11,191,19,1487.6414341666664,1487.6414341666664,0.0,0.4235,630.0161473695832,630.0161473695832
2025-07-11,191,20,1493.5681666666665,1493.5681666666665,0.0,0.4391,655.8257819833332,655.8257819833332
2025-07-11,191,21,1577.2087124999998,1577.2087124999998,0.0,0.467,736.5564687374999,736.5564687374999
2025-07-11,191,22,742.9593491666666,742.9593491666666,0.0,0.4555,338.41798354541663,338.41798354541663
2025-07-11,191,23,1491.362,1491.362,0.0,0.4213,628.3108106000001,628.3108106000001
2025-07-11,191,24,1496.3422099999998,1496.3422099999998,0.0,0.4312,645.2227609519999,645.2227609519999
2025-07-11,191,25,707.0021508333333,707.0021508333333,0.0,0.4339,306.76823324658335,306.76823324658335
2025-07-11,191,26,0.0,0.0,0.0,0.4128,0.0,0.0
2025-07-11,191,27,0.0,0.0,0.0,0.4077,0.0,0.0
2025-07-11,191,28,0.0,0.0,0.0,0.4194,0.0,0.0
2025-07-11,191,29,646.4836666666667,646.4836666666667,0.0,0.4339,280.5092629666667,280.5092629666667
2025-07-11,191,30,1490.2384611111108,1490.2384611111108,0.0,0.4363,650.1910405827776,650.1910405827776
2025-07-11,191,31,1448.1249188888887,1448.1249188888887,0.0,0.4251,615.5979030196665,615.5979030196665
2025-07-11,191,32,736.8411842592598,736.8411842592598,0.0,0.384,282.94701475555576,282.94701475555576
2025-07-11,191,33,1371.9815594444444,1371.9815594444444,0.0,0.3334,457.41865191877775,457.41865191877775
2025-07-11,191,34,1387.6594588888888,1387.6594588888888,0.0,0.4941,685.6425386369999,685.6425386369999
2025-07-11,191,35,0.0,0.0,0.0,0.744,0.0,0.0
2025-07-11,191,36,0.0,0.0,0.0,0.7237,0.0,0.0
2025-07-11,191,37,0.0,0.0,0.0,0.6881,0.0,0.0
2025-07-11,191,38,0.0,0.0,0.0,0.7214,0.0,0.0
2025-07-11,191,39,0.0,0.0,0.0,0.6612,0.0,0.0
2025-07-11,191,40,0.0,0.0,0.0,0.6585,0.0,0.0
2025-07-11,191,41,0.0,0.0,0.0,0.7193,0.0,0.0
2025-07-11,191,42,0.0,0.0,0.0,0.6873,0.0,0.0
2025-07-11,191,43,0.0,0.0017307417147869192,0.0017307417147869192,0.6595,0.0,0.0017121362413529597
2025-07-11,191,44,0.0,0.00011537864047825961,0.00011537864047825961,0.6411,0.0,0.00011095386961591836
2025-07-11,191,45,0.0,783.680794539994,783.680794539994,0.5571,0.0,654.882855957346
2025-07-11,191,46,0.0,0.0,0.0,0.6275,0.0,0.0
2025-07-11,191,47,0.0,0.0,0.0,0.8095,0.0,0.0
2025-07-11,191,48,0.0,0.0,0.0,0.8242,0.0,0.0
2025-07-11,191,49,0.0,0.0,0.0,0.795,0.0,0.0
2025-07-11,191,50,0.0,0.0,0.0,0.8065,0.0,0.0
2025-07-11,191,51,0.0,0.0,0.0,0.8182,0.0,0.0
2025-07-11,191,52,0.0,0.0,0.0,0.8602,0.0,0.0
2025-07-11,191,53,0.0,0.0,0.0,0.8814,0.0,0.0
2025-07-11,191,54,0.0,0.0,0.0,0.7959,0.0,0.0
2025-07-11,191,55,0.0,0.0,0.0,0.7693,0.0,0.0
2025-07-11,191,56,0.0,0.0,0.0,0.8048,0.0,0.0
2025-07-11,191,57,0.0,0.0,0.0,0.7653,0.0,0.0
2025-07-11,191,58,0.0,0.0,0.0,0.844,0.0,0.0
2025-07-11,191,59,0.0,0.0,0.0,1.0054,0.0,0.0
2025-07-11,191,60,0.0,0.0,0.0,0.9997,0.0,0.0
2025-07-11,191,61,0.0,0.0,0.0,0.9673,0.0,0.0
2025-07-11,191,62,0.0,0.0,0.0,1.0163,0.0,0.0
2025-07-11,191,63,0.0,0.0,0.0,1.0601,0.0,0.0
2025-07-11,191,64,0.0,0.0,0.0,0.7907,0.0,0.0
2025-07-11,191,65,0.0,0.0,0.0,0.3663,0.0,0.0
2025-07-11,191,66,0.0,0.0,0.0,0.2855,0.0,0.0
2025-07-11,191,67,0.0,0.0,0.0,0.3387,0.0,0.0
2025-07-11,191,68,0.0,0.0,0.0,0.3515,0.0,0.0
2025-07-11,191,69,0.0,0.0,0.0,0.3616,0.0,0.0
2025-07-11,191,70,0.0,617.4166347222223,617.4166347222223,0.3789,0.0,350.90874434437507
2025-07-11,191,71,0.0,0.0,0.0,0.386,0.0,0.0
2025-07-11,191,72,0.0,0.0,0.0,0.3664,0.0,0.0
2025-07-11,191,73,0.0,0.0,0.0,0.3754,0.0,0.0
2025-07-11,191,74,0.0,0.0,0.0,0.3779,0.0,0.0
2025-07-11,191,75,0.0,0.0,0.0,0.3184,0.0,0.0
2025-07-11,191,76,0.0,0.0,0.0,0.4725,0.0,0.0
2025-07-11,191,77,0.0,0.0,0.0,0.7454,0.0,0.0
2025-07-11,191,78,0.0,0.0,0.0,0.7468,0.0,0.0
2025-07-11,191,79,0.0,0.0,0.0,0.7087,0.0,0.0
2025-07-11,191,80,0.0,0.0,0.0,0.7204,0.0,0.0
2025-07-11,191,81,0.0,0.0,0.0,0.658,0.0,0.0
2025-07-11,191,82,0.0,0.0,0.0,0.7431,0.0,0.0
2025-07-11,191,83,0.0,0.0,0.0,0.9598,0.0,0.0
2025-07-11,191,84,0.0,0.0,0.0,1.0379,0.0,0.0
2025-07-11,191,85,0.0,0.0,0.0,1.0004,0.0,0.0
2025-07-11,191,86,0.0,0.0,0.0,0.9781,0.0,0.0
2025-07-11,191,87,0.0,0.0,0.0,1.0303,0.0,0.0
2025-07-11,191,88,0.0,0.0,0.0,0.8309,0.0,0.0
2025-07-11,191,89,0.0,0.0,0.0,0.4834,0.0,0.0
2025-07-11,191,90,0.0,0.0,0.0,0.4545,0.0,0.0
2025-07-11,191,91,125.22359222222246,125.22359222222246,0.0,0.5667,70.96420971233347,70.96420971233347
2025-07-11,191,92,280.1491000000002,280.1491000000002,0.0,0.6041,169.23807131000012,169.23807131000012
2025-07-11,191,93,310.83116694444425,310.83116694444425,0.0,0.528,164.11885614666656,164.11885614666656
2025-07-11,191,94,330.27387722222227,330.27387722222227,0.0,0.4882,161.2397068598889,161.2397068598889
2025-07-11,191,95,398.39696666666646,398.39696666666646,0.0,0.541,215.53275896666656,215.53275896666656
2025-07-11,191,96,463.41309666666655,463.4130966666665,-5.684341886080802e-14,0.6094,282.40394110866663,282.4039411086666
2025-07-11,191,97,480.16140583333356,480.1614058333335,-5.684341886080802e-14,0.6421,308.3116386855835,308.31163868558343
2025-07-11,191,98,497.3297000000001,497.3297000000001,0.0,0.6644,330.42585268000005,330.42585268000005
2025-07-11,191,99,402.6327373888902,402.63273738889006,-1.1368683772161603e-13,0.7275,292.9153164504176,292.9153164504176
2025-07-11,191,100,0.0,0.0,0.0,0.7227,0.0,0.0
2025-07-11,191,101,600.9655166666666,600.9655166666666,0.0,0.6561,394.293475485,394.293475485
2025-07-11,191,102,1479.5692391666666,1479.5692391666666,0.0,0.6522,964.9750577845,964.9750577845
2025-07-11,191,103,696.0262349999999,696.026235,1.1368683772161603e-13,0.6894,479.84048640899994,479.84048640900005
2025-07-11,191,104,715.6052083333333,715.6052083333333,0.0,0.7362,526.828554375,526.828554375
2025-07-11,191,105,769.1400338271598,769.1400338271598,0.0,0.807,620.696007298518,620.696007298518
2025-07-11,191,106,677.5049758333332,677.5049758333332,0.0,0.9776,662.3288643746665,662.3288643746665
2025-07-11,191,107,583.3702869444446,583.370819678579,0.0005327341343672742,1.1636,678.8096658885557,678.8105957227139
2025-07-11,191,108,718.7857461111109,718.7857461111108,-1.1368683772161603e-13,1.1876,853.6299520815553,853.6299520815553
2025-07-11,191,109,769.1490672222221,769.1490672222221,0.0,1.1928,917.4410073826666,917.4410073826666
2025-07-11,191,110,769.9387416666667,769.9387416666667,0.0,1.231,947.7945909916668,947.7945909916668
2025-07-11,191,111,773.536132777778,773.5361327777781,1.1368683772161603e-13,1.2344,954.8530023008891,954.8530023008893
2025-07-11,191,112,764.5020766666665,764.5020766666665,0.0,1.3427,1026.4969383403331,1026.4969383403331
2025-07-11,191,113,86.8584166666667,86.85841666666671,1.4210854715202004e-14,1.5143,131.52970035833337,131.5297003583334
2025-07-11,191,114,115.64815083333326,115.64815083333328,1.4210854715202004e-14,1.5451,178.68795785258322,178.68795785258325
2025-07-11,191,115,102.71970500000003,102.71970500000005,1.4210854715202004e-14,1.518,155.92851219000005,155.92851219000008
2025-07-11,191,116,54.38024999999993,54.38024999999992,-1.4210854715202004e-14,1.5106,82.14680564999989,82.14680564999989
2025-07-11,191,117,190.02022399284397,190.02022399284394,-2.842170943040401e-14,1.5189,288.6217182227307,288.62171822273064
2025-07-11,191,118,41.670072500000074,41.67007250000008,7.105427357601002e-15,1.5279,63.667703772750116,63.66770377275013
2025-07-11,191,119,154.25558333333333,154.25558333333333,0.0,1.5263,235.44029684166668,235.44029684166668
2025-07-11,191,120,87.44062166666674,87.44062166666674,0.0,1.5089,131.93915403283344,131.93915403283344
2025-07-11,191,121,42.20882750000009,54.62486999999993,12.41604249999984,1.4746,62.24113703150013,89.70418143724977
2025-07-11,191,122,80.33308333333332,94.58533333333332,14.252250000000004,1.4742,118.42703144999997,149.94303187499997
2025-07-11,191,123,76.62411833333351,90.67915916666675,14.055040833333237,1.5258,116.91307975300028,149.08085170825007
2025-07-11,191,124,915.2285950000002,915.2285950000002,0.0,1.335,1221.8301743250001,1221.8301743250001
2025-07-11,191,125,925.4697499999996,925.4697499999999,2.2737367544323206e-13,0.9955,921.3051361249996,921.305136125
2025-07-11,191,126,988.859763611111,988.8597636111107,-3.410605131648481e-13,0.9228,912.5197898603332,912.519789860333
2025-07-11,191,127,853.6729549999999,853.6729549999999,0.0,0.9604,819.8675059819999,819.8675059819999
2025-07-11,191,128,866.6952499999999,866.69525,1.1368683772161603e-13,0.9702,840.8677315499998,840.8677315499999
2025-07-11,191,129,795.6930208333332,795.6930208333332,0.0,0.9415,749.1449791145832,749.1449791145832
2025-07-11,191,130,809.3758658333333,809.3758658333334,1.1368683772161603e-13,0.7218,584.2074999585,584.2074999585001
2025-07-11,191,131,761.4255833333332,761.4255833333331,-1.1368683772161603e-13,0.4528,344.77350413333323,344.7735041333332
2025-07-11,191,132,1533.943785,1526.8826675,-7.061117499999909,0.4584,703.1598310439999,701.541422913
2025-07-11,191,133,714.0339724999999,714.0339724999999,0.0,0.4814,343.7359543614999,343.7359543614999
2025-07-11,191,134,723.5287500000001,723.5287500000002,1.1368683772161603e-13,0.4368,316.03735800000004,316.0373580000001
2025-07-11,191,135,770.4186933333335,770.4186933333335,0.0,0.4888,376.5806573013334,376.5806573013334
2025-07-11,191,136,816.8515483333333,816.8515483333334,1.1368683772161603e-13,0.5196,424.43606451399995,424.43606451400007
2025-07-11,191,137,1537.4221666666665,1537.4221666666665,0.0,0.4864,747.8021418666666,747.8021418666666
2025-07-11,191,138,1470.2230074999998,1470.2230074999998,0.0,0.4722,694.2393041414999,694.2393041414999
2025-07-11,191,139,719.3520708333333,719.3520708333334,1.1368683772161603e-13,0.4685,337.01644518541667,337.0164451854167
2025-07-11,191,140,0.0,9.053978093981595e-06,9.053978093981595e-06,0.459,0.0,6.2336639177063285e-06
2025-07-11,191,141,654.3338066666668,654.3338066666669,1.1368683772161603e-13,0.453,296.41321442000003,296.4132144200001
2025-07-11,191,142,696.2732983333333,696.2732983333332,-1.1368683772161603e-13,0.4881,339.8509969165,339.8509969164999
2025-07-11,191,143,1421.6393884607685,1421.6393884607685,0.0,0.5268,748.9196298411329,748.9196298411329
2025-07-12,192,0,675.7804141666666,675.7804141666666,0.0,0.4913,332.01091748008326,332.01091748008326
2025-07-12,192,1,244.88680715932492,244.88680715932492,0.0,0.4711,115.36617485275798,115.36617485275798
2025-07-12,192,2,0.0,0.0,0.0,0.4855,0.0,0.0
2025-07-12,192,3,0.0,0.0,0.0,0.4732,0.0,0.0
2025-07-12,192,4,683.1989266666666,683.1989266666666,0.0,0.4942,337.6369095586666,337.6369095586666
2025-07-12,192,5,1533.3304166666667,1533.3304166666667,0.0,0.5068,777.0918551666667,777.0918551666667
2025-07-12,192,6,0.0,0.0,0.0,0.4089,0.0,0.0
2025-07-12,192,7,0.0,0.0,0.0,0.3786,0.0,0.0
2025-07-12,192,8,0.0,0.0,0.0,0.4375,0.0,0.0
2025-07-12,192,9,673.9988749999999,673.9988749999999,0.0,0.4324,291.43711354999994,291.43711354999994
2025-07-12,192,10,1505.5327191666665,1505.5327191666665,0.0,0.4189,630.6676560589166,630.6676560589166
2025-07-12,192,11,0.0,0.0,0.0,0.4352,0.0,0.0
2025-07-12,192,12,617.1061608333335,617.1061608333335,0.0,0.4469,275.78474327641675,275.78474327641675
2025-07-12,192,13,678.9675649999998,678.9675649999998,0.0,0.4201,285.2342740564999,285.2342740564999
2025-07-12,192,14,664.1619166666666,664.1619166666666,0.0,0.3996,265.39910189999995,265.39910189999995
2025-07-12,192,15,598.1917908333331,598.1917908333331,0.0,0.4535,271.2799771429166,271.2799771429166
2025-07-12,192,16,1410.7059541666665,1410.7059541666665,0.0,0.4447,627.3409378179166,627.3409378179166
2025-07-12,192,17,1453.6894999999997,1453.6894999999997,0.0,0.383,556.7630784999999,556.7630784999999
2025-07-12,192,18,637.8514258333333,637.8514258333333,0.0,0.4137,263.87913486725,263.87913486725
2025-07-12,192,19,0.0,0.0,0.0,0.4332,0.0,0.0
2025-07-12,192,20,0.0,0.0,0.0,0.412,0.0,0.0
2025-07-12,192,21,0.0,0.0,0.0,0.42,0.0,0.0
2025-07-12,192,22,681.5728258333332,681.5728258333332,0.0,0.3758,256.13506794816664,256.13506794816664
2025-07-12,192,23,1459.2528333333332,1459.2528333333332,0.0,0.3099,452.22245304999996,452.22245304999996
2025-07-12,192,24,643.4853958333332,643.4853958333332,0.0,0.3493,224.76944876458327,224.76944876458327
2025-07-12,192,25,675.3382583333333,675.3382583333333,0.0,0.4056,273.91719758,273.91719758
2025-07-12,192,26,659.2795833333333,659.2795833333333,0.0,0.4153,273.7988109583333,273.7988109583333
2025-07-12,192,27,0.0,0.0,0.0,0.3962,0.0,0.0
2025-07-12,192,28,0.0,0.0,0.0,0.3678,0.0,0.0
2025-07-12,192,29,609.0130833333334,609.0130833333334,0.0,0.3541,215.65153280833337,215.65153280833337
2025-07-12,192,30,1184.0389783333335,1184.0389783333335,0.0,0.3709,439.1600570638334,439.1600570638334
2025-07-12,192,31,1415.9330925,1415.9330925,0.0,0.3826,541.7360011905,541.7360011905
2025-07-12,192,32,1310.5211499999998,1310.5211499999998,0.0,0.3494,457.8960898099999,457.8960898099999
2025-07-12,192,33,1294.978025833333,1294.978025833333,0.0,0.2946,381.5005264104999,381.5005264104999
2025-07-12,192,34,0.0,0.0,0.0,0.4428,0.0,0.0
2025-07-12,192,35,0.0,0.0,0.0,0.6898,0.0,0.0
2025-07-12,192,36,0.0,0.0,0.0,0.696,0.0,0.0
2025-07-12,192,37,0.0,0.0,0.0,0.6811,0.0,0.0
2025-07-12,192,38,0.0,0.0,0.0,0.7069,0.0,0.0
2025-07-12,192,39,0.0,0.0,0.0,0.6218,0.0,0.0
2025-07-12,192,40,0.0,0.0,0.0,0.6157,0.0,0.0
2025-07-12,192,41,0.0,0.0,0.0,0.6934,0.0,0.0
2025-07-12,192,42,0.0,29.414483463385515,29.414483463385515,0.6561,0.0,28.948263900490858
2025-07-12,192,43,0.0,207.6830297310604,207.6830297310604,0.5835,0.0,181.77457177211065
2025-07-12,192,44,0.0,0.0,0.0,0.5548,0.0,0.0
2025-07-12,192,45,0.0,35.29860611111121,35.29860611111121,0.5844,0.0,30.94275811700009
2025-07-12,192,46,0.0,0.0,0.0,0.7108,0.0,0.0
2025-07-12,192,47,0.0,0.0,0.0,0.8417,0.0,0.0
2025-07-12,192,48,0.0,0.0,0.0,0.8219,0.0,0.0
2025-07-12,192,49,0.0,0.0,0.0,0.7865,0.0,0.0
2025-07-12,192,50,0.0,0.0,0.0,0.7874,0.0,0.0
2025-07-12,192,51,0.0,0.0,0.0,0.7564,0.0,0.0
2025-07-12,192,52,0.0,0.0,0.0,0.7715,0.0,0.0
2025-07-12,192,53,0.0,0.0,0.0,0.816,0.0,0.0
2025-07-12,192,54,0.0,0.0,0.0,0.7905,0.0,0.0
2025-07-12,192,55,0.0,0.0,0.0,0.7892,0.0,0.0
2025-07-12,192,56,0.0,0.0,0.0,0.8156,0.0,0.0
2025-07-12,192,57,0.0,0.0,0.0,0.7886,0.0,0.0
2025-07-12,192,58,0.0,0.0,0.0,0.8377,0.0,0.0
2025-07-12,192,59,0.0,0.0,0.0,0.9523,0.0,0.0
2025-07-12,192,60,0.0,0.0,0.0,0.9763,0.0,0.0
2025-07-12,192,61,0.0,0.0,0.0,0.952,0.0,0.0
2025-07-12,192,62,0.0,0.0,0.0,0.9563,0.0,0.0
2025-07-12,192,63,0.0,0.0,0.0,0.9777,0.0,0.0
2025-07-12,192,64,0.0,0.0,0.0,0.7409,0.0,0.0
2025-07-12,192,65,0.0,0.0,0.0,0.3809,0.0,0.0
2025-07-12,192,66,0.0,0.0,0.0,0.3334,0.0,0.0
2025-07-12,192,67,0.0,0.0,0.0,0.3472,0.0,0.0
2025-07-12,192,68,0.0,0.0,0.0,0.2864,0.0,0.0
2025-07-12,192,69,0.0,0.0,0.0,0.2702,0.0,0.0
2025-07-12,192,70,0.0,0.0,0.0,0.2678,0.0,0.0
2025-07-12,192,71,0.0,0.0,0.0,0.2556,0.0,0.0
2025-07-12,192,72,0.0,0.0,0.0,0.2564,0.0,0.0
2025-07-12,192,73,0.0,0.0,0.0,0.2821,0.0,0.0
2025-07-12,192,74,0.0,0.0,0.0,0.303,0.0,0.0
2025-07-12,192,75,0.0,188.23743083333306,188.23743083333306,0.2923,0.0,82.53270154887488
2025-07-12,192,76,0.0,208.16036027777773,208.16036027777773,0.3799,0.0,118.62018130429163
2025-07-12,192,77,0.0,0.0,0.0,0.543,0.0,0.0
2025-07-12,192,78,0.0,0.0,0.0,0.6156,0.0,0.0
2025-07-12,192,79,0.0,0.0,0.0,0.6296,0.0,0.0
2025-07-12,192,80,0.0,0.0,0.0,0.6267,0.0,0.0
2025-07-12,192,81,0.0,0.0,0.0,0.6362,0.0,0.0
2025-07-12,192,82,0.0,0.0,0.0,0.7947,0.0,0.0
2025-07-12,192,83,0.0,0.0,0.0,1.0097,0.0,0.0
2025-07-12,192,84,0.0,0.0,0.0,1.0274,0.0,0.0
2025-07-12,192,85,0.0,0.0,0.0,0.9726,0.0,0.0
2025-07-12,192,86,0.0,0.0,0.0,0.9985,0.0,0.0
2025-07-12,192,87,0.0,0.0,0.0,1.0946,0.0,0.0
2025-07-12,192,88,0.0,0.0,0.0,0.8988,0.0,0.0
2025-07-12,192,89,0.0,0.0,0.0,0.5446,0.0,0.0
2025-07-12,192,90,0.0,0.0,0.0,0.5426,0.0,0.0
2025-07-12,192,91,0.0,0.0,0.0,0.6009,0.0,0.0
2025-07-12,192,92,0.0,234.43894166666678,234.43894166666678,0.5702,0.0,200.5156268075001
2025-07-12,192,93,0.0,0.0,0.0,0.5983,0.0,0.0
2025-07-12,192,94,0.0,0.0,0.0,0.6228,0.0,0.0
2025-07-12,192,95,150.31951666666657,281.85054999999977,131.5310333333332,0.6267,94.20524109499995,217.85098897999984
2025-07-12,192,96,195.5013738888888,324.81020722222206,129.30883333333327,0.6691,130.8099692690555,260.5907798440554
2025-07-12,192,97,220.48529111111122,347.5719244444447,127.08663333333345,0.7113,156.83118756733342,292.4262710023336
2025-07-12,192,98,290.8040666666666,346.60796996163344,55.80390329496686,0.7269,211.38547605999995,272.23126201766706
2025-07-12,192,99,0.0,0.0,0.0,0.723,0.0,0.0
2025-07-12,192,100,371.94314444444444,371.9431444444445,5.684341886080802e-14,0.6901,256.67796398111113,256.6779639811112
2025-07-12,192,101,740.4220524691357,740.4220524691356,-1.1368683772161603e-13,0.6827,505.48613522067893,505.4861352206789
2025-07-12,192,102,373.3518230555556,478.32414805555555,104.97232499999996,0.7681,286.77153528897225,407.7153995377222
2025-07-12,192,103,313.20264333333324,369.4862580732501,56.28361473991686,0.7966,249.49722567933324,316.7505169320599
2025-07-12,192,104,400.5649833333332,400.56498333333315,-5.684341886080802e-14,0.7523,301.34503696166655,301.3450369616665
2025-07-12,192,105,439.90342750000013,466.96581333333324,27.06238583333311,0.7877,346.5119298417501,378.4874918231248
2025-07-12,192,106,475.2425024999999,475.24250249999983,-5.684341886080802e-14,0.9654,458.7991119134999,458.79911191349987
2025-07-12,192,107,534.6097333333332,534.610207585727,0.0004742523938148224,1.1551,617.5277029733332,617.5285246867434
2025-07-12,192,108,545.0006929722216,545.0006929722217,1.1368683772161603e-13,1.1604,632.418804124966,632.4188041249662
2025-07-12,192,109,664.1860366666665,664.1860366666666,1.1368683772161603e-13,1.1811,784.4701279069998,784.470127907
2025-07-12,192,110,627.2201166666667,627.2201166666667,0.0,1.243,779.6346050166668,779.6346050166668
2025-07-12,192,111,655.3255705555555,655.3255705555554,-1.1368683772161603e-13,1.1977,784.8834358543888,784.8834358543887
2025-07-12,192,112,674.235418611111,674.2354186111111,1.1368683772161603e-13,1.2845,866.055395205972,866.0553952059722
2025-07-12,192,113,0.0,0.0,0.0,1.4798,0.0,0.0
2025-07-12,192,114,17.783851666666692,17.783851666666695,3.552713678800501e-15,1.5033,26.73446421050004,26.734464210500047
2025-07-12,192,115,5.129023333333352,5.129023333333352,0.0,1.493,7.657631836666695,7.657631836666695
2025-07-12,192,116,0.0,0.0,0.0,1.5246,0.0,0.0
2025-07-12,192,117,0.0,0.0,0.0,1.5197,0.0,0.0
2025-07-12,192,118,0.0,0.0,0.0,1.4665,0.0,0.0
2025-07-12,192,119,36.753000000000156,36.75300000000016,7.105427357601002e-15,1.4351,52.744230300000225,52.74423030000024
2025-07-12,192,120,0.0,0.0,0.0,1.5,0.0,0.0
2025-07-12,192,121,0.0,0.0,0.0,1.5103,0.0,0.0
2025-07-12,192,122,0.0,0.0,0.0,1.4951,0.0,0.0
2025-07-12,192,123,0.0,0.0,0.0,1.5783,0.0,0.0
2025-07-12,192,124,675.084271576178,675.0842715761779,-1.1368683772161603e-13,1.3484,910.2836317933185,910.2836317933185
2025-07-12,192,125,808.179333333333,808.179333333333,0.0,0.932,753.2231386666664,753.2231386666664
2025-07-12,192,126,1586.0714808333332,1586.0714808333328,-4.547473508864641e-13,0.9002,1427.7815470461667,1427.7815470461665
2025-07-12,192,127,768.0489483333333,768.0489483333333,0.0,0.9252,710.598886998,710.598886998
2025-07-12,192,128,769.0511666666666,769.0511666666667,1.1368683772161603e-13,0.8953,688.5315095166666,688.5315095166667
2025-07-12,192,129,72.80558766666661,72.8055876666666,-1.4210854715202004e-14,0.9983,72.68181816763328,72.68181816763327
2025-07-12,192,130,718.9381608333333,718.9381608333332,-1.1368683772161603e-13,0.8542,614.1169769838333,614.1169769838332
2025-07-12,192,131,1442.6224166666666,1442.6224166666668,2.2737367544323206e-13,0.531,766.03250325,766.0325032500002
2025-07-12,192,132,1414.6803516666664,1414.6803516666664,0.0,0.5012,709.0377922553332,709.0377922553332
2025-07-12,192,133,1466.8526208333333,1466.8526208333335,2.2737367544323206e-13,0.4901,718.9044694704166,718.9044694704168
2025-07-12,192,134,1419.1865833333331,1419.1865833333331,0.0,0.3919,556.1792220083333,556.1792220083333
2025-07-12,192,135,688.3068141666669,688.3068141666669,0.0,0.4008,275.8733711180001,275.8733711180001
2025-07-12,192,136,600.2265375,600.2265375,0.0,0.4599,276.04418459625,276.04418459625
2025-07-12,192,137,0.0,0.0,0.0,0.4742,0.0,0.0
2025-07-12,192,138,0.0,0.0,0.0,0.4182,0.0,0.0
2025-07-12,192,139,594.3786041666666,594.3786144835572,1.0316890552530822e-05,0.4251,252.67034463124995,252.6703512098152
2025-07-12,192,140,1487.4989166666664,1487.4989166666664,0.0,0.4808,715.1894791333332,715.1894791333332
2025-07-12,192,141,1452.6694116358005,1452.6694116358008,2.2737367544323206e-13,0.4551,661.1098492354529,661.109849235453
2025-07-12,192,142,1446.1322434224576,1446.1322434224576,0.0,0.4895,707.881733155293,707.881733155293
2025-07-12,192,143,29.998971534476162,29.998971534476162,0.0,0.5684,17.05141542019625,17.05141542019625
2025-07-13,193,0,0.0,0.0,0.0,0.5292,0.0,0.0
2025-07-13,193,1,0.0,0.0,0.0,0.521,0.0,0.0
2025-07-13,193,2,767.06825,767.06825,0.0,0.5744,440.60400280000005,440.60400280000005
2025-07-13,193,3,766.3973375,766.3973375,0.0,0.564,432.24809834999996,432.24809834999996
2025-07-13,193,4,773.3563658333333,773.3563658333333,0.0,0.5326,411.8896004428333,411.8896004428333
2025-07-13,193,5,778.82725,778.82725,0.0,0.5356,417.1398751,417.1398751
2025-07-13,193,6,0.0,0.0,0.0,0.5742,0.0,0.0
2025-07-13,193,7,237.30979098501496,237.30979098501496,0.0,0.5626,133.5104884081694,133.5104884081694
2025-07-13,193,8,772.8693333333333,772.8693333333333,0.0,0.5131,396.5592549333333,396.5592549333333
2025-07-13,193,9,773.4449766666664,773.4449766666664,0.0,0.5243,405.5172012663332,405.5172012663332
2025-07-13,193,10,780.1693091666666,780.1693091666666,0.0,0.5631,439.31333799175,439.31333799175
2025-07-13,193,11,787.901,787.901,0.0,0.5642,444.5337442,444.5337442
2025-07-13,193,12,764.4051275,764.4051275,0.0,0.501,382.96696887750005,382.96696887750005
2025-07-13,193,13,746.1236374999997,746.1236374999997,0.0,0.4894,365.15290819249986,365.15290819249986
2025-07-13,193,14,742.7916666666666,742.7916666666666,0.0,0.5318,395.01660833333335,395.01660833333335
2025-07-13,193,15,1562.4664616666664,1562.4664616666664,0.0,0.5222,815.9199862823332,815.9199862823332
2025-07-13,193,16,1536.8103274999999,1536.8103274999999,0.0,0.5109,785.15639631975,785.15639631975
2025-07-13,193,17,1522.7334999999998,1522.7334999999998,0.0,0.5122,779.9440986999999,779.9440986999999
2025-07-13,193,18,1187.8356936499226,1187.8356936499226,0.0,0.4888,580.6140870560822,580.6140870560822
2025-07-13,193,19,1519.1957233333333,1519.1957233333333,0.0,0.5004,760.2055399559999,760.2055399559999
2025-07-13,193,20,1514.1011666666664,1514.1011666666664,0.0,0.5457,826.2450066499998,826.2450066499998
2025-07-13,193,21,1585.2017933333332,1585.2017933333332,0.0,0.552,875.03138992,875.03138992
2025-07-13,193,22,773.5495774999999,773.5495774999999,0.0,0.5055,391.02931142624993,391.02931142624993
2025-07-13,193,23,725.5954166666667,725.5954166666667,0.0,0.4694,340.5944885833333,340.5944885833333
2025-07-13,193,24,734.1802216666666,734.1802216666666,0.0,0.5153,378.3230682248333,378.3230682248333
2025-07-13,193,25,749.0253074999999,749.0253074999999,0.0,0.5104,382.30251694799995,382.30251694799995
2025-07-13,193,26,0.0,0.0,0.0,0.4551,0.0,0.0
2025-07-13,193,27,710.2635241666666,710.2635241666666,0.0,0.4801,340.9975179524166,340.9975179524166
2025-07-13,193,28,676.6827958333333,676.6827958333333,0.0,0.5027,340.16844146541666,340.16844146541666
2025-07-13,193,29,1492.0609166666666,1492.0609166666666,0.0,0.4769,711.5638511583333,711.5638511583333
2025-07-13,193,30,1523.0433899999998,1523.0433899999998,0.0,0.4478,682.0188300419999,682.0188300419999
2025-07-13,193,31,1487.2000758333334,1487.2000758333334,0.0,0.4513,671.1733942235833,671.1733942235833
2025-07-13,193,32,568.8173083333332,568.8173083333332,0.0,0.4322,245.8428406616666,245.8428406616666
2025-07-13,193,33,1388.05804,1388.05804,0.0,0.351,487.2083720399999,487.2083720399999
2025-07-13,193,34,0.0,0.0,0.0,0.5575,0.0,0.0
2025-07-13,193,35,0.0,0.0,0.0,0.9243,0.0,0.0
2025-07-13,193,36,0.0,0.0,0.0,0.942,0.0,0.0
2025-07-13,193,37,0.0,0.0,0.0,0.8639,0.0,0.0
2025-07-13,193,38,0.0,0.0,0.0,0.8597,0.0,0.0
2025-07-13,193,39,0.0,0.0,0.0,0.8447,0.0,0.0
2025-07-13,193,40,0.0,0.0,0.0,0.8365,0.0,0.0
2025-07-13,193,41,0.0,0.0,0.0,0.8317,0.0,0.0
2025-07-13,193,42,0.0,0.00519803391932649,0.00519803391932649,0.7948,0.0,0.006197096038621041
2025-07-13,193,43,0.0,350.93529472222224,350.93529472222224,0.7586,0.0,399.32927186441674
2025-07-13,193,44,0.0,271.32191666666677,271.32191666666677,0.7272,0.0,295.9579467000001
2025-07-13,193,45,0.0,201.95809034328315,201.95809034328315,0.7067,0.0,214.08567366839728
2025-07-13,193,46,0.0,0.0,0.0,0.8818,0.0,0.0
2025-07-13,193,47,0.0,0.0,0.0,1.1584,0.0,0.0
2025-07-13,193,48,0.0,0.0,0.0,1.2198,0.0,0.0
2025-07-13,193,49,0.0,0.0,0.0,1.1554,0.0,0.0
2025-07-13,193,50,0.0,0.0,0.0,1.0892,0.0,0.0
2025-07-13,193,51,0.0,0.0,0.0,1.0637,0.0,0.0
2025-07-13,193,52,0.0,0.0,0.0,1.0745,0.0,0.0
2025-07-13,193,53,0.0,0.0,0.0,1.0774,0.0,0.0
2025-07-13,193,54,0.0,0.0,0.0,1.0345,0.0,0.0
2025-07-13,193,55,0.0,0.0,0.0,1.0389,0.0,0.0
2025-07-13,193,56,0.0,0.0,0.0,1.0352,0.0,0.0
2025-07-13,193,57,0.0,0.0,0.0,0.9014,0.0,0.0
2025-07-13,193,58,0.0,0.0,0.0,0.9577,0.0,0.0
2025-07-13,193,59,0.0,0.0,0.0,1.167,0.0,0.0
2025-07-13,193,60,0.0,0.0,0.0,1.1566,0.0,0.0
2025-07-13,193,61,0.0,0.0,0.0,1.0839,0.0,0.0
2025-07-13,193,62,0.0,0.0,0.0,1.1192,0.0,0.0
2025-07-13,193,63,0.0,0.0,0.0,1.219,0.0,0.0
2025-07-13,193,64,0.0,0.0,0.0,1.0045,0.0,0.0
2025-07-13,193,65,0.0,0.0,0.0,0.5859,0.0,0.0
2025-07-13,193,66,0.0,0.0,0.0,0.4698,0.0,0.0
2025-07-13,193,67,0.0,0.0,0.0,0.4755,0.0,0.0
2025-07-13,193,68,0.0,0.0,0.0,0.4549,0.0,0.0
2025-07-13,193,69,0.0,0.0,0.0,0.4531,0.0,0.0
2025-07-13,193,70,0.0,0.0,0.0,0.4461,0.0,0.0
2025-07-13,193,71,0.0,0.0,0.0,0.4235,0.0,0.0
2025-07-13,193,72,0.0,0.0,0.0,0.4047,0.0,0.0
2025-07-13,193,73,0.0,0.0,0.0,0.3909,0.0,0.0
2025-07-13,193,74,0.0,0.0,0.0,0.3624,0.0,0.0
2025-07-13,193,75,0.0,0.0,0.0,0.3392,0.0,0.0
2025-07-13,193,76,0.0,0.0,0.0,0.546,0.0,0.0
2025-07-13,193,77,0.0,0.0,0.0,0.8284,0.0,0.0
2025-07-13,193,78,0.0,0.0,0.0,0.7917,0.0,0.0
2025-07-13,193,79,0.0,0.0,0.0,0.7832,0.0,0.0
2025-07-13,193,80,0.0,0.0,0.0,0.8821,0.0,0.0
2025-07-13,193,81,0.0,0.0,0.0,0.8411,0.0,0.0
2025-07-13,193,82,0.0,0.0,0.0,0.921,0.0,0.0
2025-07-13,193,83,0.0,0.0,0.0,1.1364,0.0,0.0
2025-07-13,193,84,0.0,0.0,0.0,1.2085,0.0,0.0
2025-07-13,193,85,0.0,0.0,0.0,1.1987,0.0,0.0
2025-07-13,193,86,0.0,0.0,0.0,1.2251,0.0,0.0
2025-07-13,193,87,0.0,0.0,0.0,1.2908,0.0,0.0
2025-07-13,193,88,0.0,0.0,0.0,1.091,0.0,0.0
2025-07-13,193,89,491.2113731481468,491.2113731481468,0.0,0.769,377.7415459509249,377.7415459509249
2025-07-13,193,90,1106.7040897222223,866.1131258333332,-240.59096388888906,0.7933,877.9483543766389,782.5179485501111
2025-07-13,193,91,399.09292861111135,399.09292861111135,0.0,0.8491,338.8698056836946,338.8698056836946
2025-07-13,193,92,557.5635083333335,323.5972833333335,-233.966225,0.7967,444.2108470891668,351.01040136041684
2025-07-13,193,93,517.4300180555556,517.4300180555556,0.0,0.8104,419.32528663222223,419.32528663222223
2025-07-13,193,94,507.7709552777777,453.5709018906674,-54.2000533871103,0.8201,416.42296042330554,394.19822853192096
2025-07-13,193,95,598.2807666666665,374.2516499999999,-224.0291166666666,0.8011,479.2827221766666,389.5478594958333
2025-07-13,193,96,652.4696722222222,439.2852805555556,-213.18439166666667,0.8199,534.959884255,447.56494289125
2025-07-13,193,97,665.1041661111113,462.7644994444447,-202.33966666666663,0.8668,576.5122911851113,488.81827965177797
2025-07-13,193,98,692.4342666666664,500.9393249999998,-191.4949416666666,0.9244,640.0862361066664,551.5772740683332
2025-07-13,193,99,745.4840280555557,564.833811388889,-180.65021666666667,0.9817,731.841670342139,643.1695114913057
2025-07-13,193,100,789.6213394444445,619.8158477777779,-169.80549166666663,1.008,795.9383101600001,710.3563423600001
2025-07-13,193,101,825.0640999999998,666.1033333333332,-158.9607666666666,0.9904,817.1434846399998,738.4261129866666
2025-07-13,193,102,874.4635936111109,735.4081325,-139.05546111111096,0.9638,842.8080115223887,775.7971848129444
2025-07-13,193,103,881.799061388889,762.6489058333332,-119.15015555555578,1.0536,929.0634910793335,866.2951891326668
2025-07-13,193,104,869.7870083333335,770.5421583333335,-99.24484999999993,1.1768,1023.5653514066669,965.169681666667
2025-07-13,193,105,904.9716644444444,825.6317391433759,-79.33992530106855,1.1369,1028.862285306889,983.7615047694965
2025-07-13,193,106,841.1539980555558,781.7201823406936,-59.43381571486225,1.1891,1000.2162190878614,964.87984395459
2025-07-13,193,107,724.8065833333333,1504.0827708333334,779.2761875000001,1.3398,971.09586035,2537.20721436875
2025-07-13,193,108,758.9226056790122,1558.5377529166665,799.6151472376542,1.3403,1017.1839683915802,2624.7702411555224
2025-07-13,193,109,852.3421005555556,1638.537598333333,786.1954977777775,1.3631,1161.8275172672777,2769.3221417986106
2025-07-13,193,110,859.3037083333332,1637.5331354166665,778.2294270833332,1.4246,1224.1640628916666,2887.1625256260413
2025-07-13,193,111,847.4533594444445,1470.027926630479,622.5745671860345,1.376,1166.0958225955555,2451.089729267531
2025-07-13,193,112,810.5670316666665,872.581485833333,62.014454166666496,1.4591,1182.698355904833,1318.4262910167076
2025-07-13,193,113,122.20674999999994,122.20674999999993,-1.4210854715202004e-14,1.6572,202.52102609999992,202.5210260999999
2025-07-13,193,114,163.66558083333325,163.66558083333325,0.0,1.6879,276.2511338885832,276.2511338885832
2025-07-13,193,115,288.6272097027214,288.6272097027215,5.684341886080802e-14,1.6388,473.00227126081984,473.00227126081995
2025-07-13,193,116,97.8820833333333,268.9974170844867,171.1153337511534,1.6135,157.93274145833328,572.0746279695622
2025-07-13,193,117,83.66639583333347,83.66639583333347,0.0,1.6314,136.49335816250021,136.49335816250021
2025-07-13,193,118,105.39748916666669,105.39748916666667,-1.4210854715202004e-14,1.6933,178.4695684059167,178.46956840591668
2025-07-13,193,119,162.3276666666668,162.32766666666683,2.842170943040401e-14,1.7345,281.5573378333336,281.55733783333363
2025-07-13,193,120,148.11237333333327,148.11237333333327,0.0,1.6731,247.80681182399988,247.80681182399988
2025-07-13,193,121,121.73079166666673,134.14683416666657,12.416042499999833,1.6056,195.4509591000001,225.3537558569997
2025-07-13,193,122,112.61666666666667,126.86891666666668,14.252250000000004,1.6317,183.756615,218.6397094875
2025-07-13,193,123,114.79730333333339,128.85234416666663,14.055040833333237,1.7206,197.52024011533342,233.79489500208317
2025-07-13,193,124,961.747565,961.7475650000001,1.1368683772161603e-13,1.5144,1456.470512436,1456.4705124360003
2025-07-13,193,125,963.0854999999998,963.0854999999998,0.0,1.1293,1087.6124551499997,1087.6124551499997
2025-07-13,193,126,1030.3012769444442,1030.3012769444442,0.0,1.0612,1093.3557150934441,1093.3557150934441
2025-07-13,193,127,906.0759366666667,906.0759366666667,0.0,1.1121,1007.6470491670002,1007.6470491670002
2025-07-13,193,128,921.4158333333332,921.4158333333331,-1.1368683772161603e-13,1.1141,1026.5493799166666,1026.5493799166666
2025-07-13,193,129,835.5168774999999,835.5168774999999,0.0,1.0715,895.2563342412498,895.2563342412498
2025-07-13,193,130,855.6149925,855.6149924999991,-9.094947017729282e-13,0.8554,731.8930645845,731.8930645844996
2025-07-13,193,131,783.7448333333334,783.7448333333334,0.0,0.5802,454.7287523000001,454.7287523000001
2025-07-13,193,132,862.0058608333333,862.0058608333334,1.1368683772161603e-13,0.5249,452.46687635141666,452.4668763514168
2025-07-13,193,133,863.2954008333335,863.2954008333335,0.0,0.5203,449.1725970535834,449.1725970535834
2025-07-13,193,134,1513.429263850751,1513.4292638507509,-2.2737367544323206e-13,0.4969,752.0230012074383,752.0230012074381
2025-07-13,193,135,793.7360575,793.7360575000001,1.1368683772161603e-13,0.5491,435.84046917325,435.84046917325014
2025-07-13,193,136,618.7233562724674,618.7233562724674,0.0,0.5755,356.075291534805,356.075291534805
2025-07-13,193,137,705.9735,705.9734999999998,-1.1368683772161603e-13,0.5297,373.95416294999995,373.95416294999995
2025-07-13,193,138,630.0427533333332,630.0427533333332,0.0,0.4725,297.6952009499999,297.6952009499999
2025-07-13,193,139,740.1014491666665,740.1014491666665,0.0,0.468,346.36747820999994,346.36747820999994
2025-07-13,193,140,800.8377500000001,800.8377500000001,0.0,0.5164,413.5526141,413.5526141
2025-07-13,193,141,766.5392941666667,766.5392941666664,-2.2737367544323206e-13,0.5586,428.1888497215,428.18884972149993
2025-07-13,193,142,1558.4174366666666,1558.4174366666662,-4.547473508864641e-13,0.553,861.8048424766667,861.8048424766665
2025-07-13,193,143,1648.1932916666665,1648.1932916666665,0.0,0.5266,867.9385873916665,867.9385873916665
2025-07-14,194,0,823.4881666666668,823.4881666666668,0.0,0.5394,444.18951710000005,444.18951710000005
2025-07-14,194,1,846.2440983333333,846.2440983333333,0.0,0.5333,451.3019776411667,451.3019776411667
2025-07-14,194,2,891.2823333333334,891.2823333333334,0.0,0.5036,448.84978306666676,448.84978306666676
2025-07-14,194,3,836.2533774999999,836.2533774999999,0.0,0.5117,427.91085326675,427.91085326675
2025-07-14,194,4,802.1511975000001,802.1511975000001,0.0,0.5478,439.4184259905,439.4184259905
2025-07-14,194,5,811.9565833333332,811.9565833333332,0.0,0.5989,486.2807977583333,486.2807977583333
2025-07-14,194,6,0.0,0.0,0.0,0.6458,0.0,0.0
2025-07-14,194,7,788.2728316666665,788.2728316666665,0.0,0.5903,465.3174525328333,465.3174525328333
2025-07-14,194,8,1631.4879999999998,1631.4879999999998,0.0,0.507,827.164416,827.164416
2025-07-14,194,9,1581.8888616666666,1581.8888616666666,0.0,0.5715,904.0494844425,904.0494844425
2025-07-14,194,10,1558.9473658333332,1558.9473658333332,0.0,0.6014,937.5509458121667,937.5509458121667
2025-07-14,194,11,1590.5256666666667,1590.5256666666667,0.0,0.5339,849.1816534333334,849.1816534333334
2025-07-14,194,12,792.8430891666667,792.8430891666667,0.0,0.4907,389.04810385408337,389.04810385408337
2025-07-14,194,13,798.3065003016832,798.3065003016832,0.0,0.4848,387.01899134625603,387.01899134625603
2025-07-14,194,14,543.6049633062711,543.6049633062711,0.0,0.4941,268.59521236962854,268.59521236962854
2025-07-14,194,15,1535.5145166666666,1535.5145166666666,0.0,0.4993,766.6823981716667,766.6823981716667
2025-07-14,194,16,1559.9615083333333,1559.9615083333333,0.0,0.5155,804.1601575458333,804.1601575458333
2025-07-14,194,17,805.8556666666666,805.8556666666666,0.0,0.5431,437.66021256666664,437.66021256666664
2025-07-14,194,18,800.9753091666666,800.9753091666666,0.0,0.563,450.9490990608333,450.9490990608333
2025-07-14,194,19,752.7084658333332,752.7084658333332,0.0,0.5717,430.3234299169166,430.3234299169166
2025-07-14,194,20,720.6019166666665,720.6019166666665,0.0,0.5719,412.11223614166653,412.11223614166653
2025-07-14,194,21,715.6368316666667,715.6368316666667,0.0,0.5585,399.68317048583333,399.68317048583333
2025-07-14,194,22,1542.6228983333333,1542.6228983333333,0.0,0.4925,759.7417774291666,759.7417774291666
2025-07-14,194,23,1545.0689166666666,1545.0689166666666,0.0,0.4223,652.4826035083333,652.4826035083333
2025-07-14,194,24,765.9776333333334,765.9776333333334,0.0,0.4443,340.32386249,340.32386249
2025-07-14,194,25,792.9496583333333,792.9496583333333,0.0,0.4656,369.19736092,369.19736092
2025-07-14,194,26,766.9302499999999,766.9302499999999,0.0,0.4551,349.02995677499996,349.02995677499996
2025-07-14,194,27,730.0068686888333,730.0068686888333,0.0,0.4698,342.95722691001384,342.95722691001384
2025-07-14,194,28,0.0,0.0,0.0,0.4797,0.0,0.0
2025-07-14,194,29,745.0661666666667,745.0661666666667,0.0,0.4734,352.71432330000005,352.71432330000005
2025-07-14,194,30,1579.5953202777778,1579.5953202777778,0.0,0.4724,746.2008292992222,746.2008292992222
2025-07-14,194,31,1524.0399763888886,1524.0399763888886,0.0,0.4647,708.2213770279166,708.2213770279166
2025-07-14,194,32,1431.1434166666663,1431.1434166666663,0.0,0.4157,594.9263183083332,594.9263183083332
2025-07-14,194,33,1370.3963777777776,1370.3963777777776,0.0,0.3522,482.6536042533333,482.6536042533333
2025-07-14,194,34,560.5999497222222,560.5999497222222,0.0,0.5776,323.8025309595555,323.8025309595555
2025-07-14,194,35,0.0,0.0,0.0,0.9361,0.0,0.0
2025-07-14,194,36,0.0,0.0,0.0,0.9359,0.0,0.0
2025-07-14,194,37,0.0,0.0,0.0,0.8413,0.0,0.0
2025-07-14,194,38,0.0,0.0,0.0,0.8339,0.0,0.0
2025-07-14,194,39,0.0,0.0,0.0,0.8388,0.0,0.0
2025-07-14,194,40,0.0,0.0,0.0,0.8619,0.0,0.0
2025-07-14,194,41,0.0,0.0,0.0,0.8606,0.0,0.0
2025-07-14,194,42,0.0,0.0,0.0,0.7668,0.0,0.0
2025-07-14,194,43,0.0,0.0,0.0,0.6925,0.0,0.0
2025-07-14,194,44,0.0,304.33300346994946,304.33300346994946,0.6738,0.0,307.5893666070779
2025-07-14,194,45,159.20618472222236,1036.6012337483257,877.3950490261034,0.6789,108.08507880791676,1001.580326983649
2025-07-14,194,46,0.0,0.0,0.0,0.8776,0.0,0.0
2025-07-14,194,47,0.0,0.0,0.0,1.1725,0.0,0.0
2025-07-14,194,48,0.0,0.0,0.0,1.2416,0.0,0.0
2025-07-14,194,49,0.0,0.0,0.0,1.1391,0.0,0.0
2025-07-14,194,50,0.0,0.0,0.0,1.0287,0.0,0.0
2025-07-14,194,51,0.0,0.0,0.0,1.0357,0.0,0.0
2025-07-14,194,52,0.0,0.0,0.0,1.0896,0.0,0.0
2025-07-14,194,53,0.0,0.0,0.0,1.1183,0.0,0.0
2025-07-14,194,54,0.0,0.0,0.0,1.1003,0.0,0.0
2025-07-14,194,55,0.0,0.0,0.0,1.0279,0.0,0.0
2025-07-14,194,56,0.0,0.0,0.0,0.959,0.0,0.0
2025-07-14,194,57,0.0,0.0,0.0,0.9884,0.0,0.0
2025-07-14,194,58,0.0,0.0,0.0,1.1035,0.0,0.0
2025-07-14,194,59,0.0,0.0,0.0,1.2188,0.0,0.0
2025-07-14,194,60,0.0,0.0,0.0,1.2346,0.0,0.0
2025-07-14,194,61,0.0,0.0,0.0,1.1798,0.0,0.0
2025-07-14,194,62,0.0,0.0,0.0,1.1637,0.0,0.0
2025-07-14,194,63,0.0,0.0,0.0,1.2307,0.0,0.0
2025-07-14,194,64,0.0,0.0,0.0,1.0006,0.0,0.0
2025-07-14,194,65,854.9855166666662,687.0180499999999,-167.96746666666627,0.5797,495.6351040116664,446.94973379833317
2025-07-14,194,66,778.8050630555551,615.0068355555552,-163.79822749999994,0.4858,378.34349963238867,338.5569101726387
2025-07-14,194,67,797.862601111111,647.5471002777781,-150.31550083333286,0.5225,416.88320908055545,377.61328448784724
2025-07-14,194,68,56.30287499999986,720.3198916666665,664.0170166666667,0.5186,29.198670974999924,545.7375082399999
2025-07-14,194,69,0.0,355.06529966843914,355.06529966843914,0.5071,0.0,270.0804201927983
2025-07-14,194,70,583.8600089506192,599.0747436111112,15.214734660492013,0.4955,289.3026344350318,300.61098597144246
2025-07-14,194,71,763.9809833333336,427.37902083333324,-336.60196250000035,0.4873,372.28793317833345,290.2748650152084
2025-07-14,194,72,913.79865,444.56754347222204,-469.2311065277779,0.4846,442.82682578999993,329.13212867831936
2025-07-14,194,73,927.7485666666666,464.7648569444441,-462.98370972222256,0.4666,432.8874812066667,324.87338172847217
2025-07-14,194,74,775.3947166666667,479.08293541666626,-296.3117812500004,0.4346,336.98654386333334,272.5979937977082
2025-07-14,194,75,745.5318324999996,487.7694047222219,-257.7624277777777,0.4467,333.0290695777498,275.45783133358316
2025-07-14,194,76,0.0,0.0,0.0,0.6636,0.0,0.0
2025-07-14,194,77,0.0,0.0,0.0,0.9323,0.0,0.0
2025-07-14,194,78,0.0,0.0,0.0,0.9198,0.0,0.0
2025-07-14,194,79,0.0,0.0,0.0,0.911,0.0,0.0
2025-07-14,194,80,0.0,0.0,0.0,0.9813,0.0,0.0
2025-07-14,194,81,0.0,0.0,0.0,0.9461,0.0,0.0
2025-07-14,194,82,0.0,0.0,0.0,1.0366,0.0,0.0
2025-07-14,194,83,0.0,0.0,0.0,1.2214,0.0,0.0
2025-07-14,194,84,0.0,0.0,0.0,1.2113,0.0,0.0
2025-07-14,194,85,0.0,0.0,0.0,1.1605,0.0,0.0
2025-07-14,194,86,0.0,0.0,0.0,1.1985,0.0,0.0
2025-07-14,194,87,0.0,0.0,0.0,1.2575,0.0,0.0
2025-07-14,194,88,0.0,0.0,0.0,1.0614,0.0,0.0
2025-07-14,194,89,619.3764101851873,619.3764101851874,1.1368683772161603e-13,0.7398,458.2146682550016,458.2146682550017
2025-07-14,194,90,1171.2798219444448,1021.2567316666666,-150.02309027777824,0.7166,839.3391204053892,785.5858471588612
2025-07-14,194,91,383.8410188888887,383.8410188888887,0.0,0.7787,298.8970014087776,298.8970014087776
2025-07-14,194,92,352.64137500000004,352.64137500000004,0.0,0.7873,277.63455453750004,277.63455453750004
2025-07-14,194,93,323.6564461111111,323.6564461111111,0.0,0.8204,265.52774838955554,265.52774838955554
2025-07-14,194,94,387.27009805555554,387.27009805555554,0.0,0.8682,336.2278991318333,336.2278991318333
2025-07-14,194,95,481.6999166666666,481.69991666666664,5.684341886080802e-14,0.904,435.4567246666666,435.4567246666667
2025-07-14,194,96,473.35077194444443,473.35077194444443,0.0,0.9148,433.02128617477774,433.02128617477774
2025-07-14,194,97,550.6728222222222,550.6728222222222,0.0,0.9133,502.9294885355555,502.9294885355555
2025-07-14,194,98,707.518233333333,707.5182333333328,-2.2737367544323206e-13,0.9322,659.548497113333,659.5484971133329
2025-07-14,194,99,739.7872344444445,739.7872344444445,0.0,0.9913,733.3510855047778,733.3510855047778
2025-07-14,194,100,737.620363888889,737.620363888889,0.0,1.0072,742.931230508889,742.931230508889
2025-07-14,194,101,792.121466666667,792.121466666667,0.0,0.988,782.616009066667,782.616009066667
2025-07-14,194,102,892.3602869444442,892.3602869444444,2.2737367544323206e-13,1.0242,913.9554058884997,913.9554058885001
2025-07-14,194,103,931.1092922222222,931.1092922222224,2.2737367544323206e-13,1.0733,999.359603342111,999.3596033421113
2025-07-14,194,104,919.8725666666666,919.8725666666666,0.0,1.0972,1009.2841801466665,1009.2841801466665
2025-07-14,194,105,949.1124344444446,949.1153447159971,0.0029102715525368694,1.115,1058.2603644055557,1058.2652318347273
2025-07-14,194,106,897.5924730555557,897.5924730555557,0.0,1.2103,1086.356170139139,1086.356170139139
2025-07-14,194,107,800.6019166666667,800.6019166666665,-2.2737367544323206e-13,1.3294,1064.3201880166666,1064.3201880166666
2025-07-14,194,108,807.816856666667,1144.8628909468755,337.04603428020846,1.3282,1072.9423490246672,1744.4391631211265
2025-07-14,194,109,852.4346999999997,862.877388333333,10.442688333333308,1.3099,1116.6042135299997,1137.1225297017497
2025-07-14,194,110,921.5671166666666,921.5671166666666,0.0,1.3435,1238.1254212416666,1238.1254212416666
2025-07-14,194,111,934.3834705555556,934.3834705555556,0.0,1.4162,1323.2738710007777,1323.2738710007777
2025-07-14,194,112,874.5300886111108,946.1108049999997,71.58071638888885,1.5733,1375.8981884118607,1544.825100053819
2025-07-14,194,113,133.3190000000002,190.52641666666682,57.20741666666663,1.7201,229.32201190000032,376.9257280125002
2025-07-14,194,114,161.01299166666684,267.656925,106.64393333333317,1.692,272.4339819000003,543.0962846999998
2025-07-14,194,115,284.28753121506725,294.06613788173314,9.778606666665894,1.6578,471.29186924833846,495.60833044633654
2025-07-14,194,116,143.86883333333344,197.36950000000002,53.500666666666575,1.6817,241.94421701666684,376.9023237166666
2025-07-14,194,117,187.1529108333334,187.15291083333338,-2.842170943040401e-14,1.6752,313.51855622800014,313.5185562280001
2025-07-14,194,118,206.3920424999998,206.39204249999977,-2.842170943040401e-14,1.6923,349.2772535227497,349.2772535227496
2025-07-14,194,119,184.58566666666673,286.64783333333344,102.06216666666671,1.7217,317.8011423000001,581.3817908250003
2025-07-14,194,120,191.53042000000028,229.52213416666677,37.9917141666665,1.6813,322.0200951460005,417.83329868862506
2025-07-14,194,121,175.00940250000014,175.37485500000014,0.3654525000000035,1.62,283.51523205000024,284.40328162500026
2025-07-14,194,122,177.50508333333346,192.29724999999985,14.79216666666639,1.6363,290.45156785833353,326.75820133333286
2025-07-14,194,123,215.86459249999984,229.04765666666685,13.183064166667009,1.7345,374.4171356912497,408.7161728868756
2025-07-14,194,124,1029.7538475000001,1069.5275391666667,39.77369166666654,1.5045,1549.2646635637502,1639.0239422324998
2025-07-14,194,125,964.3261666666667,1045.5707499999999,81.24458333333314,1.0951,1056.0335851166667,1189.4899999291663
2025-07-14,194,126,1123.3523567592592,1123.3523567592592,0.0,1.0821,1215.5795852491945,1215.5795852491945
2025-07-14,194,127,993.3200383333334,1012.2717869999998,18.95174866666639,1.1199,1112.4191109295,1144.2552059271995
2025-07-14,194,128,1024.2184166666666,1024.2184166666666,0.0,1.0793,1105.4389371083332,1105.4389371083332
2025-07-14,194,129,941.2649224999999,941.2649224999999,0.0,1.14,1073.0420116499997,1073.0420116499997
2025-07-14,194,130,965.4488133333333,965.4488133333332,-1.1368683772161603e-13,0.9256,893.6194216213332,893.6194216213332
2025-07-14,194,131,829.1540833333333,829.1540833333333,0.0,0.5277,437.54460977499997,437.54460977499997
2025-07-14,194,132,1609.3279475,1609.3279475,0.0,0.4699,756.22320253025,756.22320253025
2025-07-14,194,133,851.4444483333333,851.4444483333334,1.1368683772161603e-13,0.5646,480.72553552899996,480.72553552900007
2025-07-14,194,134,827.6512500000001,827.6512500000001,0.0,0.6083,503.46025537500003,503.46025537500003
2025-07-14,194,135,820.1082225,820.1082224999998,-2.2737367544323206e-13,0.592,485.50406771999997,485.5040677199999
2025-07-14,194,136,797.3387258333332,797.3387258333331,-1.1368683772161603e-13,0.6036,481.273654913,481.273654913
2025-07-14,194,137,1363.8936263619985,1363.8936263619983,-2.2737367544323206e-13,0.6346,865.5268952893243,865.5268952893243
2025-07-14,194,138,818.1682408333334,818.1682408333332,-1.1368683772161603e-13,0.597,488.4464397775,488.44643977749996
2025-07-14,194,139,726.5203458333333,726.5203458333333,0.0,0.5578,405.2530489058333,405.2530489058333
2025-07-14,194,140,825.9534166666667,825.9534166666666,-1.1368683772161603e-13,0.5512,455.2655232666667,455.2655232666667
2025-07-14,194,141,1588.0234941666668,1588.0234941666668,0.0,0.5411,859.2795126935835,859.2795126935835
2025-07-14,194,142,1613.9141166666664,1606.6629041666665,-7.251212499999838,0.5049,814.8652375049999,813.0346689093749
2025-07-14,194,143,865.2812916666666,865.2812916666667,1.1368683772161603e-13,0.4809,416.11377316249997,416.1137731625
2025-07-15,195,0,824.7665916666667,824.7665916666667,0.0,0.5206,429.37348762166664,429.37348762166664
2025-07-15,195,1,1685.9544308333334,1685.9544308333334,0.0,0.5086,857.4764235218335,857.4764235218335
2025-07-15,195,2,892.0284166666668,892.0284166666668,0.0,0.483,430.84972525000006,430.84972525000006
2025-07-15,195,3,10.702311666666787,10.702311666666787,0.0,0.5829,6.23837747050007,6.23837747050007
2025-07-15,195,4,0.0,0.0,0.0,0.5824,0.0,0.0
2025-07-15,195,5,797.0268333333332,797.0268333333332,0.0,0.4889,389.66641881666663,389.66641881666663
2025-07-15,195,6,0.0,0.0,0.0,0.5371,0.0,0.0
2025-07-15,195,7,0.0,0.0,0.0,0.5726,0.0,0.0
2025-07-15,195,8,1649.7511666666664,1649.7511666666664,0.0,0.5405,891.6905055833332,891.6905055833332
2025-07-15,195,9,777.6057458333332,777.6057458333332,0.0,0.5458,424.41721607583327,424.41721607583327
2025-07-15,195,10,425.4067948979812,425.4067948979812,0.0,0.5377,228.74123361664445,228.74123361664445
2025-07-15,195,11,757.2663333333333,757.2663333333333,0.0,0.5009,379.31470636666666,379.31470636666666
2025-07-15,195,12,773.6817183333334,773.6817183333334,0.0,0.4944,382.50824154400004,382.50824154400004
2025-07-15,195,13,1615.9687641666665,1615.9687641666665,0.0,0.5586,902.6801516634998,902.6801516634998
2025-07-15,195,14,1589.7874166666666,1589.7874166666666,0.0,0.6131,974.6986651583333,974.6986651583333
2025-07-15,195,15,1517.9180717716288,1517.9180717716288,0.0,0.5336,809.9610830973411,809.9610830973411
2025-07-15,195,16,0.0,0.0,0.0,0.4736,0.0,0.0
2025-07-15,195,17,27.541250000000105,27.541250000000105,0.0,0.4942,13.610885750000051,13.610885750000051
2025-07-15,195,18,827.7714591666668,827.7714591666668,0.0,0.5144,425.80563859533333,425.80563859533333
2025-07-15,195,19,1582.1874174999998,1582.1874174999998,0.0,0.5325,842.5147998187499,842.5147998187499
2025-07-15,195,20,1551.0040833333333,1551.0040833333333,0.0,0.5301,822.187264575,822.187264575
2025-07-15,195,21,1548.0291566666665,1548.0291566666665,0.0,0.4819,745.9952505976665,745.9952505976665
2025-07-15,195,22,1555.6580450000001,1555.6580450000001,0.0,0.4805,747.4936906225,747.4936906225
2025-07-15,195,23,732.7881666666667,732.7881666666667,0.0,0.5147,377.16606938333337,377.16606938333337
2025-07-15,195,24,742.0477624999999,742.0477624999999,0.0,0.486,360.6352125749999,360.6352125749999
2025-07-15,195,25,1592.8638525000001,1592.8638525000001,0.0,0.4751,756.76961632275,756.76961632275
2025-07-15,195,26,1602.3415,1602.3415,0.0,0.5023,804.8561354499999,804.8561354499999
2025-07-15,195,27,1561.6087941666665,1561.6087941666665,0.0,0.4993,779.7112709274166,779.7112709274166
2025-07-15,195,28,718.9399450000001,718.9399450000001,0.0,0.4707,338.4050321115,338.4050321115
2025-07-15,195,29,0.0,0.0,0.0,0.4591,0.0,0.0
2025-07-15,195,30,779.4401083333333,779.4401083333333,0.0,0.4938,384.88752549500003,384.88752549500003
2025-07-15,195,31,1557.4817541666666,1557.4817541666666,0.0,0.4806,748.5257310525001,748.5257310525001
2025-07-15,195,32,1454.9178083333331,1454.9178083333331,0.0,0.3946,574.1105671683333,574.1105671683333
2025-07-15,195,33,1403.8583791666665,1403.8583791666665,0.0,0.3419,479.9791798370833,479.9791798370833
2025-07-15,195,34,600.9475141666666,600.9475141666666,0.0,0.5366,322.4684361018333,322.4684361018333
2025-07-15,195,35,0.0,0.0,0.0,0.8635,0.0,0.0
2025-07-15,195,36,0.0,0.0,0.0,0.9642,0.0,0.0
2025-07-15,195,37,0.0,0.0,0.0,0.9275,0.0,0.0
2025-07-15,195,38,0.0,0.0,0.0,0.8932,0.0,0.0
2025-07-15,195,39,0.0,0.0,0.0,0.9013,0.0,0.0
2025-07-15,195,40,0.0,0.0,0.0,0.857,0.0,0.0
2025-07-15,195,41,0.0,0.0,0.0,0.7807,0.0,0.0
2025-07-15,195,42,0.0,0.0,0.0,0.7847,0.0,0.0
2025-07-15,195,43,0.0,0.0,0.0,0.7621,0.0,0.0
2025-07-15,195,44,0.0,0.0,0.0,0.6595,0.0,0.0
2025-07-15,195,45,0.0,0.0,0.0,0.5848,0.0,0.0
2025-07-15,195,46,0.0,0.0,0.0,0.8242,0.0,0.0
2025-07-15,195,47,0.0,0.0,0.0,1.183,0.0,0.0
2025-07-15,195,48,0.0,0.0,0.0,1.1545,0.0,0.0
2025-07-15,195,49,0.0,0.0,0.0,1.0644,0.0,0.0
2025-07-15,195,50,0.0,0.0,0.0,1.0851,0.0,0.0
2025-07-15,195,51,0.0,0.0,0.0,1.0707,0.0,0.0
2025-07-15,195,52,0.0,0.0,0.0,1.0653,0.0,0.0
2025-07-15,195,53,0.0,0.0,0.0,1.0452,0.0,0.0
2025-07-15,195,54,0.0,0.0,0.0,0.9354,0.0,0.0
2025-07-15,195,55,0.0,0.0,0.0,0.9227,0.0,0.0
2025-07-15,195,56,0.0,0.0,0.0,0.994,0.0,0.0
2025-07-15,195,57,0.0,0.0,0.0,0.9633,0.0,0.0
2025-07-15,195,58,0.0,0.0,0.0,1.0082,0.0,0.0
2025-07-15,195,59,0.0,0.0,0.0,1.1432,0.0,0.0
2025-07-15,195,60,0.0,0.0,0.0,1.1751,0.0,0.0
2025-07-15,195,61,0.0,0.0,0.0,1.1101,0.0,0.0
2025-07-15,195,62,0.0,0.0,0.0,1.0859,0.0,0.0
2025-07-15,195,63,0.0,0.0,0.0,1.1845,0.0,0.0
2025-07-15,195,64,0.0,0.0,0.0,0.981,0.0,0.0
2025-07-15,195,65,852.604716666666,760.9209833333332,-91.68373333333284,0.5785,493.23182859166633,466.7123087249998
2025-07-15,195,66,799.1250847222216,728.2069236111106,-70.91816111111098,0.5288,422.5773448011108,403.82658300333304
2025-07-15,195,67,12.04468944444443,12.044689444444428,-1.7763568394002505e-15,0.5715,6.883540017499992,6.883540017499992
2025-07-15,195,68,0.0,0.0,0.0,0.5561,0.0,0.0
2025-07-15,195,69,395.95627459876687,395.95627459876687,0.0,0.5985,236.979830347362,236.979830347362
2025-07-15,195,70,928.0347819444444,777.7320672222218,-150.30271472222262,0.604,560.5330082944444,515.1415884483332
2025-07-15,195,71,902.9565,391.8552291666665,-511.1012708333335,0.5701,514.77550065,369.0860833989583
2025-07-15,195,72,1069.1952055555557,465.14904763888876,-604.046157916667,0.6003,641.837881895,460.5334275963125
2025-07-15,195,73,1084.3832369444447,526.2687327777778,-558.1145041666668,0.6306,683.8120692171668,507.8385660534168
2025-07-15,195,74,904.4974083333332,552.739089583333,-351.75831875000017,0.598,540.8894501833332,435.71371287708314
2025-07-15,195,75,863.754313055555,590.2296047222219,-273.52470833333314,0.5392,465.7363255995553,391.9940642328887
2025-07-15,195,76,58.471851944444325,58.471851944444325,0.0,0.6943,40.597006805027696,40.597006805027696
2025-07-15,195,77,89.79098333333332,0.0,-89.79098333333332,0.9612,86.30709317999998,43.15354658999999
2025-07-15,195,78,133.8710491666668,7.3077738888887325,-126.56327527777808,0.9801,131.20701528825015,69.18468223837499
2025-07-15,195,79,167.46497916666658,0.0,-167.46497916666658,0.9234,154.63716176249991,77.31858088124996
2025-07-15,195,80,0.0,0.0,0.0,0.917,0.0,0.0
2025-07-15,195,81,188.35370666666654,47.373808055555855,-140.97989861111068,0.9404,177.12782574933323,110.83907742238897
2025-07-15,195,82,0.0,0.0,0.0,1.1119,0.0,0.0
2025-07-15,195,83,0.0,0.0,0.0,1.2968,0.0,0.0
2025-07-15,195,84,0.0,0.0,0.0,1.215,0.0,0.0
2025-07-15,195,85,0.0,0.0,0.0,1.1512,0.0,0.0
2025-07-15,195,86,0.0,0.0,0.0,1.25,0.0,0.0
2025-07-15,195,87,0.0,0.0,0.0,1.338,0.0,0.0
2025-07-15,195,88,0.0,0.0,0.0,1.1298,0.0,0.0
2025-07-15,195,89,395.7740500000002,395.7740500000003,5.684341886080802e-14,0.7839,310.2472777950002,310.24727779500023
2025-07-15,195,90,1321.0773405555556,1019.2139863888888,-301.8633541666668,0.7519,993.3180523637222,879.8325243647639
2025-07-15,195,91,522.4941019444444,522.4941019444445,1.1368683772161603e-13,0.7961,415.95755455797223,415.95755455797234
2025-07-15,195,92,1334.1920166666669,1253.7223416666666,-80.46967500000028,0.7957,1061.6165876616667,1029.6017274629166
2025-07-15,195,93,835.7912474999996,774.5567273141655,-61.23452018583407,0.8648,722.7922708379997,696.314464309645
2025-07-15,195,94,552.172526111111,432.2075827777776,-119.9649433333334,0.889,490.8813757127777,437.556958401111
2025-07-15,195,95,635.1368166666668,511.8153166666666,-123.32150000000024,0.8752,555.8717419466668,501.9062535466667
2025-07-15,195,96,613.6997772222223,590.7118330555556,-22.987944166666693,0.9466,580.9282091185556,570.0480151444723
2025-07-15,195,97,664.1849452777776,634.156825277778,-30.028119999999603,0.9719,645.5213483154721,630.9291834014722
2025-07-15,195,98,789.3862416666665,682.9683583333331,-106.4178833333334,0.9285,732.9451253874998,683.5406230499998
2025-07-15,195,99,810.7400709444457,756.142464722222,-54.5976062222237,0.9349,757.9608923259623,732.4392412973839
2025-07-15,195,100,793.1856644444445,793.1856644444445,0.0,0.9755,773.7526156655556,773.7526156655556
2025-07-15,195,101,832.6415000000002,832.6415000000002,0.0,1.0032,835.3059528000002,835.3059528000002
2025-07-15,195,102,958.6420180555555,958.6420180555555,0.0,1.0044,962.8600429349999,962.8600429349999
2025-07-15,195,103,866.7471580555557,866.7471580555557,0.0,1.0762,932.793291499389,932.793291499389
2025-07-15,195,104,972.6402250000001,972.6402250000001,0.0,1.1585,1126.8037006625002,1126.8037006625002
2025-07-15,195,105,1107.4670661111109,1107.4670661111106,-2.2737367544323206e-13,1.1077,1226.7412691312775,1226.7412691312775
2025-07-15,195,106,959.8230761111114,959.8230761111114,0.0,1.1742,1127.024255969667,1127.024255969667
2025-07-15,195,107,840.2463666666667,908.4815416666665,68.2351749999998,1.3468,1131.6438066266667,1269.4925071616663
2025-07-15,195,108,836.3632069444444,853.2796187499998,16.916411805555413,1.3574,1135.2794171063888,1169.7229231836802
2025-07-15,195,109,889.0715588888888,930.5523441666667,41.48078527777784,1.348,1198.4684613822221,1282.3426092138889
2025-07-15,195,110,919.7862666666666,940.60159375,20.815327083333386,1.3873,1276.0194877466665,1319.3351426407291
2025-07-15,195,111,930.0623352777778,1609.2787652358875,679.2164299581096,1.4107,1312.0389363763613,2749.294862989219
2025-07-15,195,112,899.4922788888888,975.9735045833331,76.48122569444433,1.531,1377.1226789788886,1552.76181378618
2025-07-15,195,113,160.04100000000017,234.75541666666663,74.71441666666647,1.7039,272.6938599000003,463.6527017374998
2025-07-15,195,114,142.02142916666674,253.0600108333333,111.03858166666657,1.7416,247.3445210366668,537.4217117826665
2025-07-15,195,115,212.72593204839893,238.9118691666667,26.18593711826776,1.6953,360.6342726016507,427.22380139654973
2025-07-15,195,116,203.45500000000015,214.14541666666673,10.690416666666579,1.6493,335.55833150000024,362.0058878125
2025-07-15,195,117,205.55939833333332,205.55939833333326,-5.684341886080802e-14,1.6408,337.2818607853333,337.28186078533327
2025-07-15,195,118,211.1727841666665,211.17278416666653,2.842170943040401e-14,1.6368,345.64761312399975,345.6476131239998
2025-07-15,195,119,180.36025000000006,313.3088512150664,132.94860121506633,1.6344,294.7807926000001,620.7175833388567
2025-07-15,195,120,175.05194083333333,238.24889999999982,63.19695916666649,1.6537,289.48339455608334,446.2466116169579
2025-07-15,195,121,188.66782166666673,200.48628083333358,11.818459166666855,1.621,305.83053892166674,334.5671223854172
2025-07-15,195,122,212.72175000000038,227.51391666666677,14.79216666666639,1.6085,342.16293487500064,377.852735
2025-07-15,195,123,233.23496499999987,246.41802916666666,13.183064166666782,1.7142,399.8113770029998,433.70898989475006
2025-07-15,195,124,1026.8892441666667,1066.6629358333334,39.773691666666764,1.4938,1533.9671529361667,1623.0880638536669
2025-07-15,195,125,960.31975,1041.564333333333,81.24458333333303,1.0601,1018.0349669750001,1147.2260411624995
2025-07-15,195,126,1137.1167017592593,1137.1167017592595,2.2737367544323206e-13,1.0041,1141.7788802364723,1141.7788802364728
2025-07-15,195,127,1018.5377841666667,1037.489529232495,18.951745065828277,1.0639,1083.6223485749167,1113.8664909382187
2025-07-15,195,128,1041.3215833333334,1041.3215833333334,0.0,1.0866,1131.50003245,1131.50003245
2025-07-15,195,129,946.85477,946.8547736008375,3.6008374308948987e-06,1.1492,1088.125501684,1088.1255078911236
2025-07-15,195,130,973.4589724999998,973.4589724999998,0.0,0.9524,927.1223254089999,927.1223254089999
2025-07-15,195,131,794.7259166666666,794.7259166666666,0.0,0.596,473.6566463333333,473.6566463333333
2025-07-15,195,132,1593.6878908333333,1593.6878908333333,0.0,0.5187,826.6459089752501,826.6459089752501
2025-07-15,195,133,921.6368469175546,921.6368469175549,2.2737367544323206e-13,0.5327,490.9559483529813,490.95594835298147
2025-07-15,195,134,1581.7584166666668,1581.758416666667,2.2737367544323206e-13,0.4973,786.6084606083334,786.6084606083335
2025-07-15,195,135,814.4419983333332,833.493475,19.05147666666676,0.48,390.93215919999994,404.6492224
2025-07-15,195,136,752.7477216666667,752.7533383872017,0.005616720534931119,0.5391,405.80629675050005,405.8108387115606
2025-07-15,195,137,749.8779166666667,749.8779166666666,-1.1368683772161603e-13,0.6174,462.97462575,462.97462575
2025-07-15,195,138,802.1665058333334,802.1665058333334,0.0,0.5992,480.6581702953333,480.6581702953333
2025-07-15,195,139,856.1693674999999,856.1693674999999,0.0,0.5757,492.89670486974995,492.89670486974995
2025-07-15,195,140,1619.53975,1602.07825,-17.461499999999887,0.5621,910.343293475,905.4357389
2025-07-15,195,141,779.0660375,779.0660375000001,1.1368683772161603e-13,0.4922,383.45630365750003,383.4563036575001
2025-07-15,195,142,770.9943408333332,770.9943408333332,0.0,0.4824,371.92767001799996,371.92767001799996
2025-07-15,195,143,1613.2344166666667,1613.234416666667,2.2737367544323206e-13,0.5402,871.4692318833334,871.4692318833336
2025-07-16,196,0,826.8883791666667,826.8883791666667,0.0,0.5532,457.434651355,457.434651355
2025-07-16,196,1,1671.9331916666665,1671.9331916666665,0.0,0.5547,927.4213414174999,927.4213414174999
2025-07-16,196,2,866.6183333333335,866.6183333333335,0.0,0.548,474.90684666666675,474.90684666666675
2025-07-16,196,3,0.0,0.0,0.0,0.5004,0.0,0.0
2025-07-16,196,4,379.1974780856782,379.1974780856782,0.0,0.498,188.84034408666776,188.84034408666776
2025-07-16,196,5,1627.0147499999998,1627.0147499999998,0.0,0.5385,876.1474428749999,876.1474428749999
2025-07-16,196,6,786.0989216666667,786.0989216666667,0.0,0.5349,420.48431319950004,420.48431319950004
2025-07-16,196,7,0.0,0.0,0.0,0.5341,0.0,0.0
2025-07-16,196,8,0.0,0.0,0.0,0.5494,0.0,0.0
2025-07-16,196,9,0.0,0.0,0.0,0.5417,0.0,0.0
2025-07-16,196,10,0.0,0.0,0.0,0.533,0.0,0.0
2025-07-16,196,11,5.5609166666669125,5.5609166666669125,0.0,0.5396,3.0006706333334656,3.0006706333334656
2025-07-16,196,12,782.8142058333333,782.8142058333333,0.0,0.5517,431.87859735825,431.87859735825
2025-07-16,196,13,1629.19625,1629.19625,0.0,0.5436,885.6310814999999,885.6310814999999
2025-07-16,196,14,1631.4789999999998,1631.4789999999998,0.0,0.5136,837.9276143999998,837.9276143999998
2025-07-16,196,15,1541.0440491666666,1541.0440491666666,0.0,0.4906,756.0362105211666,756.0362105211666
2025-07-16,196,16,1558.7523958333331,1558.7523958333331,0.0,0.5106,795.8989733125,795.8989733125
2025-07-16,196,17,1665.0319166666666,1665.0319166666666,0.0,0.5297,881.9674062583332,881.9674062583332
2025-07-16,196,18,815.8838700000001,815.8838700000001,0.0,0.4703,383.71018406100006,383.71018406100006
2025-07-16,196,19,749.7769675,749.7769675,0.0,0.4388,329.002133339,329.002133339
2025-07-16,196,20,714.6098333333332,714.6098333333332,0.0,0.4686,334.86616789999994,334.86616789999994
2025-07-16,196,21,0.0,0.0,0.0,0.4858,0.0,0.0
2025-07-16,196,22,0.0,0.0,0.0,0.4748,0.0,0.0
2025-07-16,196,23,739.0368333333333,739.0368333333333,0.0,0.49,362.1280483333333,362.1280483333333
2025-07-16,196,24,755.4325491666666,755.4325491666666,0.0,0.5815,439.2840273404166,439.2840273404166
2025-07-16,196,25,1604.7841808333333,1604.7841808333333,0.0,0.5749,922.5904255610833,922.5904255610833
2025-07-16,196,26,1608.1677499999998,1608.1677499999998,0.0,0.4738,761.94987995,761.94987995
2025-07-16,196,27,1580.179618333333,1580.179618333333,0.0,0.4588,724.9864088913332,724.9864088913332
2025-07-16,196,28,1536.2608216666667,1536.2608216666667,0.0,0.482,740.4777160433333,740.4777160433333
2025-07-16,196,29,1529.2168333333332,1529.2168333333332,0.0,0.5032,769.5019105333332,769.5019105333332
2025-07-16,196,30,1588.1497444444444,1588.1497444444444,0.0,0.5331,846.6426287633334,846.6426287633334
2025-07-16,196,31,1567.6453505555555,1567.6453505555555,0.0,0.5189,813.4511724032778,813.4511724032778
2025-07-16,196,32,1459.8001666666664,1459.8001666666664,0.0,0.4377,638.9545329499998,638.9545329499998
2025-07-16,196,33,1402.9289294444443,1402.9289294444443,0.0,0.3718,521.6089759674444,521.6089759674444
2025-07-16,196,34,600.4804047222221,600.4804047222221,0.0,0.6173,370.67655383502773,370.67655383502773
2025-07-16,196,35,0.0,0.0,0.0,0.9996,0.0,0.0
2025-07-16,196,36,0.0,0.0,0.0,1.0105,0.0,0.0
2025-07-16,196,37,0.0,0.0,0.0,0.8917,0.0,0.0
2025-07-16,196,38,0.0,0.0,0.0,0.8539,0.0,0.0
2025-07-16,196,39,0.0,0.0,0.0,0.8677,0.0,0.0
2025-07-16,196,40,0.0,0.0,0.0,0.845,0.0,0.0
2025-07-16,196,41,0.0,0.0,0.0,0.768,0.0,0.0
2025-07-16,196,42,0.0,0.0,0.0,0.7041,0.0,0.0
2025-07-16,196,43,0.0,0.0,0.0,0.7224,0.0,0.0
2025-07-16,196,44,0.0,0.0,0.0,0.7484,0.0,0.0
2025-07-16,196,45,0.0,0.0,0.0,0.6809,0.0,0.0
2025-07-16,196,46,0.0,0.0,0.0,0.8613,0.0,0.0
2025-07-16,196,47,0.0,0.0,0.0,1.1857,0.0,0.0
2025-07-16,196,48,0.0,0.0,0.0,1.1775,0.0,0.0
2025-07-16,196,49,0.0,0.0,0.0,1.086,0.0,0.0
2025-07-16,196,50,0.0,0.0,0.0,1.0782,0.0,0.0
2025-07-16,196,51,0.0,0.0,0.0,1.0646,0.0,0.0
2025-07-16,196,52,0.0,0.0,0.0,1.0127,0.0,0.0
2025-07-16,196,53,0.0,0.0,0.0,0.9712,0.0,0.0
2025-07-16,196,54,0.0,0.0,0.0,1.0054,0.0,0.0
2025-07-16,196,55,0.0,0.0,0.0,0.9967,0.0,0.0
2025-07-16,196,56,0.0,0.0,0.0,0.9264,0.0,0.0
2025-07-16,196,57,0.0,0.0,0.0,0.9121,0.0,0.0
2025-07-16,196,58,0.0,0.0,0.0,1.0241,0.0,0.0
2025-07-16,196,59,0.0,0.0,0.0,1.1507,0.0,0.0
2025-07-16,196,60,0.0,0.0,0.0,1.1077,0.0,0.0
2025-07-16,196,61,0.0,0.0,0.0,1.0837,0.0,0.0
2025-07-16,196,62,0.0,0.0,0.0,1.1578,0.0,0.0
2025-07-16,196,63,0.0,0.0,0.0,1.1833,0.0,0.0
2025-07-16,196,64,0.0,0.0,0.0,0.9443,0.0,0.0
2025-07-16,196,65,659.5554999999997,659.5554999999998,1.1368683772161603e-13,0.603,397.7119664999998,397.7119664999999
2025-07-16,196,66,575.0754316666664,575.0754316666663,-1.1368683772161603e-13,0.5585,321.1796285858332,321.1796285858332
2025-07-16,196,67,590.2579833333332,590.2579833333332,0.0,0.5941,350.67226789833325,350.67226789833325
2025-07-16,196,68,703.7400999999995,703.7400999999996,1.1368683772161603e-13,0.5618,395.3611881799997,395.36118817999983
2025-07-16,196,69,0.0,0.0,0.0,0.5284,0.0,0.0
2025-07-16,196,70,0.0,0.0,0.0,0.5149,0.0,0.0
2025-07-16,196,71,571.1915333333336,507.0724583333333,-64.1190750000003,0.5302,302.8457509733335,285.8477841908334
2025-07-16,196,72,0.0,0.0,0.0,0.573,0.0,0.0
2025-07-16,196,73,565.4697540432089,565.4697540432088,-1.1368683772161603e-13,0.5945,336.1717687786877,336.1717687786877
2025-07-16,196,74,558.4272249999999,558.4272249999998,-1.1368683772161603e-13,0.5613,313.44520139249994,313.44520139249994
2025-07-16,196,75,549.2091599999997,549.2091599999997,0.0,0.5167,283.7763729719999,283.7763729719999
2025-07-16,196,76,0.0,0.0,0.0,0.6834,0.0,0.0
2025-07-16,196,77,0.0,0.0,0.0,0.9522,0.0,0.0
2025-07-16,196,78,0.0,0.0,0.0,0.9746,0.0,0.0
2025-07-16,196,79,0.0,0.0,0.0,0.9396,0.0,0.0
2025-07-16,196,80,0.0,0.0,0.0,0.9359,0.0,0.0
2025-07-16,196,81,0.0,0.0,0.0,0.8897,0.0,0.0
2025-07-16,196,82,0.0,0.0,0.0,1.0198,0.0,0.0
2025-07-16,196,83,0.0,0.0,0.0,1.242,0.0,0.0
2025-07-16,196,84,0.0,0.0,0.0,1.2341,0.0,0.0
2025-07-16,196,85,0.0,0.0,0.0,1.2233,0.0,0.0
2025-07-16,196,86,0.0,0.0,0.0,1.3078,0.0,0.0
2025-07-16,196,87,0.0,0.0,0.0,1.3194,0.0,0.0
2025-07-16,196,88,0.0,0.0,0.0,1.1179,0.0,0.0
2025-07-16,196,89,380.01261666666676,380.0126166666667,-5.684341886080802e-14,0.8356,317.53854248666676,317.5385424866667
2025-07-16,196,90,1298.846878888889,1140.376788611111,-158.47009027777813,0.7653,994.0075164136667,933.3689363688749
2025-07-16,196,91,649.9795529629624,649.9795529629623,-1.1368683772161603e-13,0.7968,517.9037078008885,517.9037078008884
2025-07-16,196,92,532.0777583333336,532.0777583333337,1.1368683772161603e-13,0.8335,443.48681157083354,443.4868115708337
2025-07-16,196,93,512.500657222222,512.5006572222219,-1.1368683772161603e-13,0.8836,452.8455807215554,452.84558072155534
2025-07-16,196,94,590.7757519444448,590.7757519444449,1.1368683772161603e-13,0.9056,535.0065209608891,535.0065209608892
2025-07-16,196,95,708.7479833333332,708.7479833333333,1.1368683772161603e-13,0.9134,647.3704079766666,647.3704079766667
2025-07-16,196,96,681.6735472222222,681.673547222222,-1.1368683772161603e-13,0.9641,657.2014668769443,657.2014668769442
2025-07-16,196,97,724.7304336111109,724.7304336111109,0.0,1.0088,731.1080614268886,731.1080614268886
2025-07-16,196,98,852.706033333333,852.7060333333329,-1.1368683772161603e-13,0.9949,848.357232563333,848.3572325633329
2025-07-16,196,99,879.2567588888887,879.2567588888887,0.0,0.9265,814.6313871105554,814.6313871105554
2025-07-16,196,100,865.4974311111112,865.4974311111112,0.0,0.9345,808.8073493733334,808.8073493733334
2025-07-16,196,101,899.3417500000003,899.3417500000003,0.0,1.0143,912.2023370250002,912.2023370250002
2025-07-16,196,102,977.2136980555554,977.2136980555556,2.2737367544323206e-13,1.0412,1017.4749024154441,1017.4749024154445
2025-07-16,196,103,1025.650398611111,1025.650398611111,0.0,1.0733,1100.8305728293055,1100.8305728293055
2025-07-16,196,104,1040.8200333333334,1040.8200333333334,0.0,1.1287,1174.7735716233335,1174.7735716233335
2025-07-16,196,105,1074.6946822222226,1074.6946822222224,-2.2737367544323206e-13,1.1628,1249.6549764880006,1249.6549764880003
2025-07-16,196,106,1013.0181586111114,970.1397809962677,-42.87837761484366,1.2267,1242.6693751682503,1216.3699222581859
2025-07-16,196,107,828.9397000000001,931.3051521397531,102.36545213975296,1.3259,1099.0911482300003,1302.680677718148
2025-07-16,196,108,803.9414332500014,803.9435204077488,0.002087157747382662,1.4038,1128.572983996352,1128.5773789244206
2025-07-16,196,109,981.3570600000002,981.35706,-1.1368683772161603e-13,1.4382,1411.3877236920002,1411.387723692
2025-07-16,196,110,958.2992416666667,958.2992416666668,1.1368683772161603e-13,1.4205,1361.2640727875003,1361.2640727875005
2025-07-16,196,111,957.0435899999999,957.0435899999999,0.0,1.3831,1323.6869893289997,1323.6869893289997
2025-07-16,196,112,953.8025575,953.8025575000001,1.1368683772161603e-13,1.4913,1422.4057539997502,1422.4057539997505
2025-07-16,196,113,146.86241666666663,204.51541666666662,57.65299999999999,1.6647,244.48186502499996,388.44428867499994
2025-07-16,196,114,155.23347666666666,244.9085224999999,89.67504583333323,1.6483,255.87133958966666,477.5884066602914
2025-07-16,196,115,155.97855500000003,256.01742083333346,100.03886583333343,1.5956,248.87938235800004,488.31240384350025
2025-07-16,196,116,175.22775000000013,228.7284166666666,53.50066666666646,1.6207,283.9916144250002,414.05441012499966
2025-07-16,196,117,191.27477083333338,191.2747708333334,2.842170943040401e-14,1.6753,320.4426235770834,320.44262357708345
2025-07-16,196,118,184.0450166666665,184.04501666666647,-2.842170943040401e-14,1.647,303.1221424499997,303.12214244999967
2025-07-16,196,119,163.15491666666674,270.26700000000005,107.11208333333332,1.5952,260.26472306666676,516.5625160666667
2025-07-16,196,120,161.7124641666668,224.90942333333328,63.19695916666649,1.6733,270.59346629008354,429.21467395045806
2025-07-16,196,121,415.8078421317331,415.8078421317331,0.0,1.6813,699.0977249760829,699.0977249760829
2025-07-16,196,122,183.0315833333334,212.0759999999998,29.044416666666393,1.6275,297.8839018750001,368.78858406249947
2025-07-16,196,123,196.51600416666656,223.7541091666667,27.238105000000132,1.6728,328.73197176999986,397.0778248360002
2025-07-16,196,124,1006.7843166666667,1006.7843166666667,0.0,1.4248,1434.4662943866667,1434.4662943866667
2025-07-16,196,125,964.4883333333333,1045.7329166666664,81.24458333333303,1.0253,988.8898881666668,1113.8399951041663
2025-07-16,196,126,1808.2176449999997,1808.2176449999993,-4.547473508864641e-13,1.0492,1897.1819531339995,1897.1819531339993
2025-07-16,196,127,1005.0303891666666,1023.047521166666,18.01713199999938,1.12,1125.6340358666666,1155.9028176266656
2025-07-16,196,128,1025.8205,1025.8205000000003,2.2737367544323206e-13,1.089,1117.1185245,1117.1185245000004
2025-07-16,196,129,353.1829783333336,353.1829783333336,0.0,1.1433,403.7940991285003,403.7940991285003
2025-07-16,196,130,956.5805933333334,956.5805933333332,-1.1368683772161603e-13,0.946,904.9252412933333,904.9252412933332
2025-07-16,196,131,1565.19875,1565.1987499999998,-2.2737367544323206e-13,0.5963,933.328014625,933.328014625
2025-07-16,196,132,1555.2254533333332,1555.2254533333335,2.2737367544323206e-13,0.5783,899.3868796626666,899.3868796626668
2025-07-16,196,133,783.2856908333333,783.2856908333333,0.0,0.6385,500.1279135970833,500.1279135970833
2025-07-16,196,134,791.1784999999998,791.1784999999998,0.0,0.5997,474.4697464499999,474.4697464499999
2025-07-16,196,135,1571.4968517965121,1571.4968517965121,0.0,0.5471,859.7659276178719,859.7659276178719
2025-07-16,196,136,742.1610646832132,742.1610646832132,0.0,0.5447,404.2551319329462,404.2551319329462
2025-07-16,196,137,0.0,34.54600000000005,34.54600000000005,0.5694,0.0,29.505738600000043
2025-07-16,196,138,733.8704516666664,733.8704516666664,0.0,0.5497,403.4085872811665,403.4085872811665
2025-07-16,196,139,846.9436058333334,846.9436058333334,0.0,0.5344,452.60666295733336,452.60666295733336
2025-07-16,196,140,1631.7962499999999,1631.7962499999999,0.0,0.5494,896.5088597499999,896.5088597499999
2025-07-16,196,141,846.7914074174705,846.7914074174706,1.1368683772161603e-13,0.5665,479.70733230199704,479.70733230199716
2025-07-16,196,142,1559.7990041666665,1559.7990041666662,-2.2737367544323206e-13,0.5621,876.7630202420833,876.7630202420833
2025-07-16,196,143,1479.539625,1479.539625,0.0,0.5634,833.572624725,833.572624725
2025-07-17,197,0,819.5872033333334,819.5872033333334,0.0,0.6069,497.40747370300005,497.40747370300005
2025-07-17,197,1,852.5525416666668,852.5525416666668,0.0,0.5766,491.5817955250001,491.5817955250001
2025-07-17,197,2,47.54741666666678,47.54741666666678,0.0,0.5014,23.84027471666672,23.84027471666672
2025-07-17,197,3,815.0875775000001,815.0875775000001,0.0,0.5292,431.34434601300006,431.34434601300006
2025-07-17,197,4,1599.895380833333,1599.895380833333,0.0,0.5543,886.8220095959166,886.8220095959166
2025-07-17,197,5,767.0106666666667,767.0106666666667,0.0,0.5352,410.50410880000004,410.50410880000004
2025-07-17,197,6,758.1413508333334,758.1413508333334,0.0,0.5385,408.25911742375,408.25911742375
2025-07-17,197,7,764.6245866666667,764.6245866666667,0.0,0.5444,416.26162498133334,416.26162498133334
2025-07-17,197,8,0.0,0.0,0.0,0.5501,0.0,0.0
2025-07-17,197,9,748.2465841666667,748.2465841666667,0.0,0.5714,427.5480981928334,427.5480981928334
2025-07-17,197,10,737.2975008333332,737.2975008333332,0.0,0.5435,400.72119170291654,400.72119170291654
2025-07-17,197,11,767.8598333333333,767.8598333333333,0.0,0.469,360.12626183333333,360.12626183333333
2025-07-17,197,12,640.0097487295,640.0097487295,0.0,0.4271,273.34816368236943,273.34816368236943
2025-07-17,197,13,820.9493016666665,820.9493016666665,0.0,0.4507,370.0018502611666,370.0018502611666
2025-07-17,197,14,1618.6880833333335,1618.6880833333335,0.0,0.4956,802.2218141000001,802.2218141000001
2025-07-17,197,15,721.9138858333332,721.9138858333332,0.0,0.4892,353.16027294966665,353.16027294966665
2025-07-17,197,16,740.41438,740.41438,0.0,0.4975,368.35615405000004,368.35615405000004
2025-07-17,197,17,1640.7464166666666,1640.7464166666666,0.0,0.5269,864.5092869416667,864.5092869416667
2025-07-17,197,18,1613.6805533333331,1613.6805533333331,0.0,0.5166,833.6273738519998,833.6273738519998
2025-07-17,197,19,729.7962141666666,729.7962141666666,0.0,0.5152,375.9910095386666,375.9910095386666
2025-07-17,197,20,717.77225,717.77225,0.0,0.5504,395.0618464,395.0618464
2025-07-17,197,21,0.0,0.0,0.0,0.5899,0.0,0.0
2025-07-17,197,22,1537.1285258333332,1537.1285258333332,0.0,0.5657,869.5536070639166,869.5536070639166
2025-07-17,197,23,1529.0094166666665,1529.0094166666665,0.0,0.5051,772.3026563583333,772.3026563583333
2025-07-17,197,24,1605.4403958333332,1605.4403958333332,0.0,0.4991,801.2753015604166,801.2753015604166
2025-07-17,197,25,819.2175616666666,819.2175616666666,0.0,0.4839,396.41937809049995,396.41937809049995
2025-07-17,197,26,792.3533333333335,792.3533333333335,0.0,0.4645,368.0481233333334,368.0481233333334
2025-07-17,197,27,0.0,0.0,0.0,0.5179,0.0,0.0
2025-07-17,197,28,719.5862875,719.5862875,0.0,0.5752,413.90603257000004,413.90603257000004
2025-07-17,197,29,1557.2203333333332,1557.2203333333332,0.0,0.5706,888.5499222,888.5499222
2025-07-17,197,30,1595.707253611111,1595.707253611111,0.0,0.5031,802.8003192917499,802.8003192917499
2025-07-17,197,31,1559.5382205555554,1559.5382205555554,0.0,0.4613,719.4149811422777,719.4149811422777
2025-07-17,197,32,1439.7122416666666,1439.7122416666666,0.0,0.4313,620.9478898308333,620.9478898308333
2025-07-17,197,33,1381.5169927777777,1381.5169927777777,0.0,0.3696,510.6086805306666,510.6086805306666
2025-07-17,197,34,596.0451905555555,596.0451905555555,0.0,0.5852,348.8056455131111,348.8056455131111
2025-07-17,197,35,0.0,0.0,0.0,0.9573,0.0,0.0
2025-07-17,197,36,0.0,0.0,0.0,1.0069,0.0,0.0
2025-07-17,197,37,0.0,0.0,0.0,0.8952,0.0,0.0
2025-07-17,197,38,0.0,0.0,0.0,0.8145,0.0,0.0
2025-07-17,197,39,0.0,0.0,0.0,0.8049,0.0,0.0
2025-07-17,197,40,0.0,0.0,0.0,0.8337,0.0,0.0
2025-07-17,197,41,0.0,0.0,0.0,0.8322,0.0,0.0
2025-07-17,197,42,0.0,0.0,0.0,0.7567,0.0,0.0
2025-07-17,197,43,0.0,0.0,0.0,0.7317,0.0,0.0
2025-07-17,197,44,0.0,0.0,0.0,0.7374,0.0,0.0
2025-07-17,197,45,0.0,0.0,0.0,0.6772,0.0,0.0
2025-07-17,197,46,0.0,0.0,0.0,0.8654,0.0,0.0
2025-07-17,197,47,0.0,0.0,0.0,1.1877,0.0,0.0
2025-07-17,197,48,0.0,0.0,0.0,1.1815,0.0,0.0
2025-07-17,197,49,0.0,0.0,0.0,1.1153,0.0,0.0
2025-07-17,197,50,0.0,0.0,0.0,1.1375,0.0,0.0
2025-07-17,197,51,0.0,0.0,0.0,1.1275,0.0,0.0
2025-07-17,197,52,0.0,0.0,0.0,1.1224,0.0,0.0
2025-07-17,197,53,0.0,0.0,0.0,1.137,0.0,0.0
2025-07-17,197,54,0.0,0.0,0.0,1.1248,0.0,0.0
2025-07-17,197,55,0.0,0.0,0.0,1.057,0.0,0.0
2025-07-17,197,56,0.0,0.0,0.0,0.9722,0.0,0.0
2025-07-17,197,57,0.0,0.0,0.0,0.958,0.0,0.0
2025-07-17,197,58,0.0,0.0,0.0,1.0455,0.0,0.0
2025-07-17,197,59,0.0,0.0,0.0,1.1835,0.0,0.0
2025-07-17,197,60,0.0,0.0,0.0,1.2623,0.0,0.0
2025-07-17,197,61,0.0,0.0,0.0,1.2147,0.0,0.0
2025-07-17,197,62,0.0,0.0,0.0,1.1317,0.0,0.0
2025-07-17,197,63,0.0,0.0,0.0,1.1302,0.0,0.0
2025-07-17,197,64,0.0,0.0,0.0,0.8693,0.0,0.0
2025-07-17,197,65,652.5261999999998,652.5261999999998,0.0,0.4688,305.9042825599999,305.9042825599999
2025-07-17,197,66,592.7208825,592.7208825,0.0,0.4369,258.95975356425004,258.95975356425004
2025-07-17,197,67,621.1625308333332,621.1625308333332,0.0,0.5392,334.93083662533326,334.93083662533326
2025-07-17,197,68,719.9933666666664,719.9933666666664,0.0,0.5891,424.1480923033331,424.1480923033331
2025-07-17,197,69,28.85429962962803,28.85429962962802,-1.0658141036401503e-14,0.6108,17.6242062137768,17.624206213776798
2025-07-17,197,70,656.383583333333,656.3835833333331,1.1368683772161603e-13,0.5239,343.8793593083332,343.87935930833333
2025-07-17,197,71,613.0419500000003,451.06304166666655,-161.97890833333372,0.41,251.3471995000001,218.1415232916667
2025-07-17,197,72,763.7523630555556,463.6752766666666,-300.07708638888903,0.458,349.7985822794445,281.0809294963889
2025-07-17,197,73,0.0,0.0,0.0,0.5292,0.0,0.0
2025-07-17,197,74,627.9155666666661,489.8197374999995,-138.0958291666666,0.507,318.3531922999997,283.34589960624976
2025-07-17,197,75,618.0399222222218,513.0244124999997,-105.01550972222208,0.4408,272.4319977155554,249.28657937277765
2025-07-17,197,76,0.0,0.0,0.0,0.6037,0.0,0.0
2025-07-17,197,77,0.0,0.0,0.0,0.9029,0.0,0.0
2025-07-17,197,78,0.0,0.0,0.0,0.9582,0.0,0.0
2025-07-17,197,79,0.0,0.0,0.0,0.9149,0.0,0.0
2025-07-17,197,80,0.0,0.0,0.0,0.8982,0.0,0.0
2025-07-17,197,81,0.0,0.0,0.0,0.9037,0.0,0.0
2025-07-17,197,82,0.0,0.0,0.0,1.0216,0.0,0.0
2025-07-17,197,83,0.0,0.0,0.0,1.1998,0.0,0.0
2025-07-17,197,84,0.0,0.0,0.0,1.2703,0.0,0.0
2025-07-17,197,85,0.0,0.0,0.0,1.272,0.0,0.0
2025-07-17,197,86,0.0,0.0,0.0,1.2993,0.0,0.0
2025-07-17,197,87,0.0,0.0,0.0,1.3611,0.0,0.0
2025-07-17,197,88,0.0,0.0,0.0,1.1401,0.0,0.0
2025-07-17,197,89,269.6691666666669,269.66916666666685,-5.684341886080802e-14,0.7656,206.45871400000019,206.45871400000016
2025-07-17,197,90,64.37320805555447,64.37320805555449,1.4210854715202004e-14,0.7168,46.142715534221445,46.14271553422146
2025-07-17,197,91,391.95033944444424,391.9503394444442,-5.684341886080802e-14,0.7729,302.93841735661096,302.9384173566109
2025-07-17,197,92,1246.2849916666664,1246.2849916666667,2.2737367544323206e-13,0.7875,981.4494309374998,981.4494309375
2025-07-17,197,93,402.12969805555554,402.12969805555554,0.0,0.8343,335.49680708775,335.49680708775
2025-07-17,197,94,454.9453827777778,454.9453827777778,0.0,0.8524,387.7954442797778,387.7954442797778
2025-07-17,197,95,537.5753166666668,537.5753166666667,-1.1368683772161603e-13,0.8517,457.85289720500015,457.8528972050001
2025-07-17,197,96,534.448958611111,534.4508540544855,0.0018954433744511334,0.9134,488.1656787953888,488.1682757423562
2025-07-17,197,97,599.7264747222221,599.726474722222,-1.1368683772161603e-13,0.9801,587.7919178752499,587.7919178752497
2025-07-17,197,98,728.5486416666668,728.5486416666668,0.0,1.0165,740.5696942541667,740.5696942541667
2025-07-17,197,99,755.6805277777779,755.6805277777779,0.0,1.0408,786.5122933111112,786.5122933111112
2025-07-17,197,100,750.7752072222221,750.7752072222221,0.0,1.0573,793.7946265960553,793.7946265960553
2025-07-17,197,101,814.4600500000003,814.4600500000003,0.0,1.0677,869.5989953850003,869.5989953850003
2025-07-17,197,102,940.4322175000001,940.4322175,-1.1368683772161603e-13,1.0767,1012.5633685822501,1012.5633685822501
2025-07-17,197,103,987.5545416666668,987.5545416666668,0.0,1.0918,1078.2120485916669,1078.2120485916669
2025-07-17,197,104,962.7252250000001,962.7252250000003,1.1368683772161603e-13,1.1058,1064.581553805,1064.5815538050003
2025-07-17,197,105,1000.5743966666668,1000.5743966666669,1.1368683772161603e-13,1.113,1113.6393034900002,1113.6393034900004
2025-07-17,197,106,943.4487850000002,943.4487850000003,1.1368683772161603e-13,1.1734,1107.0428043190002,1107.0428043190004
2025-07-17,197,107,820.9909000000001,820.9909,-1.1368683772161603e-13,1.2928,1061.3770355200002,1061.37703552
2025-07-17,197,108,845.3642188888889,845.3642188888888,-1.1368683772161603e-13,1.3987,1182.410932959889,1182.410932959889
2025-07-17,197,109,889.7303319444445,889.7303319444445,0.0,1.3923,1238.7715411662502,1238.7715411662502
2025-07-17,197,110,875.6906524166669,875.6906524166668,-1.1368683772161603e-13,1.3287,1163.5301698660253,1163.5301698660253
2025-07-17,197,111,924.6327080555557,924.6327080555558,1.1368683772161603e-13,1.3774,1273.5890920757224,1273.5890920757226
2025-07-17,197,112,936.2952186111111,936.2952186111113,2.2737367544323206e-13,1.5237,1426.63302459775,1426.6330245977504
2025-07-17,197,113,177.2820833333333,234.93507891748803,57.65299558415472,1.659,294.11097624999996,437.580455761169
2025-07-17,197,114,180.88521333333347,270.5602591666668,89.67504583333334,1.6781,303.5434764946669,529.269018114042
2025-07-17,197,115,159.3734533333335,259.4123191666669,100.03886583333343,1.669,265.9942936133336,516.4415942270838
2025-07-17,197,116,164.6785000000001,185.5053333333334,20.826833333333298,1.6643,274.07442755000017,326.0675756250001
2025-07-17,197,117,174.82132333333334,174.8213233333333,-2.842170943040401e-14,1.6204,283.28047232933335,283.2804723293333
2025-07-17,197,118,177.22716416666654,177.22716416666657,2.842170943040401e-14,1.6043,284.32553947258316,284.3255394725832
2025-07-17,197,119,171.9956666666667,279.1077499999999,107.1120833333332,1.6434,282.65767860000005,546.6996752249997
2025-07-17,197,120,175.77366333333327,238.97062249999976,63.19695916666649,1.6843,296.0555811523332,455.7195386389577
2025-07-17,197,121,315.9553504650672,315.9553504650672,0.0,1.6358,516.839762290757,516.839762290757
2025-07-17,197,122,212.76108333333354,227.55325000000016,14.792166666666617,1.5978,339.94965895000036,375.4020448000002
2025-07-17,197,123,192.53882750000002,205.7218916666668,13.183064166666782,1.7092,329.08736396300003,362.8861038735003
2025-07-17,197,124,993.0089875,993.0089875000001,1.1368683772161603e-13,1.4955,1485.04494080625,1485.0449408062502
2025-07-17,197,125,1015.76275,1049.9856666666665,34.22291666666649,1.0702,1087.06929505,1142.0073431749997
2025-07-17,197,126,996.3716175,1018.6996033333332,22.327985833333287,1.0577,1053.86225982975,1089.286725753625
2025-07-17,197,127,981.2824216666667,988.6282736861319,7.345852019465269,1.1662,1144.3715601476665,1157.221659085317
2025-07-17,197,128,1028.2398333333335,1030.8050027777776,2.565169444444109,1.1765,1209.724163916667,1214.25104669375
2025-07-17,197,129,991.9761319166666,1011.0425508333334,19.06641891666675,1.125,1115.97314840625,1148.1477303281251
2025-07-17,197,130,973.991945,973.9919450000001,1.1368683772161603e-13,0.8456,823.607588692,823.6075886920001
2025-07-17,197,131,1628.6880121461354,1628.6880121461354,0.0,0.5078,827.0477725678076,827.0477725678076
2025-07-17,197,132,1580.777615,1580.777615,0.0,0.503,795.131140345,795.131140345
2025-07-17,197,133,785.2767416666668,785.2767416666667,-1.1368683772161603e-13,0.5655,444.0739974125001,444.0739974125001
2025-07-17,197,134,825.4517500000001,825.4517500000001,0.0,0.5536,456.97008880000004,456.97008880000004
2025-07-17,197,135,803.3096275,849.5130101700016,46.20338267000159,0.5767,463.26866217925,503.2368983579349
2025-07-17,197,136,383.2653060684784,591.8163229818106,208.55101691333215,0.5862,224.67012241734207,408.049031589235
2025-07-17,197,137,0.0,38.85133333333329,38.85133333333329,0.5608,0.0,32.68174159999996
2025-07-17,197,138,770.2527333333334,770.2527333333334,0.0,0.5402,416.0905265466667,416.0905265466667
2025-07-17,197,139,1464.2084972396144,1464.2084972396144,0.0,0.5284,773.6877699414123,773.6877699414123
2025-07-17,197,140,1595.0476666666666,1595.0476666666666,0.0,0.5532,882.3803692,882.3803692
2025-07-17,197,141,1581.3853799999997,1581.38538,2.2737367544323206e-13,0.6258,989.6309708039998,989.6309708040001
2025-07-17,197,142,1555.553085,1547.4398783333331,-8.113206666666883,0.5686,884.487484131,882.1808994756666
2025-07-17,197,143,1387.4301666666665,1387.4301666666663,-2.2737367544323206e-13,0.428,593.8201113333332,593.8201113333332
2025-07-18,198,0,744.6556066666666,744.6556066666666,0.0,0.4294,319.7551175026666,319.7551175026666
2025-07-18,198,1,771.8131541666667,771.8131541666667,0.0,0.4368,337.12798574000004,337.12798574000004
2025-07-18,198,2,0.0,0.0,0.0,0.4018,0.0,0.0
2025-07-18,198,3,0.0,0.0,0.0,0.4186,0.0,0.0
2025-07-18,198,4,711.5655216666667,711.5655216666667,0.0,0.4325,307.7520881208333,307.7520881208333
2025-07-18,198,5,1556.3339166666665,1556.3339166666665,0.0,0.4254,662.06444815,662.06444815
2025-07-18,198,6,0.0,0.0,0.0,0.442,0.0,0.0
2025-07-18,198,7,0.0,0.0,0.0,0.4746,0.0,0.0
2025-07-18,198,8,0.0,0.0,0.0,0.4878,0.0,0.0
2025-07-18,198,9,661.0612183333333,661.0612183333333,0.0,0.4519,298.73356456483333,298.73356456483333
2025-07-18,198,10,883.7519736616283,883.7519736616283,0.0,0.4109,363.13368597756306,363.13368597756306
2025-07-18,198,11,674.46,674.46,0.0,0.3968,267.625728,267.625728
2025-07-18,198,12,0.0,0.0,0.0,0.407,0.0,0.0
2025-07-18,198,13,0.006057560252145322,0.006057560252145322,0.0,0.4249,0.0025738573511365475,0.0025738573511365475
2025-07-18,198,14,694.4996666666667,694.4996666666667,0.0,0.4318,299.8849560666667,299.8849560666667
2025-07-18,198,15,1458.1763766666666,1458.1763766666666,0.0,0.4206,613.308984026,613.308984026
2025-07-18,198,16,1462.8957933333331,1462.8957933333331,0.0,0.4254,622.3158704839999,622.3158704839999
2025-07-18,198,17,1536.86825,1536.86825,0.0,0.4307,661.9291552750001,661.9291552750001
2025-07-18,198,18,700.1047483333334,700.1047483333334,0.0,0.3935,275.4912184691667,275.4912184691667
2025-07-18,198,19,664.6088649999999,664.6088649999999,0.0,0.3926,260.92544039899997,260.92544039899997
2025-07-18,198,20,0.0,0.0,0.0,0.4253,0.0,0.0
2025-07-18,198,21,0.0,0.0,0.0,0.4042,0.0,0.0
2025-07-18,198,22,0.0,0.0,0.0,0.3546,0.0,0.0
2025-07-18,198,23,1018.7819276931302,1018.7819276931302,0.0,0.3149,320.8144290305667,320.8144290305667
2025-07-18,198,24,686.7425625000001,686.7425625000001,0.0,0.3092,212.340800325,212.340800325
2025-07-18,198,25,707.0591058333333,707.0591058333333,0.0,0.3645,257.72304407625,257.72304407625
2025-07-18,198,26,1523.2500833333331,1523.2500833333331,0.0,0.4144,631.2348345333332,631.2348345333332
2025-07-18,198,27,646.8675374999999,646.8675374999999,0.0,0.3589,232.16075920874997,232.16075920874997
2025-07-18,198,28,633.9565333333334,633.9565333333334,0.0,0.332,210.4735690666667,210.4735690666667
2025-07-18,198,29,667.9741666666666,667.9741666666666,0.0,0.3751,250.55710991666663,250.55710991666663
2025-07-18,198,30,681.5320736111112,681.5320736111112,0.0,0.4,272.61282944444446,272.61282944444446
2025-07-18,198,31,1454.5243163888888,1454.5243163888888,0.0,0.4082,593.7368259499444,593.7368259499444
2025-07-18,198,32,1344.7022999999997,1344.7022999999997,0.0,0.3767,506.54935640999986,506.54935640999986
2025-07-18,198,33,1299.898683611111,1299.898683611111,0.0,0.3095,402.31864257763885,402.31864257763885
2025-07-18,198,34,0.0,0.0,0.0,0.4893,0.0,0.0
2025-07-18,198,35,0.0,0.0,0.0,0.7754,0.0,0.0
2025-07-18,198,36,0.0,0.0,0.0,0.7277,0.0,0.0
2025-07-18,198,37,0.0,0.0,0.0,0.6677,0.0,0.0
2025-07-18,198,38,0.0,0.0,0.0,0.7014,0.0,0.0
2025-07-18,198,39,0.0,0.0,0.0,0.6191,0.0,0.0
2025-07-18,198,40,0.0,0.0009713253357268956,0.0009713253357268956,0.5833,0.0,0.0008498611024942474
2025-07-18,198,41,0.0,0.0,0.0,0.6361,0.0,0.0
2025-07-18,198,42,0.0,0.0,0.0,0.6351,0.0,0.0
2025-07-18,198,43,0.0,0.0,0.0,0.574,0.0,0.0
2025-07-18,198,44,0.0,243.5174666666668,243.5174666666668,0.5161,0.0,188.51904682000009
2025-07-18,198,45,0.0,277.205235174544,277.205235174544,0.5488,0.0,228.1953495956846
2025-07-18,198,46,0.0,0.0,0.0,0.7155,0.0,0.0
2025-07-18,198,47,0.0,0.0,0.0,0.8873,0.0,0.0
2025-07-18,198,48,0.0,0.0,0.0,0.8673,0.0,0.0
2025-07-18,198,49,0.0,0.0,0.0,0.8206,0.0,0.0
2025-07-18,198,50,0.0,0.0,0.0,0.8121,0.0,0.0
2025-07-18,198,51,0.0,0.0,0.0,0.7613,0.0,0.0
2025-07-18,198,52,0.0,0.0,0.0,0.7681,0.0,0.0
2025-07-18,198,53,0.0,0.0,0.0,0.8127,0.0,0.0
2025-07-18,198,54,0.0,0.0,0.0,0.7681,0.0,0.0
2025-07-18,198,55,0.0,0.0,0.0,0.7441,0.0,0.0
2025-07-18,198,56,0.0,0.0,0.0,0.7719,0.0,0.0
2025-07-18,198,57,0.0,0.0,0.0,0.7831,0.0,0.0
2025-07-18,198,58,0.0,0.0,0.0,0.8634,0.0,0.0
2025-07-18,198,59,0.0,0.0,0.0,0.9672,0.0,0.0
2025-07-18,198,60,0.0,0.0,0.0,0.9438,0.0,0.0
2025-07-18,198,61,0.0,0.0,0.0,0.9049,0.0,0.0
2025-07-18,198,62,0.0,0.0,0.0,0.9562,0.0,0.0
2025-07-18,198,63,0.0,0.0,0.0,1.0379,0.0,0.0
2025-07-18,198,64,0.0,0.0,0.0,0.7518,0.0,0.0
2025-07-18,198,65,468.35696666666627,468.35696666666627,0.0,0.3031,141.95899659666654,141.95899659666654
2025-07-18,198,66,463.1534236111107,463.1534236111107,0.0,0.3199,148.16278021319434,148.16278021319434
2025-07-18,198,67,537.2615705555554,537.2615705555555,1.1368683772161603e-13,0.3956,212.54067731177773,212.54067731177778
2025-07-18,198,68,687.1318916666664,687.1318916666665,1.1368683772161603e-13,0.3341,229.57076500583327,229.57076500583332
2025-07-18,198,69,769.1664261111105,736.6992761111114,-32.46714999999904,0.3439,264.5163339396109,258.93360749711104
2025-07-18,198,70,0.0,0.0,0.0,0.3521,0.0,0.0
2025-07-18,198,71,731.19965,0.0,-731.19965,0.3405,248.97348082500002,124.48674041250001
2025-07-18,198,72,41.626990000000205,0.0,-41.626990000000205,0.3803,15.830744297000079,7.9153721485000395
2025-07-18,198,73,0.0,0.0,0.0,0.3822,0.0,0.0
2025-07-18,198,74,682.6797666666664,0.0,-682.6797666666664,0.3314,226.24007467333323,113.12003733666661
2025-07-18,198,75,607.5227333333329,74.88946727839573,-532.6332660549372,0.3238,196.71586105333319,110.48253527903884
2025-07-18,198,76,0.0,0.0,0.0,0.4286,0.0,0.0
2025-07-18,198,77,0.0,0.0,0.0,0.5858,0.0,0.0
2025-07-18,198,78,0.0,0.0,0.0,0.6549,0.0,0.0
2025-07-18,198,79,0.0,0.0,0.0,0.6564,0.0,0.0
2025-07-18,198,80,0.0,0.0,0.0,0.6464,0.0,0.0
2025-07-18,198,81,0.0,0.0,0.0,0.6759,0.0,0.0
2025-07-18,198,82,0.0,0.0,0.0,0.7961,0.0,0.0
2025-07-18,198,83,0.0,0.0,0.0,0.9404,0.0,0.0
2025-07-18,198,84,0.0,0.0,0.0,0.9835,0.0,0.0
2025-07-18,198,85,0.0,0.0,0.0,1.0266,0.0,0.0
2025-07-18,198,86,0.0,0.0,0.0,1.1009,0.0,0.0
2025-07-18,198,87,0.0,0.0,0.0,1.0954,0.0,0.0
2025-07-18,198,88,0.0,0.0,0.0,0.852,0.0,0.0
2025-07-18,198,89,1262.3349,28.040350000000217,-1234.2945499999998,0.5347,674.97047103,344.98182308750006
2025-07-18,198,90,1322.796636666667,32.66280472222206,-1290.1338319444449,0.4996,660.8691996786667,338.59376845894445
2025-07-18,198,91,528.0660099999998,150.14913777777792,-377.91687222222185,0.5544,292.7597959439999,188.00123896399998
2025-07-18,198,92,0.0,0.0,0.0,0.5574,0.0,0.0
2025-07-18,198,93,542.4716855555547,232.73018222222197,-309.74150333333273,0.5619,304.81484011366615,217.7929647521663
2025-07-18,198,94,1295.0450616666667,511.1311961111114,-783.9138655555553,0.6308,816.9144248993334,569.6679917031113
2025-07-18,198,95,528.60675,253.12963333333312,-275.4771166666669,0.7106,375.62795655,277.75093699833326
2025-07-18,198,96,502.5612388888887,355.1597030555555,-147.40153583333318,0.6845,344.0031680194443,293.554992380486
2025-07-18,198,97,539.4917361111111,412.7920494444445,-126.6996866666666,0.6442,347.5405764027778,306.73060732744443
2025-07-18,198,98,642.9213666666667,467.57394166666666,-175.34742500000004,0.6597,424.13522559,366.29687745375
2025-07-18,198,99,0.0,0.0,0.0,0.7082,0.0,0.0
2025-07-18,198,100,566.319380277778,566.319380277778,0.0,0.7016,397.32967720288906,397.32967720288906
2025-07-18,198,101,1227.9867320987646,1199.4459349074077,-28.540797191356887,0.6664,818.3303582706167,808.8205646464567
2025-07-18,198,102,599.8912080555556,599.8912080555556,0.0,0.7125,427.42248573958335,427.42248573958335
2025-07-18,198,103,645.8135269444444,645.8135269444442,-2.2737367544323206e-13,0.7657,494.4994175813612,494.49941758136106
2025-07-18,198,104,629.6609083333333,629.6609083333333,0.0,0.7779,489.8132205925,489.8132205925
2025-07-18,198,105,662.7569197222223,662.7569197222222,-1.1368683772161603e-13,0.7978,528.7474705543889,528.7474705543888
2025-07-18,198,106,701.4878511111112,701.4878511111112,0.0,0.9601,673.4984858517779,673.4984858517779
2025-07-18,198,107,634.9356333333332,634.9356333333332,0.0,1.1637,738.8745965099997,738.8745965099997
2025-07-18,198,108,647.9004383333337,647.9004383333338,1.1368683772161603e-13,1.1657,755.2575409651671,755.2575409651673
2025-07-18,198,109,745.1408116666667,745.1408116666667,0.0,1.1679,870.2499539454999,870.2499539454999
2025-07-18,198,110,727.6818166666667,727.6818166666668,1.1368683772161603e-13,1.2274,893.1566617766667,893.156661776667
2025-07-18,198,111,766.9660933333332,766.9660933333332,0.0,1.2193,935.1617576013332,935.1617576013332
2025-07-18,198,112,793.8500608333335,793.8500608333334,-1.1368683772161603e-13,1.3151,1043.9922150019167,1043.9922150019167
2025-07-18,198,113,0.0,36.70141666666677,36.70141666666677,1.4855,0.0,81.77993168750024
2025-07-18,198,114,27.927750833333562,117.60279666666679,89.67504583333323,1.5086,42.13180490716701,245.0574661234168
2025-07-18,198,115,19.756444166666597,119.79531000000003,100.03886583333343,1.4982,29.599104650499896,254.41644783775013
2025-07-18,198,116,0.0,17.04350000000011,17.04350000000011,1.5073,0.0,38.53450132500025
2025-07-18,198,117,33.97576250000009,33.97576250000009,0.0,1.4754,50.12783999250013,50.12783999250013
2025-07-18,198,118,52.12383499999991,52.1238349999999,-7.105427357601002e-15,1.4749,76.87744424149987,76.87744424149986
2025-07-18,198,119,25.989166666666847,133.10125000000016,107.11208333333332,1.5141,39.35019725000027,282.61780531250025
2025-07-18,198,120,17.197137500000053,80.39409666666666,63.1969591666666,1.5168,26.08461816000008,169.8703396559999
2025-07-18,198,121,250.3248387150685,250.32483871506847,-2.842170943040401e-14,1.4687,367.65209062082107,367.652090620821
2025-07-18,198,122,18.568083333333448,33.36024999999995,14.792166666666503,1.4704,27.3025097333335,59.92811253333314
2025-07-18,198,123,56.25080250000008,56.25080250000007,-7.105427357601002e-15,1.5835,89.07314575875012,89.0731457587501
2025-07-18,198,124,885.6663558333333,885.6663558333332,-1.1368683772161603e-13,1.3503,1195.91528028175,1195.9152802817498
2025-07-18,198,125,841.0966666666668,922.3412499999998,81.24458333333303,0.9162,770.6127660000002,882.2671968749997
2025-07-18,198,126,871.9565933333334,871.9565933333336,1.1368683772161603e-13,0.9066,790.5158475160001,790.5158475160002
2025-07-18,198,127,860.2066908333333,860.2066908333331,-1.1368683772161603e-13,0.9519,818.8307490042499,818.8307490042498
2025-07-18,198,128,858.6181214999998,858.6199707181066,0.001849218106826811,0.8956,768.9783896153998,768.9808738550045
2025-07-18,198,129,920.6496725,877.2194391666666,-43.430233333333376,0.9302,856.3883253595,836.1889238361666
2025-07-18,198,130,831.0566483333333,819.5555561200485,-11.501092213284778,0.7832,650.8835669746667,646.3797392639444
2025-07-18,198,131,1483.1731781357996,1483.1731781357998,2.2737367544323206e-13,0.4925,730.4627902318813,730.4627902318814
2025-07-18,198,132,1461.7762508333333,1461.7762508333335,2.2737367544323206e-13,0.4132,604.0059468443334,604.0059468443335
2025-07-18,198,133,1516.5163858333333,1516.5163858333333,0.0,0.4457,675.9113531659166,675.9113531659166
2025-07-18,198,134,1476.5894166666665,1476.5894166666665,0.0,0.4654,687.2047145166665,687.2047145166665
2025-07-18,198,135,675.5898341666666,675.5898341666667,1.1368683772161603e-13,0.4582,309.55526201516665,309.5552620151667
2025-07-18,198,136,0.0,0.0,0.0,0.4742,0.0,0.0
2025-07-18,198,137,43.32913965515643,43.329139655156425,-7.105427357601002e-15,0.4966,21.517250752750684,21.51725075275068
2025-07-18,198,138,684.2635525,684.2635524999998,-1.1368683772161603e-13,0.46,314.76123415,314.76123414999995
2025-07-18,198,139,1482.3479553377497,1482.3479553377495,-2.2737367544323206e-13,0.4271,633.1108117247528,633.1108117247528
2025-07-18,198,140,1527.8300833333333,1512.0374166666666,-15.792666666666719,0.4453,680.3427361083333,676.8264988749999
2025-07-18,198,141,1528.7978916666666,1507.1609564778512,-21.636935188815414,0.4951,756.9078361641666,751.5516128581754
2025-07-18,198,142,773.7762708333335,773.7762708333336,1.1368683772161603e-13,0.4884,377.9123306750001,377.91233067500013
2025-07-18,198,143,585.9896666666666,585.9896666666667,1.1368683772161603e-13,0.4354,255.13990086666664,255.13990086666672
2025-07-19,199,0,0.0,0.0,0.0,0.4317,0.0,0.0
2025-07-19,199,1,81.42012205329445,81.42012205329445,0.0,0.4565,37.16828571732892,37.16828571732892
2025-07-19,199,2,0.0,0.0,0.0,0.479,0.0,0.0
2025-07-19,199,3,0.0,0.0,0.0,0.4836,0.0,0.0
2025-07-19,199,4,0.0,0.0,0.0,0.4406,0.0,0.0
2025-07-19,199,5,0.0,0.0,0.0,0.4029,0.0,0.0
2025-07-19,199,6,1464.9190983333333,1464.9190983333333,0.0,0.4595,673.1303256841667,673.1303256841667
2025-07-19,199,7,659.4114975,659.4114975,0.0,0.5001,329.77168989975,329.77168989975
2025-07-19,199,8,0.0,0.0,0.0,0.4786,0.0,0.0
2025-07-19,199,9,602.7546433333332,602.7546433333332,0.0,0.4467,269.25049917699994,269.25049917699994
2025-07-19,199,10,566.8595891666666,566.8595891666666,0.0,0.3903,221.24529765174998,221.24529765174998
2025-07-19,199,11,561.0959166666667,561.0959166666667,0.0,0.3566,200.08680388333332,200.08680388333332
2025-07-19,199,12,638.5022266666667,638.5022266666667,0.0,0.4227,269.89489121200006,269.89489121200006
2025-07-19,199,13,656.2713349999999,656.2713349999999,0.0,0.4755,312.05701979249994,312.05701979249994
2025-07-19,199,14,1490.7191666666665,1490.7191666666665,0.0,0.4627,689.7557584166666,689.7557584166666
2025-07-19,199,15,196.6373933333333,196.6373933333333,0.0,0.4371,85.95020462599999,85.95020462599999
2025-07-19,199,16,574.1966533333334,574.1966533333334,0.0,0.4325,248.3400525666667,248.3400525666667
2025-07-19,199,17,1493.7872499999999,1493.7872499999999,0.0,0.4457,665.7809773249999,665.7809773249999
2025-07-19,199,18,661.2603866666667,661.2603866666667,0.0,0.4412,291.74808259733334,291.74808259733334
2025-07-19,199,19,608.9161683333333,608.9161683333333,0.0,0.3829,233.15400085483333,233.15400085483333
2025-07-19,199,20,0.0,0.0,0.0,0.3461,0.0,0.0
2025-07-19,199,21,0.0,0.0,0.0,0.4368,0.0,0.0
2025-07-19,199,22,559.3422233333334,559.3422233333334,0.0,0.4518,252.71081650200003,252.71081650200003
2025-07-19,199,23,1403.8346666666666,1403.8346666666666,0.0,0.377,529.2456693333334,529.2456693333334
2025-07-19,199,24,1453.476705,1453.476705,0.0,0.3944,573.251212452,573.251212452
2025-07-19,199,25,0.0,0.0,0.0,0.4046,0.0,0.0
2025-07-19,199,26,369.81789,369.81789,0.0,0.3652,135.057493428,135.057493428
2025-07-19,199,27,0.0,0.0,0.0,0.3483,0.0,0.0
2025-07-19,199,28,552.9092875,552.9092875,0.0,0.3602,199.1579253575,199.1579253575
2025-07-19,199,29,852.8598145061724,852.8598145061724,0.0,0.3791,323.31915567928996,323.31915567928996
2025-07-19,199,30,588.3362394444445,588.3362394444445,0.0,0.3865,227.3919565452778,227.3919565452778
2025-07-19,199,31,549.3903455555555,549.3903455555555,0.0,0.4167,228.930956993,228.930956993
2025-07-19,199,32,1303.1160499999996,1303.1160499999996,0.0,0.4033,525.5467029649999,525.5467029649999
2025-07-19,199,33,1261.662566111111,1261.662566111111,0.0,0.2817,355.4103448734999,355.4103448734999
2025-07-19,199,34,0.0,0.0,0.0,0.4216,0.0,0.0
2025-07-19,199,35,0.0,0.0,0.0,0.7148,0.0,0.0
2025-07-19,199,36,0.0,0.0,0.0,0.6688,0.0,0.0
2025-07-19,199,37,0.0,0.0,0.0,0.5886,0.0,0.0
2025-07-19,199,38,0.0,0.0,0.0,0.6313,0.0,0.0
2025-07-19,199,39,0.0,0.0,0.0,0.644,0.0,0.0
2025-07-19,199,40,0.0,43.70860507473528,43.70860507473528,0.6471,0.0,42.4257575157918
2025-07-19,199,41,0.0,0.0,0.0,0.6512,0.0,0.0
2025-07-19,199,42,0.0,0.0,0.0,0.6229,0.0,0.0
2025-07-19,199,43,0.0,0.0,0.0,0.5776,0.0,0.0
2025-07-19,199,44,0.0,0.0,0.0,0.5231,0.0,0.0
2025-07-19,199,45,0.0,0.0,0.0,0.483,0.0,0.0
2025-07-19,199,46,0.0,0.0,0.0,0.6161,0.0,0.0
2025-07-19,199,47,0.0,0.0,0.0,0.8293,0.0,0.0
2025-07-19,199,48,0.0,0.0,0.0,0.8453,0.0,0.0
2025-07-19,199,49,0.0,0.0,0.0,0.7896,0.0,0.0
2025-07-19,199,50,0.0,0.0,0.0,0.7747,0.0,0.0
2025-07-19,199,51,0.0,0.0,0.0,0.7872,0.0,0.0
2025-07-19,199,52,0.0,0.0,0.0,0.7817,0.0,0.0
2025-07-19,199,53,0.0,0.0,0.0,0.7654,0.0,0.0
2025-07-19,199,54,0.0,0.0,0.0,0.7818,0.0,0.0
2025-07-19,199,55,0.0,0.0,0.0,0.783,0.0,0.0
2025-07-19,199,56,0.0,0.0,0.0,0.7633,0.0,0.0
2025-07-19,199,57,0.0,0.0,0.0,0.7755,0.0,0.0
2025-07-19,199,58,0.0,0.0,0.0,0.8418,0.0,0.0
2025-07-19,199,59,0.0,0.0,0.0,0.9071,0.0,0.0
2025-07-19,199,60,0.0,0.0,0.0,0.8915,0.0,0.0
2025-07-19,199,61,0.0,0.0,0.0,0.8874,0.0,0.0
2025-07-19,199,62,0.0,0.0,0.0,0.9506,0.0,0.0
2025-07-19,199,63,0.0,0.0,0.0,0.9991,0.0,0.0
2025-07-19,199,64,0.0,0.0,0.0,0.739,0.0,0.0
2025-07-19,199,65,0.0,0.0,0.0,0.3257,0.0,0.0
2025-07-19,199,66,0.0,0.0,0.0,0.2429,0.0,0.0
2025-07-19,199,67,0.0,0.0,0.0,0.2935,0.0,0.0
2025-07-19,199,68,0.0,0.0,0.0,0.3154,0.0,0.0
2025-07-19,199,69,0.0,0.0,0.0,0.3302,0.0,0.0
2025-07-19,199,70,0.0,0.0,0.0,0.2597,0.0,0.0
2025-07-19,199,71,0.0,0.0,0.0,0.1683,0.0,0.0
2025-07-19,199,72,0.0,0.0,0.0,0.2088,0.0,0.0
2025-07-19,199,73,0.0,0.0,0.0,0.2145,0.0,0.0
2025-07-19,199,74,0.0,0.0,0.0,0.1583,0.0,0.0
2025-07-19,199,75,0.0,0.0,0.0,0.2031,0.0,0.0
2025-07-19,199,76,0.0,0.0,0.0,0.3841,0.0,0.0
2025-07-19,199,77,0.0,0.0,0.0,0.5786,0.0,0.0
2025-07-19,199,78,0.0,0.0,0.0,0.6138,0.0,0.0
2025-07-19,199,79,0.0,0.0,0.0,0.6052,0.0,0.0
2025-07-19,199,80,0.0,0.0,0.0,0.6275,0.0,0.0
2025-07-19,199,81,0.0,0.0,0.0,0.6613,0.0,0.0
2025-07-19,199,82,0.0,0.0,0.0,0.7632,0.0,0.0
2025-07-19,199,83,0.0,0.0,0.0,0.8804,0.0,0.0
2025-07-19,199,84,0.0,0.0,0.0,0.892,0.0,0.0
2025-07-19,199,85,0.0,0.0,0.0,0.9169,0.0,0.0
2025-07-19,199,86,0.0,0.0,0.0,1.0153,0.0,0.0
2025-07-19,199,87,0.0,0.0,0.0,1.0822,0.0,0.0
2025-07-19,199,88,0.0,0.0,0.0,0.8544,0.0,0.0
2025-07-19,199,89,251.13348333333352,0.0,-251.13348333333352,0.5218,131.04145160333343,65.52072580166671
2025-07-19,199,90,729.1725336419761,358.6570961190622,-370.5154375229139,0.557,406.1491012385807,302.96055188844923
2025-07-19,199,91,329.5284830555554,0.0,-329.5284830555554,0.6209,204.60423512919434,102.30211756459717
2025-07-19,199,92,324.76828333333333,324.7682833333332,-1.1368683772161603e-13,0.5622,182.58472889,182.58472888999998
2025-07-19,199,93,299.71074027777775,128.48741472222218,-171.22332555555556,0.568,170.23570047777775,121.60827601999998
2025-07-19,199,94,349.9492613888888,139.90380694444434,-210.04545444444443,0.5959,208.53476486163882,145.9517217099166
2025-07-19,199,95,424.2795000000001,221.31983333333324,-202.95966666666686,0.6071,257.5800844500001,195.97167763333334
2025-07-19,199,96,373.0953533333331,277.7481674999999,-95.34718583333319,0.6238,232.7368814093332,202.9980941479166
2025-07-19,199,97,396.15333166666665,301.0448950000002,-95.10843666666642,0.6521,258.3315875798333,227.32148180466672
2025-07-19,199,98,510.5274833333333,346.30820833333325,-164.21927500000004,0.6665,340.26656764166665,285.5404942479166
2025-07-19,199,99,521.4644391666666,414.6874341666667,-106.77700499999986,0.6409,334.2065590619166,299.9898678096667
2025-07-19,199,100,449.76117583333337,438.9134308333332,-10.847745000000145,0.6499,292.29978817408335,288.7748134363333
2025-07-19,199,101,422.8578833333335,422.8578833333334,-1.1368683772161603e-13,0.7072,299.0450950933335,299.0450950933335
2025-07-19,199,102,536.6579397222221,522.2483387962941,-14.409600925927975,0.7509,402.97644693741654,397.5663622697769
2025-07-19,199,103,570.9112952777781,534.5052005555556,-36.40609472222252,0.7659,437.26096105325024,423.31924707937515
2025-07-19,199,104,496.1583499999999,496.15834999999987,-5.684341886080802e-14,0.7613,377.72535185499993,377.7253518549999
2025-07-19,199,105,507.47803805555554,507.4780380555556,5.684341886080802e-14,0.7791,395.3761394490833,395.3761394490834
2025-07-19,199,106,571.031542777778,571.031542777778,0.0,0.9398,536.6554439025557,536.6554439025557
2025-07-19,199,107,489.9747006666662,489.9747006666663,1.1368683772161603e-13,1.1657,571.1635085671328,571.163508567133
2025-07-19,199,108,645.1319869444444,645.1319869444443,-1.1368683772161603e-13,1.2367,797.8347282541944,797.8347282541943
2025-07-19,199,109,631.6490055555555,631.6490055555556,1.1368683772161603e-13,1.2282,775.7913086233333,775.7913086233335
2025-07-19,199,110,608.8936940833333,608.8936940833332,-1.1368683772161603e-13,1.2213,743.641868583975,743.641868583975
2025-07-19,199,111,689.6670519444444,689.6670519444446,1.1368683772161603e-13,1.2406,855.6009446422777,855.6009446422779
2025-07-19,199,112,670.7189788888887,670.7189788888888,1.1368683772161603e-13,1.3595,911.8424517994442,911.8424517994445
2025-07-19,199,113,0.0,0.0,0.0,1.4904,0.0,0.0
2025-07-19,199,114,0.0,19.57268166666654,19.57268166666654,1.4647,0.0,43.00216025574972
2025-07-19,199,115,0.0,30.50854416666681,30.50854416666681,1.4742,0.0,67.46354371575032
2025-07-19,199,116,0.0,0.0,0.0,1.5436,0.0,0.0
2025-07-19,199,117,0.0,0.0,0.0,1.5068,0.0,0.0
2025-07-19,199,118,0.0,0.0,0.0,1.4649,0.0,0.0
2025-07-19,199,119,0.0,19.825083333333282,19.825083333333282,1.4777,0.0,43.94328846249988
2025-07-19,199,120,0.0,0.0,0.0,1.4969,0.0,0.0
2025-07-19,199,121,0.0,0.0,0.0,1.4937,0.0,0.0
2025-07-19,199,122,0.0,0.0,0.0,1.515,0.0,0.0
2025-07-19,199,123,0.0,0.0,0.0,1.5795,0.0,0.0
2025-07-19,199,124,220.19806896506964,461.3406837150649,241.1426147499953,1.3392,294.88925395802124,779.2965384678118
2025-07-19,199,125,754.8360106535886,789.0736666666664,34.23765601307787,0.9449,713.2445464665758,761.7712882167117
2025-07-19,199,126,1566.9108691666663,1566.910869166666,-2.2737367544323206e-13,0.9149,1433.566754200583,1433.5667542005829
2025-07-19,199,127,751.9828425,751.9841386194422,0.0012961194422587141,0.8949,672.94944575325,672.9511855991833
2025-07-19,199,128,762.8648333333333,808.9281476954268,46.06331436209348,0.8272,631.0417901333334,688.197150593819
2025-07-19,199,129,29.923131245103924,29.923141574116052,1.0329012127385795e-05,0.9773,29.243876165840064,29.243891307655392
2025-07-19,199,130,780.4689816666667,751.3323189814819,-29.136662685184774,0.8493,662.8523061295,650.4794223202364
2025-07-19,199,131,671.2777499999999,671.2777499999996,-2.2737367544323206e-13,0.4715,316.5074591249999,316.50745912499985
2025-07-19,199,132,1436.2755258333332,1436.2755258333332,0.0,0.4032,579.106292016,579.106292016
2025-07-19,199,133,710.8793799999999,710.8793799999999,0.0,0.4574,325.1562284119999,325.1562284119999
2025-07-19,199,134,1459.0505093409577,1459.0505093409577,0.0,0.4607,672.1845696533792,672.1845696533792
2025-07-19,199,135,1435.7898591666665,1435.7898591666667,2.2737367544323206e-13,0.4408,632.8961699206666,632.8961699206667
2025-07-19,199,136,600.7791133333333,600.7791133333334,1.1368683772161603e-13,0.3976,238.86977546133332,238.86977546133338
2025-07-19,199,137,0.0,0.0,0.0,0.3661,0.0,0.0
2025-07-19,199,138,1336.5238907138487,1336.5238907138487,0.0,0.3978,531.6692037259689,531.6692037259689
2025-07-19,199,139,1428.004755,1428.004755,0.0,0.4375,624.7520803125,624.7520803125
2025-07-19,199,140,1500.84675,1497.2540793852825,-3.5926706147174627,0.4478,672.0791746499999,671.2747756993647
2025-07-19,199,141,1460.5736825,1460.5736824999997,-2.2737367544323206e-13,0.4496,656.673927652,656.6739276519999
2025-07-19,199,142,647.9179383333334,647.9179383333335,1.1368683772161603e-13,0.5116,331.4748172513334,331.4748172513335
2025-07-19,199,143,16.52245833333336,29.985875000000078,13.463416666666717,0.5873,9.703639779166684,21.56423669166673
2025-07-20,200,0,787.4172458333334,787.4172458333334,0.0,0.5575,438.98511455208336,438.98511455208336
2025-07-20,200,1,807.8732425000001,807.8732425000001,0.0,0.5186,418.9630635605,418.9630635605
2025-07-20,200,2,0.0,0.0,0.0,0.5231,0.0,0.0
2025-07-20,200,3,0.0,0.0,0.0,0.5386,0.0,0.0
2025-07-20,200,4,733.6775141666668,733.6775141666668,0.0,0.5855,429.56818454458346,429.56818454458346
2025-07-20,200,5,1549.887147752077,1549.887147752077,0.0,0.613,950.0808215720232,950.0808215720232
2025-07-20,200,6,471.81243592793743,471.81243592793743,0.0,0.5402,254.8730778882718,254.8730778882718
2025-07-20,200,7,0.0,0.0,0.0,0.5024,0.0,0.0
2025-07-20,200,8,0.0,0.0,0.0,0.5357,0.0,0.0
2025-07-20,200,9,674.0839716666667,674.0839716666667,0.0,0.544,366.7016805866667,366.7016805866667
2025-07-20,200,10,0.0,0.0,0.0,0.5189,0.0,0.0
2025-07-20,200,11,0.0,0.0,0.0,0.4876,0.0,0.0
2025-07-20,200,12,699.7704358333333,699.7704358333333,0.0,0.4796,335.60990102566666,335.60990102566666
2025-07-20,200,13,1548.3802974999999,1548.3802974999999,0.0,0.4852,751.274120347,751.274120347
2025-07-20,200,14,741.4536666666667,741.4536666666667,0.0,0.5145,381.47791149999995,381.47791149999995
2025-07-20,200,15,668.0802633333333,668.0802633333333,0.0,0.5763,385.014655759,385.014655759
2025-07-20,200,16,672.3209241666667,672.3209241666667,0.0,0.5627,378.31498402858335,378.31498402858335
2025-07-20,200,17,749.3195000000001,749.3195000000001,0.0,0.4934,369.7142413,369.7142413
2025-07-20,200,18,1561.7055825,1561.7055825,0.0,0.4969,776.01150394425,776.01150394425
2025-07-20,200,19,677.1819891666665,677.1819891666665,0.0,0.51,345.36281447499994,345.36281447499994
2025-07-20,200,20,0.0,0.0,0.0,0.5003,0.0,0.0
2025-07-20,200,21,0.0,0.0,0.0,0.5065,0.0,0.0
2025-07-20,200,22,667.0788158333334,667.0788158333334,0.0,0.5324,355.15276154966665,355.15276154966665
2025-07-20,200,23,1505.5946666666664,1505.5946666666664,0.0,0.549,826.571472,826.571472
2025-07-20,200,24,721.3575325,721.3575325,0.0,0.5242,378.13561853650003,378.13561853650003
2025-07-20,200,25,740.8728016666666,740.8728016666666,0.0,0.504,373.39989204,373.39989204
2025-07-20,200,26,1543.0663333333332,1543.0663333333332,0.0,0.5194,801.4686535333333,801.4686535333333
2025-07-20,200,27,670.3872108333331,670.3872108333331,0.0,0.5508,369.2492757269999,369.2492757269999
2025-07-20,200,28,655.5030391666668,655.5030391666668,0.0,0.5186,339.94387611183333,339.94387611183333
2025-07-20,200,29,1511.6524166666666,1511.6524166666666,0.0,0.4391,663.7665761583332,663.7665761583332
2025-07-20,200,30,1533.716726111111,1533.716726111111,0.0,0.4124,632.5047778482221,632.5047778482221
2025-07-20,200,31,1492.4671555555553,1492.4671555555553,0.0,0.4347,648.7754725199999,648.7754725199999
2025-07-20,200,32,1401.1709999999998,1401.1709999999998,0.0,0.4241,594.2366210999999,594.2366210999999
2025-07-20,200,33,1333.632813611111,1333.632813611111,0.0,0.3497,466.37139491980554,466.37139491980554
2025-07-20,200,34,0.0,0.0,0.0,0.5654,0.0,0.0
2025-07-20,200,35,0.0,0.0,0.0,0.9364,0.0,0.0
2025-07-20,200,36,0.0,0.0,0.0,0.9435,0.0,0.0
2025-07-20,200,37,0.0,0.0,0.0,0.8578,0.0,0.0
2025-07-20,200,38,0.0,0.0,0.0,0.8593,0.0,0.0
2025-07-20,200,39,0.0,0.0,0.0,0.8564,0.0,0.0
2025-07-20,200,40,0.0,0.0,0.0,0.8497,0.0,0.0
2025-07-20,200,41,0.0,0.0,0.0,0.8367,0.0,0.0
2025-07-20,200,42,0.0,0.0,0.0,0.8023,0.0,0.0
2025-07-20,200,43,0.0,0.0,0.0,0.7939,0.0,0.0
2025-07-20,200,44,0.0,112.92492015193902,112.92492015193902,0.7639,0.0,129.39501975609932
2025-07-20,200,45,0.0,0.00407732886552134,0.00407732886552134,0.6605,0.0,0.004039613573515268
2025-07-20,200,46,0.0,0.0,0.0,0.8374,0.0,0.0
2025-07-20,200,47,0.0,0.0,0.0,1.1791,0.0,0.0
2025-07-20,200,48,0.0,0.0,0.0,1.1879,0.0,0.0
2025-07-20,200,49,0.0,0.0,0.0,1.1116,0.0,0.0
2025-07-20,200,50,0.0,0.0,0.0,1.1172,0.0,0.0
2025-07-20,200,51,0.0,0.0,0.0,1.1115,0.0,0.0
2025-07-20,200,52,0.0,0.0,0.0,1.0602,0.0,0.0
2025-07-20,200,53,0.0,0.0,0.0,0.9952,0.0,0.0
2025-07-20,200,54,0.0,0.0,0.0,0.9792,0.0,0.0
2025-07-20,200,55,0.0,0.0,0.0,1.0027,0.0,0.0
2025-07-20,200,56,0.0,0.0,0.0,0.9981,0.0,0.0
2025-07-20,200,57,0.0,0.0,0.0,0.9279,0.0,0.0
2025-07-20,200,58,0.0,0.0,0.0,1.0175,0.0,0.0
2025-07-20,200,59,0.0,0.0,0.0,1.2262,0.0,0.0
2025-07-20,200,60,0.0,0.0,0.0,1.2639,0.0,0.0
2025-07-20,200,61,0.0,0.0,0.0,1.1702,0.0,0.0
2025-07-20,200,62,0.0,0.0,0.0,1.1161,0.0,0.0
2025-07-20,200,63,0.0,0.0,0.0,1.1833,0.0,0.0
2025-07-20,200,64,0.0,0.0,0.0,0.9467,0.0,0.0
2025-07-20,200,65,0.0,0.0,0.0,0.5272,0.0,0.0
2025-07-20,200,66,574.4492711111106,574.4492711111106,0.0,0.5065,290.9585558177775,290.9585558177775
2025-07-20,200,67,643.6726922222224,643.6726922222225,1.1368683772161603e-13,0.6253,402.48853444655566,402.4885344465558
2025-07-20,200,68,798.0785916666664,773.4554166666665,-24.623174999999947,0.6636,529.6049534299998,521.4349839649998
2025-07-20,200,69,493.3255494832554,493.3255494832553,-5.684341886080802e-14,0.6444,317.89898408700975,317.8989840870097
2025-07-20,200,70,19.69683472222232,19.69683472222232,0.0,0.5403,10.64219980041672,10.64219980041672
2025-07-20,200,71,861.2315500000001,238.1750416666663,-623.0565083333338,0.426,366.8846403,234.17360402499992
2025-07-20,200,72,1008.4784108333333,283.94981333333317,-724.5285975000002,0.4342,437.8813259838333,280.5861674665833
2025-07-20,200,73,981.8468216666665,294.7226758333329,-687.1241458333336,0.4618,453.4168622456666,294.75989697274986
2025-07-20,200,74,776.5058416666664,287.2106791666664,-489.29516249999995,0.4376,339.7989563133332,232.74117475833322
2025-07-20,200,75,765.6155241666664,346.02676999999983,-419.5887541666666,0.4257,325.9225286377499,236.61306231337494
2025-07-20,200,76,0.0,0.0,0.0,0.6418,0.0,0.0
2025-07-20,200,77,0.0,0.0,0.0,0.9252,0.0,0.0
2025-07-20,200,78,8.764076388888952,0.0,-8.764076388888952,0.8844,7.750949158333389,3.8754745791666947
2025-07-20,200,79,67.2322977777776,0.0,-67.2322977777776,0.8433,56.69699671599986,28.34849835799993
2025-07-20,200,80,0.0,0.0,0.0,0.9346,0.0,0.0
2025-07-20,200,81,111.06584555555537,0.0,-111.06584555555537,0.9768,108.48911793866648,54.24455896933324
2025-07-20,200,82,0.0,0.0,0.0,1.0292,0.0,0.0
2025-07-20,200,83,0.0,0.0,0.0,1.1317,0.0,0.0
2025-07-20,200,84,0.0,0.0,0.0,1.2317,0.0,0.0
2025-07-20,200,85,0.0,0.0,0.0,1.2486,0.0,0.0
2025-07-20,200,86,0.0,0.0,0.0,1.2442,0.0,0.0
2025-07-20,200,87,0.0,0.0,0.0,1.3142,0.0,0.0
2025-07-20,200,88,0.0,0.0,0.0,1.118,0.0,0.0
2025-07-20,200,89,172.1273333333337,136.582766666667,-35.5445666666667,0.7596,130.74792240000028,117.24809598000027
2025-07-20,200,90,257.0017616666671,149.01761861111106,-107.98414305555605,0.7279,187.07158231716699,147.77075345209735
2025-07-20,200,91,293.2330824999999,247.53227138888894,-45.700811111110966,0.8355,244.99624042874993,225.9047265870833
2025-07-20,200,92,1104.5630108635874,698.7346499999994,-405.82836086358793,0.8799,971.9049932588705,793.3608058969351
2025-07-20,200,93,231.85773749999987,231.85773749999987,0.0,0.8449,195.8966024137499,195.8966024137499
2025-07-20,200,94,288.6901650000001,288.69016500000004,-5.684341886080802e-14,0.8147,235.19587742550007,235.19587742550004
2025-07-20,200,95,592.2410959265372,468.0284351851842,-124.21266074135303,0.8446,500.2068296195534,447.75182298848
2025-07-20,200,96,358.11919472222223,358.11919472222223,0.0,0.9124,326.7479532645556,326.7479532645556
2025-07-20,200,97,416.15520694444456,416.15520694444456,0.0,0.9044,376.37076916055565,376.37076916055565
2025-07-20,200,98,564.873475,564.873475,0.0,0.8601,485.8476758475,485.8476758475
2025-07-20,200,99,587.367153888889,587.3671538888889,-1.1368683772161603e-13,0.9292,545.7815593935557,545.7815593935555
2025-07-20,200,100,560.0879327777777,560.0879327777777,0.0,1.0068,563.8965307206665,563.8965307206665
2025-07-20,200,101,582.4891833333337,582.4891833333337,0.0,1.0245,596.7601683250003,596.7601683250003
2025-07-20,200,102,675.8505891666665,675.8505891666666,1.1368683772161603e-13,1.0197,689.1648457732499,689.1648457732501
2025-07-20,200,103,738.9037000000001,738.9037,-1.1368683772161603e-13,1.0387,767.49927319,767.49927319
2025-07-20,200,104,750.1140749999997,750.1140749999996,-1.1368683772161603e-13,1.0775,808.2479158124996,808.2479158124996
2025-07-20,200,105,772.5466133333335,772.5466133333335,0.0,1.1051,853.7412623946668,853.7412623946668
2025-07-20,200,106,752.8324141666667,752.8324141666667,0.0,1.1841,891.42886161475,891.42886161475
2025-07-20,200,107,585.1162673333329,1520.9436458333332,935.8273785000003,1.2969,758.8372871045993,2579.349077869575
2025-07-20,200,108,753.0549797222225,1562.9253908333335,809.870411111111,1.3552,1020.5401085195558,2666.8446802262224
2025-07-20,200,109,776.3650027777777,1618.4807599999997,842.115757222222,1.4006,1087.3768228905556,2856.5778172387218
2025-07-20,200,110,759.9226440833335,1511.3070104351882,751.3843663518547,1.4118,1072.8587889168502,2664.065461540173
2025-07-20,200,111,844.2859655555555,1667.293045,823.0070794444443,1.3443,1134.9736234963334,2794.526248842083
2025-07-20,200,112,843.6439977777778,1702.078054065832,858.4340562880542,1.4334,1209.2793064146667,3054.998370839612
2025-07-20,200,113,42.55100000000007,100.20400000000006,57.65299999999999,1.6353,69.58365030000012,211.00357665000007
2025-07-20,200,114,67.15170333333344,156.82674916666667,89.67504583333323,1.6616,111.57927025866685,335.0853544936666
2025-07-20,200,115,71.07387000000006,171.1127358333335,100.03886583333343,1.6391,116.49718031700009,362.4577377981253
2025-07-20,200,116,76.83508333333339,130.33574999999996,53.500666666666575,1.6498,126.76252048333342,259.1606202833332
2025-07-20,200,117,104.48189166666668,104.48189166666667,-1.4210854715202004e-14,1.6393,171.27716500916668,171.27716500916668
2025-07-20,200,118,106.96872499999986,106.96872499999985,-1.4210854715202004e-14,1.617,172.9684283249998,172.96842832499976
2025-07-20,200,119,82.37333333333333,189.48541666666665,107.11208333333332,1.6266,133.988464,395.3312361249999
2025-07-20,200,120,89.67702916666667,152.87398833333327,63.1969591666666,1.6887,151.43759915375003,311.5186565708749
2025-07-20,200,121,327.71120896506795,557.460585073676,229.7493761086081,1.6751,548.9490461373854,1126.2288160166795
2025-07-20,200,122,73.94408333333354,88.73625000000004,14.792166666666503,1.6356,120.94294270000033,157.23404439999993
2025-07-20,200,123,108.70455333333337,121.88761750000015,13.183064166666782,1.7018,184.9934088626667,218.645816760917
2025-07-20,200,124,933.9965116666666,973.7702033333334,39.773691666666764,1.4965,1397.7257797091665,1487.0077740779168
2025-07-20,200,125,882.3774166666667,963.6219999999997,81.24458333333303,1.1119,981.1154495916668,1116.6192279041663
2025-07-20,200,126,912.863775,947.6847899999998,34.82101499999976,1.0538,961.9758460950001,1017.0174245054997
2025-07-20,200,127,903.3074423333333,923.3497275000001,20.04228516666683,1.1001,993.7285173109,1026.8012941786753
2025-07-20,200,128,900.0890833333333,910.1552499999999,10.066166666666618,1.1146,1003.2392922833333,1020.0689163333332
2025-07-20,200,129,970.5524033333334,970.5524033333332,-1.1368683772161603e-13,1.1484,1114.5823799880002,1114.582379988
2025-07-20,200,130,892.2477591666666,892.2477591666667,1.1368683772161603e-13,0.9226,823.1877826071666,823.1877826071667
2025-07-20,200,131,742.0374166666664,742.0374166666664,0.0,0.5552,411.97917373333325,411.97917373333325
2025-07-20,200,132,1500.9693591666664,1500.9693591666664,0.0,0.4879,732.3229503374165,732.3229503374165
2025-07-20,200,133,1528.2116391666666,1528.2116391666661,-4.547473508864641e-13,0.5364,819.732723249,819.7327232489998
2025-07-20,200,134,1481.8849999999998,1481.8849999999995,-2.2737367544323206e-13,0.5514,817.1113889999999,817.1113889999998
2025-07-20,200,135,15.019449959129702,15.0194499591297,-1.7763568394002505e-15,0.5661,8.502510621863324,8.502510621863324
2025-07-20,200,136,0.0,0.0,0.0,0.5574,0.0,0.0
2025-07-20,200,137,704.9927499999999,704.99275,1.1368683772161603e-13,0.5402,380.83708354999993,380.83708355000005
2025-07-20,200,138,1484.3049416666663,1484.304941666666,-2.2737367544323206e-13,0.5581,828.3905879441666,828.3905879441666
2025-07-20,200,139,1508.8187575,1508.8187575,0.0,0.5585,842.67527606375,842.67527606375
2025-07-20,200,140,1582.1904166666666,1582.1904166666666,0.0,0.5395,853.5917297916666,853.5917297916666
2025-07-20,200,141,808.3518516666667,808.3518516666664,-2.2737367544323206e-13,0.5511,445.48270545350005,445.4827054535
2025-07-20,200,142,761.6111533333334,761.6111533333334,0.0,0.5509,419.5715843713333,419.5715843713333
2025-07-20,200,143,1482.7039166666666,1482.7039166666666,0.0,0.531,787.31577975,787.31577975
2025-07-21,201,0,831.7051266666667,831.7051266666667,0.0,0.5293,440.2215235446667,440.2215235446667
2025-07-21,201,1,839.3304225,839.3304225,0.0,0.5348,448.87390995300007,448.87390995300007
2025-07-21,201,2,1692.0996774529192,1692.0996774529192,0.0,0.5326,901.2122882114247,901.2122882114247
2025-07-21,201,3,824.7489383333333,824.7489383333333,0.0,0.5218,430.3539960223333,430.3539960223333
2025-07-21,201,4,801.0820591666667,801.0820591666667,0.0,0.5227,418.72559232641674,418.72559232641674
2025-07-21,201,5,802.9352499999998,802.9352499999998,0.0,0.5397,433.34415442499983,433.34415442499983
2025-07-21,201,6,0.0,0.0,0.0,0.5569,0.0,0.0
2025-07-21,201,7,0.0,0.0,0.0,0.562,0.0,0.0
2025-07-21,201,8,54.77444941657772,54.77444941657772,0.0,0.548,30.01639828028459,30.01639828028459
2025-07-21,201,9,0.0,0.0,0.0,0.5228,0.0,0.0
2025-07-21,201,10,0.0,0.0,0.0,0.5293,0.0,0.0
2025-07-21,201,11,742.8443333333332,742.8443333333332,0.0,0.5626,417.9242219333333,417.9242219333333
2025-07-21,201,12,1582.7964891666666,1582.7964891666666,0.0,0.5758,911.3742184621666,911.3742184621666
2025-07-21,201,13,1605.1343874999998,1605.1343874999998,0.0,0.5781,927.9281894137498,927.9281894137498
2025-07-21,201,14,1608.2983333333332,1608.2983333333332,0.0,0.5618,903.5420036666666,903.5420036666666
2025-07-21,201,15,1536.4280425,1536.4280425,0.0,0.5077,780.04451717725,780.04451717725
2025-07-21,201,16,779.3051966128869,779.3051966128869,0.0,0.4783,372.7416755399438,372.7416755399438
2025-07-21,201,17,821.4845833333333,821.4845833333333,0.0,0.4885,401.2952189583333,401.2952189583333
2025-07-21,201,18,815.6321908333334,815.6321908333334,0.0,0.4988,406.83733678766674,406.83733678766674
2025-07-21,201,19,0.0,0.0,0.0,0.5258,0.0,0.0
2025-07-21,201,20,0.0,0.0,0.0,0.5564,0.0,0.0
2025-07-21,201,21,0.0,0.0,0.0,0.5438,0.0,0.0
2025-07-21,201,22,740.2897991666667,740.2897991666667,0.0,0.486,359.78084239500004,359.78084239500004
2025-07-21,201,23,1568.1168333333333,1568.1168333333333,0.0,0.4451,697.9688025166666,697.9688025166666
2025-07-21,201,24,1580.8440658333334,1580.8440658333334,0.0,0.4899,774.45550785175,774.45550785175
2025-07-21,201,25,1606.5417241666667,1606.5417241666667,0.0,0.5144,826.4050629113333,826.4050629113333
2025-07-21,201,26,1617.341,1617.341,0.0,0.495,800.5837949999999,800.5837949999999
2025-07-21,201,27,1578.5995399999997,1578.5995399999997,0.0,0.5035,794.8248683899998,794.8248683899998
2025-07-21,201,28,1534.3080575,1534.3080575,0.0,0.4933,756.8741647647499,756.8741647647499
2025-07-21,201,29,1540.6185833333332,1540.6185833333332,0.0,0.4777,735.9534972583333,735.9534972583333
2025-07-21,201,30,1585.6755463888887,1585.6755463888887,0.0,0.5247,832.00395919025,832.00395919025
2025-07-21,201,31,1553.6206536111108,1553.6206536111108,0.0,0.5575,866.1435143881943,866.1435143881943
2025-07-21,201,32,1438.3572499999998,1438.3572499999998,0.0,0.4983,716.7334176749999,716.7334176749999
2025-07-21,201,33,1356.254219722222,1356.254219722222,0.0,0.3888,527.3116406279999,527.3116406279999
2025-07-21,201,34,567.256596111111,567.256596111111,0.0,0.5796,328.7819231059999,328.7819231059999
2025-07-21,201,35,0.0,0.0,0.0,0.9256,0.0,0.0
2025-07-21,201,36,0.0,0.0,0.0,0.9185,0.0,0.0
2025-07-21,201,37,0.0,0.0,0.0,0.866,0.0,0.0
2025-07-21,201,38,0.0,0.0,0.0,0.8974,0.0,0.0
2025-07-21,201,39,0.0,0.0,0.0,0.8331,0.0,0.0
2025-07-21,201,40,0.0,0.0,0.0,0.8026,0.0,0.0
2025-07-21,201,41,0.0,0.0,0.0,0.8242,0.0,0.0
2025-07-21,201,42,0.0,0.0,0.0,0.7751,0.0,0.0
2025-07-21,201,43,0.0,0.0,0.0,0.7369,0.0,0.0
2025-07-21,201,44,0.0,0.0,0.0,0.7297,0.0,0.0
2025-07-21,201,45,0.0,0.0,0.0,0.7187,0.0,0.0
2025-07-21,201,46,0.0,0.0,0.0,0.8926,0.0,0.0
2025-07-21,201,47,0.0,0.0,0.0,1.1506,0.0,0.0
2025-07-21,201,48,0.0,0.0,0.0,1.1758,0.0,0.0
2025-07-21,201,49,0.0,0.0,0.0,1.1615,0.0,0.0
2025-07-21,201,50,0.0,0.0,0.0,1.1796,0.0,0.0
2025-07-21,201,51,0.0,0.0,0.0,1.1074,0.0,0.0
2025-07-21,201,52,0.0,0.0,0.0,1.051,0.0,0.0
2025-07-21,201,53,0.0,0.0,0.0,1.0507,0.0,0.0
2025-07-21,201,54,0.0,0.0,0.0,1.0404,0.0,0.0
2025-07-21,201,55,0.0,0.0,0.0,1.0338,0.0,0.0
2025-07-21,201,56,0.0,0.0,0.0,1.0248,0.0,0.0
2025-07-21,201,57,0.0,0.0,0.0,0.9961,0.0,0.0
2025-07-21,201,58,0.0,0.0,0.0,1.0401,0.0,0.0
2025-07-21,201,59,0.0,0.0,0.0,1.1298,0.0,0.0
2025-07-21,201,60,0.0,0.0,0.0,1.1376,0.0,0.0
2025-07-21,201,61,0.0,0.0,0.0,1.1256,0.0,0.0
2025-07-21,201,62,0.0,0.0,0.0,1.1426,0.0,0.0
2025-07-21,201,63,0.0,0.0,0.0,1.1318,0.0,0.0
2025-07-21,201,64,0.0,0.0,0.0,0.8793,0.0,0.0
2025-07-21,201,65,0.0,0.0,0.0,0.5354,0.0,0.0
2025-07-21,201,66,710.7167341666664,710.7167341666662,-1.1368683772161603e-13,0.501,356.06908381749986,356.06908381749986
2025-07-21,201,67,758.7628191666665,748.6529377777779,-10.109881388888653,0.5786,439.02016716983326,436.0953784840278
2025-07-21,201,68,900.5999999999997,833.1620833333332,-67.43791666666652,0.5723,515.4133799999998,496.11602014583326
2025-07-21,201,69,956.3252733333331,835.5567455555561,-120.76852777777708,0.4867,465.4435105313333,436.0544892966112
2025-07-21,201,70,880.9663175000001,779.8291777777777,-101.1371397222224,0.4939,435.10926421325,410.1334475588472
2025-07-21,201,71,827.9285166666671,412.3118749999999,-415.6166416666672,0.592,490.1336818666669,367.1111559333334
2025-07-21,201,72,219.95137222221956,219.95137222221953,-2.842170943040401e-14,0.6117,134.54425438833172,134.5442543883317
2025-07-21,201,73,1012.2553911111111,530.8762841666664,-481.37910694444463,0.5723,579.3137603328889,441.56712888073605
2025-07-21,201,74,865.3124583333336,580.9149208333333,-284.3975375000002,0.5274,456.3657905250001,381.37015988625006
2025-07-21,201,75,816.0948905555551,600.5563474999997,-215.53854305555546,0.5349,436.5291569581665,378.88337361795817
2025-07-21,201,76,9.890612777777733,9.890612777777735,1.7763568394002505e-15,0.719,7.11135058722219,7.111350587222192
2025-07-21,201,77,0.0,0.0,0.0,0.9428,0.0,0.0
2025-07-21,201,78,0.0,0.0,0.0,0.9279,0.0,0.0
2025-07-21,201,79,0.0,0.0,0.0,0.9284,0.0,0.0
2025-07-21,201,80,0.0,0.0,0.0,0.9881,0.0,0.0
2025-07-21,201,81,0.0,0.0,0.0,0.9212,0.0,0.0
2025-07-21,201,82,0.0,0.0,0.0,0.9911,0.0,0.0
2025-07-21,201,83,0.0,0.0,0.0,1.1845,0.0,0.0
2025-07-21,201,84,0.0,0.0,0.0,1.2057,0.0,0.0
2025-07-21,201,85,0.0,0.0,0.0,1.1954,0.0,0.0
2025-07-21,201,86,0.0,0.0,0.0,1.2642,0.0,0.0
2025-07-21,201,87,0.0,0.0,0.0,1.33,0.0,0.0
2025-07-21,201,88,0.0,0.0,0.0,1.1292,0.0,0.0
2025-07-21,201,89,1296.6316166666666,1134.1527833333334,-162.4788333333331,0.7864,1019.6711033466665,955.78442608
2025-07-21,201,90,1381.586368888889,1161.6675536111106,-219.91881527777832,0.7172,990.8737437671111,912.0108566084998
2025-07-21,201,91,594.9198686111109,594.919868611111,1.1368683772161603e-13,0.7799,463.97800552980544,463.97800552980556
2025-07-21,201,92,1249.5633361111145,1249.5633361111147,2.2737367544323206e-13,0.8282,1034.888354967225,1034.8883549672253
2025-07-21,201,93,596.1312255555557,596.1312255555556,-1.1368683772161603e-13,0.8585,511.7786571394446,511.7786571394446
2025-07-21,201,94,651.8210577777778,651.8210577777778,0.0,0.8787,572.7551634693334,572.7551634693334
2025-07-21,201,95,740.3435999999999,740.3436000000002,2.2737367544323206e-13,0.9064,671.04743904,671.0474390400003
2025-07-21,201,96,728.4337541666666,728.4337541666666,0.0,0.9519,693.39609059125,693.39609059125
2025-07-21,201,97,753.7424908333335,753.7424908333334,-1.1368683772161603e-13,0.9669,728.7936143867502,728.79361438675
2025-07-21,201,98,834.3558000000003,834.3558000000002,-1.1368683772161603e-13,0.9488,791.6367830400002,791.6367830400002
2025-07-21,201,99,863.7146816666667,863.7146816666667,0.0,0.9486,819.319747029,819.319747029
2025-07-21,201,100,857.7276891666666,857.7276891666666,0.0,0.9851,844.9475465980832,844.9475465980832
2025-07-21,201,101,882.5854166666669,882.5854166666669,0.0,1.038,916.1236625000003,916.1236625000003
2025-07-21,201,102,983.7681483333332,983.7681483333332,0.0,1.0705,1053.1238027908332,1053.1238027908332
2025-07-21,201,103,1007.5281625000005,1007.5281625000005,0.0,1.1003,1108.5832371987506,1108.5832371987506
2025-07-21,201,104,967.7702166666668,967.7702166666667,-1.1368683772161603e-13,1.1328,1096.2901014400002,1096.29010144
2025-07-21,201,105,1014.1555850000002,1014.1555850000001,-1.1368683772161603e-13,1.169,1185.5478788650003,1185.547878865
2025-07-21,201,106,959.5117611111117,959.5117611111117,0.0,1.287,1234.8916365500006,1234.8916365500006
2025-07-21,201,107,719.2875323333333,821.8754791666665,102.58794683333326,1.4056,1011.0305554477333,1227.3269825511331
2025-07-21,201,108,872.9477408333335,872.9477408333336,1.1368683772161603e-13,1.3554,1183.1933679255,1183.1933679255003
2025-07-21,201,109,898.3812258333332,923.9637710031551,25.582545169821856,1.3223,1187.9294949194166,1238.6711941364997
2025-07-21,201,110,859.1007833333333,859.1007833333334,1.1368683772161603e-13,1.3611,1169.322076195,1169.3220761950001
2025-07-21,201,111,884.6618558333332,884.661855833333,-2.2737367544323206e-13,1.3703,1212.2521410484167,1212.2521410484164
2025-07-21,201,112,913.5006708333333,913.5006708333334,1.1368683772161603e-13,1.5019,1371.9866575245833,1371.9866575245835
2025-07-21,201,113,147.73225000000016,205.38525000000004,57.65299999999988,1.6991,251.0118659750003,397.949184425
2025-07-21,201,114,162.40117333333342,252.07621916666653,89.67504583333312,1.7176,278.9402553173335,509.97904340233293
2025-07-21,201,115,149.01726583333334,249.0561316666669,100.03886583333355,1.6565,246.8471008529167,495.41867273229224
2025-07-21,201,116,152.0795833333334,205.58024999999998,53.500666666666575,1.6318,248.16346408333342,379.11704588333316
2025-07-21,201,117,192.12322500000005,192.12322500000002,-2.842170943040401e-14,1.6621,319.3280122725001,319.3280122725
2025-07-21,201,118,198.2874558333332,198.28745583333318,-2.842170943040401e-14,1.6692,330.9814212769998,330.98142127699975
2025-07-21,201,119,165.90783333333331,273.01991666666663,107.11208333333332,1.656,274.74337199999997,540.8097869999999
2025-07-21,201,120,174.30366333333347,237.50062249999996,63.19695916666649,1.6878,294.18972297400023,454.1854644962498
2025-07-21,201,121,469.31695777062293,469.31695777062293,0.0,1.6731,785.2142020460293,785.2142020460293
2025-07-21,201,122,186.27941666666686,201.07158333333336,14.792166666666503,1.6568,308.6277375333337,345.3892301333333
2025-07-21,201,123,215.82237333333342,229.0054375000002,13.183064166666782,1.7317,373.73960390133345,407.98327222745877
2025-07-21,201,124,1032.1818675,1032.1818674999997,-2.2737367544323206e-13,1.5021,1550.44038317175,1550.4403831717498
2025-07-21,201,125,1020.1858333333333,1054.4087499999998,34.22291666666649,1.0871,1109.0440194166665,1164.8496184791663
2025-07-21,201,126,1010.9904442592593,1028.3386566666668,17.34821240740746,1.0357,1047.082803119315,1074.0341185048428
2025-07-21,201,127,1000.0476708333332,1019.8486608333332,19.800989999999956,1.0764,1076.4513128849999,1108.4219913389998
2025-07-21,201,128,1041.4911666666667,1070.2195984027094,28.728431736042694,1.0865,1131.5801525833333,1178.4003142051488
2025-07-21,201,129,998.8711091666664,998.8723881042276,0.001278937561210114,1.1741,1172.774569272583,1172.776821673469
2025-07-21,201,130,963.8055724999999,963.8055724999998,-1.1368683772161603e-13,0.9522,917.7356661345,917.7356661344999
2025-07-21,201,131,1601.60475,1601.6047500000004,4.547473508864641e-13,0.5482,877.99972395,877.9997239500003
2025-07-21,201,132,1533.4946891666664,1578.5686941666663,45.07400499999994,0.5153,790.2098133275831,825.0497654923331
2025-07-21,201,133,1596.0539008333333,1596.0539008333333,0.0,0.5585,891.3961036154167,891.3961036154167
2025-07-21,201,134,830.39925,830.39925,0.0,0.5158,428.31993315000005,428.31993315000005
2025-07-21,201,135,775.4825516666665,835.245896903326,59.76334523665946,0.5351,414.9607133968333,462.929762451038
2025-07-21,201,136,0.0,55.97564250000005,55.97564250000005,0.594,0.0,49.87429746750004
2025-07-21,201,137,0.0,26.58699999999999,26.58699999999999,0.6178,0.0,24.638172899999994
2025-07-21,201,138,394.94018725000086,497.8337222633413,102.89353501334045,0.5606,221.40346897235048,307.92664256506845
2025-07-21,201,139,1289.2076788928603,1289.2076788928603,0.0,0.5137,662.2659846472624,662.2659846472624
2025-07-21,201,140,1594.33225,1594.33225,0.0,0.5212,830.9659687,830.9659687
2025-07-21,201,141,1570.507105,1570.507105,0.0,0.547,859.067386435,859.067386435
2025-07-21,201,142,1575.2635025,1575.2635024999997,-2.2737367544323206e-13,0.5599,881.9900350497498,881.9900350497498
2025-07-21,201,143,1497.3988333333332,1497.3988333333334,2.2737367544323206e-13,0.5442,814.8844451,814.8844451000002
2025-07-22,202,0,848.7817608333335,848.7817608333335,0.0,0.5133,435.67967783575006,435.67967783575006
2025-07-22,202,1,849.5218166666666,849.5218166666666,0.0,0.5388,457.7223548199999,457.7223548199999
2025-07-22,202,2,1681.3803333333333,1681.3803333333333,0.0,0.6044,1016.2262734666667,1016.2262734666667
2025-07-22,202,3,0.0,0.0,0.0,0.617,0.0,0.0
2025-07-22,202,4,0.0,0.0,0.0,0.5876,0.0,0.0
2025-07-22,202,5,1607.9939166666666,1607.9939166666666,0.0,0.5667,911.2501525749999,911.2501525749999
2025-07-22,202,6,769.7217024999999,769.7217024999999,0.0,0.5865,451.44177851624994,451.44177851624994
2025-07-22,202,7,0.0,0.0,0.0,0.561,0.0,0.0
2025-07-22,202,8,0.0,0.0,0.0,0.5113,0.0,0.0
2025-07-22,202,9,0.0,0.0,0.0,0.5405,0.0,0.0
2025-07-22,202,10,713.0528325,713.0528325,0.0,0.5409,385.69027709925007,385.69027709925007
2025-07-22,202,11,779.443,779.443,0.0,0.4885,380.7579055,380.7579055
2025-07-22,202,12,810.4949290309701,810.4949290309701,0.0,0.4694,380.44631968713736,380.44631968713736
2025-07-22,202,13,820.2334458333332,820.2334458333332,0.0,0.4599,377.22536173874994,377.22536173874994
2025-07-22,202,14,0.0,0.0,0.0,0.4434,0.0,0.0
2025-07-22,202,15,710.88144,710.88144,0.0,0.4372,310.797365568,310.797365568
2025-07-22,202,16,1550.4840574999998,1550.4840574999998,0.0,0.4515,700.0435519612499,700.0435519612499
2025-07-22,202,17,1640.60025,1640.60025,0.0,0.4839,793.886460975,793.886460975
2025-07-22,202,18,1643.3989625,1643.3989625,0.0,0.5198,854.2387807075,854.2387807075
2025-07-22,202,19,767.4026974999999,767.4026974999999,0.0,0.5364,411.63480693899993,411.63480693899993
2025-07-22,202,20,0.0,0.0,0.0,0.5252,0.0,0.0
2025-07-22,202,21,722.5394616666667,722.5394616666667,0.0,0.4997,361.05296899483335,361.05296899483335
2025-07-22,202,22,716.2747899999999,716.2747899999999,0.0,0.4978,356.56159046199997,356.56159046199997
2025-07-22,202,23,803.848933181444,803.848933181444,0.0,0.5135,412.77642718867145,412.77642718867145
2025-07-22,202,24,1583.1600966666665,1583.1600966666665,0.0,0.5096,806.7783852613334,806.7783852613334
2025-07-22,202,25,1601.2239858333332,1601.2239858333332,0.0,0.517,827.8328006758334,827.8328006758334
2025-07-22,202,26,1597.7506666666666,1597.7506666666666,0.0,0.5154,823.4806935999999,823.4806935999999
2025-07-22,202,27,757.7071341666666,757.7071341666666,0.0,0.4577,346.8025553080833,346.8025553080833
2025-07-22,202,28,1544.7462858333333,1544.7462858333333,0.0,0.46,710.5832914833334,710.5832914833334
2025-07-22,202,29,1513.9065833333334,1513.9065833333334,0.0,0.5265,797.0718161249999,797.0718161249999
2025-07-22,202,30,1574.409016111111,1574.409016111111,0.0,0.5425,854.1168912402777,854.1168912402777
2025-07-22,202,31,1570.7239238888887,1570.7239238888887,0.0,0.5276,828.7139422437776,828.7139422437776
2025-07-22,202,32,1465.8273666666664,1465.8273666666664,0.0,0.4737,694.3624235899999,694.3624235899999
2025-07-22,202,33,1394.629598611111,1394.629598611111,0.0,0.3953,551.2970803309722,551.2970803309722
2025-07-22,202,34,596.1442163888889,596.1442163888889,0.0,0.6257,373.0074361945278,373.0074361945278
2025-07-22,202,35,0.0,0.0,0.0,0.9894,0.0,0.0
2025-07-22,202,36,0.0,0.0,0.0,0.9514,0.0,0.0
2025-07-22,202,37,0.0,0.0,0.0,0.8757,0.0,0.0
2025-07-22,202,38,0.0,0.0,0.0,0.9295,0.0,0.0
2025-07-22,202,39,0.0,0.0,0.0,0.9136,0.0,0.0
2025-07-22,202,40,0.0,0.0,0.0,0.8696,0.0,0.0
2025-07-22,202,41,0.0,55.87634531796812,55.87634531796812,0.8262,0.0,69.2475547525579
2025-07-22,202,42,0.0,351.93066956142303,351.93066956142303,0.7614,0.0,401.94001770610123
2025-07-22,202,43,0.0,1116.9008308333332,1116.9008308333332,0.7561,0.0,1266.7330772896248
2025-07-22,202,44,0.0,1089.5959166666662,1089.5959166666662,0.7584,0.0,1239.5243147999995
2025-07-22,202,45,943.384886111111,971.7454627777776,28.36057666666659,0.6728,634.7093513755555,663.3308453475554
2025-07-22,202,46,0.0,0.0,0.0,0.8415,0.0,0.0
2025-07-22,202,47,0.0,0.0,0.0,1.1757,0.0,0.0
2025-07-22,202,48,0.0,0.0,0.0,1.1998,0.0,0.0
2025-07-22,202,49,0.0,0.0,0.0,1.0586,0.0,0.0
2025-07-22,202,50,0.0,0.0,0.0,0.9706,0.0,0.0
2025-07-22,202,51,0.0,0.0,0.0,1.0137,0.0,0.0
2025-07-22,202,52,0.0,0.0,0.0,1.0577,0.0,0.0
2025-07-22,202,53,0.0,0.0,0.0,1.0441,0.0,0.0
2025-07-22,202,54,0.0,0.0,0.0,1.0281,0.0,0.0
2025-07-22,202,55,0.0,0.0,0.0,1.0286,0.0,0.0
2025-07-22,202,56,0.0,0.0,0.0,1.0098,0.0,0.0
2025-07-22,202,57,0.0,0.0,0.0,0.9458,0.0,0.0
2025-07-22,202,58,0.0,0.0,0.0,1.0166,0.0,0.0
2025-07-22,202,59,0.0,0.0,0.0,1.1889,0.0,0.0
2025-07-22,202,60,0.0,0.0,0.0,1.2273,0.0,0.0
2025-07-22,202,61,0.0,0.0,0.0,1.1506,0.0,0.0
2025-07-22,202,62,0.0,0.0,0.0,1.1185,0.0,0.0
2025-07-22,202,63,0.0,0.0,0.0,1.2241,0.0,0.0
2025-07-22,202,64,0.0,0.0,0.0,1.0272,0.0,0.0
2025-07-22,202,65,905.2230333333328,913.0903333333331,7.867300000000341,0.6249,565.6738735299997,573.048287185
2025-07-22,202,66,758.8423530555553,1018.6158324999997,259.7734794444443,0.5678,430.8706880649443,652.1197605077775
2025-07-22,202,67,718.8736452777773,973.0257174999999,254.1520722222226,0.552,396.81825219333314,607.2561679933335
2025-07-22,202,68,786.4819583333331,790.4906000000001,4.0086416666670175,0.4596,361.46710804999987,364.23066561500013
2025-07-22,202,69,0.0,0.0,0.0,0.4921,0.0,0.0
2025-07-22,202,70,0.0,150.6963470549088,150.6963470549088,0.5083,0.0,114.89842981201522
2025-07-22,202,71,100.60243811728151,100.60243811728154,2.842170943040401e-14,0.4693,47.212724208440214,47.212724208440235
2025-07-22,202,72,0.0,0.0,0.0,0.4877,0.0,0.0
2025-07-22,202,73,0.0,0.0,0.0,0.5166,0.0,0.0
2025-07-22,202,74,0.0,0.0,0.0,0.5114,0.0,0.0
2025-07-22,202,75,607.751336666666,602.1581186111105,-5.593218055555553,0.5122,311.2902346406663,309.85781149663853
2025-07-22,202,76,0.0,0.0,0.0,0.706,0.0,0.0
2025-07-22,202,77,0.0,0.0,0.0,0.9633,0.0,0.0
2025-07-22,202,78,0.0,0.0,0.0,0.9542,0.0,0.0
2025-07-22,202,79,0.0,0.0,0.0,0.9403,0.0,0.0
2025-07-22,202,80,0.0,0.0,0.0,1.0087,0.0,0.0
2025-07-22,202,81,0.0,0.0,0.0,0.9997,0.0,0.0
2025-07-22,202,82,0.0,0.0,0.0,1.0616,0.0,0.0
2025-07-22,202,83,0.0,0.0,0.0,1.2004,0.0,0.0
2025-07-22,202,84,0.0,0.0,0.0,1.2476,0.0,0.0
2025-07-22,202,85,0.0,0.0,0.0,1.2308,0.0,0.0
2025-07-22,202,86,0.0,0.0,0.0,1.2604,0.0,0.0
2025-07-22,202,87,0.0,0.0,0.0,1.3697,0.0,0.0
2025-07-22,202,88,0.0,0.0,0.0,1.1835,0.0,0.0
2025-07-22,202,89,1045.790964755074,1045.790964755074,0.0,0.7936,829.9397096296266,829.9397096296266
2025-07-22,202,90,1310.795824166667,1124.3941116666665,-186.40171250000049,0.7009,918.7367931584168,853.4123130127917
2025-07-22,202,91,1325.6105877449286,1219.6406025,-105.96998524492847,0.7697,1020.3224693872716,979.5399205657609
2025-07-22,202,92,1292.233033333333,1292.2330333333327,-2.2737367544323206e-13,0.8206,1060.406427153333,1060.4064271533327
2025-07-22,202,93,388.4275775000001,388.42757750000004,-5.684341886080802e-14,0.8171,317.3841735752501,317.38417357525003
2025-07-22,202,94,414.07417999999996,414.0741799999999,-5.684341886080802e-14,0.8034,332.66719621199996,332.6671962119999
2025-07-22,202,95,498.14891666666665,498.1489166666666,-5.684341886080802e-14,0.8085,402.753399125,402.75339912499993
2025-07-22,202,96,513.4261372222222,513.4261372222222,0.0,0.829,425.6302677572222,425.6302677572222
2025-07-22,202,97,551.1548969444444,551.1548969444445,1.1368683772161603e-13,0.8666,477.63083369205555,477.6308336920557
2025-07-22,202,98,655.1438333333331,655.1438333333331,0.0,0.9178,601.291010233333,601.291010233333
2025-07-22,202,99,730.7051805555557,730.7051805555557,0.0,0.9677,707.1034032236113,707.1034032236113
2025-07-22,202,100,757.3307669444443,757.3307669444443,0.0,0.9882,748.3942638944999,748.3942638944999
2025-07-22,202,101,801.396916666667,801.396916666667,0.0,1.0037,804.3620852583338,804.3620852583338
2025-07-22,202,102,915.9127258333332,915.9127258333331,-1.1368683772161603e-13,1.0661,976.4545570109166,976.4545570109166
2025-07-22,202,103,987.597791666667,987.5977916666667,-3.410605131648481e-13,1.1129,1099.0975823458336,1099.0975823458336
2025-07-22,202,104,999.7739666666668,999.7739666666666,-1.1368683772161603e-13,1.1112,1110.94883176,1110.9488317599998
2025-07-22,202,105,1026.4392241666665,1026.4392241666665,0.0,1.1043,1133.49683524725,1133.49683524725
2025-07-22,202,106,988.4503875,988.4503874999998,-2.2737367544323206e-13,1.2001,1186.23931003875,1186.2393100387499
2025-07-22,202,107,801.5701983333337,801.5701983333335,-2.2737367544323206e-13,1.3366,1071.3787270923337,1071.3787270923337
2025-07-22,202,108,838.8621405555557,838.8621405555556,-1.1368683772161603e-13,1.3445,1127.8501479769448,1127.8501479769445
2025-07-22,202,109,911.3953702777779,911.395370277778,1.1368683772161603e-13,1.3597,1239.2242849666945,1239.2242849666948
2025-07-22,202,110,887.6289083333334,887.6289083333335,1.1368683772161603e-13,1.4062,1248.1837708983333,1248.1837708983335
2025-07-22,202,111,919.4804697222221,919.4804697222221,0.0,1.3849,1273.3885025183054,1273.3885025183054
2025-07-22,202,112,939.6762602777776,939.6762602777777,1.1368683772161603e-13,1.457,1369.108311224722,1369.1083112247222
2025-07-22,202,113,160.45125,210.46992907958568,50.018679079585695,1.6087,258.11792587499997,378.81549942799427
2025-07-22,202,114,179.48613166666678,269.1611774999999,89.67504583333312,1.6503,296.2059630895002,518.1920552976246
2025-07-22,202,115,162.7047091666667,262.74357500000013,100.03886583333343,1.6514,268.6905567178334,516.4968312735837
2025-07-22,202,116,156.0697500000001,176.8965833333334,20.826833333333298,1.6578,258.7324315500002,310.5225180000001
2025-07-22,202,117,192.47507916666677,192.47507916666677,0.0,1.6432,316.27505008666685,316.27505008666685
2025-07-22,202,118,191.04722666666672,191.04722666666672,0.0,1.6568,316.5270451413334,316.5270451413334
2025-07-22,202,119,146.21325000000013,253.32533333333345,107.11208333333332,1.6985,248.3432051250002,521.2380154375002
2025-07-22,202,120,150.02418333333333,213.22114249999981,63.19695916666649,1.7059,255.92625434833332,417.63779331195786
2025-07-22,202,121,163.15166416666688,174.97012333333362,11.818459166666742,1.6494,269.1023548765003,298.34240470075054
2025-07-22,202,122,450.2561653817339,450.25616538173387,-5.684341886080802e-14,1.6211,729.9102697003289,729.9102697003287
2025-07-22,202,123,211.17005083333333,224.35311500000012,13.183064166666782,1.6968,358.313342254,391.86687717100034
2025-07-22,202,124,1013.8588466666666,1013.8588466666665,-1.1368683772161603e-13,1.4673,1487.635085714,1487.6350857139998
2025-07-22,202,125,995.6231666666666,1029.8460833333331,34.22291666666649,1.0714,1066.7106607666665,1121.7103101416662
2025-07-22,202,126,1814.6298116666665,1814.629811666667,4.547473508864641e-13,1.0775,1955.263622070833,1955.2636220708337
2025-07-22,202,127,1023.2172666666667,1042.9977528960844,19.78048622941776,1.1078,1133.5200880133332,1166.3893219807567
2025-07-22,202,128,1046.0485833333335,1046.0485833333335,0.0,1.0412,1089.1457849666667,1089.1457849666667
2025-07-22,202,129,298.4076233333336,298.40762436835627,1.035022648920858e-06,1.1082,330.69532817800035,330.6953298985185
2025-07-22,202,130,976.7481875,947.611524814815,-29.136662685185,0.9651,942.65967575625,928.5997791775139
2025-07-22,202,131,782.6434999999999,782.6434999999999,0.0,0.6295,492.6740832499999,492.6740832499999
2025-07-22,202,132,1527.582863333333,1527.582863333333,0.0,0.5121,782.2751843129998,782.2751843129998
2025-07-22,202,133,1560.0307058333333,1560.030705833333,-2.2737367544323206e-13,0.5538,863.9450048905,863.9450048905
2025-07-22,202,134,1530.73425,1530.7342500000002,2.2737367544323206e-13,0.6189,947.371427325,947.3714273250002
2025-07-22,202,135,1582.3119333333334,1582.3119333333334,0.0,0.6329,1001.4452226066668,1001.4452226066668
2025-07-22,202,136,757.1488924999999,757.1488924999998,-1.1368683772161603e-13,0.584,442.1749532199999,442.1749532199999
2025-07-22,202,137,0.0,38.784333333333166,38.784333333333166,0.5387,0.0,31.339680549999862
2025-07-22,202,138,0.0,0.0,0.0,0.5774,0.0,0.0
2025-07-22,202,139,732.0772216666668,732.0772216666669,1.1368683772161603e-13,0.5903,432.14518394983344,432.14518394983355
2025-07-22,202,140,1018.7693903434777,1018.7693903434779,2.2737367544323206e-13,0.5487,558.9987644814662,558.9987644814664
2025-07-22,202,141,1578.4186399999999,1578.41864,2.2737367544323206e-13,0.5365,846.8216003599999,846.8216003600002
2025-07-22,202,142,1572.7978441666664,1572.7978441666664,0.0,0.5657,889.7317404450831,889.7317404450831
2025-07-22,202,143,1489.3756249999997,1489.3756249999997,0.0,0.5774,859.9654858749999,859.9654858749999
2025-07-23,203,0,839.5696516666666,839.5696516666666,0.0,0.5114,429.3559198623333,429.3559198623333
2025-07-23,203,1,844.7769408333334,844.7769408333334,0.0,0.5007,422.97981427525,422.97981427525
2025-07-23,203,2,25.75466666666682,25.75466666666682,0.0,0.5594,14.40716053333342,14.40716053333342
2025-07-23,203,3,829.791395,829.791395,0.0,0.5666,470.15980440699997,470.15980440699997
2025-07-23,203,4,1634.2427241666667,1634.2427241666667,0.0,0.5323,869.9074020739166,869.9074020739166
2025-07-23,203,5,1622.184941988461,1622.184941988461,0.0,0.5066,821.7988916113545,821.7988916113545
2025-07-23,203,6,781.3675141666665,781.3675141666665,0.0,0.5202,406.46738086949995,406.46738086949995
2025-07-23,203,7,0.0,0.0,0.0,0.5096,0.0,0.0
2025-07-23,203,8,0.0,0.0,0.0,0.4882,0.0,0.0
2025-07-23,203,9,0.0,0.0,0.0,0.5306,0.0,0.0
2025-07-23,203,10,751.7312099999999,751.7312099999999,0.0,0.5572,418.86463021199995,418.86463021199995
2025-07-23,203,11,7.474583333333499,7.474583333333499,0.0,0.5433,4.06094112500009,4.06094112500009
2025-07-23,203,12,148.12952622189653,148.12952622189653,0.0,0.5397,79.94550530195755,79.94550530195755
2025-07-23,203,13,799.25839,799.25839,0.0,0.5244,419.13109971599994,419.13109971599994
2025-07-23,203,14,1628.6414166666668,1628.6414166666668,0.0,0.5057,823.6039644083335,823.6039644083335
2025-07-23,203,15,1536.288685,1536.288685,0.0,0.5184,796.412054304,796.412054304
2025-07-23,203,16,1539.8285991666667,1539.8285991666667,0.0,0.5083,782.6948769564166,782.6948769564166
2025-07-23,203,17,797.0433333333333,797.0433333333333,0.0,0.4806,383.059026,383.059026
2025-07-23,203,18,1620.8670008333333,1620.8670008333333,0.0,0.4946,801.6808186121666,801.6808186121666
2025-07-23,203,19,1572.3241583333333,1572.3241583333333,0.0,0.5011,787.8916357408333,787.8916357408333
2025-07-23,203,20,718.3938333333333,718.3938333333333,0.0,0.4887,351.07906635,351.07906635
2025-07-23,203,21,731.2815691666667,731.2815691666667,0.0,0.4961,362.78878646358334,362.78878646358334
2025-07-23,203,22,1565.46974,1565.46974,0.0,0.5015,785.0830746099999,785.0830746099999
2025-07-23,203,23,1572.7970833333331,1572.7970833333331,0.0,0.5083,799.4527574583332,799.4527574583332
2025-07-23,203,24,0.0,0.0,0.0,0.5404,0.0,0.0
2025-07-23,203,25,0.0,0.0,0.0,0.5436,0.0,0.0
2025-07-23,203,26,1610.5764166666665,1610.5764166666665,0.0,0.5172,832.9901226999999,832.9901226999999
2025-07-23,203,27,1569.8604225,1569.8604225,0.0,0.5102,800.9427875595,800.9427875595
2025-07-23,203,28,709.7487008333335,709.7487008333335,0.0,0.4813,341.6020497110834,341.6020497110834
2025-07-23,203,29,1553.5455,1553.5455,0.0,0.4529,703.60075695,703.60075695
2025-07-23,203,30,772.4805611111112,772.4805611111112,0.0,0.4977,384.46357526500003,384.46357526500003
2025-07-23,203,31,1578.3889580555556,1578.3889580555556,0.0,0.5426,856.4338486409445,856.4338486409445
2025-07-23,203,32,1466.5624166666666,1466.5624166666666,0.0,0.5105,748.6801137083332,748.6801137083332
2025-07-23,203,33,1397.0825669444444,1397.0825669444444,0.0,0.4298,600.4660872727222,600.4660872727222
2025-07-23,203,34,618.4836288888887,618.4836288888887,0.0,0.5993,370.65723879311105,370.65723879311105
2025-07-23,203,35,0.0,0.0,0.0,0.9126,0.0,0.0
2025-07-23,203,36,0.0,0.0,0.0,0.9478,0.0,0.0
2025-07-23,203,37,0.0,0.0,0.0,0.8983,0.0,0.0
2025-07-23,203,38,0.0,0.0,0.0,0.8848,0.0,0.0
2025-07-23,203,39,0.0,0.0,0.0,0.833,0.0,0.0
2025-07-23,203,40,0.0,0.0,0.0,0.8134,0.0,0.0
2025-07-23,203,41,0.0,0.0,0.0,0.8443,0.0,0.0
2025-07-23,203,42,1011.7221752080974,344.28227444444434,-667.439900763653,0.8573,867.3494208059018,581.251307343562
2025-07-23,203,43,435.3223047222222,335.5203247222222,-99.80198000000001,0.8048,350.3473908404444,310.18707408844443
2025-07-23,203,44,0.0,0.0,0.0,0.688,0.0,0.0
2025-07-23,203,45,310.1894661111112,0.0,-310.1894661111112,0.6073,188.37806276927782,94.18903138463891
2025-07-23,203,46,0.0,0.0,0.0,0.864,0.0,0.0
2025-07-23,203,47,0.0,0.0,0.0,1.2469,0.0,0.0
2025-07-23,203,48,0.0,0.0,0.0,1.2152,0.0,0.0
2025-07-23,203,49,0.0,0.0,0.0,1.1356,0.0,0.0
2025-07-23,203,50,0.0,0.0,0.0,1.1758,0.0,0.0
2025-07-23,203,51,0.0,0.0,0.0,1.1361,0.0,0.0
2025-07-23,203,52,0.0,0.0,0.0,1.0729,0.0,0.0
2025-07-23,203,53,0.0,0.0,0.0,1.0542,0.0,0.0
2025-07-23,203,54,0.0,0.0,0.0,1.0729,0.0,0.0
2025-07-23,203,55,0.0,0.0,0.0,1.0559,0.0,0.0
2025-07-23,203,56,0.0,0.0,0.0,0.982,0.0,0.0
2025-07-23,203,57,0.0,0.0,0.0,0.9188,0.0,0.0
2025-07-23,203,58,0.0,0.0,0.0,1.009,0.0,0.0
2025-07-23,203,59,0.0,0.0,0.0,1.1922,0.0,0.0
2025-07-23,203,60,0.0,0.0,0.0,1.2423,0.0,0.0
2025-07-23,203,61,0.0,0.0,0.0,1.1576,0.0,0.0
2025-07-23,203,62,0.0,0.0,0.0,1.0931,0.0,0.0
2025-07-23,203,63,0.0,0.0,0.0,1.1614,0.0,0.0
2025-07-23,203,64,0.0,0.0,0.0,0.9406,0.0,0.0
2025-07-23,203,65,957.5077166666663,0.0,-957.5077166666663,0.5505,527.1079980249998,263.5539990124999
2025-07-23,203,66,869.8009161111111,761.5025761111112,-108.29833999999983,0.5618,488.65415467122216,458.23315096522225
2025-07-23,203,67,880.7920188888886,741.5411688888887,-139.2508499999999,0.6567,578.4161188043331,532.6931022068331
2025-07-23,203,68,978.2564083333332,641.8923666666672,-336.364041666666,0.6281,614.4428500741666,508.8077227887501
2025-07-23,203,69,992.8422144444442,555.3990869444444,-437.4431274999997,0.5885,584.2876432005554,455.5700029336805
2025-07-23,203,70,898.9286505555554,555.462392222222,-343.46625833333337,0.5705,512.8387951419444,414.865044952361
2025-07-23,203,71,845.9317666666668,452.9540833333331,-392.97768333333374,0.5465,462.3017104833334,354.92055851249995
2025-07-23,203,72,505.9344209647424,279.97988693011325,-225.95453403462915,0.4789,242.29199420001513,188.1871810254232
2025-07-23,203,73,133.97576333333336,0.0,-133.97576333333336,0.4321,57.89092733633334,28.94546366816667
2025-07-23,203,74,762.4993666666664,412.09569166666665,-350.4036749999998,0.4363,332.6784736766666,256.23791197541664
2025-07-23,203,75,760.7655041666665,449.672458333333,-311.09304583333346,0.4816,366.38466680666653,291.4734613699998
2025-07-23,203,76,815.3839925,0.0,-815.3839925,0.6333,516.38268245025,258.191341225125
2025-07-23,203,77,0.0,0.0,0.0,0.8261,0.0,0.0
2025-07-23,203,78,66.35257194444443,0.0,-66.35257194444443,0.9044,60.00926606655555,30.004633033277774
2025-07-23,203,79,150.09317888888881,0.0,-150.09317888888881,0.9457,141.94311927522216,70.97155963761108
2025-07-23,203,80,210.24141666666674,0.0,-210.24141666666674,0.9821,206.4780953083334,103.2390476541667
2025-07-23,203,81,237.31562527777737,0.0,-237.31562527777737,0.9796,232.4743865221107,116.23719326105535
2025-07-23,203,82,0.0,0.0,0.0,1.0568,0.0,0.0
2025-07-23,203,83,0.0,0.0,0.0,1.1978,0.0,0.0
2025-07-23,203,84,0.0,0.0,0.0,1.2532,0.0,0.0
2025-07-23,203,85,0.0,0.0,0.0,1.2419,0.0,0.0
2025-07-23,203,86,0.0,0.0,0.0,1.2744,0.0,0.0
2025-07-23,203,87,0.0,0.0,0.0,1.3863,0.0,0.0
2025-07-23,203,88,0.0,0.0,0.0,1.1525,0.0,0.0
2025-07-23,203,89,1272.5615052469132,335.4504000000003,-937.1111052469129,0.716,911.1540377567898,575.668262078395
2025-07-23,203,90,1559.4836783333335,1168.133590833333,-391.3500875000004,0.6861,1069.9617517045,935.709104187625
2025-07-23,203,91,1601.4462774999997,908.6135796604933,-692.8326978395064,0.8144,1304.217848396,1022.0963738357527
2025-07-23,203,92,1632.4239333333333,655.9641249999999,-976.4598083333334,0.854,1394.0900390666666,977.1417009083332
2025-07-23,203,93,743.9139716666668,623.9716683333336,-119.94230333333326,0.8196,609.7118911780001,560.5595352720002
2025-07-23,203,94,762.7879591666668,606.9961491666668,-155.79181000000005,0.8674,661.6422757811667,594.0753677841668
2025-07-23,203,95,841.5027500000001,695.7693499999999,-145.7334000000002,0.9534,802.2887218500001,732.81761007
2025-07-23,203,96,803.3467955555556,759.0806402777779,-44.26615527777767,0.8976,721.0840836906666,701.217433202
2025-07-23,203,97,97.50689861111107,97.50689861111107,0.0,0.8938,87.15166597861108,87.15166597861108
2025-07-23,203,98,955.981525,830.5528083333331,-125.4287166666669,0.9798,936.670698195,875.2231698999999
2025-07-23,203,99,1754.4028713888888,1624.5238083641977,-129.87906302469105,0.9981,1751.06950593325,1686.2533595307777
2025-07-23,203,100,873.0097361111114,873.0097361111114,0.0,1.0179,888.6366103875002,888.6366103875002
2025-07-23,203,101,915.4514666666669,915.4514666666669,0.0,1.0634,973.4910896533335,973.4910896533335
2025-07-23,203,102,1016.6463427777778,1016.6463427777779,1.1368683772161603e-13,1.0825,1100.5196660569445,1100.5196660569447
2025-07-23,203,103,1042.868838888889,1042.868838888889,0.0,1.1282,1176.5646240344447,1176.5646240344447
2025-07-23,203,104,1011.4544750000002,1011.4544750000001,-1.1368683772161603e-13,1.1592,1172.4780274200002,1172.4780274200002
2025-07-23,203,105,1036.080263611111,1036.080263611111,0.0,1.0953,1134.8187127332496,1134.8187127332496
2025-07-23,203,106,946.0349808333341,946.0349808333342,1.1368683772161603e-13,1.1738,1110.4558605021675,1110.4558605021678
2025-07-23,203,107,766.3475333333332,766.347533333333,-2.2737367544323206e-13,1.3595,1041.8494715666664,1041.8494715666664
2025-07-23,203,108,816.1010327777778,816.1010327777778,0.0,1.3743,1121.5676493465,1121.5676493465
2025-07-23,203,109,881.7695771388891,881.769577138889,-1.1368683772161603e-13,1.3714,1209.2587980882724,1209.2587980882722
2025-07-23,203,110,916.5896833333334,916.5896833333335,1.1368683772161603e-13,1.3947,1278.367631345,1278.3676313450003
2025-07-23,203,111,934.0409794444444,934.0409794444442,-1.1368683772161603e-13,1.3481,1259.1806443890555,1259.1806443890553
2025-07-23,203,112,910.382637222222,910.3826372222221,1.1368683772161603e-13,1.4451,1315.593949049833,1315.5939490498333
2025-07-23,203,113,149.23574999999997,206.88874999999985,57.65299999999988,1.6455,245.56742662499994,387.86944387499966
2025-07-23,203,114,147.9653441666668,237.64039000000002,89.67504583333323,1.6716,247.33886930900022,472.19007923149996
2025-07-23,203,115,435.29653018729016,435.2965301872901,-5.684341886080802e-14,1.6252,707.443920860384,707.4439208603839
2025-07-23,203,116,164.46191666666687,208.49626920650084,44.034352539833975,1.6336,268.664987066667,376.56676453027615
2025-07-23,203,117,189.56479750000005,189.56479750000005,0.0,1.7113,324.4022379617501,324.4022379617501
2025-07-23,203,118,194.40184250000007,194.40184250000007,0.0,1.7196,334.29340836300014,334.29340836300014
2025-07-23,203,119,186.22366666666676,293.33574999999996,107.1120833333332,1.6623,309.5596011000002,576.6382252874998
2025-07-23,203,120,203.98443916666656,267.18139833333316,63.1969591666666,1.6698,340.6132165204998,498.9026401452496
2025-07-23,203,121,202.0326158333334,213.85107500000015,11.818459166666742,1.666,336.58633797833346,366.12066743583364
2025-07-23,203,122,182.03566666666677,196.82783333333327,14.792166666666503,1.6528,300.86854986666685,337.54128946666646
2025-07-23,203,123,180.73725583333328,193.92031999999995,13.183064166666668,1.672,302.19269175333324,335.25581668333325
2025-07-23,203,124,982.3213008333333,982.3213008333332,-1.1368683772161603e-13,1.4232,1398.039675346,1398.039675346
2025-07-23,203,125,1765.4283333333333,1765.4283333333335,2.2737367544323206e-13,1.055,1862.5268916666664,1862.5268916666669
2025-07-23,203,126,1079.2342350000004,1079.2342350000004,0.0,1.0465,1129.4186269275003,1129.4186269275003
2025-07-23,203,127,980.7324316666666,1007.0785855768409,26.34615391017428,1.074,1053.30663161,1095.750285559291
2025-07-23,203,128,988.0781666666667,998.1443333333333,10.066166666666618,1.0393,1026.9096386166666,1042.6022891416665
2025-07-23,203,129,223.2321033333335,277.9482791043742,54.716175771040696,1.1243,250.97985377766688,343.25594840673847
2025-07-23,203,130,972.3586466666667,972.3586466666666,-1.1368683772161603e-13,0.931,905.2659000466667,905.2659000466666
2025-07-23,203,131,812.3617499999999,812.3617499999999,0.0,0.5521,448.504922175,448.504922175
2025-07-23,203,132,1561.1675041666665,1561.1675041666663,-2.2737367544323206e-13,0.5202,812.1193356674999,812.1193356674999
2025-07-23,203,133,785.8626475000001,785.8626475000001,0.0,0.5775,453.8356789312501,453.8356789312501
2025-07-23,203,134,851.0172500000001,851.0172500000001,0.0,0.543,462.1023667500001,462.1023667500001
2025-07-23,203,135,801.3390858333333,801.3390858333335,1.1368683772161603e-13,0.5068,406.1186487003334,406.1186487003335
2025-07-23,203,136,780.9672325,780.9672325000001,1.1368683772161603e-13,0.5176,404.228639542,404.2286395420001
2025-07-23,203,137,802.9694166666667,802.9694166666667,0.0,0.5296,425.25260306666667,425.25260306666667
2025-07-23,203,138,768.0465908333332,768.0465908333331,-1.1368683772161603e-13,0.473,363.2860374641666,363.28603746416655
2025-07-23,203,139,1577.0557508333331,1577.0557508333331,0.0,0.4939,778.9078353365833,778.9078353365833
2025-07-23,203,140,1628.136083333333,1628.1360833333333,2.2737367544323206e-13,0.5762,938.1320112166666,938.1320112166668
2025-07-23,203,141,1470.7099423187865,1470.7099423187867,2.2737367544323206e-13,0.5563,818.155940911941,818.1559409119412
2025-07-23,203,142,845.3558666666668,845.3558666666668,0.0,0.5438,459.70452029333336,459.70452029333336
2025-07-23,203,143,1479.4957083333331,1479.4957083333334,2.2737367544323206e-13,0.5748,850.4141331499999,850.4141331500001
2025-07-24,204,0,6.366060000000061,6.366060000000061,0.0,0.5649,3.5961872940000346,3.5961872940000346
2025-07-24,204,1,60.34771183278247,60.34771183278247,0.0,0.524,31.622201000378016,31.622201000378016
2025-07-24,204,2,861.6375000000002,861.6375000000002,0.0,0.505,435.1269375000001,435.1269375000001
2025-07-24,204,3,816.0130891666666,816.0130891666666,0.0,0.5488,447.8279833346666,447.8279833346666
2025-07-24,204,4,793.5288641666666,793.5288641666666,0.0,0.579,459.4532123524999,459.4532123524999
2025-07-24,204,5,1634.1846666666665,1634.1846666666665,0.0,0.5512,900.7625882666666,900.7625882666666
2025-07-24,204,6,798.7600474999999,798.7600474999999,0.0,0.4982,397.94225566449995,397.94225566449995
2025-07-24,204,7,0.0,0.0,0.0,0.5095,0.0,0.0
2025-07-24,204,8,0.0,0.0,0.0,0.5567,0.0,0.0
2025-07-24,204,9,0.0,0.0,0.0,0.5265,0.0,0.0
2025-07-24,204,10,728.2268199999999,728.2268199999999,0.0,0.4905,357.1952552099999,357.1952552099999
2025-07-24,204,11,1588.0580833333333,1588.0580833333333,0.0,0.5071,805.3042540583333,805.3042540583333
2025-07-24,204,12,1587.9142275,1587.9142275,0.0,0.5578,885.7385560994999,885.7385560994999
2025-07-24,204,13,1601.514513333333,1601.514513333333,0.0,0.564,903.2541855199997,903.2541855199997
2025-07-24,204,14,1610.6844166666665,1610.6844166666665,0.0,0.5266,848.1864138166665,848.1864138166665
2025-07-24,204,15,1545.098200833333,1545.098200833333,0.0,0.5113,790.0087100860832,790.0087100860832
2025-07-24,204,16,1552.7388775,1552.7388775,0.0,0.4719,732.73747629225,732.73747629225
2025-07-24,204,17,795.9255833333333,795.9255833333333,0.0,0.4441,353.4705515583333,353.4705515583333
2025-07-24,204,18,1627.8998816666667,1627.8998816666667,0.0,0.5166,840.9730788689999,840.9730788689999
2025-07-24,204,19,741.27674,741.27674,0.0,0.5515,408.81412211,408.81412211
2025-07-24,204,20,0.0,0.0,0.0,0.5093,0.0,0.0
2025-07-24,204,21,0.0,0.0,0.0,0.4837,0.0,0.0
2025-07-24,204,22,0.0,0.0,0.0,0.4796,0.0,0.0
2025-07-24,204,23,1575.0148333333332,1575.0148333333332,0.0,0.5021,790.8149478166665,790.8149478166665
2025-07-24,204,24,1606.5938291666666,1606.5938291666666,0.0,0.5478,880.0920996174999,880.0920996174999
2025-07-24,204,25,1628.6685966666666,1628.6685966666666,0.0,0.494,804.5622867533333,804.5622867533333
2025-07-24,204,26,1613.2134166666665,1613.2134166666665,0.0,0.4138,667.5477118166666,667.5477118166666
2025-07-24,204,27,736.896965,736.896965,0.0,0.5046,371.83820853900005,371.83820853900005
2025-07-24,204,28,0.0,0.0,0.0,0.5675,0.0,0.0
2025-07-24,204,29,759.6874829102094,759.6874829102094,0.0,0.5248,398.6839910312779,398.6839910312779
2025-07-24,204,30,1584.3673108333332,1584.3673108333332,0.0,0.4962,786.1630596355,786.1630596355
2025-07-24,204,31,1536.5473375,1536.5473375,0.0,0.4993,767.19808561375,767.19808561375
2025-07-24,204,32,1463.9791916666663,1463.9791916666663,0.0,0.4904,717.9353955933332,717.9353955933332
2025-07-24,204,33,1398.2848233333332,1398.2848233333332,0.0,0.4612,644.8889605213333,644.8889605213333
2025-07-24,204,34,593.4348533333333,593.4348533333333,0.0,0.6551,388.75917241866665,388.75917241866665
2025-07-24,204,35,0.0,0.0,0.0,0.9333,0.0,0.0
2025-07-24,204,36,0.0,0.0,0.0,0.8958,0.0,0.0
2025-07-24,204,37,0.0,0.0,0.0,0.861,0.0,0.0
2025-07-24,204,38,0.0,0.0,0.0,0.9267,0.0,0.0
2025-07-24,204,39,0.0,0.0,0.0,0.8724,0.0,0.0
2025-07-24,204,40,0.0,0.0,0.0,0.8193,0.0,0.0
2025-07-24,204,41,0.0,0.0,0.0,0.8116,0.0,0.0
2025-07-24,204,42,0.0,0.0,0.0,0.7639,0.0,0.0
2025-07-24,204,43,0.0,0.0,0.0,0.733,0.0,0.0
2025-07-24,204,44,0.0,0.0,0.0,0.7006,0.0,0.0
2025-07-24,204,45,0.0,0.0,0.0,0.6336,0.0,0.0
2025-07-24,204,46,0.0,0.0,0.0,0.8639,0.0,0.0
2025-07-24,204,47,0.0,0.0,0.0,1.2249,0.0,0.0
2025-07-24,204,48,0.0,0.0,0.0,1.1775,0.0,0.0
2025-07-24,204,49,0.0,0.0,0.0,1.04,0.0,0.0
2025-07-24,204,50,0.0,0.0,0.0,1.0283,0.0,0.0
2025-07-24,204,51,0.0,0.0,0.0,1.0479,0.0,0.0
2025-07-24,204,52,0.0,0.0,0.0,1.0554,0.0,0.0
2025-07-24,204,53,0.0,0.0,0.0,1.0402,0.0,0.0
2025-07-24,204,54,0.0,0.0,0.0,1.0135,0.0,0.0
2025-07-24,204,55,0.0,0.0,0.0,1.0035,0.0,0.0
2025-07-24,204,56,0.0,0.0,0.0,0.9668,0.0,0.0
2025-07-24,204,57,0.0,0.0,0.0,0.861,0.0,0.0
2025-07-24,204,58,0.0,0.0,0.0,0.933,0.0,0.0
2025-07-24,204,59,0.0,0.0,0.0,1.1426,0.0,0.0
2025-07-24,204,60,0.0,0.0,0.0,1.1903,0.0,0.0
2025-07-24,204,61,0.0,0.0,0.0,1.1735,0.0,0.0
2025-07-24,204,62,0.0,0.0,0.0,1.2007,0.0,0.0
2025-07-24,204,63,0.0,0.0,0.0,1.2212,0.0,0.0
2025-07-24,204,64,0.0,0.0,0.0,0.9406,0.0,0.0
2025-07-24,204,65,828.0311999999997,741.5868833333327,-86.44431666666696,0.5313,439.9329765599998,416.9690438374997
2025-07-24,204,66,790.6722622222221,790.6722622222221,0.0,0.4956,391.85717315733325,391.85717315733325
2025-07-24,204,67,821.6946919444442,777.2040641666665,-44.49062777777772,0.5615,461.38156952680544,448.8908257781943
2025-07-24,204,68,915.3080666666663,629.6527337022399,-285.6553329644264,0.5393,493.6256403533331,416.59867981947554
2025-07-24,204,69,14.178815749997838,0.0,-14.178815749997838,0.5107,7.241121203523897,3.6205606017619485
2025-07-24,204,70,858.9189144444445,543.6487366666665,-315.2701777777779,0.5136,441.1407544586666,360.1793728053333
2025-07-24,204,71,789.5314333333336,417.2761250000001,-372.25530833333346,0.5217,411.89854877000016,314.7957515912501
2025-07-24,204,72,980.972476666667,477.1027347222223,-503.86974194444474,0.49,480.6765135666668,357.22842679027787
2025-07-24,204,73,212.70889000000034,0.0,-212.70889000000034,0.492,104.65277388000017,52.326386940000084
2025-07-24,204,74,927.6199749999998,598.6989791666665,-328.92099583333334,0.5264,488.2991548399999,401.72714873666655
2025-07-24,204,75,935.7017349999994,646.3448030555553,-289.3569319444441,0.5442,509.2088841869997,430.4748630049164
2025-07-24,204,76,996.1210483333332,708.7685105469828,-287.35253778635035,0.7137,710.9315921954999,608.3898390864408
2025-07-24,204,77,229.7551833333331,0.0,-229.7551833333331,0.9623,221.09341292166644,110.54670646083322
2025-07-24,204,78,0.0,0.0,0.0,1.0202,0.0,0.0
2025-07-24,204,79,391.92118527777757,0.0,-391.92118527777757,1.0091,395.48766806380536,197.74383403190268
2025-07-24,204,80,435.36012500000015,0.0,-435.36012500000015,1.0066,438.23350182500013,219.11675091250007
2025-07-24,204,81,429.418584722222,0.0,-429.418584722222,0.9896,424.95263144111095,212.47631572055548
2025-07-24,204,82,0.0,0.0,0.0,1.1001,0.0,0.0
2025-07-24,204,83,0.0,0.0,0.0,1.271,0.0,0.0
2025-07-24,204,84,0.0,0.0,0.0,1.2739,0.0,0.0
2025-07-24,204,85,0.0,0.0,0.0,1.2385,0.0,0.0
2025-07-24,204,86,0.0,0.0,0.0,1.2972,0.0,0.0
2025-07-24,204,87,0.0,0.0,0.0,1.4054,0.0,0.0
2025-07-24,204,88,0.0,0.0,0.0,1.1957,0.0,0.0
2025-07-24,204,89,1400.005466666667,412.4279277777765,-987.5775388888904,0.8062,1128.684407226667,730.5919013005553
2025-07-24,204,90,1454.275753888889,1170.294524722222,-283.98122916666716,0.7674,1116.0112135343334,1007.0476159030833
2025-07-24,204,91,1506.7677652777775,1299.9547819444442,-206.81298333333325,0.8464,1275.3282365311109,1187.804981984444
2025-07-24,204,92,1533.1061583333333,1468.2004583333332,-64.90570000000002,0.8537,1308.8127273691666,1281.1077293241665
2025-07-24,204,93,1387.975402777779,616.3232022222223,-771.6522005555566,0.8437,1171.0348473236122,845.5133665192507
2025-07-24,204,94,691.5795219444445,584.8604036111112,-106.71911833333331,0.8814,609.5581906418333,562.5270751923334
2025-07-24,204,95,751.0804333333335,639.8456833333332,-111.2347500000003,0.9412,706.9169038533336,654.5698305033335
2025-07-24,204,96,746.3800683333333,730.7645075,-15.615560833333234,0.9504,709.359616944,701.9391024360001
2025-07-24,204,97,818.265865,790.8957616666669,-27.370103333333077,0.9991,817.5294257214999,803.8566906013334
2025-07-24,204,98,934.2449666666666,825.770733333333,-108.47423333333359,1.0603,990.5799381566667,933.0723233549999
2025-07-24,204,99,943.8594699999999,880.8342150000001,-63.02525499999979,1.0218,964.435606446,932.2360036665
2025-07-24,204,100,924.7151549999999,924.7151549999999,0.0,1.054,974.6497733699999,974.6497733699999
2025-07-24,204,101,961.7834166666669,961.7834166666669,0.0,1.1355,1092.1050696250002,1092.1050696250002
2025-07-24,204,102,1041.9041577777775,1041.9041577777775,0.0,1.073,1117.9631612955552,1117.9631612955552
2025-07-24,204,103,1044.7107222222226,1044.7107222222226,0.0,1.0346,1080.8577132111113,1080.8577132111113
2025-07-24,204,104,1007.0784249999998,1007.078425,2.2737367544323206e-13,1.0671,1074.6533873174997,1074.6533873175001
2025-07-24,204,105,1043.0493969444444,1043.0493969444444,0.0,1.0717,1117.8360387053613,1117.8360387053613
2025-07-24,204,106,989.5629380555561,989.5629380555561,0.0,1.21,1197.3711550472228,1197.3711550472228
2025-07-24,204,107,787.3258166666666,787.3258166666666,0.0,1.3875,1092.414570625,1092.414570625
2025-07-24,204,108,800.1040597222232,800.104059722223,-1.1368683772161603e-13,1.3316,1065.4185659261123,1065.418565926112
2025-07-24,204,109,903.6302361111111,903.6302361111112,1.1368683772161603e-13,1.3314,1203.0932963583332,1203.0932963583334
2025-07-24,204,110,938.9298000000001,938.9298,-1.1368683772161603e-13,1.428,1340.7917544000002,1340.7917544
2025-07-24,204,111,929.2503705555554,929.2503705555552,-2.2737367544323206e-13,1.3931,1294.5386912209442,1294.5386912209442
2025-07-24,204,112,925.6815327777776,925.6815327777775,-1.1368683772161603e-13,1.4737,1364.176874854611,1364.1768748546108
2025-07-24,204,113,129.2955000000001,143.85431666666668,14.558816666666587,1.6568,214.21678440000017,250.39835557999996
2025-07-24,204,114,174.00995333333356,186.38521416666686,12.3752608333333,1.6599,288.83912153800037,319.6516647238753
2025-07-24,204,115,169.69156583333336,169.69156583333336,0.0,1.6477,279.6007930235834,279.6007930235834
2025-07-24,204,116,148.88958333333346,148.88958333333346,0.0,1.6873,251.22139395833355,251.22139395833355
2025-07-24,204,117,191.79365833333327,191.79365833333327,0.0,1.672,320.67899673333324,320.67899673333324
2025-07-24,204,118,195.23213416666673,195.23213416666675,2.842170943040401e-14,1.6503,322.19159101525014,322.1915910152502
2025-07-24,204,119,149.5355833333333,149.53573970074882,0.0001563674155136141,1.6603,248.2739290083333,248.27431843356328
2025-07-24,204,120,172.63625250000007,172.63625250000007,0.0,1.6793,289.90805882325014,289.90805882325014
2025-07-24,204,121,190.33725666666663,190.3372566666666,-2.842170943040401e-14,1.6523,314.4942491903333,314.4942491903333
2025-07-24,204,122,461.6006453817346,461.60064538173464,5.684341886080802e-14,1.6418,757.8559395877318,757.8559395877319
2025-07-24,204,123,211.03829583333322,211.03829583333322,0.0,1.7129,361.4874969329165,361.4874969329165
2025-07-24,204,124,1011.2131766666668,1011.2131766666668,0.0,1.4689,1485.3710352056669,1485.3710352056669
2025-07-24,204,125,1053.681037656258,1053.681037656258,0.0,1.0532,1109.736868859571,1109.736868859571
2025-07-24,204,126,1833.8961816666665,1833.8961816666665,0.0,1.0334,1895.1483141343333,1895.1483141343333
2025-07-24,204,127,1013.2606283333331,1013.2606283333332,1.1368683772161603e-13,1.0645,1078.615938860833,1078.6159388608332
2025-07-24,204,128,174.47019194270118,174.47019194270118,0.0,1.0225,178.39577126141194,178.39577126141194
2025-07-24,204,129,1066.7597099999998,1023.3294766666666,-43.43023333333326,1.0957,1168.8486142469997,1145.055360915333
2025-07-24,204,130,967.9541666666667,925.2410225,-42.713144166666666,0.9216,892.06656,872.384343168
2025-07-24,204,131,1591.1339166666667,1587.7991666666667,-3.3347499999999854,0.5871,934.154722475,933.1758066125
2025-07-24,204,132,1557.7428708333332,1557.741213053147,-0.0016577801861785701,0.5801,903.6466393704166,903.6461585312736
2025-07-24,204,133,1620.5899033333333,859.9615786373835,-760.6283246959498,0.636,1030.69517852,788.815371266688
2025-07-24,204,134,830.8789999999997,830.8789999999997,0.0,0.5835,484.81789649999985,484.81789649999985
2025-07-24,204,135,756.1837824999999,756.1837824999999,0.0,0.5286,399.7187474294999,399.7187474294999
2025-07-24,204,136,0.0,61.12553500000001,61.12553500000001,0.5331,0.0,48.87903406275001
2025-07-24,204,137,807.3131666666667,807.3131666666669,2.2737367544323206e-13,0.5608,452.74122386666664,452.7412238666668
2025-07-24,204,138,792.9661681212558,792.9661681212558,0.0,0.5337,423.2060439263142,423.2060439263142
2025-07-24,204,139,1556.4721266666666,1555.1733116666665,-1.2988150000001042,0.5352,833.023882192,832.676319298
2025-07-24,204,140,1613.1163333333332,1557.8271666666665,-55.28916666666669,0.5612,905.2808862666666,889.7667461
2025-07-24,204,141,802.1955166666667,802.1955166666668,1.1368683772161603e-13,0.5135,411.9273978083333,411.9273978083334
2025-07-24,204,142,857.5568283333334,857.5568283333336,1.1368683772161603e-13,0.4346,372.69419759366673,372.6941975936668
2025-07-24,204,143,1384.680583333333,1384.6805833333335,4.547473508864641e-13,0.4014,555.8107861499999,555.8107861500001
2025-07-25,205,0,0.0,0.0,0.0,0.4501,0.0,0.0
2025-07-25,205,1,0.0,0.0,0.0,0.4718,0.0,0.0
2025-07-25,205,2,784.4836666666666,784.4836666666666,0.0,0.4344,340.7797048,340.7797048
2025-07-25,205,3,1568.4037991666667,1568.4037991666667,0.0,0.4099,642.8887172784166,642.8887172784166
2025-07-25,205,4,708.7650533333333,708.7650533333333,0.0,0.4305,305.12335545999997,305.12335545999997
2025-07-25,205,5,714.0179999999998,714.0179999999998,0.0,0.4621,329.9477177999999,329.9477177999999
2025-07-25,205,6,0.9167650409237006,0.9167650409237006,0.0,0.4387,0.4021848234532274,0.4021848234532274
2025-07-25,205,7,0.0,0.0,0.0,0.3884,0.0,0.0
2025-07-25,205,8,0.0,0.0,0.0,0.3599,0.0,0.0
2025-07-25,205,9,654.3844574999999,654.3844574999999,0.0,0.378,247.35732493499998,247.35732493499998
2025-07-25,205,10,1461.4720191666665,1461.4720191666665,0.0,0.3859,563.9820521964167,563.9820521964167
2025-07-25,205,11,922.1424546548748,922.1424546548748,0.0,0.3634,335.1065680215815,335.1065680215815
2025-07-25,205,12,688.679005,688.679005,0.0,0.3513,241.9329344565,241.9329344565
2025-07-25,205,13,711.217165,711.217165,0.0,0.4013,285.4114483145,285.4114483145
2025-07-25,205,14,0.0,0.0,0.0,0.4579,0.0,0.0
2025-07-25,205,15,626.6207666666667,626.6207666666667,0.0,0.4192,262.67942538666665,262.67942538666665
2025-07-25,205,16,634.3696241666668,634.3696241666668,0.0,0.4238,268.84584672183337,268.84584672183337
2025-07-25,205,17,719.9054166666667,719.9054166666667,0.0,0.4678,336.7717539166667,336.7717539166667
2025-07-25,205,18,711.6612700000001,711.6612700000001,0.0,0.41,291.78112070000003,291.78112070000003
2025-07-25,205,19,660.0923891666666,660.0923891666666,0.0,0.3728,246.08244268133333,246.08244268133333
2025-07-25,205,20,0.0,0.0,0.0,0.4168,0.0,0.0
2025-07-25,205,21,0.0,0.0,0.0,0.4686,0.0,0.0
2025-07-25,205,22,635.1905608333335,635.1905608333335,0.0,0.4413,280.3095944957501,280.3095944957501
2025-07-25,205,23,1473.1179166666666,1473.1179166666666,0.0,0.3828,563.9095384999999,563.9095384999999
2025-07-25,205,24,1498.9822883333331,1498.9822883333331,0.0,0.4178,626.2748000656666,626.2748000656666
2025-07-25,205,25,689.1307025000001,689.1307025000001,0.0,0.436,300.46098629000005,300.46098629000005
2025-07-25,205,26,347.0362752777771,347.0362752777771,0.0,0.4063,141.00083864536083,141.00083864536083
2025-07-25,205,27,643.5948441666666,643.5948441666666,0.0,0.4067,261.7500231225833,261.7500231225833
2025-07-25,205,28,1453.9912208333333,1453.9912208333333,0.0,0.3995,580.8694927229167,580.8694927229167
2025-07-25,205,29,641.6329166666667,641.6329166666667,0.0,0.3936,252.546716,252.546716
2025-07-25,205,30,669.8335480555556,669.8335480555556,0.0,0.4354,291.64552682338893,291.64552682338893
2025-07-25,205,31,624.4100127777776,624.4100127777776,0.0,0.417,260.37897532833324,260.37897532833324
2025-07-25,205,32,1359.1121333333333,1359.1121333333333,0.0,0.3147,427.71258836,427.71258836
2025-07-25,205,33,1321.1967713888885,1321.1967713888885,0.0,0.2497,329.9028338158055,329.9028338158055
2025-07-25,205,34,0.0,0.0,0.0,0.4113,0.0,0.0
2025-07-25,205,35,0.0,0.0,0.0,0.6773,0.0,0.0
2025-07-25,205,36,0.0,0.0,0.0,0.719,0.0,0.0
2025-07-25,205,37,0.0,0.0,0.0,0.6792,0.0,0.0
2025-07-25,205,38,0.0,0.0,0.0,0.6438,0.0,0.0
2025-07-25,205,39,0.0,0.0,0.0,0.5666,0.0,0.0
2025-07-25,205,40,0.0,0.0,0.0,0.5783,0.0,0.0
2025-07-25,205,41,0.0,0.0,0.0,0.6503,0.0,0.0
2025-07-25,205,42,0.0,0.0,0.0,0.6137,0.0,0.0
2025-07-25,205,43,0.0,0.0,0.0,0.5562,0.0,0.0
2025-07-25,205,44,0.0,612.4677879629626,612.4677879629626,0.5314,0.0,488.1980737852774
2025-07-25,205,45,0.0,0.0,0.0,0.5315,0.0,0.0
2025-07-25,205,46,0.0,0.0,0.0,0.6898,0.0,0.0
2025-07-25,205,47,0.0,0.0,0.0,0.899,0.0,0.0
2025-07-25,205,48,0.0,0.0,0.0,0.8824,0.0,0.0
2025-07-25,205,49,0.0,0.0,0.0,0.7882,0.0,0.0
2025-07-25,205,50,0.0,0.0,0.0,0.7509,0.0,0.0
2025-07-25,205,51,0.0,0.0,0.0,0.7696,0.0,0.0
2025-07-25,205,52,0.0,0.0,0.0,0.7952,0.0,0.0
2025-07-25,205,53,0.0,0.0,0.0,0.7757,0.0,0.0
2025-07-25,205,54,0.0,0.0,0.0,0.699,0.0,0.0
2025-07-25,205,55,0.0,0.0,0.0,0.6746,0.0,0.0
2025-07-25,205,56,0.0,0.0,0.0,0.7119,0.0,0.0
2025-07-25,205,57,0.0,0.0,0.0,0.7291,0.0,0.0
2025-07-25,205,58,0.0,0.0,0.0,0.798,0.0,0.0
2025-07-25,205,59,0.0,0.0,0.0,0.9055,0.0,0.0
2025-07-25,205,60,0.0,0.0,0.0,0.9504,0.0,0.0
2025-07-25,205,61,0.0,0.0,0.0,0.9743,0.0,0.0
2025-07-25,205,62,0.0,0.0,0.0,1.0155,0.0,0.0
2025-07-25,205,63,0.0,0.0,0.0,1.0113,0.0,0.0
2025-07-25,205,64,0.0,0.0,0.0,0.6764,0.0,0.0
2025-07-25,205,65,0.0,0.0,0.0,0.2222,0.0,0.0
2025-07-25,205,66,0.0,0.0,0.0,0.1922,0.0,0.0
2025-07-25,205,67,0.0,0.0,0.0,0.2691,0.0,0.0
2025-07-25,205,68,0.0,257.7185840524687,257.7185840524687,0.2386,0.0,92.23748123237856
2025-07-25,205,69,0.0,374.307368611111,374.307368611111,0.2057,0.0,115.49253858495828
2025-07-25,205,70,0.0,412.51873972222154,412.51873972222154,0.2483,0.0,153.64260460954142
2025-07-25,205,71,0.0,0.0,0.0,0.308,0.0,0.0
2025-07-25,205,72,0.0,0.0,0.0,0.2633,0.0,0.0
2025-07-25,205,73,0.0,0.0,0.0,0.2341,0.0,0.0
2025-07-25,205,74,0.0,0.0,0.0,0.2333,0.0,0.0
2025-07-25,205,75,0.0,0.0,0.0,0.192,0.0,0.0
2025-07-25,205,76,0.0,0.0,0.0,0.3704,0.0,0.0
2025-07-25,205,77,0.0,0.0,0.0,0.6533,0.0,0.0
2025-07-25,205,78,0.0,0.0,0.0,0.645,0.0,0.0
2025-07-25,205,79,0.0,0.0,0.0,0.6496,0.0,0.0
2025-07-25,205,80,0.0,0.0,0.0,0.7441,0.0,0.0
2025-07-25,205,81,0.0,0.0,0.0,0.7122,0.0,0.0
2025-07-25,205,82,0.0,0.0,0.0,0.7764,0.0,0.0
2025-07-25,205,83,0.0,0.0,0.0,0.9442,0.0,0.0
2025-07-25,205,84,0.0,0.0,0.0,0.9726,0.0,0.0
2025-07-25,205,85,0.0,0.0,0.0,0.9347,0.0,0.0
2025-07-25,205,86,0.0,0.0,0.0,0.9582,0.0,0.0
2025-07-25,205,87,0.0,0.0,0.0,1.0513,0.0,0.0
2025-07-25,205,88,0.0,0.0,0.0,0.8785,0.0,0.0
2025-07-25,205,89,170.83211666666682,0.0,-170.83211666666682,0.519,88.66186855000008,44.33093427500004
2025-07-25,205,90,366.4809977777792,1.7021380555556789,-364.7788597222235,0.4125,151.17341158333392,75.9377717656253
2025-07-25,205,91,287.5174208333333,114.51198194444453,-173.00543888888876,0.4468,128.4627836283333,89.81336858055556
2025-07-25,205,92,286.64035,249.16792499999997,-37.472425000000044,0.4937,141.514340795,132.26427268375
2025-07-25,205,93,252.6469941666668,217.4104297222225,-35.2365644444443,0.5483,138.5263469015834,128.866242759139
2025-07-25,205,94,318.3383008333333,226.30391861111104,-92.03438222222223,0.5864,186.67357960866664,159.68909874111108
2025-07-25,205,95,429.43566666666663,326.51138333333313,-102.9242833333335,0.6036,259.2073684,228.14481968999993
2025-07-25,205,96,384.6272844444444,383.30971250000005,-1.317571944444353,0.6176,237.54581087288886,237.13894465644447
2025-07-25,205,97,407.9686580555556,400.8840658333337,-7.084592222221886,0.6344,258.8153166704444,256.56808401755563
2025-07-25,205,98,520.099825,437.8986249999998,-82.2012000000002,0.6689,347.8947729425,320.4025816025
2025-07-25,205,99,547.9033019444445,517.1386025000002,-30.764699444444318,0.7249,397.1751035795278,386.024438265889
2025-07-25,205,100,511.4415313888891,511.44153138888913,5.684341886080802e-14,0.722,369.2607856627779,369.26078566277795
2025-07-25,205,101,506.037566666667,506.0375666666669,-5.684341886080802e-14,0.6679,337.9824907766669,337.98249077666685
2025-07-25,205,102,616.8078241666666,616.8078241666667,1.1368683772161603e-13,0.6644,409.8071183763333,409.8071183763334
2025-07-25,205,103,656.6235666666669,656.6235666666669,0.0,0.7465,490.1694925166669,490.1694925166669
2025-07-25,205,104,625.6999333333335,625.6999333333335,0.0,0.8331,521.2706144600002,521.2706144600002
2025-07-25,205,105,668.2617666666667,668.2617666666669,1.1368683772161603e-13,0.8279,553.2539166233333,553.2539166233335
2025-07-25,205,106,732.5330166666666,732.5330166666666,0.0,0.9501,695.9796191349999,695.9796191349999
2025-07-25,205,107,614.9782323333334,614.9782323333335,1.1368683772161603e-13,1.1619,714.5432081481,714.5432081481002
2025-07-25,205,108,759.8796930555555,759.8796930555555,0.0,1.197,909.5759925875001,909.5759925875001
2025-07-25,205,109,761.0272461111113,761.0272461111113,0.0,1.2139,923.810974054278,923.810974054278
2025-07-25,205,110,731.7484821750006,731.7484821750005,-1.1368683772161603e-13,1.249,913.9538542365758,913.9538542365758
2025-07-25,205,111,742.335183416667,742.335183416667,0.0,1.1976,889.0206156598003,889.0206156598003
2025-07-25,205,112,762.3833852777777,762.3833852777778,1.1368683772161603e-13,1.2992,990.4884941528887,990.488494152889
2025-07-25,205,113,0.0,0.0,0.0,1.4965,0.0,0.0
2025-07-25,205,114,0.0,31.244550833333278,31.244550833333278,1.4796,0.0,69.34415611949989
2025-07-25,205,115,20.831028333333393,20.831028333333393,0.0,1.4589,30.39038723550009,30.39038723550009
2025-07-25,205,116,21.63575000000003,21.635750000000023,-7.105427357601002e-15,1.5162,32.80412415000004,32.80412415000004
2025-07-25,205,117,18.551005000000032,18.55100500000003,-3.552713678800501e-15,1.5156,28.11590317800005,28.115903178000046
2025-07-25,205,118,23.05386249999996,23.053862499999955,-3.552713678800501e-15,1.5017,34.61998531624994,34.61998531624993
2025-07-25,205,119,29.97349999999983,29.973788765333822,0.0002887653339911367,1.5009,44.98722614999974,44.98787626183442
2025-07-25,205,120,12.451290833333246,12.451290833333248,1.7763568394002505e-15,1.4827,18.461528918583202,18.461528918583205
2025-07-25,205,121,252.3272121789546,252.32721217895454,-5.684341886080802e-14,1.4555,367.26225732646844,367.2622573264684
2025-07-25,205,122,25.044166666666797,25.044166666666793,-3.552713678800501e-15,1.4665,36.727270416666855,36.72727041666685
2025-07-25,205,123,46.54290000000003,46.542900000000024,-7.105427357601002e-15,1.508,70.18669320000005,70.18669320000004
2025-07-25,205,124,848.0022875000001,848.0022875000001,0.0,1.2627,1070.77248842625,1070.77248842625
2025-07-25,205,125,792.6676666666667,792.6676666666667,0.0,0.878,695.9622113333334,695.9622113333334
2025-07-25,205,126,891.0908852777776,891.0908852777776,0.0,0.8545,761.4371614698609,761.4371614698609
2025-07-25,205,127,854.8569858333334,854.8569858333335,1.1368683772161603e-13,0.9505,812.5415650345834,812.5415650345835
2025-07-25,205,128,864.9191666666668,864.9191666666667,-1.1368683772161603e-13,0.9886,855.0590881666668,855.0590881666667
2025-07-25,205,129,856.6886758333331,856.6886758333333,1.1368683772161603e-13,0.9923,850.0921730294165,850.0921730294166
2025-07-25,205,130,844.2327283333333,815.0960656481483,-29.136662685185,0.7794,657.9949884629999,646.6404310145833
2025-07-25,205,131,706.4059999999998,706.4059999999998,0.0,0.4705,332.3640229999999,332.3640229999999
2025-07-25,205,132,1482.3056866666666,1482.3056589782364,-2.7688430236594286e-05,0.4159,616.4909350846666,616.4909293268576
2025-07-25,205,133,1534.22011,850.0669808333333,-684.1531291666666,0.4598,705.434406578,548.1476021825833
2025-07-25,205,134,749.3779999999998,749.3779999999998,0.0,0.4749,355.8796121999999,355.8796121999999
2025-07-25,205,135,1448.524310198421,1448.524310198421,0.0,0.4824,698.7681272397183,698.7681272397183
2025-07-25,205,136,650.508445,650.5084450000002,1.1368683772161603e-13,0.4621,300.59995243450004,300.5999524345001
2025-07-25,205,137,0.0,0.0,0.0,0.4459,0.0,0.0
2025-07-25,205,138,693.7956358333333,693.7956358333332,-1.1368683772161603e-13,0.4894,339.54358417683335,339.5435841768333
2025-07-25,205,139,1483.1375233333333,1483.137523333333,-2.2737367544323206e-13,0.4952,734.4497015546666,734.4497015546665
2025-07-25,205,140,1513.8987499999998,1364.870240263987,-149.0285097360129,0.4522,684.5850147499999,650.8896686986874
2025-07-25,205,141,751.8318958333333,751.8318958333333,0.0,0.4473,336.29440700624997,336.29440700624997
2025-07-25,205,142,654.69569,654.69569,0.0,0.4579,299.785156451,299.785156451
2025-07-25,205,143,1390.1623333333332,1390.1623333333332,0.0,0.4392,610.5592968,610.5592968
2025-07-26,206,0,0.0,0.0,0.0,0.3805,0.0,0.0
2025-07-26,206,1,0.0,0.0,0.0,0.373,0.0,0.0
2025-07-26,206,2,0.0,0.0,0.0,0.4257,0.0,0.0
2025-07-26,206,3,0.00725010332008429,0.00725010332008429,0.0,0.4607,0.003340122599562832,0.003340122599562832
2025-07-26,206,4,648.3493091666668,648.3493091666668,0.0,0.4825,312.8285416729167,312.8285416729167
2025-07-26,206,5,940.3144274683207,940.3144274683207,0.0,0.4801,451.44495662754076,451.44495662754076
2025-07-26,206,6,0.0,0.0,0.0,0.4357,0.0,0.0
2025-07-26,206,7,0.0,0.0,0.0,0.4473,0.0,0.0
2025-07-26,206,8,680.6522499999999,680.6522499999999,0.0,0.4933,335.76575492499995,335.76575492499995
2025-07-26,206,9,1433.3798108333333,1433.3798108333333,0.0,0.4539,650.61109613725,650.61109613725
2025-07-26,206,10,1392.7473599999998,1392.7473599999998,0.0,0.4119,573.672637584,573.672637584
2025-07-26,206,11,1425.9474166666664,1425.9474166666664,0.0,0.4042,576.3679458166665,576.3679458166665
2025-07-26,206,12,613.782135,613.782135,0.0,0.3838,235.569583413,235.569583413
2025-07-26,206,13,0.0,0.0,0.0,0.3597,0.0,0.0
2025-07-26,206,14,0.0,0.0,0.0,0.3736,0.0,0.0
2025-07-26,206,15,586.2919608333332,586.2919608333332,0.0,0.4542,266.2938086104999,266.2938086104999
2025-07-26,206,16,582.4836216666666,582.4836216666666,0.0,0.5118,298.115117569,298.115117569
2025-07-26,206,17,402.0505350000005,402.0505350000005,0.0,0.4931,198.25111880850022,198.25111880850022
2025-07-26,206,18,0.0,0.0,0.0,0.4249,0.0,0.0
2025-07-26,206,19,606.3291866666666,606.3291866666666,0.0,0.3831,232.28471141199998,232.28471141199998
2025-07-26,206,20,1404.1679166666665,1404.1679166666665,0.0,0.3847,540.1833975416666,540.1833975416666
2025-07-26,206,21,596.299785,596.299785,0.0,0.3937,234.7632253545,234.7632253545
2025-07-26,206,22,0.0,0.0,0.0,0.4379,0.0,0.0
2025-07-26,206,23,562.0190833333332,562.0190833333332,0.0,0.4836,271.79242869999996,271.79242869999996
2025-07-26,206,24,633.5589216666667,633.5589216666667,0.0,0.4531,287.0655474071667,287.0655474071667
2025-07-26,206,25,667.65018,667.65018,0.0,0.4053,270.59861795399996,270.59861795399996
2025-07-26,206,26,1459.59775,1459.59775,0.0,0.3826,558.44209915,558.44209915
2025-07-26,206,27,910.3252529629635,910.3252529629635,0.0,0.3782,344.2850106705928,344.2850106705928
2025-07-26,206,28,576.0507358333333,576.0507358333333,0.0,0.3938,226.84877977116665,226.84877977116665
2025-07-26,206,29,589.1159166666666,589.1159166666666,0.0,0.4091,241.00732150833332,241.00732150833332
2025-07-26,206,30,632.5671249999999,632.5671249999999,0.0,0.3948,249.73750094999997,249.73750094999997
2025-07-26,206,31,598.3392425,598.3392425,0.0,0.3817,228.38608886224998,228.38608886224998
2025-07-26,206,32,495.7540666666664,495.7540666666664,0.0,0.3651,180.9998097399999,180.9998097399999
2025-07-26,206,33,1274.504440833333,1274.504440833333,0.0,0.339,432.05700544249993,432.05700544249993
2025-07-26,206,34,398.2209191666666,398.2209191666666,0.0,0.4827,192.22123768174998,192.22123768174998
2025-07-26,206,35,0.0,0.0,0.0,0.7151,0.0,0.0
2025-07-26,206,36,0.0,0.0,0.0,0.7508,0.0,0.0
2025-07-26,206,37,0.0,0.0,0.0,0.7094,0.0,0.0
2025-07-26,206,38,0.0,0.0,0.0,0.6795,0.0,0.0
2025-07-26,206,39,0.0,0.0,0.0,0.6364,0.0,0.0
2025-07-26,206,40,0.0,0.0,0.0,0.6372,0.0,0.0
2025-07-26,206,41,0.0,0.0,0.0,0.6348,0.0,0.0
2025-07-26,206,42,0.0,0.0,0.0,0.5324,0.0,0.0
2025-07-26,206,43,0.0,16.760355236111366,16.760355236111366,0.5291,0.0,13.301855933139786
2025-07-26,206,44,0.0,137.26239043209904,137.26239043209904,0.5967,0.0,122.85670255625024
2025-07-26,206,45,0.0,40.125949444444586,40.125949444444586,0.5311,0.0,31.966337624916783
2025-07-26,206,46,0.0,0.0,0.0,0.6125,0.0,0.0
2025-07-26,206,47,0.0,0.0,0.0,0.8351,0.0,0.0
2025-07-26,206,48,0.0,0.0,0.0,0.8856,0.0,0.0
2025-07-26,206,49,0.0,0.0,0.0,0.8573,0.0,0.0
2025-07-26,206,50,0.0,0.0,0.0,0.8127,0.0,0.0
2025-07-26,206,51,0.0,0.0,0.0,0.7317,0.0,0.0
2025-07-26,206,52,0.0,0.0,0.0,0.7978,0.0,0.0
2025-07-26,206,53,0.0,0.0,0.0,0.8998,0.0,0.0
2025-07-26,206,54,0.0,0.0,0.0,0.7409,0.0,0.0
2025-07-26,206,55,0.0,0.0,0.0,0.6514,0.0,0.0
2025-07-26,206,56,0.0,0.0,0.0,0.7047,0.0,0.0
2025-07-26,206,57,0.0,0.0,0.0,0.6663,0.0,0.0
2025-07-26,206,58,0.0,0.0,0.0,0.7272,0.0,0.0
2025-07-26,206,59,0.0,0.0,0.0,0.8787,0.0,0.0
2025-07-26,206,60,0.0,0.0,0.0,0.8827,0.0,0.0
2025-07-26,206,61,0.0,0.0,0.0,0.8265,0.0,0.0
2025-07-26,206,62,0.0,0.0,0.0,0.8439,0.0,0.0
2025-07-26,206,63,0.0,0.0,0.0,0.9345,0.0,0.0
2025-07-26,206,64,0.0,0.0,0.0,0.7409,0.0,0.0
2025-07-26,206,65,0.0,0.0,0.0,0.3853,0.0,0.0
2025-07-26,206,66,0.0,0.0,0.0,0.3661,0.0,0.0
2025-07-26,206,67,0.0,0.0,0.0,0.4234,0.0,0.0
2025-07-26,206,68,0.0,0.0,0.0,0.3912,0.0,0.0
2025-07-26,206,69,0.0,0.0,0.0,0.3639,0.0,0.0
2025-07-26,206,70,0.0,0.0,0.0,0.3208,0.0,0.0
2025-07-26,206,71,0.0,0.0,0.0,0.2778,0.0,0.0
2025-07-26,206,72,0.0,0.0,0.0,0.2914,0.0,0.0
2025-07-26,206,73,0.0,0.0,0.0,0.307,0.0,0.0
2025-07-26,206,74,0.0,0.0,0.0,0.3008,0.0,0.0
2025-07-26,206,75,0.0,0.0,0.0,0.3204,0.0,0.0
2025-07-26,206,76,0.0,0.0,0.0,0.4518,0.0,0.0
2025-07-26,206,77,0.0,0.0,0.0,0.6217,0.0,0.0
2025-07-26,206,78,0.0,0.0,0.0,0.6587,0.0,0.0
2025-07-26,206,79,0.0,0.0,0.0,0.6672,0.0,0.0
2025-07-26,206,80,0.0,0.0,0.0,0.6845,0.0,0.0
2025-07-26,206,81,0.0,0.0,0.0,0.661,0.0,0.0
2025-07-26,206,82,0.0,0.0,0.0,0.7451,0.0,0.0
2025-07-26,206,83,0.0,0.0,0.0,0.9045,0.0,0.0
2025-07-26,206,84,0.0,0.0,0.0,0.9498,0.0,0.0
2025-07-26,206,85,0.0,0.0,0.0,0.9876,0.0,0.0
2025-07-26,206,86,0.0,0.0,0.0,1.0853,0.0,0.0
2025-07-26,206,87,0.0,0.0,0.0,1.1458,0.0,0.0
2025-07-26,206,88,0.0,0.0,0.0,0.8933,0.0,0.0
2025-07-26,206,89,143.65116666666665,0.0,-143.65116666666665,0.4975,71.46645541666666,35.73322770833333
2025-07-26,206,90,174.6177300000004,0.0,-174.6177300000004,0.4461,77.89696935300017,38.94848467650009
2025-07-26,206,91,0.0,0.0,0.0,0.5527,0.0,0.0
2025-07-26,206,92,397.8331123456794,141.1343546296298,-256.6987577160496,0.6036,240.1320666118521,162.66038153314832
2025-07-26,206,93,69.22903333333352,69.22903333333352,0.0,0.5726,39.64054448666677,39.64054448666677
2025-07-26,206,94,82.78017666666653,45.79930000000002,-36.98087666666652,0.5905,48.88169432166659,37.9630904858333
2025-07-26,206,95,147.04673333333324,119.1438851851848,-27.902848148148436,0.6483,95.33039721999994,86.28568899277762
2025-07-26,206,96,126.30193166666663,126.3019316666666,-2.842170943040401e-14,0.6232,78.71136381466664,78.71136381466664
2025-07-26,206,97,190.98480083333322,190.98480083333322,0.0,0.6368,121.6191211706666,121.6191211706666
2025-07-26,206,98,329.37789999999984,329.37789999999984,0.0,0.7041,231.91497938999987,231.91497938999987
2025-07-26,206,99,341.7883183333331,341.78831833333305,-5.684341886080802e-14,0.7044,240.75569143399986,240.75569143399983
2025-07-26,206,100,282.8608475000001,282.8608475000001,0.0,0.6552,185.33042728200007,185.33042728200007
2025-07-26,206,101,270.8888166666669,270.8888166666669,0.0,0.6354,172.12275411000016,172.12275411000016
2025-07-26,206,102,380.48833305555553,380.4883330555556,5.684341886080802e-14,0.7067,268.8911049703611,268.89110497036114
2025-07-26,206,103,448.6624819444446,448.6624819444446,0.0,0.768,344.57278613333347,344.57278613333347
2025-07-26,206,104,438.3745416666666,438.37454166666663,5.684341886080802e-14,0.7639,334.8743123791666,334.87431237916667
2025-07-26,206,105,440.84501805555567,479.3797841666665,38.534766111110855,0.7571,333.7637631698612,377.5257703039442
2025-07-26,206,106,513.7757886111112,513.7757886111111,-1.1368683772161603e-13,0.9241,474.7802062555279,474.78020625552784
2025-07-26,206,107,573.04614074074,573.0461407407399,-1.1368683772161603e-13,1.175,673.3292153703695,673.3292153703695
2025-07-26,206,108,490.69016752777804,490.6901675277781,5.684341886080802e-14,1.2256,601.3898693220448,601.3898693220449
2025-07-26,206,109,656.1133683333335,656.1133683333334,-1.1368683772161603e-13,1.188,779.4626815800001,779.4626815800001
2025-07-26,206,110,667.1365499999999,667.1365499999999,0.0,1.1845,790.223243475,790.223243475
2025-07-26,206,111,668.9815244444442,668.9815244444441,-1.1368683772161603e-13,1.235,826.1921826888886,826.1921826888886
2025-07-26,206,112,150.18445183543793,150.18445183543795,2.842170943040401e-14,1.3204,198.30355020351223,198.3035502035123
2025-07-26,206,113,0.0,0.0,0.0,1.4082,0.0,0.0
2025-07-26,206,114,0.0,0.0,0.0,1.4708,0.0,0.0
2025-07-26,206,115,0.0,0.0,0.0,1.5148,0.0,0.0
2025-07-26,206,116,0.0,0.0,0.0,1.5261,0.0,0.0
2025-07-26,206,117,0.0,0.0,0.0,1.4845,0.0,0.0
2025-07-26,206,118,0.0,0.0,0.0,1.4573,0.0,0.0
2025-07-26,206,119,0.0,0.0,0.0,1.4692,0.0,0.0
2025-07-26,206,120,0.0,0.0,0.0,1.4872,0.0,0.0
2025-07-26,206,121,0.0,0.0,0.0,1.5067,0.0,0.0
2025-07-26,206,122,0.0,0.0,0.0,1.5485,0.0,0.0
2025-07-26,206,123,0.0,0.0,0.0,1.5779,0.0,0.0
2025-07-26,206,124,759.3838725,759.3838725000002,1.1368683772161603e-13,1.2969,984.8449442452501,984.8449442452503
2025-07-26,206,125,708.2695,708.2695,0.0,0.8869,628.16421955,628.16421955
2025-07-26,206,126,736.1423241666665,736.1423241666666,1.1368683772161603e-13,0.8674,638.5298519821665,638.5298519821666
2025-07-26,206,127,767.1798108333334,767.1798108333335,1.1368683772161603e-13,0.9439,724.1410234455833,724.1410234455834
2025-07-26,206,128,1592.8395833333332,1574.090333333333,-18.749250000000075,0.957,1524.3474812499999,1515.3759651249998
2025-07-26,206,129,111.64922916666683,76.68425931030202,-34.9649698563648,0.9883,110.34293318541683,93.06499333089415
2025-07-26,206,130,784.028715,754.8892873404051,-29.139427659594958,0.7277,570.5376959055001,559.9353151515564
2025-07-26,206,131,660.3409999999999,660.3410000000001,2.2737367544323206e-13,0.3549,234.35502089999997,234.35502090000008
2025-07-26,206,132,1442.9430491666665,1442.9430491666667,2.2737367544323206e-13,0.4066,586.7006437911666,586.7006437911667
2025-07-26,206,133,983.4236962899827,760.5392516666667,-222.88444462331597,0.5015,493.18698368942626,437.2987092001298
2025-07-26,206,134,1467.026583333333,1080.304938450478,-386.7216448828551,0.4482,657.5213146499999,570.856994031752
2025-07-26,206,135,1455.5183399999996,1450.7093358333332,-4.809004166666455,0.4345,632.4227187299998,631.3779625747915
2025-07-26,206,136,1475.3106616666664,1422.0620874999997,-53.248574166666685,0.4623,682.0361188884999,669.7277109698748
2025-07-26,206,137,1488.8375,1415.1120833333332,-73.72541666666689,0.4871,725.21274625,707.2569210208334
2025-07-26,206,138,1430.299543333333,1422.8679725,-7.431570833333126,0.4815,688.6892301149999,686.900079436875
2025-07-26,206,139,700.2820358333335,700.2820358333335,0.0,0.4669,326.9616825305834,326.9616825305834
2025-07-26,206,140,709.9490833333333,709.9490833333332,-1.1368683772161603e-13,0.4402,312.5195864833333,312.5195864833333
2025-07-26,206,141,656.6925116666667,656.6925116666667,0.0,0.3975,261.03527338750007,261.03527338750007
2025-07-26,206,142,0.0,0.0,0.0,0.4658,0.0,0.0
2025-07-26,206,143,43.77520833333335,43.77520833333335,0.0,0.5829,25.51656893750001,25.51656893750001
2025-07-27,207,0,0.0,0.0,0.0,0.5502,0.0,0.0
2025-07-27,207,1,768.4772200000001,768.4772200000001,0.0,0.5075,390.00218915,390.00218915
2025-07-27,207,2,793.0540000000001,793.0540000000001,0.0,0.5149,408.3435046000001,408.3435046000001
2025-07-27,207,3,751.6098991666667,751.6098991666667,0.0,0.5014,376.8572034421666,376.8572034421666
2025-07-27,207,4,0.0,0.0,0.0,0.5311,0.0,0.0
2025-07-27,207,5,0.0,0.0,0.0,0.5779,0.0,0.0
2025-07-27,207,6,387.7834792218276,387.7834792218276,0.0,0.5454,211.49710956758477,211.49710956758477
2025-07-27,207,7,743.5171566666667,743.5171566666667,0.0,0.5535,411.536746215,411.536746215
2025-07-27,207,8,1576.0248333333332,1576.0248333333332,0.0,0.5887,927.8058193833332,927.8058193833332
2025-07-27,207,9,1507.7210049999999,1507.7210049999999,0.0,0.5178,780.697936389,780.697936389
2025-07-27,207,10,1488.9273099999998,1488.9273099999998,0.0,0.4751,707.389364981,707.389364981
2025-07-27,207,11,1534.2289166666665,1534.2289166666665,0.0,0.5162,791.9689667833333,791.9689667833333
2025-07-27,207,12,1545.7685275,1545.7685275,0.0,0.5556,858.8289938789999,858.8289938789999
2025-07-27,207,13,718.5391083333332,718.5391083333332,0.0,0.5363,385.3525237991666,385.3525237991666
2025-07-27,207,14,726.02775,726.02775,0.0,0.4962,360.25496954999994,360.25496954999994
2025-07-27,207,15,0.0,0.0,0.0,0.5206,0.0,0.0
2025-07-27,207,16,712.3293741666668,712.3293741666668,0.0,0.5465,389.28800298208336,389.28800298208336
2025-07-27,207,17,1595.070333333333,1595.070333333333,0.0,0.5252,837.7309390666666,837.7309390666666
2025-07-27,207,18,747.6496241666667,747.6496241666667,0.0,0.475,355.1335714791667,355.1335714791667
2025-07-27,207,19,680.4653774999999,680.4653774999999,0.0,0.4666,317.50514514149995,317.50514514149995
2025-07-27,207,20,622.9323333333334,622.9323333333334,0.0,0.5044,314.20706893333335,314.20706893333335
2025-07-27,207,21,1470.7260641666667,1470.7260641666667,0.0,0.5318,782.1321209238334,782.1321209238334
2025-07-27,207,22,675.8919966666666,675.8919966666666,0.0,0.5595,378.161572135,378.161572135
2025-07-27,207,23,0.0,0.0,0.0,0.5624,0.0,0.0
2025-07-27,207,24,709.679255,709.679255,0.0,0.4998,354.69769164900003,354.69769164900003
2025-07-27,207,25,714.9586508333334,714.9586508333334,0.0,0.4769,340.9637805824167,340.9637805824167
2025-07-27,207,26,716.7253333333333,716.7253333333333,0.0,0.5007,358.86437440000003,358.86437440000003
2025-07-27,207,27,0.0,0.0,0.0,0.4827,0.0,0.0
2025-07-27,207,28,655.1872716666667,655.1872716666667,0.0,0.4921,322.41765638716663,322.41765638716663
2025-07-27,207,29,1493.7268333333332,1493.7268333333332,0.0,0.5255,784.9534509166665,784.9534509166665
2025-07-27,207,30,1538.5619655555556,1538.5619655555556,0.0,0.5037,774.9736620503335,774.9736620503335
2025-07-27,207,31,1503.6556627777775,1503.6556627777775,0.0,0.4938,742.5051662796666,742.5051662796666
2025-07-27,207,32,1395.2208583333331,1395.2208583333331,0.0,0.4688,654.0795383866665,654.0795383866665
2025-07-27,207,33,1344.0218063888888,1344.0218063888888,0.0,0.3756,504.8145904796666,504.8145904796666
2025-07-27,207,34,0.0,0.0,0.0,0.5603,0.0,0.0
2025-07-27,207,35,0.0,0.0,0.0,0.9187,0.0,0.0
2025-07-27,207,36,0.0,0.0,0.0,0.9682,0.0,0.0
2025-07-27,207,37,0.0,0.0,0.0,0.9117,0.0,0.0
2025-07-27,207,38,0.0,0.0,0.0,0.8975,0.0,0.0
2025-07-27,207,39,0.0,0.0,0.0,0.8649,0.0,0.0
2025-07-27,207,40,0.0,0.0,0.0,0.8395,0.0,0.0
2025-07-27,207,41,0.0,0.0,0.0,0.8393,0.0,0.0
2025-07-27,207,42,0.0,0.0,0.0,0.8451,0.0,0.0
2025-07-27,207,43,0.0,0.0,0.0,0.8175,0.0,0.0
2025-07-27,207,44,0.0,321.9224916666668,321.9224916666668,0.7532,0.0,363.70803108500013
2025-07-27,207,45,0.0,648.3449769114974,648.3449769114974,0.7232,0.0,703.3246309535923
2025-07-27,207,46,0.0,0.0,0.0,0.9191,0.0,0.0
2025-07-27,207,47,0.0,0.0,0.0,1.1998,0.0,0.0
2025-07-27,207,48,0.0,0.0,0.0,1.2101,0.0,0.0
2025-07-27,207,49,0.0,0.0,0.0,1.1731,0.0,0.0
2025-07-27,207,50,0.0,0.0,0.0,1.1947,0.0,0.0
2025-07-27,207,51,0.0,0.0,0.0,1.1563,0.0,0.0
2025-07-27,207,52,0.0,0.0,0.0,1.1053,0.0,0.0
2025-07-27,207,53,0.0,0.0,0.0,1.0999,0.0,0.0
2025-07-27,207,54,0.0,0.0,0.0,1.1303,0.0,0.0
2025-07-27,207,55,0.0,0.0,0.0,1.0637,0.0,0.0
2025-07-27,207,56,0.0,0.0,0.0,0.9375,0.0,0.0
2025-07-27,207,57,0.0,0.0,0.0,0.9416,0.0,0.0
2025-07-27,207,58,0.0,0.0,0.0,1.0673,0.0,0.0
2025-07-27,207,59,0.0,0.0,0.0,1.1968,0.0,0.0
2025-07-27,207,60,0.0,0.0,0.0,1.2018,0.0,0.0
2025-07-27,207,61,0.0,0.0,0.0,1.1414,0.0,0.0
2025-07-27,207,62,0.0,0.0,0.0,1.1262,0.0,0.0
2025-07-27,207,63,0.0,0.0,0.0,1.1759,0.0,0.0
2025-07-27,207,64,0.0,0.0,0.0,0.9501,0.0,0.0
2025-07-27,207,65,687.5254666666663,564.4754166666669,-123.05004999999937,0.5485,377.1077184666664,343.3612422541666
2025-07-27,207,66,612.9920433333332,487.68314916666645,-125.30889416666673,0.4446,272.5362624659999,244.6800952927499
2025-07-27,207,67,0.0,0.0,0.0,0.4932,0.0,0.0
2025-07-27,207,68,0.0,0.0,0.0,0.5131,0.0,0.0
2025-07-27,207,69,0.0,0.0,0.0,0.4765,0.0,0.0
2025-07-27,207,70,0.0,0.0,0.0,0.4637,0.0,0.0
2025-07-27,207,71,536.7232000000001,328.60991666666655,-208.11328333333358,0.4818,258.5932377600001,208.45874780500003
2025-07-27,207,72,699.4909469444444,362.0892758333333,-337.4016711111111,0.4714,329.7400323896111,250.2144585087222
2025-07-27,207,73,747.3120680555553,419.4985499999998,-327.8135180555555,0.4972,371.5635602372221,290.069119648611
2025-07-27,207,74,625.5935666666666,467.7927333333332,-157.80083333333334,0.5199,325.24609531,284.22576868499993
2025-07-27,207,75,600.5290386111109,484.6183149999997,-115.91072361111117,0.4651,279.30605585802766,252.35101708226378
2025-07-27,207,76,0.0,514.3387602777779,514.3387602777779,0.6413,0.0,494.7681704492084
2025-07-27,207,77,0.0,0.0,0.0,0.9449,0.0,0.0
2025-07-27,207,78,0.0,0.0,0.0,0.9416,0.0,0.0
2025-07-27,207,79,0.0,0.0,0.0,0.9004,0.0,0.0
2025-07-27,207,80,0.0,0.0,0.0,0.9337,0.0,0.0
2025-07-27,207,81,0.0,0.0,0.0,0.9037,0.0,0.0
2025-07-27,207,82,0.0,0.0,0.0,1.0091,0.0,0.0
2025-07-27,207,83,0.0,0.0,0.0,1.2246,0.0,0.0
2025-07-27,207,84,0.0,0.0,0.0,1.2899,0.0,0.0
2025-07-27,207,85,0.0,0.0,0.0,1.2522,0.0,0.0
2025-07-27,207,86,0.0,0.0,0.0,1.2723,0.0,0.0
2025-07-27,207,87,0.0,0.0,0.0,1.4078,0.0,0.0
2025-07-27,207,88,0.0,0.0,0.0,1.2034,0.0,0.0
2025-07-27,207,89,65.55320000000017,65.55320000000016,-1.4210854715202004e-14,0.7981,52.31800892000014,52.31800892000014
2025-07-27,207,90,140.36020333333417,140.36020333333414,-2.842170943040401e-14,0.8008,112.40045082933399,112.40045082933399
2025-07-27,207,91,201.06962222222194,201.0696222222219,-2.842170943040401e-14,0.8307,167.02853517999975,167.02853517999975
2025-07-27,207,92,229.0400166666667,229.0400166666667,0.0,0.7405,169.6041323416667,169.6041323416667
2025-07-27,207,93,178.31605527777776,178.31605527777776,0.0,0.7799,139.0686915111389,139.0686915111389
2025-07-27,207,94,224.375731388889,224.375731388889,0.0,0.8362,187.622986587389,187.622986587389
2025-07-27,207,95,340.86783333333335,415.1044999999998,74.23666666666645,0.8477,288.9536623166667,383.3492958166664
2025-07-27,207,96,342.90405444444457,500.1741102777778,157.27005583333323,0.8837,303.0243129125557,511.49363542243054
2025-07-27,207,97,387.05617722222235,457.79662694444437,70.74044972222202,0.9465,366.3486717408335,466.7824252339582
2025-07-27,207,98,489.6500666666668,525.727016674614,36.076950007947175,0.9818,480.73843545333347,533.8689597300373
2025-07-27,207,99,528.5289144444447,528.5289144444447,0.0,0.9423,498.03279608100024,498.03279608100024
2025-07-27,207,100,530.911822222222,530.911822222222,0.0,0.9546,506.8084254933331,506.8084254933331
2025-07-27,207,101,567.2346333333337,567.2346333333337,0.0,1.0255,581.6991164833338,581.6991164833338
2025-07-27,207,102,676.4233094444446,676.4233094444446,0.0,1.0378,701.9921105414446,701.9921105414446
2025-07-27,207,103,713.6344555555555,713.6344555555555,0.0,1.0335,737.5412098166667,737.5412098166667
2025-07-27,207,104,698.2108000000001,698.2108000000001,0.0,1.0599,740.0336269200001,740.0336269200001
2025-07-27,207,105,757.3235894444445,804.4399055555555,47.11631611111102,1.1261,852.8220940733889,932.4086194324722
2025-07-27,207,106,783.4326780555557,820.316413888889,36.883735833333276,1.2295,963.2304776693057,1031.2533074799308
2025-07-27,207,107,708.3555074074067,957.8974380972467,249.54193068984,1.3361,946.4337934470361,1446.553253839079
2025-07-27,207,108,688.0238908333333,1442.438745833333,754.4148549999998,1.3925,958.0732679854167,2533.857296366666
2025-07-27,207,109,728.4295799999999,1491.9478,763.51822,1.3861,1009.6762408379999,2597.145147951
2025-07-27,207,110,729.5792676666669,745.8908333333333,16.31156566666641,1.3679,997.9914802412335,1031.460366254383
2025-07-27,207,111,824.2648522222223,1599.0204458333333,774.755593611111,1.4232,1173.0937376826669,2827.0419789236666
2025-07-27,207,112,819.313215,1646.1900358333332,826.8768208333332,1.5595,1277.7189587925002,3211.990561926875
2025-07-27,207,113,316.72856725210386,316.72856725210386,0.0,1.6779,531.4388629923051,531.4388629923051
2025-07-27,207,114,44.039586666666764,155.07816833333334,111.03858166666657,1.6569,72.96919114800016,348.93893009324995
2025-07-27,207,115,63.71098083333345,169.60087000000016,105.8898891666667,1.6267,103.63865252158352,362.0152765827087
2025-07-27,207,116,65.21783333333337,118.71849999999995,53.500666666666575,1.6494,107.57029430000007,239.93629369999985
2025-07-27,207,117,87.03894249999996,87.03894249999995,-1.4210854715202004e-14,1.6661,145.01558209924994,145.0155820992499
2025-07-27,207,118,87.41862999999992,791.1052307736663,703.6866007736664,1.6603,145.14115138899987,1897.6374462857775
2025-07-27,207,119,71.3910833333332,169.45966666666664,98.06858333333344,1.6464,117.53827959999978,359.72845300000006
2025-07-27,207,120,77.0009624999999,140.1979216666665,63.1969591666666,1.6463,126.76668456374985,282.8284153778747
2025-07-27,207,121,86.62078916666673,98.43924833333347,11.818459166666742,1.6397,142.03210799658342,171.1001992399586
2025-07-27,207,122,95.53791666666677,110.33008333333328,14.792166666666503,1.6535,157.9719452083335,194.6602165833331
2025-07-27,207,123,130.92488749999995,144.10795166666674,13.183064166666782,1.6917,221.4856321837499,254.9383166598752
2025-07-27,207,124,938.5302466666667,938.5302466666666,-1.1368683772161603e-13,1.4557,1366.2184800726668,1366.2184800726666
2025-07-27,207,125,866.2036666666667,947.4482262135939,81.24455954692723,1.0857,940.4373209000001,1072.7481483501485
2025-07-27,207,126,1046.870821203704,1046.870821203704,0.0,1.0512,1100.4706072493336,1100.4706072493336
2025-07-27,207,127,907.1067925000001,907.1067925000003,2.2737367544323206e-13,1.0907,989.3813785797502,989.3813785797505
2025-07-27,207,128,924.9686666666666,924.9686666666665,-1.1368683772161603e-13,1.0901,1008.3083435333334,1008.3083435333334
2025-07-27,207,129,848.5057133333332,848.5057133333333,1.1368683772161603e-13,1.1502,975.9512714759998,975.951271476
2025-07-27,207,130,882.7076408333334,853.5709781481484,-29.136662685185,0.9169,809.3546358800834,795.9969328720603
2025-07-27,207,131,725.0131666666666,725.0131666666666,0.0,0.5207,377.51435588333334,377.51435588333334
2025-07-27,207,132,1511.3711208333332,1511.3711208333332,0.0,0.4958,749.3378017091666,749.3378017091666
2025-07-27,207,133,1527.8862916666665,1527.8862916666667,2.2737367544323206e-13,0.5928,905.7309936999999,905.7309937000001
2025-07-27,207,134,1505.0708333333332,1505.0708333333334,2.2737367544323206e-13,0.6054,911.1698825,911.1698825000002
2025-07-27,207,135,763.5299759089877,763.5299759089877,0.0,0.5756,439.4878541332133,439.4878541332133
2025-07-27,207,136,754.3606825,754.3606825,0.0,0.553,417.16145742250006,417.16145742250006
2025-07-27,207,137,731.5900000000001,731.5900000000001,0.0,0.5431,397.3265290000001,397.3265290000001
2025-07-27,207,138,652.5375913706753,652.5375913706753,0.0,0.5271,343.95256441148297,343.95256441148297
2025-07-27,207,139,678.8196333333333,678.8196333333333,0.0,0.5597,379.9353487766666,379.9353487766666
2025-07-27,207,140,767.5522500000001,767.5522500000001,0.0,0.6029,462.757251525,462.757251525
2025-07-27,207,141,709.0497616666667,709.0497616666667,0.0,0.5586,396.075196867,396.075196867
2025-07-27,207,142,737.1797891666666,737.1797891666666,0.0,0.5278,389.0834927221667,389.0834927221667
2025-07-27,207,143,1604.7927083333332,1537.6835,-67.10920833333307,0.5593,897.5605617708333,878.7934716604167
2025-07-28,208,0,832.5820925000002,832.5820925000002,0.0,0.595,495.38634503750006,495.38634503750006
2025-07-28,208,1,841.9881525000001,841.9881525000001,0.0,0.5685,478.67026469625006,478.67026469625006
2025-07-28,208,2,859.6384999999999,859.6384999999999,0.0,0.5133,441.25244204999996,441.25244204999996
2025-07-28,208,3,1643.0223025,1643.0223025,0.0,0.5196,853.714388379,853.714388379
2025-07-28,208,4,1621.0765141666666,1621.0765141666666,0.0,0.5046,817.9952090485,817.9952090485
2025-07-28,208,5,802.4959999999999,802.4959999999999,0.0,0.4691,376.45087359999997,376.45087359999997
2025-07-28,208,6,0.0,0.0,0.0,0.4935,0.0,0.0
2025-07-28,208,7,813.9913216666667,813.9913216666667,0.0,0.4759,387.3784699811667,387.3784699811667
2025-07-28,208,8,1674.2767969004299,1674.2767969004299,0.0,0.4411,738.5234951127796,738.5234951127796
2025-07-28,208,9,1579.0956233333334,1579.0956233333334,0.0,0.5164,815.4449798893334,815.4449798893334
2025-07-28,208,10,1529.9956283333331,1529.9956283333331,0.0,0.5526,845.4755842169999,845.4755842169999
2025-07-28,208,11,749.4875833333334,749.4875833333334,0.0,0.515,385.9861054166667,385.9861054166667
2025-07-28,208,12,0.0,0.0,0.0,0.5196,0.0,0.0
2025-07-28,208,13,0.0,0.0,0.0,0.5426,0.0,0.0
2025-07-28,208,14,0.0,0.0,0.0,0.5493,0.0,0.0
2025-07-28,208,15,1549.1122841666665,1549.1122841666665,0.0,0.5365,831.0987404554165,831.0987404554165
2025-07-28,208,16,1561.2411866666666,1561.2411866666666,0.0,0.5232,816.841388864,816.841388864
2025-07-28,208,17,1624.7544166666667,1624.7544166666667,0.0,0.5187,842.760115925,842.760115925
2025-07-28,208,18,792.6082116666666,792.6082116666666,0.0,0.5189,411.2844010338333,411.2844010338333
2025-07-28,208,19,740.4331816666667,740.4331816666667,0.0,0.5276,390.6525466473333,390.6525466473333
2025-07-28,208,20,0.03639751981053319,0.03639751981053319,0.0,0.5167,0.018806598486102503,0.018806598486102503
2025-07-28,208,21,729.6748733333334,729.6748733333334,0.0,0.4531,330.6156851073334,330.6156851073334
2025-07-28,208,22,1556.6962033333334,1556.6962033333334,0.0,0.4174,649.7649952713333,649.7649952713333
2025-07-28,208,23,1533.8508333333332,1533.8508333333332,0.0,0.4384,672.4402053333333,672.4402053333333
2025-07-28,208,24,1596.5622016666666,1596.5622016666666,0.0,0.469,748.7876725816666,748.7876725816666
2025-07-28,208,25,793.3285091666667,793.3285091666667,0.0,0.4778,379.0523616798333,379.0523616798333
2025-07-28,208,26,906.9776163325578,906.9776163325578,0.0,0.4675,424.0120356354708,424.0120356354708
2025-07-28,208,27,758.3891849999999,758.3891849999999,0.0,0.4674,354.4711050689999,354.4711050689999
2025-07-28,208,28,734.2281541666667,734.2281541666667,0.0,0.4943,362.9289766045834,362.9289766045834
2025-07-28,208,29,1547.8779166666666,1547.8779166666666,0.0,0.5153,797.6214904583333,797.6214904583333
2025-07-28,208,30,752.4810477777777,752.4810477777777,0.0,0.4852,365.10380438177776,365.10380438177776
2025-07-28,208,31,735.4197313888889,735.4197313888889,0.0,0.484,355.9431499922222,355.9431499922222
2025-07-28,208,32,1473.2087166666663,1473.2087166666663,0.0,0.4741,698.4482525716666,698.4482525716666
2025-07-28,208,33,1405.0901002777775,1405.0901002777775,0.0,0.3783,531.5455849350833,531.5455849350833
2025-07-28,208,34,603.5601163888889,603.5601163888889,0.0,0.5401,325.9828188616389,325.9828188616389
2025-07-28,208,35,0.0,0.0,0.0,0.8766,0.0,0.0
2025-07-28,208,36,0.0,0.0,0.0,0.9366,0.0,0.0
2025-07-28,208,37,0.0,0.0,0.0,0.9155,0.0,0.0
2025-07-28,208,38,0.0,0.0,0.0,0.9381,0.0,0.0
2025-07-28,208,39,0.0,0.0,0.0,0.9203,0.0,0.0
2025-07-28,208,40,0.0,0.0,0.0,0.8887,0.0,0.0
2025-07-28,208,41,0.0,0.0,0.0,0.8502,0.0,0.0
2025-07-28,208,42,0.0,180.25940243301088,180.25940243301088,0.7841,0.0,212.01209617158574
2025-07-28,208,43,0.0,430.1694413888888,430.1694413888888,0.7541,0.0,486.5861636270415
2025-07-28,208,44,0.0,351.4953833333335,351.4953833333335,0.7338,0.0,386.8909684350002
2025-07-28,208,45,49.43686454840247,49.43686454840247,0.0,0.6778,33.50830679090719,33.50830679090719
2025-07-28,208,46,0.0,0.0,0.0,0.8886,0.0,0.0
2025-07-28,208,47,0.0,0.0,0.0,1.2184,0.0,0.0
2025-07-28,208,48,0.0,0.0,0.0,1.1901,0.0,0.0
2025-07-28,208,49,0.0,0.0,0.0,1.1457,0.0,0.0
2025-07-28,208,50,0.0,0.0,0.0,1.2047,0.0,0.0
2025-07-28,208,51,0.0,0.0,0.0,1.1427,0.0,0.0
2025-07-28,208,52,0.0,0.0,0.0,1.0839,0.0,0.0
2025-07-28,208,53,0.0,0.0,0.0,1.0861,0.0,0.0
2025-07-28,208,54,0.0,0.0,0.0,1.0737,0.0,0.0
2025-07-28,208,55,0.0,0.0,0.0,1.0704,0.0,0.0
2025-07-28,208,56,0.0,0.0,0.0,1.0535,0.0,0.0
2025-07-28,208,57,0.0,0.0,0.0,0.9807,0.0,0.0
2025-07-28,208,58,0.0,0.0,0.0,1.0122,0.0,0.0
2025-07-28,208,59,0.0,0.0,0.0,1.1606,0.0,0.0
2025-07-28,208,60,0.0,0.0,0.0,1.2603,0.0,0.0
2025-07-28,208,61,0.0,0.0,0.0,1.2395,0.0,0.0
2025-07-28,208,62,0.0,0.0,0.0,1.1925,0.0,0.0
2025-07-28,208,63,0.0,0.0,0.0,1.2317,0.0,0.0
2025-07-28,208,64,0.0,0.0,0.0,1.0048,0.0,0.0
2025-07-28,208,65,745.7431333333329,745.7431333333328,-1.1368683772161603e-13,0.6164,459.6760673866664,459.6760673866664
2025-07-28,208,66,667.8485161111107,667.8485161111107,0.0,0.562,375.33086605444424,375.33086605444424
2025-07-28,208,67,712.6548088888885,712.6548088888885,0.0,0.6119,436.07347755911087,436.07347755911087
2025-07-28,208,68,875.9821916666667,871.0705166666667,-4.911675000000059,0.5968,522.7861719866667,521.3205281666666
2025-07-28,208,69,905.511934444444,839.0389580555554,-66.47297638888858,0.5754,521.0315670793331,501.90729177224983
2025-07-28,208,70,839.9338630555558,776.1794969444445,-63.75436611111127,0.5321,446.92880853186125,429.96695942800005
2025-07-28,208,71,587.3617268597975,468.3711249999999,-118.99060185979761,0.5122,300.84667649758825,270.3731833612941
2025-07-28,208,72,169.70894888888893,169.70894888888895,2.842170943040401e-14,0.5871,99.63612389266667,99.6361238926667
2025-07-28,208,73,1028.8819252777778,576.7564961111109,-452.1254291666669,0.6119,629.5728500774723,491.24507502393044
2025-07-28,208,74,888.802625,626.0443874999999,-262.7582375000002,0.5515,490.1746476875,417.71906369687497
2025-07-28,208,75,867.7513097222218,666.2376888888887,-201.5136208333331,0.5439,471.9699373579165,417.1683081722915
2025-07-28,208,76,71.72717194444431,71.72717194444432,1.4210854715202004e-14,0.7437,53.343497775083236,53.34349777508325
2025-07-28,208,77,0.0,0.0,0.0,1.0056,0.0,0.0
2025-07-28,208,78,0.0,0.0,0.0,1.017,0.0,0.0
2025-07-28,208,79,0.0,0.0,0.0,0.9922,0.0,0.0
2025-07-28,208,80,0.0,0.0,0.0,0.9929,0.0,0.0
2025-07-28,208,81,237.68132583333295,237.68132583333295,0.0,0.8963,213.03377234441632,213.03377234441632
2025-07-28,208,82,0.0,0.0,0.0,0.977,0.0,0.0
2025-07-28,208,83,0.0,0.0,0.0,1.2171,0.0,0.0
2025-07-28,208,84,0.0,0.0,0.0,1.2945,0.0,0.0
2025-07-28,208,85,0.0,0.0,0.0,1.2505,0.0,0.0
2025-07-28,208,86,0.0,0.0,0.0,1.2545,0.0,0.0
2025-07-28,208,87,0.0,0.0,0.0,1.3755,0.0,0.0
2025-07-28,208,88,0.0,0.0,0.0,1.18,0.0,0.0
2025-07-28,208,89,1339.0674500000018,1181.0742166666669,-157.99323333333496,0.7829,1048.3559066050016,986.5094554166675
2025-07-28,208,90,1408.2628191666668,1201.240662222222,-207.02215694444476,0.7582,1067.7448694921668,989.2627697945277
2025-07-28,208,91,1422.0907558333329,1303.0920169444444,-118.99873888888851,0.8297,1179.9087001149162,1130.5420732868608
2025-07-28,208,92,1374.7070916666667,1374.7070916666667,0.0,0.825,1134.1333506249998,1134.1333506249998
2025-07-28,208,93,481.64029083333344,481.6402908333334,-5.684341886080802e-14,0.8567,412.6212371569168,412.6212371569167
2025-07-28,208,94,530.9859633333334,530.9859633333334,0.0,0.8882,471.62173263266675,471.62173263266675
2025-07-28,208,95,624.8638833333332,624.8638833333332,0.0,0.9206,575.2496909966666,575.2496909966666
2025-07-28,208,96,603.4566344444444,603.4566344444444,0.0,0.9917,598.4479443785555,598.4479443785555
2025-07-28,208,97,633.532148888889,633.532148888889,0.0,0.9826,622.5086894982223,622.5086894982223
2025-07-28,208,98,735.1748999999998,735.1748999999999,1.1368683772161603e-13,0.948,696.9458051999998,696.9458051999999
2025-07-28,208,99,775.6828619444444,775.6828619444442,-2.2737367544323206e-13,1.054,817.5697364894445,817.5697364894444
2025-07-28,208,100,782.1022805555556,782.1022805555556,0.0,1.0718,838.2572242994445,838.2572242994445
2025-07-28,208,101,820.0970833333337,820.0970833333337,0.0,0.9984,818.7849280000003,818.7849280000003
2025-07-28,208,102,921.9514444444444,921.9514444444444,0.0,1.0619,979.0202388555556,979.0202388555556
2025-07-28,208,103,956.3535122222225,956.3535122222227,1.1368683772161603e-13,1.1178,1069.0119559620002,1069.0119559620005
2025-07-28,208,104,941.6917333333333,941.6917333333334,1.1368683772161603e-13,1.1169,1051.77549696,1051.7754969600003
2025-07-28,208,105,983.4144561111112,1019.7425389341611,36.32808282304984,1.1719,1152.4634011166113,1216.3227215071095
2025-07-28,208,106,951.1597355555556,951.1597355555554,-2.2737367544323206e-13,1.2744,1212.157966992,1212.157966992
2025-07-28,208,107,632.3955289999999,641.5363753009904,9.14084630099046,1.3602,860.1843985457999,878.8344672537107
2025-07-28,208,108,855.4708363888889,855.470836388889,1.1368683772161603e-13,1.3691,1171.2251221000276,1171.2251221000279
2025-07-28,208,109,875.357116111111,875.3571161111109,-1.1368683772161603e-13,1.3497,1181.4694996151666,1181.4694996151663
2025-07-28,208,110,877.960775,877.9607750000001,1.1368683772161603e-13,1.3429,1179.0135247475,1179.0135247475002
2025-07-28,208,111,917.3815080555556,917.3815080555556,0.0,1.364,1251.308376987778,1251.308376987778
2025-07-28,208,112,943.3081,943.3081000000001,1.1368683772161603e-13,1.4601,1377.32415681,1377.3241568100002
2025-07-28,208,113,136.92183333333355,159.61168333333345,22.689849999999893,1.5867,217.25387295000036,271.2568504425001
2025-07-28,208,114,140.35105666666686,144.21363583333357,3.8625791666667055,1.6346,229.41783722733365,238.88849508608374
2025-07-28,208,115,143.26994666666667,143.26994666666664,-2.842170943040401e-14,1.6322,233.84520694933335,233.84520694933335
2025-07-28,208,116,149.90924999999993,149.90924999999996,2.842170943040401e-14,1.6227,243.25773997499988,243.25773997499994
2025-07-28,208,117,179.4531566666667,179.4531566666667,0.0,1.6235,291.3421998483334,291.3421998483334
2025-07-28,208,118,186.97836916666657,186.9783691666666,2.842170943040401e-14,1.6311,304.98041794774986,304.9804179477499
2025-07-28,208,119,163.2044166666666,163.2044166666666,0.0,1.6364,267.0677074333332,267.0677074333332
2025-07-28,208,120,134.83735833333333,134.83735833333336,2.842170943040401e-14,1.6339,220.3107597808333,220.31075978083337
2025-07-28,208,121,143.64003083333336,143.64003083333333,-2.842170943040401e-14,1.6365,235.06691045875004,235.06691045875002
2025-07-28,208,122,472.87873332617767,472.8787333261776,-5.684341886080802e-14,1.6826,795.6657566946266,795.6657566946265
2025-07-28,208,123,223.68288083333323,223.68288083333326,2.842170943040401e-14,1.7444,390.1924173256665,390.19241732566655
2025-07-28,208,124,1016.7376316666666,975.3385808333333,-41.399050833333376,1.4703,1494.9093398394998,1464.4748276193748
2025-07-28,208,125,942.9270833333334,933.0326666666666,-9.894416666666757,1.0453,985.6416802083332,980.4703633374999
2025-07-28,208,126,1781.1153291666665,1781.1153291666665,0.0,1.0419,1855.74406145875,1855.74406145875
2025-07-28,208,127,1010.9776033333334,1010.9776033333336,2.2737367544323206e-13,1.1302,1142.6068872873334,1142.6068872873338
2025-07-28,208,128,1030.472,1030.4683912951227,-0.003608704877251512,1.1222,1156.3956784000002,1156.3936535556934
2025-07-28,208,129,344.12547716666677,223.5622601677228,-120.56321699894397,1.118,384.7322834723335,317.3374451699238
2025-07-28,208,130,962.7398225,962.7398225000001,1.1368683772161603e-13,0.8895,856.35707211375,856.3570721137501
2025-07-28,208,131,769.9655000000001,769.9655000000002,1.1368683772161603e-13,0.5633,433.7215661500001,433.7215661500002
2025-07-28,208,132,1543.583978333333,1515.7207491666663,-27.86322916666677,0.5422,836.9312330523333,829.3775116252499
2025-07-28,208,133,1009.2278894792879,1009.2278894792876,-3.410605131648481e-13,0.5818,587.1687860990497,587.1687860990496
2025-07-28,208,134,1582.6660833333335,1582.6660833333333,-2.2737367544323206e-13,0.5551,878.5379428583335,878.5379428583335
2025-07-28,208,135,1540.2119783333333,1540.2119783333333,0.0,0.5704,878.5369124413334,878.5369124413334
2025-07-28,208,136,0.0,0.0,0.0,0.5454,0.0,0.0
2025-07-28,208,137,0.0,0.0,0.0,0.4905,0.0,0.0
2025-07-28,208,138,751.9984899999998,751.9984899999998,0.0,0.5185,389.9112170649999,389.9112170649999
2025-07-28,208,139,1554.6210416666665,1554.6210416666663,-2.2737367544323206e-13,0.5809,903.0793631041665,903.0793631041665
2025-07-28,208,140,1581.3092499999998,1581.30925,2.2737367544323206e-13,0.625,988.3182812499999,988.3182812500002
2025-07-28,208,141,769.0955483333333,769.0955483333331,-2.2737367544323206e-13,0.6361,489.22167829483334,489.2216782948332
2025-07-28,208,142,778.5211591666666,778.5211591666667,1.1368683772161603e-13,0.6008,467.73551242733333,467.73551242733345
2025-07-28,208,143,1622.900208333333,1605.1675,-17.732708333332994,0.5359,869.7122216458332,864.9607424479166
2025-07-29,209,0,858.8880708333334,858.8880708333334,0.0,0.4966,426.5238159758333,426.5238159758333
2025-07-29,209,1,864.0002883333334,864.0002883333334,0.0,0.5602,484.0129615243334,484.0129615243334
2025-07-29,209,2,35.309583333333535,35.309583333333535,0.0,0.6302,22.252099416666795,22.252099416666795
2025-07-29,209,3,0.0,0.0,0.0,0.5322,0.0,0.0
2025-07-29,209,4,0.0,0.0,0.0,0.4845,0.0,0.0
2025-07-29,209,5,811.0251666666666,811.0251666666666,0.0,0.5385,436.7370522499999,436.7370522499999
2025-07-29,209,6,804.4779458333333,804.4779458333333,0.0,0.5292,425.72972893499997,425.72972893499997
2025-07-29,209,7,795.7623625,795.7623625,0.0,0.4934,392.6291496575,392.6291496575
2025-07-29,209,8,789.3455833333334,789.3455833333334,0.0,0.4976,392.77836226666665,392.77836226666665
2025-07-29,209,9,1588.2647966666666,1588.2647966666666,0.0,0.5601,889.587112613,889.587112613
2025-07-29,209,10,1578.388575833333,1578.388575833333,0.0,0.6059,956.3456380974166,956.3456380974166
2025-07-29,209,11,1599.3639166666667,1599.3639166666667,0.0,0.6028,964.0965689666667,964.0965689666667
2025-07-29,209,12,777.8509300000001,777.8509300000001,0.0,0.5782,449.7534077260001,449.7534077260001
2025-07-29,209,13,791.8103183333333,791.8103183333333,0.0,0.5327,421.7973565761666,421.7973565761666
2025-07-29,209,14,1616.1379166666666,1616.1379166666666,0.0,0.4962,801.9276342499999,801.9276342499999
2025-07-29,209,15,1536.6885416666664,1536.6885416666664,0.0,0.5082,780.9451168749998,780.9451168749998
2025-07-29,209,16,1543.5770691666667,1543.5770691666667,0.0,0.5037,777.49976973925,777.49976973925
2025-07-29,209,17,1638.871583333333,1638.871583333333,0.0,0.4816,789.2805545333332,789.2805545333332
2025-07-29,209,18,1216.4702725039701,1216.4702725039701,0.0,0.5029,611.7629000422465,611.7629000422465
2025-07-29,209,19,795.0006991666665,795.0006991666665,0.0,0.5177,411.5718619585833,411.5718619585833
2025-07-29,209,20,721.3411666666666,721.3411666666666,0.0,0.5067,365.50356915,365.50356915
2025-07-29,209,21,1528.2443391666666,1528.2443391666666,0.0,0.5047,771.3049179774167,771.3049179774167
2025-07-29,209,22,1535.5587850000002,1535.5587850000002,0.0,0.5251,806.3219180035001,806.3219180035001
2025-07-29,209,23,732.56925,732.56925,0.0,0.5308,388.84775790000003,388.84775790000003
2025-07-29,209,24,781.3053966666666,781.3053966666666,0.0,0.477,372.68267420999996,372.68267420999996
2025-07-29,209,25,792.4204891666667,792.4204891666667,0.0,0.4582,363.0870681361667,363.0870681361667
2025-07-29,209,26,761.7465,761.7465,0.0,0.4711,358.85877615,358.85877615
2025-07-29,209,27,1566.6397124999999,1566.6397124999999,0.0,0.4303,674.12506828875,674.12506828875
2025-07-29,209,28,1550.1271708333334,1550.1271708333334,0.0,0.451,699.1073540458334,699.1073540458334
2025-07-29,209,29,732.7995833333334,732.7995833333334,0.0,0.5256,385.159461,385.159461
2025-07-29,209,30,0.0,0.0,0.0,0.5174,0.0,0.0
2025-07-29,209,31,0.0,0.0,0.0,0.4703,0.0,0.0
2025-07-29,209,32,1450.0085,1450.0085,0.0,0.4247,615.81860995,615.81860995
2025-07-29,209,33,1383.734695,1383.734695,0.0,0.4164,576.187126998,576.187126998
2025-07-29,209,34,578.5246091666666,578.5246091666666,0.0,0.6424,371.64420892866656,371.64420892866656
2025-07-29,209,35,0.0,0.0,0.0,0.947,0.0,0.0
2025-07-29,209,36,0.0,0.0,0.0,0.9441,0.0,0.0
2025-07-29,209,37,0.0,0.0,0.0,0.8875,0.0,0.0
2025-07-29,209,38,0.0,0.0,0.0,0.8987,0.0,0.0
2025-07-29,209,39,0.0,0.0,0.0,0.853,0.0,0.0
2025-07-29,209,40,0.0,0.0,0.0,0.8232,0.0,0.0
2025-07-29,209,41,0.0,0.004479827750957922,0.004479827750957922,0.8065,0.0,0.005419471621721347
2025-07-29,209,42,0.0,853.7432908964088,853.7432908964088,0.7273,0.0,931.391243203437
2025-07-29,209,43,0.0,1155.5372352777777,1155.5372352777777,0.719,0.0,1246.2469082470832
2025-07-29,209,44,0.0,1204.9585083333334,1204.9585083333334,0.7405,0.0,1338.4076631312503
2025-07-29,209,45,0.0,244.28786666666667,244.28786666666667,0.6573,0.0,240.85562214
2025-07-29,209,46,0.0,0.0,0.0,0.8485,0.0,0.0
2025-07-29,209,47,0.0,0.0,0.0,1.202,0.0,0.0
2025-07-29,209,48,0.0,0.0,0.0,1.1945,0.0,0.0
2025-07-29,209,49,0.0,0.0,0.0,1.1318,0.0,0.0
2025-07-29,209,50,0.0,0.0,0.0,1.1468,0.0,0.0
2025-07-29,209,51,0.0,0.0,0.0,1.0625,0.0,0.0
2025-07-29,209,52,0.0,0.0,0.0,1.0061,0.0,0.0
2025-07-29,209,53,0.0,0.0,0.0,1.0267,0.0,0.0
2025-07-29,209,54,0.0,0.0,0.0,1.037,0.0,0.0
2025-07-29,209,55,0.0,0.0,0.0,1.035,0.0,0.0
2025-07-29,209,56,0.0,0.0,0.0,1.0171,0.0,0.0
2025-07-29,209,57,0.0,0.0,0.0,0.9939,0.0,0.0
2025-07-29,209,58,0.0,0.0,0.0,1.1207,0.0,0.0
2025-07-29,209,59,0.0,0.0,0.0,1.3076,0.0,0.0
2025-07-29,209,60,0.0,0.0,0.0,1.2879,0.0,0.0
2025-07-29,209,61,0.0,0.0,0.0,1.2091,0.0,0.0
2025-07-29,209,62,0.0,0.0,0.0,1.2205,0.0,0.0
2025-07-29,209,63,0.0,0.0,0.0,1.2842,0.0,0.0
2025-07-29,209,64,0.0,0.0,0.0,1.0607,0.0,0.0
2025-07-29,209,65,895.7695333333329,895.7695333333328,-1.1368683772161603e-13,0.6768,606.2568201599996,606.2568201599996
2025-07-29,209,66,807.3466947222221,807.3466947222221,0.0,0.6167,497.89070663519436,497.89070663519436
2025-07-29,209,67,824.9358361111108,824.9358361111107,-1.1368683772161603e-13,0.6411,528.8663645308332,528.866364530833
2025-07-29,209,68,920.6755916666664,920.6755916666663,-1.1368683772161603e-13,0.6061,558.0214761091664,558.0214761091664
2025-07-29,209,69,915.0799422222221,1010.3587269444442,95.2787847222221,0.6107,558.8393207151111,646.1194514599026
2025-07-29,209,70,803.1701327777778,897.264713888889,94.09458111111121,0.6023,483.7493709720555,568.7591202768889
2025-07-29,209,71,746.3456500000002,469.93970833333333,-276.4059416666669,0.5576,416.1623344400001,339.10035790333336
2025-07-29,209,72,99.3873250308637,99.3873250308637,0.0,0.5235,52.029264653657144,52.029264653657144
2025-07-29,209,73,58.77789333333362,58.77789333333362,0.0,0.5398,31.728306821333486,31.728306821333486
2025-07-29,209,74,695.4143916666669,547.7913541666667,-147.62303750000024,0.5641,392.2832583391668,350.6461806122918
2025-07-29,209,75,678.4683366666663,598.892226944444,-79.57610972222233,0.5425,368.0690726416665,346.4840528795137
2025-07-29,209,76,0.0,678.6209716666665,678.6209716666665,0.6847,0.0,696.9776689502498
2025-07-29,209,77,0.0,0.0,0.0,0.9392,0.0,0.0
2025-07-29,209,78,0.0,0.0,0.0,1.0186,0.0,0.0
2025-07-29,209,79,0.0,0.0,0.0,0.9985,0.0,0.0
2025-07-29,209,80,0.0,0.0,0.0,0.9661,0.0,0.0
2025-07-29,209,81,0.0,0.0,0.0,0.9526,0.0,0.0
2025-07-29,209,82,0.0,0.0,0.0,1.0855,0.0,0.0
2025-07-29,209,83,0.0,0.0,0.0,1.2807,0.0,0.0
2025-07-29,209,84,0.0,0.0,0.0,1.2996,0.0,0.0
2025-07-29,209,85,0.0,0.0,0.0,1.23,0.0,0.0
2025-07-29,209,86,0.0,0.0,0.0,1.2395,0.0,0.0
2025-07-29,209,87,0.0,0.0,0.0,1.3606,0.0,0.0
2025-07-29,209,88,0.0,0.0,0.0,1.1367,0.0,0.0
2025-07-29,209,89,406.8716500000004,591.4675523821977,184.59590238219732,0.7101,288.91955866500024,485.54188408739776
2025-07-29,209,90,1298.0280138888888,1112.087220833333,-185.9407930555558,0.7058,916.1481722027777,850.529666333472
2025-07-29,209,91,1136.6987786419775,1136.6987786419775,0.0,0.8068,917.0885746083474,917.0885746083474
2025-07-29,209,92,553.9718833333334,1181.0400250000002,627.0681416666669,0.7952,440.5184416266667,1188.485321006667
2025-07-29,209,93,531.052846388889,531.052846388889,0.0,0.7824,415.49574701466673,415.49574701466673
2025-07-29,209,94,565.8528844444444,565.8528844444445,1.1368683772161603e-13,0.8239,466.20619149377774,466.20619149377785
2025-07-29,209,95,636.4116999999999,636.4116999999999,0.0,0.8916,567.4246717199999,567.4246717199999
2025-07-29,209,96,631.2678958333335,690.9757377777779,59.70784194444445,0.918,579.5039283750001,661.7216267325001
2025-07-29,209,97,699.6135758333332,746.0850780555558,46.47150222222251,0.9413,658.5462589319166,724.1616964945837
2025-07-29,209,98,826.4159416666669,826.415941666667,1.1368683772161603e-13,0.9779,808.1521493558336,808.1521493558337
2025-07-29,209,99,837.7436200000002,845.5963761111113,7.852756111111148,1.0099,846.0372818380002,857.933029432917
2025-07-29,209,100,812.7573016666665,812.7573016666665,0.0,1.0726,871.7634817676666,871.7634817676666
2025-07-29,209,101,859.488516666667,859.489088201169,0.000571534502000759,1.1057,950.3364528783336,950.3374007968819
2025-07-29,209,102,999.7146158333333,1038.5490741666667,38.83445833333349,1.0197,1019.40899376525,1078.8082395090003
2025-07-29,209,103,1025.208875,1048.6493525,23.440477500000043,1.0333,1059.3483305375,1095.6798986386252
2025-07-29,209,104,963.2704083333334,963.2704083333335,1.1368683772161603e-13,1.1267,1085.3167690691669,1085.316769069167
2025-07-29,209,105,1012.386686666667,1012.3866866666671,1.1368683772161603e-13,1.0798,1093.1751442626671,1093.1751442626673
2025-07-29,209,106,976.7524533333336,976.7524533333334,-2.2737367544323206e-13,1.1237,1097.5767318106668,1097.5767318106668
2025-07-29,209,107,832.5921166666667,953.0180177689165,120.42590110224978,1.291,1074.8764226166666,1308.0811801011732
2025-07-29,209,108,869.0718016666666,869.0718016666665,-1.1368683772161603e-13,1.3625,1184.1103297708332,1184.1103297708332
2025-07-29,209,109,876.3540898148138,876.354089814814,1.1368683772161603e-13,1.3692,1199.904019774443,1199.9040197744432
2025-07-29,209,110,877.5044333333333,879.8731145833333,2.3686812500000087,1.3638,1196.74054618,1201.586157413125
2025-07-29,209,111,940.6616949999998,942.2408158333332,1.579120833333377,1.3812,1299.2419331339997,1302.5135556765
2025-07-29,209,112,963.5905799999998,963.5905799999998,0.0,1.5486,1492.2163721879997,1492.2163721879997
2025-07-29,209,113,232.93975515025522,232.9397551502552,-2.842170943040401e-14,1.7497,407.5746895864016,407.5746895864015
2025-07-29,209,114,128.40967666666688,128.40967666666683,-5.684341886080802e-14,1.7172,220.50509677200037,220.50509677200034
2025-07-29,209,115,143.84844583333336,143.84844583333336,0.0,1.6407,236.01214507875005,236.01214507875005
2025-07-29,209,116,156.6325833333334,156.6325833333334,0.0,1.6541,259.0859560916668,259.0859560916668
2025-07-29,209,117,195.2140241666666,195.21402416666658,-2.842170943040401e-14,1.7077,333.36698906941655,333.3669890694165
2025-07-29,209,118,204.03347833333342,204.03347833333342,0.0,1.7111,349.12168477616683,349.12168477616683
2025-07-29,209,119,172.20433333333347,173.10808333333352,0.9037500000000591,1.6636,286.4791289333335,288.7343466833337
2025-07-29,209,120,168.4338100000001,168.4338100000001,0.0,1.6405,276.3156653050002,276.3156653050002
2025-07-29,209,121,173.15170166666672,173.15170166666672,0.0,1.6302,282.2719040570001,282.2719040570001
2025-07-29,209,122,182.98008333333348,182.9800833333335,2.842170943040401e-14,1.6573,303.2528921083336,303.25289210833364
2025-07-29,209,123,206.41836916666648,206.41836916666645,-2.842170943040401e-14,1.714,353.80108475166634,353.8010847516663
2025-07-29,209,124,1010.4012175,969.0021666666667,-41.399050833333376,1.4547,1469.8306510972502,1439.7190514736253
2025-07-29,209,125,958.2185000000001,948.3240833333333,-9.894416666666757,1.0421,998.5594988500001,993.4040130458334
2025-07-29,209,126,1084.6062712037035,1008.5984908333332,-76.00778037037026,1.0184,1104.5630265938516,1065.859864829259
2025-07-29,209,127,1030.962885,1030.962885,0.0,1.0869,1120.5535597065,1120.5535597065
2025-07-29,209,128,1046.2968333333333,1046.2968333333333,0.0,1.0934,1144.0209575666665,1144.0209575666665
2025-07-29,209,129,994.2586483333334,994.2586483333336,1.1368683772161603e-13,1.1337,1127.1910296155002,1127.1910296155004
2025-07-29,209,130,972.4344091666667,972.4344091666666,-1.1368683772161603e-13,0.8962,871.4957174951667,871.4957174951666
2025-07-29,209,131,799.9144166666665,799.9144166666664,-1.1368683772161603e-13,0.5254,420.27503451666655,420.27503451666655
2025-07-29,209,132,1554.3467466666664,1554.3467466666664,0.0,0.5256,816.9646500479997,816.9646500479997
2025-07-29,209,133,1560.1306283333333,1560.1306283333333,0.0,0.603,940.758768885,940.758768885
2025-07-29,209,134,1564.4168397892488,1564.4168397892493,4.547473508864641e-13,0.5781,904.3893750821646,904.389375082165
2025-07-29,209,135,782.9921183333332,782.9921183333332,0.0,0.5586,437.3793973009999,437.3793973009999
2025-07-29,209,136,778.7168475,778.7168474999997,-2.2737367544323206e-13,0.5235,407.65826966624996,407.6582696662499
2025-07-29,209,137,1581.19875,1581.19875,0.0,0.4865,769.253191875,769.253191875
2025-07-29,209,138,847.0461975000001,847.0461974999998,-2.2737367544323206e-13,0.5092,431.315923767,431.31592376699996
2025-07-29,209,139,805.5921502558746,805.5921502558747,1.1368683772161603e-13,0.5597,450.88992649821296,450.8899264982131
2025-07-29,209,140,1642.9564999999998,1642.9564999999998,0.0,0.5814,955.2149090999999,955.2149090999999
2025-07-29,209,141,1627.50677,1627.5016088970426,-0.005161102957345065,0.5441,885.526433557,885.5250294789405
2025-07-29,209,142,785.4902883333333,785.4902883333333,0.0,0.5254,412.6965974903333,412.6965974903333
2025-07-29,209,143,31.326624999999922,31.326624999999925,3.552713678800501e-15,0.5394,16.897581524999957,16.89758152499996
2025-07-30,210,0,822.4840716666668,822.4840716666668,0.0,0.5309,436.6567936478334,436.6567936478334
2025-07-30,210,1,846.4391150000001,846.4391150000001,0.0,0.5273,446.3273453395001,446.3273453395001
2025-07-30,210,2,55.08058333333349,55.08058333333349,0.0,0.5379,29.62784577500009,29.62784577500009
2025-07-30,210,3,0.0,0.0,0.0,0.5437,0.0,0.0
2025-07-30,210,4,770.6444083333333,770.6444083333333,0.0,0.5664,436.49299288000003,436.49299288000003
2025-07-30,210,5,1602.849083333333,1602.849083333333,0.0,0.5822,933.1787363166666,933.1787363166666
2025-07-30,210,6,1603.7923333333333,1603.7923333333333,0.0,0.5382,863.1610338,863.1610338
2025-07-30,210,7,1631.9048591666665,1631.9048591666665,0.0,0.4867,794.2480949564166,794.2480949564166
2025-07-30,210,8,821.4097499999998,821.4097499999998,0.0,0.484,397.5623189999999,397.5623189999999
2025-07-30,210,9,1592.9910391666667,1592.9910391666667,0.0,0.5408,861.4895539813333,861.4895539813333
2025-07-30,210,10,876.9127755977873,876.9127755977873,0.0,0.5819,510.27554412035244,510.27554412035244
2025-07-30,210,11,768.9131666666666,768.9131666666666,0.0,0.5808,446.58476719999993,446.58476719999993
2025-07-30,210,12,0.0,0.0,0.0,0.5742,0.0,0.0
2025-07-30,210,13,0.0,0.0,0.0,0.5698,0.0,0.0
2025-07-30,210,14,767.2475,767.2475,0.0,0.5558,426.4361604999999,426.4361604999999
2025-07-30,210,15,724.3878758333333,724.3878758333333,0.0,0.5238,379.4343693615,379.4343693615
2025-07-30,210,16,1564.1753024999998,1564.1753024999998,0.0,0.5232,818.3765182679999,818.3765182679999
2025-07-30,210,17,1615.2546666666667,1615.2546666666667,0.0,0.5536,894.2049834666667,894.2049834666667
2025-07-30,210,18,1643.6693575,1643.6693575,0.0,0.563,925.3858482724999,925.3858482724999
2025-07-30,210,19,1603.213428333333,1603.213428333333,0.0,0.5479,878.4006373838332,878.4006373838332
2025-07-30,210,20,1537.0234999999998,1537.0234999999998,0.0,0.5169,794.48744715,794.48744715
2025-07-30,210,21,1545.2301891666666,1545.2301891666666,0.0,0.4821,744.9554741972499,744.9554741972499
2025-07-30,210,22,1572.467403333333,1572.467403333333,0.0,0.4729,743.6198350363333,743.6198350363333
2025-07-30,210,23,749.7701666666667,749.7701666666667,0.0,0.5033,377.35932488333333,377.35932488333333
2025-07-30,210,24,0.0,0.0,0.0,0.5509,0.0,0.0
2025-07-30,210,25,0.0,0.0,0.0,0.5329,0.0,0.0
2025-07-30,210,26,780.6424999999999,780.6424999999999,0.0,0.4938,385.4812665,385.4812665
2025-07-30,210,27,726.8309774999999,726.8309774999999,0.0,0.5463,397.0677630082499,397.0677630082499
2025-07-30,210,28,1535.4390225,1535.4390225,0.0,0.5187,796.4322209707501,796.4322209707501
2025-07-30,210,29,1568.9908333333333,1568.9908333333333,0.0,0.425,666.8211041666666,666.8211041666666
2025-07-30,210,30,757.4400633333335,757.4400633333335,0.0,0.4588,347.5135010573334,347.5135010573334
2025-07-30,210,31,0.0,0.0,0.0,0.4992,0.0,0.0
2025-07-30,210,32,694.2207499999986,694.2207499999986,0.0,0.4489,311.6356946749994,311.6356946749994
2025-07-30,210,33,1419.2951349999998,1419.2951349999998,0.0,0.3727,528.9712968144999,528.9712968144999
2025-07-30,210,34,602.1290658333332,602.1290658333332,0.0,0.5423,326.5345924014166,326.5345924014166
2025-07-30,210,35,0.0,0.0,0.0,0.8551,0.0,0.0
2025-07-30,210,36,0.0,0.0,0.0,0.9202,0.0,0.0
2025-07-30,210,37,0.0,0.0,0.0,0.8875,0.0,0.0
2025-07-30,210,38,0.0,0.0,0.0,0.8822,0.0,0.0
2025-07-30,210,39,0.0,419.55964918808894,419.55964918808894,0.8703,0.0,547.7141440325908
2025-07-30,210,40,0.0,0.0,0.0,0.8389,0.0,0.0
2025-07-30,210,41,0.0,0.0,0.0,0.7756,0.0,0.0
2025-07-30,210,42,0.0,0.0,0.0,0.6954,0.0,0.0
2025-07-30,210,43,0.0,496.32963472222235,496.32963472222235,0.7372,0.0,548.8413100758335
2025-07-30,210,44,0.0,1248.7929583333334,1248.7929583333334,0.8038,0.0,1505.6696698625
2025-07-30,210,45,0.0,576.5623048838779,576.5623048838779,0.7005,0.0,605.8228418567347
2025-07-30,210,46,0.0,0.0,0.0,0.8803,0.0,0.0
2025-07-30,210,47,0.0,0.0,0.0,1.247,0.0,0.0
2025-07-30,210,48,0.0,0.0,0.0,1.2207,0.0,0.0
2025-07-30,210,49,0.0,0.0,0.0,1.1263,0.0,0.0
2025-07-30,210,50,0.0,0.0,0.0,1.1502,0.0,0.0
2025-07-30,210,51,0.0,0.0,0.0,1.1492,0.0,0.0
2025-07-30,210,52,0.0,0.0,0.0,1.1467,0.0,0.0
2025-07-30,210,53,0.0,0.0,0.0,1.1393,0.0,0.0
2025-07-30,210,54,0.0,0.0,0.0,1.0798,0.0,0.0
2025-07-30,210,55,0.0,0.0,0.0,1.0301,0.0,0.0
2025-07-30,210,56,0.0,0.0,0.0,0.997,0.0,0.0
2025-07-30,210,57,0.0,0.0,0.0,0.9478,0.0,0.0
2025-07-30,210,58,0.0,0.0,0.0,1.016,0.0,0.0
2025-07-30,210,59,0.0,0.0,0.0,1.1688,0.0,0.0
2025-07-30,210,60,0.0,0.0,0.0,1.2188,0.0,0.0
2025-07-30,210,61,0.0,0.0,0.0,1.1966,0.0,0.0
2025-07-30,210,62,0.0,0.0,0.0,1.1884,0.0,0.0
2025-07-30,210,63,0.0,0.0,0.0,1.2025,0.0,0.0
2025-07-30,210,64,0.0,0.0,0.0,0.9596,0.0,0.0
2025-07-30,210,65,752.340733333333,752.3407333333331,1.1368683772161603e-13,0.6058,455.76801625333314,455.76801625333326
2025-07-30,210,66,671.5606244444441,671.5606244444442,1.1368683772161603e-13,0.5992,402.39912616711086,402.399126167111
2025-07-30,210,67,0.0,0.0,0.0,0.6718,0.0,0.0
2025-07-30,210,68,0.0,734.9101166666669,734.9101166666669,0.6456,0.0,711.6869569800002
2025-07-30,210,69,0.0,773.1927411111108,773.1927411111108,0.6008,0.0,696.801298289333
2025-07-30,210,70,460.73311499999215,673.0442155555554,212.31110055556326,0.5437,250.50059462549572,423.6509126835854
2025-07-30,210,71,0.0,517.5390833333331,517.5390833333331,0.5014,0.0,389.24114457499985
2025-07-30,210,72,0.0,0.0,0.0,0.5169,0.0,0.0
2025-07-30,210,73,659.5847152777778,527.3590305555554,-132.22568472222247,0.529,348.9203143819445,313.9466207729167
2025-07-30,210,74,488.46531666666624,488.4653166666662,-5.684341886080802e-14,0.4885,238.61530719166646,238.61530719166643
2025-07-30,210,75,457.71653055555544,562.9123569444444,105.19582638888892,0.4369,199.97635219972219,268.91643702368054
2025-07-30,210,76,0.0,596.0657925,596.0657925,0.6046,0.0,540.57206721825
2025-07-30,210,77,0.0,0.0,0.0,0.8771,0.0,0.0
2025-07-30,210,78,0.0,0.0,0.0,0.8914,0.0,0.0
2025-07-30,210,79,0.0,0.0,0.0,0.8487,0.0,0.0
2025-07-30,210,80,0.0,0.0,0.0,0.8671,0.0,0.0
2025-07-30,210,81,0.0,0.0,0.0,0.883,0.0,0.0
2025-07-30,210,82,0.0,0.0,0.0,1.0124,0.0,0.0
2025-07-30,210,83,0.0,0.0,0.0,1.1938,0.0,0.0
2025-07-30,210,84,0.0,0.0,0.0,1.2129,0.0,0.0
2025-07-30,210,85,0.0,0.0,0.0,1.1453,0.0,0.0
2025-07-30,210,86,0.0,0.0,0.0,1.1585,0.0,0.0
2025-07-30,210,87,0.0,0.0,0.0,1.3037,0.0,0.0
2025-07-30,210,88,0.0,0.0,0.0,1.1305,0.0,0.0
2025-07-30,210,89,175.97291666666706,1149.724333333333,973.751416666666,0.7498,131.94449291666697,1227.1227112416664
2025-07-30,210,90,506.35907138888774,594.7458395189042,88.38676813001643,0.7437,376.57924139191584,475.1791005793557
2025-07-30,210,91,344.5496880555553,743.2230259338914,398.67333787833616,0.8465,291.66131093902754,797.876781710045
2025-07-30,210,92,383.77396666666664,620.3886583333334,236.61469166666677,0.8589,329.62345997,634.4659979787501
2025-07-30,210,93,378.6970161111109,494.0129238888891,115.3159077777782,0.8579,324.88417012172204,473.27844604555594
2025-07-30,210,94,470.7860397222224,470.7911265579966,0.005086835774193332,0.8797,414.1504791436391,414.1571914777849
2025-07-30,210,95,595.8166833333333,679.7576999999997,83.94101666666631,0.9138,544.45728523,659.5152367749995
2025-07-30,210,96,551.1064411111109,712.3109913888886,161.20455027777768,0.9294,512.1983263686665,736.9335899109163
2025-07-30,210,97,611.6391355555555,742.733487777778,131.09435222222248,0.9466,578.9776057168889,765.1184764372226
2025-07-30,210,98,772.4170666666666,804.0516333333333,31.634566666666615,0.9762,754.0335404799999,800.3560364499999
2025-07-30,210,99,784.3507561111111,843.0786455555555,58.72788944444437,1.0053,788.5078151185,877.06653600625
2025-07-30,210,100,780.2744572222224,780.2744572222224,0.0,1.016,792.7588485377779,792.7588485377779
2025-07-30,210,101,836.1305333333338,836.1305333333338,0.0,1.0277,859.2913491066672,859.2913491066672
2025-07-30,210,102,888.9657033333333,942.3783366666667,53.41263333333336,1.0756,956.1715105053332,1042.3474531253332
2025-07-30,210,103,913.8125933333333,949.2820041666665,35.4694108333332,1.1071,1011.6819220793333,1070.584199179708
2025-07-30,210,104,940.5441916666664,940.5441916666666,2.2737367544323206e-13,1.0978,1032.5294136116665,1032.529413611667
2025-07-30,210,105,977.8537450000001,977.8537450000003,2.2737367544323206e-13,1.0922,1068.0118602890002,1068.0118602890007
2025-07-30,210,106,924.6508450000003,924.6508450000002,-1.1368683772161603e-13,1.1976,1107.3618519720005,1107.3618519720003
2025-07-30,210,107,779.4785824999999,874.7472291666668,95.26864666666688,1.3761,1072.64047737825,1269.2892543952503
2025-07-30,210,108,888.2043833333332,950.0328754166665,61.82849208333323,1.4668,1302.8181894733332,1438.853237755083
2025-07-30,210,109,935.7325733333334,1045.8917024999998,110.15912916666639,1.4606,1366.7309966106668,1608.0786327019161
2025-07-30,210,110,867.3572499999998,1040.1431145833335,172.7858645833337,1.4184,1230.2595233999998,1597.8787288875005
2025-07-30,210,111,929.0683558333333,1763.3637335611777,834.2953777278444,1.4247,1323.64368655575,3106.5746235290403
2025-07-30,210,112,984.9219033333331,1032.2565179166666,47.334614583333405,1.5277,1504.665191722333,1613.1348277707707
2025-07-30,210,113,173.40458333333333,232.65475000000038,59.25016666666704,1.6383,284.088728875,429.69305095000095
2025-07-30,210,114,158.5990108333334,275.5686324999999,116.96962166666651,1.6137,255.9312237817501,539.0620415069998
2025-07-30,210,115,155.07615999999996,306.9345541666668,151.85839416666687,1.5997,248.07533315199993,612.4671428746253
2025-07-30,210,116,286.45257913173737,349.89267204839996,63.44009291666259,1.6547,473.9930826892858,631.4545653130882
2025-07-30,210,117,203.89051833333338,228.68580499999985,24.79528666666647,1.6898,344.53419787966675,407.3828109936662
2025-07-30,210,118,196.50271333333345,242.5012491666667,45.99853583333325,1.6763,329.3974983606668,445.05851678679164
2025-07-30,210,119,157.9003333333335,286.50475000000006,128.60441666666657,1.6523,260.89872076666694,579.6383372541667
2025-07-30,210,120,161.40116916666682,228.04865500000028,66.64748583333346,1.6709,269.6852135605836,436.7271396789589
2025-07-30,210,121,170.76747583333344,170.7674758333334,-2.842170943040401e-14,1.6512,281.97125609600016,281.9712560960001
2025-07-30,210,122,179.17041666666682,206.06758333333323,26.897166666666408,1.6286,291.7969405833336,357.5040290333329
2025-07-30,210,123,205.53895333333344,265.33771416666673,59.79876083333329,1.6832,345.96316625066686,496.94307760266673
2025-07-30,210,124,1009.6749249999999,1102.5445016666667,92.86957666666683,1.4891,1503.5069308175,1710.9450607390004
2025-07-30,210,125,950.9140833333333,1072.7048333333332,121.79074999999989,1.1331,1077.480747825,1284.4823960625
2025-07-30,210,126,1807.4477649999997,1807.4477649999992,-4.547473508864641e-13,1.0589,1913.9064383584996,1913.9064383584994
2025-07-30,210,127,1004.4584708333335,1077.6018616666665,73.143390833333,1.087,1091.8463577958335,1211.106656549583
2025-07-30,210,128,1000.9174166666667,1045.0137499999998,44.09633333333318,1.1189,1119.9264975083333,1193.935578558333
2025-07-30,210,129,299.57390958333326,415.0255127500005,115.45160316666721,1.1925,357.2418871781249,563.7559423425008
2025-07-30,210,130,960.8485683333332,960.8485683333331,-1.1368683772161603e-13,0.9462,909.1549153569999,909.1549153569998
2025-07-30,210,131,778.2589166666664,778.2589166666666,1.1368683772161603e-13,0.5309,413.17765885833325,413.17765885833336
2025-07-30,210,132,1562.2428241666667,1163.0263013537285,-399.21652281293814,0.5009,782.5274306250833,682.543652486583
2025-07-30,210,133,859.9314091666666,848.6867483333332,-11.244660833333455,0.5778,496.86836821649996,493.6197857017499
2025-07-30,210,134,1598.956083333333,1598.956083333333,0.0,0.5635,901.0117529583332,901.0117529583332
2025-07-30,210,135,1605.1807766666666,1600.2398591666665,-4.940917500000069,0.5418,869.6869447979999,868.3484502472498
2025-07-30,210,136,1589.2931620752406,857.2277491666667,-732.0654129085739,0.5404,858.8540247854601,661.0499502175634
2025-07-30,210,137,1591.13375,1591.1337500000002,2.2737367544323206e-13,0.5392,857.939318,857.9393180000002
2025-07-30,210,138,1580.234495,1580.2344950000002,2.2737367544323206e-13,0.5101,806.0776158995,806.0776158995002
2025-07-30,210,139,1593.0095241666668,1593.0095241666666,-2.2737367544323206e-13,0.5114,814.6650706588333,814.6650706588333
2025-07-30,210,140,789.4556232682354,789.4556232682352,-2.2737367544323206e-13,0.5311,419.27988151775986,419.27988151775975
2025-07-30,210,141,809.3172533333334,809.3172533333335,1.1368683772161603e-13,0.5044,408.21962258133334,408.21962258133345
2025-07-30,210,142,27.68944833333353,28.183874166666783,0.49442583333325274,0.5182,14.348672126333435,14.732989326583372
2025-07-30,210,143,34.92837499999996,0.03460673269861443,-34.89376826730135,0.5489,19.17218503749998,9.595590336539125
2025-07-31,211,0,8.245229166666718,8.245229166666718,0.0,0.4865,4.011303989583358,4.011303989583358
2025-07-31,211,1,859.2644008333334,859.2644008333334,0.0,0.4669,401.19054874908335,401.19054874908335
2025-07-31,211,2,874.4143333333335,874.4143333333335,0.0,0.5141,449.53640876666674,449.53640876666674
2025-07-31,211,3,820.9832091666667,820.9832091666667,0.0,0.5208,427.56805533400006,427.56805533400006
2025-07-31,211,4,802.9385958333335,802.9385958333335,0.0,0.5468,439.0468242016667,439.0468242016667
2025-07-31,211,5,819.0616666666666,819.0616666666666,0.0,0.5718,468.339461,468.339461
2025-07-31,211,6,1618.5125391666666,1618.5125391666666,0.0,0.5131,830.4587838464166,830.4587838464166
2025-07-31,211,7,1610.4422949999998,1610.4422949999998,0.0,0.5238,843.549674121,843.549674121
2025-07-31,211,8,0.0,0.0,0.0,0.588,0.0,0.0
2025-07-31,211,9,1587.0779291666665,1587.0779291666665,0.0,0.5321,844.4841661095833,844.4841661095833
2025-07-31,211,10,1560.369585,1560.369585,0.0,0.465,725.571857025,725.571857025
2025-07-31,211,11,1583.5911666666666,1583.5911666666666,0.0,0.4734,749.6720582999999,749.6720582999999
2025-07-31,211,12,0.0,0.0,0.0,0.5376,0.0,0.0
2025-07-31,211,13,0.0,0.0,0.0,0.5963,0.0,0.0
2025-07-31,211,14,0.305166047954458,0.305166047954458,0.0,0.5848,0.17846110484376704,0.17846110484376704
2025-07-31,211,15,1547.4717241666667,1547.4717241666667,0.0,0.4904,758.8801335313334,758.8801335313334
2025-07-31,211,16,1566.6492325,1566.6492325,0.0,0.4735,741.8084115887499,741.8084115887499
2025-07-31,211,17,1648.0137499999998,1648.0137499999998,0.0,0.5255,866.0312256249998,866.0312256249998
2025-07-31,211,18,1657.8102691666668,1657.8102691666668,0.0,0.4959,822.10811247975,822.10811247975
2025-07-31,211,19,772.3843191666666,772.3843191666666,0.0,0.5054,390.36303490683326,390.36303490683326
2025-07-31,211,20,1036.24480035076,1036.24480035076,0.0,0.5602,580.5043371564958,580.5043371564958
2025-07-31,211,21,1553.539785,1553.539785,0.0,0.5334,828.658121319,828.658121319
2025-07-31,211,22,1565.2778858333331,1565.2778858333331,0.0,0.4991,781.2301928194165,781.2301928194165
2025-07-31,211,23,738.5902500000001,738.5902500000001,0.0,0.4983,368.03952157500004,368.03952157500004
2025-07-31,211,24,0.0,0.0,0.0,0.4957,0.0,0.0
2025-07-31,211,25,789.8536783333334,789.8536783333334,0.0,0.4937,389.95076099316674,389.95076099316674
2025-07-31,211,26,1594.7656666666664,1594.7656666666664,0.0,0.4993,796.2664973666666,796.2664973666666
2025-07-31,211,27,745.6954824999999,745.6954824999999,0.0,0.5113,381.27410020224994,381.27410020224994
2025-07-31,211,28,0.0,0.0,0.0,0.519,0.0,0.0
2025-07-31,211,29,740.7443333333335,740.7443333333335,0.0,0.5066,375.2610792666668,375.2610792666668
2025-07-31,211,30,770.1733605555556,770.1733605555556,0.0,0.4711,362.8286701577223,362.8286701577223
2025-07-31,211,31,732.6151077777777,732.6151077777777,0.0,0.4657,341.1788556921111,341.1788556921111
2025-07-31,211,32,1463.7083249999998,1463.7083249999998,0.0,0.4503,659.1078587474999,659.1078587474999
2025-07-31,211,33,1411.1621122222218,1411.1621122222218,0.0,0.381,537.6527647566666,537.6527647566666
2025-07-31,211,34,0.0,0.0,0.0,0.6009,0.0,0.0
2025-07-31,211,35,0.0,0.0,0.0,0.9738,0.0,0.0
2025-07-31,211,36,0.0,0.0,0.0,0.9826,0.0,0.0
2025-07-31,211,37,0.0,0.0,0.0,0.8833,0.0,0.0
2025-07-31,211,38,0.0,0.0,0.0,0.8768,0.0,0.0
2025-07-31,211,39,0.0,0.0,0.0,0.8996,0.0,0.0
2025-07-31,211,40,0.0,0.0,0.0,0.8574,0.0,0.0
2025-07-31,211,41,0.0,0.0,0.0,0.7864,0.0,0.0
2025-07-31,211,42,0.0,275.8368140947191,275.8368140947191,0.8003,0.0,331.12830348000557
2025-07-31,211,43,0.0,419.9250447222221,419.9250447222221,0.7845,0.0,494.1467963768748
2025-07-31,211,44,0.0,1201.1336236728375,1201.1336236728375,0.6889,0.0,1241.1914300223266
2025-07-31,211,45,0.0,261.3201944444445,261.3201944444445,0.6264,0.0,245.53645470000004
2025-07-31,211,46,0.0,0.0,0.0,0.8496,0.0,0.0
2025-07-31,211,47,0.0,0.0,0.0,1.2021,0.0,0.0
2025-07-31,211,48,0.0,0.0,0.0,1.2467,0.0,0.0
2025-07-31,211,49,0.0,0.0,0.0,1.1823,0.0,0.0
2025-07-31,211,50,0.0,0.0,0.0,1.1587,0.0,0.0
2025-07-31,211,51,0.0,0.0,0.0,1.1237,0.0,0.0
2025-07-31,211,52,0.0,0.0,0.0,1.0697,0.0,0.0
2025-07-31,211,53,0.0,0.0,0.0,1.0353,0.0,0.0
2025-07-31,211,54,0.0,0.0,0.0,1.0613,0.0,0.0
2025-07-31,211,55,0.0,0.0,0.0,1.0691,0.0,0.0
2025-07-31,211,56,0.0,0.0,0.0,1.0226,0.0,0.0
2025-07-31,211,57,0.0,0.0,0.0,0.9812,0.0,0.0
2025-07-31,211,58,0.0,0.0,0.0,1.0835,0.0,0.0
2025-07-31,211,59,0.0,0.0,0.0,1.2426,0.0,0.0
2025-07-31,211,60,0.0,0.0,0.0,1.2195,0.0,0.0
2025-07-31,211,61,0.0,0.0,0.0,1.1416,0.0,0.0
2025-07-31,211,62,0.0,0.0,0.0,1.1585,0.0,0.0
2025-07-31,211,63,0.0,0.0,0.0,1.2462,0.0,0.0
2025-07-31,211,64,0.0,0.0,0.0,0.999,0.0,0.0
2025-07-31,211,65,732.3279833333329,704.3229333333336,-28.0050499999993,0.5496,402.48745963999977,394.7916718999999
2025-07-31,211,66,675.5514813888888,664.2120622222221,-11.33941916666663,0.4642,313.59099766072217,310.9591184721388
2025-07-31,211,67,704.335093611111,704.3350936111111,1.1368683772161603e-13,0.5222,367.8037858837222,367.8037858837223
2025-07-31,211,68,795.7215916666667,795.7215916666668,1.1368683772161603e-13,0.5502,437.806019735,437.8060197350001
2025-07-31,211,69,805.5203955555553,773.621424722222,-31.89897083333335,0.5958,479.92905167199984,470.4263482607499
2025-07-31,211,70,735.682246111111,728.0289411111112,-7.653304999999818,0.5886,433.02257006099995,430.77020239949996
2025-07-31,211,71,239.79259697530603,447.3396458333332,207.54704885802715,0.5222,125.2196941405048,287.7912975109975
2025-07-31,211,72,15.94087083333352,15.940870833333522,1.7763568394002505e-15,0.4792,7.638865303333423,7.638865303333424
2025-07-31,211,73,850.3368433333335,530.0748836111109,-320.2619597222226,0.5116,435.03232904933344,353.1093197523889
2025-07-31,211,74,701.2946583333332,584.9831729166665,-116.31148541666676,0.5572,390.7613836233333,358.35700378624995
2025-07-31,211,75,670.5163616666664,630.0327755555552,-40.48358611111121,0.5376,360.46959603199986,349.58760808533316
2025-07-31,211,76,0.0,140.78415992612378,140.78415992612378,0.7114,0.0,150.23077705716668
2025-07-31,211,77,0.0,0.0,0.0,0.976,0.0,0.0
2025-07-31,211,78,0.0,0.0,0.0,0.9489,0.0,0.0
2025-07-31,211,79,0.0,0.0,0.0,0.8997,0.0,0.0
2025-07-31,211,80,0.0,0.0,0.0,0.9385,0.0,0.0
2025-07-31,211,81,0.0,0.0,0.0,0.931,0.0,0.0
2025-07-31,211,82,0.0,0.0,0.0,1.0617,0.0,0.0
2025-07-31,211,83,0.0,0.0,0.0,1.2567,0.0,0.0
2025-07-31,211,84,0.0,0.0,0.0,1.2308,0.0,0.0
2025-07-31,211,85,0.0,0.0,0.0,1.2065,0.0,0.0
2025-07-31,211,86,0.0,0.0,0.0,1.3185,0.0,0.0
2025-07-31,211,87,0.0,0.0,0.0,1.4269,0.0,0.0
2025-07-31,211,88,0.0,0.0,0.0,1.1923,0.0,0.0
2025-07-31,211,89,1093.4233333333336,1093.4233333333336,0.0,0.7868,860.305478666667,860.305478666667
2025-07-31,211,90,1191.9691030555555,1142.5525183333332,-49.4165847222223,0.7449,887.8977848660833,869.4925778862917
2025-07-31,211,91,873.2017024382722,873.2017024382724,2.2737367544323206e-13,0.8266,721.7885272354757,721.788527235476
2025-07-31,211,92,378.0209166666667,453.9127916666665,75.8918749999998,0.857,323.9639255833334,421.5229308958331
2025-07-31,211,93,335.62784388888895,335.62784388888895,0.0,0.904,303.4075708755556,303.4075708755556
2025-07-31,211,94,381.6589127777778,381.6589127777778,0.0,0.9462,361.12566327033335,361.12566327033335
2025-07-31,211,95,467.69849999999997,554.2333666666664,86.5348666666664,0.947,442.91047949999995,565.8332575999996
2025-07-31,211,96,486.28115055555577,652.5845619444444,166.30341138888866,0.9017,438.4797134559446,663.4133925299859
2025-07-31,211,97,567.394123611111,666.5225233333333,99.1283997222223,0.8895,504.6970729520832,636.9591402814583
2025-07-31,211,98,709.0245666666666,709.0245666666666,0.0,0.9399,666.41219021,666.41219021
2025-07-31,211,99,754.3115922222224,825.6533761111114,71.34178388888893,1.0109,762.5335885774446,870.7127025773613
2025-07-31,211,100,773.8591444444443,913.2862522222222,139.4271077777779,1.0572,818.1238875066664,1039.2273950206666
2025-07-31,211,101,843.6378833333335,843.6378833333335,0.0,1.0653,898.7274371150002,898.7274371150002
2025-07-31,211,102,944.8020630555555,944.8020630555558,2.2737367544323206e-13,1.06,1001.4901868388889,1001.4901868388893
2025-07-31,211,103,960.5213311111112,960.5213311111111,-1.1368683772161603e-13,1.0919,1048.7932414402223,1048.7932414402223
2025-07-31,211,104,930.0324416666667,930.0324416666666,-1.1368683772161603e-13,1.146,1065.81717815,1065.8171781499998
2025-07-31,211,105,989.8553155555558,989.8553155555558,0.0,1.1663,1154.4682545324447,1154.4682545324447
2025-07-31,211,106,972.5809119444442,972.5809119444442,0.0,1.2117,1178.4762910030831,1178.4762910030831
2025-07-31,211,107,824.2883991666665,1556.7501472965391,732.4617481298726,1.3056,1076.1909339519998,2510.6440214895424
2025-07-31,211,108,903.0063233333333,951.8234404166666,48.8171170833333,1.3962,1260.777428638,1363.0151169456249
2025-07-31,211,109,926.9846425,1026.7346716666666,99.75002916666665,1.399,1296.8515148575,1506.17695106375
2025-07-31,211,110,857.4818250000001,1022.4608645833334,164.97903958333336,1.3525,1159.7441683125,1494.4453948671876
2025-07-31,211,111,934.1737591666665,1027.0756466666664,92.90188749999993,1.3919,1300.276455384083,1494.2416612009579
2025-07-31,211,112,975.7029633333332,1020.4353029166667,44.732339583333555,1.5127,1475.945872634333,1577.445787765896
2025-07-31,211,113,133.92525000000012,193.17541666666716,59.25016666666704,1.6296,218.2445874000002,363.0756948000011
2025-07-31,211,114,130.16809000000023,247.13771166666697,116.96962166666674,1.6538,215.2719872420004,505.4385277105006
2025-07-31,211,115,247.19842496507056,287.4713233333336,40.27289836826304,1.6575,409.7313893796044,509.8598829476984
2025-07-31,211,116,147.93325000000004,263.65183333333357,115.71858333333353,1.6751,247.8029870750001,538.5632854875005
2025-07-31,211,117,181.0459900000002,205.84127666666677,24.795286666666584,1.6758,303.39687004200033,365.7247821360001
2025-07-31,211,118,190.84853749999994,236.84707333333319,45.99853583333325,1.6814,320.8927309524999,436.90563817774967
2025-07-31,211,119,163.99125000000015,292.59566666666683,128.60441666666668,1.6827,275.94807637500026,600.5520542625003
2025-07-31,211,120,155.21253833333344,221.86002416666702,66.64748583333358,1.6471,255.65057188883353,420.3131827629591
2025-07-31,211,121,161.12803833333345,161.12803833333342,-2.842170943040401e-14,1.6274,262.21976958366685,262.2197695836668
2025-07-31,211,122,178.78508333333343,264.9892553817332,86.20417204839976,1.6763,299.69743519166684,516.4535155987656
2025-07-31,211,123,196.30031500000018,256.0990758333335,59.79876083333329,1.7439,342.3281193285003,498.7527078543752
2025-07-31,211,124,1003.9562091666668,1096.8257858333336,92.86957666666683,1.4859,1491.7785312007502,1698.7708871542507
2025-07-31,211,125,955.4441666666669,1077.2349166666668,121.79074999999989,1.0754,1027.4846568333335,1223.9453156583334
2025-07-31,211,126,1797.803890833333,1797.803890833333,0.0,1.0511,1889.6716696549163,1889.6716696549163
2025-07-31,211,127,1003.4385708333334,1042.250719319285,38.81214848595164,1.0705,1074.1809900770834,1136.5035975084002
2025-07-31,211,128,1026.0444166666668,1070.14075,44.09633333333318,1.0166,1043.0767539833334,1110.3192526833332
2025-07-31,211,129,313.07418458333314,313.5306033717785,0.45641878844537587,1.0794,337.93227483924977,338.67126249962166
2025-07-31,211,130,969.3718233333333,969.3718233333332,-1.1368683772161603e-13,0.893,865.6490382366667,865.6490382366666
2025-07-31,211,131,915.5985999999999,915.5985999999999,0.0,0.5364,491.12708903999993,491.12708903999993
2025-07-31,211,132,816.1817808333333,834.8759445000002,18.694163666666896,0.498,406.45852685499995,420.4230671140001
2025-07-31,211,133,745.9279075,745.9279075,0.0,0.5579,416.15317959424993,416.15317959424993
2025-07-31,211,134,1161.6594017323632,782.3110833333333,-379.34831839902995,0.5634,654.4789069360135,547.6164856430067
2025-07-31,211,135,1580.6022033333334,899.2594753703704,-681.342727962963,0.5799,916.591217713,719.0358937401388
2025-07-31,211,136,783.3607483333334,783.3607483333334,0.0,0.5496,430.53506728400004,430.53506728400004
2025-07-31,211,137,825.65775,825.6577499999999,-1.1368683772161603e-13,0.4997,412.58117767499994,412.58117767499994
2025-07-31,211,138,843.9450158333334,843.9450158333335,1.1368683772161603e-13,0.5256,443.577500322,443.5775003220001
2025-07-31,211,139,834.4366758333334,834.4366758333334,0.0,0.5275,440.16534650208337,440.16534650208337
2025-07-31,211,140,832.6131666666666,832.6131666666666,0.0,0.5061,421.38552365,421.38552365
2025-07-31,211,141,1617.6853858333334,1614.5736158333334,-3.1117699999999786,0.5542,896.5212408288334,895.6589693618334
2025-07-31,211,142,1583.7609724999998,1583.7609724999998,0.0,0.5344,846.3618637039998,846.3618637039998
2025-07-31,211,143,1516.3188333333333,1504.5299583333333,-11.788874999999962,0.4323,655.50463165,652.9564663187499
