date,day_index,event_hour,branch,level,label,backend,settlement_clock,soc_event_kwh,scenario_k,source_days,scenario_weights,objective_with_surrogates_yuan,level1,expected_emergency_cost_yuan,scenario_cvar_emergency_cost_yuan,solve_seconds,max_eq_residual,horizon_intervals,epsilon,risk_lambda,alpha,contract_changed_kwh,binaries,mip_gap,contracts_locked,schema_hash
2025-02-01,31,0,q4_3,B0,FORMAL_BACKUP,q4-inheritance-v2,delivery,9341.154431170726,9,"[9, 3, 10, 12, 8, 15, 22, 5, 18]","[0.1111111111111111, 0.1111111111111111, 0.1111111111111111, 0.1111111111111111, 0.1111111111111111, 0.1111111111111111, 0.1111111111111111, 0.1111111111111111, 0.1111111111111111]",79176.86757782998,79176.86757782998,4756.100171466343,23780.50085733172,0.1333011999959126,1.8189894035458565e-12,289,0.0,0.02,0.8,0.0,0,0.0,False,08ad55a129c188b78a6bf379ee5514cf466d54acf150f52d0326740697aa261f
2025-02-01,31,6,q4_3,B0,FORMAL_BACKUP,q4-inheritance-v2,delivery,10614.7667431312,9,"[9, 3, 10, 12, 8, 15, 22, 5, 18]","[0.1111111111111111, 0.1111111111111111, 0.1111111111111111, 0.1111111111111111, 0.1111111111111111, 0.1111111111111111, 0.1111111111111111, 0.1111111111111111, 0.1111111111111111]",69637.9227693602,69637.9227693602,2889.563618353491,14447.81809176746,0.08188939999672584,1.0913936421275139e-11,253,0.0,0.02,0.8,69.59964796296539,0,0.0,False,08ad55a129c188b78a6bf379ee5514cf466d54acf150f52d0326740697aa261f
2025-02-01,31,12,q4_3,B0,FORMAL_BACKUP,q4-inheritance-v2,delivery,8235.650584781564,9,"[9, 3, 10, 12, 8, 15, 22, 5, 18]","[0.1111111111111111, 0.1111111111111111, 0.1111111111111111, 0.1111111111111111, 0.1111111111111111, 0.1111111111111111, 0.1111111111111111, 0.1111111111111111, 0.1111111111111111]",72700.39969976661,72700.39969976661,1348.1613301669747,6740.806650834875,0.0730980000080308,1.8189894035458565e-12,217,0.0,0.02,0.8,2039.627257129634,0,0.0,False,08ad55a129c188b78a6bf379ee5514cf466d54acf150f52d0326740697aa261f
2025-02-01,31,18,q4_3,B0,FORMAL_BACKUP,q4-inheritance-v2,delivery,10800.0,9,"[9, 3, 10, 12, 8, 15, 22, 5, 18]","[0.1111111111111111, 0.1111111111111111, 0.1111111111111111, 0.1111111111111111, 0.1111111111111111, 0.1111111111111111, 0.1111111111111111, 0.1111111111111111, 0.1111111111111111]",53167.16111421796,53167.16111421796,495.57245098636184,2477.8622549318093,0.05320870000286959,1.8189894035458565e-12,181,0.0,0.02,0.8,0.0,0,0.0,False,08ad55a129c188b78a6bf379ee5514cf466d54acf150f52d0326740697aa261f
2025-02-02,32,0,q4_3,B0,FORMAL_BACKUP,q4-inheritance-v2,delivery,10587.75488236358,9,"[9, 3, 10, 7, 8, 15, 29, 5, 18]","[0.1111111111111111, 0.1111111111111111, 0.1111111111111111, 0.1111111111111111, 0.1111111111111111, 0.1111111111111111, 0.1111111111111111, 0.1111111111111111, 0.1111111111111111]",107089.86230608412,107089.86230608412,7239.428813276852,36197.14406638427,0.1307513000065228,7.275957614183426e-12,289,0.0,0.02,0.8,0.0,0,0.0,False,08ad55a129c188b78a6bf379ee5514cf466d54acf150f52d0326740697aa261f
2025-02-02,32,6,q4_3,B0,FORMAL_BACKUP,q4-inheritance-v2,delivery,10259.851896905278,9,"[9, 3, 10, 7, 8, 15, 29, 5, 18]","[0.1111111111111111, 0.1111111111111111, 0.1111111111111111, 0.1111111111111111, 0.1111111111111111, 0.1111111111111111, 0.1111111111111111, 0.1111111111111111, 0.1111111111111111]",94564.63836483317,94564.63836483317,5550.607430401323,27541.382831716255,0.08171310000761878,7.275957614183426e-12,253,0.0,0.02,0.8,69.39239500000457,0,0.0,False,08ad55a129c188b78a6bf379ee5514cf466d54acf150f52d0326740697aa261f
2025-02-02,32,12,q4_3,B0,FORMAL_BACKUP,q4-inheritance-v2,delivery,5444.250502889047,9,"[9, 3, 10, 7, 8, 15, 29, 5, 18]","[0.1111111111111111, 0.1111111111111111, 0.1111111111111111, 0.1111111111111111, 0.1111111111111111, 0.1111111111111111, 0.1111111111111111, 0.1111111111111111, 0.1111111111111111]",84406.84218866644,84406.84218866644,3163.4168377029255,15680.808787217962,0.07285180001053959,1.8189894035458565e-12,217,0.0,0.02,0.8,27.006483333333563,0,0.0,False,08ad55a129c188b78a6bf379ee5514cf466d54acf150f52d0326740697aa261f
2025-02-02,32,18,q4_3,B0,FORMAL_BACKUP,q4-inheritance-v2,delivery,9410.141327952666,9,"[9, 3, 10, 7, 8, 15, 29, 5, 18]","[0.1111111111111111, 0.1111111111111111, 0.1111111111111111, 0.1111111111111111, 0.1111111111111111, 0.1111111111111111, 0.1111111111111111, 0.1111111111111111, 0.1111111111111111]",61182.39349129291,61182.39349129291,1260.4367849163348,6206.7738744160015,0.05592820000310894,1.8189894035458565e-12,181,0.0,0.02,0.8,1.1368683772161603e-13,0,0.0,False,08ad55a129c188b78a6bf379ee5514cf466d54acf150f52d0326740697aa261f
2025-02-03,33,0,q4_3,B0,FORMAL_BACKUP,q4-inheritance-v2,delivery,5546.252832488983,9,"[9, 30, 24, 12, 27, 15, 29, 5, 18]","[0.1111111111111111, 0.1111111111111111, 0.1111111111111111, 0.1111111111111111, 0.1111111111111111, 0.1111111111111111, 0.1111111111111111, 0.1111111111111111, 0.1111111111111111]",133105.55121924717,133105.55121924717,7336.382751556082,36681.91375778042,0.13262859999667853,1.8189894035458565e-12,289,0.0,0.02,0.8,0.0,0,0.0,False,08ad55a129c188b78a6bf379ee5514cf466d54acf150f52d0326740697aa261f
2025-02-03,33,6,q4_3,B0,FORMAL_BACKUP,q4-inheritance-v2,delivery,10800.0,9,"[9, 30, 24, 12, 27, 15, 29, 5, 18]","[0.1111111111111111, 0.1111111111111111, 0.1111111111111111, 0.1111111111111111, 0.1111111111111111, 0.1111111111111111, 0.1111111111111111, 0.1111111111111111, 0.1111111111111111]",115654.38309544916,115654.38309544916,4306.136567614617,21530.68283807309,0.08166650000202935,7.275957614183426e-12,253,0.0,0.02,0.8,71.4376766666715,0,0.0,False,08ad55a129c188b78a6bf379ee5514cf466d54acf150f52d0326740697aa261f
2025-02-03,33,12,q4_3,B0,FORMAL_BACKUP,q4-inheritance-v2,delivery,8052.793240735675,9,"[9, 30, 24, 12, 27, 15, 29, 5, 18]","[0.1111111111111111, 0.1111111111111111, 0.1111111111111111, 0.1111111111111111, 0.1111111111111111, 0.1111111111111111, 0.1111111111111111, 0.1111111111111111, 0.1111111111111111]",100076.8121403054,100076.8121403054,1517.5542702441091,7587.771351220547,0.08150519999617245,1.8189894035458565e-12,217,0.0,0.02,0.8,1556.8735483642104,0,0.0,False,08ad55a129c188b78a6bf379ee5514cf466d54acf150f52d0326740697aa261f
2025-02-03,33,18,q4_3,B0,FORMAL_BACKUP,q4-inheritance-v2,delivery,10800.0,9,"[9, 30, 24, 12, 27, 15, 29, 5, 18]","[0.1111111111111111, 0.1111111111111111, 0.1111111111111111, 0.1111111111111111, 0.1111111111111111, 0.1111111111111111, 0.1111111111111111, 0.1111111111111111, 0.1111111111111111]",78054.10720201573,78054.10720201573,259.1477467851854,1295.7387339259274,0.060895599992363714,1.8189894035458565e-12,181,0.0,0.02,0.8,1.1368683772161603e-13,0,0.0,False,08ad55a129c188b78a6bf379ee5514cf466d54acf150f52d0326740697aa261f
2025-02-04,34,0,q4_3,B0,FORMAL_BACKUP,q4-inheritance-v2,delivery,7896.717309847684,9,"[16, 30, 24, 20, 27, 15, 22, 5, 11]","[0.1111111111111111, 0.1111111111111111, 0.1111111111111111, 0.1111111111111111, 0.1111111111111111, 0.1111111111111111, 0.1111111111111111, 0.1111111111111111, 0.1111111111111111]",128593.2565602863,128593.2565602863,5027.10736847517,25135.536842375852,0.18023739999625832,1.8189894035458565e-12,289,0.0,0.02,0.8,0.0,0,0.0,False,08ad55a129c188b78a6bf379ee5514cf466d54acf150f52d0326740697aa261f
2025-02-04,34,6,q4_3,B0,FORMAL_BACKUP,q4-inheritance-v2,delivery,10800.0,9,"[16, 30, 24, 20, 27, 15, 22, 5, 11]","[0.1111111111111111, 0.1111111111111111, 0.1111111111111111, 0.1111111111111111, 0.1111111111111111, 0.1111111111111111, 0.1111111111111111, 0.1111111111111111, 0.1111111111111111]",112518.47296014508,112518.47296014508,2342.315839304308,11711.579196521543,0.12273659999482334,1.8189894035458565e-12,253,0.0,0.02,0.8,593.870422962971,0,0.0,False,08ad55a129c188b78a6bf379ee5514cf466d54acf150f52d0326740697aa261f
2025-02-04,34,12,q4_3,B0,FORMAL_BACKUP,q4-inheritance-v2,delivery,8356.943717363172,9,"[16, 30, 24, 20, 27, 15, 22, 5, 11]","[0.1111111111111111, 0.1111111111111111, 0.1111111111111111, 0.1111111111111111, 0.1111111111111111, 0.1111111111111111, 0.1111111111111111, 0.1111111111111111, 0.1111111111111111]",94111.05560550101,94111.05560550101,1272.1852957008896,6360.92647850445,0.10551249999844003,1.8189894035458565e-12,217,0.0,0.02,0.8,2065.245343220174,0,0.0,False,08ad55a129c188b78a6bf379ee5514cf466d54acf150f52d0326740697aa261f
2025-02-04,34,18,q4_3,B0,FORMAL_BACKUP,q4-inheritance-v2,delivery,10800.0,9,"[16, 30, 24, 20, 27, 15, 22, 5, 11]","[0.1111111111111111, 0.1111111111111111, 0.1111111111111111, 0.1111111111111111, 0.1111111111111111, 0.1111111111111111, 0.1111111111111111, 0.1111111111111111, 0.1111111111111111]",77697.83050345909,77697.83050345909,307.55006420701807,1537.7503210350903,0.06583339998906013,1.8189894035458565e-12,181,0.0,0.02,0.8,2.2737367544323206e-13,0,0.0,False,08ad55a129c188b78a6bf379ee5514cf466d54acf150f52d0326740697aa261f
2025-02-05,35,0,q4_3,B0,FORMAL_BACKUP,q4-inheritance-v2,delivery,7115.999580429952,9,"[16, 3, 24, 12, 8, 15, 29, 5, 11]","[0.1111111111111111, 0.1111111111111111, 0.1111111111111111, 0.1111111111111111, 0.1111111111111111, 0.1111111111111111, 0.1111111111111111, 0.1111111111111111, 0.1111111111111111]",126300.18327950985,126300.18327950985,4897.676722739761,24488.38361369881,0.24442930000077467,7.275957614183426e-12,289,0.0,0.02,0.8,0.0,0,0.0,False,08ad55a129c188b78a6bf379ee5514cf466d54acf150f52d0326740697aa261f
2025-02-05,35,6,q4_3,B0,FORMAL_BACKUP,q4-inheritance-v2,delivery,10800.0,9,"[16, 3, 24, 12, 8, 15, 29, 5, 11]","[0.1111111111111111, 0.1111111111111111, 0.1111111111111111, 0.1111111111111111, 0.1111111111111111, 0.1111111111111111, 0.1111111111111111, 0.1111111111111111, 0.1111111111111111]",114229.9852566591,114229.9852566591,5125.548909410836,24497.89110905327,0.0926478000037605,1.8189894035458565e-12,253,0.0,0.02,0.8,14.421633333338885,0,0.0,False,08ad55a129c188b78a6bf379ee5514cf466d54acf150f52d0326740697aa261f
2025-02-05,35,12,q4_3,B0,FORMAL_BACKUP,q4-inheritance-v2,delivery,6187.319936143511,9,"[16, 3, 24, 12, 8, 15, 29, 5, 11]","[0.1111111111111111, 0.1111111111111111, 0.1111111111111111, 0.1111111111111111, 0.1111111111111111, 0.1111111111111111, 0.1111111111111111, 0.1111111111111111, 0.1111111111111111]",102181.57034425024,102181.57034425024,2211.62723579912,11058.1361789956,0.0757836000120733,1.8189894035458565e-12,217,0.0,0.02,0.8,1.1368683772161603e-13,0,0.0,False,08ad55a129c188b78a6bf379ee5514cf466d54acf150f52d0326740697aa261f
2025-02-05,35,18,q4_3,B0,FORMAL_BACKUP,q4-inheritance-v2,delivery,10656.581309441512,9,"[16, 3, 24, 12, 8, 15, 29, 5, 11]","[0.1111111111111111, 0.1111111111111111, 0.1111111111111111, 0.1111111111111111, 0.1111111111111111, 0.1111111111111111, 0.1111111111111111, 0.1111111111111111, 0.1111111111111111]",77789.94626981003,77789.94626981003,270.7388277281977,1353.6941386409885,0.07216470000275876,1.8189894035458565e-12,181,0.0,0.02,0.8,1.1368683772161603e-13,0,0.0,False,08ad55a129c188b78a6bf379ee5514cf466d54acf150f52d0326740697aa261f
2025-02-06,36,0,q4_3,B0,FORMAL_BACKUP,q4-inheritance-v2,delivery,7863.128709545989,9,"[16, 3, 24, 20, 27, 15, 29, 5, 11]","[0.1111111111111111, 0.1111111111111111, 0.1111111111111111, 0.1111111111111111, 0.1111111111111111, 0.1111111111111111, 0.1111111111111111, 0.1111111111111111, 0.1111111111111111]",100447.98583675103,100447.98583675103,5086.8383926431525,25434.19196321577,0.19094919999770354,1.8189894035458565e-12,289,0.0,0.02,0.8,0.0,0,0.0,False,08ad55a129c188b78a6bf379ee5514cf466d54acf150f52d0326740697aa261f
2025-02-06,36,6,q4_3,B0,FORMAL_BACKUP,q4-inheritance-v2,delivery,10800.0,9,"[16, 3, 24, 20, 27, 15, 29, 5, 11]","[0.1111111111111111, 0.1111111111111111, 0.1111111111111111, 0.1111111111111111, 0.1111111111111111, 0.1111111111111111, 0.1111111111111111, 0.1111111111111111, 0.1111111111111111]",83650.01846166592,83650.01846166592,2489.322433310529,12446.612166552646,0.09348330000648275,1.8189894035458565e-12,253,0.0,0.02,0.8,2022.0123675790385,0,0.0,False,08ad55a129c188b78a6bf379ee5514cf466d54acf150f52d0326740697aa261f
2025-02-06,36,12,q4_3,B0,FORMAL_BACKUP,q4-inheritance-v2,delivery,7956.600451464899,9,"[16, 3, 24, 20, 27, 15, 29, 5, 11]","[0.1111111111111111, 0.1111111111111111, 0.1111111111111111, 0.1111111111111111, 0.1111111111111111, 0.1111111111111111, 0.1111111111111111, 0.1111111111111111, 0.1111111111111111]",71906.77978343217,71906.77978343217,1268.3628237338419,6341.814118669211,0.10353639999812003,1.8189894035458565e-12,217,0.0,0.02,0.8,2061.209686472136,0,0.0,False,08ad55a129c188b78a6bf379ee5514cf466d54acf150f52d0326740697aa261f
2025-02-06,36,18,q4_3,B0,FORMAL_BACKUP,q4-inheritance-v2,delivery,10800.0,9,"[16, 3, 24, 20, 27, 15, 29, 5, 11]","[0.1111111111111111, 0.1111111111111111, 0.1111111111111111, 0.1111111111111111, 0.1111111111111111, 0.1111111111111111, 0.1111111111111111, 0.1111111111111111, 0.1111111111111111]",41491.725314022624,41491.725314022624,453.02320699970807,2265.1160349985407,0.08926689998770598,9.094947017729282e-13,181,0.0,0.02,0.8,1.1368683772161603e-13,0,0.0,False,08ad55a129c188b78a6bf379ee5514cf466d54acf150f52d0326740697aa261f
2025-02-07,37,0,q4_3,B0,FORMAL_BACKUP,q4-inheritance-v2,delivery,3517.404391518707,9,"[16, 3, 34, 20, 21, 19, 29, 5, 11]","[0.1111111111111111, 0.1111111111111111, 0.1111111111111111, 0.1111111111111111, 0.1111111111111111, 0.1111111111111111, 0.1111111111111111, 0.1111111111111111, 0.1111111111111111]",62236.380541772036,62236.380541772036,3790.5640971821103,18952.820485910557,0.20432699999946635,1.8189894035458565e-12,289,0.0,0.02,0.8,0.0,0,0.0,False,08ad55a129c188b78a6bf379ee5514cf466d54acf150f52d0326740697aa261f
2025-02-07,37,6,q4_3,B0,FORMAL_BACKUP,q4-inheritance-v2,delivery,10800.0,9,"[16, 3, 34, 20, 21, 19, 29, 5, 11]","[0.1111111111111111, 0.1111111111111111, 0.1111111111111111, 0.1111111111111111, 0.1111111111111111, 0.1111111111111111, 0.1111111111111111, 0.1111111111111111, 0.1111111111111111]",50454.80391234716,50454.80391234716,2633.439696509176,13025.226641699473,0.13055770000210032,3.637978807091713e-12,253,0.0,0.02,0.8,115.67648490741124,0,0.0,False,08ad55a129c188b78a6bf379ee5514cf466d54acf150f52d0326740697aa261f
2025-02-07,37,12,q4_3,B0,FORMAL_BACKUP,q4-inheritance-v2,delivery,10800.0,9,"[16, 3, 34, 20, 21, 19, 29, 5, 11]","[0.1111111111111111, 0.1111111111111111, 0.1111111111111111, 0.1111111111111111, 0.1111111111111111, 0.1111111111111111, 0.1111111111111111, 0.1111111111111111, 0.1111111111111111]",41483.781154999284,41483.781154999284,1196.430460340122,5982.15230170061,0.10412120001274161,1.8189894035458565e-12,217,0.0,0.02,0.8,4182.621632816587,0,0.0,False,08ad55a129c188b78a6bf379ee5514cf466d54acf150f52d0326740697aa261f
2025-02-07,37,18,q4_3,B0,FORMAL_BACKUP,q4-inheritance-v2,delivery,10800.0,9,"[16, 3, 34, 20, 21, 19, 29, 5, 11]","[0.1111111111111111, 0.1111111111111111, 0.1111111111111111, 0.1111111111111111, 0.1111111111111111, 0.1111111111111111, 0.1111111111111111, 0.1111111111111111, 0.1111111111111111]",34567.04102511439,34567.04102511439,403.9774507525604,2019.8872537628022,0.08737769999424927,1.8189894035458565e-12,181,0.0,0.02,0.8,5.684341886080802e-14,0,0.0,False,08ad55a129c188b78a6bf379ee5514cf466d54acf150f52d0326740697aa261f
2025-02-08,38,0,q4_3,B0,FORMAL_BACKUP,q4-inheritance-v2,delivery,9979.523095396704,9,"[16, 3, 34, 20, 21, 19, 29, 5, 11]","[0.1111111111111111, 0.1111111111111111, 0.1111111111111111, 0.1111111111111111, 0.1111111111111111, 0.1111111111111111, 0.1111111111111111, 0.1111111111111111, 0.1111111111111111]",65959.91020271483,65959.91020271483,2651.0174683145656,13255.087341572831,0.23262870000326075,1.8189894035458565e-12,289,0.0,0.02,0.8,0.0,0,0.0,False,08ad55a129c188b78a6bf379ee5514cf466d54acf150f52d0326740697aa261f
2025-02-08,38,6,q4_3,B0,FORMAL_BACKUP,q4-inheritance-v2,delivery,9470.613753374968,9,"[16, 3, 34, 20, 21, 19, 29, 5, 11]","[0.1111111111111111, 0.1111111111111111, 0.1111111111111111, 0.1111111111111111, 0.1111111111111111, 0.1111111111111111, 0.1111111111111111, 0.1111111111111111, 0.1111111111111111]",61620.22869441162,61620.22869441162,3160.8007525237185,15208.289194645718,0.11011999999755062,9.094947017729282e-13,253,0.0,0.02,0.8,752.3573931604958,0,0.0,False,08ad55a129c188b78a6bf379ee5514cf466d54acf150f52d0326740697aa261f
2025-02-08,38,12,q4_3,B0,FORMAL_BACKUP,q4-inheritance-v2,delivery,8300.136511621235,9,"[16, 3, 34, 20, 21, 19, 29, 5, 11]","[0.1111111111111111, 0.1111111111111111, 0.1111111111111111, 0.1111111111111111, 0.1111111111111111, 0.1111111111111111, 0.1111111111111111, 0.1111111111111111, 0.1111111111111111]",61002.56487858715,61002.56487858715,1625.5786129519502,8043.56561220219,0.099074899990228,3.637978807091713e-12,217,0.0,0.02,0.8,285.2652212983478,0,0.0,False,08ad55a129c188b78a6bf379ee5514cf466d54acf150f52d0326740697aa261f
2025-02-08,38,18,q4_3,B0,FORMAL_BACKUP,q4-inheritance-v2,delivery,10800.0,9,"[16, 3, 34, 20, 21, 19, 29, 5, 11]","[0.1111111111111111, 0.1111111111111111, 0.1111111111111111, 0.1111111111111111, 0.1111111111111111, 0.1111111111111111, 0.1111111111111111, 0.1111111111111111, 0.1111111111111111]",59928.31008277425,59928.31008277425,233.49337636269053,1167.4668818134528,0.07397509999282192,9.094947017729282e-13,181,0.0,0.02,0.8,0.0,0,0.0,False,08ad55a129c188b78a6bf379ee5514cf466d54acf150f52d0326740697aa261f
2025-02-09,39,0,q4_3,B0,FORMAL_BACKUP,q4-inheritance-v2,delivery,10312.640404038488,9,"[16, 3, 36, 10, 21, 19, 22, 5, 11]","[0.1111111111111111, 0.1111111111111111, 0.1111111111111111, 0.1111111111111111, 0.1111111111111111, 0.1111111111111111, 0.1111111111111111, 0.1111111111111111, 0.1111111111111111]",97843.68374034051,97843.68374034051,4668.829969516433,23344.149847582168,0.17242230000556447,7.275957614183426e-12,289,0.0,0.02,0.8,0.0,0,0.0,False,08ad55a129c188b78a6bf379ee5514cf466d54acf150f52d0326740697aa261f
2025-02-09,39,6,q4_3,B0,FORMAL_BACKUP,q4-inheritance-v2,delivery,9841.400512759543,9,"[16, 3, 36, 10, 21, 19, 22, 5, 11]","[0.1111111111111111, 0.1111111111111111, 0.1111111111111111, 0.1111111111111111, 0.1111111111111111, 0.1111111111111111, 0.1111111111111111, 0.1111111111111111, 0.1111111111111111]",89393.72891641853,89393.72891641853,4347.136885770122,20833.921581198938,0.13351609998790082,1.8189894035458565e-12,253,0.0,0.02,0.8,1731.560577687529,0,0.0,False,08ad55a129c188b78a6bf379ee5514cf466d54acf150f52d0326740697aa261f
2025-02-09,39,12,q4_3,B0,FORMAL_BACKUP,q4-inheritance-v2,delivery,5334.640526430297,9,"[16, 3, 36, 10, 21, 19, 22, 5, 11]","[0.1111111111111111, 0.1111111111111111, 0.1111111111111111, 0.1111111111111111, 0.1111111111111111, 0.1111111111111111, 0.1111111111111111, 0.1111111111111111, 0.1111111111111111]",79371.7338337175,79371.7338337175,4418.2807894132675,21328.57840943495,0.1253411999932723,1.8189894035458565e-12,217,0.0,0.02,0.8,845.7226575605479,0,0.0,False,08ad55a129c188b78a6bf379ee5514cf466d54acf150f52d0326740697aa261f
2025-02-09,39,18,q4_3,B0,FORMAL_BACKUP,q4-inheritance-v2,delivery,9352.508219689162,9,"[16, 3, 36, 10, 21, 19, 22, 5, 11]","[0.1111111111111111, 0.1111111111111111, 0.1111111111111111, 0.1111111111111111, 0.1111111111111111, 0.1111111111111111, 0.1111111111111111, 0.1111111111111111, 0.1111111111111111]",60366.740681439864,60366.740681439864,1301.6080577934465,6279.378111239773,0.0943587999936426,1.8189894035458565e-12,181,0.0,0.02,0.8,23.171423936226915,0,0.0,False,08ad55a129c188b78a6bf379ee5514cf466d54acf150f52d0326740697aa261f
2025-02-10,40,0,q4_3,B0,FORMAL_BACKUP,q4-inheritance-v2,delivery,4177.723319293599,9,"[16, 30, 34, 10, 13, 28, 22, 5, 11]","[0.1111111111111111, 0.1111111111111111, 0.1111111111111111, 0.1111111111111111, 0.1111111111111111, 0.1111111111111111, 0.1111111111111111, 0.1111111111111111, 0.1111111111111111]",121061.79703856693,121061.79703856693,4813.102577530361,24065.512887651803,0.15122030000202358,2.1827872842550278e-11,289,0.0,0.02,0.8,0.0,0,0.0,False,08ad55a129c188b78a6bf379ee5514cf466d54acf150f52d0326740697aa261f
2025-02-10,40,6,q4_3,B0,FORMAL_BACKUP,q4-inheritance-v2,delivery,10773.029809611653,9,"[16, 30, 34, 10, 13, 28, 22, 5, 11]","[0.1111111111111111, 0.1111111111111111, 0.1111111111111111, 0.1111111111111111, 0.1111111111111111, 0.1111111111111111, 0.1111111111111111, 0.1111111111111111, 0.1111111111111111]",103047.78584816745,103047.78584816745,1478.6757757805624,7392.583333302813,0.09780620000674389,1.8189894035458565e-12,253,0.0,0.02,0.8,2526.8076935620106,0,0.0,False,08ad55a129c188b78a6bf379ee5514cf466d54acf150f52d0326740697aa261f
2025-02-10,40,12,q4_3,B0,FORMAL_BACKUP,q4-inheritance-v2,delivery,8955.97926437523,9,"[16, 30, 34, 10, 13, 28, 22, 5, 11]","[0.1111111111111111, 0.1111111111111111, 0.1111111111111111, 0.1111111111111111, 0.1111111111111111, 0.1111111111111111, 0.1111111111111111, 0.1111111111111111, 0.1111111111111111]",89162.34385326316,89162.34385326316,2328.23998020847,11641.199901042351,0.07985520000511315,3.637978807091713e-12,217,0.0,0.02,0.8,2279.7608378956247,0,0.0,False,08ad55a129c188b78a6bf379ee5514cf466d54acf150f52d0326740697aa261f
2025-02-10,40,18,q4_3,B0,FORMAL_BACKUP,q4-inheritance-v2,delivery,10500.868220254048,9,"[16, 30, 34, 10, 13, 28, 22, 5, 11]","[0.1111111111111111, 0.1111111111111111, 0.1111111111111111, 0.1111111111111111, 0.1111111111111111, 0.1111111111111111, 0.1111111111111111, 0.1111111111111111, 0.1111111111111111]",64413.81370541359,64413.81370541359,51.214286853810776,256.07143426905395,0.07658399999490939,1.8189894035458565e-12,181,0.0,0.02,0.8,1.1546319456101628e-13,0,0.0,False,08ad55a129c188b78a6bf379ee5514cf466d54acf150f52d0326740697aa261f
2025-02-11,41,0,q4_3,B0,FORMAL_BACKUP,q4-inheritance-v2,delivery,5816.292592048519,9,"[16, 3, 34, 10, 35, 28, 22, 6, 11]","[0.1111111111111111, 0.1111111111111111, 0.1111111111111111, 0.1111111111111111, 0.1111111111111111, 0.1111111111111111, 0.1111111111111111, 0.1111111111111111, 0.1111111111111111]",122048.4951676141,122048.4951676141,4357.470138935318,21787.350694676592,0.19982480000180658,1.8189894035458565e-12,289,0.0,0.02,0.8,0.0,0,0.0,False,08ad55a129c188b78a6bf379ee5514cf466d54acf150f52d0326740697aa261f
2025-02-11,41,6,q4_3,B0,FORMAL_BACKUP,q4-inheritance-v2,delivery,10800.0,9,"[16, 3, 34, 10, 35, 28, 22, 6, 11]","[0.1111111111111111, 0.1111111111111111, 0.1111111111111111, 0.1111111111111111, 0.1111111111111111, 0.1111111111111111, 0.1111111111111111, 0.1111111111111111, 0.1111111111111111]",106145.19278057621,106145.19278057621,1353.3827458180385,6766.9137290901945,0.10015909999492578,1.8189894035458565e-12,253,0.0,0.02,0.8,839.7398478600862,0,0.0,False,08ad55a129c188b78a6bf379ee5514cf466d54acf150f52d0326740697aa261f
2025-02-11,41,12,q4_3,B0,FORMAL_BACKUP,q4-inheritance-v2,delivery,5967.857142354265,9,"[16, 3, 34, 10, 35, 28, 22, 6, 11]","[0.1111111111111111, 0.1111111111111111, 0.1111111111111111, 0.1111111111111111, 0.1111111111111111, 0.1111111111111111, 0.1111111111111111, 0.1111111111111111, 0.1111111111111111]",88511.248901865,88511.248901865,295.14590046171185,1475.7295023085596,0.07958900000085123,1.8189894035458565e-12,217,0.0,0.02,0.8,1027.5695391131774,0,0.0,False,08ad55a129c188b78a6bf379ee5514cf466d54acf150f52d0326740697aa261f
2025-02-11,41,18,q4_3,B0,FORMAL_BACKUP,q4-inheritance-v2,delivery,10749.585401110437,9,"[16, 3, 34, 10, 35, 28, 22, 6, 11]","[0.1111111111111111, 0.1111111111111111, 0.1111111111111111, 0.1111111111111111, 0.1111111111111111, 0.1111111111111111, 0.1111111111111111, 0.1111111111111111, 0.1111111111111111]",76604.91867046787,76604.91867046787,0.0,0.0,0.05966739999712445,1.8189894035458565e-12,181,0.0,0.02,0.8,1239.3873552222226,0,0.0,False,08ad55a129c188b78a6bf379ee5514cf466d54acf150f52d0326740697aa261f
2025-02-12,42,0,q4_3,B0,FORMAL_BACKUP,q4-inheritance-v2,delivery,6076.927268307962,9,"[16, 3, 36, 10, 13, 19, 22, 5, 11]","[0.1111111111111111, 0.1111111111111111, 0.1111111111111111, 0.1111111111111111, 0.1111111111111111, 0.1111111111111111, 0.1111111111111111, 0.1111111111111111, 0.1111111111111111]",121445.06373947898,121445.06373947898,4899.1926222453785,24495.963111226894,0.22909639999852516,2.1827872842550278e-11,289,0.0,0.02,0.8,0.0,0,0.0,False,08ad55a129c188b78a6bf379ee5514cf466d54acf150f52d0326740697aa261f
2025-02-12,42,6,q4_3,B0,FORMAL_BACKUP,q4-inheritance-v2,delivery,10800.0,9,"[16, 3, 36, 10, 13, 19, 22, 5, 11]","[0.1111111111111111, 0.1111111111111111, 0.1111111111111111, 0.1111111111111111, 0.1111111111111111, 0.1111111111111111, 0.1111111111111111, 0.1111111111111111, 0.1111111111111111]",104802.79453988509,104802.79453988509,2096.753734540952,10400.348402851001,0.12986289999389555,9.094947017729282e-13,253,0.0,0.02,0.8,1892.2831239043321,0,0.0,False,08ad55a129c188b78a6bf379ee5514cf466d54acf150f52d0326740697aa261f
2025-02-12,42,12,q4_3,B0,FORMAL_BACKUP,q4-inheritance-v2,delivery,8503.943008202128,9,"[16, 3, 36, 10, 13, 19, 22, 5, 11]","[0.1111111111111111, 0.1111111111111111, 0.1111111111111111, 0.1111111111111111, 0.1111111111111111, 0.1111111111111111, 0.1111111111111111, 0.1111111111111111, 0.1111111111111111]",86651.79410928434,86651.79410928434,2195.1637678206307,10975.818839103156,0.10556919999362435,3.637978807091713e-12,217,0.0,0.02,0.8,2318.8788090843536,0,0.0,False,08ad55a129c188b78a6bf379ee5514cf466d54acf150f52d0326740697aa261f
2025-02-12,42,18,q4_3,B0,FORMAL_BACKUP,q4-inheritance-v2,delivery,10743.768916936815,9,"[16, 3, 36, 10, 13, 19, 22, 5, 11]","[0.1111111111111111, 0.1111111111111111, 0.1111111111111111, 0.1111111111111111, 0.1111111111111111, 0.1111111111111111, 0.1111111111111111, 0.1111111111111111, 0.1111111111111111]",74970.5356797106,74970.5356797106,162.72836206941426,813.6418103470714,0.086895899992669,1.8189894035458565e-12,181,0.0,0.02,0.8,0.0,0,0.0,False,08ad55a129c188b78a6bf379ee5514cf466d54acf150f52d0326740697aa261f
2025-02-13,43,0,q4_3,B0,FORMAL_BACKUP,q4-inheritance-v2,delivery,7232.955768259904,9,"[16, 3, 36, 10, 13, 28, 22, 5, 11]","[0.1111111111111111, 0.1111111111111111, 0.1111111111111111, 0.1111111111111111, 0.1111111111111111, 0.1111111111111111, 0.1111111111111111, 0.1111111111111111, 0.1111111111111111]",83268.16436986951,83268.16436986951,4827.69604652924,24138.48023264621,0.21393759999773465,1.8189894035458565e-12,289,0.0,0.02,0.8,0.0,0,0.0,False,08ad55a129c188b78a6bf379ee5514cf466d54acf150f52d0326740697aa261f
2025-02-13,43,6,q4_3,B0,FORMAL_BACKUP,q4-inheritance-v2,delivery,10789.515446945456,9,"[16, 3, 36, 10, 13, 28, 22, 5, 11]","[0.1111111111111111, 0.1111111111111111, 0.1111111111111111, 0.1111111111111111, 0.1111111111111111, 0.1111111111111111, 0.1111111111111111, 0.1111111111111111, 0.1111111111111111]",67756.947833931,67756.947833931,2653.427353165396,13007.337382558888,0.12866980000399053,3.637978807091713e-12,253,0.0,0.02,0.8,1692.518440870374,0,0.0,False,08ad55a129c188b78a6bf379ee5514cf466d54acf150f52d0326740697aa261f
2025-02-13,43,12,q4_3,B0,FORMAL_BACKUP,q4-inheritance-v2,delivery,8147.328771446442,9,"[16, 3, 36, 10, 13, 28, 22, 5, 11]","[0.1111111111111111, 0.1111111111111111, 0.1111111111111111, 0.1111111111111111, 0.1111111111111111, 0.1111111111111111, 0.1111111111111111, 0.1111111111111111, 0.1111111111111111]",57675.985238812784,57675.985238812784,3317.7854769423548,16289.141433792585,0.11379029999079648,1.8189894035458565e-12,217,0.0,0.02,0.8,2084.515056391224,0,0.0,False,08ad55a129c188b78a6bf379ee5514cf466d54acf150f52d0326740697aa261f
2025-02-13,43,18,q4_3,B0,FORMAL_BACKUP,q4-inheritance-v2,delivery,10385.080218401426,9,"[16, 3, 36, 10, 13, 28, 22, 5, 11]","[0.1111111111111111, 0.1111111111111111, 0.1111111111111111, 0.1111111111111111, 0.1111111111111111, 0.1111111111111111, 0.1111111111111111, 0.1111111111111111, 0.1111111111111111]",39673.24314633523,39673.24314633523,270.2673750161511,1351.3368750807558,0.08917279999877792,1.8189894035458565e-12,181,0.0,0.02,0.8,8.881784197001252e-16,0,0.0,False,08ad55a129c188b78a6bf379ee5514cf466d54acf150f52d0326740697aa261f
2025-02-14,44,0,q4_3,B0,FORMAL_BACKUP,q4-inheritance-v2,delivery,3654.0436969097773,9,"[16, 3, 36, 10, 13, 28, 22, 5, 11]","[0.1111111111111111, 0.1111111111111111, 0.1111111111111111, 0.1111111111111111, 0.1111111111111111, 0.1111111111111111, 0.1111111111111111, 0.1111111111111111, 0.1111111111111111]",53379.67003968782,53379.67003968782,3467.8145954835772,17339.07297741789,0.2078485000092769,3.637978807091713e-12,289,0.0,0.02,0.8,0.0,0,0.0,False,08ad55a129c188b78a6bf379ee5514cf466d54acf150f52d0326740697aa261f
2025-02-14,44,6,q4_3,B0,FORMAL_BACKUP,q4-inheritance-v2,delivery,10800.0,9,"[16, 3, 36, 10, 13, 28, 22, 5, 11]","[0.1111111111111111, 0.1111111111111111, 0.1111111111111111, 0.1111111111111111, 0.1111111111111111, 0.1111111111111111, 0.1111111111111111, 0.1111111111111111, 0.1111111111111111]",43511.53998934187,43511.53998934187,2687.9918812981396,12887.96701847127,0.12881349999224767,3.637978807091713e-12,253,0.0,0.02,0.8,817.1348455164685,0,0.0,False,08ad55a129c188b78a6bf379ee5514cf466d54acf150f52d0326740697aa261f
2025-02-14,44,12,q4_3,B0,FORMAL_BACKUP,q4-inheritance-v2,delivery,10800.0,9,"[16, 3, 36, 10, 13, 28, 22, 5, 11]","[0.1111111111111111, 0.1111111111111111, 0.1111111111111111, 0.1111111111111111, 0.1111111111111111, 0.1111111111111111, 0.1111111111111111, 0.1111111111111111, 0.1111111111111111]",39066.87763000706,39066.87763000706,2309.0944508699267,11188.002682071718,0.10894879999978002,5.4569682106375694e-12,217,0.0,0.02,0.8,3197.5342814907362,0,0.0,False,08ad55a129c188b78a6bf379ee5514cf466d54acf150f52d0326740697aa261f
2025-02-14,44,18,q4_3,B0,FORMAL_BACKUP,q4-inheritance-v2,delivery,10800.0,9,"[16, 3, 36, 10, 13, 28, 22, 5, 11]","[0.1111111111111111, 0.1111111111111111, 0.1111111111111111, 0.1111111111111111, 0.1111111111111111, 0.1111111111111111, 0.1111111111111111, 0.1111111111111111, 0.1111111111111111]",30114.80782111591,30114.80782111591,218.2704583449479,1091.3522917247396,0.08472909999545664,1.8189894035458565e-12,181,0.0,0.02,0.8,0.0,0,0.0,False,08ad55a129c188b78a6bf379ee5514cf466d54acf150f52d0326740697aa261f
2025-02-15,45,0,q4_3,B0,FORMAL_BACKUP,q4-inheritance-v2,delivery,9122.587401328068,9,"[16, 3, 36, 10, 35, 28, 22, 5, 11]","[0.1111111111111111, 0.1111111111111111, 0.1111111111111111, 0.1111111111111111, 0.1111111111111111, 0.1111111111111111, 0.1111111111111111, 0.1111111111111111, 0.1111111111111111]",64280.95330882349,64280.95330882349,2666.271338771684,13331.35669385842,0.20181819998833816,1.8189894035458565e-12,289,0.0,0.02,0.8,0.0,0,0.0,False,08ad55a129c188b78a6bf379ee5514cf466d54acf150f52d0326740697aa261f
2025-02-15,45,6,q4_3,B0,FORMAL_BACKUP,q4-inheritance-v2,delivery,8459.39389354684,9,"[16, 3, 36, 10, 35, 28, 22, 5, 11]","[0.1111111111111111, 0.1111111111111111, 0.1111111111111111, 0.1111111111111111, 0.1111111111111111, 0.1111111111111111, 0.1111111111111111, 0.1111111111111111, 0.1111111111111111]",57182.982374158,57182.982374158,1851.4977331461248,9257.488665730627,0.12712930000270717,1.8189894035458565e-12,253,0.0,0.02,0.8,3314.773837631412,0,0.0,False,08ad55a129c188b78a6bf379ee5514cf466d54acf150f52d0326740697aa261f
2025-02-15,45,12,q4_3,B0,FORMAL_BACKUP,q4-inheritance-v2,delivery,7830.764346792752,9,"[16, 3, 36, 10, 35, 28, 22, 5, 11]","[0.1111111111111111, 0.1111111111111111, 0.1111111111111111, 0.1111111111111111, 0.1111111111111111, 0.1111111111111111, 0.1111111111111111, 0.1111111111111111, 0.1111111111111111]",56082.980163795415,56082.980163795415,1372.7131275888132,6849.770913796969,0.10972789999505039,1.8189894035458565e-12,217,0.0,0.02,0.8,0.0,0,0.0,False,08ad55a129c188b78a6bf379ee5514cf466d54acf150f52d0326740697aa261f
2025-02-15,45,18,q4_3,B0,FORMAL_BACKUP,q4-inheritance-v2,delivery,10800.0,9,"[16, 3, 36, 10, 35, 28, 22, 5, 11]","[0.1111111111111111, 0.1111111111111111, 0.1111111111111111, 0.1111111111111111, 0.1111111111111111, 0.1111111111111111, 0.1111111111111111, 0.1111111111111111, 0.1111111111111111]",47204.91766914552,47204.91766914552,244.20209537421397,1221.01047687107,0.0701928000053158,1.8189894035458565e-12,181,0.0,0.02,0.8,0.0,0,0.0,False,08ad55a129c188b78a6bf379ee5514cf466d54acf150f52d0326740697aa261f
2025-02-16,46,0,q4_3,B0,FORMAL_BACKUP,q4-inheritance-v2,delivery,9968.294741315447,9,"[16, 3, 36, 10, 38, 28, 22, 5, 11]","[0.1111111111111111, 0.1111111111111111, 0.1111111111111111, 0.1111111111111111, 0.1111111111111111, 0.1111111111111111, 0.1111111111111111, 0.1111111111111111, 0.1111111111111111]",93316.88198239297,93316.88198239297,4595.320177893928,22976.600889469642,0.20895679999375716,1.8189894035458565e-12,289,0.0,0.02,0.8,0.0,0,0.0,False,08ad55a129c188b78a6bf379ee5514cf466d54acf150f52d0326740697aa261f
2025-02-16,46,6,q4_3,B0,FORMAL_BACKUP,q4-inheritance-v2,delivery,9692.662001277002,9,"[16, 3, 36, 10, 38, 28, 22, 5, 11]","[0.1111111111111111, 0.1111111111111111, 0.1111111111111111, 0.1111111111111111, 0.1111111111111111, 0.1111111111111111, 0.1111111111111111, 0.1111111111111111, 0.1111111111111111]",79282.58145459808,79282.58145459808,1601.0928120908136,8005.46406045407,0.09705300000496209,1.8189894035458565e-12,253,0.0,0.02,0.8,2011.351155712915,0,0.0,False,08ad55a129c188b78a6bf379ee5514cf466d54acf150f52d0326740697aa261f
2025-02-16,46,12,q4_3,B0,FORMAL_BACKUP,q4-inheritance-v2,delivery,3685.845245822417,9,"[16, 3, 36, 10, 38, 28, 22, 5, 11]","[0.1111111111111111, 0.1111111111111111, 0.1111111111111111, 0.1111111111111111, 0.1111111111111111, 0.1111111111111111, 0.1111111111111111, 0.1111111111111111, 0.1111111111111111]",72035.57621901897,72035.57621901897,1526.402457399313,7632.012286996567,0.1044160000019474,1.8189894035458565e-12,217,0.0,0.02,0.8,1439.5805871090504,0,0.0,False,08ad55a129c188b78a6bf379ee5514cf466d54acf150f52d0326740697aa261f
2025-02-16,46,18,q4_3,B0,FORMAL_BACKUP,q4-inheritance-v2,delivery,8728.02333762428,9,"[16, 3, 36, 10, 38, 28, 22, 5, 11]","[0.1111111111111111, 0.1111111111111111, 0.1111111111111111, 0.1111111111111111, 0.1111111111111111, 0.1111111111111111, 0.1111111111111111, 0.1111111111111111, 0.1111111111111111]",53545.262791392925,53545.262791392925,1283.64357335265,6221.901754322634,0.0816876000026241,1.8189894035458565e-12,181,0.0,0.02,0.8,1.7053025658242404e-13,0,0.0,False,08ad55a129c188b78a6bf379ee5514cf466d54acf150f52d0326740697aa261f
2025-02-17,47,0,q4_3,B0,FORMAL_BACKUP,q4-inheritance-v2,delivery,5124.825157435488,9,"[23, 3, 36, 10, 38, 28, 22, 5, 11]","[0.1111111111111111, 0.1111111111111111, 0.1111111111111111, 0.1111111111111111, 0.1111111111111111, 0.1111111111111111, 0.1111111111111111, 0.1111111111111111, 0.1111111111111111]",117346.32590119012,117346.32590119012,4603.641277775944,23018.206388879727,0.17392040000413544,1.8189894035458565e-12,289,0.0,0.02,0.8,0.0,0,0.0,False,08ad55a129c188b78a6bf379ee5514cf466d54acf150f52d0326740697aa261f
2025-02-17,47,6,q4_3,B0,FORMAL_BACKUP,q4-inheritance-v2,delivery,10793.02938871846,9,"[23, 3, 36, 10, 38, 28, 22, 5, 11]","[0.1111111111111111, 0.1111111111111111, 0.1111111111111111, 0.1111111111111111, 0.1111111111111111, 0.1111111111111111, 0.1111111111111111, 0.1111111111111111, 0.1111111111111111]",99887.21477120792,99887.21477120792,1830.221587760847,9151.107938804236,0.09375050000380725,1.8189894035458565e-12,253,0.0,0.02,0.8,4654.782796129367,0,0.0,False,08ad55a129c188b78a6bf379ee5514cf466d54acf150f52d0326740697aa261f
2025-02-17,47,12,q4_3,B0,FORMAL_BACKUP,q4-inheritance-v2,delivery,9249.275762051531,9,"[23, 3, 36, 10, 38, 28, 22, 5, 11]","[0.1111111111111111, 0.1111111111111111, 0.1111111111111111, 0.1111111111111111, 0.1111111111111111, 0.1111111111111111, 0.1111111111111111, 0.1111111111111111, 0.1111111111111111]",83477.48996127647,83477.48996127647,1466.529385746141,7332.646928730706,0.10944120000931434,9.094947017729282e-13,217,0.0,0.02,0.8,3227.8685545449875,0,0.0,False,08ad55a129c188b78a6bf379ee5514cf466d54acf150f52d0326740697aa261f
2025-02-17,47,18,q4_3,B0,FORMAL_BACKUP,q4-inheritance-v2,delivery,10549.417659467066,9,"[23, 3, 36, 10, 38, 28, 22, 5, 11]","[0.1111111111111111, 0.1111111111111111, 0.1111111111111111, 0.1111111111111111, 0.1111111111111111, 0.1111111111111111, 0.1111111111111111, 0.1111111111111111, 0.1111111111111111]",63379.5962117597,63379.5962117597,179.26602946837272,896.3301473418637,0.08732160000363365,9.094947017729282e-13,181,0.0,0.02,0.8,0.0,0,0.0,False,08ad55a129c188b78a6bf379ee5514cf466d54acf150f52d0326740697aa261f
2025-02-18,48,0,q4_3,B0,FORMAL_BACKUP,q4-inheritance-v2,delivery,7280.968457126479,9,"[23, 17, 36, 10, 38, 28, 22, 5, 11]","[0.1111111111111111, 0.1111111111111111, 0.1111111111111111, 0.1111111111111111, 0.1111111111111111, 0.1111111111111111, 0.1111111111111111, 0.1111111111111111, 0.1111111111111111]",107594.69433523473,107594.69433523473,4487.041235172261,22435.20617586131,0.2246547999966424,7.275957614183426e-12,289,0.0,0.02,0.8,0.0,0,0.0,False,08ad55a129c188b78a6bf379ee5514cf466d54acf150f52d0326740697aa261f
2025-02-18,48,6,q4_3,B0,FORMAL_BACKUP,q4-inheritance-v2,delivery,10794.126825557643,9,"[23, 17, 36, 10, 38, 28, 22, 5, 11]","[0.1111111111111111, 0.1111111111111111, 0.1111111111111111, 0.1111111111111111, 0.1111111111111111, 0.1111111111111111, 0.1111111111111111, 0.1111111111111111, 0.1111111111111111]",95043.56138975275,95043.56138975275,4217.635458249246,20285.399618060146,0.13433709999662824,3.637978807091713e-12,253,0.0,0.02,0.8,4.420908084057373e-12,0,0.0,False,08ad55a129c188b78a6bf379ee5514cf466d54acf150f52d0326740697aa261f
2025-02-18,48,12,q4_3,B0,FORMAL_BACKUP,q4-inheritance-v2,delivery,7775.452654537327,9,"[23, 17, 36, 10, 38, 28, 22, 5, 11]","[0.1111111111111111, 0.1111111111111111, 0.1111111111111111, 0.1111111111111111, 0.1111111111111111, 0.1111111111111111, 0.1111111111111111, 0.1111111111111111, 0.1111111111111111]",86408.3951485925,86408.3951485925,2360.08314517286,11800.4157258643,0.10011499999382067,3.637978807091713e-12,217,0.0,0.02,0.8,1.1368683772161603e-13,0,0.0,False,08ad55a129c188b78a6bf379ee5514cf466d54acf150f52d0326740697aa261f
2025-02-18,48,18,q4_3,B0,FORMAL_BACKUP,q4-inheritance-v2,delivery,10173.896890829265,9,"[23, 17, 36, 10, 38, 28, 22, 5, 11]","[0.1111111111111111, 0.1111111111111111, 0.1111111111111111, 0.1111111111111111, 0.1111111111111111, 0.1111111111111111, 0.1111111111111111, 0.1111111111111111, 0.1111111111111111]",63998.07550982777,63998.07550982777,311.78804189461175,1558.9402094730588,0.0871774999977788,9.094947017729282e-13,181,0.0,0.02,0.8,1.1368683772161603e-13,0,0.0,False,08ad55a129c188b78a6bf379ee5514cf466d54acf150f52d0326740697aa261f
2025-02-19,49,0,q4_3,B0,FORMAL_BACKUP,q4-inheritance-v2,delivery,5963.474241261539,9,"[23, 17, 36, 10, 38, 28, 22, 5, 39]","[0.1111111111111111, 0.1111111111111111, 0.1111111111111111, 0.1111111111111111, 0.1111111111111111, 0.1111111111111111, 0.1111111111111111, 0.1111111111111111, 0.1111111111111111]",105611.99369621593,105611.99369621593,3973.6184935791325,19868.092467895665,0.15404680000210647,7.275957614183426e-12,289,0.0,0.02,0.8,0.0,0,0.0,False,08ad55a129c188b78a6bf379ee5514cf466d54acf150f52d0326740697aa261f
2025-02-19,49,6,q4_3,B0,FORMAL_BACKUP,q4-inheritance-v2,delivery,10800.0,9,"[23, 17, 36, 10, 38, 28, 22, 5, 39]","[0.1111111111111111, 0.1111111111111111, 0.1111111111111111, 0.1111111111111111, 0.1111111111111111, 0.1111111111111111, 0.1111111111111111, 0.1111111111111111, 0.1111111111111111]",93258.42757949956,93258.42757949956,3804.6739120354705,18621.374688873315,0.08437150000827387,1.8189894035458565e-12,253,0.0,0.02,0.8,163.05387203704132,0,0.0,False,08ad55a129c188b78a6bf379ee5514cf466d54acf150f52d0326740697aa261f
2025-02-19,49,12,q4_3,B0,FORMAL_BACKUP,q4-inheritance-v2,delivery,7192.9910875241585,9,"[23, 17, 36, 10, 38, 28, 22, 5, 39]","[0.1111111111111111, 0.1111111111111111, 0.1111111111111111, 0.1111111111111111, 0.1111111111111111, 0.1111111111111111, 0.1111111111111111, 0.1111111111111111, 0.1111111111111111]",80758.97397662875,80758.97397662875,2973.6533646937287,14534.944469025757,0.07861909999337513,3.637978807091713e-12,217,0.0,0.02,0.8,163.05387203703776,0,0.0,False,08ad55a129c188b78a6bf379ee5514cf466d54acf150f52d0326740697aa261f
2025-02-19,49,18,q4_3,B0,FORMAL_BACKUP,q4-inheritance-v2,delivery,10051.518278763328,9,"[23, 17, 36, 10, 38, 28, 22, 5, 39]","[0.1111111111111111, 0.1111111111111111, 0.1111111111111111, 0.1111111111111111, 0.1111111111111111, 0.1111111111111111, 0.1111111111111111, 0.1111111111111111, 0.1111111111111111]",60692.54771169998,60692.54771169998,435.39009059982345,2176.9504529991177,0.06032910000067204,1.8189894035458565e-12,181,0.0,0.02,0.8,0.0,0,0.0,False,08ad55a129c188b78a6bf379ee5514cf466d54acf150f52d0326740697aa261f
2025-02-20,50,0,q4_3,B0,FORMAL_BACKUP,q4-inheritance-v2,delivery,6233.067513742251,9,"[37, 17, 36, 10, 43, 8, 26, 6, 39]","[0.1111111111111111, 0.1111111111111111, 0.1111111111111111, 0.1111111111111111, 0.1111111111111111, 0.1111111111111111, 0.1111111111111111, 0.1111111111111111, 0.1111111111111111]",76351.20226566964,76351.20226566964,4129.486217384395,20647.43108692198,0.18071400000189897,7.275957614183426e-12,289,0.0,0.02,0.8,0.0,0,0.0,False,08ad55a129c188b78a6bf379ee5514cf466d54acf150f52d0326740697aa261f
2025-02-20,50,6,q4_3,B0,FORMAL_BACKUP,q4-inheritance-v2,delivery,10764.768278479023,9,"[37, 17, 36, 10, 43, 8, 26, 6, 39]","[0.1111111111111111, 0.1111111111111111, 0.1111111111111111, 0.1111111111111111, 0.1111111111111111, 0.1111111111111111, 0.1111111111111111, 0.1111111111111111, 0.1111111111111111]",63220.29014319667,63220.29014319667,3527.1355174401283,17635.677587200644,0.10039429999596905,1.8189894035458565e-12,253,0.0,0.02,0.8,1796.6387485974017,0,0.0,False,08ad55a129c188b78a6bf379ee5514cf466d54acf150f52d0326740697aa261f
2025-02-20,50,12,q4_3,B0,FORMAL_BACKUP,q4-inheritance-v2,delivery,6856.705905708523,9,"[37, 17, 36, 10, 43, 8, 26, 6, 39]","[0.1111111111111111, 0.1111111111111111, 0.1111111111111111, 0.1111111111111111, 0.1111111111111111, 0.1111111111111111, 0.1111111111111111, 0.1111111111111111, 0.1111111111111111]",50965.739635088765,50965.739635088765,1599.2732852574222,7996.3664262871125,0.11019330000272021,1.8189894035458565e-12,217,0.0,0.02,0.8,1087.6855630246873,0,0.0,False,08ad55a129c188b78a6bf379ee5514cf466d54acf150f52d0326740697aa261f
2025-02-20,50,18,q4_3,B0,FORMAL_BACKUP,q4-inheritance-v2,delivery,10516.061758425169,9,"[37, 17, 36, 10, 43, 8, 26, 6, 39]","[0.1111111111111111, 0.1111111111111111, 0.1111111111111111, 0.1111111111111111, 0.1111111111111111, 0.1111111111111111, 0.1111111111111111, 0.1111111111111111, 0.1111111111111111]",33890.02132860625,33890.02132860625,383.60819255170503,1918.0409627585257,0.08596279998891987,1.8189894035458565e-12,181,0.0,0.02,0.8,1.1368683772161603e-13,0,0.0,False,08ad55a129c188b78a6bf379ee5514cf466d54acf150f52d0326740697aa261f
2025-02-21,51,0,q4_3,B0,FORMAL_BACKUP,q4-inheritance-v2,delivery,3631.8009163303313,9,"[37, 17, 36, 10, 43, 8, 15, 14, 39]","[0.1111111111111111, 0.1111111111111111, 0.1111111111111111, 0.1111111111111111, 0.1111111111111111, 0.1111111111111111, 0.1111111111111111, 0.1111111111111111, 0.1111111111111111]",46496.67507018305,46496.67507018305,3187.3858137368115,15936.929068684061,0.21466749999672174,1.8189894035458565e-12,289,0.0,0.02,0.8,0.0,0,0.0,False,08ad55a129c188b78a6bf379ee5514cf466d54acf150f52d0326740697aa261f
2025-02-21,51,6,q4_3,B0,FORMAL_BACKUP,q4-inheritance-v2,delivery,10800.0,9,"[37, 17, 36, 10, 43, 8, 15, 14, 39]","[0.1111111111111111, 0.1111111111111111, 0.1111111111111111, 0.1111111111111111, 0.1111111111111111, 0.1111111111111111, 0.1111111111111111, 0.1111111111111111, 0.1111111111111111]",37119.917442269136,37119.917442269136,3015.659659903506,15078.298299517533,0.10847680000006221,3.637978807091713e-12,253,0.0,0.02,0.8,199.56588694444685,0,0.0,False,08ad55a129c188b78a6bf379ee5514cf466d54acf150f52d0326740697aa261f
2025-02-21,51,12,q4_3,B0,FORMAL_BACKUP,q4-inheritance-v2,delivery,10800.0,9,"[37, 17, 36, 10, 43, 8, 15, 14, 39]","[0.1111111111111111, 0.1111111111111111, 0.1111111111111111, 0.1111111111111111, 0.1111111111111111, 0.1111111111111111, 0.1111111111111111, 0.1111111111111111, 0.1111111111111111]",36082.1777961406,36082.1777961406,1781.7840445781014,8908.920222890509,0.09300299998722039,1.8189894035458565e-12,217,0.0,0.02,0.8,2996.708548611111,0,0.0,False,08ad55a129c188b78a6bf379ee5514cf466d54acf150f52d0326740697aa261f
2025-02-21,51,18,q4_3,B0,FORMAL_BACKUP,q4-inheritance-v2,delivery,10800.0,9,"[37, 17, 36, 10, 43, 8, 15, 14, 39]","[0.1111111111111111, 0.1111111111111111, 0.1111111111111111, 0.1111111111111111, 0.1111111111111111, 0.1111111111111111, 0.1111111111111111, 0.1111111111111111, 0.1111111111111111]",27531.698124914863,27531.698124914863,476.6537697765542,2383.2688488827716,0.06300310000369791,1.8189894035458565e-12,181,0.0,0.02,0.8,1.1368683772161603e-13,0,0.0,False,08ad55a129c188b78a6bf379ee5514cf466d54acf150f52d0326740697aa261f
2025-02-22,52,0,q4_3,B0,FORMAL_BACKUP,q4-inheritance-v2,delivery,10087.055297091021,9,"[23, 17, 36, 10, 38, 49, 15, 14, 39]","[0.1111111111111111, 0.1111111111111111, 0.1111111111111111, 0.1111111111111111, 0.1111111111111111, 0.1111111111111111, 0.1111111111111111, 0.1111111111111111, 0.1111111111111111]",59166.841698010685,59166.841698010685,2647.928169443136,13239.640847215684,0.1582838000031188,7.275957614183426e-12,289,0.0,0.02,0.8,0.0,0,0.0,False,08ad55a129c188b78a6bf379ee5514cf466d54acf150f52d0326740697aa261f
2025-02-22,52,6,q4_3,B0,FORMAL_BACKUP,q4-inheritance-v2,delivery,8132.248888465724,9,"[23, 17, 36, 10, 38, 49, 15, 14, 39]","[0.1111111111111111, 0.1111111111111111, 0.1111111111111111, 0.1111111111111111, 0.1111111111111111, 0.1111111111111111, 0.1111111111111111, 0.1111111111111111, 0.1111111111111111]",53967.716759436444,53967.716759436444,2382.3882895710904,11911.941447855454,0.09763190000376198,3.637978807091713e-12,253,0.0,0.02,0.8,41.953475358027426,0,0.0,False,08ad55a129c188b78a6bf379ee5514cf466d54acf150f52d0326740697aa261f
2025-02-22,52,12,q4_3,B0,FORMAL_BACKUP,q4-inheritance-v2,delivery,8622.963783160547,9,"[23, 17, 36, 10, 38, 49, 15, 14, 39]","[0.1111111111111111, 0.1111111111111111, 0.1111111111111111, 0.1111111111111111, 0.1111111111111111, 0.1111111111111111, 0.1111111111111111, 0.1111111111111111, 0.1111111111111111]",49965.87020467975,49965.87020467975,1253.9603340791375,6269.801670395689,0.08327080000890419,3.637978807091713e-12,217,0.0,0.02,0.8,453.3993753086421,0,0.0,False,08ad55a129c188b78a6bf379ee5514cf466d54acf150f52d0326740697aa261f
2025-02-22,52,18,q4_3,B0,FORMAL_BACKUP,q4-inheritance-v2,delivery,10737.526236674425,9,"[23, 17, 36, 10, 38, 49, 15, 14, 39]","[0.1111111111111111, 0.1111111111111111, 0.1111111111111111, 0.1111111111111111, 0.1111111111111111, 0.1111111111111111, 0.1111111111111111, 0.1111111111111111, 0.1111111111111111]",50094.10954924079,50094.10954924079,239.41457610702543,1197.0728805351273,0.06714219998684712,9.094947017729282e-13,181,0.0,0.02,0.8,0.0,0,0.0,False,08ad55a129c188b78a6bf379ee5514cf466d54acf150f52d0326740697aa261f
2025-02-23,53,0,q4_3,B0,FORMAL_BACKUP,q4-inheritance-v2,delivery,10775.560635411588,9,"[23, 17, 36, 10, 38, 49, 15, 14, 39]","[0.1111111111111111, 0.1111111111111111, 0.1111111111111111, 0.1111111111111111, 0.1111111111111111, 0.1111111111111111, 0.1111111111111111, 0.1111111111111111, 0.1111111111111111]",81831.8626726009,81831.8626726009,3938.158520721403,19690.792603607017,0.1876854000001913,7.275957614183426e-12,289,0.0,0.02,0.8,0.0,0,0.0,False,08ad55a129c188b78a6bf379ee5514cf466d54acf150f52d0326740697aa261f
2025-02-23,53,6,q4_3,B0,FORMAL_BACKUP,q4-inheritance-v2,delivery,8761.234485673058,9,"[23, 17, 36, 10, 38, 49, 15, 14, 39]","[0.1111111111111111, 0.1111111111111111, 0.1111111111111111, 0.1111111111111111, 0.1111111111111111, 0.1111111111111111, 0.1111111111111111, 0.1111111111111111, 0.1111111111111111]",74757.85149408212,74757.85149408212,3964.146891288216,19624.03282416733,0.09853809999185614,3.637978807091713e-12,253,0.0,0.02,0.8,1922.4587360224066,0,0.0,False,08ad55a129c188b78a6bf379ee5514cf466d54acf150f52d0326740697aa261f
2025-02-23,53,12,q4_3,B0,FORMAL_BACKUP,q4-inheritance-v2,delivery,4236.777333043926,9,"[23, 17, 36, 10, 38, 49, 15, 14, 39]","[0.1111111111111111, 0.1111111111111111, 0.1111111111111111, 0.1111111111111111, 0.1111111111111111, 0.1111111111111111, 0.1111111111111111, 0.1111111111111111, 0.1111111111111111]",67223.78899561371,67223.78899561371,1258.2041168154256,6291.020584077128,0.09069489999092184,3.637978807091713e-12,217,0.0,0.02,0.8,20.84078888888905,0,0.0,False,08ad55a129c188b78a6bf379ee5514cf466d54acf150f52d0326740697aa261f
2025-02-23,53,18,q4_3,B0,FORMAL_BACKUP,q4-inheritance-v2,delivery,8755.320431501139,9,"[23, 17, 36, 10, 38, 49, 15, 14, 39]","[0.1111111111111111, 0.1111111111111111, 0.1111111111111111, 0.1111111111111111, 0.1111111111111111, 0.1111111111111111, 0.1111111111111111, 0.1111111111111111, 0.1111111111111111]",53521.672316396485,53521.672316396485,919.4589199286305,4597.294599643153,0.05972530000144616,1.8189894035458565e-12,181,0.0,0.02,0.8,7.958078640513122e-13,0,0.0,False,08ad55a129c188b78a6bf379ee5514cf466d54acf150f52d0326740697aa261f
2025-02-24,54,0,q4_3,B0,FORMAL_BACKUP,q4-inheritance-v2,delivery,4481.12298053089,9,"[37, 17, 36, 10, 38, 49, 15, 14, 39]","[0.1111111111111111, 0.1111111111111111, 0.1111111111111111, 0.1111111111111111, 0.1111111111111111, 0.1111111111111111, 0.1111111111111111, 0.1111111111111111, 0.1111111111111111]",103929.21628052286,103929.21628052286,4025.583409935978,20127.917049679894,0.18147169999429025,1.8189894035458565e-12,289,0.0,0.02,0.8,0.0,0,0.0,False,08ad55a129c188b78a6bf379ee5514cf466d54acf150f52d0326740697aa261f
2025-02-24,54,6,q4_3,B0,FORMAL_BACKUP,q4-inheritance-v2,delivery,10773.448101645974,9,"[37, 17, 36, 10, 38, 49, 15, 14, 39]","[0.1111111111111111, 0.1111111111111111, 0.1111111111111111, 0.1111111111111111, 0.1111111111111111, 0.1111111111111111, 0.1111111111111111, 0.1111111111111111, 0.1111111111111111]",90474.65897701705,90474.65897701705,3474.9712527635656,17374.856263817834,0.10312980000162497,1.8189894035458565e-12,253,0.0,0.02,0.8,4.658051722117307e-12,0,0.0,False,08ad55a129c188b78a6bf379ee5514cf466d54acf150f52d0326740697aa261f
2025-02-24,54,12,q4_3,B0,FORMAL_BACKUP,q4-inheritance-v2,delivery,6964.80140032096,9,"[37, 17, 36, 10, 38, 49, 15, 14, 39]","[0.1111111111111111, 0.1111111111111111, 0.1111111111111111, 0.1111111111111111, 0.1111111111111111, 0.1111111111111111, 0.1111111111111111, 0.1111111111111111, 0.1111111111111111]",78039.38142930275,78039.38142930275,934.6327053964887,4673.163526982445,0.114399099998991,1.8189894035458565e-12,217,0.0,0.02,0.8,0.0,0,0.0,False,08ad55a129c188b78a6bf379ee5514cf466d54acf150f52d0326740697aa261f
2025-02-24,54,18,q4_3,B0,FORMAL_BACKUP,q4-inheritance-v2,delivery,10681.30180879375,9,"[37, 17, 36, 10, 38, 49, 15, 14, 39]","[0.1111111111111111, 0.1111111111111111, 0.1111111111111111, 0.1111111111111111, 0.1111111111111111, 0.1111111111111111, 0.1111111111111111, 0.1111111111111111, 0.1111111111111111]",59475.243940961314,59475.243940961314,0.0,0.0,0.09242869999434333,1.8189894035458565e-12,181,0.0,0.02,0.8,265.63585441666237,0,0.0,False,08ad55a129c188b78a6bf379ee5514cf466d54acf150f52d0326740697aa261f
2025-02-25,55,0,q4_3,B0,FORMAL_BACKUP,q4-inheritance-v2,delivery,6530.182078644153,9,"[37, 17, 45, 33, 38, 49, 15, 14, 39]","[0.1111111111111111, 0.1111111111111111, 0.1111111111111111, 0.1111111111111111, 0.1111111111111111, 0.1111111111111111, 0.1111111111111111, 0.1111111111111111, 0.1111111111111111]",105164.31290040232,105164.31290040232,4150.733695898964,20753.668479494823,0.1804647999961162,1.8189894035458565e-12,289,0.0,0.02,0.8,0.0,0,0.0,False,08ad55a129c188b78a6bf379ee5514cf466d54acf150f52d0326740697aa261f
2025-02-25,55,6,q4_3,B0,FORMAL_BACKUP,q4-inheritance-v2,delivery,10716.271858764781,9,"[37, 17, 45, 33, 38, 49, 15, 14, 39]","[0.1111111111111111, 0.1111111111111111, 0.1111111111111111, 0.1111111111111111, 0.1111111111111111, 0.1111111111111111, 0.1111111111111111, 0.1111111111111111, 0.1111111111111111]",91384.28437953103,91384.28437953103,2334.302349446635,11671.511747233179,0.1204550999973435,1.8189894035458565e-12,253,0.0,0.02,0.8,292.8348247222281,0,0.0,False,08ad55a129c188b78a6bf379ee5514cf466d54acf150f52d0326740697aa261f
2025-02-25,55,12,q4_3,B0,FORMAL_BACKUP,q4-inheritance-v2,delivery,9231.778437778501,9,"[37, 17, 45, 33, 38, 49, 15, 14, 39]","[0.1111111111111111, 0.1111111111111111, 0.1111111111111111, 0.1111111111111111, 0.1111111111111111, 0.1111111111111111, 0.1111111111111111, 0.1111111111111111, 0.1111111111111111]",78268.65382466938,78268.65382466938,989.7282435700233,4948.641217850118,0.11212090001208708,1.8189894035458565e-12,217,0.0,0.02,0.8,4407.68438850617,0,0.0,False,08ad55a129c188b78a6bf379ee5514cf466d54acf150f52d0326740697aa261f
2025-02-25,55,18,q4_3,B0,FORMAL_BACKUP,q4-inheritance-v2,delivery,10547.823112913497,9,"[37, 17, 45, 33, 38, 49, 15, 14, 39]","[0.1111111111111111, 0.1111111111111111, 0.1111111111111111, 0.1111111111111111, 0.1111111111111111, 0.1111111111111111, 0.1111111111111111, 0.1111111111111111, 0.1111111111111111]",61327.368808126164,61327.368808126164,38.846970940904015,194.23485470452013,0.09004789999744389,1.8189894035458565e-12,181,0.0,0.02,0.8,3.410605131648481e-13,0,0.0,False,08ad55a129c188b78a6bf379ee5514cf466d54acf150f52d0326740697aa261f
2025-02-26,56,0,q4_3,B0,FORMAL_BACKUP,q4-inheritance-v2,delivery,6064.365067177431,9,"[37, 17, 45, 33, 38, 49, 15, 14, 39]","[0.1111111111111111, 0.1111111111111111, 0.1111111111111111, 0.1111111111111111, 0.1111111111111111, 0.1111111111111111, 0.1111111111111111, 0.1111111111111111, 0.1111111111111111]",98875.40499755603,98875.40499755603,4073.582080656445,20367.91040328223,0.21326390000467654,1.8189894035458565e-12,289,0.0,0.02,0.8,0.0,0,0.0,False,08ad55a129c188b78a6bf379ee5514cf466d54acf150f52d0326740697aa261f
2025-02-26,56,6,q4_3,B0,FORMAL_BACKUP,q4-inheritance-v2,delivery,10776.936841432442,9,"[37, 17, 45, 33, 38, 49, 15, 14, 39]","[0.1111111111111111, 0.1111111111111111, 0.1111111111111111, 0.1111111111111111, 0.1111111111111111, 0.1111111111111111, 0.1111111111111111, 0.1111111111111111, 0.1111111111111111]",87438.16220717864,87438.16220717864,4119.769901426366,20570.7981127751,0.12175550000392832,7.275957614183426e-12,253,0.0,0.02,0.8,4.04298816647497e-12,0,0.0,False,08ad55a129c188b78a6bf379ee5514cf466d54acf150f52d0326740697aa261f
2025-02-26,56,12,q4_3,B0,FORMAL_BACKUP,q4-inheritance-v2,delivery,5492.289878083801,9,"[37, 17, 45, 33, 38, 49, 15, 14, 39]","[0.1111111111111111, 0.1111111111111111, 0.1111111111111111, 0.1111111111111111, 0.1111111111111111, 0.1111111111111111, 0.1111111111111111, 0.1111111111111111, 0.1111111111111111]",89038.25961967996,89038.25961967996,2959.1556718207676,14779.663342832357,0.1106117000017548,3.637978807091713e-12,217,0.0,0.02,0.8,356.28102367284373,0,0.0,False,08ad55a129c188b78a6bf379ee5514cf466d54acf150f52d0326740697aa261f
2025-02-26,56,18,q4_3,B0,FORMAL_BACKUP,q4-inheritance-v2,delivery,9492.285868855248,9,"[37, 17, 45, 33, 38, 49, 15, 14, 39]","[0.1111111111111111, 0.1111111111111111, 0.1111111111111111, 0.1111111111111111, 0.1111111111111111, 0.1111111111111111, 0.1111111111111111, 0.1111111111111111, 0.1111111111111111]",69620.42375628697,69620.42375628697,756.1052764165959,3780.52638208298,0.08599649999814574,1.8189894035458565e-12,181,0.0,0.02,0.8,1.1368683772161603e-13,0,0.0,False,08ad55a129c188b78a6bf379ee5514cf466d54acf150f52d0326740697aa261f
2025-02-27,57,0,q4_3,B0,FORMAL_BACKUP,q4-inheritance-v2,delivery,5970.853604457859,9,"[37, 17, 45, 33, 35, 49, 15, 14, 39]","[0.1111111111111111, 0.1111111111111111, 0.1111111111111111, 0.1111111111111111, 0.1111111111111111, 0.1111111111111111, 0.1111111111111111, 0.1111111111111111, 0.1111111111111111]",71837.9127261113,71837.9127261113,4283.093397641915,21415.466988209577,0.2565546000114409,7.275957614183426e-12,289,0.0,0.02,0.8,0.0,0,0.0,False,08ad55a129c188b78a6bf379ee5514cf466d54acf150f52d0326740697aa261f
2025-02-27,57,6,q4_3,B0,FORMAL_BACKUP,q4-inheritance-v2,delivery,10768.087353216597,9,"[37, 17, 45, 33, 35, 49, 15, 14, 39]","[0.1111111111111111, 0.1111111111111111, 0.1111111111111111, 0.1111111111111111, 0.1111111111111111, 0.1111111111111111, 0.1111111111111111, 0.1111111111111111, 0.1111111111111111]",58958.21018950526,58958.21018950526,3844.038974554024,19220.194872770124,0.12844719999702647,1.8189894035458565e-12,253,0.0,0.02,0.8,447.1229902777811,0,0.0,False,08ad55a129c188b78a6bf379ee5514cf466d54acf150f52d0326740697aa261f
2025-02-27,57,12,q4_3,B0,FORMAL_BACKUP,q4-inheritance-v2,delivery,6316.225644710363,9,"[37, 17, 45, 33, 35, 49, 15, 14, 39]","[0.1111111111111111, 0.1111111111111111, 0.1111111111111111, 0.1111111111111111, 0.1111111111111111, 0.1111111111111111, 0.1111111111111111, 0.1111111111111111, 0.1111111111111111]",49994.81688923282,49994.81688923282,2218.923206897011,11094.616034485058,0.11767350000445731,1.8189894035458565e-12,217,0.0,0.02,0.8,339.08920888888906,0,0.0,False,08ad55a129c188b78a6bf379ee5514cf466d54acf150f52d0326740697aa261f
2025-02-27,57,18,q4_3,B0,FORMAL_BACKUP,q4-inheritance-v2,delivery,10401.53847976088,9,"[37, 17, 45, 33, 35, 49, 15, 14, 39]","[0.1111111111111111, 0.1111111111111111, 0.1111111111111111, 0.1111111111111111, 0.1111111111111111, 0.1111111111111111, 0.1111111111111111, 0.1111111111111111, 0.1111111111111111]",35013.59344022107,35013.59344022107,433.4719482219415,2167.359741109708,0.0897947000048589,1.8189894035458565e-12,181,0.0,0.02,0.8,0.0,0,0.0,False,08ad55a129c188b78a6bf379ee5514cf466d54acf150f52d0326740697aa261f
2025-02-28,58,0,q4_3,B0,FORMAL_BACKUP,q4-inheritance-v2,delivery,4086.326830436305,9,"[44, 17, 45, 33, 38, 49, 15, 14, 39]","[0.1111111111111111, 0.1111111111111111, 0.1111111111111111, 0.1111111111111111, 0.1111111111111111, 0.1111111111111111, 0.1111111111111111, 0.1111111111111111, 0.1111111111111111]",45611.221914112335,45611.221914112335,2609.932872462274,13049.664362311374,0.20217119999870192,1.8189894035458565e-12,289,0.0,0.02,0.8,0.0,0,0.0,False,08ad55a129c188b78a6bf379ee5514cf466d54acf150f52d0326740697aa261f
2025-02-28,58,6,q4_3,B0,FORMAL_BACKUP,q4-inheritance-v2,delivery,10024.062362018898,9,"[44, 17, 45, 33, 38, 49, 15, 14, 39]","[0.1111111111111111, 0.1111111111111111, 0.1111111111111111, 0.1111111111111111, 0.1111111111111111, 0.1111111111111111, 0.1111111111111111, 0.1111111111111111, 0.1111111111111111]",37086.98105730532,37086.98105730532,2517.939410041358,12589.697050206792,0.12875499999790918,1.8189894035458565e-12,253,0.0,0.02,0.8,1.5347723092418164e-12,0,0.0,False,08ad55a129c188b78a6bf379ee5514cf466d54acf150f52d0326740697aa261f
2025-02-28,58,12,q4_3,B0,FORMAL_BACKUP,q4-inheritance-v2,delivery,10800.0,9,"[44, 17, 45, 33, 38, 49, 15, 14, 39]","[0.1111111111111111, 0.1111111111111111, 0.1111111111111111, 0.1111111111111111, 0.1111111111111111, 0.1111111111111111, 0.1111111111111111, 0.1111111111111111, 0.1111111111111111]",35401.35087762356,35401.35087762356,1184.7296009733154,5923.648004866577,0.1060043999896152,1.8189894035458565e-12,217,0.0,0.02,0.8,1505.9469021684372,0,0.0,False,08ad55a129c188b78a6bf379ee5514cf466d54acf150f52d0326740697aa261f
2025-02-28,58,18,q4_3,B0,FORMAL_BACKUP,q4-inheritance-v2,delivery,10800.0,9,"[44, 17, 45, 33, 38, 49, 15, 14, 39]","[0.1111111111111111, 0.1111111111111111, 0.1111111111111111, 0.1111111111111111, 0.1111111111111111, 0.1111111111111111, 0.1111111111111111, 0.1111111111111111, 0.1111111111111111]",31935.34745550123,31935.34745550123,224.9255683871247,1124.6278419356238,0.08728949999203905,1.8189894035458565e-12,181,0.0,0.02,0.8,3.410605131648481e-13,0,0.0,False,08ad55a129c188b78a6bf379ee5514cf466d54acf150f52d0326740697aa261f
2025-03-01,59,0,q4_3,B0,FORMAL_BACKUP,q4-inheritance-v2,delivery,8512.005573992958,9,"[44, 17, 45, 33, 38, 49, 56, 29, 39]","[0.1111111111111111, 0.1111111111111111, 0.1111111111111111, 0.1111111111111111, 0.1111111111111111, 0.1111111111111111, 0.1111111111111111, 0.1111111111111111, 0.1111111111111111]",58554.14238405783,58554.14238405783,2670.534243973401,13352.671219867007,0.20230229999287985,1.8189894035458565e-12,289,0.0,0.02,0.8,0.0,0,0.0,False,08ad55a129c188b78a6bf379ee5514cf466d54acf150f52d0326740697aa261f
2025-03-01,59,6,q4_3,B0,FORMAL_BACKUP,q4-inheritance-v2,delivery,8775.717783639797,9,"[44, 17, 45, 33, 38, 49, 56, 29, 39]","[0.1111111111111111, 0.1111111111111111, 0.1111111111111111, 0.1111111111111111, 0.1111111111111111, 0.1111111111111111, 0.1111111111111111, 0.1111111111111111, 0.1111111111111111]",51319.63825024791,51319.63825024791,1553.488184935472,7767.44092467736,0.09418240000377409,1.8189894035458565e-12,253,0.0,0.02,0.8,4149.764195254863,0,0.0,False,08ad55a129c188b78a6bf379ee5514cf466d54acf150f52d0326740697aa261f
2025-03-01,59,12,q4_3,B0,FORMAL_BACKUP,q4-inheritance-v2,delivery,9820.617771553241,9,"[44, 17, 45, 33, 38, 49, 56, 29, 39]","[0.1111111111111111, 0.1111111111111111, 0.1111111111111111, 0.1111111111111111, 0.1111111111111111, 0.1111111111111111, 0.1111111111111111, 0.1111111111111111, 0.1111111111111111]",47003.506850444486,47003.506850444486,1030.4107200617932,5152.053600308967,0.07832630000484642,1.8189894035458565e-12,217,0.0,0.02,0.8,0.0,0,0.0,False,08ad55a129c188b78a6bf379ee5514cf466d54acf150f52d0326740697aa261f
2025-03-01,59,18,q4_3,B0,FORMAL_BACKUP,q4-inheritance-v2,delivery,10800.0,9,"[44, 17, 45, 33, 38, 49, 56, 29, 39]","[0.1111111111111111, 0.1111111111111111, 0.1111111111111111, 0.1111111111111111, 0.1111111111111111, 0.1111111111111111, 0.1111111111111111, 0.1111111111111111, 0.1111111111111111]",45058.844898249234,45058.844898249234,199.162802107343,995.814010536715,0.0878901000105543,1.8189894035458565e-12,181,0.0,0.02,0.8,0.0,0,0.0,False,08ad55a129c188b78a6bf379ee5514cf466d54acf150f52d0326740697aa261f
2025-03-02,60,0,q4_3,B0,FORMAL_BACKUP,q4-inheritance-v2,delivery,10655.837074889963,9,"[44, 17, 45, 33, 38, 57, 48, 29, 39]","[0.1111111111111111, 0.1111111111111111, 0.1111111111111111, 0.1111111111111111, 0.1111111111111111, 0.1111111111111111, 0.1111111111111111, 0.1111111111111111, 0.1111111111111111]",79261.92290614928,79261.92290614928,4318.3556161313645,21591.778080656823,0.20896479999646544,7.275957614183426e-12,289,0.0,0.02,0.8,0.0,0,0.0,False,08ad55a129c188b78a6bf379ee5514cf466d54acf150f52d0326740697aa261f
2025-03-02,60,6,q4_3,B0,FORMAL_BACKUP,q4-inheritance-v2,delivery,10025.600836132973,9,"[44, 17, 45, 33, 38, 57, 48, 29, 39]","[0.1111111111111111, 0.1111111111111111, 0.1111111111111111, 0.1111111111111111, 0.1111111111111111, 0.1111111111111111, 0.1111111111111111, 0.1111111111111111, 0.1111111111111111]",71271.57926895718,71271.57926895718,3584.397418247381,17844.572500994815,0.12873869999020826,1.8189894035458565e-12,253,0.0,0.02,0.8,1736.0402325617329,0,0.0,False,08ad55a129c188b78a6bf379ee5514cf466d54acf150f52d0326740697aa261f
2025-03-02,60,12,q4_3,B0,FORMAL_BACKUP,q4-inheritance-v2,delivery,4982.587978296622,9,"[44, 17, 45, 33, 38, 57, 48, 29, 39]","[0.1111111111111111, 0.1111111111111111, 0.1111111111111111, 0.1111111111111111, 0.1111111111111111, 0.1111111111111111, 0.1111111111111111, 0.1111111111111111, 0.1111111111111111]",70553.36730401528,70553.36730401528,2058.1359097920513,10290.67954896026,0.11518259999866132,7.275957614183426e-12,217,0.0,0.02,0.8,141.77609722222292,0,0.0,False,08ad55a129c188b78a6bf379ee5514cf466d54acf150f52d0326740697aa261f
2025-03-02,60,18,q4_3,B0,FORMAL_BACKUP,q4-inheritance-v2,delivery,9726.559723077251,9,"[44, 17, 45, 33, 38, 57, 48, 29, 39]","[0.1111111111111111, 0.1111111111111111, 0.1111111111111111, 0.1111111111111111, 0.1111111111111111, 0.1111111111111111, 0.1111111111111111, 0.1111111111111111, 0.1111111111111111]",53793.82962286042,53793.82962286042,386.81020668114456,1934.0510334057233,0.08848540000326466,1.8189894035458565e-12,181,0.0,0.02,0.8,0.0,0,0.0,False,08ad55a129c188b78a6bf379ee5514cf466d54acf150f52d0326740697aa261f
2025-03-03,61,0,q4_3,B0,FORMAL_BACKUP,q4-inheritance-v2,delivery,5699.544536238181,9,"[44, 17, 45, 33, 38, 57, 48, 29, 39]","[0.1111111111111111, 0.1111111111111111, 0.1111111111111111, 0.1111111111111111, 0.1111111111111111, 0.1111111111111111, 0.1111111111111111, 0.1111111111111111, 0.1111111111111111]",103877.7885096622,103877.7885096622,4503.038055544145,22515.190277720732,0.2453430000023218,1.8189894035458565e-12,289,0.0,0.02,0.8,0.0,0,0.0,False,08ad55a129c188b78a6bf379ee5514cf466d54acf150f52d0326740697aa261f
2025-03-03,61,6,q4_3,B0,FORMAL_BACKUP,q4-inheritance-v2,delivery,10800.0,9,"[44, 17, 45, 33, 38, 57, 48, 29, 39]","[0.1111111111111111, 0.1111111111111111, 0.1111111111111111, 0.1111111111111111, 0.1111111111111111, 0.1111111111111111, 0.1111111111111111, 0.1111111111111111, 0.1111111111111111]",89383.17754646158,89383.17754646158,3056.630271683933,15280.894036514885,0.10993730000336654,1.8189894035458565e-12,253,0.0,0.02,0.8,3663.281704598774,0,0.0,False,08ad55a129c188b78a6bf379ee5514cf466d54acf150f52d0326740697aa261f
2025-03-03,61,12,q4_3,B0,FORMAL_BACKUP,q4-inheritance-v2,delivery,7537.662223958978,9,"[44, 17, 45, 33, 38, 57, 48, 29, 39]","[0.1111111111111111, 0.1111111111111111, 0.1111111111111111, 0.1111111111111111, 0.1111111111111111, 0.1111111111111111, 0.1111111111111111, 0.1111111111111111, 0.1111111111111111]",82141.48188948803,82141.48188948803,1451.567333437389,7257.836667186946,0.12005189999763388,1.8189894035458565e-12,217,0.0,0.02,0.8,2697.3643052777807,0,0.0,False,08ad55a129c188b78a6bf379ee5514cf466d54acf150f52d0326740697aa261f
2025-03-03,61,18,q4_3,B0,FORMAL_BACKUP,q4-inheritance-v2,delivery,9880.383263162263,9,"[44, 17, 45, 33, 38, 57, 48, 29, 39]","[0.1111111111111111, 0.1111111111111111, 0.1111111111111111, 0.1111111111111111, 0.1111111111111111, 0.1111111111111111, 0.1111111111111111, 0.1111111111111111, 0.1111111111111111]",61317.5852145354,61317.5852145354,260.6135549122061,1303.0677745610305,0.089136900001904,1.8189894035458565e-12,181,0.0,0.02,0.8,2.2737367544323206e-13,0,0.0,False,08ad55a129c188b78a6bf379ee5514cf466d54acf150f52d0326740697aa261f
2025-03-04,62,0,q4_3,B0,FORMAL_BACKUP,q4-inheritance-v2,delivery,6075.295093413769,9,"[44, 59, 45, 33, 38, 57, 48, 29, 39]","[0.1111111111111111, 0.1111111111111111, 0.1111111111111111, 0.1111111111111111, 0.1111111111111111, 0.1111111111111111, 0.1111111111111111, 0.1111111111111111, 0.1111111111111111]",97245.90034537841,97245.90034537841,4495.266902545753,22476.33451272877,0.22016529999382328,1.8189894035458565e-12,289,0.0,0.02,0.8,0.0,0,0.0,False,08ad55a129c188b78a6bf379ee5514cf466d54acf150f52d0326740697aa261f
2025-03-04,62,6,q4_3,B0,FORMAL_BACKUP,q4-inheritance-v2,delivery,10800.0,9,"[44, 59, 45, 33, 38, 57, 48, 29, 39]","[0.1111111111111111, 0.1111111111111111, 0.1111111111111111, 0.1111111111111111, 0.1111111111111111, 0.1111111111111111, 0.1111111111111111, 0.1111111111111111, 0.1111111111111111]",85961.76857028276,85961.76857028276,4030.3365183457845,20147.5763714693,0.13926930000889115,1.8189894035458565e-12,253,0.0,0.02,0.8,734.5375391388928,0,0.0,False,08ad55a129c188b78a6bf379ee5514cf466d54acf150f52d0326740697aa261f
2025-03-04,62,12,q4_3,B0,FORMAL_BACKUP,q4-inheritance-v2,delivery,7060.0675323599135,9,"[44, 59, 45, 33, 38, 57, 48, 29, 39]","[0.1111111111111111, 0.1111111111111111, 0.1111111111111111, 0.1111111111111111, 0.1111111111111111, 0.1111111111111111, 0.1111111111111111, 0.1111111111111111, 0.1111111111111111]",74832.74141000037,74832.74141000037,2081.6108729396124,10408.054364698062,0.11228649999247864,3.637978807091713e-12,217,0.0,0.02,0.8,35.2342750388118,0,0.0,False,08ad55a129c188b78a6bf379ee5514cf466d54acf150f52d0326740697aa261f
2025-03-04,62,18,q4_3,B0,FORMAL_BACKUP,q4-inheritance-v2,delivery,10647.170160335623,9,"[44, 59, 45, 33, 38, 57, 48, 29, 39]","[0.1111111111111111, 0.1111111111111111, 0.1111111111111111, 0.1111111111111111, 0.1111111111111111, 0.1111111111111111, 0.1111111111111111, 0.1111111111111111, 0.1111111111111111]",63680.426389109845,63680.426389109845,264.38782728440424,1321.9391364220212,0.08524259999103379,1.8189894035458565e-12,181,0.0,0.02,0.8,2.2737367544323206e-13,0,0.0,False,08ad55a129c188b78a6bf379ee5514cf466d54acf150f52d0326740697aa261f
2025-03-05,63,0,q4_3,B0,FORMAL_BACKUP,q4-inheritance-v2,delivery,6103.0127616630525,9,"[44, 59, 45, 33, 38, 57, 48, 29, 39]","[0.1111111111111111, 0.1111111111111111, 0.1111111111111111, 0.1111111111111111, 0.1111111111111111, 0.1111111111111111, 0.1111111111111111, 0.1111111111111111, 0.1111111111111111]",97880.20621361441,97880.20621361441,4654.994961195906,23274.97480597954,0.2118761000019731,2.9103830456733704e-11,289,0.0,0.02,0.8,0.0,0,0.0,False,08ad55a129c188b78a6bf379ee5514cf466d54acf150f52d0326740697aa261f
2025-03-05,63,6,q4_3,B0,FORMAL_BACKUP,q4-inheritance-v2,delivery,10800.0,9,"[44, 59, 45, 33, 38, 57, 48, 29, 39]","[0.1111111111111111, 0.1111111111111111, 0.1111111111111111, 0.1111111111111111, 0.1111111111111111, 0.1111111111111111, 0.1111111111111111, 0.1111111111111111, 0.1111111111111111]",84135.69214420616,84135.69214420616,3143.042001802847,15712.957397208822,0.13162780000129715,1.8189894035458565e-12,253,0.0,0.02,0.8,1494.5584451302461,0,0.0,False,08ad55a129c188b78a6bf379ee5514cf466d54acf150f52d0326740697aa261f
2025-03-05,63,12,q4_3,B0,FORMAL_BACKUP,q4-inheritance-v2,delivery,7832.604585847398,9,"[44, 59, 45, 33, 38, 57, 48, 29, 39]","[0.1111111111111111, 0.1111111111111111, 0.1111111111111111, 0.1111111111111111, 0.1111111111111111, 0.1111111111111111, 0.1111111111111111, 0.1111111111111111, 0.1111111111111111]",76368.11116000442,76368.11116000442,996.3646044471877,4981.82302223594,0.11272799999278504,1.8189894035458565e-12,217,0.0,0.02,0.8,1977.8752908333397,0,0.0,False,08ad55a129c188b78a6bf379ee5514cf466d54acf150f52d0326740697aa261f
2025-03-05,63,18,q4_3,B0,FORMAL_BACKUP,q4-inheritance-v2,delivery,10474.427337955636,9,"[44, 59, 45, 33, 38, 57, 48, 29, 39]","[0.1111111111111111, 0.1111111111111111, 0.1111111111111111, 0.1111111111111111, 0.1111111111111111, 0.1111111111111111, 0.1111111111111111, 0.1111111111111111, 0.1111111111111111]",60741.55530693045,60741.55530693045,101.31034926975452,506.55174634877267,0.0871393999987049,1.8189894035458565e-12,181,0.0,0.02,0.8,5.684341886080802e-14,0,0.0,False,08ad55a129c188b78a6bf379ee5514cf466d54acf150f52d0326740697aa261f
2025-03-06,64,0,q4_3,B0,FORMAL_BACKUP,q4-inheritance-v2,delivery,6633.7238717066175,9,"[44, 59, 45, 33, 38, 54, 48, 29, 39]","[0.1111111111111111, 0.1111111111111111, 0.1111111111111111, 0.1111111111111111, 0.1111111111111111, 0.1111111111111111, 0.1111111111111111, 0.1111111111111111, 0.1111111111111111]",68321.07817847028,68321.07817847028,4555.914450532049,22779.57225266025,0.2067042999988189,1.8189894035458565e-12,289,0.0,0.02,0.8,0.0,0,0.0,False,08ad55a129c188b78a6bf379ee5514cf466d54acf150f52d0326740697aa261f
2025-03-06,64,6,q4_3,B0,FORMAL_BACKUP,q4-inheritance-v2,delivery,10800.0,9,"[44, 59, 45, 33, 38, 54, 48, 29, 39]","[0.1111111111111111, 0.1111111111111111, 0.1111111111111111, 0.1111111111111111, 0.1111111111111111, 0.1111111111111111, 0.1111111111111111, 0.1111111111111111, 0.1111111111111111]",56372.2546482482,56372.2546482482,3717.3176986796993,18509.96496564469,0.1340994999918621,9.094947017729282e-13,253,0.0,0.02,0.8,1585.9211817469172,0,0.0,False,08ad55a129c188b78a6bf379ee5514cf466d54acf150f52d0326740697aa261f
2025-03-06,64,12,q4_3,B0,FORMAL_BACKUP,q4-inheritance-v2,delivery,6969.161224559238,9,"[44, 59, 45, 33, 38, 54, 48, 29, 39]","[0.1111111111111111, 0.1111111111111111, 0.1111111111111111, 0.1111111111111111, 0.1111111111111111, 0.1111111111111111, 0.1111111111111111, 0.1111111111111111, 0.1111111111111111]",49419.27793608743,49419.27793608743,1801.6126967681753,9008.063483840879,0.0977052999951411,1.8189894035458565e-12,217,0.0,0.02,0.8,897.3730477469121,0,0.0,False,08ad55a129c188b78a6bf379ee5514cf466d54acf150f52d0326740697aa261f
2025-03-06,64,18,q4_3,B0,FORMAL_BACKUP,q4-inheritance-v2,delivery,10529.76810341691,9,"[44, 59, 45, 33, 38, 54, 48, 29, 39]","[0.1111111111111111, 0.1111111111111111, 0.1111111111111111, 0.1111111111111111, 0.1111111111111111, 0.1111111111111111, 0.1111111111111111, 0.1111111111111111, 0.1111111111111111]",34809.44085461738,34809.44085461738,375.470977737231,1877.3548886861552,0.08415519999107346,1.8189894035458565e-12,181,0.0,0.02,0.8,0.0,0,0.0,False,08ad55a129c188b78a6bf379ee5514cf466d54acf150f52d0326740697aa261f
2025-03-07,65,0,q4_3,B0,FORMAL_BACKUP,q4-inheritance-v2,delivery,3417.65718775419,9,"[44, 59, 45, 33, 35, 57, 48, 29, 39]","[0.1111111111111111, 0.1111111111111111, 0.1111111111111111, 0.1111111111111111, 0.1111111111111111, 0.1111111111111111, 0.1111111111111111, 0.1111111111111111, 0.1111111111111111]",43940.84621447063,43940.84621447063,2978.010654517364,14890.053272586822,0.2581227000046056,1.8189894035458565e-12,289,0.0,0.02,0.8,0.0,0,0.0,False,08ad55a129c188b78a6bf379ee5514cf466d54acf150f52d0326740697aa261f
2025-03-07,65,6,q4_3,B0,FORMAL_BACKUP,q4-inheritance-v2,delivery,9863.890633215948,9,"[44, 59, 45, 33, 35, 57, 48, 29, 39]","[0.1111111111111111, 0.1111111111111111, 0.1111111111111111, 0.1111111111111111, 0.1111111111111111, 0.1111111111111111, 0.1111111111111111, 0.1111111111111111, 0.1111111111111111]",34117.40920683347,34117.40920683347,1788.1098101445107,8940.549050722555,0.09372370000346564,3.637978807091713e-12,253,0.0,0.02,0.8,2697.063263609128,0,0.0,False,08ad55a129c188b78a6bf379ee5514cf466d54acf150f52d0326740697aa261f
2025-03-07,65,12,q4_3,B0,FORMAL_BACKUP,q4-inheritance-v2,delivery,10800.0,9,"[44, 59, 45, 33, 35, 57, 48, 29, 39]","[0.1111111111111111, 0.1111111111111111, 0.1111111111111111, 0.1111111111111111, 0.1111111111111111, 0.1111111111111111, 0.1111111111111111, 0.1111111111111111, 0.1111111111111111]",34139.23816916207,34139.23816916207,945.3663718496084,4726.831859248043,0.09796549999737181,1.8189894035458565e-12,217,0.0,0.02,0.8,2430.7916778703684,0,0.0,False,08ad55a129c188b78a6bf379ee5514cf466d54acf150f52d0326740697aa261f
2025-03-07,65,18,q4_3,B0,FORMAL_BACKUP,q4-inheritance-v2,delivery,10800.0,9,"[44, 59, 45, 33, 35, 57, 48, 29, 39]","[0.1111111111111111, 0.1111111111111111, 0.1111111111111111, 0.1111111111111111, 0.1111111111111111, 0.1111111111111111, 0.1111111111111111, 0.1111111111111111, 0.1111111111111111]",24843.178070130878,24843.178070130878,430.5706120462767,2152.853060231384,0.0847689999936847,1.8189894035458565e-12,181,0.0,0.02,0.8,0.0,0,0.0,False,08ad55a129c188b78a6bf379ee5514cf466d54acf150f52d0326740697aa261f
2025-03-08,66,0,q4_3,B0,FORMAL_BACKUP,q4-inheritance-v2,delivery,9688.901038581296,9,"[51, 59, 45, 33, 38, 57, 48, 29, 39]","[0.1111111111111111, 0.1111111111111111, 0.1111111111111111, 0.1111111111111111, 0.1111111111111111, 0.1111111111111111, 0.1111111111111111, 0.1111111111111111, 0.1111111111111111]",51388.881589471246,51388.881589471246,2223.088219629248,11115.441098146244,0.19521409999288153,9.094947017729282e-13,289,0.0,0.02,0.8,0.0,0,0.0,False,08ad55a129c188b78a6bf379ee5514cf466d54acf150f52d0326740697aa261f
2025-03-08,66,6,q4_3,B0,FORMAL_BACKUP,q4-inheritance-v2,delivery,5892.042619734544,9,"[51, 59, 45, 33, 38, 57, 48, 29, 39]","[0.1111111111111111, 0.1111111111111111, 0.1111111111111111, 0.1111111111111111, 0.1111111111111111, 0.1111111111111111, 0.1111111111111111, 0.1111111111111111, 0.1111111111111111]",47425.89577348525,47425.89577348525,2078.470258456122,10392.351292280611,0.12287440001091454,3.637978807091713e-12,253,0.0,0.02,0.8,2.6432189770275727e-12,0,0.0,False,08ad55a129c188b78a6bf379ee5514cf466d54acf150f52d0326740697aa261f
2025-03-08,66,12,q4_3,B0,FORMAL_BACKUP,q4-inheritance-v2,delivery,10595.211096333034,9,"[51, 59, 45, 33, 38, 57, 48, 29, 39]","[0.1111111111111111, 0.1111111111111111, 0.1111111111111111, 0.1111111111111111, 0.1111111111111111, 0.1111111111111111, 0.1111111111111111, 0.1111111111111111, 0.1111111111111111]",46337.1642303205,46337.1642303205,1498.8965922169273,7494.482961084637,0.1068197999993572,1.8189894035458565e-12,217,0.0,0.02,0.8,0.0,0,0.0,False,08ad55a129c188b78a6bf379ee5514cf466d54acf150f52d0326740697aa261f
2025-03-08,66,18,q4_3,B0,FORMAL_BACKUP,q4-inheritance-v2,delivery,10770.781149103927,9,"[51, 59, 45, 33, 38, 57, 48, 29, 39]","[0.1111111111111111, 0.1111111111111111, 0.1111111111111111, 0.1111111111111111, 0.1111111111111111, 0.1111111111111111, 0.1111111111111111, 0.1111111111111111, 0.1111111111111111]",37299.845836474495,37299.845836474495,564.5709024182697,2822.854512091349,0.08240830000431743,1.8189894035458565e-12,181,0.0,0.02,0.8,1.2789769243681803e-13,0,0.0,False,08ad55a129c188b78a6bf379ee5514cf466d54acf150f52d0326740697aa261f
2025-03-09,67,0,q4_3,B0,FORMAL_BACKUP,q4-inheritance-v2,delivery,10595.324302659961,9,"[51, 59, 45, 33, 38, 54, 28, 29, 39]","[0.1111111111111111, 0.1111111111111111, 0.1111111111111111, 0.1111111111111111, 0.1111111111111111, 0.1111111111111111, 0.1111111111111111, 0.1111111111111111, 0.1111111111111111]",74643.0652131461,74643.0652131461,4311.778141533618,21558.89070766809,0.1998656000068877,1.8189894035458565e-12,289,0.0,0.02,0.8,0.0,0,0.0,False,08ad55a129c188b78a6bf379ee5514cf466d54acf150f52d0326740697aa261f
2025-03-09,67,6,q4_3,B0,FORMAL_BACKUP,q4-inheritance-v2,delivery,8951.334258207544,9,"[51, 59, 45, 33, 38, 54, 28, 29, 39]","[0.1111111111111111, 0.1111111111111111, 0.1111111111111111, 0.1111111111111111, 0.1111111111111111, 0.1111111111111111, 0.1111111111111111, 0.1111111111111111, 0.1111111111111111]",63289.02074436352,63289.02074436352,2530.025144963752,12577.589473697295,0.12670069999876432,3.637978807091713e-12,253,0.0,0.02,0.8,4839.559743321317,0,0.0,False,08ad55a129c188b78a6bf379ee5514cf466d54acf150f52d0326740697aa261f
2025-03-09,67,12,q4_3,B0,FORMAL_BACKUP,q4-inheritance-v2,delivery,3639.701698139056,9,"[51, 59, 45, 33, 38, 54, 28, 29, 39]","[0.1111111111111111, 0.1111111111111111, 0.1111111111111111, 0.1111111111111111, 0.1111111111111111, 0.1111111111111111, 0.1111111111111111, 0.1111111111111111, 0.1111111111111111]",63102.52936676441,63102.52936676441,1982.3493065956588,9911.746532978297,0.11663979999138974,3.637978807091713e-12,217,0.0,0.02,0.8,2039.1611256710662,0,0.0,False,08ad55a129c188b78a6bf379ee5514cf466d54acf150f52d0326740697aa261f
2025-03-09,67,18,q4_3,B0,FORMAL_BACKUP,q4-inheritance-v2,delivery,9011.325643839746,9,"[51, 59, 45, 33, 38, 54, 28, 29, 39]","[0.1111111111111111, 0.1111111111111111, 0.1111111111111111, 0.1111111111111111, 0.1111111111111111, 0.1111111111111111, 0.1111111111111111, 0.1111111111111111, 0.1111111111111111]",62817.575766093265,62817.575766093265,1009.9215567726757,5049.607783863379,0.08474449999630451,1.8189894035458565e-12,181,0.0,0.02,0.8,0.0,0,0.0,False,08ad55a129c188b78a6bf379ee5514cf466d54acf150f52d0326740697aa261f
2025-03-10,68,0,q4_3,B0,FORMAL_BACKUP,q4-inheritance-v2,delivery,5218.241123893802,9,"[51, 59, 45, 33, 38, 54, 28, 29, 39]","[0.1111111111111111, 0.1111111111111111, 0.1111111111111111, 0.1111111111111111, 0.1111111111111111, 0.1111111111111111, 0.1111111111111111, 0.1111111111111111, 0.1111111111111111]",94928.6819034997,94928.6819034997,4492.744406784477,22463.72203392239,0.21405619999859482,1.8189894035458565e-12,289,0.0,0.02,0.8,0.0,0,0.0,False,08ad55a129c188b78a6bf379ee5514cf466d54acf150f52d0326740697aa261f
2025-03-10,68,6,q4_3,B0,FORMAL_BACKUP,q4-inheritance-v2,delivery,10646.837836576315,9,"[51, 59, 45, 33, 38, 54, 28, 29, 39]","[0.1111111111111111, 0.1111111111111111, 0.1111111111111111, 0.1111111111111111, 0.1111111111111111, 0.1111111111111111, 0.1111111111111111, 0.1111111111111111, 0.1111111111111111]",83157.58452876897,83157.58452876897,3783.1510571352937,18792.78208600499,0.13256869999167975,3.637978807091713e-12,253,0.0,0.02,0.8,661.0843111666693,0,0.0,False,08ad55a129c188b78a6bf379ee5514cf466d54acf150f52d0326740697aa261f
2025-03-10,68,12,q4_3,B0,FORMAL_BACKUP,q4-inheritance-v2,delivery,5518.855849415004,9,"[51, 59, 45, 33, 38, 54, 28, 29, 39]","[0.1111111111111111, 0.1111111111111111, 0.1111111111111111, 0.1111111111111111, 0.1111111111111111, 0.1111111111111111, 0.1111111111111111, 0.1111111111111111, 0.1111111111111111]",74632.51064622842,74632.51064622842,2379.5657977350565,11897.828988675285,0.1121419999981299,1.8189894035458565e-12,217,0.0,0.02,0.8,130.80122527777758,0,0.0,False,08ad55a129c188b78a6bf379ee5514cf466d54acf150f52d0326740697aa261f
2025-03-10,68,18,q4_3,B0,FORMAL_BACKUP,q4-inheritance-v2,delivery,10358.904871451341,9,"[51, 59, 45, 33, 38, 54, 28, 29, 39]","[0.1111111111111111, 0.1111111111111111, 0.1111111111111111, 0.1111111111111111, 0.1111111111111111, 0.1111111111111111, 0.1111111111111111, 0.1111111111111111, 0.1111111111111111]",69973.96468621487,69973.96468621487,148.14983775260953,740.7491887630478,0.06428489999962039,1.8189894035458565e-12,181,0.0,0.02,0.8,1.1368683772161603e-13,0,0.0,False,08ad55a129c188b78a6bf379ee5514cf466d54acf150f52d0326740697aa261f
2025-03-11,69,0,q4_3,B0,FORMAL_BACKUP,q4-inheritance-v2,delivery,5979.1997630168335,9,"[51, 59, 66, 33, 38, 54, 28, 29, 39]","[0.1111111111111111, 0.1111111111111111, 0.1111111111111111, 0.1111111111111111, 0.1111111111111111, 0.1111111111111111, 0.1111111111111111, 0.1111111111111111, 0.1111111111111111]",87443.72555732977,87443.72555732977,4113.459783271104,20567.298916355525,0.27449219999834895,1.8189894035458565e-12,289,0.0,0.02,0.8,0.0,0,0.0,False,08ad55a129c188b78a6bf379ee5514cf466d54acf150f52d0326740697aa261f
2025-03-11,69,6,q4_3,B0,FORMAL_BACKUP,q4-inheritance-v2,delivery,10800.0,9,"[51, 59, 66, 33, 38, 54, 28, 29, 39]","[0.1111111111111111, 0.1111111111111111, 0.1111111111111111, 0.1111111111111111, 0.1111111111111111, 0.1111111111111111, 0.1111111111111111, 0.1111111111111111, 0.1111111111111111]",81468.06942584952,81468.06942584952,5416.794999566101,26886.437240116753,0.13977880000311416,7.275957614183426e-12,253,0.0,0.02,0.8,3710.2922598456844,0,0.0,False,08ad55a129c188b78a6bf379ee5514cf466d54acf150f52d0326740697aa261f
2025-03-11,69,12,q4_3,B0,FORMAL_BACKUP,q4-inheritance-v2,delivery,4553.650709375063,9,"[51, 59, 66, 33, 38, 54, 28, 29, 39]","[0.1111111111111111, 0.1111111111111111, 0.1111111111111111, 0.1111111111111111, 0.1111111111111111, 0.1111111111111111, 0.1111111111111111, 0.1111111111111111, 0.1111111111111111]",73948.54465623264,73948.54465623264,3054.1166118316887,15208.178264099373,0.08603790000779554,1.8189894035458565e-12,217,0.0,0.02,0.8,659.8155446234441,0,0.0,False,08ad55a129c188b78a6bf379ee5514cf466d54acf150f52d0326740697aa261f
2025-03-11,69,18,q4_3,B0,FORMAL_BACKUP,q4-inheritance-v2,delivery,9155.393101902959,9,"[51, 59, 66, 33, 38, 54, 28, 29, 39]","[0.1111111111111111, 0.1111111111111111, 0.1111111111111111, 0.1111111111111111, 0.1111111111111111, 0.1111111111111111, 0.1111111111111111, 0.1111111111111111, 0.1111111111111111]",58636.04235840724,58636.04235840724,1080.2115224356605,5401.057612178304,0.08763700000417884,9.094947017729282e-13,181,0.0,0.02,0.8,5.684341886080802e-14,0,0.0,False,08ad55a129c188b78a6bf379ee5514cf466d54acf150f52d0326740697aa261f
2025-03-12,70,0,q4_3,B0,FORMAL_BACKUP,q4-inheritance-v2,delivery,5039.024606320163,9,"[51, 59, 66, 33, 38, 54, 28, 29, 39]","[0.1111111111111111, 0.1111111111111111, 0.1111111111111111, 0.1111111111111111, 0.1111111111111111, 0.1111111111111111, 0.1111111111111111, 0.1111111111111111, 0.1111111111111111]",93026.48481011194,93026.48481011194,4347.206629196307,21736.033145981542,0.20960070000728592,7.275957614183426e-12,289,0.0,0.02,0.8,0.0,0,0.0,False,08ad55a129c188b78a6bf379ee5514cf466d54acf150f52d0326740697aa261f
2025-03-12,70,6,q4_3,B0,FORMAL_BACKUP,q4-inheritance-v2,delivery,10739.528679783984,9,"[51, 59, 66, 33, 38, 54, 28, 29, 39]","[0.1111111111111111, 0.1111111111111111, 0.1111111111111111, 0.1111111111111111, 0.1111111111111111, 0.1111111111111111, 0.1111111111111111, 0.1111111111111111, 0.1111111111111111]",77522.12099324125,77522.12099324125,1962.8632266063275,9814.284465126082,0.12998119999247137,1.8189894035458565e-12,253,0.0,0.02,0.8,4221.593261950622,0,0.0,False,08ad55a129c188b78a6bf379ee5514cf466d54acf150f52d0326740697aa261f
2025-03-12,70,12,q4_3,B0,FORMAL_BACKUP,q4-inheritance-v2,delivery,6931.021164997526,9,"[51, 59, 66, 33, 38, 54, 28, 29, 39]","[0.1111111111111111, 0.1111111111111111, 0.1111111111111111, 0.1111111111111111, 0.1111111111111111, 0.1111111111111111, 0.1111111111111111, 0.1111111111111111, 0.1111111111111111]",72132.14198066814,72132.14198066814,966.2967550942748,4831.483775471375,0.09883550000085961,1.8189894035458565e-12,217,0.0,0.02,0.8,2371.013227197527,0,0.0,False,08ad55a129c188b78a6bf379ee5514cf466d54acf150f52d0326740697aa261f
2025-03-12,70,18,q4_3,B0,FORMAL_BACKUP,q4-inheritance-v2,delivery,10758.160547274769,9,"[51, 59, 66, 33, 38, 54, 28, 29, 39]","[0.1111111111111111, 0.1111111111111111, 0.1111111111111111, 0.1111111111111111, 0.1111111111111111, 0.1111111111111111, 0.1111111111111111, 0.1111111111111111, 0.1111111111111111]",66664.33734137224,66664.33734137224,72.35173193323511,361.7586596661757,0.08586739999009296,1.8189894035458565e-12,181,0.0,0.02,0.8,1.1368683772161603e-13,0,0.0,False,08ad55a129c188b78a6bf379ee5514cf466d54acf150f52d0326740697aa261f
2025-03-13,71,0,q4_3,B0,FORMAL_BACKUP,q4-inheritance-v2,delivery,6464.657126004417,9,"[51, 59, 66, 33, 38, 54, 28, 29, 39]","[0.1111111111111111, 0.1111111111111111, 0.1111111111111111, 0.1111111111111111, 0.1111111111111111, 0.1111111111111111, 0.1111111111111111, 0.1111111111111111, 0.1111111111111111]",67911.14083799336,67911.14083799336,4501.879401079144,22509.397005395727,0.22378909999679308,1.8189894035458565e-12,289,0.0,0.02,0.8,0.0,0,0.0,False,08ad55a129c188b78a6bf379ee5514cf466d54acf150f52d0326740697aa261f
2025-03-13,71,6,q4_3,B0,FORMAL_BACKUP,q4-inheritance-v2,delivery,10800.0,9,"[51, 59, 66, 33, 38, 54, 28, 29, 39]","[0.1111111111111111, 0.1111111111111111, 0.1111111111111111, 0.1111111111111111, 0.1111111111111111, 0.1111111111111111, 0.1111111111111111, 0.1111111111111111, 0.1111111111111111]",55774.477264035006,55774.477264035006,3938.83511831719,19694.175591585954,0.12408310000319034,1.8189894035458565e-12,253,0.0,0.02,0.8,186.28341666667131,0,0.0,False,08ad55a129c188b78a6bf379ee5514cf466d54acf150f52d0326740697aa261f
2025-03-13,71,12,q4_3,B0,FORMAL_BACKUP,q4-inheritance-v2,delivery,7395.594635153096,9,"[51, 59, 66, 33, 38, 54, 28, 29, 39]","[0.1111111111111111, 0.1111111111111111, 0.1111111111111111, 0.1111111111111111, 0.1111111111111111, 0.1111111111111111, 0.1111111111111111, 0.1111111111111111, 0.1111111111111111]",49698.43104544557,49698.43104544557,2734.7954852562057,13673.977426281032,0.11045899998862296,1.8189894035458565e-12,217,0.0,0.02,0.8,731.9408862345656,0,0.0,False,08ad55a129c188b78a6bf379ee5514cf466d54acf150f52d0326740697aa261f
2025-03-13,71,18,q4_3,B0,FORMAL_BACKUP,q4-inheritance-v2,delivery,10457.378934482556,9,"[51, 59, 66, 33, 38, 54, 28, 29, 39]","[0.1111111111111111, 0.1111111111111111, 0.1111111111111111, 0.1111111111111111, 0.1111111111111111, 0.1111111111111111, 0.1111111111111111, 0.1111111111111111, 0.1111111111111111]",33766.55941601769,33766.55941601769,495.77758758473857,2478.8879379236932,0.084526900012861,1.8189894035458565e-12,181,0.0,0.02,0.8,1.1368683772161603e-13,0,0.0,False,08ad55a129c188b78a6bf379ee5514cf466d54acf150f52d0326740697aa261f
2025-03-14,72,0,q4_3,B0,FORMAL_BACKUP,q4-inheritance-v2,delivery,3260.3810058724,9,"[51, 59, 66, 33, 38, 57, 68, 69, 39]","[0.1111111111111111, 0.1111111111111111, 0.1111111111111111, 0.1111111111111111, 0.1111111111111111, 0.1111111111111111, 0.1111111111111111, 0.1111111111111111, 0.1111111111111111]",40222.14123354773,40222.14123354773,2709.49785411297,13511.852731169338,0.2054814000002807,1.8189894035458565e-12,289,0.0,0.02,0.8,0.0,0,0.0,False,08ad55a129c188b78a6bf379ee5514cf466d54acf150f52d0326740697aa261f
2025-03-14,72,6,q4_3,B0,FORMAL_BACKUP,q4-inheritance-v2,delivery,9937.603219149989,9,"[51, 59, 66, 33, 38, 57, 68, 69, 39]","[0.1111111111111111, 0.1111111111111111, 0.1111111111111111, 0.1111111111111111, 0.1111111111111111, 0.1111111111111111, 0.1111111111111111, 0.1111111111111111, 0.1111111111111111]",32515.87474642639,32515.87474642639,2132.9608467842454,10469.572455335348,0.12428350000118371,1.8189894035458565e-12,253,0.0,0.02,0.8,419.2765676944439,0,0.0,False,08ad55a129c188b78a6bf379ee5514cf466d54acf150f52d0326740697aa261f
2025-03-14,72,12,q4_3,B0,FORMAL_BACKUP,q4-inheritance-v2,delivery,10800.0,9,"[51, 59, 66, 33, 38, 57, 68, 69, 39]","[0.1111111111111111, 0.1111111111111111, 0.1111111111111111, 0.1111111111111111, 0.1111111111111111, 0.1111111111111111, 0.1111111111111111, 0.1111111111111111, 0.1111111111111111]",32060.474246261194,32060.474246261194,2018.4922249190047,10087.790466465287,0.1042479000025196,1.8189894035458565e-12,217,0.0,0.02,0.8,233.37965992900965,0,0.0,False,08ad55a129c188b78a6bf379ee5514cf466d54acf150f52d0326740697aa261f
2025-03-14,72,18,q4_3,B0,FORMAL_BACKUP,q4-inheritance-v2,delivery,10800.0,9,"[51, 59, 66, 33, 38, 57, 68, 69, 39]","[0.1111111111111111, 0.1111111111111111, 0.1111111111111111, 0.1111111111111111, 0.1111111111111111, 0.1111111111111111, 0.1111111111111111, 0.1111111111111111, 0.1111111111111111]",26547.996979219773,26547.996979219773,737.0803845291194,3685.401922645598,0.06130250000569504,1.8189894035458565e-12,181,0.0,0.02,0.8,5.684341886080802e-14,0,0.0,False,08ad55a129c188b78a6bf379ee5514cf466d54acf150f52d0326740697aa261f
2025-03-15,73,0,q4_3,B0,FORMAL_BACKUP,q4-inheritance-v2,delivery,10465.725873938283,9,"[58, 59, 66, 33, 43, 54, 68, 69, 39]","[0.1111111111111111, 0.1111111111111111, 0.1111111111111111, 0.1111111111111111, 0.1111111111111111, 0.1111111111111111, 0.1111111111111111, 0.1111111111111111, 0.1111111111111111]",45770.5792137211,45770.5792137211,1998.2892663582065,9991.446331791034,0.16917419999663252,1.8189894035458565e-12,289,0.0,0.02,0.8,0.0,0,0.0,False,08ad55a129c188b78a6bf379ee5514cf466d54acf150f52d0326740697aa261f
2025-03-15,73,6,q4_3,B0,FORMAL_BACKUP,q4-inheritance-v2,delivery,5899.531952655394,9,"[58, 59, 66, 33, 43, 54, 68, 69, 39]","[0.1111111111111111, 0.1111111111111111, 0.1111111111111111, 0.1111111111111111, 0.1111111111111111, 0.1111111111111111, 0.1111111111111111, 0.1111111111111111, 0.1111111111111111]",43011.193433507215,43011.193433507215,2375.2860959723403,11835.856871720307,0.09555229998659343,1.8189894035458565e-12,253,0.0,0.02,0.8,336.48556472222486,0,0.0,False,08ad55a129c188b78a6bf379ee5514cf466d54acf150f52d0326740697aa261f
2025-03-15,73,12,q4_3,B0,FORMAL_BACKUP,q4-inheritance-v2,delivery,9595.079683721733,9,"[58, 59, 66, 33, 43, 54, 68, 69, 39]","[0.1111111111111111, 0.1111111111111111, 0.1111111111111111, 0.1111111111111111, 0.1111111111111111, 0.1111111111111111, 0.1111111111111111, 0.1111111111111111, 0.1111111111111111]",41713.64824319283,41713.64824319283,1520.3249825812022,7601.624912906012,0.07261529999959748,1.8189894035458565e-12,217,0.0,0.02,0.8,1325.5360663888896,0,0.0,False,08ad55a129c188b78a6bf379ee5514cf466d54acf150f52d0326740697aa261f
2025-03-15,73,18,q4_3,B0,FORMAL_BACKUP,q4-inheritance-v2,delivery,10800.0,9,"[58, 59, 66, 33, 43, 54, 68, 69, 39]","[0.1111111111111111, 0.1111111111111111, 0.1111111111111111, 0.1111111111111111, 0.1111111111111111, 0.1111111111111111, 0.1111111111111111, 0.1111111111111111, 0.1111111111111111]",36947.18263551654,36947.18263551654,405.6010895406941,2028.0054477034705,0.057299499996588565,1.8189894035458565e-12,181,0.0,0.02,0.8,1.1368683772161603e-13,0,0.0,False,08ad55a129c188b78a6bf379ee5514cf466d54acf150f52d0326740697aa261f
2025-03-16,74,0,q4_3,B0,FORMAL_BACKUP,q4-inheritance-v2,delivery,10276.283709111027,9,"[58, 59, 66, 33, 43, 54, 71, 69, 39]","[0.1111111111111111, 0.1111111111111111, 0.1111111111111111, 0.1111111111111111, 0.1111111111111111, 0.1111111111111111, 0.1111111111111111, 0.1111111111111111, 0.1111111111111111]",66375.91726082213,66375.91726082213,2857.307364673745,14286.536823368724,0.14974110000184737,3.637978807091713e-12,289,0.0,0.02,0.8,0.0,0,0.0,False,08ad55a129c188b78a6bf379ee5514cf466d54acf150f52d0326740697aa261f
2025-03-16,74,6,q4_3,B0,FORMAL_BACKUP,q4-inheritance-v2,delivery,8548.132074504401,9,"[58, 59, 66, 33, 43, 54, 71, 69, 39]","[0.1111111111111111, 0.1111111111111111, 0.1111111111111111, 0.1111111111111111, 0.1111111111111111, 0.1111111111111111, 0.1111111111111111, 0.1111111111111111, 0.1111111111111111]",59075.47216362978,59075.47216362978,3360.4655952485173,16796.2622553725,0.0904413999960525,1.8189894035458565e-12,253,0.0,0.02,0.8,592.013724837733,0,0.0,False,08ad55a129c188b78a6bf379ee5514cf466d54acf150f52d0326740697aa261f
2025-03-16,74,12,q4_3,B0,FORMAL_BACKUP,q4-inheritance-v2,delivery,3477.8447827121204,9,"[58, 59, 66, 33, 43, 54, 71, 69, 39]","[0.1111111111111111, 0.1111111111111111, 0.1111111111111111, 0.1111111111111111, 0.1111111111111111, 0.1111111111111111, 0.1111111111111111, 0.1111111111111111, 0.1111111111111111]",55336.55567191179,55336.55567191179,1996.4629324964926,9982.314662482464,0.07909879999351688,3.637978807091713e-12,217,0.0,0.02,0.8,89.21761666666663,0,0.0,False,08ad55a129c188b78a6bf379ee5514cf466d54acf150f52d0326740697aa261f
2025-03-16,74,18,q4_3,B0,FORMAL_BACKUP,q4-inheritance-v2,delivery,8571.6904835697,9,"[58, 59, 66, 33, 43, 54, 71, 69, 39]","[0.1111111111111111, 0.1111111111111111, 0.1111111111111111, 0.1111111111111111, 0.1111111111111111, 0.1111111111111111, 0.1111111111111111, 0.1111111111111111, 0.1111111111111111]",45371.18477498499,45371.18477498499,1387.0835509488297,6778.177591777205,0.06373760000860784,1.8189894035458565e-12,181,0.0,0.02,0.8,298.09011649594765,0,0.0,False,08ad55a129c188b78a6bf379ee5514cf466d54acf150f52d0326740697aa261f
2025-03-17,75,0,q4_3,B0,FORMAL_BACKUP,q4-inheritance-v2,delivery,4217.005335839033,9,"[58, 59, 66, 33, 43, 54, 71, 69, 39]","[0.1111111111111111, 0.1111111111111111, 0.1111111111111111, 0.1111111111111111, 0.1111111111111111, 0.1111111111111111, 0.1111111111111111, 0.1111111111111111, 0.1111111111111111]",84436.68733022176,84436.68733022176,2738.799583222173,13693.997916110866,0.16727109999919776,3.637978807091713e-12,289,0.0,0.02,0.8,0.0,0,0.0,False,08ad55a129c188b78a6bf379ee5514cf466d54acf150f52d0326740697aa261f
2025-03-17,75,6,q4_3,B0,FORMAL_BACKUP,q4-inheritance-v2,delivery,10571.680106931602,9,"[58, 59, 66, 33, 43, 54, 71, 69, 39]","[0.1111111111111111, 0.1111111111111111, 0.1111111111111111, 0.1111111111111111, 0.1111111111111111, 0.1111111111111111, 0.1111111111111111, 0.1111111111111111, 0.1111111111111111]",69583.63073749504,69583.63073749504,1367.4706576375042,6834.975274647399,0.1028134000080172,1.8189894035458565e-12,253,0.0,0.02,0.8,4690.921551751316,0,0.0,False,08ad55a129c188b78a6bf379ee5514cf466d54acf150f52d0326740697aa261f
2025-03-17,75,12,q4_3,B0,FORMAL_BACKUP,q4-inheritance-v2,delivery,6560.287921323591,9,"[58, 59, 66, 33, 43, 54, 71, 69, 39]","[0.1111111111111111, 0.1111111111111111, 0.1111111111111111, 0.1111111111111111, 0.1111111111111111, 0.1111111111111111, 0.1111111111111111, 0.1111111111111111, 0.1111111111111111]",71633.76605967329,71633.76605967329,1031.144654572397,5155.7232728619865,0.09405879999394529,1.8189894035458565e-12,217,0.0,0.02,0.8,1332.7436197530867,0,0.0,False,08ad55a129c188b78a6bf379ee5514cf466d54acf150f52d0326740697aa261f
2025-03-17,75,18,q4_3,B0,FORMAL_BACKUP,q4-inheritance-v2,delivery,10451.596564960337,9,"[58, 59, 66, 33, 43, 54, 71, 69, 39]","[0.1111111111111111, 0.1111111111111111, 0.1111111111111111, 0.1111111111111111, 0.1111111111111111, 0.1111111111111111, 0.1111111111111111, 0.1111111111111111, 0.1111111111111111]",52240.93296551296,52240.93296551296,0.0,0.0,0.06676539999898523,1.8189894035458565e-12,181,0.0,0.02,0.8,492.6155985071539,0,0.0,False,08ad55a129c188b78a6bf379ee5514cf466d54acf150f52d0326740697aa261f
2025-03-18,76,0,q4_3,B0,FORMAL_BACKUP,q4-inheritance-v2,delivery,6591.994291439344,9,"[58, 59, 73, 33, 43, 54, 71, 69, 39]","[0.1111111111111111, 0.1111111111111111, 0.1111111111111111, 0.1111111111111111, 0.1111111111111111, 0.1111111111111111, 0.1111111111111111, 0.1111111111111111, 0.1111111111111111]",88899.59945505827,88899.59945505827,2999.111739552985,14995.558697764925,0.19118119998893235,7.275957614183426e-12,289,0.0,0.02,0.8,0.0,0,0.0,False,08ad55a129c188b78a6bf379ee5514cf466d54acf150f52d0326740697aa261f
2025-03-18,76,6,q4_3,B0,FORMAL_BACKUP,q4-inheritance-v2,delivery,10712.555243493296,9,"[58, 59, 73, 33, 43, 54, 71, 69, 39]","[0.1111111111111111, 0.1111111111111111, 0.1111111111111111, 0.1111111111111111, 0.1111111111111111, 0.1111111111111111, 0.1111111111111111, 0.1111111111111111, 0.1111111111111111]",75165.1022000859,75165.1022000859,1650.532783058567,8252.663915292836,0.13001019999501295,1.8189894035458565e-12,253,0.0,0.02,0.8,3508.2933595363297,0,0.0,False,08ad55a129c188b78a6bf379ee5514cf466d54acf150f52d0326740697aa261f
2025-03-18,76,12,q4_3,B0,FORMAL_BACKUP,q4-inheritance-v2,delivery,10246.510978707967,9,"[58, 59, 73, 33, 43, 54, 71, 69, 39]","[0.1111111111111111, 0.1111111111111111, 0.1111111111111111, 0.1111111111111111, 0.1111111111111111, 0.1111111111111111, 0.1111111111111111, 0.1111111111111111, 0.1111111111111111]",66604.96996677051,66604.96996677051,1165.3088272893015,5826.544136446509,0.09711129999777768,1.8189894035458565e-12,217,0.0,0.02,0.8,3636.7753691666667,0,0.0,False,08ad55a129c188b78a6bf379ee5514cf466d54acf150f52d0326740697aa261f
2025-03-18,76,18,q4_3,B0,FORMAL_BACKUP,q4-inheritance-v2,delivery,10793.643032244592,9,"[58, 59, 73, 33, 43, 54, 71, 69, 39]","[0.1111111111111111, 0.1111111111111111, 0.1111111111111111, 0.1111111111111111, 0.1111111111111111, 0.1111111111111111, 0.1111111111111111, 0.1111111111111111, 0.1111111111111111]",49706.46358532067,49706.46358532067,17.469679973473202,87.34839986736603,0.084271899992018,9.094947017729282e-13,181,0.0,0.02,0.8,0.0,0,0.0,False,08ad55a129c188b78a6bf379ee5514cf466d54acf150f52d0326740697aa261f
2025-03-19,77,0,q4_3,B0,FORMAL_BACKUP,q4-inheritance-v2,delivery,6559.758037348089,9,"[58, 59, 73, 33, 43, 54, 71, 69, 60]","[0.1111111111111111, 0.1111111111111111, 0.1111111111111111, 0.1111111111111111, 0.1111111111111111, 0.1111111111111111, 0.1111111111111111, 0.1111111111111111, 0.1111111111111111]",79724.27464064158,79724.27464064158,2869.7449672585035,14348.724836292518,0.21849800000200048,1.8189894035458565e-12,289,0.0,0.02,0.8,0.0,0,0.0,False,08ad55a129c188b78a6bf379ee5514cf466d54acf150f52d0326740697aa261f
2025-03-19,77,6,q4_3,B0,FORMAL_BACKUP,q4-inheritance-v2,delivery,10555.122190256696,9,"[58, 59, 73, 33, 43, 54, 71, 69, 60]","[0.1111111111111111, 0.1111111111111111, 0.1111111111111111, 0.1111111111111111, 0.1111111111111111, 0.1111111111111111, 0.1111111111111111, 0.1111111111111111, 0.1111111111111111]",71783.40254212885,71783.40254212885,4509.781738910704,22488.87646774427,0.13094109999656212,1.8189894035458565e-12,253,0.0,0.02,0.8,275.03389557309094,0,0.0,False,08ad55a129c188b78a6bf379ee5514cf466d54acf150f52d0326740697aa261f
2025-03-19,77,12,q4_3,B0,FORMAL_BACKUP,q4-inheritance-v2,delivery,5206.592367465423,9,"[58, 59, 73, 33, 43, 54, 71, 69, 60]","[0.1111111111111111, 0.1111111111111111, 0.1111111111111111, 0.1111111111111111, 0.1111111111111111, 0.1111111111111111, 0.1111111111111111, 0.1111111111111111, 0.1111111111111111]",67061.18924694706,67061.18924694706,3153.1835701778396,15765.917850889202,0.09713699998974334,1.8189894035458565e-12,217,0.0,0.02,0.8,244.5762233817299,0,0.0,False,08ad55a129c188b78a6bf379ee5514cf466d54acf150f52d0326740697aa261f
2025-03-19,77,18,q4_3,B0,FORMAL_BACKUP,q4-inheritance-v2,delivery,10183.091473626955,9,"[58, 59, 73, 33, 43, 54, 71, 69, 60]","[0.1111111111111111, 0.1111111111111111, 0.1111111111111111, 0.1111111111111111, 0.1111111111111111, 0.1111111111111111, 0.1111111111111111, 0.1111111111111111, 0.1111111111111111]",52065.80415197453,52065.80415197453,365.92538928422783,1829.6269464211396,0.06741289999627043,1.8189894035458565e-12,181,0.0,0.02,0.8,1.1368683772161603e-13,0,0.0,False,08ad55a129c188b78a6bf379ee5514cf466d54acf150f52d0326740697aa261f
2025-03-20,78,0,q4_3,B0,FORMAL_BACKUP,q4-inheritance-v2,delivery,6096.961569018624,9,"[58, 59, 73, 42, 38, 54, 71, 69, 60]","[0.1111111111111111, 0.1111111111111111, 0.1111111111111111, 0.1111111111111111, 0.1111111111111111, 0.1111111111111111, 0.1111111111111111, 0.1111111111111111, 0.1111111111111111]",64961.10024287789,64961.10024287789,3172.190372780323,15860.951863901615,0.18599479999102186,7.275957614183426e-12,289,0.0,0.02,0.8,0.0,0,0.0,False,08ad55a129c188b78a6bf379ee5514cf466d54acf150f52d0326740697aa261f
2025-03-20,78,6,q4_3,B0,FORMAL_BACKUP,q4-inheritance-v2,delivery,10395.885021336602,9,"[58, 59, 73, 42, 38, 54, 71, 69, 60]","[0.1111111111111111, 0.1111111111111111, 0.1111111111111111, 0.1111111111111111, 0.1111111111111111, 0.1111111111111111, 0.1111111111111111, 0.1111111111111111, 0.1111111111111111]",51217.10716911151,51217.10716911151,2177.3465557683226,10886.732778841615,0.11573659999703523,3.637978807091713e-12,253,0.0,0.02,0.8,5513.449887513306,0,0.0,False,08ad55a129c188b78a6bf379ee5514cf466d54acf150f52d0326740697aa261f
2025-03-20,78,12,q4_3,B0,FORMAL_BACKUP,q4-inheritance-v2,delivery,5147.19060984833,9,"[58, 59, 73, 42, 38, 54, 71, 69, 60]","[0.1111111111111111, 0.1111111111111111, 0.1111111111111111, 0.1111111111111111, 0.1111111111111111, 0.1111111111111111, 0.1111111111111111, 0.1111111111111111, 0.1111111111111111]",49355.53020211305,49355.53020211305,1335.843562238402,6679.217811192011,0.09186939999926835,9.094947017729282e-13,217,0.0,0.02,0.8,3256.0971704012272,0,0.0,False,08ad55a129c188b78a6bf379ee5514cf466d54acf150f52d0326740697aa261f
2025-03-20,78,18,q4_3,B0,FORMAL_BACKUP,q4-inheritance-v2,delivery,10799.789131127121,9,"[58, 59, 73, 42, 38, 54, 71, 69, 60]","[0.1111111111111111, 0.1111111111111111, 0.1111111111111111, 0.1111111111111111, 0.1111111111111111, 0.1111111111111111, 0.1111111111111111, 0.1111111111111111, 0.1111111111111111]",31442.804083264036,31442.804083264036,333.7164618967298,1668.5823094836494,0.08355540000775363,1.8189894035458565e-12,181,0.0,0.02,0.8,0.0,0,0.0,False,08ad55a129c188b78a6bf379ee5514cf466d54acf150f52d0326740697aa261f
2025-03-21,79,0,q4_3,B0,FORMAL_BACKUP,q4-inheritance-v2,delivery,3710.4031135745886,9,"[58, 59, 45, 42, 38, 54, 71, 69, 60]","[0.1111111111111111, 0.1111111111111111, 0.1111111111111111, 0.1111111111111111, 0.1111111111111111, 0.1111111111111111, 0.1111111111111111, 0.1111111111111111, 0.1111111111111111]",39005.648290796824,39005.648290796824,2443.767719153959,12169.955465785013,0.19811949999711942,7.275957614183426e-12,289,0.0,0.02,0.8,0.0,0,0.0,False,08ad55a129c188b78a6bf379ee5514cf466d54acf150f52d0326740697aa261f
2025-03-21,79,6,q4_3,B0,FORMAL_BACKUP,q4-inheritance-v2,delivery,7795.659125123248,9,"[58, 59, 45, 42, 38, 54, 71, 69, 60]","[0.1111111111111111, 0.1111111111111111, 0.1111111111111111, 0.1111111111111111, 0.1111111111111111, 0.1111111111111111, 0.1111111111111111, 0.1111111111111111, 0.1111111111111111]",31234.698550504032,31234.698550504032,1548.1268985147797,7740.6344925739,0.10955970000941306,1.8189894035458565e-12,253,0.0,0.02,0.8,3741.7304304091813,0,0.0,False,08ad55a129c188b78a6bf379ee5514cf466d54acf150f52d0326740697aa261f
2025-03-21,79,12,q4_3,B0,FORMAL_BACKUP,q4-inheritance-v2,delivery,10800.0,9,"[58, 59, 45, 42, 38, 54, 71, 69, 60]","[0.1111111111111111, 0.1111111111111111, 0.1111111111111111, 0.1111111111111111, 0.1111111111111111, 0.1111111111111111, 0.1111111111111111, 0.1111111111111111, 0.1111111111111111]",31086.430186139656,31086.430186139656,1618.303227184809,8091.5161359240465,0.08257880000746809,5.4569682106375694e-12,217,0.0,0.02,0.8,51.70637796296246,0,0.0,False,08ad55a129c188b78a6bf379ee5514cf466d54acf150f52d0326740697aa261f
2025-03-21,79,18,q4_3,B0,FORMAL_BACKUP,q4-inheritance-v2,delivery,10800.0,9,"[58, 59, 45, 42, 38, 54, 71, 69, 60]","[0.1111111111111111, 0.1111111111111111, 0.1111111111111111, 0.1111111111111111, 0.1111111111111111, 0.1111111111111111, 0.1111111111111111, 0.1111111111111111, 0.1111111111111111]",25622.5424717675,25622.5424717675,772.1766323411798,3860.8831617058995,0.07941410000785254,1.8189894035458565e-12,181,0.0,0.02,0.8,0.0,0,0.0,False,08ad55a129c188b78a6bf379ee5514cf466d54acf150f52d0326740697aa261f
2025-03-22,80,0,q4_3,B0,FORMAL_BACKUP,q4-inheritance-v2,delivery,10575.095678376776,9,"[51, 59, 45, 42, 38, 57, 68, 69, 60]","[0.1111111111111111, 0.1111111111111111, 0.1111111111111111, 0.1111111111111111, 0.1111111111111111, 0.1111111111111111, 0.1111111111111111, 0.1111111111111111, 0.1111111111111111]",46973.06078773687,46973.06078773687,2116.7041538922585,10583.520769461293,0.15994269998918753,3.637978807091713e-12,289,0.0,0.02,0.8,0.0,0,0.0,False,08ad55a129c188b78a6bf379ee5514cf466d54acf150f52d0326740697aa261f
2025-03-22,80,6,q4_3,B0,FORMAL_BACKUP,q4-inheritance-v2,delivery,5694.071667114265,9,"[51, 59, 45, 42, 38, 57, 68, 69, 60]","[0.1111111111111111, 0.1111111111111111, 0.1111111111111111, 0.1111111111111111, 0.1111111111111111, 0.1111111111111111, 0.1111111111111111, 0.1111111111111111, 0.1111111111111111]",42860.456196484636,42860.456196484636,1709.3470853562976,8546.73542678149,0.11946209998859558,1.8189894035458565e-12,253,0.0,0.02,0.8,2.028599510595086e-12,0,0.0,False,08ad55a129c188b78a6bf379ee5514cf466d54acf150f52d0326740697aa261f
2025-03-22,80,12,q4_3,B0,FORMAL_BACKUP,q4-inheritance-v2,delivery,10800.0,9,"[51, 59, 45, 42, 38, 57, 68, 69, 60]","[0.1111111111111111, 0.1111111111111111, 0.1111111111111111, 0.1111111111111111, 0.1111111111111111, 0.1111111111111111, 0.1111111111111111, 0.1111111111111111, 0.1111111111111111]",44612.70317407521,44612.70317407521,1520.406504512506,7602.032522562532,0.10761239999555983,3.637978807091713e-12,217,0.0,0.02,0.8,0.0,0,0.0,False,08ad55a129c188b78a6bf379ee5514cf466d54acf150f52d0326740697aa261f
2025-03-22,80,18,q4_3,B0,FORMAL_BACKUP,q4-inheritance-v2,delivery,10800.0,9,"[51, 59, 45, 42, 38, 57, 68, 69, 60]","[0.1111111111111111, 0.1111111111111111, 0.1111111111111111, 0.1111111111111111, 0.1111111111111111, 0.1111111111111111, 0.1111111111111111, 0.1111111111111111, 0.1111111111111111]",41417.10379816345,41417.10379816345,665.8250644797407,3329.125322398704,0.08093150000786409,1.8189894035458565e-12,181,0.0,0.02,0.8,0.0,0,0.0,False,08ad55a129c188b78a6bf379ee5514cf466d54acf150f52d0326740697aa261f
2025-03-23,81,0,q4_3,B0,FORMAL_BACKUP,q4-inheritance-v2,delivery,10781.763995913547,9,"[51, 59, 45, 63, 50, 49, 48, 69, 60]","[0.1111111111111111, 0.1111111111111111, 0.1111111111111111, 0.1111111111111111, 0.1111111111111111, 0.1111111111111111, 0.1111111111111111, 0.1111111111111111, 0.1111111111111111]",65462.14989446256,65462.14989446256,2758.316399423624,13791.581997118123,0.24256559999776073,1.8189894035458565e-12,289,0.0,0.02,0.8,0.0,0,0.0,False,08ad55a129c188b78a6bf379ee5514cf466d54acf150f52d0326740697aa261f
2025-03-23,81,6,q4_3,B0,FORMAL_BACKUP,q4-inheritance-v2,delivery,8552.889416603835,9,"[51, 59, 45, 63, 50, 49, 48, 69, 60]","[0.1111111111111111, 0.1111111111111111, 0.1111111111111111, 0.1111111111111111, 0.1111111111111111, 0.1111111111111111, 0.1111111111111111, 0.1111111111111111, 0.1111111111111111]",56063.74990550403,56063.74990550403,1909.1621563199265,9482.55551073871,0.10376759999780916,3.637978807091713e-12,253,0.0,0.02,0.8,832.5867286851867,0,0.0,False,08ad55a129c188b78a6bf379ee5514cf466d54acf150f52d0326740697aa261f
2025-03-23,81,12,q4_3,B0,FORMAL_BACKUP,q4-inheritance-v2,delivery,5565.169186081211,9,"[51, 59, 45, 63, 50, 49, 48, 69, 60]","[0.1111111111111111, 0.1111111111111111, 0.1111111111111111, 0.1111111111111111, 0.1111111111111111, 0.1111111111111111, 0.1111111111111111, 0.1111111111111111, 0.1111111111111111]",55940.80580272312,55940.80580272312,842.1333492978597,4210.666746489299,0.08105379999324214,1.8189894035458565e-12,217,0.0,0.02,0.8,610.2560583333363,0,0.0,False,08ad55a129c188b78a6bf379ee5514cf466d54acf150f52d0326740697aa261f
2025-03-23,81,18,q4_3,B0,FORMAL_BACKUP,q4-inheritance-v2,delivery,10475.429843928048,9,"[51, 59, 45, 63, 50, 49, 48, 69, 60]","[0.1111111111111111, 0.1111111111111111, 0.1111111111111111, 0.1111111111111111, 0.1111111111111111, 0.1111111111111111, 0.1111111111111111, 0.1111111111111111, 0.1111111111111111]",45662.75420156079,45662.75420156079,70.30977031021513,351.5488515510757,0.06319669999356847,1.8189894035458565e-12,181,0.0,0.02,0.8,5.684341886080802e-14,0,0.0,False,08ad55a129c188b78a6bf379ee5514cf466d54acf150f52d0326740697aa261f
2025-03-24,82,0,q4_3,B0,FORMAL_BACKUP,q4-inheritance-v2,delivery,5800.983983623055,9,"[65, 59, 45, 63, 50, 49, 48, 69, 60]","[0.1111111111111111, 0.1111111111111111, 0.1111111111111111, 0.1111111111111111, 0.1111111111111111, 0.1111111111111111, 0.1111111111111111, 0.1111111111111111, 0.1111111111111111]",82763.76487129879,82763.76487129879,2838.2407408008085,14191.203704004043,0.17955240000446793,1.8189894035458565e-12,289,0.0,0.02,0.8,0.0,0,0.0,False,08ad55a129c188b78a6bf379ee5514cf466d54acf150f52d0326740697aa261f
2025-03-24,82,6,q4_3,B0,FORMAL_BACKUP,q4-inheritance-v2,delivery,10603.37367700406,9,"[65, 59, 45, 63, 50, 49, 48, 69, 60]","[0.1111111111111111, 0.1111111111111111, 0.1111111111111111, 0.1111111111111111, 0.1111111111111111, 0.1111111111111111, 0.1111111111111111, 0.1111111111111111, 0.1111111111111111]",70651.89928582168,70651.89928582168,2096.316340060865,10481.581700304328,0.10114499999326654,1.8189894035458565e-12,253,0.0,0.02,0.8,1702.3143764475333,0,0.0,False,08ad55a129c188b78a6bf379ee5514cf466d54acf150f52d0326740697aa261f
2025-03-24,82,12,q4_3,B0,FORMAL_BACKUP,q4-inheritance-v2,delivery,8912.710991456002,9,"[65, 59, 45, 63, 50, 49, 48, 69, 60]","[0.1111111111111111, 0.1111111111111111, 0.1111111111111111, 0.1111111111111111, 0.1111111111111111, 0.1111111111111111, 0.1111111111111111, 0.1111111111111111, 0.1111111111111111]",68916.41542902328,68916.41542902328,1883.5317860553068,9417.658930276537,0.08508010000514332,3.637978807091713e-12,217,0.0,0.02,0.8,2550.4731547222223,0,0.0,False,08ad55a129c188b78a6bf379ee5514cf466d54acf150f52d0326740697aa261f
2025-03-24,82,18,q4_3,B0,FORMAL_BACKUP,q4-inheritance-v2,delivery,10643.355456832951,9,"[65, 59, 45, 63, 50, 49, 48, 69, 60]","[0.1111111111111111, 0.1111111111111111, 0.1111111111111111, 0.1111111111111111, 0.1111111111111111, 0.1111111111111111, 0.1111111111111111, 0.1111111111111111, 0.1111111111111111]",58587.58522809961,58587.58522809961,8.42413345078912,42.1206672539456,0.06525040000269655,9.094947017729282e-13,181,0.0,0.02,0.8,1.7763568394002505e-15,0,0.0,False,08ad55a129c188b78a6bf379ee5514cf466d54acf150f52d0326740697aa261f
2025-03-25,83,0,q4_3,B0,FORMAL_BACKUP,q4-inheritance-v2,delivery,6304.997212292201,9,"[65, 59, 73, 42, 50, 49, 48, 69, 60]","[0.1111111111111111, 0.1111111111111111, 0.1111111111111111, 0.1111111111111111, 0.1111111111111111, 0.1111111111111111, 0.1111111111111111, 0.1111111111111111, 0.1111111111111111]",87077.77703748285,87077.77703748285,2949.0338320366723,14745.169160183365,0.14774010000110138,3.637978807091713e-12,289,0.0,0.02,0.8,0.0,0,0.0,False,08ad55a129c188b78a6bf379ee5514cf466d54acf150f52d0326740697aa261f
2025-03-25,83,6,q4_3,B0,FORMAL_BACKUP,q4-inheritance-v2,delivery,10275.101475035091,9,"[65, 59, 73, 42, 50, 49, 48, 69, 60]","[0.1111111111111111, 0.1111111111111111, 0.1111111111111111, 0.1111111111111111, 0.1111111111111111, 0.1111111111111111, 0.1111111111111111, 0.1111111111111111, 0.1111111111111111]",71928.42865337338,71928.42865337338,696.4529781603948,3482.2648908019746,0.08901490000425838,1.8189894035458565e-12,253,0.0,0.02,0.8,7075.738315161801,0,0.0,False,08ad55a129c188b78a6bf379ee5514cf466d54acf150f52d0326740697aa261f
2025-03-25,83,12,q4_3,B0,FORMAL_BACKUP,q4-inheritance-v2,delivery,7513.557718317833,9,"[65, 59, 73, 42, 50, 49, 48, 69, 60]","[0.1111111111111111, 0.1111111111111111, 0.1111111111111111, 0.1111111111111111, 0.1111111111111111, 0.1111111111111111, 0.1111111111111111, 0.1111111111111111, 0.1111111111111111]",65406.754931909454,65406.754931909454,843.5965333705566,4217.982666852783,0.07696049999503884,1.8189894035458565e-12,217,0.0,0.02,0.8,2124.24966378086,0,0.0,False,08ad55a129c188b78a6bf379ee5514cf466d54acf150f52d0326740697aa261f
2025-03-25,83,18,q4_3,B0,FORMAL_BACKUP,q4-inheritance-v2,delivery,10751.494670929576,9,"[65, 59, 73, 42, 50, 49, 48, 69, 60]","[0.1111111111111111, 0.1111111111111111, 0.1111111111111111, 0.1111111111111111, 0.1111111111111111, 0.1111111111111111, 0.1111111111111111, 0.1111111111111111, 0.1111111111111111]",50528.02515418554,50528.02515418554,0.0,0.0,0.07042920000094455,1.8189894035458565e-12,181,0.0,0.02,0.8,127.33075431271203,0,0.0,False,08ad55a129c188b78a6bf379ee5514cf466d54acf150f52d0326740697aa261f
2025-03-26,84,0,q4_3,B0,FORMAL_BACKUP,q4-inheritance-v2,delivery,6021.844841747487,9,"[65, 59, 73, 42, 50, 49, 48, 69, 60]","[0.1111111111111111, 0.1111111111111111, 0.1111111111111111, 0.1111111111111111, 0.1111111111111111, 0.1111111111111111, 0.1111111111111111, 0.1111111111111111, 0.1111111111111111]",81209.31123948257,81209.31123948257,2830.2388078323847,14141.277284859458,0.20317049999721348,1.8189894035458565e-12,289,0.0,0.02,0.8,0.0,0,0.0,False,08ad55a129c188b78a6bf379ee5514cf466d54acf150f52d0326740697aa261f
2025-03-26,84,6,q4_3,B0,FORMAL_BACKUP,q4-inheritance-v2,delivery,10387.822163099123,9,"[65, 59, 73, 42, 50, 49, 48, 69, 60]","[0.1111111111111111, 0.1111111111111111, 0.1111111111111111, 0.1111111111111111, 0.1111111111111111, 0.1111111111111111, 0.1111111111111111, 0.1111111111111111, 0.1111111111111111]",70395.91330299794,70395.91330299794,2124.749706937646,10569.64610097498,0.12980619999871124,1.8189894035458565e-12,253,0.0,0.02,0.8,1102.5256154128003,0,0.0,False,08ad55a129c188b78a6bf379ee5514cf466d54acf150f52d0326740697aa261f
2025-03-26,84,12,q4_3,B0,FORMAL_BACKUP,q4-inheritance-v2,delivery,6827.781669371052,9,"[65, 59, 73, 42, 50, 49, 48, 69, 60]","[0.1111111111111111, 0.1111111111111111, 0.1111111111111111, 0.1111111111111111, 0.1111111111111111, 0.1111111111111111, 0.1111111111111111, 0.1111111111111111, 0.1111111111111111]",65683.04533969189,65683.04533969189,857.1831510915998,4285.915755458,0.11375990000669844,1.8189894035458565e-12,217,0.0,0.02,0.8,1996.2499575154334,0,0.0,False,08ad55a129c188b78a6bf379ee5514cf466d54acf150f52d0326740697aa261f
2025-03-26,84,18,q4_3,B0,FORMAL_BACKUP,q4-inheritance-v2,delivery,10748.873392217867,9,"[65, 59, 73, 42, 50, 49, 48, 69, 60]","[0.1111111111111111, 0.1111111111111111, 0.1111111111111111, 0.1111111111111111, 0.1111111111111111, 0.1111111111111111, 0.1111111111111111, 0.1111111111111111, 0.1111111111111111]",53833.68120337148,53833.68120337148,48.67548983194493,243.3774491597247,0.0897739000065485,1.8189894035458565e-12,181,0.0,0.02,0.8,0.0,0,0.0,False,08ad55a129c188b78a6bf379ee5514cf466d54acf150f52d0326740697aa261f
2025-03-27,85,0,q4_3,B0,FORMAL_BACKUP,q4-inheritance-v2,delivery,7222.568998758902,9,"[65, 59, 73, 63, 50, 49, 48, 69, 60]","[0.1111111111111111, 0.1111111111111111, 0.1111111111111111, 0.1111111111111111, 0.1111111111111111, 0.1111111111111111, 0.1111111111111111, 0.1111111111111111, 0.1111111111111111]",61566.04059915892,61566.04059915892,3166.480952300203,15832.404761501019,0.2428479999944102,1.8189894035458565e-12,289,0.0,0.02,0.8,0.0,0,0.0,False,08ad55a129c188b78a6bf379ee5514cf466d54acf150f52d0326740697aa261f
2025-03-27,85,6,q4_3,B0,FORMAL_BACKUP,q4-inheritance-v2,delivery,10289.575676688404,9,"[65, 59, 73, 63, 50, 49, 48, 69, 60]","[0.1111111111111111, 0.1111111111111111, 0.1111111111111111, 0.1111111111111111, 0.1111111111111111, 0.1111111111111111, 0.1111111111111111, 0.1111111111111111, 0.1111111111111111]",49667.531221565776,49667.531221565776,2398.6381472972134,11993.190736486069,0.1203726999956416,9.094947017729282e-13,253,0.0,0.02,0.8,1667.4486853500773,0,0.0,False,08ad55a129c188b78a6bf379ee5514cf466d54acf150f52d0326740697aa261f
2025-03-27,85,12,q4_3,B0,FORMAL_BACKUP,q4-inheritance-v2,delivery,8518.725831272292,9,"[65, 59, 73, 63, 50, 49, 48, 69, 60]","[0.1111111111111111, 0.1111111111111111, 0.1111111111111111, 0.1111111111111111, 0.1111111111111111, 0.1111111111111111, 0.1111111111111111, 0.1111111111111111, 0.1111111111111111]",44075.013725310906,44075.013725310906,1537.4112988167499,7687.056494083751,0.10927809998975135,9.094947017729282e-13,217,0.0,0.02,0.8,2353.4084634030196,0,0.0,False,08ad55a129c188b78a6bf379ee5514cf466d54acf150f52d0326740697aa261f
2025-03-27,85,18,q4_3,B0,FORMAL_BACKUP,q4-inheritance-v2,delivery,10711.490635847189,9,"[65, 59, 73, 63, 50, 49, 48, 69, 60]","[0.1111111111111111, 0.1111111111111111, 0.1111111111111111, 0.1111111111111111, 0.1111111111111111, 0.1111111111111111, 0.1111111111111111, 0.1111111111111111, 0.1111111111111111]",31943.291955114306,31943.291955114306,375.56623667589514,1877.8311833794762,0.0825265000021318,1.8189894035458565e-12,181,0.0,0.02,0.8,2.2737367544323206e-13,0,0.0,False,08ad55a129c188b78a6bf379ee5514cf466d54acf150f52d0326740697aa261f
2025-03-28,86,0,q4_3,B0,FORMAL_BACKUP,q4-inheritance-v2,delivery,3613.480981091235,9,"[65, 59, 73, 63, 43, 49, 48, 69, 60]","[0.1111111111111111, 0.1111111111111111, 0.1111111111111111, 0.1111111111111111, 0.1111111111111111, 0.1111111111111111, 0.1111111111111111, 0.1111111111111111, 0.1111111111111111]",36814.49510525319,36814.49510525319,2623.4079957792,13070.464755917468,0.1810985000047367,1.8189894035458565e-12,289,0.0,0.02,0.8,0.0,0,0.0,False,08ad55a129c188b78a6bf379ee5514cf466d54acf150f52d0326740697aa261f
2025-03-28,86,6,q4_3,B0,FORMAL_BACKUP,q4-inheritance-v2,delivery,10321.096589767858,9,"[65, 59, 73, 63, 43, 49, 48, 69, 60]","[0.1111111111111111, 0.1111111111111111, 0.1111111111111111, 0.1111111111111111, 0.1111111111111111, 0.1111111111111111, 0.1111111111111111, 0.1111111111111111, 0.1111111111111111]",28629.264809904475,28629.264809904475,1924.0837602774093,9620.418801387048,0.12406940000073519,7.275957614183426e-12,253,0.0,0.02,0.8,464.5134883721454,0,0.0,False,08ad55a129c188b78a6bf379ee5514cf466d54acf150f52d0326740697aa261f
2025-03-28,86,12,q4_3,B0,FORMAL_BACKUP,q4-inheritance-v2,delivery,10800.0,9,"[65, 59, 73, 63, 43, 49, 48, 69, 60]","[0.1111111111111111, 0.1111111111111111, 0.1111111111111111, 0.1111111111111111, 0.1111111111111111, 0.1111111111111111, 0.1111111111111111, 0.1111111111111111, 0.1111111111111111]",29122.916521368716,29122.916521368716,1926.313371502771,9595.369836369739,0.10390030000417028,3.637978807091713e-12,217,0.0,0.02,0.8,123.15389437140091,0,0.0,False,08ad55a129c188b78a6bf379ee5514cf466d54acf150f52d0326740697aa261f
2025-03-28,86,18,q4_3,B0,FORMAL_BACKUP,q4-inheritance-v2,delivery,10800.0,9,"[65, 59, 73, 63, 43, 49, 48, 69, 60]","[0.1111111111111111, 0.1111111111111111, 0.1111111111111111, 0.1111111111111111, 0.1111111111111111, 0.1111111111111111, 0.1111111111111111, 0.1111111111111111, 0.1111111111111111]",25147.18342328975,25147.18342328975,1022.0468047480863,5110.234023740432,0.08401500000036322,1.8189894035458565e-12,181,0.0,0.02,0.8,0.0,0,0.0,False,08ad55a129c188b78a6bf379ee5514cf466d54acf150f52d0326740697aa261f
2025-03-29,87,0,q4_3,B0,FORMAL_BACKUP,q4-inheritance-v2,delivery,9084.929755240973,9,"[58, 59, 73, 47, 50, 49, 48, 69, 60]","[0.1111111111111111, 0.1111111111111111, 0.1111111111111111, 0.1111111111111111, 0.1111111111111111, 0.1111111111111111, 0.1111111111111111, 0.1111111111111111, 0.1111111111111111]",42279.05537963628,42279.05537963628,1912.8765792894135,9564.38289644707,0.1858557999948971,1.8189894035458565e-12,289,0.0,0.02,0.8,0.0,0,0.0,False,08ad55a129c188b78a6bf379ee5514cf466d54acf150f52d0326740697aa261f
2025-03-29,87,6,q4_3,B0,FORMAL_BACKUP,q4-inheritance-v2,delivery,5043.466639491582,9,"[58, 59, 73, 47, 50, 49, 48, 69, 60]","[0.1111111111111111, 0.1111111111111111, 0.1111111111111111, 0.1111111111111111, 0.1111111111111111, 0.1111111111111111, 0.1111111111111111, 0.1111111111111111, 0.1111111111111111]",39086.2521325191,39086.2521325191,1753.413691752068,8744.902948345525,0.09244089999992866,1.8189894035458565e-12,253,0.0,0.02,0.8,362.6159280761791,0,0.0,False,08ad55a129c188b78a6bf379ee5514cf466d54acf150f52d0326740697aa261f
2025-03-29,87,12,q4_3,B0,FORMAL_BACKUP,q4-inheritance-v2,delivery,10800.0,9,"[58, 59, 73, 47, 50, 49, 48, 69, 60]","[0.1111111111111111, 0.1111111111111111, 0.1111111111111111, 0.1111111111111111, 0.1111111111111111, 0.1111111111111111, 0.1111111111111111, 0.1111111111111111, 0.1111111111111111]",38333.96775544157,38333.96775544157,1530.4505626865707,7630.418484835633,0.08385330000601243,1.8189894035458565e-12,217,0.0,0.02,0.8,294.3294741111108,0,0.0,False,08ad55a129c188b78a6bf379ee5514cf466d54acf150f52d0326740697aa261f
2025-03-29,87,18,q4_3,B0,FORMAL_BACKUP,q4-inheritance-v2,delivery,10800.0,9,"[58, 59, 73, 47, 50, 49, 48, 69, 60]","[0.1111111111111111, 0.1111111111111111, 0.1111111111111111, 0.1111111111111111, 0.1111111111111111, 0.1111111111111111, 0.1111111111111111, 0.1111111111111111, 0.1111111111111111]",35846.72029335558,35846.72029335558,564.3333582185192,2821.6667910925958,0.0580539999937173,1.8189894035458565e-12,181,0.0,0.02,0.8,3.410605131648481e-13,0,0.0,False,08ad55a129c188b78a6bf379ee5514cf466d54acf150f52d0326740697aa261f
2025-03-30,88,0,q4_3,B0,FORMAL_BACKUP,q4-inheritance-v2,delivery,9161.923420042556,9,"[58, 59, 73, 63, 50, 49, 48, 69, 60]","[0.1111111111111111, 0.1111111111111111, 0.1111111111111111, 0.1111111111111111, 0.1111111111111111, 0.1111111111111111, 0.1111111111111111, 0.1111111111111111, 0.1111111111111111]",61210.2640877575,61210.2640877575,2522.4075745497908,12612.037872748957,0.22386980000010226,3.637978807091713e-12,289,0.0,0.02,0.8,0.0,0,0.0,False,08ad55a129c188b78a6bf379ee5514cf466d54acf150f52d0326740697aa261f
2025-03-30,88,6,q4_3,B0,FORMAL_BACKUP,q4-inheritance-v2,delivery,7662.442474162019,9,"[58, 59, 73, 63, 50, 49, 48, 69, 60]","[0.1111111111111111, 0.1111111111111111, 0.1111111111111111, 0.1111111111111111, 0.1111111111111111, 0.1111111111111111, 0.1111111111111111, 0.1111111111111111, 0.1111111111111111]",51216.071830919536,51216.071830919536,2003.4287649518224,10014.143310308653,0.12782409999636002,1.8189894035458565e-12,253,0.0,0.02,0.8,3746.3740657613184,0,0.0,False,08ad55a129c188b78a6bf379ee5514cf466d54acf150f52d0326740697aa261f
2025-03-30,88,12,q4_3,B0,FORMAL_BACKUP,q4-inheritance-v2,delivery,4140.8576189052355,9,"[58, 59, 73, 63, 50, 49, 48, 69, 60]","[0.1111111111111111, 0.1111111111111111, 0.1111111111111111, 0.1111111111111111, 0.1111111111111111, 0.1111111111111111, 0.1111111111111111, 0.1111111111111111, 0.1111111111111111]",56628.90705744269,56628.90705744269,1040.3052012604915,5201.526006302459,0.10832970000046771,1.8189894035458565e-12,217,0.0,0.02,0.8,1630.5045552777776,0,0.0,False,08ad55a129c188b78a6bf379ee5514cf466d54acf150f52d0326740697aa261f
2025-03-30,88,18,q4_3,B0,FORMAL_BACKUP,q4-inheritance-v2,delivery,9467.18176193969,9,"[58, 59, 73, 63, 50, 49, 48, 69, 60]","[0.1111111111111111, 0.1111111111111111, 0.1111111111111111, 0.1111111111111111, 0.1111111111111111, 0.1111111111111111, 0.1111111111111111, 0.1111111111111111, 0.1111111111111111]",44623.4774403199,44623.4774403199,927.3677943039659,4636.83897151983,0.08628889999818057,9.094947017729282e-13,181,0.0,0.02,0.8,0.0,0,0.0,False,08ad55a129c188b78a6bf379ee5514cf466d54acf150f52d0326740697aa261f
2025-03-31,89,0,q4_3,B0,FORMAL_BACKUP,q4-inheritance-v2,delivery,5090.794097455454,9,"[72, 59, 73, 63, 50, 49, 48, 69, 60]","[0.1111111111111111, 0.1111111111111111, 0.1111111111111111, 0.1111111111111111, 0.1111111111111111, 0.1111111111111111, 0.1111111111111111, 0.1111111111111111, 0.1111111111111111]",76268.22785343794,76268.22785343794,2753.3391025634205,13766.695512817103,0.17830129999492783,1.8189894035458565e-12,289,0.0,0.02,0.8,0.0,0,0.0,False,08ad55a129c188b78a6bf379ee5514cf466d54acf150f52d0326740697aa261f
2025-03-31,89,6,q4_3,B0,FORMAL_BACKUP,q4-inheritance-v2,delivery,9690.484650062193,9,"[72, 59, 73, 63, 50, 49, 48, 69, 60]","[0.1111111111111111, 0.1111111111111111, 0.1111111111111111, 0.1111111111111111, 0.1111111111111111, 0.1111111111111111, 0.1111111111111111, 0.1111111111111111, 0.1111111111111111]",70875.59059387485,70875.59059387485,4637.775941152377,22871.048383573972,0.13499289999890607,1.8189894035458565e-12,253,0.0,0.02,0.8,3057.7435303632233,0,0.0,False,08ad55a129c188b78a6bf379ee5514cf466d54acf150f52d0326740697aa261f
2025-03-31,89,12,q4_3,B0,FORMAL_BACKUP,q4-inheritance-v2,delivery,6169.232311444136,9,"[72, 59, 73, 63, 50, 49, 48, 69, 60]","[0.1111111111111111, 0.1111111111111111, 0.1111111111111111, 0.1111111111111111, 0.1111111111111111, 0.1111111111111111, 0.1111111111111111, 0.1111111111111111, 0.1111111111111111]",63077.3937766867,63077.3937766867,2572.906360757594,12864.531803787973,0.10138110000116285,1.8189894035458565e-12,217,0.0,0.02,0.8,2995.0760993981517,0,0.0,False,08ad55a129c188b78a6bf379ee5514cf466d54acf150f52d0326740697aa261f
2025-03-31,89,18,q4_3,B0,FORMAL_BACKUP,q4-inheritance-v2,delivery,9957.338595880463,9,"[72, 59, 73, 63, 50, 49, 48, 69, 60]","[0.1111111111111111, 0.1111111111111111, 0.1111111111111111, 0.1111111111111111, 0.1111111111111111, 0.1111111111111111, 0.1111111111111111, 0.1111111111111111, 0.1111111111111111]",50822.62846489103,50822.62846489103,637.361579734104,3186.807898670521,0.06320780000532977,9.094947017729282e-13,181,0.0,0.02,0.8,0.0,0,0.0,False,08ad55a129c188b78a6bf379ee5514cf466d54acf150f52d0326740697aa261f
2025-04-01,90,0,q4_3,B0,FORMAL_BACKUP,q4-inheritance-v2,delivery,5187.552871023462,9,"[72, 59, 73, 63, 50, 49, 48, 69, 60]","[0.1111111111111111, 0.1111111111111111, 0.1111111111111111, 0.1111111111111111, 0.1111111111111111, 0.1111111111111111, 0.1111111111111111, 0.1111111111111111, 0.1111111111111111]",83089.3000782021,83089.3000782021,2795.7482959078256,13978.74147953913,0.15160379999724682,1.8189894035458565e-12,289,0.0,0.02,0.8,0.0,0,0.0,False,08ad55a129c188b78a6bf379ee5514cf466d54acf150f52d0326740697aa261f
2025-04-01,90,6,q4_3,B0,FORMAL_BACKUP,q4-inheritance-v2,delivery,9903.744618631068,9,"[72, 59, 73, 63, 50, 49, 48, 69, 60]","[0.1111111111111111, 0.1111111111111111, 0.1111111111111111, 0.1111111111111111, 0.1111111111111111, 0.1111111111111111, 0.1111111111111111, 0.1111111111111111, 0.1111111111111111]",70745.65462417353,70745.65462417353,2471.851848487832,12359.259242439162,0.09280539999599569,1.8189894035458565e-12,253,0.0,0.02,0.8,2533.7757388500795,0,0.0,False,08ad55a129c188b78a6bf379ee5514cf466d54acf150f52d0326740697aa261f
2025-04-01,90,12,q4_3,B0,FORMAL_BACKUP,q4-inheritance-v2,delivery,9732.956850264049,9,"[72, 59, 73, 63, 50, 49, 48, 69, 60]","[0.1111111111111111, 0.1111111111111111, 0.1111111111111111, 0.1111111111111111, 0.1111111111111111, 0.1111111111111111, 0.1111111111111111, 0.1111111111111111, 0.1111111111111111]",64841.65636310332,64841.65636310332,1621.8756339734514,8109.378169867258,0.11098329999367706,1.8189894035458565e-12,217,0.0,0.02,0.8,3447.2926325514322,0,0.0,False,08ad55a129c188b78a6bf379ee5514cf466d54acf150f52d0326740697aa261f
2025-04-01,90,18,q4_3,B0,FORMAL_BACKUP,q4-inheritance-v2,delivery,10712.320123757214,9,"[72, 59, 73, 63, 50, 49, 48, 69, 60]","[0.1111111111111111, 0.1111111111111111, 0.1111111111111111, 0.1111111111111111, 0.1111111111111111, 0.1111111111111111, 0.1111111111111111, 0.1111111111111111, 0.1111111111111111]",65574.90244063268,65574.90244063268,0.0,0.0,0.08585170000151265,9.094947017729282e-13,181,0.0,0.02,0.8,112.44495472222195,0,0.0,False,08ad55a129c188b78a6bf379ee5514cf466d54acf150f52d0326740697aa261f
2025-04-02,91,0,q4_3,B0,FORMAL_BACKUP,q4-inheritance-v2,delivery,5190.3131374601635,9,"[72, 59, 73, 63, 50, 49, 48, 69, 60]","[0.1111111111111111, 0.1111111111111111, 0.1111111111111111, 0.1111111111111111, 0.1111111111111111, 0.1111111111111111, 0.1111111111111111, 0.1111111111111111, 0.1111111111111111]",81144.53970336047,81144.53970336047,3052.2858825694225,15261.429412847116,0.20919629999843892,3.637978807091713e-12,289,0.0,0.02,0.8,0.0,0,0.0,False,08ad55a129c188b78a6bf379ee5514cf466d54acf150f52d0326740697aa261f
2025-04-02,91,6,q4_3,B0,FORMAL_BACKUP,q4-inheritance-v2,delivery,10097.394363695976,9,"[72, 59, 73, 63, 50, 49, 48, 69, 60]","[0.1111111111111111, 0.1111111111111111, 0.1111111111111111, 0.1111111111111111, 0.1111111111111111, 0.1111111111111111, 0.1111111111111111, 0.1111111111111111, 0.1111111111111111]",70414.48780364852,70414.48780364852,3829.223482673611,18998.15024331197,0.1233014000026742,1.8189894035458565e-12,253,0.0,0.02,0.8,1633.3749145250838,0,0.0,False,08ad55a129c188b78a6bf379ee5514cf466d54acf150f52d0326740697aa261f
2025-04-02,91,12,q4_3,B0,FORMAL_BACKUP,q4-inheritance-v2,delivery,8302.345895847631,9,"[72, 59, 73, 63, 50, 49, 48, 69, 60]","[0.1111111111111111, 0.1111111111111111, 0.1111111111111111, 0.1111111111111111, 0.1111111111111111, 0.1111111111111111, 0.1111111111111111, 0.1111111111111111, 0.1111111111111111]",62184.33347333341,62184.33347333341,2176.5400470833606,10882.700235416803,0.11330650000309106,1.8189894035458565e-12,217,0.0,0.02,0.8,1246.5019195193793,0,0.0,False,08ad55a129c188b78a6bf379ee5514cf466d54acf150f52d0326740697aa261f
2025-04-02,91,18,q4_3,B0,FORMAL_BACKUP,q4-inheritance-v2,delivery,10504.034930598858,9,"[72, 59, 73, 63, 50, 49, 48, 69, 60]","[0.1111111111111111, 0.1111111111111111, 0.1111111111111111, 0.1111111111111111, 0.1111111111111111, 0.1111111111111111, 0.1111111111111111, 0.1111111111111111, 0.1111111111111111]",51631.009738943154,51631.009738943154,475.03187045893696,2375.1593522946855,0.0849885999923572,9.094947017729282e-13,181,0.0,0.02,0.8,0.0,0,0.0,False,08ad55a129c188b78a6bf379ee5514cf466d54acf150f52d0326740697aa261f
2025-04-03,92,0,q4_3,B0,FORMAL_BACKUP,q4-inheritance-v2,delivery,5961.880882748398,9,"[72, 59, 73, 63, 64, 62, 78, 69, 60]","[0.1111111111111111, 0.1111111111111111, 0.1111111111111111, 0.1111111111111111, 0.1111111111111111, 0.1111111111111111, 0.1111111111111111, 0.1111111111111111, 0.1111111111111111]",60148.93991098873,60148.93991098873,3246.174681567695,16196.669992854157,0.2432474000088405,3.637978807091713e-12,289,0.0,0.02,0.8,0.0,0,0.0,False,08ad55a129c188b78a6bf379ee5514cf466d54acf150f52d0326740697aa261f
2025-04-03,92,6,q4_3,B0,FORMAL_BACKUP,q4-inheritance-v2,delivery,10329.841447499968,9,"[72, 59, 73, 63, 64, 62, 78, 69, 60]","[0.1111111111111111, 0.1111111111111111, 0.1111111111111111, 0.1111111111111111, 0.1111111111111111, 0.1111111111111111, 0.1111111111111111, 0.1111111111111111, 0.1111111111111111]",46439.01188486984,46439.01188486984,1170.0101395412744,5850.050697706373,0.12703560000227299,1.8189894035458565e-12,253,0.0,0.02,0.8,2381.1199808799192,0,0.0,False,08ad55a129c188b78a6bf379ee5514cf466d54acf150f52d0326740697aa261f
2025-04-03,92,12,q4_3,B0,FORMAL_BACKUP,q4-inheritance-v2,delivery,9375.490629633307,9,"[72, 59, 73, 63, 64, 62, 78, 69, 60]","[0.1111111111111111, 0.1111111111111111, 0.1111111111111111, 0.1111111111111111, 0.1111111111111111, 0.1111111111111111, 0.1111111111111111, 0.1111111111111111, 0.1111111111111111]",42092.22705607956,42092.22705607956,1238.5286643767402,6192.643321883701,0.10251359999529086,9.094947017729282e-13,217,0.0,0.02,0.8,2687.5460188888887,0,0.0,False,08ad55a129c188b78a6bf379ee5514cf466d54acf150f52d0326740697aa261f
2025-04-03,92,18,q4_3,B0,FORMAL_BACKUP,q4-inheritance-v2,delivery,10763.654937950118,9,"[72, 59, 73, 63, 64, 62, 78, 69, 60]","[0.1111111111111111, 0.1111111111111111, 0.1111111111111111, 0.1111111111111111, 0.1111111111111111, 0.1111111111111111, 0.1111111111111111, 0.1111111111111111, 0.1111111111111111]",29080.40111393289,29080.40111393289,313.7461342103139,1568.7306710515697,0.06684440000390168,1.8189894035458565e-12,181,0.0,0.02,0.8,0.0,0,0.0,False,08ad55a129c188b78a6bf379ee5514cf466d54acf150f52d0326740697aa261f
2025-04-04,93,0,q4_3,B0,FORMAL_BACKUP,q4-inheritance-v2,delivery,3711.5114334509076,9,"[72, 59, 73, 63, 64, 49, 78, 69, 60]","[0.1111111111111111, 0.1111111111111111, 0.1111111111111111, 0.1111111111111111, 0.1111111111111111, 0.1111111111111111, 0.1111111111111111, 0.1111111111111111, 0.1111111111111111]",34277.8532349701,34277.8532349701,2394.9959500154996,11974.979750077498,0.1786986000079196,3.637978807091713e-12,289,0.0,0.02,0.8,0.0,0,0.0,False,08ad55a129c188b78a6bf379ee5514cf466d54acf150f52d0326740697aa261f
2025-04-04,93,6,q4_3,B0,FORMAL_BACKUP,q4-inheritance-v2,delivery,8674.951614387932,9,"[72, 59, 73, 63, 64, 49, 78, 69, 60]","[0.1111111111111111, 0.1111111111111111, 0.1111111111111111, 0.1111111111111111, 0.1111111111111111, 0.1111111111111111, 0.1111111111111111, 0.1111111111111111, 0.1111111111111111]",26692.677077892233,26692.677077892233,1632.350306234491,8161.751531172456,0.11784980000811629,3.637978807091713e-12,253,0.0,0.02,0.8,3.128164394183841e-12,0,0.0,False,08ad55a129c188b78a6bf379ee5514cf466d54acf150f52d0326740697aa261f
2025-04-04,93,12,q4_3,B0,FORMAL_BACKUP,q4-inheritance-v2,delivery,10800.0,9,"[72, 59, 73, 63, 64, 49, 78, 69, 60]","[0.1111111111111111, 0.1111111111111111, 0.1111111111111111, 0.1111111111111111, 0.1111111111111111, 0.1111111111111111, 0.1111111111111111, 0.1111111111111111, 0.1111111111111111]",28310.63379050486,28310.63379050486,1889.165468423501,9415.205745195446,0.10502059999271296,3.637978807091713e-12,217,0.0,0.02,0.8,2.0810436666687337,0,0.0,False,08ad55a129c188b78a6bf379ee5514cf466d54acf150f52d0326740697aa261f
2025-04-04,93,18,q4_3,B0,FORMAL_BACKUP,q4-inheritance-v2,delivery,10800.0,9,"[72, 59, 73, 63, 64, 49, 78, 69, 60]","[0.1111111111111111, 0.1111111111111111, 0.1111111111111111, 0.1111111111111111, 0.1111111111111111, 0.1111111111111111, 0.1111111111111111, 0.1111111111111111, 0.1111111111111111]",24672.14098864431,24672.14098864431,871.4124010733328,4357.062005366665,0.08234680000168737,1.8189894035458565e-12,181,0.0,0.02,0.8,0.0,0,0.0,False,08ad55a129c188b78a6bf379ee5514cf466d54acf150f52d0326740697aa261f
2025-04-05,94,0,q4_3,B0,FORMAL_BACKUP,q4-inheritance-v2,delivery,9831.199251360695,9,"[65, 59, 73, 63, 64, 57, 78, 69, 60]","[0.1111111111111111, 0.1111111111111111, 0.1111111111111111, 0.1111111111111111, 0.1111111111111111, 0.1111111111111111, 0.1111111111111111, 0.1111111111111111, 0.1111111111111111]",37250.26603865132,37250.26603865132,2058.1904580658565,10290.952290329285,0.17938829999184236,3.637978807091713e-12,289,0.0,0.02,0.8,0.0,0,0.0,False,08ad55a129c188b78a6bf379ee5514cf466d54acf150f52d0326740697aa261f
2025-04-05,94,6,q4_3,B0,FORMAL_BACKUP,q4-inheritance-v2,delivery,4148.524393696561,9,"[65, 59, 73, 63, 64, 57, 78, 69, 60]","[0.1111111111111111, 0.1111111111111111, 0.1111111111111111, 0.1111111111111111, 0.1111111111111111, 0.1111111111111111, 0.1111111111111111, 0.1111111111111111, 0.1111111111111111]",34152.8130071452,34152.8130071452,2047.3202171484206,10217.343406410855,0.11687470000470057,1.8189894035458565e-12,253,0.0,0.02,0.8,1.7905676941154525e-12,0,0.0,False,08ad55a129c188b78a6bf379ee5514cf466d54acf150f52d0326740697aa261f
2025-04-05,94,12,q4_3,B0,FORMAL_BACKUP,q4-inheritance-v2,delivery,10800.0,9,"[65, 59, 73, 63, 64, 57, 78, 69, 60]","[0.1111111111111111, 0.1111111111111111, 0.1111111111111111, 0.1111111111111111, 0.1111111111111111, 0.1111111111111111, 0.1111111111111111, 0.1111111111111111, 0.1111111111111111]",41883.63303202292,41883.63303202292,1718.416461814821,8587.94484755447,0.10702319999109022,3.637978807091713e-12,217,0.0,0.02,0.8,67.08303421296215,0,0.0,False,08ad55a129c188b78a6bf379ee5514cf466d54acf150f52d0326740697aa261f
2025-04-05,94,18,q4_3,B0,FORMAL_BACKUP,q4-inheritance-v2,delivery,10730.806584816726,9,"[65, 59, 73, 63, 64, 57, 78, 69, 60]","[0.1111111111111111, 0.1111111111111111, 0.1111111111111111, 0.1111111111111111, 0.1111111111111111, 0.1111111111111111, 0.1111111111111111, 0.1111111111111111, 0.1111111111111111]",33086.35773061122,33086.35773061122,778.4689658220112,3892.344829110057,0.06230399999185465,1.8189894035458565e-12,181,0.0,0.02,0.8,0.0,0,0.0,False,08ad55a129c188b78a6bf379ee5514cf466d54acf150f52d0326740697aa261f
2025-04-06,95,0,q4_3,B0,FORMAL_BACKUP,q4-inheritance-v2,delivery,10560.301396029561,9,"[65, 59, 73, 85, 64, 57, 78, 69, 60]","[0.1111111111111111, 0.1111111111111111, 0.1111111111111111, 0.1111111111111111, 0.1111111111111111, 0.1111111111111111, 0.1111111111111111, 0.1111111111111111, 0.1111111111111111]",54177.2328488405,54177.2328488405,2758.6592993682384,13793.296496841194,0.16936709999572486,1.8189894035458565e-12,289,0.0,0.02,0.8,0.0,0,0.0,False,08ad55a129c188b78a6bf379ee5514cf466d54acf150f52d0326740697aa261f
2025-04-06,95,6,q4_3,B0,FORMAL_BACKUP,q4-inheritance-v2,delivery,7868.432702587141,9,"[65, 59, 73, 85, 64, 57, 78, 69, 60]","[0.1111111111111111, 0.1111111111111111, 0.1111111111111111, 0.1111111111111111, 0.1111111111111111, 0.1111111111111111, 0.1111111111111111, 0.1111111111111111, 0.1111111111111111]",45700.16176952092,45700.16176952092,2725.186124401876,13625.930622009382,0.10742390000086743,3.637978807091713e-12,253,0.0,0.02,0.8,3363.511526309543,0,0.0,False,08ad55a129c188b78a6bf379ee5514cf466d54acf150f52d0326740697aa261f
2025-04-06,95,12,q4_3,B0,FORMAL_BACKUP,q4-inheritance-v2,delivery,4239.785949564012,9,"[65, 59, 73, 85, 64, 57, 78, 69, 60]","[0.1111111111111111, 0.1111111111111111, 0.1111111111111111, 0.1111111111111111, 0.1111111111111111, 0.1111111111111111, 0.1111111111111111, 0.1111111111111111, 0.1111111111111111]",46225.88809758366,46225.88809758366,2602.1367090329004,13010.683545164506,0.10779710000497289,1.8189894035458565e-12,217,0.0,0.02,0.8,2027.7690646834099,0,0.0,False,08ad55a129c188b78a6bf379ee5514cf466d54acf150f52d0326740697aa261f
2025-04-06,95,18,q4_3,B0,FORMAL_BACKUP,q4-inheritance-v2,delivery,9512.395477561098,9,"[65, 59, 73, 85, 64, 57, 78, 69, 60]","[0.1111111111111111, 0.1111111111111111, 0.1111111111111111, 0.1111111111111111, 0.1111111111111111, 0.1111111111111111, 0.1111111111111111, 0.1111111111111111, 0.1111111111111111]",38395.2221651711,38395.2221651711,1260.1432977379545,6300.716488689774,0.08473669999511912,1.8189894035458565e-12,181,0.0,0.02,0.8,1.7053025658242404e-13,0,0.0,False,08ad55a129c188b78a6bf379ee5514cf466d54acf150f52d0326740697aa261f
2025-04-07,96,0,q4_3,B0,FORMAL_BACKUP,q4-inheritance-v2,delivery,5809.1516421198185,9,"[79, 59, 73, 85, 64, 57, 78, 69, 60]","[0.1111111111111111, 0.1111111111111111, 0.1111111111111111, 0.1111111111111111, 0.1111111111111111, 0.1111111111111111, 0.1111111111111111, 0.1111111111111111, 0.1111111111111111]",69059.69975586011,69059.69975586011,2714.242086728273,13571.210433641369,0.24148440000135452,1.8189894035458565e-12,289,0.0,0.02,0.8,0.0,0,0.0,False,08ad55a129c188b78a6bf379ee5514cf466d54acf150f52d0326740697aa261f
2025-04-07,96,6,q4_3,B0,FORMAL_BACKUP,q4-inheritance-v2,delivery,10275.841251419311,9,"[79, 59, 73, 85, 64, 57, 78, 69, 60]","[0.1111111111111111, 0.1111111111111111, 0.1111111111111111, 0.1111111111111111, 0.1111111111111111, 0.1111111111111111, 0.1111111111111111, 0.1111111111111111, 0.1111111111111111]",61041.29754044999,61041.29754044999,3957.983048456749,19135.909035347162,0.12075729999924079,9.094947017729282e-13,253,0.0,0.02,0.8,1404.3473687319863,0,0.0,False,08ad55a129c188b78a6bf379ee5514cf466d54acf150f52d0326740697aa261f
2025-04-07,96,12,q4_3,B0,FORMAL_BACKUP,q4-inheritance-v2,delivery,9021.209297721267,9,"[79, 59, 73, 85, 64, 57, 78, 69, 60]","[0.1111111111111111, 0.1111111111111111, 0.1111111111111111, 0.1111111111111111, 0.1111111111111111, 0.1111111111111111, 0.1111111111111111, 0.1111111111111111, 0.1111111111111111]",61380.500652249524,61380.500652249524,2479.1876419783457,12395.938209891729,0.10965990000113379,1.8189894035458565e-12,217,0.0,0.02,0.8,1721.3916015506875,0,0.0,False,08ad55a129c188b78a6bf379ee5514cf466d54acf150f52d0326740697aa261f
2025-04-07,96,18,q4_3,B0,FORMAL_BACKUP,q4-inheritance-v2,delivery,9416.5076297182,9,"[79, 59, 73, 85, 64, 57, 78, 69, 60]","[0.1111111111111111, 0.1111111111111111, 0.1111111111111111, 0.1111111111111111, 0.1111111111111111, 0.1111111111111111, 0.1111111111111111, 0.1111111111111111, 0.1111111111111111]",48733.04117635089,48733.04117635089,955.2208186646777,4776.104093323389,0.08434820000547916,1.8189894035458565e-12,181,0.0,0.02,0.8,0.0,0,0.0,False,08ad55a129c188b78a6bf379ee5514cf466d54acf150f52d0326740697aa261f
2025-04-08,97,0,q4_3,B0,FORMAL_BACKUP,q4-inheritance-v2,delivery,6161.138935957408,9,"[79, 59, 87, 63, 90, 62, 78, 69, 60]","[0.1111111111111111, 0.1111111111111111, 0.1111111111111111, 0.1111111111111111, 0.1111111111111111, 0.1111111111111111, 0.1111111111111111, 0.1111111111111111, 0.1111111111111111]",78418.54995749767,78418.54995749767,2732.9214532718634,13664.60726635932,0.2205759000062244,7.275957614183426e-12,289,0.0,0.02,0.8,0.0,0,0.0,False,08ad55a129c188b78a6bf379ee5514cf466d54acf150f52d0326740697aa261f
2025-04-08,97,6,q4_3,B0,FORMAL_BACKUP,q4-inheritance-v2,delivery,10499.774310935592,9,"[79, 59, 87, 63, 90, 62, 78, 69, 60]","[0.1111111111111111, 0.1111111111111111, 0.1111111111111111, 0.1111111111111111, 0.1111111111111111, 0.1111111111111111, 0.1111111111111111, 0.1111111111111111, 0.1111111111111111]",64951.245253499124,64951.245253499124,1308.495888751425,6542.479443757126,0.12018759999773465,1.8189894035458565e-12,253,0.0,0.02,0.8,2161.381721296301,0,0.0,False,08ad55a129c188b78a6bf379ee5514cf466d54acf150f52d0326740697aa261f
2025-04-08,97,12,q4_3,B0,FORMAL_BACKUP,q4-inheritance-v2,delivery,8001.059806862084,9,"[79, 59, 87, 63, 90, 62, 78, 69, 60]","[0.1111111111111111, 0.1111111111111111, 0.1111111111111111, 0.1111111111111111, 0.1111111111111111, 0.1111111111111111, 0.1111111111111111, 0.1111111111111111, 0.1111111111111111]",63419.96569518919,63419.96569518919,826.3127677721873,4131.563838860937,0.11199970000598114,1.8189894035458565e-12,217,0.0,0.02,0.8,3059.802064382716,0,0.0,False,08ad55a129c188b78a6bf379ee5514cf466d54acf150f52d0326740697aa261f
2025-04-08,97,18,q4_3,B0,FORMAL_BACKUP,q4-inheritance-v2,delivery,10640.227986846114,9,"[79, 59, 87, 63, 90, 62, 78, 69, 60]","[0.1111111111111111, 0.1111111111111111, 0.1111111111111111, 0.1111111111111111, 0.1111111111111111, 0.1111111111111111, 0.1111111111111111, 0.1111111111111111, 0.1111111111111111]",51825.81318855235,51825.81318855235,0.0,0.0,0.08837359999597538,1.8189894035458565e-12,181,0.0,0.02,0.8,159.90705395833209,0,0.0,False,08ad55a129c188b78a6bf379ee5514cf466d54acf150f52d0326740697aa261f
2025-04-09,98,0,q4_3,B0,FORMAL_BACKUP,q4-inheritance-v2,delivery,7036.404920702996,9,"[79, 59, 87, 63, 90, 62, 78, 69, 67]","[0.1111111111111111, 0.1111111111111111, 0.1111111111111111, 0.1111111111111111, 0.1111111111111111, 0.1111111111111111, 0.1111111111111111, 0.1111111111111111, 0.1111111111111111]",76120.3556001432,76120.3556001432,1751.052382330162,8550.118181334987,0.2077253000024939,3.637978807091713e-12,289,0.0,0.02,0.8,0.0,0,0.0,False,08ad55a129c188b78a6bf379ee5514cf466d54acf150f52d0326740697aa261f
2025-04-09,98,6,q4_3,B0,FORMAL_BACKUP,q4-inheritance-v2,delivery,10317.69150985227,9,"[79, 59, 87, 63, 90, 62, 78, 69, 67]","[0.1111111111111111, 0.1111111111111111, 0.1111111111111111, 0.1111111111111111, 0.1111111111111111, 0.1111111111111111, 0.1111111111111111, 0.1111111111111111, 0.1111111111111111]",69079.37169112315,69079.37169112315,5407.309482747065,26460.544523761357,0.13020030000188854,2.1827872842550278e-11,253,0.0,0.02,0.8,3.8120617773529375e-12,0,0.0,False,08ad55a129c188b78a6bf379ee5514cf466d54acf150f52d0326740697aa261f
2025-04-09,98,12,q4_3,B0,FORMAL_BACKUP,q4-inheritance-v2,delivery,6650.256554437225,9,"[79, 59, 87, 63, 90, 62, 78, 69, 67]","[0.1111111111111111, 0.1111111111111111, 0.1111111111111111, 0.1111111111111111, 0.1111111111111111, 0.1111111111111111, 0.1111111111111111, 0.1111111111111111, 0.1111111111111111]",73297.2154382231,73297.2154382231,1661.5624949483813,8307.812474741908,0.10939220000000205,1.8189894035458565e-12,217,0.0,0.02,0.8,1.7053025658242404e-13,0,0.0,False,08ad55a129c188b78a6bf379ee5514cf466d54acf150f52d0326740697aa261f
2025-04-09,98,18,q4_3,B0,FORMAL_BACKUP,q4-inheritance-v2,delivery,10709.635668476803,9,"[79, 59, 87, 63, 90, 62, 78, 69, 67]","[0.1111111111111111, 0.1111111111111111, 0.1111111111111111, 0.1111111111111111, 0.1111111111111111, 0.1111111111111111, 0.1111111111111111, 0.1111111111111111, 0.1111111111111111]",51246.981003860245,51246.981003860245,0.0,0.0,0.08280270000977907,9.094947017729282e-13,181,0.0,0.02,0.8,226.00971589604444,0,0.0,False,08ad55a129c188b78a6bf379ee5514cf466d54acf150f52d0326740697aa261f
2025-04-10,99,0,q4_3,B0,FORMAL_BACKUP,q4-inheritance-v2,delivery,6468.078148879302,9,"[79, 59, 87, 63, 90, 71, 56, 69, 67]","[0.1111111111111111, 0.1111111111111111, 0.1111111111111111, 0.1111111111111111, 0.1111111111111111, 0.1111111111111111, 0.1111111111111111, 0.1111111111111111, 0.1111111111111111]",55865.31247417339,55865.31247417339,2857.8318953101884,13782.001287337165,0.19621330000518356,7.275957614183426e-12,289,0.0,0.02,0.8,0.0,0,0.0,False,08ad55a129c188b78a6bf379ee5514cf466d54acf150f52d0326740697aa261f
2025-04-10,99,6,q4_3,B0,FORMAL_BACKUP,q4-inheritance-v2,delivery,10267.059041246297,9,"[79, 59, 87, 63, 90, 71, 56, 69, 67]","[0.1111111111111111, 0.1111111111111111, 0.1111111111111111, 0.1111111111111111, 0.1111111111111111, 0.1111111111111111, 0.1111111111111111, 0.1111111111111111, 0.1111111111111111]",47524.00588834617,47524.00588834617,4887.76759807078,24438.837990353906,0.0933182000007946,1.8189894035458565e-12,253,0.0,0.02,0.8,3.069544618483633e-12,0,0.0,False,08ad55a129c188b78a6bf379ee5514cf466d54acf150f52d0326740697aa261f
2025-04-10,99,12,q4_3,B0,FORMAL_BACKUP,q4-inheritance-v2,delivery,7037.312390175376,9,"[79, 59, 87, 63, 90, 71, 56, 69, 67]","[0.1111111111111111, 0.1111111111111111, 0.1111111111111111, 0.1111111111111111, 0.1111111111111111, 0.1111111111111111, 0.1111111111111111, 0.1111111111111111, 0.1111111111111111]",42084.78712547705,42084.78712547705,888.4930859773117,4442.46542988656,0.08034889999544248,9.094947017729282e-13,217,0.0,0.02,0.8,0.0,0,0.0,False,08ad55a129c188b78a6bf379ee5514cf466d54acf150f52d0326740697aa261f
2025-04-10,99,18,q4_3,B0,FORMAL_BACKUP,q4-inheritance-v2,delivery,10800.0,9,"[79, 59, 87, 63, 90, 71, 56, 69, 67]","[0.1111111111111111, 0.1111111111111111, 0.1111111111111111, 0.1111111111111111, 0.1111111111111111, 0.1111111111111111, 0.1111111111111111, 0.1111111111111111, 0.1111111111111111]",29150.002753155615,29150.002753155615,168.80873030557166,844.0436515278585,0.05762079999840353,9.094947017729282e-13,181,0.0,0.02,0.8,1.1368683772161603e-13,0,0.0,False,08ad55a129c188b78a6bf379ee5514cf466d54acf150f52d0326740697aa261f
2025-04-11,100,0,q4_3,B0,FORMAL_BACKUP,q4-inheritance-v2,delivery,3866.3833069456136,9,"[79, 59, 87, 63, 90, 71, 56, 69, 67]","[0.1111111111111111, 0.1111111111111111, 0.1111111111111111, 0.1111111111111111, 0.1111111111111111, 0.1111111111111111, 0.1111111111111111, 0.1111111111111111, 0.1111111111111111]",33497.4104197626,33497.4104197626,2431.5834990392573,12157.917495196289,0.16876449999108445,9.094947017729282e-13,289,0.0,0.02,0.8,0.0,0,0.0,False,08ad55a129c188b78a6bf379ee5514cf466d54acf150f52d0326740697aa261f
2025-04-11,100,6,q4_3,B0,FORMAL_BACKUP,q4-inheritance-v2,delivery,6882.734041218051,9,"[79, 59, 87, 63, 90, 71, 56, 69, 67]","[0.1111111111111111, 0.1111111111111111, 0.1111111111111111, 0.1111111111111111, 0.1111111111111111, 0.1111111111111111, 0.1111111111111111, 0.1111111111111111, 0.1111111111111111]",27884.275160387126,27884.275160387126,2458.7405458184458,12250.673223608388,0.08093840000219643,1.8189894035458565e-12,253,0.0,0.02,0.8,518.9866023333373,0,0.0,False,08ad55a129c188b78a6bf379ee5514cf466d54acf150f52d0326740697aa261f
2025-04-11,100,12,q4_3,B0,FORMAL_BACKUP,q4-inheritance-v2,delivery,10800.0,9,"[79, 59, 87, 63, 90, 71, 56, 69, 67]","[0.1111111111111111, 0.1111111111111111, 0.1111111111111111, 0.1111111111111111, 0.1111111111111111, 0.1111111111111111, 0.1111111111111111, 0.1111111111111111, 0.1111111111111111]",27010.644092835853,27010.644092835853,1877.5715108769375,9378.982162342772,0.07448839998687617,1.8189894035458565e-12,217,0.0,0.02,0.8,404.34477319444886,0,0.0,False,08ad55a129c188b78a6bf379ee5514cf466d54acf150f52d0326740697aa261f
2025-04-11,100,18,q4_3,B0,FORMAL_BACKUP,q4-inheritance-v2,delivery,10800.0,9,"[79, 59, 87, 63, 90, 71, 56, 69, 67]","[0.1111111111111111, 0.1111111111111111, 0.1111111111111111, 0.1111111111111111, 0.1111111111111111, 0.1111111111111111, 0.1111111111111111, 0.1111111111111111, 0.1111111111111111]",23716.930665121956,23716.930665121956,911.9938255295264,4559.969127647632,0.05766819999553263,1.8189894035458565e-12,181,0.0,0.02,0.8,1.1368683772161603e-13,0,0.0,False,08ad55a129c188b78a6bf379ee5514cf466d54acf150f52d0326740697aa261f
2025-04-12,101,0,q4_3,B0,FORMAL_BACKUP,q4-inheritance-v2,delivery,9680.685767321089,9,"[72, 59, 87, 63, 90, 71, 78, 69, 67]","[0.1111111111111111, 0.1111111111111111, 0.1111111111111111, 0.1111111111111111, 0.1111111111111111, 0.1111111111111111, 0.1111111111111111, 0.1111111111111111, 0.1111111111111111]",39612.95191404831,39612.95191404831,2224.2807701001343,11121.403850500672,0.1828174999973271,7.275957614183426e-12,289,0.0,0.02,0.8,0.0,0,0.0,False,08ad55a129c188b78a6bf379ee5514cf466d54acf150f52d0326740697aa261f
2025-04-12,101,6,q4_3,B0,FORMAL_BACKUP,q4-inheritance-v2,delivery,4553.239498639132,9,"[72, 59, 87, 63, 90, 71, 78, 69, 67]","[0.1111111111111111, 0.1111111111111111, 0.1111111111111111, 0.1111111111111111, 0.1111111111111111, 0.1111111111111111, 0.1111111111111111, 0.1111111111111111, 0.1111111111111111]",35387.34976237663,35387.34976237663,1488.4831403379737,7442.415701689871,0.11783730000024661,1.8189894035458565e-12,253,0.0,0.02,0.8,2.2168933355715126e-12,0,0.0,False,08ad55a129c188b78a6bf379ee5514cf466d54acf150f52d0326740697aa261f
2025-04-12,101,12,q4_3,B0,FORMAL_BACKUP,q4-inheritance-v2,delivery,10800.0,9,"[72, 59, 87, 63, 90, 71, 78, 69, 67]","[0.1111111111111111, 0.1111111111111111, 0.1111111111111111, 0.1111111111111111, 0.1111111111111111, 0.1111111111111111, 0.1111111111111111, 0.1111111111111111, 0.1111111111111111]",35435.66758643312,35435.66758643312,1326.0942636129673,6630.471318064838,0.09980740000901278,1.8189894035458565e-12,217,0.0,0.02,0.8,0.0,0,0.0,False,08ad55a129c188b78a6bf379ee5514cf466d54acf150f52d0326740697aa261f
2025-04-12,101,18,q4_3,B0,FORMAL_BACKUP,q4-inheritance-v2,delivery,10781.520374921018,9,"[72, 59, 87, 63, 90, 71, 78, 69, 67]","[0.1111111111111111, 0.1111111111111111, 0.1111111111111111, 0.1111111111111111, 0.1111111111111111, 0.1111111111111111, 0.1111111111111111, 0.1111111111111111, 0.1111111111111111]",37639.81854309393,37639.81854309393,608.20254034347,3041.0127017173504,0.07769779999216553,1.8189894035458565e-12,181,0.0,0.02,0.8,0.0,0,0.0,False,08ad55a129c188b78a6bf379ee5514cf466d54acf150f52d0326740697aa261f
2025-04-13,102,0,q4_3,B0,FORMAL_BACKUP,q4-inheritance-v2,delivery,10800.0,9,"[72, 59, 87, 63, 99, 71, 78, 69, 67]","[0.1111111111111111, 0.1111111111111111, 0.1111111111111111, 0.1111111111111111, 0.1111111111111111, 0.1111111111111111, 0.1111111111111111, 0.1111111111111111, 0.1111111111111111]",52037.986421567235,52037.986421567235,2580.8122340041527,12904.061170020765,0.2060024000093108,3.637978807091713e-12,289,0.0,0.02,0.8,0.0,0,0.0,False,08ad55a129c188b78a6bf379ee5514cf466d54acf150f52d0326740697aa261f
2025-04-13,102,6,q4_3,B0,FORMAL_BACKUP,q4-inheritance-v2,delivery,6708.617174094468,9,"[72, 59, 87, 63, 99, 71, 78, 69, 67]","[0.1111111111111111, 0.1111111111111111, 0.1111111111111111, 0.1111111111111111, 0.1111111111111111, 0.1111111111111111, 0.1111111111111111, 0.1111111111111111, 0.1111111111111111]",46359.14440838021,46359.14440838021,4228.950425694865,21073.824816648845,0.09787219999998342,7.275957614183426e-12,253,0.0,0.02,0.8,83.553800749028,0,0.0,False,08ad55a129c188b78a6bf379ee5514cf466d54acf150f52d0326740697aa261f
2025-04-13,102,12,q4_3,B0,FORMAL_BACKUP,q4-inheritance-v2,delivery,3528.262550356811,9,"[72, 59, 87, 63, 99, 71, 78, 69, 67]","[0.1111111111111111, 0.1111111111111111, 0.1111111111111111, 0.1111111111111111, 0.1111111111111111, 0.1111111111111111, 0.1111111111111111, 0.1111111111111111, 0.1111111111111111]",48598.48588370164,48598.48588370164,2867.4758356667985,14260.128649519516,0.09873379999771714,1.8189894035458565e-12,217,0.0,0.02,0.8,8.463404205482448,0,0.0,False,08ad55a129c188b78a6bf379ee5514cf466d54acf150f52d0326740697aa261f
2025-04-13,102,18,q4_3,B0,FORMAL_BACKUP,q4-inheritance-v2,delivery,7789.410213746671,9,"[72, 59, 87, 63, 99, 71, 78, 69, 67]","[0.1111111111111111, 0.1111111111111111, 0.1111111111111111, 0.1111111111111111, 0.1111111111111111, 0.1111111111111111, 0.1111111111111111, 0.1111111111111111, 0.1111111111111111]",42212.573952381674,42212.573952381674,1254.5259832444897,6243.536115796889,0.08408030000282452,1.8189894035458565e-12,181,0.0,0.02,0.8,1351.114176289198,0,0.0,False,08ad55a129c188b78a6bf379ee5514cf466d54acf150f52d0326740697aa261f
2025-04-14,103,0,q4_3,B0,FORMAL_BACKUP,q4-inheritance-v2,delivery,3667.9285434506464,9,"[86, 59, 87, 63, 99, 71, 78, 69, 67]","[0.1111111111111111, 0.1111111111111111, 0.1111111111111111, 0.1111111111111111, 0.1111111111111111, 0.1111111111111111, 0.1111111111111111, 0.1111111111111111, 0.1111111111111111]",73619.6888776141,73619.6888776141,3079.571712244948,14684.422107886192,0.21538419999706093,1.8189894035458565e-12,289,0.0,0.02,0.8,0.0,0,0.0,False,08ad55a129c188b78a6bf379ee5514cf466d54acf150f52d0326740697aa261f
2025-04-14,103,6,q4_3,B0,FORMAL_BACKUP,q4-inheritance-v2,delivery,10031.896613533647,9,"[86, 59, 87, 63, 99, 71, 78, 69, 67]","[0.1111111111111111, 0.1111111111111111, 0.1111111111111111, 0.1111111111111111, 0.1111111111111111, 0.1111111111111111, 0.1111111111111111, 0.1111111111111111, 0.1111111111111111]",60025.04675341342,60025.04675341342,1721.4909170239853,8607.45458511993,0.12235700000019278,1.8189894035458565e-12,253,0.0,0.02,0.8,860.4622333086452,0,0.0,False,08ad55a129c188b78a6bf379ee5514cf466d54acf150f52d0326740697aa261f
2025-04-14,103,12,q4_3,B0,FORMAL_BACKUP,q4-inheritance-v2,delivery,7217.7975088454505,9,"[86, 59, 87, 63, 99, 71, 78, 69, 67]","[0.1111111111111111, 0.1111111111111111, 0.1111111111111111, 0.1111111111111111, 0.1111111111111111, 0.1111111111111111, 0.1111111111111111, 0.1111111111111111, 0.1111111111111111]",56179.42387753049,56179.42387753049,67.95690466814676,339.78452334073387,0.10522309999214485,1.8189894035458565e-12,217,0.0,0.02,0.8,937.8340944413604,0,0.0,False,08ad55a129c188b78a6bf379ee5514cf466d54acf150f52d0326740697aa261f
2025-04-14,103,18,q4_3,B0,FORMAL_BACKUP,q4-inheritance-v2,delivery,10784.831657054909,9,"[86, 59, 87, 63, 99, 71, 78, 69, 67]","[0.1111111111111111, 0.1111111111111111, 0.1111111111111111, 0.1111111111111111, 0.1111111111111111, 0.1111111111111111, 0.1111111111111111, 0.1111111111111111, 0.1111111111111111]",47079.39209555517,47079.39209555517,0.0,0.0,0.08802329999161884,1.8189894035458565e-12,181,0.0,0.02,0.8,717.2008718827227,0,0.0,False,08ad55a129c188b78a6bf379ee5514cf466d54acf150f52d0326740697aa261f
2025-04-15,104,0,q4_3,B0,FORMAL_BACKUP,q4-inheritance-v2,delivery,5134.813303963008,9,"[86, 101, 87, 63, 99, 71, 78, 69, 67]","[0.1111111111111111, 0.1111111111111111, 0.1111111111111111, 0.1111111111111111, 0.1111111111111111, 0.1111111111111111, 0.1111111111111111, 0.1111111111111111, 0.1111111111111111]",68057.87165901547,68057.87165901547,2837.54659607875,13807.697647851697,0.24199540000699926,1.8189894035458565e-12,289,0.0,0.02,0.8,0.0,0,0.0,False,08ad55a129c188b78a6bf379ee5514cf466d54acf150f52d0326740697aa261f
2025-04-15,104,6,q4_3,B0,FORMAL_BACKUP,q4-inheritance-v2,delivery,10547.433366894307,9,"[86, 101, 87, 63, 99, 71, 78, 69, 67]","[0.1111111111111111, 0.1111111111111111, 0.1111111111111111, 0.1111111111111111, 0.1111111111111111, 0.1111111111111111, 0.1111111111111111, 0.1111111111111111, 0.1111111111111111]",61426.5929872805,61426.5929872805,6094.0652786728415,29489.63374262488,0.13066179999441374,7.275957614183426e-12,253,0.0,0.02,0.8,1034.207940574077,0,0.0,False,08ad55a129c188b78a6bf379ee5514cf466d54acf150f52d0326740697aa261f
2025-04-15,104,12,q4_3,B0,FORMAL_BACKUP,q4-inheritance-v2,delivery,8936.931959691658,9,"[86, 101, 87, 63, 99, 71, 78, 69, 67]","[0.1111111111111111, 0.1111111111111111, 0.1111111111111111, 0.1111111111111111, 0.1111111111111111, 0.1111111111111111, 0.1111111111111111, 0.1111111111111111, 0.1111111111111111]",58081.89642368391,58081.89642368391,2266.999530715919,11334.997653579596,0.11258600000292063,7.275957614183426e-12,217,0.0,0.02,0.8,1034.2079405740747,0,0.0,False,08ad55a129c188b78a6bf379ee5514cf466d54acf150f52d0326740697aa261f
2025-04-15,104,18,q4_3,B0,FORMAL_BACKUP,q4-inheritance-v2,delivery,9525.056337637909,9,"[86, 101, 87, 63, 99, 71, 78, 69, 67]","[0.1111111111111111, 0.1111111111111111, 0.1111111111111111, 0.1111111111111111, 0.1111111111111111, 0.1111111111111111, 0.1111111111111111, 0.1111111111111111, 0.1111111111111111]",50550.72908505195,50550.72908505195,844.3434689706985,4221.717344853493,0.0831564999971306,9.094947017729282e-13,181,0.0,0.02,0.8,5.684341886080802e-14,0,0.0,False,08ad55a129c188b78a6bf379ee5514cf466d54acf150f52d0326740697aa261f
2025-04-16,105,0,q4_3,B0,FORMAL_BACKUP,q4-inheritance-v2,delivery,5863.496627791155,9,"[86, 101, 87, 63, 99, 71, 78, 69, 67]","[0.1111111111111111, 0.1111111111111111, 0.1111111111111111, 0.1111111111111111, 0.1111111111111111, 0.1111111111111111, 0.1111111111111111, 0.1111111111111111, 0.1111111111111111]",70758.76384640166,70758.76384640166,1755.5250449839045,8466.836799721283,0.2018374000035692,1.8189894035458565e-12,289,0.0,0.02,0.8,0.0,0,0.0,False,08ad55a129c188b78a6bf379ee5514cf466d54acf150f52d0326740697aa261f
2025-04-16,105,6,q4_3,B0,FORMAL_BACKUP,q4-inheritance-v2,delivery,10060.939261967136,9,"[86, 101, 87, 63, 99, 71, 78, 69, 67]","[0.1111111111111111, 0.1111111111111111, 0.1111111111111111, 0.1111111111111111, 0.1111111111111111, 0.1111111111111111, 0.1111111111111111, 0.1111111111111111, 0.1111111111111111]",64936.65774105359,64936.65774105359,5977.78807613475,29000.796974766752,0.11945889999333303,7.275957614183426e-12,253,0.0,0.02,0.8,187.3659911728407,0,0.0,False,08ad55a129c188b78a6bf379ee5514cf466d54acf150f52d0326740697aa261f
2025-04-16,105,12,q4_3,B0,FORMAL_BACKUP,q4-inheritance-v2,delivery,7147.610344448216,9,"[86, 101, 87, 63, 99, 71, 78, 69, 67]","[0.1111111111111111, 0.1111111111111111, 0.1111111111111111, 0.1111111111111111, 0.1111111111111111, 0.1111111111111111, 0.1111111111111111, 0.1111111111111111, 0.1111111111111111]",56595.7130660273,56595.7130660273,1486.5896351112488,7432.948175556246,0.08914440000080504,1.8189894035458565e-12,217,0.0,0.02,0.8,178.31736811728294,0,0.0,False,08ad55a129c188b78a6bf379ee5514cf466d54acf150f52d0326740697aa261f
2025-04-16,105,18,q4_3,B0,FORMAL_BACKUP,q4-inheritance-v2,delivery,10387.371396101014,9,"[86, 101, 87, 63, 99, 71, 78, 69, 67]","[0.1111111111111111, 0.1111111111111111, 0.1111111111111111, 0.1111111111111111, 0.1111111111111111, 0.1111111111111111, 0.1111111111111111, 0.1111111111111111, 0.1111111111111111]",51635.29734080103,51635.29734080103,0.0,0.0,0.08078799999202602,1.8189894035458565e-12,181,0.0,0.02,0.8,772.8793750185253,0,0.0,False,08ad55a129c188b78a6bf379ee5514cf466d54acf150f52d0326740697aa261f
2025-04-17,106,0,q4_3,B0,FORMAL_BACKUP,q4-inheritance-v2,delivery,4685.448266227224,9,"[86, 101, 87, 63, 64, 71, 78, 69, 67]","[0.1111111111111111, 0.1111111111111111, 0.1111111111111111, 0.1111111111111111, 0.1111111111111111, 0.1111111111111111, 0.1111111111111111, 0.1111111111111111, 0.1111111111111111]",49791.012015862514,49791.012015862514,2591.926872208785,12766.157660728784,0.17843149999680463,9.094947017729282e-13,289,0.0,0.02,0.8,0.0,0,0.0,False,08ad55a129c188b78a6bf379ee5514cf466d54acf150f52d0326740697aa261f
2025-04-17,106,6,q4_3,B0,FORMAL_BACKUP,q4-inheritance-v2,delivery,10304.247567866112,9,"[86, 101, 87, 63, 64, 71, 78, 69, 67]","[0.1111111111111111, 0.1111111111111111, 0.1111111111111111, 0.1111111111111111, 0.1111111111111111, 0.1111111111111111, 0.1111111111111111, 0.1111111111111111, 0.1111111111111111]",43581.54381354674,43581.54381354674,6602.868329801552,31890.34744384107,0.10686269999132492,1.4551915228366852e-11,253,0.0,0.02,0.8,674.8306605432197,0,0.0,False,08ad55a129c188b78a6bf379ee5514cf466d54acf150f52d0326740697aa261f
2025-04-17,106,12,q4_3,B0,FORMAL_BACKUP,q4-inheritance-v2,delivery,5905.601767339108,9,"[86, 101, 87, 63, 64, 71, 78, 69, 67]","[0.1111111111111111, 0.1111111111111111, 0.1111111111111111, 0.1111111111111111, 0.1111111111111111, 0.1111111111111111, 0.1111111111111111, 0.1111111111111111, 0.1111111111111111]",39013.46001999251,39013.46001999251,2366.56418117004,11832.820905850202,0.09503130000666715,1.8189894035458565e-12,217,0.0,0.02,0.8,674.8306605432172,0,0.0,False,08ad55a129c188b78a6bf379ee5514cf466d54acf150f52d0326740697aa261f
2025-04-17,106,18,q4_3,B0,FORMAL_BACKUP,q4-inheritance-v2,delivery,10262.781484046149,9,"[86, 101, 87, 63, 64, 71, 78, 69, 67]","[0.1111111111111111, 0.1111111111111111, 0.1111111111111111, 0.1111111111111111, 0.1111111111111111, 0.1111111111111111, 0.1111111111111111, 0.1111111111111111, 0.1111111111111111]",27855.67879488523,27855.67879488523,533.3681957390081,2666.840978695041,0.06836039999325294,1.8189894035458565e-12,181,0.0,0.02,0.8,0.0,0,0.0,False,08ad55a129c188b78a6bf379ee5514cf466d54acf150f52d0326740697aa261f
2025-04-18,107,0,q4_3,B0,FORMAL_BACKUP,q4-inheritance-v2,delivery,3337.6664748986586,9,"[86, 101, 87, 63, 64, 68, 104, 69, 67]","[0.1111111111111111, 0.1111111111111111, 0.1111111111111111, 0.1111111111111111, 0.1111111111111111, 0.1111111111111111, 0.1111111111111111, 0.1111111111111111, 0.1111111111111111]",32683.59647677898,32683.59647677898,2315.3076570052913,11576.53828502646,0.1412424000009196,1.8189894035458565e-12,289,0.0,0.02,0.8,0.0,0,0.0,False,08ad55a129c188b78a6bf379ee5514cf466d54acf150f52d0326740697aa261f
2025-04-18,107,6,q4_3,B0,FORMAL_BACKUP,q4-inheritance-v2,delivery,6508.7324475165515,9,"[86, 101, 87, 63, 64, 68, 104, 69, 67]","[0.1111111111111111, 0.1111111111111111, 0.1111111111111111, 0.1111111111111111, 0.1111111111111111, 0.1111111111111111, 0.1111111111111111, 0.1111111111111111, 0.1111111111111111]",25887.84644982209,25887.84644982209,1898.6386463667836,9493.19323183392,0.08715439999650698,3.637978807091713e-12,253,0.0,0.02,0.8,1.4868106745780096e-12,0,0.0,False,08ad55a129c188b78a6bf379ee5514cf466d54acf150f52d0326740697aa261f
2025-04-18,107,12,q4_3,B0,FORMAL_BACKUP,q4-inheritance-v2,delivery,10800.0,9,"[86, 101, 87, 63, 64, 68, 104, 69, 67]","[0.1111111111111111, 0.1111111111111111, 0.1111111111111111, 0.1111111111111111, 0.1111111111111111, 0.1111111111111111, 0.1111111111111111, 0.1111111111111111, 0.1111111111111111]",26120.305986711388,26120.305986711388,1464.730222478285,7323.651112391427,0.08126809999521356,1.8189894035458565e-12,217,0.0,0.02,0.8,0.0,0,0.0,False,08ad55a129c188b78a6bf379ee5514cf466d54acf150f52d0326740697aa261f
2025-04-18,107,18,q4_3,B0,FORMAL_BACKUP,q4-inheritance-v2,delivery,10800.0,9,"[86, 101, 87, 63, 64, 68, 104, 69, 67]","[0.1111111111111111, 0.1111111111111111, 0.1111111111111111, 0.1111111111111111, 0.1111111111111111, 0.1111111111111111, 0.1111111111111111, 0.1111111111111111, 0.1111111111111111]",22975.956342691363,22975.956342691363,604.2419375751593,3021.2096878757975,0.0808102000009967,1.8189894035458565e-12,181,0.0,0.02,0.8,0.0,0,0.0,False,08ad55a129c188b78a6bf379ee5514cf466d54acf150f52d0326740697aa261f
2025-04-19,108,0,q4_3,B0,FORMAL_BACKUP,q4-inheritance-v2,delivery,8248.452507901879,9,"[79, 101, 87, 82, 99, 68, 104, 69, 67]","[0.1111111111111111, 0.1111111111111111, 0.1111111111111111, 0.1111111111111111, 0.1111111111111111, 0.1111111111111111, 0.1111111111111111, 0.1111111111111111, 0.1111111111111111]",38545.17139889925,38545.17139889925,1855.7744946742798,9278.8724733714,0.2124790999951074,1.8189894035458565e-12,289,0.0,0.02,0.8,0.0,0,0.0,False,08ad55a129c188b78a6bf379ee5514cf466d54acf150f52d0326740697aa261f
2025-04-19,108,6,q4_3,B0,FORMAL_BACKUP,q4-inheritance-v2,delivery,4189.4211039015345,9,"[79, 101, 87, 82, 99, 68, 104, 69, 67]","[0.1111111111111111, 0.1111111111111111, 0.1111111111111111, 0.1111111111111111, 0.1111111111111111, 0.1111111111111111, 0.1111111111111111, 0.1111111111111111, 0.1111111111111111]",34947.683525167486,34947.683525167486,1591.1544548372945,7955.772274186474,0.11688889999641106,1.8189894035458565e-12,253,0.0,0.02,0.8,2.049915792667889e-12,0,0.0,False,08ad55a129c188b78a6bf379ee5514cf466d54acf150f52d0326740697aa261f
2025-04-19,108,12,q4_3,B0,FORMAL_BACKUP,q4-inheritance-v2,delivery,10800.0,9,"[79, 101, 87, 82, 99, 68, 104, 69, 67]","[0.1111111111111111, 0.1111111111111111, 0.1111111111111111, 0.1111111111111111, 0.1111111111111111, 0.1111111111111111, 0.1111111111111111, 0.1111111111111111, 0.1111111111111111]",35934.19274430829,35934.19274430829,1426.3420787340085,7118.010040188564,0.09904909999750089,1.8189894035458565e-12,217,0.0,0.02,0.8,530.7115251965498,0,0.0,False,08ad55a129c188b78a6bf379ee5514cf466d54acf150f52d0326740697aa261f
2025-04-19,108,18,q4_3,B0,FORMAL_BACKUP,q4-inheritance-v2,delivery,10750.90131461838,9,"[79, 101, 87, 82, 99, 68, 104, 69, 67]","[0.1111111111111111, 0.1111111111111111, 0.1111111111111111, 0.1111111111111111, 0.1111111111111111, 0.1111111111111111, 0.1111111111111111, 0.1111111111111111, 0.1111111111111111]",31716.20901361769,31716.20901361769,404.2100635282365,2021.0503176411826,0.07957279999391176,1.8189894035458565e-12,181,0.0,0.02,0.8,0.0,0,0.0,False,08ad55a129c188b78a6bf379ee5514cf466d54acf150f52d0326740697aa261f
2025-04-20,109,0,q4_3,B0,FORMAL_BACKUP,q4-inheritance-v2,delivery,10061.801949642322,9,"[79, 101, 87, 82, 90, 98, 106, 69, 67]","[0.1111111111111111, 0.1111111111111111, 0.1111111111111111, 0.1111111111111111, 0.1111111111111111, 0.1111111111111111, 0.1111111111111111, 0.1111111111111111, 0.1111111111111111]",52518.83067654153,52518.83067654153,3068.9642039721243,15344.821019860625,0.18705619999673218,3.637978807091713e-12,289,0.0,0.02,0.8,0.0,0,0.0,False,08ad55a129c188b78a6bf379ee5514cf466d54acf150f52d0326740697aa261f
2025-04-20,109,6,q4_3,B0,FORMAL_BACKUP,q4-inheritance-v2,delivery,4874.502195653764,9,"[79, 101, 87, 82, 90, 98, 106, 69, 67]","[0.1111111111111111, 0.1111111111111111, 0.1111111111111111, 0.1111111111111111, 0.1111111111111111, 0.1111111111111111, 0.1111111111111111, 0.1111111111111111, 0.1111111111111111]",48542.230914826665,48542.230914826665,4644.182732627825,23108.890592943946,0.11998879999737255,1.8189894035458565e-12,253,0.0,0.02,0.8,1482.9887248752839,0,0.0,False,08ad55a129c188b78a6bf379ee5514cf466d54acf150f52d0326740697aa261f
2025-04-20,109,12,q4_3,B0,FORMAL_BACKUP,q4-inheritance-v2,delivery,4926.811120492336,9,"[79, 101, 87, 82, 90, 98, 106, 69, 67]","[0.1111111111111111, 0.1111111111111111, 0.1111111111111111, 0.1111111111111111, 0.1111111111111111, 0.1111111111111111, 0.1111111111111111, 0.1111111111111111, 0.1111111111111111]",45547.74708291238,45547.74708291238,2618.2031363018978,13024.190039407966,0.11181600000418257,1.8189894035458565e-12,217,0.0,0.02,0.8,401.8420399148406,0,0.0,False,08ad55a129c188b78a6bf379ee5514cf466d54acf150f52d0326740697aa261f
2025-04-20,109,18,q4_3,B0,FORMAL_BACKUP,q4-inheritance-v2,delivery,9042.408546971013,9,"[79, 101, 87, 82, 90, 98, 106, 69, 67]","[0.1111111111111111, 0.1111111111111111, 0.1111111111111111, 0.1111111111111111, 0.1111111111111111, 0.1111111111111111, 0.1111111111111111, 0.1111111111111111, 0.1111111111111111]",38744.01641636842,38744.01641636842,973.6047237056615,4827.624757197337,0.0684700999991037,9.094947017729282e-13,181,0.0,0.02,0.8,836.335460000007,0,0.0,False,08ad55a129c188b78a6bf379ee5514cf466d54acf150f52d0326740697aa261f
2025-04-21,110,0,q4_3,B0,FORMAL_BACKUP,q4-inheritance-v2,delivery,5540.03637801028,9,"[93, 101, 87, 82, 90, 98, 106, 69, 67]","[0.1111111111111111, 0.1111111111111111, 0.1111111111111111, 0.1111111111111111, 0.1111111111111111, 0.1111111111111111, 0.1111111111111111, 0.1111111111111111, 0.1111111111111111]",70086.05209220438,70086.05209220438,1614.9064395895866,7944.855946694077,0.1886510000040289,1.8189894035458565e-12,289,0.0,0.02,0.8,0.0,0,0.0,False,08ad55a129c188b78a6bf379ee5514cf466d54acf150f52d0326740697aa261f
2025-04-21,110,6,q4_3,B0,FORMAL_BACKUP,q4-inheritance-v2,delivery,9909.305931192848,9,"[93, 101, 87, 82, 90, 98, 106, 69, 67]","[0.1111111111111111, 0.1111111111111111, 0.1111111111111111, 0.1111111111111111, 0.1111111111111111, 0.1111111111111111, 0.1111111111111111, 0.1111111111111111, 0.1111111111111111]",58127.21790427117,58127.21790427117,1017.9218450634734,5089.609225317368,0.09511559999373276,1.8189894035458565e-12,253,0.0,0.02,0.8,424.6231283024734,0,0.0,False,08ad55a129c188b78a6bf379ee5514cf466d54acf150f52d0326740697aa261f
2025-04-21,110,12,q4_3,B0,FORMAL_BACKUP,q4-inheritance-v2,delivery,9119.775186363837,9,"[93, 101, 87, 82, 90, 98, 106, 69, 67]","[0.1111111111111111, 0.1111111111111111, 0.1111111111111111, 0.1111111111111111, 0.1111111111111111, 0.1111111111111111, 0.1111111111111111, 0.1111111111111111, 0.1111111111111111]",54974.66234848774,54974.66234848774,627.7841005111223,3138.9205025556125,0.08868640000582673,1.8189894035458565e-12,217,0.0,0.02,0.8,1374.273826388889,0,0.0,False,08ad55a129c188b78a6bf379ee5514cf466d54acf150f52d0326740697aa261f
2025-04-21,110,18,q4_3,B0,FORMAL_BACKUP,q4-inheritance-v2,delivery,10800.0,9,"[93, 101, 87, 82, 90, 98, 106, 69, 67]","[0.1111111111111111, 0.1111111111111111, 0.1111111111111111, 0.1111111111111111, 0.1111111111111111, 0.1111111111111111, 0.1111111111111111, 0.1111111111111111, 0.1111111111111111]",44692.96174804627,44692.96174804627,0.0,0.0,0.07146279999869876,1.8189894035458565e-12,181,0.0,0.02,0.8,298.76171998858234,0,0.0,False,08ad55a129c188b78a6bf379ee5514cf466d54acf150f52d0326740697aa261f
2025-04-22,111,0,q4_3,B0,FORMAL_BACKUP,q4-inheritance-v2,delivery,5759.209850319563,9,"[93, 101, 76, 70, 90, 98, 106, 69, 67]","[0.1111111111111111, 0.1111111111111111, 0.1111111111111111, 0.1111111111111111, 0.1111111111111111, 0.1111111111111111, 0.1111111111111111, 0.1111111111111111, 0.1111111111111111]",67653.82192361871,67653.82192361871,2807.6014299424005,13983.6967346152,0.1932581000000937,1.8189894035458565e-12,289,0.0,0.02,0.8,0.0,0,0.0,False,08ad55a129c188b78a6bf379ee5514cf466d54acf150f52d0326740697aa261f
2025-04-22,111,6,q4_3,B0,FORMAL_BACKUP,q4-inheritance-v2,delivery,10221.79278484133,9,"[93, 101, 76, 70, 90, 98, 106, 69, 67]","[0.1111111111111111, 0.1111111111111111, 0.1111111111111111, 0.1111111111111111, 0.1111111111111111, 0.1111111111111111, 0.1111111111111111, 0.1111111111111111, 0.1111111111111111]",61559.54543772037,61559.54543772037,6292.781726481811,30639.418743704606,0.13646789999620523,7.275957614183426e-12,253,0.0,0.02,0.8,572.0063774118051,0,0.0,False,08ad55a129c188b78a6bf379ee5514cf466d54acf150f52d0326740697aa261f
2025-04-22,111,12,q4_3,B0,FORMAL_BACKUP,q4-inheritance-v2,delivery,7057.952430815309,9,"[93, 101, 76, 70, 90, 98, 106, 69, 67]","[0.1111111111111111, 0.1111111111111111, 0.1111111111111111, 0.1111111111111111, 0.1111111111111111, 0.1111111111111111, 0.1111111111111111, 0.1111111111111111, 0.1111111111111111]",55862.92004057284,55862.92004057284,2629.6585390247606,13148.292695123806,0.11030709999613464,1.8189894035458565e-12,217,0.0,0.02,0.8,572.0063774118022,0,0.0,False,08ad55a129c188b78a6bf379ee5514cf466d54acf150f52d0326740697aa261f
2025-04-22,111,18,q4_3,B0,FORMAL_BACKUP,q4-inheritance-v2,delivery,10259.569202275048,9,"[93, 101, 76, 70, 90, 98, 106, 69, 67]","[0.1111111111111111, 0.1111111111111111, 0.1111111111111111, 0.1111111111111111, 0.1111111111111111, 0.1111111111111111, 0.1111111111111111, 0.1111111111111111, 0.1111111111111111]",46474.75286818192,46474.75286818192,500.05455130502446,2500.272756525123,0.08696559999953024,1.8189894035458565e-12,181,0.0,0.02,0.8,1.1368683772161603e-13,0,0.0,False,08ad55a129c188b78a6bf379ee5514cf466d54acf150f52d0326740697aa261f
2025-04-23,112,0,q4_3,B0,FORMAL_BACKUP,q4-inheritance-v2,delivery,6616.284740107232,9,"[93, 101, 76, 70, 90, 98, 106, 69, 74]","[0.1111111111111111, 0.1111111111111111, 0.1111111111111111, 0.1111111111111111, 0.1111111111111111, 0.1111111111111111, 0.1111111111111111, 0.1111111111111111, 0.1111111111111111]",65758.80307715057,65758.80307715057,2882.5023219801715,14412.511609900861,0.25446340000780765,1.8189894035458565e-12,289,0.0,0.02,0.8,0.0,0,0.0,False,08ad55a129c188b78a6bf379ee5514cf466d54acf150f52d0326740697aa261f
2025-04-23,112,6,q4_3,B0,FORMAL_BACKUP,q4-inheritance-v2,delivery,9272.709777969001,9,"[93, 101, 76, 70, 90, 98, 106, 69, 74]","[0.1111111111111111, 0.1111111111111111, 0.1111111111111111, 0.1111111111111111, 0.1111111111111111, 0.1111111111111111, 0.1111111111111111, 0.1111111111111111, 0.1111111111111111]",58151.93920499051,58151.93920499051,4954.181422258374,23806.147109827234,0.13607180000690278,1.8189894035458565e-12,253,0.0,0.02,0.8,305.90485136111465,0,0.0,False,08ad55a129c188b78a6bf379ee5514cf466d54acf150f52d0326740697aa261f
2025-04-23,112,12,q4_3,B0,FORMAL_BACKUP,q4-inheritance-v2,delivery,6084.824483461616,9,"[93, 101, 76, 70, 90, 98, 106, 69, 74]","[0.1111111111111111, 0.1111111111111111, 0.1111111111111111, 0.1111111111111111, 0.1111111111111111, 0.1111111111111111, 0.1111111111111111, 0.1111111111111111, 0.1111111111111111]",55579.70434216242,55579.70434216242,2967.3948599410146,14746.466737072771,0.11418679999769665,1.8189894035458565e-12,217,0.0,0.02,0.8,1104.6407778638531,0,0.0,False,08ad55a129c188b78a6bf379ee5514cf466d54acf150f52d0326740697aa261f
2025-04-23,112,18,q4_3,B0,FORMAL_BACKUP,q4-inheritance-v2,delivery,9587.36084130427,9,"[93, 101, 76, 70, 90, 98, 106, 69, 74]","[0.1111111111111111, 0.1111111111111111, 0.1111111111111111, 0.1111111111111111, 0.1111111111111111, 0.1111111111111111, 0.1111111111111111, 0.1111111111111111, 0.1111111111111111]",47208.70359856494,47208.70359856494,825.8542094892385,4129.271047446193,0.07904069998767227,1.8189894035458565e-12,181,0.0,0.02,0.8,0.0,0,0.0,False,08ad55a129c188b78a6bf379ee5514cf466d54acf150f52d0326740697aa261f
2025-04-24,113,0,q4_3,B0,FORMAL_BACKUP,q4-inheritance-v2,delivery,5966.77172997648,9,"[93, 101, 76, 70, 108, 98, 106, 69, 74]","[0.1111111111111111, 0.1111111111111111, 0.1111111111111111, 0.1111111111111111, 0.1111111111111111, 0.1111111111111111, 0.1111111111111111, 0.1111111111111111, 0.1111111111111111]",48695.60795070806,48695.60795070806,3343.138837851437,16715.69418925719,0.15410220000194386,1.8189894035458565e-12,289,0.0,0.02,0.8,0.0,0,0.0,False,08ad55a129c188b78a6bf379ee5514cf466d54acf150f52d0326740697aa261f
2025-04-24,113,6,q4_3,B0,FORMAL_BACKUP,q4-inheritance-v2,delivery,9742.225986752908,9,"[93, 101, 76, 70, 108, 98, 106, 69, 74]","[0.1111111111111111, 0.1111111111111111, 0.1111111111111111, 0.1111111111111111, 0.1111111111111111, 0.1111111111111111, 0.1111111111111111, 0.1111111111111111, 0.1111111111111111]",37184.712839220585,37184.712839220585,2708.3902771234957,13191.19250235959,0.09165410000423435,1.8189894035458565e-12,253,0.0,0.02,0.8,1763.3843781018616,0,0.0,False,08ad55a129c188b78a6bf379ee5514cf466d54acf150f52d0326740697aa261f
2025-04-24,113,12,q4_3,B0,FORMAL_BACKUP,q4-inheritance-v2,delivery,6839.568119799811,9,"[93, 101, 76, 70, 108, 98, 106, 69, 74]","[0.1111111111111111, 0.1111111111111111, 0.1111111111111111, 0.1111111111111111, 0.1111111111111111, 0.1111111111111111, 0.1111111111111111, 0.1111111111111111, 0.1111111111111111]",37349.923562969554,37349.923562969554,2281.6806163028136,11371.313917915848,0.07676429999992251,1.8189894035458565e-12,217,0.0,0.02,0.8,1025.4144359228326,0,0.0,False,08ad55a129c188b78a6bf379ee5514cf466d54acf150f52d0326740697aa261f
2025-04-24,113,18,q4_3,B0,FORMAL_BACKUP,q4-inheritance-v2,delivery,10696.210593802794,9,"[93, 101, 76, 70, 108, 98, 106, 69, 74]","[0.1111111111111111, 0.1111111111111111, 0.1111111111111111, 0.1111111111111111, 0.1111111111111111, 0.1111111111111111, 0.1111111111111111, 0.1111111111111111, 0.1111111111111111]",27722.783642785165,27722.783642785165,668.7946942456254,3343.9734712281274,0.06165889999829233,9.094947017729282e-13,181,0.0,0.02,0.8,5.684341886080802e-14,0,0.0,False,08ad55a129c188b78a6bf379ee5514cf466d54acf150f52d0326740697aa261f
2025-04-25,114,0,q4_3,B0,FORMAL_BACKUP,q4-inheritance-v2,delivery,2732.79081850057,9,"[93, 101, 76, 70, 108, 98, 106, 111, 74]","[0.1111111111111111, 0.1111111111111111, 0.1111111111111111, 0.1111111111111111, 0.1111111111111111, 0.1111111111111111, 0.1111111111111111, 0.1111111111111111, 0.1111111111111111]",31843.743956410854,31843.743956410854,2103.9375103654456,10519.68755182723,0.15711210000154097,1.8189894035458565e-12,289,0.0,0.02,0.8,0.0,0,0.0,False,08ad55a129c188b78a6bf379ee5514cf466d54acf150f52d0326740697aa261f
2025-04-25,114,6,q4_3,B0,FORMAL_BACKUP,q4-inheritance-v2,delivery,6013.535247318317,9,"[93, 101, 76, 70, 108, 98, 106, 111, 74]","[0.1111111111111111, 0.1111111111111111, 0.1111111111111111, 0.1111111111111111, 0.1111111111111111, 0.1111111111111111, 0.1111111111111111, 0.1111111111111111, 0.1111111111111111]",24984.308838976223,24984.308838976223,1599.1975208893264,7897.852955730258,0.11572609998984262,1.8189894035458565e-12,253,0.0,0.02,0.8,1.6271428648906294e-12,0,0.0,False,08ad55a129c188b78a6bf379ee5514cf466d54acf150f52d0326740697aa261f
2025-04-25,114,12,q4_3,B0,FORMAL_BACKUP,q4-inheritance-v2,delivery,10800.0,9,"[93, 101, 76, 70, 108, 98, 106, 111, 74]","[0.1111111111111111, 0.1111111111111111, 0.1111111111111111, 0.1111111111111111, 0.1111111111111111, 0.1111111111111111, 0.1111111111111111, 0.1111111111111111, 0.1111111111111111]",24566.23284617034,24566.23284617034,1174.9117128127682,5874.558564063842,0.0930716000002576,1.8189894035458565e-12,217,0.0,0.02,0.8,0.0,0,0.0,False,08ad55a129c188b78a6bf379ee5514cf466d54acf150f52d0326740697aa261f
2025-04-25,114,18,q4_3,B0,FORMAL_BACKUP,q4-inheritance-v2,delivery,10800.0,9,"[93, 101, 76, 70, 108, 98, 106, 111, 74]","[0.1111111111111111, 0.1111111111111111, 0.1111111111111111, 0.1111111111111111, 0.1111111111111111, 0.1111111111111111, 0.1111111111111111, 0.1111111111111111, 0.1111111111111111]",21855.41688103118,21855.41688103118,587.7936746908717,2938.968373454359,0.07998809999844525,1.8189894035458565e-12,181,0.0,0.02,0.8,0.0,0,0.0,False,08ad55a129c188b78a6bf379ee5514cf466d54acf150f52d0326740697aa261f
2025-04-26,115,0,q4_3,B0,FORMAL_BACKUP,q4-inheritance-v2,delivery,10334.264325188458,9,"[86, 101, 76, 83, 90, 94, 96, 112, 74]","[0.1111111111111111, 0.1111111111111111, 0.1111111111111111, 0.1111111111111111, 0.1111111111111111, 0.1111111111111111, 0.1111111111111111, 0.1111111111111111, 0.1111111111111111]",37692.68209727836,37692.68209727836,1368.873211936175,6844.366059680877,0.17584440000064205,1.8189894035458565e-12,289,0.0,0.02,0.8,0.0,0,0.0,False,08ad55a129c188b78a6bf379ee5514cf466d54acf150f52d0326740697aa261f
2025-04-26,115,6,q4_3,B0,FORMAL_BACKUP,q4-inheritance-v2,delivery,3807.47095717343,9,"[86, 101, 76, 83, 90, 94, 96, 112, 74]","[0.1111111111111111, 0.1111111111111111, 0.1111111111111111, 0.1111111111111111, 0.1111111111111111, 0.1111111111111111, 0.1111111111111111, 0.1111111111111111, 0.1111111111111111]",34241.16415179446,34241.16415179446,953.7231024374646,4768.615512187324,0.11702770000556484,1.8189894035458565e-12,253,0.0,0.02,0.8,1.4210854715202004e-12,0,0.0,False,08ad55a129c188b78a6bf379ee5514cf466d54acf150f52d0326740697aa261f
2025-04-26,115,12,q4_3,B0,FORMAL_BACKUP,q4-inheritance-v2,delivery,10800.0,9,"[86, 101, 76, 83, 90, 94, 96, 112, 74]","[0.1111111111111111, 0.1111111111111111, 0.1111111111111111, 0.1111111111111111, 0.1111111111111111, 0.1111111111111111, 0.1111111111111111, 0.1111111111111111, 0.1111111111111111]",35742.068256111605,35742.068256111605,1065.5138960603063,5327.569480301531,0.10749749999376945,1.8189894035458565e-12,217,0.0,0.02,0.8,5.684341886080802e-14,0,0.0,False,08ad55a129c188b78a6bf379ee5514cf466d54acf150f52d0326740697aa261f
2025-04-26,115,18,q4_3,B0,FORMAL_BACKUP,q4-inheritance-v2,delivery,10800.0,9,"[86, 101, 76, 83, 90, 94, 96, 112, 74]","[0.1111111111111111, 0.1111111111111111, 0.1111111111111111, 0.1111111111111111, 0.1111111111111111, 0.1111111111111111, 0.1111111111111111, 0.1111111111111111, 0.1111111111111111]",34091.098514607744,34091.098514607744,230.86389860552364,1154.3194930276186,0.054603300013695844,1.8189894035458565e-12,181,0.0,0.02,0.8,5.684341886080802e-14,0,0.0,False,08ad55a129c188b78a6bf379ee5514cf466d54acf150f52d0326740697aa261f
2025-04-27,116,0,q4_3,B0,FORMAL_BACKUP,q4-inheritance-v2,delivery,10451.381015740842,9,"[86, 101, 76, 83, 90, 94, 96, 112, 74]","[0.1111111111111111, 0.1111111111111111, 0.1111111111111111, 0.1111111111111111, 0.1111111111111111, 0.1111111111111111, 0.1111111111111111, 0.1111111111111111, 0.1111111111111111]",50642.34393977989,50642.34393977989,2400.6939929894847,12003.469964947424,0.17380129999946803,1.8189894035458565e-12,289,0.0,0.02,0.8,0.0,0,0.0,False,08ad55a129c188b78a6bf379ee5514cf466d54acf150f52d0326740697aa261f
2025-04-27,116,6,q4_3,B0,FORMAL_BACKUP,q4-inheritance-v2,delivery,4793.600752051826,9,"[86, 101, 76, 83, 90, 94, 96, 112, 74]","[0.1111111111111111, 0.1111111111111111, 0.1111111111111111, 0.1111111111111111, 0.1111111111111111, 0.1111111111111111, 0.1111111111111111, 0.1111111111111111, 0.1111111111111111]",46556.67905194871,46556.67905194871,3100.646585481709,15197.567140278146,0.08839160000206903,1.8189894035458565e-12,253,0.0,0.02,0.8,1177.3937852777801,0,0.0,False,08ad55a129c188b78a6bf379ee5514cf466d54acf150f52d0326740697aa261f
2025-04-27,116,12,q4_3,B0,FORMAL_BACKUP,q4-inheritance-v2,delivery,5829.52217460262,9,"[86, 101, 76, 83, 90, 94, 96, 112, 74]","[0.1111111111111111, 0.1111111111111111, 0.1111111111111111, 0.1111111111111111, 0.1111111111111111, 0.1111111111111111, 0.1111111111111111, 0.1111111111111111, 0.1111111111111111]",44175.73097385963,44175.73097385963,1968.7870423143258,9842.692253198082,0.09667379999882542,1.8189894035458565e-12,217,0.0,0.02,0.8,133.4320437777767,0,0.0,False,08ad55a129c188b78a6bf379ee5514cf466d54acf150f52d0326740697aa261f
2025-04-27,116,18,q4_3,B0,FORMAL_BACKUP,q4-inheritance-v2,delivery,9951.753347587184,9,"[86, 101, 76, 83, 90, 94, 96, 112, 74]","[0.1111111111111111, 0.1111111111111111, 0.1111111111111111, 0.1111111111111111, 0.1111111111111111, 0.1111111111111111, 0.1111111111111111, 0.1111111111111111, 0.1111111111111111]",46119.51328861878,46119.51328861878,843.4413865395359,4217.206932697681,0.0871393999987049,1.8189894035458565e-12,181,0.0,0.02,0.8,15.470542604634261,0,0.0,False,08ad55a129c188b78a6bf379ee5514cf466d54acf150f52d0326740697aa261f
2025-04-28,117,0,q4_3,B0,FORMAL_BACKUP,q4-inheritance-v2,delivery,4008.2717523414026,9,"[93, 101, 76, 83, 90, 94, 96, 112, 74]","[0.1111111111111111, 0.1111111111111111, 0.1111111111111111, 0.1111111111111111, 0.1111111111111111, 0.1111111111111111, 0.1111111111111111, 0.1111111111111111, 0.1111111111111111]",74179.94634121293,74179.94634121293,2615.0115610413022,13075.057805206512,0.20711930000106804,1.8189894035458565e-12,289,0.0,0.02,0.8,0.0,0,0.0,False,08ad55a129c188b78a6bf379ee5514cf466d54acf150f52d0326740697aa261f
2025-04-28,117,6,q4_3,B0,FORMAL_BACKUP,q4-inheritance-v2,delivery,10182.176467245597,9,"[93, 101, 76, 83, 90, 94, 96, 112, 74]","[0.1111111111111111, 0.1111111111111111, 0.1111111111111111, 0.1111111111111111, 0.1111111111111111, 0.1111111111111111, 0.1111111111111111, 0.1111111111111111, 0.1111111111111111]",62460.891593857916,62460.891593857916,2912.8368105349737,14458.744641166117,0.10203670000191778,1.8189894035458565e-12,253,0.0,0.02,0.8,226.77110388889366,0,0.0,False,08ad55a129c188b78a6bf379ee5514cf466d54acf150f52d0326740697aa261f
2025-04-28,117,12,q4_3,B0,FORMAL_BACKUP,q4-inheritance-v2,delivery,6367.723245234742,9,"[93, 101, 76, 83, 90, 94, 96, 112, 74]","[0.1111111111111111, 0.1111111111111111, 0.1111111111111111, 0.1111111111111111, 0.1111111111111111, 0.1111111111111111, 0.1111111111111111, 0.1111111111111111, 0.1111111111111111]",57982.51474498922,57982.51474498922,1005.3416087595186,5026.708043797595,0.07583960000192747,1.8189894035458565e-12,217,0.0,0.02,0.8,410.68220929012796,0,0.0,False,08ad55a129c188b78a6bf379ee5514cf466d54acf150f52d0326740697aa261f
2025-04-28,117,18,q4_3,B0,FORMAL_BACKUP,q4-inheritance-v2,delivery,10710.16511426506,9,"[93, 101, 76, 83, 90, 94, 96, 112, 74]","[0.1111111111111111, 0.1111111111111111, 0.1111111111111111, 0.1111111111111111, 0.1111111111111111, 0.1111111111111111, 0.1111111111111111, 0.1111111111111111, 0.1111111111111111]",49901.808435712956,49901.808435712956,13.147990236928505,65.73995118464254,0.06737020000582561,9.094947017729282e-13,181,0.0,0.02,0.8,0.0,0,0.0,False,08ad55a129c188b78a6bf379ee5514cf466d54acf150f52d0326740697aa261f
2025-04-29,118,0,q4_3,B0,FORMAL_BACKUP,q4-inheritance-v2,delivery,6194.266451205417,9,"[93, 101, 92, 103, 90, 94, 96, 112, 74]","[0.1111111111111111, 0.1111111111111111, 0.1111111111111111, 0.1111111111111111, 0.1111111111111111, 0.1111111111111111, 0.1111111111111111, 0.1111111111111111, 0.1111111111111111]",67642.44148042139,67642.44148042139,2367.7107409330292,11838.553704665146,0.16606029999093153,3.637978807091713e-12,289,0.0,0.02,0.8,0.0,0,0.0,False,08ad55a129c188b78a6bf379ee5514cf466d54acf150f52d0326740697aa261f
2025-04-29,118,6,q4_3,B0,FORMAL_BACKUP,q4-inheritance-v2,delivery,10194.301693887235,9,"[93, 101, 92, 103, 90, 94, 96, 112, 74]","[0.1111111111111111, 0.1111111111111111, 0.1111111111111111, 0.1111111111111111, 0.1111111111111111, 0.1111111111111111, 0.1111111111111111, 0.1111111111111111, 0.1111111111111111]",56544.62792044039,56544.62792044039,1935.4385050029668,9575.785362003438,0.09193879998929333,3.637978807091713e-12,253,0.0,0.02,0.8,340.7247630555586,0,0.0,False,08ad55a129c188b78a6bf379ee5514cf466d54acf150f52d0326740697aa261f
2025-04-29,118,12,q4_3,B0,FORMAL_BACKUP,q4-inheritance-v2,delivery,9941.728783455424,9,"[93, 101, 92, 103, 90, 94, 96, 112, 74]","[0.1111111111111111, 0.1111111111111111, 0.1111111111111111, 0.1111111111111111, 0.1111111111111111, 0.1111111111111111, 0.1111111111111111, 0.1111111111111111, 0.1111111111111111]",56260.12234253984,56260.12234253984,1895.1954335343466,9389.980495667003,0.0864846999902511,1.8189894035458565e-12,217,0.0,0.02,0.8,692.9640573333381,0,0.0,False,08ad55a129c188b78a6bf379ee5514cf466d54acf150f52d0326740697aa261f
2025-04-29,118,18,q4_3,B0,FORMAL_BACKUP,q4-inheritance-v2,delivery,10129.64698531093,9,"[93, 101, 92, 103, 90, 94, 96, 112, 74]","[0.1111111111111111, 0.1111111111111111, 0.1111111111111111, 0.1111111111111111, 0.1111111111111111, 0.1111111111111111, 0.1111111111111111, 0.1111111111111111, 0.1111111111111111]",51081.21859518312,51081.21859518312,425.6127554658133,2128.063777329067,0.06770879999385215,9.094947017729282e-13,181,0.0,0.02,0.8,0.0,0,0.0,False,08ad55a129c188b78a6bf379ee5514cf466d54acf150f52d0326740697aa261f
2025-04-30,119,0,q4_3,B0,FORMAL_BACKUP,q4-inheritance-v2,delivery,5308.79864918786,9,"[93, 101, 92, 103, 90, 94, 96, 112, 102]","[0.1111111111111111, 0.1111111111111111, 0.1111111111111111, 0.1111111111111111, 0.1111111111111111, 0.1111111111111111, 0.1111111111111111, 0.1111111111111111, 0.1111111111111111]",65772.16930440458,65772.16930440458,3348.7315355684386,16743.657677842195,0.17669089999981225,1.8189894035458565e-12,289,0.0,0.02,0.8,0.0,0,0.0,False,08ad55a129c188b78a6bf379ee5514cf466d54acf150f52d0326740697aa261f
2025-04-30,119,6,q4_3,B0,FORMAL_BACKUP,q4-inheritance-v2,delivery,7201.094217795389,9,"[93, 101, 92, 103, 90, 94, 96, 112, 102]","[0.1111111111111111, 0.1111111111111111, 0.1111111111111111, 0.1111111111111111, 0.1111111111111111, 0.1111111111111111, 0.1111111111111111, 0.1111111111111111, 0.1111111111111111]",57034.49660829769,57034.49660829769,4416.235046145396,22078.003093482144,0.10277749999659136,1.8189894035458565e-12,253,0.0,0.02,0.8,3.225864020350855e-12,0,0.0,False,08ad55a129c188b78a6bf379ee5514cf466d54acf150f52d0326740697aa261f
2025-04-30,119,12,q4_3,B0,FORMAL_BACKUP,q4-inheritance-v2,delivery,4686.886294138029,9,"[93, 101, 92, 103, 90, 94, 96, 112, 102]","[0.1111111111111111, 0.1111111111111111, 0.1111111111111111, 0.1111111111111111, 0.1111111111111111, 0.1111111111111111, 0.1111111111111111, 0.1111111111111111, 0.1111111111111111]",55398.2181265938,55398.2181265938,2153.7825408159547,10768.912704079776,0.08529269999417011,9.094947017729282e-13,217,0.0,0.02,0.8,0.0,0,0.0,False,08ad55a129c188b78a6bf379ee5514cf466d54acf150f52d0326740697aa261f
2025-04-30,119,18,q4_3,B0,FORMAL_BACKUP,q4-inheritance-v2,delivery,10633.673708026196,9,"[93, 101, 92, 103, 90, 94, 96, 112, 102]","[0.1111111111111111, 0.1111111111111111, 0.1111111111111111, 0.1111111111111111, 0.1111111111111111, 0.1111111111111111, 0.1111111111111111, 0.1111111111111111, 0.1111111111111111]",45004.04852786558,45004.04852786558,386.108968941634,1930.5448447081703,0.061075400008121505,1.8189894035458565e-12,181,0.0,0.02,0.8,1.1368683772161603e-13,0,0.0,False,08ad55a129c188b78a6bf379ee5514cf466d54acf150f52d0326740697aa261f
2025-05-01,120,0,q4_3,B0,FORMAL_BACKUP,q4-inheritance-v2,delivery,7122.781556843849,9,"[93, 101, 92, 103, 90, 94, 96, 112, 102]","[0.1111111111111111, 0.1111111111111111, 0.1111111111111111, 0.1111111111111111, 0.1111111111111111, 0.1111111111111111, 0.1111111111111111, 0.1111111111111111, 0.1111111111111111]",48658.72349963953,48658.72349963953,3726.726239012014,18633.631195060076,0.17116820000228472,1.8189894035458565e-12,289,0.0,0.02,0.8,0.0,0,0.0,False,08ad55a129c188b78a6bf379ee5514cf466d54acf150f52d0326740697aa261f
2025-05-01,120,6,q4_3,B0,FORMAL_BACKUP,q4-inheritance-v2,delivery,9042.01663568343,9,"[93, 101, 92, 103, 90, 94, 96, 112, 102]","[0.1111111111111111, 0.1111111111111111, 0.1111111111111111, 0.1111111111111111, 0.1111111111111111, 0.1111111111111111, 0.1111111111111111, 0.1111111111111111, 0.1111111111111111]",39971.121392755194,39971.121392755194,4697.887615836316,23183.369597909597,0.12751370000478346,1.8189894035458565e-12,253,0.0,0.02,0.8,887.836590306873,0,0.0,False,08ad55a129c188b78a6bf379ee5514cf466d54acf150f52d0326740697aa261f
2025-05-01,120,12,q4_3,B0,FORMAL_BACKUP,q4-inheritance-v2,delivery,6804.161806342788,9,"[93, 101, 92, 103, 90, 94, 96, 112, 102]","[0.1111111111111111, 0.1111111111111111, 0.1111111111111111, 0.1111111111111111, 0.1111111111111111, 0.1111111111111111, 0.1111111111111111, 0.1111111111111111, 0.1111111111111111]",37321.19897349423,37321.19897349423,2537.3772380057803,12605.38787222459,0.106428799990681,1.8189894035458565e-12,217,0.0,0.02,0.8,992.628223232789,0,0.0,False,08ad55a129c188b78a6bf379ee5514cf466d54acf150f52d0326740697aa261f
2025-05-01,120,18,q4_3,B0,FORMAL_BACKUP,q4-inheritance-v2,delivery,10318.393799513733,9,"[93, 101, 92, 103, 90, 94, 96, 112, 102]","[0.1111111111111111, 0.1111111111111111, 0.1111111111111111, 0.1111111111111111, 0.1111111111111111, 0.1111111111111111, 0.1111111111111111, 0.1111111111111111, 0.1111111111111111]",28732.93503224378,28732.93503224378,1202.2659472393332,6011.329736196667,0.0886361000011675,1.8189894035458565e-12,181,0.0,0.02,0.8,5.684341886080802e-14,0,0.0,False,08ad55a129c188b78a6bf379ee5514cf466d54acf150f52d0326740697aa261f
2025-05-02,121,0,q4_3,B0,FORMAL_BACKUP,q4-inheritance-v2,delivery,2013.5559561896798,9,"[93, 101, 85, 115, 84, 118, 96, 112, 102]","[0.1111111111111111, 0.1111111111111111, 0.1111111111111111, 0.1111111111111111, 0.1111111111111111, 0.1111111111111111, 0.1111111111111111, 0.1111111111111111, 0.1111111111111111]",35216.68024217966,35216.68024217966,2527.9198389364174,12639.59919468209,0.18454650000785477,3.637978807091713e-12,289,0.0,0.02,0.8,0.0,0,0.0,False,08ad55a129c188b78a6bf379ee5514cf466d54acf150f52d0326740697aa261f
2025-05-02,121,6,q4_3,B0,FORMAL_BACKUP,q4-inheritance-v2,delivery,7548.216002336176,9,"[93, 101, 85, 115, 84, 118, 96, 112, 102]","[0.1111111111111111, 0.1111111111111111, 0.1111111111111111, 0.1111111111111111, 0.1111111111111111, 0.1111111111111111, 0.1111111111111111, 0.1111111111111111, 0.1111111111111111]",28223.41300636238,28223.41300636238,2236.859298165912,11184.296490829563,0.11940509999112692,1.8189894035458565e-12,253,0.0,0.02,0.8,2.248867758680717e-12,0,0.0,False,08ad55a129c188b78a6bf379ee5514cf466d54acf150f52d0326740697aa261f
2025-05-02,121,12,q4_3,B0,FORMAL_BACKUP,q4-inheritance-v2,delivery,10800.0,9,"[93, 101, 85, 115, 84, 118, 96, 112, 102]","[0.1111111111111111, 0.1111111111111111, 0.1111111111111111, 0.1111111111111111, 0.1111111111111111, 0.1111111111111111, 0.1111111111111111, 0.1111111111111111, 0.1111111111111111]",27061.319254038004,27061.319254038004,1526.119093806936,7630.595469034682,0.07412119999935385,1.8189894035458565e-12,217,0.0,0.02,0.8,1786.3104770141258,0,0.0,False,08ad55a129c188b78a6bf379ee5514cf466d54acf150f52d0326740697aa261f
2025-05-02,121,18,q4_3,B0,FORMAL_BACKUP,q4-inheritance-v2,delivery,10800.0,9,"[93, 101, 85, 115, 84, 118, 96, 112, 102]","[0.1111111111111111, 0.1111111111111111, 0.1111111111111111, 0.1111111111111111, 0.1111111111111111, 0.1111111111111111, 0.1111111111111111, 0.1111111111111111, 0.1111111111111111]",23038.919601142523,23038.919601142523,896.922526496487,4484.612632482435,0.06321389999357052,9.094947017729282e-13,181,0.0,0.02,0.8,5.684341886080802e-14,0,0.0,False,08ad55a129c188b78a6bf379ee5514cf466d54acf150f52d0326740697aa261f
2025-05-03,122,0,q4_3,B0,FORMAL_BACKUP,q4-inheritance-v2,delivery,8361.951888355105,9,"[93, 101, 85, 115, 84, 118, 96, 112, 102]","[0.1111111111111111, 0.1111111111111111, 0.1111111111111111, 0.1111111111111111, 0.1111111111111111, 0.1111111111111111, 0.1111111111111111, 0.1111111111111111, 0.1111111111111111]",39292.70817573831,39292.70817573831,1767.8409903288887,8839.204951644444,0.18622760000289418,1.8189894035458565e-12,289,0.0,0.02,0.8,0.0,0,0.0,False,08ad55a129c188b78a6bf379ee5514cf466d54acf150f52d0326740697aa261f
2025-05-03,122,6,q4_3,B0,FORMAL_BACKUP,q4-inheritance-v2,delivery,4380.096298562905,9,"[93, 101, 85, 115, 84, 118, 96, 112, 102]","[0.1111111111111111, 0.1111111111111111, 0.1111111111111111, 0.1111111111111111, 0.1111111111111111, 0.1111111111111111, 0.1111111111111111, 0.1111111111111111, 0.1111111111111111]",35553.730666642645,35553.730666642645,1452.5213712582329,7262.606856291166,0.12060340000607539,1.8189894035458565e-12,253,0.0,0.02,0.8,2.19912976717751e-12,0,0.0,False,08ad55a129c188b78a6bf379ee5514cf466d54acf150f52d0326740697aa261f
2025-05-03,122,12,q4_3,B0,FORMAL_BACKUP,q4-inheritance-v2,delivery,10800.0,9,"[93, 101, 85, 115, 84, 118, 96, 112, 102]","[0.1111111111111111, 0.1111111111111111, 0.1111111111111111, 0.1111111111111111, 0.1111111111111111, 0.1111111111111111, 0.1111111111111111, 0.1111111111111111, 0.1111111111111111]",35226.46360750142,35226.46360750142,1323.52146556996,6617.607327849801,0.10363030000007711,1.8189894035458565e-12,217,0.0,0.02,0.8,0.0,0,0.0,False,08ad55a129c188b78a6bf379ee5514cf466d54acf150f52d0326740697aa261f
2025-05-03,122,18,q4_3,B0,FORMAL_BACKUP,q4-inheritance-v2,delivery,10800.0,9,"[93, 101, 85, 115, 84, 118, 96, 112, 102]","[0.1111111111111111, 0.1111111111111111, 0.1111111111111111, 0.1111111111111111, 0.1111111111111111, 0.1111111111111111, 0.1111111111111111, 0.1111111111111111, 0.1111111111111111]",30763.09959888371,30763.09959888371,473.14734828646243,2365.7367414323126,0.07775860000401735,9.094947017729282e-13,181,0.0,0.02,0.8,0.0,0,0.0,False,08ad55a129c188b78a6bf379ee5514cf466d54acf150f52d0326740697aa261f
2025-05-04,123,0,q4_3,B0,FORMAL_BACKUP,q4-inheritance-v2,delivery,8642.880907128874,9,"[93, 101, 85, 115, 84, 118, 119, 112, 102]","[0.1111111111111111, 0.1111111111111111, 0.1111111111111111, 0.1111111111111111, 0.1111111111111111, 0.1111111111111111, 0.1111111111111111, 0.1111111111111111, 0.1111111111111111]",55112.5771747153,55112.5771747153,3255.693698429299,16278.468492146498,0.23481179999362212,3.637978807091713e-12,289,0.0,0.02,0.8,0.0,0,0.0,False,08ad55a129c188b78a6bf379ee5514cf466d54acf150f52d0326740697aa261f
2025-05-04,123,6,q4_3,B0,FORMAL_BACKUP,q4-inheritance-v2,delivery,4379.167212455843,9,"[93, 101, 85, 115, 84, 118, 119, 112, 102]","[0.1111111111111111, 0.1111111111111111, 0.1111111111111111, 0.1111111111111111, 0.1111111111111111, 0.1111111111111111, 0.1111111111111111, 0.1111111111111111, 0.1111111111111111]",48519.087567676994,48519.087567676994,3189.8161279852893,15930.931434638158,0.12300389999290928,1.8189894035458565e-12,253,0.0,0.02,0.8,256.580296759261,0,0.0,False,08ad55a129c188b78a6bf379ee5514cf466d54acf150f52d0326740697aa261f
2025-05-04,123,12,q4_3,B0,FORMAL_BACKUP,q4-inheritance-v2,delivery,5001.230139089035,9,"[93, 101, 85, 115, 84, 118, 119, 112, 102]","[0.1111111111111111, 0.1111111111111111, 0.1111111111111111, 0.1111111111111111, 0.1111111111111111, 0.1111111111111111, 0.1111111111111111, 0.1111111111111111, 0.1111111111111111]",46781.004735798066,46781.004735798066,1439.379522364539,7196.897611822697,0.09789090001140721,1.8189894035458565e-12,217,0.0,0.02,0.8,119.27422499999966,0,0.0,False,08ad55a129c188b78a6bf379ee5514cf466d54acf150f52d0326740697aa261f
2025-05-04,123,18,q4_3,B0,FORMAL_BACKUP,q4-inheritance-v2,delivery,10030.629347831788,9,"[93, 101, 85, 115, 84, 118, 119, 112, 102]","[0.1111111111111111, 0.1111111111111111, 0.1111111111111111, 0.1111111111111111, 0.1111111111111111, 0.1111111111111111, 0.1111111111111111, 0.1111111111111111, 0.1111111111111111]",46355.66009664448,46355.66009664448,768.0915617592042,3840.4578087960217,0.054558799994993024,1.8189894035458565e-12,181,0.0,0.02,0.8,2.2737367544323206e-13,0,0.0,False,08ad55a129c188b78a6bf379ee5514cf466d54acf150f52d0326740697aa261f
2025-05-05,124,0,q4_3,B0,FORMAL_BACKUP,q4-inheritance-v2,delivery,6137.412472042178,9,"[121, 101, 85, 115, 84, 118, 119, 112, 102]","[0.1111111111111111, 0.1111111111111111, 0.1111111111111111, 0.1111111111111111, 0.1111111111111111, 0.1111111111111111, 0.1111111111111111, 0.1111111111111111, 0.1111111111111111]",73008.00437240538,73008.00437240538,3780.0586080901735,18900.293040450873,0.16505019999749493,1.8189894035458565e-12,289,0.0,0.02,0.8,0.0,0,0.0,False,08ad55a129c188b78a6bf379ee5514cf466d54acf150f52d0326740697aa261f
2025-05-05,124,6,q4_3,B0,FORMAL_BACKUP,q4-inheritance-v2,delivery,10800.0,9,"[121, 101, 85, 115, 84, 118, 119, 112, 102]","[0.1111111111111111, 0.1111111111111111, 0.1111111111111111, 0.1111111111111111, 0.1111111111111111, 0.1111111111111111, 0.1111111111111111, 0.1111111111111111, 0.1111111111111111]",61258.08862767629,61258.08862767629,3561.5199786217718,17807.59989310886,0.10511689999839291,1.8189894035458565e-12,253,0.0,0.02,0.8,4.352074256530614e-12,0,0.0,False,08ad55a129c188b78a6bf379ee5514cf466d54acf150f52d0326740697aa261f
2025-05-05,124,12,q4_3,B0,FORMAL_BACKUP,q4-inheritance-v2,delivery,7348.881812371418,9,"[121, 101, 85, 115, 84, 118, 119, 112, 102]","[0.1111111111111111, 0.1111111111111111, 0.1111111111111111, 0.1111111111111111, 0.1111111111111111, 0.1111111111111111, 0.1111111111111111, 0.1111111111111111, 0.1111111111111111]",57125.98396884558,57125.98396884558,860.6955257876998,4303.4776289385,0.11008110000693705,1.8189894035458565e-12,217,0.0,0.02,0.8,412.0689372839571,0,0.0,False,08ad55a129c188b78a6bf379ee5514cf466d54acf150f52d0326740697aa261f
2025-05-05,124,18,q4_3,B0,FORMAL_BACKUP,q4-inheritance-v2,delivery,10721.058163645801,9,"[121, 101, 85, 115, 84, 118, 119, 112, 102]","[0.1111111111111111, 0.1111111111111111, 0.1111111111111111, 0.1111111111111111, 0.1111111111111111, 0.1111111111111111, 0.1111111111111111, 0.1111111111111111, 0.1111111111111111]",45621.25717656404,45621.25717656404,178.78899174661095,893.9449587330549,0.08624289999715984,9.094947017729282e-13,181,0.0,0.02,0.8,1.1368683772161603e-13,0,0.0,False,08ad55a129c188b78a6bf379ee5514cf466d54acf150f52d0326740697aa261f
2025-05-06,125,0,q4_3,B0,FORMAL_BACKUP,q4-inheritance-v2,delivery,5323.661938645932,9,"[121, 101, 82, 97, 84, 118, 119, 112, 102]","[0.1111111111111111, 0.1111111111111111, 0.1111111111111111, 0.1111111111111111, 0.1111111111111111, 0.1111111111111111, 0.1111111111111111, 0.1111111111111111, 0.1111111111111111]",66898.54690208014,66898.54690208014,3164.681728405183,15823.40864202592,0.199309000003268,9.094947017729282e-13,289,0.0,0.02,0.8,0.0,0,0.0,False,08ad55a129c188b78a6bf379ee5514cf466d54acf150f52d0326740697aa261f
2025-05-06,125,6,q4_3,B0,FORMAL_BACKUP,q4-inheritance-v2,delivery,7295.172310306537,9,"[121, 101, 82, 97, 84, 118, 119, 112, 102]","[0.1111111111111111, 0.1111111111111111, 0.1111111111111111, 0.1111111111111111, 0.1111111111111111, 0.1111111111111111, 0.1111111111111111, 0.1111111111111111, 0.1111111111111111]",60657.691515964885,60657.691515964885,4969.795436990768,24792.38937860827,0.12438280000060331,7.275957614183426e-12,253,0.0,0.02,0.8,1538.979713000004,0,0.0,False,08ad55a129c188b78a6bf379ee5514cf466d54acf150f52d0326740697aa261f
2025-05-06,125,12,q4_3,B0,FORMAL_BACKUP,q4-inheritance-v2,delivery,4944.800921476981,9,"[121, 101, 82, 97, 84, 118, 119, 112, 102]","[0.1111111111111111, 0.1111111111111111, 0.1111111111111111, 0.1111111111111111, 0.1111111111111111, 0.1111111111111111, 0.1111111111111111, 0.1111111111111111, 0.1111111111111111]",63276.16183487235,63276.16183487235,2507.598303323854,12537.991516619273,0.10723340000549797,7.275957614183426e-12,217,0.0,0.02,0.8,3.410605131648481e-13,0,0.0,False,08ad55a129c188b78a6bf379ee5514cf466d54acf150f52d0326740697aa261f
2025-05-06,125,18,q4_3,B0,FORMAL_BACKUP,q4-inheritance-v2,delivery,9993.745382867202,9,"[121, 101, 82, 97, 84, 118, 119, 112, 102]","[0.1111111111111111, 0.1111111111111111, 0.1111111111111111, 0.1111111111111111, 0.1111111111111111, 0.1111111111111111, 0.1111111111111111, 0.1111111111111111, 0.1111111111111111]",47643.50622562992,47643.50622562992,639.5577885791781,3197.7889428958915,0.08084119998966344,9.094947017729282e-13,181,0.0,0.02,0.8,1.1368683772161603e-13,0,0.0,False,08ad55a129c188b78a6bf379ee5514cf466d54acf150f52d0326740697aa261f
2025-05-07,126,0,q4_3,B0,FORMAL_BACKUP,q4-inheritance-v2,delivery,5728.181148732807,9,"[121, 101, 82, 97, 84, 118, 119, 112, 102]","[0.1111111111111111, 0.1111111111111111, 0.1111111111111111, 0.1111111111111111, 0.1111111111111111, 0.1111111111111111, 0.1111111111111111, 0.1111111111111111, 0.1111111111111111]",70756.76695066686,70756.76695066686,3363.0482002203908,16815.241001101956,0.20912529999623075,3.637978807091713e-12,289,0.0,0.02,0.8,0.0,0,0.0,False,08ad55a129c188b78a6bf379ee5514cf466d54acf150f52d0326740697aa261f
2025-05-07,126,6,q4_3,B0,FORMAL_BACKUP,q4-inheritance-v2,delivery,9916.583626690242,9,"[121, 101, 82, 97, 84, 118, 119, 112, 102]","[0.1111111111111111, 0.1111111111111111, 0.1111111111111111, 0.1111111111111111, 0.1111111111111111, 0.1111111111111111, 0.1111111111111111, 0.1111111111111111, 0.1111111111111111]",62654.60601976997,62654.60601976997,5432.173538044593,27018.029656370138,0.12830479998956434,1.8189894035458565e-12,253,0.0,0.02,0.8,3.163691530971846e-12,0,0.0,False,08ad55a129c188b78a6bf379ee5514cf466d54acf150f52d0326740697aa261f
2025-05-07,126,12,q4_3,B0,FORMAL_BACKUP,q4-inheritance-v2,delivery,5769.303516016428,9,"[121, 101, 82, 97, 84, 118, 119, 112, 102]","[0.1111111111111111, 0.1111111111111111, 0.1111111111111111, 0.1111111111111111, 0.1111111111111111, 0.1111111111111111, 0.1111111111111111, 0.1111111111111111, 0.1111111111111111]",63992.02563788681,63992.02563788681,2766.598135856928,13832.99067928464,0.1076418000011472,1.8189894035458565e-12,217,0.0,0.02,0.8,0.0,0,0.0,False,08ad55a129c188b78a6bf379ee5514cf466d54acf150f52d0326740697aa261f
2025-05-07,126,18,q4_3,B0,FORMAL_BACKUP,q4-inheritance-v2,delivery,9803.26706909484,9,"[121, 101, 82, 97, 84, 118, 119, 112, 102]","[0.1111111111111111, 0.1111111111111111, 0.1111111111111111, 0.1111111111111111, 0.1111111111111111, 0.1111111111111111, 0.1111111111111111, 0.1111111111111111, 0.1111111111111111]",48836.60729755556,48836.60729755556,995.0423215298308,4975.211607649155,0.08205779999843799,1.8189894035458565e-12,181,0.0,0.02,0.8,1.1368683772161603e-13,0,0.0,False,08ad55a129c188b78a6bf379ee5514cf466d54acf150f52d0326740697aa261f
2025-05-08,127,0,q4_3,B0,FORMAL_BACKUP,q4-inheritance-v2,delivery,6908.052650728286,9,"[121, 101, 83, 122, 91, 104, 119, 112, 102]","[0.1111111111111111, 0.1111111111111111, 0.1111111111111111, 0.1111111111111111, 0.1111111111111111, 0.1111111111111111, 0.1111111111111111, 0.1111111111111111, 0.1111111111111111]",58641.450972832994,58641.450972832994,3781.6636179827005,18908.318089913504,0.2643891000043368,1.8189894035458565e-12,289,0.0,0.02,0.8,0.0,0,0.0,False,08ad55a129c188b78a6bf379ee5514cf466d54acf150f52d0326740697aa261f
2025-05-08,127,6,q4_3,B0,FORMAL_BACKUP,q4-inheritance-v2,delivery,10800.0,9,"[121, 101, 83, 122, 91, 104, 119, 112, 102]","[0.1111111111111111, 0.1111111111111111, 0.1111111111111111, 0.1111111111111111, 0.1111111111111111, 0.1111111111111111, 0.1111111111111111, 0.1111111111111111, 0.1111111111111111]",47606.01175498144,47606.01175498144,3353.405129662713,16767.02564831357,0.12151840000296943,1.8189894035458565e-12,253,0.0,0.02,0.8,258.91483333333656,0,0.0,False,08ad55a129c188b78a6bf379ee5514cf466d54acf150f52d0326740697aa261f
2025-05-08,127,12,q4_3,B0,FORMAL_BACKUP,q4-inheritance-v2,delivery,9018.636540537036,9,"[121, 101, 83, 122, 91, 104, 119, 112, 102]","[0.1111111111111111, 0.1111111111111111, 0.1111111111111111, 0.1111111111111111, 0.1111111111111111, 0.1111111111111111, 0.1111111111111111, 0.1111111111111111, 0.1111111111111111]",46328.53487751566,46328.53487751566,2286.3413726466324,11431.706863233163,0.11021030000119936,1.0913936421275139e-11,217,0.0,0.02,0.8,2656.2570066666694,0,0.0,False,08ad55a129c188b78a6bf379ee5514cf466d54acf150f52d0326740697aa261f
2025-05-08,127,18,q4_3,B0,FORMAL_BACKUP,q4-inheritance-v2,delivery,10282.183747394909,9,"[121, 101, 83, 122, 91, 104, 119, 112, 102]","[0.1111111111111111, 0.1111111111111111, 0.1111111111111111, 0.1111111111111111, 0.1111111111111111, 0.1111111111111111, 0.1111111111111111, 0.1111111111111111, 0.1111111111111111]",34900.08223983485,34900.08223983485,827.6327215128034,4138.163607564017,0.08496439999726135,1.8189894035458565e-12,181,0.0,0.02,0.8,0.0,0,0.0,False,08ad55a129c188b78a6bf379ee5514cf466d54acf150f52d0326740697aa261f
2025-05-09,128,0,q4_3,B0,FORMAL_BACKUP,q4-inheritance-v2,delivery,2576.7973907437763,9,"[121, 101, 103, 110, 117, 124, 89, 125, 102]","[0.1111111111111111, 0.1111111111111111, 0.1111111111111111, 0.1111111111111111, 0.1111111111111111, 0.1111111111111111, 0.1111111111111111, 0.1111111111111111, 0.1111111111111111]",39083.64252464724,39083.64252464724,2050.3671574896784,10251.835787448395,0.18875610000395682,1.8189894035458565e-12,289,0.0,0.02,0.8,0.0,0,0.0,False,08ad55a129c188b78a6bf379ee5514cf466d54acf150f52d0326740697aa261f
2025-05-09,128,6,q4_3,B0,FORMAL_BACKUP,q4-inheritance-v2,delivery,7976.258510306044,9,"[121, 101, 103, 110, 117, 124, 89, 125, 102]","[0.1111111111111111, 0.1111111111111111, 0.1111111111111111, 0.1111111111111111, 0.1111111111111111, 0.1111111111111111, 0.1111111111111111, 0.1111111111111111, 0.1111111111111111]",31316.672624145293,31316.672624145293,1210.4270351036062,6011.729609921734,0.11883159998978954,1.8189894035458565e-12,253,0.0,0.02,0.8,2588.495173143755,0,0.0,False,08ad55a129c188b78a6bf379ee5514cf466d54acf150f52d0326740697aa261f
2025-05-09,128,12,q4_3,B0,FORMAL_BACKUP,q4-inheritance-v2,delivery,10800.0,9,"[121, 101, 103, 110, 117, 124, 89, 125, 102]","[0.1111111111111111, 0.1111111111111111, 0.1111111111111111, 0.1111111111111111, 0.1111111111111111, 0.1111111111111111, 0.1111111111111111, 0.1111111111111111, 0.1111111111111111]",31459.023325883994,31459.023325883994,1165.8683336931508,5761.474075348116,0.10340150000411086,1.8189894035458565e-12,217,0.0,0.02,0.8,486.8150775802453,0,0.0,False,08ad55a129c188b78a6bf379ee5514cf466d54acf150f52d0326740697aa261f
2025-05-09,128,18,q4_3,B0,FORMAL_BACKUP,q4-inheritance-v2,delivery,10800.0,9,"[121, 101, 103, 110, 117, 124, 89, 125, 102]","[0.1111111111111111, 0.1111111111111111, 0.1111111111111111, 0.1111111111111111, 0.1111111111111111, 0.1111111111111111, 0.1111111111111111, 0.1111111111111111, 0.1111111111111111]",27408.830458916564,27408.830458916564,232.54062538716983,1162.7031269358492,0.08188239998708013,1.8189894035458565e-12,181,0.0,0.02,0.8,5.684341886080802e-14,0,0.0,False,08ad55a129c188b78a6bf379ee5514cf466d54acf150f52d0326740697aa261f
2025-05-10,129,0,q4_3,B0,FORMAL_BACKUP,q4-inheritance-v2,delivery,7254.397077552188,9,"[121, 101, 103, 110, 105, 106, 120, 125, 102]","[0.1111111111111111, 0.1111111111111111, 0.1111111111111111, 0.1111111111111111, 0.1111111111111111, 0.1111111111111111, 0.1111111111111111, 0.1111111111111111, 0.1111111111111111]",41897.01310569852,41897.01310569852,1033.0375170723871,5165.187585361937,0.18569379999826197,1.8189894035458565e-12,289,0.0,0.02,0.8,0.0,0,0.0,False,08ad55a129c188b78a6bf379ee5514cf466d54acf150f52d0326740697aa261f
2025-05-10,129,6,q4_3,B0,FORMAL_BACKUP,q4-inheritance-v2,delivery,5395.1027885004905,9,"[121, 101, 103, 110, 105, 106, 120, 125, 102]","[0.1111111111111111, 0.1111111111111111, 0.1111111111111111, 0.1111111111111111, 0.1111111111111111, 0.1111111111111111, 0.1111111111111111, 0.1111111111111111, 0.1111111111111111]",38562.13306090926,38562.13306090926,1212.875856712578,5999.507695323994,0.11398440001357812,3.637978807091713e-12,253,0.0,0.02,0.8,824.7144353055539,0,0.0,False,08ad55a129c188b78a6bf379ee5514cf466d54acf150f52d0326740697aa261f
2025-05-10,129,12,q4_3,B0,FORMAL_BACKUP,q4-inheritance-v2,delivery,10800.0,9,"[121, 101, 103, 110, 105, 106, 120, 125, 102]","[0.1111111111111111, 0.1111111111111111, 0.1111111111111111, 0.1111111111111111, 0.1111111111111111, 0.1111111111111111, 0.1111111111111111, 0.1111111111111111, 0.1111111111111111]",37935.0175387748,37935.0175387748,883.3885757464494,4370.294258712156,0.0805802999966545,1.8189894035458565e-12,217,0.0,0.02,0.8,400.73607669444317,0,0.0,False,08ad55a129c188b78a6bf379ee5514cf466d54acf150f52d0326740697aa261f
2025-05-10,129,18,q4_3,B0,FORMAL_BACKUP,q4-inheritance-v2,delivery,10800.0,9,"[121, 101, 103, 110, 105, 106, 120, 125, 102]","[0.1111111111111111, 0.1111111111111111, 0.1111111111111111, 0.1111111111111111, 0.1111111111111111, 0.1111111111111111, 0.1111111111111111, 0.1111111111111111, 0.1111111111111111]",42748.17321480412,42748.17321480412,37.6617385334561,188.30869266728055,0.07820070000889245,1.8189894035458565e-12,181,0.0,0.02,0.8,5.684341886080802e-14,0,0.0,False,08ad55a129c188b78a6bf379ee5514cf466d54acf150f52d0326740697aa261f
2025-05-11,130,0,q4_3,B0,FORMAL_BACKUP,q4-inheritance-v2,delivery,9894.748159786026,9,"[121, 101, 115, 99, 113, 106, 120, 125, 102]","[0.1111111111111111, 0.1111111111111111, 0.1111111111111111, 0.1111111111111111, 0.1111111111111111, 0.1111111111111111, 0.1111111111111111, 0.1111111111111111, 0.1111111111111111]",55945.21317066128,55945.21317066128,2671.115386009418,13355.576930047095,0.19522779999533668,1.8189894035458565e-12,289,0.0,0.02,0.8,0.0,0,0.0,False,08ad55a129c188b78a6bf379ee5514cf466d54acf150f52d0326740697aa261f
2025-05-11,130,6,q4_3,B0,FORMAL_BACKUP,q4-inheritance-v2,delivery,6466.101425313508,9,"[121, 101, 115, 99, 113, 106, 120, 125, 102]","[0.1111111111111111, 0.1111111111111111, 0.1111111111111111, 0.1111111111111111, 0.1111111111111111, 0.1111111111111111, 0.1111111111111111, 0.1111111111111111, 0.1111111111111111]",50467.848214480495,50467.848214480495,3834.4015665777138,19154.5524970063,0.10550349998811726,1.8189894035458565e-12,253,0.0,0.02,0.8,765.5508125,0,0.0,False,08ad55a129c188b78a6bf379ee5514cf466d54acf150f52d0326740697aa261f
2025-05-11,130,12,q4_3,B0,FORMAL_BACKUP,q4-inheritance-v2,delivery,3134.772878126782,9,"[121, 101, 115, 99, 113, 106, 120, 125, 102]","[0.1111111111111111, 0.1111111111111111, 0.1111111111111111, 0.1111111111111111, 0.1111111111111111, 0.1111111111111111, 0.1111111111111111, 0.1111111111111111, 0.1111111111111111]",48508.61561704467,48508.61561704467,2809.1446662603807,13797.23822701556,0.09715800000412855,1.8189894035458565e-12,217,0.0,0.02,0.8,1268.7891816221515,0,0.0,False,08ad55a129c188b78a6bf379ee5514cf466d54acf150f52d0326740697aa261f
2025-05-11,130,18,q4_3,B0,FORMAL_BACKUP,q4-inheritance-v2,delivery,7685.117758663591,9,"[121, 101, 115, 99, 113, 106, 120, 125, 102]","[0.1111111111111111, 0.1111111111111111, 0.1111111111111111, 0.1111111111111111, 0.1111111111111111, 0.1111111111111111, 0.1111111111111111, 0.1111111111111111, 0.1111111111111111]",47777.57651752547,47777.57651752547,1104.6260750915908,5049.117640020187,0.07914039999013767,1.8189894035458565e-12,181,0.0,0.02,0.8,2098.99141275,0,0.0,False,08ad55a129c188b78a6bf379ee5514cf466d54acf150f52d0326740697aa261f
2025-05-12,131,0,q4_3,B0,FORMAL_BACKUP,q4-inheritance-v2,delivery,2465.8207140351064,9,"[121, 101, 115, 99, 113, 106, 120, 125, 102]","[0.1111111111111111, 0.1111111111111111, 0.1111111111111111, 0.1111111111111111, 0.1111111111111111, 0.1111111111111111, 0.1111111111111111, 0.1111111111111111, 0.1111111111111111]",71243.22181896947,71243.22181896947,2793.9146121149315,13969.573060574661,0.21998779999557883,1.8189894035458565e-12,289,0.0,0.02,0.8,0.0,0,0.0,False,08ad55a129c188b78a6bf379ee5514cf466d54acf150f52d0326740697aa261f
2025-05-12,131,6,q4_3,B0,FORMAL_BACKUP,q4-inheritance-v2,delivery,7918.30368573594,9,"[121, 101, 115, 99, 113, 106, 120, 125, 102]","[0.1111111111111111, 0.1111111111111111, 0.1111111111111111, 0.1111111111111111, 0.1111111111111111, 0.1111111111111111, 0.1111111111111111, 0.1111111111111111, 0.1111111111111111]",65059.59278230394,65059.59278230394,4975.2371300625955,24716.104525863273,0.1299995999870589,7.275957614183426e-12,253,0.0,0.02,0.8,2285.4807082510247,0,0.0,False,08ad55a129c188b78a6bf379ee5514cf466d54acf150f52d0326740697aa261f
2025-05-12,131,12,q4_3,B0,FORMAL_BACKUP,q4-inheritance-v2,delivery,7049.58416035552,9,"[121, 101, 115, 99, 113, 106, 120, 125, 102]","[0.1111111111111111, 0.1111111111111111, 0.1111111111111111, 0.1111111111111111, 0.1111111111111111, 0.1111111111111111, 0.1111111111111111, 0.1111111111111111, 0.1111111111111111]",59003.663584723894,59003.663584723894,2370.2832498992752,11629.562947504044,0.1111448999872664,1.8189894035458565e-12,217,0.0,0.02,0.8,1470.2367284547304,0,0.0,False,08ad55a129c188b78a6bf379ee5514cf466d54acf150f52d0326740697aa261f
2025-05-12,131,18,q4_3,B0,FORMAL_BACKUP,q4-inheritance-v2,delivery,10208.68936941524,9,"[121, 101, 115, 99, 113, 106, 120, 125, 102]","[0.1111111111111111, 0.1111111111111111, 0.1111111111111111, 0.1111111111111111, 0.1111111111111111, 0.1111111111111111, 0.1111111111111111, 0.1111111111111111, 0.1111111111111111]",52877.306007628795,52877.306007628795,518.3603639574183,2444.8286320171246,0.08558020000054967,1.8189894035458565e-12,181,0.0,0.02,0.8,110.71139305555505,0,0.0,False,08ad55a129c188b78a6bf379ee5514cf466d54acf150f52d0326740697aa261f
2025-05-13,132,0,q4_3,B0,FORMAL_BACKUP,q4-inheritance-v2,delivery,5444.528910304547,9,"[121, 101, 115, 99, 113, 106, 120, 125, 102]","[0.1111111111111111, 0.1111111111111111, 0.1111111111111111, 0.1111111111111111, 0.1111111111111111, 0.1111111111111111, 0.1111111111111111, 0.1111111111111111, 0.1111111111111111]",74862.88388722071,74862.88388722071,2968.0444118051896,14840.222059025951,0.20235459999821614,3.637978807091713e-12,289,0.0,0.02,0.8,0.0,0,0.0,False,08ad55a129c188b78a6bf379ee5514cf466d54acf150f52d0326740697aa261f
2025-05-13,132,6,q4_3,B0,FORMAL_BACKUP,q4-inheritance-v2,delivery,10781.818145233621,9,"[121, 101, 115, 99, 113, 106, 120, 125, 102]","[0.1111111111111111, 0.1111111111111111, 0.1111111111111111, 0.1111111111111111, 0.1111111111111111, 0.1111111111111111, 0.1111111111111111, 0.1111111111111111, 0.1111111111111111]",63466.281740503015,63466.281740503015,2487.6871404578505,12420.465302695551,0.1335343999962788,1.8189894035458565e-12,253,0.0,0.02,0.8,3860.4830978315586,0,0.0,False,08ad55a129c188b78a6bf379ee5514cf466d54acf150f52d0326740697aa261f
2025-05-13,132,12,q4_3,B0,FORMAL_BACKUP,q4-inheritance-v2,delivery,9378.763418520475,9,"[121, 101, 115, 99, 113, 106, 120, 125, 102]","[0.1111111111111111, 0.1111111111111111, 0.1111111111111111, 0.1111111111111111, 0.1111111111111111, 0.1111111111111111, 0.1111111111111111, 0.1111111111111111, 0.1111111111111111]",64167.854502057715,64167.854502057715,2168.824459325466,10634.280346563934,0.11084130000381265,1.8189894035458565e-12,217,0.0,0.02,0.8,3571.570002861105,0,0.0,False,08ad55a129c188b78a6bf379ee5514cf466d54acf150f52d0326740697aa261f
2025-05-13,132,18,q4_3,B0,FORMAL_BACKUP,q4-inheritance-v2,delivery,10333.694102138843,9,"[121, 101, 115, 99, 113, 106, 120, 125, 102]","[0.1111111111111111, 0.1111111111111111, 0.1111111111111111, 0.1111111111111111, 0.1111111111111111, 0.1111111111111111, 0.1111111111111111, 0.1111111111111111, 0.1111111111111111]",50879.397718643115,50879.397718643115,403.830304077995,1891.5294982717994,0.08288879999599885,1.8189894035458565e-12,181,0.0,0.02,0.8,29.12562944444454,0,0.0,False,08ad55a129c188b78a6bf379ee5514cf466d54acf150f52d0326740697aa261f
2025-05-14,133,0,q4_3,B0,FORMAL_BACKUP,q4-inheritance-v2,delivery,4928.374083399565,9,"[121, 101, 115, 99, 113, 106, 120, 125, 109]","[0.1111111111111111, 0.1111111111111111, 0.1111111111111111, 0.1111111111111111, 0.1111111111111111, 0.1111111111111111, 0.1111111111111111, 0.1111111111111111, 0.1111111111111111]",75339.89376817859,75339.89376817859,3391.8224131024413,16959.112065512207,0.1911508000048343,1.8189894035458565e-12,289,0.0,0.02,0.8,0.0,0,0.0,False,08ad55a129c188b78a6bf379ee5514cf466d54acf150f52d0326740697aa261f
2025-05-14,133,6,q4_3,B0,FORMAL_BACKUP,q4-inheritance-v2,delivery,10216.76340481204,9,"[121, 101, 115, 99, 113, 106, 120, 125, 109]","[0.1111111111111111, 0.1111111111111111, 0.1111111111111111, 0.1111111111111111, 0.1111111111111111, 0.1111111111111111, 0.1111111111111111, 0.1111111111111111, 0.1111111111111111]",63251.79060923436,63251.79060923436,3439.5662217078843,17189.477159847014,0.1272630999883404,1.8189894035458565e-12,253,0.0,0.02,0.8,3.7339020764193265e-12,0,0.0,False,08ad55a129c188b78a6bf379ee5514cf466d54acf150f52d0326740697aa261f
2025-05-14,133,12,q4_3,B0,FORMAL_BACKUP,q4-inheritance-v2,delivery,7979.8536684733335,9,"[121, 101, 115, 99, 113, 106, 120, 125, 109]","[0.1111111111111111, 0.1111111111111111, 0.1111111111111111, 0.1111111111111111, 0.1111111111111111, 0.1111111111111111, 0.1111111111111111, 0.1111111111111111, 0.1111111111111111]",57874.65846891189,57874.65846891189,387.7531102856283,1938.7655514281419,0.11086950000026263,1.8189894035458565e-12,217,0.0,0.02,0.8,1968.21820552469,0,0.0,False,08ad55a129c188b78a6bf379ee5514cf466d54acf150f52d0326740697aa261f
2025-05-14,133,18,q4_3,B0,FORMAL_BACKUP,q4-inheritance-v2,delivery,10796.198199624394,9,"[121, 101, 115, 99, 113, 106, 120, 125, 109]","[0.1111111111111111, 0.1111111111111111, 0.1111111111111111, 0.1111111111111111, 0.1111111111111111, 0.1111111111111111, 0.1111111111111111, 0.1111111111111111, 0.1111111111111111]",49791.44626780188,49791.44626780188,0.0,0.0,0.07089540000015404,1.8189894035458565e-12,181,0.0,0.02,0.8,502.86706766975107,0,0.0,False,08ad55a129c188b78a6bf379ee5514cf466d54acf150f52d0326740697aa261f
2025-05-15,134,0,q4_3,B0,FORMAL_BACKUP,q4-inheritance-v2,delivery,6269.943308408387,9,"[121, 101, 115, 99, 113, 106, 120, 125, 109]","[0.1111111111111111, 0.1111111111111111, 0.1111111111111111, 0.1111111111111111, 0.1111111111111111, 0.1111111111111111, 0.1111111111111111, 0.1111111111111111, 0.1111111111111111]",55665.93230706595,55665.93230706595,3286.589889525282,16432.949447626415,0.18123840000771452,1.8189894035458565e-12,289,0.0,0.02,0.8,0.0,0,0.0,False,08ad55a129c188b78a6bf379ee5514cf466d54acf150f52d0326740697aa261f
2025-05-15,134,6,q4_3,B0,FORMAL_BACKUP,q4-inheritance-v2,delivery,10257.371266338816,9,"[121, 101, 115, 99, 113, 106, 120, 125, 109]","[0.1111111111111111, 0.1111111111111111, 0.1111111111111111, 0.1111111111111111, 0.1111111111111111, 0.1111111111111111, 0.1111111111111111, 0.1111111111111111, 0.1111111111111111]",46840.39749680904,46840.39749680904,4193.128637902672,20648.47684854519,0.13062199999694712,7.275957614183426e-12,253,0.0,0.02,0.8,910.9196387438267,0,0.0,False,08ad55a129c188b78a6bf379ee5514cf466d54acf150f52d0326740697aa261f
2025-05-15,134,12,q4_3,B0,FORMAL_BACKUP,q4-inheritance-v2,delivery,7421.928911100077,9,"[121, 101, 115, 99, 113, 106, 120, 125, 109]","[0.1111111111111111, 0.1111111111111111, 0.1111111111111111, 0.1111111111111111, 0.1111111111111111, 0.1111111111111111, 0.1111111111111111, 0.1111111111111111, 0.1111111111111111]",41768.70474047805,41768.70474047805,530.9615140897178,2654.8075704485896,0.10488910001004115,1.8189894035458565e-12,217,0.0,0.02,0.8,920.9642720771574,0,0.0,False,08ad55a129c188b78a6bf379ee5514cf466d54acf150f52d0326740697aa261f
2025-05-15,134,18,q4_3,B0,FORMAL_BACKUP,q4-inheritance-v2,delivery,10800.0,9,"[121, 101, 115, 99, 113, 106, 120, 125, 109]","[0.1111111111111111, 0.1111111111111111, 0.1111111111111111, 0.1111111111111111, 0.1111111111111111, 0.1111111111111111, 0.1111111111111111, 0.1111111111111111, 0.1111111111111111]",30923.496539762677,30923.496539762677,0.0,0.0,0.08318580000195652,1.8189894035458565e-12,181,0.0,0.02,0.8,247.57252752777885,0,0.0,False,08ad55a129c188b78a6bf379ee5514cf466d54acf150f52d0326740697aa261f
2025-05-16,135,0,q4_3,B0,FORMAL_BACKUP,q4-inheritance-v2,delivery,4188.609095795813,9,"[121, 101, 115, 99, 127, 106, 120, 125, 109]","[0.1111111111111111, 0.1111111111111111, 0.1111111111111111, 0.1111111111111111, 0.1111111111111111, 0.1111111111111111, 0.1111111111111111, 0.1111111111111111, 0.1111111111111111]",34316.102486741926,34316.102486741926,1273.5041039791913,6367.520519895957,0.18140079999284353,1.8189894035458565e-12,289,0.0,0.02,0.8,0.0,0,0.0,False,08ad55a129c188b78a6bf379ee5514cf466d54acf150f52d0326740697aa261f
2025-05-16,135,6,q4_3,B0,FORMAL_BACKUP,q4-inheritance-v2,delivery,6242.474980257974,9,"[121, 101, 115, 99, 127, 106, 120, 125, 109]","[0.1111111111111111, 0.1111111111111111, 0.1111111111111111, 0.1111111111111111, 0.1111111111111111, 0.1111111111111111, 0.1111111111111111, 0.1111111111111111, 0.1111111111111111]",27542.23431058288,27542.23431058288,406.68284358636055,2033.4142179318028,0.08427900000242516,1.8189894035458565e-12,253,0.0,0.02,0.8,1.9113599591946695e-12,0,0.0,False,08ad55a129c188b78a6bf379ee5514cf466d54acf150f52d0326740697aa261f
2025-05-16,135,12,q4_3,B0,FORMAL_BACKUP,q4-inheritance-v2,delivery,10800.0,9,"[121, 101, 115, 99, 127, 106, 120, 125, 109]","[0.1111111111111111, 0.1111111111111111, 0.1111111111111111, 0.1111111111111111, 0.1111111111111111, 0.1111111111111111, 0.1111111111111111, 0.1111111111111111, 0.1111111111111111]",27231.97082819975,27231.97082819975,204.48412373450714,1022.4206186725359,0.0796764999977313,1.8189894035458565e-12,217,0.0,0.02,0.8,0.0,0,0.0,False,08ad55a129c188b78a6bf379ee5514cf466d54acf150f52d0326740697aa261f
2025-05-16,135,18,q4_3,B0,FORMAL_BACKUP,q4-inheritance-v2,delivery,10800.0,9,"[121, 101, 115, 99, 127, 106, 120, 125, 109]","[0.1111111111111111, 0.1111111111111111, 0.1111111111111111, 0.1111111111111111, 0.1111111111111111, 0.1111111111111111, 0.1111111111111111, 0.1111111111111111, 0.1111111111111111]",24896.34257102967,24896.34257102967,0.0,0.0,0.05818360000557732,1.8189894035458565e-12,181,0.0,0.02,0.8,109.38785816666802,0,0.0,False,08ad55a129c188b78a6bf379ee5514cf466d54acf150f52d0326740697aa261f
2025-05-17,136,0,q4_3,B0,FORMAL_BACKUP,q4-inheritance-v2,delivery,8363.481246315692,9,"[121, 101, 115, 99, 132, 106, 120, 125, 109]","[0.1111111111111111, 0.1111111111111111, 0.1111111111111111, 0.1111111111111111, 0.1111111111111111, 0.1111111111111111, 0.1111111111111111, 0.1111111111111111, 0.1111111111111111]",40857.149670570005,40857.149670570005,1115.0479144979033,5575.239572489518,0.14195960000506602,1.8189894035458565e-12,289,0.0,0.02,0.8,0.0,0,0.0,False,08ad55a129c188b78a6bf379ee5514cf466d54acf150f52d0326740697aa261f
2025-05-17,136,6,q4_3,B0,FORMAL_BACKUP,q4-inheritance-v2,delivery,3377.979627332309,9,"[121, 101, 115, 99, 132, 106, 120, 125, 109]","[0.1111111111111111, 0.1111111111111111, 0.1111111111111111, 0.1111111111111111, 0.1111111111111111, 0.1111111111111111, 0.1111111111111111, 0.1111111111111111, 0.1111111111111111]",36844.11401195855,36844.11401195855,388.3768304801958,1941.884152400979,0.1131457000010414,9.094947017729282e-13,253,0.0,0.02,0.8,2.2035706592760107e-12,0,0.0,False,08ad55a129c188b78a6bf379ee5514cf466d54acf150f52d0326740697aa261f
2025-05-17,136,12,q4_3,B0,FORMAL_BACKUP,q4-inheritance-v2,delivery,10800.0,9,"[121, 101, 115, 99, 132, 106, 120, 125, 109]","[0.1111111111111111, 0.1111111111111111, 0.1111111111111111, 0.1111111111111111, 0.1111111111111111, 0.1111111111111111, 0.1111111111111111, 0.1111111111111111, 0.1111111111111111]",36835.1013781963,36835.1013781963,366.6261062994126,1820.4105837072493,0.10885450000932906,9.094947017729282e-13,217,0.0,0.02,0.8,0.0,0,0.0,False,08ad55a129c188b78a6bf379ee5514cf466d54acf150f52d0326740697aa261f
2025-05-17,136,18,q4_3,B0,FORMAL_BACKUP,q4-inheritance-v2,delivery,10800.0,9,"[121, 101, 115, 99, 132, 106, 120, 125, 109]","[0.1111111111111111, 0.1111111111111111, 0.1111111111111111, 0.1111111111111111, 0.1111111111111111, 0.1111111111111111, 0.1111111111111111, 0.1111111111111111, 0.1111111111111111]",35208.026112310596,35208.026112310596,44.497703788147916,222.48851894073962,0.07915969999157824,9.094947017729282e-13,181,0.0,0.02,0.8,26.61824000000189,0,0.0,False,08ad55a129c188b78a6bf379ee5514cf466d54acf150f52d0326740697aa261f
2025-05-18,137,0,q4_3,B0,FORMAL_BACKUP,q4-inheritance-v2,delivery,10095.264748389824,9,"[121, 101, 97, 108, 98, 106, 120, 125, 109]","[0.1111111111111111, 0.1111111111111111, 0.1111111111111111, 0.1111111111111111, 0.1111111111111111, 0.1111111111111111, 0.1111111111111111, 0.1111111111111111, 0.1111111111111111]",59021.675077371874,59021.675077371874,3032.1094983622315,15160.547491811161,0.2113755000027595,3.637978807091713e-12,289,0.0,0.02,0.8,0.0,0,0.0,False,08ad55a129c188b78a6bf379ee5514cf466d54acf150f52d0326740697aa261f
2025-05-18,137,6,q4_3,B0,FORMAL_BACKUP,q4-inheritance-v2,delivery,7973.43669197713,9,"[121, 101, 97, 108, 98, 106, 120, 125, 109]","[0.1111111111111111, 0.1111111111111111, 0.1111111111111111, 0.1111111111111111, 0.1111111111111111, 0.1111111111111111, 0.1111111111111111, 0.1111111111111111, 0.1111111111111111]",50150.67741264949,50150.67741264949,2361.982377803355,11748.668448995088,0.12390930000401568,3.637978807091713e-12,253,0.0,0.02,0.8,155.7312372222236,0,0.0,False,08ad55a129c188b78a6bf379ee5514cf466d54acf150f52d0326740697aa261f
2025-05-18,137,12,q4_3,B0,FORMAL_BACKUP,q4-inheritance-v2,delivery,4620.633932050563,9,"[121, 101, 97, 108, 98, 106, 120, 125, 109]","[0.1111111111111111, 0.1111111111111111, 0.1111111111111111, 0.1111111111111111, 0.1111111111111111, 0.1111111111111111, 0.1111111111111111, 0.1111111111111111, 0.1111111111111111]",50170.64108768659,50170.64108768659,1611.2725874977386,8018.856943017274,0.1049732999963453,9.094947017729282e-13,217,0.0,0.02,0.8,150.33994444444403,0,0.0,False,08ad55a129c188b78a6bf379ee5514cf466d54acf150f52d0326740697aa261f
2025-05-18,137,18,q4_3,B0,FORMAL_BACKUP,q4-inheritance-v2,delivery,8440.077027492376,9,"[121, 101, 97, 108, 98, 106, 120, 125, 109]","[0.1111111111111111, 0.1111111111111111, 0.1111111111111111, 0.1111111111111111, 0.1111111111111111, 0.1111111111111111, 0.1111111111111111, 0.1111111111111111, 0.1111111111111111]",48192.4782603805,48192.4782603805,1024.697703359323,4648.308468714485,0.07403289999638218,1.8189894035458565e-12,181,0.0,0.02,0.8,1382.8303028425937,0,0.0,False,08ad55a129c188b78a6bf379ee5514cf466d54acf150f52d0326740697aa261f
2025-05-19,138,0,q4_3,B0,FORMAL_BACKUP,q4-inheritance-v2,delivery,1460.769344126784,9,"[135, 101, 97, 108, 98, 106, 120, 125, 109]","[0.1111111111111111, 0.1111111111111111, 0.1111111111111111, 0.1111111111111111, 0.1111111111111111, 0.1111111111111111, 0.1111111111111111, 0.1111111111111111, 0.1111111111111111]",74557.02824797176,74557.02824797176,3090.3653135683926,15451.826567841967,0.17153099999995902,1.8189894035458565e-12,289,0.0,0.02,0.8,0.0,0,0.0,False,08ad55a129c188b78a6bf379ee5514cf466d54acf150f52d0326740697aa261f
2025-05-19,138,6,q4_3,B0,FORMAL_BACKUP,q4-inheritance-v2,delivery,10800.0,9,"[135, 101, 97, 108, 98, 106, 120, 125, 109]","[0.1111111111111111, 0.1111111111111111, 0.1111111111111111, 0.1111111111111111, 0.1111111111111111, 0.1111111111111111, 0.1111111111111111, 0.1111111111111111, 0.1111111111111111]",60632.102704645826,60632.102704645826,2154.41991538498,10660.733034564866,0.12674409999453928,7.275957614183426e-12,253,0.0,0.02,0.8,583.8897935185191,0,0.0,False,08ad55a129c188b78a6bf379ee5514cf466d54acf150f52d0326740697aa261f
2025-05-19,138,12,q4_3,B0,FORMAL_BACKUP,q4-inheritance-v2,delivery,10560.612037617453,9,"[135, 101, 97, 108, 98, 106, 120, 125, 109]","[0.1111111111111111, 0.1111111111111111, 0.1111111111111111, 0.1111111111111111, 0.1111111111111111, 0.1111111111111111, 0.1111111111111111, 0.1111111111111111, 0.1111111111111111]",60632.96672622109,60632.96672622109,1531.382061839496,7442.759529540824,0.10742469999240711,1.8189894035458565e-12,217,0.0,0.02,0.8,1258.2342780833314,0,0.0,False,08ad55a129c188b78a6bf379ee5514cf466d54acf150f52d0326740697aa261f
2025-05-19,138,18,q4_3,B0,FORMAL_BACKUP,q4-inheritance-v2,delivery,10725.031536938424,9,"[135, 101, 97, 108, 98, 106, 120, 125, 109]","[0.1111111111111111, 0.1111111111111111, 0.1111111111111111, 0.1111111111111111, 0.1111111111111111, 0.1111111111111111, 0.1111111111111111, 0.1111111111111111, 0.1111111111111111]",50133.46770134795,50133.46770134795,4.39668935114137,21.983446755706854,0.0871577000070829,9.094947017729282e-13,181,0.0,0.02,0.8,1.0231815394945443e-12,0,0.0,False,08ad55a129c188b78a6bf379ee5514cf466d54acf150f52d0326740697aa261f
2025-05-20,139,0,q4_3,B0,FORMAL_BACKUP,q4-inheritance-v2,delivery,3586.851005408105,9,"[135, 101, 115, 99, 132, 106, 120, 125, 109]","[0.1111111111111111, 0.1111111111111111, 0.1111111111111111, 0.1111111111111111, 0.1111111111111111, 0.1111111111111111, 0.1111111111111111, 0.1111111111111111, 0.1111111111111111]",71612.93993074393,71612.93993074393,3098.0755682465997,15490.377841233001,0.22215590000269003,1.8189894035458565e-12,289,0.0,0.02,0.8,0.0,0,0.0,False,08ad55a129c188b78a6bf379ee5514cf466d54acf150f52d0326740697aa261f
2025-05-20,139,6,q4_3,B0,FORMAL_BACKUP,q4-inheritance-v2,delivery,10766.839157942486,9,"[135, 101, 115, 99, 132, 106, 120, 125, 109]","[0.1111111111111111, 0.1111111111111111, 0.1111111111111111, 0.1111111111111111, 0.1111111111111111, 0.1111111111111111, 0.1111111111111111, 0.1111111111111111, 0.1111111111111111]",61980.541539728,61980.541539728,3802.8730282088122,18752.62580321292,0.1273108999885153,1.8189894035458565e-12,253,0.0,0.02,0.8,1333.0845787037035,0,0.0,False,08ad55a129c188b78a6bf379ee5514cf466d54acf150f52d0326740697aa261f
2025-05-20,139,12,q4_3,B0,FORMAL_BACKUP,q4-inheritance-v2,delivery,8561.132830411128,9,"[135, 101, 115, 99, 132, 106, 120, 125, 109]","[0.1111111111111111, 0.1111111111111111, 0.1111111111111111, 0.1111111111111111, 0.1111111111111111, 0.1111111111111111, 0.1111111111111111, 0.1111111111111111, 0.1111111111111111]",56991.847523419296,56991.847523419296,1787.8374044531797,8900.205968225713,0.11501639999914914,1.8189894035458565e-12,217,0.0,0.02,0.8,1551.9541817489712,0,0.0,False,08ad55a129c188b78a6bf379ee5514cf466d54acf150f52d0326740697aa261f
2025-05-20,139,18,q4_3,B0,FORMAL_BACKUP,q4-inheritance-v2,delivery,10287.418455166764,9,"[135, 101, 115, 99, 132, 106, 120, 125, 109]","[0.1111111111111111, 0.1111111111111111, 0.1111111111111111, 0.1111111111111111, 0.1111111111111111, 0.1111111111111111, 0.1111111111111111, 0.1111111111111111, 0.1111111111111111]",53690.26364030376,53690.26364030376,136.1425758159263,643.0964502717613,0.08820209999976214,1.8189894035458565e-12,181,0.0,0.02,0.8,122.22779380555525,0,0.0,False,08ad55a129c188b78a6bf379ee5514cf466d54acf150f52d0326740697aa261f
2025-05-21,140,0,q4_3,B0,FORMAL_BACKUP,q4-inheritance-v2,delivery,4491.960064369531,9,"[135, 101, 115, 99, 132, 106, 120, 125, 109]","[0.1111111111111111, 0.1111111111111111, 0.1111111111111111, 0.1111111111111111, 0.1111111111111111, 0.1111111111111111, 0.1111111111111111, 0.1111111111111111, 0.1111111111111111]",70213.46793989922,70213.46793989922,2915.527986765323,14577.639933826618,0.1672441999980947,7.275957614183426e-12,289,0.0,0.02,0.8,0.0,0,0.0,False,08ad55a129c188b78a6bf379ee5514cf466d54acf150f52d0326740697aa261f
2025-05-21,140,6,q4_3,B0,FORMAL_BACKUP,q4-inheritance-v2,delivery,8477.316029958767,9,"[135, 101, 115, 99, 132, 106, 120, 125, 109]","[0.1111111111111111, 0.1111111111111111, 0.1111111111111111, 0.1111111111111111, 0.1111111111111111, 0.1111111111111111, 0.1111111111111111, 0.1111111111111111, 0.1111111111111111]",63976.21264208094,63976.21264208094,4395.226069332344,21733.843882179117,0.10882310000306461,1.8189894035458565e-12,253,0.0,0.02,0.8,2214.197207228393,0,0.0,False,08ad55a129c188b78a6bf379ee5514cf466d54acf150f52d0326740697aa261f
2025-05-21,140,12,q4_3,B0,FORMAL_BACKUP,q4-inheritance-v2,delivery,5905.715177127657,9,"[135, 101, 115, 99, 132, 106, 120, 125, 109]","[0.1111111111111111, 0.1111111111111111, 0.1111111111111111, 0.1111111111111111, 0.1111111111111111, 0.1111111111111111, 0.1111111111111111, 0.1111111111111111, 0.1111111111111111]",59637.59665932979,59637.59665932979,1955.858875136706,9562.499045208055,0.11190319999877829,1.8189894035458565e-12,217,0.0,0.02,0.8,1488.0861283617276,0,0.0,False,08ad55a129c188b78a6bf379ee5514cf466d54acf150f52d0326740697aa261f
2025-05-21,140,18,q4_3,B0,FORMAL_BACKUP,q4-inheritance-v2,delivery,10314.004562689144,9,"[135, 101, 115, 99, 132, 106, 120, 125, 109]","[0.1111111111111111, 0.1111111111111111, 0.1111111111111111, 0.1111111111111111, 0.1111111111111111, 0.1111111111111111, 0.1111111111111111, 0.1111111111111111, 0.1111111111111111]",52616.06619993517,52616.06619993517,446.4873671017467,2053.334898585975,0.08680259999528062,1.8189894035458565e-12,181,0.0,0.02,0.8,1.8285999999999945,0,0.0,False,08ad55a129c188b78a6bf379ee5514cf466d54acf150f52d0326740697aa261f
2025-05-22,141,0,q4_3,B0,FORMAL_BACKUP,q4-inheritance-v2,delivery,4128.448916353698,9,"[135, 101, 115, 99, 127, 124, 120, 125, 109]","[0.1111111111111111, 0.1111111111111111, 0.1111111111111111, 0.1111111111111111, 0.1111111111111111, 0.1111111111111111, 0.1111111111111111, 0.1111111111111111, 0.1111111111111111]",54394.337671129324,54394.337671129324,3107.5892134531678,15537.946067265842,0.18440990000090096,7.275957614183426e-12,289,0.0,0.02,0.8,0.0,0,0.0,False,08ad55a129c188b78a6bf379ee5514cf466d54acf150f52d0326740697aa261f
2025-05-22,141,6,q4_3,B0,FORMAL_BACKUP,q4-inheritance-v2,delivery,10281.037105654194,9,"[135, 101, 115, 99, 127, 124, 120, 125, 109]","[0.1111111111111111, 0.1111111111111111, 0.1111111111111111, 0.1111111111111111, 0.1111111111111111, 0.1111111111111111, 0.1111111111111111, 0.1111111111111111, 0.1111111111111111]",43145.58680276495,43145.58680276495,2723.0852238554726,13604.820558826712,0.12890880000486504,1.0913936421275139e-11,253,0.0,0.02,0.8,597.8473817901254,0,0.0,False,08ad55a129c188b78a6bf379ee5514cf466d54acf150f52d0326740697aa261f
2025-05-22,141,12,q4_3,B0,FORMAL_BACKUP,q4-inheritance-v2,delivery,8332.783643849369,9,"[135, 101, 115, 99, 127, 124, 120, 125, 109]","[0.1111111111111111, 0.1111111111111111, 0.1111111111111111, 0.1111111111111111, 0.1111111111111111, 0.1111111111111111, 0.1111111111111111, 0.1111111111111111, 0.1111111111111111]",40281.55941167655,40281.55941167655,1080.79534488835,5403.97672444175,0.10994969999592286,1.8189894035458565e-12,217,0.0,0.02,0.8,597.8473817901229,0,0.0,False,08ad55a129c188b78a6bf379ee5514cf466d54acf150f52d0326740697aa261f
2025-05-22,141,18,q4_3,B0,FORMAL_BACKUP,q4-inheritance-v2,delivery,10800.0,9,"[135, 101, 115, 99, 127, 124, 120, 125, 109]","[0.1111111111111111, 0.1111111111111111, 0.1111111111111111, 0.1111111111111111, 0.1111111111111111, 0.1111111111111111, 0.1111111111111111, 0.1111111111111111, 0.1111111111111111]",31843.861769917723,31843.861769917723,4.248700281758003,21.24350140879002,0.0836935999977868,1.8189894035458565e-12,181,0.0,0.02,0.8,5.684341886080802e-14,0,0.0,False,08ad55a129c188b78a6bf379ee5514cf466d54acf150f52d0326740697aa261f
2025-05-23,142,0,q4_3,B0,FORMAL_BACKUP,q4-inheritance-v2,delivery,4107.696478918218,9,"[135, 101, 115, 108, 132, 106, 120, 125, 109]","[0.1111111111111111, 0.1111111111111111, 0.1111111111111111, 0.1111111111111111, 0.1111111111111111, 0.1111111111111111, 0.1111111111111111, 0.1111111111111111, 0.1111111111111111]",35627.878266841675,35627.878266841675,1372.0286013322382,6860.143006661192,0.18466129999433178,1.8189894035458565e-12,289,0.0,0.02,0.8,0.0,0,0.0,False,08ad55a129c188b78a6bf379ee5514cf466d54acf150f52d0326740697aa261f
2025-05-23,142,6,q4_3,B0,FORMAL_BACKUP,q4-inheritance-v2,delivery,7433.4507242673735,9,"[135, 101, 115, 108, 132, 106, 120, 125, 109]","[0.1111111111111111, 0.1111111111111111, 0.1111111111111111, 0.1111111111111111, 0.1111111111111111, 0.1111111111111111, 0.1111111111111111, 0.1111111111111111, 0.1111111111111111]",29043.708698282113,29043.708698282113,838.2311921834045,4123.467164951199,0.11921439999423455,1.8189894035458565e-12,253,0.0,0.02,0.8,100.08198138889438,0,0.0,False,08ad55a129c188b78a6bf379ee5514cf466d54acf150f52d0326740697aa261f
2025-05-23,142,12,q4_3,B0,FORMAL_BACKUP,q4-inheritance-v2,delivery,10800.0,9,"[135, 101, 115, 108, 132, 106, 120, 125, 109]","[0.1111111111111111, 0.1111111111111111, 0.1111111111111111, 0.1111111111111111, 0.1111111111111111, 0.1111111111111111, 0.1111111111111111, 0.1111111111111111, 0.1111111111111111]",30031.871971007793,30031.871971007793,1037.24893815453,5023.045042041262,0.10331390000646934,9.094947017729282e-13,217,0.0,0.02,0.8,856.8222967849733,0,0.0,False,08ad55a129c188b78a6bf379ee5514cf466d54acf150f52d0326740697aa261f
2025-05-23,142,18,q4_3,B0,FORMAL_BACKUP,q4-inheritance-v2,delivery,10800.0,9,"[135, 101, 115, 108, 132, 106, 120, 125, 109]","[0.1111111111111111, 0.1111111111111111, 0.1111111111111111, 0.1111111111111111, 0.1111111111111111, 0.1111111111111111, 0.1111111111111111, 0.1111111111111111, 0.1111111111111111]",26475.165605612943,26475.165605612943,54.95526786894937,274.7763393447469,0.08016559999668971,9.094947017729282e-13,181,0.0,0.02,0.8,2.2737367544323206e-13,0,0.0,False,08ad55a129c188b78a6bf379ee5514cf466d54acf150f52d0326740697aa261f
2025-05-24,143,0,q4_3,B0,FORMAL_BACKUP,q4-inheritance-v2,delivery,7723.193854794077,9,"[135, 101, 115, 108, 132, 119, 120, 125, 109]","[0.1111111111111111, 0.1111111111111111, 0.1111111111111111, 0.1111111111111111, 0.1111111111111111, 0.1111111111111111, 0.1111111111111111, 0.1111111111111111, 0.1111111111111111]",43709.582643860354,43709.582643860354,960.7448354017813,4803.724177008908,0.20740340001066215,9.094947017729282e-13,289,0.0,0.02,0.8,0.0,0,0.0,False,08ad55a129c188b78a6bf379ee5514cf466d54acf150f52d0326740697aa261f
2025-05-24,143,6,q4_3,B0,FORMAL_BACKUP,q4-inheritance-v2,delivery,3457.619806269123,9,"[135, 101, 115, 108, 132, 119, 120, 125, 109]","[0.1111111111111111, 0.1111111111111111, 0.1111111111111111, 0.1111111111111111, 0.1111111111111111, 0.1111111111111111, 0.1111111111111111, 0.1111111111111111, 0.1111111111111111]",39675.830474362265,39675.830474362265,357.644153895571,1788.2207694778554,0.1088822000019718,1.8189894035458565e-12,253,0.0,0.02,0.8,2.4513724383723456e-12,0,0.0,False,08ad55a129c188b78a6bf379ee5514cf466d54acf150f52d0326740697aa261f
2025-05-24,143,12,q4_3,B0,FORMAL_BACKUP,q4-inheritance-v2,delivery,10800.0,9,"[135, 101, 115, 108, 132, 119, 120, 125, 109]","[0.1111111111111111, 0.1111111111111111, 0.1111111111111111, 0.1111111111111111, 0.1111111111111111, 0.1111111111111111, 0.1111111111111111, 0.1111111111111111, 0.1111111111111111]",39555.034367070555,39555.034367070555,271.500841082362,1357.5042054118103,0.09443309999187477,1.8189894035458565e-12,217,0.0,0.02,0.8,0.0,0,0.0,False,08ad55a129c188b78a6bf379ee5514cf466d54acf150f52d0326740697aa261f
2025-05-24,143,18,q4_3,B0,FORMAL_BACKUP,q4-inheritance-v2,delivery,10800.0,9,"[135, 101, 115, 108, 132, 119, 120, 125, 109]","[0.1111111111111111, 0.1111111111111111, 0.1111111111111111, 0.1111111111111111, 0.1111111111111111, 0.1111111111111111, 0.1111111111111111, 0.1111111111111111, 0.1111111111111111]",39082.69756622637,39082.69756622637,0.0,0.0,0.08316840000043157,1.8189894035458565e-12,181,0.0,0.02,0.8,209.79674666666875,0,0.0,False,08ad55a129c188b78a6bf379ee5514cf466d54acf150f52d0326740697aa261f
2025-05-25,144,0,q4_3,B0,FORMAL_BACKUP,q4-inheritance-v2,delivery,9866.134213870811,9,"[135, 101, 115, 138, 133, 119, 120, 125, 109]","[0.1111111111111111, 0.1111111111111111, 0.1111111111111111, 0.1111111111111111, 0.1111111111111111, 0.1111111111111111, 0.1111111111111111, 0.1111111111111111, 0.1111111111111111]",55571.71532592999,55571.71532592999,2556.931503456825,12784.657517284128,0.19528450000507291,3.637978807091713e-12,289,0.0,0.02,0.8,0.0,0,0.0,False,08ad55a129c188b78a6bf379ee5514cf466d54acf150f52d0326740697aa261f
2025-05-25,144,6,q4_3,B0,FORMAL_BACKUP,q4-inheritance-v2,delivery,4597.020845406589,9,"[135, 101, 115, 138, 133, 119, 120, 125, 109]","[0.1111111111111111, 0.1111111111111111, 0.1111111111111111, 0.1111111111111111, 0.1111111111111111, 0.1111111111111111, 0.1111111111111111, 0.1111111111111111, 0.1111111111111111]",49927.95728575837,49927.95728575837,3038.7815595520487,15054.701721728345,0.11737690000154544,7.275957614183426e-12,253,0.0,0.02,0.8,303.9719741666693,0,0.0,False,08ad55a129c188b78a6bf379ee5514cf466d54acf150f52d0326740697aa261f
2025-05-25,144,12,q4_3,B0,FORMAL_BACKUP,q4-inheritance-v2,delivery,5294.528830624748,9,"[135, 101, 115, 138, 133, 119, 120, 125, 109]","[0.1111111111111111, 0.1111111111111111, 0.1111111111111111, 0.1111111111111111, 0.1111111111111111, 0.1111111111111111, 0.1111111111111111, 0.1111111111111111, 0.1111111111111111]",53966.980251929555,53966.980251929555,1161.3907594470065,5633.293533619139,0.10692489999928512,1.8189894035458565e-12,217,0.0,0.02,0.8,303.97197416666756,0,0.0,False,08ad55a129c188b78a6bf379ee5514cf466d54acf150f52d0326740697aa261f
2025-05-25,144,18,q4_3,B0,FORMAL_BACKUP,q4-inheritance-v2,delivery,10316.632242758538,9,"[135, 101, 115, 138, 133, 119, 120, 125, 109]","[0.1111111111111111, 0.1111111111111111, 0.1111111111111111, 0.1111111111111111, 0.1111111111111111, 0.1111111111111111, 0.1111111111111111, 0.1111111111111111, 0.1111111111111111]",48635.127505170865,48635.127505170865,246.91633327944055,1133.0357773123176,0.0872702000051504,1.8189894035458565e-12,181,0.0,0.02,0.8,82.9356166666663,0,0.0,False,08ad55a129c188b78a6bf379ee5514cf466d54acf150f52d0326740697aa261f
2025-05-26,145,0,q4_3,B0,FORMAL_BACKUP,q4-inheritance-v2,delivery,3235.6095373293324,9,"[121, 101, 115, 138, 133, 119, 120, 125, 109]","[0.1111111111111111, 0.1111111111111111, 0.1111111111111111, 0.1111111111111111, 0.1111111111111111, 0.1111111111111111, 0.1111111111111111, 0.1111111111111111, 0.1111111111111111]",73987.15289242448,73987.15289242448,2821.641968793635,14108.209843968178,0.18679000000702217,3.637978807091713e-12,289,0.0,0.02,0.8,0.0,0,0.0,False,08ad55a129c188b78a6bf379ee5514cf466d54acf150f52d0326740697aa261f
2025-05-26,145,6,q4_3,B0,FORMAL_BACKUP,q4-inheritance-v2,delivery,9358.336014580666,9,"[121, 101, 115, 138, 133, 119, 120, 125, 109]","[0.1111111111111111, 0.1111111111111111, 0.1111111111111111, 0.1111111111111111, 0.1111111111111111, 0.1111111111111111, 0.1111111111111111, 0.1111111111111111, 0.1111111111111111]",63776.89107504208,63776.89107504208,3937.7592056014505,19547.563024605246,0.1319772999995621,1.8189894035458565e-12,253,0.0,0.02,0.8,3.9754866065777605e-12,0,0.0,False,08ad55a129c188b78a6bf379ee5514cf466d54acf150f52d0326740697aa261f
2025-05-26,145,12,q4_3,B0,FORMAL_BACKUP,q4-inheritance-v2,delivery,4533.650389085029,9,"[121, 101, 115, 138, 133, 119, 120, 125, 109]","[0.1111111111111111, 0.1111111111111111, 0.1111111111111111, 0.1111111111111111, 0.1111111111111111, 0.1111111111111111, 0.1111111111111111, 0.1111111111111111, 0.1111111111111111]",61660.21451916252,61660.21451916252,2148.010377166498,10647.07716838842,0.11180089999106713,1.8189894035458565e-12,217,0.0,0.02,0.8,911.2738029115221,0,0.0,False,08ad55a129c188b78a6bf379ee5514cf466d54acf150f52d0326740697aa261f
2025-05-26,145,18,q4_3,B0,FORMAL_BACKUP,q4-inheritance-v2,delivery,10559.922128097349,9,"[121, 101, 115, 138, 133, 119, 120, 125, 109]","[0.1111111111111111, 0.1111111111111111, 0.1111111111111111, 0.1111111111111111, 0.1111111111111111, 0.1111111111111111, 0.1111111111111111, 0.1111111111111111, 0.1111111111111111]",57161.768860230295,57161.768860230295,13.399448342590585,66.99724171295287,0.08272230000875425,9.094947017729282e-13,181,0.0,0.02,0.8,1.4210854715202004e-14,0,0.0,False,08ad55a129c188b78a6bf379ee5514cf466d54acf150f52d0326740697aa261f
2025-05-27,146,0,q4_3,B0,FORMAL_BACKUP,q4-inheritance-v2,delivery,6071.411589913937,9,"[121, 136, 115, 138, 133, 119, 120, 125, 109]","[0.1111111111111111, 0.1111111111111111, 0.1111111111111111, 0.1111111111111111, 0.1111111111111111, 0.1111111111111111, 0.1111111111111111, 0.1111111111111111, 0.1111111111111111]",71339.98326365252,71339.98326365252,3008.837104903696,15044.185524518482,0.19138159998692572,9.094947017729282e-13,289,0.0,0.02,0.8,0.0,0,0.0,False,08ad55a129c188b78a6bf379ee5514cf466d54acf150f52d0326740697aa261f
2025-05-27,146,6,q4_3,B0,FORMAL_BACKUP,q4-inheritance-v2,delivery,8666.455625047924,9,"[121, 136, 115, 138, 133, 119, 120, 125, 109]","[0.1111111111111111, 0.1111111111111111, 0.1111111111111111, 0.1111111111111111, 0.1111111111111111, 0.1111111111111111, 0.1111111111111111, 0.1111111111111111, 0.1111111111111111]",66225.98110878858,66225.98110878858,4566.290353903782,22470.035488033776,0.1428994000016246,1.8189894035458565e-12,253,0.0,0.02,0.8,2684.5490918209794,0,0.0,False,08ad55a129c188b78a6bf379ee5514cf466d54acf150f52d0326740697aa261f
2025-05-27,146,12,q4_3,B0,FORMAL_BACKUP,q4-inheritance-v2,delivery,6787.425176217972,9,"[121, 136, 115, 138, 133, 119, 120, 125, 109]","[0.1111111111111111, 0.1111111111111111, 0.1111111111111111, 0.1111111111111111, 0.1111111111111111, 0.1111111111111111, 0.1111111111111111, 0.1111111111111111, 0.1111111111111111]",62194.93566150134,62194.93566150134,1980.0478406240318,9856.007801495118,0.10941469999670517,1.8189894035458565e-12,217,0.0,0.02,0.8,2684.549091820976,0,0.0,False,08ad55a129c188b78a6bf379ee5514cf466d54acf150f52d0326740697aa261f
2025-05-27,146,18,q4_3,B0,FORMAL_BACKUP,q4-inheritance-v2,delivery,10782.61143918511,9,"[121, 136, 115, 138, 133, 119, 120, 125, 109]","[0.1111111111111111, 0.1111111111111111, 0.1111111111111111, 0.1111111111111111, 0.1111111111111111, 0.1111111111111111, 0.1111111111111111, 0.1111111111111111, 0.1111111111111111]",54094.042502763914,54094.042502763914,-2.1285491887586735e-14,0.0,0.08646950000547804,9.094947017729282e-13,181,0.0,0.02,0.8,187.98101638889102,0,0.0,False,08ad55a129c188b78a6bf379ee5514cf466d54acf150f52d0326740697aa261f
2025-05-28,147,0,q4_3,B0,FORMAL_BACKUP,q4-inheritance-v2,delivery,6078.538913232487,9,"[121, 136, 115, 138, 133, 119, 120, 125, 109]","[0.1111111111111111, 0.1111111111111111, 0.1111111111111111, 0.1111111111111111, 0.1111111111111111, 0.1111111111111111, 0.1111111111111111, 0.1111111111111111, 0.1111111111111111]",74448.0035655117,74448.0035655117,2991.5713810195275,14957.856905097638,0.22853849999955855,1.8189894035458565e-12,289,0.0,0.02,0.8,0.0,0,0.0,False,08ad55a129c188b78a6bf379ee5514cf466d54acf150f52d0326740697aa261f
2025-05-28,147,6,q4_3,B0,FORMAL_BACKUP,q4-inheritance-v2,delivery,10800.0,9,"[121, 136, 115, 138, 133, 119, 120, 125, 109]","[0.1111111111111111, 0.1111111111111111, 0.1111111111111111, 0.1111111111111111, 0.1111111111111111, 0.1111111111111111, 0.1111111111111111, 0.1111111111111111, 0.1111111111111111]",64107.39443887992,64107.39443887992,2483.2509498463523,12378.339116161742,0.1206120999995619,3.637978807091713e-12,253,0.0,0.02,0.8,876.6994776234612,0,0.0,False,08ad55a129c188b78a6bf379ee5514cf466d54acf150f52d0326740697aa261f
2025-05-28,147,12,q4_3,B0,FORMAL_BACKUP,q4-inheritance-v2,delivery,8255.974627416144,9,"[121, 136, 115, 138, 133, 119, 120, 125, 109]","[0.1111111111111111, 0.1111111111111111, 0.1111111111111111, 0.1111111111111111, 0.1111111111111111, 0.1111111111111111, 0.1111111111111111, 0.1111111111111111, 0.1111111111111111]",65434.944715024794,65434.944715024794,1430.385486892433,6944.174447548619,0.09861620000447147,3.637978807091713e-12,217,0.0,0.02,0.8,3341.7542224897074,0,0.0,False,08ad55a129c188b78a6bf379ee5514cf466d54acf150f52d0326740697aa261f
2025-05-28,147,18,q4_3,B0,FORMAL_BACKUP,q4-inheritance-v2,delivery,10372.939793297022,9,"[121, 136, 115, 138, 133, 119, 120, 125, 109]","[0.1111111111111111, 0.1111111111111111, 0.1111111111111111, 0.1111111111111111, 0.1111111111111111, 0.1111111111111111, 0.1111111111111111, 0.1111111111111111, 0.1111111111111111]",54723.42781072549,54723.42781072549,85.03267464072843,392.2652904104083,0.08507169999938924,1.8189894035458565e-12,181,0.0,0.02,0.8,125.65262777777822,0,0.0,False,08ad55a129c188b78a6bf379ee5514cf466d54acf150f52d0326740697aa261f
2025-05-29,148,0,q4_3,B0,FORMAL_BACKUP,q4-inheritance-v2,delivery,4397.528732291003,9,"[121, 136, 122, 117, 118, 139, 111, 125, 109]","[0.1111111111111111, 0.1111111111111111, 0.1111111111111111, 0.1111111111111111, 0.1111111111111111, 0.1111111111111111, 0.1111111111111111, 0.1111111111111111, 0.1111111111111111]",56615.96728725997,56615.96728725997,3101.3543887840806,15506.771943920405,0.19705350000003818,7.275957614183426e-12,289,0.0,0.02,0.8,0.0,0,0.0,False,08ad55a129c188b78a6bf379ee5514cf466d54acf150f52d0326740697aa261f
2025-05-29,148,6,q4_3,B0,FORMAL_BACKUP,q4-inheritance-v2,delivery,10800.0,9,"[121, 136, 122, 117, 118, 139, 111, 125, 109]","[0.1111111111111111, 0.1111111111111111, 0.1111111111111111, 0.1111111111111111, 0.1111111111111111, 0.1111111111111111, 0.1111111111111111, 0.1111111111111111, 0.1111111111111111]",47094.32463105058,47094.32463105058,4687.97985245629,23113.758439022742,0.12917070000548847,1.8189894035458565e-12,253,0.0,0.02,0.8,220.01040743827457,0,0.0,False,08ad55a129c188b78a6bf379ee5514cf466d54acf150f52d0326740697aa261f
2025-05-29,148,12,q4_3,B0,FORMAL_BACKUP,q4-inheritance-v2,delivery,8390.00594039312,9,"[121, 136, 122, 117, 118, 139, 111, 125, 109]","[0.1111111111111111, 0.1111111111111111, 0.1111111111111111, 0.1111111111111111, 0.1111111111111111, 0.1111111111111111, 0.1111111111111111, 0.1111111111111111, 0.1111111111111111]",41987.60092688853,41987.60092688853,1251.0426754081645,6255.2133770408245,0.107661799993366,1.8189894035458565e-12,217,0.0,0.02,0.8,1120.524755216049,0,0.0,False,08ad55a129c188b78a6bf379ee5514cf466d54acf150f52d0326740697aa261f
2025-05-29,148,18,q4_3,B0,FORMAL_BACKUP,q4-inheritance-v2,delivery,10571.40201316624,9,"[121, 136, 122, 117, 118, 139, 111, 125, 109]","[0.1111111111111111, 0.1111111111111111, 0.1111111111111111, 0.1111111111111111, 0.1111111111111111, 0.1111111111111111, 0.1111111111111111, 0.1111111111111111, 0.1111111111111111]",34772.01330205079,34772.01330205079,223.0293457530705,1115.1467287653525,0.08432429999811575,9.094947017729282e-13,181,0.0,0.02,0.8,0.0,0,0.0,False,08ad55a129c188b78a6bf379ee5514cf466d54acf150f52d0326740697aa261f
2025-05-30,149,0,q4_3,B0,FORMAL_BACKUP,q4-inheritance-v2,delivery,3424.7676708483164,9,"[121, 136, 122, 117, 118, 139, 111, 125, 109]","[0.1111111111111111, 0.1111111111111111, 0.1111111111111111, 0.1111111111111111, 0.1111111111111111, 0.1111111111111111, 0.1111111111111111, 0.1111111111111111, 0.1111111111111111]",37778.48733979708,37778.48733979708,2020.476626024788,10102.383130123942,0.17147979998844676,1.8189894035458565e-12,289,0.0,0.02,0.8,0.0,0,0.0,False,08ad55a129c188b78a6bf379ee5514cf466d54acf150f52d0326740697aa261f
2025-05-30,149,6,q4_3,B0,FORMAL_BACKUP,q4-inheritance-v2,delivery,7335.70485645189,9,"[121, 136, 122, 117, 118, 139, 111, 125, 109]","[0.1111111111111111, 0.1111111111111111, 0.1111111111111111, 0.1111111111111111, 0.1111111111111111, 0.1111111111111111, 0.1111111111111111, 0.1111111111111111, 0.1111111111111111]",30697.585123181532,30697.585123181532,1516.4034337456696,7285.191944168604,0.11469680001027882,1.8189894035458565e-12,253,0.0,0.02,0.8,2.2382096176443156e-12,0,0.0,False,08ad55a129c188b78a6bf379ee5514cf466d54acf150f52d0326740697aa261f
2025-05-30,149,12,q4_3,B0,FORMAL_BACKUP,q4-inheritance-v2,delivery,10800.0,9,"[121, 136, 122, 117, 118, 139, 111, 125, 109]","[0.1111111111111111, 0.1111111111111111, 0.1111111111111111, 0.1111111111111111, 0.1111111111111111, 0.1111111111111111, 0.1111111111111111, 0.1111111111111111, 0.1111111111111111]",30516.79494601629,30516.79494601629,918.1784260727636,4590.892130363819,0.10828240000410005,1.8189894035458565e-12,217,0.0,0.02,0.8,0.0,0,0.0,False,08ad55a129c188b78a6bf379ee5514cf466d54acf150f52d0326740697aa261f
2025-05-30,149,18,q4_3,B0,FORMAL_BACKUP,q4-inheritance-v2,delivery,10800.0,9,"[121, 136, 122, 117, 118, 139, 111, 125, 109]","[0.1111111111111111, 0.1111111111111111, 0.1111111111111111, 0.1111111111111111, 0.1111111111111111, 0.1111111111111111, 0.1111111111111111, 0.1111111111111111, 0.1111111111111111]",28232.246446071233,28232.246446071233,422.92952552590407,2114.6476276295207,0.08199669999885373,1.8189894035458565e-12,181,0.0,0.02,0.8,1.7053025658242404e-13,0,0.0,False,08ad55a129c188b78a6bf379ee5514cf466d54acf150f52d0326740697aa261f
2025-05-31,150,0,q4_3,B0,FORMAL_BACKUP,q4-inheritance-v2,delivery,10129.22956825372,9,"[121, 136, 122, 138, 118, 139, 111, 125, 109]","[0.1111111111111111, 0.1111111111111111, 0.1111111111111111, 0.1111111111111111, 0.1111111111111111, 0.1111111111111111, 0.1111111111111111, 0.1111111111111111, 0.1111111111111111]",43670.956424047865,43670.956424047865,1598.884145397901,7994.420726989505,0.21637709999049548,1.8189894035458565e-12,289,0.0,0.02,0.8,0.0,0,0.0,False,08ad55a129c188b78a6bf379ee5514cf466d54acf150f52d0326740697aa261f
2025-05-31,150,6,q4_3,B0,FORMAL_BACKUP,q4-inheritance-v2,delivery,4773.227390993583,9,"[121, 136, 122, 138, 118, 139, 111, 125, 109]","[0.1111111111111111, 0.1111111111111111, 0.1111111111111111, 0.1111111111111111, 0.1111111111111111, 0.1111111111111111, 0.1111111111111111, 0.1111111111111111, 0.1111111111111111]",39027.29756956091,39027.29756956091,461.22952271183544,2306.147613559178,0.10743119999824557,1.8189894035458565e-12,253,0.0,0.02,0.8,250.0420692283947,0,0.0,False,08ad55a129c188b78a6bf379ee5514cf466d54acf150f52d0326740697aa261f
2025-05-31,150,12,q4_3,B0,FORMAL_BACKUP,q4-inheritance-v2,delivery,10800.0,9,"[121, 136, 122, 138, 118, 139, 111, 125, 109]","[0.1111111111111111, 0.1111111111111111, 0.1111111111111111, 0.1111111111111111, 0.1111111111111111, 0.1111111111111111, 0.1111111111111111, 0.1111111111111111, 0.1111111111111111]",40482.41684085163,40482.41684085163,413.55240792149755,2067.762039607488,0.09301209999830462,1.8189894035458565e-12,217,0.0,0.02,0.8,275.10995222222243,0,0.0,False,08ad55a129c188b78a6bf379ee5514cf466d54acf150f52d0326740697aa261f
2025-05-31,150,18,q4_3,B0,FORMAL_BACKUP,q4-inheritance-v2,delivery,10800.0,9,"[121, 136, 122, 138, 118, 139, 111, 125, 109]","[0.1111111111111111, 0.1111111111111111, 0.1111111111111111, 0.1111111111111111, 0.1111111111111111, 0.1111111111111111, 0.1111111111111111, 0.1111111111111111, 0.1111111111111111]",43436.298809830994,43436.298809830994,259.81440345137503,1299.0720172568751,0.0589378000004217,9.094947017729282e-13,181,0.0,0.02,0.8,5.684341886080802e-14,0,0.0,False,08ad55a129c188b78a6bf379ee5514cf466d54acf150f52d0326740697aa261f
2025-06-01,151,0,q4_3,B0,FORMAL_BACKUP,q4-inheritance-v2,delivery,10800.0,9,"[121, 136, 122, 138, 118, 139, 111, 125, 109]","[0.1111111111111111, 0.1111111111111111, 0.1111111111111111, 0.1111111111111111, 0.1111111111111111, 0.1111111111111111, 0.1111111111111111, 0.1111111111111111, 0.1111111111111111]",65844.25735139682,65844.25735139682,3102.074583253068,15510.37291626534,0.1677142999978969,1.0913936421275139e-11,289,0.0,0.02,0.8,0.0,0,0.0,False,08ad55a129c188b78a6bf379ee5514cf466d54acf150f52d0326740697aa261f
2025-06-01,151,6,q4_3,B0,FORMAL_BACKUP,q4-inheritance-v2,delivery,7102.185039560787,9,"[121, 136, 122, 138, 118, 139, 111, 125, 109]","[0.1111111111111111, 0.1111111111111111, 0.1111111111111111, 0.1111111111111111, 0.1111111111111111, 0.1111111111111111, 0.1111111111111111, 0.1111111111111111, 0.1111111111111111]",57675.05721588799,57675.05721588799,3183.5182166920426,15895.651911622255,0.12765480000234675,1.8189894035458565e-12,253,0.0,0.02,0.8,1277.974230084646,0,0.0,False,08ad55a129c188b78a6bf379ee5514cf466d54acf150f52d0326740697aa261f
2025-06-01,151,12,q4_3,B0,FORMAL_BACKUP,q4-inheritance-v2,delivery,3166.9923413865213,9,"[121, 136, 122, 138, 118, 139, 111, 125, 109]","[0.1111111111111111, 0.1111111111111111, 0.1111111111111111, 0.1111111111111111, 0.1111111111111111, 0.1111111111111111, 0.1111111111111111, 0.1111111111111111, 0.1111111111111111]",55123.21186586402,55123.21186586402,818.4103543082422,4092.051771541211,0.10958129999926314,2.7284841053187847e-12,217,0.0,0.02,0.8,1378.1889017283984,0,0.0,False,08ad55a129c188b78a6bf379ee5514cf466d54acf150f52d0326740697aa261f
2025-06-01,151,18,q4_3,B0,FORMAL_BACKUP,q4-inheritance-v2,delivery,7586.958423885632,9,"[121, 136, 122, 138, 118, 139, 111, 125, 109]","[0.1111111111111111, 0.1111111111111111, 0.1111111111111111, 0.1111111111111111, 0.1111111111111111, 0.1111111111111111, 0.1111111111111111, 0.1111111111111111, 0.1111111111111111]",57239.90677914843,57239.90677914843,1080.8435790696,5128.2390698980735,0.08080809999955818,9.094947017729282e-13,181,0.0,0.02,0.8,1919.507878609008,0,0.0,False,08ad55a129c188b78a6bf379ee5514cf466d54acf150f52d0326740697aa261f
2025-06-02,152,0,q4_3,B0,FORMAL_BACKUP,q4-inheritance-v2,delivery,3528.249527198497,9,"[149, 136, 122, 138, 118, 139, 111, 125, 109]","[0.1111111111111111, 0.1111111111111111, 0.1111111111111111, 0.1111111111111111, 0.1111111111111111, 0.1111111111111111, 0.1111111111111111, 0.1111111111111111, 0.1111111111111111]",91341.28704543429,91341.28704543429,3378.531481518677,16892.657407593386,0.19363870000233874,9.094947017729282e-13,289,0.0,0.02,0.8,0.0,0,0.0,False,08ad55a129c188b78a6bf379ee5514cf466d54acf150f52d0326740697aa261f
2025-06-02,152,6,q4_3,B0,FORMAL_BACKUP,q4-inheritance-v2,delivery,10135.699043915167,9,"[149, 136, 122, 138, 118, 139, 111, 125, 109]","[0.1111111111111111, 0.1111111111111111, 0.1111111111111111, 0.1111111111111111, 0.1111111111111111, 0.1111111111111111, 0.1111111111111111, 0.1111111111111111, 0.1111111111111111]",75135.35288823466,75135.35288823466,702.1112048832275,3504.1306480060143,0.12004169999272563,1.8189894035458565e-12,253,0.0,0.02,0.8,3566.8469299417025,0,0.0,False,08ad55a129c188b78a6bf379ee5514cf466d54acf150f52d0326740697aa261f
2025-06-02,152,12,q4_3,B0,FORMAL_BACKUP,q4-inheritance-v2,delivery,9452.245831861073,9,"[149, 136, 122, 138, 118, 139, 111, 125, 109]","[0.1111111111111111, 0.1111111111111111, 0.1111111111111111, 0.1111111111111111, 0.1111111111111111, 0.1111111111111111, 0.1111111111111111, 0.1111111111111111, 0.1111111111111111]",70459.38858721037,70459.38858721037,411.787087179577,2057.6034039503543,0.10325729999749456,1.8189894035458565e-12,217,0.0,0.02,0.8,3852.8271583642018,0,0.0,False,08ad55a129c188b78a6bf379ee5514cf466d54acf150f52d0326740697aa261f
2025-06-02,152,18,q4_3,B0,FORMAL_BACKUP,q4-inheritance-v2,delivery,10713.219575861009,9,"[149, 136, 122, 138, 118, 139, 111, 125, 109]","[0.1111111111111111, 0.1111111111111111, 0.1111111111111111, 0.1111111111111111, 0.1111111111111111, 0.1111111111111111, 0.1111111111111111, 0.1111111111111111, 0.1111111111111111]",58782.71165377681,58782.71165377681,50.89353385997078,254.24807646343422,0.08318560000043362,1.8189894035458565e-12,181,0.0,0.02,0.8,2.2737367544323206e-13,0,0.0,False,08ad55a129c188b78a6bf379ee5514cf466d54acf150f52d0326740697aa261f
2025-06-03,153,0,q4_3,B0,FORMAL_BACKUP,q4-inheritance-v2,delivery,4339.69019189619,9,"[149, 150, 115, 138, 118, 139, 111, 125, 109]","[0.1111111111111111, 0.1111111111111111, 0.1111111111111111, 0.1111111111111111, 0.1111111111111111, 0.1111111111111111, 0.1111111111111111, 0.1111111111111111, 0.1111111111111111]",88536.64380638335,88536.64380638335,3225.4197427312083,16127.098713656045,0.20250949999899603,1.8189894035458565e-12,289,0.0,0.02,0.8,0.0,0,0.0,False,08ad55a129c188b78a6bf379ee5514cf466d54acf150f52d0326740697aa261f
2025-06-03,153,6,q4_3,B0,FORMAL_BACKUP,q4-inheritance-v2,delivery,10223.5989524038,9,"[149, 150, 115, 138, 118, 139, 111, 125, 109]","[0.1111111111111111, 0.1111111111111111, 0.1111111111111111, 0.1111111111111111, 0.1111111111111111, 0.1111111111111111, 0.1111111111111111, 0.1111111111111111, 0.1111111111111111]",78263.52699365844,78263.52699365844,4450.225879285233,21612.128426645068,0.1244719999958761,1.8189894035458565e-12,253,0.0,0.02,0.8,406.01741862140426,0,0.0,False,08ad55a129c188b78a6bf379ee5514cf466d54acf150f52d0326740697aa261f
2025-06-03,153,12,q4_3,B0,FORMAL_BACKUP,q4-inheritance-v2,delivery,8980.388744882295,9,"[149, 150, 115, 138, 118, 139, 111, 125, 109]","[0.1111111111111111, 0.1111111111111111, 0.1111111111111111, 0.1111111111111111, 0.1111111111111111, 0.1111111111111111, 0.1111111111111111, 0.1111111111111111, 0.1111111111111111]",70064.96493830104,70064.96493830104,941.5514717260774,4707.757358630388,0.10626509999565315,1.8189894035458565e-12,217,0.0,0.02,0.8,3080.17791389003,0,0.0,False,08ad55a129c188b78a6bf379ee5514cf466d54acf150f52d0326740697aa261f
2025-06-03,153,18,q4_3,B0,FORMAL_BACKUP,q4-inheritance-v2,delivery,10540.477657026391,9,"[149, 150, 115, 138, 118, 139, 111, 125, 109]","[0.1111111111111111, 0.1111111111111111, 0.1111111111111111, 0.1111111111111111, 0.1111111111111111, 0.1111111111111111, 0.1111111111111111, 0.1111111111111111, 0.1111111111111111]",55976.02999183597,55976.02999183597,237.39641993940646,1186.9820996970325,0.08553880000545178,1.8189894035458565e-12,181,0.0,0.02,0.8,1.1368683772161603e-13,0,0.0,False,08ad55a129c188b78a6bf379ee5514cf466d54acf150f52d0326740697aa261f
2025-06-04,154,0,q4_3,B0,FORMAL_BACKUP,q4-inheritance-v2,delivery,3563.7954124067664,9,"[149, 150, 115, 138, 118, 139, 111, 125, 130]","[0.1111111111111111, 0.1111111111111111, 0.1111111111111111, 0.1111111111111111, 0.1111111111111111, 0.1111111111111111, 0.1111111111111111, 0.1111111111111111, 0.1111111111111111]",97558.84913108584,97558.84913108584,3410.726795178442,17053.63397589221,0.24395249999361113,1.8189894035458565e-12,289,0.0,0.02,0.8,0.0,0,0.0,False,08ad55a129c188b78a6bf379ee5514cf466d54acf150f52d0326740697aa261f
2025-06-04,154,6,q4_3,B0,FORMAL_BACKUP,q4-inheritance-v2,delivery,9635.604366841948,9,"[149, 150, 115, 138, 118, 139, 111, 125, 130]","[0.1111111111111111, 0.1111111111111111, 0.1111111111111111, 0.1111111111111111, 0.1111111111111111, 0.1111111111111111, 0.1111111111111111, 0.1111111111111111, 0.1111111111111111]",79481.9085746842,79481.9085746842,683.4511019899162,3417.2555099495817,0.10961829998996109,9.094947017729282e-13,253,0.0,0.02,0.8,9343.458677612092,0,0.0,False,08ad55a129c188b78a6bf379ee5514cf466d54acf150f52d0326740697aa261f
2025-06-04,154,12,q4_3,B0,FORMAL_BACKUP,q4-inheritance-v2,delivery,9630.832555265046,9,"[149, 150, 115, 138, 118, 139, 111, 125, 130]","[0.1111111111111111, 0.1111111111111111, 0.1111111111111111, 0.1111111111111111, 0.1111111111111111, 0.1111111111111111, 0.1111111111111111, 0.1111111111111111, 0.1111111111111111]",74324.93715931904,74324.93715931904,729.1990645976914,3645.9953229884572,0.09774470000411384,1.8189894035458565e-12,217,0.0,0.02,0.8,6025.9518055246845,0,0.0,False,08ad55a129c188b78a6bf379ee5514cf466d54acf150f52d0326740697aa261f
2025-06-04,154,18,q4_3,B0,FORMAL_BACKUP,q4-inheritance-v2,delivery,10642.740626138333,9,"[149, 150, 115, 138, 118, 139, 111, 125, 130]","[0.1111111111111111, 0.1111111111111111, 0.1111111111111111, 0.1111111111111111, 0.1111111111111111, 0.1111111111111111, 0.1111111111111111, 0.1111111111111111, 0.1111111111111111]",63493.1319550896,63493.1319550896,74.40409074021333,372.0204537010667,0.08079970000835601,9.094947017729282e-13,181,0.0,0.02,0.8,5.684341886080801e-13,0,0.0,False,08ad55a129c188b78a6bf379ee5514cf466d54acf150f52d0326740697aa261f
2025-06-05,155,0,q4_3,B0,FORMAL_BACKUP,q4-inheritance-v2,delivery,5179.813685351727,9,"[149, 150, 115, 117, 134, 139, 111, 125, 130]","[0.1111111111111111, 0.1111111111111111, 0.1111111111111111, 0.1111111111111111, 0.1111111111111111, 0.1111111111111111, 0.1111111111111111, 0.1111111111111111, 0.1111111111111111]",67358.68832755068,67358.68832755068,3733.6963068387163,18668.481534193583,0.17865750000055414,1.8189894035458565e-12,289,0.0,0.02,0.8,0.0,0,0.0,False,08ad55a129c188b78a6bf379ee5514cf466d54acf150f52d0326740697aa261f
2025-06-05,155,6,q4_3,B0,FORMAL_BACKUP,q4-inheritance-v2,delivery,10181.852436735137,9,"[149, 150, 115, 117, 134, 139, 111, 125, 130]","[0.1111111111111111, 0.1111111111111111, 0.1111111111111111, 0.1111111111111111, 0.1111111111111111, 0.1111111111111111, 0.1111111111111111, 0.1111111111111111, 0.1111111111111111]",56161.07505950931,56161.07505950931,4492.793836648404,21895.148842608778,0.08236640000541229,1.8189894035458565e-12,253,0.0,0.02,0.8,411.57562333333703,0,0.0,False,08ad55a129c188b78a6bf379ee5514cf466d54acf150f52d0326740697aa261f
2025-06-05,155,12,q4_3,B0,FORMAL_BACKUP,q4-inheritance-v2,delivery,7245.311648773463,9,"[149, 150, 115, 117, 134, 139, 111, 125, 130]","[0.1111111111111111, 0.1111111111111111, 0.1111111111111111, 0.1111111111111111, 0.1111111111111111, 0.1111111111111111, 0.1111111111111111, 0.1111111111111111, 0.1111111111111111]",51138.82367950361,51138.82367950361,2712.404234931214,13286.286960171878,0.10720679999212734,1.0913936421275139e-11,217,0.0,0.02,0.8,1350.5867404629614,0,0.0,False,08ad55a129c188b78a6bf379ee5514cf466d54acf150f52d0326740697aa261f
2025-06-05,155,18,q4_3,B0,FORMAL_BACKUP,q4-inheritance-v2,delivery,9682.121722323747,9,"[149, 150, 115, 117, 134, 139, 111, 125, 130]","[0.1111111111111111, 0.1111111111111111, 0.1111111111111111, 0.1111111111111111, 0.1111111111111111, 0.1111111111111111, 0.1111111111111111, 0.1111111111111111, 0.1111111111111111]",39455.023685529784,39455.023685529784,1111.1422944404922,5538.758281537647,0.07835310000518803,1.8189894035458565e-12,181,0.0,0.02,0.8,1.1368683772161603e-13,0,0.0,False,08ad55a129c188b78a6bf379ee5514cf466d54acf150f52d0326740697aa261f
2025-06-06,156,0,q4_3,B0,FORMAL_BACKUP,q4-inheritance-v2,delivery,2352.3718178622207,9,"[149, 150, 115, 117, 134, 139, 120, 125, 130]","[0.1111111111111111, 0.1111111111111111, 0.1111111111111111, 0.1111111111111111, 0.1111111111111111, 0.1111111111111111, 0.1111111111111111, 0.1111111111111111, 0.1111111111111111]",44662.240701836985,44662.240701836985,2411.2848207008706,12056.10066881917,0.1574758000060683,7.275957614183426e-12,289,0.0,0.02,0.8,0.0,0,0.0,False,08ad55a129c188b78a6bf379ee5514cf466d54acf150f52d0326740697aa261f
2025-06-06,156,6,q4_3,B0,FORMAL_BACKUP,q4-inheritance-v2,delivery,9345.805792081765,9,"[149, 150, 115, 117, 134, 139, 120, 125, 130]","[0.1111111111111111, 0.1111111111111111, 0.1111111111111111, 0.1111111111111111, 0.1111111111111111, 0.1111111111111111, 0.1111111111111111, 0.1111111111111111, 0.1111111111111111]",34820.49191993413,34820.49191993413,1043.609099038012,5218.045495190061,0.12432239999179728,1.8189894035458565e-12,253,0.0,0.02,0.8,1423.428311080242,0,0.0,False,08ad55a129c188b78a6bf379ee5514cf466d54acf150f52d0326740697aa261f
2025-06-06,156,12,q4_3,B0,FORMAL_BACKUP,q4-inheritance-v2,delivery,10800.0,9,"[149, 150, 115, 117, 134, 139, 120, 125, 130]","[0.1111111111111111, 0.1111111111111111, 0.1111111111111111, 0.1111111111111111, 0.1111111111111111, 0.1111111111111111, 0.1111111111111111, 0.1111111111111111, 0.1111111111111111]",34536.1494970462,34536.1494970462,1119.6738065725124,5598.3690328625635,0.10573310000472702,1.8189894035458565e-12,217,0.0,0.02,0.8,3119.8182880758454,0,0.0,False,08ad55a129c188b78a6bf379ee5514cf466d54acf150f52d0326740697aa261f
2025-06-06,156,18,q4_3,B0,FORMAL_BACKUP,q4-inheritance-v2,delivery,10800.0,9,"[149, 150, 115, 117, 134, 139, 120, 125, 130]","[0.1111111111111111, 0.1111111111111111, 0.1111111111111111, 0.1111111111111111, 0.1111111111111111, 0.1111111111111111, 0.1111111111111111, 0.1111111111111111, 0.1111111111111111]",31717.44700091586,31717.44700091586,278.46694775636263,1392.3347387818135,0.06805069999245461,1.8189894035458565e-12,181,0.0,0.02,0.8,2.8421709430404007e-13,0,0.0,False,08ad55a129c188b78a6bf379ee5514cf466d54acf150f52d0326740697aa261f
2025-06-07,157,0,q4_3,B0,FORMAL_BACKUP,q4-inheritance-v2,delivery,5962.660518184038,9,"[149, 150, 115, 117, 134, 146, 140, 125, 130]","[0.1111111111111111, 0.1111111111111111, 0.1111111111111111, 0.1111111111111111, 0.1111111111111111, 0.1111111111111111, 0.1111111111111111, 0.1111111111111111, 0.1111111111111111]",60980.897081148956,60980.897081148956,2423.4641768398124,12116.181585520497,0.16947020000952762,1.8189894035458565e-12,289,0.0,0.02,0.8,0.0,0,0.0,False,08ad55a129c188b78a6bf379ee5514cf466d54acf150f52d0326740697aa261f
2025-06-07,157,6,q4_3,B0,FORMAL_BACKUP,q4-inheritance-v2,delivery,6895.261129402017,9,"[149, 150, 115, 117, 134, 146, 140, 125, 130]","[0.1111111111111111, 0.1111111111111111, 0.1111111111111111, 0.1111111111111111, 0.1111111111111111, 0.1111111111111111, 0.1111111111111111, 0.1111111111111111, 0.1111111111111111]",53522.454979533555,53522.454979533555,1111.2040372299714,5535.77288474245,0.12027590000070632,1.8189894035458565e-12,253,0.0,0.02,0.8,4570.435866111114,0,0.0,False,08ad55a129c188b78a6bf379ee5514cf466d54acf150f52d0326740697aa261f
2025-06-07,157,12,q4_3,B0,FORMAL_BACKUP,q4-inheritance-v2,delivery,10800.0,9,"[149, 150, 115, 117, 134, 146, 140, 125, 130]","[0.1111111111111111, 0.1111111111111111, 0.1111111111111111, 0.1111111111111111, 0.1111111111111111, 0.1111111111111111, 0.1111111111111111, 0.1111111111111111, 0.1111111111111111]",49475.3877689897,49475.3877689897,1280.4141329099803,6402.070664549903,0.09504300000844523,1.8189894035458565e-12,217,0.0,0.02,0.8,483.4886509876562,0,0.0,False,08ad55a129c188b78a6bf379ee5514cf466d54acf150f52d0326740697aa261f
2025-06-07,157,18,q4_3,B0,FORMAL_BACKUP,q4-inheritance-v2,delivery,10618.788103155483,9,"[149, 150, 115, 117, 134, 146, 140, 125, 130]","[0.1111111111111111, 0.1111111111111111, 0.1111111111111111, 0.1111111111111111, 0.1111111111111111, 0.1111111111111111, 0.1111111111111111, 0.1111111111111111, 0.1111111111111111]",46124.16933087349,46124.16933087349,555.1536324972736,2775.768162486369,0.0801867999980459,1.8189894035458565e-12,181,0.0,0.02,0.8,5.684341886080802e-14,0,0.0,False,08ad55a129c188b78a6bf379ee5514cf466d54acf150f52d0326740697aa261f
2025-06-08,158,0,q4_3,B0,FORMAL_BACKUP,q4-inheritance-v2,delivery,9164.929156086597,9,"[149, 150, 115, 117, 154, 139, 120, 125, 130]","[0.1111111111111111, 0.1111111111111111, 0.1111111111111111, 0.1111111111111111, 0.1111111111111111, 0.1111111111111111, 0.1111111111111111, 0.1111111111111111, 0.1111111111111111]",83238.7865775635,83238.7865775635,3731.6708608051736,18658.354304025874,0.1995498000032967,1.8189894035458565e-12,289,0.0,0.02,0.8,0.0,0,0.0,False,08ad55a129c188b78a6bf379ee5514cf466d54acf150f52d0326740697aa261f
2025-06-08,158,6,q4_3,B0,FORMAL_BACKUP,q4-inheritance-v2,delivery,9408.137990433599,9,"[149, 150, 115, 117, 154, 139, 120, 125, 130]","[0.1111111111111111, 0.1111111111111111, 0.1111111111111111, 0.1111111111111111, 0.1111111111111111, 0.1111111111111111, 0.1111111111111111, 0.1111111111111111, 0.1111111111111111]",73426.27397426155,73426.27397426155,3654.2406073885704,17257.954225212023,0.12562900000193622,5.4569682106375694e-12,253,0.0,0.02,0.8,817.4579780277727,0,0.0,False,08ad55a129c188b78a6bf379ee5514cf466d54acf150f52d0326740697aa261f
2025-06-08,158,12,q4_3,B0,FORMAL_BACKUP,q4-inheritance-v2,delivery,5621.337377100379,9,"[149, 150, 115, 117, 154, 139, 120, 125, 130]","[0.1111111111111111, 0.1111111111111111, 0.1111111111111111, 0.1111111111111111, 0.1111111111111111, 0.1111111111111111, 0.1111111111111111, 0.1111111111111111, 0.1111111111111111]",69335.85037954678,69335.85037954678,2755.4885497157275,13745.858512756107,0.10967420000815764,7.275957614183426e-12,217,0.0,0.02,0.8,799.2126213333265,0,0.0,False,08ad55a129c188b78a6bf379ee5514cf466d54acf150f52d0326740697aa261f
2025-06-08,158,18,q4_3,B0,FORMAL_BACKUP,q4-inheritance-v2,delivery,8858.748272876965,9,"[149, 150, 115, 117, 154, 139, 120, 125, 130]","[0.1111111111111111, 0.1111111111111111, 0.1111111111111111, 0.1111111111111111, 0.1111111111111111, 0.1111111111111111, 0.1111111111111111, 0.1111111111111111, 0.1111111111111111]",62710.298264834346,62710.298264834346,1290.0674122514283,6071.689035409498,0.08521590000600554,1.8189894035458565e-12,181,0.0,0.02,0.8,556.1647722654321,0,0.0,False,08ad55a129c188b78a6bf379ee5514cf466d54acf150f52d0326740697aa261f
2025-06-09,159,0,q4_3,B0,FORMAL_BACKUP,q4-inheritance-v2,delivery,1280.949021826155,9,"[149, 150, 115, 117, 154, 139, 120, 125, 130]","[0.1111111111111111, 0.1111111111111111, 0.1111111111111111, 0.1111111111111111, 0.1111111111111111, 0.1111111111111111, 0.1111111111111111, 0.1111111111111111, 0.1111111111111111]",111703.87881571635,111703.87881571635,3956.5321330247057,19782.660665123534,0.18851579999318346,7.275957614183426e-12,289,0.0,0.02,0.8,0.0,0,0.0,False,08ad55a129c188b78a6bf379ee5514cf466d54acf150f52d0326740697aa261f
2025-06-09,159,6,q4_3,B0,FORMAL_BACKUP,q4-inheritance-v2,delivery,10554.89866932971,9,"[149, 150, 115, 117, 154, 139, 120, 125, 130]","[0.1111111111111111, 0.1111111111111111, 0.1111111111111111, 0.1111111111111111, 0.1111111111111111, 0.1111111111111111, 0.1111111111111111, 0.1111111111111111, 0.1111111111111111]",93508.41633355043,93508.41633355043,965.3233782375605,4583.586717512478,0.1227777000021888,1.8189894035458565e-12,253,0.0,0.02,0.8,858.7003483333382,0,0.0,False,08ad55a129c188b78a6bf379ee5514cf466d54acf150f52d0326740697aa261f
2025-06-09,159,12,q4_3,B0,FORMAL_BACKUP,q4-inheritance-v2,delivery,10788.497113473199,9,"[149, 150, 115, 117, 154, 139, 120, 125, 130]","[0.1111111111111111, 0.1111111111111111, 0.1111111111111111, 0.1111111111111111, 0.1111111111111111, 0.1111111111111111, 0.1111111111111111, 0.1111111111111111, 0.1111111111111111]",92296.49230971707,92296.49230971707,1423.481186815153,7117.405934075767,0.10950590000720695,1.8189894035458565e-12,217,0.0,0.02,0.8,3289.6815840084278,0,0.0,False,08ad55a129c188b78a6bf379ee5514cf466d54acf150f52d0326740697aa261f
2025-06-09,159,18,q4_3,B0,FORMAL_BACKUP,q4-inheritance-v2,delivery,10800.0,9,"[149, 150, 115, 117, 154, 139, 120, 125, 130]","[0.1111111111111111, 0.1111111111111111, 0.1111111111111111, 0.1111111111111111, 0.1111111111111111, 0.1111111111111111, 0.1111111111111111, 0.1111111111111111, 0.1111111111111111]",70643.4610184663,70643.4610184663,5.448599596194173e-14,3.802272077438021e-13,0.08902250000392087,1.8189894035458565e-12,181,0.0,0.02,0.8,669.2355761111115,0,0.0,False,08ad55a129c188b78a6bf379ee5514cf466d54acf150f52d0326740697aa261f
2025-06-10,160,0,q4_3,B0,FORMAL_BACKUP,q4-inheritance-v2,delivery,4313.979568094941,9,"[149, 150, 122, 117, 154, 139, 120, 125, 130]","[0.1111111111111111, 0.1111111111111111, 0.1111111111111111, 0.1111111111111111, 0.1111111111111111, 0.1111111111111111, 0.1111111111111111, 0.1111111111111111, 0.1111111111111111]",106185.09331195691,106185.09331195691,3746.058878478979,18730.2943923949,0.20643579999159556,9.094947017729282e-13,289,0.0,0.02,0.8,0.0,0,0.0,False,08ad55a129c188b78a6bf379ee5514cf466d54acf150f52d0326740697aa261f
2025-06-10,160,6,q4_3,B0,FORMAL_BACKUP,q4-inheritance-v2,delivery,10800.0,9,"[149, 150, 122, 117, 154, 139, 120, 125, 130]","[0.1111111111111111, 0.1111111111111111, 0.1111111111111111, 0.1111111111111111, 0.1111111111111111, 0.1111111111111111, 0.1111111111111111, 0.1111111111111111, 0.1111111111111111]",93047.03806623165,93047.03806623165,3585.0517555913893,17118.23295370681,0.11914209999667946,3.637978807091713e-12,253,0.0,0.02,0.8,253.95939833333867,0,0.0,False,08ad55a129c188b78a6bf379ee5514cf466d54acf150f52d0326740697aa261f
2025-06-10,160,12,q4_3,B0,FORMAL_BACKUP,q4-inheritance-v2,delivery,8002.403270154745,9,"[149, 150, 122, 117, 154, 139, 120, 125, 130]","[0.1111111111111111, 0.1111111111111111, 0.1111111111111111, 0.1111111111111111, 0.1111111111111111, 0.1111111111111111, 0.1111111111111111, 0.1111111111111111, 0.1111111111111111]",94546.96898759199,94546.96898759199,2643.2719236219873,13216.35961810994,0.10647579999931622,1.8189894035458565e-12,217,0.0,0.02,0.8,808.1025158333332,0,0.0,False,08ad55a129c188b78a6bf379ee5514cf466d54acf150f52d0326740697aa261f
2025-06-10,160,18,q4_3,B0,FORMAL_BACKUP,q4-inheritance-v2,delivery,10659.558648408827,9,"[149, 150, 122, 117, 154, 139, 120, 125, 130]","[0.1111111111111111, 0.1111111111111111, 0.1111111111111111, 0.1111111111111111, 0.1111111111111111, 0.1111111111111111, 0.1111111111111111, 0.1111111111111111, 0.1111111111111111]",78219.30008251761,78219.30008251761,94.09024518132372,470.45122590661873,0.08348620000469964,9.094947017729282e-13,181,0.0,0.02,0.8,1.4779288903810084e-12,0,0.0,False,08ad55a129c188b78a6bf379ee5514cf466d54acf150f52d0326740697aa261f
2025-06-11,161,0,q4_3,B0,FORMAL_BACKUP,q4-inheritance-v2,delivery,4245.583322220767,9,"[149, 150, 122, 117, 154, 139, 120, 125, 123]","[0.1111111111111111, 0.1111111111111111, 0.1111111111111111, 0.1111111111111111, 0.1111111111111111, 0.1111111111111111, 0.1111111111111111, 0.1111111111111111, 0.1111111111111111]",110996.09338687998,110996.09338687998,2702.735970316141,13513.679851580708,0.1993069000018295,1.8189894035458565e-12,289,0.0,0.02,0.8,0.0,0,0.0,False,08ad55a129c188b78a6bf379ee5514cf466d54acf150f52d0326740697aa261f
2025-06-11,161,6,q4_3,B0,FORMAL_BACKUP,q4-inheritance-v2,delivery,10800.0,9,"[149, 150, 122, 117, 154, 139, 120, 125, 123]","[0.1111111111111111, 0.1111111111111111, 0.1111111111111111, 0.1111111111111111, 0.1111111111111111, 0.1111111111111111, 0.1111111111111111, 0.1111111111111111, 0.1111111111111111]",98259.74864220993,98259.74864220993,3704.9030657798585,18297.848099411985,0.11055599999963306,3.637978807091713e-12,253,0.0,0.02,0.8,198.6344938888941,0,0.0,False,08ad55a129c188b78a6bf379ee5514cf466d54acf150f52d0326740697aa261f
2025-06-11,161,12,q4_3,B0,FORMAL_BACKUP,q4-inheritance-v2,delivery,7011.7665139110495,9,"[149, 150, 122, 117, 154, 139, 120, 125, 123]","[0.1111111111111111, 0.1111111111111111, 0.1111111111111111, 0.1111111111111111, 0.1111111111111111, 0.1111111111111111, 0.1111111111111111, 0.1111111111111111, 0.1111111111111111]",91714.06246998887,91714.06246998887,2050.6002732880274,10253.001366440138,0.1058673999941675,3.637978807091713e-12,217,0.0,0.02,0.8,256.04335305555605,0,0.0,False,08ad55a129c188b78a6bf379ee5514cf466d54acf150f52d0326740697aa261f
2025-06-11,161,18,q4_3,B0,FORMAL_BACKUP,q4-inheritance-v2,delivery,10800.0,9,"[149, 150, 122, 117, 154, 139, 120, 125, 123]","[0.1111111111111111, 0.1111111111111111, 0.1111111111111111, 0.1111111111111111, 0.1111111111111111, 0.1111111111111111, 0.1111111111111111, 0.1111111111111111, 0.1111111111111111]",75888.31232051681,75888.31232051681,-4.205149808613998e-14,0.0,0.0865166000003228,9.094947017729282e-13,181,0.0,0.02,0.8,195.30233830246738,0,0.0,False,08ad55a129c188b78a6bf379ee5514cf466d54acf150f52d0326740697aa261f
2025-06-12,162,0,q4_3,B0,FORMAL_BACKUP,q4-inheritance-v2,delivery,5401.659738698385,9,"[149, 150, 122, 157, 154, 139, 120, 125, 123]","[0.1111111111111111, 0.1111111111111111, 0.1111111111111111, 0.1111111111111111, 0.1111111111111111, 0.1111111111111111, 0.1111111111111111, 0.1111111111111111, 0.1111111111111111]",85490.54770216928,85490.54770216928,3030.8697934846136,15154.348967423071,0.23390130000188947,1.8189894035458565e-12,289,0.0,0.02,0.8,0.0,0,0.0,False,08ad55a129c188b78a6bf379ee5514cf466d54acf150f52d0326740697aa261f
2025-06-12,162,6,q4_3,B0,FORMAL_BACKUP,q4-inheritance-v2,delivery,10800.0,9,"[149, 150, 122, 157, 154, 139, 120, 125, 123]","[0.1111111111111111, 0.1111111111111111, 0.1111111111111111, 0.1111111111111111, 0.1111111111111111, 0.1111111111111111, 0.1111111111111111, 0.1111111111111111, 0.1111111111111111]",75123.17490007349,75123.17490007349,5219.783443996254,24806.78811869521,0.11855299999297131,1.8189894035458565e-12,253,0.0,0.02,0.8,6.0111915445304476e-12,0,0.0,False,08ad55a129c188b78a6bf379ee5514cf466d54acf150f52d0326740697aa261f
2025-06-12,162,12,q4_3,B0,FORMAL_BACKUP,q4-inheritance-v2,delivery,9841.647598056525,9,"[149, 150, 122, 157, 154, 139, 120, 125, 123]","[0.1111111111111111, 0.1111111111111111, 0.1111111111111111, 0.1111111111111111, 0.1111111111111111, 0.1111111111111111, 0.1111111111111111, 0.1111111111111111, 0.1111111111111111]",69501.05273651287,69501.05273651287,2940.5516525702647,14702.758262851326,0.10458710000966676,1.0913936421275139e-11,217,0.0,0.02,0.8,2707.7631398662584,0,0.0,False,08ad55a129c188b78a6bf379ee5514cf466d54acf150f52d0326740697aa261f
2025-06-12,162,18,q4_3,B0,FORMAL_BACKUP,q4-inheritance-v2,delivery,10800.0,9,"[149, 150, 122, 157, 154, 139, 120, 125, 123]","[0.1111111111111111, 0.1111111111111111, 0.1111111111111111, 0.1111111111111111, 0.1111111111111111, 0.1111111111111111, 0.1111111111111111, 0.1111111111111111, 0.1111111111111111]",49100.05556449658,49100.05556449658,347.5986643779951,1737.9933218899757,0.0823917999950936,1.8189894035458565e-12,181,0.0,0.02,0.8,2.2737367544323206e-13,0,0.0,False,08ad55a129c188b78a6bf379ee5514cf466d54acf150f52d0326740697aa261f
2025-06-13,163,0,q4_3,B0,FORMAL_BACKUP,q4-inheritance-v2,delivery,4994.425512403427,9,"[149, 150, 122, 157, 154, 139, 120, 125, 123]","[0.1111111111111111, 0.1111111111111111, 0.1111111111111111, 0.1111111111111111, 0.1111111111111111, 0.1111111111111111, 0.1111111111111111, 0.1111111111111111, 0.1111111111111111]",57260.97847120327,57260.97847120327,2287.505721998539,11437.528609992696,0.19269739999435842,3.637978807091713e-12,289,0.0,0.02,0.8,0.0,0,0.0,False,08ad55a129c188b78a6bf379ee5514cf466d54acf150f52d0326740697aa261f
2025-06-13,163,6,q4_3,B0,FORMAL_BACKUP,q4-inheritance-v2,delivery,10439.059331984676,9,"[149, 150, 122, 157, 154, 139, 120, 125, 123]","[0.1111111111111111, 0.1111111111111111, 0.1111111111111111, 0.1111111111111111, 0.1111111111111111, 0.1111111111111111, 0.1111111111111111, 0.1111111111111111, 0.1111111111111111]",48156.27058132671,48156.27058132671,2133.930187610335,10669.650938051678,0.12612329999683425,1.0913936421275139e-11,253,0.0,0.02,0.8,3.8546943414985435e-12,0,0.0,False,08ad55a129c188b78a6bf379ee5514cf466d54acf150f52d0326740697aa261f
2025-06-13,163,12,q4_3,B0,FORMAL_BACKUP,q4-inheritance-v2,delivery,10800.0,9,"[149, 150, 122, 157, 154, 139, 120, 125, 123]","[0.1111111111111111, 0.1111111111111111, 0.1111111111111111, 0.1111111111111111, 0.1111111111111111, 0.1111111111111111, 0.1111111111111111, 0.1111111111111111, 0.1111111111111111]",46147.6802522678,46147.6802522678,2200.7158740156106,11003.579370078056,0.10358759999508038,3.637978807091713e-12,217,0.0,0.02,0.8,865.6030388888889,0,0.0,False,08ad55a129c188b78a6bf379ee5514cf466d54acf150f52d0326740697aa261f
2025-06-13,163,18,q4_3,B0,FORMAL_BACKUP,q4-inheritance-v2,delivery,10800.0,9,"[149, 150, 122, 157, 154, 139, 120, 125, 123]","[0.1111111111111111, 0.1111111111111111, 0.1111111111111111, 0.1111111111111111, 0.1111111111111111, 0.1111111111111111, 0.1111111111111111, 0.1111111111111111, 0.1111111111111111]",41344.76993732566,41344.76993732566,677.456997349716,3387.2849867485797,0.08430000000225846,1.8189894035458565e-12,181,0.0,0.02,0.8,5.684341886080802e-14,0,0.0,False,08ad55a129c188b78a6bf379ee5514cf466d54acf150f52d0326740697aa261f
2025-06-14,164,0,q4_3,B0,FORMAL_BACKUP,q4-inheritance-v2,delivery,8123.846586486914,9,"[149, 150, 122, 157, 154, 139, 120, 125, 123]","[0.1111111111111111, 0.1111111111111111, 0.1111111111111111, 0.1111111111111111, 0.1111111111111111, 0.1111111111111111, 0.1111111111111111, 0.1111111111111111, 0.1111111111111111]",65278.68652251833,65278.68652251833,1963.0627197155857,9815.31359857793,0.18096179999702144,1.8189894035458565e-12,289,0.0,0.02,0.8,0.0,0,0.0,False,08ad55a129c188b78a6bf379ee5514cf466d54acf150f52d0326740697aa261f
2025-06-14,164,6,q4_3,B0,FORMAL_BACKUP,q4-inheritance-v2,delivery,6545.61148025297,9,"[149, 150, 122, 157, 154, 139, 120, 125, 123]","[0.1111111111111111, 0.1111111111111111, 0.1111111111111111, 0.1111111111111111, 0.1111111111111111, 0.1111111111111111, 0.1111111111111111, 0.1111111111111111, 0.1111111111111111]",59484.79631173238,59484.79631173238,1482.3325606570497,7333.110841765776,0.12431660000584088,1.8189894035458565e-12,253,0.0,0.02,0.8,2.716049607442983e-12,0,0.0,False,08ad55a129c188b78a6bf379ee5514cf466d54acf150f52d0326740697aa261f
2025-06-14,164,12,q4_3,B0,FORMAL_BACKUP,q4-inheritance-v2,delivery,10800.0,9,"[149, 150, 122, 157, 154, 139, 120, 125, 123]","[0.1111111111111111, 0.1111111111111111, 0.1111111111111111, 0.1111111111111111, 0.1111111111111111, 0.1111111111111111, 0.1111111111111111, 0.1111111111111111, 0.1111111111111111]",56931.28933752183,56931.28933752183,1351.528528286316,6757.64264143158,0.10631500001181848,1.8189894035458565e-12,217,0.0,0.02,0.8,0.0,0,0.0,False,08ad55a129c188b78a6bf379ee5514cf466d54acf150f52d0326740697aa261f
2025-06-14,164,18,q4_3,B0,FORMAL_BACKUP,q4-inheritance-v2,delivery,10800.0,9,"[149, 150, 122, 157, 154, 139, 120, 125, 123]","[0.1111111111111111, 0.1111111111111111, 0.1111111111111111, 0.1111111111111111, 0.1111111111111111, 0.1111111111111111, 0.1111111111111111, 0.1111111111111111, 0.1111111111111111]",56404.82281257297,56404.82281257297,398.29490366529194,1991.4745183264602,0.07309730000270065,1.8189894035458565e-12,181,0.0,0.02,0.8,1.1368683772161603e-13,0,0.0,False,08ad55a129c188b78a6bf379ee5514cf466d54acf150f52d0326740697aa261f
2025-06-15,165,0,q4_3,B0,FORMAL_BACKUP,q4-inheritance-v2,delivery,8768.398814832717,9,"[149, 150, 122, 157, 160, 146, 140, 125, 123]","[0.1111111111111111, 0.1111111111111111, 0.1111111111111111, 0.1111111111111111, 0.1111111111111111, 0.1111111111111111, 0.1111111111111111, 0.1111111111111111, 0.1111111111111111]",85927.29972113016,85927.29972113016,2457.343680619279,12286.718403096398,0.198559500000556,1.8189894035458565e-12,289,0.0,0.02,0.8,0.0,0,0.0,False,08ad55a129c188b78a6bf379ee5514cf466d54acf150f52d0326740697aa261f
2025-06-15,165,6,q4_3,B0,FORMAL_BACKUP,q4-inheritance-v2,delivery,9274.848879583036,9,"[149, 150, 122, 157, 160, 146, 140, 125, 123]","[0.1111111111111111, 0.1111111111111111, 0.1111111111111111, 0.1111111111111111, 0.1111111111111111, 0.1111111111111111, 0.1111111111111111, 0.1111111111111111, 0.1111111111111111]",78622.98445434353,78622.98445434353,4880.933179813256,24303.20542127782,0.1257385999924736,7.275957614183426e-12,253,0.0,0.02,0.8,179.6823592023473,0,0.0,False,08ad55a129c188b78a6bf379ee5514cf466d54acf150f52d0326740697aa261f
2025-06-15,165,12,q4_3,B0,FORMAL_BACKUP,q4-inheritance-v2,delivery,2540.3854380203206,9,"[149, 150, 122, 157, 160, 146, 140, 125, 123]","[0.1111111111111111, 0.1111111111111111, 0.1111111111111111, 0.1111111111111111, 0.1111111111111111, 0.1111111111111111, 0.1111111111111111, 0.1111111111111111, 0.1111111111111111]",81736.48720043432,81736.48720043432,4263.766763471499,21182.16405030643,0.10991109999304172,1.8189894035458565e-12,217,0.0,0.02,0.8,3922.569841898202,0,0.0,False,08ad55a129c188b78a6bf379ee5514cf466d54acf150f52d0326740697aa261f
2025-06-15,165,18,q4_3,B0,FORMAL_BACKUP,q4-inheritance-v2,delivery,7420.999449765348,9,"[149, 150, 122, 157, 160, 146, 140, 125, 123]","[0.1111111111111111, 0.1111111111111111, 0.1111111111111111, 0.1111111111111111, 0.1111111111111111, 0.1111111111111111, 0.1111111111111111, 0.1111111111111111, 0.1111111111111111]",75982.0340338155,75982.0340338155,1560.827649606334,7660.614853948821,0.08369970000057947,1.8189894035458565e-12,181,0.0,0.02,0.8,1263.5431935802487,0,0.0,False,08ad55a129c188b78a6bf379ee5514cf466d54acf150f52d0326740697aa261f
2025-06-16,166,0,q4_3,B0,FORMAL_BACKUP,q4-inheritance-v2,delivery,2525.2643485185677,9,"[163, 150, 122, 157, 160, 146, 140, 125, 123]","[0.1111111111111111, 0.1111111111111111, 0.1111111111111111, 0.1111111111111111, 0.1111111111111111, 0.1111111111111111, 0.1111111111111111, 0.1111111111111111, 0.1111111111111111]",111825.30191435032,111825.30191435032,2769.9707637179235,13849.853818589621,0.23154219999560155,1.8189894035458565e-12,289,0.0,0.02,0.8,0.0,0,0.0,False,08ad55a129c188b78a6bf379ee5514cf466d54acf150f52d0326740697aa261f
2025-06-16,166,6,q4_3,B0,FORMAL_BACKUP,q4-inheritance-v2,delivery,10777.9774544845,9,"[163, 150, 122, 157, 160, 146, 140, 125, 123]","[0.1111111111111111, 0.1111111111111111, 0.1111111111111111, 0.1111111111111111, 0.1111111111111111, 0.1111111111111111, 0.1111111111111111, 0.1111111111111111, 0.1111111111111111]",99322.72506107503,99322.72506107503,4561.06099109254,22805.304955462703,0.12335150000581052,7.275957614183426e-12,253,0.0,0.02,0.8,4.945377440890297e-12,0,0.0,False,08ad55a129c188b78a6bf379ee5514cf466d54acf150f52d0326740697aa261f
2025-06-16,166,12,q4_3,B0,FORMAL_BACKUP,q4-inheritance-v2,delivery,6859.180529840892,9,"[163, 150, 122, 157, 160, 146, 140, 125, 123]","[0.1111111111111111, 0.1111111111111111, 0.1111111111111111, 0.1111111111111111, 0.1111111111111111, 0.1111111111111111, 0.1111111111111111, 0.1111111111111111, 0.1111111111111111]",93804.79992319345,93804.79992319345,2309.781812064359,11548.9090603218,0.10412329999962822,1.8189894035458565e-12,217,0.0,0.02,0.8,0.0,0,0.0,False,08ad55a129c188b78a6bf379ee5514cf466d54acf150f52d0326740697aa261f
2025-06-16,166,18,q4_3,B0,FORMAL_BACKUP,q4-inheritance-v2,delivery,10798.453488110295,9,"[163, 150, 122, 157, 160, 146, 140, 125, 123]","[0.1111111111111111, 0.1111111111111111, 0.1111111111111111, 0.1111111111111111, 0.1111111111111111, 0.1111111111111111, 0.1111111111111111, 0.1111111111111111, 0.1111111111111111]",81995.61081233516,81995.61081233516,116.45457758765366,582.2728879382684,0.07325669999409001,1.8189894035458565e-12,181,0.0,0.02,0.8,5.684341886080801e-13,0,0.0,False,08ad55a129c188b78a6bf379ee5514cf466d54acf150f52d0326740697aa261f
2025-06-17,167,0,q4_3,B0,FORMAL_BACKUP,q4-inheritance-v2,delivery,5681.463550572207,9,"[163, 164, 129, 157, 160, 146, 140, 125, 123]","[0.1111111111111111, 0.1111111111111111, 0.1111111111111111, 0.1111111111111111, 0.1111111111111111, 0.1111111111111111, 0.1111111111111111, 0.1111111111111111, 0.1111111111111111]",112516.23362435828,112516.23362435828,2699.948309006008,13499.741545030043,0.19740550000278745,1.8189894035458565e-12,289,0.0,0.02,0.8,0.0,0,0.0,False,08ad55a129c188b78a6bf379ee5514cf466d54acf150f52d0326740697aa261f
2025-06-17,167,6,q4_3,B0,FORMAL_BACKUP,q4-inheritance-v2,delivery,10800.0,9,"[163, 164, 129, 157, 160, 146, 140, 125, 123]","[0.1111111111111111, 0.1111111111111111, 0.1111111111111111, 0.1111111111111111, 0.1111111111111111, 0.1111111111111111, 0.1111111111111111, 0.1111111111111111, 0.1111111111111111]",103442.77927962746,103442.77927962746,5618.247905393558,27890.610842938364,0.12385350000113249,2.1827872842550278e-11,253,0.0,0.02,0.8,6.73594513500575e-12,0,0.0,False,08ad55a129c188b78a6bf379ee5514cf466d54acf150f52d0326740697aa261f
2025-06-17,167,12,q4_3,B0,FORMAL_BACKUP,q4-inheritance-v2,delivery,6939.782610981978,9,"[163, 164, 129, 157, 160, 146, 140, 125, 123]","[0.1111111111111111, 0.1111111111111111, 0.1111111111111111, 0.1111111111111111, 0.1111111111111111, 0.1111111111111111, 0.1111111111111111, 0.1111111111111111, 0.1111111111111111]",97482.52391099319,97482.52391099319,2805.3442267176997,14026.721133588499,0.10300479999568779,1.8189894035458565e-12,217,0.0,0.02,0.8,1.2505552149377763e-12,0,0.0,False,08ad55a129c188b78a6bf379ee5514cf466d54acf150f52d0326740697aa261f
2025-06-17,167,18,q4_3,B0,FORMAL_BACKUP,q4-inheritance-v2,delivery,10791.68429810432,9,"[163, 164, 129, 157, 160, 146, 140, 125, 123]","[0.1111111111111111, 0.1111111111111111, 0.1111111111111111, 0.1111111111111111, 0.1111111111111111, 0.1111111111111111, 0.1111111111111111, 0.1111111111111111, 0.1111111111111111]",78121.47352647125,78121.47352647125,12.17528391989085,60.87641959945425,0.08162240000092424,9.094947017729282e-13,181,0.0,0.02,0.8,5.684341886080801e-13,0,0.0,False,08ad55a129c188b78a6bf379ee5514cf466d54acf150f52d0326740697aa261f
2025-06-18,168,0,q4_3,B0,FORMAL_BACKUP,q4-inheritance-v2,delivery,5133.400826441703,9,"[163, 164, 129, 157, 160, 146, 140, 125, 130]","[0.1111111111111111, 0.1111111111111111, 0.1111111111111111, 0.1111111111111111, 0.1111111111111111, 0.1111111111111111, 0.1111111111111111, 0.1111111111111111, 0.1111111111111111]",114677.97340360732,114677.97340360732,4157.496755157448,20787.48377578724,0.1941993999935221,1.8189894035458565e-12,289,0.0,0.02,0.8,0.0,0,0.0,False,08ad55a129c188b78a6bf379ee5514cf466d54acf150f52d0326740697aa261f
2025-06-18,168,6,q4_3,B0,FORMAL_BACKUP,q4-inheritance-v2,delivery,10800.0,9,"[163, 164, 129, 157, 160, 146, 140, 125, 130]","[0.1111111111111111, 0.1111111111111111, 0.1111111111111111, 0.1111111111111111, 0.1111111111111111, 0.1111111111111111, 0.1111111111111111, 0.1111111111111111, 0.1111111111111111]",103287.56967580617,103287.56967580617,5185.793022804832,25580.14134893511,0.123795000006794,9.094947017729282e-13,253,0.0,0.02,0.8,4.860112312599085e-12,0,0.0,False,08ad55a129c188b78a6bf379ee5514cf466d54acf150f52d0326740697aa261f
2025-06-18,168,12,q4_3,B0,FORMAL_BACKUP,q4-inheritance-v2,delivery,8384.0536031608,9,"[163, 164, 129, 157, 160, 146, 140, 125, 130]","[0.1111111111111111, 0.1111111111111111, 0.1111111111111111, 0.1111111111111111, 0.1111111111111111, 0.1111111111111111, 0.1111111111111111, 0.1111111111111111, 0.1111111111111111]",97266.28127972312,97266.28127972312,1515.6434581728518,7578.217290864261,0.10046990000410005,9.094947017729282e-13,217,0.0,0.02,0.8,1555.5435873148144,0,0.0,False,08ad55a129c188b78a6bf379ee5514cf466d54acf150f52d0326740697aa261f
2025-06-18,168,18,q4_3,B0,FORMAL_BACKUP,q4-inheritance-v2,delivery,10760.821003971456,9,"[163, 164, 129, 157, 160, 146, 140, 125, 130]","[0.1111111111111111, 0.1111111111111111, 0.1111111111111111, 0.1111111111111111, 0.1111111111111111, 0.1111111111111111, 0.1111111111111111, 0.1111111111111111, 0.1111111111111111]",79832.66339542142,79832.66339542142,3.9469212176166826,19.734606088083417,0.07827220000035595,9.094947017729282e-13,181,0.0,0.02,0.8,0.0,0,0.0,False,08ad55a129c188b78a6bf379ee5514cf466d54acf150f52d0326740697aa261f
2025-06-19,169,0,q4_3,B0,FORMAL_BACKUP,q4-inheritance-v2,delivery,5550.9275783725225,9,"[163, 164, 129, 157, 160, 146, 140, 125, 130]","[0.1111111111111111, 0.1111111111111111, 0.1111111111111111, 0.1111111111111111, 0.1111111111111111, 0.1111111111111111, 0.1111111111111111, 0.1111111111111111, 0.1111111111111111]",82050.14335755694,82050.14335755694,4142.632424396607,20713.16212198304,0.20179110000026412,1.8189894035458565e-12,289,0.0,0.02,0.8,0.0,0,0.0,False,08ad55a129c188b78a6bf379ee5514cf466d54acf150f52d0326740697aa261f
2025-06-19,169,6,q4_3,B0,FORMAL_BACKUP,q4-inheritance-v2,delivery,10797.224888192264,9,"[163, 164, 129, 157, 160, 146, 140, 125, 130]","[0.1111111111111111, 0.1111111111111111, 0.1111111111111111, 0.1111111111111111, 0.1111111111111111, 0.1111111111111111, 0.1111111111111111, 0.1111111111111111, 0.1111111111111111]",68240.66674724758,68240.66674724758,2668.478035821329,13039.819972667055,0.12059550000412855,1.8189894035458565e-12,253,0.0,0.02,0.8,1876.5074178103196,0,0.0,False,08ad55a129c188b78a6bf379ee5514cf466d54acf150f52d0326740697aa261f
2025-06-19,169,12,q4_3,B0,FORMAL_BACKUP,q4-inheritance-v2,delivery,10038.563997289757,9,"[163, 164, 129, 157, 160, 146, 140, 125, 130]","[0.1111111111111111, 0.1111111111111111, 0.1111111111111111, 0.1111111111111111, 0.1111111111111111, 0.1111111111111111, 0.1111111111111111, 0.1111111111111111, 0.1111111111111111]",63731.96544864217,63731.96544864217,3847.148271718056,18956.63793802167,0.11327190000156406,1.8189894035458565e-12,217,0.0,0.02,0.8,2801.920450419757,0,0.0,False,08ad55a129c188b78a6bf379ee5514cf466d54acf150f52d0326740697aa261f
2025-06-19,169,18,q4_3,B0,FORMAL_BACKUP,q4-inheritance-v2,delivery,10014.291938271414,9,"[163, 164, 129, 157, 160, 146, 140, 125, 130]","[0.1111111111111111, 0.1111111111111111, 0.1111111111111111, 0.1111111111111111, 0.1111111111111111, 0.1111111111111111, 0.1111111111111111, 0.1111111111111111, 0.1111111111111111]",46324.60767325631,46324.60767325631,909.291637345611,4546.458186728056,0.07983180000155699,1.8189894035458565e-12,181,0.0,0.02,0.8,1.1368683772161603e-13,0,0.0,False,08ad55a129c188b78a6bf379ee5514cf466d54acf150f52d0326740697aa261f
2025-06-20,170,0,q4_3,B0,FORMAL_BACKUP,q4-inheritance-v2,delivery,3281.84489732322,9,"[163, 164, 129, 157, 160, 167, 131, 126, 130]","[0.1111111111111111, 0.1111111111111111, 0.1111111111111111, 0.1111111111111111, 0.1111111111111111, 0.1111111111111111, 0.1111111111111111, 0.1111111111111111, 0.1111111111111111]",56570.382014735915,56570.382014735915,3224.7311537175824,16123.655768587912,0.239060599997174,1.8189894035458565e-12,289,0.0,0.02,0.8,0.0,0,0.0,False,08ad55a129c188b78a6bf379ee5514cf466d54acf150f52d0326740697aa261f
2025-06-20,170,6,q4_3,B0,FORMAL_BACKUP,q4-inheritance-v2,delivery,10505.702963352405,9,"[163, 164, 129, 157, 160, 167, 131, 126, 130]","[0.1111111111111111, 0.1111111111111111, 0.1111111111111111, 0.1111111111111111, 0.1111111111111111, 0.1111111111111111, 0.1111111111111111, 0.1111111111111111, 0.1111111111111111]",46300.43574365261,46300.43574365261,1516.7587812622608,7583.793906311305,0.09938030000193976,3.637978807091713e-12,253,0.0,0.02,0.8,71.37218916666961,0,0.0,False,08ad55a129c188b78a6bf379ee5514cf466d54acf150f52d0326740697aa261f
2025-06-20,170,12,q4_3,B0,FORMAL_BACKUP,q4-inheritance-v2,delivery,10800.0,9,"[163, 164, 129, 157, 160, 167, 131, 126, 130]","[0.1111111111111111, 0.1111111111111111, 0.1111111111111111, 0.1111111111111111, 0.1111111111111111, 0.1111111111111111, 0.1111111111111111, 0.1111111111111111, 0.1111111111111111]",48304.886305547494,48304.886305547494,1459.8999987380266,7299.499993690135,0.09971840000071097,3.637978807091713e-12,217,0.0,0.02,0.8,1322.9259836111107,0,0.0,False,08ad55a129c188b78a6bf379ee5514cf466d54acf150f52d0326740697aa261f
2025-06-20,170,18,q4_3,B0,FORMAL_BACKUP,q4-inheritance-v2,delivery,10800.0,9,"[163, 164, 129, 157, 160, 167, 131, 126, 130]","[0.1111111111111111, 0.1111111111111111, 0.1111111111111111, 0.1111111111111111, 0.1111111111111111, 0.1111111111111111, 0.1111111111111111, 0.1111111111111111, 0.1111111111111111]",37178.73160945415,37178.73160945415,696.9246266431187,3484.6231332155935,0.07524970000667963,1.8189894035458565e-12,181,0.0,0.02,0.8,0.0,0,0.0,False,08ad55a129c188b78a6bf379ee5514cf466d54acf150f52d0326740697aa261f
2025-06-21,171,0,q4_3,B0,FORMAL_BACKUP,q4-inheritance-v2,delivery,6991.016413261474,9,"[163, 164, 129, 168, 134, 152, 153, 155, 130]","[0.1111111111111111, 0.1111111111111111, 0.1111111111111111, 0.1111111111111111, 0.1111111111111111, 0.1111111111111111, 0.1111111111111111, 0.1111111111111111, 0.1111111111111111]",61630.23947299287,61630.23947299287,1533.5869826058079,7667.934913029041,0.1552058999950532,1.8189894035458565e-12,289,0.0,0.02,0.8,0.0,0,0.0,False,08ad55a129c188b78a6bf379ee5514cf466d54acf150f52d0326740697aa261f
2025-06-21,171,6,q4_3,B0,FORMAL_BACKUP,q4-inheritance-v2,delivery,4358.098532479469,9,"[163, 164, 129, 168, 134, 152, 153, 155, 130]","[0.1111111111111111, 0.1111111111111111, 0.1111111111111111, 0.1111111111111111, 0.1111111111111111, 0.1111111111111111, 0.1111111111111111, 0.1111111111111111, 0.1111111111111111]",55716.06660843258,55716.06660843258,637.0737138130007,3185.3685690650045,0.11854460000176914,1.8189894035458565e-12,253,0.0,0.02,0.8,2.1085355683680973e-12,0,0.0,False,08ad55a129c188b78a6bf379ee5514cf466d54acf150f52d0326740697aa261f
2025-06-21,171,12,q4_3,B0,FORMAL_BACKUP,q4-inheritance-v2,delivery,10800.0,9,"[163, 164, 129, 168, 134, 152, 153, 155, 130]","[0.1111111111111111, 0.1111111111111111, 0.1111111111111111, 0.1111111111111111, 0.1111111111111111, 0.1111111111111111, 0.1111111111111111, 0.1111111111111111, 0.1111111111111111]",54406.051050404465,54406.051050404465,557.5245034016839,2787.62251700842,0.10290100000565872,1.8189894035458565e-12,217,0.0,0.02,0.8,1.1368683772161603e-13,0,0.0,False,08ad55a129c188b78a6bf379ee5514cf466d54acf150f52d0326740697aa261f
2025-06-21,171,18,q4_3,B0,FORMAL_BACKUP,q4-inheritance-v2,delivery,10800.0,9,"[163, 164, 129, 168, 134, 152, 153, 155, 130]","[0.1111111111111111, 0.1111111111111111, 0.1111111111111111, 0.1111111111111111, 0.1111111111111111, 0.1111111111111111, 0.1111111111111111, 0.1111111111111111, 0.1111111111111111]",49630.61639152027,49630.61639152027,0.0,0.0,0.08242079999763519,1.8189894035458565e-12,181,0.0,0.02,0.8,138.56105833332953,0,0.0,False,08ad55a129c188b78a6bf379ee5514cf466d54acf150f52d0326740697aa261f
2025-06-22,172,0,q4_3,B0,FORMAL_BACKUP,q4-inheritance-v2,delivery,8674.324715043855,9,"[163, 164, 129, 168, 160, 152, 153, 155, 130]","[0.1111111111111111, 0.1111111111111111, 0.1111111111111111, 0.1111111111111111, 0.1111111111111111, 0.1111111111111111, 0.1111111111111111, 0.1111111111111111, 0.1111111111111111]",82752.7598194099,82752.7598194099,4041.160687109889,20205.803435549446,0.20277979999082163,1.8189894035458565e-12,289,0.0,0.02,0.8,0.0,0,0.0,False,08ad55a129c188b78a6bf379ee5514cf466d54acf150f52d0326740697aa261f
2025-06-22,172,6,q4_3,B0,FORMAL_BACKUP,q4-inheritance-v2,delivery,8557.233420479826,9,"[163, 164, 129, 168, 160, 152, 153, 155, 130]","[0.1111111111111111, 0.1111111111111111, 0.1111111111111111, 0.1111111111111111, 0.1111111111111111, 0.1111111111111111, 0.1111111111111111, 0.1111111111111111, 0.1111111111111111]",75343.5441553721,75343.5441553721,4586.979069413958,22321.109800882234,0.13537859999632929,1.8189894035458565e-12,253,0.0,0.02,0.8,1493.6775217592638,0,0.0,False,08ad55a129c188b78a6bf379ee5514cf466d54acf150f52d0326740697aa261f
2025-06-22,172,12,q4_3,B0,FORMAL_BACKUP,q4-inheritance-v2,delivery,3028.317923483223,9,"[163, 164, 129, 168, 160, 152, 153, 155, 130]","[0.1111111111111111, 0.1111111111111111, 0.1111111111111111, 0.1111111111111111, 0.1111111111111111, 0.1111111111111111, 0.1111111111111111, 0.1111111111111111, 0.1111111111111111]",78092.97899926222,78092.97899926222,2651.227680908738,13199.08203807051,0.11052760000166018,1.8189894035458565e-12,217,0.0,0.02,0.8,5929.291004339505,0,0.0,False,08ad55a129c188b78a6bf379ee5514cf466d54acf150f52d0326740697aa261f
2025-06-22,172,18,q4_3,B0,FORMAL_BACKUP,q4-inheritance-v2,delivery,9453.338851200082,9,"[163, 164, 129, 168, 160, 152, 153, 155, 130]","[0.1111111111111111, 0.1111111111111111, 0.1111111111111111, 0.1111111111111111, 0.1111111111111111, 0.1111111111111111, 0.1111111111111111, 0.1111111111111111, 0.1111111111111111]",62767.1456752563,62767.1456752563,779.3825605951183,3896.912802975592,0.08663539998815395,1.8189894035458565e-12,181,0.0,0.02,0.8,1.5027249999984207,0,0.0,False,08ad55a129c188b78a6bf379ee5514cf466d54acf150f52d0326740697aa261f
2025-06-23,173,0,q4_3,B0,FORMAL_BACKUP,q4-inheritance-v2,delivery,1450.7625927312708,9,"[170, 164, 129, 168, 160, 152, 153, 155, 130]","[0.1111111111111111, 0.1111111111111111, 0.1111111111111111, 0.1111111111111111, 0.1111111111111111, 0.1111111111111111, 0.1111111111111111, 0.1111111111111111, 0.1111111111111111]",108593.75242974669,108593.75242974669,4735.125338703666,23675.62669351833,0.22232760000042617,1.8189894035458565e-12,289,0.0,0.02,0.8,0.0,0,0.0,False,08ad55a129c188b78a6bf379ee5514cf466d54acf150f52d0326740697aa261f
2025-06-23,173,6,q4_3,B0,FORMAL_BACKUP,q4-inheritance-v2,delivery,10800.0,9,"[170, 164, 129, 168, 160, 152, 153, 155, 130]","[0.1111111111111111, 0.1111111111111111, 0.1111111111111111, 0.1111111111111111, 0.1111111111111111, 0.1111111111111111, 0.1111111111111111, 0.1111111111111111, 0.1111111111111111]",94602.4345438106,94602.4345438106,5087.08504509518,24680.19412426045,0.13907600000675302,1.8189894035458565e-12,253,0.0,0.02,0.8,563.1698712139984,0,0.0,False,08ad55a129c188b78a6bf379ee5514cf466d54acf150f52d0326740697aa261f
2025-06-23,173,12,q4_3,B0,FORMAL_BACKUP,q4-inheritance-v2,delivery,7528.463650045827,9,"[170, 164, 129, 168, 160, 152, 153, 155, 130]","[0.1111111111111111, 0.1111111111111111, 0.1111111111111111, 0.1111111111111111, 0.1111111111111111, 0.1111111111111111, 0.1111111111111111, 0.1111111111111111, 0.1111111111111111]",86312.5491262906,86312.5491262906,1888.2991016711042,9441.495508355521,0.10725499999534804,9.094947017729282e-13,217,0.0,0.02,0.8,253.09727121399425,0,0.0,False,08ad55a129c188b78a6bf379ee5514cf466d54acf150f52d0326740697aa261f
2025-06-23,173,18,q4_3,B0,FORMAL_BACKUP,q4-inheritance-v2,delivery,10800.0,9,"[170, 164, 129, 168, 160, 152, 153, 155, 130]","[0.1111111111111111, 0.1111111111111111, 0.1111111111111111, 0.1111111111111111, 0.1111111111111111, 0.1111111111111111, 0.1111111111111111, 0.1111111111111111, 0.1111111111111111]",73888.29696960309,73888.29696960309,-2.154049778053175e-14,0.0,0.0808547000051476,9.094947017729282e-13,181,0.0,0.02,0.8,563.5136682293796,0,0.0,False,08ad55a129c188b78a6bf379ee5514cf466d54acf150f52d0326740697aa261f
2025-06-24,174,0,q4_3,B0,FORMAL_BACKUP,q4-inheritance-v2,delivery,5256.425481321968,9,"[170, 164, 143, 168, 160, 152, 153, 155, 130]","[0.1111111111111111, 0.1111111111111111, 0.1111111111111111, 0.1111111111111111, 0.1111111111111111, 0.1111111111111111, 0.1111111111111111, 0.1111111111111111, 0.1111111111111111]",114640.0260189303,114640.0260189303,4904.159344811312,24520.796724056563,0.2255377999972552,7.275957614183426e-12,289,0.0,0.02,0.8,0.0,0,0.0,False,08ad55a129c188b78a6bf379ee5514cf466d54acf150f52d0326740697aa261f
2025-06-24,174,6,q4_3,B0,FORMAL_BACKUP,q4-inheritance-v2,delivery,10790.708370320208,9,"[170, 164, 143, 168, 160, 152, 153, 155, 130]","[0.1111111111111111, 0.1111111111111111, 0.1111111111111111, 0.1111111111111111, 0.1111111111111111, 0.1111111111111111, 0.1111111111111111, 0.1111111111111111, 0.1111111111111111]",99168.6927219878,99168.6927219878,3489.3345175291424,17121.111543923307,0.12969020000309683,1.8189894035458565e-12,253,0.0,0.02,0.8,1465.1984138580356,0,0.0,False,08ad55a129c188b78a6bf379ee5514cf466d54acf150f52d0326740697aa261f
2025-06-24,174,12,q4_3,B0,FORMAL_BACKUP,q4-inheritance-v2,delivery,5427.852234892724,9,"[170, 164, 143, 168, 160, 152, 153, 155, 130]","[0.1111111111111111, 0.1111111111111111, 0.1111111111111111, 0.1111111111111111, 0.1111111111111111, 0.1111111111111111, 0.1111111111111111, 0.1111111111111111, 0.1111111111111111]",89123.02727584862,89123.02727584862,1397.4851906990343,6987.425953495172,0.10752000000502449,1.8189894035458565e-12,217,0.0,0.02,0.8,1141.6097264506202,0,0.0,False,08ad55a129c188b78a6bf379ee5514cf466d54acf150f52d0326740697aa261f
2025-06-24,174,18,q4_3,B0,FORMAL_BACKUP,q4-inheritance-v2,delivery,10800.0,9,"[170, 164, 143, 168, 160, 152, 153, 155, 130]","[0.1111111111111111, 0.1111111111111111, 0.1111111111111111, 0.1111111111111111, 0.1111111111111111, 0.1111111111111111, 0.1111111111111111, 0.1111111111111111, 0.1111111111111111]",78758.98860038556,78758.98860038556,-4.4014175020695096e-14,0.0,0.085428000005777,9.094947017729282e-13,181,0.0,0.02,0.8,394.96549888888967,0,0.0,False,08ad55a129c188b78a6bf379ee5514cf466d54acf150f52d0326740697aa261f
2025-06-25,175,0,q4_3,B0,FORMAL_BACKUP,q4-inheritance-v2,delivery,4876.86566309115,9,"[170, 164, 143, 168, 160, 152, 153, 155, 172]","[0.1111111111111111, 0.1111111111111111, 0.1111111111111111, 0.1111111111111111, 0.1111111111111111, 0.1111111111111111, 0.1111111111111111, 0.1111111111111111, 0.1111111111111111]",106736.1694456954,106736.1694456954,4862.568435416829,24312.842177084145,0.19160590000683442,1.8189894035458565e-12,289,0.0,0.02,0.8,0.0,0,0.0,False,08ad55a129c188b78a6bf379ee5514cf466d54acf150f52d0326740697aa261f
2025-06-25,175,6,q4_3,B0,FORMAL_BACKUP,q4-inheritance-v2,delivery,10800.0,9,"[170, 164, 143, 168, 160, 152, 153, 155, 172]","[0.1111111111111111, 0.1111111111111111, 0.1111111111111111, 0.1111111111111111, 0.1111111111111111, 0.1111111111111111, 0.1111111111111111, 0.1111111111111111, 0.1111111111111111]",94486.49589374433,94486.49589374433,5110.118549551731,24739.912109259036,0.12064269999973476,1.8189894035458565e-12,253,0.0,0.02,0.8,560.2873666638188,0,0.0,False,08ad55a129c188b78a6bf379ee5514cf466d54acf150f52d0326740697aa261f
2025-06-25,175,12,q4_3,B0,FORMAL_BACKUP,q4-inheritance-v2,delivery,7529.821527605673,9,"[170, 164, 143, 168, 160, 152, 153, 155, 172]","[0.1111111111111111, 0.1111111111111111, 0.1111111111111111, 0.1111111111111111, 0.1111111111111111, 0.1111111111111111, 0.1111111111111111, 0.1111111111111111, 0.1111111111111111]",87514.91227173679,87514.91227173679,2035.3492447289084,10122.846447956792,0.10879480000585318,3.637978807091713e-12,217,0.0,0.02,0.8,970.9525861213998,0,0.0,False,08ad55a129c188b78a6bf379ee5514cf466d54acf150f52d0326740697aa261f
2025-06-25,175,18,q4_3,B0,FORMAL_BACKUP,q4-inheritance-v2,delivery,10722.74140739507,9,"[170, 164, 143, 168, 160, 152, 153, 155, 172]","[0.1111111111111111, 0.1111111111111111, 0.1111111111111111, 0.1111111111111111, 0.1111111111111111, 0.1111111111111111, 0.1111111111111111, 0.1111111111111111, 0.1111111111111111]",67552.36941225886,67552.36941225886,2.227788324186501e-14,1.1138941620932506e-13,0.0761070999869844,1.8189894035458565e-12,181,0.0,0.02,0.8,466.4926692314798,0,0.0,False,08ad55a129c188b78a6bf379ee5514cf466d54acf150f52d0326740697aa261f
2025-06-26,176,0,q4_3,B0,FORMAL_BACKUP,q4-inheritance-v2,delivery,4053.29487061607,9,"[170, 164, 143, 168, 134, 166, 139, 155, 172]","[0.1111111111111111, 0.1111111111111111, 0.1111111111111111, 0.1111111111111111, 0.1111111111111111, 0.1111111111111111, 0.1111111111111111, 0.1111111111111111, 0.1111111111111111]",76558.51094318886,76558.51094318886,4535.564878432317,22677.824392161583,0.19331850000889972,1.8189894035458565e-12,289,0.0,0.02,0.8,0.0,0,0.0,False,08ad55a129c188b78a6bf379ee5514cf466d54acf150f52d0326740697aa261f
2025-06-26,176,6,q4_3,B0,FORMAL_BACKUP,q4-inheritance-v2,delivery,10800.0,9,"[170, 164, 143, 168, 134, 166, 139, 155, 172]","[0.1111111111111111, 0.1111111111111111, 0.1111111111111111, 0.1111111111111111, 0.1111111111111111, 0.1111111111111111, 0.1111111111111111, 0.1111111111111111, 0.1111111111111111]",62950.518682176706,62950.518682176706,4324.91783893115,21400.06438109898,0.1276003000093624,1.8189894035458565e-12,253,0.0,0.02,0.8,4.021671884402167e-12,0,0.0,False,08ad55a129c188b78a6bf379ee5514cf466d54acf150f52d0326740697aa261f
2025-06-26,176,12,q4_3,B0,FORMAL_BACKUP,q4-inheritance-v2,delivery,7117.2726462778155,9,"[170, 164, 143, 168, 134, 166, 139, 155, 172]","[0.1111111111111111, 0.1111111111111111, 0.1111111111111111, 0.1111111111111111, 0.1111111111111111, 0.1111111111111111, 0.1111111111111111, 0.1111111111111111, 0.1111111111111111]",57640.45646998938,57640.45646998938,2058.099417619919,10220.479882880443,0.1101654999947641,1.8189894035458565e-12,217,0.0,0.02,0.8,1.1368683772161603e-13,0,0.0,False,08ad55a129c188b78a6bf379ee5514cf466d54acf150f52d0326740697aa261f
2025-06-26,176,18,q4_3,B0,FORMAL_BACKUP,q4-inheritance-v2,delivery,10800.0,9,"[170, 164, 143, 168, 134, 166, 139, 155, 172]","[0.1111111111111111, 0.1111111111111111, 0.1111111111111111, 0.1111111111111111, 0.1111111111111111, 0.1111111111111111, 0.1111111111111111, 0.1111111111111111, 0.1111111111111111]",43304.73909311681,43304.73909311681,2.1417337039666664e-14,1.0708668519833334e-13,0.08144589999574237,9.094947017729282e-13,181,0.0,0.02,0.8,333.3610202777779,0,0.0,False,08ad55a129c188b78a6bf379ee5514cf466d54acf150f52d0326740697aa261f
2025-06-27,177,0,q4_3,B0,FORMAL_BACKUP,q4-inheritance-v2,delivery,3905.8131410455935,9,"[170, 164, 143, 168, 134, 166, 139, 155, 172]","[0.1111111111111111, 0.1111111111111111, 0.1111111111111111, 0.1111111111111111, 0.1111111111111111, 0.1111111111111111, 0.1111111111111111, 0.1111111111111111, 0.1111111111111111]",51146.95130403267,51146.95130403267,2519.5868039390125,12597.934019695063,0.19608309998875484,3.637978807091713e-12,289,0.0,0.02,0.8,0.0,0,0.0,False,08ad55a129c188b78a6bf379ee5514cf466d54acf150f52d0326740697aa261f
2025-06-27,177,6,q4_3,B0,FORMAL_BACKUP,q4-inheritance-v2,delivery,9254.44065756638,9,"[170, 164, 143, 168, 134, 166, 139, 155, 172]","[0.1111111111111111, 0.1111111111111111, 0.1111111111111111, 0.1111111111111111, 0.1111111111111111, 0.1111111111111111, 0.1111111111111111, 0.1111111111111111, 0.1111111111111111]",40981.43635859179,40981.43635859179,742.2929761025015,3711.4648805125084,0.11986049999541137,1.8189894035458565e-12,253,0.0,0.02,0.8,1950.1402390432147,0,0.0,False,08ad55a129c188b78a6bf379ee5514cf466d54acf150f52d0326740697aa261f
2025-06-27,177,12,q4_3,B0,FORMAL_BACKUP,q4-inheritance-v2,delivery,10800.0,9,"[170, 164, 143, 168, 134, 166, 139, 155, 172]","[0.1111111111111111, 0.1111111111111111, 0.1111111111111111, 0.1111111111111111, 0.1111111111111111, 0.1111111111111111, 0.1111111111111111, 0.1111111111111111, 0.1111111111111111]",41568.73651379462,41568.73651379462,290.8872605063075,1454.4363025315376,0.0978119999927003,1.8189894035458565e-12,217,0.0,0.02,0.8,339.6410827469109,0,0.0,False,08ad55a129c188b78a6bf379ee5514cf466d54acf150f52d0326740697aa261f
2025-06-27,177,18,q4_3,B0,FORMAL_BACKUP,q4-inheritance-v2,delivery,10800.0,9,"[170, 164, 143, 168, 134, 166, 139, 155, 172]","[0.1111111111111111, 0.1111111111111111, 0.1111111111111111, 0.1111111111111111, 0.1111111111111111, 0.1111111111111111, 0.1111111111111111, 0.1111111111111111, 0.1111111111111111]",34898.9148315166,34898.9148315166,0.025273451851876187,0.12636725925938094,0.08618310000747442,1.8189894035458565e-12,181,0.0,0.02,0.8,10.791941666667412,0,0.0,False,08ad55a129c188b78a6bf379ee5514cf466d54acf150f52d0326740697aa261f
2025-06-28,178,0,q4_3,B0,FORMAL_BACKUP,q4-inheritance-v2,delivery,8250.901348431751,9,"[170, 164, 143, 168, 160, 152, 139, 155, 172]","[0.1111111111111111, 0.1111111111111111, 0.1111111111111111, 0.1111111111111111, 0.1111111111111111, 0.1111111111111111, 0.1111111111111111, 0.1111111111111111, 0.1111111111111111]",60591.33429796119,60591.33429796119,1477.1910119898412,7385.955059949208,0.21400039999571163,1.8189894035458565e-12,289,0.0,0.02,0.8,0.0,0,0.0,False,08ad55a129c188b78a6bf379ee5514cf466d54acf150f52d0326740697aa261f
2025-06-28,178,6,q4_3,B0,FORMAL_BACKUP,q4-inheritance-v2,delivery,4492.640269445097,9,"[170, 164, 143, 168, 160, 152, 139, 155, 172]","[0.1111111111111111, 0.1111111111111111, 0.1111111111111111, 0.1111111111111111, 0.1111111111111111, 0.1111111111111111, 0.1111111111111111, 0.1111111111111111, 0.1111111111111111]",55244.606953084214,55244.606953084214,792.3955800769947,3961.977900384974,0.12527809999301098,1.8189894035458565e-12,253,0.0,0.02,0.8,348.26592593518995,0,0.0,False,08ad55a129c188b78a6bf379ee5514cf466d54acf150f52d0326740697aa261f
2025-06-28,178,12,q4_3,B0,FORMAL_BACKUP,q4-inheritance-v2,delivery,10800.0,9,"[170, 164, 143, 168, 160, 152, 139, 155, 172]","[0.1111111111111111, 0.1111111111111111, 0.1111111111111111, 0.1111111111111111, 0.1111111111111111, 0.1111111111111111, 0.1111111111111111, 0.1111111111111111, 0.1111111111111111]",53819.823774739234,53819.823774739234,272.5727355399604,1362.863677699802,0.10410290000436362,1.8189894035458565e-12,217,0.0,0.02,0.8,141.7876363981452,0,0.0,False,08ad55a129c188b78a6bf379ee5514cf466d54acf150f52d0326740697aa261f
2025-06-28,178,18,q4_3,B0,FORMAL_BACKUP,q4-inheritance-v2,delivery,10800.0,9,"[170, 164, 143, 168, 160, 152, 139, 155, 172]","[0.1111111111111111, 0.1111111111111111, 0.1111111111111111, 0.1111111111111111, 0.1111111111111111, 0.1111111111111111, 0.1111111111111111, 0.1111111111111111, 0.1111111111111111]",50399.07712572474,50399.07712572474,0.0,0.0,0.06840600000577979,1.8189894035458565e-12,181,0.0,0.02,0.8,259.87562666667145,0,0.0,False,08ad55a129c188b78a6bf379ee5514cf466d54acf150f52d0326740697aa261f
2025-06-29,179,0,q4_3,B0,FORMAL_BACKUP,q4-inheritance-v2,delivery,9534.634266652112,9,"[170, 164, 143, 168, 154, 152, 139, 155, 172]","[0.1111111111111111, 0.1111111111111111, 0.1111111111111111, 0.1111111111111111, 0.1111111111111111, 0.1111111111111111, 0.1111111111111111, 0.1111111111111111, 0.1111111111111111]",80118.64270876913,80118.64270876913,3946.9183477248976,19734.59173862449,0.19995210001070518,1.8189894035458565e-12,289,0.0,0.02,0.8,0.0,0,0.0,False,08ad55a129c188b78a6bf379ee5514cf466d54acf150f52d0326740697aa261f
2025-06-29,179,6,q4_3,B0,FORMAL_BACKUP,q4-inheritance-v2,delivery,8276.656678434316,9,"[170, 164, 143, 168, 154, 152, 139, 155, 172]","[0.1111111111111111, 0.1111111111111111, 0.1111111111111111, 0.1111111111111111, 0.1111111111111111, 0.1111111111111111, 0.1111111111111111, 0.1111111111111111, 0.1111111111111111]",75682.62797750106,75682.62797750106,4040.715131823588,19324.450341742508,0.1125286999886157,1.8189894035458565e-12,253,0.0,0.02,0.8,4769.870123580253,0,0.0,False,08ad55a129c188b78a6bf379ee5514cf466d54acf150f52d0326740697aa261f
2025-06-29,179,12,q4_3,B0,FORMAL_BACKUP,q4-inheritance-v2,delivery,3071.778075183086,9,"[170, 164, 143, 168, 154, 152, 139, 155, 172]","[0.1111111111111111, 0.1111111111111111, 0.1111111111111111, 0.1111111111111111, 0.1111111111111111, 0.1111111111111111, 0.1111111111111111, 0.1111111111111111, 0.1111111111111111]",75820.73615778316,75820.73615778316,2122.8152936896795,10534.439190494442,0.08909359999233857,1.8189894035458565e-12,217,0.0,0.02,0.8,4879.922904468629,0,0.0,False,08ad55a129c188b78a6bf379ee5514cf466d54acf150f52d0326740697aa261f
2025-06-29,179,18,q4_3,B0,FORMAL_BACKUP,q4-inheritance-v2,delivery,8911.95325517934,9,"[170, 164, 143, 168, 154, 152, 139, 155, 172]","[0.1111111111111111, 0.1111111111111111, 0.1111111111111111, 0.1111111111111111, 0.1111111111111111, 0.1111111111111111, 0.1111111111111111, 0.1111111111111111, 0.1111111111111111]",64328.378030426495,64328.378030426495,413.9720179523122,2018.507295456655,0.08662679999542888,1.8189894035458565e-12,181,0.0,0.02,0.8,1239.1105454127892,0,0.0,False,08ad55a129c188b78a6bf379ee5514cf466d54acf150f52d0326740697aa261f
2025-06-30,180,0,q4_3,B0,FORMAL_BACKUP,q4-inheritance-v2,delivery,1797.6207032579318,9,"[177, 164, 143, 168, 154, 152, 139, 155, 172]","[0.1111111111111111, 0.1111111111111111, 0.1111111111111111, 0.1111111111111111, 0.1111111111111111, 0.1111111111111111, 0.1111111111111111, 0.1111111111111111, 0.1111111111111111]",112201.29979213374,112201.29979213374,4585.217081654848,22926.08540827424,0.1885236999951303,7.275957614183426e-12,289,0.0,0.02,0.8,0.0,0,0.0,False,08ad55a129c188b78a6bf379ee5514cf466d54acf150f52d0326740697aa261f
2025-06-30,180,6,q4_3,B0,FORMAL_BACKUP,q4-inheritance-v2,delivery,10800.0,9,"[177, 164, 143, 168, 154, 152, 139, 155, 172]","[0.1111111111111111, 0.1111111111111111, 0.1111111111111111, 0.1111111111111111, 0.1111111111111111, 0.1111111111111111, 0.1111111111111111, 0.1111111111111111, 0.1111111111111111]",96801.66886504511,96801.66886504511,3384.526429645566,16505.08922104382,0.12296959999366663,9.094947017729282e-13,253,0.0,0.02,0.8,91.0168347777847,0,0.0,False,08ad55a129c188b78a6bf379ee5514cf466d54acf150f52d0326740697aa261f
2025-06-30,180,12,q4_3,B0,FORMAL_BACKUP,q4-inheritance-v2,delivery,6567.32322478325,9,"[177, 164, 143, 168, 154, 152, 139, 155, 172]","[0.1111111111111111, 0.1111111111111111, 0.1111111111111111, 0.1111111111111111, 0.1111111111111111, 0.1111111111111111, 0.1111111111111111, 0.1111111111111111, 0.1111111111111111]",85871.72990376833,85871.72990376833,1327.3339287351062,6636.669643675532,0.1074532999919029,9.094947017729282e-13,217,0.0,0.02,0.8,101.23638477778003,0,0.0,False,08ad55a129c188b78a6bf379ee5514cf466d54acf150f52d0326740697aa261f
2025-06-30,180,18,q4_3,B0,FORMAL_BACKUP,q4-inheritance-v2,delivery,10800.0,9,"[177, 164, 143, 168, 154, 152, 139, 155, 172]","[0.1111111111111111, 0.1111111111111111, 0.1111111111111111, 0.1111111111111111, 0.1111111111111111, 0.1111111111111111, 0.1111111111111111, 0.1111111111111111, 0.1111111111111111]",62742.54218495079,62742.54218495079,0.07259840925909838,0.36299204629554666,0.0863725999952294,1.8189894035458565e-12,181,0.0,0.02,0.8,147.08467758230427,0,0.0,False,08ad55a129c188b78a6bf379ee5514cf466d54acf150f52d0326740697aa261f
2025-07-01,181,0,q4_3,B0,FORMAL_BACKUP,q4-inheritance-v2,delivery,4229.908122843852,9,"[177, 164, 143, 168, 154, 152, 139, 155, 172]","[0.1111111111111111, 0.1111111111111111, 0.1111111111111111, 0.1111111111111111, 0.1111111111111111, 0.1111111111111111, 0.1111111111111111, 0.1111111111111111, 0.1111111111111111]",102526.23039016673,102526.23039016673,4705.768746865097,23528.84373432549,0.21384130000660662,1.8189894035458565e-12,289,0.0,0.02,0.8,0.0,0,0.0,False,08ad55a129c188b78a6bf379ee5514cf466d54acf150f52d0326740697aa261f
2025-07-01,181,6,q4_3,B0,FORMAL_BACKUP,q4-inheritance-v2,delivery,8132.714179705361,9,"[177, 164, 143, 168, 154, 152, 139, 155, 172]","[0.1111111111111111, 0.1111111111111111, 0.1111111111111111, 0.1111111111111111, 0.1111111111111111, 0.1111111111111111, 0.1111111111111111, 0.1111111111111111, 0.1111111111111111]",94648.60453850022,94648.60453850022,4387.755030821085,21050.667939315867,0.1230716999998549,1.8189894035458565e-12,253,0.0,0.02,0.8,5485.536598108094,0,0.0,False,08ad55a129c188b78a6bf379ee5514cf466d54acf150f52d0326740697aa261f
2025-07-01,181,12,q4_3,B0,FORMAL_BACKUP,q4-inheritance-v2,delivery,4395.7000061992685,9,"[177, 164, 143, 168, 154, 152, 139, 155, 172]","[0.1111111111111111, 0.1111111111111111, 0.1111111111111111, 0.1111111111111111, 0.1111111111111111, 0.1111111111111111, 0.1111111111111111, 0.1111111111111111, 0.1111111111111111]",84015.16230714052,84015.16230714052,2046.93435036787,10161.756573500288,0.10181340000417549,1.8189894035458565e-12,217,0.0,0.02,0.8,1411.6320012071292,0,0.0,False,08ad55a129c188b78a6bf379ee5514cf466d54acf150f52d0326740697aa261f
2025-07-01,181,18,q4_3,B0,FORMAL_BACKUP,q4-inheritance-v2,delivery,8601.74925517433,9,"[177, 164, 143, 168, 154, 152, 139, 155, 172]","[0.1111111111111111, 0.1111111111111111, 0.1111111111111111, 0.1111111111111111, 0.1111111111111111, 0.1111111111111111, 0.1111111111111111, 0.1111111111111111, 0.1111111111111111]",63911.710636720076,63911.710636720076,395.8082111709853,1934.8329705859846,0.08575340000970755,9.094947017729282e-13,181,0.0,0.02,0.8,1378.1976977932154,0,0.0,False,08ad55a129c188b78a6bf379ee5514cf466d54acf150f52d0326740697aa261f
2025-07-02,182,0,q4_3,B0,FORMAL_BACKUP,q4-inheritance-v2,delivery,1279.4353129453475,9,"[177, 164, 143, 168, 154, 152, 139, 155, 165]","[0.1111111111111111, 0.1111111111111111, 0.1111111111111111, 0.1111111111111111, 0.1111111111111111, 0.1111111111111111, 0.1111111111111111, 0.1111111111111111, 0.1111111111111111]",105688.70604979144,105688.70604979144,5021.389918389424,24976.010411279956,0.19306679999863263,1.8189894035458565e-12,289,0.0,0.02,0.8,0.0,0,0.0,False,08ad55a129c188b78a6bf379ee5514cf466d54acf150f52d0326740697aa261f
2025-07-02,182,6,q4_3,B0,FORMAL_BACKUP,q4-inheritance-v2,delivery,8412.623146753043,9,"[177, 164, 143, 168, 154, 152, 139, 155, 165]","[0.1111111111111111, 0.1111111111111111, 0.1111111111111111, 0.1111111111111111, 0.1111111111111111, 0.1111111111111111, 0.1111111111111111, 0.1111111111111111, 0.1111111111111111]",92098.51962409094,92098.51962409094,4166.622251352606,20023.302960262878,0.11737999999604654,1.8189894035458565e-12,253,0.0,0.02,0.8,2293.0445532993913,0,0.0,False,08ad55a129c188b78a6bf379ee5514cf466d54acf150f52d0326740697aa261f
2025-07-02,182,12,q4_3,B0,FORMAL_BACKUP,q4-inheritance-v2,delivery,2838.5037270982975,9,"[177, 164, 143, 168, 154, 152, 139, 155, 165]","[0.1111111111111111, 0.1111111111111111, 0.1111111111111111, 0.1111111111111111, 0.1111111111111111, 0.1111111111111111, 0.1111111111111111, 0.1111111111111111, 0.1111111111111111]",85863.97957128081,85863.97957128081,1786.507716323264,8875.909129120502,0.09759240000857972,1.8189894035458565e-12,217,0.0,0.02,0.8,812.1986335326328,0,0.0,False,08ad55a129c188b78a6bf379ee5514cf466d54acf150f52d0326740697aa261f
2025-07-02,182,18,q4_3,B0,FORMAL_BACKUP,q4-inheritance-v2,delivery,8994.13746833116,9,"[177, 164, 143, 168, 154, 152, 139, 155, 165]","[0.1111111111111111, 0.1111111111111111, 0.1111111111111111, 0.1111111111111111, 0.1111111111111111, 0.1111111111111111, 0.1111111111111111, 0.1111111111111111, 0.1111111111111111]",71077.31944521017,71077.31944521017,513.0278692515861,2506.6436025873777,0.07807069999398664,1.8189894035458565e-12,181,0.0,0.02,0.8,596.4837832305578,0,0.0,False,08ad55a129c188b78a6bf379ee5514cf466d54acf150f52d0326740697aa261f
2025-07-03,183,0,q4_3,B0,FORMAL_BACKUP,q4-inheritance-v2,delivery,2567.503860525351,9,"[163, 164, 143, 174, 154, 152, 139, 155, 165]","[0.1111111111111111, 0.1111111111111111, 0.1111111111111111, 0.1111111111111111, 0.1111111111111111, 0.1111111111111111, 0.1111111111111111, 0.1111111111111111, 0.1111111111111111]",82606.12831174037,82606.12831174037,5208.430906423209,26042.15453211605,0.19695180001144763,7.275957614183426e-12,289,0.0,0.02,0.8,0.0,0,0.0,False,08ad55a129c188b78a6bf379ee5514cf466d54acf150f52d0326740697aa261f
2025-07-03,183,6,q4_3,B0,FORMAL_BACKUP,q4-inheritance-v2,delivery,8989.889467066358,9,"[163, 164, 143, 174, 154, 152, 139, 155, 165]","[0.1111111111111111, 0.1111111111111111, 0.1111111111111111, 0.1111111111111111, 0.1111111111111111, 0.1111111111111111, 0.1111111111111111, 0.1111111111111111, 0.1111111111111111]",71391.10983103285,71391.10983103285,4524.865224608609,21776.449036219194,0.12753959999827202,1.0913936421275139e-11,253,0.0,0.02,0.8,4252.605306790132,0,0.0,False,08ad55a129c188b78a6bf379ee5514cf466d54acf150f52d0326740697aa261f
2025-07-03,183,12,q4_3,B0,FORMAL_BACKUP,q4-inheritance-v2,delivery,6291.070039096304,9,"[163, 164, 143, 174, 154, 152, 139, 155, 165]","[0.1111111111111111, 0.1111111111111111, 0.1111111111111111, 0.1111111111111111, 0.1111111111111111, 0.1111111111111111, 0.1111111111111111, 0.1111111111111111, 0.1111111111111111]",61344.55502304378,61344.55502304378,1132.0581786702983,5660.290893351493,0.1106558000028599,1.8189894035458565e-12,217,0.0,0.02,0.8,902.5217400833341,0,0.0,False,08ad55a129c188b78a6bf379ee5514cf466d54acf150f52d0326740697aa261f
2025-07-03,183,18,q4_3,B0,FORMAL_BACKUP,q4-inheritance-v2,delivery,10792.979200736761,9,"[163, 164, 143, 174, 154, 152, 139, 155, 165]","[0.1111111111111111, 0.1111111111111111, 0.1111111111111111, 0.1111111111111111, 0.1111111111111111, 0.1111111111111111, 0.1111111111111111, 0.1111111111111111, 0.1111111111111111]",44618.09610115146,44618.09610115146,108.51638929259315,542.5819464629659,0.08361739999963902,1.8189894035458565e-12,181,0.0,0.02,0.8,1.1368683772161603e-13,0,0.0,False,08ad55a129c188b78a6bf379ee5514cf466d54acf150f52d0326740697aa261f
2025-07-04,184,0,q4_3,B0,FORMAL_BACKUP,q4-inheritance-v2,delivery,1768.5751083722328,9,"[170, 164, 143, 174, 154, 152, 153, 144, 165]","[0.1111111111111111, 0.1111111111111111, 0.1111111111111111, 0.1111111111111111, 0.1111111111111111, 0.1111111111111111, 0.1111111111111111, 0.1111111111111111, 0.1111111111111111]",55406.90745027127,55406.90745027127,1173.035931798585,5348.807900469165,0.17136569999274798,1.8189894035458565e-12,289,0.0,0.02,0.8,0.0,0,0.0,False,08ad55a129c188b78a6bf379ee5514cf466d54acf150f52d0326740697aa261f
2025-07-04,184,6,q4_3,B0,FORMAL_BACKUP,q4-inheritance-v2,delivery,8432.17646337839,9,"[170, 164, 143, 174, 154, 152, 153, 144, 165]","[0.1111111111111111, 0.1111111111111111, 0.1111111111111111, 0.1111111111111111, 0.1111111111111111, 0.1111111111111111, 0.1111111111111111, 0.1111111111111111, 0.1111111111111111]",47192.02389306011,47192.02389306011,969.7386652407307,4457.933252428737,0.12293380001210608,1.8189894035458565e-12,253,0.0,0.02,0.8,2085.465461386085,0,0.0,False,08ad55a129c188b78a6bf379ee5514cf466d54acf150f52d0326740697aa261f
2025-07-04,184,12,q4_3,B0,FORMAL_BACKUP,q4-inheritance-v2,delivery,10800.0,9,"[170, 164, 143, 174, 154, 152, 153, 144, 165]","[0.1111111111111111, 0.1111111111111111, 0.1111111111111111, 0.1111111111111111, 0.1111111111111111, 0.1111111111111111, 0.1111111111111111, 0.1111111111111111, 0.1111111111111111]",46057.909932665316,46057.909932665316,1052.7522137894312,4926.928915214958,0.07130969999707304,1.8189894035458565e-12,217,0.0,0.02,0.8,2085.465461386082,0,0.0,False,08ad55a129c188b78a6bf379ee5514cf466d54acf150f52d0326740697aa261f
2025-07-04,184,18,q4_3,B0,FORMAL_BACKUP,q4-inheritance-v2,delivery,10800.0,9,"[170, 164, 143, 174, 154, 152, 153, 144, 165]","[0.1111111111111111, 0.1111111111111111, 0.1111111111111111, 0.1111111111111111, 0.1111111111111111, 0.1111111111111111, 0.1111111111111111, 0.1111111111111111, 0.1111111111111111]",38987.64329409758,38987.64329409758,0.013191381172840225,0.06595690586420114,0.06439549999777228,1.8189894035458565e-12,181,0.0,0.02,0.8,89.55986666666695,0,0.0,False,08ad55a129c188b78a6bf379ee5514cf466d54acf150f52d0326740697aa261f
2025-07-05,185,0,q4_3,B0,FORMAL_BACKUP,q4-inheritance-v2,delivery,5325.886641105755,9,"[170, 164, 143, 174, 154, 152, 153, 144, 165]","[0.1111111111111111, 0.1111111111111111, 0.1111111111111111, 0.1111111111111111, 0.1111111111111111, 0.1111111111111111, 0.1111111111111111, 0.1111111111111111, 0.1111111111111111]",66589.95160371746,66589.95160371746,618.7280391152248,3025.7697838568574,0.23773730000539217,1.8189894035458565e-12,289,0.0,0.02,0.8,0.0,0,0.0,False,08ad55a129c188b78a6bf379ee5514cf466d54acf150f52d0326740697aa261f
2025-07-05,185,6,q4_3,B0,FORMAL_BACKUP,q4-inheritance-v2,delivery,4432.304238963159,9,"[170, 164, 143, 174, 154, 152, 153, 144, 165]","[0.1111111111111111, 0.1111111111111111, 0.1111111111111111, 0.1111111111111111, 0.1111111111111111, 0.1111111111111111, 0.1111111111111111, 0.1111111111111111, 0.1111111111111111]",60053.5406922662,60053.5406922662,454.77977428232685,2135.3357874524995,0.11558409999997821,1.8189894035458565e-12,253,0.0,0.02,0.8,2.9487523534044158e-12,0,0.0,False,08ad55a129c188b78a6bf379ee5514cf466d54acf150f52d0326740697aa261f
2025-07-05,185,12,q4_3,B0,FORMAL_BACKUP,q4-inheritance-v2,delivery,10800.0,9,"[170, 164, 143, 174, 154, 152, 153, 144, 165]","[0.1111111111111111, 0.1111111111111111, 0.1111111111111111, 0.1111111111111111, 0.1111111111111111, 0.1111111111111111, 0.1111111111111111, 0.1111111111111111, 0.1111111111111111]",61107.696750738505,61107.696750738505,619.7916006353047,2912.0069376449665,0.10957950000010896,1.8189894035458565e-12,217,0.0,0.02,0.8,0.0,0,0.0,False,08ad55a129c188b78a6bf379ee5514cf466d54acf150f52d0326740697aa261f
2025-07-05,185,18,q4_3,B0,FORMAL_BACKUP,q4-inheritance-v2,delivery,10800.0,9,"[170, 164, 143, 174, 154, 152, 153, 144, 165]","[0.1111111111111111, 0.1111111111111111, 0.1111111111111111, 0.1111111111111111, 0.1111111111111111, 0.1111111111111111, 0.1111111111111111, 0.1111111111111111, 0.1111111111111111]",54959.468448484484,54959.468448484484,0.0,0.0,0.0786655999982031,1.8189894035458565e-12,181,0.0,0.02,0.8,71.06983333333204,0,0.0,False,08ad55a129c188b78a6bf379ee5514cf466d54acf150f52d0326740697aa261f
2025-07-06,186,0,q4_3,B0,FORMAL_BACKUP,q4-inheritance-v2,delivery,6471.419906980807,9,"[170, 164, 143, 174, 154, 175, 145, 144, 165]","[0.1111111111111111, 0.1111111111111111, 0.1111111111111111, 0.1111111111111111, 0.1111111111111111, 0.1111111111111111, 0.1111111111111111, 0.1111111111111111, 0.1111111111111111]",87920.0243355804,87920.0243355804,1743.2625291165705,8716.312645582855,0.18710840000130702,1.8189894035458565e-12,289,0.0,0.02,0.8,0.0,0,0.0,False,08ad55a129c188b78a6bf379ee5514cf466d54acf150f52d0326740697aa261f
2025-07-06,186,6,q4_3,B0,FORMAL_BACKUP,q4-inheritance-v2,delivery,5069.3396683128485,9,"[170, 164, 143, 174, 154, 175, 145, 144, 165]","[0.1111111111111111, 0.1111111111111111, 0.1111111111111111, 0.1111111111111111, 0.1111111111111111, 0.1111111111111111, 0.1111111111111111, 0.1111111111111111, 0.1111111111111111]",85558.44006421848,85558.44006421848,3890.5322219068007,18018.929803802515,0.1297562999970978,1.8189894035458565e-12,253,0.0,0.02,0.8,6059.094188753082,0,0.0,False,08ad55a129c188b78a6bf379ee5514cf466d54acf150f52d0326740697aa261f
2025-07-06,186,12,q4_3,B0,FORMAL_BACKUP,q4-inheritance-v2,delivery,4683.611658697115,9,"[170, 164, 143, 174, 154, 175, 145, 144, 165]","[0.1111111111111111, 0.1111111111111111, 0.1111111111111111, 0.1111111111111111, 0.1111111111111111, 0.1111111111111111, 0.1111111111111111, 0.1111111111111111, 0.1111111111111111]",77181.9296010079,77181.9296010079,3982.505423594926,18231.27171166931,0.11016339999332558,1.8189894035458565e-12,217,0.0,0.02,0.8,1816.7821621172873,0,0.0,False,08ad55a129c188b78a6bf379ee5514cf466d54acf150f52d0326740697aa261f
2025-07-06,186,18,q4_3,B0,FORMAL_BACKUP,q4-inheritance-v2,delivery,7626.7194137007855,9,"[170, 164, 143, 174, 154, 175, 145, 144, 165]","[0.1111111111111111, 0.1111111111111111, 0.1111111111111111, 0.1111111111111111, 0.1111111111111111, 0.1111111111111111, 0.1111111111111111, 0.1111111111111111, 0.1111111111111111]",59571.873165197125,59571.873165197125,1117.3227149621634,5150.271829561208,0.08641830000851769,1.8189894035458565e-12,181,0.0,0.02,0.8,637.5069359166724,0,0.0,False,08ad55a129c188b78a6bf379ee5514cf466d54acf150f52d0326740697aa261f
2025-07-07,187,0,q4_3,B0,FORMAL_BACKUP,q4-inheritance-v2,delivery,2465.9845159478828,9,"[177, 178, 143, 174, 154, 175, 145, 144, 165]","[0.1111111111111111, 0.1111111111111111, 0.1111111111111111, 0.1111111111111111, 0.1111111111111111, 0.1111111111111111, 0.1111111111111111, 0.1111111111111111, 0.1111111111111111]",120345.85385580562,120345.85385580562,2202.6297449513117,10997.757381810017,0.18780189999961294,1.8189894035458565e-12,289,0.0,0.02,0.8,0.0,0,0.0,False,08ad55a129c188b78a6bf379ee5514cf466d54acf150f52d0326740697aa261f
2025-07-07,187,6,q4_3,B0,FORMAL_BACKUP,q4-inheritance-v2,delivery,9579.324686042079,9,"[177, 178, 143, 174, 154, 175, 145, 144, 165]","[0.1111111111111111, 0.1111111111111111, 0.1111111111111111, 0.1111111111111111, 0.1111111111111111, 0.1111111111111111, 0.1111111111111111, 0.1111111111111111, 0.1111111111111111]",102907.59090000667,102907.59090000667,699.1519439308997,3388.633599377816,0.13003449999087024,1.8189894035458565e-12,253,0.0,0.02,0.8,2191.9586288138307,0,0.0,False,08ad55a129c188b78a6bf379ee5514cf466d54acf150f52d0326740697aa261f
2025-07-07,187,12,q4_3,B0,FORMAL_BACKUP,q4-inheritance-v2,delivery,7340.93951275643,9,"[177, 178, 143, 174, 154, 175, 145, 144, 165]","[0.1111111111111111, 0.1111111111111111, 0.1111111111111111, 0.1111111111111111, 0.1111111111111111, 0.1111111111111111, 0.1111111111111111, 0.1111111111111111, 0.1111111111111111]",98934.94561941896,98934.94561941896,324.6640635292905,1621.5750865036755,0.10132149999844842,1.8189894035458565e-12,217,0.0,0.02,0.8,1599.9233581965523,0,0.0,False,08ad55a129c188b78a6bf379ee5514cf466d54acf150f52d0326740697aa261f
2025-07-07,187,18,q4_3,B0,FORMAL_BACKUP,q4-inheritance-v2,delivery,10797.792170060133,9,"[177, 178, 143, 174, 154, 175, 145, 144, 165]","[0.1111111111111111, 0.1111111111111111, 0.1111111111111111, 0.1111111111111111, 0.1111111111111111, 0.1111111111111111, 0.1111111111111111, 0.1111111111111111, 0.1111111111111111]",76444.97947666576,76444.97947666576,-6.88689599175834e-14,0.0,0.08549660000426229,9.094947017729282e-13,181,0.0,0.02,0.8,1381.574831923824,0,0.0,False,08ad55a129c188b78a6bf379ee5514cf466d54acf150f52d0326740697aa261f
2025-07-08,188,0,q4_3,B0,FORMAL_BACKUP,q4-inheritance-v2,delivery,4244.203722782192,9,"[177, 178, 159, 157, 169, 167, 155, 144, 165]","[0.1111111111111111, 0.1111111111111111, 0.1111111111111111, 0.1111111111111111, 0.1111111111111111, 0.1111111111111111, 0.1111111111111111, 0.1111111111111111, 0.1111111111111111]",127937.11046073948,127937.11046073948,2995.134143975209,14629.402431066797,0.1961287000012817,9.094947017729282e-13,289,0.0,0.02,0.8,0.0,0,0.0,False,08ad55a129c188b78a6bf379ee5514cf466d54acf150f52d0326740697aa261f
2025-07-08,188,6,q4_3,B0,FORMAL_BACKUP,q4-inheritance-v2,delivery,10800.0,9,"[177, 178, 159, 157, 169, 167, 155, 144, 165]","[0.1111111111111111, 0.1111111111111111, 0.1111111111111111, 0.1111111111111111, 0.1111111111111111, 0.1111111111111111, 0.1111111111111111, 0.1111111111111111, 0.1111111111111111]",107533.65609240394,107533.65609240394,638.4315010896987,2904.8552662338084,0.12832620000699535,1.8189894035458565e-12,253,0.0,0.02,0.8,2494.8042062332706,0,0.0,False,08ad55a129c188b78a6bf379ee5514cf466d54acf150f52d0326740697aa261f
2025-07-08,188,12,q4_3,B0,FORMAL_BACKUP,q4-inheritance-v2,delivery,10003.933156662119,9,"[177, 178, 159, 157, 169, 167, 155, 144, 165]","[0.1111111111111111, 0.1111111111111111, 0.1111111111111111, 0.1111111111111111, 0.1111111111111111, 0.1111111111111111, 0.1111111111111111, 0.1111111111111111, 0.1111111111111111]",103558.14001201006,103558.14001201006,743.1935039081347,3501.381020907397,0.1025177999981679,9.094947017729282e-13,217,0.0,0.02,0.8,5348.181855677711,0,0.0,False,08ad55a129c188b78a6bf379ee5514cf466d54acf150f52d0326740697aa261f
2025-07-08,188,18,q4_3,B0,FORMAL_BACKUP,q4-inheritance-v2,delivery,10800.0,9,"[177, 178, 159, 157, 169, 167, 155, 144, 165]","[0.1111111111111111, 0.1111111111111111, 0.1111111111111111, 0.1111111111111111, 0.1111111111111111, 0.1111111111111111, 0.1111111111111111, 0.1111111111111111, 0.1111111111111111]",81667.7784364941,81667.7784364941,52.418992817517534,262.07696541860605,0.08035899999958929,9.094947017729282e-13,181,0.0,0.02,0.8,2.2737367544323206e-13,0,0.0,False,08ad55a129c188b78a6bf379ee5514cf466d54acf150f52d0326740697aa261f
2025-07-09,189,0,q4_3,B0,FORMAL_BACKUP,q4-inheritance-v2,delivery,4688.574698190092,9,"[177, 178, 159, 157, 169, 167, 155, 158, 151]","[0.1111111111111111, 0.1111111111111111, 0.1111111111111111, 0.1111111111111111, 0.1111111111111111, 0.1111111111111111, 0.1111111111111111, 0.1111111111111111, 0.1111111111111111]",129307.87532055349,129307.87532055349,1817.6773904665615,8878.709064287992,0.2162188999936916,1.8189894035458565e-12,289,0.0,0.02,0.8,0.0,0,0.0,False,08ad55a129c188b78a6bf379ee5514cf466d54acf150f52d0326740697aa261f
2025-07-09,189,6,q4_3,B0,FORMAL_BACKUP,q4-inheritance-v2,delivery,10800.0,9,"[177, 178, 159, 157, 169, 167, 155, 158, 151]","[0.1111111111111111, 0.1111111111111111, 0.1111111111111111, 0.1111111111111111, 0.1111111111111111, 0.1111111111111111, 0.1111111111111111, 0.1111111111111111, 0.1111111111111111]",110920.90647799724,110920.90647799724,885.2952456920237,4426.476228460119,0.12079620000440627,1.8189894035458565e-12,253,0.0,0.02,0.8,236.86295722222812,0,0.0,False,08ad55a129c188b78a6bf379ee5514cf466d54acf150f52d0326740697aa261f
2025-07-09,189,12,q4_3,B0,FORMAL_BACKUP,q4-inheritance-v2,delivery,10048.04973363336,9,"[177, 178, 159, 157, 169, 167, 155, 158, 151]","[0.1111111111111111, 0.1111111111111111, 0.1111111111111111, 0.1111111111111111, 0.1111111111111111, 0.1111111111111111, 0.1111111111111111, 0.1111111111111111, 0.1111111111111111]",111430.9575281102,111430.9575281102,1000.5788689634727,5002.894344817365,0.10548679999192245,1.8189894035458565e-12,217,0.0,0.02,0.8,3323.416494783948,0,0.0,False,08ad55a129c188b78a6bf379ee5514cf466d54acf150f52d0326740697aa261f
2025-07-09,189,18,q4_3,B0,FORMAL_BACKUP,q4-inheritance-v2,delivery,10800.0,9,"[177, 178, 159, 157, 169, 167, 155, 158, 151]","[0.1111111111111111, 0.1111111111111111, 0.1111111111111111, 0.1111111111111111, 0.1111111111111111, 0.1111111111111111, 0.1111111111111111, 0.1111111111111111, 0.1111111111111111]",85727.18122359975,85727.18122359975,127.0847816633802,635.4239083169011,0.08202419998997357,1.8189894035458565e-12,181,0.0,0.02,0.8,1.1368683772161603e-13,0,0.0,False,08ad55a129c188b78a6bf379ee5514cf466d54acf150f52d0326740697aa261f
2025-07-10,190,0,q4_3,B0,FORMAL_BACKUP,q4-inheritance-v2,delivery,7141.295294692745,9,"[163, 178, 159, 157, 169, 167, 187, 158, 151]","[0.1111111111111111, 0.1111111111111111, 0.1111111111111111, 0.1111111111111111, 0.1111111111111111, 0.1111111111111111, 0.1111111111111111, 0.1111111111111111, 0.1111111111111111]",96822.79642333016,96822.79642333016,1772.669678297546,8735.532803576707,0.18425150000257418,1.8189894035458565e-12,289,0.0,0.02,0.8,0.0,0,0.0,False,08ad55a129c188b78a6bf379ee5514cf466d54acf150f52d0326740697aa261f
2025-07-10,190,6,q4_3,B0,FORMAL_BACKUP,q4-inheritance-v2,delivery,10800.0,9,"[163, 178, 159, 157, 169, 167, 187, 158, 151]","[0.1111111111111111, 0.1111111111111111, 0.1111111111111111, 0.1111111111111111, 0.1111111111111111, 0.1111111111111111, 0.1111111111111111, 0.1111111111111111, 0.1111111111111111]",83481.57298487837,83481.57298487837,3112.6127105295664,14787.354261559138,0.12289110000710934,3.637978807091713e-12,253,0.0,0.02,0.8,539.7178062150725,0,0.0,False,08ad55a129c188b78a6bf379ee5514cf466d54acf150f52d0326740697aa261f
2025-07-10,190,12,q4_3,B0,FORMAL_BACKUP,q4-inheritance-v2,delivery,7038.914572521024,9,"[163, 178, 159, 157, 169, 167, 187, 158, 151]","[0.1111111111111111, 0.1111111111111111, 0.1111111111111111, 0.1111111111111111, 0.1111111111111111, 0.1111111111111111, 0.1111111111111111, 0.1111111111111111, 0.1111111111111111]",81228.75485402474,81228.75485402474,1568.9303217379193,7844.651608689598,0.10706589999608696,3.637978807091713e-12,217,0.0,0.02,0.8,110.13624694444432,0,0.0,False,08ad55a129c188b78a6bf379ee5514cf466d54acf150f52d0326740697aa261f
2025-07-10,190,18,q4_3,B0,FORMAL_BACKUP,q4-inheritance-v2,delivery,10800.0,9,"[163, 178, 159, 157, 169, 167, 187, 158, 151]","[0.1111111111111111, 0.1111111111111111, 0.1111111111111111, 0.1111111111111111, 0.1111111111111111, 0.1111111111111111, 0.1111111111111111, 0.1111111111111111, 0.1111111111111111]",62421.047847982525,62421.047847982525,196.29408366672922,981.4704183336463,0.08203839999623597,1.8189894035458565e-12,181,0.0,0.02,0.8,1.1368683772161603e-13,0,0.0,False,08ad55a129c188b78a6bf379ee5514cf466d54acf150f52d0326740697aa261f
2025-07-11,191,0,q4_3,B0,FORMAL_BACKUP,q4-inheritance-v2,delivery,6679.831928978724,9,"[163, 178, 159, 157, 154, 175, 187, 158, 151]","[0.1111111111111111, 0.1111111111111111, 0.1111111111111111, 0.1111111111111111, 0.1111111111111111, 0.1111111111111111, 0.1111111111111111, 0.1111111111111111, 0.1111111111111111]",71908.4595526395,71908.4595526395,1765.0642184762155,8589.97843866688,0.18513789999997243,3.637978807091713e-12,289,0.0,0.02,0.8,0.0,0,0.0,False,08ad55a129c188b78a6bf379ee5514cf466d54acf150f52d0326740697aa261f
2025-07-11,191,6,q4_3,B0,FORMAL_BACKUP,q4-inheritance-v2,delivery,10800.0,9,"[163, 178, 159, 157, 154, 175, 187, 158, 151]","[0.1111111111111111, 0.1111111111111111, 0.1111111111111111, 0.1111111111111111, 0.1111111111111111, 0.1111111111111111, 0.1111111111111111, 0.1111111111111111, 0.1111111111111111]",60360.99607672691,60360.99607672691,863.2926543112617,4316.463271556309,0.1204930000094464,1.8189894035458565e-12,253,0.0,0.02,0.8,587.6233235573276,0,0.0,False,08ad55a129c188b78a6bf379ee5514cf466d54acf150f52d0326740697aa261f
2025-07-11,191,12,q4_3,B0,FORMAL_BACKUP,q4-inheritance-v2,delivery,10800.0,9,"[163, 178, 159, 157, 154, 175, 187, 158, 151]","[0.1111111111111111, 0.1111111111111111, 0.1111111111111111, 0.1111111111111111, 0.1111111111111111, 0.1111111111111111, 0.1111111111111111, 0.1111111111111111, 0.1111111111111111]",62575.25214811842,62575.25214811842,1022.3904550340909,5111.952275170455,0.09612180000112858,1.8189894035458565e-12,217,0.0,0.02,0.8,774.3243125000006,0,0.0,False,08ad55a129c188b78a6bf379ee5514cf466d54acf150f52d0326740697aa261f
2025-07-11,191,18,q4_3,B0,FORMAL_BACKUP,q4-inheritance-v2,delivery,10800.0,9,"[163, 178, 159, 157, 154, 175, 187, 158, 151]","[0.1111111111111111, 0.1111111111111111, 0.1111111111111111, 0.1111111111111111, 0.1111111111111111, 0.1111111111111111, 0.1111111111111111, 0.1111111111111111, 0.1111111111111111]",55102.85382355632,55102.85382355632,463.7653432724318,2318.8267163621595,0.08209559999522753,9.094947017729282e-13,181,0.0,0.02,0.8,0.0,0,0.0,False,08ad55a129c188b78a6bf379ee5514cf466d54acf150f52d0326740697aa261f
2025-07-12,192,0,q4_3,B0,FORMAL_BACKUP,q4-inheritance-v2,delivery,9594.94143389081,9,"[177, 178, 159, 157, 154, 175, 187, 158, 151]","[0.1111111111111111, 0.1111111111111111, 0.1111111111111111, 0.1111111111111111, 0.1111111111111111, 0.1111111111111111, 0.1111111111111111, 0.1111111111111111, 0.1111111111111111]",82401.54028597976,82401.54028597976,831.7110181715465,4158.5550908577325,0.18462770000041928,1.8189894035458565e-12,289,0.0,0.02,0.8,0.0,0,0.0,False,08ad55a129c188b78a6bf379ee5514cf466d54acf150f52d0326740697aa261f
2025-07-12,192,6,q4_3,B0,FORMAL_BACKUP,q4-inheritance-v2,delivery,6232.778284685264,9,"[177, 178, 159, 157, 154, 175, 187, 158, 151]","[0.1111111111111111, 0.1111111111111111, 0.1111111111111111, 0.1111111111111111, 0.1111111111111111, 0.1111111111111111, 0.1111111111111111, 0.1111111111111111, 0.1111111111111111]",76162.56542956874,76162.56542956874,1209.7630367317665,6028.092534200332,0.11998590000439435,1.8189894035458565e-12,253,0.0,0.02,0.8,2.8137492336099967e-12,0,0.0,False,08ad55a129c188b78a6bf379ee5514cf466d54acf150f52d0326740697aa261f
2025-07-12,192,12,q4_3,B0,FORMAL_BACKUP,q4-inheritance-v2,delivery,10800.0,9,"[177, 178, 159, 157, 154, 175, 187, 158, 151]","[0.1111111111111111, 0.1111111111111111, 0.1111111111111111, 0.1111111111111111, 0.1111111111111111, 0.1111111111111111, 0.1111111111111111, 0.1111111111111111, 0.1111111111111111]",77434.80843359807,77434.80843359807,2045.3807675171386,10063.332084913529,0.07003800000529736,1.8189894035458565e-12,217,0.0,0.02,0.8,0.0,0,0.0,False,08ad55a129c188b78a6bf379ee5514cf466d54acf150f52d0326740697aa261f
2025-07-12,192,18,q4_3,B0,FORMAL_BACKUP,q4-inheritance-v2,delivery,10800.0,9,"[177, 178, 159, 157, 154, 175, 187, 158, 151]","[0.1111111111111111, 0.1111111111111111, 0.1111111111111111, 0.1111111111111111, 0.1111111111111111, 0.1111111111111111, 0.1111111111111111, 0.1111111111111111, 0.1111111111111111]",66961.11099071418,66961.11099071418,248.34483774208704,1241.7241887104356,0.06220100000791717,9.094947017729282e-13,181,0.0,0.02,0.8,0.0,0,0.0,False,08ad55a129c188b78a6bf379ee5514cf466d54acf150f52d0326740697aa261f
2025-07-13,193,0,q4_3,B0,FORMAL_BACKUP,q4-inheritance-v2,delivery,9457.116356413173,9,"[177, 178, 159, 157, 154, 175, 187, 158, 151]","[0.1111111111111111, 0.1111111111111111, 0.1111111111111111, 0.1111111111111111, 0.1111111111111111, 0.1111111111111111, 0.1111111111111111, 0.1111111111111111, 0.1111111111111111]",108155.07510077914,108155.07510077914,1287.790368428423,6361.628757287302,0.2704840999940643,1.8189894035458565e-12,289,0.0,0.02,0.8,0.0,0,0.0,False,08ad55a129c188b78a6bf379ee5514cf466d54acf150f52d0326740697aa261f
2025-07-13,193,6,q4_3,B0,FORMAL_BACKUP,q4-inheritance-v2,delivery,9848.999745438326,9,"[177, 178, 159, 157, 154, 175, 187, 158, 151]","[0.1111111111111111, 0.1111111111111111, 0.1111111111111111, 0.1111111111111111, 0.1111111111111111, 0.1111111111111111, 0.1111111111111111, 0.1111111111111111, 0.1111111111111111]",92674.80119292955,92674.80119292955,314.75581939862656,1573.7790969931332,0.12271170000894926,1.8189894035458565e-12,253,0.0,0.02,0.8,3072.004690401229,0,0.0,False,08ad55a129c188b78a6bf379ee5514cf466d54acf150f52d0326740697aa261f
2025-07-13,193,12,q4_3,B0,FORMAL_BACKUP,q4-inheritance-v2,delivery,4354.070003645369,9,"[177, 178, 159, 157, 154, 175, 187, 158, 151]","[0.1111111111111111, 0.1111111111111111, 0.1111111111111111, 0.1111111111111111, 0.1111111111111111, 0.1111111111111111, 0.1111111111111111, 0.1111111111111111, 0.1111111111111111]",96269.00691780043,96269.00691780043,522.0724706488886,2610.362353244443,0.10701350000454113,1.8189894035458565e-12,217,0.0,0.02,0.8,1445.2264402550384,0,0.0,False,08ad55a129c188b78a6bf379ee5514cf466d54acf150f52d0326740697aa261f
2025-07-13,193,18,q4_3,B0,FORMAL_BACKUP,q4-inheritance-v2,delivery,10800.0,9,"[177, 178, 159, 157, 154, 175, 187, 158, 151]","[0.1111111111111111, 0.1111111111111111, 0.1111111111111111, 0.1111111111111111, 0.1111111111111111, 0.1111111111111111, 0.1111111111111111, 0.1111111111111111, 0.1111111111111111]",80565.75445613233,80565.75445613233,7.981447601600342e-14,3.990723800800172e-13,0.08472650000476278,9.094947017729282e-13,181,0.0,0.02,0.8,163.4371719444454,0,0.0,False,08ad55a129c188b78a6bf379ee5514cf466d54acf150f52d0326740697aa261f
2025-07-14,194,0,q4_3,B0,FORMAL_BACKUP,q4-inheritance-v2,delivery,5122.944048764986,9,"[177, 178, 159, 157, 154, 175, 187, 158, 151]","[0.1111111111111111, 0.1111111111111111, 0.1111111111111111, 0.1111111111111111, 0.1111111111111111, 0.1111111111111111, 0.1111111111111111, 0.1111111111111111, 0.1111111111111111]",127155.25393727908,127155.25393727908,1606.3081108774154,7890.446633358635,0.14149840000027325,1.8189894035458565e-12,289,0.0,0.02,0.8,0.0,0,0.0,False,08ad55a129c188b78a6bf379ee5514cf466d54acf150f52d0326740697aa261f
2025-07-14,194,6,q4_3,B0,FORMAL_BACKUP,q4-inheritance-v2,delivery,10800.0,9,"[177, 178, 159, 157, 154, 175, 187, 158, 151]","[0.1111111111111111, 0.1111111111111111, 0.1111111111111111, 0.1111111111111111, 0.1111111111111111, 0.1111111111111111, 0.1111111111111111, 0.1111111111111111, 0.1111111111111111]",109660.89510329891,109660.89510329891,984.9125601608006,4924.562800804003,0.1155704999982845,1.8189894035458565e-12,253,0.0,0.02,0.8,295.527762777783,0,0.0,False,08ad55a129c188b78a6bf379ee5514cf466d54acf150f52d0326740697aa261f
2025-07-14,194,12,q4_3,B0,FORMAL_BACKUP,q4-inheritance-v2,delivery,9262.688595519388,9,"[177, 178, 159, 157, 154, 175, 187, 158, 151]","[0.1111111111111111, 0.1111111111111111, 0.1111111111111111, 0.1111111111111111, 0.1111111111111111, 0.1111111111111111, 0.1111111111111111, 0.1111111111111111, 0.1111111111111111]",105316.08826642286,105316.08826642286,1983.4531573923223,9917.265786961614,0.09694060000765603,1.8189894035458565e-12,217,0.0,0.02,0.8,2307.242655162267,0,0.0,False,08ad55a129c188b78a6bf379ee5514cf466d54acf150f52d0326740697aa261f
2025-07-14,194,18,q4_3,B0,FORMAL_BACKUP,q4-inheritance-v2,delivery,10800.0,9,"[177, 178, 159, 157, 154, 175, 187, 158, 151]","[0.1111111111111111, 0.1111111111111111, 0.1111111111111111, 0.1111111111111111, 0.1111111111111111, 0.1111111111111111, 0.1111111111111111, 0.1111111111111111, 0.1111111111111111]",91533.85154919389,91533.85154919389,133.62507034080264,668.1253517040134,0.05609980000008363,9.094947017729282e-13,181,0.0,0.02,0.8,1.3642420526593924e-12,0,0.0,False,08ad55a129c188b78a6bf379ee5514cf466d54acf150f52d0326740697aa261f
2025-07-15,195,0,q4_3,B0,FORMAL_BACKUP,q4-inheritance-v2,delivery,6996.551279183131,9,"[177, 178, 168, 162, 169, 167, 187, 158, 151]","[0.1111111111111111, 0.1111111111111111, 0.1111111111111111, 0.1111111111111111, 0.1111111111111111, 0.1111111111111111, 0.1111111111111111, 0.1111111111111111, 0.1111111111111111]",122597.21411723598,122597.21411723598,1893.5235282728327,9193.675249445165,0.1195949999964796,1.8189894035458565e-12,289,0.0,0.02,0.8,0.0,0,0.0,False,08ad55a129c188b78a6bf379ee5514cf466d54acf150f52d0326740697aa261f
2025-07-15,195,6,q4_3,B0,FORMAL_BACKUP,q4-inheritance-v2,delivery,10800.0,9,"[177, 178, 168, 162, 169, 167, 187, 158, 151]","[0.1111111111111111, 0.1111111111111111, 0.1111111111111111, 0.1111111111111111, 0.1111111111111111, 0.1111111111111111, 0.1111111111111111, 0.1111111111111111, 0.1111111111111111]",104800.41064107283,104800.41064107283,479.38858663664786,2396.9429331832393,0.09825599999749102,9.094947017729282e-13,253,0.0,0.02,0.8,1366.694534211655,0,0.0,False,08ad55a129c188b78a6bf379ee5514cf466d54acf150f52d0326740697aa261f
2025-07-15,195,12,q4_3,B0,FORMAL_BACKUP,q4-inheritance-v2,delivery,9444.860796891806,9,"[177, 178, 168, 162, 169, 167, 187, 158, 151]","[0.1111111111111111, 0.1111111111111111, 0.1111111111111111, 0.1111111111111111, 0.1111111111111111, 0.1111111111111111, 0.1111111111111111, 0.1111111111111111, 0.1111111111111111]",102175.72792243153,102175.72792243153,866.6371162726545,4333.185581363273,0.10085909999907017,1.8189894035458565e-12,217,0.0,0.02,0.8,3537.2386475043972,0,0.0,False,08ad55a129c188b78a6bf379ee5514cf466d54acf150f52d0326740697aa261f
2025-07-15,195,18,q4_3,B0,FORMAL_BACKUP,q4-inheritance-v2,delivery,10800.0,9,"[177, 178, 168, 162, 169, 167, 187, 158, 151]","[0.1111111111111111, 0.1111111111111111, 0.1111111111111111, 0.1111111111111111, 0.1111111111111111, 0.1111111111111111, 0.1111111111111111, 0.1111111111111111, 0.1111111111111111]",80086.82829797575,80086.82829797575,106.15875682631899,530.793784131595,0.07673220000287984,1.8189894035458565e-12,181,0.0,0.02,0.8,2.2737367544323206e-13,0,0.0,False,08ad55a129c188b78a6bf379ee5514cf466d54acf150f52d0326740697aa261f
2025-07-16,196,0,q4_3,B0,FORMAL_BACKUP,q4-inheritance-v2,delivery,7626.229207947124,9,"[177, 178, 168, 162, 169, 167, 187, 193, 165]","[0.1111111111111111, 0.1111111111111111, 0.1111111111111111, 0.1111111111111111, 0.1111111111111111, 0.1111111111111111, 0.1111111111111111, 0.1111111111111111, 0.1111111111111111]",118168.89247183627,118168.89247183627,3660.7708292054667,18303.854146027337,0.1944052000035299,1.8189894035458565e-12,289,0.0,0.02,0.8,0.0,0,0.0,False,08ad55a129c188b78a6bf379ee5514cf466d54acf150f52d0326740697aa261f
2025-07-16,196,6,q4_3,B0,FORMAL_BACKUP,q4-inheritance-v2,delivery,10800.0,9,"[177, 178, 168, 162, 169, 167, 187, 193, 165]","[0.1111111111111111, 0.1111111111111111, 0.1111111111111111, 0.1111111111111111, 0.1111111111111111, 0.1111111111111111, 0.1111111111111111, 0.1111111111111111, 0.1111111111111111]",100859.18215500227,100859.18215500227,1747.5168608982613,7956.667324678264,0.12095120000594761,2.2737367544323206e-12,253,0.0,0.02,0.8,48.49311111111598,0,0.0,False,08ad55a129c188b78a6bf379ee5514cf466d54acf150f52d0326740697aa261f
2025-07-16,196,12,q4_3,B0,FORMAL_BACKUP,q4-inheritance-v2,delivery,10264.70355760839,9,"[177, 178, 168, 162, 169, 167, 187, 193, 165]","[0.1111111111111111, 0.1111111111111111, 0.1111111111111111, 0.1111111111111111, 0.1111111111111111, 0.1111111111111111, 0.1111111111111111, 0.1111111111111111, 0.1111111111111111]",99763.29515752631,99763.29515752631,3050.575743686481,14221.792181836194,0.0847150000045076,3.637978807091713e-12,217,0.0,0.02,0.8,2586.5312113888895,0,0.0,False,08ad55a129c188b78a6bf379ee5514cf466d54acf150f52d0326740697aa261f
2025-07-16,196,18,q4_3,B0,FORMAL_BACKUP,q4-inheritance-v2,delivery,10800.0,9,"[177, 178, 168, 162, 169, 167, 187, 193, 165]","[0.1111111111111111, 0.1111111111111111, 0.1111111111111111, 0.1111111111111111, 0.1111111111111111, 0.1111111111111111, 0.1111111111111111, 0.1111111111111111, 0.1111111111111111]",82684.10280895319,82684.10280895319,10.217479978332568,51.05097892715669,0.06263109999417793,9.094947017729282e-13,181,0.0,0.02,0.8,0.0,0,0.0,False,08ad55a129c188b78a6bf379ee5514cf466d54acf150f52d0326740697aa261f
2025-07-17,197,0,q4_3,B0,FORMAL_BACKUP,q4-inheritance-v2,delivery,4173.330427663954,9,"[177, 178, 168, 162, 194, 167, 187, 193, 165]","[0.1111111111111111, 0.1111111111111111, 0.1111111111111111, 0.1111111111111111, 0.1111111111111111, 0.1111111111111111, 0.1111111111111111, 0.1111111111111111, 0.1111111111111111]",93607.73017947207,93607.73017947207,3760.53757509732,18796.183227917154,0.22638239999650978,9.094947017729282e-13,289,0.0,0.02,0.8,0.0,0,0.0,False,08ad55a129c188b78a6bf379ee5514cf466d54acf150f52d0326740697aa261f
2025-07-17,197,6,q4_3,B0,FORMAL_BACKUP,q4-inheritance-v2,delivery,10800.0,9,"[177, 178, 168, 162, 194, 167, 187, 193, 165]","[0.1111111111111111, 0.1111111111111111, 0.1111111111111111, 0.1111111111111111, 0.1111111111111111, 0.1111111111111111, 0.1111111111111111, 0.1111111111111111, 0.1111111111111111]",82131.64440119125,82131.64440119125,4028.1563701894547,18227.397112412164,0.13063360001251567,1.8189894035458565e-12,253,0.0,0.02,0.8,3938.9129920956852,0,0.0,False,08ad55a129c188b78a6bf379ee5514cf466d54acf150f52d0326740697aa261f
2025-07-17,197,12,q4_3,B0,FORMAL_BACKUP,q4-inheritance-v2,delivery,9543.726663476498,9,"[177, 178, 168, 162, 194, 167, 187, 193, 165]","[0.1111111111111111, 0.1111111111111111, 0.1111111111111111, 0.1111111111111111, 0.1111111111111111, 0.1111111111111111, 0.1111111111111111, 0.1111111111111111, 0.1111111111111111]",76696.99185151533,76696.99185151533,5190.573147235429,23933.815845103556,0.11462480000045616,3.637978807091713e-12,217,0.0,0.02,0.8,5013.382292868607,0,0.0,False,08ad55a129c188b78a6bf379ee5514cf466d54acf150f52d0326740697aa261f
2025-07-17,197,18,q4_3,B0,FORMAL_BACKUP,q4-inheritance-v2,delivery,10155.697496158964,9,"[177, 178, 168, 162, 194, 167, 187, 193, 165]","[0.1111111111111111, 0.1111111111111111, 0.1111111111111111, 0.1111111111111111, 0.1111111111111111, 0.1111111111111111, 0.1111111111111111, 0.1111111111111111, 0.1111111111111111]",59321.02630320732,59321.02630320732,876.1663019862772,4192.806803597123,0.0834030999976676,9.094947017729282e-13,181,0.0,0.02,0.8,31.477117027785994,0,0.0,False,08ad55a129c188b78a6bf379ee5514cf466d54acf150f52d0326740697aa261f
2025-07-18,198,0,q4_3,B0,FORMAL_BACKUP,q4-inheritance-v2,delivery,3495.4650975921,9,"[177, 178, 195, 157, 154, 175, 187, 193, 165]","[0.1111111111111111, 0.1111111111111111, 0.1111111111111111, 0.1111111111111111, 0.1111111111111111, 0.1111111111111111, 0.1111111111111111, 0.1111111111111111, 0.1111111111111111]",72836.7494537865,72836.7494537865,2280.2403114320728,11401.201557160366,0.18622429999231827,3.637978807091713e-12,289,0.0,0.02,0.8,0.0,0,0.0,False,08ad55a129c188b78a6bf379ee5514cf466d54acf150f52d0326740697aa261f
2025-07-18,198,6,q4_3,B0,FORMAL_BACKUP,q4-inheritance-v2,delivery,10393.917923795028,9,"[177, 178, 195, 157, 154, 175, 187, 193, 165]","[0.1111111111111111, 0.1111111111111111, 0.1111111111111111, 0.1111111111111111, 0.1111111111111111, 0.1111111111111111, 0.1111111111111111, 0.1111111111111111, 0.1111111111111111]",59860.29074877502,59860.29074877502,1028.0311412223657,4723.517438196733,0.08945160001167096,1.8189894035458565e-12,253,0.0,0.02,0.8,726.9825625079553,0,0.0,False,08ad55a129c188b78a6bf379ee5514cf466d54acf150f52d0326740697aa261f
2025-07-18,198,12,q4_3,B0,FORMAL_BACKUP,q4-inheritance-v2,delivery,10800.0,9,"[177, 178, 195, 157, 154, 175, 187, 193, 165]","[0.1111111111111111, 0.1111111111111111, 0.1111111111111111, 0.1111111111111111, 0.1111111111111111, 0.1111111111111111, 0.1111111111111111, 0.1111111111111111, 0.1111111111111111]",57943.11002505814,57943.11002505814,891.1020613408938,4194.657071296601,0.09891449999122415,1.8189894035458565e-12,217,0.0,0.02,0.8,1872.0642177901252,0,0.0,False,08ad55a129c188b78a6bf379ee5514cf466d54acf150f52d0326740697aa261f
2025-07-18,198,18,q4_3,B0,FORMAL_BACKUP,q4-inheritance-v2,delivery,10800.0,9,"[177, 178, 195, 157, 154, 175, 187, 193, 165]","[0.1111111111111111, 0.1111111111111111, 0.1111111111111111, 0.1111111111111111, 0.1111111111111111, 0.1111111111111111, 0.1111111111111111, 0.1111111111111111, 0.1111111111111111]",51955.14723247035,51955.14723247035,205.62368143308743,1028.068557894604,0.07437740000023041,1.8189894035458565e-12,181,0.0,0.02,0.8,4.547473508864641e-13,0,0.0,False,08ad55a129c188b78a6bf379ee5514cf466d54acf150f52d0326740697aa261f
2025-07-19,199,0,q4_3,B0,FORMAL_BACKUP,q4-inheritance-v2,delivery,7831.023024043149,9,"[177, 178, 195, 157, 194, 175, 187, 193, 165]","[0.1111111111111111, 0.1111111111111111, 0.1111111111111111, 0.1111111111111111, 0.1111111111111111, 0.1111111111111111, 0.1111111111111111, 0.1111111111111111, 0.1111111111111111]",78298.0606466604,78298.0606466604,1682.442329538019,8412.211647690096,0.16843780000635888,1.8189894035458565e-12,289,0.0,0.02,0.8,0.0,0,0.0,False,08ad55a129c188b78a6bf379ee5514cf466d54acf150f52d0326740697aa261f
2025-07-19,199,6,q4_3,B0,FORMAL_BACKUP,q4-inheritance-v2,delivery,5981.599223002025,9,"[177, 178, 195, 157, 194, 175, 187, 193, 165]","[0.1111111111111111, 0.1111111111111111, 0.1111111111111111, 0.1111111111111111, 0.1111111111111111, 0.1111111111111111, 0.1111111111111111, 0.1111111111111111, 0.1111111111111111]",69207.67067871334,69207.67067871334,387.7425798692121,1820.5058086477804,0.1026824000000488,1.8189894035458565e-12,253,0.0,0.02,0.8,771.6436123611138,0,0.0,False,08ad55a129c188b78a6bf379ee5514cf466d54acf150f52d0326740697aa261f
2025-07-19,199,12,q4_3,B0,FORMAL_BACKUP,q4-inheritance-v2,delivery,10800.0,9,"[177, 178, 195, 157, 194, 175, 187, 193, 165]","[0.1111111111111111, 0.1111111111111111, 0.1111111111111111, 0.1111111111111111, 0.1111111111111111, 0.1111111111111111, 0.1111111111111111, 0.1111111111111111, 0.1111111111111111]",68612.56832973835,68612.56832973835,1118.8965690530977,5284.126464585436,0.09883339999942109,1.8189894035458565e-12,217,0.0,0.02,0.8,751.34316699074,0,0.0,False,08ad55a129c188b78a6bf379ee5514cf466d54acf150f52d0326740697aa261f
2025-07-19,199,18,q4_3,B0,FORMAL_BACKUP,q4-inheritance-v2,delivery,10800.0,9,"[177, 178, 195, 157, 194, 175, 187, 193, 165]","[0.1111111111111111, 0.1111111111111111, 0.1111111111111111, 0.1111111111111111, 0.1111111111111111, 0.1111111111111111, 0.1111111111111111, 0.1111111111111111, 0.1111111111111111]",63893.46550789559,63893.46550789559,176.18467741114202,880.9233870557102,0.07368460000725463,1.8189894035458565e-12,181,0.0,0.02,0.8,2.2737367544323206e-13,0,0.0,False,08ad55a129c188b78a6bf379ee5514cf466d54acf150f52d0326740697aa261f
2025-07-20,200,0,q4_3,B0,FORMAL_BACKUP,q4-inheritance-v2,delivery,8071.492479029417,9,"[177, 178, 195, 157, 194, 175, 187, 193, 165]","[0.1111111111111111, 0.1111111111111111, 0.1111111111111111, 0.1111111111111111, 0.1111111111111111, 0.1111111111111111, 0.1111111111111111, 0.1111111111111111, 0.1111111111111111]",100431.97051648505,100431.97051648505,3194.714345103552,15956.810958427484,0.1524370999977691,3.637978807091713e-12,289,0.0,0.02,0.8,0.0,0,0.0,False,08ad55a129c188b78a6bf379ee5514cf466d54acf150f52d0326740697aa261f
2025-07-20,200,6,q4_3,B0,FORMAL_BACKUP,q4-inheritance-v2,delivery,8081.21805966152,9,"[177, 178, 195, 157, 194, 175, 187, 193, 165]","[0.1111111111111111, 0.1111111111111111, 0.1111111111111111, 0.1111111111111111, 0.1111111111111111, 0.1111111111111111, 0.1111111111111111, 0.1111111111111111, 0.1111111111111111]",89925.26624185676,89925.26624185676,3557.9296291425903,16187.606396665482,0.12464059999911115,5.4569682106375694e-12,253,0.0,0.02,0.8,2232.2631179413643,0,0.0,False,08ad55a129c188b78a6bf379ee5514cf466d54acf150f52d0326740697aa261f
2025-07-20,200,12,q4_3,B0,FORMAL_BACKUP,q4-inheritance-v2,delivery,5539.094770075933,9,"[177, 178, 195, 157, 194, 175, 187, 193, 165]","[0.1111111111111111, 0.1111111111111111, 0.1111111111111111, 0.1111111111111111, 0.1111111111111111, 0.1111111111111111, 0.1111111111111111, 0.1111111111111111, 0.1111111111111111]",87066.6894088704,87066.6894088704,4173.479499914095,19347.028815795184,0.09862459999567363,1.8189894035458565e-12,217,0.0,0.02,0.8,1961.5184611413629,0,0.0,False,08ad55a129c188b78a6bf379ee5514cf466d54acf150f52d0326740697aa261f
2025-07-20,200,18,q4_3,B0,FORMAL_BACKUP,q4-inheritance-v2,delivery,9901.232318719569,9,"[177, 178, 195, 157, 194, 175, 187, 193, 165]","[0.1111111111111111, 0.1111111111111111, 0.1111111111111111, 0.1111111111111111, 0.1111111111111111, 0.1111111111111111, 0.1111111111111111, 0.1111111111111111, 0.1111111111111111]",75377.13834245886,75377.13834245886,922.883305137214,4408.766683164697,0.0749465999979293,1.8189894035458565e-12,181,0.0,0.02,0.8,268.1935054969151,0,0.0,False,08ad55a129c188b78a6bf379ee5514cf466d54acf150f52d0326740697aa261f
2025-07-21,201,0,q4_3,B0,FORMAL_BACKUP,q4-inheritance-v2,delivery,2508.4627433241394,9,"[177, 178, 195, 157, 194, 175, 187, 193, 165]","[0.1111111111111111, 0.1111111111111111, 0.1111111111111111, 0.1111111111111111, 0.1111111111111111, 0.1111111111111111, 0.1111111111111111, 0.1111111111111111, 0.1111111111111111]",126708.0300051384,126708.0300051384,3719.4996037266483,18597.498018633243,0.24424260000523645,1.8189894035458565e-12,289,0.0,0.02,0.8,0.0,0,0.0,False,08ad55a129c188b78a6bf379ee5514cf466d54acf150f52d0326740697aa261f
2025-07-21,201,6,q4_3,B0,FORMAL_BACKUP,q4-inheritance-v2,delivery,10800.0,9,"[177, 178, 195, 157, 194, 175, 187, 193, 165]","[0.1111111111111111, 0.1111111111111111, 0.1111111111111111, 0.1111111111111111, 0.1111111111111111, 0.1111111111111111, 0.1111111111111111, 0.1111111111111111, 0.1111111111111111]",107426.24130321822,107426.24130321822,2069.9748853200426,9404.47401772097,0.12007189998985268,1.8189894035458565e-12,253,0.0,0.02,0.8,731.6196000000052,0,0.0,False,08ad55a129c188b78a6bf379ee5514cf466d54acf150f52d0326740697aa261f
2025-07-21,201,12,q4_3,B0,FORMAL_BACKUP,q4-inheritance-v2,delivery,9786.57458028864,9,"[177, 178, 195, 157, 194, 175, 187, 193, 165]","[0.1111111111111111, 0.1111111111111111, 0.1111111111111111, 0.1111111111111111, 0.1111111111111111, 0.1111111111111111, 0.1111111111111111, 0.1111111111111111, 0.1111111111111111]",106939.34421993619,106939.34421993619,3967.1657184181386,18386.936463929083,0.10056790000817273,7.275957614183426e-12,217,0.0,0.02,0.8,3146.079124444444,0,0.0,False,08ad55a129c188b78a6bf379ee5514cf466d54acf150f52d0326740697aa261f
2025-07-21,201,18,q4_3,B0,FORMAL_BACKUP,q4-inheritance-v2,delivery,10800.0,9,"[177, 178, 195, 157, 194, 175, 187, 193, 165]","[0.1111111111111111, 0.1111111111111111, 0.1111111111111111, 0.1111111111111111, 0.1111111111111111, 0.1111111111111111, 0.1111111111111111, 0.1111111111111111, 0.1111111111111111]",82606.34724752452,82606.34724752452,251.9985316450942,1259.937600968527,0.08047549999901094,1.8189894035458565e-12,181,0.0,0.02,0.8,2.2737367544323206e-13,0,0.0,False,08ad55a129c188b78a6bf379ee5514cf466d54acf150f52d0326740697aa261f
2025-07-22,202,0,q4_3,B0,FORMAL_BACKUP,q4-inheritance-v2,delivery,4230.558228012675,9,"[177, 178, 159, 189, 194, 175, 187, 193, 165]","[0.1111111111111111, 0.1111111111111111, 0.1111111111111111, 0.1111111111111111, 0.1111111111111111, 0.1111111111111111, 0.1111111111111111, 0.1111111111111111, 0.1111111111111111]",123008.81361347662,123008.81361347662,3823.966667913837,19119.833339569184,0.18962040000769775,1.8189894035458565e-12,289,0.0,0.02,0.8,0.0,0,0.0,False,08ad55a129c188b78a6bf379ee5514cf466d54acf150f52d0326740697aa261f
2025-07-22,202,6,q4_3,B0,FORMAL_BACKUP,q4-inheritance-v2,delivery,10800.0,9,"[177, 178, 159, 189, 194, 175, 187, 193, 165]","[0.1111111111111111, 0.1111111111111111, 0.1111111111111111, 0.1111111111111111, 0.1111111111111111, 0.1111111111111111, 0.1111111111111111, 0.1111111111111111, 0.1111111111111111]",118695.24713682586,118695.24713682586,4979.762911264707,22509.36401698934,0.08761349999986123,1.8189894035458565e-12,253,0.0,0.02,0.8,9115.240308061724,0,0.0,False,08ad55a129c188b78a6bf379ee5514cf466d54acf150f52d0326740697aa261f
2025-07-22,202,12,q4_3,B0,FORMAL_BACKUP,q4-inheritance-v2,delivery,9834.69862384978,9,"[177, 178, 159, 189, 194, 175, 187, 193, 165]","[0.1111111111111111, 0.1111111111111111, 0.1111111111111111, 0.1111111111111111, 0.1111111111111111, 0.1111111111111111, 0.1111111111111111, 0.1111111111111111, 0.1111111111111111]",101068.14467620461,101068.14467620461,3805.6579253371547,17656.930404329712,0.08607459999620914,1.8189894035458565e-12,217,0.0,0.02,0.8,9618.37980338272,0,0.0,False,08ad55a129c188b78a6bf379ee5514cf466d54acf150f52d0326740697aa261f
2025-07-22,202,18,q4_3,B0,FORMAL_BACKUP,q4-inheritance-v2,delivery,10800.0,9,"[177, 178, 159, 189, 194, 175, 187, 193, 165]","[0.1111111111111111, 0.1111111111111111, 0.1111111111111111, 0.1111111111111111, 0.1111111111111111, 0.1111111111111111, 0.1111111111111111, 0.1111111111111111, 0.1111111111111111]",85048.88251813783,85048.88251813783,132.40098672867336,661.9512335199103,0.08018240000819787,1.8189894035458565e-12,181,0.0,0.02,0.8,1.1368683772161603e-12,0,0.0,False,08ad55a129c188b78a6bf379ee5514cf466d54acf150f52d0326740697aa261f
2025-07-23,203,0,q4_3,B0,FORMAL_BACKUP,q4-inheritance-v2,delivery,5399.231922072888,9,"[177, 178, 159, 189, 194, 175, 187, 193, 165]","[0.1111111111111111, 0.1111111111111111, 0.1111111111111111, 0.1111111111111111, 0.1111111111111111, 0.1111111111111111, 0.1111111111111111, 0.1111111111111111, 0.1111111111111111]",131383.89633516734,131383.89633516734,3978.4016633741026,19891.74864559422,0.18858950000139885,1.8189894035458565e-12,289,0.0,0.02,0.8,0.0,0,0.0,False,08ad55a129c188b78a6bf379ee5514cf466d54acf150f52d0326740697aa261f
2025-07-23,203,6,q4_3,B0,FORMAL_BACKUP,q4-inheritance-v2,delivery,10800.0,9,"[177, 178, 159, 189, 194, 175, 187, 193, 165]","[0.1111111111111111, 0.1111111111111111, 0.1111111111111111, 0.1111111111111111, 0.1111111111111111, 0.1111111111111111, 0.1111111111111111, 0.1111111111111111, 0.1111111111111111]",109786.3517708809,109786.3517708809,826.8389060232143,3805.7516051381135,0.11849520000396296,1.8189894035458565e-12,253,0.0,0.02,0.8,5553.420196049389,0,0.0,False,08ad55a129c188b78a6bf379ee5514cf466d54acf150f52d0326740697aa261f
2025-07-23,203,12,q4_3,B0,FORMAL_BACKUP,q4-inheritance-v2,delivery,9774.323352722908,9,"[177, 178, 159, 189, 194, 175, 187, 193, 165]","[0.1111111111111111, 0.1111111111111111, 0.1111111111111111, 0.1111111111111111, 0.1111111111111111, 0.1111111111111111, 0.1111111111111111, 0.1111111111111111, 0.1111111111111111]",103563.89559304484,103563.89559304484,1431.8540996108798,6716.256973246061,0.1015622999984771,1.8189894035458565e-12,217,0.0,0.02,0.8,3609.0227981358066,0,0.0,False,08ad55a129c188b78a6bf379ee5514cf466d54acf150f52d0326740697aa261f
2025-07-23,203,18,q4_3,B0,FORMAL_BACKUP,q4-inheritance-v2,delivery,10800.0,9,"[177, 178, 159, 189, 194, 175, 187, 193, 165]","[0.1111111111111111, 0.1111111111111111, 0.1111111111111111, 0.1111111111111111, 0.1111111111111111, 0.1111111111111111, 0.1111111111111111, 0.1111111111111111, 0.1111111111111111]",93826.75150400883,93826.75150400883,235.2075039287349,1175.982954797996,0.0689323999977205,9.094947017729282e-13,181,0.0,0.02,0.8,0.0,0,0.0,False,08ad55a129c188b78a6bf379ee5514cf466d54acf150f52d0326740697aa261f
2025-07-24,204,0,q4_3,B0,FORMAL_BACKUP,q4-inheritance-v2,delivery,4357.110168813977,9,"[177, 178, 195, 189, 194, 175, 187, 193, 165]","[0.1111111111111111, 0.1111111111111111, 0.1111111111111111, 0.1111111111111111, 0.1111111111111111, 0.1111111111111111, 0.1111111111111111, 0.1111111111111111, 0.1111111111111111]",102304.12917014066,102304.12917014066,3898.930694126362,19485.902972854037,0.18248060000769328,1.8189894035458565e-12,289,0.0,0.02,0.8,0.0,0,0.0,False,08ad55a129c188b78a6bf379ee5514cf466d54acf150f52d0326740697aa261f
2025-07-24,204,6,q4_3,B0,FORMAL_BACKUP,q4-inheritance-v2,delivery,10800.0,9,"[177, 178, 195, 189, 194, 175, 187, 193, 165]","[0.1111111111111111, 0.1111111111111111, 0.1111111111111111, 0.1111111111111111, 0.1111111111111111, 0.1111111111111111, 0.1111111111111111, 0.1111111111111111, 0.1111111111111111]",82161.92764681342,82161.92764681342,1423.2307141867832,6482.227622832049,0.1205781000026036,1.8189894035458565e-12,253,0.0,0.02,0.8,2664.9779506051227,0,0.0,False,08ad55a129c188b78a6bf379ee5514cf466d54acf150f52d0326740697aa261f
2025-07-24,204,12,q4_3,B0,FORMAL_BACKUP,q4-inheritance-v2,delivery,10452.439279104223,9,"[177, 178, 195, 189, 194, 175, 187, 193, 165]","[0.1111111111111111, 0.1111111111111111, 0.1111111111111111, 0.1111111111111111, 0.1111111111111111, 0.1111111111111111, 0.1111111111111111, 0.1111111111111111, 0.1111111111111111]",77483.39380896655,77483.39380896655,1349.4841993558266,6386.78561892523,0.09038239999790676,1.8189894035458565e-12,217,0.0,0.02,0.8,4048.88225012346,0,0.0,False,08ad55a129c188b78a6bf379ee5514cf466d54acf150f52d0326740697aa261f
2025-07-24,204,18,q4_3,B0,FORMAL_BACKUP,q4-inheritance-v2,delivery,10800.0,9,"[177, 178, 195, 189, 194, 175, 187, 193, 165]","[0.1111111111111111, 0.1111111111111111, 0.1111111111111111, 0.1111111111111111, 0.1111111111111111, 0.1111111111111111, 0.1111111111111111, 0.1111111111111111, 0.1111111111111111]",57173.79818045454,57173.79818045454,132.87282641435255,664.31123225309,0.0771517999964999,9.094947017729282e-13,181,0.0,0.02,0.8,6.821210263296962e-13,0,0.0,False,08ad55a129c188b78a6bf379ee5514cf466d54acf150f52d0326740697aa261f
2025-07-25,205,0,q4_3,B0,FORMAL_BACKUP,q4-inheritance-v2,delivery,4611.116828989223,9,"[177, 178, 195, 189, 194, 175, 187, 193, 165]","[0.1111111111111111, 0.1111111111111111, 0.1111111111111111, 0.1111111111111111, 0.1111111111111111, 0.1111111111111111, 0.1111111111111111, 0.1111111111111111, 0.1111111111111111]",65603.75127496495,65603.75127496495,1965.5546762390918,9827.77338119546,0.2640806999988854,3.637978807091713e-12,289,0.0,0.02,0.8,0.0,0,0.0,False,08ad55a129c188b78a6bf379ee5514cf466d54acf150f52d0326740697aa261f
2025-07-25,205,6,q4_3,B0,FORMAL_BACKUP,q4-inheritance-v2,delivery,10026.770161967179,9,"[177, 178, 195, 189, 194, 175, 187, 193, 165]","[0.1111111111111111, 0.1111111111111111, 0.1111111111111111, 0.1111111111111111, 0.1111111111111111, 0.1111111111111111, 0.1111111111111111, 0.1111111111111111, 0.1111111111111111]",57832.89167308992,57832.89167308992,2661.948565584782,12099.559052185576,0.12430850000237115,2.7284841053187847e-12,253,0.0,0.02,0.8,1720.1712667198212,0,0.0,False,08ad55a129c188b78a6bf379ee5514cf466d54acf150f52d0326740697aa261f
2025-07-25,205,12,q4_3,B0,FORMAL_BACKUP,q4-inheritance-v2,delivery,10800.0,9,"[177, 178, 195, 189, 194, 175, 187, 193, 165]","[0.1111111111111111, 0.1111111111111111, 0.1111111111111111, 0.1111111111111111, 0.1111111111111111, 0.1111111111111111, 0.1111111111111111, 0.1111111111111111, 0.1111111111111111]",57228.12031570648,57228.12031570648,2048.749069388271,9642.73664291457,0.10539399999834131,1.8189894035458565e-12,217,0.0,0.02,0.8,1720.171266719819,0,0.0,False,08ad55a129c188b78a6bf379ee5514cf466d54acf150f52d0326740697aa261f
2025-07-25,205,18,q4_3,B0,FORMAL_BACKUP,q4-inheritance-v2,delivery,10800.0,9,"[177, 178, 195, 189, 194, 175, 187, 193, 165]","[0.1111111111111111, 0.1111111111111111, 0.1111111111111111, 0.1111111111111111, 0.1111111111111111, 0.1111111111111111, 0.1111111111111111, 0.1111111111111111, 0.1111111111111111]",48800.666683899304,48800.666683899304,150.3836215195983,751.8697868765412,0.07943120000709314,9.094947017729282e-13,181,0.0,0.02,0.8,4.547473508864641e-13,0,0.0,False,08ad55a129c188b78a6bf379ee5514cf466d54acf150f52d0326740697aa261f
2025-07-26,206,0,q4_3,B0,FORMAL_BACKUP,q4-inheritance-v2,delivery,7067.774754478592,9,"[177, 178, 199, 174, 202, 175, 187, 193, 165]","[0.1111111111111111, 0.1111111111111111, 0.1111111111111111, 0.1111111111111111, 0.1111111111111111, 0.1111111111111111, 0.1111111111111111, 0.1111111111111111, 0.1111111111111111]",76449.14478324373,76449.14478324373,1563.9622356308562,7819.811178154281,0.156363500005682,1.8189894035458565e-12,289,0.0,0.02,0.8,0.0,0,0.0,False,08ad55a129c188b78a6bf379ee5514cf466d54acf150f52d0326740697aa261f
2025-07-26,206,6,q4_3,B0,FORMAL_BACKUP,q4-inheritance-v2,delivery,6576.093293065794,9,"[177, 178, 199, 174, 202, 175, 187, 193, 165]","[0.1111111111111111, 0.1111111111111111, 0.1111111111111111, 0.1111111111111111, 0.1111111111111111, 0.1111111111111111, 0.1111111111111111, 0.1111111111111111, 0.1111111111111111]",69854.58350282501,69854.58350282501,1387.5835463335804,6396.427317406899,0.09411819999513682,1.8189894035458565e-12,253,0.0,0.02,0.8,1236.2797348611157,0,0.0,False,08ad55a129c188b78a6bf379ee5514cf466d54acf150f52d0326740697aa261f
2025-07-26,206,12,q4_3,B0,FORMAL_BACKUP,q4-inheritance-v2,delivery,10800.0,9,"[177, 178, 199, 174, 202, 175, 187, 193, 165]","[0.1111111111111111, 0.1111111111111111, 0.1111111111111111, 0.1111111111111111, 0.1111111111111111, 0.1111111111111111, 0.1111111111111111, 0.1111111111111111, 0.1111111111111111]",76212.51533279184,76212.51533279184,2451.9259156566623,11392.226927765523,0.0813726000051247,1.8189894035458565e-12,217,0.0,0.02,0.8,1236.2797348611125,0,0.0,False,08ad55a129c188b78a6bf379ee5514cf466d54acf150f52d0326740697aa261f
2025-07-26,206,18,q4_3,B0,FORMAL_BACKUP,q4-inheritance-v2,delivery,10800.0,9,"[177, 178, 199, 174, 202, 175, 187, 193, 165]","[0.1111111111111111, 0.1111111111111111, 0.1111111111111111, 0.1111111111111111, 0.1111111111111111, 0.1111111111111111, 0.1111111111111111, 0.1111111111111111, 0.1111111111111111]",60745.48361684262,60745.48361684262,232.49363420162146,1162.4192738051756,0.07901440000568982,9.094947017729282e-13,181,0.0,0.02,0.8,1.1368683772161603e-12,0,0.0,False,08ad55a129c188b78a6bf379ee5514cf466d54acf150f52d0326740697aa261f
2025-07-27,207,0,q4_3,B0,FORMAL_BACKUP,q4-inheritance-v2,delivery,8439.873147321447,9,"[177, 178, 184, 168, 202, 175, 187, 193, 165]","[0.1111111111111111, 0.1111111111111111, 0.1111111111111111, 0.1111111111111111, 0.1111111111111111, 0.1111111111111111, 0.1111111111111111, 0.1111111111111111, 0.1111111111111111]",100531.13865660364,100531.13865660364,3522.0134073528184,17586.31074486826,0.19815910000761505,1.8189894035458565e-12,289,0.0,0.02,0.8,0.0,0,0.0,False,08ad55a129c188b78a6bf379ee5514cf466d54acf150f52d0326740697aa261f
2025-07-27,207,6,q4_3,B0,FORMAL_BACKUP,q4-inheritance-v2,delivery,9954.264624970354,9,"[177, 178, 184, 168, 202, 175, 187, 193, 165]","[0.1111111111111111, 0.1111111111111111, 0.1111111111111111, 0.1111111111111111, 0.1111111111111111, 0.1111111111111111, 0.1111111111111111, 0.1111111111111111, 0.1111111111111111]",89173.71107782844,89173.71107782844,3366.769874715197,15304.322644820857,0.09399059999850579,1.8189894035458565e-12,253,0.0,0.02,0.8,2495.1421999722265,0,0.0,False,08ad55a129c188b78a6bf379ee5514cf466d54acf150f52d0326740697aa261f
2025-07-27,207,12,q4_3,B0,FORMAL_BACKUP,q4-inheritance-v2,delivery,4771.5576399771635,9,"[177, 178, 184, 168, 202, 175, 187, 193, 165]","[0.1111111111111111, 0.1111111111111111, 0.1111111111111111, 0.1111111111111111, 0.1111111111111111, 0.1111111111111111, 0.1111111111111111, 0.1111111111111111, 0.1111111111111111]",89973.70338271589,89973.70338271589,5042.418464466322,23209.964554573486,0.11591520000365563,3.637978807091713e-12,217,0.0,0.02,0.8,1444.7260203967705,0,0.0,False,08ad55a129c188b78a6bf379ee5514cf466d54acf150f52d0326740697aa261f
2025-07-27,207,18,q4_3,B0,FORMAL_BACKUP,q4-inheritance-v2,delivery,9173.609555070154,9,"[177, 178, 184, 168, 202, 175, 187, 193, 165]","[0.1111111111111111, 0.1111111111111111, 0.1111111111111111, 0.1111111111111111, 0.1111111111111111, 0.1111111111111111, 0.1111111111111111, 0.1111111111111111, 0.1111111111111111]",77255.94677400855,77255.94677400855,910.6993640006417,4358.238863578718,0.08421529999759514,1.8189894035458565e-12,181,0.0,0.02,0.8,1002.4584126577487,0,0.0,False,08ad55a129c188b78a6bf379ee5514cf466d54acf150f52d0326740697aa261f
2025-07-28,208,0,q4_3,B0,FORMAL_BACKUP,q4-inheritance-v2,delivery,1780.3919537371419,9,"[198, 178, 184, 168, 202, 175, 187, 193, 165]","[0.1111111111111111, 0.1111111111111111, 0.1111111111111111, 0.1111111111111111, 0.1111111111111111, 0.1111111111111111, 0.1111111111111111, 0.1111111111111111, 0.1111111111111111]",128202.64441967047,128202.64441967047,3991.8573898329373,19959.286949164692,0.17835490001016296,7.275957614183426e-12,289,0.0,0.02,0.8,0.0,0,0.0,False,08ad55a129c188b78a6bf379ee5514cf466d54acf150f52d0326740697aa261f
2025-07-28,208,6,q4_3,B0,FORMAL_BACKUP,q4-inheritance-v2,delivery,10800.0,9,"[198, 178, 184, 168, 202, 175, 187, 193, 165]","[0.1111111111111111, 0.1111111111111111, 0.1111111111111111, 0.1111111111111111, 0.1111111111111111, 0.1111111111111111, 0.1111111111111111, 0.1111111111111111, 0.1111111111111111]",113547.3257734007,113547.3257734007,4695.943482924131,21214.149145475887,0.11588560001109727,2.7284841053187847e-12,253,0.0,0.02,0.8,2206.312256008464,0,0.0,False,08ad55a129c188b78a6bf379ee5514cf466d54acf150f52d0326740697aa261f
2025-07-28,208,12,q4_3,B0,FORMAL_BACKUP,q4-inheritance-v2,delivery,8434.683174832739,9,"[198, 178, 184, 168, 202, 175, 187, 193, 165]","[0.1111111111111111, 0.1111111111111111, 0.1111111111111111, 0.1111111111111111, 0.1111111111111111, 0.1111111111111111, 0.1111111111111111, 0.1111111111111111, 0.1111111111111111]",104862.91717719067,104862.91717719067,4334.307887784977,20050.409174681336,0.09902920000604354,9.094947017729282e-13,217,0.0,0.02,0.8,3471.6390844313005,0,0.0,False,08ad55a129c188b78a6bf379ee5514cf466d54acf150f52d0326740697aa261f
2025-07-28,208,18,q4_3,B0,FORMAL_BACKUP,q4-inheritance-v2,delivery,10241.404882834184,9,"[198, 178, 184, 168, 202, 175, 187, 193, 165]","[0.1111111111111111, 0.1111111111111111, 0.1111111111111111, 0.1111111111111111, 0.1111111111111111, 0.1111111111111111, 0.1111111111111111, 0.1111111111111111, 0.1111111111111111]",97552.78519988722,97552.78519988722,864.7695511438388,4135.983931803616,0.06759360000432935,1.8189894035458565e-12,181,0.0,0.02,0.8,72.2123086944444,0,0.0,False,08ad55a129c188b78a6bf379ee5514cf466d54acf150f52d0326740697aa261f
2025-07-29,209,0,q4_3,B0,FORMAL_BACKUP,q4-inheritance-v2,delivery,4320.054019285056,9,"[198, 178, 184, 168, 202, 175, 187, 193, 165]","[0.1111111111111111, 0.1111111111111111, 0.1111111111111111, 0.1111111111111111, 0.1111111111111111, 0.1111111111111111, 0.1111111111111111, 0.1111111111111111, 0.1111111111111111]",124870.20896921726,124870.20896921726,3805.68126929109,19028.406346455453,0.2418916999886278,7.275957614183426e-12,289,0.0,0.02,0.8,0.0,0,0.0,False,08ad55a129c188b78a6bf379ee5514cf466d54acf150f52d0326740697aa261f
2025-07-29,209,6,q4_3,B0,FORMAL_BACKUP,q4-inheritance-v2,delivery,10800.0,9,"[198, 178, 184, 168, 202, 175, 187, 193, 165]","[0.1111111111111111, 0.1111111111111111, 0.1111111111111111, 0.1111111111111111, 0.1111111111111111, 0.1111111111111111, 0.1111111111111111, 0.1111111111111111, 0.1111111111111111]",114286.66474378634,114286.66474378634,4932.02717477332,22283.587913481955,0.0957501999946544,9.094947017729282e-13,253,0.0,0.02,0.8,4631.053252037689,0,0.0,False,08ad55a129c188b78a6bf379ee5514cf466d54acf150f52d0326740697aa261f
2025-07-29,209,12,q4_3,B0,FORMAL_BACKUP,q4-inheritance-v2,delivery,9708.945566725892,9,"[198, 178, 184, 168, 202, 175, 187, 193, 165]","[0.1111111111111111, 0.1111111111111111, 0.1111111111111111, 0.1111111111111111, 0.1111111111111111, 0.1111111111111111, 0.1111111111111111, 0.1111111111111111, 0.1111111111111111]",103032.67585464373,103032.67585464373,4765.287330553518,21969.374045263852,0.08175060000212397,3.637978807091713e-12,217,0.0,0.02,0.8,4488.9130611601595,0,0.0,False,08ad55a129c188b78a6bf379ee5514cf466d54acf150f52d0326740697aa261f
2025-07-29,209,18,q4_3,B0,FORMAL_BACKUP,q4-inheritance-v2,delivery,10800.0,9,"[198, 178, 184, 168, 202, 175, 187, 193, 165]","[0.1111111111111111, 0.1111111111111111, 0.1111111111111111, 0.1111111111111111, 0.1111111111111111, 0.1111111111111111, 0.1111111111111111, 0.1111111111111111, 0.1111111111111111]",84512.32282765135,84512.32282765135,166.3698481901474,831.7952700556756,0.08048600000620354,9.094947017729282e-13,181,0.0,0.02,0.8,1.1368683772161603e-12,0,0.0,False,08ad55a129c188b78a6bf379ee5514cf466d54acf150f52d0326740697aa261f
2025-07-30,210,0,q4_3,B0,FORMAL_BACKUP,q4-inheritance-v2,delivery,4645.050703558136,9,"[198, 178, 184, 168, 202, 175, 187, 193, 172]","[0.1111111111111111, 0.1111111111111111, 0.1111111111111111, 0.1111111111111111, 0.1111111111111111, 0.1111111111111111, 0.1111111111111111, 0.1111111111111111, 0.1111111111111111]",119346.98225877465,119346.98225877465,3019.3283620412435,15096.641810206222,0.19489539999631234,1.8189894035458565e-12,289,0.0,0.02,0.8,0.0,0,0.0,False,08ad55a129c188b78a6bf379ee5514cf466d54acf150f52d0326740697aa261f
2025-07-30,210,6,q4_3,B0,FORMAL_BACKUP,q4-inheritance-v2,delivery,10800.0,9,"[198, 178, 184, 168, 202, 175, 187, 193, 172]","[0.1111111111111111, 0.1111111111111111, 0.1111111111111111, 0.1111111111111111, 0.1111111111111111, 0.1111111111111111, 0.1111111111111111, 0.1111111111111111, 0.1111111111111111]",113861.96687839323,113861.96687839323,4815.250444524623,21828.61934819799,0.12238500000967178,1.8189894035458565e-12,253,0.0,0.02,0.8,9104.893285673632,0,0.0,False,08ad55a129c188b78a6bf379ee5514cf466d54acf150f52d0326740697aa261f
2025-07-30,210,12,q4_3,B0,FORMAL_BACKUP,q4-inheritance-v2,delivery,9037.655002700947,9,"[198, 178, 184, 168, 202, 175, 187, 193, 172]","[0.1111111111111111, 0.1111111111111111, 0.1111111111111111, 0.1111111111111111, 0.1111111111111111, 0.1111111111111111, 0.1111111111111111, 0.1111111111111111, 0.1111111111111111]",103235.27044721591,103235.27044721591,5178.577009218005,23765.46812324266,0.10352920000150334,5.4569682106375694e-12,217,0.0,0.02,0.8,3960.9678611811705,0,0.0,False,08ad55a129c188b78a6bf379ee5514cf466d54acf150f52d0326740697aa261f
2025-07-30,210,18,q4_3,B0,FORMAL_BACKUP,q4-inheritance-v2,delivery,10681.39414432134,9,"[198, 178, 184, 168, 202, 175, 187, 193, 172]","[0.1111111111111111, 0.1111111111111111, 0.1111111111111111, 0.1111111111111111, 0.1111111111111111, 0.1111111111111111, 0.1111111111111111, 0.1111111111111111, 0.1111111111111111]",93776.59094737709,93776.59094737709,364.04335940489887,1820.2167970244946,0.07902589999139309,1.8189894035458565e-12,181,0.0,0.02,0.8,1.1368683772161603e-13,0,0.0,False,08ad55a129c188b78a6bf379ee5514cf466d54acf150f52d0326740697aa261f
2025-07-31,211,0,q4_3,B0,FORMAL_BACKUP,q4-inheritance-v2,delivery,5563.89696342127,9,"[198, 178, 184, 168, 202, 175, 187, 193, 172]","[0.1111111111111111, 0.1111111111111111, 0.1111111111111111, 0.1111111111111111, 0.1111111111111111, 0.1111111111111111, 0.1111111111111111, 0.1111111111111111, 0.1111111111111111]",94065.24079133355,94065.24079133355,3515.1786990824203,17539.133437571825,0.18730540000251494,1.8189894035458565e-12,289,0.0,0.02,0.8,0.0,0,0.0,False,08ad55a129c188b78a6bf379ee5514cf466d54acf150f52d0326740697aa261f
2025-07-31,211,6,q4_3,B0,FORMAL_BACKUP,q4-inheritance-v2,delivery,10800.0,9,"[198, 178, 184, 168, 202, 175, 187, 193, 172]","[0.1111111111111111, 0.1111111111111111, 0.1111111111111111, 0.1111111111111111, 0.1111111111111111, 0.1111111111111111, 0.1111111111111111, 0.1111111111111111, 0.1111111111111111]",82856.3051964282,82856.3051964282,4564.457795223915,20793.21314736473,0.12200400000438094,4.547473508864641e-12,253,0.0,0.02,0.8,3845.484871080148,0,0.0,False,08ad55a129c188b78a6bf379ee5514cf466d54acf150f52d0326740697aa261f
2025-07-31,211,12,q4_3,B0,FORMAL_BACKUP,q4-inheritance-v2,delivery,9435.241722050718,9,"[198, 178, 184, 168, 202, 175, 187, 193, 172]","[0.1111111111111111, 0.1111111111111111, 0.1111111111111111, 0.1111111111111111, 0.1111111111111111, 0.1111111111111111, 0.1111111111111111, 0.1111111111111111, 0.1111111111111111]",76920.02996207736,76920.02996207736,5514.968260369249,25294.274221888125,0.10865310000372119,1.8189894035458565e-12,217,0.0,0.02,0.8,3799.524768910398,0,0.0,False,08ad55a129c188b78a6bf379ee5514cf466d54acf150f52d0326740697aa261f
2025-07-31,211,18,q4_3,B0,FORMAL_BACKUP,q4-inheritance-v2,delivery,10648.02417482114,9,"[198, 178, 184, 168, 202, 175, 187, 193, 172]","[0.1111111111111111, 0.1111111111111111, 0.1111111111111111, 0.1111111111111111, 0.1111111111111111, 0.1111111111111111, 0.1111111111111111, 0.1111111111111111, 0.1111111111111111]",57725.55475613907,57725.55475613907,310.5144864913785,1552.5724324568926,0.08253040000272449,1.8189894035458565e-12,181,0.0,0.02,0.8,6.821210263296962e-13,0,0.0,False,08ad55a129c188b78a6bf379ee5514cf466d54acf150f52d0326740697aa261f
2025-08-01,212,0,q4_3,B0,FORMAL_BACKUP,q4-inheritance-v2,delivery,4265.841057493175,9,"[198, 178, 184, 168, 202, 175, 187, 193, 172]","[0.1111111111111111, 0.1111111111111111, 0.1111111111111111, 0.1111111111111111, 0.1111111111111111, 0.1111111111111111, 0.1111111111111111, 0.1111111111111111, 0.1111111111111111]",65987.30698075831,65987.30698075831,1844.3188589136491,9221.480575947631,0.23087529999611434,1.8189894035458565e-12,289,0.0,0.02,0.8,0.0,0,0.0,False,08ad55a129c188b78a6bf379ee5514cf466d54acf150f52d0326740697aa261f
2025-08-01,212,6,q4_3,B0,FORMAL_BACKUP,q4-inheritance-v2,delivery,8734.905086769364,9,"[198, 178, 184, 168, 202, 175, 187, 193, 172]","[0.1111111111111111, 0.1111111111111111, 0.1111111111111111, 0.1111111111111111, 0.1111111111111111, 0.1111111111111111, 0.1111111111111111, 0.1111111111111111, 0.1111111111111111]",54775.5051678702,54775.5051678702,609.827346684158,2960.966339205588,0.1156083999958355,1.8189894035458565e-12,253,0.0,0.02,0.8,41.3216546639259,0,0.0,False,08ad55a129c188b78a6bf379ee5514cf466d54acf150f52d0326740697aa261f
2025-08-01,212,12,q4_3,B0,FORMAL_BACKUP,q4-inheritance-v2,delivery,10800.0,9,"[198, 178, 184, 168, 202, 175, 187, 193, 172]","[0.1111111111111111, 0.1111111111111111, 0.1111111111111111, 0.1111111111111111, 0.1111111111111111, 0.1111111111111111, 0.1111111111111111, 0.1111111111111111, 0.1111111111111111]",55005.32650085581,55005.32650085581,1083.6401774663836,5232.011955447998,0.08266919999732636,1.8189894035458565e-12,217,0.0,0.02,0.8,41.32165466392286,0,0.0,False,08ad55a129c188b78a6bf379ee5514cf466d54acf150f52d0326740697aa261f
2025-08-01,212,18,q4_3,B0,FORMAL_BACKUP,q4-inheritance-v2,delivery,10800.0,9,"[198, 178, 184, 168, 202, 175, 187, 193, 172]","[0.1111111111111111, 0.1111111111111111, 0.1111111111111111, 0.1111111111111111, 0.1111111111111111, 0.1111111111111111, 0.1111111111111111, 0.1111111111111111, 0.1111111111111111]",47445.620254102134,47445.620254102134,115.03403408766914,575.1701704383458,0.07449309999356046,1.8189894035458565e-12,181,0.0,0.02,0.8,0.0,0,0.0,False,08ad55a129c188b78a6bf379ee5514cf466d54acf150f52d0326740697aa261f
2025-08-02,213,0,q4_3,B0,FORMAL_BACKUP,q4-inheritance-v2,delivery,7485.6619337600305,9,"[198, 178, 184, 174, 194, 209, 210, 193, 172]","[0.1111111111111111, 0.1111111111111111, 0.1111111111111111, 0.1111111111111111, 0.1111111111111111, 0.1111111111111111, 0.1111111111111111, 0.1111111111111111, 0.1111111111111111]",78551.09978885371,78551.09978885371,2026.4284342874114,10132.142171437057,0.19029949999821838,1.8189894035458565e-12,289,0.0,0.02,0.8,0.0,0,0.0,False,08ad55a129c188b78a6bf379ee5514cf466d54acf150f52d0326740697aa261f
2025-08-02,213,6,q4_3,B0,FORMAL_BACKUP,q4-inheritance-v2,delivery,6529.089114881746,9,"[198, 178, 184, 174, 194, 209, 210, 193, 172]","[0.1111111111111111, 0.1111111111111111, 0.1111111111111111, 0.1111111111111111, 0.1111111111111111, 0.1111111111111111, 0.1111111111111111, 0.1111111111111111, 0.1111111111111111]",69280.2787090144,69280.2787090144,608.840676704188,2924.295459174266,0.11815919999207836,1.8189894035458565e-12,253,0.0,0.02,0.8,1028.6019054091857,0,0.0,False,08ad55a129c188b78a6bf379ee5514cf466d54acf150f52d0326740697aa261f
2025-08-02,213,12,q4_3,B0,FORMAL_BACKUP,q4-inheritance-v2,delivery,10800.0,9,"[198, 178, 184, 174, 194, 209, 210, 193, 172]","[0.1111111111111111, 0.1111111111111111, 0.1111111111111111, 0.1111111111111111, 0.1111111111111111, 0.1111111111111111, 0.1111111111111111, 0.1111111111111111, 0.1111111111111111]",69373.79891851394,69373.79891851394,1231.527792638729,5807.793848304404,0.10267860000021756,1.8189894035458565e-12,217,0.0,0.02,0.8,233.83849845678947,0,0.0,False,08ad55a129c188b78a6bf379ee5514cf466d54acf150f52d0326740697aa261f
2025-08-02,213,18,q4_3,B0,FORMAL_BACKUP,q4-inheritance-v2,delivery,10800.0,9,"[198, 178, 184, 174, 194, 209, 210, 193, 172]","[0.1111111111111111, 0.1111111111111111, 0.1111111111111111, 0.1111111111111111, 0.1111111111111111, 0.1111111111111111, 0.1111111111111111, 0.1111111111111111, 0.1111111111111111]",61887.81468154888,61887.81468154888,148.77222760185145,743.8611380092574,0.08003180001105648,9.094947017729282e-13,181,0.0,0.02,0.8,2.291500322826323e-13,0,0.0,False,08ad55a129c188b78a6bf379ee5514cf466d54acf150f52d0326740697aa261f
2025-08-03,214,0,q4_3,B0,FORMAL_BACKUP,q4-inheritance-v2,delivery,9011.014695174204,9,"[198, 178, 184, 174, 194, 197, 210, 193, 172]","[0.1111111111111111, 0.1111111111111111, 0.1111111111111111, 0.1111111111111111, 0.1111111111111111, 0.1111111111111111, 0.1111111111111111, 0.1111111111111111, 0.1111111111111111]",92638.70926661504,92638.70926661504,2240.0770863980215,11200.38543199011,0.19475050001346972,1.8189894035458565e-12,289,0.0,0.02,0.8,0.0,0,0.0,False,08ad55a129c188b78a6bf379ee5514cf466d54acf150f52d0326740697aa261f
2025-08-03,214,6,q4_3,B0,FORMAL_BACKUP,q4-inheritance-v2,delivery,6182.531301268982,9,"[198, 178, 184, 174, 194, 197, 210, 193, 172]","[0.1111111111111111, 0.1111111111111111, 0.1111111111111111, 0.1111111111111111, 0.1111111111111111, 0.1111111111111111, 0.1111111111111111, 0.1111111111111111, 0.1111111111111111]",84202.30344062197,84202.30344062197,4307.024383452809,19648.651427790905,0.12774440000066534,2.7284841053187847e-12,253,0.0,0.02,0.8,702.978553055562,0,0.0,False,08ad55a129c188b78a6bf379ee5514cf466d54acf150f52d0326740697aa261f
2025-08-03,214,12,q4_3,B0,FORMAL_BACKUP,q4-inheritance-v2,delivery,5395.553071482519,9,"[198, 178, 184, 174, 194, 197, 210, 193, 172]","[0.1111111111111111, 0.1111111111111111, 0.1111111111111111, 0.1111111111111111, 0.1111111111111111, 0.1111111111111111, 0.1111111111111111, 0.1111111111111111, 0.1111111111111111]",80896.06162681137,80896.06162681137,3029.1476889559,14125.209711445355,0.100771800003713,1.8189894035458565e-12,217,0.0,0.02,0.8,702.9785530555592,0,0.0,False,08ad55a129c188b78a6bf379ee5514cf466d54acf150f52d0326740697aa261f
2025-08-03,214,18,q4_3,B0,FORMAL_BACKUP,q4-inheritance-v2,delivery,9642.542354387384,9,"[198, 178, 184, 174, 194, 197, 210, 193, 172]","[0.1111111111111111, 0.1111111111111111, 0.1111111111111111, 0.1111111111111111, 0.1111111111111111, 0.1111111111111111, 0.1111111111111111, 0.1111111111111111, 0.1111111111111111]",70554.18734441017,70554.18734441017,1532.9380652322807,7134.586700992308,0.08135000000766013,9.094947017729282e-13,181,0.0,0.02,0.8,62.485800000000836,0,0.0,False,08ad55a129c188b78a6bf379ee5514cf466d54acf150f52d0326740697aa261f
2025-08-04,215,0,q4_3,B0,FORMAL_BACKUP,q4-inheritance-v2,delivery,2609.306329465595,9,"[191, 178, 184, 174, 194, 197, 210, 193, 172]","[0.1111111111111111, 0.1111111111111111, 0.1111111111111111, 0.1111111111111111, 0.1111111111111111, 0.1111111111111111, 0.1111111111111111, 0.1111111111111111, 0.1111111111111111]",118410.55042038122,118410.55042038122,3001.0954004508785,15005.477002254396,0.18651349999709055,3.637978807091713e-12,289,0.0,0.02,0.8,0.0,0,0.0,False,08ad55a129c188b78a6bf379ee5514cf466d54acf150f52d0326740697aa261f
2025-08-04,215,6,q4_3,B0,FORMAL_BACKUP,q4-inheritance-v2,delivery,10800.0,9,"[191, 178, 184, 174, 194, 197, 210, 193, 172]","[0.1111111111111111, 0.1111111111111111, 0.1111111111111111, 0.1111111111111111, 0.1111111111111111, 0.1111111111111111, 0.1111111111111111, 0.1111111111111111, 0.1111111111111111]",104944.57347725063,104944.57347725063,6042.960814774738,27441.73273255438,0.12008579999383073,1.6370904631912708e-11,253,0.0,0.02,0.8,3.993250174971763e-12,0,0.0,False,08ad55a129c188b78a6bf379ee5514cf466d54acf150f52d0326740697aa261f
2025-08-04,215,12,q4_3,B0,FORMAL_BACKUP,q4-inheritance-v2,delivery,8993.430053475524,9,"[191, 178, 184, 174, 194, 197, 210, 193, 172]","[0.1111111111111111, 0.1111111111111111, 0.1111111111111111, 0.1111111111111111, 0.1111111111111111, 0.1111111111111111, 0.1111111111111111, 0.1111111111111111, 0.1111111111111111]",96887.84605351226,96887.84605351226,669.5840499712623,3347.9202498563122,0.09639959999185521,1.8189894035458565e-12,217,0.0,0.02,0.8,1456.230248611112,0,0.0,False,08ad55a129c188b78a6bf379ee5514cf466d54acf150f52d0326740697aa261f
2025-08-04,215,18,q4_3,B0,FORMAL_BACKUP,q4-inheritance-v2,delivery,10800.0,9,"[191, 178, 184, 174, 194, 197, 210, 193, 172]","[0.1111111111111111, 0.1111111111111111, 0.1111111111111111, 0.1111111111111111, 0.1111111111111111, 0.1111111111111111, 0.1111111111111111, 0.1111111111111111, 0.1111111111111111]",79894.5169036965,79894.5169036965,52.22027673657376,261.1013836828688,0.07959540000592824,1.8189894035458565e-12,181,0.0,0.02,0.8,7.958078640513122e-13,0,0.0,False,08ad55a129c188b78a6bf379ee5514cf466d54acf150f52d0326740697aa261f
2025-08-05,216,0,q4_3,B0,FORMAL_BACKUP,q4-inheritance-v2,delivery,4939.9265508156195,9,"[191, 206, 184, 174, 194, 197, 210, 193, 172]","[0.1111111111111111, 0.1111111111111111, 0.1111111111111111, 0.1111111111111111, 0.1111111111111111, 0.1111111111111111, 0.1111111111111111, 0.1111111111111111, 0.1111111111111111]",115541.75613765432,115541.75613765432,3019.1078773350496,15095.539386675251,0.22489029999997,3.637978807091713e-12,289,0.0,0.02,0.8,0.0,0,0.0,False,08ad55a129c188b78a6bf379ee5514cf466d54acf150f52d0326740697aa261f
2025-08-05,216,6,q4_3,B0,FORMAL_BACKUP,q4-inheritance-v2,delivery,10745.183367309455,9,"[191, 206, 184, 174, 194, 197, 210, 193, 172]","[0.1111111111111111, 0.1111111111111111, 0.1111111111111111, 0.1111111111111111, 0.1111111111111111, 0.1111111111111111, 0.1111111111111111, 0.1111111111111111, 0.1111111111111111]",103943.98341169208,103943.98341169208,7178.838912915515,32544.936556085766,0.12350519999745302,1.8189894035458565e-12,253,0.0,0.02,0.8,4.437339384821826e-12,0,0.0,False,08ad55a129c188b78a6bf379ee5514cf466d54acf150f52d0326740697aa261f
2025-08-05,216,12,q4_3,B0,FORMAL_BACKUP,q4-inheritance-v2,delivery,6873.195980371807,9,"[191, 206, 184, 174, 194, 197, 210, 193, 172]","[0.1111111111111111, 0.1111111111111111, 0.1111111111111111, 0.1111111111111111, 0.1111111111111111, 0.1111111111111111, 0.1111111111111111, 0.1111111111111111, 0.1111111111111111]",101684.84339524631,101684.84339524631,2224.6374767041884,10520.377558234652,0.10283290001098067,5.4569682106375694e-12,217,0.0,0.02,0.8,298.8613626234578,0,0.0,False,08ad55a129c188b78a6bf379ee5514cf466d54acf150f52d0326740697aa261f
2025-08-05,216,18,q4_3,B0,FORMAL_BACKUP,q4-inheritance-v2,delivery,10800.0,9,"[191, 206, 184, 174, 194, 197, 210, 193, 172]","[0.1111111111111111, 0.1111111111111111, 0.1111111111111111, 0.1111111111111111, 0.1111111111111111, 0.1111111111111111, 0.1111111111111111, 0.1111111111111111, 0.1111111111111111]",87261.59004790604,87261.59004790604,174.1818339427467,870.9091697137335,0.07821910000347998,1.8189894035458565e-12,181,0.0,0.02,0.8,5.684341886080801e-13,0,0.0,False,08ad55a129c188b78a6bf379ee5514cf466d54acf150f52d0326740697aa261f
2025-08-06,217,0,q4_3,B0,FORMAL_BACKUP,q4-inheritance-v2,delivery,4704.929268222514,9,"[191, 206, 184, 174, 194, 197, 210, 193, 214]","[0.1111111111111111, 0.1111111111111111, 0.1111111111111111, 0.1111111111111111, 0.1111111111111111, 0.1111111111111111, 0.1111111111111111, 0.1111111111111111, 0.1111111111111111]",121066.01322392322,121066.01322392322,3336.1280635120256,16680.640317560134,0.1859041999996407,1.8189894035458565e-12,289,0.0,0.02,0.8,0.0,0,0.0,False,08ad55a129c188b78a6bf379ee5514cf466d54acf150f52d0326740697aa261f
2025-08-06,217,6,q4_3,B0,FORMAL_BACKUP,q4-inheritance-v2,delivery,10798.680266460642,9,"[191, 206, 184, 174, 194, 197, 210, 193, 214]","[0.1111111111111111, 0.1111111111111111, 0.1111111111111111, 0.1111111111111111, 0.1111111111111111, 0.1111111111111111, 0.1111111111111111, 0.1111111111111111, 0.1111111111111111]",102511.35640585679,102511.35640585679,2052.1435087038317,9378.118396679823,0.11184099999081809,9.094947017729282e-13,253,0.0,0.02,0.8,891.8594441666719,0,0.0,False,08ad55a129c188b78a6bf379ee5514cf466d54acf150f52d0326740697aa261f
2025-08-06,217,12,q4_3,B0,FORMAL_BACKUP,q4-inheritance-v2,delivery,7987.942972223987,9,"[191, 206, 184, 174, 194, 197, 210, 193, 214]","[0.1111111111111111, 0.1111111111111111, 0.1111111111111111, 0.1111111111111111, 0.1111111111111111, 0.1111111111111111, 0.1111111111111111, 0.1111111111111111, 0.1111111111111111]",100565.41163291634,100565.41163291634,919.9101648236881,4253.708645397973,0.1015519999928074,1.8189894035458565e-12,217,0.0,0.02,0.8,1933.8204049382584,0,0.0,False,08ad55a129c188b78a6bf379ee5514cf466d54acf150f52d0326740697aa261f
2025-08-06,217,18,q4_3,B0,FORMAL_BACKUP,q4-inheritance-v2,delivery,10800.0,9,"[191, 206, 184, 174, 194, 197, 210, 193, 214]","[0.1111111111111111, 0.1111111111111111, 0.1111111111111111, 0.1111111111111111, 0.1111111111111111, 0.1111111111111111, 0.1111111111111111, 0.1111111111111111, 0.1111111111111111]",77977.63185119517,77977.63185119517,82.88287728148124,414.4143864074063,0.0793407000019215,9.094947017729282e-13,181,0.0,0.02,0.8,47.03680266666629,0,0.0,False,08ad55a129c188b78a6bf379ee5514cf466d54acf150f52d0326740697aa261f
2025-08-07,218,0,q4_3,B0,FORMAL_BACKUP,q4-inheritance-v2,delivery,4982.190463498193,9,"[191, 206, 184, 174, 194, 197, 210, 193, 214]","[0.1111111111111111, 0.1111111111111111, 0.1111111111111111, 0.1111111111111111, 0.1111111111111111, 0.1111111111111111, 0.1111111111111111, 0.1111111111111111, 0.1111111111111111]",93221.07286642067,93221.07286642067,3484.8816873720357,17424.40843686018,0.1879664000007324,1.8189894035458565e-12,289,0.0,0.02,0.8,0.0,0,0.0,False,08ad55a129c188b78a6bf379ee5514cf466d54acf150f52d0326740697aa261f
2025-08-07,218,6,q4_3,B0,FORMAL_BACKUP,q4-inheritance-v2,delivery,10800.0,9,"[191, 206, 184, 174, 194, 197, 210, 193, 214]","[0.1111111111111111, 0.1111111111111111, 0.1111111111111111, 0.1111111111111111, 0.1111111111111111, 0.1111111111111111, 0.1111111111111111, 0.1111111111111111, 0.1111111111111111]",75600.89079155232,75600.89079155232,3245.095676732995,14959.420750334088,0.12291159998858348,1.8189894035458565e-12,253,0.0,0.02,0.8,4047.254113641983,0,0.0,False,08ad55a129c188b78a6bf379ee5514cf466d54acf150f52d0326740697aa261f
2025-08-07,218,12,q4_3,B0,FORMAL_BACKUP,q4-inheritance-v2,delivery,10800.0,9,"[191, 206, 184, 174, 194, 197, 210, 193, 214]","[0.1111111111111111, 0.1111111111111111, 0.1111111111111111, 0.1111111111111111, 0.1111111111111111, 0.1111111111111111, 0.1111111111111111, 0.1111111111111111, 0.1111111111111111]",72442.6967981389,72442.6967981389,3754.26201638071,17025.66432266042,0.10771950001071673,1.8189894035458565e-12,217,0.0,0.02,0.8,2569.0756281172853,0,0.0,False,08ad55a129c188b78a6bf379ee5514cf466d54acf150f52d0326740697aa261f
2025-08-07,218,18,q4_3,B0,FORMAL_BACKUP,q4-inheritance-v2,delivery,10800.0,9,"[191, 206, 184, 174, 194, 197, 210, 193, 214]","[0.1111111111111111, 0.1111111111111111, 0.1111111111111111, 0.1111111111111111, 0.1111111111111111, 0.1111111111111111, 0.1111111111111111, 0.1111111111111111, 0.1111111111111111]",56725.94622402541,56725.94622402541,269.8727744907785,1263.979342160799,0.08475959999486804,1.8189894035458565e-12,181,0.0,0.02,0.8,1.1368683772161603e-13,0,0.0,False,08ad55a129c188b78a6bf379ee5514cf466d54acf150f52d0326740697aa261f
2025-08-08,219,0,q4_3,B0,FORMAL_BACKUP,q4-inheritance-v2,delivery,4357.394673801239,9,"[191, 206, 184, 189, 194, 197, 210, 193, 214]","[0.1111111111111111, 0.1111111111111111, 0.1111111111111111, 0.1111111111111111, 0.1111111111111111, 0.1111111111111111, 0.1111111111111111, 0.1111111111111111, 0.1111111111111111]",62263.97903764338,62263.97903764338,1433.8512085019815,7169.256042509908,0.19671489999745972,1.8189894035458565e-12,289,0.0,0.02,0.8,0.0,0,0.0,False,08ad55a129c188b78a6bf379ee5514cf466d54acf150f52d0326740697aa261f
2025-08-08,219,6,q4_3,B0,FORMAL_BACKUP,q4-inheritance-v2,delivery,10528.36813342822,9,"[191, 206, 184, 189, 194, 197, 210, 193, 214]","[0.1111111111111111, 0.1111111111111111, 0.1111111111111111, 0.1111111111111111, 0.1111111111111111, 0.1111111111111111, 0.1111111111111111, 0.1111111111111111, 0.1111111111111111]",51984.68860537658,51984.68860537658,1770.1654390500241,8118.870930786151,0.11425460000464227,1.8189894035458565e-12,253,0.0,0.02,0.8,3.488764832582092e-12,0,0.0,False,08ad55a129c188b78a6bf379ee5514cf466d54acf150f52d0326740697aa261f
2025-08-08,219,12,q4_3,B0,FORMAL_BACKUP,q4-inheritance-v2,delivery,10800.0,9,"[191, 206, 184, 189, 194, 197, 210, 193, 214]","[0.1111111111111111, 0.1111111111111111, 0.1111111111111111, 0.1111111111111111, 0.1111111111111111, 0.1111111111111111, 0.1111111111111111, 0.1111111111111111, 0.1111111111111111]",53208.8323554059,53208.8323554059,2310.290425264177,10511.36997042147,0.09245680000458378,1.8189894035458565e-12,217,0.0,0.02,0.8,0.0,0,0.0,False,08ad55a129c188b78a6bf379ee5514cf466d54acf150f52d0326740697aa261f
2025-08-08,219,18,q4_3,B0,FORMAL_BACKUP,q4-inheritance-v2,delivery,10800.0,9,"[191, 206, 184, 189, 194, 197, 210, 193, 214]","[0.1111111111111111, 0.1111111111111111, 0.1111111111111111, 0.1111111111111111, 0.1111111111111111, 0.1111111111111111, 0.1111111111111111, 0.1111111111111111, 0.1111111111111111]",47090.12756027561,47090.12756027561,140.09614579772426,669.9430349272711,0.08775459999742452,1.8189894035458565e-12,181,0.0,0.02,0.8,2.2737367544323206e-13,0,0.0,False,08ad55a129c188b78a6bf379ee5514cf466d54acf150f52d0326740697aa261f
2025-08-09,220,0,q4_3,B0,FORMAL_BACKUP,q4-inheritance-v2,delivery,7604.073674078575,9,"[191, 206, 184, 189, 202, 197, 210, 193, 214]","[0.1111111111111111, 0.1111111111111111, 0.1111111111111111, 0.1111111111111111, 0.1111111111111111, 0.1111111111111111, 0.1111111111111111, 0.1111111111111111, 0.1111111111111111]",69301.77730836369,69301.77730836369,1108.947497713786,5544.737488568931,0.23919619999651331,1.8189894035458565e-12,289,0.0,0.02,0.8,0.0,0,0.0,False,08ad55a129c188b78a6bf379ee5514cf466d54acf150f52d0326740697aa261f
2025-08-09,220,6,q4_3,B0,FORMAL_BACKUP,q4-inheritance-v2,delivery,6337.818340095975,9,"[191, 206, 184, 189, 202, 197, 210, 193, 214]","[0.1111111111111111, 0.1111111111111111, 0.1111111111111111, 0.1111111111111111, 0.1111111111111111, 0.1111111111111111, 0.1111111111111111, 0.1111111111111111, 0.1111111111111111]",62345.49175303076,62345.49175303076,1150.0670491678957,5301.430159775228,0.11709070000506472,1.8189894035458565e-12,253,0.0,0.02,0.8,2.3931967518819874e-12,0,0.0,False,08ad55a129c188b78a6bf379ee5514cf466d54acf150f52d0326740697aa261f
2025-08-09,220,12,q4_3,B0,FORMAL_BACKUP,q4-inheritance-v2,delivery,10800.0,9,"[191, 206, 184, 189, 202, 197, 210, 193, 214]","[0.1111111111111111, 0.1111111111111111, 0.1111111111111111, 0.1111111111111111, 0.1111111111111111, 0.1111111111111111, 0.1111111111111111, 0.1111111111111111, 0.1111111111111111]",62857.83800965699,62857.83800965699,2122.8497961597595,9676.833549048732,0.10481910000089556,1.8189894035458565e-12,217,0.0,0.02,0.8,2.2737367544323206e-13,0,0.0,False,08ad55a129c188b78a6bf379ee5514cf466d54acf150f52d0326740697aa261f
2025-08-09,220,18,q4_3,B0,FORMAL_BACKUP,q4-inheritance-v2,delivery,10800.0,9,"[191, 206, 184, 189, 202, 197, 210, 193, 214]","[0.1111111111111111, 0.1111111111111111, 0.1111111111111111, 0.1111111111111111, 0.1111111111111111, 0.1111111111111111, 0.1111111111111111, 0.1111111111111111, 0.1111111111111111]",61084.69680373635,61084.69680373635,133.96030094530786,657.9542227858941,0.08350609999615699,1.8189894035458565e-12,181,0.0,0.02,0.8,6.821210263296962e-13,0,0.0,False,08ad55a129c188b78a6bf379ee5514cf466d54acf150f52d0326740697aa261f
2025-08-10,221,0,q4_3,B0,FORMAL_BACKUP,q4-inheritance-v2,delivery,9030.265965288629,9,"[191, 206, 184, 201, 188, 197, 210, 193, 214]","[0.1111111111111111, 0.1111111111111111, 0.1111111111111111, 0.1111111111111111, 0.1111111111111111, 0.1111111111111111, 0.1111111111111111, 0.1111111111111111, 0.1111111111111111]",91209.71035481783,91209.71035481783,2740.875431987653,13703.855122762341,0.18740989999787416,1.8189894035458565e-12,289,0.0,0.02,0.8,0.0,0,0.0,False,08ad55a129c188b78a6bf379ee5514cf466d54acf150f52d0326740697aa261f
2025-08-10,221,6,q4_3,B0,FORMAL_BACKUP,q4-inheritance-v2,delivery,6059.1680698695045,9,"[191, 206, 184, 201, 188, 197, 210, 193, 214]","[0.1111111111111111, 0.1111111111111111, 0.1111111111111111, 0.1111111111111111, 0.1111111111111111, 0.1111111111111111, 0.1111111111111111, 0.1111111111111111, 0.1111111111111111]",80012.40502706108,80012.40502706108,2785.0693994098747,12671.765523504808,0.11764510000648443,9.094947017729282e-13,253,0.0,0.02,0.8,140.09269300000062,0,0.0,False,08ad55a129c188b78a6bf379ee5514cf466d54acf150f52d0326740697aa261f
2025-08-10,221,12,q4_3,B0,FORMAL_BACKUP,q4-inheritance-v2,delivery,5445.0945940291695,9,"[191, 206, 184, 201, 188, 197, 210, 193, 214]","[0.1111111111111111, 0.1111111111111111, 0.1111111111111111, 0.1111111111111111, 0.1111111111111111, 0.1111111111111111, 0.1111111111111111, 0.1111111111111111, 0.1111111111111111]",79817.73133604044,79817.73133604044,2938.448914246192,13318.353714884304,0.09904770000139251,1.8189894035458565e-12,217,0.0,0.02,0.8,127.6994502222201,0,0.0,False,08ad55a129c188b78a6bf379ee5514cf466d54acf150f52d0326740697aa261f
2025-08-10,221,18,q4_3,B0,FORMAL_BACKUP,q4-inheritance-v2,delivery,9035.960119069976,9,"[191, 206, 184, 201, 188, 197, 210, 193, 214]","[0.1111111111111111, 0.1111111111111111, 0.1111111111111111, 0.1111111111111111, 0.1111111111111111, 0.1111111111111111, 0.1111111111111111, 0.1111111111111111, 0.1111111111111111]",79236.68843887758,79236.68843887758,1792.170781617603,8125.925588716397,0.08261409999977332,1.5916157281026244e-12,181,0.0,0.02,0.8,684.4133333333338,0,0.0,False,08ad55a129c188b78a6bf379ee5514cf466d54acf150f52d0326740697aa261f
2025-08-11,222,0,q4_3,B0,FORMAL_BACKUP,q4-inheritance-v2,delivery,3099.46737750181,9,"[191, 206, 184, 201, 188, 197, 210, 193, 214]","[0.1111111111111111, 0.1111111111111111, 0.1111111111111111, 0.1111111111111111, 0.1111111111111111, 0.1111111111111111, 0.1111111111111111, 0.1111111111111111, 0.1111111111111111]",110561.82113576241,110561.82113576241,3035.120297772921,15175.601488864606,0.18155509998905472,3.637978807091713e-12,289,0.0,0.02,0.8,0.0,0,0.0,False,08ad55a129c188b78a6bf379ee5514cf466d54acf150f52d0326740697aa261f
2025-08-11,222,6,q4_3,B0,FORMAL_BACKUP,q4-inheritance-v2,delivery,10800.0,9,"[191, 206, 184, 201, 188, 197, 210, 193, 214]","[0.1111111111111111, 0.1111111111111111, 0.1111111111111111, 0.1111111111111111, 0.1111111111111111, 0.1111111111111111, 0.1111111111111111, 0.1111111111111111, 0.1111111111111111]",96934.84926474757,96934.84926474757,5173.541116672695,23501.407103104033,0.10488619998795912,2.7284841053187847e-12,253,0.0,0.02,0.8,367.0323444147494,0,0.0,False,08ad55a129c188b78a6bf379ee5514cf466d54acf150f52d0326740697aa261f
2025-08-11,222,12,q4_3,B0,FORMAL_BACKUP,q4-inheritance-v2,delivery,10057.543851418217,9,"[191, 206, 184, 201, 188, 197, 210, 193, 214]","[0.1111111111111111, 0.1111111111111111, 0.1111111111111111, 0.1111111111111111, 0.1111111111111111, 0.1111111111111111, 0.1111111111111111, 0.1111111111111111, 0.1111111111111111]",92906.90855024116,92906.90855024116,5345.233387056349,24234.328659452945,0.10053619999962393,2.2737367544323206e-12,217,0.0,0.02,0.8,3175.420263914746,0,0.0,False,08ad55a129c188b78a6bf379ee5514cf466d54acf150f52d0326740697aa261f
2025-08-11,222,18,q4_3,B0,FORMAL_BACKUP,q4-inheritance-v2,delivery,10641.183007698717,9,"[191, 206, 184, 201, 188, 197, 210, 193, 214]","[0.1111111111111111, 0.1111111111111111, 0.1111111111111111, 0.1111111111111111, 0.1111111111111111, 0.1111111111111111, 0.1111111111111111, 0.1111111111111111, 0.1111111111111111]",81101.02462145731,81101.02462145731,540.9474134822938,2494.564253673601,0.08155429999169428,1.8189894035458565e-12,181,0.0,0.02,0.8,1.1368683772161603e-13,0,0.0,False,08ad55a129c188b78a6bf379ee5514cf466d54acf150f52d0326740697aa261f
2025-08-12,223,0,q4_3,B0,FORMAL_BACKUP,q4-inheritance-v2,delivery,5366.797873574697,9,"[191, 220, 184, 201, 188, 197, 210, 193, 214]","[0.1111111111111111, 0.1111111111111111, 0.1111111111111111, 0.1111111111111111, 0.1111111111111111, 0.1111111111111111, 0.1111111111111111, 0.1111111111111111, 0.1111111111111111]",114638.81115973007,114638.81115973007,2974.6486862136853,14873.124681779078,0.17595309999887832,7.275957614183426e-12,289,0.0,0.02,0.8,0.0,0,0.0,False,08ad55a129c188b78a6bf379ee5514cf466d54acf150f52d0326740697aa261f
2025-08-12,223,6,q4_3,B0,FORMAL_BACKUP,q4-inheritance-v2,delivery,10795.538887063754,9,"[191, 220, 184, 201, 188, 197, 210, 193, 214]","[0.1111111111111111, 0.1111111111111111, 0.1111111111111111, 0.1111111111111111, 0.1111111111111111, 0.1111111111111111, 0.1111111111111111, 0.1111111111111111, 0.1111111111111111]",99712.93156136395,99712.93156136395,3921.0740378846876,17896.54716792467,0.11774770000192802,3.637978807091713e-12,253,0.0,0.02,0.8,934.569087138894,0,0.0,False,08ad55a129c188b78a6bf379ee5514cf466d54acf150f52d0326740697aa261f
2025-08-12,223,12,q4_3,B0,FORMAL_BACKUP,q4-inheritance-v2,delivery,9812.939922206966,9,"[191, 220, 184, 201, 188, 197, 210, 193, 214]","[0.1111111111111111, 0.1111111111111111, 0.1111111111111111, 0.1111111111111111, 0.1111111111111111, 0.1111111111111111, 0.1111111111111111, 0.1111111111111111, 0.1111111111111111]",102794.81320920339,102794.81320920339,3494.036988475538,15873.817646171823,0.1025487000006251,1.8189894035458565e-12,217,0.0,0.02,0.8,3550.5885644845666,0,0.0,False,08ad55a129c188b78a6bf379ee5514cf466d54acf150f52d0326740697aa261f
2025-08-12,223,18,q4_3,B0,FORMAL_BACKUP,q4-inheritance-v2,delivery,10800.0,9,"[191, 220, 184, 201, 188, 197, 210, 193, 214]","[0.1111111111111111, 0.1111111111111111, 0.1111111111111111, 0.1111111111111111, 0.1111111111111111, 0.1111111111111111, 0.1111111111111111, 0.1111111111111111, 0.1111111111111111]",79899.04380567298,79899.04380567298,291.68381026792633,1374.097746511372,0.08058559999335557,1.8189894035458565e-12,181,0.0,0.02,0.8,1.4779288903810084e-12,0,0.0,False,08ad55a129c188b78a6bf379ee5514cf466d54acf150f52d0326740697aa261f
2025-08-13,224,0,q4_3,B0,FORMAL_BACKUP,q4-inheritance-v2,delivery,4712.371713479914,9,"[191, 220, 184, 201, 188, 197, 210, 193, 207]","[0.1111111111111111, 0.1111111111111111, 0.1111111111111111, 0.1111111111111111, 0.1111111111111111, 0.1111111111111111, 0.1111111111111111, 0.1111111111111111, 0.1111111111111111]",109054.84967658563,109054.84967658563,2840.112799394923,14200.563996974619,0.21743799999239855,7.275957614183426e-12,289,0.0,0.02,0.8,0.0,0,0.0,False,08ad55a129c188b78a6bf379ee5514cf466d54acf150f52d0326740697aa261f
2025-08-13,224,6,q4_3,B0,FORMAL_BACKUP,q4-inheritance-v2,delivery,10464.823477802785,9,"[191, 220, 184, 201, 188, 197, 210, 193, 207]","[0.1111111111111111, 0.1111111111111111, 0.1111111111111111, 0.1111111111111111, 0.1111111111111111, 0.1111111111111111, 0.1111111111111111, 0.1111111111111111, 0.1111111111111111]",97337.44679222604,97337.44679222604,6787.211348760391,30688.24151032615,0.10358470000210218,9.094947017729282e-13,253,0.0,0.02,0.8,5.52979884105298e-12,0,0.0,False,08ad55a129c188b78a6bf379ee5514cf466d54acf150f52d0326740697aa261f
2025-08-13,224,12,q4_3,B0,FORMAL_BACKUP,q4-inheritance-v2,delivery,8073.531583712229,9,"[191, 220, 184, 201, 188, 197, 210, 193, 207]","[0.1111111111111111, 0.1111111111111111, 0.1111111111111111, 0.1111111111111111, 0.1111111111111111, 0.1111111111111111, 0.1111111111111111, 0.1111111111111111, 0.1111111111111111]",94867.96683362592,94867.96683362592,5333.416320854043,24365.43137582856,0.09828299999935552,9.094947017729282e-13,217,0.0,0.02,0.8,1433.122503672842,0,0.0,False,08ad55a129c188b78a6bf379ee5514cf466d54acf150f52d0326740697aa261f
2025-08-13,224,18,q4_3,B0,FORMAL_BACKUP,q4-inheritance-v2,delivery,10367.943616519484,9,"[191, 220, 184, 201, 188, 197, 210, 193, 207]","[0.1111111111111111, 0.1111111111111111, 0.1111111111111111, 0.1111111111111111, 0.1111111111111111, 0.1111111111111111, 0.1111111111111111, 0.1111111111111111, 0.1111111111111111]",81955.68407446987,81955.68407446987,706.2138017553937,3388.059421477354,0.05770989999291487,1.8189894035458565e-12,181,0.0,0.02,0.8,1.1368683772161603e-13,0,0.0,False,08ad55a129c188b78a6bf379ee5514cf466d54acf150f52d0326740697aa261f
2025-08-14,225,0,q4_3,B0,FORMAL_BACKUP,q4-inheritance-v2,delivery,5758.482877187504,9,"[191, 220, 184, 201, 188, 197, 210, 193, 207]","[0.1111111111111111, 0.1111111111111111, 0.1111111111111111, 0.1111111111111111, 0.1111111111111111, 0.1111111111111111, 0.1111111111111111, 0.1111111111111111, 0.1111111111111111]",85815.93968587255,85815.93968587255,2736.518579074889,13682.02506722167,0.14839250000659376,1.8189894035458565e-12,289,0.0,0.02,0.8,0.0,0,0.0,False,08ad55a129c188b78a6bf379ee5514cf466d54acf150f52d0326740697aa261f
2025-08-14,225,6,q4_3,B0,FORMAL_BACKUP,q4-inheritance-v2,delivery,10741.006258237067,9,"[191, 220, 184, 201, 188, 197, 210, 193, 207]","[0.1111111111111111, 0.1111111111111111, 0.1111111111111111, 0.1111111111111111, 0.1111111111111111, 0.1111111111111111, 0.1111111111111111, 0.1111111111111111, 0.1111111111111111]",75127.8042654963,75127.8042654963,7591.460819681393,34288.69282125442,0.09370130000752397,1.8189894035458565e-12,253,0.0,0.02,0.8,173.48481206791323,0,0.0,False,08ad55a129c188b78a6bf379ee5514cf466d54acf150f52d0326740697aa261f
2025-08-14,225,12,q4_3,B0,FORMAL_BACKUP,q4-inheritance-v2,delivery,7118.415232547071,9,"[191, 220, 184, 201, 188, 197, 210, 193, 207]","[0.1111111111111111, 0.1111111111111111, 0.1111111111111111, 0.1111111111111111, 0.1111111111111111, 0.1111111111111111, 0.1111111111111111, 0.1111111111111111, 0.1111111111111111]",69411.0219361551,69411.0219361551,2636.5123460853592,12205.694641031567,0.07572239999717567,1.8189894035458565e-12,217,0.0,0.02,0.8,706.880863622468,0,0.0,False,08ad55a129c188b78a6bf379ee5514cf466d54acf150f52d0326740697aa261f
2025-08-14,225,18,q4_3,B0,FORMAL_BACKUP,q4-inheritance-v2,delivery,10800.0,9,"[191, 220, 184, 201, 188, 197, 210, 193, 207]","[0.1111111111111111, 0.1111111111111111, 0.1111111111111111, 0.1111111111111111, 0.1111111111111111, 0.1111111111111111, 0.1111111111111111, 0.1111111111111111, 0.1111111111111111]",55117.78833640685,55117.78833640685,89.23019996106667,446.1509998053335,0.06637890001002233,1.8189894035458565e-12,181,0.0,0.02,0.8,2.2737367544323206e-13,0,0.0,False,08ad55a129c188b78a6bf379ee5514cf466d54acf150f52d0326740697aa261f
2025-08-15,226,0,q4_3,B0,FORMAL_BACKUP,q4-inheritance-v2,delivery,4052.9863687160127,9,"[191, 220, 184, 201, 216, 209, 187, 182, 207]","[0.1111111111111111, 0.1111111111111111, 0.1111111111111111, 0.1111111111111111, 0.1111111111111111, 0.1111111111111111, 0.1111111111111111, 0.1111111111111111, 0.1111111111111111]",64342.70188340752,64342.70188340752,1950.588046366881,9750.811805598141,0.14094710000790656,1.8189894035458565e-12,289,0.0,0.02,0.8,0.0,0,0.0,False,08ad55a129c188b78a6bf379ee5514cf466d54acf150f52d0326740697aa261f
2025-08-15,226,6,q4_3,B0,FORMAL_BACKUP,q4-inheritance-v2,delivery,9633.303302144666,9,"[191, 220, 184, 201, 216, 209, 187, 182, 207]","[0.1111111111111111, 0.1111111111111111, 0.1111111111111111, 0.1111111111111111, 0.1111111111111111, 0.1111111111111111, 0.1111111111111111, 0.1111111111111111, 0.1111111111111111]",52703.7238124749,52703.7238124749,584.3535451314575,2885.4550810224923,0.11815539999224711,1.3642420526593924e-12,253,0.0,0.02,0.8,3733.446315747824,0,0.0,False,08ad55a129c188b78a6bf379ee5514cf466d54acf150f52d0326740697aa261f
2025-08-15,226,12,q4_3,B0,FORMAL_BACKUP,q4-inheritance-v2,delivery,10800.0,9,"[191, 220, 184, 201, 216, 209, 187, 182, 207]","[0.1111111111111111, 0.1111111111111111, 0.1111111111111111, 0.1111111111111111, 0.1111111111111111, 0.1111111111111111, 0.1111111111111111, 0.1111111111111111, 0.1111111111111111]",52344.76707638946,52344.76707638946,403.49071345041017,2017.453567252051,0.10153749999881256,1.8189894035458565e-12,217,0.0,0.02,0.8,686.6017821904906,0,0.0,False,08ad55a129c188b78a6bf379ee5514cf466d54acf150f52d0326740697aa261f
2025-08-15,226,18,q4_3,B0,FORMAL_BACKUP,q4-inheritance-v2,delivery,10800.0,9,"[191, 220, 184, 201, 216, 209, 187, 182, 207]","[0.1111111111111111, 0.1111111111111111, 0.1111111111111111, 0.1111111111111111, 0.1111111111111111, 0.1111111111111111, 0.1111111111111111, 0.1111111111111111, 0.1111111111111111]",46282.97874938708,46282.97874938708,204.24767932201473,1021.2383966100739,0.07259869998961221,1.8189894035458565e-12,181,0.0,0.02,0.8,0.0,0,0.0,False,08ad55a129c188b78a6bf379ee5514cf466d54acf150f52d0326740697aa261f
2025-08-16,227,0,q4_3,B0,FORMAL_BACKUP,q4-inheritance-v2,delivery,7218.469087335907,9,"[191, 220, 184, 201, 216, 209, 192, 183, 207]","[0.1111111111111111, 0.1111111111111111, 0.1111111111111111, 0.1111111111111111, 0.1111111111111111, 0.1111111111111111, 0.1111111111111111, 0.1111111111111111, 0.1111111111111111]",73480.59892891045,73480.59892891045,1666.957580476496,8334.78790238248,0.1605087000061758,1.8189894035458565e-12,289,0.0,0.02,0.8,0.0,0,0.0,False,08ad55a129c188b78a6bf379ee5514cf466d54acf150f52d0326740697aa261f
2025-08-16,227,6,q4_3,B0,FORMAL_BACKUP,q4-inheritance-v2,delivery,5484.671434980366,9,"[191, 220, 184, 201, 216, 209, 192, 183, 207]","[0.1111111111111111, 0.1111111111111111, 0.1111111111111111, 0.1111111111111111, 0.1111111111111111, 0.1111111111111111, 0.1111111111111111, 0.1111111111111111, 0.1111111111111111]",64647.965059658934,64647.965059658934,7.985872868849766,39.92936434424884,0.10776970000006258,1.8189894035458565e-12,253,0.0,0.02,0.8,1519.960016944452,0,0.0,False,08ad55a129c188b78a6bf379ee5514cf466d54acf150f52d0326740697aa261f
2025-08-16,227,12,q4_3,B0,FORMAL_BACKUP,q4-inheritance-v2,delivery,10800.0,9,"[191, 220, 184, 201, 216, 209, 192, 183, 207]","[0.1111111111111111, 0.1111111111111111, 0.1111111111111111, 0.1111111111111111, 0.1111111111111111, 0.1111111111111111, 0.1111111111111111, 0.1111111111111111, 0.1111111111111111]",65497.623350001435,65497.623350001435,42.68037227922483,213.40186139612413,0.10717420000582933,1.8189894035458565e-12,217,0.0,0.02,0.8,103.84247454047066,0,0.0,False,08ad55a129c188b78a6bf379ee5514cf466d54acf150f52d0326740697aa261f
2025-08-16,227,18,q4_3,B0,FORMAL_BACKUP,q4-inheritance-v2,delivery,10800.0,9,"[191, 220, 184, 201, 216, 209, 192, 183, 207]","[0.1111111111111111, 0.1111111111111111, 0.1111111111111111, 0.1111111111111111, 0.1111111111111111, 0.1111111111111111, 0.1111111111111111, 0.1111111111111111, 0.1111111111111111]",62889.75384308805,62889.75384308805,0.0,0.0,0.07935580000048503,1.8189894035458565e-12,181,0.0,0.02,0.8,126.60254586076758,0,0.0,False,08ad55a129c188b78a6bf379ee5514cf466d54acf150f52d0326740697aa261f
2025-08-17,228,0,q4_3,B0,FORMAL_BACKUP,q4-inheritance-v2,delivery,8784.292128968316,9,"[191, 220, 184, 201, 216, 190, 211, 185, 207]","[0.1111111111111111, 0.1111111111111111, 0.1111111111111111, 0.1111111111111111, 0.1111111111111111, 0.1111111111111111, 0.1111111111111111, 0.1111111111111111, 0.1111111111111111]",89937.12642935275,89937.12642935275,3484.037187033762,17420.185935168814,0.2305045999964932,3.637978807091713e-12,289,0.0,0.02,0.8,0.0,0,0.0,False,08ad55a129c188b78a6bf379ee5514cf466d54acf150f52d0326740697aa261f
2025-08-17,228,6,q4_3,B0,FORMAL_BACKUP,q4-inheritance-v2,delivery,5871.103937479134,9,"[191, 220, 184, 201, 216, 190, 211, 185, 207]","[0.1111111111111111, 0.1111111111111111, 0.1111111111111111, 0.1111111111111111, 0.1111111111111111, 0.1111111111111111, 0.1111111111111111, 0.1111111111111111, 0.1111111111111111]",79038.09386251814,79038.09386251814,3151.2764333994655,15418.562567124935,0.11028950000763871,1.8189894035458565e-12,253,0.0,0.02,0.8,80.57025652030146,0,0.0,False,08ad55a129c188b78a6bf379ee5514cf466d54acf150f52d0326740697aa261f
2025-08-17,228,12,q4_3,B0,FORMAL_BACKUP,q4-inheritance-v2,delivery,8058.472422377939,9,"[191, 220, 184, 201, 216, 190, 211, 185, 207]","[0.1111111111111111, 0.1111111111111111, 0.1111111111111111, 0.1111111111111111, 0.1111111111111111, 0.1111111111111111, 0.1111111111111111, 0.1111111111111111, 0.1111111111111111]",75802.26771344192,75802.26771344192,2277.86043316452,11031.346858377326,0.09088109999720473,1.8189894035458565e-12,217,0.0,0.02,0.8,1164.8589961111102,0,0.0,False,08ad55a129c188b78a6bf379ee5514cf466d54acf150f52d0326740697aa261f
2025-08-17,228,18,q4_3,B0,FORMAL_BACKUP,q4-inheritance-v2,delivery,10289.594650207964,9,"[191, 220, 184, 201, 216, 190, 211, 185, 207]","[0.1111111111111111, 0.1111111111111111, 0.1111111111111111, 0.1111111111111111, 0.1111111111111111, 0.1111111111111111, 0.1111111111111111, 0.1111111111111111, 0.1111111111111111]",68118.00779068512,68118.00779068512,1020.9737214480515,4954.316314003724,0.08257969999976922,9.094947017729282e-13,181,0.0,0.02,0.8,41.22359592592784,0,0.0,False,08ad55a129c188b78a6bf379ee5514cf466d54acf150f52d0326740697aa261f
2025-08-18,229,0,q4_3,B0,FORMAL_BACKUP,q4-inheritance-v2,delivery,2415.2962088678537,9,"[226, 213, 203, 201, 216, 190, 211, 185, 207]","[0.1111111111111111, 0.1111111111111111, 0.1111111111111111, 0.1111111111111111, 0.1111111111111111, 0.1111111111111111, 0.1111111111111111, 0.1111111111111111, 0.1111111111111111]",110206.874281227,110206.874281227,3593.611592807833,17968.057964039166,0.1883922000124585,1.8189894035458565e-12,289,0.0,0.02,0.8,0.0,0,0.0,False,08ad55a129c188b78a6bf379ee5514cf466d54acf150f52d0326740697aa261f
2025-08-18,229,6,q4_3,B0,FORMAL_BACKUP,q4-inheritance-v2,delivery,10702.842806121209,9,"[226, 213, 203, 201, 216, 190, 211, 185, 207]","[0.1111111111111111, 0.1111111111111111, 0.1111111111111111, 0.1111111111111111, 0.1111111111111111, 0.1111111111111111, 0.1111111111111111, 0.1111111111111111, 0.1111111111111111]",94000.32619188739,94000.32619188739,3331.5472291126935,16657.73614556347,0.10254079999867827,1.8189894035458565e-12,253,0.0,0.02,0.8,4.583000645652646e-12,0,0.0,False,08ad55a129c188b78a6bf379ee5514cf466d54acf150f52d0326740697aa261f
2025-08-18,229,12,q4_3,B0,FORMAL_BACKUP,q4-inheritance-v2,delivery,8502.498035750003,9,"[226, 213, 203, 201, 216, 190, 211, 185, 207]","[0.1111111111111111, 0.1111111111111111, 0.1111111111111111, 0.1111111111111111, 0.1111111111111111, 0.1111111111111111, 0.1111111111111111, 0.1111111111111111, 0.1111111111111111]",89932.99009793173,89932.99009793173,1069.4600754909382,5347.300377454692,0.07104080000135582,1.8189894035458565e-12,217,0.0,0.02,0.8,2064.4243799999995,0,0.0,False,08ad55a129c188b78a6bf379ee5514cf466d54acf150f52d0326740697aa261f
2025-08-18,229,18,q4_3,B0,FORMAL_BACKUP,q4-inheritance-v2,delivery,10800.0,9,"[226, 213, 203, 201, 216, 190, 211, 185, 207]","[0.1111111111111111, 0.1111111111111111, 0.1111111111111111, 0.1111111111111111, 0.1111111111111111, 0.1111111111111111, 0.1111111111111111, 0.1111111111111111, 0.1111111111111111]",83550.1748865141,83550.1748865141,307.1936628266358,1535.968314133179,0.0693701999989571,9.094947017729282e-13,181,0.0,0.02,0.8,4.547473508864641e-13,0,0.0,False,08ad55a129c188b78a6bf379ee5514cf466d54acf150f52d0326740697aa261f
2025-08-19,230,0,q4_3,B0,FORMAL_BACKUP,q4-inheritance-v2,delivery,3772.729387977295,9,"[226, 213, 204, 195, 217, 208, 197, 210, 207]","[0.1111111111111111, 0.1111111111111111, 0.1111111111111111, 0.1111111111111111, 0.1111111111111111, 0.1111111111111111, 0.1111111111111111, 0.1111111111111111, 0.1111111111111111]",107349.82757273983,107349.82757273983,3782.594250660268,18912.97125330134,0.1817906999931438,1.8189894035458565e-12,289,0.0,0.02,0.8,0.0,0,0.0,False,08ad55a129c188b78a6bf379ee5514cf466d54acf150f52d0326740697aa261f
2025-08-19,230,6,q4_3,B0,FORMAL_BACKUP,q4-inheritance-v2,delivery,10111.345788996574,9,"[226, 213, 204, 195, 217, 208, 197, 210, 207]","[0.1111111111111111, 0.1111111111111111, 0.1111111111111111, 0.1111111111111111, 0.1111111111111111, 0.1111111111111111, 0.1111111111111111, 0.1111111111111111, 0.1111111111111111]",90987.61812568738,90987.61812568738,2556.1915269873807,12780.957634936904,0.11500330000126269,1.8189894035458565e-12,253,0.0,0.02,0.8,5.144329406903125e-12,0,0.0,False,08ad55a129c188b78a6bf379ee5514cf466d54acf150f52d0326740697aa261f
2025-08-19,230,12,q4_3,B0,FORMAL_BACKUP,q4-inheritance-v2,delivery,9342.166073894421,9,"[226, 213, 204, 195, 217, 208, 197, 210, 207]","[0.1111111111111111, 0.1111111111111111, 0.1111111111111111, 0.1111111111111111, 0.1111111111111111, 0.1111111111111111, 0.1111111111111111, 0.1111111111111111, 0.1111111111111111]",95141.84797058272,95141.84797058272,2000.1449822301713,10000.724911150857,0.10132200000225566,1.8189894035458565e-12,217,0.0,0.02,0.8,2461.923190277778,0,0.0,False,08ad55a129c188b78a6bf379ee5514cf466d54acf150f52d0326740697aa261f
2025-08-19,230,18,q4_3,B0,FORMAL_BACKUP,q4-inheritance-v2,delivery,10800.0,9,"[226, 213, 204, 195, 217, 208, 197, 210, 207]","[0.1111111111111111, 0.1111111111111111, 0.1111111111111111, 0.1111111111111111, 0.1111111111111111, 0.1111111111111111, 0.1111111111111111, 0.1111111111111111, 0.1111111111111111]",82335.10898809979,82335.10898809979,613.9966155020912,3069.983077510457,0.08113639999646693,9.094947017729282e-13,181,0.0,0.02,0.8,5.684341886080801e-13,0,0.0,False,08ad55a129c188b78a6bf379ee5514cf466d54acf150f52d0326740697aa261f
2025-08-20,231,0,q4_3,B0,FORMAL_BACKUP,q4-inheritance-v2,delivery,3845.0510607595006,9,"[226, 213, 204, 195, 217, 208, 197, 210, 221]","[0.1111111111111111, 0.1111111111111111, 0.1111111111111111, 0.1111111111111111, 0.1111111111111111, 0.1111111111111111, 0.1111111111111111, 0.1111111111111111, 0.1111111111111111]",110350.9985986262,110350.9985986262,2482.3722650000063,12362.975962051369,0.20375360001344234,1.8189894035458565e-12,289,0.0,0.02,0.8,0.0,0,0.0,False,08ad55a129c188b78a6bf379ee5514cf466d54acf150f52d0326740697aa261f
2025-08-20,231,6,q4_3,B0,FORMAL_BACKUP,q4-inheritance-v2,delivery,10746.813425110926,9,"[226, 213, 204, 195, 217, 208, 197, 210, 221]","[0.1111111111111111, 0.1111111111111111, 0.1111111111111111, 0.1111111111111111, 0.1111111111111111, 0.1111111111111111, 0.1111111111111111, 0.1111111111111111, 0.1111111111111111]",93827.8153259209,93827.8153259209,2769.053266846008,13781.4828917162,0.09015530000033323,1.8189894035458565e-12,253,0.0,0.02,0.8,2463.548243456791,0,0.0,False,08ad55a129c188b78a6bf379ee5514cf466d54acf150f52d0326740697aa261f
2025-08-20,231,12,q4_3,B0,FORMAL_BACKUP,q4-inheritance-v2,delivery,7282.273375968628,9,"[226, 213, 204, 195, 217, 208, 197, 210, 221]","[0.1111111111111111, 0.1111111111111111, 0.1111111111111111, 0.1111111111111111, 0.1111111111111111, 0.1111111111111111, 0.1111111111111111, 0.1111111111111111, 0.1111111111111111]",91503.3456735907,91503.3456735907,960.415344460352,4802.07672230176,0.07401299999037292,1.8189894035458565e-12,217,0.0,0.02,0.8,2487.857705131406,0,0.0,False,08ad55a129c188b78a6bf379ee5514cf466d54acf150f52d0326740697aa261f
2025-08-20,231,18,q4_3,B0,FORMAL_BACKUP,q4-inheritance-v2,delivery,10800.0,9,"[226, 213, 204, 195, 217, 208, 197, 210, 221]","[0.1111111111111111, 0.1111111111111111, 0.1111111111111111, 0.1111111111111111, 0.1111111111111111, 0.1111111111111111, 0.1111111111111111, 0.1111111111111111, 0.1111111111111111]",77609.90344517917,77609.90344517917,136.89449537530874,684.4724768765439,0.08292320001055487,9.094947017729282e-13,181,0.0,0.02,0.8,1.5916157281026244e-12,0,0.0,False,08ad55a129c188b78a6bf379ee5514cf466d54acf150f52d0326740697aa261f
2025-08-21,232,0,q4_3,B0,FORMAL_BACKUP,q4-inheritance-v2,delivery,5088.08848165522,9,"[226, 213, 204, 229, 222, 196, 224, 210, 221]","[0.1111111111111111, 0.1111111111111111, 0.1111111111111111, 0.1111111111111111, 0.1111111111111111, 0.1111111111111111, 0.1111111111111111, 0.1111111111111111, 0.1111111111111111]",85971.44849923885,85971.44849923885,2590.667585054481,12953.337925272408,0.23520109998935368,7.275957614183426e-12,289,0.0,0.02,0.8,0.0,0,0.0,False,08ad55a129c188b78a6bf379ee5514cf466d54acf150f52d0326740697aa261f
2025-08-21,232,6,q4_3,B0,FORMAL_BACKUP,q4-inheritance-v2,delivery,10311.152131186482,9,"[226, 213, 204, 229, 222, 196, 224, 210, 221]","[0.1111111111111111, 0.1111111111111111, 0.1111111111111111, 0.1111111111111111, 0.1111111111111111, 0.1111111111111111, 0.1111111111111111, 0.1111111111111111, 0.1111111111111111]",70052.83175261262,70052.83175261262,2318.046342158684,11587.19045146009,0.10434609999356326,1.8189894035458565e-12,253,0.0,0.02,0.8,1433.1836465352685,0,0.0,False,08ad55a129c188b78a6bf379ee5514cf466d54acf150f52d0326740697aa261f
2025-08-21,232,12,q4_3,B0,FORMAL_BACKUP,q4-inheritance-v2,delivery,10316.240960315776,9,"[226, 213, 204, 229, 222, 196, 224, 210, 221]","[0.1111111111111111, 0.1111111111111111, 0.1111111111111111, 0.1111111111111111, 0.1111111111111111, 0.1111111111111111, 0.1111111111111111, 0.1111111111111111, 0.1111111111111111]",66497.26179521058,66497.26179521058,1374.5700627750575,6872.850313875289,0.09513490000972524,1.8189894035458565e-12,217,0.0,0.02,0.8,4493.4769329241535,0,0.0,False,08ad55a129c188b78a6bf379ee5514cf466d54acf150f52d0326740697aa261f
2025-08-21,232,18,q4_3,B0,FORMAL_BACKUP,q4-inheritance-v2,delivery,10800.0,9,"[226, 213, 204, 229, 222, 196, 224, 210, 221]","[0.1111111111111111, 0.1111111111111111, 0.1111111111111111, 0.1111111111111111, 0.1111111111111111, 0.1111111111111111, 0.1111111111111111, 0.1111111111111111, 0.1111111111111111]",52415.1207340009,52415.1207340009,471.9540496781306,2359.7702483906533,0.08036770000762772,9.094947017729282e-13,181,0.0,0.02,0.8,1.1368683772161603e-13,0,0.0,False,08ad55a129c188b78a6bf379ee5514cf466d54acf150f52d0326740697aa261f
2025-08-22,233,0,q4_3,B0,FORMAL_BACKUP,q4-inheritance-v2,delivery,3328.2789651066246,9,"[226, 213, 204, 229, 215, 196, 224, 210, 221]","[0.1111111111111111, 0.1111111111111111, 0.1111111111111111, 0.1111111111111111, 0.1111111111111111, 0.1111111111111111, 0.1111111111111111, 0.1111111111111111, 0.1111111111111111]",59870.78044912831,59870.78044912831,1841.2768242250334,9206.384121125167,0.19226359999447595,9.094947017729282e-13,289,0.0,0.02,0.8,0.0,0,0.0,False,08ad55a129c188b78a6bf379ee5514cf466d54acf150f52d0326740697aa261f
2025-08-22,233,6,q4_3,B0,FORMAL_BACKUP,q4-inheritance-v2,delivery,6334.615340322359,9,"[226, 213, 204, 229, 215, 196, 224, 210, 221]","[0.1111111111111111, 0.1111111111111111, 0.1111111111111111, 0.1111111111111111, 0.1111111111111111, 0.1111111111111111, 0.1111111111111111, 0.1111111111111111, 0.1111111111111111]",49709.183404798765,49709.183404798765,999.9230351217819,4999.615175608911,0.11101330000383314,1.8189894035458565e-12,253,0.0,0.02,0.8,1480.9167379629641,0,0.0,False,08ad55a129c188b78a6bf379ee5514cf466d54acf150f52d0326740697aa261f
2025-08-22,233,12,q4_3,B0,FORMAL_BACKUP,q4-inheritance-v2,delivery,10800.0,9,"[226, 213, 204, 229, 215, 196, 224, 210, 221]","[0.1111111111111111, 0.1111111111111111, 0.1111111111111111, 0.1111111111111111, 0.1111111111111111, 0.1111111111111111, 0.1111111111111111, 0.1111111111111111, 0.1111111111111111]",50336.649568255816,50336.649568255816,962.3920776958562,4811.960388479282,0.10095629999705125,1.8189894035458565e-12,217,0.0,0.02,0.8,1061.789234259258,0,0.0,False,08ad55a129c188b78a6bf379ee5514cf466d54acf150f52d0326740697aa261f
2025-08-22,233,18,q4_3,B0,FORMAL_BACKUP,q4-inheritance-v2,delivery,10800.0,9,"[226, 213, 204, 229, 215, 196, 224, 210, 221]","[0.1111111111111111, 0.1111111111111111, 0.1111111111111111, 0.1111111111111111, 0.1111111111111111, 0.1111111111111111, 0.1111111111111111, 0.1111111111111111, 0.1111111111111111]",43745.286858783744,43745.286858783744,702.3623057298996,3511.811528649498,0.06148479999683332,1.8189894035458565e-12,181,0.0,0.02,0.8,2.2737367544323206e-13,0,0.0,False,08ad55a129c188b78a6bf379ee5514cf466d54acf150f52d0326740697aa261f
2025-08-23,234,0,q4_3,B0,FORMAL_BACKUP,q4-inheritance-v2,delivery,6471.4674499663415,9,"[226, 213, 204, 229, 215, 196, 224, 210, 221]","[0.1111111111111111, 0.1111111111111111, 0.1111111111111111, 0.1111111111111111, 0.1111111111111111, 0.1111111111111111, 0.1111111111111111, 0.1111111111111111, 0.1111111111111111]",67427.22915616678,67427.22915616678,2010.4963077938955,10052.48153896948,0.1849919999949634,1.0913936421275139e-11,289,0.0,0.02,0.8,0.0,0,0.0,False,08ad55a129c188b78a6bf379ee5514cf466d54acf150f52d0326740697aa261f
2025-08-23,234,6,q4_3,B0,FORMAL_BACKUP,q4-inheritance-v2,delivery,4674.670796878205,9,"[226, 213, 204, 229, 215, 196, 224, 210, 221]","[0.1111111111111111, 0.1111111111111111, 0.1111111111111111, 0.1111111111111111, 0.1111111111111111, 0.1111111111111111, 0.1111111111111111, 0.1111111111111111, 0.1111111111111111]",60763.33383658522,60763.33383658522,1594.4688549043235,7911.799718215583,0.11493199999677017,1.8189894035458565e-12,253,0.0,0.02,0.8,688.9607848456802,0,0.0,False,08ad55a129c188b78a6bf379ee5514cf466d54acf150f52d0326740697aa261f
2025-08-23,234,12,q4_3,B0,FORMAL_BACKUP,q4-inheritance-v2,delivery,10800.0,9,"[226, 213, 204, 229, 215, 196, 224, 210, 221]","[0.1111111111111111, 0.1111111111111111, 0.1111111111111111, 0.1111111111111111, 0.1111111111111111, 0.1111111111111111, 0.1111111111111111, 0.1111111111111111, 0.1111111111111111]",66048.07181985068,66048.07181985068,1571.065594660075,7855.327973300376,0.09498490000260063,1.8189894035458565e-12,217,0.0,0.02,0.8,288.98774087654886,0,0.0,False,08ad55a129c188b78a6bf379ee5514cf466d54acf150f52d0326740697aa261f
2025-08-23,234,18,q4_3,B0,FORMAL_BACKUP,q4-inheritance-v2,delivery,10787.119504038914,9,"[226, 213, 204, 229, 215, 196, 224, 210, 221]","[0.1111111111111111, 0.1111111111111111, 0.1111111111111111, 0.1111111111111111, 0.1111111111111111, 0.1111111111111111, 0.1111111111111111, 0.1111111111111111, 0.1111111111111111]",57083.69339197872,57083.69339197872,593.8946624767937,2969.4733123839687,0.07746600000245962,1.8189894035458565e-12,181,0.0,0.02,0.8,3.410605131648481e-13,0,0.0,False,08ad55a129c188b78a6bf379ee5514cf466d54acf150f52d0326740697aa261f
2025-08-24,235,0,q4_3,B0,FORMAL_BACKUP,q4-inheritance-v2,delivery,8218.343328936227,9,"[226, 213, 204, 218, 231, 194, 224, 210, 221]","[0.1111111111111111, 0.1111111111111111, 0.1111111111111111, 0.1111111111111111, 0.1111111111111111, 0.1111111111111111, 0.1111111111111111, 0.1111111111111111, 0.1111111111111111]",85391.10521187772,85391.10521187772,1910.4960087319705,9552.480043659854,0.18564909999258816,1.8189894035458565e-12,289,0.0,0.02,0.8,0.0,0,0.0,False,08ad55a129c188b78a6bf379ee5514cf466d54acf150f52d0326740697aa261f
2025-08-24,235,6,q4_3,B0,FORMAL_BACKUP,q4-inheritance-v2,delivery,5284.65606273767,9,"[226, 213, 204, 218, 231, 194, 224, 210, 221]","[0.1111111111111111, 0.1111111111111111, 0.1111111111111111, 0.1111111111111111, 0.1111111111111111, 0.1111111111111111, 0.1111111111111111, 0.1111111111111111, 0.1111111111111111]",75764.8646998139,75764.8646998139,1702.205757407863,8403.925604938144,0.1154750999994576,1.8189894035458565e-12,253,0.0,0.02,0.8,2214.8146124691416,0,0.0,False,08ad55a129c188b78a6bf379ee5514cf466d54acf150f52d0326740697aa261f
2025-08-24,235,12,q4_3,B0,FORMAL_BACKUP,q4-inheritance-v2,delivery,6336.758531550033,9,"[226, 213, 204, 218, 231, 194, 224, 210, 221]","[0.1111111111111111, 0.1111111111111111, 0.1111111111111111, 0.1111111111111111, 0.1111111111111111, 0.1111111111111111, 0.1111111111111111, 0.1111111111111111, 0.1111111111111111]",76428.21776655201,76428.21776655201,1448.4799392637672,7242.399696318837,0.10548890000791289,1.8189894035458565e-12,217,0.0,0.02,0.8,1306.751786944446,0,0.0,False,08ad55a129c188b78a6bf379ee5514cf466d54acf150f52d0326740697aa261f
2025-08-24,235,18,q4_3,B0,FORMAL_BACKUP,q4-inheritance-v2,delivery,10088.426736300391,9,"[226, 213, 204, 218, 231, 194, 224, 210, 221]","[0.1111111111111111, 0.1111111111111111, 0.1111111111111111, 0.1111111111111111, 0.1111111111111111, 0.1111111111111111, 0.1111111111111111, 0.1111111111111111, 0.1111111111111111]",67498.31400327105,67498.31400327105,837.2938295335184,4186.4691476675935,0.06965060000948142,9.094947017729282e-13,181,0.0,0.02,0.8,3.410605131648481e-13,0,0.0,False,08ad55a129c188b78a6bf379ee5514cf466d54acf150f52d0326740697aa261f
2025-08-25,236,0,q4_3,B0,FORMAL_BACKUP,q4-inheritance-v2,delivery,3548.1937532970983,9,"[226, 213, 204, 218, 231, 194, 224, 210, 221]","[0.1111111111111111, 0.1111111111111111, 0.1111111111111111, 0.1111111111111111, 0.1111111111111111, 0.1111111111111111, 0.1111111111111111, 0.1111111111111111, 0.1111111111111111]",119135.87981732699,119135.87981732699,2539.004960912823,12612.734574011169,0.23206120000395458,1.8189894035458565e-12,289,0.0,0.02,0.8,0.0,0,0.0,False,08ad55a129c188b78a6bf379ee5514cf466d54acf150f52d0326740697aa261f
2025-08-25,236,6,q4_3,B0,FORMAL_BACKUP,q4-inheritance-v2,delivery,10757.29714006429,9,"[226, 213, 204, 218, 231, 194, 224, 210, 221]","[0.1111111111111111, 0.1111111111111111, 0.1111111111111111, 0.1111111111111111, 0.1111111111111111, 0.1111111111111111, 0.1111111111111111, 0.1111111111111111, 0.1111111111111111]",97838.95661947147,97838.95661947147,461.8928179308624,2309.4640896543124,0.1025796000030823,1.8189894035458565e-12,253,0.0,0.02,0.8,7913.31347779419,0,0.0,False,08ad55a129c188b78a6bf379ee5514cf466d54acf150f52d0326740697aa261f
2025-08-25,236,12,q4_3,B0,FORMAL_BACKUP,q4-inheritance-v2,delivery,10511.395409871055,9,"[226, 213, 204, 218, 231, 194, 224, 210, 221]","[0.1111111111111111, 0.1111111111111111, 0.1111111111111111, 0.1111111111111111, 0.1111111111111111, 0.1111111111111111, 0.1111111111111111, 0.1111111111111111, 0.1111111111111111]",93255.96091762507,93255.96091762507,171.64556408888743,858.2278204444372,0.09462509999866597,1.8189894035458565e-12,217,0.0,0.02,0.8,5488.277093209877,0,0.0,False,08ad55a129c188b78a6bf379ee5514cf466d54acf150f52d0326740697aa261f
2025-08-25,236,18,q4_3,B0,FORMAL_BACKUP,q4-inheritance-v2,delivery,10800.0,9,"[226, 213, 204, 218, 231, 194, 224, 210, 221]","[0.1111111111111111, 0.1111111111111111, 0.1111111111111111, 0.1111111111111111, 0.1111111111111111, 0.1111111111111111, 0.1111111111111111, 0.1111111111111111, 0.1111111111111111]",74166.51363873792,74166.51363873792,66.49229784212909,332.4614892106455,0.07505059998948127,9.094947017729282e-13,181,0.0,0.02,0.8,5.684341886080801e-13,0,0.0,False,08ad55a129c188b78a6bf379ee5514cf466d54acf150f52d0326740697aa261f
2025-08-26,237,0,q4_3,B0,FORMAL_BACKUP,q4-inheritance-v2,delivery,4286.285449223273,9,"[226, 213, 204, 234, 223, 202, 209, 210, 221]","[0.1111111111111111, 0.1111111111111111, 0.1111111111111111, 0.1111111111111111, 0.1111111111111111, 0.1111111111111111, 0.1111111111111111, 0.1111111111111111, 0.1111111111111111]",110926.30975464375,110926.30975464375,2386.9652521871267,11934.826260935635,0.1933460999862291,7.275957614183426e-12,289,0.0,0.02,0.8,0.0,0,0.0,False,08ad55a129c188b78a6bf379ee5514cf466d54acf150f52d0326740697aa261f
2025-08-26,237,6,q4_3,B0,FORMAL_BACKUP,q4-inheritance-v2,delivery,10446.731596599599,9,"[226, 213, 204, 234, 223, 202, 209, 210, 221]","[0.1111111111111111, 0.1111111111111111, 0.1111111111111111, 0.1111111111111111, 0.1111111111111111, 0.1111111111111111, 0.1111111111111111, 0.1111111111111111, 0.1111111111111111]",96354.99025169696,96354.99025169696,3365.2283107474846,16826.141553737423,0.11658730001363438,1.8189894035458565e-12,253,0.0,0.02,0.8,4.519051799434237e-12,0,0.0,False,08ad55a129c188b78a6bf379ee5514cf466d54acf150f52d0326740697aa261f
2025-08-26,237,12,q4_3,B0,FORMAL_BACKUP,q4-inheritance-v2,delivery,7625.894723185133,9,"[226, 213, 204, 234, 223, 202, 209, 210, 221]","[0.1111111111111111, 0.1111111111111111, 0.1111111111111111, 0.1111111111111111, 0.1111111111111111, 0.1111111111111111, 0.1111111111111111, 0.1111111111111111, 0.1111111111111111]",96410.12781094799,96410.12781094799,1188.7918657262733,5943.959328631367,0.09931020000658464,1.8189894035458565e-12,217,0.0,0.02,0.8,592.7393104629593,0,0.0,False,08ad55a129c188b78a6bf379ee5514cf466d54acf150f52d0326740697aa261f
2025-08-26,237,18,q4_3,B0,FORMAL_BACKUP,q4-inheritance-v2,delivery,10780.670732109658,9,"[226, 213, 204, 234, 223, 202, 209, 210, 221]","[0.1111111111111111, 0.1111111111111111, 0.1111111111111111, 0.1111111111111111, 0.1111111111111111, 0.1111111111111111, 0.1111111111111111, 0.1111111111111111, 0.1111111111111111]",81830.61461663702,81830.61461663702,127.36400305671386,636.8200152835697,0.054944700008491054,1.8189894035458565e-12,181,0.0,0.02,0.8,0.0,0,0.0,False,08ad55a129c188b78a6bf379ee5514cf466d54acf150f52d0326740697aa261f
2025-08-27,238,0,q4_3,B0,FORMAL_BACKUP,q4-inheritance-v2,delivery,4302.448752083027,9,"[226, 213, 204, 234, 223, 202, 209, 210, 235]","[0.1111111111111111, 0.1111111111111111, 0.1111111111111111, 0.1111111111111111, 0.1111111111111111, 0.1111111111111111, 0.1111111111111111, 0.1111111111111111, 0.1111111111111111]",110157.65096512756,110157.65096512756,3192.22916153569,15916.110513718144,0.18800140000530519,1.8189894035458565e-12,289,0.0,0.02,0.8,0.0,0,0.0,False,08ad55a129c188b78a6bf379ee5514cf466d54acf150f52d0326740697aa261f
2025-08-27,238,6,q4_3,B0,FORMAL_BACKUP,q4-inheritance-v2,delivery,10742.828215637504,9,"[226, 213, 204, 234, 223, 202, 209, 210, 235]","[0.1111111111111111, 0.1111111111111111, 0.1111111111111111, 0.1111111111111111, 0.1111111111111111, 0.1111111111111111, 0.1111111111111111, 0.1111111111111111, 0.1111111111111111]",99757.69522436202,99757.69522436202,6528.435387098506,32629.38936677147,0.12397749999945518,7.275957614183426e-12,253,0.0,0.02,0.8,1236.860560462968,0,0.0,False,08ad55a129c188b78a6bf379ee5514cf466d54acf150f52d0326740697aa261f
2025-08-27,238,12,q4_3,B0,FORMAL_BACKUP,q4-inheritance-v2,delivery,9225.37221189417,9,"[226, 213, 204, 234, 223, 202, 209, 210, 235]","[0.1111111111111111, 0.1111111111111111, 0.1111111111111111, 0.1111111111111111, 0.1111111111111111, 0.1111111111111111, 0.1111111111111111, 0.1111111111111111, 0.1111111111111111]",93414.15001181024,93414.15001181024,2388.5873124614955,11942.93656230748,0.10605950000172015,1.8189894035458565e-12,217,0.0,0.02,0.8,2980.632984351852,0,0.0,False,08ad55a129c188b78a6bf379ee5514cf466d54acf150f52d0326740697aa261f
2025-08-27,238,18,q4_3,B0,FORMAL_BACKUP,q4-inheritance-v2,delivery,10380.225014523341,9,"[226, 213, 204, 234, 223, 202, 209, 210, 235]","[0.1111111111111111, 0.1111111111111111, 0.1111111111111111, 0.1111111111111111, 0.1111111111111111, 0.1111111111111111, 0.1111111111111111, 0.1111111111111111, 0.1111111111111111]",80683.85323307925,80683.85323307925,691.4030628205305,3457.0153141026526,0.07896290000644512,1.8189894035458565e-12,181,0.0,0.02,0.8,0.0,0,0.0,False,08ad55a129c188b78a6bf379ee5514cf466d54acf150f52d0326740697aa261f
2025-08-28,239,0,q4_3,B0,FORMAL_BACKUP,q4-inheritance-v2,delivery,3289.933887418885,9,"[226, 213, 227, 232, 230, 225, 209, 210, 235]","[0.1111111111111111, 0.1111111111111111, 0.1111111111111111, 0.1111111111111111, 0.1111111111111111, 0.1111111111111111, 0.1111111111111111, 0.1111111111111111, 0.1111111111111111]",84551.55202186161,84551.55202186161,3316.5646943395996,16582.823471698,0.20569699999759905,1.8189894035458565e-12,289,0.0,0.02,0.8,0.0,0,0.0,False,08ad55a129c188b78a6bf379ee5514cf466d54acf150f52d0326740697aa261f
2025-08-28,239,6,q4_3,B0,FORMAL_BACKUP,q4-inheritance-v2,delivery,10738.317342505456,9,"[226, 213, 227, 232, 230, 225, 209, 210, 235]","[0.1111111111111111, 0.1111111111111111, 0.1111111111111111, 0.1111111111111111, 0.1111111111111111, 0.1111111111111111, 0.1111111111111111, 0.1111111111111111, 0.1111111111111111]",74945.80318447066,74945.80318447066,6559.899617782227,32505.962196138422,0.12240019999444485,1.8189894035458565e-12,253,0.0,0.02,0.8,2193.9671245185214,0,0.0,False,08ad55a129c188b78a6bf379ee5514cf466d54acf150f52d0326740697aa261f
2025-08-28,239,12,q4_3,B0,FORMAL_BACKUP,q4-inheritance-v2,delivery,7613.47740803154,9,"[226, 213, 227, 232, 230, 225, 209, 210, 235]","[0.1111111111111111, 0.1111111111111111, 0.1111111111111111, 0.1111111111111111, 0.1111111111111111, 0.1111111111111111, 0.1111111111111111, 0.1111111111111111, 0.1111111111111111]",66439.74863645039,66439.74863645039,3335.073711398358,16482.381055777012,0.10388940000848379,1.8189894035458565e-12,217,0.0,0.02,0.8,2132.5290648407404,0,0.0,False,08ad55a129c188b78a6bf379ee5514cf466d54acf150f52d0326740697aa261f
2025-08-28,239,18,q4_3,B0,FORMAL_BACKUP,q4-inheritance-v2,delivery,10051.06283276082,9,"[226, 213, 227, 232, 230, 225, 209, 210, 235]","[0.1111111111111111, 0.1111111111111111, 0.1111111111111111, 0.1111111111111111, 0.1111111111111111, 0.1111111111111111, 0.1111111111111111, 0.1111111111111111, 0.1111111111111111]",54908.552267809246,54908.552267809246,1469.2386667717064,7346.193333858534,0.08161199999449309,1.8189894035458565e-12,181,0.0,0.02,0.8,13.157457173147804,0,0.0,False,08ad55a129c188b78a6bf379ee5514cf466d54acf150f52d0326740697aa261f
2025-08-29,240,0,q4_3,B0,FORMAL_BACKUP,q4-inheritance-v2,delivery,2145.51268743735,9,"[226, 213, 227, 232, 223, 225, 209, 210, 235]","[0.1111111111111111, 0.1111111111111111, 0.1111111111111111, 0.1111111111111111, 0.1111111111111111, 0.1111111111111111, 0.1111111111111111, 0.1111111111111111, 0.1111111111111111]",63443.03210406717,63443.03210406717,2199.7881811978623,10991.806553551289,0.23462760000256822,1.8189894035458565e-12,289,0.0,0.02,0.8,0.0,0,0.0,False,08ad55a129c188b78a6bf379ee5514cf466d54acf150f52d0326740697aa261f
2025-08-29,240,6,q4_3,B0,FORMAL_BACKUP,q4-inheritance-v2,delivery,8636.637894446685,9,"[226, 213, 227, 232, 223, 225, 209, 210, 235]","[0.1111111111111111, 0.1111111111111111, 0.1111111111111111, 0.1111111111111111, 0.1111111111111111, 0.1111111111111111, 0.1111111111111111, 0.1111111111111111, 0.1111111111111111]",51302.42518092105,51302.42518092105,1157.6952111705946,5788.476055852973,0.12037790000613313,1.8189894035458565e-12,253,0.0,0.02,0.8,4581.198431265435,0,0.0,False,08ad55a129c188b78a6bf379ee5514cf466d54acf150f52d0326740697aa261f
2025-08-29,240,12,q4_3,B0,FORMAL_BACKUP,q4-inheritance-v2,delivery,10800.0,9,"[226, 213, 227, 232, 223, 225, 209, 210, 235]","[0.1111111111111111, 0.1111111111111111, 0.1111111111111111, 0.1111111111111111, 0.1111111111111111, 0.1111111111111111, 0.1111111111111111, 0.1111111111111111, 0.1111111111111111]",50823.10477259393,50823.10477259393,963.0760750741437,4815.38037537072,0.10346939999726601,1.8189894035458565e-12,217,0.0,0.02,0.8,1183.1643423148148,0,0.0,False,08ad55a129c188b78a6bf379ee5514cf466d54acf150f52d0326740697aa261f
2025-08-29,240,18,q4_3,B0,FORMAL_BACKUP,q4-inheritance-v2,delivery,10800.0,9,"[226, 213, 227, 232, 223, 225, 209, 210, 235]","[0.1111111111111111, 0.1111111111111111, 0.1111111111111111, 0.1111111111111111, 0.1111111111111111, 0.1111111111111111, 0.1111111111111111, 0.1111111111111111, 0.1111111111111111]",43652.65977351184,43652.65977351184,605.6947840498765,3028.473920249383,0.08239159999357071,9.094947017729282e-13,181,0.0,0.02,0.8,1.1368683772161603e-13,0,0.0,False,08ad55a129c188b78a6bf379ee5514cf466d54acf150f52d0326740697aa261f
2025-08-30,241,0,q4_3,B0,FORMAL_BACKUP,q4-inheritance-v2,delivery,6533.334145403351,9,"[226, 213, 227, 232, 223, 225, 209, 210, 235]","[0.1111111111111111, 0.1111111111111111, 0.1111111111111111, 0.1111111111111111, 0.1111111111111111, 0.1111111111111111, 0.1111111111111111, 0.1111111111111111, 0.1111111111111111]",69056.38431443949,69056.38431443949,1781.3151242618305,8905.578476248184,0.18781470000976697,1.8189894035458565e-12,289,0.0,0.02,0.8,0.0,0,0.0,False,08ad55a129c188b78a6bf379ee5514cf466d54acf150f52d0326740697aa261f
2025-08-30,241,6,q4_3,B0,FORMAL_BACKUP,q4-inheritance-v2,delivery,4279.0586104121885,9,"[226, 213, 227, 232, 223, 225, 209, 210, 235]","[0.1111111111111111, 0.1111111111111111, 0.1111111111111111, 0.1111111111111111, 0.1111111111111111, 0.1111111111111111, 0.1111111111111111, 0.1111111111111111, 0.1111111111111111]",62856.17863832092,62856.17863832092,1877.7332879718103,9388.666439859055,0.10530359999393113,1.8189894035458565e-12,253,0.0,0.02,0.8,2.5863755581667647e-12,0,0.0,False,08ad55a129c188b78a6bf379ee5514cf466d54acf150f52d0326740697aa261f
2025-08-30,241,12,q4_3,B0,FORMAL_BACKUP,q4-inheritance-v2,delivery,10800.0,9,"[226, 213, 227, 232, 223, 225, 209, 210, 235]","[0.1111111111111111, 0.1111111111111111, 0.1111111111111111, 0.1111111111111111, 0.1111111111111111, 0.1111111111111111, 0.1111111111111111, 0.1111111111111111, 0.1111111111111111]",61694.468425799896,61694.468425799896,933.8832598776187,4669.416299388095,0.0959310999896843,1.8189894035458565e-12,217,0.0,0.02,0.8,1212.013528518516,0,0.0,False,08ad55a129c188b78a6bf379ee5514cf466d54acf150f52d0326740697aa261f
2025-08-30,241,18,q4_3,B0,FORMAL_BACKUP,q4-inheritance-v2,delivery,10800.0,9,"[226, 213, 227, 232, 223, 225, 209, 210, 235]","[0.1111111111111111, 0.1111111111111111, 0.1111111111111111, 0.1111111111111111, 0.1111111111111111, 0.1111111111111111, 0.1111111111111111, 0.1111111111111111, 0.1111111111111111]",57592.89250034678,57592.89250034678,300.8547352914603,1504.2736764573017,0.07408419999410398,1.8189894035458565e-12,181,0.0,0.02,0.8,1.1368683772161603e-13,0,0.0,False,08ad55a129c188b78a6bf379ee5514cf466d54acf150f52d0326740697aa261f
2025-08-31,242,0,q4_3,B0,FORMAL_BACKUP,q4-inheritance-v2,delivery,8212.569221772086,9,"[226, 213, 227, 232, 223, 225, 209, 210, 235]","[0.1111111111111111, 0.1111111111111111, 0.1111111111111111, 0.1111111111111111, 0.1111111111111111, 0.1111111111111111, 0.1111111111111111, 0.1111111111111111, 0.1111111111111111]",88521.38698641927,88521.38698641927,2690.9157365368224,13454.578682684114,0.18866619998880196,7.275957614183426e-12,289,0.0,0.02,0.8,0.0,0,0.0,False,08ad55a129c188b78a6bf379ee5514cf466d54acf150f52d0326740697aa261f
2025-08-31,242,6,q4_3,B0,FORMAL_BACKUP,q4-inheritance-v2,delivery,5199.732333742851,9,"[226, 213, 227, 232, 223, 225, 209, 210, 235]","[0.1111111111111111, 0.1111111111111111, 0.1111111111111111, 0.1111111111111111, 0.1111111111111111, 0.1111111111111111, 0.1111111111111111, 0.1111111111111111, 0.1111111111111111]",81114.13479904475,81114.13479904475,4526.260175211795,22501.253713534934,0.11822850001044571,1.8189894035458565e-12,253,0.0,0.02,0.8,722.9004033364224,0,0.0,False,08ad55a129c188b78a6bf379ee5514cf466d54acf150f52d0326740697aa261f
2025-08-31,242,12,q4_3,B0,FORMAL_BACKUP,q4-inheritance-v2,delivery,4213.569655832365,9,"[226, 213, 227, 232, 223, 225, 209, 210, 235]","[0.1111111111111111, 0.1111111111111111, 0.1111111111111111, 0.1111111111111111, 0.1111111111111111, 0.1111111111111111, 0.1111111111111111, 0.1111111111111111, 0.1111111111111111]",77254.1136648237,77254.1136648237,1613.7578064798606,8068.789032399303,0.10529819999646861,1.8189894035458565e-12,217,0.0,0.02,0.8,688.1111647421559,0,0.0,False,08ad55a129c188b78a6bf379ee5514cf466d54acf150f52d0326740697aa261f
2025-08-31,242,18,q4_3,B0,FORMAL_BACKUP,q4-inheritance-v2,delivery,8430.37751275597,9,"[226, 213, 227, 232, 223, 225, 209, 210, 235]","[0.1111111111111111, 0.1111111111111111, 0.1111111111111111, 0.1111111111111111, 0.1111111111111111, 0.1111111111111111, 0.1111111111111111, 0.1111111111111111, 0.1111111111111111]",72334.47422663558,72334.47422663558,1328.4586812620732,6629.204817665853,0.08063640000182204,9.094947017729282e-13,181,0.0,0.02,0.8,1196.0917886913521,0,0.0,False,08ad55a129c188b78a6bf379ee5514cf466d54acf150f52d0326740697aa261f
2025-09-01,243,0,q4_3,B0,FORMAL_BACKUP,q4-inheritance-v2,delivery,2432.64546054132,9,"[226, 213, 227, 232, 223, 225, 209, 210, 235]","[0.1111111111111111, 0.1111111111111111, 0.1111111111111111, 0.1111111111111111, 0.1111111111111111, 0.1111111111111111, 0.1111111111111111, 0.1111111111111111, 0.1111111111111111]",113647.16677461877,113647.16677461877,2778.8426613379,13894.213306689504,0.23296470000059344,1.8189894035458565e-12,289,0.0,0.02,0.8,0.0,0,0.0,False,08ad55a129c188b78a6bf379ee5514cf466d54acf150f52d0326740697aa261f
2025-09-01,243,6,q4_3,B0,FORMAL_BACKUP,q4-inheritance-v2,delivery,10790.88667066122,9,"[226, 213, 227, 232, 223, 225, 209, 210, 235]","[0.1111111111111111, 0.1111111111111111, 0.1111111111111111, 0.1111111111111111, 0.1111111111111111, 0.1111111111111111, 0.1111111111111111, 0.1111111111111111, 0.1111111111111111]",95418.60222353275,95418.60222353275,1499.5768419761653,7497.884209880828,0.11295310000423342,9.094947017729282e-13,253,0.0,0.02,0.8,2853.3461096522633,0,0.0,False,08ad55a129c188b78a6bf379ee5514cf466d54acf150f52d0326740697aa261f
2025-09-01,243,12,q4_3,B0,FORMAL_BACKUP,q4-inheritance-v2,delivery,10800.0,9,"[226, 213, 227, 232, 223, 225, 209, 210, 235]","[0.1111111111111111, 0.1111111111111111, 0.1111111111111111, 0.1111111111111111, 0.1111111111111111, 0.1111111111111111, 0.1111111111111111, 0.1111111111111111, 0.1111111111111111]",92256.03398826394,92256.03398826394,992.5622711272075,4962.811355636038,0.09606880000501405,1.8189894035458565e-12,217,0.0,0.02,0.8,3764.201940514406,0,0.0,False,08ad55a129c188b78a6bf379ee5514cf466d54acf150f52d0326740697aa261f
2025-09-01,243,18,q4_3,B0,FORMAL_BACKUP,q4-inheritance-v2,delivery,10800.0,9,"[226, 213, 227, 232, 223, 225, 209, 210, 235]","[0.1111111111111111, 0.1111111111111111, 0.1111111111111111, 0.1111111111111111, 0.1111111111111111, 0.1111111111111111, 0.1111111111111111, 0.1111111111111111, 0.1111111111111111]",79250.17394858983,79250.17394858983,64.40732259166707,322.0366129583354,0.0855606999975862,1.8189894035458565e-12,181,0.0,0.02,0.8,6.821210263296962e-13,0,0.0,False,08ad55a129c188b78a6bf379ee5514cf466d54acf150f52d0326740697aa261f
2025-09-02,244,0,q4_3,B0,FORMAL_BACKUP,q4-inheritance-v2,delivery,7888.49426075033,9,"[226, 213, 236, 232, 223, 225, 209, 210, 235]","[0.1111111111111111, 0.1111111111111111, 0.1111111111111111, 0.1111111111111111, 0.1111111111111111, 0.1111111111111111, 0.1111111111111111, 0.1111111111111111, 0.1111111111111111]",97233.26409494902,97233.26409494902,3074.839360006236,15330.066791420935,0.1827523999963887,9.094947017729282e-13,289,0.0,0.02,0.8,0.0,0,0.0,False,08ad55a129c188b78a6bf379ee5514cf466d54acf150f52d0326740697aa261f
2025-09-02,244,6,q4_3,B0,FORMAL_BACKUP,q4-inheritance-v2,delivery,10707.421155121661,9,"[226, 213, 236, 232, 223, 225, 209, 210, 235]","[0.1111111111111111, 0.1111111111111111, 0.1111111111111111, 0.1111111111111111, 0.1111111111111111, 0.1111111111111111, 0.1111111111111111, 0.1111111111111111, 0.1111111111111111]",88663.54051449055,88663.54051449055,6407.737907934599,31912.381725596195,0.12535149999894202,9.094947017729282e-13,253,0.0,0.02,0.8,7.890677283949472,0,0.0,False,08ad55a129c188b78a6bf379ee5514cf466d54acf150f52d0326740697aa261f
2025-09-02,244,12,q4_3,B0,FORMAL_BACKUP,q4-inheritance-v2,delivery,8726.247201229186,9,"[226, 213, 236, 232, 223, 225, 209, 210, 235]","[0.1111111111111111, 0.1111111111111111, 0.1111111111111111, 0.1111111111111111, 0.1111111111111111, 0.1111111111111111, 0.1111111111111111, 0.1111111111111111, 0.1111111111111111]",81664.30483724453,81664.30483724453,2031.4224704996668,10157.112352498336,0.098691899998812,1.8189894035458565e-12,217,0.0,0.02,0.8,1878.9592870449792,0,0.0,False,08ad55a129c188b78a6bf379ee5514cf466d54acf150f52d0326740697aa261f
2025-09-02,244,18,q4_3,B0,FORMAL_BACKUP,q4-inheritance-v2,delivery,10800.0,9,"[226, 213, 236, 232, 223, 225, 209, 210, 235]","[0.1111111111111111, 0.1111111111111111, 0.1111111111111111, 0.1111111111111111, 0.1111111111111111, 0.1111111111111111, 0.1111111111111111, 0.1111111111111111, 0.1111111111111111]",69395.3754577407,69395.3754577407,344.35032859033123,1721.7516429516565,0.06567350000841543,9.094947017729282e-13,181,0.0,0.02,0.8,0.0,0,0.0,False,08ad55a129c188b78a6bf379ee5514cf466d54acf150f52d0326740697aa261f
2025-09-03,245,0,q4_3,B0,FORMAL_BACKUP,q4-inheritance-v2,delivery,6271.343771499889,9,"[226, 213, 236, 232, 223, 225, 209, 210, 207]","[0.1111111111111111, 0.1111111111111111, 0.1111111111111111, 0.1111111111111111, 0.1111111111111111, 0.1111111111111111, 0.1111111111111111, 0.1111111111111111, 0.1111111111111111]",103078.97754515793,103078.97754515793,3850.539545744616,19204.615071263983,0.1970115000003716,7.275957614183426e-12,289,0.0,0.02,0.8,0.0,0,0.0,False,08ad55a129c188b78a6bf379ee5514cf466d54acf150f52d0326740697aa261f
2025-09-03,245,6,q4_3,B0,FORMAL_BACKUP,q4-inheritance-v2,delivery,10104.590951104874,9,"[226, 213, 236, 232, 223, 225, 209, 210, 207]","[0.1111111111111111, 0.1111111111111111, 0.1111111111111111, 0.1111111111111111, 0.1111111111111111, 0.1111111111111111, 0.1111111111111111, 0.1111111111111111, 0.1111111111111111]",88843.35311601247,88843.35311601247,2511.700897595927,12558.504487979639,0.11692349999793805,1.8189894035458565e-12,253,0.0,0.02,0.8,199.15412500000528,0,0.0,False,08ad55a129c188b78a6bf379ee5514cf466d54acf150f52d0326740697aa261f
2025-09-03,245,12,q4_3,B0,FORMAL_BACKUP,q4-inheritance-v2,delivery,9908.978185621027,9,"[226, 213, 236, 232, 223, 225, 209, 210, 207]","[0.1111111111111111, 0.1111111111111111, 0.1111111111111111, 0.1111111111111111, 0.1111111111111111, 0.1111111111111111, 0.1111111111111111, 0.1111111111111111, 0.1111111111111111]",88634.51146679748,88634.51146679748,2036.7111971578602,10183.555985789302,0.10289670000202022,1.8189894035458565e-12,217,0.0,0.02,0.8,3642.9870734969168,0,0.0,False,08ad55a129c188b78a6bf379ee5514cf466d54acf150f52d0326740697aa261f
2025-09-03,245,18,q4_3,B0,FORMAL_BACKUP,q4-inheritance-v2,delivery,10787.689544104898,9,"[226, 213, 236, 232, 223, 225, 209, 210, 207]","[0.1111111111111111, 0.1111111111111111, 0.1111111111111111, 0.1111111111111111, 0.1111111111111111, 0.1111111111111111, 0.1111111111111111, 0.1111111111111111, 0.1111111111111111]",69620.22744345575,69620.22744345575,302.8182309831159,1514.0911549155796,0.08027500000025611,1.8189894035458565e-12,181,0.0,0.02,0.8,1.4779288903810084e-12,0,0.0,False,08ad55a129c188b78a6bf379ee5514cf466d54acf150f52d0326740697aa261f
2025-09-04,246,0,q4_3,B0,FORMAL_BACKUP,q4-inheritance-v2,delivery,6474.894498546917,9,"[226, 205, 206, 203, 223, 225, 209, 210, 207]","[0.1111111111111111, 0.1111111111111111, 0.1111111111111111, 0.1111111111111111, 0.1111111111111111, 0.1111111111111111, 0.1111111111111111, 0.1111111111111111, 0.1111111111111111]",79918.91027332716,79918.91027332716,4152.873599064002,20747.314366490664,0.18613219998951536,2.1827872842550278e-11,289,0.0,0.02,0.8,0.0,0,0.0,False,08ad55a129c188b78a6bf379ee5514cf466d54acf150f52d0326740697aa261f
2025-09-04,246,6,q4_3,B0,FORMAL_BACKUP,q4-inheritance-v2,delivery,10759.187616994339,9,"[226, 205, 206, 203, 223, 225, 209, 210, 207]","[0.1111111111111111, 0.1111111111111111, 0.1111111111111111, 0.1111111111111111, 0.1111111111111111, 0.1111111111111111, 0.1111111111111111, 0.1111111111111111, 0.1111111111111111]",65490.579261995765,65490.579261995765,3309.238604199499,16469.679943507595,0.1211361999885412,1.8189894035458565e-12,253,0.0,0.02,0.8,435.3947167386993,0,0.0,False,08ad55a129c188b78a6bf379ee5514cf466d54acf150f52d0326740697aa261f
2025-09-04,246,12,q4_3,B0,FORMAL_BACKUP,q4-inheritance-v2,delivery,9733.195425969458,9,"[226, 205, 206, 203, 223, 225, 209, 210, 207]","[0.1111111111111111, 0.1111111111111111, 0.1111111111111111, 0.1111111111111111, 0.1111111111111111, 0.1111111111111111, 0.1111111111111111, 0.1111111111111111, 0.1111111111111111]",63219.9688522801,63219.9688522801,2345.636595683076,11728.182978415382,0.10374700000102166,1.8189894035458565e-12,217,0.0,0.02,0.8,3210.214613734564,0,0.0,False,08ad55a129c188b78a6bf379ee5514cf466d54acf150f52d0326740697aa261f
2025-09-04,246,18,q4_3,B0,FORMAL_BACKUP,q4-inheritance-v2,delivery,10800.0,9,"[226, 205, 206, 203, 223, 225, 209, 210, 207]","[0.1111111111111111, 0.1111111111111111, 0.1111111111111111, 0.1111111111111111, 0.1111111111111111, 0.1111111111111111, 0.1111111111111111, 0.1111111111111111, 0.1111111111111111]",48254.145056433306,48254.145056433306,1022.5797319933307,5112.898659966655,0.08229209999262821,1.8189894035458565e-12,181,0.0,0.02,0.8,0.0,0,0.0,False,08ad55a129c188b78a6bf379ee5514cf466d54acf150f52d0326740697aa261f
2025-09-05,247,0,q4_3,B0,FORMAL_BACKUP,q4-inheritance-v2,delivery,5109.159242732377,9,"[226, 205, 206, 204, 230, 216, 209, 210, 207]","[0.1111111111111111, 0.1111111111111111, 0.1111111111111111, 0.1111111111111111, 0.1111111111111111, 0.1111111111111111, 0.1111111111111111, 0.1111111111111111, 0.1111111111111111]",54651.91915439005,54651.91915439005,2854.8613216080357,14274.306608040182,0.22593570000026375,3.637978807091713e-12,289,0.0,0.02,0.8,0.0,0,0.0,False,08ad55a129c188b78a6bf379ee5514cf466d54acf150f52d0326740697aa261f
2025-09-05,247,6,q4_3,B0,FORMAL_BACKUP,q4-inheritance-v2,delivery,8392.141241818326,9,"[226, 205, 206, 204, 230, 216, 209, 210, 207]","[0.1111111111111111, 0.1111111111111111, 0.1111111111111111, 0.1111111111111111, 0.1111111111111111, 0.1111111111111111, 0.1111111111111111, 0.1111111111111111, 0.1111111111111111]",45186.19825894766,45186.19825894766,1189.0992408564873,5945.496204282438,0.1150430999987293,1.8189894035458565e-12,253,0.0,0.02,0.8,141.04639925926415,0,0.0,False,08ad55a129c188b78a6bf379ee5514cf466d54acf150f52d0326740697aa261f
2025-09-05,247,12,q4_3,B0,FORMAL_BACKUP,q4-inheritance-v2,delivery,10800.0,9,"[226, 205, 206, 204, 230, 216, 209, 210, 207]","[0.1111111111111111, 0.1111111111111111, 0.1111111111111111, 0.1111111111111111, 0.1111111111111111, 0.1111111111111111, 0.1111111111111111, 0.1111111111111111, 0.1111111111111111]",45259.28785040133,45259.28785040133,1119.2474065344968,5596.237032672485,0.09960520001186524,1.8189894035458565e-12,217,0.0,0.02,0.8,180.21560416666728,0,0.0,False,08ad55a129c188b78a6bf379ee5514cf466d54acf150f52d0326740697aa261f
2025-09-05,247,18,q4_3,B0,FORMAL_BACKUP,q4-inheritance-v2,delivery,10800.0,9,"[226, 205, 206, 204, 230, 216, 209, 210, 207]","[0.1111111111111111, 0.1111111111111111, 0.1111111111111111, 0.1111111111111111, 0.1111111111111111, 0.1111111111111111, 0.1111111111111111, 0.1111111111111111, 0.1111111111111111]",39562.63364381796,39562.63364381796,538.3422408138427,2691.7112040692145,0.07455130000016652,9.094947017729282e-13,181,0.0,0.02,0.8,0.0,0,0.0,False,08ad55a129c188b78a6bf379ee5514cf466d54acf150f52d0326740697aa261f
2025-09-06,248,0,q4_3,B0,FORMAL_BACKUP,q4-inheritance-v2,delivery,8157.415802704288,9,"[226, 205, 220, 227, 230, 216, 209, 210, 207]","[0.1111111111111111, 0.1111111111111111, 0.1111111111111111, 0.1111111111111111, 0.1111111111111111, 0.1111111111111111, 0.1111111111111111, 0.1111111111111111, 0.1111111111111111]",62810.696895966066,62810.696895966066,2694.572976827747,13472.864884138738,0.1804548999934923,1.8189894035458565e-12,289,0.0,0.02,0.8,0.0,0,0.0,False,08ad55a129c188b78a6bf379ee5514cf466d54acf150f52d0326740697aa261f
2025-09-06,248,6,q4_3,B0,FORMAL_BACKUP,q4-inheritance-v2,delivery,6120.02519094666,9,"[226, 205, 220, 227, 230, 216, 209, 210, 207]","[0.1111111111111111, 0.1111111111111111, 0.1111111111111111, 0.1111111111111111, 0.1111111111111111, 0.1111111111111111, 0.1111111111111111, 0.1111111111111111, 0.1111111111111111]",56257.86140522135,56257.86140522135,1352.78258833742,6763.912941687102,0.10133109999878798,1.8189894035458565e-12,253,0.0,0.02,0.8,2.6290081223123707e-12,0,0.0,False,08ad55a129c188b78a6bf379ee5514cf466d54acf150f52d0326740697aa261f
2025-09-06,248,12,q4_3,B0,FORMAL_BACKUP,q4-inheritance-v2,delivery,10800.0,9,"[226, 205, 220, 227, 230, 216, 209, 210, 207]","[0.1111111111111111, 0.1111111111111111, 0.1111111111111111, 0.1111111111111111, 0.1111111111111111, 0.1111111111111111, 0.1111111111111111, 0.1111111111111111, 0.1111111111111111]",55672.838051186955,55672.838051186955,1295.5112478022816,6477.556239011409,0.09742299999925308,1.8189894035458565e-12,217,0.0,0.02,0.8,0.0,0,0.0,False,08ad55a129c188b78a6bf379ee5514cf466d54acf150f52d0326740697aa261f
2025-09-06,248,18,q4_3,B0,FORMAL_BACKUP,q4-inheritance-v2,delivery,10800.0,9,"[226, 205, 220, 227, 230, 216, 209, 210, 207]","[0.1111111111111111, 0.1111111111111111, 0.1111111111111111, 0.1111111111111111, 0.1111111111111111, 0.1111111111111111, 0.1111111111111111, 0.1111111111111111, 0.1111111111111111]",54373.61715873557,54373.61715873557,451.10462308390447,2255.523115419523,0.059775399990030564,1.8189894035458565e-12,181,0.0,0.02,0.8,1.1368683772161603e-13,0,0.0,False,08ad55a129c188b78a6bf379ee5514cf466d54acf150f52d0326740697aa261f
2025-09-07,249,0,q4_3,B0,FORMAL_BACKUP,q4-inheritance-v2,delivery,9158.388126346308,9,"[226, 205, 220, 227, 230, 216, 209, 210, 207]","[0.1111111111111111, 0.1111111111111111, 0.1111111111111111, 0.1111111111111111, 0.1111111111111111, 0.1111111111111111, 0.1111111111111111, 0.1111111111111111, 0.1111111111111111]",72187.56465946959,72187.56465946959,3811.2574759897398,19056.287379948702,0.19542799999180716,1.8189894035458565e-12,289,0.0,0.02,0.8,0.0,0,0.0,False,08ad55a129c188b78a6bf379ee5514cf466d54acf150f52d0326740697aa261f
2025-09-07,249,6,q4_3,B0,FORMAL_BACKUP,q4-inheritance-v2,delivery,6386.775664031556,9,"[226, 205, 220, 227, 230, 216, 209, 210, 207]","[0.1111111111111111, 0.1111111111111111, 0.1111111111111111, 0.1111111111111111, 0.1111111111111111, 0.1111111111111111, 0.1111111111111111, 0.1111111111111111, 0.1111111111111111]",65427.342744374735,65427.342744374735,5568.075710103542,27789.53639744724,0.1222161000041524,4.3655745685100555e-11,253,0.0,0.02,0.8,55.887954298405276,0,0.0,False,08ad55a129c188b78a6bf379ee5514cf466d54acf150f52d0326740697aa261f
2025-09-07,249,12,q4_3,B0,FORMAL_BACKUP,q4-inheritance-v2,delivery,4983.592045286408,9,"[226, 205, 220, 227, 230, 216, 209, 210, 207]","[0.1111111111111111, 0.1111111111111111, 0.1111111111111111, 0.1111111111111111, 0.1111111111111111, 0.1111111111111111, 0.1111111111111111, 0.1111111111111111, 0.1111111111111111]",62374.97513122102,62374.97513122102,2820.0713904461572,14100.35695223079,0.10361839999677613,1.8189894035458565e-12,217,0.0,0.02,0.8,7.105427357601002e-15,0,0.0,False,08ad55a129c188b78a6bf379ee5514cf466d54acf150f52d0326740697aa261f
2025-09-07,249,18,q4_3,B0,FORMAL_BACKUP,q4-inheritance-v2,delivery,9968.549145530616,9,"[226, 205, 220, 227, 230, 216, 209, 210, 207]","[0.1111111111111111, 0.1111111111111111, 0.1111111111111111, 0.1111111111111111, 0.1111111111111111, 0.1111111111111111, 0.1111111111111111, 0.1111111111111111, 0.1111111111111111]",54408.99739472418,54408.99739472418,1174.7368298822425,5873.684149411213,0.08336069999495521,1.8189894035458565e-12,181,0.0,0.02,0.8,1.1368683772161603e-13,0,0.0,False,08ad55a129c188b78a6bf379ee5514cf466d54acf150f52d0326740697aa261f
2025-09-08,250,0,q4_3,B0,FORMAL_BACKUP,q4-inheritance-v2,delivery,2789.668857829579,9,"[247, 212, 220, 227, 230, 216, 209, 210, 207]","[0.1111111111111111, 0.1111111111111111, 0.1111111111111111, 0.1111111111111111, 0.1111111111111111, 0.1111111111111111, 0.1111111111111111, 0.1111111111111111, 0.1111111111111111]",87391.50816799296,87391.50816799296,3460.69934192692,17303.496709634604,0.20011289999820292,7.275957614183426e-12,289,0.0,0.02,0.8,0.0,0,0.0,False,08ad55a129c188b78a6bf379ee5514cf466d54acf150f52d0326740697aa261f
2025-09-08,250,6,q4_3,B0,FORMAL_BACKUP,q4-inheritance-v2,delivery,10713.037921843208,9,"[247, 212, 220, 227, 230, 216, 209, 210, 207]","[0.1111111111111111, 0.1111111111111111, 0.1111111111111111, 0.1111111111111111, 0.1111111111111111, 0.1111111111111111, 0.1111111111111111, 0.1111111111111111, 0.1111111111111111]",73516.83277583917,73516.83277583917,2663.3169782863392,13316.5848914317,0.11411290000251029,1.8189894035458565e-12,253,0.0,0.02,0.8,610.9995855555569,0,0.0,False,08ad55a129c188b78a6bf379ee5514cf466d54acf150f52d0326740697aa261f
2025-09-08,250,12,q4_3,B0,FORMAL_BACKUP,q4-inheritance-v2,delivery,10254.907753026187,9,"[247, 212, 220, 227, 230, 216, 209, 210, 207]","[0.1111111111111111, 0.1111111111111111, 0.1111111111111111, 0.1111111111111111, 0.1111111111111111, 0.1111111111111111, 0.1111111111111111, 0.1111111111111111, 0.1111111111111111]",69333.40110091551,69333.40110091551,2568.6440697654966,12843.220348827486,0.08962009999959264,3.637978807091713e-12,217,0.0,0.02,0.8,3594.0693133721475,0,0.0,False,08ad55a129c188b78a6bf379ee5514cf466d54acf150f52d0326740697aa261f
2025-09-08,250,18,q4_3,B0,FORMAL_BACKUP,q4-inheritance-v2,delivery,10080.278855299162,9,"[247, 212, 220, 227, 230, 216, 209, 210, 207]","[0.1111111111111111, 0.1111111111111111, 0.1111111111111111, 0.1111111111111111, 0.1111111111111111, 0.1111111111111111, 0.1111111111111111, 0.1111111111111111, 0.1111111111111111]",59648.68120870357,59648.68120870357,657.2596068450649,3286.2980342253254,0.06135550000180956,9.094947017729282e-13,181,0.0,0.02,0.8,0.0,0,0.0,False,08ad55a129c188b78a6bf379ee5514cf466d54acf150f52d0326740697aa261f
2025-09-09,251,0,q4_3,B0,FORMAL_BACKUP,q4-inheritance-v2,delivery,4057.4936814491384,9,"[247, 212, 220, 246, 230, 216, 209, 210, 207]","[0.1111111111111111, 0.1111111111111111, 0.1111111111111111, 0.1111111111111111, 0.1111111111111111, 0.1111111111111111, 0.1111111111111111, 0.1111111111111111, 0.1111111111111111]",80217.23002221166,80217.23002221166,3511.935896343348,17534.28349351358,0.23894169999402948,3.637978807091713e-12,289,0.0,0.02,0.8,0.0,0,0.0,False,08ad55a129c188b78a6bf379ee5514cf466d54acf150f52d0326740697aa261f
2025-09-09,251,6,q4_3,B0,FORMAL_BACKUP,q4-inheritance-v2,delivery,10416.874260235048,9,"[247, 212, 220, 246, 230, 216, 209, 210, 207]","[0.1111111111111111, 0.1111111111111111, 0.1111111111111111, 0.1111111111111111, 0.1111111111111111, 0.1111111111111111, 0.1111111111111111, 0.1111111111111111, 0.1111111111111111]",71251.5157687258,71251.5157687258,4696.7802208122,23192.767924028558,0.1343062999949325,1.8189894035458565e-12,253,0.0,0.02,0.8,1444.7705401512376,0,0.0,False,08ad55a129c188b78a6bf379ee5514cf466d54acf150f52d0326740697aa261f
2025-09-09,251,12,q4_3,B0,FORMAL_BACKUP,q4-inheritance-v2,delivery,8526.587538257594,9,"[247, 212, 220, 246, 230, 216, 209, 210, 207]","[0.1111111111111111, 0.1111111111111111, 0.1111111111111111, 0.1111111111111111, 0.1111111111111111, 0.1111111111111111, 0.1111111111111111, 0.1111111111111111, 0.1111111111111111]",66488.11180379667,66488.11180379667,2733.3672126542006,13666.836063271006,0.10964579999563284,1.8189894035458565e-12,217,0.0,0.02,0.8,2166.0674885233802,0,0.0,False,08ad55a129c188b78a6bf379ee5514cf466d54acf150f52d0326740697aa261f
2025-09-09,251,18,q4_3,B0,FORMAL_BACKUP,q4-inheritance-v2,delivery,9843.833177787184,9,"[247, 212, 220, 246, 230, 216, 209, 210, 207]","[0.1111111111111111, 0.1111111111111111, 0.1111111111111111, 0.1111111111111111, 0.1111111111111111, 0.1111111111111111, 0.1111111111111111, 0.1111111111111111, 0.1111111111111111]",60021.168650826905,60021.168650826905,801.6764618362363,4008.3823091811823,0.074647699992056,1.8189894035458565e-12,181,0.0,0.02,0.8,1.1368683772161603e-13,0,0.0,False,08ad55a129c188b78a6bf379ee5514cf466d54acf150f52d0326740697aa261f
2025-09-10,252,0,q4_3,B0,FORMAL_BACKUP,q4-inheritance-v2,delivery,3782.1916189878057,9,"[247, 212, 220, 246, 230, 216, 209, 210, 235]","[0.1111111111111111, 0.1111111111111111, 0.1111111111111111, 0.1111111111111111, 0.1111111111111111, 0.1111111111111111, 0.1111111111111111, 0.1111111111111111, 0.1111111111111111]",85617.15603184095,85617.15603184095,2912.367679800311,14496.670095943824,0.16549850000592414,1.8189894035458565e-12,289,0.0,0.02,0.8,0.0,0,0.0,False,08ad55a129c188b78a6bf379ee5514cf466d54acf150f52d0326740697aa261f
2025-09-10,252,6,q4_3,B0,FORMAL_BACKUP,q4-inheritance-v2,delivery,10740.944988814597,9,"[247, 212, 220, 246, 230, 216, 209, 210, 235]","[0.1111111111111111, 0.1111111111111111, 0.1111111111111111, 0.1111111111111111, 0.1111111111111111, 0.1111111111111111, 0.1111111111111111, 0.1111111111111111, 0.1111111111111111]",73114.95026615671,73114.95026615671,2996.9999934624375,14984.99996731219,0.10669190000044182,3.637978807091713e-12,253,0.0,0.02,0.8,1866.2264939814822,0,0.0,False,08ad55a129c188b78a6bf379ee5514cf466d54acf150f52d0326740697aa261f
2025-09-10,252,12,q4_3,B0,FORMAL_BACKUP,q4-inheritance-v2,delivery,8413.400040072644,9,"[247, 212, 220, 246, 230, 216, 209, 210, 235]","[0.1111111111111111, 0.1111111111111111, 0.1111111111111111, 0.1111111111111111, 0.1111111111111111, 0.1111111111111111, 0.1111111111111111, 0.1111111111111111, 0.1111111111111111]",72159.64355050001,72159.64355050001,1649.8428415454,8249.214207727002,0.0837928999972064,1.8189894035458565e-12,217,0.0,0.02,0.8,2103.3298485264736,0,0.0,False,08ad55a129c188b78a6bf379ee5514cf466d54acf150f52d0326740697aa261f
2025-09-10,252,18,q4_3,B0,FORMAL_BACKUP,q4-inheritance-v2,delivery,10454.649385093433,9,"[247, 212, 220, 246, 230, 216, 209, 210, 235]","[0.1111111111111111, 0.1111111111111111, 0.1111111111111111, 0.1111111111111111, 0.1111111111111111, 0.1111111111111111, 0.1111111111111111, 0.1111111111111111, 0.1111111111111111]",57608.33378816064,57608.33378816064,15.327610893055667,76.63805446527834,0.07864730000437703,9.094947017729282e-13,181,0.0,0.02,0.8,23.082053861113994,0,0.0,False,08ad55a129c188b78a6bf379ee5514cf466d54acf150f52d0326740697aa261f
2025-09-11,253,0,q4_3,B0,FORMAL_BACKUP,q4-inheritance-v2,delivery,5176.367400218672,9,"[247, 212, 220, 246, 250, 237, 209, 210, 235]","[0.1111111111111111, 0.1111111111111111, 0.1111111111111111, 0.1111111111111111, 0.1111111111111111, 0.1111111111111111, 0.1111111111111111, 0.1111111111111111, 0.1111111111111111]",66016.05466709008,66016.05466709008,2610.9358578614015,13054.67928930701,0.2179327000048943,1.0913936421275139e-11,289,0.0,0.02,0.8,0.0,0,0.0,False,08ad55a129c188b78a6bf379ee5514cf466d54acf150f52d0326740697aa261f
2025-09-11,253,6,q4_3,B0,FORMAL_BACKUP,q4-inheritance-v2,delivery,10079.211056780467,9,"[247, 212, 220, 246, 250, 237, 209, 210, 235]","[0.1111111111111111, 0.1111111111111111, 0.1111111111111111, 0.1111111111111111, 0.1111111111111111, 0.1111111111111111, 0.1111111111111111, 0.1111111111111111, 0.1111111111111111]",53352.11275507044,53352.11275507044,2219.6784958675726,11098.392479337863,0.11649040000338573,1.0913936421275139e-11,253,0.0,0.02,0.8,4715.906369992053,0,0.0,False,08ad55a129c188b78a6bf379ee5514cf466d54acf150f52d0326740697aa261f
2025-09-11,253,12,q4_3,B0,FORMAL_BACKUP,q4-inheritance-v2,delivery,7307.937416705611,9,"[247, 212, 220, 246, 250, 237, 209, 210, 235]","[0.1111111111111111, 0.1111111111111111, 0.1111111111111111, 0.1111111111111111, 0.1111111111111111, 0.1111111111111111, 0.1111111111111111, 0.1111111111111111, 0.1111111111111111]",49337.803207783276,49337.803207783276,683.979884655574,3419.8994232778705,0.10622279999370221,1.8189894035458565e-12,217,0.0,0.02,0.8,3592.5249192901274,0,0.0,False,08ad55a129c188b78a6bf379ee5514cf466d54acf150f52d0326740697aa261f
2025-09-11,253,18,q4_3,B0,FORMAL_BACKUP,q4-inheritance-v2,delivery,10800.0,9,"[247, 212, 220, 246, 250, 237, 209, 210, 235]","[0.1111111111111111, 0.1111111111111111, 0.1111111111111111, 0.1111111111111111, 0.1111111111111111, 0.1111111111111111, 0.1111111111111111, 0.1111111111111111, 0.1111111111111111]",35897.353918661385,35897.353918661385,204.3345124160415,1021.6725620802075,0.057047800000873394,1.8189894035458565e-12,181,0.0,0.02,0.8,0.0,0,0.0,False,08ad55a129c188b78a6bf379ee5514cf466d54acf150f52d0326740697aa261f
2025-09-12,254,0,q4_3,B0,FORMAL_BACKUP,q4-inheritance-v2,delivery,4682.00864393291,9,"[247, 212, 220, 246, 250, 237, 238, 210, 235]","[0.1111111111111111, 0.1111111111111111, 0.1111111111111111, 0.1111111111111111, 0.1111111111111111, 0.1111111111111111, 0.1111111111111111, 0.1111111111111111, 0.1111111111111111]",41353.593682969986,41353.593682969986,2193.4796617466177,10967.398308733089,0.17829119999078102,1.8189894035458565e-12,289,0.0,0.02,0.8,0.0,0,0.0,False,08ad55a129c188b78a6bf379ee5514cf466d54acf150f52d0326740697aa261f
2025-09-12,254,6,q4_3,B0,FORMAL_BACKUP,q4-inheritance-v2,delivery,8272.743678743884,9,"[247, 212, 220, 246, 250, 237, 238, 210, 235]","[0.1111111111111111, 0.1111111111111111, 0.1111111111111111, 0.1111111111111111, 0.1111111111111111, 0.1111111111111111, 0.1111111111111111, 0.1111111111111111, 0.1111111111111111]",34082.63086449936,34082.63086449936,1689.2197663403213,8446.098831701609,0.11454500000400003,1.8189894035458565e-12,253,0.0,0.02,0.8,2.4868995751603507e-12,0,0.0,False,08ad55a129c188b78a6bf379ee5514cf466d54acf150f52d0326740697aa261f
2025-09-12,254,12,q4_3,B0,FORMAL_BACKUP,q4-inheritance-v2,delivery,10800.0,9,"[247, 212, 220, 246, 250, 237, 238, 210, 235]","[0.1111111111111111, 0.1111111111111111, 0.1111111111111111, 0.1111111111111111, 0.1111111111111111, 0.1111111111111111, 0.1111111111111111, 0.1111111111111111, 0.1111111111111111]",34947.60320388471,34947.60320388471,1452.0293247316795,7260.146623658398,0.0871290999930352,1.8189894035458565e-12,217,0.0,0.02,0.8,2.2737367544323206e-13,0,0.0,False,08ad55a129c188b78a6bf379ee5514cf466d54acf150f52d0326740697aa261f
2025-09-12,254,18,q4_3,B0,FORMAL_BACKUP,q4-inheritance-v2,delivery,10800.0,9,"[247, 212, 220, 246, 250, 237, 238, 210, 235]","[0.1111111111111111, 0.1111111111111111, 0.1111111111111111, 0.1111111111111111, 0.1111111111111111, 0.1111111111111111, 0.1111111111111111, 0.1111111111111111, 0.1111111111111111]",28817.032494082217,28817.032494082217,728.6342586029477,3643.1712930147396,0.06972559999849182,1.8189894035458565e-12,181,0.0,0.02,0.8,7.958078640513122e-13,0,0.0,False,08ad55a129c188b78a6bf379ee5514cf466d54acf150f52d0326740697aa261f
2025-09-13,255,0,q4_3,B0,FORMAL_BACKUP,q4-inheritance-v2,delivery,7234.287870986125,9,"[247, 212, 220, 246, 229, 217, 225, 239, 235]","[0.1111111111111111, 0.1111111111111111, 0.1111111111111111, 0.1111111111111111, 0.1111111111111111, 0.1111111111111111, 0.1111111111111111, 0.1111111111111111, 0.1111111111111111]",44888.06177964212,44888.06177964212,1796.2500566630906,8981.250283315456,0.22452000000339467,9.094947017729282e-13,289,0.0,0.02,0.8,0.0,0,0.0,False,08ad55a129c188b78a6bf379ee5514cf466d54acf150f52d0326740697aa261f
2025-09-13,255,6,q4_3,B0,FORMAL_BACKUP,q4-inheritance-v2,delivery,5386.201211979037,9,"[247, 212, 220, 246, 229, 217, 225, 239, 235]","[0.1111111111111111, 0.1111111111111111, 0.1111111111111111, 0.1111111111111111, 0.1111111111111111, 0.1111111111111111, 0.1111111111111111, 0.1111111111111111, 0.1111111111111111]",40328.57625893181,40328.57625893181,1799.7099545824917,8998.54977291246,0.07381110001006164,1.8189894035458565e-12,253,0.0,0.02,0.8,2.9416469260468148e-12,0,0.0,False,08ad55a129c188b78a6bf379ee5514cf466d54acf150f52d0326740697aa261f
2025-09-13,255,12,q4_3,B0,FORMAL_BACKUP,q4-inheritance-v2,delivery,10800.0,9,"[247, 212, 220, 246, 229, 217, 225, 239, 235]","[0.1111111111111111, 0.1111111111111111, 0.1111111111111111, 0.1111111111111111, 0.1111111111111111, 0.1111111111111111, 0.1111111111111111, 0.1111111111111111, 0.1111111111111111]",40292.136829550356,40292.136829550356,1111.499020849789,5557.4951042489465,0.09616269999241922,1.8189894035458565e-12,217,0.0,0.02,0.8,0.0,0,0.0,False,08ad55a129c188b78a6bf379ee5514cf466d54acf150f52d0326740697aa261f
2025-09-13,255,18,q4_3,B0,FORMAL_BACKUP,q4-inheritance-v2,delivery,10800.0,9,"[247, 212, 220, 246, 229, 217, 225, 239, 235]","[0.1111111111111111, 0.1111111111111111, 0.1111111111111111, 0.1111111111111111, 0.1111111111111111, 0.1111111111111111, 0.1111111111111111, 0.1111111111111111, 0.1111111111111111]",44398.99376499685,44398.99376499685,353.8809037679025,1769.404518839513,0.08464790000289213,9.094947017729282e-13,181,0.0,0.02,0.8,0.0,0,0.0,False,08ad55a129c188b78a6bf379ee5514cf466d54acf150f52d0326740697aa261f
2025-09-14,256,0,q4_3,B0,FORMAL_BACKUP,q4-inheritance-v2,delivery,8842.434578895994,9,"[247, 212, 220, 246, 229, 222, 251, 239, 235]","[0.1111111111111111, 0.1111111111111111, 0.1111111111111111, 0.1111111111111111, 0.1111111111111111, 0.1111111111111111, 0.1111111111111111, 0.1111111111111111, 0.1111111111111111]",67240.55193328195,67240.55193328195,3638.0014978262884,18190.007489131443,0.19835009999223985,1.8189894035458565e-12,289,0.0,0.02,0.8,0.0,0,0.0,False,08ad55a129c188b78a6bf379ee5514cf466d54acf150f52d0326740697aa261f
2025-09-14,256,6,q4_3,B0,FORMAL_BACKUP,q4-inheritance-v2,delivery,9217.271990321326,9,"[247, 212, 220, 246, 229, 222, 251, 239, 235]","[0.1111111111111111, 0.1111111111111111, 0.1111111111111111, 0.1111111111111111, 0.1111111111111111, 0.1111111111111111, 0.1111111111111111, 0.1111111111111111, 0.1111111111111111]",57144.42717100621,57144.42717100621,2993.601086407645,14968.00543203823,0.11414649999642279,1.8189894035458565e-12,253,0.0,0.02,0.8,617.3583055555584,0,0.0,False,08ad55a129c188b78a6bf379ee5514cf466d54acf150f52d0326740697aa261f
2025-09-14,256,12,q4_3,B0,FORMAL_BACKUP,q4-inheritance-v2,delivery,6033.192123185021,9,"[247, 212, 220, 246, 229, 222, 251, 239, 235]","[0.1111111111111111, 0.1111111111111111, 0.1111111111111111, 0.1111111111111111, 0.1111111111111111, 0.1111111111111111, 0.1111111111111111, 0.1111111111111111, 0.1111111111111111]",54234.52931733019,54234.52931733019,1292.8339561545567,6464.169780772784,0.0760811000072863,1.8189894035458565e-12,217,0.0,0.02,0.8,714.1578819814794,0,0.0,False,08ad55a129c188b78a6bf379ee5514cf466d54acf150f52d0326740697aa261f
2025-09-14,256,18,q4_3,B0,FORMAL_BACKUP,q4-inheritance-v2,delivery,9950.83372142691,9,"[247, 212, 220, 246, 229, 222, 251, 239, 235]","[0.1111111111111111, 0.1111111111111111, 0.1111111111111111, 0.1111111111111111, 0.1111111111111111, 0.1111111111111111, 0.1111111111111111, 0.1111111111111111, 0.1111111111111111]",46031.5128507983,46031.5128507983,907.8929181300526,4539.464590650264,0.07730029999220278,1.8189894035458565e-12,181,0.0,0.02,0.8,2.842170943040401e-14,0,0.0,False,08ad55a129c188b78a6bf379ee5514cf466d54acf150f52d0326740697aa261f
2025-09-15,257,0,q4_3,B0,FORMAL_BACKUP,q4-inheritance-v2,delivery,3379.016177940951,9,"[247, 233, 220, 246, 229, 222, 251, 239, 235]","[0.1111111111111111, 0.1111111111111111, 0.1111111111111111, 0.1111111111111111, 0.1111111111111111, 0.1111111111111111, 0.1111111111111111, 0.1111111111111111, 0.1111111111111111]",78548.72512592677,78548.72512592677,3412.450729567962,17062.25364783981,0.1957576999993762,3.637978807091713e-12,289,0.0,0.02,0.8,0.0,0,0.0,False,08ad55a129c188b78a6bf379ee5514cf466d54acf150f52d0326740697aa261f
2025-09-15,257,6,q4_3,B0,FORMAL_BACKUP,q4-inheritance-v2,delivery,9716.216903314571,9,"[247, 233, 220, 246, 229, 222, 251, 239, 235]","[0.1111111111111111, 0.1111111111111111, 0.1111111111111111, 0.1111111111111111, 0.1111111111111111, 0.1111111111111111, 0.1111111111111111, 0.1111111111111111, 0.1111111111111111]",68713.17968516436,68713.17968516436,5194.319071633997,25971.59535816999,0.12105100000917446,1.8189894035458565e-12,253,0.0,0.02,0.8,2.1742607714259066e-12,0,0.0,False,08ad55a129c188b78a6bf379ee5514cf466d54acf150f52d0326740697aa261f
2025-09-15,257,12,q4_3,B0,FORMAL_BACKUP,q4-inheritance-v2,delivery,6799.899029441043,9,"[247, 233, 220, 246, 229, 222, 251, 239, 235]","[0.1111111111111111, 0.1111111111111111, 0.1111111111111111, 0.1111111111111111, 0.1111111111111111, 0.1111111111111111, 0.1111111111111111, 0.1111111111111111, 0.1111111111111111]",65023.22168926106,65023.22168926106,2025.7151801723169,10128.575900861586,0.10653039999306202,3.637978807091713e-12,217,0.0,0.02,0.8,0.0,0,0.0,False,08ad55a129c188b78a6bf379ee5514cf466d54acf150f52d0326740697aa261f
2025-09-15,257,18,q4_3,B0,FORMAL_BACKUP,q4-inheritance-v2,delivery,10488.5881390359,9,"[247, 233, 220, 246, 229, 222, 251, 239, 235]","[0.1111111111111111, 0.1111111111111111, 0.1111111111111111, 0.1111111111111111, 0.1111111111111111, 0.1111111111111111, 0.1111111111111111, 0.1111111111111111, 0.1111111111111111]",56492.926372613365,56492.926372613365,517.6480959628038,2588.240479814019,0.08492959999421146,1.8189894035458565e-12,181,0.0,0.02,0.8,1.1368683772161603e-13,0,0.0,False,08ad55a129c188b78a6bf379ee5514cf466d54acf150f52d0326740697aa261f
2025-09-16,258,0,q4_3,B0,FORMAL_BACKUP,q4-inheritance-v2,delivery,4677.793237277799,9,"[247, 233, 244, 246, 229, 222, 251, 239, 235]","[0.1111111111111111, 0.1111111111111111, 0.1111111111111111, 0.1111111111111111, 0.1111111111111111, 0.1111111111111111, 0.1111111111111111, 0.1111111111111111, 0.1111111111111111]",84275.88292888491,84275.88292888491,3530.2731820622,17610.273097338824,0.21347859999514185,3.637978807091713e-12,289,0.0,0.02,0.8,0.0,0,0.0,False,08ad55a129c188b78a6bf379ee5514cf466d54acf150f52d0326740697aa261f
2025-09-16,258,6,q4_3,B0,FORMAL_BACKUP,q4-inheritance-v2,delivery,10335.329272428049,9,"[247, 233, 244, 246, 229, 222, 251, 239, 235]","[0.1111111111111111, 0.1111111111111111, 0.1111111111111111, 0.1111111111111111, 0.1111111111111111, 0.1111111111111111, 0.1111111111111111, 0.1111111111111111, 0.1111111111111111]",71954.64128177786,71954.64128177786,3442.2086769261987,17211.043384630997,0.12259920001088176,9.094947017729282e-13,253,0.0,0.02,0.8,526.640014444446,0,0.0,False,08ad55a129c188b78a6bf379ee5514cf466d54acf150f52d0326740697aa261f
2025-09-16,258,12,q4_3,B0,FORMAL_BACKUP,q4-inheritance-v2,delivery,8142.066652903212,9,"[247, 233, 244, 246, 229, 222, 251, 239, 235]","[0.1111111111111111, 0.1111111111111111, 0.1111111111111111, 0.1111111111111111, 0.1111111111111111, 0.1111111111111111, 0.1111111111111111, 0.1111111111111111, 0.1111111111111111]",65779.23010919012,65779.23010919012,833.5075021802649,4167.537510901325,0.11134989999118261,1.8189894035458565e-12,217,0.0,0.02,0.8,5753.425974753091,0,0.0,False,08ad55a129c188b78a6bf379ee5514cf466d54acf150f52d0326740697aa261f
2025-09-16,258,18,q4_3,B0,FORMAL_BACKUP,q4-inheritance-v2,delivery,10566.587634719579,9,"[247, 233, 244, 246, 229, 222, 251, 239, 235]","[0.1111111111111111, 0.1111111111111111, 0.1111111111111111, 0.1111111111111111, 0.1111111111111111, 0.1111111111111111, 0.1111111111111111, 0.1111111111111111, 0.1111111111111111]",55684.909580098494,55684.909580098494,210.05224996626654,1050.2612498313329,0.08501759999489877,1.8189894035458565e-12,181,0.0,0.02,0.8,2.842170943040401e-14,0,0.0,False,08ad55a129c188b78a6bf379ee5514cf466d54acf150f52d0326740697aa261f
2025-09-17,259,0,q4_3,B0,FORMAL_BACKUP,q4-inheritance-v2,delivery,4810.711127835538,9,"[247, 233, 244, 246, 229, 222, 251, 239, 221]","[0.1111111111111111, 0.1111111111111111, 0.1111111111111111, 0.1111111111111111, 0.1111111111111111, 0.1111111111111111, 0.1111111111111111, 0.1111111111111111, 0.1111111111111111]",82951.8971747349,82951.8971747349,3198.4546397568174,15992.27319878409,0.2416674999985844,3.637978807091713e-12,289,0.0,0.02,0.8,0.0,0,0.0,False,08ad55a129c188b78a6bf379ee5514cf466d54acf150f52d0326740697aa261f
2025-09-17,259,6,q4_3,B0,FORMAL_BACKUP,q4-inheritance-v2,delivery,10800.0,9,"[247, 233, 244, 246, 229, 222, 251, 239, 221]","[0.1111111111111111, 0.1111111111111111, 0.1111111111111111, 0.1111111111111111, 0.1111111111111111, 0.1111111111111111, 0.1111111111111111, 0.1111111111111111, 0.1111111111111111]",70121.11711844159,70121.11711844159,2783.498133016913,13877.070536060792,0.11230609999620356,1.8189894035458565e-12,253,0.0,0.02,0.8,632.3249805555573,0,0.0,False,08ad55a129c188b78a6bf379ee5514cf466d54acf150f52d0326740697aa261f
2025-09-17,259,12,q4_3,B0,FORMAL_BACKUP,q4-inheritance-v2,delivery,6117.752266115059,9,"[247, 233, 244, 246, 229, 222, 251, 239, 221]","[0.1111111111111111, 0.1111111111111111, 0.1111111111111111, 0.1111111111111111, 0.1111111111111111, 0.1111111111111111, 0.1111111111111111, 0.1111111111111111, 0.1111111111111111]",70734.70122463512,70734.70122463512,661.2593136042452,3306.296568021227,0.07549859999562614,1.8189894035458565e-12,217,0.0,0.02,0.8,687.5045755123524,0,0.0,False,08ad55a129c188b78a6bf379ee5514cf466d54acf150f52d0326740697aa261f
2025-09-17,259,18,q4_3,B0,FORMAL_BACKUP,q4-inheritance-v2,delivery,10737.179006992319,9,"[247, 233, 244, 246, 229, 222, 251, 239, 221]","[0.1111111111111111, 0.1111111111111111, 0.1111111111111111, 0.1111111111111111, 0.1111111111111111, 0.1111111111111111, 0.1111111111111111, 0.1111111111111111, 0.1111111111111111]",51333.19136994787,51333.19136994787,60.162707153241044,300.8135357662053,0.07126090000383556,9.094947017729282e-13,181,0.0,0.02,0.8,195.13011911110914,0,0.0,False,08ad55a129c188b78a6bf379ee5514cf466d54acf150f52d0326740697aa261f
2025-09-18,260,0,q4_3,B0,FORMAL_BACKUP,q4-inheritance-v2,delivery,4612.830867310676,9,"[240, 233, 244, 246, 229, 217, 225, 239, 221]","[0.1111111111111111, 0.1111111111111111, 0.1111111111111111, 0.1111111111111111, 0.1111111111111111, 0.1111111111111111, 0.1111111111111111, 0.1111111111111111, 0.1111111111111111]",58773.61370913649,58773.61370913649,3153.6812113954684,15768.406056977345,0.19487769999250304,1.8189894035458565e-12,289,0.0,0.02,0.8,0.0,0,0.0,False,08ad55a129c188b78a6bf379ee5514cf466d54acf150f52d0326740697aa261f
2025-09-18,260,6,q4_3,B0,FORMAL_BACKUP,q4-inheritance-v2,delivery,10599.526606440062,9,"[240, 233, 244, 246, 229, 217, 225, 239, 221]","[0.1111111111111111, 0.1111111111111111, 0.1111111111111111, 0.1111111111111111, 0.1111111111111111, 0.1111111111111111, 0.1111111111111111, 0.1111111111111111, 0.1111111111111111]",51328.56889137509,51328.56889137509,5582.894202881616,27685.622361779417,0.12796099999104626,1.8189894035458565e-12,253,0.0,0.02,0.8,2061.216236932112,0,0.0,False,08ad55a129c188b78a6bf379ee5514cf466d54acf150f52d0326740697aa261f
2025-09-18,260,12,q4_3,B0,FORMAL_BACKUP,q4-inheritance-v2,delivery,5269.208056865089,9,"[240, 233, 244, 246, 229, 217, 225, 239, 221]","[0.1111111111111111, 0.1111111111111111, 0.1111111111111111, 0.1111111111111111, 0.1111111111111111, 0.1111111111111111, 0.1111111111111111, 0.1111111111111111, 0.1111111111111111]",46880.4254400752,46880.4254400752,2742.4174586745935,13712.08729337297,0.1082042000052752,3.637978807091713e-12,217,0.0,0.02,0.8,1359.2157395784732,0,0.0,False,08ad55a129c188b78a6bf379ee5514cf466d54acf150f52d0326740697aa261f
2025-09-18,260,18,q4_3,B0,FORMAL_BACKUP,q4-inheritance-v2,delivery,10530.821885169162,9,"[240, 233, 244, 246, 229, 217, 225, 239, 221]","[0.1111111111111111, 0.1111111111111111, 0.1111111111111111, 0.1111111111111111, 0.1111111111111111, 0.1111111111111111, 0.1111111111111111, 0.1111111111111111, 0.1111111111111111]",35342.86031013982,35342.86031013982,443.30257548813773,2216.512877440689,0.08104579999053385,9.094947017729282e-13,181,0.0,0.02,0.8,0.0,0,0.0,False,08ad55a129c188b78a6bf379ee5514cf466d54acf150f52d0326740697aa261f
2025-09-19,261,0,q4_3,B0,FORMAL_BACKUP,q4-inheritance-v2,delivery,3560.0914148872344,9,"[247, 233, 244, 246, 252, 222, 225, 239, 221]","[0.1111111111111111, 0.1111111111111111, 0.1111111111111111, 0.1111111111111111, 0.1111111111111111, 0.1111111111111111, 0.1111111111111111, 0.1111111111111111, 0.1111111111111111]",39500.48036490934,39500.48036490934,1942.5237307228354,9712.618653614178,0.13291269999172073,3.637978807091713e-12,289,0.0,0.02,0.8,0.0,0,0.0,False,08ad55a129c188b78a6bf379ee5514cf466d54acf150f52d0326740697aa261f
2025-09-19,261,6,q4_3,B0,FORMAL_BACKUP,q4-inheritance-v2,delivery,7883.898829335529,9,"[247, 233, 244, 246, 252, 222, 225, 239, 221]","[0.1111111111111111, 0.1111111111111111, 0.1111111111111111, 0.1111111111111111, 0.1111111111111111, 0.1111111111111111, 0.1111111111111111, 0.1111111111111111, 0.1111111111111111]",32587.54667320971,32587.54667320971,1749.803868310895,8749.019341554476,0.0947732999920845,1.8189894035458565e-12,253,0.0,0.02,0.8,2.9984903449076228e-12,0,0.0,False,08ad55a129c188b78a6bf379ee5514cf466d54acf150f52d0326740697aa261f
2025-09-19,261,12,q4_3,B0,FORMAL_BACKUP,q4-inheritance-v2,delivery,10800.0,9,"[247, 233, 244, 246, 252, 222, 225, 239, 221]","[0.1111111111111111, 0.1111111111111111, 0.1111111111111111, 0.1111111111111111, 0.1111111111111111, 0.1111111111111111, 0.1111111111111111, 0.1111111111111111, 0.1111111111111111]",31830.81460969942,31830.81460969942,1148.9016448367083,5744.508224183542,0.09874119999585673,1.8189894035458565e-12,217,0.0,0.02,0.8,0.0,0,0.0,False,08ad55a129c188b78a6bf379ee5514cf466d54acf150f52d0326740697aa261f
2025-09-19,261,18,q4_3,B0,FORMAL_BACKUP,q4-inheritance-v2,delivery,10800.0,9,"[247, 233, 244, 246, 252, 222, 225, 239, 221]","[0.1111111111111111, 0.1111111111111111, 0.1111111111111111, 0.1111111111111111, 0.1111111111111111, 0.1111111111111111, 0.1111111111111111, 0.1111111111111111, 0.1111111111111111]",26776.85220884134,26776.85220884134,498.6352631109738,2493.1763155548697,0.08190669999748934,9.094947017729282e-13,181,0.0,0.02,0.8,0.0,0,0.0,False,08ad55a129c188b78a6bf379ee5514cf466d54acf150f52d0326740697aa261f
2025-09-20,262,0,q4_3,B0,FORMAL_BACKUP,q4-inheritance-v2,delivery,8990.291098893897,9,"[247, 233, 244, 246, 218, 231, 225, 239, 221]","[0.1111111111111111, 0.1111111111111111, 0.1111111111111111, 0.1111111111111111, 0.1111111111111111, 0.1111111111111111, 0.1111111111111111, 0.1111111111111111, 0.1111111111111111]",43413.395801703846,43413.395801703846,1584.4331952539903,7922.165976269954,0.18987109999579843,1.8189894035458565e-12,289,0.0,0.02,0.8,0.0,0,0.0,False,08ad55a129c188b78a6bf379ee5514cf466d54acf150f52d0326740697aa261f
2025-09-20,262,6,q4_3,B0,FORMAL_BACKUP,q4-inheritance-v2,delivery,5485.919540119808,9,"[247, 233, 244, 246, 218, 231, 225, 239, 221]","[0.1111111111111111, 0.1111111111111111, 0.1111111111111111, 0.1111111111111111, 0.1111111111111111, 0.1111111111111111, 0.1111111111111111, 0.1111111111111111, 0.1111111111111111]",39161.19221871534,39161.19221871534,1269.1996094581473,6345.998047290738,0.10865880000346806,1.8189894035458565e-12,253,0.0,0.02,0.8,2.4300561562995426e-12,0,0.0,False,08ad55a129c188b78a6bf379ee5514cf466d54acf150f52d0326740697aa261f
2025-09-20,262,12,q4_3,B0,FORMAL_BACKUP,q4-inheritance-v2,delivery,10800.0,9,"[247, 233, 244, 246, 218, 231, 225, 239, 221]","[0.1111111111111111, 0.1111111111111111, 0.1111111111111111, 0.1111111111111111, 0.1111111111111111, 0.1111111111111111, 0.1111111111111111, 0.1111111111111111, 0.1111111111111111]",38505.68420469527,38505.68420469527,940.86570260404,4704.328513020201,0.11365559999831021,1.8189894035458565e-12,217,0.0,0.02,0.8,0.0,0,0.0,False,08ad55a129c188b78a6bf379ee5514cf466d54acf150f52d0326740697aa261f
2025-09-20,262,18,q4_3,B0,FORMAL_BACKUP,q4-inheritance-v2,delivery,10800.0,9,"[247, 233, 244, 246, 218, 231, 225, 239, 221]","[0.1111111111111111, 0.1111111111111111, 0.1111111111111111, 0.1111111111111111, 0.1111111111111111, 0.1111111111111111, 0.1111111111111111, 0.1111111111111111, 0.1111111111111111]",33693.231196917644,33693.231196917644,341.4213754159121,1707.106877079561,0.08008910001080949,1.8189894035458565e-12,181,0.0,0.02,0.8,0.0,0,0.0,False,08ad55a129c188b78a6bf379ee5514cf466d54acf150f52d0326740697aa261f
2025-09-21,263,0,q4_3,B0,FORMAL_BACKUP,q4-inheritance-v2,delivery,9129.67328266023,9,"[247, 233, 244, 246, 252, 222, 257, 239, 221]","[0.1111111111111111, 0.1111111111111111, 0.1111111111111111, 0.1111111111111111, 0.1111111111111111, 0.1111111111111111, 0.1111111111111111, 0.1111111111111111, 0.1111111111111111]",63548.24748374614,63548.24748374614,2878.5204889503266,14392.602444751634,0.1891237999952864,1.0913936421275139e-11,289,0.0,0.02,0.8,0.0,0,0.0,False,08ad55a129c188b78a6bf379ee5514cf466d54acf150f52d0326740697aa261f
2025-09-21,263,6,q4_3,B0,FORMAL_BACKUP,q4-inheritance-v2,delivery,8001.447794994548,9,"[247, 233, 244, 246, 252, 222, 257, 239, 221]","[0.1111111111111111, 0.1111111111111111, 0.1111111111111111, 0.1111111111111111, 0.1111111111111111, 0.1111111111111111, 0.1111111111111111, 0.1111111111111111, 0.1111111111111111]",55927.52407068235,55927.52407068235,3789.031219835697,18945.15609917849,0.10923070000717416,1.8189894035458565e-12,253,0.0,0.02,0.8,2.5563995365018854e-12,0,0.0,False,08ad55a129c188b78a6bf379ee5514cf466d54acf150f52d0326740697aa261f
2025-09-21,263,12,q4_3,B0,FORMAL_BACKUP,q4-inheritance-v2,delivery,4610.2482903390755,9,"[247, 233, 244, 246, 252, 222, 257, 239, 221]","[0.1111111111111111, 0.1111111111111111, 0.1111111111111111, 0.1111111111111111, 0.1111111111111111, 0.1111111111111111, 0.1111111111111111, 0.1111111111111111, 0.1111111111111111]",53188.61480960657,53188.61480960657,2139.4051119320475,10697.02555966024,0.10544570001366083,1.8189894035458565e-12,217,0.0,0.02,0.8,4.2984861111110675,0,0.0,False,08ad55a129c188b78a6bf379ee5514cf466d54acf150f52d0326740697aa261f
2025-09-21,263,18,q4_3,B0,FORMAL_BACKUP,q4-inheritance-v2,delivery,8995.0595390436,9,"[247, 233, 244, 246, 252, 222, 257, 239, 221]","[0.1111111111111111, 0.1111111111111111, 0.1111111111111111, 0.1111111111111111, 0.1111111111111111, 0.1111111111111111, 0.1111111111111111, 0.1111111111111111, 0.1111111111111111]",45484.51842090285,45484.51842090285,1445.4586576584534,7123.802944981156,0.0833349000022281,1.8189894035458565e-12,181,0.0,0.02,0.8,76.93558326641369,0,0.0,False,08ad55a129c188b78a6bf379ee5514cf466d54acf150f52d0326740697aa261f
2025-09-22,264,0,q4_3,B0,FORMAL_BACKUP,q4-inheritance-v2,delivery,2660.80403493398,9,"[261, 233, 244, 246, 252, 222, 257, 239, 221]","[0.1111111111111111, 0.1111111111111111, 0.1111111111111111, 0.1111111111111111, 0.1111111111111111, 0.1111111111111111, 0.1111111111111111, 0.1111111111111111, 0.1111111111111111]",85913.42380573852,85913.42380573852,2795.0287689108422,13975.143844554212,0.19745000000693835,3.637978807091713e-12,289,0.0,0.02,0.8,0.0,0,0.0,False,08ad55a129c188b78a6bf379ee5514cf466d54acf150f52d0326740697aa261f
2025-09-22,264,6,q4_3,B0,FORMAL_BACKUP,q4-inheritance-v2,delivery,10331.673844513762,9,"[261, 233, 244, 246, 252, 222, 257, 239, 221]","[0.1111111111111111, 0.1111111111111111, 0.1111111111111111, 0.1111111111111111, 0.1111111111111111, 0.1111111111111111, 0.1111111111111111, 0.1111111111111111, 0.1111111111111111]",71039.77973101709,71039.77973101709,1631.0158678706512,8128.804472113664,0.12454410000646021,1.8189894035458565e-12,253,0.0,0.02,0.8,1650.7089190740778,0,0.0,False,08ad55a129c188b78a6bf379ee5514cf466d54acf150f52d0326740697aa261f
2025-09-22,264,12,q4_3,B0,FORMAL_BACKUP,q4-inheritance-v2,delivery,7405.650162493036,9,"[261, 233, 244, 246, 252, 222, 257, 239, 221]","[0.1111111111111111, 0.1111111111111111, 0.1111111111111111, 0.1111111111111111, 0.1111111111111111, 0.1111111111111111, 0.1111111111111111, 0.1111111111111111, 0.1111111111111111]",68016.23014111986,68016.23014111986,214.62462728149688,1073.1231364074847,0.10607799999706913,1.8189894035458565e-12,217,0.0,0.02,0.8,1154.127434722221,0,0.0,False,08ad55a129c188b78a6bf379ee5514cf466d54acf150f52d0326740697aa261f
2025-09-22,264,18,q4_3,B0,FORMAL_BACKUP,q4-inheritance-v2,delivery,10738.372202752396,9,"[261, 233, 244, 246, 252, 222, 257, 239, 221]","[0.1111111111111111, 0.1111111111111111, 0.1111111111111111, 0.1111111111111111, 0.1111111111111111, 0.1111111111111111, 0.1111111111111111, 0.1111111111111111, 0.1111111111111111]",53354.0170563503,53354.0170563503,68.41407284799398,337.3287650436736,0.08154489999287762,1.8189894035458565e-12,181,0.0,0.02,0.8,351.7951198888893,0,0.0,False,08ad55a129c188b78a6bf379ee5514cf466d54acf150f52d0326740697aa261f
2025-09-23,265,0,q4_3,B0,FORMAL_BACKUP,q4-inheritance-v2,delivery,4871.447134871259,9,"[261, 233, 255, 258, 229, 262, 257, 239, 221]","[0.1111111111111111, 0.1111111111111111, 0.1111111111111111, 0.1111111111111111, 0.1111111111111111, 0.1111111111111111, 0.1111111111111111, 0.1111111111111111, 0.1111111111111111]",89546.49930931491,89546.49930931491,3305.7323549109174,16528.66177455459,0.1936549000092782,1.8189894035458565e-12,289,0.0,0.02,0.8,0.0,0,0.0,False,08ad55a129c188b78a6bf379ee5514cf466d54acf150f52d0326740697aa261f
2025-09-23,265,6,q4_3,B0,FORMAL_BACKUP,q4-inheritance-v2,delivery,10800.0,9,"[261, 233, 255, 258, 229, 262, 257, 239, 221]","[0.1111111111111111, 0.1111111111111111, 0.1111111111111111, 0.1111111111111111, 0.1111111111111111, 0.1111111111111111, 0.1111111111111111, 0.1111111111111111, 0.1111111111111111]",77185.62474195324,77185.62474195324,2825.9168474546404,14129.584237273202,0.11082509999687318,1.8189894035458565e-12,253,0.0,0.02,0.8,17.48296694444946,0,0.0,False,08ad55a129c188b78a6bf379ee5514cf466d54acf150f52d0326740697aa261f
2025-09-23,265,12,q4_3,B0,FORMAL_BACKUP,q4-inheritance-v2,delivery,7736.330780535785,9,"[261, 233, 255, 258, 229, 262, 257, 239, 221]","[0.1111111111111111, 0.1111111111111111, 0.1111111111111111, 0.1111111111111111, 0.1111111111111111, 0.1111111111111111, 0.1111111111111111, 0.1111111111111111, 0.1111111111111111]",72525.44522733221,72525.44522733221,1004.8358323813203,5024.179161906602,0.10928289999719709,1.8189894035458565e-12,217,0.0,0.02,0.8,1098.2929186031606,0,0.0,False,08ad55a129c188b78a6bf379ee5514cf466d54acf150f52d0326740697aa261f
2025-09-23,265,18,q4_3,B0,FORMAL_BACKUP,q4-inheritance-v2,delivery,10740.478567499897,9,"[261, 233, 255, 258, 229, 262, 257, 239, 221]","[0.1111111111111111, 0.1111111111111111, 0.1111111111111111, 0.1111111111111111, 0.1111111111111111, 0.1111111111111111, 0.1111111111111111, 0.1111111111111111, 0.1111111111111111]",56632.31831833184,56632.31831833184,39.35621875617286,196.7810937808643,0.08391670000855811,1.8189894035458565e-12,181,0.0,0.02,0.8,73.86915595370812,0,0.0,False,08ad55a129c188b78a6bf379ee5514cf466d54acf150f52d0326740697aa261f
2025-09-24,266,0,q4_3,B0,FORMAL_BACKUP,q4-inheritance-v2,delivery,4720.888144392139,9,"[261, 233, 255, 258, 229, 262, 257, 239, 249]","[0.1111111111111111, 0.1111111111111111, 0.1111111111111111, 0.1111111111111111, 0.1111111111111111, 0.1111111111111111, 0.1111111111111111, 0.1111111111111111, 0.1111111111111111]",80980.28716758538,80980.28716758538,2016.6377048588781,10083.188524294394,0.20070789998862892,3.637978807091713e-12,289,0.0,0.02,0.8,0.0,0,0.0,False,08ad55a129c188b78a6bf379ee5514cf466d54acf150f52d0326740697aa261f
2025-09-24,266,6,q4_3,B0,FORMAL_BACKUP,q4-inheritance-v2,delivery,10303.682331786935,9,"[261, 233, 255, 258, 229, 262, 257, 239, 249]","[0.1111111111111111, 0.1111111111111111, 0.1111111111111111, 0.1111111111111111, 0.1111111111111111, 0.1111111111111111, 0.1111111111111111, 0.1111111111111111, 0.1111111111111111]",68657.91441949522,68657.91441949522,1476.9324555604007,7332.070592989505,0.1137453999981517,1.8189894035458565e-12,253,0.0,0.02,0.8,315.3692627622934,0,0.0,False,08ad55a129c188b78a6bf379ee5514cf466d54acf150f52d0326740697aa261f
2025-09-24,266,12,q4_3,B0,FORMAL_BACKUP,q4-inheritance-v2,delivery,4463.798675960739,9,"[261, 233, 255, 258, 229, 262, 257, 239, 249]","[0.1111111111111111, 0.1111111111111111, 0.1111111111111111, 0.1111111111111111, 0.1111111111111111, 0.1111111111111111, 0.1111111111111111, 0.1111111111111111, 0.1111111111111111]",68724.16230191244,68724.16230191244,1249.3025245049214,6221.922649438542,0.10285330000624526,9.094947017729282e-13,217,0.0,0.02,0.8,1740.954005548015,0,0.0,False,08ad55a129c188b78a6bf379ee5514cf466d54acf150f52d0326740697aa261f
2025-09-24,266,18,q4_3,B0,FORMAL_BACKUP,q4-inheritance-v2,delivery,10130.887780827996,9,"[261, 233, 255, 258, 229, 262, 257, 239, 249]","[0.1111111111111111, 0.1111111111111111, 0.1111111111111111, 0.1111111111111111, 0.1111111111111111, 0.1111111111111111, 0.1111111111111111, 0.1111111111111111, 0.1111111111111111]",56739.035974687125,56739.035974687125,13.606059011968888,68.03029505984445,0.07072709999920335,1.8189894035458565e-12,181,0.0,0.02,0.8,0.0,0,0.0,False,08ad55a129c188b78a6bf379ee5514cf466d54acf150f52d0326740697aa261f
2025-09-25,267,0,q4_3,B0,FORMAL_BACKUP,q4-inheritance-v2,delivery,2228.605893955844,9,"[261, 233, 255, 258, 252, 262, 257, 239, 249]","[0.1111111111111111, 0.1111111111111111, 0.1111111111111111, 0.1111111111111111, 0.1111111111111111, 0.1111111111111111, 0.1111111111111111, 0.1111111111111111, 0.1111111111111111]",64948.296031032725,64948.296031032725,2331.5830468019944,11657.915234009975,0.2328570999961812,1.8189894035458565e-12,289,0.0,0.02,0.8,0.0,0,0.0,False,08ad55a129c188b78a6bf379ee5514cf466d54acf150f52d0326740697aa261f
2025-09-25,267,6,q4_3,B0,FORMAL_BACKUP,q4-inheritance-v2,delivery,10696.3157541447,9,"[261, 233, 255, 258, 252, 262, 257, 239, 249]","[0.1111111111111111, 0.1111111111111111, 0.1111111111111111, 0.1111111111111111, 0.1111111111111111, 0.1111111111111111, 0.1111111111111111, 0.1111111111111111, 0.1111111111111111]",51527.77234715544,51527.77234715544,1286.038097053794,6364.3095378505295,0.12980340000649448,1.8189894035458565e-12,253,0.0,0.02,0.8,439.24145509166493,0,0.0,False,08ad55a129c188b78a6bf379ee5514cf466d54acf150f52d0326740697aa261f
2025-09-25,267,12,q4_3,B0,FORMAL_BACKUP,q4-inheritance-v2,delivery,8058.323097291935,9,"[261, 233, 255, 258, 252, 262, 257, 239, 249]","[0.1111111111111111, 0.1111111111111111, 0.1111111111111111, 0.1111111111111111, 0.1111111111111111, 0.1111111111111111, 0.1111111111111111, 0.1111111111111111, 0.1111111111111111]",51059.73656819303,51059.73656819303,239.66016796080532,1198.3008398040267,0.11247650001314469,1.8189894035458565e-12,217,0.0,0.02,0.8,1935.3618129320848,0,0.0,False,08ad55a129c188b78a6bf379ee5514cf466d54acf150f52d0326740697aa261f
2025-09-25,267,18,q4_3,B0,FORMAL_BACKUP,q4-inheritance-v2,delivery,10753.208289868591,9,"[261, 233, 255, 258, 252, 262, 257, 239, 249]","[0.1111111111111111, 0.1111111111111111, 0.1111111111111111, 0.1111111111111111, 0.1111111111111111, 0.1111111111111111, 0.1111111111111111, 0.1111111111111111, 0.1111111111111111]",35074.528403355405,35074.528403355405,0.0,0.0,0.07950599999458063,9.094947017729282e-13,181,0.0,0.02,0.8,124.38175636111121,0,0.0,False,08ad55a129c188b78a6bf379ee5514cf466d54acf150f52d0326740697aa261f
2025-09-26,268,0,q4_3,B0,FORMAL_BACKUP,q4-inheritance-v2,delivery,1818.952834723634,9,"[261, 233, 255, 258, 259, 262, 257, 239, 249]","[0.1111111111111111, 0.1111111111111111, 0.1111111111111111, 0.1111111111111111, 0.1111111111111111, 0.1111111111111111, 0.1111111111111111, 0.1111111111111111, 0.1111111111111111]",44561.324168547035,44561.324168547035,1224.3051927849967,6121.525963924985,0.12395320000359789,1.8189894035458565e-12,289,0.0,0.02,0.8,0.0,0,0.0,False,08ad55a129c188b78a6bf379ee5514cf466d54acf150f52d0326740697aa261f
2025-09-26,268,6,q4_3,B0,FORMAL_BACKUP,q4-inheritance-v2,delivery,9837.115642255776,9,"[261, 233, 255, 258, 259, 262, 257, 239, 249]","[0.1111111111111111, 0.1111111111111111, 0.1111111111111111, 0.1111111111111111, 0.1111111111111111, 0.1111111111111111, 0.1111111111111111, 0.1111111111111111, 0.1111111111111111]",34152.32985950397,34152.32985950397,61.53701411851856,307.68507059259287,0.08674559999781195,1.8189894035458565e-12,253,0.0,0.02,0.8,6040.212672372143,0,0.0,False,08ad55a129c188b78a6bf379ee5514cf466d54acf150f52d0326740697aa261f
2025-09-26,268,12,q4_3,B0,FORMAL_BACKUP,q4-inheritance-v2,delivery,10800.0,9,"[261, 233, 255, 258, 259, 262, 257, 239, 249]","[0.1111111111111111, 0.1111111111111111, 0.1111111111111111, 0.1111111111111111, 0.1111111111111111, 0.1111111111111111, 0.1111111111111111, 0.1111111111111111, 0.1111111111111111]",34054.42988400563,34054.42988400563,55.455920106173515,277.2796005308676,0.07210230000782758,1.8189894035458565e-12,217,0.0,0.02,0.8,336.6066644444459,0,0.0,False,08ad55a129c188b78a6bf379ee5514cf466d54acf150f52d0326740697aa261f
2025-09-26,268,18,q4_3,B0,FORMAL_BACKUP,q4-inheritance-v2,delivery,10800.0,9,"[261, 233, 255, 258, 259, 262, 257, 239, 249]","[0.1111111111111111, 0.1111111111111111, 0.1111111111111111, 0.1111111111111111, 0.1111111111111111, 0.1111111111111111, 0.1111111111111111, 0.1111111111111111, 0.1111111111111111]",28214.417317354324,28214.417317354324,49.267010668763064,246.33505334381536,0.06193950001033954,1.8189894035458565e-12,181,0.0,0.02,0.8,1.1368683772161603e-13,0,0.0,False,08ad55a129c188b78a6bf379ee5514cf466d54acf150f52d0326740697aa261f
2025-09-27,269,0,q4_3,B0,FORMAL_BACKUP,q4-inheritance-v2,delivery,7294.908266013123,9,"[261, 233, 255, 258, 259, 262, 257, 239, 249]","[0.1111111111111111, 0.1111111111111111, 0.1111111111111111, 0.1111111111111111, 0.1111111111111111, 0.1111111111111111, 0.1111111111111111, 0.1111111111111111, 0.1111111111111111]",48089.26700498042,48089.26700498042,456.0558191329603,2280.279095664802,0.18677960000059102,1.8189894035458565e-12,289,0.0,0.02,0.8,0.0,0,0.0,False,08ad55a129c188b78a6bf379ee5514cf466d54acf150f52d0326740697aa261f
2025-09-27,269,6,q4_3,B0,FORMAL_BACKUP,q4-inheritance-v2,delivery,5367.04970534921,9,"[261, 233, 255, 258, 259, 262, 257, 239, 249]","[0.1111111111111111, 0.1111111111111111, 0.1111111111111111, 0.1111111111111111, 0.1111111111111111, 0.1111111111111111, 0.1111111111111111, 0.1111111111111111, 0.1111111111111111]",43914.534127534556,43914.534127534556,672.9893498011819,3364.9467490059096,0.08850560001155827,1.8189894035458565e-12,253,0.0,0.02,0.8,2.190247982980509e-12,0,0.0,False,08ad55a129c188b78a6bf379ee5514cf466d54acf150f52d0326740697aa261f
2025-09-27,269,12,q4_3,B0,FORMAL_BACKUP,q4-inheritance-v2,delivery,10800.0,9,"[261, 233, 255, 258, 259, 262, 257, 239, 249]","[0.1111111111111111, 0.1111111111111111, 0.1111111111111111, 0.1111111111111111, 0.1111111111111111, 0.1111111111111111, 0.1111111111111111, 0.1111111111111111, 0.1111111111111111]",43314.46797081698,43314.46797081698,120.90084994608206,604.5042497304105,0.0894545999908587,1.8189894035458565e-12,217,0.0,0.02,0.8,5.684341886080802e-14,0,0.0,False,08ad55a129c188b78a6bf379ee5514cf466d54acf150f52d0326740697aa261f
2025-09-27,269,18,q4_3,B0,FORMAL_BACKUP,q4-inheritance-v2,delivery,10799.815604075993,9,"[261, 233, 255, 258, 259, 262, 257, 239, 249]","[0.1111111111111111, 0.1111111111111111, 0.1111111111111111, 0.1111111111111111, 0.1111111111111111, 0.1111111111111111, 0.1111111111111111, 0.1111111111111111, 0.1111111111111111]",38457.30347165484,38457.30347165484,0.0,0.0,0.08081210000091232,1.8189894035458565e-12,181,0.0,0.02,0.8,40.451507777778886,0,0.0,False,08ad55a129c188b78a6bf379ee5514cf466d54acf150f52d0326740697aa261f
2025-09-28,270,0,q4_3,B0,FORMAL_BACKUP,q4-inheritance-v2,delivery,8237.943055659667,9,"[261, 233, 255, 258, 259, 231, 257, 239, 249]","[0.1111111111111111, 0.1111111111111111, 0.1111111111111111, 0.1111111111111111, 0.1111111111111111, 0.1111111111111111, 0.1111111111111111, 0.1111111111111111, 0.1111111111111111]",66312.84034498938,66312.84034498938,1945.998848902218,9729.994244511092,0.20276000000012573,1.8189894035458565e-12,289,0.0,0.02,0.8,0.0,0,0.0,False,08ad55a129c188b78a6bf379ee5514cf466d54acf150f52d0326740697aa261f
2025-09-28,270,6,q4_3,B0,FORMAL_BACKUP,q4-inheritance-v2,delivery,8012.463283536906,9,"[261, 233, 255, 258, 259, 231, 257, 239, 249]","[0.1111111111111111, 0.1111111111111111, 0.1111111111111111, 0.1111111111111111, 0.1111111111111111, 0.1111111111111111, 0.1111111111111111, 0.1111111111111111, 0.1111111111111111]",60461.46759346508,60461.46759346508,1771.810435247432,8692.493174292806,0.13147590000880882,1.8189894035458565e-12,253,0.0,0.02,0.8,4453.7001307912615,0,0.0,False,08ad55a129c188b78a6bf379ee5514cf466d54acf150f52d0326740697aa261f
2025-09-28,270,12,q4_3,B0,FORMAL_BACKUP,q4-inheritance-v2,delivery,4893.693823018753,9,"[261, 233, 255, 258, 259, 231, 257, 239, 249]","[0.1111111111111111, 0.1111111111111111, 0.1111111111111111, 0.1111111111111111, 0.1111111111111111, 0.1111111111111111, 0.1111111111111111, 0.1111111111111111, 0.1111111111111111]",55638.08311745661,55638.08311745661,752.9198151572432,3764.599075786217,0.09646220000286121,1.8189894035458565e-12,217,0.0,0.02,0.8,1727.2789336111127,0,0.0,False,08ad55a129c188b78a6bf379ee5514cf466d54acf150f52d0326740697aa261f
2025-09-28,270,18,q4_3,B0,FORMAL_BACKUP,q4-inheritance-v2,delivery,8509.164113576526,9,"[261, 233, 255, 258, 259, 231, 257, 239, 249]","[0.1111111111111111, 0.1111111111111111, 0.1111111111111111, 0.1111111111111111, 0.1111111111111111, 0.1111111111111111, 0.1111111111111111, 0.1111111111111111, 0.1111111111111111]",49126.526943389945,49126.526943389945,266.4899370121547,1222.2636593752293,0.08219249999092426,9.094947017729282e-13,181,0.0,0.02,0.8,1245.4341596913632,0,0.0,False,08ad55a129c188b78a6bf379ee5514cf466d54acf150f52d0326740697aa261f
2025-09-29,271,0,q4_3,B0,FORMAL_BACKUP,q4-inheritance-v2,delivery,5030.193749044944,9,"[268, 233, 255, 258, 259, 231, 257, 239, 249]","[0.1111111111111111, 0.1111111111111111, 0.1111111111111111, 0.1111111111111111, 0.1111111111111111, 0.1111111111111111, 0.1111111111111111, 0.1111111111111111, 0.1111111111111111]",88480.73414485247,88480.73414485247,2446.1507120417064,12230.753560208534,0.225633399997605,1.8189894035458565e-12,289,0.0,0.02,0.8,0.0,0,0.0,False,08ad55a129c188b78a6bf379ee5514cf466d54acf150f52d0326740697aa261f
2025-09-29,271,6,q4_3,B0,FORMAL_BACKUP,q4-inheritance-v2,delivery,10433.463026722162,9,"[268, 233, 255, 258, 259, 231, 257, 239, 249]","[0.1111111111111111, 0.1111111111111111, 0.1111111111111111, 0.1111111111111111, 0.1111111111111111, 0.1111111111111111, 0.1111111111111111, 0.1111111111111111, 0.1111111111111111]",72069.74495458393,72069.74495458393,432.8725002590361,2164.362501295181,0.10124940000241622,1.8189894035458565e-12,253,0.0,0.02,0.8,7830.953668626534,0,0.0,False,08ad55a129c188b78a6bf379ee5514cf466d54acf150f52d0326740697aa261f
2025-09-29,271,12,q4_3,B0,FORMAL_BACKUP,q4-inheritance-v2,delivery,4596.0515048225225,9,"[268, 233, 255, 258, 259, 231, 257, 239, 249]","[0.1111111111111111, 0.1111111111111111, 0.1111111111111111, 0.1111111111111111, 0.1111111111111111, 0.1111111111111111, 0.1111111111111111, 0.1111111111111111, 0.1111111111111111]",69571.87308623533,69571.87308623533,228.78013414321035,1143.9006707160518,0.08319970000593457,1.8189894035458565e-12,217,0.0,0.02,0.8,4188.782864598767,0,0.0,False,08ad55a129c188b78a6bf379ee5514cf466d54acf150f52d0326740697aa261f
2025-09-29,271,18,q4_3,B0,FORMAL_BACKUP,q4-inheritance-v2,delivery,10767.653363987336,9,"[268, 233, 255, 258, 259, 231, 257, 239, 249]","[0.1111111111111111, 0.1111111111111111, 0.1111111111111111, 0.1111111111111111, 0.1111111111111111, 0.1111111111111111, 0.1111111111111111, 0.1111111111111111, 0.1111111111111111]",54224.51490186614,54224.51490186614,22.72809519444451,113.64047597222257,0.07437830000708345,9.094947017729282e-13,181,0.0,0.02,0.8,696.6262230000008,0,0.0,False,08ad55a129c188b78a6bf379ee5514cf466d54acf150f52d0326740697aa261f
2025-09-30,272,0,q4_3,B0,FORMAL_BACKUP,q4-inheritance-v2,delivery,3814.990523898987,9,"[268, 233, 255, 265, 252, 262, 269, 239, 249]","[0.1111111111111111, 0.1111111111111111, 0.1111111111111111, 0.1111111111111111, 0.1111111111111111, 0.1111111111111111, 0.1111111111111111, 0.1111111111111111, 0.1111111111111111]",90876.28769405391,90876.28769405391,2299.567523848634,11497.837619243172,0.20429379999404773,7.275957614183426e-12,289,0.0,0.02,0.8,0.0,0,0.0,False,08ad55a129c188b78a6bf379ee5514cf466d54acf150f52d0326740697aa261f
2025-09-30,272,6,q4_3,B0,FORMAL_BACKUP,q4-inheritance-v2,delivery,10263.691759918458,9,"[268, 233, 255, 265, 252, 262, 269, 239, 249]","[0.1111111111111111, 0.1111111111111111, 0.1111111111111111, 0.1111111111111111, 0.1111111111111111, 0.1111111111111111, 0.1111111111111111, 0.1111111111111111, 0.1111111111111111]",77913.56513976432,77913.56513976432,1453.6245139370924,7151.987328470315,0.13776009999855887,1.8189894035458565e-12,253,0.0,0.02,0.8,3765.912748972212,0,0.0,False,08ad55a129c188b78a6bf379ee5514cf466d54acf150f52d0326740697aa261f
2025-09-30,272,12,q4_3,B0,FORMAL_BACKUP,q4-inheritance-v2,delivery,4146.285503755936,9,"[268, 233, 255, 265, 252, 262, 269, 239, 249]","[0.1111111111111111, 0.1111111111111111, 0.1111111111111111, 0.1111111111111111, 0.1111111111111111, 0.1111111111111111, 0.1111111111111111, 0.1111111111111111, 0.1111111111111111]",74644.24677111617,74644.24677111617,382.8656795226702,1914.3283976133514,0.11670400000002701,9.094947017729282e-13,217,0.0,0.02,0.8,2607.561210740737,0,0.0,False,08ad55a129c188b78a6bf379ee5514cf466d54acf150f52d0326740697aa261f
2025-09-30,272,18,q4_3,B0,FORMAL_BACKUP,q4-inheritance-v2,delivery,10647.245798503613,9,"[268, 233, 255, 265, 252, 262, 269, 239, 249]","[0.1111111111111111, 0.1111111111111111, 0.1111111111111111, 0.1111111111111111, 0.1111111111111111, 0.1111111111111111, 0.1111111111111111, 0.1111111111111111, 0.1111111111111111]",55878.78371144834,55878.78371144834,14.410618616975329,66.71373741512363,0.08319140000094194,1.8189894035458565e-12,181,0.0,0.02,0.8,851.1618189444433,0,0.0,False,08ad55a129c188b78a6bf379ee5514cf466d54acf150f52d0326740697aa261f
2025-10-01,273,0,q4_3,B0,FORMAL_BACKUP,q4-inheritance-v2,delivery,3259.779607542375,9,"[268, 233, 255, 265, 252, 262, 269, 239, 235]","[0.1111111111111111, 0.1111111111111111, 0.1111111111111111, 0.1111111111111111, 0.1111111111111111, 0.1111111111111111, 0.1111111111111111, 0.1111111111111111, 0.1111111111111111]",89003.7383440873,89003.7383440873,3186.9684631028704,15934.842315514356,0.21155729999009054,3.637978807091713e-12,289,0.0,0.02,0.8,0.0,0,0.0,False,08ad55a129c188b78a6bf379ee5514cf466d54acf150f52d0326740697aa261f
2025-10-01,273,6,q4_3,B0,FORMAL_BACKUP,q4-inheritance-v2,delivery,10422.294046697609,9,"[268, 233, 255, 265, 252, 262, 269, 239, 235]","[0.1111111111111111, 0.1111111111111111, 0.1111111111111111, 0.1111111111111111, 0.1111111111111111, 0.1111111111111111, 0.1111111111111111, 0.1111111111111111, 0.1111111111111111]",77971.35571875836,77971.35571875836,4292.981460671694,21464.907303358472,0.12315590000071097,7.275957614183426e-12,253,0.0,0.02,0.8,256.58128888889087,0,0.0,False,08ad55a129c188b78a6bf379ee5514cf466d54acf150f52d0326740697aa261f
2025-10-01,273,12,q4_3,B0,FORMAL_BACKUP,q4-inheritance-v2,delivery,9815.565698909884,9,"[268, 233, 255, 265, 252, 262, 269, 239, 235]","[0.1111111111111111, 0.1111111111111111, 0.1111111111111111, 0.1111111111111111, 0.1111111111111111, 0.1111111111111111, 0.1111111111111111, 0.1111111111111111, 0.1111111111111111]",70998.50322704409,70998.50322704409,878.4761172268225,4392.380586134113,0.1046792999986792,9.094947017729282e-13,217,0.0,0.02,0.8,2191.2210251851848,0,0.0,False,08ad55a129c188b78a6bf379ee5514cf466d54acf150f52d0326740697aa261f
2025-10-01,273,18,q4_3,B0,FORMAL_BACKUP,q4-inheritance-v2,delivery,10616.569206649261,9,"[268, 233, 255, 265, 252, 262, 269, 239, 235]","[0.1111111111111111, 0.1111111111111111, 0.1111111111111111, 0.1111111111111111, 0.1111111111111111, 0.1111111111111111, 0.1111111111111111, 0.1111111111111111, 0.1111111111111111]",57998.17086323511,57998.17086323511,69.74438960370368,348.7219480185185,0.06166479999956209,1.8189894035458565e-12,181,0.0,0.02,0.8,178.39413583332941,0,0.0,False,08ad55a129c188b78a6bf379ee5514cf466d54acf150f52d0326740697aa261f
2025-10-02,274,0,q4_3,B0,FORMAL_BACKUP,q4-inheritance-v2,delivery,7469.331882409815,9,"[261, 233, 255, 265, 271, 262, 269, 239, 235]","[0.1111111111111111, 0.1111111111111111, 0.1111111111111111, 0.1111111111111111, 0.1111111111111111, 0.1111111111111111, 0.1111111111111111, 0.1111111111111111, 0.1111111111111111]",67683.02821712743,67683.02821712743,3751.3494595077645,18756.747297538826,0.2171239000017522,1.8189894035458565e-12,289,0.0,0.02,0.8,0.0,0,0.0,False,08ad55a129c188b78a6bf379ee5514cf466d54acf150f52d0326740697aa261f
2025-10-02,274,6,q4_3,B0,FORMAL_BACKUP,q4-inheritance-v2,delivery,10619.09714329862,9,"[261, 233, 255, 265, 271, 262, 269, 239, 235]","[0.1111111111111111, 0.1111111111111111, 0.1111111111111111, 0.1111111111111111, 0.1111111111111111, 0.1111111111111111, 0.1111111111111111, 0.1111111111111111, 0.1111111111111111]",54554.401521473104,54554.401521473104,1827.2645051410498,9136.322525705249,0.10579349999898113,1.8189894035458565e-12,253,0.0,0.02,0.8,263.7548500000029,0,0.0,False,08ad55a129c188b78a6bf379ee5514cf466d54acf150f52d0326740697aa261f
2025-10-02,274,12,q4_3,B0,FORMAL_BACKUP,q4-inheritance-v2,delivery,10535.867385887046,9,"[261, 233, 255, 265, 271, 262, 269, 239, 235]","[0.1111111111111111, 0.1111111111111111, 0.1111111111111111, 0.1111111111111111, 0.1111111111111111, 0.1111111111111111, 0.1111111111111111, 0.1111111111111111, 0.1111111111111111]",47640.67561341734,47640.67561341734,784.1404967368975,3920.7024836844876,0.10554430000775028,1.8189894035458565e-12,217,0.0,0.02,0.8,5718.360270648151,0,0.0,False,08ad55a129c188b78a6bf379ee5514cf466d54acf150f52d0326740697aa261f
2025-10-02,274,18,q4_3,B0,FORMAL_BACKUP,q4-inheritance-v2,delivery,10688.780532221006,9,"[261, 233, 255, 265, 271, 262, 269, 239, 235]","[0.1111111111111111, 0.1111111111111111, 0.1111111111111111, 0.1111111111111111, 0.1111111111111111, 0.1111111111111111, 0.1111111111111111, 0.1111111111111111, 0.1111111111111111]",36734.85881443188,36734.85881443188,376.0931493823329,1880.4657469116646,0.08401649999723304,9.094947017729282e-13,181,0.0,0.02,0.8,5.684341886080802e-14,0,0.0,False,08ad55a129c188b78a6bf379ee5514cf466d54acf150f52d0326740697aa261f
2025-10-03,275,0,q4_3,B0,FORMAL_BACKUP,q4-inheritance-v2,delivery,5498.3504967113795,9,"[261, 233, 255, 265, 271, 237, 238, 239, 235]","[0.1111111111111111, 0.1111111111111111, 0.1111111111111111, 0.1111111111111111, 0.1111111111111111, 0.1111111111111111, 0.1111111111111111, 0.1111111111111111, 0.1111111111111111]",39568.09413461124,39568.09413461124,2138.840914511056,10694.204572555282,0.18556749999697786,1.8189894035458565e-12,289,0.0,0.02,0.8,0.0,0,0.0,False,08ad55a129c188b78a6bf379ee5514cf466d54acf150f52d0326740697aa261f
2025-10-03,275,6,q4_3,B0,FORMAL_BACKUP,q4-inheritance-v2,delivery,8728.015591695688,9,"[261, 233, 255, 265, 271, 237, 238, 239, 235]","[0.1111111111111111, 0.1111111111111111, 0.1111111111111111, 0.1111111111111111, 0.1111111111111111, 0.1111111111111111, 0.1111111111111111, 0.1111111111111111, 0.1111111111111111]",33425.01892007411,33425.01892007411,2027.890975688936,10139.45487844468,0.11791919999814127,9.094947017729282e-13,253,0.0,0.02,0.8,1.538325022920617e-12,0,0.0,False,08ad55a129c188b78a6bf379ee5514cf466d54acf150f52d0326740697aa261f
2025-10-03,275,12,q4_3,B0,FORMAL_BACKUP,q4-inheritance-v2,delivery,10800.0,9,"[261, 233, 255, 265, 271, 237, 238, 239, 235]","[0.1111111111111111, 0.1111111111111111, 0.1111111111111111, 0.1111111111111111, 0.1111111111111111, 0.1111111111111111, 0.1111111111111111, 0.1111111111111111, 0.1111111111111111]",32962.84092496657,32962.84092496657,1367.7229254571803,6838.614627285901,0.11098219999985304,1.8189894035458565e-12,217,0.0,0.02,0.8,0.0,0,0.0,False,08ad55a129c188b78a6bf379ee5514cf466d54acf150f52d0326740697aa261f
2025-10-03,275,18,q4_3,B0,FORMAL_BACKUP,q4-inheritance-v2,delivery,10800.0,9,"[261, 233, 255, 265, 271, 237, 238, 239, 235]","[0.1111111111111111, 0.1111111111111111, 0.1111111111111111, 0.1111111111111111, 0.1111111111111111, 0.1111111111111111, 0.1111111111111111, 0.1111111111111111, 0.1111111111111111]",27734.727129919567,27734.727129919567,425.8872914597217,2129.436457298609,0.08289969999168534,1.8189894035458565e-12,181,0.0,0.02,0.8,1.1368683772161603e-13,0,0.0,False,08ad55a129c188b78a6bf379ee5514cf466d54acf150f52d0326740697aa261f
2025-10-04,276,0,q4_3,B0,FORMAL_BACKUP,q4-inheritance-v2,delivery,10163.182587236952,9,"[261, 233, 244, 258, 259, 237, 238, 239, 235]","[0.1111111111111111, 0.1111111111111111, 0.1111111111111111, 0.1111111111111111, 0.1111111111111111, 0.1111111111111111, 0.1111111111111111, 0.1111111111111111, 0.1111111111111111]",46800.91064862163,46800.91064862163,2307.9711179767028,11539.855589883517,0.19371140000293963,1.8189894035458565e-12,289,0.0,0.02,0.8,0.0,0,0.0,False,08ad55a129c188b78a6bf379ee5514cf466d54acf150f52d0326740697aa261f
2025-10-04,276,6,q4_3,B0,FORMAL_BACKUP,q4-inheritance-v2,delivery,6096.9633810612395,9,"[261, 233, 244, 258, 259, 237, 238, 239, 235]","[0.1111111111111111, 0.1111111111111111, 0.1111111111111111, 0.1111111111111111, 0.1111111111111111, 0.1111111111111111, 0.1111111111111111, 0.1111111111111111, 0.1111111111111111]",42383.56675686937,42383.56675686937,1842.840302716393,9214.201513581966,0.11628149999887682,3.637978807091713e-12,253,0.0,0.02,0.8,232.51522948325743,0,0.0,False,08ad55a129c188b78a6bf379ee5514cf466d54acf150f52d0326740697aa261f
2025-10-04,276,12,q4_3,B0,FORMAL_BACKUP,q4-inheritance-v2,delivery,10800.0,9,"[261, 233, 244, 258, 259, 237, 238, 239, 235]","[0.1111111111111111, 0.1111111111111111, 0.1111111111111111, 0.1111111111111111, 0.1111111111111111, 0.1111111111111111, 0.1111111111111111, 0.1111111111111111, 0.1111111111111111]",43422.92293244144,43422.92293244144,950.2613366565929,4751.306683282965,0.110560400004033,1.8189894035458565e-12,217,0.0,0.02,0.8,136.55983811728333,0,0.0,False,08ad55a129c188b78a6bf379ee5514cf466d54acf150f52d0326740697aa261f
2025-10-04,276,18,q4_3,B0,FORMAL_BACKUP,q4-inheritance-v2,delivery,10800.0,9,"[261, 233, 244, 258, 259, 237, 238, 239, 235]","[0.1111111111111111, 0.1111111111111111, 0.1111111111111111, 0.1111111111111111, 0.1111111111111111, 0.1111111111111111, 0.1111111111111111, 0.1111111111111111, 0.1111111111111111]",37794.66524691521,37794.66524691521,386.36361018391983,1931.8180509195993,0.08381009999720845,1.8189894035458565e-12,181,0.0,0.02,0.8,5.684341886080802e-14,0,0.0,False,08ad55a129c188b78a6bf379ee5514cf466d54acf150f52d0326740697aa261f
2025-10-05,277,0,q4_3,B0,FORMAL_BACKUP,q4-inheritance-v2,delivery,9519.556843859757,9,"[261, 233, 241, 246, 259, 237, 238, 239, 235]","[0.1111111111111111, 0.1111111111111111, 0.1111111111111111, 0.1111111111111111, 0.1111111111111111, 0.1111111111111111, 0.1111111111111111, 0.1111111111111111, 0.1111111111111111]",67329.36341395276,67329.36341395276,3624.408092085977,18122.04046042989,0.20942999998806044,1.8189894035458565e-12,289,0.0,0.02,0.8,0.0,0,0.0,False,08ad55a129c188b78a6bf379ee5514cf466d54acf150f52d0326740697aa261f
2025-10-05,277,6,q4_3,B0,FORMAL_BACKUP,q4-inheritance-v2,delivery,8026.57612823985,9,"[261, 233, 241, 246, 259, 237, 238, 239, 235]","[0.1111111111111111, 0.1111111111111111, 0.1111111111111111, 0.1111111111111111, 0.1111111111111111, 0.1111111111111111, 0.1111111111111111, 0.1111111111111111, 0.1111111111111111]",57793.08516199936,57793.08516199936,3857.3995457366086,19286.997728683044,0.1214890999981435,1.8189894035458565e-12,253,0.0,0.02,0.8,4011.1377822222184,0,0.0,False,08ad55a129c188b78a6bf379ee5514cf466d54acf150f52d0326740697aa261f
2025-10-05,277,12,q4_3,B0,FORMAL_BACKUP,q4-inheritance-v2,delivery,5453.597226890432,9,"[261, 233, 241, 246, 259, 237, 238, 239, 235]","[0.1111111111111111, 0.1111111111111111, 0.1111111111111111, 0.1111111111111111, 0.1111111111111111, 0.1111111111111111, 0.1111111111111111, 0.1111111111111111, 0.1111111111111111]",54565.803894263576,54565.803894263576,1521.1502732719025,7605.751366359513,0.0844333999993978,1.8189894035458565e-12,217,0.0,0.02,0.8,257.5904355555559,0,0.0,False,08ad55a129c188b78a6bf379ee5514cf466d54acf150f52d0326740697aa261f
2025-10-05,277,18,q4_3,B0,FORMAL_BACKUP,q4-inheritance-v2,delivery,10002.501873887895,9,"[261, 233, 241, 246, 259, 237, 238, 239, 235]","[0.1111111111111111, 0.1111111111111111, 0.1111111111111111, 0.1111111111111111, 0.1111111111111111, 0.1111111111111111, 0.1111111111111111, 0.1111111111111111, 0.1111111111111111]",48798.96437107028,48798.96437107028,415.6331393114113,2078.165696557057,0.08797529998992104,9.094947017729282e-13,181,0.0,0.02,0.8,0.0,0,0.0,False,08ad55a129c188b78a6bf379ee5514cf466d54acf150f52d0326740697aa261f
2025-10-06,278,0,q4_3,B0,FORMAL_BACKUP,q4-inheritance-v2,delivery,4134.485562241112,9,"[261, 254, 241, 246, 259, 237, 238, 239, 235]","[0.1111111111111111, 0.1111111111111111, 0.1111111111111111, 0.1111111111111111, 0.1111111111111111, 0.1111111111111111, 0.1111111111111111, 0.1111111111111111, 0.1111111111111111]",81389.04346969728,81389.04346969728,3738.202014840838,18691.01007420419,0.16850330001034308,1.8189894035458565e-12,289,0.0,0.02,0.8,0.0,0,0.0,False,08ad55a129c188b78a6bf379ee5514cf466d54acf150f52d0326740697aa261f
2025-10-06,278,6,q4_3,B0,FORMAL_BACKUP,q4-inheritance-v2,delivery,10575.378489769144,9,"[261, 254, 241, 246, 259, 237, 238, 239, 235]","[0.1111111111111111, 0.1111111111111111, 0.1111111111111111, 0.1111111111111111, 0.1111111111111111, 0.1111111111111111, 0.1111111111111111, 0.1111111111111111, 0.1111111111111111]",72031.69266197963,72031.69266197963,6328.787828359362,31555.685628764903,0.11570209999626968,1.8189894035458565e-12,253,0.0,0.02,0.8,248.86040319445218,0,0.0,False,08ad55a129c188b78a6bf379ee5514cf466d54acf150f52d0326740697aa261f
2025-10-06,278,12,q4_3,B0,FORMAL_BACKUP,q4-inheritance-v2,delivery,4647.541541756805,9,"[261, 254, 241, 246, 259, 237, 238, 239, 235]","[0.1111111111111111, 0.1111111111111111, 0.1111111111111111, 0.1111111111111111, 0.1111111111111111, 0.1111111111111111, 0.1111111111111111, 0.1111111111111111, 0.1111111111111111]",66843.84894569895,66843.84894569895,2561.5746284104016,12807.87314205201,0.10902550000173505,3.637978807091713e-12,217,0.0,0.02,0.8,5.684341886080802e-14,0,0.0,False,08ad55a129c188b78a6bf379ee5514cf466d54acf150f52d0326740697aa261f
2025-10-06,278,18,q4_3,B0,FORMAL_BACKUP,q4-inheritance-v2,delivery,9541.860439232576,9,"[261, 254, 241, 246, 259, 237, 238, 239, 235]","[0.1111111111111111, 0.1111111111111111, 0.1111111111111111, 0.1111111111111111, 0.1111111111111111, 0.1111111111111111, 0.1111111111111111, 0.1111111111111111, 0.1111111111111111]",52600.71820075983,52600.71820075983,951.0843437277892,4755.421718638947,0.08368419999897014,1.8189894035458565e-12,181,0.0,0.02,0.8,0.0,0,0.0,False,08ad55a129c188b78a6bf379ee5514cf466d54acf150f52d0326740697aa261f
2025-10-07,279,0,q4_3,B0,FORMAL_BACKUP,q4-inheritance-v2,delivery,4593.195693873972,9,"[261, 254, 274, 236, 259, 237, 238, 239, 235]","[0.1111111111111111, 0.1111111111111111, 0.1111111111111111, 0.1111111111111111, 0.1111111111111111, 0.1111111111111111, 0.1111111111111111, 0.1111111111111111, 0.1111111111111111]",78236.67301126546,78236.67301126546,4028.4194481643444,20099.9246235899,0.19032690000312869,1.8189894035458565e-12,289,0.0,0.02,0.8,0.0,0,0.0,False,08ad55a129c188b78a6bf379ee5514cf466d54acf150f52d0326740697aa261f
2025-10-07,279,6,q4_3,B0,FORMAL_BACKUP,q4-inheritance-v2,delivery,10800.0,9,"[261, 254, 274, 236, 259, 237, 238, 239, 235]","[0.1111111111111111, 0.1111111111111111, 0.1111111111111111, 0.1111111111111111, 0.1111111111111111, 0.1111111111111111, 0.1111111111111111, 0.1111111111111111, 0.1111111111111111]",68071.7701396754,68071.7701396754,5508.602119555916,27456.09790868072,0.11562679999042302,1.8189894035458565e-12,253,0.0,0.02,0.8,128.76811580246968,0,0.0,False,08ad55a129c188b78a6bf379ee5514cf466d54acf150f52d0326740697aa261f
2025-10-07,279,12,q4_3,B0,FORMAL_BACKUP,q4-inheritance-v2,delivery,6306.512399559553,9,"[261, 254, 274, 236, 259, 237, 238, 239, 235]","[0.1111111111111111, 0.1111111111111111, 0.1111111111111111, 0.1111111111111111, 0.1111111111111111, 0.1111111111111111, 0.1111111111111111, 0.1111111111111111, 0.1111111111111111]",62776.71534169459,62776.71534169459,2199.5576292635683,10997.788146317842,0.08209070000157226,1.8189894035458565e-12,217,0.0,0.02,0.8,707.9004919238654,0,0.0,False,08ad55a129c188b78a6bf379ee5514cf466d54acf150f52d0326740697aa261f
2025-10-07,279,18,q4_3,B0,FORMAL_BACKUP,q4-inheritance-v2,delivery,9394.147024979402,9,"[261, 254, 274, 236, 259, 237, 238, 239, 235]","[0.1111111111111111, 0.1111111111111111, 0.1111111111111111, 0.1111111111111111, 0.1111111111111111, 0.1111111111111111, 0.1111111111111111, 0.1111111111111111, 0.1111111111111111]",50319.81672774616,50319.81672774616,766.8867784281279,3834.43389214064,0.08589240000583231,1.8189894035458565e-12,181,0.0,0.02,0.8,1.1368683772161603e-13,0,0.0,False,08ad55a129c188b78a6bf379ee5514cf466d54acf150f52d0326740697aa261f
2025-10-08,280,0,q4_3,B0,FORMAL_BACKUP,q4-inheritance-v2,delivery,5007.154127536207,9,"[261, 254, 274, 236, 259, 237, 238, 239, 249]","[0.1111111111111111, 0.1111111111111111, 0.1111111111111111, 0.1111111111111111, 0.1111111111111111, 0.1111111111111111, 0.1111111111111111, 0.1111111111111111, 0.1111111111111111]",71217.75744886442,71217.75744886442,2115.0461916419495,10575.230958209748,0.20512940001208335,3.637978807091713e-12,289,0.0,0.02,0.8,0.0,0,0.0,False,08ad55a129c188b78a6bf379ee5514cf466d54acf150f52d0326740697aa261f
2025-10-08,280,6,q4_3,B0,FORMAL_BACKUP,q4-inheritance-v2,delivery,10578.335037140514,9,"[261, 254, 274, 236, 259, 237, 238, 239, 249]","[0.1111111111111111, 0.1111111111111111, 0.1111111111111111, 0.1111111111111111, 0.1111111111111111, 0.1111111111111111, 0.1111111111111111, 0.1111111111111111, 0.1111111111111111]",58325.93057929238,58325.93057929238,1250.0347808880413,6207.1353587466065,0.11703020001004916,1.8189894035458565e-12,253,0.0,0.02,0.8,3958.8962634178024,0,0.0,False,08ad55a129c188b78a6bf379ee5514cf466d54acf150f52d0326740697aa261f
2025-10-08,280,12,q4_3,B0,FORMAL_BACKUP,q4-inheritance-v2,delivery,4828.594687351226,9,"[261, 254, 274, 236, 259, 237, 238, 239, 249]","[0.1111111111111111, 0.1111111111111111, 0.1111111111111111, 0.1111111111111111, 0.1111111111111111, 0.1111111111111111, 0.1111111111111111, 0.1111111111111111, 0.1111111111111111]",55693.24275737175,55693.24275737175,425.8415240893052,2129.207620446526,0.11417999998957384,1.8189894035458565e-12,217,0.0,0.02,0.8,1583.4831732407397,0,0.0,False,08ad55a129c188b78a6bf379ee5514cf466d54acf150f52d0326740697aa261f
2025-10-08,280,18,q4_3,B0,FORMAL_BACKUP,q4-inheritance-v2,delivery,10427.092951527567,9,"[261, 254, 274, 236, 259, 237, 238, 239, 249]","[0.1111111111111111, 0.1111111111111111, 0.1111111111111111, 0.1111111111111111, 0.1111111111111111, 0.1111111111111111, 0.1111111111111111, 0.1111111111111111, 0.1111111111111111]",47977.46275619507,47977.46275619507,0.0,0.0,0.08562769999844022,1.8189894035458565e-12,181,0.0,0.02,0.8,454.7376598765467,0,0.0,False,08ad55a129c188b78a6bf379ee5514cf466d54acf150f52d0326740697aa261f
2025-10-09,281,0,q4_3,B0,FORMAL_BACKUP,q4-inheritance-v2,delivery,5324.75127856101,9,"[261, 254, 274, 246, 271, 251, 272, 239, 249]","[0.1111111111111111, 0.1111111111111111, 0.1111111111111111, 0.1111111111111111, 0.1111111111111111, 0.1111111111111111, 0.1111111111111111, 0.1111111111111111, 0.1111111111111111]",58294.62517446778,58294.62517446778,2196.1229477011375,10980.61473850569,0.20340110000688583,1.8189894035458565e-12,289,0.0,0.02,0.8,0.0,0,0.0,False,08ad55a129c188b78a6bf379ee5514cf466d54acf150f52d0326740697aa261f
2025-10-09,281,6,q4_3,B0,FORMAL_BACKUP,q4-inheritance-v2,delivery,10711.810503914292,9,"[261, 254, 274, 246, 271, 251, 272, 239, 249]","[0.1111111111111111, 0.1111111111111111, 0.1111111111111111, 0.1111111111111111, 0.1111111111111111, 0.1111111111111111, 0.1111111111111111, 0.1111111111111111, 0.1111111111111111]",41183.97022458333,41183.97022458333,18.710731232038988,93.55365616019496,0.12049479999404866,1.8189894035458565e-12,253,0.0,0.02,0.8,12053.160220748687,0,0.0,False,08ad55a129c188b78a6bf379ee5514cf466d54acf150f52d0326740697aa261f
2025-10-09,281,12,q4_3,B0,FORMAL_BACKUP,q4-inheritance-v2,delivery,6518.20084225155,9,"[261, 254, 274, 246, 271, 251, 272, 239, 249]","[0.1111111111111111, 0.1111111111111111, 0.1111111111111111, 0.1111111111111111, 0.1111111111111111, 0.1111111111111111, 0.1111111111111111, 0.1111111111111111, 0.1111111111111111]",38184.26145474914,38184.26145474914,0.7656093430565205,3.8280467152826034,0.10863919999974314,1.8189894035458565e-12,217,0.0,0.02,0.8,1280.445074514126,0,0.0,False,08ad55a129c188b78a6bf379ee5514cf466d54acf150f52d0326740697aa261f
2025-10-09,281,18,q4_3,B0,FORMAL_BACKUP,q4-inheritance-v2,delivery,10595.036963208064,9,"[261, 254, 274, 246, 271, 251, 272, 239, 249]","[0.1111111111111111, 0.1111111111111111, 0.1111111111111111, 0.1111111111111111, 0.1111111111111111, 0.1111111111111111, 0.1111111111111111, 0.1111111111111111, 0.1111111111111111]",26191.330876045522,26191.330876045522,0.0,0.0,0.07992889999877661,1.8189894035458565e-12,181,0.0,0.02,0.8,285.2383574999968,0,0.0,False,08ad55a129c188b78a6bf379ee5514cf466d54acf150f52d0326740697aa261f
2025-10-10,282,0,q4_3,B0,FORMAL_BACKUP,q4-inheritance-v2,delivery,1910.4210707051209,9,"[268, 254, 274, 246, 271, 251, 272, 239, 249]","[0.1111111111111111, 0.1111111111111111, 0.1111111111111111, 0.1111111111111111, 0.1111111111111111, 0.1111111111111111, 0.1111111111111111, 0.1111111111111111, 0.1111111111111111]",34880.402971991905,34880.402971991905,905.1373348519223,4525.686674259613,0.24020349999773316,1.8189894035458565e-12,289,0.0,0.02,0.8,0.0,0,0.0,False,08ad55a129c188b78a6bf379ee5514cf466d54acf150f52d0326740697aa261f
2025-10-10,282,6,q4_3,B0,FORMAL_BACKUP,q4-inheritance-v2,delivery,9938.234505203158,9,"[268, 254, 274, 246, 271, 251, 272, 239, 249]","[0.1111111111111111, 0.1111111111111111, 0.1111111111111111, 0.1111111111111111, 0.1111111111111111, 0.1111111111111111, 0.1111111111111111, 0.1111111111111111, 0.1111111111111111]",25628.13490233452,25628.13490233452,84.63355868164068,423.16779340820347,0.10452629999781493,1.8189894035458565e-12,253,0.0,0.02,0.8,1012.8519563055595,0,0.0,False,08ad55a129c188b78a6bf379ee5514cf466d54acf150f52d0326740697aa261f
2025-10-10,282,12,q4_3,B0,FORMAL_BACKUP,q4-inheritance-v2,delivery,10800.0,9,"[268, 254, 274, 246, 271, 251, 272, 239, 249]","[0.1111111111111111, 0.1111111111111111, 0.1111111111111111, 0.1111111111111111, 0.1111111111111111, 0.1111111111111111, 0.1111111111111111, 0.1111111111111111, 0.1111111111111111]",25302.439494276416,25302.439494276416,69.15763216018925,345.78816080094634,0.11321320000570267,9.094947017729282e-13,217,0.0,0.02,0.8,707.0127185185193,0,0.0,False,08ad55a129c188b78a6bf379ee5514cf466d54acf150f52d0326740697aa261f
2025-10-10,282,18,q4_3,B0,FORMAL_BACKUP,q4-inheritance-v2,delivery,10800.0,9,"[268, 254, 274, 246, 271, 251, 272, 239, 249]","[0.1111111111111111, 0.1111111111111111, 0.1111111111111111, 0.1111111111111111, 0.1111111111111111, 0.1111111111111111, 0.1111111111111111, 0.1111111111111111, 0.1111111111111111]",20805.17586658014,20805.17586658014,101.1884537862257,505.9422689311286,0.07949319999897853,1.8189894035458565e-12,181,0.0,0.02,0.8,2.842170943040401e-14,0,0.0,False,08ad55a129c188b78a6bf379ee5514cf466d54acf150f52d0326740697aa261f
2025-10-11,283,0,q4_3,B0,FORMAL_BACKUP,q4-inheritance-v2,delivery,8586.353696029284,9,"[268, 254, 274, 246, 271, 280, 272, 239, 249]","[0.1111111111111111, 0.1111111111111111, 0.1111111111111111, 0.1111111111111111, 0.1111111111111111, 0.1111111111111111, 0.1111111111111111, 0.1111111111111111, 0.1111111111111111]",38589.55616742607,38589.55616742607,558.3593851313249,2791.796925656625,0.18354129999352153,1.8189894035458565e-12,289,0.0,0.02,0.8,0.0,0,0.0,False,08ad55a129c188b78a6bf379ee5514cf466d54acf150f52d0326740697aa261f
2025-10-11,283,6,q4_3,B0,FORMAL_BACKUP,q4-inheritance-v2,delivery,7401.755159851798,9,"[268, 254, 274, 246, 271, 280, 272, 239, 249]","[0.1111111111111111, 0.1111111111111111, 0.1111111111111111, 0.1111111111111111, 0.1111111111111111, 0.1111111111111111, 0.1111111111111111, 0.1111111111111111, 0.1111111111111111]",33793.32479439034,33793.32479439034,163.18988983590228,815.9494491795116,0.08664820001285989,1.8189894035458565e-12,253,0.0,0.02,0.8,8.874750277779427,0,0.0,False,08ad55a129c188b78a6bf379ee5514cf466d54acf150f52d0326740697aa261f
2025-10-11,283,12,q4_3,B0,FORMAL_BACKUP,q4-inheritance-v2,delivery,10800.0,9,"[268, 254, 274, 246, 271, 280, 272, 239, 249]","[0.1111111111111111, 0.1111111111111111, 0.1111111111111111, 0.1111111111111111, 0.1111111111111111, 0.1111111111111111, 0.1111111111111111, 0.1111111111111111, 0.1111111111111111]",33880.18791710855,33880.18791710855,34.74226960276095,173.71134801380475,0.07386430000769906,1.8189894035458565e-12,217,0.0,0.02,0.8,343.4764004938269,0,0.0,False,08ad55a129c188b78a6bf379ee5514cf466d54acf150f52d0326740697aa261f
2025-10-11,283,18,q4_3,B0,FORMAL_BACKUP,q4-inheritance-v2,delivery,10800.0,9,"[268, 254, 274, 246, 271, 280, 272, 239, 249]","[0.1111111111111111, 0.1111111111111111, 0.1111111111111111, 0.1111111111111111, 0.1111111111111111, 0.1111111111111111, 0.1111111111111111, 0.1111111111111111, 0.1111111111111111]",29508.903249173618,29508.903249173618,0.0,0.0,0.052628700010245666,1.8189894035458565e-12,181,0.0,0.02,0.8,27.4851009783967,0,0.0,False,08ad55a129c188b78a6bf379ee5514cf466d54acf150f52d0326740697aa261f
2025-10-12,284,0,q4_3,B0,FORMAL_BACKUP,q4-inheritance-v2,delivery,7619.882963152196,9,"[268, 254, 274, 281, 259, 262, 269, 266, 249]","[0.1111111111111111, 0.1111111111111111, 0.1111111111111111, 0.1111111111111111, 0.1111111111111111, 0.1111111111111111, 0.1111111111111111, 0.1111111111111111, 0.1111111111111111]",60203.32148964417,60203.32148964417,1980.5035183630555,9902.517591815278,0.19845820000045933,1.8189894035458565e-12,289,0.0,0.02,0.8,0.0,0,0.0,False,08ad55a129c188b78a6bf379ee5514cf466d54acf150f52d0326740697aa261f
2025-10-12,284,6,q4_3,B0,FORMAL_BACKUP,q4-inheritance-v2,delivery,8682.275942793478,9,"[268, 254, 274, 281, 259, 262, 269, 266, 249]","[0.1111111111111111, 0.1111111111111111, 0.1111111111111111, 0.1111111111111111, 0.1111111111111111, 0.1111111111111111, 0.1111111111111111, 0.1111111111111111, 0.1111111111111111]",50273.30719917291,50273.30719917291,1618.3893178883761,7943.267935632246,0.12504480000643525,3.637978807091713e-12,253,0.0,0.02,0.8,2827.519933055554,0,0.0,False,08ad55a129c188b78a6bf379ee5514cf466d54acf150f52d0326740697aa261f
2025-10-12,284,12,q4_3,B0,FORMAL_BACKUP,q4-inheritance-v2,delivery,4349.011573344818,9,"[268, 254, 274, 281, 259, 262, 269, 266, 249]","[0.1111111111111111, 0.1111111111111111, 0.1111111111111111, 0.1111111111111111, 0.1111111111111111, 0.1111111111111111, 0.1111111111111111, 0.1111111111111111, 0.1111111111111111]",48247.78510919479,48247.78510919479,601.2076878983705,3006.0384394918533,0.08595620001142379,1.8189894035458565e-12,217,0.0,0.02,0.8,1480.1657941666626,0,0.0,False,08ad55a129c188b78a6bf379ee5514cf466d54acf150f52d0326740697aa261f
2025-10-12,284,18,q4_3,B0,FORMAL_BACKUP,q4-inheritance-v2,delivery,9707.274458841792,9,"[268, 254, 274, 281, 259, 262, 269, 266, 249]","[0.1111111111111111, 0.1111111111111111, 0.1111111111111111, 0.1111111111111111, 0.1111111111111111, 0.1111111111111111, 0.1111111111111111, 0.1111111111111111, 0.1111111111111111]",43431.157728496655,43431.157728496655,157.44346778820278,787.217338941014,0.07863990000623744,1.8189894035458565e-12,181,0.0,0.02,0.8,0.0,0,0.0,False,08ad55a129c188b78a6bf379ee5514cf466d54acf150f52d0326740697aa261f
2025-10-13,285,0,q4_3,B0,FORMAL_BACKUP,q4-inheritance-v2,delivery,5547.928793266579,9,"[268, 254, 274, 281, 259, 262, 269, 266, 249]","[0.1111111111111111, 0.1111111111111111, 0.1111111111111111, 0.1111111111111111, 0.1111111111111111, 0.1111111111111111, 0.1111111111111111, 0.1111111111111111, 0.1111111111111111]",81010.0548760653,81010.0548760653,2351.7354213879207,11717.323954905134,0.2058238000026904,1.8189894035458565e-12,289,0.0,0.02,0.8,0.0,0,0.0,False,08ad55a129c188b78a6bf379ee5514cf466d54acf150f52d0326740697aa261f
2025-10-13,285,6,q4_3,B0,FORMAL_BACKUP,q4-inheritance-v2,delivery,10739.482473461223,9,"[268, 254, 274, 281, 259, 262, 269, 266, 249]","[0.1111111111111111, 0.1111111111111111, 0.1111111111111111, 0.1111111111111111, 0.1111111111111111, 0.1111111111111111, 0.1111111111111111, 0.1111111111111111, 0.1111111111111111]",65731.63764629766,65731.63764629766,1637.599679247458,7962.3647466420725,0.13106329999573063,3.637978807091713e-12,253,0.0,0.02,0.8,9498.017928086421,0,0.0,False,08ad55a129c188b78a6bf379ee5514cf466d54acf150f52d0326740697aa261f
2025-10-13,285,12,q4_3,B0,FORMAL_BACKUP,q4-inheritance-v2,delivery,5614.60727831417,9,"[268, 254, 274, 281, 259, 262, 269, 266, 249]","[0.1111111111111111, 0.1111111111111111, 0.1111111111111111, 0.1111111111111111, 0.1111111111111111, 0.1111111111111111, 0.1111111111111111, 0.1111111111111111, 0.1111111111111111]",61140.04478531677,61140.04478531677,197.30574475087778,986.5287237543889,0.08632219998980872,1.8189894035458565e-12,217,0.0,0.02,0.8,1575.6497770061699,0,0.0,False,08ad55a129c188b78a6bf379ee5514cf466d54acf150f52d0326740697aa261f
2025-10-13,285,18,q4_3,B0,FORMAL_BACKUP,q4-inheritance-v2,delivery,10357.550340698832,9,"[268, 254, 274, 281, 259, 262, 269, 266, 249]","[0.1111111111111111, 0.1111111111111111, 0.1111111111111111, 0.1111111111111111, 0.1111111111111111, 0.1111111111111111, 0.1111111111111111, 0.1111111111111111, 0.1111111111111111]",54306.23902969912,54306.23902969912,0.0,0.0,0.08504849999735598,9.094947017729282e-13,181,0.0,0.02,0.8,254.30393283333552,0,0.0,False,08ad55a129c188b78a6bf379ee5514cf466d54acf150f52d0326740697aa261f
2025-10-14,286,0,q4_3,B0,FORMAL_BACKUP,q4-inheritance-v2,delivery,6380.523796437328,9,"[268, 254, 273, 281, 259, 262, 269, 266, 249]","[0.1111111111111111, 0.1111111111111111, 0.1111111111111111, 0.1111111111111111, 0.1111111111111111, 0.1111111111111111, 0.1111111111111111, 0.1111111111111111, 0.1111111111111111]",82517.50603737545,82517.50603737545,2786.2490802438506,13758.751925060458,0.21439120000286493,1.8189894035458565e-12,289,0.0,0.02,0.8,0.0,0,0.0,False,08ad55a129c188b78a6bf379ee5514cf466d54acf150f52d0326740697aa261f
2025-10-14,286,6,q4_3,B0,FORMAL_BACKUP,q4-inheritance-v2,delivery,10674.667492396044,9,"[268, 254, 273, 281, 259, 262, 269, 266, 249]","[0.1111111111111111, 0.1111111111111111, 0.1111111111111111, 0.1111111111111111, 0.1111111111111111, 0.1111111111111111, 0.1111111111111111, 0.1111111111111111, 0.1111111111111111]",67188.58580005546,67188.58580005546,1666.0149841774437,8132.023031986143,0.10675509998691268,1.8189894035458565e-12,253,0.0,0.02,0.8,11392.741565011034,0,0.0,False,08ad55a129c188b78a6bf379ee5514cf466d54acf150f52d0326740697aa261f
2025-10-14,286,12,q4_3,B0,FORMAL_BACKUP,q4-inheritance-v2,delivery,3922.472399701168,9,"[268, 254, 273, 281, 259, 262, 269, 266, 249]","[0.1111111111111111, 0.1111111111111111, 0.1111111111111111, 0.1111111111111111, 0.1111111111111111, 0.1111111111111111, 0.1111111111111111, 0.1111111111111111, 0.1111111111111111]",66451.02643327619,66451.02643327619,159.69491225914393,798.4745612957197,0.11053470001206733,9.094947017729282e-13,217,0.0,0.02,0.8,6264.070911474002,0,0.0,False,08ad55a129c188b78a6bf379ee5514cf466d54acf150f52d0326740697aa261f
2025-10-14,286,18,q4_3,B0,FORMAL_BACKUP,q4-inheritance-v2,delivery,10658.83219965105,9,"[268, 254, 273, 281, 259, 262, 269, 266, 249]","[0.1111111111111111, 0.1111111111111111, 0.1111111111111111, 0.1111111111111111, 0.1111111111111111, 0.1111111111111111, 0.1111111111111111, 0.1111111111111111, 0.1111111111111111]",61046.024998823756,61046.024998823756,0.0,0.0,0.0703782000055071,9.094947017729282e-13,181,0.0,0.02,0.8,340.817817222224,0,0.0,False,08ad55a129c188b78a6bf379ee5514cf466d54acf150f52d0326740697aa261f
2025-10-15,287,0,q4_3,B0,FORMAL_BACKUP,q4-inheritance-v2,delivery,6353.453557644845,9,"[268, 254, 273, 281, 259, 262, 269, 266, 249]","[0.1111111111111111, 0.1111111111111111, 0.1111111111111111, 0.1111111111111111, 0.1111111111111111, 0.1111111111111111, 0.1111111111111111, 0.1111111111111111, 0.1111111111111111]",85405.19496305045,85405.19496305045,2563.4583222911156,12772.789237469378,0.20418980000249576,1.8189894035458565e-12,289,0.0,0.02,0.8,0.0,0,0.0,False,08ad55a129c188b78a6bf379ee5514cf466d54acf150f52d0326740697aa261f
2025-10-15,287,6,q4_3,B0,FORMAL_BACKUP,q4-inheritance-v2,delivery,10684.587897009475,9,"[268, 254, 273, 281, 259, 262, 269, 266, 249]","[0.1111111111111111, 0.1111111111111111, 0.1111111111111111, 0.1111111111111111, 0.1111111111111111, 0.1111111111111111, 0.1111111111111111, 0.1111111111111111, 0.1111111111111111]",68710.60332585873,68710.60332585873,994.9463855433135,4974.731927716568,0.13229069999943022,3.637978807091713e-12,253,0.0,0.02,0.8,11555.562453588711,0,0.0,False,08ad55a129c188b78a6bf379ee5514cf466d54acf150f52d0326740697aa261f
2025-10-15,287,12,q4_3,B0,FORMAL_BACKUP,q4-inheritance-v2,delivery,5467.366628941506,9,"[268, 254, 273, 281, 259, 262, 269, 266, 249]","[0.1111111111111111, 0.1111111111111111, 0.1111111111111111, 0.1111111111111111, 0.1111111111111111, 0.1111111111111111, 0.1111111111111111, 0.1111111111111111, 0.1111111111111111]",66439.78997219368,66439.78997219368,74.60803366255297,373.04016831276493,0.11452319999807514,1.8189894035458565e-12,217,0.0,0.02,0.8,4646.499154814816,0,0.0,False,08ad55a129c188b78a6bf379ee5514cf466d54acf150f52d0326740697aa261f
2025-10-15,287,18,q4_3,B0,FORMAL_BACKUP,q4-inheritance-v2,delivery,10528.739580542919,9,"[268, 254, 273, 281, 259, 262, 269, 266, 249]","[0.1111111111111111, 0.1111111111111111, 0.1111111111111111, 0.1111111111111111, 0.1111111111111111, 0.1111111111111111, 0.1111111111111111, 0.1111111111111111, 0.1111111111111111]",51336.217593062174,51336.217593062174,0.0,0.0,0.08160970000608359,9.094947017729282e-13,181,0.0,0.02,0.8,371.5412001666664,0,0.0,False,08ad55a129c188b78a6bf379ee5514cf466d54acf150f52d0326740697aa261f
2025-10-16,288,0,q4_3,B0,FORMAL_BACKUP,q4-inheritance-v2,delivery,6456.100902375216,9,"[268, 283, 274, 246, 271, 262, 269, 266, 249]","[0.1111111111111111, 0.1111111111111111, 0.1111111111111111, 0.1111111111111111, 0.1111111111111111, 0.1111111111111111, 0.1111111111111111, 0.1111111111111111, 0.1111111111111111]",61857.20245002028,61857.20245002028,2846.1121637852248,14115.951134036677,0.19927529999404214,1.8189894035458565e-12,289,0.0,0.02,0.8,0.0,0,0.0,False,08ad55a129c188b78a6bf379ee5514cf466d54acf150f52d0326740697aa261f
2025-10-16,288,6,q4_3,B0,FORMAL_BACKUP,q4-inheritance-v2,delivery,10656.659450318024,9,"[268, 283, 274, 246, 271, 262, 269, 266, 249]","[0.1111111111111111, 0.1111111111111111, 0.1111111111111111, 0.1111111111111111, 0.1111111111111111, 0.1111111111111111, 0.1111111111111111, 0.1111111111111111, 0.1111111111111111]",48928.219379894974,48928.219379894974,2611.6955725022717,12551.6175308947,0.12722319999011233,7.275957614183426e-12,253,0.0,0.02,0.8,3562.974563805558,0,0.0,False,08ad55a129c188b78a6bf379ee5514cf466d54acf150f52d0326740697aa261f
2025-10-16,288,12,q4_3,B0,FORMAL_BACKUP,q4-inheritance-v2,delivery,6675.968360812169,9,"[268, 283, 274, 246, 271, 262, 269, 266, 249]","[0.1111111111111111, 0.1111111111111111, 0.1111111111111111, 0.1111111111111111, 0.1111111111111111, 0.1111111111111111, 0.1111111111111111, 0.1111111111111111, 0.1111111111111111]",45147.771970008864,45147.771970008864,641.916178344864,3194.062552284516,0.1119635999930324,1.8189894035458565e-12,217,0.0,0.02,0.8,2048.3319729858813,0,0.0,False,08ad55a129c188b78a6bf379ee5514cf466d54acf150f52d0326740697aa261f
2025-10-16,288,18,q4_3,B0,FORMAL_BACKUP,q4-inheritance-v2,delivery,10545.716483459935,9,"[268, 283, 274, 246, 271, 262, 269, 266, 249]","[0.1111111111111111, 0.1111111111111111, 0.1111111111111111, 0.1111111111111111, 0.1111111111111111, 0.1111111111111111, 0.1111111111111111, 0.1111111111111111, 0.1111111111111111]",29852.802539064854,29852.802539064854,199.0337128875411,971.6090320187348,0.07870799998636357,1.8189894035458565e-12,181,0.0,0.02,0.8,0.0,0,0.0,False,08ad55a129c188b78a6bf379ee5514cf466d54acf150f52d0326740697aa261f
2025-10-17,289,0,q4_3,B0,FORMAL_BACKUP,q4-inheritance-v2,delivery,1877.2673467979714,9,"[268, 283, 274, 258, 252, 262, 269, 266, 249]","[0.1111111111111111, 0.1111111111111111, 0.1111111111111111, 0.1111111111111111, 0.1111111111111111, 0.1111111111111111, 0.1111111111111111, 0.1111111111111111, 0.1111111111111111]",37521.596892807844,37521.596892807844,1242.2921670342419,6211.46083517121,0.187088999999105,1.8189894035458565e-12,289,0.0,0.02,0.8,0.0,0,0.0,False,08ad55a129c188b78a6bf379ee5514cf466d54acf150f52d0326740697aa261f
2025-10-17,289,6,q4_3,B0,FORMAL_BACKUP,q4-inheritance-v2,delivery,8825.421670779664,9,"[268, 283, 274, 258, 252, 262, 269, 266, 249]","[0.1111111111111111, 0.1111111111111111, 0.1111111111111111, 0.1111111111111111, 0.1111111111111111, 0.1111111111111111, 0.1111111111111111, 0.1111111111111111, 0.1111111111111111]",30810.74514747821,30810.74514747821,894.0565718037203,4336.432323599621,0.11856180000177119,1.8189894035458565e-12,253,0.0,0.02,0.8,1276.1241286488362,0,0.0,False,08ad55a129c188b78a6bf379ee5514cf466d54acf150f52d0326740697aa261f
2025-10-17,289,12,q4_3,B0,FORMAL_BACKUP,q4-inheritance-v2,delivery,10800.0,9,"[268, 283, 274, 258, 252, 262, 269, 266, 249]","[0.1111111111111111, 0.1111111111111111, 0.1111111111111111, 0.1111111111111111, 0.1111111111111111, 0.1111111111111111, 0.1111111111111111, 0.1111111111111111, 0.1111111111111111]",30358.326163950285,30358.326163950285,948.7732814866599,4586.636274923167,0.08815930000855587,1.8189894035458565e-12,217,0.0,0.02,0.8,753.4039397445074,0,0.0,False,08ad55a129c188b78a6bf379ee5514cf466d54acf150f52d0326740697aa261f
2025-10-17,289,18,q4_3,B0,FORMAL_BACKUP,q4-inheritance-v2,delivery,10800.0,9,"[268, 283, 274, 258, 252, 262, 269, 266, 249]","[0.1111111111111111, 0.1111111111111111, 0.1111111111111111, 0.1111111111111111, 0.1111111111111111, 0.1111111111111111, 0.1111111111111111, 0.1111111111111111, 0.1111111111111111]",26182.74288069733,26182.74288069733,195.9381974441673,979.6909872208366,0.08188220000010915,1.8189894035458565e-12,181,0.0,0.02,0.8,0.0,0,0.0,False,08ad55a129c188b78a6bf379ee5514cf466d54acf150f52d0326740697aa261f
2025-10-18,290,0,q4_3,B0,FORMAL_BACKUP,q4-inheritance-v2,delivery,9229.167048645715,9,"[275, 283, 255, 265, 252, 262, 269, 266, 249]","[0.1111111111111111, 0.1111111111111111, 0.1111111111111111, 0.1111111111111111, 0.1111111111111111, 0.1111111111111111, 0.1111111111111111, 0.1111111111111111, 0.1111111111111111]",47543.60277365594,47543.60277365594,1030.4631399626098,5152.315699813051,0.23734710000280757,1.8189894035458565e-12,289,0.0,0.02,0.8,0.0,0,0.0,False,08ad55a129c188b78a6bf379ee5514cf466d54acf150f52d0326740697aa261f
2025-10-18,290,6,q4_3,B0,FORMAL_BACKUP,q4-inheritance-v2,delivery,5837.809614080918,9,"[275, 283, 255, 265, 252, 262, 269, 266, 249]","[0.1111111111111111, 0.1111111111111111, 0.1111111111111111, 0.1111111111111111, 0.1111111111111111, 0.1111111111111111, 0.1111111111111111, 0.1111111111111111, 0.1111111111111111]",43224.068485994314,43224.068485994314,737.9739210913907,3689.8696054569536,0.12149730000237469,1.8189894035458565e-12,253,0.0,0.02,0.8,595.2742101388908,0,0.0,False,08ad55a129c188b78a6bf379ee5514cf466d54acf150f52d0326740697aa261f
2025-10-18,290,12,q4_3,B0,FORMAL_BACKUP,q4-inheritance-v2,delivery,10800.0,9,"[275, 283, 255, 265, 252, 262, 269, 266, 249]","[0.1111111111111111, 0.1111111111111111, 0.1111111111111111, 0.1111111111111111, 0.1111111111111111, 0.1111111111111111, 0.1111111111111111, 0.1111111111111111, 0.1111111111111111]",45616.00075651186,45616.00075651186,241.9660691037591,1209.8303455187956,0.07890510000288486,1.8189894035458565e-12,217,0.0,0.02,0.8,385.7660799999996,0,0.0,False,08ad55a129c188b78a6bf379ee5514cf466d54acf150f52d0326740697aa261f
2025-10-18,290,18,q4_3,B0,FORMAL_BACKUP,q4-inheritance-v2,delivery,10800.0,9,"[275, 283, 255, 265, 252, 262, 269, 266, 249]","[0.1111111111111111, 0.1111111111111111, 0.1111111111111111, 0.1111111111111111, 0.1111111111111111, 0.1111111111111111, 0.1111111111111111, 0.1111111111111111, 0.1111111111111111]",42497.3722666744,42497.3722666744,37.00158999684029,185.00794998420145,0.08584970000083558,9.094947017729282e-13,181,0.0,0.02,0.8,2.2737367544323206e-13,0,0.0,False,08ad55a129c188b78a6bf379ee5514cf466d54acf150f52d0326740697aa261f
2025-10-19,291,0,q4_3,B0,FORMAL_BACKUP,q4-inheritance-v2,delivery,8705.151060177086,9,"[275, 283, 255, 248, 285, 262, 269, 266, 249]","[0.1111111111111111, 0.1111111111111111, 0.1111111111111111, 0.1111111111111111, 0.1111111111111111, 0.1111111111111111, 0.1111111111111111, 0.1111111111111111, 0.1111111111111111]",68657.59018985613,68657.59018985613,2183.4959356218387,10917.479678109195,0.17701520000991877,1.8189894035458565e-12,289,0.0,0.02,0.8,0.0,0,0.0,False,08ad55a129c188b78a6bf379ee5514cf466d54acf150f52d0326740697aa261f
2025-10-19,291,6,q4_3,B0,FORMAL_BACKUP,q4-inheritance-v2,delivery,9056.156264903533,9,"[275, 283, 255, 248, 285, 262, 269, 266, 249]","[0.1111111111111111, 0.1111111111111111, 0.1111111111111111, 0.1111111111111111, 0.1111111111111111, 0.1111111111111111, 0.1111111111111111, 0.1111111111111111, 0.1111111111111111]",58393.7000233953,58393.7000233953,1532.5756380693113,7662.878190346558,0.12527799999224953,1.8189894035458565e-12,253,0.0,0.02,0.8,3954.6626146957533,0,0.0,False,08ad55a129c188b78a6bf379ee5514cf466d54acf150f52d0326740697aa261f
2025-10-19,291,12,q4_3,B0,FORMAL_BACKUP,q4-inheritance-v2,delivery,3917.206875357833,9,"[275, 283, 255, 248, 285, 262, 269, 266, 249]","[0.1111111111111111, 0.1111111111111111, 0.1111111111111111, 0.1111111111111111, 0.1111111111111111, 0.1111111111111111, 0.1111111111111111, 0.1111111111111111, 0.1111111111111111]",59982.510568666825,59982.510568666825,612.4178313442792,3062.089156721396,0.08393199999409262,1.8189894035458565e-12,217,0.0,0.02,0.8,2122.676544529083,0,0.0,False,08ad55a129c188b78a6bf379ee5514cf466d54acf150f52d0326740697aa261f
2025-10-19,291,18,q4_3,B0,FORMAL_BACKUP,q4-inheritance-v2,delivery,9294.12489395435,9,"[275, 283, 255, 248, 285, 262, 269, 266, 249]","[0.1111111111111111, 0.1111111111111111, 0.1111111111111111, 0.1111111111111111, 0.1111111111111111, 0.1111111111111111, 0.1111111111111111, 0.1111111111111111, 0.1111111111111111]",49636.839370860136,49636.839370860136,502.9902778842866,2493.9187785472686,0.05591609999828506,9.094947017729282e-13,181,0.0,0.02,0.8,510.80330801234334,0,0.0,False,08ad55a129c188b78a6bf379ee5514cf466d54acf150f52d0326740697aa261f
2025-10-20,292,0,q4_3,B0,FORMAL_BACKUP,q4-inheritance-v2,delivery,5000.093181090461,9,"[275, 276, 255, 248, 285, 262, 269, 266, 249]","[0.1111111111111111, 0.1111111111111111, 0.1111111111111111, 0.1111111111111111, 0.1111111111111111, 0.1111111111111111, 0.1111111111111111, 0.1111111111111111, 0.1111111111111111]",93704.86934105874,93704.86934105874,2731.258499062577,13589.625076499704,0.17767680001270492,3.637978807091713e-12,289,0.0,0.02,0.8,0.0,0,0.0,False,08ad55a129c188b78a6bf379ee5514cf466d54acf150f52d0326740697aa261f
2025-10-20,292,6,q4_3,B0,FORMAL_BACKUP,q4-inheritance-v2,delivery,10752.978124074703,9,"[275, 276, 255, 248, 285, 262, 269, 266, 249]","[0.1111111111111111, 0.1111111111111111, 0.1111111111111111, 0.1111111111111111, 0.1111111111111111, 0.1111111111111111, 0.1111111111111111, 0.1111111111111111, 0.1111111111111111]",77864.05440877023,77864.05440877023,697.0084073180252,3484.760719899848,0.12461210000037681,1.8189894035458565e-12,253,0.0,0.02,0.8,5554.1511902500015,0,0.0,False,08ad55a129c188b78a6bf379ee5514cf466d54acf150f52d0326740697aa261f
2025-10-20,292,12,q4_3,B0,FORMAL_BACKUP,q4-inheritance-v2,delivery,7764.5303575678245,9,"[275, 276, 255, 248, 285, 262, 269, 266, 249]","[0.1111111111111111, 0.1111111111111111, 0.1111111111111111, 0.1111111111111111, 0.1111111111111111, 0.1111111111111111, 0.1111111111111111, 0.1111111111111111, 0.1111111111111111]",76161.83318887942,76161.83318887942,135.88250994114333,679.4125497057167,0.10483310000563506,9.094947017729282e-13,217,0.0,0.02,0.8,2120.5921908786418,0,0.0,False,08ad55a129c188b78a6bf379ee5514cf466d54acf150f52d0326740697aa261f
2025-10-20,292,18,q4_3,B0,FORMAL_BACKUP,q4-inheritance-v2,delivery,10470.236170690958,9,"[275, 276, 255, 248, 285, 262, 269, 266, 249]","[0.1111111111111111, 0.1111111111111111, 0.1111111111111111, 0.1111111111111111, 0.1111111111111111, 0.1111111111111111, 0.1111111111111111, 0.1111111111111111, 0.1111111111111111]",60234.52694041948,60234.52694041948,0.0,0.0,0.07783299998845905,9.094947017729282e-13,181,0.0,0.02,0.8,204.07080892592205,0,0.0,False,08ad55a129c188b78a6bf379ee5514cf466d54acf150f52d0326740697aa261f
2025-10-21,293,0,q4_3,B0,FORMAL_BACKUP,q4-inheritance-v2,delivery,5559.512889536874,9,"[275, 276, 289, 265, 285, 262, 269, 266, 249]","[0.1111111111111111, 0.1111111111111111, 0.1111111111111111, 0.1111111111111111, 0.1111111111111111, 0.1111111111111111, 0.1111111111111111, 0.1111111111111111, 0.1111111111111111]",90136.828324171,90136.828324171,3078.2839292466965,15206.788390481539,0.21097980000195093,1.8189894035458565e-12,289,0.0,0.02,0.8,0.0,0,0.0,False,08ad55a129c188b78a6bf379ee5514cf466d54acf150f52d0326740697aa261f
2025-10-21,293,6,q4_3,B0,FORMAL_BACKUP,q4-inheritance-v2,delivery,10725.966941783776,9,"[275, 276, 289, 265, 285, 262, 269, 266, 249]","[0.1111111111111111, 0.1111111111111111, 0.1111111111111111, 0.1111111111111111, 0.1111111111111111, 0.1111111111111111, 0.1111111111111111, 0.1111111111111111, 0.1111111111111111]",75721.32255815344,75721.32255815344,1633.1933785568208,8164.1332051027775,0.13026199999148957,1.8189894035458565e-12,253,0.0,0.02,0.8,4177.392024876554,0,0.0,False,08ad55a129c188b78a6bf379ee5514cf466d54acf150f52d0326740697aa261f
2025-10-21,293,12,q4_3,B0,FORMAL_BACKUP,q4-inheritance-v2,delivery,6168.969233557862,9,"[275, 276, 289, 265, 285, 262, 269, 266, 249]","[0.1111111111111111, 0.1111111111111111, 0.1111111111111111, 0.1111111111111111, 0.1111111111111111, 0.1111111111111111, 0.1111111111111111, 0.1111111111111111, 0.1111111111111111]",72250.79496094711,72250.79496094711,269.9790665685577,1349.8953328427888,0.11015059999772348,1.8189894035458565e-12,217,0.0,0.02,0.8,1827.8699622301815,0,0.0,False,08ad55a129c188b78a6bf379ee5514cf466d54acf150f52d0326740697aa261f
2025-10-21,293,18,q4_3,B0,FORMAL_BACKUP,q4-inheritance-v2,delivery,10661.020250682832,9,"[275, 276, 289, 265, 285, 262, 269, 266, 249]","[0.1111111111111111, 0.1111111111111111, 0.1111111111111111, 0.1111111111111111, 0.1111111111111111, 0.1111111111111111, 0.1111111111111111, 0.1111111111111111, 0.1111111111111111]",51902.8412537289,51902.8412537289,0.0,0.0,0.08524929999839514,1.8189894035458565e-12,181,0.0,0.02,0.8,86.37494024790197,0,0.0,False,08ad55a129c188b78a6bf379ee5514cf466d54acf150f52d0326740697aa261f
2025-10-22,294,0,q4_3,B0,FORMAL_BACKUP,q4-inheritance-v2,delivery,5244.89112369421,9,"[275, 276, 289, 265, 285, 262, 269, 266, 291]","[0.1111111111111111, 0.1111111111111111, 0.1111111111111111, 0.1111111111111111, 0.1111111111111111, 0.1111111111111111, 0.1111111111111111, 0.1111111111111111, 0.1111111111111111]",90725.41596905106,90725.41596905106,4010.7251027191796,20053.625513595904,0.24887710000621155,7.275957614183426e-12,289,0.0,0.02,0.8,0.0,0,0.0,False,08ad55a129c188b78a6bf379ee5514cf466d54acf150f52d0326740697aa261f
2025-10-22,294,6,q4_3,B0,FORMAL_BACKUP,q4-inheritance-v2,delivery,10754.5633785506,9,"[275, 276, 289, 265, 285, 262, 269, 266, 291]","[0.1111111111111111, 0.1111111111111111, 0.1111111111111111, 0.1111111111111111, 0.1111111111111111, 0.1111111111111111, 0.1111111111111111, 0.1111111111111111, 0.1111111111111111]",78173.79910068575,78173.79910068575,3511.2048382732187,17555.676078467375,0.11025129999325145,1.8189894035458565e-12,253,0.0,0.02,0.8,1450.3592762283963,0,0.0,False,08ad55a129c188b78a6bf379ee5514cf466d54acf150f52d0326740697aa261f
2025-10-22,294,12,q4_3,B0,FORMAL_BACKUP,q4-inheritance-v2,delivery,7333.718902190066,9,"[275, 276, 289, 265, 285, 262, 269, 266, 291]","[0.1111111111111111, 0.1111111111111111, 0.1111111111111111, 0.1111111111111111, 0.1111111111111111, 0.1111111111111111, 0.1111111111111111, 0.1111111111111111, 0.1111111111111111]",70052.79796195756,70052.79796195756,2404.459654859297,12022.298274296487,0.10854139999719337,1.8189894035458565e-12,217,0.0,0.02,0.8,1550.121459222227,0,0.0,False,08ad55a129c188b78a6bf379ee5514cf466d54acf150f52d0326740697aa261f
2025-10-22,294,18,q4_3,B0,FORMAL_BACKUP,q4-inheritance-v2,delivery,10177.083349170573,9,"[275, 276, 289, 265, 285, 262, 269, 266, 291]","[0.1111111111111111, 0.1111111111111111, 0.1111111111111111, 0.1111111111111111, 0.1111111111111111, 0.1111111111111111, 0.1111111111111111, 0.1111111111111111, 0.1111111111111111]",56598.56923827879,56598.56923827879,649.6848012309825,3248.4240061549135,0.08551049999368843,9.094947017729282e-13,181,0.0,0.02,0.8,2.2737367544323206e-13,0,0.0,False,08ad55a129c188b78a6bf379ee5514cf466d54acf150f52d0326740697aa261f
2025-10-23,295,0,q4_3,B0,FORMAL_BACKUP,q4-inheritance-v2,delivery,5408.257356822274,9,"[275, 276, 289, 258, 252, 262, 269, 266, 291]","[0.1111111111111111, 0.1111111111111111, 0.1111111111111111, 0.1111111111111111, 0.1111111111111111, 0.1111111111111111, 0.1111111111111111, 0.1111111111111111, 0.1111111111111111]",75298.53568093102,75298.53568093102,4594.697616269145,22803.850849055492,0.20045540000137407,1.8189894035458565e-12,289,0.0,0.02,0.8,0.0,0,0.0,False,08ad55a129c188b78a6bf379ee5514cf466d54acf150f52d0326740697aa261f
2025-10-23,295,6,q4_3,B0,FORMAL_BACKUP,q4-inheritance-v2,delivery,10773.834517043068,9,"[275, 276, 289, 258, 252, 262, 269, 266, 291]","[0.1111111111111111, 0.1111111111111111, 0.1111111111111111, 0.1111111111111111, 0.1111111111111111, 0.1111111111111111, 0.1111111111111111, 0.1111111111111111, 0.1111111111111111]",57898.537256903386,57898.537256903386,2068.0291546580065,10340.056115873986,0.12397479999344796,1.8189894035458565e-12,253,0.0,0.02,0.8,10517.796058387115,0,0.0,False,08ad55a129c188b78a6bf379ee5514cf466d54acf150f52d0326740697aa261f
2025-10-23,295,12,q4_3,B0,FORMAL_BACKUP,q4-inheritance-v2,delivery,9786.574885360595,9,"[275, 276, 289, 258, 252, 262, 269, 266, 291]","[0.1111111111111111, 0.1111111111111111, 0.1111111111111111, 0.1111111111111111, 0.1111111111111111, 0.1111111111111111, 0.1111111111111111, 0.1111111111111111, 0.1111111111111111]",49184.338280190255,49184.338280190255,2227.8321000345813,11139.16050017291,0.11513170000398532,1.8189894035458565e-12,217,0.0,0.02,0.8,3516.648899351856,0,0.0,False,08ad55a129c188b78a6bf379ee5514cf466d54acf150f52d0326740697aa261f
2025-10-23,295,18,q4_3,B0,FORMAL_BACKUP,q4-inheritance-v2,delivery,10364.452723444194,9,"[275, 276, 289, 258, 252, 262, 269, 266, 291]","[0.1111111111111111, 0.1111111111111111, 0.1111111111111111, 0.1111111111111111, 0.1111111111111111, 0.1111111111111111, 0.1111111111111111, 0.1111111111111111, 0.1111111111111111]",33953.623034241486,33953.623034241486,479.6273946144737,2398.136973072369,0.06598110000777524,9.094947017729282e-13,181,0.0,0.02,0.8,0.0,0,0.0,False,08ad55a129c188b78a6bf379ee5514cf466d54acf150f52d0326740697aa261f
2025-10-24,296,0,q4_3,B0,FORMAL_BACKUP,q4-inheritance-v2,delivery,3717.400245225243,9,"[275, 276, 289, 258, 252, 288, 269, 266, 291]","[0.1111111111111111, 0.1111111111111111, 0.1111111111111111, 0.1111111111111111, 0.1111111111111111, 0.1111111111111111, 0.1111111111111111, 0.1111111111111111, 0.1111111111111111]",40450.03158538467,40450.03158538467,3044.0827419678612,15189.838470328712,0.19649960000242572,1.8189894035458565e-12,289,0.0,0.02,0.8,0.0,0,0.0,False,08ad55a129c188b78a6bf379ee5514cf466d54acf150f52d0326740697aa261f
2025-10-24,296,6,q4_3,B0,FORMAL_BACKUP,q4-inheritance-v2,delivery,9637.806688913979,9,"[275, 276, 289, 258, 252, 288, 269, 266, 291]","[0.1111111111111111, 0.1111111111111111, 0.1111111111111111, 0.1111111111111111, 0.1111111111111111, 0.1111111111111111, 0.1111111111111111, 0.1111111111111111, 0.1111111111111111]",32898.44680292917,32898.44680292917,2867.2310025006764,14265.731079518751,0.08138719999988098,3.637978807091713e-12,253,0.0,0.02,0.8,1986.404240388885,0,0.0,False,08ad55a129c188b78a6bf379ee5514cf466d54acf150f52d0326740697aa261f
2025-10-24,296,12,q4_3,B0,FORMAL_BACKUP,q4-inheritance-v2,delivery,10800.0,9,"[275, 276, 289, 258, 252, 288, 269, 266, 291]","[0.1111111111111111, 0.1111111111111111, 0.1111111111111111, 0.1111111111111111, 0.1111111111111111, 0.1111111111111111, 0.1111111111111111, 0.1111111111111111, 0.1111111111111111]",32372.18304420245,32372.18304420245,2447.9967770858752,12096.308660871478,0.07505030000174884,1.8189894035458565e-12,217,0.0,0.02,0.8,1272.9993763165983,0,0.0,False,08ad55a129c188b78a6bf379ee5514cf466d54acf150f52d0326740697aa261f
2025-10-24,296,18,q4_3,B0,FORMAL_BACKUP,q4-inheritance-v2,delivery,10800.0,9,"[275, 276, 289, 258, 252, 288, 269, 266, 291]","[0.1111111111111111, 0.1111111111111111, 0.1111111111111111, 0.1111111111111111, 0.1111111111111111, 0.1111111111111111, 0.1111111111111111, 0.1111111111111111, 0.1111111111111111]",24898.156343344657,24898.156343344657,876.4550925111038,4382.275462555519,0.07950739999068901,1.8189894035458565e-12,181,0.0,0.02,0.8,1.7053025658242404e-13,0,0.0,False,08ad55a129c188b78a6bf379ee5514cf466d54acf150f52d0326740697aa261f
2025-10-25,297,0,q4_3,B0,FORMAL_BACKUP,q4-inheritance-v2,delivery,6653.045035834959,9,"[282, 276, 289, 258, 285, 288, 269, 266, 291]","[0.1111111111111111, 0.1111111111111111, 0.1111111111111111, 0.1111111111111111, 0.1111111111111111, 0.1111111111111111, 0.1111111111111111, 0.1111111111111111, 0.1111111111111111]",49116.413243040304,49116.413243040304,2577.9195911836587,12889.597955918294,0.15385230000538286,1.8189894035458565e-12,289,0.0,0.02,0.8,0.0,0,0.0,False,08ad55a129c188b78a6bf379ee5514cf466d54acf150f52d0326740697aa261f
2025-10-25,297,6,q4_3,B0,FORMAL_BACKUP,q4-inheritance-v2,delivery,7301.81878994329,9,"[282, 276, 289, 258, 285, 288, 269, 266, 291]","[0.1111111111111111, 0.1111111111111111, 0.1111111111111111, 0.1111111111111111, 0.1111111111111111, 0.1111111111111111, 0.1111111111111111, 0.1111111111111111, 0.1111111111111111]",43678.85001703058,43678.85001703058,2298.7010946686,11478.375291635448,0.08047249999071937,3.637978807091713e-12,253,0.0,0.02,0.8,2124.2976730943737,0,0.0,False,08ad55a129c188b78a6bf379ee5514cf466d54acf150f52d0326740697aa261f
2025-10-25,297,12,q4_3,B0,FORMAL_BACKUP,q4-inheritance-v2,delivery,10800.0,9,"[282, 276, 289, 258, 285, 288, 269, 266, 291]","[0.1111111111111111, 0.1111111111111111, 0.1111111111111111, 0.1111111111111111, 0.1111111111111111, 0.1111111111111111, 0.1111111111111111, 0.1111111111111111, 0.1111111111111111]",42915.4170323022,42915.4170323022,1967.7605122162079,9831.034413001657,0.07327639999857638,3.637978807091713e-12,217,0.0,0.02,0.8,29.933992166663877,0,0.0,False,08ad55a129c188b78a6bf379ee5514cf466d54acf150f52d0326740697aa261f
2025-10-25,297,18,q4_3,B0,FORMAL_BACKUP,q4-inheritance-v2,delivery,10800.0,9,"[282, 276, 289, 258, 285, 288, 269, 266, 291]","[0.1111111111111111, 0.1111111111111111, 0.1111111111111111, 0.1111111111111111, 0.1111111111111111, 0.1111111111111111, 0.1111111111111111, 0.1111111111111111, 0.1111111111111111]",38915.93974857331,38915.93974857331,720.8426258727003,3604.2131293635025,0.08543700000154786,9.094947017729282e-13,181,0.0,0.02,0.8,0.0,0,0.0,False,08ad55a129c188b78a6bf379ee5514cf466d54acf150f52d0326740697aa261f
2025-10-26,298,0,q4_3,B0,FORMAL_BACKUP,q4-inheritance-v2,delivery,7919.257543025549,9,"[282, 276, 289, 258, 271, 288, 269, 266, 291]","[0.1111111111111111, 0.1111111111111111, 0.1111111111111111, 0.1111111111111111, 0.1111111111111111, 0.1111111111111111, 0.1111111111111111, 0.1111111111111111, 0.1111111111111111]",72846.64404453756,72846.64404453756,3600.357162648069,18001.78581324035,0.25191500000073574,1.8189894035458565e-12,289,0.0,0.02,0.8,0.0,0,0.0,False,08ad55a129c188b78a6bf379ee5514cf466d54acf150f52d0326740697aa261f
2025-10-26,298,6,q4_3,B0,FORMAL_BACKUP,q4-inheritance-v2,delivery,8826.60380517916,9,"[282, 276, 289, 258, 271, 288, 269, 266, 291]","[0.1111111111111111, 0.1111111111111111, 0.1111111111111111, 0.1111111111111111, 0.1111111111111111, 0.1111111111111111, 0.1111111111111111, 0.1111111111111111, 0.1111111111111111]",61081.47135959697,61081.47135959697,2811.4947909265547,14057.473954632775,0.12468879998777993,1.8189894035458565e-12,253,0.0,0.02,0.8,4994.532448611116,0,0.0,False,08ad55a129c188b78a6bf379ee5514cf466d54acf150f52d0326740697aa261f
2025-10-26,298,12,q4_3,B0,FORMAL_BACKUP,q4-inheritance-v2,delivery,4746.105491103314,9,"[282, 276, 289, 258, 271, 288, 269, 266, 291]","[0.1111111111111111, 0.1111111111111111, 0.1111111111111111, 0.1111111111111111, 0.1111111111111111, 0.1111111111111111, 0.1111111111111111, 0.1111111111111111, 0.1111111111111111]",57881.4059262479,57881.4059262479,2726.490377847893,13632.451889239468,0.10159820000990294,1.8189894035458565e-12,217,0.0,0.02,0.8,1574.288545833333,0,0.0,False,08ad55a129c188b78a6bf379ee5514cf466d54acf150f52d0326740697aa261f
2025-10-26,298,18,q4_3,B0,FORMAL_BACKUP,q4-inheritance-v2,delivery,9183.614026952451,9,"[282, 276, 289, 258, 271, 288, 269, 266, 291]","[0.1111111111111111, 0.1111111111111111, 0.1111111111111111, 0.1111111111111111, 0.1111111111111111, 0.1111111111111111, 0.1111111111111111, 0.1111111111111111, 0.1111111111111111]",46850.73752939732,46850.73752939732,523.7217483425592,2618.6087417127965,0.07562709999911021,1.8189894035458565e-12,181,0.0,0.02,0.8,1.7053025658242404e-13,0,0.0,False,08ad55a129c188b78a6bf379ee5514cf466d54acf150f52d0326740697aa261f
2025-10-27,299,0,q4_3,B0,FORMAL_BACKUP,q4-inheritance-v2,delivery,5157.263326069098,9,"[282, 276, 289, 258, 271, 288, 269, 266, 291]","[0.1111111111111111, 0.1111111111111111, 0.1111111111111111, 0.1111111111111111, 0.1111111111111111, 0.1111111111111111, 0.1111111111111111, 0.1111111111111111, 0.1111111111111111]",90482.07901919296,90482.07901919296,3988.084348131835,19892.059970045106,0.2070435999921756,7.275957614183426e-12,289,0.0,0.02,0.8,0.0,0,0.0,False,08ad55a129c188b78a6bf379ee5514cf466d54acf150f52d0326740697aa261f
2025-10-27,299,6,q4_3,B0,FORMAL_BACKUP,q4-inheritance-v2,delivery,10732.816023221194,9,"[282, 276, 289, 258, 271, 288, 269, 266, 291]","[0.1111111111111111, 0.1111111111111111, 0.1111111111111111, 0.1111111111111111, 0.1111111111111111, 0.1111111111111111, 0.1111111111111111, 0.1111111111111111, 0.1111111111111111]",81508.66022469764,81508.66022469764,5105.052033199529,25260.182740683045,0.08858359999430832,1.8189894035458565e-12,253,0.0,0.02,0.8,1312.6041431947463,0,0.0,False,08ad55a129c188b78a6bf379ee5514cf466d54acf150f52d0326740697aa261f
2025-10-27,299,12,q4_3,B0,FORMAL_BACKUP,q4-inheritance-v2,delivery,8190.662937804681,9,"[282, 276, 289, 258, 271, 288, 269, 266, 291]","[0.1111111111111111, 0.1111111111111111, 0.1111111111111111, 0.1111111111111111, 0.1111111111111111, 0.1111111111111111, 0.1111111111111111, 0.1111111111111111, 0.1111111111111111]",72203.5629232091,72203.5629232091,3207.167435837928,16035.837179189642,0.09859949999372475,1.0913936421275139e-11,217,0.0,0.02,0.8,3174.3937665589447,0,0.0,False,08ad55a129c188b78a6bf379ee5514cf466d54acf150f52d0326740697aa261f
2025-10-27,299,18,q4_3,B0,FORMAL_BACKUP,q4-inheritance-v2,delivery,9144.316458515055,9,"[282, 276, 289, 258, 271, 288, 269, 266, 291]","[0.1111111111111111, 0.1111111111111111, 0.1111111111111111, 0.1111111111111111, 0.1111111111111111, 0.1111111111111111, 0.1111111111111111, 0.1111111111111111, 0.1111111111111111]",58022.16077069294,58022.16077069294,889.595586935829,4447.9779346791465,0.060830099988379516,9.094947017729282e-13,181,0.0,0.02,0.8,0.0,0,0.0,False,08ad55a129c188b78a6bf379ee5514cf466d54acf150f52d0326740697aa261f
2025-10-28,300,0,q4_3,B0,FORMAL_BACKUP,q4-inheritance-v2,delivery,5383.5299182258395,9,"[282, 276, 274, 258, 271, 288, 269, 266, 291]","[0.1111111111111111, 0.1111111111111111, 0.1111111111111111, 0.1111111111111111, 0.1111111111111111, 0.1111111111111111, 0.1111111111111111, 0.1111111111111111, 0.1111111111111111]",89215.03971478467,89215.03971478467,3956.7086132194463,19783.543066097234,0.1560382000025129,7.275957614183426e-12,289,0.0,0.02,0.8,0.0,0,0.0,False,08ad55a129c188b78a6bf379ee5514cf466d54acf150f52d0326740697aa261f
2025-10-28,300,6,q4_3,B0,FORMAL_BACKUP,q4-inheritance-v2,delivery,10800.0,9,"[282, 276, 274, 258, 271, 288, 269, 266, 291]","[0.1111111111111111, 0.1111111111111111, 0.1111111111111111, 0.1111111111111111, 0.1111111111111111, 0.1111111111111111, 0.1111111111111111, 0.1111111111111111, 0.1111111111111111]",79834.41745364822,79834.41745364822,4464.4043011221365,22312.802275656708,0.13181320000148844,7.275957614183426e-12,253,0.0,0.02,0.8,1114.0605494104975,0,0.0,False,08ad55a129c188b78a6bf379ee5514cf466d54acf150f52d0326740697aa261f
2025-10-28,300,12,q4_3,B0,FORMAL_BACKUP,q4-inheritance-v2,delivery,8695.179511123812,9,"[282, 276, 274, 258, 271, 288, 269, 266, 291]","[0.1111111111111111, 0.1111111111111111, 0.1111111111111111, 0.1111111111111111, 0.1111111111111111, 0.1111111111111111, 0.1111111111111111, 0.1111111111111111, 0.1111111111111111]",70774.47603840909,70774.47603840909,3530.5589402105256,17652.79470105263,0.1009663000004366,3.637978807091713e-12,217,0.0,0.02,0.8,1664.0300621449608,0,0.0,False,08ad55a129c188b78a6bf379ee5514cf466d54acf150f52d0326740697aa261f
2025-10-28,300,18,q4_3,B0,FORMAL_BACKUP,q4-inheritance-v2,delivery,9204.01041195042,9,"[282, 276, 274, 258, 271, 288, 269, 266, 291]","[0.1111111111111111, 0.1111111111111111, 0.1111111111111111, 0.1111111111111111, 0.1111111111111111, 0.1111111111111111, 0.1111111111111111, 0.1111111111111111, 0.1111111111111111]",59830.92611990352,59830.92611990352,1016.7620813024395,5083.810406512199,0.05444930000521708,9.094947017729282e-13,181,0.0,0.02,0.8,1.1368683772161603e-13,0,0.0,False,08ad55a129c188b78a6bf379ee5514cf466d54acf150f52d0326740697aa261f
2025-10-29,301,0,q4_3,B0,FORMAL_BACKUP,q4-inheritance-v2,delivery,4848.07586949897,9,"[282, 276, 274, 258, 271, 288, 269, 266, 291]","[0.1111111111111111, 0.1111111111111111, 0.1111111111111111, 0.1111111111111111, 0.1111111111111111, 0.1111111111111111, 0.1111111111111111, 0.1111111111111111, 0.1111111111111111]",93633.385106056,93633.385106056,4064.6002140859077,20323.001070429542,0.1392074000032153,1.8189894035458565e-12,289,0.0,0.02,0.8,0.0,0,0.0,False,08ad55a129c188b78a6bf379ee5514cf466d54acf150f52d0326740697aa261f
2025-10-29,301,6,q4_3,B0,FORMAL_BACKUP,q4-inheritance-v2,delivery,10759.849005902946,9,"[282, 276, 274, 258, 271, 288, 269, 266, 291]","[0.1111111111111111, 0.1111111111111111, 0.1111111111111111, 0.1111111111111111, 0.1111111111111111, 0.1111111111111111, 0.1111111111111111, 0.1111111111111111, 0.1111111111111111]",82071.87996424305,82071.87996424305,4214.117620296164,20676.7109261002,0.11387309999554418,1.8189894035458565e-12,253,0.0,0.02,0.8,696.582525331563,0,0.0,False,08ad55a129c188b78a6bf379ee5514cf466d54acf150f52d0326740697aa261f
2025-10-29,301,12,q4_3,B0,FORMAL_BACKUP,q4-inheritance-v2,delivery,6953.749524675691,9,"[282, 276, 274, 258, 271, 288, 269, 266, 291]","[0.1111111111111111, 0.1111111111111111, 0.1111111111111111, 0.1111111111111111, 0.1111111111111111, 0.1111111111111111, 0.1111111111111111, 0.1111111111111111, 0.1111111111111111]",74477.2889110815,74477.2889110815,1911.8436004985083,9559.218002492544,0.09343449999869335,3.637978807091713e-12,217,0.0,0.02,0.8,1334.413490821536,0,0.0,False,08ad55a129c188b78a6bf379ee5514cf466d54acf150f52d0326740697aa261f
2025-10-29,301,18,q4_3,B0,FORMAL_BACKUP,q4-inheritance-v2,delivery,10534.236921747359,9,"[282, 276, 274, 258, 271, 288, 269, 266, 291]","[0.1111111111111111, 0.1111111111111111, 0.1111111111111111, 0.1111111111111111, 0.1111111111111111, 0.1111111111111111, 0.1111111111111111, 0.1111111111111111, 0.1111111111111111]",56911.64739781302,56911.64739781302,225.279487074307,1126.3974353715353,0.08447489999525715,1.8189894035458565e-12,181,0.0,0.02,0.8,0.0,0,0.0,False,08ad55a129c188b78a6bf379ee5514cf466d54acf150f52d0326740697aa261f
2025-10-30,302,0,q4_3,B0,FORMAL_BACKUP,q4-inheritance-v2,delivery,6677.329717640725,9,"[282, 276, 274, 258, 271, 294, 269, 266, 291]","[0.1111111111111111, 0.1111111111111111, 0.1111111111111111, 0.1111111111111111, 0.1111111111111111, 0.1111111111111111, 0.1111111111111111, 0.1111111111111111, 0.1111111111111111]",65123.662140032,65123.662140032,4141.7677893859745,20698.59452413296,0.2164286000042921,1.8189894035458565e-12,289,0.0,0.02,0.8,0.0,0,0.0,False,08ad55a129c188b78a6bf379ee5514cf466d54acf150f52d0326740697aa261f
2025-10-30,302,6,q4_3,B0,FORMAL_BACKUP,q4-inheritance-v2,delivery,10774.14894406764,9,"[282, 276, 274, 258, 271, 294, 269, 266, 291]","[0.1111111111111111, 0.1111111111111111, 0.1111111111111111, 0.1111111111111111, 0.1111111111111111, 0.1111111111111111, 0.1111111111111111, 0.1111111111111111, 0.1111111111111111]",55606.83105702889,55606.83105702889,5155.273798334009,24884.512464240466,0.09884240000974387,1.4551915228366852e-11,253,0.0,0.02,0.8,347.09161083333913,0,0.0,False,08ad55a129c188b78a6bf379ee5514cf466d54acf150f52d0326740697aa261f
2025-10-30,302,12,q4_3,B0,FORMAL_BACKUP,q4-inheritance-v2,delivery,7307.732665534372,9,"[282, 276, 274, 258, 271, 294, 269, 266, 291]","[0.1111111111111111, 0.1111111111111111, 0.1111111111111111, 0.1111111111111111, 0.1111111111111111, 0.1111111111111111, 0.1111111111111111, 0.1111111111111111, 0.1111111111111111]",48814.31708807601,48814.31708807601,3231.442949997816,16157.214749989082,0.10151410000980832,1.8189894035458565e-12,217,0.0,0.02,0.8,136.5939113888914,0,0.0,False,08ad55a129c188b78a6bf379ee5514cf466d54acf150f52d0326740697aa261f
2025-10-30,302,18,q4_3,B0,FORMAL_BACKUP,q4-inheritance-v2,delivery,9667.247892927608,9,"[282, 276, 274, 258, 271, 294, 269, 266, 291]","[0.1111111111111111, 0.1111111111111111, 0.1111111111111111, 0.1111111111111111, 0.1111111111111111, 0.1111111111111111, 0.1111111111111111, 0.1111111111111111, 0.1111111111111111]",33006.23862639891,33006.23862639891,1079.2836964195858,5396.418482097929,0.05950670001038816,1.8189894035458565e-12,181,0.0,0.02,0.8,0.0,0,0.0,False,08ad55a129c188b78a6bf379ee5514cf466d54acf150f52d0326740697aa261f
2025-10-31,303,0,q4_3,B0,FORMAL_BACKUP,q4-inheritance-v2,delivery,2213.573982573014,9,"[282, 276, 274, 265, 285, 288, 300, 266, 291]","[0.1111111111111111, 0.1111111111111111, 0.1111111111111111, 0.1111111111111111, 0.1111111111111111, 0.1111111111111111, 0.1111111111111111, 0.1111111111111111, 0.1111111111111111]",44069.047683636716,44069.047683636716,2852.279018578227,14212.765052389686,0.1579208000039216,1.0913936421275139e-11,289,0.0,0.02,0.8,0.0,0,0.0,False,08ad55a129c188b78a6bf379ee5514cf466d54acf150f52d0326740697aa261f
2025-10-31,303,6,q4_3,B0,FORMAL_BACKUP,q4-inheritance-v2,delivery,10306.742484422077,9,"[282, 276, 274, 265, 285, 288, 300, 266, 291]","[0.1111111111111111, 0.1111111111111111, 0.1111111111111111, 0.1111111111111111, 0.1111111111111111, 0.1111111111111111, 0.1111111111111111, 0.1111111111111111, 0.1111111111111111]",34497.58490779927,34497.58490779927,2175.3733141830267,10876.866570915136,0.11685530000249855,1.8189894035458565e-12,253,0.0,0.02,0.8,649.8474962716085,0,0.0,False,08ad55a129c188b78a6bf379ee5514cf466d54acf150f52d0326740697aa261f
2025-10-31,303,12,q4_3,B0,FORMAL_BACKUP,q4-inheritance-v2,delivery,10800.0,9,"[282, 276, 274, 265, 285, 288, 300, 266, 291]","[0.1111111111111111, 0.1111111111111111, 0.1111111111111111, 0.1111111111111111, 0.1111111111111111, 0.1111111111111111, 0.1111111111111111, 0.1111111111111111, 0.1111111111111111]",32903.16375832203,32903.16375832203,1299.7334619301712,6498.6673096508575,0.10590850000153296,3.637978807091713e-12,217,0.0,0.02,0.8,2919.3546571358074,0,0.0,False,08ad55a129c188b78a6bf379ee5514cf466d54acf150f52d0326740697aa261f
2025-10-31,303,18,q4_3,B0,FORMAL_BACKUP,q4-inheritance-v2,delivery,10800.0,9,"[282, 276, 274, 265, 285, 288, 300, 266, 291]","[0.1111111111111111, 0.1111111111111111, 0.1111111111111111, 0.1111111111111111, 0.1111111111111111, 0.1111111111111111, 0.1111111111111111, 0.1111111111111111, 0.1111111111111111]",25681.10908123179,25681.10908123179,305.0679640610645,1525.339820305323,0.08281539999006782,9.094947017729282e-13,181,0.0,0.02,0.8,0.0,0,0.0,False,08ad55a129c188b78a6bf379ee5514cf466d54acf150f52d0326740697aa261f
2025-11-01,304,0,q4_3,B0,FORMAL_BACKUP,q4-inheritance-v2,delivery,10491.349333578048,9,"[275, 276, 274, 265, 279, 288, 300, 266, 291]","[0.1111111111111111, 0.1111111111111111, 0.1111111111111111, 0.1111111111111111, 0.1111111111111111, 0.1111111111111111, 0.1111111111111111, 0.1111111111111111, 0.1111111111111111]",47038.23984006668,47038.23984006668,2360.3826380589503,11801.913190294752,0.14405689999694005,1.8189894035458565e-12,289,0.0,0.02,0.8,0.0,0,0.0,False,08ad55a129c188b78a6bf379ee5514cf466d54acf150f52d0326740697aa261f
2025-11-01,304,6,q4_3,B0,FORMAL_BACKUP,q4-inheritance-v2,delivery,7152.029097086522,9,"[275, 276, 274, 265, 279, 288, 300, 266, 291]","[0.1111111111111111, 0.1111111111111111, 0.1111111111111111, 0.1111111111111111, 0.1111111111111111, 0.1111111111111111, 0.1111111111111111, 0.1111111111111111, 0.1111111111111111]",42575.617133201435,42575.617133201435,2327.4726066115563,11637.363033057783,0.0768893000058597,1.8189894035458565e-12,253,0.0,0.02,0.8,48.44844222222406,0,0.0,False,08ad55a129c188b78a6bf379ee5514cf466d54acf150f52d0326740697aa261f
2025-11-01,304,12,q4_3,B0,FORMAL_BACKUP,q4-inheritance-v2,delivery,10795.773190016971,9,"[275, 276, 274, 265, 279, 288, 300, 266, 291]","[0.1111111111111111, 0.1111111111111111, 0.1111111111111111, 0.1111111111111111, 0.1111111111111111, 0.1111111111111111, 0.1111111111111111, 0.1111111111111111, 0.1111111111111111]",40802.0006196417,40802.0006196417,1809.4889565540593,9047.444782770299,0.07632809999631718,1.8189894035458565e-12,217,0.0,0.02,0.8,48.44844222222174,0,0.0,False,08ad55a129c188b78a6bf379ee5514cf466d54acf150f52d0326740697aa261f
2025-11-01,304,18,q4_3,B0,FORMAL_BACKUP,q4-inheritance-v2,delivery,10800.0,9,"[275, 276, 274, 265, 279, 288, 300, 266, 291]","[0.1111111111111111, 0.1111111111111111, 0.1111111111111111, 0.1111111111111111, 0.1111111111111111, 0.1111111111111111, 0.1111111111111111, 0.1111111111111111, 0.1111111111111111]",36878.245311519706,36878.245311519706,714.7525367941653,3573.7626839708273,0.06216469999344554,1.8189894035458565e-12,181,0.0,0.02,0.8,0.0,0,0.0,False,08ad55a129c188b78a6bf379ee5514cf466d54acf150f52d0326740697aa261f
2025-11-02,305,0,q4_3,B0,FORMAL_BACKUP,q4-inheritance-v2,delivery,10001.64417596151,9,"[275, 276, 274, 265, 279, 288, 269, 266, 291]","[0.1111111111111111, 0.1111111111111111, 0.1111111111111111, 0.1111111111111111, 0.1111111111111111, 0.1111111111111111, 0.1111111111111111, 0.1111111111111111, 0.1111111111111111]",71229.29991907827,71229.29991907827,3822.717537003988,19113.587685019942,0.21657009999034926,1.8189894035458565e-12,289,0.0,0.02,0.8,0.0,0,0.0,False,08ad55a129c188b78a6bf379ee5514cf466d54acf150f52d0326740697aa261f
2025-11-02,305,6,q4_3,B0,FORMAL_BACKUP,q4-inheritance-v2,delivery,8833.2234664663,9,"[275, 276, 274, 265, 279, 288, 269, 266, 291]","[0.1111111111111111, 0.1111111111111111, 0.1111111111111111, 0.1111111111111111, 0.1111111111111111, 0.1111111111111111, 0.1111111111111111, 0.1111111111111111, 0.1111111111111111]",65997.45878704419,65997.45878704419,5253.153207802871,26249.212925529107,0.10184519999893382,2.1827872842550278e-11,253,0.0,0.02,0.8,1501.229340028578,0,0.0,False,08ad55a129c188b78a6bf379ee5514cf466d54acf150f52d0326740697aa261f
2025-11-02,305,12,q4_3,B0,FORMAL_BACKUP,q4-inheritance-v2,delivery,5642.625456947367,9,"[275, 276, 274, 265, 279, 288, 269, 266, 291]","[0.1111111111111111, 0.1111111111111111, 0.1111111111111111, 0.1111111111111111, 0.1111111111111111, 0.1111111111111111, 0.1111111111111111, 0.1111111111111111, 0.1111111111111111]",58139.72194204706,58139.72194204706,2617.880889018679,13089.4044450934,0.07578369999828283,1.8189894035458565e-12,217,0.0,0.02,0.8,1.1368683772161603e-13,0,0.0,False,08ad55a129c188b78a6bf379ee5514cf466d54acf150f52d0326740697aa261f
2025-11-02,305,18,q4_3,B0,FORMAL_BACKUP,q4-inheritance-v2,delivery,9302.732080280215,9,"[275, 276, 274, 265, 279, 288, 269, 266, 291]","[0.1111111111111111, 0.1111111111111111, 0.1111111111111111, 0.1111111111111111, 0.1111111111111111, 0.1111111111111111, 0.1111111111111111, 0.1111111111111111, 0.1111111111111111]",47921.21329689373,47921.21329689373,1257.312131557287,6286.5606577864355,0.05962040000304114,3.637978807091713e-12,181,0.0,0.02,0.8,0.0,0,0.0,False,08ad55a129c188b78a6bf379ee5514cf466d54acf150f52d0326740697aa261f
2025-11-03,306,0,q4_3,B0,FORMAL_BACKUP,q4-inheritance-v2,delivery,3570.426186319903,9,"[282, 276, 274, 265, 279, 288, 269, 266, 291]","[0.1111111111111111, 0.1111111111111111, 0.1111111111111111, 0.1111111111111111, 0.1111111111111111, 0.1111111111111111, 0.1111111111111111, 0.1111111111111111, 0.1111111111111111]",98457.95803470697,98457.95803470697,4307.099964346267,21381.788375045508,0.14670589999877848,1.4551915228366852e-11,289,0.0,0.02,0.8,0.0,0,0.0,False,08ad55a129c188b78a6bf379ee5514cf466d54acf150f52d0326740697aa261f
2025-11-03,306,6,q4_3,B0,FORMAL_BACKUP,q4-inheritance-v2,delivery,10738.353310720047,9,"[282, 276, 274, 265, 279, 288, 269, 266, 291]","[0.1111111111111111, 0.1111111111111111, 0.1111111111111111, 0.1111111111111111, 0.1111111111111111, 0.1111111111111111, 0.1111111111111111, 0.1111111111111111, 0.1111111111111111]",84618.39087125476,84618.39087125476,3117.700682674348,15588.503413371744,0.11192460000165738,1.8189894035458565e-12,253,0.0,0.02,0.8,1513.7899916666693,0,0.0,False,08ad55a129c188b78a6bf379ee5514cf466d54acf150f52d0326740697aa261f
2025-11-03,306,12,q4_3,B0,FORMAL_BACKUP,q4-inheritance-v2,delivery,7938.984183714657,9,"[282, 276, 274, 265, 279, 288, 269, 266, 291]","[0.1111111111111111, 0.1111111111111111, 0.1111111111111111, 0.1111111111111111, 0.1111111111111111, 0.1111111111111111, 0.1111111111111111, 0.1111111111111111, 0.1111111111111111]",75073.14652775493,75073.14652775493,2135.6632702644583,10678.316351322292,0.1100466000061715,3.637978807091713e-12,217,0.0,0.02,0.8,1973.6700329241528,0,0.0,False,08ad55a129c188b78a6bf379ee5514cf466d54acf150f52d0326740697aa261f
2025-11-03,306,18,q4_3,B0,FORMAL_BACKUP,q4-inheritance-v2,delivery,10580.607896597394,9,"[282, 276, 274, 265, 279, 288, 269, 266, 291]","[0.1111111111111111, 0.1111111111111111, 0.1111111111111111, 0.1111111111111111, 0.1111111111111111, 0.1111111111111111, 0.1111111111111111, 0.1111111111111111, 0.1111111111111111]",57288.993952439945,57288.993952439945,0.0,0.0,0.0860841999965487,1.8189894035458565e-12,181,0.0,0.02,0.8,153.0105997777768,0,0.0,False,08ad55a129c188b78a6bf379ee5514cf466d54acf150f52d0326740697aa261f
2025-11-04,307,0,q4_3,B0,FORMAL_BACKUP,q4-inheritance-v2,delivery,6635.664489329667,9,"[282, 276, 274, 292, 285, 294, 269, 266, 291]","[0.1111111111111111, 0.1111111111111111, 0.1111111111111111, 0.1111111111111111, 0.1111111111111111, 0.1111111111111111, 0.1111111111111111, 0.1111111111111111, 0.1111111111111111]",94917.6468700551,94917.6468700551,3608.121767190728,18040.608835953644,0.1450974000035785,3.637978807091713e-12,289,0.0,0.02,0.8,0.0,0,0.0,False,08ad55a129c188b78a6bf379ee5514cf466d54acf150f52d0326740697aa261f
2025-11-04,307,6,q4_3,B0,FORMAL_BACKUP,q4-inheritance-v2,delivery,10761.404298910664,9,"[282, 276, 274, 292, 285, 294, 269, 266, 291]","[0.1111111111111111, 0.1111111111111111, 0.1111111111111111, 0.1111111111111111, 0.1111111111111111, 0.1111111111111111, 0.1111111111111111, 0.1111111111111111, 0.1111111111111111]",85146.03474387493,85146.03474387493,4515.045812643219,22363.900353895744,0.12956410000333562,1.8189894035458565e-12,253,0.0,0.02,0.8,3.567146578120628e-12,0,0.0,False,08ad55a129c188b78a6bf379ee5514cf466d54acf150f52d0326740697aa261f
2025-11-04,307,12,q4_3,B0,FORMAL_BACKUP,q4-inheritance-v2,delivery,7614.5062394396655,9,"[282, 276, 274, 292, 285, 294, 269, 266, 291]","[0.1111111111111111, 0.1111111111111111, 0.1111111111111111, 0.1111111111111111, 0.1111111111111111, 0.1111111111111111, 0.1111111111111111, 0.1111111111111111, 0.1111111111111111]",74774.46158454409,74774.46158454409,2212.478400052846,11062.392000264234,0.11073620000388473,3.637978807091713e-12,217,0.0,0.02,0.8,754.7222887654293,0,0.0,False,08ad55a129c188b78a6bf379ee5514cf466d54acf150f52d0326740697aa261f
2025-11-04,307,18,q4_3,B0,FORMAL_BACKUP,q4-inheritance-v2,delivery,10127.437330597551,9,"[282, 276, 274, 292, 285, 294, 269, 266, 291]","[0.1111111111111111, 0.1111111111111111, 0.1111111111111111, 0.1111111111111111, 0.1111111111111111, 0.1111111111111111, 0.1111111111111111, 0.1111111111111111, 0.1111111111111111]",67729.66283514214,67729.66283514214,0.0,0.0,0.0870225999969989,1.8189894035458565e-12,181,0.0,0.02,0.8,446.1835549305599,0,0.0,False,08ad55a129c188b78a6bf379ee5514cf466d54acf150f52d0326740697aa261f
2025-11-05,308,0,q4_3,B0,FORMAL_BACKUP,q4-inheritance-v2,delivery,5957.387235049309,9,"[282, 276, 274, 292, 285, 294, 269, 266, 284]","[0.1111111111111111, 0.1111111111111111, 0.1111111111111111, 0.1111111111111111, 0.1111111111111111, 0.1111111111111111, 0.1111111111111111, 0.1111111111111111, 0.1111111111111111]",101308.13641410075,101308.13641410075,4183.627984537681,20847.87774120174,0.16581969999242574,1.8189894035458565e-12,289,0.0,0.02,0.8,0.0,0,0.0,False,08ad55a129c188b78a6bf379ee5514cf466d54acf150f52d0326740697aa261f
2025-11-05,308,6,q4_3,B0,FORMAL_BACKUP,q4-inheritance-v2,delivery,10609.268492707328,9,"[282, 276, 274, 292, 285, 294, 269, 266, 284]","[0.1111111111111111, 0.1111111111111111, 0.1111111111111111, 0.1111111111111111, 0.1111111111111111, 0.1111111111111111, 0.1111111111111111, 0.1111111111111111, 0.1111111111111111]",85830.5378805208,85830.5378805208,2081.11296781471,10398.06985218096,0.12675019999733195,1.8189894035458565e-12,253,0.0,0.02,0.8,5533.515204814822,0,0.0,False,08ad55a129c188b78a6bf379ee5514cf466d54acf150f52d0326740697aa261f
2025-11-05,308,12,q4_3,B0,FORMAL_BACKUP,q4-inheritance-v2,delivery,6883.374839198701,9,"[282, 276, 274, 292, 285, 294, 269, 266, 284]","[0.1111111111111111, 0.1111111111111111, 0.1111111111111111, 0.1111111111111111, 0.1111111111111111, 0.1111111111111111, 0.1111111111111111, 0.1111111111111111, 0.1111111111111111]",83004.61885801502,83004.61885801502,715.9956577187463,3579.9782885937316,0.11324979999335483,9.094947017729282e-13,217,0.0,0.02,0.8,2273.392069327627,0,0.0,False,08ad55a129c188b78a6bf379ee5514cf466d54acf150f52d0326740697aa261f
2025-11-05,308,18,q4_3,B0,FORMAL_BACKUP,q4-inheritance-v2,delivery,10752.507065689737,9,"[282, 276, 274, 292, 285, 294, 269, 266, 284]","[0.1111111111111111, 0.1111111111111111, 0.1111111111111111, 0.1111111111111111, 0.1111111111111111, 0.1111111111111111, 0.1111111111111111, 0.1111111111111111, 0.1111111111111111]",60520.45169823978,60520.45169823978,0.0,0.0,0.08016079998924397,1.8189894035458565e-12,181,0.0,0.02,0.8,899.7662447499982,0,0.0,False,08ad55a129c188b78a6bf379ee5514cf466d54acf150f52d0326740697aa261f
2025-11-06,309,0,q4_3,B0,FORMAL_BACKUP,q4-inheritance-v2,delivery,6130.961925292613,9,"[296, 276, 274, 292, 285, 294, 269, 266, 284]","[0.1111111111111111, 0.1111111111111111, 0.1111111111111111, 0.1111111111111111, 0.1111111111111111, 0.1111111111111111, 0.1111111111111111, 0.1111111111111111, 0.1111111111111111]",73815.21376145458,73815.21376145458,4472.033238230586,22249.909978335276,0.2553983999969205,1.8189894035458565e-12,289,0.0,0.02,0.8,0.0,0,0.0,False,08ad55a129c188b78a6bf379ee5514cf466d54acf150f52d0326740697aa261f
2025-11-06,309,6,q4_3,B0,FORMAL_BACKUP,q4-inheritance-v2,delivery,10745.976822322382,9,"[296, 276, 274, 292, 285, 294, 269, 266, 284]","[0.1111111111111111, 0.1111111111111111, 0.1111111111111111, 0.1111111111111111, 0.1111111111111111, 0.1111111111111111, 0.1111111111111111, 0.1111111111111111, 0.1111111111111111]",62750.97086891447,62750.97086891447,4874.432552859923,24240.57629413306,0.13195850000192877,1.8189894035458565e-12,253,0.0,0.02,0.8,837.4783327777818,0,0.0,False,08ad55a129c188b78a6bf379ee5514cf466d54acf150f52d0326740697aa261f
2025-11-06,309,12,q4_3,B0,FORMAL_BACKUP,q4-inheritance-v2,delivery,6187.543915875909,9,"[296, 276, 274, 292, 285, 294, 269, 266, 284]","[0.1111111111111111, 0.1111111111111111, 0.1111111111111111, 0.1111111111111111, 0.1111111111111111, 0.1111111111111111, 0.1111111111111111, 0.1111111111111111, 0.1111111111111111]",53088.896869934695,53088.896869934695,2914.789973549731,14573.949867748657,0.1112864000024274,1.8189894035458565e-12,217,0.0,0.02,0.8,514.0789201851804,0,0.0,False,08ad55a129c188b78a6bf379ee5514cf466d54acf150f52d0326740697aa261f
2025-11-06,309,18,q4_3,B0,FORMAL_BACKUP,q4-inheritance-v2,delivery,10251.762923602872,9,"[296, 276, 274, 292, 285, 294, 269, 266, 284]","[0.1111111111111111, 0.1111111111111111, 0.1111111111111111, 0.1111111111111111, 0.1111111111111111, 0.1111111111111111, 0.1111111111111111, 0.1111111111111111, 0.1111111111111111]",34761.6514365239,34761.6514365239,380.3604241604496,1901.8021208022483,0.05645340000046417,1.8189894035458565e-12,181,0.0,0.02,0.8,0.0,0,0.0,False,08ad55a129c188b78a6bf379ee5514cf466d54acf150f52d0326740697aa261f
2025-11-07,310,0,q4_3,B0,FORMAL_BACKUP,q4-inheritance-v2,delivery,3447.5968020635582,9,"[296, 276, 274, 292, 279, 294, 269, 266, 284]","[0.1111111111111111, 0.1111111111111111, 0.1111111111111111, 0.1111111111111111, 0.1111111111111111, 0.1111111111111111, 0.1111111111111111, 0.1111111111111111, 0.1111111111111111]",44891.983716537245,44891.983716537245,3408.738174438209,16946.418269256697,0.14672109999810345,1.8189894035458565e-12,289,0.0,0.02,0.8,0.0,0,0.0,False,08ad55a129c188b78a6bf379ee5514cf466d54acf150f52d0326740697aa261f
2025-11-07,310,6,q4_3,B0,FORMAL_BACKUP,q4-inheritance-v2,delivery,10800.0,9,"[296, 276, 274, 292, 279, 294, 269, 266, 284]","[0.1111111111111111, 0.1111111111111111, 0.1111111111111111, 0.1111111111111111, 0.1111111111111111, 0.1111111111111111, 0.1111111111111111, 0.1111111111111111, 0.1111111111111111]",37392.630070932275,37392.630070932275,4176.606720510578,20516.629091329305,0.09477749999496154,3.637978807091713e-12,253,0.0,0.02,0.8,3.04911651483053e-12,0,0.0,False,08ad55a129c188b78a6bf379ee5514cf466d54acf150f52d0326740697aa261f
2025-11-07,310,12,q4_3,B0,FORMAL_BACKUP,q4-inheritance-v2,delivery,10800.0,9,"[296, 276, 274, 292, 279, 294, 269, 266, 284]","[0.1111111111111111, 0.1111111111111111, 0.1111111111111111, 0.1111111111111111, 0.1111111111111111, 0.1111111111111111, 0.1111111111111111, 0.1111111111111111, 0.1111111111111111]",34367.90458251284,34367.90458251284,2145.652819686798,10728.264098433992,0.07750430000305641,3.637978807091713e-12,217,0.0,0.02,0.8,1872.6418233333334,0,0.0,False,08ad55a129c188b78a6bf379ee5514cf466d54acf150f52d0326740697aa261f
2025-11-07,310,18,q4_3,B0,FORMAL_BACKUP,q4-inheritance-v2,delivery,10800.0,9,"[296, 276, 274, 292, 279, 294, 269, 266, 284]","[0.1111111111111111, 0.1111111111111111, 0.1111111111111111, 0.1111111111111111, 0.1111111111111111, 0.1111111111111111, 0.1111111111111111, 0.1111111111111111, 0.1111111111111111]",26347.977285336543,26347.977285336543,305.14254743231527,1525.7127371615763,0.055970400004298426,1.8189894035458565e-12,181,0.0,0.02,0.8,0.0,0,0.0,False,08ad55a129c188b78a6bf379ee5514cf466d54acf150f52d0326740697aa261f
2025-11-08,311,0,q4_3,B0,FORMAL_BACKUP,q4-inheritance-v2,delivery,9336.806541876884,9,"[282, 276, 274, 292, 285, 299, 302, 278, 284]","[0.1111111111111111, 0.1111111111111111, 0.1111111111111111, 0.1111111111111111, 0.1111111111111111, 0.1111111111111111, 0.1111111111111111, 0.1111111111111111, 0.1111111111111111]",50098.742167509816,50098.742167509816,2839.2060052724396,14196.030026362201,0.12970590000622906,1.8189894035458565e-12,289,0.0,0.02,0.8,0.0,0,0.0,False,08ad55a129c188b78a6bf379ee5514cf466d54acf150f52d0326740697aa261f
2025-11-08,311,6,q4_3,B0,FORMAL_BACKUP,q4-inheritance-v2,delivery,8977.135259073691,9,"[282, 276, 274, 292, 285, 299, 302, 278, 284]","[0.1111111111111111, 0.1111111111111111, 0.1111111111111111, 0.1111111111111111, 0.1111111111111111, 0.1111111111111111, 0.1111111111111111, 0.1111111111111111, 0.1111111111111111]",44598.70932375059,44598.70932375059,2118.8225980795023,10594.112990397514,0.10165790001337882,1.8189894035458565e-12,253,0.0,0.02,0.8,988.3424031231733,0,0.0,False,08ad55a129c188b78a6bf379ee5514cf466d54acf150f52d0326740697aa261f
2025-11-08,311,12,q4_3,B0,FORMAL_BACKUP,q4-inheritance-v2,delivery,10800.0,9,"[282, 276, 274, 292, 285, 299, 302, 278, 284]","[0.1111111111111111, 0.1111111111111111, 0.1111111111111111, 0.1111111111111111, 0.1111111111111111, 0.1111111111111111, 0.1111111111111111, 0.1111111111111111, 0.1111111111111111]",43669.122463853244,43669.122463853244,1945.9497639134731,9729.748819567369,0.06762279999384191,1.8189894035458565e-12,217,0.0,0.02,0.8,0.0,0,0.0,False,08ad55a129c188b78a6bf379ee5514cf466d54acf150f52d0326740697aa261f
2025-11-08,311,18,q4_3,B0,FORMAL_BACKUP,q4-inheritance-v2,delivery,10800.0,9,"[282, 276, 274, 292, 285, 299, 302, 278, 284]","[0.1111111111111111, 0.1111111111111111, 0.1111111111111111, 0.1111111111111111, 0.1111111111111111, 0.1111111111111111, 0.1111111111111111, 0.1111111111111111, 0.1111111111111111]",40808.223812048476,40808.223812048476,473.5662388646646,2367.831194323324,0.05310479999752715,9.094947017729282e-13,181,0.0,0.02,0.8,0.0,0,0.0,False,08ad55a129c188b78a6bf379ee5514cf466d54acf150f52d0326740697aa261f
2025-11-09,312,0,q4_3,B0,FORMAL_BACKUP,q4-inheritance-v2,delivery,9878.957661938155,9,"[282, 276, 274, 292, 285, 294, 302, 278, 284]","[0.1111111111111111, 0.1111111111111111, 0.1111111111111111, 0.1111111111111111, 0.1111111111111111, 0.1111111111111111, 0.1111111111111111, 0.1111111111111111, 0.1111111111111111]",74212.23000840271,74212.23000840271,4281.830438117151,21409.152190585755,0.1660805999999866,1.8189894035458565e-12,289,0.0,0.02,0.8,0.0,0,0.0,False,08ad55a129c188b78a6bf379ee5514cf466d54acf150f52d0326740697aa261f
2025-11-09,312,6,q4_3,B0,FORMAL_BACKUP,q4-inheritance-v2,delivery,8600.845371733763,9,"[282, 276, 274, 292, 285, 294, 302, 278, 284]","[0.1111111111111111, 0.1111111111111111, 0.1111111111111111, 0.1111111111111111, 0.1111111111111111, 0.1111111111111111, 0.1111111111111111, 0.1111111111111111, 0.1111111111111111]",66153.59566664699,66153.59566664699,4040.6644276687325,20185.494015918397,0.1033404000045266,1.8189894035458565e-12,253,0.0,0.02,0.8,2411.5055441790164,0,0.0,False,08ad55a129c188b78a6bf379ee5514cf466d54acf150f52d0326740697aa261f
2025-11-09,312,12,q4_3,B0,FORMAL_BACKUP,q4-inheritance-v2,delivery,5275.713470691934,9,"[282, 276, 274, 292, 285, 294, 302, 278, 284]","[0.1111111111111111, 0.1111111111111111, 0.1111111111111111, 0.1111111111111111, 0.1111111111111111, 0.1111111111111111, 0.1111111111111111, 0.1111111111111111, 0.1111111111111111]",62379.183818792815,62379.183818792815,3034.941074335761,15174.705371678809,0.11117160000139847,7.275957614183426e-12,217,0.0,0.02,0.8,740.1771499999999,0,0.0,False,08ad55a129c188b78a6bf379ee5514cf466d54acf150f52d0326740697aa261f
2025-11-09,312,18,q4_3,B0,FORMAL_BACKUP,q4-inheritance-v2,delivery,9219.103992316099,9,"[282, 276, 274, 292, 285, 294, 302, 278, 284]","[0.1111111111111111, 0.1111111111111111, 0.1111111111111111, 0.1111111111111111, 0.1111111111111111, 0.1111111111111111, 0.1111111111111111, 0.1111111111111111, 0.1111111111111111]",51401.245685149166,51401.245685149166,251.68698693324666,1258.4349346662336,0.0885063000023365,9.094947017729282e-13,181,0.0,0.02,0.8,0.0,0,0.0,False,08ad55a129c188b78a6bf379ee5514cf466d54acf150f52d0326740697aa261f
2025-11-10,313,0,q4_3,B0,FORMAL_BACKUP,q4-inheritance-v2,delivery,4387.7008599408455,9,"[296, 276, 274, 292, 285, 294, 302, 278, 284]","[0.1111111111111111, 0.1111111111111111, 0.1111111111111111, 0.1111111111111111, 0.1111111111111111, 0.1111111111111111, 0.1111111111111111, 0.1111111111111111, 0.1111111111111111]",98663.46394614005,98663.46394614005,4717.075278203989,23585.37639101995,0.26096879999386147,1.8189894035458565e-12,289,0.0,0.02,0.8,0.0,0,0.0,False,08ad55a129c188b78a6bf379ee5514cf466d54acf150f52d0326740697aa261f
2025-11-10,313,6,q4_3,B0,FORMAL_BACKUP,q4-inheritance-v2,delivery,10549.49670481355,9,"[296, 276, 274, 292, 285, 294, 302, 278, 284]","[0.1111111111111111, 0.1111111111111111, 0.1111111111111111, 0.1111111111111111, 0.1111111111111111, 0.1111111111111111, 0.1111111111111111, 0.1111111111111111, 0.1111111111111111]",88112.5638296006,88112.5638296006,4865.04846280815,24206.365292022198,0.12377180000476073,1.8189894035458565e-12,253,0.0,0.02,0.8,587.3812739444514,0,0.0,False,08ad55a129c188b78a6bf379ee5514cf466d54acf150f52d0326740697aa261f
2025-11-10,313,12,q4_3,B0,FORMAL_BACKUP,q4-inheritance-v2,delivery,7169.416451756012,9,"[296, 276, 274, 292, 285, 294, 302, 278, 284]","[0.1111111111111111, 0.1111111111111111, 0.1111111111111111, 0.1111111111111111, 0.1111111111111111, 0.1111111111111111, 0.1111111111111111, 0.1111111111111111, 0.1111111111111111]",73971.26858701499,73971.26858701499,2354.86374245653,11774.318712282653,0.09978019999107346,1.8189894035458565e-12,217,0.0,0.02,0.8,184.34383400439685,0,0.0,False,08ad55a129c188b78a6bf379ee5514cf466d54acf150f52d0326740697aa261f
2025-11-10,313,18,q4_3,B0,FORMAL_BACKUP,q4-inheritance-v2,delivery,10542.226686836222,9,"[296, 276, 274, 292, 285, 294, 302, 278, 284]","[0.1111111111111111, 0.1111111111111111, 0.1111111111111111, 0.1111111111111111, 0.1111111111111111, 0.1111111111111111, 0.1111111111111111, 0.1111111111111111, 0.1111111111111111]",56884.623109487424,56884.623109487424,0.0,0.0,0.0789128000033088,1.8189894035458565e-12,181,0.0,0.02,0.8,476.6326881183788,0,0.0,False,08ad55a129c188b78a6bf379ee5514cf466d54acf150f52d0326740697aa261f
2025-11-11,314,0,q4_3,B0,FORMAL_BACKUP,q4-inheritance-v2,delivery,5779.814705160175,9,"[296, 311, 273, 281, 271, 299, 280, 278, 284]","[0.1111111111111111, 0.1111111111111111, 0.1111111111111111, 0.1111111111111111, 0.1111111111111111, 0.1111111111111111, 0.1111111111111111, 0.1111111111111111, 0.1111111111111111]",103514.54099468782,103514.54099468782,4485.781744774659,22428.908723873297,0.1448820999939926,1.8189894035458565e-12,289,0.0,0.02,0.8,0.0,0,0.0,False,08ad55a129c188b78a6bf379ee5514cf466d54acf150f52d0326740697aa261f
2025-11-11,314,6,q4_3,B0,FORMAL_BACKUP,q4-inheritance-v2,delivery,10681.624705194972,9,"[296, 311, 273, 281, 271, 299, 280, 278, 284]","[0.1111111111111111, 0.1111111111111111, 0.1111111111111111, 0.1111111111111111, 0.1111111111111111, 0.1111111111111111, 0.1111111111111111, 0.1111111111111111, 0.1111111111111111]",91049.03986176135,91049.03986176135,3234.042097592251,16170.210487961256,0.08420420000038575,7.275957614183426e-12,253,0.0,0.02,0.8,1838.7738988500796,0,0.0,False,08ad55a129c188b78a6bf379ee5514cf466d54acf150f52d0326740697aa261f
2025-11-11,314,12,q4_3,B0,FORMAL_BACKUP,q4-inheritance-v2,delivery,9129.371106101897,9,"[296, 311, 273, 281, 271, 299, 280, 278, 284]","[0.1111111111111111, 0.1111111111111111, 0.1111111111111111, 0.1111111111111111, 0.1111111111111111, 0.1111111111111111, 0.1111111111111111, 0.1111111111111111, 0.1111111111111111]",83246.83065376898,83246.83065376898,2467.8373649718965,12339.186824859486,0.071931799990125,1.8189894035458565e-12,217,0.0,0.02,0.8,2954.76390679807,0,0.0,False,08ad55a129c188b78a6bf379ee5514cf466d54acf150f52d0326740697aa261f
2025-11-11,314,18,q4_3,B0,FORMAL_BACKUP,q4-inheritance-v2,delivery,10549.862454482138,9,"[296, 311, 273, 281, 271, 299, 280, 278, 284]","[0.1111111111111111, 0.1111111111111111, 0.1111111111111111, 0.1111111111111111, 0.1111111111111111, 0.1111111111111111, 0.1111111111111111, 0.1111111111111111, 0.1111111111111111]",60513.905413450695,60513.905413450695,0.0,0.0,0.05972969999129418,1.8189894035458565e-12,181,0.0,0.02,0.8,532.0093509444423,0,0.0,False,08ad55a129c188b78a6bf379ee5514cf466d54acf150f52d0326740697aa261f
2025-11-12,315,0,q4_3,B0,FORMAL_BACKUP,q4-inheritance-v2,delivery,6092.8395965107875,9,"[296, 311, 273, 281, 271, 299, 280, 278, 291]","[0.1111111111111111, 0.1111111111111111, 0.1111111111111111, 0.1111111111111111, 0.1111111111111111, 0.1111111111111111, 0.1111111111111111, 0.1111111111111111, 0.1111111111111111]",101279.33154780272,101279.33154780272,4408.743491752959,22043.7174587648,0.13681919999362435,1.8189894035458565e-12,289,0.0,0.02,0.8,0.0,0,0.0,False,08ad55a129c188b78a6bf379ee5514cf466d54acf150f52d0326740697aa261f
2025-11-12,315,6,q4_3,B0,FORMAL_BACKUP,q4-inheritance-v2,delivery,10675.324149717417,9,"[296, 311, 273, 281, 271, 299, 280, 278, 291]","[0.1111111111111111, 0.1111111111111111, 0.1111111111111111, 0.1111111111111111, 0.1111111111111111, 0.1111111111111111, 0.1111111111111111, 0.1111111111111111, 0.1111111111111111]",93304.21285998107,93304.21285998107,5880.997523782353,28836.18472314297,0.089927599998191,7.275957614183426e-12,253,0.0,0.02,0.8,1160.8970447615532,0,0.0,False,08ad55a129c188b78a6bf379ee5514cf466d54acf150f52d0326740697aa261f
2025-11-12,315,12,q4_3,B0,FORMAL_BACKUP,q4-inheritance-v2,delivery,7549.759957905041,9,"[296, 311, 273, 281, 271, 299, 280, 278, 291]","[0.1111111111111111, 0.1111111111111111, 0.1111111111111111, 0.1111111111111111, 0.1111111111111111, 0.1111111111111111, 0.1111111111111111, 0.1111111111111111, 0.1111111111111111]",78046.07162643057,78046.07162643057,2292.323787921709,11461.618939608548,0.07446540000091773,3.637978807091713e-12,217,0.0,0.02,0.8,1724.3761133201913,0,0.0,False,08ad55a129c188b78a6bf379ee5514cf466d54acf150f52d0326740697aa261f
2025-11-12,315,18,q4_3,B0,FORMAL_BACKUP,q4-inheritance-v2,delivery,10167.088265847942,9,"[296, 311, 273, 281, 271, 299, 280, 278, 291]","[0.1111111111111111, 0.1111111111111111, 0.1111111111111111, 0.1111111111111111, 0.1111111111111111, 0.1111111111111111, 0.1111111111111111, 0.1111111111111111, 0.1111111111111111]",62851.53026744043,62851.53026744043,0.0,0.0,0.059448799991514534,1.8189894035458565e-12,181,0.0,0.02,0.8,289.5651277222272,0,0.0,False,08ad55a129c188b78a6bf379ee5514cf466d54acf150f52d0326740697aa261f
2025-11-13,316,0,q4_3,B0,FORMAL_BACKUP,q4-inheritance-v2,delivery,5161.342741643125,9,"[296, 311, 273, 281, 285, 294, 280, 278, 291]","[0.1111111111111111, 0.1111111111111111, 0.1111111111111111, 0.1111111111111111, 0.1111111111111111, 0.1111111111111111, 0.1111111111111111, 0.1111111111111111, 0.1111111111111111]",73698.32651746129,73698.32651746129,4896.180108341671,24480.90054170836,0.13776329999382142,1.8189894035458565e-12,289,0.0,0.02,0.8,0.0,0,0.0,False,08ad55a129c188b78a6bf379ee5514cf466d54acf150f52d0326740697aa261f
2025-11-13,316,6,q4_3,B0,FORMAL_BACKUP,q4-inheritance-v2,delivery,10482.336813698226,9,"[296, 311, 273, 281, 285, 294, 280, 278, 291]","[0.1111111111111111, 0.1111111111111111, 0.1111111111111111, 0.1111111111111111, 0.1111111111111111, 0.1111111111111111, 0.1111111111111111, 0.1111111111111111, 0.1111111111111111]",64570.88711500731,64570.88711500731,5211.599726320584,25437.488251097348,0.0878865999984555,1.8189894035458565e-12,253,0.0,0.02,0.8,1621.776789324948,0,0.0,False,08ad55a129c188b78a6bf379ee5514cf466d54acf150f52d0326740697aa261f
2025-11-13,316,12,q4_3,B0,FORMAL_BACKUP,q4-inheritance-v2,delivery,9444.766595906312,9,"[296, 311, 273, 281, 285, 294, 280, 278, 291]","[0.1111111111111111, 0.1111111111111111, 0.1111111111111111, 0.1111111111111111, 0.1111111111111111, 0.1111111111111111, 0.1111111111111111, 0.1111111111111111, 0.1111111111111111]",52082.283266839906,52082.283266839906,4194.013234388546,20717.528510396427,0.07119049999164417,1.8189894035458565e-12,217,0.0,0.02,0.8,2542.613500159283,0,0.0,False,08ad55a129c188b78a6bf379ee5514cf466d54acf150f52d0326740697aa261f
2025-11-13,316,18,q4_3,B0,FORMAL_BACKUP,q4-inheritance-v2,delivery,9236.01625636894,9,"[296, 311, 273, 281, 285, 294, 280, 278, 291]","[0.1111111111111111, 0.1111111111111111, 0.1111111111111111, 0.1111111111111111, 0.1111111111111111, 0.1111111111111111, 0.1111111111111111, 0.1111111111111111, 0.1111111111111111]",34727.10408553268,34727.10408553268,1513.9084101362523,7496.4608581102,0.06657160000759177,1.8189894035458565e-12,181,0.0,0.02,0.8,10.872704999999996,0,0.0,False,08ad55a129c188b78a6bf379ee5514cf466d54acf150f52d0326740697aa261f
2025-11-14,317,0,q4_3,B0,FORMAL_BACKUP,q4-inheritance-v2,delivery,1964.3964581297537,9,"[303, 311, 273, 281, 295, 299, 313, 278, 291]","[0.1111111111111111, 0.1111111111111111, 0.1111111111111111, 0.1111111111111111, 0.1111111111111111, 0.1111111111111111, 0.1111111111111111, 0.1111111111111111, 0.1111111111111111]",45644.904398912164,45644.904398912164,3378.287018450311,16891.43509225156,0.17028589999245014,1.8189894035458565e-12,289,0.0,0.02,0.8,0.0,0,0.0,False,08ad55a129c188b78a6bf379ee5514cf466d54acf150f52d0326740697aa261f
2025-11-14,317,6,q4_3,B0,FORMAL_BACKUP,q4-inheritance-v2,delivery,10723.719281309537,9,"[303, 311, 273, 281, 295, 299, 313, 278, 291]","[0.1111111111111111, 0.1111111111111111, 0.1111111111111111, 0.1111111111111111, 0.1111111111111111, 0.1111111111111111, 0.1111111111111111, 0.1111111111111111, 0.1111111111111111]",35839.682078380836,35839.682078380836,2813.846922539834,14069.23461269917,0.07937960000708699,1.8189894035458565e-12,253,0.0,0.02,0.8,1183.6524011388956,0,0.0,False,08ad55a129c188b78a6bf379ee5514cf466d54acf150f52d0326740697aa261f
2025-11-14,317,12,q4_3,B0,FORMAL_BACKUP,q4-inheritance-v2,delivery,10800.0,9,"[303, 311, 273, 281, 295, 299, 313, 278, 291]","[0.1111111111111111, 0.1111111111111111, 0.1111111111111111, 0.1111111111111111, 0.1111111111111111, 0.1111111111111111, 0.1111111111111111, 0.1111111111111111, 0.1111111111111111]",34007.23589484508,34007.23589484508,2106.976713658185,10534.883568290927,0.06888829999661539,1.8189894035458565e-12,217,0.0,0.02,0.8,2246.158128981481,0,0.0,False,08ad55a129c188b78a6bf379ee5514cf466d54acf150f52d0326740697aa261f
2025-11-14,317,18,q4_3,B0,FORMAL_BACKUP,q4-inheritance-v2,delivery,10800.0,9,"[303, 311, 273, 281, 295, 299, 313, 278, 291]","[0.1111111111111111, 0.1111111111111111, 0.1111111111111111, 0.1111111111111111, 0.1111111111111111, 0.1111111111111111, 0.1111111111111111, 0.1111111111111111, 0.1111111111111111]",26569.80798577629,26569.80798577629,609.0742929970295,3045.3714649851477,0.05548500000440981,9.094947017729282e-13,181,0.0,0.02,0.8,0.0,0,0.0,False,08ad55a129c188b78a6bf379ee5514cf466d54acf150f52d0326740697aa261f
2025-11-15,318,0,q4_3,B0,FORMAL_BACKUP,q4-inheritance-v2,delivery,9923.55010284699,9,"[303, 311, 274, 292, 285, 299, 313, 278, 291]","[0.1111111111111111, 0.1111111111111111, 0.1111111111111111, 0.1111111111111111, 0.1111111111111111, 0.1111111111111111, 0.1111111111111111, 0.1111111111111111, 0.1111111111111111]",56966.13685799652,56966.13685799652,2991.84074333362,14959.203716668104,0.12594329999410547,1.8189894035458565e-12,289,0.0,0.02,0.8,0.0,0,0.0,False,08ad55a129c188b78a6bf379ee5514cf466d54acf150f52d0326740697aa261f
2025-11-15,318,6,q4_3,B0,FORMAL_BACKUP,q4-inheritance-v2,delivery,9646.290287952355,9,"[303, 311, 274, 292, 285, 299, 313, 278, 291]","[0.1111111111111111, 0.1111111111111111, 0.1111111111111111, 0.1111111111111111, 0.1111111111111111, 0.1111111111111111, 0.1111111111111111, 0.1111111111111111, 0.1111111111111111]",50585.03627922932,50585.03627922932,2042.307428972395,10211.537144861977,0.07999450000352226,9.094947017729282e-13,253,0.0,0.02,0.8,985.2779010700103,0,0.0,False,08ad55a129c188b78a6bf379ee5514cf466d54acf150f52d0326740697aa261f
2025-11-15,318,12,q4_3,B0,FORMAL_BACKUP,q4-inheritance-v2,delivery,10800.0,9,"[303, 311, 274, 292, 285, 299, 313, 278, 291]","[0.1111111111111111, 0.1111111111111111, 0.1111111111111111, 0.1111111111111111, 0.1111111111111111, 0.1111111111111111, 0.1111111111111111, 0.1111111111111111, 0.1111111111111111]",48996.13039368986,48996.13039368986,1547.3934748557774,7736.967374278887,0.06671229998755734,9.094947017729282e-13,217,0.0,0.02,0.8,1442.1764725000003,0,0.0,False,08ad55a129c188b78a6bf379ee5514cf466d54acf150f52d0326740697aa261f
2025-11-15,318,18,q4_3,B0,FORMAL_BACKUP,q4-inheritance-v2,delivery,10800.0,9,"[303, 311, 274, 292, 285, 299, 313, 278, 291]","[0.1111111111111111, 0.1111111111111111, 0.1111111111111111, 0.1111111111111111, 0.1111111111111111, 0.1111111111111111, 0.1111111111111111, 0.1111111111111111, 0.1111111111111111]",42244.48431625156,42244.48431625156,336.20486065708064,1681.0243032854037,0.052966100003686734,1.8189894035458565e-12,181,0.0,0.02,0.8,1.1368683772161603e-13,0,0.0,False,08ad55a129c188b78a6bf379ee5514cf466d54acf150f52d0326740697aa261f
2025-11-16,319,0,q4_3,B0,FORMAL_BACKUP,q4-inheritance-v2,delivery,9750.356644962967,9,"[303, 311, 304, 314, 315, 294, 280, 278, 291]","[0.1111111111111111, 0.1111111111111111, 0.1111111111111111, 0.1111111111111111, 0.1111111111111111, 0.1111111111111111, 0.1111111111111111, 0.1111111111111111, 0.1111111111111111]",84112.5553722918,84112.5553722918,4494.071035939776,22470.355179698887,0.13810430000012275,1.8189894035458565e-12,289,0.0,0.02,0.8,0.0,0,0.0,False,08ad55a129c188b78a6bf379ee5514cf466d54acf150f52d0326740697aa261f
2025-11-16,319,6,q4_3,B0,FORMAL_BACKUP,q4-inheritance-v2,delivery,8765.790531590117,9,"[303, 311, 304, 314, 315, 294, 280, 278, 291]","[0.1111111111111111, 0.1111111111111111, 0.1111111111111111, 0.1111111111111111, 0.1111111111111111, 0.1111111111111111, 0.1111111111111111, 0.1111111111111111, 0.1111111111111111]",80688.74169530977,80688.74169530977,6262.938005264186,30627.24879024067,0.08745380000618752,1.8189894035458565e-12,253,0.0,0.02,0.8,2273.354479446849,0,0.0,False,08ad55a129c188b78a6bf379ee5514cf466d54acf150f52d0326740697aa261f
2025-11-16,319,12,q4_3,B0,FORMAL_BACKUP,q4-inheritance-v2,delivery,4360.563341735236,9,"[303, 311, 304, 314, 315, 294, 280, 278, 291]","[0.1111111111111111, 0.1111111111111111, 0.1111111111111111, 0.1111111111111111, 0.1111111111111111, 0.1111111111111111, 0.1111111111111111, 0.1111111111111111, 0.1111111111111111]",74656.30723580882,74656.30723580882,4126.1728087668125,20630.864043834063,0.07078559999354184,9.094947017729282e-13,217,0.0,0.02,0.8,1254.5572260295648,0,0.0,False,08ad55a129c188b78a6bf379ee5514cf466d54acf150f52d0326740697aa261f
2025-11-16,319,18,q4_3,B0,FORMAL_BACKUP,q4-inheritance-v2,delivery,8834.425879328772,9,"[303, 311, 304, 314, 315, 294, 280, 278, 291]","[0.1111111111111111, 0.1111111111111111, 0.1111111111111111, 0.1111111111111111, 0.1111111111111111, 0.1111111111111111, 0.1111111111111111, 0.1111111111111111, 0.1111111111111111]",52409.92595022022,52409.92595022022,1327.7080489563798,6638.540244781901,0.05399980000220239,1.8189894035458565e-12,181,0.0,0.02,0.8,1.7053025658242404e-13,0,0.0,False,08ad55a129c188b78a6bf379ee5514cf466d54acf150f52d0326740697aa261f
2025-11-17,320,0,q4_3,B0,FORMAL_BACKUP,q4-inheritance-v2,delivery,5044.442585056399,9,"[303, 311, 304, 314, 315, 294, 280, 278, 291]","[0.1111111111111111, 0.1111111111111111, 0.1111111111111111, 0.1111111111111111, 0.1111111111111111, 0.1111111111111111, 0.1111111111111111, 0.1111111111111111, 0.1111111111111111]",106467.45084427373,106467.45084427373,4383.806215663813,21919.031078319073,0.14217520000238437,1.8189894035458565e-12,289,0.0,0.02,0.8,0.0,0,0.0,False,08ad55a129c188b78a6bf379ee5514cf466d54acf150f52d0326740697aa261f
2025-11-17,320,6,q4_3,B0,FORMAL_BACKUP,q4-inheritance-v2,delivery,10509.84689799467,9,"[303, 311, 304, 314, 315, 294, 280, 278, 291]","[0.1111111111111111, 0.1111111111111111, 0.1111111111111111, 0.1111111111111111, 0.1111111111111111, 0.1111111111111111, 0.1111111111111111, 0.1111111111111111, 0.1111111111111111]",101745.20092327005,101745.20092327005,6181.648168435862,30423.41791570848,0.09232020001218189,1.8189894035458565e-12,253,0.0,0.02,0.8,4257.547583067917,0,0.0,False,08ad55a129c188b78a6bf379ee5514cf466d54acf150f52d0326740697aa261f
2025-11-17,320,12,q4_3,B0,FORMAL_BACKUP,q4-inheritance-v2,delivery,7179.693398604964,9,"[303, 311, 304, 314, 315, 294, 280, 278, 291]","[0.1111111111111111, 0.1111111111111111, 0.1111111111111111, 0.1111111111111111, 0.1111111111111111, 0.1111111111111111, 0.1111111111111111, 0.1111111111111111, 0.1111111111111111]",89033.3454524568,89033.3454524568,3637.9224705725737,18189.612352862874,0.0731800000066869,1.0913936421275139e-11,217,0.0,0.02,0.8,3081.3181180092565,0,0.0,False,08ad55a129c188b78a6bf379ee5514cf466d54acf150f52d0326740697aa261f
2025-11-17,320,18,q4_3,B0,FORMAL_BACKUP,q4-inheritance-v2,delivery,9345.324014409432,9,"[303, 311, 304, 314, 315, 294, 280, 278, 291]","[0.1111111111111111, 0.1111111111111111, 0.1111111111111111, 0.1111111111111111, 0.1111111111111111, 0.1111111111111111, 0.1111111111111111, 0.1111111111111111, 0.1111111111111111]",68063.45233380044,68063.45233380044,317.6394908035093,1588.197454017547,0.05751800000143703,9.094947017729282e-13,181,0.0,0.02,0.8,1.1368683772161603e-13,0,0.0,False,08ad55a129c188b78a6bf379ee5514cf466d54acf150f52d0326740697aa261f
2025-11-18,321,0,q4_3,B0,FORMAL_BACKUP,q4-inheritance-v2,delivery,5143.234261797845,9,"[303, 318, 304, 314, 315, 294, 280, 278, 291]","[0.1111111111111111, 0.1111111111111111, 0.1111111111111111, 0.1111111111111111, 0.1111111111111111, 0.1111111111111111, 0.1111111111111111, 0.1111111111111111, 0.1111111111111111]",107731.47258841939,107731.47258841939,4550.52968412873,22752.64842064365,0.1821611000050325,7.275957614183426e-12,289,0.0,0.02,0.8,0.0,0,0.0,False,08ad55a129c188b78a6bf379ee5514cf466d54acf150f52d0326740697aa261f
2025-11-18,321,6,q4_3,B0,FORMAL_BACKUP,q4-inheritance-v2,delivery,10564.985136372878,9,"[303, 318, 304, 314, 315, 294, 280, 278, 291]","[0.1111111111111111, 0.1111111111111111, 0.1111111111111111, 0.1111111111111111, 0.1111111111111111, 0.1111111111111111, 0.1111111111111111, 0.1111111111111111, 0.1111111111111111]",95778.64933345663,95778.64933345663,3868.399980568613,19341.34463074091,0.0879585000075167,7.275957614183426e-12,253,0.0,0.02,0.8,54.63148333333836,0,0.0,False,08ad55a129c188b78a6bf379ee5514cf466d54acf150f52d0326740697aa261f
2025-11-18,321,12,q4_3,B0,FORMAL_BACKUP,q4-inheritance-v2,delivery,6468.874634710885,9,"[303, 318, 304, 314, 315, 294, 280, 278, 291]","[0.1111111111111111, 0.1111111111111111, 0.1111111111111111, 0.1111111111111111, 0.1111111111111111, 0.1111111111111111, 0.1111111111111111, 0.1111111111111111, 0.1111111111111111]",90713.17949028919,90713.17949028919,2865.8685786245646,14329.342893122826,0.07058659999165684,1.8189894035458565e-12,217,0.0,0.02,0.8,54.63148333333322,0,0.0,False,08ad55a129c188b78a6bf379ee5514cf466d54acf150f52d0326740697aa261f
2025-11-18,321,18,q4_3,B0,FORMAL_BACKUP,q4-inheritance-v2,delivery,10408.18404450386,9,"[303, 318, 304, 314, 315, 294, 280, 278, 291]","[0.1111111111111111, 0.1111111111111111, 0.1111111111111111, 0.1111111111111111, 0.1111111111111111, 0.1111111111111111, 0.1111111111111111, 0.1111111111111111, 0.1111111111111111]",67559.59062416774,67559.59062416774,0.0,0.0,0.05921170000510756,1.8189894035458565e-12,181,0.0,0.02,0.8,181.5871957111101,0,0.0,False,08ad55a129c188b78a6bf379ee5514cf466d54acf150f52d0326740697aa261f
2025-11-19,322,0,q4_3,B0,FORMAL_BACKUP,q4-inheritance-v2,delivery,6621.617865065578,9,"[303, 318, 304, 314, 315, 294, 280, 278, 284]","[0.1111111111111111, 0.1111111111111111, 0.1111111111111111, 0.1111111111111111, 0.1111111111111111, 0.1111111111111111, 0.1111111111111111, 0.1111111111111111, 0.1111111111111111]",108422.06479950895,108422.06479950895,4794.64210607404,23973.21053037021,0.14121249999152496,1.8189894035458565e-12,289,0.0,0.02,0.8,0.0,0,0.0,False,08ad55a129c188b78a6bf379ee5514cf466d54acf150f52d0326740697aa261f
2025-11-19,322,6,q4_3,B0,FORMAL_BACKUP,q4-inheritance-v2,delivery,10371.406423247672,9,"[303, 318, 304, 314, 315, 294, 280, 278, 284]","[0.1111111111111111, 0.1111111111111111, 0.1111111111111111, 0.1111111111111111, 0.1111111111111111, 0.1111111111111111, 0.1111111111111111, 0.1111111111111111, 0.1111111111111111]",102656.88958366397,102656.88958366397,6009.478030065987,29518.296554130877,0.0900056999962544,1.8189894035458565e-12,253,0.0,0.02,0.8,3196.9360660304874,0,0.0,False,08ad55a129c188b78a6bf379ee5514cf466d54acf150f52d0326740697aa261f
2025-11-19,322,12,q4_3,B0,FORMAL_BACKUP,q4-inheritance-v2,delivery,7352.644298969192,9,"[303, 318, 304, 314, 315, 294, 280, 278, 284]","[0.1111111111111111, 0.1111111111111111, 0.1111111111111111, 0.1111111111111111, 0.1111111111111111, 0.1111111111111111, 0.1111111111111111, 0.1111111111111111, 0.1111111111111111]",93075.91763044064,93075.91763044064,3619.728468160879,18098.6423408044,0.07396670000161976,7.275957614183426e-12,217,0.0,0.02,0.8,2239.4706114008563,0,0.0,False,08ad55a129c188b78a6bf379ee5514cf466d54acf150f52d0326740697aa261f
2025-11-19,322,18,q4_3,B0,FORMAL_BACKUP,q4-inheritance-v2,delivery,9836.830276541155,9,"[303, 318, 304, 314, 315, 294, 280, 278, 284]","[0.1111111111111111, 0.1111111111111111, 0.1111111111111111, 0.1111111111111111, 0.1111111111111111, 0.1111111111111111, 0.1111111111111111, 0.1111111111111111, 0.1111111111111111]",69907.05222453704,69907.05222453704,555.5769750617466,2777.8848753087336,0.05480489999172278,9.094947017729282e-13,181,0.0,0.02,0.8,1.1368683772161603e-13,0,0.0,False,08ad55a129c188b78a6bf379ee5514cf466d54acf150f52d0326740697aa261f
2025-11-20,323,0,q4_3,B0,FORMAL_BACKUP,q4-inheritance-v2,delivery,6286.242638385033,9,"[303, 318, 304, 314, 315, 294, 280, 316, 284]","[0.1111111111111111, 0.1111111111111111, 0.1111111111111111, 0.1111111111111111, 0.1111111111111111, 0.1111111111111111, 0.1111111111111111, 0.1111111111111111, 0.1111111111111111]",78561.47161990943,78561.47161990943,5455.431929813057,27277.15964906529,0.15602139999100473,9.094947017729282e-13,289,0.0,0.02,0.8,0.0,0,0.0,False,08ad55a129c188b78a6bf379ee5514cf466d54acf150f52d0326740697aa261f
2025-11-20,323,6,q4_3,B0,FORMAL_BACKUP,q4-inheritance-v2,delivery,10650.785532476903,9,"[303, 318, 304, 314, 315, 294, 280, 316, 284]","[0.1111111111111111, 0.1111111111111111, 0.1111111111111111, 0.1111111111111111, 0.1111111111111111, 0.1111111111111111, 0.1111111111111111, 0.1111111111111111, 0.1111111111111111]",68648.58706114114,68648.58706114114,5845.882866592658,28730.112520033716,0.0872529000043869,1.8189894035458565e-12,253,0.0,0.02,0.8,952.8046277067845,0,0.0,False,08ad55a129c188b78a6bf379ee5514cf466d54acf150f52d0326740697aa261f
2025-11-20,323,12,q4_3,B0,FORMAL_BACKUP,q4-inheritance-v2,delivery,7198.358470980367,9,"[303, 318, 304, 314, 315, 294, 280, 316, 284]","[0.1111111111111111, 0.1111111111111111, 0.1111111111111111, 0.1111111111111111, 0.1111111111111111, 0.1111111111111111, 0.1111111111111111, 0.1111111111111111, 0.1111111111111111]",57456.51825850744,57456.51825850744,4151.280263644545,20631.85585255804,0.07556060000206344,7.275957614183426e-12,217,0.0,0.02,0.8,122.78998168827684,0,0.0,False,08ad55a129c188b78a6bf379ee5514cf466d54acf150f52d0326740697aa261f
2025-11-20,323,18,q4_3,B0,FORMAL_BACKUP,q4-inheritance-v2,delivery,9688.937053599095,9,"[303, 318, 304, 314, 315, 294, 280, 316, 284]","[0.1111111111111111, 0.1111111111111111, 0.1111111111111111, 0.1111111111111111, 0.1111111111111111, 0.1111111111111111, 0.1111111111111111, 0.1111111111111111, 0.1111111111111111]",37948.04020825424,37948.04020825424,765.1306260895009,3825.653130447505,0.057654400006867945,9.094947017729282e-13,181,0.0,0.02,0.8,1.1368683772161603e-13,0,0.0,False,08ad55a129c188b78a6bf379ee5514cf466d54acf150f52d0326740697aa261f
2025-11-21,324,0,q4_3,B0,FORMAL_BACKUP,q4-inheritance-v2,delivery,2822.345364501467,9,"[303, 318, 304, 314, 315, 288, 321, 316, 284]","[0.1111111111111111, 0.1111111111111111, 0.1111111111111111, 0.1111111111111111, 0.1111111111111111, 0.1111111111111111, 0.1111111111111111, 0.1111111111111111, 0.1111111111111111]",49596.727617533455,49596.727617533455,3653.818645448732,18269.093227243662,0.13261239998973906,1.8189894035458565e-12,289,0.0,0.02,0.8,0.0,0,0.0,False,08ad55a129c188b78a6bf379ee5514cf466d54acf150f52d0326740697aa261f
2025-11-21,324,6,q4_3,B0,FORMAL_BACKUP,q4-inheritance-v2,delivery,10800.0,9,"[303, 318, 304, 314, 315, 288, 321, 316, 284]","[0.1111111111111111, 0.1111111111111111, 0.1111111111111111, 0.1111111111111111, 0.1111111111111111, 0.1111111111111111, 0.1111111111111111, 0.1111111111111111, 0.1111111111111111]",42937.12026402777,42937.12026402777,4164.909227508633,20466.11180596154,0.08789760000945535,1.8189894035458565e-12,253,0.0,0.02,0.8,3339.8886083333355,0,0.0,False,08ad55a129c188b78a6bf379ee5514cf466d54acf150f52d0326740697aa261f
2025-11-21,324,12,q4_3,B0,FORMAL_BACKUP,q4-inheritance-v2,delivery,10800.0,9,"[303, 318, 304, 314, 315, 288, 321, 316, 284]","[0.1111111111111111, 0.1111111111111111, 0.1111111111111111, 0.1111111111111111, 0.1111111111111111, 0.1111111111111111, 0.1111111111111111, 0.1111111111111111, 0.1111111111111111]",37449.27609040595,37449.27609040595,2113.6519949520152,10568.259974760078,0.06872460000158753,1.8189894035458565e-12,217,0.0,0.02,0.8,2382.506643001777,0,0.0,False,08ad55a129c188b78a6bf379ee5514cf466d54acf150f52d0326740697aa261f
2025-11-21,324,18,q4_3,B0,FORMAL_BACKUP,q4-inheritance-v2,delivery,10800.0,9,"[303, 318, 304, 314, 315, 288, 321, 316, 284]","[0.1111111111111111, 0.1111111111111111, 0.1111111111111111, 0.1111111111111111, 0.1111111111111111, 0.1111111111111111, 0.1111111111111111, 0.1111111111111111, 0.1111111111111111]",28354.67090617695,28354.67090617695,237.64982455078714,1188.2491227539358,0.05165210000996012,9.094947017729282e-13,181,0.0,0.02,0.8,0.0,0,0.0,False,08ad55a129c188b78a6bf379ee5514cf466d54acf150f52d0326740697aa261f
2025-11-22,325,0,q4_3,B0,FORMAL_BACKUP,q4-inheritance-v2,delivery,10128.82528458994,9,"[310, 318, 304, 314, 315, 288, 322, 316, 284]","[0.1111111111111111, 0.1111111111111111, 0.1111111111111111, 0.1111111111111111, 0.1111111111111111, 0.1111111111111111, 0.1111111111111111, 0.1111111111111111, 0.1111111111111111]",61185.49667626947,61185.49667626947,3173.5960488615638,15867.980244307822,0.1623530000069877,1.0913936421275139e-11,289,0.0,0.02,0.8,0.0,0,0.0,False,08ad55a129c188b78a6bf379ee5514cf466d54acf150f52d0326740697aa261f
2025-11-22,325,6,q4_3,B0,FORMAL_BACKUP,q4-inheritance-v2,delivery,9924.770008697482,9,"[310, 318, 304, 314, 315, 288, 322, 316, 284]","[0.1111111111111111, 0.1111111111111111, 0.1111111111111111, 0.1111111111111111, 0.1111111111111111, 0.1111111111111111, 0.1111111111111111, 0.1111111111111111, 0.1111111111111111]",54604.00617203385,54604.00617203385,2104.257671145657,10521.288355728286,0.08045960000890773,1.8189894035458565e-12,253,0.0,0.02,0.8,260.0385652777801,0,0.0,False,08ad55a129c188b78a6bf379ee5514cf466d54acf150f52d0326740697aa261f
2025-11-22,325,12,q4_3,B0,FORMAL_BACKUP,q4-inheritance-v2,delivery,9940.76713010452,9,"[310, 318, 304, 314, 315, 288, 322, 316, 284]","[0.1111111111111111, 0.1111111111111111, 0.1111111111111111, 0.1111111111111111, 0.1111111111111111, 0.1111111111111111, 0.1111111111111111, 0.1111111111111111, 0.1111111111111111]",52403.98781933484,52403.98781933484,1497.877770903193,7489.388854515967,0.07060910000291187,1.8189894035458565e-12,217,0.0,0.02,0.8,773.9148783333334,0,0.0,False,08ad55a129c188b78a6bf379ee5514cf466d54acf150f52d0326740697aa261f
2025-11-22,325,18,q4_3,B0,FORMAL_BACKUP,q4-inheritance-v2,delivery,10800.0,9,"[310, 318, 304, 314, 315, 288, 322, 316, 284]","[0.1111111111111111, 0.1111111111111111, 0.1111111111111111, 0.1111111111111111, 0.1111111111111111, 0.1111111111111111, 0.1111111111111111, 0.1111111111111111, 0.1111111111111111]",49114.32996558879,49114.32996558879,0.0,0.0,0.052295600005891174,1.8189894035458565e-12,181,0.0,0.02,0.8,8.526512829121202e-13,0,0.0,False,08ad55a129c188b78a6bf379ee5514cf466d54acf150f52d0326740697aa261f
2025-11-23,326,0,q4_3,B0,FORMAL_BACKUP,q4-inheritance-v2,delivery,9462.343669817707,9,"[310, 318, 304, 306, 301, 309, 322, 316, 284]","[0.1111111111111111, 0.1111111111111111, 0.1111111111111111, 0.1111111111111111, 0.1111111111111111, 0.1111111111111111, 0.1111111111111111, 0.1111111111111111, 0.1111111111111111]",83876.60864358237,83876.60864358237,5192.081130664471,25960.405653322356,0.14483269999618642,2.7284841053187847e-12,289,0.0,0.02,0.8,0.0,0,0.0,False,08ad55a129c188b78a6bf379ee5514cf466d54acf150f52d0326740697aa261f
2025-11-23,326,6,q4_3,B0,FORMAL_BACKUP,q4-inheritance-v2,delivery,8993.663461863074,9,"[310, 318, 304, 306, 301, 309, 322, 316, 284]","[0.1111111111111111, 0.1111111111111111, 0.1111111111111111, 0.1111111111111111, 0.1111111111111111, 0.1111111111111111, 0.1111111111111111, 0.1111111111111111, 0.1111111111111111]",80753.71857708963,80753.71857708963,6489.553027056343,31922.445050544586,0.09494749999430496,1.8189894035458565e-12,253,0.0,0.02,0.8,2832.116265861111,0,0.0,False,08ad55a129c188b78a6bf379ee5514cf466d54acf150f52d0326740697aa261f
2025-11-23,326,12,q4_3,B0,FORMAL_BACKUP,q4-inheritance-v2,delivery,2816.449163854041,9,"[310, 318, 304, 306, 301, 309, 322, 316, 284]","[0.1111111111111111, 0.1111111111111111, 0.1111111111111111, 0.1111111111111111, 0.1111111111111111, 0.1111111111111111, 0.1111111111111111, 0.1111111111111111, 0.1111111111111111]",71651.17431225807,71651.17431225807,4107.938863418047,20386.570097126747,0.08018800000718329,1.8189894035458565e-12,217,0.0,0.02,0.8,1240.4191362860022,0,0.0,False,08ad55a129c188b78a6bf379ee5514cf466d54acf150f52d0326740697aa261f
2025-11-23,326,18,q4_3,B0,FORMAL_BACKUP,q4-inheritance-v2,delivery,8247.14893331934,9,"[310, 318, 304, 306, 301, 309, 322, 316, 284]","[0.1111111111111111, 0.1111111111111111, 0.1111111111111111, 0.1111111111111111, 0.1111111111111111, 0.1111111111111111, 0.1111111111111111, 0.1111111111111111, 0.1111111111111111]",58010.441685033744,58010.441685033744,1187.6746345113552,5926.23150014855,0.05303739999362733,9.094947017729282e-13,181,0.0,0.02,0.8,353.96753488313755,0,0.0,False,08ad55a129c188b78a6bf379ee5514cf466d54acf150f52d0326740697aa261f
2025-11-24,327,0,q4_3,B0,FORMAL_BACKUP,q4-inheritance-v2,delivery,4634.577834336742,9,"[310, 318, 304, 306, 301, 309, 322, 316, 284]","[0.1111111111111111, 0.1111111111111111, 0.1111111111111111, 0.1111111111111111, 0.1111111111111111, 0.1111111111111111, 0.1111111111111111, 0.1111111111111111, 0.1111111111111111]",108050.7697518794,108050.7697518794,5240.673495799903,26203.367478999524,0.14662710000993684,1.8189894035458565e-12,289,0.0,0.02,0.8,0.0,0,0.0,False,08ad55a129c188b78a6bf379ee5514cf466d54acf150f52d0326740697aa261f
2025-11-24,327,6,q4_3,B0,FORMAL_BACKUP,q4-inheritance-v2,delivery,10800.0,9,"[310, 318, 304, 306, 301, 309, 322, 316, 284]","[0.1111111111111111, 0.1111111111111111, 0.1111111111111111, 0.1111111111111111, 0.1111111111111111, 0.1111111111111111, 0.1111111111111111, 0.1111111111111111, 0.1111111111111111]",96658.91169932354,96658.91169932354,5636.514309533963,28040.839616624464,0.08967679999477696,1.8189894035458565e-12,253,0.0,0.02,0.8,5.574207762037986e-12,0,0.0,False,08ad55a129c188b78a6bf379ee5514cf466d54acf150f52d0326740697aa261f
2025-11-24,327,12,q4_3,B0,FORMAL_BACKUP,q4-inheritance-v2,delivery,5362.553385348581,9,"[310, 318, 304, 306, 301, 309, 322, 316, 284]","[0.1111111111111111, 0.1111111111111111, 0.1111111111111111, 0.1111111111111111, 0.1111111111111111, 0.1111111111111111, 0.1111111111111111, 0.1111111111111111, 0.1111111111111111]",87001.6641636964,87001.6641636964,3893.0843899183446,19355.89188185156,0.0729729999875417,9.094947017729282e-13,217,0.0,0.02,0.8,151.18697277777846,0,0.0,False,08ad55a129c188b78a6bf379ee5514cf466d54acf150f52d0326740697aa261f
2025-11-24,327,18,q4_3,B0,FORMAL_BACKUP,q4-inheritance-v2,delivery,9527.063236905517,9,"[310, 318, 304, 306, 301, 309, 322, 316, 284]","[0.1111111111111111, 0.1111111111111111, 0.1111111111111111, 0.1111111111111111, 0.1111111111111111, 0.1111111111111111, 0.1111111111111111, 0.1111111111111111, 0.1111111111111111]",67234.29804400193,67234.29804400193,402.1654586062841,2010.827293031421,0.05716149999352638,9.094947017729282e-13,181,0.0,0.02,0.8,0.0,0,0.0,False,08ad55a129c188b78a6bf379ee5514cf466d54acf150f52d0326740697aa261f
2025-11-25,328,0,q4_3,B0,FORMAL_BACKUP,q4-inheritance-v2,delivery,4868.777209788147,9,"[310, 311, 304, 306, 301, 309, 322, 316, 284]","[0.1111111111111111, 0.1111111111111111, 0.1111111111111111, 0.1111111111111111, 0.1111111111111111, 0.1111111111111111, 0.1111111111111111, 0.1111111111111111, 0.1111111111111111]",118287.42366028127,118287.42366028127,5304.992374088538,26524.96187044269,0.1463683000038145,1.8189894035458565e-12,289,0.0,0.02,0.8,0.0,0,0.0,False,08ad55a129c188b78a6bf379ee5514cf466d54acf150f52d0326740697aa261f
2025-11-25,328,6,q4_3,B0,FORMAL_BACKUP,q4-inheritance-v2,delivery,10800.0,9,"[310, 311, 304, 306, 301, 309, 322, 316, 284]","[0.1111111111111111, 0.1111111111111111, 0.1111111111111111, 0.1111111111111111, 0.1111111111111111, 0.1111111111111111, 0.1111111111111111, 0.1111111111111111, 0.1111111111111111]",103274.63452338337,103274.63452338337,2455.3699741593305,12276.001830936317,0.08258370000112336,1.8189894035458565e-12,253,0.0,0.02,0.8,715.5693880167473,0,0.0,False,08ad55a129c188b78a6bf379ee5514cf466d54acf150f52d0326740697aa261f
2025-11-25,328,12,q4_3,B0,FORMAL_BACKUP,q4-inheritance-v2,delivery,8382.362377334712,9,"[310, 311, 304, 306, 301, 309, 322, 316, 284]","[0.1111111111111111, 0.1111111111111111, 0.1111111111111111, 0.1111111111111111, 0.1111111111111111, 0.1111111111111111, 0.1111111111111111, 0.1111111111111111, 0.1111111111111111]",88800.17742518248,88800.17742518248,861.1608152398284,4305.804076199142,0.07386640000913758,1.8189894035458565e-12,217,0.0,0.02,0.8,1943.8287997381242,0,0.0,False,08ad55a129c188b78a6bf379ee5514cf466d54acf150f52d0326740697aa261f
2025-11-25,328,18,q4_3,B0,FORMAL_BACKUP,q4-inheritance-v2,delivery,10773.166079007631,9,"[310, 311, 304, 306, 301, 309, 322, 316, 284]","[0.1111111111111111, 0.1111111111111111, 0.1111111111111111, 0.1111111111111111, 0.1111111111111111, 0.1111111111111111, 0.1111111111111111, 0.1111111111111111, 0.1111111111111111]",69132.18417157096,69132.18417157096,0.0,0.0,0.05613920000905637,1.8189894035458565e-12,181,0.0,0.02,0.8,1608.9105769515986,0,0.0,False,08ad55a129c188b78a6bf379ee5514cf466d54acf150f52d0326740697aa261f
2025-11-26,329,0,q4_3,B0,FORMAL_BACKUP,q4-inheritance-v2,delivery,5245.9257838073845,9,"[310, 311, 304, 306, 301, 309, 322, 316, 305]","[0.1111111111111111, 0.1111111111111111, 0.1111111111111111, 0.1111111111111111, 0.1111111111111111, 0.1111111111111111, 0.1111111111111111, 0.1111111111111111, 0.1111111111111111]",114415.29568939672,114415.29568939672,5703.177101251682,28515.885506258415,0.16971929999999702,1.8189894035458565e-12,289,0.0,0.02,0.8,0.0,0,0.0,False,08ad55a129c188b78a6bf379ee5514cf466d54acf150f52d0326740697aa261f
2025-11-26,329,6,q4_3,B0,FORMAL_BACKUP,q4-inheritance-v2,delivery,10800.0,9,"[310, 311, 304, 306, 301, 309, 322, 316, 305]","[0.1111111111111111, 0.1111111111111111, 0.1111111111111111, 0.1111111111111111, 0.1111111111111111, 0.1111111111111111, 0.1111111111111111, 0.1111111111111111, 0.1111111111111111]",101506.47016930772,101506.47016930772,4232.273893396008,20988.25880913433,0.08997300000919495,1.8189894035458565e-12,253,0.0,0.02,0.8,837.6934287881783,0,0.0,False,08ad55a129c188b78a6bf379ee5514cf466d54acf150f52d0326740697aa261f
2025-11-26,329,12,q4_3,B0,FORMAL_BACKUP,q4-inheritance-v2,delivery,5135.12306450907,9,"[310, 311, 304, 306, 301, 309, 322, 316, 305]","[0.1111111111111111, 0.1111111111111111, 0.1111111111111111, 0.1111111111111111, 0.1111111111111111, 0.1111111111111111, 0.1111111111111111, 0.1111111111111111, 0.1111111111111111]",92001.46129232884,92001.46129232884,1862.8080149919572,9314.040074959787,0.0693201000103727,1.8189894035458565e-12,217,0.0,0.02,0.8,160.32632138888846,0,0.0,False,08ad55a129c188b78a6bf379ee5514cf466d54acf150f52d0326740697aa261f
2025-11-26,329,18,q4_3,B0,FORMAL_BACKUP,q4-inheritance-v2,delivery,10690.124613834321,9,"[310, 311, 304, 306, 301, 309, 322, 316, 305]","[0.1111111111111111, 0.1111111111111111, 0.1111111111111111, 0.1111111111111111, 0.1111111111111111, 0.1111111111111111, 0.1111111111111111, 0.1111111111111111, 0.1111111111111111]",65498.18353020459,65498.18353020459,0.0,0.0,0.05646279999928083,1.8189894035458565e-12,181,0.0,0.02,0.8,1100.1412910833258,0,0.0,False,08ad55a129c188b78a6bf379ee5514cf466d54acf150f52d0326740697aa261f
2025-11-27,330,0,q4_3,B0,FORMAL_BACKUP,q4-inheritance-v2,delivery,6095.176955195822,9,"[310, 311, 304, 306, 286, 313, 322, 316, 305]","[0.1111111111111111, 0.1111111111111111, 0.1111111111111111, 0.1111111111111111, 0.1111111111111111, 0.1111111111111111, 0.1111111111111111, 0.1111111111111111, 0.1111111111111111]",82385.96399792895,82385.96399792895,5879.96767143847,29399.838357192355,0.14962609999929555,7.275957614183426e-12,289,0.0,0.02,0.8,0.0,0,0.0,False,08ad55a129c188b78a6bf379ee5514cf466d54acf150f52d0326740697aa261f
2025-11-27,330,6,q4_3,B0,FORMAL_BACKUP,q4-inheritance-v2,delivery,10800.0,9,"[310, 311, 304, 306, 286, 313, 322, 316, 305]","[0.1111111111111111, 0.1111111111111111, 0.1111111111111111, 0.1111111111111111, 0.1111111111111111, 0.1111111111111111, 0.1111111111111111, 0.1111111111111111, 0.1111111111111111]",72312.54556231109,72312.54556231109,5742.522164023536,27495.610493679076,0.09602510000695474,1.0913936421275139e-11,253,0.0,0.02,0.8,980.5983251666771,0,0.0,False,08ad55a129c188b78a6bf379ee5514cf466d54acf150f52d0326740697aa261f
2025-11-27,330,12,q4_3,B0,FORMAL_BACKUP,q4-inheritance-v2,delivery,6942.409957364966,9,"[310, 311, 304, 306, 286, 313, 322, 316, 305]","[0.1111111111111111, 0.1111111111111111, 0.1111111111111111, 0.1111111111111111, 0.1111111111111111, 0.1111111111111111, 0.1111111111111111, 0.1111111111111111, 0.1111111111111111]",60379.2916090058,60379.2916090058,2768.1377947434657,13840.688973717331,0.06994800000393298,3.637978807091713e-12,217,0.0,0.02,0.8,616.5377727777865,0,0.0,False,08ad55a129c188b78a6bf379ee5514cf466d54acf150f52d0326740697aa261f
2025-11-27,330,18,q4_3,B0,FORMAL_BACKUP,q4-inheritance-v2,delivery,9854.99601277814,9,"[310, 311, 304, 306, 286, 313, 322, 316, 305]","[0.1111111111111111, 0.1111111111111111, 0.1111111111111111, 0.1111111111111111, 0.1111111111111111, 0.1111111111111111, 0.1111111111111111, 0.1111111111111111, 0.1111111111111111]",36838.97951978451,36838.97951978451,114.2922826792637,571.4614133963187,0.06034870000439696,1.8189894035458565e-12,181,0.0,0.02,0.8,1.1368683772161603e-13,0,0.0,False,08ad55a129c188b78a6bf379ee5514cf466d54acf150f52d0326740697aa261f
2025-11-28,331,0,q4_3,B0,FORMAL_BACKUP,q4-inheritance-v2,delivery,4226.094842374803,9,"[310, 311, 304, 314, 301, 313, 322, 316, 305]","[0.1111111111111111, 0.1111111111111111, 0.1111111111111111, 0.1111111111111111, 0.1111111111111111, 0.1111111111111111, 0.1111111111111111, 0.1111111111111111, 0.1111111111111111]",53000.16377137909,53000.16377137909,4080.4934830684215,20402.46741534211,0.12919230000989046,1.8189894035458565e-12,289,0.0,0.02,0.8,0.0,0,0.0,False,08ad55a129c188b78a6bf379ee5514cf466d54acf150f52d0326740697aa261f
2025-11-28,331,6,q4_3,B0,FORMAL_BACKUP,q4-inheritance-v2,delivery,10800.0,9,"[310, 311, 304, 314, 301, 313, 322, 316, 305]","[0.1111111111111111, 0.1111111111111111, 0.1111111111111111, 0.1111111111111111, 0.1111111111111111, 0.1111111111111111, 0.1111111111111111, 0.1111111111111111, 0.1111111111111111]",44011.16471918013,44011.16471918013,3550.1493535824743,17551.138656901363,0.08375249999517109,1.8189894035458565e-12,253,0.0,0.02,0.8,53.956669256170414,0,0.0,False,08ad55a129c188b78a6bf379ee5514cf466d54acf150f52d0326740697aa261f
2025-11-28,331,12,q4_3,B0,FORMAL_BACKUP,q4-inheritance-v2,delivery,10800.0,9,"[310, 311, 304, 314, 301, 313, 322, 316, 305]","[0.1111111111111111, 0.1111111111111111, 0.1111111111111111, 0.1111111111111111, 0.1111111111111111, 0.1111111111111111, 0.1111111111111111, 0.1111111111111111, 0.1111111111111111]",39028.36916025803,39028.36916025803,1555.3828750613238,7776.91437530662,0.07914119999622926,1.8189894035458565e-12,217,0.0,0.02,0.8,1464.6028147888117,0,0.0,False,08ad55a129c188b78a6bf379ee5514cf466d54acf150f52d0326740697aa261f
2025-11-28,331,18,q4_3,B0,FORMAL_BACKUP,q4-inheritance-v2,delivery,10800.0,9,"[310, 311, 304, 314, 301, 313, 322, 316, 305]","[0.1111111111111111, 0.1111111111111111, 0.1111111111111111, 0.1111111111111111, 0.1111111111111111, 0.1111111111111111, 0.1111111111111111, 0.1111111111111111, 0.1111111111111111]",30229.198267870288,30229.198267870288,217.10091730598836,1085.504586529942,0.05213490000460297,1.8189894035458565e-12,181,0.0,0.02,0.8,0.0,0,0.0,False,08ad55a129c188b78a6bf379ee5514cf466d54acf150f52d0326740697aa261f
2025-11-29,332,0,q4_3,B0,FORMAL_BACKUP,q4-inheritance-v2,delivery,9947.490967222375,9,"[317, 311, 304, 314, 329, 313, 322, 316, 305]","[0.1111111111111111, 0.1111111111111111, 0.1111111111111111, 0.1111111111111111, 0.1111111111111111, 0.1111111111111111, 0.1111111111111111, 0.1111111111111111, 0.1111111111111111]",66923.11816875565,66923.11816875565,3998.587313391952,19992.936566959765,0.13000900000042748,7.275957614183426e-12,289,0.0,0.02,0.8,0.0,0,0.0,False,08ad55a129c188b78a6bf379ee5514cf466d54acf150f52d0326740697aa261f
2025-11-29,332,6,q4_3,B0,FORMAL_BACKUP,q4-inheritance-v2,delivery,10482.676005360743,9,"[317, 311, 304, 314, 329, 313, 322, 316, 305]","[0.1111111111111111, 0.1111111111111111, 0.1111111111111111, 0.1111111111111111, 0.1111111111111111, 0.1111111111111111, 0.1111111111111111, 0.1111111111111111, 0.1111111111111111]",58474.89411255352,58474.89411255352,1588.9863042000181,7944.931521000092,0.07796190000954084,1.8189894035458565e-12,253,0.0,0.02,0.8,1981.7180701314014,0,0.0,False,08ad55a129c188b78a6bf379ee5514cf466d54acf150f52d0326740697aa261f
2025-11-29,332,12,q4_3,B0,FORMAL_BACKUP,q4-inheritance-v2,delivery,10105.808796460402,9,"[317, 311, 304, 314, 329, 313, 322, 316, 305]","[0.1111111111111111, 0.1111111111111111, 0.1111111111111111, 0.1111111111111111, 0.1111111111111111, 0.1111111111111111, 0.1111111111111111, 0.1111111111111111, 0.1111111111111111]",57951.08271280548,57951.08271280548,1369.5378347485157,6847.68917374258,0.06692050000128802,1.8189894035458565e-12,217,0.0,0.02,0.8,3079.1289808721463,0,0.0,False,08ad55a129c188b78a6bf379ee5514cf466d54acf150f52d0326740697aa261f
2025-11-29,332,18,q4_3,B0,FORMAL_BACKUP,q4-inheritance-v2,delivery,10800.0,9,"[317, 311, 304, 314, 329, 313, 322, 316, 305]","[0.1111111111111111, 0.1111111111111111, 0.1111111111111111, 0.1111111111111111, 0.1111111111111111, 0.1111111111111111, 0.1111111111111111, 0.1111111111111111, 0.1111111111111111]",46659.792545487464,46659.792545487464,112.77300119315777,563.865005965789,0.05495810000866186,1.8189894035458565e-12,181,0.0,0.02,0.8,0.0,0,0.0,False,08ad55a129c188b78a6bf379ee5514cf466d54acf150f52d0326740697aa261f
2025-11-30,333,0,q4_3,B0,FORMAL_BACKUP,q4-inheritance-v2,delivery,10431.706536872756,9,"[317, 311, 304, 314, 330, 313, 322, 316, 305]","[0.1111111111111111, 0.1111111111111111, 0.1111111111111111, 0.1111111111111111, 0.1111111111111111, 0.1111111111111111, 0.1111111111111111, 0.1111111111111111, 0.1111111111111111]",89491.64750714562,89491.64750714562,5851.425584465051,29257.127922325257,0.16252250000252388,1.8189894035458565e-12,289,0.0,0.02,0.8,0.0,0,0.0,False,08ad55a129c188b78a6bf379ee5514cf466d54acf150f52d0326740697aa261f
2025-11-30,333,6,q4_3,B0,FORMAL_BACKUP,q4-inheritance-v2,delivery,9021.218166219385,9,"[317, 311, 304, 314, 330, 313, 322, 316, 305]","[0.1111111111111111, 0.1111111111111111, 0.1111111111111111, 0.1111111111111111, 0.1111111111111111, 0.1111111111111111, 0.1111111111111111, 0.1111111111111111, 0.1111111111111111]",83479.82459964583,83479.82459964583,5671.274410048671,27829.79063332875,0.08971309999469668,1.4551915228366852e-11,253,0.0,0.02,0.8,2116.790183083942,0,0.0,False,08ad55a129c188b78a6bf379ee5514cf466d54acf150f52d0326740697aa261f
2025-11-30,333,12,q4_3,B0,FORMAL_BACKUP,q4-inheritance-v2,delivery,3690.719749485707,9,"[317, 311, 304, 314, 330, 313, 322, 316, 305]","[0.1111111111111111, 0.1111111111111111, 0.1111111111111111, 0.1111111111111111, 0.1111111111111111, 0.1111111111111111, 0.1111111111111111, 0.1111111111111111, 0.1111111111111111]",76149.14690311265,76149.14690311265,3529.4942685495625,17545.867482590766,0.0751243999984581,1.8189894035458565e-12,217,0.0,0.02,0.8,1158.7544782216269,0,0.0,False,08ad55a129c188b78a6bf379ee5514cf466d54acf150f52d0326740697aa261f
2025-11-30,333,18,q4_3,B0,FORMAL_BACKUP,q4-inheritance-v2,delivery,9019.96884709801,9,"[317, 311, 304, 314, 330, 313, 322, 316, 305]","[0.1111111111111111, 0.1111111111111111, 0.1111111111111111, 0.1111111111111111, 0.1111111111111111, 0.1111111111111111, 0.1111111111111111, 0.1111111111111111, 0.1111111111111111]",53127.029895785134,53127.029895785134,1271.2738061683265,6356.3690308416335,0.05719559999124613,1.8189894035458565e-12,181,0.0,0.02,0.8,0.0,0,0.0,False,08ad55a129c188b78a6bf379ee5514cf466d54acf150f52d0326740697aa261f
2025-12-01,334,0,q4_3,B0,FORMAL_BACKUP,q4-inheritance-v2,delivery,4780.806639426232,9,"[317, 318, 290, 314, 330, 313, 322, 316, 305]","[0.1111111111111111, 0.1111111111111111, 0.1111111111111111, 0.1111111111111111, 0.1111111111111111, 0.1111111111111111, 0.1111111111111111, 0.1111111111111111, 0.1111111111111111]",118934.11889630723,118934.11889630723,5864.521074207016,29322.605371035086,0.16243749999557622,1.8189894035458565e-12,289,0.0,0.02,0.8,0.0,0,0.0,False,08ad55a129c188b78a6bf379ee5514cf466d54acf150f52d0326740697aa261f
2025-12-01,334,6,q4_3,B0,FORMAL_BACKUP,q4-inheritance-v2,delivery,8820.286069615386,9,"[317, 318, 290, 314, 330, 313, 322, 316, 305]","[0.1111111111111111, 0.1111111111111111, 0.1111111111111111, 0.1111111111111111, 0.1111111111111111, 0.1111111111111111, 0.1111111111111111, 0.1111111111111111, 0.1111111111111111]",105048.95912926806,105048.95912926806,4300.152673068167,21405.098513777903,0.0800840000010794,7.275957614183426e-12,253,0.0,0.02,0.8,258.3311264540363,0,0.0,False,08ad55a129c188b78a6bf379ee5514cf466d54acf150f52d0326740697aa261f
2025-12-01,334,12,q4_3,B0,FORMAL_BACKUP,q4-inheritance-v2,delivery,4597.062571770337,9,"[317, 318, 290, 314, 330, 313, 322, 316, 305]","[0.1111111111111111, 0.1111111111111111, 0.1111111111111111, 0.1111111111111111, 0.1111111111111111, 0.1111111111111111, 0.1111111111111111, 0.1111111111111111, 0.1111111111111111]",95522.86184787606,95522.86184787606,2504.3423045317863,12521.711522658934,0.07006749999709427,1.8189894035458565e-12,217,0.0,0.02,0.8,220.58588579451953,0,0.0,False,08ad55a129c188b78a6bf379ee5514cf466d54acf150f52d0326740697aa261f
2025-12-01,334,18,q4_3,B0,FORMAL_BACKUP,q4-inheritance-v2,delivery,10235.194210791218,9,"[317, 318, 290, 314, 330, 313, 322, 316, 305]","[0.1111111111111111, 0.1111111111111111, 0.1111111111111111, 0.1111111111111111, 0.1111111111111111, 0.1111111111111111, 0.1111111111111111, 0.1111111111111111, 0.1111111111111111]",69058.58644907648,69058.58644907648,372.9819275336359,1864.9096376681798,0.055402600002707914,1.8189894035458565e-12,181,0.0,0.02,0.8,1.1368683772161603e-13,0,0.0,False,08ad55a129c188b78a6bf379ee5514cf466d54acf150f52d0326740697aa261f
2025-12-02,335,0,q4_3,B0,FORMAL_BACKUP,q4-inheritance-v2,delivery,5918.41179292061,9,"[317, 318, 297, 314, 330, 313, 322, 316, 305]","[0.1111111111111111, 0.1111111111111111, 0.1111111111111111, 0.1111111111111111, 0.1111111111111111, 0.1111111111111111, 0.1111111111111111, 0.1111111111111111, 0.1111111111111111]",124059.29693321818,124059.29693321818,6045.83272745726,30229.163637286303,0.15641989999858197,1.8189894035458565e-12,289,0.0,0.02,0.8,0.0,0,0.0,False,08ad55a129c188b78a6bf379ee5514cf466d54acf150f52d0326740697aa261f
2025-12-02,335,6,q4_3,B0,FORMAL_BACKUP,q4-inheritance-v2,delivery,9523.437645670725,9,"[317, 318, 297, 314, 330, 313, 322, 316, 305]","[0.1111111111111111, 0.1111111111111111, 0.1111111111111111, 0.1111111111111111, 0.1111111111111111, 0.1111111111111111, 0.1111111111111111, 0.1111111111111111, 0.1111111111111111]",109945.04323109523,109945.04323109523,4209.6132454501685,20983.23471142476,0.08956589999434073,1.8189894035458565e-12,253,0.0,0.02,0.8,816.1066319135854,0,0.0,False,08ad55a129c188b78a6bf379ee5514cf466d54acf150f52d0326740697aa261f
2025-12-02,335,12,q4_3,B0,FORMAL_BACKUP,q4-inheritance-v2,delivery,5296.76911008266,9,"[317, 318, 297, 314, 330, 313, 322, 316, 305]","[0.1111111111111111, 0.1111111111111111, 0.1111111111111111, 0.1111111111111111, 0.1111111111111111, 0.1111111111111111, 0.1111111111111111, 0.1111111111111111, 0.1111111111111111]",101253.02475488489,101253.02475488489,2105.527375766952,10527.636878834763,0.07448819999990519,1.8189894035458565e-12,217,0.0,0.02,0.8,362.7485052777774,0,0.0,False,08ad55a129c188b78a6bf379ee5514cf466d54acf150f52d0326740697aa261f
2025-12-02,335,18,q4_3,B0,FORMAL_BACKUP,q4-inheritance-v2,delivery,10724.012620693074,9,"[317, 318, 297, 314, 330, 313, 322, 316, 305]","[0.1111111111111111, 0.1111111111111111, 0.1111111111111111, 0.1111111111111111, 0.1111111111111111, 0.1111111111111111, 0.1111111111111111, 0.1111111111111111, 0.1111111111111111]",67906.49634870076,67906.49634870076,133.32183326130442,666.6091663065223,0.0564031999965664,1.8189894035458565e-12,181,0.0,0.02,0.8,0.0,0,0.0,False,08ad55a129c188b78a6bf379ee5514cf466d54acf150f52d0326740697aa261f
2025-12-03,336,0,q4_3,B0,FORMAL_BACKUP,q4-inheritance-v2,delivery,5698.901258752742,9,"[317, 318, 297, 314, 330, 313, 322, 316, 319]","[0.1111111111111111, 0.1111111111111111, 0.1111111111111111, 0.1111111111111111, 0.1111111111111111, 0.1111111111111111, 0.1111111111111111, 0.1111111111111111, 0.1111111111111111]",118765.39901629048,118765.39901629048,6752.970057153994,33764.85028576998,0.2068954999995185,1.8189894035458565e-12,289,0.0,0.02,0.8,0.0,0,0.0,False,08ad55a129c188b78a6bf379ee5514cf466d54acf150f52d0326740697aa261f
2025-12-03,336,6,q4_3,B0,FORMAL_BACKUP,q4-inheritance-v2,delivery,9581.043174566608,9,"[317, 318, 297, 314, 330, 313, 322, 316, 319]","[0.1111111111111111, 0.1111111111111111, 0.1111111111111111, 0.1111111111111111, 0.1111111111111111, 0.1111111111111111, 0.1111111111111111, 0.1111111111111111, 0.1111111111111111]",112587.31988910167,112587.31988910167,7646.655427646004,37365.5202989137,0.09892199999012519,1.8189894035458565e-12,253,0.0,0.02,0.8,3417.1379483210017,0,0.0,False,08ad55a129c188b78a6bf379ee5514cf466d54acf150f52d0326740697aa261f
2025-12-03,336,12,q4_3,B0,FORMAL_BACKUP,q4-inheritance-v2,delivery,5397.907958694362,9,"[317, 318, 297, 314, 330, 313, 322, 316, 319]","[0.1111111111111111, 0.1111111111111111, 0.1111111111111111, 0.1111111111111111, 0.1111111111111111, 0.1111111111111111, 0.1111111111111111, 0.1111111111111111, 0.1111111111111111]",94089.71526517719,94089.71526517719,4132.4478497307755,20398.21805149875,0.07524109999940265,7.275957614183426e-12,217,0.0,0.02,0.8,1865.764571103156,0,0.0,False,08ad55a129c188b78a6bf379ee5514cf466d54acf150f52d0326740697aa261f
2025-12-03,336,18,q4_3,B0,FORMAL_BACKUP,q4-inheritance-v2,delivery,8875.609687912998,9,"[317, 318, 297, 314, 330, 313, 322, 316, 319]","[0.1111111111111111, 0.1111111111111111, 0.1111111111111111, 0.1111111111111111, 0.1111111111111111, 0.1111111111111111, 0.1111111111111111, 0.1111111111111111, 0.1111111111111111]",70940.2219692561,70940.2219692561,963.4374725407716,4817.1873627038585,0.060075000001234,9.094947017729282e-13,181,0.0,0.02,0.8,0.0,0,0.0,False,08ad55a129c188b78a6bf379ee5514cf466d54acf150f52d0326740697aa261f
2025-12-04,337,0,q4_3,B0,FORMAL_BACKUP,q4-inheritance-v2,delivery,3500.232932215178,9,"[317, 318, 297, 306, 329, 321, 302, 316, 319]","[0.1111111111111111, 0.1111111111111111, 0.1111111111111111, 0.1111111111111111, 0.1111111111111111, 0.1111111111111111, 0.1111111111111111, 0.1111111111111111, 0.1111111111111111]",94527.09682086004,94527.09682086004,6901.678900890299,34508.3945044515,0.14463719999184832,7.275957614183426e-12,289,0.0,0.02,0.8,0.0,0,0.0,False,08ad55a129c188b78a6bf379ee5514cf466d54acf150f52d0326740697aa261f
2025-12-04,337,6,q4_3,B0,FORMAL_BACKUP,q4-inheritance-v2,delivery,9025.94313161006,9,"[317, 318, 297, 306, 329, 321, 302, 316, 319]","[0.1111111111111111, 0.1111111111111111, 0.1111111111111111, 0.1111111111111111, 0.1111111111111111, 0.1111111111111111, 0.1111111111111111, 0.1111111111111111, 0.1111111111111111]",80783.01806394158,80783.01806394158,4028.242014274125,20101.92622426375,0.08823480000137351,1.8189894035458565e-12,253,0.0,0.02,0.8,3448.6727441358094,0,0.0,False,08ad55a129c188b78a6bf379ee5514cf466d54acf150f52d0326740697aa261f
2025-12-04,337,12,q4_3,B0,FORMAL_BACKUP,q4-inheritance-v2,delivery,4128.097869458646,9,"[317, 318, 297, 306, 329, 321, 302, 316, 319]","[0.1111111111111111, 0.1111111111111111, 0.1111111111111111, 0.1111111111111111, 0.1111111111111111, 0.1111111111111111, 0.1111111111111111, 0.1111111111111111, 0.1111111111111111]",63413.64193541368,63413.64193541368,1683.299948816238,8416.499744081191,0.07001599999784958,1.8189894035458565e-12,217,0.0,0.02,0.8,1407.7037865432098,0,0.0,False,08ad55a129c188b78a6bf379ee5514cf466d54acf150f52d0326740697aa261f
2025-12-04,337,18,q4_3,B0,FORMAL_BACKUP,q4-inheritance-v2,delivery,10720.443236267472,9,"[317, 318, 297, 306, 329, 321, 302, 316, 319]","[0.1111111111111111, 0.1111111111111111, 0.1111111111111111, 0.1111111111111111, 0.1111111111111111, 0.1111111111111111, 0.1111111111111111, 0.1111111111111111, 0.1111111111111111]",44150.630506775466,44150.630506775466,12.01930336620387,60.096516831019365,0.05800910000107251,1.8189894035458565e-12,181,0.0,0.02,0.8,85.95982802777576,0,0.0,False,08ad55a129c188b78a6bf379ee5514cf466d54acf150f52d0326740697aa261f
2025-12-05,338,0,q4_3,B0,FORMAL_BACKUP,q4-inheritance-v2,delivery,4247.160731081888,9,"[317, 318, 297, 306, 329, 327, 302, 316, 319]","[0.1111111111111111, 0.1111111111111111, 0.1111111111111111, 0.1111111111111111, 0.1111111111111111, 0.1111111111111111, 0.1111111111111111, 0.1111111111111111, 0.1111111111111111]",58240.78494109974,58240.78494109974,4822.927019985994,24114.635099929976,0.13734419998945668,7.275957614183426e-12,289,0.0,0.02,0.8,0.0,0,0.0,False,08ad55a129c188b78a6bf379ee5514cf466d54acf150f52d0326740697aa261f
2025-12-05,338,6,q4_3,B0,FORMAL_BACKUP,q4-inheritance-v2,delivery,10800.0,9,"[317, 318, 297, 306, 329, 327, 302, 316, 319]","[0.1111111111111111, 0.1111111111111111, 0.1111111111111111, 0.1111111111111111, 0.1111111111111111, 0.1111111111111111, 0.1111111111111111, 0.1111111111111111, 0.1111111111111111]",48833.12474028596,48833.12474028596,3738.5641310027227,18691.458832071614,0.08604840000043623,1.8189894035458565e-12,253,0.0,0.02,0.8,4.1815439999481896e-12,0,0.0,False,08ad55a129c188b78a6bf379ee5514cf466d54acf150f52d0326740697aa261f
2025-12-05,338,12,q4_3,B0,FORMAL_BACKUP,q4-inheritance-v2,delivery,10800.0,9,"[317, 318, 297, 306, 329, 327, 302, 316, 319]","[0.1111111111111111, 0.1111111111111111, 0.1111111111111111, 0.1111111111111111, 0.1111111111111111, 0.1111111111111111, 0.1111111111111111, 0.1111111111111111, 0.1111111111111111]",41058.23708223953,41058.23708223953,1873.1261588627178,9365.63079431359,0.06655350000073668,3.637978807091713e-12,217,0.0,0.02,0.8,2772.2250935555553,0,0.0,False,08ad55a129c188b78a6bf379ee5514cf466d54acf150f52d0326740697aa261f
2025-12-05,338,18,q4_3,B0,FORMAL_BACKUP,q4-inheritance-v2,delivery,10800.0,9,"[317, 318, 297, 306, 329, 327, 302, 316, 319]","[0.1111111111111111, 0.1111111111111111, 0.1111111111111111, 0.1111111111111111, 0.1111111111111111, 0.1111111111111111, 0.1111111111111111, 0.1111111111111111, 0.1111111111111111]",32478.463479342056,32478.463479342056,260.01154147437325,1300.0577073718666,0.05413240000780206,1.8189894035458565e-12,181,0.0,0.02,0.8,0.0,0,0.0,False,08ad55a129c188b78a6bf379ee5514cf466d54acf150f52d0326740697aa261f
2025-12-06,339,0,q4_3,B0,FORMAL_BACKUP,q4-inheritance-v2,delivery,9620.589521674328,9,"[310, 318, 297, 306, 329, 323, 320, 336, 319]","[0.1111111111111111, 0.1111111111111111, 0.1111111111111111, 0.1111111111111111, 0.1111111111111111, 0.1111111111111111, 0.1111111111111111, 0.1111111111111111, 0.1111111111111111]",75856.85308710148,75856.85308710148,2975.183509068183,14875.917545340915,0.12136640000971965,7.275957614183426e-12,289,0.0,0.02,0.8,0.0,0,0.0,False,08ad55a129c188b78a6bf379ee5514cf466d54acf150f52d0326740697aa261f
2025-12-06,339,6,q4_3,B0,FORMAL_BACKUP,q4-inheritance-v2,delivery,10800.0,9,"[310, 318, 297, 306, 329, 323, 320, 336, 319]","[0.1111111111111111, 0.1111111111111111, 0.1111111111111111, 0.1111111111111111, 0.1111111111111111, 0.1111111111111111, 0.1111111111111111, 0.1111111111111111, 0.1111111111111111]",67741.50399488064,67741.50399488064,1699.6901554289673,8498.450777144837,0.07530820000101812,3.637978807091713e-12,253,0.0,0.02,0.8,864.8259073353925,0,0.0,False,08ad55a129c188b78a6bf379ee5514cf466d54acf150f52d0326740697aa261f
2025-12-06,339,12,q4_3,B0,FORMAL_BACKUP,q4-inheritance-v2,delivery,8589.810175605959,9,"[310, 318, 297, 306, 329, 323, 320, 336, 319]","[0.1111111111111111, 0.1111111111111111, 0.1111111111111111, 0.1111111111111111, 0.1111111111111111, 0.1111111111111111, 0.1111111111111111, 0.1111111111111111, 0.1111111111111111]",64068.09065768174,64068.09065768174,1000.9888494612844,5004.944247306423,0.06600220000836998,1.8189894035458565e-12,217,0.0,0.02,0.8,3081.543948911799,0,0.0,False,08ad55a129c188b78a6bf379ee5514cf466d54acf150f52d0326740697aa261f
2025-12-06,339,18,q4_3,B0,FORMAL_BACKUP,q4-inheritance-v2,delivery,10800.0,9,"[310, 318, 297, 306, 329, 323, 320, 336, 319]","[0.1111111111111111, 0.1111111111111111, 0.1111111111111111, 0.1111111111111111, 0.1111111111111111, 0.1111111111111111, 0.1111111111111111, 0.1111111111111111, 0.1111111111111111]",57796.79944921915,57796.79944921915,5.963169227685708,29.815846138428547,0.05272039999545086,1.8189894035458565e-12,181,0.0,0.02,0.8,0.0,0,0.0,False,08ad55a129c188b78a6bf379ee5514cf466d54acf150f52d0326740697aa261f
2025-12-07,340,0,q4_3,B0,FORMAL_BACKUP,q4-inheritance-v2,delivery,10414.915665216502,9,"[310, 318, 297, 306, 307, 335, 300, 336, 319]","[0.1111111111111111, 0.1111111111111111, 0.1111111111111111, 0.1111111111111111, 0.1111111111111111, 0.1111111111111111, 0.1111111111111111, 0.1111111111111111, 0.1111111111111111]",115948.32897874276,115948.32897874276,4186.373311523012,20931.866557615063,0.19135729999106843,1.8189894035458565e-12,289,0.0,0.02,0.8,0.0,0,0.0,False,08ad55a129c188b78a6bf379ee5514cf466d54acf150f52d0326740697aa261f
2025-12-07,340,6,q4_3,B0,FORMAL_BACKUP,q4-inheritance-v2,delivery,8991.288725092923,9,"[310, 318, 297, 306, 307, 335, 300, 336, 319]","[0.1111111111111111, 0.1111111111111111, 0.1111111111111111, 0.1111111111111111, 0.1111111111111111, 0.1111111111111111, 0.1111111111111111, 0.1111111111111111, 0.1111111111111111]",103032.90960728421,103032.90960728421,2136.2327054445154,10329.82967231244,0.08547589999216143,1.8189894035458565e-12,253,0.0,0.02,0.8,3008.4968250960583,0,0.0,False,08ad55a129c188b78a6bf379ee5514cf466d54acf150f52d0326740697aa261f
2025-12-07,340,12,q4_3,B0,FORMAL_BACKUP,q4-inheritance-v2,delivery,5393.344218955754,9,"[310, 318, 297, 306, 307, 335, 300, 336, 319]","[0.1111111111111111, 0.1111111111111111, 0.1111111111111111, 0.1111111111111111, 0.1111111111111111, 0.1111111111111111, 0.1111111111111111, 0.1111111111111111, 0.1111111111111111]",91849.78136537492,91849.78136537492,1232.03304378524,6160.1652189261995,0.07236250001005828,1.8189894035458565e-12,217,0.0,0.02,0.8,529.6392605960561,0,0.0,False,08ad55a129c188b78a6bf379ee5514cf466d54acf150f52d0326740697aa261f
2025-12-07,340,18,q4_3,B0,FORMAL_BACKUP,q4-inheritance-v2,delivery,9269.957813310877,9,"[310, 318, 297, 306, 307, 335, 300, 336, 319]","[0.1111111111111111, 0.1111111111111111, 0.1111111111111111, 0.1111111111111111, 0.1111111111111111, 0.1111111111111111, 0.1111111111111111, 0.1111111111111111, 0.1111111111111111]",67156.14055191842,67156.14055191842,0.0,0.0,0.055022999993525445,1.8189894035458565e-12,181,0.0,0.02,0.8,325.328326901944,0,0.0,False,08ad55a129c188b78a6bf379ee5514cf466d54acf150f52d0326740697aa261f
2025-12-08,341,0,q4_3,B0,FORMAL_BACKUP,q4-inheritance-v2,delivery,6636.335111015483,9,"[324, 318, 297, 306, 307, 335, 300, 336, 319]","[0.1111111111111111, 0.1111111111111111, 0.1111111111111111, 0.1111111111111111, 0.1111111111111111, 0.1111111111111111, 0.1111111111111111, 0.1111111111111111, 0.1111111111111111]",149598.29247884953,149598.29247884953,4575.042160386119,22871.27908254171,0.12874879999435507,1.8189894035458565e-12,289,0.0,0.02,0.8,0.0,0,0.0,False,08ad55a129c188b78a6bf379ee5514cf466d54acf150f52d0326740697aa261f
2025-12-08,341,6,q4_3,B0,FORMAL_BACKUP,q4-inheritance-v2,delivery,10800.0,9,"[324, 318, 297, 306, 307, 335, 300, 336, 319]","[0.1111111111111111, 0.1111111111111111, 0.1111111111111111, 0.1111111111111111, 0.1111111111111111, 0.1111111111111111, 0.1111111111111111, 0.1111111111111111, 0.1111111111111111]",134154.47485947845,134154.47485947845,3181.3098357607355,15906.549178803678,0.08255920000374317,1.8189894035458565e-11,253,0.0,0.02,0.8,219.1960547222293,0,0.0,False,08ad55a129c188b78a6bf379ee5514cf466d54acf150f52d0326740697aa261f
2025-12-08,341,12,q4_3,B0,FORMAL_BACKUP,q4-inheritance-v2,delivery,9175.16288929406,9,"[324, 318, 297, 306, 307, 335, 300, 336, 319]","[0.1111111111111111, 0.1111111111111111, 0.1111111111111111, 0.1111111111111111, 0.1111111111111111, 0.1111111111111111, 0.1111111111111111, 0.1111111111111111, 0.1111111111111111]",115770.34248495367,115770.34248495367,1947.0510652415776,9735.25532620789,0.06732750000082888,3.637978807091713e-12,217,0.0,0.02,0.8,4347.242392800691,0,0.0,False,08ad55a129c188b78a6bf379ee5514cf466d54acf150f52d0326740697aa261f
2025-12-08,341,18,q4_3,B0,FORMAL_BACKUP,q4-inheritance-v2,delivery,10800.0,9,"[324, 318, 297, 306, 307, 335, 300, 336, 319]","[0.1111111111111111, 0.1111111111111111, 0.1111111111111111, 0.1111111111111111, 0.1111111111111111, 0.1111111111111111, 0.1111111111111111, 0.1111111111111111, 0.1111111111111111]",89065.58474763882,89065.58474763882,0.0,0.0,0.052942099995561875,9.094947017729282e-13,181,0.0,0.02,0.8,0.2656499999999369,0,0.0,False,08ad55a129c188b78a6bf379ee5514cf466d54acf150f52d0326740697aa261f
2025-12-09,342,0,q4_3,B0,FORMAL_BACKUP,q4-inheritance-v2,delivery,7350.8439460230165,9,"[324, 318, 304, 339, 307, 335, 300, 336, 319]","[0.1111111111111111, 0.1111111111111111, 0.1111111111111111, 0.1111111111111111, 0.1111111111111111, 0.1111111111111111, 0.1111111111111111, 0.1111111111111111, 0.1111111111111111]",150784.17258195608,150784.17258195608,4558.81297888665,22794.064894433253,0.14115140000649262,1.8189894035458565e-12,289,0.0,0.02,0.8,0.0,0,0.0,False,08ad55a129c188b78a6bf379ee5514cf466d54acf150f52d0326740697aa261f
2025-12-09,342,6,q4_3,B0,FORMAL_BACKUP,q4-inheritance-v2,delivery,10800.0,9,"[324, 318, 304, 339, 307, 335, 300, 336, 319]","[0.1111111111111111, 0.1111111111111111, 0.1111111111111111, 0.1111111111111111, 0.1111111111111111, 0.1111111111111111, 0.1111111111111111, 0.1111111111111111, 0.1111111111111111]",134229.82747329597,134229.82747329597,2375.281648212311,11876.40824106156,0.08487039999454282,1.8189894035458565e-12,253,0.0,0.02,0.8,2430.031914313041,0,0.0,False,08ad55a129c188b78a6bf379ee5514cf466d54acf150f52d0326740697aa261f
2025-12-09,342,12,q4_3,B0,FORMAL_BACKUP,q4-inheritance-v2,delivery,8443.189544783278,9,"[324, 318, 304, 339, 307, 335, 300, 336, 319]","[0.1111111111111111, 0.1111111111111111, 0.1111111111111111, 0.1111111111111111, 0.1111111111111111, 0.1111111111111111, 0.1111111111111111, 0.1111111111111111, 0.1111111111111111]",113033.13520742077,113033.13520742077,1934.825727173885,9674.128635869427,0.0686174000002211,9.094947017729282e-13,217,0.0,0.02,0.8,3094.2815313888877,0,0.0,False,08ad55a129c188b78a6bf379ee5514cf466d54acf150f52d0326740697aa261f
2025-12-09,342,18,q4_3,B0,FORMAL_BACKUP,q4-inheritance-v2,delivery,10793.251355721906,9,"[324, 318, 304, 339, 307, 335, 300, 336, 319]","[0.1111111111111111, 0.1111111111111111, 0.1111111111111111, 0.1111111111111111, 0.1111111111111111, 0.1111111111111111, 0.1111111111111111, 0.1111111111111111, 0.1111111111111111]",80732.89415566172,80732.89415566172,4.341562765987639,21.7078138299382,0.05341729999054223,9.094947017729282e-13,181,0.0,0.02,0.8,1.1368683772161603e-13,0,0.0,False,08ad55a129c188b78a6bf379ee5514cf466d54acf150f52d0326740697aa261f
2025-12-10,343,0,q4_3,B0,FORMAL_BACKUP,q4-inheritance-v2,delivery,6393.497265440527,9,"[324, 318, 304, 339, 307, 335, 300, 336, 319]","[0.1111111111111111, 0.1111111111111111, 0.1111111111111111, 0.1111111111111111, 0.1111111111111111, 0.1111111111111111, 0.1111111111111111, 0.1111111111111111, 0.1111111111111111]",146241.26097243483,146241.26097243483,4496.385059211728,22481.925296058645,0.13276439999754075,1.4551915228366852e-11,289,0.0,0.02,0.8,0.0,0,0.0,False,08ad55a129c188b78a6bf379ee5514cf466d54acf150f52d0326740697aa261f
2025-12-10,343,6,q4_3,B0,FORMAL_BACKUP,q4-inheritance-v2,delivery,10800.0,9,"[324, 318, 304, 339, 307, 335, 300, 336, 319]","[0.1111111111111111, 0.1111111111111111, 0.1111111111111111, 0.1111111111111111, 0.1111111111111111, 0.1111111111111111, 0.1111111111111111, 0.1111111111111111, 0.1111111111111111]",133422.44178321675,133422.44178321675,4630.051791660302,22773.558071248048,0.07574190000013914,9.094947017729282e-13,253,0.0,0.02,0.8,450.47821558642676,0,0.0,False,08ad55a129c188b78a6bf379ee5514cf466d54acf150f52d0326740697aa261f
2025-12-10,343,12,q4_3,B0,FORMAL_BACKUP,q4-inheritance-v2,delivery,6308.699664944273,9,"[324, 318, 304, 339, 307, 335, 300, 336, 319]","[0.1111111111111111, 0.1111111111111111, 0.1111111111111111, 0.1111111111111111, 0.1111111111111111, 0.1111111111111111, 0.1111111111111111, 0.1111111111111111, 0.1111111111111111]",114600.43232433852,114600.43232433852,1575.884093631434,7879.420468157171,0.07013210000877734,9.094947017729282e-13,217,0.0,0.02,0.8,215.91229789328474,0,0.0,False,08ad55a129c188b78a6bf379ee5514cf466d54acf150f52d0326740697aa261f
2025-12-10,343,18,q4_3,B0,FORMAL_BACKUP,q4-inheritance-v2,delivery,10800.0,9,"[324, 318, 304, 339, 307, 335, 300, 336, 319]","[0.1111111111111111, 0.1111111111111111, 0.1111111111111111, 0.1111111111111111, 0.1111111111111111, 0.1111111111111111, 0.1111111111111111, 0.1111111111111111, 0.1111111111111111]",85756.14910725615,85756.14910725615,0.0,0.0,0.05158699999446981,1.8189894035458565e-12,181,0.0,0.02,0.8,0.24879166666448782,0,0.0,False,08ad55a129c188b78a6bf379ee5514cf466d54acf150f52d0326740697aa261f
2025-12-11,344,0,q4_3,B0,FORMAL_BACKUP,q4-inheritance-v2,delivery,6907.6190355923045,9,"[324, 318, 304, 339, 329, 335, 300, 336, 319]","[0.1111111111111111, 0.1111111111111111, 0.1111111111111111, 0.1111111111111111, 0.1111111111111111, 0.1111111111111111, 0.1111111111111111, 0.1111111111111111, 0.1111111111111111]",111075.6572484816,111075.6572484816,4819.837669819254,24099.188349096272,0.1868689999973867,1.8189894035458565e-12,289,0.0,0.02,0.8,0.0,0,0.0,False,08ad55a129c188b78a6bf379ee5514cf466d54acf150f52d0326740697aa261f
2025-12-11,344,6,q4_3,B0,FORMAL_BACKUP,q4-inheritance-v2,delivery,10800.0,9,"[324, 318, 304, 339, 329, 335, 300, 336, 319]","[0.1111111111111111, 0.1111111111111111, 0.1111111111111111, 0.1111111111111111, 0.1111111111111111, 0.1111111111111111, 0.1111111111111111, 0.1111111111111111, 0.1111111111111111]",94586.8245545717,94586.8245545717,3013.854789819824,15069.27394909912,0.07801139999355655,1.8189894035458565e-12,253,0.0,0.02,0.8,2959.237471798404,0,0.0,False,08ad55a129c188b78a6bf379ee5514cf466d54acf150f52d0326740697aa261f
2025-12-11,344,12,q4_3,B0,FORMAL_BACKUP,q4-inheritance-v2,delivery,7751.176848707965,9,"[324, 318, 304, 339, 329, 335, 300, 336, 319]","[0.1111111111111111, 0.1111111111111111, 0.1111111111111111, 0.1111111111111111, 0.1111111111111111, 0.1111111111111111, 0.1111111111111111, 0.1111111111111111, 0.1111111111111111]",73790.88755690106,73790.88755690106,1897.2676527314657,9486.33826365733,0.06705830000282731,1.8189894035458565e-12,217,0.0,0.02,0.8,2969.141216793535,0,0.0,False,08ad55a129c188b78a6bf379ee5514cf466d54acf150f52d0326740697aa261f
2025-12-11,344,18,q4_3,B0,FORMAL_BACKUP,q4-inheritance-v2,delivery,10773.026688206433,9,"[324, 318, 304, 339, 329, 335, 300, 336, 319]","[0.1111111111111111, 0.1111111111111111, 0.1111111111111111, 0.1111111111111111, 0.1111111111111111, 0.1111111111111111, 0.1111111111111111, 0.1111111111111111, 0.1111111111111111]",50639.28059859512,50639.28059859512,532.8243616619628,2664.1218083098147,0.057113100003334694,1.8189894035458565e-12,181,0.0,0.02,0.8,1.1368683772161603e-13,0,0.0,False,08ad55a129c188b78a6bf379ee5514cf466d54acf150f52d0326740697aa261f
2025-12-12,345,0,q4_3,B0,FORMAL_BACKUP,q4-inheritance-v2,delivery,3466.950963042252,9,"[324, 318, 304, 339, 330, 323, 320, 336, 319]","[0.1111111111111111, 0.1111111111111111, 0.1111111111111111, 0.1111111111111111, 0.1111111111111111, 0.1111111111111111, 0.1111111111111111, 0.1111111111111111, 0.1111111111111111]",72317.13568189726,72317.13568189726,3543.4393598768006,17672.02810671258,0.1303674999944633,1.8189894035458565e-12,289,0.0,0.02,0.8,0.0,0,0.0,False,08ad55a129c188b78a6bf379ee5514cf466d54acf150f52d0326740697aa261f
2025-12-12,345,6,q4_3,B0,FORMAL_BACKUP,q4-inheritance-v2,delivery,10800.0,9,"[324, 318, 304, 339, 330, 323, 320, 336, 319]","[0.1111111111111111, 0.1111111111111111, 0.1111111111111111, 0.1111111111111111, 0.1111111111111111, 0.1111111111111111, 0.1111111111111111, 0.1111111111111111, 0.1111111111111111]",61158.230547001236,61158.230547001236,3044.472965338513,15222.364826692567,0.08085140000912361,1.8189894035458565e-12,253,0.0,0.02,0.8,15.673311111116448,0,0.0,False,08ad55a129c188b78a6bf379ee5514cf466d54acf150f52d0326740697aa261f
2025-12-12,345,12,q4_3,B0,FORMAL_BACKUP,q4-inheritance-v2,delivery,10800.0,9,"[324, 318, 304, 339, 330, 323, 320, 336, 319]","[0.1111111111111111, 0.1111111111111111, 0.1111111111111111, 0.1111111111111111, 0.1111111111111111, 0.1111111111111111, 0.1111111111111111, 0.1111111111111111, 0.1111111111111111]",53281.54356561813,53281.54356561813,2004.7578787788593,10023.789393894298,0.06601210001099389,1.8189894035458565e-12,217,0.0,0.02,0.8,5420.076520370369,0,0.0,False,08ad55a129c188b78a6bf379ee5514cf466d54acf150f52d0326740697aa261f
2025-12-12,345,18,q4_3,B0,FORMAL_BACKUP,q4-inheritance-v2,delivery,10800.0,9,"[324, 318, 304, 339, 330, 323, 320, 336, 319]","[0.1111111111111111, 0.1111111111111111, 0.1111111111111111, 0.1111111111111111, 0.1111111111111111, 0.1111111111111111, 0.1111111111111111, 0.1111111111111111, 0.1111111111111111]",37125.77035579136,37125.77035579136,153.2433092791405,766.2165463957027,0.05323440000938717,1.8189894035458565e-12,181,0.0,0.02,0.8,1.1368683772161603e-13,0,0.0,False,08ad55a129c188b78a6bf379ee5514cf466d54acf150f52d0326740697aa261f
2025-12-13,346,0,q4_3,B0,FORMAL_BACKUP,q4-inheritance-v2,delivery,10652.01852351027,9,"[317, 318, 304, 339, 329, 323, 320, 336, 319]","[0.1111111111111111, 0.1111111111111111, 0.1111111111111111, 0.1111111111111111, 0.1111111111111111, 0.1111111111111111, 0.1111111111111111, 0.1111111111111111, 0.1111111111111111]",88073.45681657623,88073.45681657623,3204.800073925948,16002.917863412706,0.12917249999009073,9.094947017729282e-13,289,0.0,0.02,0.8,0.0,0,0.0,False,08ad55a129c188b78a6bf379ee5514cf466d54acf150f52d0326740697aa261f
2025-12-13,346,6,q4_3,B0,FORMAL_BACKUP,q4-inheritance-v2,delivery,10800.0,9,"[317, 318, 304, 339, 329, 323, 320, 336, 319]","[0.1111111111111111, 0.1111111111111111, 0.1111111111111111, 0.1111111111111111, 0.1111111111111111, 0.1111111111111111, 0.1111111111111111, 0.1111111111111111, 0.1111111111111111]",79739.98848115896,79739.98848115896,2333.048747211335,11665.243736056678,0.08237760000338312,1.8189894035458565e-12,253,0.0,0.02,0.8,365.6685705555599,0,0.0,False,08ad55a129c188b78a6bf379ee5514cf466d54acf150f52d0326740697aa261f
2025-12-13,346,12,q4_3,B0,FORMAL_BACKUP,q4-inheritance-v2,delivery,9589.090401471429,9,"[317, 318, 304, 339, 329, 323, 320, 336, 319]","[0.1111111111111111, 0.1111111111111111, 0.1111111111111111, 0.1111111111111111, 0.1111111111111111, 0.1111111111111111, 0.1111111111111111, 0.1111111111111111, 0.1111111111111111]",70978.62249769535,70978.62249769535,1513.8781059299954,7569.390529649978,0.07815020000271033,9.094947017729282e-13,217,0.0,0.02,0.8,3920.799667696545,0,0.0,False,08ad55a129c188b78a6bf379ee5514cf466d54acf150f52d0326740697aa261f
2025-12-13,346,18,q4_3,B0,FORMAL_BACKUP,q4-inheritance-v2,delivery,10800.0,9,"[317, 318, 304, 339, 329, 323, 320, 336, 319]","[0.1111111111111111, 0.1111111111111111, 0.1111111111111111, 0.1111111111111111, 0.1111111111111111, 0.1111111111111111, 0.1111111111111111, 0.1111111111111111, 0.1111111111111111]",64883.761505267066,64883.761505267066,0.0,0.0,0.049447900004452094,9.094947017729282e-13,181,0.0,0.02,0.8,0.28408333333482005,0,0.0,False,08ad55a129c188b78a6bf379ee5514cf466d54acf150f52d0326740697aa261f
2025-12-14,347,0,q4_3,B0,FORMAL_BACKUP,q4-inheritance-v2,delivery,10553.3816142768,9,"[317, 318, 304, 344, 330, 343, 320, 336, 319]","[0.1111111111111111, 0.1111111111111111, 0.1111111111111111, 0.1111111111111111, 0.1111111111111111, 0.1111111111111111, 0.1111111111111111, 0.1111111111111111, 0.1111111111111111]",113110.53227073739,113110.53227073739,4411.6013171268205,22037.5045091736,0.1281470999965677,7.275957614183426e-12,289,0.0,0.02,0.8,0.0,0,0.0,False,08ad55a129c188b78a6bf379ee5514cf466d54acf150f52d0326740697aa261f
2025-12-14,347,6,q4_3,B0,FORMAL_BACKUP,q4-inheritance-v2,delivery,10148.347805651201,9,"[317, 318, 304, 344, 330, 343, 320, 336, 319]","[0.1111111111111111, 0.1111111111111111, 0.1111111111111111, 0.1111111111111111, 0.1111111111111111, 0.1111111111111111, 0.1111111111111111, 0.1111111111111111, 0.1111111111111111]",103582.94921360219,103582.94921360219,5230.972918545801,25744.466835351173,0.08202699999674223,1.8189894035458565e-12,253,0.0,0.02,0.8,69.47692241668177,0,0.0,False,08ad55a129c188b78a6bf379ee5514cf466d54acf150f52d0326740697aa261f
2025-12-14,347,12,q4_3,B0,FORMAL_BACKUP,q4-inheritance-v2,delivery,5341.8429407099975,9,"[317, 318, 304, 344, 330, 343, 320, 336, 319]","[0.1111111111111111, 0.1111111111111111, 0.1111111111111111, 0.1111111111111111, 0.1111111111111111, 0.1111111111111111, 0.1111111111111111, 0.1111111111111111, 0.1111111111111111]",93260.82629032734,93260.82629032734,3147.6419257493812,15738.209628746907,0.06734839999990072,1.8189894035458565e-12,217,0.0,0.02,0.8,31.856650000000514,0,0.0,False,08ad55a129c188b78a6bf379ee5514cf466d54acf150f52d0326740697aa261f
2025-12-14,347,18,q4_3,B0,FORMAL_BACKUP,q4-inheritance-v2,delivery,9505.346390740307,9,"[317, 318, 304, 344, 330, 343, 320, 336, 319]","[0.1111111111111111, 0.1111111111111111, 0.1111111111111111, 0.1111111111111111, 0.1111111111111111, 0.1111111111111111, 0.1111111111111111, 0.1111111111111111, 0.1111111111111111]",67304.68190832729,67304.68190832729,640.2176780583708,3201.088390291854,0.05215170000155922,1.8189894035458565e-12,181,0.0,0.02,0.8,7.958078640513122e-13,0,0.0,False,08ad55a129c188b78a6bf379ee5514cf466d54acf150f52d0326740697aa261f
2025-12-15,348,0,q4_3,B0,FORMAL_BACKUP,q4-inheritance-v2,delivery,4696.151898181915,9,"[331, 318, 304, 344, 330, 343, 320, 336, 319]","[0.1111111111111111, 0.1111111111111111, 0.1111111111111111, 0.1111111111111111, 0.1111111111111111, 0.1111111111111111, 0.1111111111111111, 0.1111111111111111, 0.1111111111111111]",140668.5058367693,140668.5058367693,4577.811780466542,22889.058902332712,0.19073040000512265,7.275957614183426e-12,289,0.0,0.02,0.8,0.0,0,0.0,False,08ad55a129c188b78a6bf379ee5514cf466d54acf150f52d0326740697aa261f
2025-12-15,348,6,q4_3,B0,FORMAL_BACKUP,q4-inheritance-v2,delivery,10800.0,9,"[331, 318, 304, 344, 330, 343, 320, 336, 319]","[0.1111111111111111, 0.1111111111111111, 0.1111111111111111, 0.1111111111111111, 0.1111111111111111, 0.1111111111111111, 0.1111111111111111, 0.1111111111111111, 0.1111111111111111]",128298.35626968449,128298.35626968449,5469.9554410912615,27097.47411315678,0.07853840000461787,7.275957614183426e-12,253,0.0,0.02,0.8,542.1835325000079,0,0.0,False,08ad55a129c188b78a6bf379ee5514cf466d54acf150f52d0326740697aa261f
2025-12-15,348,12,q4_3,B0,FORMAL_BACKUP,q4-inheritance-v2,delivery,6187.04056336697,9,"[331, 318, 304, 344, 330, 343, 320, 336, 319]","[0.1111111111111111, 0.1111111111111111, 0.1111111111111111, 0.1111111111111111, 0.1111111111111111, 0.1111111111111111, 0.1111111111111111, 0.1111111111111111, 0.1111111111111111]",107987.43760693872,107987.43760693872,2467.728059320225,12338.640296601125,0.06961279999813996,1.8189894035458565e-12,217,0.0,0.02,0.8,1.1368683772161603e-13,0,0.0,False,08ad55a129c188b78a6bf379ee5514cf466d54acf150f52d0326740697aa261f
2025-12-15,348,18,q4_3,B0,FORMAL_BACKUP,q4-inheritance-v2,delivery,10764.691988345025,9,"[331, 318, 304, 344, 330, 343, 320, 336, 319]","[0.1111111111111111, 0.1111111111111111, 0.1111111111111111, 0.1111111111111111, 0.1111111111111111, 0.1111111111111111, 0.1111111111111111, 0.1111111111111111, 0.1111111111111111]",79823.96802649793,79823.96802649793,0.0,0.0,0.05738429998746142,1.8189894035458565e-12,181,0.0,0.02,0.8,300.36122975714983,0,0.0,False,08ad55a129c188b78a6bf379ee5514cf466d54acf150f52d0326740697aa261f
2025-12-16,349,0,q4_3,B0,FORMAL_BACKUP,q4-inheritance-v2,delivery,7597.618624581366,9,"[331, 318, 328, 344, 330, 343, 320, 336, 319]","[0.1111111111111111, 0.1111111111111111, 0.1111111111111111, 0.1111111111111111, 0.1111111111111111, 0.1111111111111111, 0.1111111111111111, 0.1111111111111111, 0.1111111111111111]",143287.0501830256,143287.0501830256,5110.160741496274,25428.108742849978,0.13054630000260659,7.275957614183426e-12,289,0.0,0.02,0.8,0.0,0,0.0,False,08ad55a129c188b78a6bf379ee5514cf466d54acf150f52d0326740697aa261f
2025-12-16,349,6,q4_3,B0,FORMAL_BACKUP,q4-inheritance-v2,delivery,10800.0,9,"[331, 318, 328, 344, 330, 343, 320, 336, 319]","[0.1111111111111111, 0.1111111111111111, 0.1111111111111111, 0.1111111111111111, 0.1111111111111111, 0.1111111111111111, 0.1111111111111111, 0.1111111111111111, 0.1111111111111111]",127736.73833328577,127736.73833328577,2948.1208689668247,14737.91468350079,0.07753640000009909,1.8189894035458565e-12,253,0.0,0.02,0.8,647.8504475617301,0,0.0,False,08ad55a129c188b78a6bf379ee5514cf466d54acf150f52d0326740697aa261f
2025-12-16,349,12,q4_3,B0,FORMAL_BACKUP,q4-inheritance-v2,delivery,7551.3305746954165,9,"[331, 318, 328, 344, 330, 343, 320, 336, 319]","[0.1111111111111111, 0.1111111111111111, 0.1111111111111111, 0.1111111111111111, 0.1111111111111111, 0.1111111111111111, 0.1111111111111111, 0.1111111111111111, 0.1111111111111111]",109420.63738848873,109420.63738848873,1606.5365663510117,8032.682831755059,0.06814669999585021,1.8189894035458565e-12,217,0.0,0.02,0.8,1783.5782034797026,0,0.0,False,08ad55a129c188b78a6bf379ee5514cf466d54acf150f52d0326740697aa261f
2025-12-16,349,18,q4_3,B0,FORMAL_BACKUP,q4-inheritance-v2,delivery,10788.0279405607,9,"[331, 318, 328, 344, 330, 343, 320, 336, 319]","[0.1111111111111111, 0.1111111111111111, 0.1111111111111111, 0.1111111111111111, 0.1111111111111111, 0.1111111111111111, 0.1111111111111111, 0.1111111111111111, 0.1111111111111111]",80514.47087834368,80514.47087834368,207.31717763644798,1036.58588818224,0.054088999997475185,1.8189894035458565e-12,181,0.0,0.02,0.8,2.2737367544323206e-13,0,0.0,False,08ad55a129c188b78a6bf379ee5514cf466d54acf150f52d0326740697aa261f
2025-12-17,350,0,q4_3,B0,FORMAL_BACKUP,q4-inheritance-v2,delivery,7250.197756894258,9,"[331, 318, 328, 344, 330, 343, 320, 336, 333]","[0.1111111111111111, 0.1111111111111111, 0.1111111111111111, 0.1111111111111111, 0.1111111111111111, 0.1111111111111111, 0.1111111111111111, 0.1111111111111111, 0.1111111111111111]",142732.76861683952,142732.76861683952,4607.728461220098,23038.642306100493,0.13500939999357797,7.275957614183426e-12,289,0.0,0.02,0.8,0.0,0,0.0,False,08ad55a129c188b78a6bf379ee5514cf466d54acf150f52d0326740697aa261f
2025-12-17,350,6,q4_3,B0,FORMAL_BACKUP,q4-inheritance-v2,delivery,10796.250698196849,9,"[331, 318, 328, 344, 330, 343, 320, 336, 333]","[0.1111111111111111, 0.1111111111111111, 0.1111111111111111, 0.1111111111111111, 0.1111111111111111, 0.1111111111111111, 0.1111111111111111, 0.1111111111111111, 0.1111111111111111]",125992.17161895335,125992.17161895335,1660.3311249579135,8301.655624789568,0.07935569999972358,3.637978807091713e-12,253,0.0,0.02,0.8,1806.1693134259317,0,0.0,False,08ad55a129c188b78a6bf379ee5514cf466d54acf150f52d0326740697aa261f
2025-12-17,350,12,q4_3,B0,FORMAL_BACKUP,q4-inheritance-v2,delivery,8565.992898689228,9,"[331, 318, 328, 344, 330, 343, 320, 336, 333]","[0.1111111111111111, 0.1111111111111111, 0.1111111111111111, 0.1111111111111111, 0.1111111111111111, 0.1111111111111111, 0.1111111111111111, 0.1111111111111111, 0.1111111111111111]",101695.65876988493,101695.65876988493,1316.7701819452955,6583.850909726479,0.07235499999660533,1.8189894035458565e-12,217,0.0,0.02,0.8,2985.8195981206995,0,0.0,False,08ad55a129c188b78a6bf379ee5514cf466d54acf150f52d0326740697aa261f
2025-12-17,350,18,q4_3,B0,FORMAL_BACKUP,q4-inheritance-v2,delivery,10800.0,9,"[331, 318, 328, 344, 330, 343, 320, 336, 333]","[0.1111111111111111, 0.1111111111111111, 0.1111111111111111, 0.1111111111111111, 0.1111111111111111, 0.1111111111111111, 0.1111111111111111, 0.1111111111111111, 0.1111111111111111]",75088.58920899291,75088.58920899291,0.0,0.0,0.055608099995879456,1.8189894035458565e-12,181,0.0,0.02,0.8,442.4632310738939,0,0.0,False,08ad55a129c188b78a6bf379ee5514cf466d54acf150f52d0326740697aa261f
2025-12-18,351,0,q4_3,B0,FORMAL_BACKUP,q4-inheritance-v2,delivery,7326.031407997315,9,"[331, 318, 328, 339, 329, 323, 334, 336, 333]","[0.1111111111111111, 0.1111111111111111, 0.1111111111111111, 0.1111111111111111, 0.1111111111111111, 0.1111111111111111, 0.1111111111111111, 0.1111111111111111, 0.1111111111111111]",106823.59057601604,106823.59057601604,4631.528838392619,23157.644191963096,0.13991310000710655,7.275957614183426e-12,289,0.0,0.02,0.8,0.0,0,0.0,False,08ad55a129c188b78a6bf379ee5514cf466d54acf150f52d0326740697aa261f
2025-12-18,351,6,q4_3,B0,FORMAL_BACKUP,q4-inheritance-v2,delivery,10800.0,9,"[331, 318, 328, 339, 329, 323, 334, 336, 333]","[0.1111111111111111, 0.1111111111111111, 0.1111111111111111, 0.1111111111111111, 0.1111111111111111, 0.1111111111111111, 0.1111111111111111, 0.1111111111111111, 0.1111111111111111]",93652.24717267949,93652.24717267949,4324.880867878686,21313.804962190912,0.0803961000056006,1.8189894035458565e-12,253,0.0,0.02,0.8,36.25890500000677,0,0.0,False,08ad55a129c188b78a6bf379ee5514cf466d54acf150f52d0326740697aa261f
2025-12-18,351,12,q4_3,B0,FORMAL_BACKUP,q4-inheritance-v2,delivery,8542.305747294813,9,"[331, 318, 328, 339, 329, 323, 334, 336, 333]","[0.1111111111111111, 0.1111111111111111, 0.1111111111111111, 0.1111111111111111, 0.1111111111111111, 0.1111111111111111, 0.1111111111111111, 0.1111111111111111, 0.1111111111111111]",72027.91108010363,72027.91108010363,2846.4301480423037,14232.150740211518,0.06843490000755992,1.8189894035458565e-12,217,0.0,0.02,0.8,2373.3802753932805,0,0.0,False,08ad55a129c188b78a6bf379ee5514cf466d54acf150f52d0326740697aa261f
2025-12-18,351,18,q4_3,B0,FORMAL_BACKUP,q4-inheritance-v2,delivery,10732.871980339281,9,"[331, 318, 328, 339, 329, 323, 334, 336, 333]","[0.1111111111111111, 0.1111111111111111, 0.1111111111111111, 0.1111111111111111, 0.1111111111111111, 0.1111111111111111, 0.1111111111111111, 0.1111111111111111, 0.1111111111111111]",44216.476242926525,44216.476242926525,567.2433195262378,2836.216597631189,0.05937119999725837,1.8189894035458565e-12,181,0.0,0.02,0.8,0.0,0,0.0,False,08ad55a129c188b78a6bf379ee5514cf466d54acf150f52d0326740697aa261f
2025-12-19,352,0,q4_3,B0,FORMAL_BACKUP,q4-inheritance-v2,delivery,3345.7838898220084,9,"[331, 318, 328, 339, 330, 323, 334, 336, 333]","[0.1111111111111111, 0.1111111111111111, 0.1111111111111111, 0.1111111111111111, 0.1111111111111111, 0.1111111111111111, 0.1111111111111111, 0.1111111111111111, 0.1111111111111111]",71354.8621455821,71354.8621455821,3221.4393744157637,16107.196872078823,0.17892150000261609,1.8189894035458565e-12,289,0.0,0.02,0.8,0.0,0,0.0,False,08ad55a129c188b78a6bf379ee5514cf466d54acf150f52d0326740697aa261f
2025-12-19,352,6,q4_3,B0,FORMAL_BACKUP,q4-inheritance-v2,delivery,10800.0,9,"[331, 318, 328, 339, 330, 323, 334, 336, 333]","[0.1111111111111111, 0.1111111111111111, 0.1111111111111111, 0.1111111111111111, 0.1111111111111111, 0.1111111111111111, 0.1111111111111111, 0.1111111111111111, 0.1111111111111111]",61431.2442002876,61431.2442002876,3406.905455502735,16712.667862167305,0.08383000000321772,1.8189894035458565e-12,253,0.0,0.02,0.8,31.577433055561272,0,0.0,False,08ad55a129c188b78a6bf379ee5514cf466d54acf150f52d0326740697aa261f
2025-12-19,352,12,q4_3,B0,FORMAL_BACKUP,q4-inheritance-v2,delivery,10800.0,9,"[331, 318, 328, 339, 330, 323, 334, 336, 333]","[0.1111111111111111, 0.1111111111111111, 0.1111111111111111, 0.1111111111111111, 0.1111111111111111, 0.1111111111111111, 0.1111111111111111, 0.1111111111111111, 0.1111111111111111]",51633.825913073124,51633.825913073124,1612.8197648610137,8064.098824305069,0.0699968999979319,1.8189894035458565e-12,217,0.0,0.02,0.8,3729.861161296289,0,0.0,False,08ad55a129c188b78a6bf379ee5514cf466d54acf150f52d0326740697aa261f
2025-12-19,352,18,q4_3,B0,FORMAL_BACKUP,q4-inheritance-v2,delivery,10800.0,9,"[331, 318, 328, 339, 330, 323, 334, 336, 333]","[0.1111111111111111, 0.1111111111111111, 0.1111111111111111, 0.1111111111111111, 0.1111111111111111, 0.1111111111111111, 0.1111111111111111, 0.1111111111111111, 0.1111111111111111]",38388.48120072778,38388.48120072778,140.6845430392721,703.4227151963607,0.05445159999362659,9.094947017729282e-13,181,0.0,0.02,0.8,1.1368683772161603e-13,0,0.0,False,08ad55a129c188b78a6bf379ee5514cf466d54acf150f52d0326740697aa261f
2025-12-20,353,0,q4_3,B0,FORMAL_BACKUP,q4-inheritance-v2,delivery,10665.09344652074,9,"[324, 318, 328, 339, 330, 323, 334, 336, 333]","[0.1111111111111111, 0.1111111111111111, 0.1111111111111111, 0.1111111111111111, 0.1111111111111111, 0.1111111111111111, 0.1111111111111111, 0.1111111111111111, 0.1111111111111111]",85880.21739144457,85880.21739144457,3058.5841766762846,15292.920883381426,0.1313261000032071,1.0913936421275139e-11,289,0.0,0.02,0.8,0.0,0,0.0,False,08ad55a129c188b78a6bf379ee5514cf466d54acf150f52d0326740697aa261f
2025-12-20,353,6,q4_3,B0,FORMAL_BACKUP,q4-inheritance-v2,delivery,10800.0,9,"[324, 318, 328, 339, 330, 323, 334, 336, 333]","[0.1111111111111111, 0.1111111111111111, 0.1111111111111111, 0.1111111111111111, 0.1111111111111111, 0.1111111111111111, 0.1111111111111111, 0.1111111111111111, 0.1111111111111111]",76541.4004960372,76541.4004960372,1341.165036362404,6691.473690703906,0.08006680000107735,1.8189894035458565e-12,253,0.0,0.02,0.8,82.59833384087605,0,0.0,False,08ad55a129c188b78a6bf379ee5514cf466d54acf150f52d0326740697aa261f
2025-12-20,353,12,q4_3,B0,FORMAL_BACKUP,q4-inheritance-v2,delivery,10770.236612769477,9,"[324, 318, 328, 339, 330, 323, 334, 336, 333]","[0.1111111111111111, 0.1111111111111111, 0.1111111111111111, 0.1111111111111111, 0.1111111111111111, 0.1111111111111111, 0.1111111111111111, 0.1111111111111111, 0.1111111111111111]",70890.12633707203,70890.12633707203,925.771154523719,4628.855772618595,0.07216570001037326,1.8189894035458565e-12,217,0.0,0.02,0.8,3254.958511362531,0,0.0,False,08ad55a129c188b78a6bf379ee5514cf466d54acf150f52d0326740697aa261f
2025-12-20,353,18,q4_3,B0,FORMAL_BACKUP,q4-inheritance-v2,delivery,10800.0,9,"[324, 318, 328, 339, 330, 323, 334, 336, 333]","[0.1111111111111111, 0.1111111111111111, 0.1111111111111111, 0.1111111111111111, 0.1111111111111111, 0.1111111111111111, 0.1111111111111111, 0.1111111111111111, 0.1111111111111111]",61396.13936123995,61396.13936123995,0.0,0.0,0.05279429999063723,1.8189894035458565e-12,181,0.0,0.02,0.8,0.17599166666656174,0,0.0,False,08ad55a129c188b78a6bf379ee5514cf466d54acf150f52d0326740697aa261f
2025-12-21,354,0,q4_3,B0,FORMAL_BACKUP,q4-inheritance-v2,delivery,10800.0,9,"[324, 318, 328, 339, 330, 323, 334, 336, 333]","[0.1111111111111111, 0.1111111111111111, 0.1111111111111111, 0.1111111111111111, 0.1111111111111111, 0.1111111111111111, 0.1111111111111111, 0.1111111111111111, 0.1111111111111111]",119234.43312394235,119234.43312394235,4406.232913626004,22031.16456813002,0.13823169999523088,1.8189894035458565e-12,289,0.0,0.02,0.8,0.0,0,0.0,False,08ad55a129c188b78a6bf379ee5514cf466d54acf150f52d0326740697aa261f
2025-12-21,354,6,q4_3,B0,FORMAL_BACKUP,q4-inheritance-v2,delivery,10121.450554839725,9,"[324, 318, 328, 339, 330, 323, 334, 336, 333]","[0.1111111111111111, 0.1111111111111111, 0.1111111111111111, 0.1111111111111111, 0.1111111111111111, 0.1111111111111111, 0.1111111111111111, 0.1111111111111111, 0.1111111111111111]",106650.56587026066,106650.56587026066,2788.6505525772573,13729.441539682448,0.08435059999465011,1.8189894035458565e-12,253,0.0,0.02,0.8,714.7545250000053,0,0.0,False,08ad55a129c188b78a6bf379ee5514cf466d54acf150f52d0326740697aa261f
2025-12-21,354,12,q4_3,B0,FORMAL_BACKUP,q4-inheritance-v2,delivery,4570.548508992239,9,"[324, 318, 328, 339, 330, 323, 334, 336, 333]","[0.1111111111111111, 0.1111111111111111, 0.1111111111111111, 0.1111111111111111, 0.1111111111111111, 0.1111111111111111, 0.1111111111111111, 0.1111111111111111, 0.1111111111111111]",93156.78028249994,93156.78028249994,3227.225997276646,16136.129986383232,0.071182100000442,1.8189894035458565e-12,217,0.0,0.02,0.8,486.3763999999994,0,0.0,False,08ad55a129c188b78a6bf379ee5514cf466d54acf150f52d0326740697aa261f
2025-12-21,354,18,q4_3,B0,FORMAL_BACKUP,q4-inheritance-v2,delivery,8813.864897108579,9,"[324, 318, 328, 339, 330, 323, 334, 336, 333]","[0.1111111111111111, 0.1111111111111111, 0.1111111111111111, 0.1111111111111111, 0.1111111111111111, 0.1111111111111111, 0.1111111111111111, 0.1111111111111111, 0.1111111111111111]",73021.78910256177,73021.78910256177,1224.9047053664758,6124.52352683238,0.057253599996329285,1.8189894035458565e-12,181,0.0,0.02,0.8,2.2737367544323206e-13,0,0.0,False,08ad55a129c188b78a6bf379ee5514cf466d54acf150f52d0326740697aa261f
2025-12-22,355,0,q4_3,B0,FORMAL_BACKUP,q4-inheritance-v2,delivery,5501.687802156327,9,"[331, 318, 328, 339, 330, 323, 334, 336, 333]","[0.1111111111111111, 0.1111111111111111, 0.1111111111111111, 0.1111111111111111, 0.1111111111111111, 0.1111111111111111, 0.1111111111111111, 0.1111111111111111, 0.1111111111111111]",146287.63468164043,146287.63468164043,4523.481657651054,22617.408288255276,0.13957189999928232,7.275957614183426e-12,289,0.0,0.02,0.8,0.0,0,0.0,False,08ad55a129c188b78a6bf379ee5514cf466d54acf150f52d0326740697aa261f
2025-12-22,355,6,q4_3,B0,FORMAL_BACKUP,q4-inheritance-v2,delivery,10800.0,9,"[331, 318, 328, 339, 330, 323, 334, 336, 333]","[0.1111111111111111, 0.1111111111111111, 0.1111111111111111, 0.1111111111111111, 0.1111111111111111, 0.1111111111111111, 0.1111111111111111, 0.1111111111111111, 0.1111111111111111]",130944.9919905163,130944.9919905163,3121.3089794992206,15312.350410416826,0.08139520000258926,1.8189894035458565e-12,253,0.0,0.02,0.8,27.24719444445079,0,0.0,False,08ad55a129c188b78a6bf379ee5514cf466d54acf150f52d0326740697aa261f
2025-12-22,355,12,q4_3,B0,FORMAL_BACKUP,q4-inheritance-v2,delivery,8876.378326668937,9,"[331, 318, 328, 339, 330, 323, 334, 336, 333]","[0.1111111111111111, 0.1111111111111111, 0.1111111111111111, 0.1111111111111111, 0.1111111111111111, 0.1111111111111111, 0.1111111111111111, 0.1111111111111111, 0.1111111111111111]",108166.3498596443,108166.3498596443,2420.185861117964,12100.929305589822,0.06828039999527391,1.8189894035458565e-12,217,0.0,0.02,0.8,2254.911651936487,0,0.0,False,08ad55a129c188b78a6bf379ee5514cf466d54acf150f52d0326740697aa261f
2025-12-22,355,18,q4_3,B0,FORMAL_BACKUP,q4-inheritance-v2,delivery,10800.0,9,"[331, 318, 328, 339, 330, 323, 334, 336, 333]","[0.1111111111111111, 0.1111111111111111, 0.1111111111111111, 0.1111111111111111, 0.1111111111111111, 0.1111111111111111, 0.1111111111111111, 0.1111111111111111, 0.1111111111111111]",83635.45083287345,83635.45083287345,104.34203175226988,521.7101587613495,0.06560020000324585,1.8189894035458565e-12,181,0.0,0.02,0.8,1.1368683772161603e-13,0,0.0,False,08ad55a129c188b78a6bf379ee5514cf466d54acf150f52d0326740697aa261f
2025-12-23,356,0,q4_3,B0,FORMAL_BACKUP,q4-inheritance-v2,delivery,7295.898185413544,9,"[331, 318, 328, 339, 330, 323, 334, 336, 333]","[0.1111111111111111, 0.1111111111111111, 0.1111111111111111, 0.1111111111111111, 0.1111111111111111, 0.1111111111111111, 0.1111111111111111, 0.1111111111111111, 0.1111111111111111]",146327.1231971496,146327.1231971496,4378.879108714784,21894.395543573923,0.17870509999920614,1.8189894035458565e-12,289,0.0,0.02,0.8,0.0,0,0.0,False,08ad55a129c188b78a6bf379ee5514cf466d54acf150f52d0326740697aa261f
2025-12-23,356,6,q4_3,B0,FORMAL_BACKUP,q4-inheritance-v2,delivery,10800.0,9,"[331, 318, 328, 339, 330, 323, 334, 336, 333]","[0.1111111111111111, 0.1111111111111111, 0.1111111111111111, 0.1111111111111111, 0.1111111111111111, 0.1111111111111111, 0.1111111111111111, 0.1111111111111111, 0.1111111111111111]",130260.54700368011,130260.54700368011,2276.2773968448914,11373.746460761742,0.0815388999908464,1.8189894035458565e-12,253,0.0,0.02,0.8,2021.8746641111268,0,0.0,False,08ad55a129c188b78a6bf379ee5514cf466d54acf150f52d0326740697aa261f
2025-12-23,356,12,q4_3,B0,FORMAL_BACKUP,q4-inheritance-v2,delivery,9033.832084081861,9,"[331, 318, 328, 339, 330, 323, 334, 336, 333]","[0.1111111111111111, 0.1111111111111111, 0.1111111111111111, 0.1111111111111111, 0.1111111111111111, 0.1111111111111111, 0.1111111111111111, 0.1111111111111111, 0.1111111111111111]",106271.45708393259,106271.45708393259,2124.093004403369,10620.465022016848,0.07248660000914242,1.8189894035458565e-12,217,0.0,0.02,0.8,2990.843582350865,0,0.0,False,08ad55a129c188b78a6bf379ee5514cf466d54acf150f52d0326740697aa261f
2025-12-23,356,18,q4_3,B0,FORMAL_BACKUP,q4-inheritance-v2,delivery,10785.239537582831,9,"[331, 318, 328, 339, 330, 323, 334, 336, 333]","[0.1111111111111111, 0.1111111111111111, 0.1111111111111111, 0.1111111111111111, 0.1111111111111111, 0.1111111111111111, 0.1111111111111111, 0.1111111111111111, 0.1111111111111111]",76699.9020089156,76699.9020089156,9.728763014632456,48.643815073162294,0.05266739999933634,1.8189894035458565e-12,181,0.0,0.02,0.8,6.821210263296962e-13,0,0.0,False,08ad55a129c188b78a6bf379ee5514cf466d54acf150f52d0326740697aa261f
2025-12-24,357,0,q4_3,B0,FORMAL_BACKUP,q4-inheritance-v2,delivery,7968.383271473696,9,"[331, 318, 328, 339, 330, 323, 334, 336, 333]","[0.1111111111111111, 0.1111111111111111, 0.1111111111111111, 0.1111111111111111, 0.1111111111111111, 0.1111111111111111, 0.1111111111111111, 0.1111111111111111, 0.1111111111111111]",144202.52809918352,144202.52809918352,4615.777057605895,23078.88528802948,0.14239500000257976,1.8189894035458565e-12,289,0.0,0.02,0.8,0.0,0,0.0,False,08ad55a129c188b78a6bf379ee5514cf466d54acf150f52d0326740697aa261f
2025-12-24,357,6,q4_3,B0,FORMAL_BACKUP,q4-inheritance-v2,delivery,10800.0,9,"[331, 318, 328, 339, 330, 323, 334, 336, 333]","[0.1111111111111111, 0.1111111111111111, 0.1111111111111111, 0.1111111111111111, 0.1111111111111111, 0.1111111111111111, 0.1111111111111111, 0.1111111111111111, 0.1111111111111111]",129534.2505958417,129534.2505958417,3041.46357922631,14954.98408099012,0.08090749999973923,1.8189894035458565e-12,253,0.0,0.02,0.8,100.17626638889564,0,0.0,False,08ad55a129c188b78a6bf379ee5514cf466d54acf150f52d0326740697aa261f
2025-12-24,357,12,q4_3,B0,FORMAL_BACKUP,q4-inheritance-v2,delivery,9240.114527436805,9,"[331, 318, 328, 339, 330, 323, 334, 336, 333]","[0.1111111111111111, 0.1111111111111111, 0.1111111111111111, 0.1111111111111111, 0.1111111111111111, 0.1111111111111111, 0.1111111111111111, 0.1111111111111111, 0.1111111111111111]",104133.3869600175,104133.3869600175,1953.8523351370839,9769.261675685422,0.06774270000460092,1.8189894035458565e-12,217,0.0,0.02,0.8,3000.2060568233287,0,0.0,False,08ad55a129c188b78a6bf379ee5514cf466d54acf150f52d0326740697aa261f
2025-12-24,357,18,q4_3,B0,FORMAL_BACKUP,q4-inheritance-v2,delivery,10800.0,9,"[331, 318, 328, 339, 330, 323, 334, 336, 333]","[0.1111111111111111, 0.1111111111111111, 0.1111111111111111, 0.1111111111111111, 0.1111111111111111, 0.1111111111111111, 0.1111111111111111, 0.1111111111111111, 0.1111111111111111]",81210.46912360334,81210.46912360334,113.23953991055399,566.19769955277,0.05334790000051726,1.8189894035458565e-12,181,0.0,0.02,0.8,3.410605131648481e-13,0,0.0,False,08ad55a129c188b78a6bf379ee5514cf466d54acf150f52d0326740697aa261f
2025-12-25,358,0,q4_3,B0,FORMAL_BACKUP,q4-inheritance-v2,delivery,6852.267188573243,9,"[345, 318, 328, 339, 330, 323, 334, 336, 333]","[0.1111111111111111, 0.1111111111111111, 0.1111111111111111, 0.1111111111111111, 0.1111111111111111, 0.1111111111111111, 0.1111111111111111, 0.1111111111111111, 0.1111111111111111]",105051.8006831992,105051.8006831992,4736.041251141608,23649.38956675499,0.1360292000026675,1.8189894035458565e-12,289,0.0,0.02,0.8,0.0,0,0.0,False,08ad55a129c188b78a6bf379ee5514cf466d54acf150f52d0326740697aa261f
2025-12-25,358,6,q4_3,B0,FORMAL_BACKUP,q4-inheritance-v2,delivery,10800.0,9,"[345, 318, 328, 339, 330, 323, 334, 336, 333]","[0.1111111111111111, 0.1111111111111111, 0.1111111111111111, 0.1111111111111111, 0.1111111111111111, 0.1111111111111111, 0.1111111111111111, 0.1111111111111111, 0.1111111111111111]",90550.9497471195,90550.9497471195,3363.790882560233,16578.96258843333,0.07998809999844525,7.275957614183426e-12,253,0.0,0.02,0.8,38.638636111118615,0,0.0,False,08ad55a129c188b78a6bf379ee5514cf466d54acf150f52d0326740697aa261f
2025-12-25,358,12,q4_3,B0,FORMAL_BACKUP,q4-inheritance-v2,delivery,8134.591691538785,9,"[345, 318, 328, 339, 330, 323, 334, 336, 333]","[0.1111111111111111, 0.1111111111111111, 0.1111111111111111, 0.1111111111111111, 0.1111111111111111, 0.1111111111111111, 0.1111111111111111, 0.1111111111111111, 0.1111111111111111]",70787.3150285768,70787.3150285768,3289.8829253937306,16449.414626968653,0.06840219999139663,1.8189894035458565e-12,217,0.0,0.02,0.8,1492.705906388886,0,0.0,False,08ad55a129c188b78a6bf379ee5514cf466d54acf150f52d0326740697aa261f
2025-12-25,358,18,q4_3,B0,FORMAL_BACKUP,q4-inheritance-v2,delivery,10790.432615550433,9,"[345, 318, 328, 339, 330, 323, 334, 336, 333]","[0.1111111111111111, 0.1111111111111111, 0.1111111111111111, 0.1111111111111111, 0.1111111111111111, 0.1111111111111111, 0.1111111111111111, 0.1111111111111111, 0.1111111111111111]",46168.978972567136,46168.978972567136,587.8595380567533,2939.2976902837668,0.05445310000504833,1.8189894035458565e-12,181,0.0,0.02,0.8,7.958078640513122e-13,0,0.0,False,08ad55a129c188b78a6bf379ee5514cf466d54acf150f52d0326740697aa261f
2025-12-26,359,0,q4_3,B0,FORMAL_BACKUP,q4-inheritance-v2,delivery,3342.6951517562147,9,"[345, 318, 328, 356, 330, 323, 334, 336, 333]","[0.1111111111111111, 0.1111111111111111, 0.1111111111111111, 0.1111111111111111, 0.1111111111111111, 0.1111111111111111, 0.1111111111111111, 0.1111111111111111, 0.1111111111111111]",70762.3734194656,70762.3734194656,3331.486240286498,16637.36455076354,0.1382623999961652,1.8189894035458565e-12,289,0.0,0.02,0.8,0.0,0,0.0,False,08ad55a129c188b78a6bf379ee5514cf466d54acf150f52d0326740697aa261f
2025-12-26,359,6,q4_3,B0,FORMAL_BACKUP,q4-inheritance-v2,delivery,10800.0,9,"[345, 318, 328, 356, 330, 323, 334, 336, 333]","[0.1111111111111111, 0.1111111111111111, 0.1111111111111111, 0.1111111111111111, 0.1111111111111111, 0.1111111111111111, 0.1111111111111111, 0.1111111111111111, 0.1111111111111111]",59870.6680177556,59870.6680177556,2897.7033231255764,13899.47673588748,0.08416380001290236,1.8189894035458565e-12,253,0.0,0.02,0.8,4.718447854656915e-12,0,0.0,False,08ad55a129c188b78a6bf379ee5514cf466d54acf150f52d0326740697aa261f
2025-12-26,359,12,q4_3,B0,FORMAL_BACKUP,q4-inheritance-v2,delivery,10800.0,9,"[345, 318, 328, 356, 330, 323, 334, 336, 333]","[0.1111111111111111, 0.1111111111111111, 0.1111111111111111, 0.1111111111111111, 0.1111111111111111, 0.1111111111111111, 0.1111111111111111, 0.1111111111111111, 0.1111111111111111]",48647.972647820556,48647.972647820556,1555.3267041972954,7776.633520986478,0.06673259999661241,1.8189894035458565e-12,217,0.0,0.02,0.8,3991.9608692157794,0,0.0,False,08ad55a129c188b78a6bf379ee5514cf466d54acf150f52d0326740697aa261f
2025-12-26,359,18,q4_3,B0,FORMAL_BACKUP,q4-inheritance-v2,delivery,10800.0,9,"[345, 318, 328, 356, 330, 323, 334, 336, 333]","[0.1111111111111111, 0.1111111111111111, 0.1111111111111111, 0.1111111111111111, 0.1111111111111111, 0.1111111111111111, 0.1111111111111111, 0.1111111111111111, 0.1111111111111111]",38244.12674937144,38244.12674937144,187.2011253703057,936.0056268515287,0.05490220000501722,1.8189894035458565e-12,181,0.0,0.02,0.8,2.2737367544323206e-13,0,0.0,False,08ad55a129c188b78a6bf379ee5514cf466d54acf150f52d0326740697aa261f
2025-12-27,360,0,q4_3,B0,FORMAL_BACKUP,q4-inheritance-v2,delivery,10800.0,9,"[331, 318, 328, 356, 330, 323, 334, 336, 333]","[0.1111111111111111, 0.1111111111111111, 0.1111111111111111, 0.1111111111111111, 0.1111111111111111, 0.1111111111111111, 0.1111111111111111, 0.1111111111111111, 0.1111111111111111]",82988.16295734097,82988.16295734097,3021.0678510024127,15105.339255012064,0.17508729999826755,1.8189894035458565e-12,289,0.0,0.02,0.8,0.0,0,0.0,False,08ad55a129c188b78a6bf379ee5514cf466d54acf150f52d0326740697aa261f
2025-12-27,360,6,q4_3,B0,FORMAL_BACKUP,q4-inheritance-v2,delivery,10800.0,9,"[331, 318, 328, 356, 330, 323, 334, 336, 333]","[0.1111111111111111, 0.1111111111111111, 0.1111111111111111, 0.1111111111111111, 0.1111111111111111, 0.1111111111111111, 0.1111111111111111, 0.1111111111111111, 0.1111111111111111]",74611.89085757638,74611.89085757638,2424.93454937776,11654.009874208346,0.08359979999659117,9.094947017729282e-13,253,0.0,0.02,0.8,132.70770000000414,0,0.0,False,08ad55a129c188b78a6bf379ee5514cf466d54acf150f52d0326740697aa261f
2025-12-27,360,12,q4_3,B0,FORMAL_BACKUP,q4-inheritance-v2,delivery,9770.68904825198,9,"[331, 318, 328, 356, 330, 323, 334, 336, 333]","[0.1111111111111111, 0.1111111111111111, 0.1111111111111111, 0.1111111111111111, 0.1111111111111111, 0.1111111111111111, 0.1111111111111111, 0.1111111111111111, 0.1111111111111111]",67606.39702593835,67606.39702593835,1291.6499272643005,6458.249636321504,0.06688859999121632,1.8189894035458565e-12,217,0.0,0.02,0.8,3016.610489043206,0,0.0,False,08ad55a129c188b78a6bf379ee5514cf466d54acf150f52d0326740697aa261f
2025-12-27,360,18,q4_3,B0,FORMAL_BACKUP,q4-inheritance-v2,delivery,10800.0,9,"[331, 318, 328, 356, 330, 323, 334, 336, 333]","[0.1111111111111111, 0.1111111111111111, 0.1111111111111111, 0.1111111111111111, 0.1111111111111111, 0.1111111111111111, 0.1111111111111111, 0.1111111111111111, 0.1111111111111111]",55143.5983552154,55143.5983552154,81.85405652658817,409.27028263294085,0.051395500006037764,9.094947017729282e-13,181,0.0,0.02,0.8,1.7053025658242404e-13,0,0.0,False,08ad55a129c188b78a6bf379ee5514cf466d54acf150f52d0326740697aa261f
2025-12-28,361,0,q4_3,B0,FORMAL_BACKUP,q4-inheritance-v2,delivery,10800.0,9,"[331, 318, 328, 356, 330, 323, 320, 336, 333]","[0.1111111111111111, 0.1111111111111111, 0.1111111111111111, 0.1111111111111111, 0.1111111111111111, 0.1111111111111111, 0.1111111111111111, 0.1111111111111111, 0.1111111111111111]",116675.64464890689,116675.64464890689,4459.4724853243415,22262.771538906065,0.13038180000148714,2.1827872842550278e-11,289,0.0,0.02,0.8,0.0,0,0.0,False,08ad55a129c188b78a6bf379ee5514cf466d54acf150f52d0326740697aa261f
2025-12-28,361,6,q4_3,B0,FORMAL_BACKUP,q4-inheritance-v2,delivery,9889.535644974183,9,"[331, 318, 328, 356, 330, 323, 320, 336, 333]","[0.1111111111111111, 0.1111111111111111, 0.1111111111111111, 0.1111111111111111, 0.1111111111111111, 0.1111111111111111, 0.1111111111111111, 0.1111111111111111, 0.1111111111111111]",104617.73236741246,104617.73236741246,3421.527841918161,16932.136116633872,0.08415880000393372,1.0913936421275139e-11,253,0.0,0.02,0.8,998.172649097001,0,0.0,False,08ad55a129c188b78a6bf379ee5514cf466d54acf150f52d0326740697aa261f
2025-12-28,361,12,q4_3,B0,FORMAL_BACKUP,q4-inheritance-v2,delivery,5299.289345550308,9,"[331, 318, 328, 356, 330, 323, 320, 336, 333]","[0.1111111111111111, 0.1111111111111111, 0.1111111111111111, 0.1111111111111111, 0.1111111111111111, 0.1111111111111111, 0.1111111111111111, 0.1111111111111111, 0.1111111111111111]",87492.62188303436,87492.62188303436,1535.9999706484978,7679.999853242491,0.07402089999231976,9.094947017729282e-13,217,0.0,0.02,0.8,895.0375577081066,0,0.0,False,08ad55a129c188b78a6bf379ee5514cf466d54acf150f52d0326740697aa261f
2025-12-28,361,18,q4_3,B0,FORMAL_BACKUP,q4-inheritance-v2,delivery,9980.233923522392,9,"[331, 318, 328, 356, 330, 323, 320, 336, 333]","[0.1111111111111111, 0.1111111111111111, 0.1111111111111111, 0.1111111111111111, 0.1111111111111111, 0.1111111111111111, 0.1111111111111111, 0.1111111111111111, 0.1111111111111111]",65019.432614352394,65019.432614352394,240.524083059972,1202.6204152998603,0.06544429999485146,9.094947017729282e-13,181,0.0,0.02,0.8,2.2737367544323206e-13,0,0.0,False,08ad55a129c188b78a6bf379ee5514cf466d54acf150f52d0326740697aa261f
2025-12-29,362,0,q4_3,B0,FORMAL_BACKUP,q4-inheritance-v2,delivery,6185.06463408165,9,"[345, 318, 328, 356, 330, 323, 320, 336, 333]","[0.1111111111111111, 0.1111111111111111, 0.1111111111111111, 0.1111111111111111, 0.1111111111111111, 0.1111111111111111, 0.1111111111111111, 0.1111111111111111, 0.1111111111111111]",142918.22463264962,142918.22463264962,4616.651046571886,23083.255232859432,0.13299220000044443,7.275957614183426e-12,289,0.0,0.02,0.8,0.0,0,0.0,False,08ad55a129c188b78a6bf379ee5514cf466d54acf150f52d0326740697aa261f
2025-12-29,362,6,q4_3,B0,FORMAL_BACKUP,q4-inheritance-v2,delivery,10800.0,9,"[345, 318, 328, 356, 330, 323, 320, 336, 333]","[0.1111111111111111, 0.1111111111111111, 0.1111111111111111, 0.1111111111111111, 0.1111111111111111, 0.1111111111111111, 0.1111111111111111, 0.1111111111111111, 0.1111111111111111]",128507.79459725376,128507.79459725376,4091.0922643825697,20372.456675944795,0.07954180000524502,1.8189894035458565e-12,253,0.0,0.02,0.8,64.23456916667284,0,0.0,False,08ad55a129c188b78a6bf379ee5514cf466d54acf150f52d0326740697aa261f
2025-12-29,362,12,q4_3,B0,FORMAL_BACKUP,q4-inheritance-v2,delivery,7084.483355860518,9,"[345, 318, 328, 356, 330, 323, 320, 336, 333]","[0.1111111111111111, 0.1111111111111111, 0.1111111111111111, 0.1111111111111111, 0.1111111111111111, 0.1111111111111111, 0.1111111111111111, 0.1111111111111111, 0.1111111111111111]",108142.99617376734,108142.99617376734,2084.471986367713,10422.359931838566,0.0763588000118034,3.637978807091713e-12,217,0.0,0.02,0.8,823.0089551234589,0,0.0,False,08ad55a129c188b78a6bf379ee5514cf466d54acf150f52d0326740697aa261f
2025-12-29,362,18,q4_3,B0,FORMAL_BACKUP,q4-inheritance-v2,delivery,10800.0,9,"[345, 318, 328, 356, 330, 323, 320, 336, 333]","[0.1111111111111111, 0.1111111111111111, 0.1111111111111111, 0.1111111111111111, 0.1111111111111111, 0.1111111111111111, 0.1111111111111111, 0.1111111111111111, 0.1111111111111111]",77769.31644770206,77769.31644770206,0.0,0.0,0.06122780000441708,1.8189894035458565e-12,181,0.0,0.02,0.8,138.43000277777605,0,0.0,False,08ad55a129c188b78a6bf379ee5514cf466d54acf150f52d0326740697aa261f
2025-12-30,363,0,q4_3,B0,FORMAL_BACKUP,q4-inheritance-v2,delivery,7664.461266413001,9,"[345, 325, 328, 356, 330, 323, 320, 336, 333]","[0.1111111111111111, 0.1111111111111111, 0.1111111111111111, 0.1111111111111111, 0.1111111111111111, 0.1111111111111111, 0.1111111111111111, 0.1111111111111111, 0.1111111111111111]",142591.67245270647,142591.67245270647,4518.142190142969,22590.710950714853,0.14247930000419728,1.8189894035458565e-12,289,0.0,0.02,0.8,0.0,0,0.0,False,08ad55a129c188b78a6bf379ee5514cf466d54acf150f52d0326740697aa261f
2025-12-30,363,6,q4_3,B0,FORMAL_BACKUP,q4-inheritance-v2,delivery,10800.0,9,"[345, 325, 328, 356, 330, 323, 320, 336, 333]","[0.1111111111111111, 0.1111111111111111, 0.1111111111111111, 0.1111111111111111, 0.1111111111111111, 0.1111111111111111, 0.1111111111111111, 0.1111111111111111, 0.1111111111111111]",128096.92934818953,128096.92934818953,3322.042451638353,16503.017886592617,0.07694450000417419,1.0913936421275139e-11,253,0.0,0.02,0.8,351.86605000000463,0,0.0,False,08ad55a129c188b78a6bf379ee5514cf466d54acf150f52d0326740697aa261f
2025-12-30,363,12,q4_3,B0,FORMAL_BACKUP,q4-inheritance-v2,delivery,6673.790208555339,9,"[345, 325, 328, 356, 330, 323, 320, 336, 333]","[0.1111111111111111, 0.1111111111111111, 0.1111111111111111, 0.1111111111111111, 0.1111111111111111, 0.1111111111111111, 0.1111111111111111, 0.1111111111111111, 0.1111111111111111]",106153.1655261949,106153.1655261949,950.3694965596515,4751.847482798258,0.0678358000004664,1.8189894035458565e-12,217,0.0,0.02,0.8,1371.9922954210615,0,0.0,False,08ad55a129c188b78a6bf379ee5514cf466d54acf150f52d0326740697aa261f
2025-12-30,363,18,q4_3,B0,FORMAL_BACKUP,q4-inheritance-v2,delivery,10800.0,9,"[345, 325, 328, 356, 330, 323, 320, 336, 333]","[0.1111111111111111, 0.1111111111111111, 0.1111111111111111, 0.1111111111111111, 0.1111111111111111, 0.1111111111111111, 0.1111111111111111, 0.1111111111111111, 0.1111111111111111]",80148.18583762448,80148.18583762448,0.0,0.0,0.05541490000905469,1.8189894035458565e-12,181,0.0,0.02,0.8,116.6827927016003,0,0.0,False,08ad55a129c188b78a6bf379ee5514cf466d54acf150f52d0326740697aa261f
2025-12-31,364,0,q4_3,B0,FORMAL_BACKUP,q4-inheritance-v2,delivery,7793.680414673284,9,"[345, 325, 328, 356, 330, 323, 320, 336, 333]","[0.1111111111111111, 0.1111111111111111, 0.1111111111111111, 0.1111111111111111, 0.1111111111111111, 0.1111111111111111, 0.1111111111111111, 0.1111111111111111, 0.1111111111111111]",143878.13044711264,143878.13044711264,4992.721258831309,24872.167185891674,0.19167020000168122,7.275957614183426e-12,289,0.0,0.02,0.8,0.0,0,0.0,False,08ad55a129c188b78a6bf379ee5514cf466d54acf150f52d0326740697aa261f
2025-12-31,364,6,q4_3,B0,FORMAL_BACKUP,q4-inheritance-v2,delivery,10800.0,9,"[345, 325, 328, 356, 330, 323, 320, 336, 333]","[0.1111111111111111, 0.1111111111111111, 0.1111111111111111, 0.1111111111111111, 0.1111111111111111, 0.1111111111111111, 0.1111111111111111, 0.1111111111111111, 0.1111111111111111]",128553.64194103132,128553.64194103132,2915.5999325643033,14510.395269810717,0.07874330000777263,1.8189894035458565e-12,253,0.0,0.02,0.8,658.6742025000046,0,0.0,False,08ad55a129c188b78a6bf379ee5514cf466d54acf150f52d0326740697aa261f
2025-12-31,364,12,q4_3,B0,FORMAL_BACKUP,q4-inheritance-v2,delivery,7756.3522349032655,9,"[345, 325, 328, 356, 330, 323, 320, 336, 333]","[0.1111111111111111, 0.1111111111111111, 0.1111111111111111, 0.1111111111111111, 0.1111111111111111, 0.1111111111111111, 0.1111111111111111, 0.1111111111111111, 0.1111111111111111]",105980.65014068027,105980.65014068027,2237.418626253063,11187.093131265317,0.07085849999566562,3.637978807091713e-12,217,0.0,0.02,0.8,1872.9523303932824,0,0.0,False,08ad55a129c188b78a6bf379ee5514cf466d54acf150f52d0326740697aa261f
2025-12-31,364,18,q4_3,B0,FORMAL_BACKUP,q4-inheritance-v2,delivery,10800.0,9,"[345, 325, 328, 356, 330, 323, 320, 336, 333]","[0.1111111111111111, 0.1111111111111111, 0.1111111111111111, 0.1111111111111111, 0.1111111111111111, 0.1111111111111111, 0.1111111111111111, 0.1111111111111111, 0.1111111111111111]",76370.49354585014,76370.49354585014,63.13789809497891,315.6894904748946,0.054456500001833774,1.8189894035458565e-12,181,0.0,0.02,0.8,1.1368683772161603e-13,0,0.0,False,08ad55a129c188b78a6bf379ee5514cf466d54acf150f52d0326740697aa261f
